time,pos1,pos2,vel1,vel2,acc1,acc2
0.0,0.0,0.0,0.0,0.9424777960769379,0.0,0.0942477796076938
0.002,0.0,0.0018851435914638585,0.0,0.9426655471879136,0.0,0.09350318259856315
0.004,0.0,0.003770661195360695,0.0,0.9428518082124987,0.0,0.09275769333929441
0.006,0.0,0.005656549829733716,0.0,0.9430365773669265,0.0,0.09201131256367077
0.008,0.0,0.007542806509060066,0.0,0.9432198528689005,0.0,0.0912640410089175
0.01,0.0,0.009429428244253772,0.0,0.9434016329376029,0.0,0.09051587941570519
0.012,0.0,0.01131641204266871,0.0,0.9435819157937003,0.0,0.08976682852815274
0.014,0.0,0.013203754908101575,0.0,0.943760699659351,0.0,0.08901688909383038
0.016,0.0,0.015091453840794886,0.0,0.9439379827582117,0.0,0.08826606186376282
0.018000000000000002,0.0,0.01697950583743997,0.0,0.9441137633154453,0.0,0.08751434759243212
0.02,0.0,0.018867907891179994,0.0,0.944288039557726,0.0,0.08676174703778093
0.022,0.0,0.020756656991613002,0.0,0.9444608097132482,0.0,0.08600826096121526
0.024,0.0,0.02264575012479493,0.0,0.9446320720117327,0.0,0.08525389012760783
0.026000000000000002,0.0,0.024535184273242708,0.0,0.9448018246844327,0.0,0.08449863530530069
0.028,0.0,0.0264249564159373,0.0,0.9449700659641426,0.0,0.08374249726610858
0.03,0.0,0.028315063528326814,0.0,0.9451367940852027,0.0,0.08298547678532166
0.032,0.0,0.030205502582329572,0.0,0.9453020072835085,0.0,0.08222757464170871
0.034,0.0,0.03209627054633728,0.0,0.9454657037965158,0.0,0.08146879161751995
0.036000000000000004,0.0,0.03398736438521809,0.0,0.9456278818632486,0.0,0.08070912849849009
0.038,0.0,0.03587878106031979,0.0,0.945788539724306,0.0,0.07994858607384134
0.04,0.0,0.03777051752947294,0.0,0.9459476756218685,0.0,0.07918716513628626
0.042,0.0,0.03966257074699408,0.0,0.9461052877997067,0.0,0.07842486648203084
0.044,0.0,0.041554937663688826,0.0,0.9462613745031854,0.0,0.07766169091077738
0.046,0.0,0.04344761522685518,0.0,0.9464159339792738,0.0,0.0768976392257274
0.048,0.0,0.045340600380286686,0.0,0.9465689644765501,0.0,0.07613271223358473
0.05,0.0,0.04723389006427561,0.0,0.9467204642452102,0.0,0.07536691074455822
0.052000000000000005,0.0,0.04912748121561629,0.0,0.9468704315370728,0.0,0.07460023557236481
0.054,0.0,0.05102137076760831,0.0,0.9470188646055888,0.0,0.07383268753423244
0.056,0.0,0.05291555565005976,0.0,0.9471657617058463,0.0,0.07306426745090291
0.058,0.0,0.05481003278929063,0.0,0.9473111210945784,0.0,0.07229497614663478
0.06,0.0,0.056704799108135945,0.0,0.9474549410301707,0.0,0.07152481444920628
0.062,0.0,0.058599851525949216,0.0,0.9475972197726673,0.0,0.07075378318991818
0.064,0.0,0.060495186958605666,0.0,0.9477379555837789,0.0,0.06998188320359679
0.066,0.0,0.06239080231850563,0.0,0.947877146726889,0.0,0.0692091153285966
0.068,0.0,0.06428669451457789,0.0,0.9480147914670619,0.0,0.06843548040680332
0.07,0.0,0.06618286045228305,0.0,0.9481508880710487,0.0,0.06766097928363672
0.07200000000000001,0.0,0.06807929703361688,0.0,0.9482854348072949,0.0,0.06688561280805345
0.074,0.0,0.06997600115711378,0.0,0.9484184299459476,0.0,0.06610938183254983
0.076,0.0,0.07187296971785015,0.0,0.9485498717588624,0.0,0.06533228721316481
0.078,0.0,0.07377019960744777,0.0,0.9486797585196106,0.0,0.0645543298094827
0.08,0.0,0.07566768771407731,0.0,0.9488080885034861,0.0,0.063775510484636
0.082,0.0,0.07756543092246176,0.0,0.9489348599875127,0.0,0.0629958301053083
0.084,0.0,0.07946342611387994,0.0,0.9490600712504509,0.0,0.062215289541736975
0.08600000000000001,0.0,0.08136167016616982,0.0,0.949183720572806,0.0,0.06143388966771605
0.088,0.0,0.08326015995373222,0.0,0.9493058062368332,0.0,0.060651631360598944
0.09,0.0,0.08515889234753421,0.0,0.9494263265265468,0.0,0.05986851550130136
0.092,0.0,0.08705786421511266,0.0,0.9495452797277266,0.0,0.059084542974303926
0.094,0.0,0.08895707242057777,0.0,0.9496626641279241,0.0,0.05829971466765504
0.096,0.0,0.09085651382461657,0.0,0.9497784780164716,0.0,0.057514031472973626
0.098,0.0,0.0927561852844966,0.0,0.9498927196844874,0.0,0.056727494285451895
0.1,0.0,0.09465608365406941,0.0,0.950005387424884,0.0,0.05594010400385802
0.10200000000000001,0.0,0.09655620578377416,0.0,0.950116479532375,0.0,0.055151861530539054
0.10400000000000001,0.0,0.09845654852064127,0.0,0.9502259943034823,0.0,0.05436276777142341
0.106,0.0,0.100357108708296,0.0,0.9503339300365431,0.0,0.05357282363602378
0.108,0.0,0.10225788318696215,0.0,0.9504402850317175,0.0,0.05278203003743982
0.11,0.0,0.10415886879346559,0.0,0.9505450575909952,0.0,0.051990387892360775
0.112,0.0,0.10606006236123805,0.0,0.9506482460182026,0.0,0.05119789812106826
0.114,0.0,0.10796146072032073,0.0,0.9507498486190111,0.0,0.05040456164743891
0.116,0.0,0.10986306069736812,0.0,0.9508498637009425,0.0,0.049610379398947094
0.11800000000000001,0.0,0.11176485911565147,0.0,0.9509482895733777,0.0,0.048815352306667545
0.12,0.0,0.11366685279506275,0.0,0.9510451245475631,0.0,0.04801948130527817
0.122,0.0,0.11556903855211828,0.0,0.9511403669366181,0.0,0.0472227673330625
0.124,0.0,0.11747141319996243,0.0,0.9512340150555426,0.0,0.046425211331912505
0.126,0.0,0.11937397354837156,0.0,0.9513260672212234,0.0,0.04562681424733117
0.128,0.0,0.12127671640375763,0.0,0.9514165217524423,0.0,0.04482757702843516
0.13,0.0,0.1231796385691721,0.0,0.9515053769698826,0.0,0.04402750062795746
0.132,0.0,0.12508273684430968,0.0,0.9515926311961372,0.0,0.04322658600224992
0.134,0.0,0.1269860080255122,0.0,0.9516782827557148,0.0,0.04242483411128603
0.136,0.0,0.12888944890577236,0.0,0.9517623299750478,0.0,0.04162224591866332
0.138,0.0,0.13079305627473772,0.0,0.9518447711824998,0.0,0.040818822391606176
0.14,0.0,0.1326968269187146,0.0,0.9519256047083717,0.0,0.04001456450096822
0.14200000000000002,0.0,0.13460075762067164,0.0,0.9520048288849109,0.0,0.039209473221235046
0.14400000000000002,0.0,0.13650484516024408,0.0,0.952082442046316,0.0,0.03840354953052677
0.146,0.0,0.13840908631373752,0.0,0.9521584425287467,0.0,0.03759679441060048
0.148,0.0,0.14031347785413179,0.0,0.952232828670329,0.0,0.03678920884685297
0.15,0.0,0.14221801655108496,0.0,0.9523055988111642,0.0,0.035980793828323164
0.152,0.0,0.14412269917093729,0.0,0.9523767512933342,0.0,0.0351715503476947
0.154,0.0,0.1460275224767152,0.0,0.952446284460911,0.0,0.034361479401298446
0.156,0.0,0.14793248322813524,0.0,0.9525141966599622,0.0,0.03355058198911504
0.158,0.0,0.14983757818160803,0.0,0.9525804862385592,0.0,0.03273885911477751
0.16,0.0,0.1517428040902425,0.0,0.9526451515467848,0.0,0.03192631178557351
0.162,0.0,0.15364815770384962,0.0,0.9527081909367389,0.0,0.03111294101244813
0.164,0.0,0.15555363576894662,0.0,0.9527696027625482,0.0,0.030298747810006146
0.166,0.0,0.15745923502876108,0.0,0.9528293853803714,0.0,0.029483733196514705
0.168,0.0,0.1593649522232349,0.0,0.952887537148408,0.0,0.028667898193905555
0.17,0.0,0.1612707840890283,0.0,0.9529440564269045,0.0,0.027851243827777913
0.17200000000000001,0.0,0.16317672735952432,0.0,0.9529989415781629,0.0,0.027033771127400352
0.17400000000000002,0.0,0.16508277876483235,0.0,0.9530521909665467,0.0,0.026215481125713813
0.176,0.0,0.1669889350317928,0.0,0.9531038029584893,0.0,0.025396374859333756
0.178,0.0,0.16889519288398094,0.0,0.953153775922501,0.0,0.024576453368552492
0.18,0.0,0.1708015490417112,0.0,0.9532021082291763,0.0,0.023755717697341985
0.182,0.0,0.17270800022204116,0.0,0.9532487982512017,0.0,0.02293416889335584
0.184,0.0,0.17461454313877606,0.0,0.953293844363362,0.0,0.022111808007932
0.186,0.0,0.1765211745024726,0.0,0.953337244942549,0.0,0.021288636096095048
0.188,0.0,0.1784278910204435,0.0,0.9533789983677678,0.0,0.02046465421655863
0.19,0.0,0.18033468939676175,0.0,0.9534191030201451,0.0,0.019639863431727675
0.192,0.0,0.18224156633226438,0.0,0.9534575572829352,0.0,0.01881426480770111
0.194,0.0,0.1841485185245573,0.0,0.9534943595415294,0.0,0.01798785941427386
0.196,0.0,0.18605554266801935,0.0,0.9535295081834616,0.0,0.01716064832493941
0.198,0.0,0.18796263545380645,0.0,0.9535630015984167,0.0,0.016332632616892093
0.2,0.0,0.18986979356985617,0.0,0.9535948381782371,0.0,0.015503813371029448
0.202,0.0,0.19177701370089195,0.0,0.9536250163169319,0.0,0.014674191671954454
0.20400000000000001,0.0,0.19368429252842723,0.0,0.9536535344106816,0.0,0.013843768607978146
0.20600000000000002,0.0,0.19559162673077024,0.0,0.9536803908578485,0.0,0.013012545271121431
0.20800000000000002,0.0,0.19749901298302786,0.0,0.9537055840589813,0.0,0.012180522757117937
0.21,0.0,0.19940644795711054,0.0,0.953729112416825,0.0,0.01134770216541578
0.212,0.0,0.20131392832173628,0.0,0.9537509743363265,0.0,0.010514084599180351
0.214,0.0,0.20322145074243503,0.0,0.953771168224643,0.0,0.009679671165296208
0.216,0.0,0.20512901188155358,0.0,0.9537896924911495,0.0,0.008844462974369527
0.218,0.0,0.20703660839825944,0.0,0.9538065455474455,0.0,0.008008461140730283
0.22,0.0,0.2089442369485457,0.0,0.9538217258073626,0.0,0.007171666782434624
0.222,0.0,0.2108518941852353,0.0,0.9538352316869733,0.0,0.0063340810212668686
0.224,0.0,0.21275957675798557,0.0,0.9538470616045961,0.0,0.005495704982742031
0.226,0.0,0.2146672813132927,0.0,0.9538572139808053,0.0,0.004656539796107861
0.228,0.0,0.21657500449449635,0.0,0.953865687238437,0.0,0.003816586594347013
0.23,0.0,0.21848274294178407,0.0,0.9538724798025968,0.0,0.0029758465141794394
0.232,0.0,0.22039049329219598,0.0,0.9538775901006684,0.0,0.002134320696064382
0.234,0.0,0.22229825217962912,0.0,0.9538810165623186,0.0,0.001292010284202727
0.23600000000000002,0.0,0.2242060162348422,0.0,0.9538827576195079,0.0,0.00044891642653902
0.23800000000000002,0.0,0.22611378208546024,0.0,0.9538828117064954,0.0,-0.00039495972523616307
0.24,0.0,0.22802154635597902,0.0,0.9538811772598477,0.0,-0.0012396170156843828
0.242,0.0,0.22992930566776976,0.0,0.9538778527184462,0.0,-0.002085054285616811
0.244,0.0,0.23183705663908377,0.0,0.9538728365234941,0.0,-0.0029312703720922734
0.246,0.0,0.233744795885057,0.0,0.9538661271185246,0.0,-0.003778264108415294
0.248,0.0,0.23565252001771503,0.0,0.9538577229494074,0.0,-0.004626034324133568
0.25,0.0,0.23756022564597734,0.0,0.9538476224643578,0.0,-0.005474579845036326
0.252,0.0,0.23946790937566217,0.0,0.9538358241139424,0.0,-0.006323899493151736
0.254,0.0,0.2413755678094914,0.0,0.9538223263510882,0.0,-0.007173992086745254
0.256,0.0,0.24328319754709504,0.0,0.9538071276310887,0.0,-0.008024856440317349
0.258,0.0,0.24519079518501607,0.0,0.9537902264116128,0.0,-0.008876491364601308
0.26,0.0,0.2470983573167152,0.0,0.9537716211527119,0.0,-0.00972889566656146
0.262,0.0,0.24900588053257552,0.0,0.953751310316826,0.0,-0.010582068149390833
0.264,0.0,0.25091336141990767,0.0,0.9537292923687941,0.0,-0.011436007612509388
0.266,0.0,0.2528207965629541,0.0,0.9537055657758586,0.0,-0.012290712851561678
0.268,0.0,0.2547281825428942,0.0,0.9536801290076757,0.0,-0.013146182658415176
0.27,0.0,0.2566355159378493,0.0,0.9536529805363209,0.0,-0.014002415821157896
0.272,0.0,0.258542793322887,0.0,0.9536241188362975,0.0,-0.014859411124096722
0.274,0.0,0.2604500112700266,0.0,0.9535935423845441,0.0,-0.015717167347755162
0.276,0.0,0.2623571663482435,0.0,0.9535612496604414,0.0,-0.016575683268871433
0.278,0.0,0.2642642551234746,0.0,0.9535272391458216,0.0,-0.017434957660396697
0.28,0.0,0.26617127415862263,0.0,0.9534915093249735,0.0,-0.018294989291492578
0.28200000000000003,0.0,0.2680782200135615,0.0,0.9534540586846522,0.0,-0.01915577692752997
0.28400000000000003,0.0,0.269985089245141,0.0,0.9534148857140855,0.0,-0.020017319330086228
0.28600000000000003,0.0,0.27189187840719203,0.0,0.9533739889049823,0.0,-0.020879615256943998
0.28800000000000003,0.0,0.27379858405053137,0.0,0.9533313667515387,0.0,-0.02174266346208878
0.29,0.0,0.27570520272296634,0.0,0.9532870177504481,0.0,-0.022606462695707263
0.292,0.0,0.27761173096930075,0.0,0.9532409404009061,0.0,-0.023471011704185335
0.294,0.0,0.2795181653313388,0.0,0.9531931332046197,0.0,-0.02433630923010606
0.296,0.0,0.28142450234789085,0.0,0.9531435946658148,0.0,-0.025202354012248254
0.298,0.0,0.28333073855477814,0.0,0.9530923232912432,0.0,-0.026069144785583892
0.3,0.0,0.28523687048483803,0.0,0.9530393175901907,0.0,-0.026936680281276923
0.302,0.0,0.2871428946679291,0.0,0.9529845760744846,0.0,-0.027804959226681053
0.304,0.0,0.28904880763093577,0.0,0.9529280972585017,0.0,-0.028673980345337927
0.306,0.0,0.2909546058977741,0.0,0.9528698796591746,0.0,-0.029543742356975294
0.308,0.0,0.2928602859893965,0.0,0.9528099217960013,0.0,-0.030414243977505404
0.31,0.0,0.2947658444237969,0.0,0.9527482221910506,0.0,-0.031285483919022805
0.312,0.0,0.2966712777160159,0.0,0.9526847793689721,0.0,-0.032157460889802855
0.314,0.0,0.2985765823781461,0.0,0.9526195918570022,0.0,-0.033030173594299855
0.316,0.0,0.30048175491933715,0.0,0.9525526581849719,0.0,-0.03390362073314514
0.318,0.0,0.30238679184580086,0.0,0.9524839768853155,0.0,-0.03477780100314547
0.32,0.0,0.3042916896608166,0.0,0.9524135464930765,0.0,-0.0356527130972811
0.322,0.0,0.3061964448647365,0.0,0.9523413655459174,0.0,-0.03652835570470424
0.324,0.0,0.3081010539549905,0.0,0.9522674325841253,0.0,-0.037404727510737076
0.326,0.0,0.3100055134260918,0.0,0.9521917461506209,0.0,-0.03828182719687018
0.328,0.0,0.31190981976964216,0.0,0.9521143047909658,0.0,-0.039159653440760764
0.33,0.0,0.313813969474337,0.0,0.95203510705337,0.0,-0.040038204916230974
0.332,0.0,0.31571795902597083,0.0,0.9519541514886999,0.0,-0.040917480293266154
0.334,0.0,0.31762178490744275,0.0,0.951871436650485,0.0,-0.04179747823801319
0.336,0.0,0.3195254435987612,0.0,0.9517869610949278,0.0,-0.04267819741277877
0.338,0.0,0.32142893157705005,0.0,0.9517007233809083,0.0,-0.04355963647602777
0.34,0.0,0.3233322453165535,0.0,0.9516127220699947,0.0,-0.04444179408238175
0.342,0.0,0.32523538128864155,0.0,0.9515229557264494,0.0,-0.04532466888261681
0.34400000000000003,0.0,0.32713833596181546,0.0,0.9514314229172369,0.0,-0.04620825952366253
0.34600000000000003,0.0,0.32904110580171314,0.0,0.9513381222120321,0.0,-0.04709256464860015
0.34800000000000003,0.0,0.33094368727111445,0.0,0.951243052183227,0.0,-0.047977582896660514
0.35000000000000003,0.0,0.332846076829947,0.0,0.9511462114059398,0.0,-0.04886331290322332
0.352,0.0,0.334748270935291,0.0,0.9510475984580207,0.0,-0.04974975329981467
0.354,0.0,0.33665026604138565,0.0,0.9509472119200619,0.0,-0.050636902714106174
0.356,0.0,0.3385520585996334,0.0,0.9508450503754032,0.0,-0.05152475976991272
0.358,0.0,0.3404536450586067,0.0,0.950741112410141,0.0,-0.052413323087191654
0.36,0.0,0.34235502186405276,0.0,0.950635396613136,0.0,-0.05330259128204057
0.362,0.0,0.3442561854588992,0.0,0.9505279015760196,0.0,-0.05419256296669596
0.364,0.0,0.34615713228325967,0.0,0.9504186258932038,0.0,-0.055083236749531986
0.366,0.0,0.3480578587744396,0.0,0.9503075681618863,0.0,-0.055974611235058605
0.368,0.0,0.3499583613669415,0.0,0.9501947269820612,0.0,-0.05686668502392017
0.37,0.0,0.35185863649247057,0.0,0.9500801009565238,0.0,-0.05775945671289391
0.372,0.0,0.35375868057994075,0.0,0.9499636886908808,0.0,-0.058652924894888714
0.374,0.0,0.3556584900554796,0.0,0.9498454887935561,0.0,-0.05954708815894301
0.376,0.0,0.3575580613424346,0.0,0.9497254998758001,0.0,-0.060441945090224145
0.378,0.0,0.3594573908613785,0.0,0.9496037205516963,0.0,-0.06133749427002619
0.38,0.0,0.36135647503011514,0.0,0.9494801494381694,0.0,-0.062233734275768796
0.382,0.0,0.3632553102636848,0.0,0.9493547851549934,0.0,-0.06313066368099601
0.384,0.0,0.36515389297437034,0.0,0.9492276263247991,0.0,-0.06402828105537434
0.386,0.0,0.36705221957170286,0.0,0.9490986715730818,0.0,-0.06492658496469185
0.388,0.0,0.36895028646246714,0.0,0.9489679195282089,0.0,-0.0658255739708564
0.39,0.0,0.3708480900507077,0.0,0.9488353688214284,0.0,-0.06672524663189443
0.392,0.0,0.3727456267377343,0.0,0.9487010180868756,0.0,-0.0676256015019495
0.394,0.0,0.374642892922128,0.0,0.9485648659615811,0.0,-0.06852663713128092
0.396,0.0,0.37653988499974667,0.0,0.9484269110854798,0.0,-0.06942835206626265
0.398,0.0,0.37843659936373114,0.0,0.9482871521014171,0.0,-0.07033074484938147
0.4,0.0,0.3803330324045109,0.0,0.9481455876551577,0.0,-0.07123381401923629
0.402,0.0,0.3822291805098095,0.0,0.9480022163953923,0.0,-0.07213755811053607
0.404,0.0,0.3841250400646511,0.0,0.9478570369737472,0.0,-0.07304197565409928
0.406,0.0,0.3860206074513661,0.0,0.9477100480447899,0.0,-0.07394706517685186
0.40800000000000003,0.0,0.38791587904959696,0.0,0.9475612482660384,0.0,-0.07485282520182678
0.41000000000000003,0.0,0.38981085123630405,0.0,0.9474106362979683,0.0,-0.07575925424816192
0.41200000000000003,0.0,0.3917055203857715,0.0,0.9472582108040212,0.0,-0.07666635083109927
0.41400000000000003,0.0,0.3935998828696137,0.0,0.9471039704506118,0.0,-0.07757411346198373
0.41600000000000004,0.0,0.39549393505678054,0.0,0.9469479139071361,0.0,-0.07848254064826163
0.418,0.0,0.3973876733135637,0.0,0.9467900398459794,0.0,-0.07939163089347968
0.42,0.0,0.3992810940036028,0.0,0.9466303469425231,0.0,-0.08030138269728355
0.422,0.0,0.4011741934878912,0.0,0.946468833875154,0.0,-0.08121179455541708
0.424,0.0,0.40306696812478165,0.0,0.9463054993252705,0.0,-0.08212286495972036
0.426,0.0,0.40495941426999343,0.0,0.9461403419772922,0.0,-0.08303459239812956
0.428,0.0,0.4068515282766171,0.0,0.9459733605186658,0.0,-0.08394697535467471
0.43,0.0,0.40874330649512125,0.0,0.9458045536398746,0.0,-0.08486001230947934
0.432,0.0,0.41063474527335875,0.0,0.9456339200344448,0.0,-0.0857737017387589
0.434,0.0,0.41252584095657224,0.0,0.9454614583989549,0.0,-0.08668804211481974
0.436,0.0,0.4144165898874007,0.0,0.945287167433042,0.0,-0.08760303190605805
0.438,0.0,0.4163069884058859,0.0,0.9451110458394109,0.0,-0.08851866957695889
0.44,0.0,0.4181970328494771,0.0,0.9449330923238406,0.0,-0.08943495358809436
0.442,0.0,0.4200867195530391,0.0,0.9447533055951938,0.0,-0.09035188239612367
0.444,0.0,0.4219760448488572,0.0,0.9445716843654228,0.0,-0.09126945445379109
0.446,0.0,0.4238650050666433,0.0,0.9443882273495794,0.0,-0.09218766820992533
0.448,0.0,0.4257535965335435,0.0,0.9442029332658207,0.0,-0.09310652210943851
0.45,0.0,0.42764181557414216,0.0,0.9440158008354187,0.0,-0.0940260145933249
0.452,0.0,0.4295296585104702,0.0,0.9438268287827664,0.0,-0.09494614409866
0.454,0.0,0.4314171216620101,0.0,0.9436360158353876,0.0,-0.09586690905859975
0.456,0.0,0.43330420134570224,0.0,0.9434433607239429,0.0,-0.09678830790237898
0.458,0.0,0.4351908938759522,0.0,0.9432488621822385,0.0,-0.09771033905531107
0.46,0.0,0.43707719556463565,0.0,0.9430525189472344,0.0,-0.0986330009387865
0.462,0.0,0.4389631027211056,0.0,0.9428543297590511,0.0,-0.09955629197027206
0.464,0.0,0.44084861165219846,0.0,0.942654293360979,0.0,-0.10048021056330987
0.466,0.0,0.4427337186622404,0.0,0.9424524084994838,0.0,-0.10140475512751655
0.468,0.0,0.44461842005305396,0.0,0.9422486739242175,0.0,-0.10232992406858214
0.47000000000000003,0.0,0.44650271212396336,0.0,0.9420430883880238,0.0,-0.10325571578826902
0.47200000000000003,0.0,0.44838659117180263,0.0,0.9418356506469466,0.0,-0.1041821286844116
0.47400000000000003,0.0,0.4502700534909207,0.0,0.9416263594602389,0.0,-0.10510916115091468
0.47600000000000003,0.0,0.4521530953731881,0.0,0.9414152135903693,0.0,-0.10603681157775321
0.47800000000000004,0.0,0.4540357131080037,0.0,0.9412022118030304,0.0,-0.10696507835097101
0.48,0.0,0.45591790298230106,0.0,0.9409873528671464,0.0,-0.10789395985267998
0.482,0.0,0.4577996612805547,0.0,0.9407706355548818,0.0,-0.10882345446105958
0.484,0.0,0.45968098428478643,0.0,0.9405520586416481,0.0,-0.1097535605503553
0.486,0.0,0.461561868274573,0.0,0.9403316209061128,0.0,-0.11068427649087893
0.488,0.0,0.4634423095270507,0.0,0.9401093211302061,0.0,-0.11161560064900647
0.49,0.0,0.46532230431692356,0.0,0.93988515809913,0.0,-0.11254753138717834
0.492,0.0,0.4672018489164693,0.0,0.9396591306013649,0.0,-0.11348006706389817
0.494,0.0,0.4690809395955457,0.0,0.939431237428679,0.0,-0.11441320603373213
0.496,0.0,0.4709595726215974,0.0,0.9392014773761342,0.0,-0.11534694664730802
0.498,0.0,0.4728377442596625,0.0,0.9389698492420959,0.0,-0.11628128725131465
0.5,0.0,0.4747154507723792,0.0,0.93873635182824,0.0,-0.11721622618850128
0.502,0.0,0.4765926884199922,0.0,0.9385009839395604,0.0,-0.1181517617976766
0.504,0.0,0.4784694534603597,0.0,0.938263744384378,0.0,-0.1190878924137082
0.506,0.0,0.48034574214895975,0.0,0.9380246319743469,0.0,-0.12002461636752175
0.508,0.0,0.4822215507388971,0.0,0.9377836455244647,0.0,-0.12096193198610067
0.51,0.0,0.48409687548090996,0.0,0.9375407838530773,0.0,-0.12189983759248477
0.512,0.0,0.48597171262337613,0.0,0.9372960457818901,0.0,-0.12283833150577037
0.514,0.0,0.4878460584123208,0.0,0.9370494301359729,0.0,-0.12377741204110922
0.516,0.0,0.4897199090914224,0.0,0.93680093574377,0.0,-0.12471707750970783
0.518,0.0,0.4915932609020196,0.0,0.9365505614371069,0.0,-0.1256573262188272
0.52,0.0,0.49346611008311797,0.0,0.9362983060511986,0.0,-0.12659815647178185
0.522,0.0,0.4953384528713972,0.0,0.9360441684246575,0.0,-0.12753956656793947
0.524,0.0,0.4972102855012174,0.0,0.935788147399501,0.0,-0.12848155480272008
0.526,0.0,0.49908160420462644,0.0,0.93553024182116,0.0,-0.12942411946759613
0.528,0.0,0.5009524052113657,0.0,0.9352704505384857,0.0,-0.13036725885009076
0.53,0.0,0.5028226847488788,0.0,0.9350087724037586,0.0,-0.1313109712337785
0.532,0.0,0.5046924390423165,0.0,0.9347452062726964,0.0,-0.132255254898284
0.534,0.0,0.5065616643145447,0.0,0.934479751004461,0.0,-0.13320010811928173
0.536,0.0,0.5084303567861512,0.0,0.9342124054616672,0.0,-0.13414552916849568
0.538,0.0,0.5102985126754523,0.0,0.9339431685103896,0.0,-0.13509151631369826
0.54,0.0,0.5121661281985002,0.0,0.9336720390201724,0.0,-0.13603806781871075
0.542,0.0,0.514033199569089,0.0,0.933399015864035,0.0,-0.13698518194340192
0.544,0.0,0.5158997229987631,0.0,0.9331240979184816,0.0,-0.13793285694368818
0.546,0.0,0.5177656946968232,0.0,0.9328472840635085,0.0,-0.138881091071533
0.548,0.0,0.5196311108703332,0.0,0.9325685731826117,0.0,-0.13982988257494633
0.55,0.0,0.5214959677241277,0.0,0.9322879641627955,0.0,-0.14077922969798445
0.552,0.0,0.5233602614608187,0.0,0.9320054558945797,0.0,-0.14172913068074927
0.554,0.0,0.525223988280803,0.0,0.9317210472720086,0.0,-0.14267958375938844
0.556,0.0,0.5270871443822689,0.0,0.9314347371926568,0.0,-0.14363058716609423
0.558,0.0,0.5289497259612032,0.0,0.9311465245576399,0.0,-0.144582139129104
0.56,0.0,0.5308117292113987,0.0,0.9308564082716199,0.0,-0.14553423787269926
0.562,0.0,0.532673150324461,0.0,0.9305643872428149,0.0,-0.1464868816172058
0.5640000000000001,0.0,0.5345339854898158,0.0,0.9302704603830062,0.0,-0.14744006857899278
0.5660000000000001,0.0,0.5363942308947158,0.0,0.9299746266075458,0.0,-0.14839379697047306
0.5680000000000001,0.0,0.5382538827242482,0.0,0.9296768848353655,0.0,-0.14934806500010267
0.5700000000000001,0.0,0.5401129371613411,0.0,0.9293772339889835,0.0,-0.1503028708723802
0.5720000000000001,0.0,0.541971390386772,0.0,0.9290756729945138,0.0,-0.1512582127878472
0.5740000000000001,0.0,0.5438292385791735,0.0,0.9287722007816722,0.0,-0.15221408894308747
0.5760000000000001,0.0,0.5456864779150419,0.0,0.9284668162837862,0.0,-0.15317049753072695
0.578,0.0,0.547543104568743,0.0,0.9281595184378018,0.0,-0.15412743673943335
0.58,0.0,0.5493991147125212,0.0,0.9278503061842913,0.0,-0.15508490475391654
0.582,0.0,0.5512545045165046,0.0,0.9275391784674619,0.0,-0.15604289975492738
0.584,0.0,0.5531092701487139,0.0,0.9272261342351628,0.0,-0.15700141991925823
0.586,0.0,0.5549634077750691,0.0,0.9269111724388939,0.0,-0.15796046341974299
0.588,0.0,0.5568169135593968,0.0,0.9265942920338135,0.0,-0.15892002842525602
0.59,0.0,0.5586697836634378,0.0,0.926275491978746,0.0,-0.15988011310071323
0.592,0.0,0.5605220142468534,0.0,0.92595477123619,0.0,-0.1608407156070707
0.594,0.0,0.5623736014672349,0.0,0.9256321287723258,0.0,-0.16180183410132576
0.596,0.0,0.5642245414801084,0.0,0.9253075635570239,0.0,-0.16276346673651562
0.598,0.0,0.5660748304389444,0.0,0.924981074563853,0.0,-0.1637256116617188
0.6,0.0,0.5679244644951634,0.0,0.924652660770087,0.0,-0.16468826702205364
0.602,0.0,0.5697734397981449,0.0,0.9243223211567139,0.0,-0.16565143095867899
0.604,0.0,0.5716217524952336,0.0,0.9239900547084432,0.0,-0.16661510160879428
0.606,0.0,0.5734693987317476,0.0,0.9236558604137141,0.0,-0.16757927710563897
0.608,0.0,0.5753163746509854,0.0,0.9233197372647032,0.0,-0.16854395557849317
0.61,0.0,0.577162676394234,0.0,0.9229816842573324,0.0,-0.16950913515267702
0.612,0.0,0.5790083001007756,0.0,0.9226417003912772,0.0,-0.17047481394955105
0.614,0.0,0.5808532419078956,0.0,0.9222997846699741,0.0,-0.17144099008651625
0.616,0.0,0.5826974979508901,0.0,0.9219559361006289,0.0,-0.17240766167701388
0.618,0.0,0.5845410643630733,0.0,0.921610153694224,0.0,-0.17337482683052574
0.62,0.0,0.5863839372757854,0.0,0.9212624364655274,0.0,-0.17434248365257432
0.622,0.0,0.5882261128183996,0.0,0.9209127834331002,0.0,-0.17531063024472268
0.624,0.0,0.5900675871183302,0.0,0.9205611936193033,0.0,-0.17627926470457425
0.626,0.0,0.5919083563010398,0.0,0.9202076660503077,0.0,-0.1772483851257739
0.628,0.0,0.5937484164900478,0.0,0.9198521997560996,0.0,-0.1782179895980071
0.63,0.0,0.5955877638069366,0.0,0.919494793770491,0.0,-0.17918807620700072
0.632,0.0,0.5974263943713605,0.0,0.9191354471311256,0.0,-0.18015864303452256
0.634,0.0,0.5992643043010528,0.0,0.9187741588794885,0.0,-0.18112968815838235
0.636,0.0,0.6011014897118337,0.0,0.9184109280609122,0.0,-0.18210120965243115
0.638,0.0,0.6029379467176179,0.0,0.9180457537245853,0.0,-0.18307320558656198
0.64,0.0,0.604773671430422,0.0,0.9176786349235618,0.0,-0.18404567402670985
0.642,0.0,0.6066086599603736,0.0,0.9173095707147665,0.0,-0.1850186130348524
0.644,0.0,0.6084429084157164,0.0,0.916938560159005,0.0,-0.18599202066900933
0.646,0.0,0.6102764129028213,0.0,0.9165656023209701,0.0,-0.18696589498324367
0.648,0.0,0.6121091695261912,0.0,0.9161906962692516,0.0,-0.1879402340276613
0.65,0.0,0.6139411743884707,0.0,0.915813841076342,0.0,-0.18891503584841143
0.652,0.0,0.6157724235904534,0.0,0.9154350358186456,0.0,-0.18989029848768707
0.654,0.0,0.6176029132310888,0.0,0.9150542795764867,0.0,-0.1908660199837252
0.656,0.0,0.6194326394074923,0.0,0.9146715714341166,0.0,-0.19184219837080713
0.658,0.0,0.6212615982149506,0.0,0.9142869104797225,0.0,-0.19281883167925912
0.66,0.0,0.6230897857469312,0.0,0.9139002958054342,0.0,-0.19379591793545187
0.662,0.0,0.6249171980950896,0.0,0.9135117265073337,0.0,-0.1947734551618024
0.664,0.0,0.6267438313492779,0.0,0.9131212016854612,0.0,-0.19575144137677275
0.666,0.0,0.6285696815975517,0.0,0.9127287204438245,0.0,-0.19672987459487185
0.668,0.0,0.6303947449261786,0.0,0.9123342818904058,0.0,-0.1977087528266546
0.67,0.0,0.6322190174196466,0.0,0.911937885137171,0.0,-0.1986880740787237
0.672,0.0,0.6340424951606713,0.0,0.9115395293000756,0.0,-0.19966783635372887
0.674,0.0,0.6358651742302043,0.0,0.9111392134990747,0.0,-0.20064803765036832
0.676,0.0,0.637687050707441,0.0,0.9107369368581298,0.0,-0.20162867596338832
0.678,0.0,0.6395081206698287,0.0,0.9103326985052163,0.0,-0.20260974928358438
0.68,0.0,0.641328380193075,0.0,0.9099264975723326,0.0,-0.2035912555978015
0.682,0.0,0.6431478253511553,0.0,0.909518333195507,0.0,-0.2045731928889348
0.684,0.0,0.644966452216321,0.0,0.9091082045148062,0.0,-0.20555555913592954
0.686,0.0,0.646784256859108,0.0,0.9086961106743427,0.0,-0.20653835231378295
0.6880000000000001,0.0,0.648601235348344,0.0,0.908282050822283,0.0,-0.20752157039354305
0.6900000000000001,0.0,0.6504173837511573,0.0,0.9078660241108558,0.0,-0.20850521134231081
0.6920000000000001,0.0,0.6522326981329852,0.0,0.907448029696359,0.0,-0.20948927312323976
0.6940000000000001,0.0,0.6540471745575809,0.0,0.9070280667391685,0.0,-0.210473753695537
0.6960000000000001,0.0,0.655860809087023,0.0,0.9066061344037456,0.0,-0.2114586510144642
0.6980000000000001,0.0,0.6576735977817227,0.0,0.9061822318586452,0.0,-0.212443963031337
0.7000000000000001,0.0,0.6594855367004328,0.0,0.9057563582765233,0.0,-0.21342968769352724
0.7020000000000001,0.0,0.6612966219002553,0.0,0.9053285128341452,0.0,-0.2144158229444626
0.704,0.0,0.6631068494366497,0.0,0.9048986947123934,0.0,-0.21540236672362745
0.706,0.0,0.6649162153634417,0.0,0.9044669030962746,0.0,-0.21638931696656388
0.708,0.0,0.6667247157328312,0.0,0.90403313717493,0.0,-0.2173766716048725
0.71,0.0,0.6685323465954,0.0,0.9035973961416397,0.0,-0.21836442856621224
0.712,0.0,0.6703391040001213,0.0,0.9031596791938339,0.0,-0.21935258577430272
0.714,0.0,0.6721449839943666,0.0,0.9027199855330982,0.0,-0.2203411411489229
0.716,0.0,0.6739499826239155,0.0,0.9022783143651831,0.0,-0.22133009260591432
0.718,0.0,0.6757540959329624,0.0,0.9018346649000115,0.0,-0.22231943805717952
0.72,0.0,0.6775573199641266,0.0,0.9013890363516861,0.0,-0.22330917541068468
0.722,0.0,0.6793596507584593,0.0,0.900941427938498,0.0,-0.22429930257045969
0.724,0.0,0.6811610843554524,0.0,0.9004918388829333,0.0,-0.22528981743659862
0.726,0.0,0.682961616793047,0.0,0.900040268411683,0.0,-0.22628071790526133
0.728,0.0,0.6847612441076425,0.0,0.899586715755649,0.0,-0.2272720018686741
0.73,0.0,0.6865599623341032,0.0,0.899131180149953,0.0,-0.22826366721513014
0.732,0.0,0.6883577675057686,0.0,0.8986736608339435,0.0,-0.22925571182899102
0.734,0.0,0.6901546556544611,0.0,0.8982141570512049,0.0,-0.23024813359068746
0.736,0.0,0.6919506228104941,0.0,0.8977526680495646,0.0,-0.23124093037672
0.738,0.0,0.6937456650026812,0.0,0.8972891930811,0.0,-0.2322341000596601
0.74,0.0,0.6955397782583448,0.0,0.8968237314021488,0.0,-0.2332276405081517
0.742,0.0,0.6973329586033232,0.0,0.8963562822733139,0.0,-0.23422154958691072
0.744,0.0,0.6991252020619811,0.0,0.8958868449594737,0.0,-0.23521582515672806
0.746,0.0,0.7009165046572171,0.0,0.8954154187297882,0.0,-0.2362104650744687
0.748,0.0,0.702706862410472,0.0,0.8949420028577083,0.0,-0.2372054671930742
0.75,0.0,0.7044962713417382,0.0,0.8944665966209826,0.0,-0.23820082936156298
0.752,0.0,0.7062847274695675,0.0,0.8939891993016653,0.0,-0.23919654942503127
0.754,0.0,0.7080722268110805,0.0,0.8935098101861251,0.0,-0.24019262522465495
0.756,0.0,0.7098587653819748,0.0,0.8930284285650512,0.0,-0.2411890545976897
0.758,0.0,0.7116443391965336,0.0,0.892545053733463,0.0,-0.24218583537747335
0.76,0.0,0.7134289442676346,0.0,0.892059684990717,0.0,-0.24318296539342538
0.762,0.0,0.7152125766067581,0.0,0.8915723216405146,0.0,-0.24418044247104936
0.764,0.0,0.7169952322239969,0.0,0.8910829629909105,0.0,-0.2451782644319339
0.766,0.0,0.7187769071280636,0.0,0.8905916083543196,0.0,-0.24617642909375312
0.768,0.0,0.7205575973263006,0.0,0.8900982570475255,0.0,-0.24717493427026893
0.77,0.0,0.7223372988246877,0.0,0.8896029083916888,0.0,-0.24817377777133123
0.772,0.0,0.7241160076278514,0.0,0.8891055617123534,0.0,-0.2491729574028796
0.774,0.0,0.7258937197390747,0.0,0.8886062163394555,0.0,-0.2501724709669448
0.776,0.0,0.7276704311603029,0.0,0.8881048716073316,0.0,-0.25117231626164915
0.778,0.0,0.7294461378921568,0.0,0.8876015268547256,0.0,-0.2521724910812093
0.78,0.0,0.7312208359339372,0.0,0.8870961814247965,0.0,-0.2531729932159358
0.782,0.0,0.7329945212836361,0.0,0.8865888346651273,0.0,-0.25417382045223524
0.784,0.0,0.7347671899379457,0.0,0.8860794859277314,0.0,-0.25517497057261246
0.786,0.0,0.736538837892266,0.0,0.8855681345690618,0.0,-0.2561764413556698
0.788,0.0,0.7383094611407149,0.0,0.8850547799500172,0.0,-0.25717823057611033
0.79,0.0,0.7400790556761361,0.0,0.8845394214359517,0.0,-0.25818033600473844
0.792,0.0,0.7418476174901085,0.0,0.8840220583966815,0.0,-0.25918275540846103
0.794,0.0,0.7436151425729554,0.0,0.8835026902064923,0.0,-0.2601854865502896
0.796,0.0,0.745381626913753,0.0,0.8829813162441486,0.0,-0.261188527189341
0.798,0.0,0.7471470665003392,0.0,0.8824579358928999,0.0,-0.2621918750808393
0.8,0.0,0.7489114573193236,0.0,0.8819325485404895,0.0,-0.263195527976117
0.802,0.0,0.7506747953560953,0.0,0.8814051535791613,0.0,-0.26419948362261636
0.804,0.0,0.752437076594832,0.0,0.8808757504056689,0.0,-0.2652037397638915
0.806,0.0,0.7541982970185104,0.0,0.8803443384212827,0.0,-0.26620829413960934
0.808,0.0,0.7559584526089136,0.0,0.8798109170317969,0.0,-0.2672131444855512
0.81,0.0,0.7577175393466412,0.0,0.8792754856475388,0.0,-0.2682182885336148
0.812,0.0,0.7594755532111173,0.0,0.8787380436833757,0.0,-0.2692237240118149
0.8140000000000001,0.0,0.761232490180601,0.0,0.878198590558722,0.0,-0.2702294486442857
0.8160000000000001,0.0,0.7629883462321942,0.0,0.8776571256975488,0.0,-0.2712354601512821
0.8180000000000001,0.0,0.7647431173418523,0.0,0.8771136485283896,0.0,-0.27224175624918134
0.8200000000000001,0.0,0.7664967994843913,0.0,0.8765681584843497,0.0,-0.2732483346504849
0.8220000000000001,0.0,0.768249388633498,0.0,0.876020655003113,0.0,-0.274255193063819
0.8240000000000001,0.0,0.7700008807617402,0.0,0.8754711375269496,0.0,-0.2752623291939382
0.8260000000000001,0.0,0.7717512718405738,0.0,0.8749196055027253,0.0,-0.27626974074172533
0.8280000000000001,0.0,0.7735005578403533,0.0,0.8743660583819063,0.0,-0.27727742540419376
0.8300000000000001,0.0,0.775248734730341,0.0,0.8738104956205699,0.0,-0.27828538087448973
0.8320000000000001,0.0,0.7769957984787157,0.0,0.8732529166794103,0.0,-0.27929360484189264
0.834,0.0,0.778741745052582,0.0,0.8726933210237473,0.0,-0.2803020949918186
0.836,0.0,0.7804865704179806,0.0,0.8721317081235336,0.0,-0.2813108490058204
0.838,0.0,0.782230270539896,0.0,0.8715680774533627,0.0,-0.2823198645615906
0.84,0.0,0.7839728413822671,0.0,0.8710024284924767,0.0,-0.2833291393329631
0.842,0.0,0.7857142789079947,0.0,0.8704347607247737,0.0,-0.2843386709899137
0.844,0.0,0.7874545790789538,0.0,0.8698650736388158,0.0,-0.28534845719856394
0.846,0.0,0.7891937378559999,0.0,0.8692933667278367,0.0,-0.2863584956211811
0.848,0.0,0.7909317511989802,0.0,0.8687196394897495,0.0,-0.2873687839161816
0.85,0.0,0.7926686150667426,0.0,0.8681438914271538,0.0,-0.28837931973813125
0.852,0.0,0.7944043254171439,0.0,0.867566122047345,0.0,-0.28939010073774885
0.854,0.0,0.7961388782070615,0.0,0.8669863308623197,0.0,-0.29040112456190664
0.856,0.0,0.7978722693924009,0.0,0.8664045173887855,0.0,-0.2914123888536335
0.858,0.0,0.7996044949281053,0.0,0.8658206811481673,0.0,-0.29242389125211543
0.86,0.0,0.801335550768166,0.0,0.8652348216666157,0.0,-0.29343562939269857
0.862,0.0,0.8030654328656315,0.0,0.8646469384750142,0.0,-0.2944476009068915
0.864,0.0,0.8047941371726164,0.0,0.864057031108987,0.0,-0.29545980342236566
0.866,0.0,0.8065216596403113,0.0,0.8634650991089078,0.0,-0.2964722345629593
0.868,0.0,0.8082479962189926,0.0,0.862871142019905,0.0,-0.29748489194867794
0.87,0.0,0.8099731428580315,0.0,0.862275159391872,0.0,-0.29849777319569726
0.872,0.0,0.8116970955059036,0.0,0.8616771507794734,0.0,-0.2995108759163647
0.874,0.0,0.8134198501101992,0.0,0.8610771157421518,0.0,-0.30052419771920197
0.876,0.0,0.8151414026176318,0.0,0.8604750538441385,0.0,-0.301537736208907
0.878,0.0,0.816861748974048,0.0,0.8598709646544574,0.0,-0.3025514889863556
0.88,0.0,0.8185808851244376,0.0,0.8592648477469362,0.0,-0.30356545364860466
0.882,0.0,0.8202988070129428,0.0,0.858656702700211,0.0,-0.3045796277888928
0.884,0.0,0.8220155105828679,0.0,0.8580465290977357,0.0,-0.30559400899664413
0.886,0.0,0.8237309917766886,0.0,0.8574343265277891,0.0,-0.30660859485746905
0.888,0.0,0.8254452465360625,0.0,0.8568200945834825,0.0,-0.30762338295316705
0.89,0.0,0.8271582708018382,0.0,0.8562038328627678,0.0,-0.3086383708617296
0.892,0.0,0.8288700605140645,0.0,0.855585540968444,0.0,-0.3096535561573409
0.894,0.0,0.8305806116120014,0.0,0.8549652185081666,0.0,-0.31066893641038174
0.896,0.0,0.8322899200341283,0.0,0.8543428650944531,0.0,-0.31168450918743007
0.898,0.0,0.8339979817181549,0.0,0.8537184803446923,0.0,-0.31270027205126505
0.9,0.0,0.835704792601031,0.0,0.8530920638811508,0.0,-0.31371622256086795
0.902,0.0,0.8374103486189551,0.0,0.8524636153309815,0.0,-0.31473235827142526
0.904,0.0,0.8391146457073853,0.0,0.8518331343262301,0.0,-0.31574867673433055
0.906,0.0,0.8408176798010482,0.0,0.8512006205038439,0.0,-0.3167651754971873
0.908,0.0,0.8425194468339499,0.0,0.8505660735056788,0.0,-0.31778185210381116
0.91,0.0,0.8442199427393846,0.0,0.8499294929785061,0.0,-0.31879870409423194
0.912,0.0,0.8459191634499454,0.0,0.8492908785740216,0.0,-0.31981572900469624
0.914,0.0,0.8476171048975336,0.0,0.8486502299488523,0.0,-0.3208329243676705
0.916,0.0,0.849313763013368,0.0,0.8480075467645635,0.0,-0.32185028771184215
0.918,0.0,0.8510091337279966,0.0,0.8473628286876674,0.0,-0.32286781656212343
0.92,0.0,0.8527032129713046,0.0,0.8467160753896301,0.0,-0.32388550843965264
0.922,0.0,0.8543959966725253,0.0,0.8460672865468791,0.0,-0.32490336086179816
0.924,0.0,0.8560874807602498,0.0,0.8454164618408105,0.0,-0.3259213713421589
0.926,0.0,0.8577776611624373,0.0,0.8447636009577981,0.0,-0.3269395373905692
0.928,0.0,0.8594665338064239,0.0,0.844108703589199,0.0,-0.3279578565130993
0.93,0.0,0.8611540946189343,0.0,0.8434517694313614,0.0,-0.3289763262120591
0.932,0.0,0.8628403395260906,0.0,0.8427927981856339,0.0,-0.3299949439860005
0.934,0.0,0.8645252644534224,0.0,0.8421317895583709,0.0,-0.33101370732971985
0.936,0.0,0.866208865325877,0.0,0.8414687432609411,0.0,-0.33203261373426085
0.9380000000000001,0.0,0.86789113806783,0.0,0.8408036590097349,0.0,-0.33305166068691655
0.9400000000000001,0.0,0.8695720786030945,0.0,0.8401365365261722,0.0,-0.3340708456712334
0.9420000000000001,0.0,0.8712516828549307,0.0,0.8394673755367089,0.0,-0.3350901661670119
0.9440000000000001,0.0,0.8729299467460583,0.0,0.8387961757728457,0.0,-0.33610961965031144
0.9460000000000001,0.0,0.8746068661986636,0.0,0.8381229369711344,0.0,-0.337129203593451
0.9480000000000001,0.0,0.8762824371344118,0.0,0.8374476588731863,0.0,-0.33814891546501363
0.9500000000000001,0.0,0.8779566554744564,0.0,0.8367703412256787,0.0,-0.33916875272984803
0.9520000000000001,0.0,0.879629517139449,0.0,0.8360909837803637,0.0,-0.3401887128490718
0.9540000000000001,0.0,0.8813010180495505,0.0,0.8354095862940745,0.0,-0.3412087932800747
0.9560000000000001,0.0,0.8829711541244395,0.0,0.8347261485287331,0.0,-0.3422289914765198
0.9580000000000001,0.0,0.884639921283324,0.0,0.8340406702513581,0.0,-0.3432493048883484
0.96,0.0,0.8863073154449514,0.0,0.8333531512340718,0.0,-0.3442697309617814
0.962,0.0,0.8879733325276182,0.0,0.8326635912541082,0.0,-0.3452902671393228
0.964,0.0,0.8896379684491806,0.0,0.8319719900938193,0.0,-0.3463109108597624
0.966,0.0,0.8913012191270647,0.0,0.8312783475406836,0.0,-0.3473316595581788
0.968,0.0,0.8929630804782767,0.0,0.8305826633873136,0.0,-0.3483525106659424
0.97,0.0,0.8946235484194123,0.0,0.8298849374314619,0.0,-0.34937346161071764
0.972,0.0,0.8962826188666693,0.0,0.82918516947603,0.0,-0.3503945098164671
0.974,0.0,0.8979402877358553,0.0,0.8284833593290751,0.0,-0.3514156527034531
0.976,0.0,0.8995965509423998,0.0,0.8277795068038176,0.0,-0.35243688768824255
0.978,0.0,0.9012514044013639,0.0,0.8270736117186483,0.0,-0.3534582121837078
0.98,0.0,0.9029048440274501,0.0,0.826365673897136,0.0,-0.3544796235990315
0.982,0.0,0.904556865735014,0.0,0.8256556931680352,0.0,-0.35550111933970835
0.984,0.0,0.906207465438073,0.0,0.8249436693652923,0.0,-0.35652269680754883
0.986,0.0,0.9078566390503188,0.0,0.8242296023280545,0.0,-0.35754435340068247
0.988,0.0,0.909504382485125,0.0,0.8235134919006764,0.0,-0.35856608651356003
0.99,0.0,0.911150691655561,0.0,0.8227953379327266,0.0,-0.35958789353695764
0.992,0.0,0.9127955624743987,0.0,0.8220751402789968,0.0,-0.36060977185797954
0.994,0.0,0.9144389908541263,0.0,0.8213528987995072,0.0,-0.3616317188600608
0.996,0.0,0.9160809727069563,0.0,0.8206286133595158,0.0,-0.36265373192297135
0.998,0.0,0.9177215039448374,0.0,0.819902283829524,0.0,-0.3636758084228182
1.0,0.0,0.9193605804794647,0.0,0.8191739100852847,0.0,-0.3646979457320498
1.002,0.0,0.9209981982222898,0.0,0.8184434920078102,0.0,-0.3657201412194584
1.004,0.0,0.9226343530845311,0.0,0.8177110294833781,0.0,-0.366742392250183
1.006,0.0,0.9242690409771861,0.0,0.8169765224035397,0.0,-0.3677646961857143
1.008,0.0,0.9259022578110396,0.0,0.8162399706651268,0.0,-0.3687870503838956
1.01,0.0,0.9275339994966755,0.0,0.8155013741702595,0.0,-0.36980945219892825
1.012,0.0,0.9291642619444878,0.0,0.8147607328263528,0.0,-0.37083189898137364
1.014,0.0,0.9307930410646899,0.0,0.8140180465461242,0.0,-0.3718543880781572
1.016,0.0,0.9324203327673267,0.0,0.8132733152476016,0.0,-0.3728769168325715
1.018,0.0,0.9340461329622836,0.0,0.8125265388541291,0.0,-0.3738994825842794
1.02,0.0,0.9356704375592988,0.0,0.8117777172943755,0.0,-0.37492208266931837
1.022,0.0,0.937293242467973,0.0,0.8110268505023411,0.0,-0.3759447144201028
1.024,0.0,0.9389145435977796,0.0,0.8102739384173654,0.0,-0.37696737516542766
1.026,0.0,0.9405343368580767,0.0,0.8095189809841329,0.0,-0.3779900622304726
1.028,0.0,0.942152618158117,0.0,0.8087619781526825,0.0,-0.3790127729368051
1.03,0.0,0.9437693834070587,0.0,0.8080029298784128,0.0,-0.3800355046023839
1.032,0.0,0.945384628513976,0.0,0.8072418361220903,0.0,-0.381058254541562
1.034,0.0,0.9469983493878696,0.0,0.8064786968498571,0.0,-0.38208102006509126
1.036,0.0,0.9486105419376789,0.0,0.8057135120332356,0.0,-0.3831037984801251
1.038,0.0,0.9502212020722909,0.0,0.8049462816491397,0.0,-0.38412658709022274
1.04,0.0,0.951830325700552,0.0,0.8041770056798779,0.0,-0.3851493831953516
1.042,0.0,0.9534379087312788,0.0,0.8034056841131638,0.0,-0.3861721840918928
1.044,0.0,0.9550439470732682,0.0,0.8026323169421209,0.0,-0.38719498707264277
1.046,0.0,0.9566484366353099,0.0,0.8018569041652909,0.0,-0.3882177894268184
1.048,0.0,0.9582513733261948,0.0,0.8010794457866409,0.0,-0.38924058844006015
1.05,0.0,0.9598527530547281,0.0,0.8002999418155697,0.0,-0.3902633813944353
1.052,0.0,0.9614525717297385,0.0,0.7995183922669167,0.0,-0.3912861655684426
1.054,0.0,0.9630508252600907,0.0,0.7987347971609662,0.0,-0.39230893823701474
1.056,0.0,0.9646475095546945,0.0,0.7979491565234578,0.0,-0.39333169667152423
1.058,0.0,0.9662426205225176,0.0,0.7971614703855909,0.0,-0.3943544381397844
1.06,0.0,0.9678361540725944,0.0,0.7963717387840332,0.0,-0.39537715990605465
1.062,0.0,0.9694281061140391,0.0,0.7955799617609275,0.0,-0.39639985923104526
1.064,0.0,0.9710184725560553,0.0,0.7947861393638984,0.0,-0.3974225333719188
1.066,0.0,0.9726072493079474,0.0,0.7939902716460602,0.0,-0.39844517958229636
1.068,0.0,0.9741944322791313,0.0,0.7931923586660227,0.0,-0.3994677951122593
1.07,0.0,0.975780017379146,0.0,0.7923924004879002,0.0,-0.40049037720835534
1.072,0.0,0.9773640005176638,0.0,0.7915903971813165,0.0,-0.40151292311360026
1.074,0.0,0.9789463776045024,0.0,0.7907863488214132,0.0,-0.40253543006748305
1.076,0.0,0.9805271445496343,0.0,0.7899802554888569,0.0,-0.40355789530596997
1.078,0.0,0.9821062972632,0.0,0.7891721172698447,0.0,-0.4045803160615079
1.08,0.0,0.9836838316555172,0.0,0.7883619342561135,0.0,-0.40560268956302875
1.082,0.0,0.9852597436370927,0.0,0.7875497065449446,0.0,-0.40662501303595294
1.084,0.0,0.9868340291186337,0.0,0.7867354342391739,0.0,-0.40764728370219433
1.086,0.0,0.9884066840110584,0.0,0.7859191174471947,0.0,-0.40866949878016307
1.088,0.0,0.9899777042255073,0.0,0.7851007562829687,0.0,-0.4096916554847708
1.09,0.0,0.991547085673355,0.0,0.7842803508660302,0.0,-0.41071375102743385
1.092,0.0,0.9931148242662198,0.0,0.783457901321495,0.0,-0.41173578261607796
1.094,0.0,0.9946809159159763,0.0,0.7826334077800657,0.0,-0.4127577474551418
1.096,0.0,0.9962453565347662,0.0,0.78180687037804,0.0,-0.4137796427455812
1.098,0.0,0.9978081420350091,0.0,0.7809782892573174,0.0,-0.4148014656848745
1.1,0.0,0.9993692683294145,0.0,0.7801476645654052,0.0,-0.4158232134670249
1.102,0.0,1.000928731330992,0.0,0.7793149964554269,0.0,-0.41684488328256564
1.104,0.0,1.0024865269530632,0.0,0.7784802850861279,0.0,-0.41786647231856405
1.106,0.0,1.004042651109273,0.0,0.7776435306218833,0.0,-0.4188879777586261
1.108,0.0,1.0055970997136006,0.0,0.776804733232704,0.0,-0.41990939678290007
1.11,0.0,1.0071498686803708,0.0,0.7759638930942442,0.0,-0.4209307265680807
1.112,0.0,1.0087009539242655,0.0,0.7751210103878087,0.0,-0.4219519642874152
1.114,0.0,1.0102503513603347,0.0,0.7742760853003584,0.0,-0.42297310711070457
1.116,0.0,1.011798056904008,0.0,0.7734291180245189,0.0,-0.42399415220431097
1.118,0.0,1.0133440664711058,0.0,0.7725801087585857,0.0,-0.42501509673115956
1.12,0.0,1.0148883759778513,0.0,0.7717290577065324,0.0,-0.42603593785074517
1.122,0.0,1.016430981340881,0.0,0.7708759650780169,0.0,-0.4270566727191346
1.124,0.0,1.0179718784772558,0.0,0.7700208310883881,0.0,-0.42807729848897186
1.1260000000000001,0.0,1.0195110633044744,0.0,0.7691636559586936,0.0,-0.4290978123094841
1.1280000000000001,0.0,1.0210485317404816,0.0,0.7683044399156858,0.0,-0.4301182113264827
1.1300000000000001,0.0,1.022584279703683,0.0,0.7674431831918285,0.0,-0.43113849268237137
1.1320000000000001,0.0,1.0241183031129537,0.0,0.7665798860253042,0.0,-0.4321586535161479
1.1340000000000001,0.0,1.0256505978876516,0.0,0.7657145486600215,0.0,-0.43317869096341033
1.1360000000000001,0.0,1.0271811599476277,0.0,0.7648471713456201,0.0,-0.43419860215636025
1.1380000000000001,0.0,1.028709985213238,0.0,0.7639777543374796,0.0,-0.4352183842238089
1.1400000000000001,0.0,1.0302370696053558,0.0,0.7631062978967249,0.0,-0.43623803429118
1.1420000000000001,0.0,1.0317624090453812,0.0,0.7622328022902334,0.0,-0.43725754948051543
1.1440000000000001,0.0,1.0332859994552543,0.0,0.7613572677906422,0.0,-0.4382769269104797
1.1460000000000001,0.0,1.0348078367574671,0.0,0.7604796946763542,0.0,-0.4392961636963646
1.1480000000000001,0.0,1.0363279168750728,0.0,0.7596000832315448,0.0,-0.440315256950093
1.1500000000000001,0.0,1.0378462357316993,0.0,0.7587184337461695,0.0,-0.4413342037802251
1.1520000000000001,0.0,1.0393627892515607,0.0,0.7578347465159694,0.0,-0.44235300129196137
1.154,0.0,1.0408775733594675,0.0,0.7569490218424794,0.0,-0.443371646587149
1.156,0.0,1.0423905839808398,0.0,0.7560612600330329,0.0,-0.444390136764285
1.158,0.0,1.0439018170417176,0.0,0.7551714614007707,0.0,-0.4454084689185226
1.16,0.0,1.0454112684687735,0.0,0.7542796262646462,0.0,-0.4464266401416743
1.162,0.0,1.0469189341893235,0.0,0.7533857549494324,0.0,-0.44744464752221735
1.164,0.0,1.0484248101313387,0.0,0.7524898477857289,0.0,-0.44846248814529965
1.166,0.0,1.0499288922234582,0.0,0.7515919051099682,0.0,-0.4494801590927431
1.168,0.0,1.0514311763949986,0.0,0.7506919272644227,0.0,-0.45049765744304887
1.17,0.0,1.0529316585759678,0.0,0.7497899145972104,0.0,-0.4515149802714023
1.172,0.0,1.0544303346970756,0.0,0.7488858674623036,0.0,-0.45253212464967874
1.174,0.0,1.055927200689745,0.0,0.7479797862195326,0.0,-0.4535490876464463
1.176,0.0,1.0574222524861254,0.0,0.7470716712345953,0.0,-0.4545658663269733
1.178,0.0,1.0589154860191028,0.0,0.746161522879061,0.0,-0.45558245775323103
1.18,0.0,1.0604068972223128,0.0,0.7452493415303794,0.0,-0.4565988589839007
1.182,0.0,1.061896482030151,0.0,0.7443351275718854,0.0,-0.45761506707437627
1.184,0.0,1.0633842363777866,0.0,0.743418881392807,0.0,-0.45863107907677175
1.186,0.0,1.064870156201172,0.0,0.7425006033882711,0.0,-0.45964689203992426
1.188,0.0,1.0663542374370565,0.0,0.7415802939593096,0.0,-0.4606625030094007
1.19,0.0,1.0678364760229972,0.0,0.7406579535128677,0.0,-0.4616779090275011
1.192,0.0,1.0693168678973715,0.0,0.7397335824618079,0.0,-0.46269310713326595
1.194,0.0,1.0707954089993872,0.0,0.7388071812249186,0.0,-0.46370809436247895
1.196,0.0,1.0722720952690967,0.0,0.7378787502269206,0.0,-0.4647228677476737
1.198,0.0,1.0737469226474077,0.0,0.7369482898984712,0.0,-0.4657374243181385
1.2,0.0,1.0752198870760947,0.0,0.7360158006761738,0.0,-0.4667517610999213
1.202,0.0,1.0766909844978114,0.0,0.735081283002582,0.0,-0.4677658751158349
1.204,0.0,1.0781602108561033,0.0,0.7341447373262078,0.0,-0.46877976338546257
1.206,0.0,1.0796275620954172,0.0,0.7332061641015268,0.0,-0.4697934229251629
1.208,0.0,1.0810930341611171,0.0,0.7322655637889849,0.0,-0.4708068507480752
1.21,0.0,1.0825566229994923,0.0,0.7313229368550056,0.0,-0.4718200438641249
1.212,0.0,1.084018324557771,0.0,0.7303782837719952,0.0,-0.4728329992800283
1.214,0.0,1.085478134784133,0.0,0.7294316050183499,0.0,-0.4738457139992989
1.216,0.0,1.08693604962772,0.0,0.7284829010784623,0.0,-0.47485818502225163
1.218,0.0,1.0883920650386494,0.0,0.7275321724427268,0.0,-0.4758704093460091
1.22,0.0,1.0898461769680245,0.0,0.7265794196075481,0.0,-0.47688238396450655
1.222,0.0,1.0912983813679482,0.0,0.725624643075345,0.0,-0.477894105868497
1.224,0.0,1.0927486741915335,0.0,0.7246678433545587,0.0,-0.4789055720455575
1.226,0.0,1.0941970513929167,0.0,0.7237090209596578,0.0,-0.4799167794800937
1.228,0.0,1.0956435089272696,0.0,0.7227481764111459,0.0,-0.48092772515334625
1.23,0.0,1.0970880427508098,0.0,0.7217853102355666,0.0,-0.4819384060433948
1.232,0.0,1.0985306488208153,0.0,0.720820422965511,0.0,-0.4829488191251653
1.234,0.0,1.0999713230956347,0.0,0.7198535151396235,0.0,-0.4839589613704346
1.236,0.0,1.1014100615346996,0.0,0.7188845873026078,0.0,-0.4849688297478353
1.238,0.0,1.102846860098538,0.0,0.7179136400052337,0.0,-0.4859784212228633
1.24,0.0,1.104281714748785,0.0,0.7169406738043429,0.0,-0.486987732757881
1.242,0.0,1.105714621448195,0.0,0.715965689262856,0.0,-0.487996761312125
1.244,0.0,1.107145576160655,0.0,0.7149886869497774,0.0,-0.48900550384171004
1.246,0.0,1.1085745748511961,0.0,0.7140096674402034,0.0,-0.4900139572996367
1.248,0.0,1.1100016134860056,0.0,0.7130286313153267,0.0,-0.4910221186357946
1.25,0.0,1.1114266880324386,0.0,0.7120455791624434,0.0,-0.49202998479696947
1.252,0.0,1.1128497944590319,0.0,0.7110605115749598,0.0,-0.4930375527268496
1.254,0.0,1.114270928735515,0.0,0.7100734291523966,0.0,-0.49404481936602984
1.256,0.0,1.115690086832822,0.0,0.7090843325003976,0.0,-0.4950517816520188
1.258,0.0,1.1171072647231044,0.0,0.7080932222307343,0.0,-0.496058436519243
1.26,0.0,1.1185224583797448,0.0,0.7071000989613121,0.0,-0.49706478089905565
1.262,0.0,1.1199356637773659,0.0,0.7061049633161773,0.0,-0.4980708117197386
1.264,0.0,1.1213468768918458,0.0,0.7051078159255224,0.0,-0.4990765259065114
1.266,0.0,1.1227560937003287,0.0,0.7041086574256924,0.0,-0.5000819203815355
1.268,0.0,1.1241633101812374,0.0,0.7031074884591914,0.0,-0.5010869920639199
1.27,0.0,1.1255685223142864,0.0,0.7021043096746878,0.0,-0.5020917378697287
1.272,0.0,1.1269717260804937,0.0,0.7010991217270213,0.0,-0.5030961547119854
1.274,0.0,1.128372917462193,0.0,0.7000919252772085,0.0,-0.5041002395006802
1.276,0.0,1.1297720924430457,0.0,0.6990827209924496,0.0,-0.5051039891427739
1.278,0.0,1.1311692470080548,0.0,0.6980715095461327,0.0,-0.5061074005422068
1.28,0.0,1.1325643771435756,0.0,0.6970582916178419,0.0,-0.5071104705999021
1.282,0.0,1.1339574788373288,0.0,0.6960430678933622,0.0,-0.5081131962137732
1.284,0.0,1.1353485480784127,0.0,0.6950258390646861,0.0,-0.5091155742787296
1.286,0.0,1.1367375808573168,0.0,0.6940066058300183,0.0,-0.5101176016866829
1.288,0.0,1.1381245731659315,0.0,0.6929853688937846,0.0,-0.5111192753265529
1.29,0.0,1.1395095209975645,0.0,0.6919621289666337,0.0,-0.5121205920842739
1.292,0.0,1.1408924203469488,0.0,0.6909368867654468,0.0,-0.5131215488428005
1.294,0.0,1.1422732672102587,0.0,0.6899096430133418,0.0,-0.5141221424821136
1.296,0.0,1.143652057585121,0.0,0.6888803984396799,0.0,-0.515122369879228
1.298,0.0,1.1450287874706266,0.0,0.6878491537800706,0.0,-0.5161222279081958
1.3,0.0,1.146403452867345,0.0,0.6868159097763782,0.0,-0.5171217134401158
1.302,0.0,1.1477760497773346,0.0,0.685780667176729,0.0,-0.5181208233431378
1.304,0.0,1.1491465742041573,0.0,0.6847434267355147,0.0,-0.5191195544824689
1.306,0.0,1.1505150221528893,0.0,0.6837041892134001,0.0,-0.5201179037203814
1.308,0.0,1.1518813896301348,0.0,0.6826629553773279,0.0,-0.5211158679162163
1.31,0.0,1.1532456726440379,0.0,0.6816197260005258,0.0,-0.5221134439263928
1.312,0.0,1.154607867204296,0.0,0.6805745018625103,0.0,-0.5231106286044123
1.314,0.0,1.1559679693221712,0.0,0.6795272837490954,0.0,-0.5241074188008658
1.316,0.0,1.1573259750105034,0.0,0.6784780724523962,0.0,-0.52510381136344
1.318,0.0,1.1586818802837238,0.0,0.6774268687708345,0.0,-0.5260998031369238
1.32,0.0,1.1600356811578665,0.0,0.6763736735091467,0.0,-0.5270953909632154
1.322,0.0,1.161387373650581,0.0,0.675318487478387,0.0,-0.5280905716813271
1.324,0.0,1.1627369537811454,0.0,0.6742613114959358,0.0,-0.5290853421273934
1.326,0.0,1.1640844175704794,0.0,0.6732021463855032,0.0,-0.5300796991346769
1.328,0.0,1.1654297610411555,0.0,0.6721409929771359,0.0,-0.5310736395335743
1.33,0.0,1.1667729802174132,0.0,0.6710778521072228,0.0,-0.5320671601516244
1.332,0.0,1.1681140711251716,0.0,0.6700127246185001,0.0,-0.5330602578135126
1.334,0.0,1.1694530297920407,0.0,0.6689456113600583,0.0,-0.5340529293410795
1.336,0.0,1.1707898522473357,0.0,0.667876513187346,0.0,-0.5350451715533262
1.338,0.0,1.1721245345220883,0.0,0.6668054309621777,0.0,-0.5360369812664216
1.34,0.0,1.1734570726490614,0.0,0.6657323655527374,0.0,-0.5370283552937087
1.342,0.0,1.1747874626627592,0.0,0.6646573178335862,0.0,-0.5380192904457108
1.344,0.0,1.176115700599443,0.0,0.6635802886856663,0.0,-0.5390097835301404
1.346,0.0,1.177441782497141,0.0,0.6625012789963073,0.0,-0.5399998313519024
1.348,0.0,1.1787657043956628,0.0,0.6614202896592324,0.0,-0.5409894307131038
1.35,0.0,1.1800874623366127,0.0,0.6603373215745625,0.0,-0.5419785784130592
1.352,0.0,1.1814070523634004,0.0,0.6592523756488232,0.0,-0.5429672712482978
1.354,0.0,1.1827244705212558,0.0,0.6581654527949498,0.0,-0.5439555060125699
1.356,0.0,1.1840397128572409,0.0,0.6570765539322928,0.0,-0.5449432794968544
1.358,0.0,1.1853527754202626,0.0,0.6559856799866237,0.0,-0.5459305884893649
1.36,0.0,1.1866636542610864,0.0,0.6548928318901396,0.0,-0.5469174297755575
1.362,0.0,1.1879723454323483,0.0,0.6537980105814702,0.0,-0.5479038001381363
1.364,0.0,1.1892788449885676,0.0,0.6527012170056827,0.0,-0.5488896963570618
1.366,0.0,1.1905831489861605,0.0,0.6516024521142864,0.0,-0.5498751152095567
1.368,0.0,1.1918852534834528,0.0,0.6505017168652392,0.0,-0.5508600534701132
1.37,0.0,1.1931851545406924,0.0,0.6493990122229527,0.0,-0.5518445079105009
1.372,0.0,1.194482848220063,0.0,0.6482943391582978,0.0,-0.5528284752997722
1.374,0.0,1.1957783305856955,0.0,0.6471876986486099,0.0,-0.5538119524042704
1.3760000000000001,0.0,1.1970715977036832,0.0,0.6460790916776945,0.0,-0.5547949359876364
1.3780000000000001,0.0,1.1983626456420922,0.0,0.6449685192358328,0.0,-0.5557774228108157
1.3800000000000001,0.0,1.1996514704709766,0.0,0.6438559823197859,0.0,-0.5567594096320655
1.3820000000000001,0.0,1.2009380682623905,0.0,0.642741481932802,0.0,-0.5577408932069626
1.3840000000000001,0.0,1.2022224350904003,0.0,0.6416250190846203,0.0,-0.5587218702884087
1.3860000000000001,0.0,1.203504567031099,0.0,0.6405065947914771,0.0,-0.55970233762664
1.3880000000000001,0.0,1.2047844601626179,0.0,0.6393862100761107,0.0,-0.5606822919692311
1.3900000000000001,0.0,1.2060621105651412,0.0,0.6382638659677674,0.0,-0.5616617300611068
1.3920000000000001,0.0,1.2073375143209175,0.0,0.6371395635022052,0.0,-0.5626406486445443
1.3940000000000001,0.0,1.2086106675142732,0.0,0.6360133037217016,0.0,-0.5636190444591841
1.3960000000000001,0.0,1.2098815662316267,0.0,0.6348850876750565,0.0,-0.5645969142420355
1.3980000000000001,0.0,1.2111502065614994,0.0,0.6337549164175985,0.0,-0.565574254727484
1.4000000000000001,0.0,1.212416584594531,0.0,0.6326227910111902,0.0,-0.5665510626472999
1.4020000000000001,0.0,1.2136806964234903,0.0,0.6314887125242334,0.0,-0.5675273347306434
1.4040000000000001,0.0,1.2149425381432906,0.0,0.630352682031674,0.0,-0.5685030677040747
1.4060000000000001,0.0,1.2162021058510009,0.0,0.6292147006150075,0.0,-0.5694782582915584
1.408,0.0,1.21745939564586,0.0,0.6280747693622842,0.0,-0.5704529032144734
1.41,0.0,1.2187144036292885,0.0,0.6269328893681138,0.0,-0.5714269991916184
1.412,0.0,1.2199671259049052,0.0,0.625789061733671,0.0,-0.5724005429392215
1.414,0.0,1.2212175585785348,0.0,0.6246432875667006,0.0,-0.5733735311709447
1.416,0.0,1.2224656977582264,0.0,0.6234955679815234,0.0,-0.5743459605978946
1.418,0.0,1.2237115395542626,0.0,0.6223459040990399,0.0,-0.575317827928627
1.42,0.0,1.2249550800791758,0.0,0.6211942970467357,0.0,-0.576289129869157
1.422,0.0,1.226196315447759,0.0,0.6200407479586875,0.0,-0.5772598631229641
1.424,0.0,1.2274352417770804,0.0,0.6188852579755677,0.0,-0.5782300243910021
1.426,0.0,1.228671855186496,0.0,0.6177278282446483,0.0,-0.5791996103717048
1.428,0.0,1.2299061517976628,0.0,0.6165684599198084,0.0,-0.5801686177609945
1.43,0.0,1.2311381277345528,0.0,0.6154071541615364,0.0,-0.5811370432522894
1.432,0.0,1.2323677791234646,0.0,0.6142439121369372,0.0,-0.5821048835365121
1.434,0.0,1.2335951020930385,0.0,0.6130787350197359,0.0,-0.5830721353020953
1.436,0.0,1.2348200927742687,0.0,0.6119116239902836,0.0,-0.584038795234992
1.438,0.0,1.236042747300516,0.0,0.610742580235562,0.0,-0.5850048600186808
1.44,0.0,1.2372630618075229,0.0,0.6095716049491878,0.0,-0.5859703263341752
1.442,0.0,1.238481032433425,0.0,0.6083986993314185,0.0,-0.5869351908600315
1.444,0.0,1.2396966553187654,0.0,0.6072238645891567,0.0,-0.5878994502723549
1.446,0.0,1.2409099266065076,0.0,0.6060471019359557,0.0,-0.5888631012448098
1.448,0.0,1.2421208424420487,0.0,0.6048684125920231,0.0,-0.5898261404486247
1.45,0.0,1.243329398973233,0.0,0.6036877977842275,0.0,-0.5907885645526031
1.452,0.0,1.2445355923503651,0.0,0.6025052587461017,0.0,-0.591750370223129
1.454,0.0,1.2457394187262238,0.0,0.601320796717848,0.0,-0.5927115541241756
1.456,0.0,1.2469408742560744,0.0,0.6001344129463435,0.0,-0.593672112917314
1.458,0.0,1.2481399550976826,0.0,0.5989461086851444,0.0,-0.5946320432617196
1.46,0.0,1.2493366574113285,0.0,0.5977558851944914,0.0,-0.5955913418141816
1.462,0.0,1.2505309773598186,0.0,0.5965637437413127,0.0,-0.5965500052291096
1.464,0.0,1.2517229111085009,0.0,0.5953696855992316,0.0,-0.5975080301585433
1.466,0.0,1.2529124548252766,0.0,0.5941737120485688,0.0,-0.5984654132521581
1.468,0.0,1.254099604680614,0.0,0.5929758243763487,0.0,-0.5994221511572759
1.47,0.0,1.2552843568475631,0.0,0.5917760238763025,0.0,-0.6003782405188709
1.472,0.0,1.2564667075017675,0.0,0.5905743118488739,0.0,-0.6013336779795789
1.474,0.0,1.2576466528214785,0.0,0.5893706896012243,0.0,-0.6022884601797056
1.476,0.0,1.258824188987568,0.0,0.5881651584472365,0.0,-0.6032425837572332
1.478,0.0,1.2599993121835433,0.0,0.58695771970752,0.0,-0.6041960453478309
1.48,0.0,1.261172018595559,0.0,0.5857483747094142,0.0,-0.6051488415848607
1.482,0.0,1.2623423044124311,0.0,0.5845371247869956,0.0,-0.6061009690993877
1.484,0.0,1.2635101658256511,0.0,0.5833239712810792,0.0,-0.6070524245201866
1.486,0.0,1.264675599029398,0.0,0.5821089155392261,0.0,-0.608003204473751
1.488,0.0,1.2658386002205535,0.0,0.5808919589157462,0.0,-0.6089533055843012
1.49,0.0,1.2669991655987138,0.0,0.579673102771703,0.0,-0.6099027244737922
1.492,0.0,1.268157291366205,0.0,0.5784523484749183,0.0,-0.6108514577619245
1.494,0.0,1.2693129737280948,0.0,0.5772296973999776,0.0,-0.6117995020661474
1.496,0.0,1.270466208892207,0.0,0.576005150928233,0.0,-0.612746854001673
1.498,0.0,1.271616993069135,0.0,0.574778710447808,0.0,-0.6136935101814798
1.5,0.0,1.2727653224722557,0.0,0.5735503773536035,0.0,-0.6146394672163251
1.502,0.0,1.2739111933177414,0.0,0.5723201530473006,0.0,-0.6155847217147503
1.504,0.0,1.2750546018245754,0.0,0.5710880389373646,0.0,-0.616529270283091
1.506,0.0,1.276195544214565,0.0,0.569854036439052,0.0,-0.6174731095254855
1.508,0.0,1.277334016712354,0.0,0.5686181469744119,0.0,-0.6184162360438821
1.51,0.0,1.2784700155454376,0.0,0.5673803719722923,0.0,-0.6193586464380492
1.512,0.0,1.2796035369441752,0.0,0.5661407128683441,0.0,-0.6203003373055821
1.514,0.0,1.2807345771418044,0.0,0.5648991711050244,0.0,-0.6212413052419135
1.516,0.0,1.2818631323744551,0.0,0.5636557481316017,0.0,-0.6221815468403205
1.518,0.0,1.2829891988811615,0.0,0.5624104454041606,0.0,-0.6231210586919335
1.52,0.0,1.2841127729038775,0.0,0.5611632643856056,0.0,-0.6240598373857461
1.522,0.0,1.2852338506874894,0.0,0.5599142065456649,0.0,-0.6249978795086211
1.524,0.0,1.28635242847983,0.0,0.5586632733608955,0.0,-0.6259351816453026
1.526,0.0,1.2874685025316919,0.0,0.5574104663146862,0.0,-0.6268717403784217
1.528,0.0,1.2885820690968415,0.0,0.5561557868972635,0.0,-0.6278075522885075
1.53,0.0,1.2896931244320315,0.0,0.554899236605695,0.0,-0.6287426139539929
1.532,0.0,1.290801664797017,0.0,0.5536408169438932,0.0,-0.6296769219512268
1.534,0.0,1.291907686454567,0.0,0.5523805294226195,0.0,-0.6306104728544815
1.536,0.0,1.2930111856704796,0.0,0.5511183755594896,0.0,-0.6315432632359599
1.538,0.0,1.2941121587135933,0.0,0.5498543568789767,0.0,-0.6324752896658066
1.54,0.0,1.2952106018558045,0.0,0.5485884749124154,0.0,-0.6334065487121159
1.542,0.0,1.2963065113720775,0.0,0.5473207311980066,0.0,-0.6343370369409403
1.544,0.0,1.2973998835404612,0.0,0.5460511272808207,0.0,-0.6352667509162999
1.546,0.0,1.2984907146421003,0.0,0.5447796647128021,0.0,-0.6361956872001913
1.548,0.0,1.299579000961251,0.0,0.5435063450527741,0.0,-0.6371238423525958
1.55,0.0,1.3006647387852937,0.0,0.5422311698664408,0.0,-0.6380512129314897
1.552,0.0,1.3017479244047474,0.0,0.5409541407263933,0.0,-0.638977795492852
1.554,0.0,1.302828554113283,0.0,0.5396752592121118,0.0,-0.6399035865906739
1.556,0.0,1.303906624207737,0.0,0.5383945269099716,0.0,-0.6408285827769683
1.558,0.0,1.3049821309881262,0.0,0.5371119454132449,0.0,-0.6417527806017777
1.56,0.0,1.3060550707576604,0.0,0.5358275163221063,0.0,-0.6426761766131848
1.562,0.0,1.3071254398227563,0.0,0.534541241243637,0.0,-0.6435987673573196
1.564,0.0,1.3081932344930522,0.0,0.5332531217918262,0.0,-0.644520549378371
1.566,0.0,1.3092584510814218,0.0,0.5319631595875774,0.0,-0.6454415192185937
1.568,0.0,1.3103210859039862,0.0,0.530671356258712,0.0,-0.6463616734183185
1.57,0.0,1.31138113528013,0.0,0.5293777134399719,0.0,-0.6472810085159612
1.572,0.0,1.3124385955325137,0.0,0.5280822327730251,0.0,-0.6481995210480321
1.574,0.0,1.3134934629870887,0.0,0.5267849159064673,0.0,-0.6491172075491447
1.576,0.0,1.3145457339731101,0.0,0.5254857644958273,0.0,-0.6500340645520253
1.578,0.0,1.3155954048231508,0.0,0.5241847802035707,0.0,-0.6509500885875219
1.58,0.0,1.3166424718731162,0.0,0.5228819646991026,0.0,-0.6518652761846144
1.582,0.0,1.3176869314622566,0.0,0.521577319658773,0.0,-0.6527796238704227
1.584,0.0,1.3187287799331826,0.0,0.5202708467658783,0.0,-0.6536931281702166
1.586,0.0,1.3197680136318786,0.0,0.518962547710667,0.0,-0.6546057856074265
1.588,0.0,1.320804628907715,0.0,0.5176524241903425,0.0,-0.6555175927036494
1.59,0.0,1.3218386221134657,0.0,0.5163404779090665,0.0,-0.6564285459786618
1.592,0.0,1.322869989605318,0.0,0.5150267105779635,0.0,-0.6573386419504275
1.594,0.0,1.3238987277428895,0.0,0.5137111239151227,0.0,-0.6582478771351067
1.596,0.0,1.3249248328892405,0.0,0.5123937196456048,0.0,-0.6591562480470667
1.598,0.0,1.3259483014108886,0.0,0.5110744995014413,0.0,-0.6600637511988903
1.6,0.0,1.3269691296778225,0.0,0.5097534652216419,0.0,-0.660970383101386
1.602,0.0,1.3279873140635154,0.0,0.5084306185521958,0.0,-0.661876140263597
1.604,0.0,1.3290028509449399,0.0,0.5071059612460762,0.0,-0.662781019192811
1.606,0.0,1.3300157367025816,0.0,0.5057794950632428,0.0,-0.6636850163945697
1.608,0.0,1.331025967720453,0.0,0.504451221770647,0.0,-0.6645881283726797
1.61,0.0,1.3320335403861068,0.0,0.5031211431422333,0.0,-0.6654903516292193
1.612,0.0,1.3330384510906519,0.0,0.501789260958944,0.0,-0.6663916826645507
1.614,0.0,1.3340406962287645,0.0,0.5004555770087235,0.0,-0.6672921179773287
1.616,0.0,1.3350402721987051,0.0,0.49912009308651856,0.0,-0.6681916540645099
1.618,0.0,1.3360371754023304,0.0,0.4977828109942856,0.0,-0.6690902874213639
1.62,0.0,1.3370314022451082,0.0,0.4964437325409907,0.0,-0.6699880145414809
1.622,0.0,1.3380229491361308,0.0,0.4951028595426161,0.0,-0.6708848319167844
1.624,0.0,1.3390118124881303,0.0,0.4937601938221599,0.0,-0.6717807360375374
1.6260000000000001,0.0,1.3399979887174913,0.0,0.49241573720964316,0.0,-0.6726757233923555
1.6280000000000001,0.0,1.3409814742442656,0.0,0.4910694915421099,0.0,-0.6735697904682143
1.6300000000000001,0.0,1.3419622654921857,0.0,0.4897214586636327,0.0,-0.6744629337504606
1.6320000000000001,0.0,1.34294035888868,0.0,0.4883716404253148,0.0,-0.6753551497228222
1.6340000000000001,0.0,1.3439157508648856,0.0,0.48702003868529314,0.0,-0.6762464348674169
1.6360000000000001,0.0,1.3448884378556634,0.0,0.4856666553087431,0.0,-0.6771367856647639
1.6380000000000001,0.0,1.345858416299611,0.0,0.4843114921678795,0.0,-0.6780261985937917
1.6400000000000001,0.0,1.346825682639078,0.0,0.48295455114196173,0.0,-0.6789146701318503
1.6420000000000001,0.0,1.3477902333201794,0.0,0.48159583411729573,0.0,-0.6798021967547192
1.6440000000000001,0.0,1.34875206479281,0.0,0.48023534298723713,0.0,-0.6806887749366194
1.6460000000000001,0.0,1.3497111735106582,0.0,0.4788730796521948,0.0,-0.681574401150221
1.6480000000000001,0.0,1.3506675559312205,0.0,0.47750904601963395,0.0,-0.6824590718666559
1.6500000000000001,0.0,1.3516212085158146,0.0,0.4761432440040797,0.0,-0.6833427835555255
1.6520000000000001,0.0,1.3525721277295957,0.0,0.4747756755271184,0.0,-0.6842255326849126
1.6540000000000001,0.0,1.3535203100415676,0.0,0.473406342517402,0.0,-0.68510731572139
1.6560000000000001,0.0,1.3544657519246004,0.0,0.4720352469106512,0.0,-0.6859881291300328
1.6580000000000001,0.0,1.3554084498554406,0.0,0.47066239064965804,0.0,-0.6868679693744252
1.6600000000000001,0.0,1.3563484003147293,0.0,0.46928777568428814,0.0,-0.6877468329166745
1.6620000000000001,0.0,1.3572855997870128,0.0,0.4679114039714855,0.0,-0.6886247162174183
1.6640000000000001,0.0,1.3582200447607593,0.0,0.46653327747527357,0.0,-0.6895016157358363
1.666,0.0,1.3591517317283721,0.0,0.4651533981667586,0.0,-0.6903775279296599
1.668,0.0,1.3600806571862034,0.0,0.4637717680241337,0.0,-0.6912524492551837
1.67,0.0,1.361006817634569,0.0,0.4623883890326803,0.0,-0.6921263761672733
1.672,0.0,1.361930209577763,0.0,0.46100326318477114,0.0,-0.6929993051193785
1.674,0.0,1.36285082952407,0.0,0.45961639247987485,0.0,-0.693871232563541
1.676,0.0,1.3637686739857822,0.0,0.4582277789245554,0.0,-0.6947421549504068
1.678,0.0,1.3646837394792104,0.0,0.45683742453247833,0.0,-0.695612068729236
1.68,0.0,1.3655960225247012,0.0,0.4554453313244118,0.0,-0.6964809703479126
1.682,0.0,1.3665055196466491,0.0,0.454051501328229,0.0,-0.6973488562529554
1.684,0.0,1.3674122273735119,0.0,0.45265593657891234,0.0,-0.6982157228895283
1.686,0.0,1.3683161422378238,0.0,0.45125863911855424,0.0,-0.6990815667014513
1.688,0.0,1.3692172607762112,0.0,0.44985961099636135,0.0,-0.6999463841312102
1.69,0.0,1.3701155795294055,0.0,0.44845885426865656,0.0,-0.7008101716199676
1.692,0.0,1.3710110950422576,0.0,0.4470563709988821,0.0,-0.7016729256075728
1.694,0.0,1.371903803863753,0.0,0.44565216325760143,0.0,-0.702534642532574
1.696,0.0,1.3727937025470254,0.0,0.4442462331225021,0.0,-0.7033953188322274
1.698,0.0,1.3736807876493704,0.0,0.4428385826783985,0.0,-0.7042549509425071
1.7,0.0,1.3745650557322608,0.0,0.44142921401723506,0.0,-0.7051135352981182
1.702,0.0,1.3754465033613605,0.0,0.44001812923808703,0.0,-0.7059710683325056
1.704,0.0,1.3763251271065384,0.0,0.4386053304471646,0.0,-0.706827546477864
1.706,0.0,1.3772009235418834,0.0,0.43719081975781426,0.0,-0.7076829661651518
1.708,0.0,1.3780738892457176,0.0,0.4357745992905226,0.0,-0.7085373238240983
1.71,0.0,1.3789440208006118,0.0,0.43435667117291743,0.0,-0.7093906158832166
1.712,0.0,1.3798113147933988,0.0,0.4329370375397713,0.0,-0.7102428387698125
1.714,0.0,1.3806757678151882,0.0,0.43151570053300264,0.0,-0.7110939889099979
1.716,0.0,1.381537376461381,0.0,0.43009266230167886,0.0,-0.7119440627286994
1.718,0.0,1.3823961373316827,0.0,0.4286679250020196,0.0,-0.7127930566496695
1.72,0.0,1.383252047030119,0.0,0.427241490797397,0.0,-0.7136409670954984
1.722,0.0,1.3841051021650492,0.0,0.4258133618583399,0.0,-0.714487790487624
1.724,0.0,1.384955299349181,0.0,0.4243835403625355,0.0,-0.7153335232463434
1.726,0.0,1.3858026351995845,0.0,0.422952028494831,0.0,-0.7161781617908226
1.728,0.0,1.3866471063377066,0.0,0.42151882844723637,0.0,-0.7170217025391095
1.73,0.0,1.3874887093893862,0.0,0.42008394241892716,0.0,-0.7178641419081432
1.732,0.0,1.3883274409848663,0.0,0.4186473726162459,0.0,-0.7187054763137654
1.734,0.0,1.3891632977588104,0.0,0.41720912125270465,0.0,-0.7195457021707307
1.736,0.0,1.3899962763503166,0.0,0.4157691905489863,0.0,-0.72038481589272
1.738,0.0,1.3908263734029314,0.0,0.41432758273294845,0.0,-0.7212228138923488
1.74,0.0,1.3916535855646635,0.0,0.412884300039624,0.0,-0.7220596925811795
1.742,0.0,1.3924779094879998,0.0,0.4114393447112239,0.0,-0.7228954483697331
1.744,0.0,1.3932993418299175,0.0,0.4099927189971391,0.0,-0.7237300776674989
1.746,0.0,1.3941178792519018,0.0,0.4085444251539423,0.0,-0.7245635768829468
1.748,0.0,1.3949335184199563,0.0,0.40709446544539063,0.0,-0.7253959424235374
1.75,0.0,1.3957462560046205,0.0,0.40564284214242674,0.0,-0.7262271706957346
1.752,0.0,1.396556088680982,0.0,0.4041895575231826,0.0,-0.7270572581050159
1.754,0.0,1.3973630131286923,0.0,0.40273461387297915,0.0,-0.7278862010558824
1.756,0.0,1.3981670260319812,0.0,0.4012780134843293,0.0,-0.7287139959518734
1.758,0.0,1.3989681240796703,0.0,0.3998197586569397,0.0,-0.7295406391955747
1.76,0.0,1.3997663039651878,0.0,0.398359851697714,0.0,-0.7303661271886304
1.762,0.0,1.4005615623865826,0.0,0.3968982949207518,0.0,-0.7311904563317548
1.764,0.0,1.4013538960465395,0.0,0.39543509064735366,0.0,-0.7320136230247444
1.766,0.0,1.402143301652393,0.0,0.3939702412060205,0.0,-0.7328356236664876
1.768,0.0,1.4029297759161419,0.0,0.3925037489324565,0.0,-0.7336564546549773
1.77,0.0,1.4037133155544632,0.0,0.3910356161695711,0.0,-0.7344761123873216
1.772,0.0,1.4044939172887274,0.0,0.3895658452674802,0.0,-0.7352945932597561
1.774,0.0,1.4052715778450118,0.0,0.38809443858350867,0.0,-0.736111893667654
1.776,0.0,1.4060462939541163,0.0,0.3866213984821899,0.0,-0.7369280100055386
1.778,0.0,1.4068180623515767,0.0,0.38514672733527067,0.0,-0.7377429386670951
1.78,0.0,1.4075868797776794,0.0,0.3836704275217104,0.0,-0.7385566760451813
1.782,0.0,1.4083527429774765,0.0,0.382192501427684,0.0,-0.7393692185318388
1.784,0.0,1.4091156487007985,0.0,0.3807129514465833,0.0,-0.7401805625183053
1.786,0.0,1.4098755937022716,0.0,0.3792317799790174,0.0,-0.7409907043950272
1.788,0.0,1.4106325747413289,0.0,0.37774898943281643,0.0,-0.7417996405516682
1.79,0.0,1.411386588582227,0.0,0.3762645822230315,0.0,-0.7426073673771237
1.792,0.0,1.41213763199406,0.0,0.37477856077193644,0.0,-0.7434138812595316
1.794,0.0,1.4128857017507732,0.0,0.3732909275090305,0.0,-0.7442191785862834
1.796,0.0,1.413630794631179,0.0,0.3718016848710375,0.0,-0.7450232557440364
1.798,0.0,1.41437290741897,0.0,0.3703108353019097,0.0,-0.7458261091187256
1.8,0.0,1.4151120369027332,0.0,0.36881838125282784,0.0,-0.7466277350955749
1.802,0.0,1.4158481798759666,0.0,0.3673243251822029,0.0,-0.747428130059109
1.804,0.0,1.4165813331370913,0.0,0.3658286695556777,0.0,-0.7482272903931653
1.806,0.0,1.4173114934894673,0.0,0.36433141684612774,0.0,-0.7490252124809059
1.808,0.0,1.418038657741407,0.0,0.3628325695336633,0.0,-0.7498218927048292
1.81,0.0,1.4187628227061913,0.0,0.3613321301056298,0.0,-0.750617327446781
1.812,0.0,1.4194839852020822,0.0,0.35983010105660984,0.0,-0.751411513087968
1.814,0.0,1.420202142052338,0.0,0.35832648488842456,0.0,-0.7522044460089686
1.816,0.0,1.420917290085229,0.0,0.35682128411013425,0.0,-0.7529961225897445
1.818,0.0,1.4216294261340494,0.0,0.3553145012380396,0.0,-0.7537865392096532
1.82,0.0,1.4223385470371341,0.0,0.35380613879568357,0.0,-0.7545756922474598
1.822,0.0,1.4230446496378724,0.0,0.35229619931385214,0.0,-0.7553635780813494
1.824,0.0,1.4237477307847217,0.0,0.3507846853305759,0.0,-0.7561501930889378
1.826,0.0,1.4244477873312236,0.0,0.3492715993911295,0.0,-0.7569355336472856
1.828,0.0,1.425144816136017,0.0,0.347756944048035,0.0,-0.7577195961329082
1.83,0.0,1.4258388140628528,0.0,0.3462407218610623,0.0,-0.7585023769217891
1.832,0.0,1.4265297779806099,0.0,0.3447229353972286,0.0,-0.7592838723893911
1.834,0.0,1.4272177047633066,0.0,0.3432035872308023,0.0,-0.7600640789106685
1.836,0.0,1.4279025912901187,0.0,0.3416826799433007,0.0,-0.7608429928600812
1.838,0.0,1.4285844344453915,0.0,0.3401602161234938,0.0,-0.7616206106116035
1.84,0.0,1.429263231118655,0.0,0.33863619836740383,0.0,-0.7623969285387382
1.842,0.0,1.429938978204639,0.0,0.3371106292783062,0.0,-0.7631719430145297
1.844,0.0,1.4306116726032865,0.0,0.3355835114667316,0.0,-0.7639456504115741
1.846,0.0,1.4312813112197693,0.0,0.3340548475504646,0.0,-0.7647180471020325
1.848,0.0,1.4319478909645018,0.0,0.33252464015454664,0.0,-0.7654891294576429
1.85,0.0,1.4326114087531558,0.0,0.33099289191127623,0.0,-0.7662588938497336
1.852,0.0,1.4332718615066748,0.0,0.3294596054602093,0.0,-0.7670273366492332
1.854,0.0,1.4339292461512891,0.0,0.32792478344816073,0.0,-0.7677944542266859
1.856,0.0,1.4345835596185292,0.0,0.3263884285292039,0.0,-0.7685602429522608
1.858,0.0,1.4352347988452423,0.0,0.32485054336467284,0.0,-0.7693246991957668
1.86,0.0,1.4358829607736034,0.0,0.32331113062316247,0.0,-0.7700878193266627
1.862,0.0,1.4365280423511337,0.0,0.3217701929805285,0.0,-0.7708495997140721
1.864,0.0,1.437170040530713,0.0,0.3202277331198895,0.0,-0.7716100367267931
1.866,0.0,1.4378089522705948,0.0,0.3186837537316255,0.0,-0.7723691267333136
1.868,0.0,1.4384447745344195,0.0,0.31713825751338137,0.0,-0.7731268661018209
1.87,0.0,1.4390775042912314,0.0,0.3155912471700649,0.0,-0.7738832512002162
1.872,0.0,1.439707138515491,0.0,0.3140427254138489,0.0,-0.7746382783961268
1.874,0.0,1.440333674187091,0.0,0.3124926949641705,0.0,-0.7753919440569174
1.8760000000000001,0.0,1.44095710829137,0.0,0.3109411585477332,0.0,-0.7761442445497044
1.8780000000000001,0.0,1.4415774378191266,0.0,0.30938811889850565,0.0,-0.7768951762413671
1.8800000000000001,0.0,1.442194659766636,0.0,0.30783357875772405,0.0,-0.7776447354985608
1.8820000000000001,0.0,1.4428087711356619,0.0,0.30627754087389025,0.0,-0.7783929186877301
1.8840000000000001,0.0,1.4434197689334731,0.0,0.3047200080027743,0.0,-0.7791397221751197
1.8860000000000001,0.0,1.4440276501728568,0.0,0.3031609829074135,0.0,-0.7798851423267892
1.8880000000000001,0.0,1.4446324118721332,0.0,0.3016004683581136,0.0,-0.7806291755086242
1.8900000000000001,0.0,1.4452340510551713,0.0,0.3000384671324485,0.0,-0.7813718180863498
1.8920000000000001,0.0,1.4458325647514019,0.0,0.29847498201526057,0.0,-0.782113066425543
1.8940000000000001,0.0,1.4464279499958326,0.0,0.2969100157986619,0.0,-0.782852916891645
1.8960000000000001,0.0,1.4470202038290632,0.0,0.2953435712820326,0.0,-0.783591365849976
1.8980000000000001,0.0,1.4476093232972984,0.0,0.29377565127202354,0.0,-0.7843284096657445
1.9000000000000001,0.0,1.4481953054523649,0.0,0.2922062585825544,0.0,-0.7850640447040635
1.9020000000000001,0.0,1.4487781473517232,0.0,0.2906353960348155,0.0,-0.7857982673299615
1.9040000000000001,0.0,1.449357846058484,0.0,0.28906306645726637,0.0,-0.786531073908395
1.9060000000000001,0.0,1.4499343986414224,0.0,0.28748927268563695,0.0,-0.787262460804263
1.9080000000000001,0.0,1.4505078021749922,0.0,0.2859140175629279,0.0,-0.787992424382419
1.9100000000000001,0.0,1.4510780537393402,0.0,0.2843373039394092,0.0,-0.7887209610076832
1.9120000000000001,0.0,1.451645150420321,0.0,0.2827591346726223,0.0,-0.7894480670448561
1.9140000000000001,0.0,1.4522090893095114,0.0,0.28117951262737867,0.0,-0.7901737388587325
1.9160000000000001,0.0,1.452769867504226,0.0,0.2795984406757599,0.0,-0.7908979728141122
1.9180000000000001,0.0,1.4533274821075297,0.0,0.2780159216971181,0.0,-0.791620765275815
1.92,0.0,1.453881930228254,0.0,0.2764319585780759,0.0,-0.7923421126086925
1.922,0.0,1.4544332089810108,0.0,0.27484655421252613,0.0,-0.7930620111776419
1.924,0.0,1.454981315486207,0.0,0.2732597115016312,0.0,-0.7937804573476183
1.926,0.0,1.4555262468700594,0.0,0.2716714333538249,0.0,-0.7944974474836478
1.928,0.0,1.456068000264608,0.0,0.27008172268480923,0.0,-0.7952129779508428
1.93,0.0,1.4566065728077329,0.0,0.26849058241755736,0.0,-0.7959270451144111
1.932,0.0,1.4571419616431662,0.0,0.26689801548231046,0.0,-0.796639645339673
1.934,0.0,1.4576741639205082,0.0,0.26530402481658044,0.0,-0.7973507749920709
1.936,0.0,1.4582031767952417,0.0,0.263708613365147,0.0,-0.7980604304371858
1.938,0.0,1.4587289974287463,0.0,0.2621117840800596,0.0,-0.7987686080407485
1.94,0.0,1.4592516229883123,0.0,0.2605135399206346,0.0,-0.7994753041686529
1.942,0.0,1.4597710506471568,0.0,0.25891388385345787,0.0,-0.8001805151869699
1.944,0.0,1.4602872775844369,0.0,0.2573128188523822,0.0,-0.8008842374619605
1.946,0.0,1.4608003009852641,0.0,0.25571034789852803,0.0,-0.8015864673600884
1.948,0.0,1.461310118040721,0.0,0.254106473980282,0.0,-0.8022872012480348
1.95,0.0,1.4618167259478727,0.0,0.25250120009329796,0.0,-0.80298643549271
1.952,0.0,1.4623201219097837,0.0,0.2508945292404954,0.0,-0.8036841664612682
1.954,0.0,1.462820303135531,0.0,0.24928646443205874,0.0,-0.8043803905211193
1.956,0.0,1.4633172668402195,0.0,0.24767700868543815,0.0,-0.8050751040399438
1.958,0.0,1.4638110102449968,0.0,0.2460661650253475,0.0,-0.8057683033857056
1.96,0.0,1.4643015305770664,0.0,0.24445393648376523,0.0,-0.8064599849266652
1.962,0.0,1.4647888250697036,0.0,0.2428403260999316,0.0,-0.8071501450313932
1.964,0.0,1.465272890962269,0.0,0.24122533692035103,0.0,-0.8078387800687843
1.966,0.0,1.4657537255002233,0.0,0.239608971998789,0.0,-0.8085258864080702
1.968,0.0,1.4662313259351434,0.0,0.23799123439627123,0.0,-0.8092114604188336
1.97,0.0,1.4667056895247332,0.0,0.2363721271810859,0.0,-0.8098954984710207
1.972,0.0,1.4671768135328427,0.0,0.2347516534287793,0.0,-0.8105779969349566
1.974,0.0,1.4676446952294788,0.0,0.23312981622215764,0.0,-0.8112589521813567
1.976,0.0,1.4681093318908216,0.0,0.23150661865128488,0.0,-0.8119383605813415
1.978,0.0,1.4685707207992391,0.0,0.22988206381348214,0.0,-0.8126162185064507
1.98,0.0,1.4690288592433005,0.0,0.22825615481332756,0.0,-0.8132925223286561
1.982,0.0,1.469483744517792,0.0,0.22662889476265455,0.0,-0.8139672684203747
1.984,0.0,1.46993537392373,0.0,0.22500028678055112,0.0,-0.8146404531544833
1.986,0.0,1.4703837447683772,0.0,0.22337033399335954,0.0,-0.8153120729043317
1.988,0.0,1.4708288543652557,0.0,0.22173903953467405,0.0,-0.8159821240437579
1.99,0.0,1.4712707000341618,0.0,0.2201064065453419,0.0,-0.8166506029470986
1.992,0.0,1.4717092791011817,0.0,0.21847243817345993,0.0,-0.8173175059892057
1.994,0.0,1.4721445888987041,0.0,0.21683713757437564,0.0,-0.8179828295454601
1.996,0.0,1.472576626765436,0.0,0.21520050791068487,0.0,-0.818646569991783
1.998,0.0,1.4730053900464168,0.0,0.2135625523522309,0.0,-0.8193087237046527
2.0,0.0,1.4734308760930328,0.0,0.21192327407610384,0.0,-0.8199692870611163
2.0020000000000002,0.0,1.4738530822630325,0.0,0.21028267626663866,0.0,-0.8206282564388058
2.004,0.0,1.4742720059205383,0.0,0.20864076211541555,0.0,-0.8212856282159479
2.0060000000000002,0.0,1.4746876444360653,0.0,0.20699753482125594,0.0,-0.8219413987713824
2.008,0.0,1.4750999951865318,0.0,0.20535299759022496,0.0,-0.8225955644845746
2.0100000000000002,0.0,1.4755090555552768,0.0,0.2037071536356258,0.0,-0.8232481217356272
2.012,0.0,1.4759148229320722,0.0,0.20206000617800338,0.0,-0.8238990669052972
2.0140000000000002,0.0,1.4763172947131387,0.0,0.20041155844513803,0.0,-0.8245483963750075
2.016,0.0,1.476716468301159,0.0,0.19876181367204862,0.0,-0.8251961065268638
2.0180000000000002,0.0,1.4771123411052947,0.0,0.1971107751009873,0.0,-0.8258421937436646
2.02,0.0,1.4775049105411973,0.0,0.19545844598144152,0.0,-0.8264866544089186
2.0220000000000002,0.0,1.4778941740310256,0.0,0.19380482957012965,0.0,-0.8271294849068572
2.024,0.0,1.478280129003459,0.0,0.1921499291310023,0.0,-0.8277706816224493
2.0260000000000002,0.0,1.4786627728937116,0.0,0.1904937479352377,0.0,-0.8284102409414147
2.028,0.0,1.4790421031435477,0.0,0.18883628926124363,0.0,-0.8290481592502381
2.0300000000000002,0.0,1.4794181172012948,0.0,0.18717755639465217,0.0,-0.829684432936185
2.032,0.0,1.4797908125218595,0.0,0.185517552628322,0.0,-0.8303190583873133
2.0340000000000003,0.0,1.4801601865667415,0.0,0.18385628126233355,0.0,-0.8309520319924885
2.036,0.0,1.4805262368040473,0.0,0.1821937456039897,0.0,-0.8315833501413991
2.0380000000000003,0.0,1.4808889607085054,0.0,0.18052994896781166,0.0,-0.8322130092245696
2.04,0.0,1.4812483557614808,0.0,0.17886489467554106,0.0,-0.8328410056333738
2.0420000000000003,0.0,1.4816044194509894,0.0,0.17719858605613303,0.0,-0.8334673357600508
2.044,0.0,1.4819571492717114,0.0,0.17553102644576,0.0,-0.8340919959977197
2.0460000000000003,0.0,1.4823065427250073,0.0,0.17386221918780553,0.0,-0.834714982740391
2.048,0.0,1.482652597318931,0.0,0.1721921676328653,0.0,-0.8353362923829833
2.05,0.0,1.4829953105682456,0.0,0.17052087513874337,0.0,-0.8359559213213378
2.052,0.0,1.4833346799944365,0.0,0.1688483450704516,0.0,-0.8365738659522313
2.054,0.0,1.4836707031257261,0.0,0.16717458080020756,0.0,-0.8371901226733911
2.056,0.0,1.4840033774970887,0.0,0.16549958570743206,0.0,-0.8378046878835087
2.058,0.0,1.4843327006502651,0.0,0.16382336317874793,0.0,-0.8384175579822568
2.06,0.0,1.4846586701337754,0.0,0.16214591660797703,0.0,-0.8390287293703003
2.062,0.0,1.484981283502936,0.0,0.16046724939613946,0.0,-0.8396381984493123
2.064,0.0,1.4853005383198714,0.0,0.15878736495145035,0.0,-0.8402459616219895
2.066,0.0,1.48561643215353,0.0,0.1571062666893198,0.0,-0.8408520152920651
2.068,0.0,1.4859289625796985,0.0,0.15542395803234735,0.0,-0.8414563558643242
2.07,0.0,1.4862381271810159,0.0,0.15374044241032397,0.0,-0.842058979744617
2.072,0.0,1.4865439235469877,0.0,0.15205572326022568,0.0,-0.8426598833398765
2.074,0.0,1.4868463492740007,0.0,0.15036980402621583,0.0,-0.8432590630581287
2.076,0.0,1.4871454019653372,0.0,0.1486826881596386,0.0,-0.8438565153085112
2.078,0.0,1.4874410792311896,0.0,0.14699437911902027,0.0,-0.8444522365012846
2.08,0.0,1.4877333786886744,0.0,0.145304880370064,0.0,-0.8450462230478497
2.082,0.0,1.488022297961846,0.0,0.14361419538565126,0.0,-0.84563847136076
2.084,0.0,1.4883078346817131,0.0,0.1419223276458343,0.0,-0.8462289778537375
2.086,0.0,1.4885899864862506,0.0,0.14022928063783965,0.0,-0.846817738941688
2.088,0.0,1.4888687510204153,0.0,0.13853505785606032,0.0,-0.8474047510407141
2.09,0.0,1.4891441259361597,0.0,0.13683966280205792,0.0,-0.8479900105681311
2.092,0.0,1.4894161088924476,0.0,0.1351430989845565,0.0,-0.8485735139424812
2.094,0.0,1.489684697555266,0.0,0.13344536991944345,0.0,-0.8491552575835487
2.096,0.0,1.4899498895976422,0.0,0.13174647912976387,0.0,-0.8497352379123744
2.098,0.0,1.4902116826996554,0.0,0.13004643014572073,0.0,-0.8503134513512705
2.1,0.0,1.4904700745484536,0.0,0.12834522650466956,0.0,-0.8508898943238355
2.102,0.0,1.4907250628382656,0.0,0.12664287175111974,0.0,-0.8514645632549688
2.104,0.0,1.4909766452704174,0.0,0.12493936943672646,0.0,-0.8520374545708861
2.106,0.0,1.4912248195533444,0.0,0.12323472312029451,0.0,-0.8526085646991323
2.108,0.0,1.4914695834026077,0.0,0.1215289363677694,0.0,-0.8531778900686002
2.11,0.0,1.4917109345409068,0.0,0.11982201275223935,0.0,-0.8537454271095413
2.112,0.0,1.4919488706980946,0.0,0.118113955853929,0.0,-0.8543111722535834
2.114,0.0,1.492183389611192,0.0,0.11640476926020095,0.0,-0.8548751219337444
2.116,0.0,1.4924144890244013,0.0,0.11469445656554719,0.0,-0.8554372725844471
2.118,0.0,1.492642166689121,0.0,0.11298302137159232,0.0,-0.8559976206415351
2.12,0.0,1.4928664203639606,0.0,0.11127046728708528,0.0,-0.8565561625422875
2.122,0.0,1.4930872478147528,0.0,0.10955679792790124,0.0,-0.8571128947254325
2.124,0.0,1.4933046468145708,0.0,0.107842016917035,0.0,-0.857667813631165
2.126,0.0,1.4935186151437398,0.0,0.10612612788460041,0.0,-0.858220915701159
2.128,0.0,1.493729150589853,0.0,0.10440913446782557,0.0,-0.8587721973785849
2.13,0.0,1.4939362509477843,0.0,0.10269104031105163,0.0,-0.8593216551081223
2.132,0.0,1.4941399140197045,0.0,0.10097184906572751,0.0,-0.8598692853359782
2.134,0.0,1.4943401376150938,0.0,0.09925156439041025,0.0,-0.8604150845098982
2.136,0.0,1.4945369195507563,0.0,0.09753018995075799,0.0,-0.8609590490791856
2.138,0.0,1.4947302576508354,0.0,0.09580772941952931,0.0,-0.8615011754947133
2.14,0.0,1.4949201497468265,0.0,0.09408418647657987,0.0,-0.8620414602089411
2.142,0.0,1.4951065936775918,0.0,0.09235956480885843,0.0,-0.8625798996759296
2.144,0.0,1.4952895872893746,0.0,0.09063386811040382,0.0,-0.8631164903513564
2.146,0.0,1.4954691284358135,0.0,0.08890710008234262,0.0,-0.8636512286925307
2.148,0.0,1.4956452149779562,0.0,0.08717926443288392,0.0,-0.8641841111584083
2.15,0.0,1.4958178447842743,0.0,0.08545036487731873,0.0,-0.8647151342096082
2.152,0.0,1.4959870157306763,0.0,0.0837204051380136,0.0,-0.8652442943084256
2.154,0.0,1.4961527257005232,0.0,0.08198938894441064,0.0,-0.86577158791885
2.156,0.0,1.4963149725846419,0.0,0.08025732003302045,0.0,-0.8662970115065777
2.158,0.0,1.496473754281339,0.0,0.07852420214742152,0.0,-0.8668205615390295
2.16,0.0,1.4966290686964157,0.0,0.07679003903825482,0.0,-0.8673422344853645
2.162,0.0,1.4967809137431811,0.0,0.07505483446322346,0.0,-0.8678620268164959
2.164,0.0,1.4969292873424678,0.0,0.07331859218708392,0.0,-0.868379935005107
2.166,0.0,1.4970741874226432,0.0,0.0715813159816484,0.0,-0.868895955525666
2.168,0.0,1.4972156119196272,0.0,0.0698430096257757,0.0,-0.8694100848544408
2.17,0.0,1.4973535587769031,0.0,0.06810367690537318,0.0,-0.8699223194695156
2.172,0.0,1.497488025945534,0.0,0.06636332161338682,0.0,-0.8704326558508062
2.174,0.0,1.4976190113841756,0.0,0.06462194754980452,0.0,-0.8709410904800746
2.176,0.0,1.4977465130590901,0.0,0.06287955852164577,0.0,-0.8714476198409458
2.178,0.0,1.4978705289441616,0.0,0.06113615834296289,0.0,-0.8719522404189215
2.18,0.0,1.4979910570209087,0.0,0.059391750834833626,0.0,-0.8724549487013977
2.182,0.0,1.4981080952785,0.0,0.05764633982536124,0.0,-0.8729557411776789
2.184,0.0,1.498221641713766,0.0,0.05589992914966619,0.0,-0.8734546143389934
2.186,0.0,1.4983316943312157,0.0,0.05415252264988633,0.0,-0.8739515646785103
2.188,0.0,1.4984382511430487,0.0,0.052404124175170215,0.0,-0.8744465886913542
2.19,0.0,1.4985413101691702,0.0,0.05065473758167442,0.0,-0.87493968287462
2.192,0.0,1.4986408694372049,0.0,0.04890436673255858,0.0,-0.8754308437273904
2.194,0.0,1.4987369269825102,0.0,0.04715301549798424,0.0,-0.8759200677507504
2.196,0.0,1.4988294808481912,0.0,0.04540068775510666,0.0,-0.8764073514478025
2.198,0.0,1.4989185290851141,0.0,0.04364738738807417,0.0,-0.8768926913236832
2.2,0.0,1.4990040697519214,0.0,0.04189311828802125,0.0,-0.8773760838855788
2.202,0.0,1.499086100915043,0.0,0.04013788435306826,0.0,-0.8778575256427411
2.204,0.0,1.4991646206487135,0.0,0.038381689488312644,0.0,-0.8783370131065018
2.206,0.0,1.4992396270349841,0.0,0.03662453760582864,0.0,-0.8788145427902898
2.208,0.0,1.4993111181637375,0.0,0.03486643262466102,0.0,-0.8792901112096473
2.21,0.0,1.4993790921327008,0.0,0.03310737847082156,0.0,-0.8797637148822428
2.212,0.0,1.499443547047461,0.0,0.03134737907728359,0.0,-0.8802353503278912
2.214,0.0,1.4995044810214768,0.0,0.029586438383980136,0.0,-0.8807050140685647
2.216,0.0,1.4995618921760947,0.0,0.027824560337796612,0.0,-0.8811727026284134
2.218,0.0,1.4996157786405617,0.0,0.026061748892569448,0.0,-0.8816384125337775
2.22,0.0,1.4996661385520393,0.0,0.024298008009078675,0.0,-0.882102140313205
2.222,0.0,1.4997129700556175,0.0,0.022533341655046783,0.0,-0.8825638824974674
2.224,0.0,1.4997562713043286,0.0,0.020767753805130205,0.0,-0.8830236356195756
2.226,0.0,1.4997960404591617,0.0,0.01900124844091962,0.0,-0.8834813962147943
2.228,0.0,1.4998322756890752,0.0,0.017233829550930887,0.0,-0.8839371608206603
2.23,0.0,1.4998649751710118,0.0,0.015465501130603536,0.0,-0.8843909259769976
2.232,0.0,1.4998941370899121,0.0,0.01369626718229436,0.0,-0.8848426882259323
2.234,0.0,1.4999197596387281,0.0,0.01192613171527488,0.0,-0.8852924441119092
2.236,0.0,1.499941841018438,0.0,0.010155098745724365,0.0,-0.8857401901817092
2.238,0.0,1.499960379438058,0.0,0.008383172296726433,0.0,-0.8861859229844635
2.24,0.0,1.4999753731146583,0.0,0.00661035639826356,0.0,-0.8866296390716698
2.242,0.0,1.499986820273376,0.0,0.004836655087214124,0.0,-0.887071334997209
2.244,0.0,1.4999947191474279,0.0,0.0030620724073448157,0.0,-0.8875110073173619
2.246,0.0,1.4999990679781263,0.0,0.00128661240930914,0.0,-0.8879486525908227
2.248,0.0,1.4999998650148911,0.0,-0.0004897208493612633,0.0,-0.8883842673787183
2.25,0.0,1.4999971085152646,0.0,-0.0022669233042574037,0.0,-0.8888178482446223
2.2520000000000002,0.0,1.4999907967449242,0.0,-0.004044990884102461,0.0,-0.8892493917545725
2.254,0.0,1.4999809279776968,0.0,-0.005823919510750836,0.0,-0.889678894477085
2.2560000000000002,0.0,1.499967500495573,0.0,-0.007603705099199272,0.0,-0.8901063529831722
2.258,0.0,1.49995051258872,0.0,-0.009384343557588022,0.0,-0.8905317638463589
2.2600000000000002,0.0,1.4999299625554952,0.0,-0.01116583078720718,0.0,-0.8909551236426978
2.262,0.0,1.4999058487024606,0.0,-0.012948162682500184,0.0,-0.8913764289507854
2.2640000000000002,0.0,1.499878169344396,0.0,-0.01473133513107229,0.0,-0.8917956763517789
2.266,0.0,1.4998469228043134,0.0,-0.016515344013691598,0.0,-0.892212862429413
2.2680000000000002,0.0,1.4998121074134692,0.0,-0.018300185204298554,0.0,-0.8926279837700146
2.27,0.0,1.4997737215113793,0.0,-0.020085854570006306,0.0,-0.89304103696252
2.2720000000000002,0.0,1.499731763445832,0.0,-0.02187234797111082,0.0,-0.8934520185984917
2.274,0.0,1.499686231572902,0.0,-0.023659661261092018,0.0,-0.8938609252721326
2.2760000000000002,0.0,1.4996371242569637,0.0,-0.02544779028662218,0.0,-0.8942677535803061
2.278,0.0,1.4995844398707052,0.0,-0.02723673088756918,0.0,-0.8946725001225477
2.2800000000000002,0.0,1.499528176795141,0.0,-0.029026478897003473,0.0,-0.8950751615010857
2.282,0.0,1.4994683334196273,0.0,-0.030817030141200834,0.0,-0.8954757343208544
2.2840000000000003,0.0,1.4994049081418734,0.0,-0.032608380439652467,0.0,-0.8958742151895117
2.286,0.0,1.4993378993679571,0.0,-0.03440052560506506,0.0,-0.896270600717456
2.2880000000000003,0.0,1.4992673055123376,0.0,-0.03619346144337066,0.0,-0.8966648875178423
2.29,0.0,1.499193124997869,0.0,-0.0379871837537286,0.0,-0.897057072206598
2.2920000000000003,0.0,1.4991153562558128,0.0,-0.03978168832853486,0.0,-0.8974471514024392
2.294,0.0,1.4990339977258542,0.0,-0.0415769709534242,0.0,-0.897835121726889
2.2960000000000003,0.0,1.498949047856113,0.0,-0.04337302740727767,0.0,-0.8982209798042916
2.298,0.0,1.4988605051031578,0.0,-0.04516985346222762,0.0,-0.89860472226183
2.3000000000000003,0.0,1.4987683679320196,0.0,-0.046967444883665464,0.0,-0.8989863457295425
2.302,0.0,1.4986726348162063,0.0,-0.04876579743024164,0.0,-0.8993658468403393
2.3040000000000003,0.0,1.4985733042377138,0.0,-0.05056490685387918,0.0,-0.8997432222300189
2.306,0.0,1.4984703746870425,0.0,-0.0523647688997733,0.0,-0.9001184685372832
2.308,0.0,1.4983638446632075,0.0,-0.05416537930640056,0.0,-0.9004915824037568
2.31,0.0,1.498253712673755,0.0,-0.055966733805523715,0.0,-0.9008625604740021
2.312,0.0,1.4981399772347737,0.0,-0.057768828122197316,0.0,-0.9012313993955351
2.314,0.0,1.4980226368709089,0.0,-0.05957165797477367,0.0,-0.9015980958188428
2.316,0.0,1.4979016901153759,0.0,-0.06137521907490931,0.0,-0.9019626463974008
2.318,0.0,1.497777135509974,0.0,-0.06317950712757099,0.0,-0.9023250477876884
2.32,0.0,1.4976489716050985,0.0,-0.06498451783104087,0.0,-0.9026852966492054
2.322,0.0,1.4975171969597547,0.0,-0.06679024687692371,0.0,-0.9030433896444898
2.324,0.0,1.4973818101415723,0.0,-0.0685966899501519,0.0,-0.903399323439134
2.326,0.0,1.4972428097268167,0.0,-0.07040384272899253,0.0,-0.9037530947018007
2.328,0.0,1.4971001943004045,0.0,-0.0722117008850521,0.0,-0.9041047001042398
2.33,0.0,1.496953962455915,0.0,-0.07402026008328556,0.0,-0.9044541363213069
2.332,0.0,1.4968041127956044,0.0,-0.07582951598199883,0.0,-0.904801400030978
2.334,0.0,1.4966506439304186,0.0,-0.07763946423285896,0.0,-0.9051464879143665
2.336,0.0,1.496493554480008,0.0,-0.07945010048089486,0.0,-0.905489396655741
2.338,0.0,1.496332843072738,0.0,-0.08126142036451171,0.0,-0.9058301229425412
2.34,0.0,1.4961685083457048,0.0,-0.08307341951548919,0.0,-0.9061686634653948
2.342,0.0,1.4960005489447477,0.0,-0.08488609355899343,0.0,-0.9065050149181342
2.344,0.0,1.4958289635244615,0.0,-0.08669943811357969,0.0,-0.9068391739978141
2.346,0.0,1.495653750748211,0.0,-0.08851344879120296,0.0,-0.9071711374047277
2.348,0.0,1.495474909288144,0.0,-0.09032812119721909,0.0,-0.9075009018424229
2.35,0.0,1.495292437825204,0.0,-0.09214345093039748,0.0,-0.9078284640177207
2.352,0.0,1.495106335049143,0.0,-0.09395943358292166,0.0,-0.9081538206407308
2.354,0.0,1.4949165996585354,0.0,-0.09577606474040114,0.0,-0.9084769684248687
2.356,0.0,1.4947232303607918,0.0,-0.09759333998187285,0.0,-0.9087979040868734
2.358,0.0,1.4945262258721703,0.0,-0.09941125487981355,0.0,-0.909116624346823
2.36,0.0,1.4943255849177908,0.0,-0.10122980500014105,0.0,-0.9094331259281532
2.362,0.0,1.4941213062316483,0.0,-0.10304898590222503,0.0,-0.9097474055576719
2.364,0.0,1.4939133885566254,0.0,-0.10486879313889054,0.0,-0.9100594599655795
2.366,0.0,1.4937018306445053,0.0,-0.10668922225642866,0.0,-0.9103692858854822
2.368,0.0,1.4934866312559858,0.0,-0.10851026879459831,0.0,-0.9106768800544123
2.37,0.0,1.493267789160691,0.0,-0.11033192828663897,0.0,-0.9109822392128422
2.372,0.0,1.4930453031371853,0.0,-0.11215419625927196,0.0,-0.911285360104704
2.374,0.0,1.4928191719729864,0.0,-0.11397706823271178,0.0,-0.9115862394774042
2.376,0.0,1.492589394464578,0.0,-0.11580053972066932,0.0,-0.9118848740818434
2.378,0.0,1.4923559694174224,0.0,-0.11762460623036326,0.0,-0.9121812606724304
2.38,0.0,1.4921188956459748,0.0,-0.11944926326252188,0.0,-0.9124753960071014
2.382,0.0,1.4918781719736944,0.0,-0.12127450631139507,0.0,-0.912767276847336
2.384,0.0,1.4916337972330593,0.0,-0.12310033086475806,0.0,-0.9130568999581749
2.386,0.0,1.491385770265578,0.0,-0.12492673240392045,0.0,-0.9133442621082366
2.388,0.0,1.491134089921803,0.0,-0.12675370640373193,0.0,-0.9136293600697343
2.39,0.0,1.4908787550613436,0.0,-0.12858124833259116,0.0,-0.9139121906184938
2.392,0.0,1.4906197645528785,0.0,-0.13040935365245027,0.0,-0.9141927505339704
2.394,0.0,1.4903571172741692,0.0,-0.13223801781882663,0.0,-0.9144710365992647
2.396,0.0,1.4900908121120728,0.0,-0.13406723628080508,0.0,-0.914747045601142
2.398,0.0,1.4898208479625539,0.0,-0.1358970044810491,0.0,-0.9150207743300479
2.4,0.0,1.4895472237306988,0.0,-0.13772731785580578,0.0,-0.9152922195801254
2.402,0.0,1.4892699383307275,0.0,-0.13955817183491595,0.0,-0.9155613781492339
2.404,0.0,1.488988990686007,0.0,-0.1413895618418166,0.0,-0.9158282468389636
2.406,0.0,1.4887043797290636,0.0,-0.14322148329355527,0.0,-0.9160928224546553
2.408,0.0,1.4884161044015958,0.0,-0.145053931600792,0.0,-0.9163551018054158
2.41,0.0,1.488124163654487,0.0,-0.14688690216780878,0.0,-0.916615081704137
2.412,0.0,1.4878285564478193,0.0,-0.14872039039251783,0.0,-0.9168727589675107
2.414,0.0,1.487529281750884,0.0,-0.15055439166646903,0.0,-0.9171281304160481
2.416,0.0,1.4872263385421969,0.0,-0.15238890137485522,0.0,-0.917381192874096
2.418,0.0,1.4869197258095088,0.0,-0.15422391489652393,0.0,-0.9176319431698542
2.42,0.0,1.4866094425498202,0.0,-0.15605942760398075,0.0,-0.9178803781353928
2.422,0.0,1.4862954877693915,0.0,-0.15789543486340255,0.0,-0.9181264946066694
2.424,0.0,1.4859778604837584,0.0,-0.1597319320346381,0.0,-0.918370289423548
2.426,0.0,1.4856565597177425,0.0,-0.1615689144712229,0.0,-0.9186117594298133
2.428,0.0,1.4853315845054649,0.0,-0.16340637752038203,0.0,-0.9188509014731902
2.43,0.0,1.4850029338903585,0.0,-0.16524431652304103,0.0,-0.9190877124053611
2.432,0.0,1.4846706069251807,0.0,-0.16708272681383274,0.0,-0.9193221890819825
2.434,0.0,1.4843346026720254,0.0,-0.1689216037211055,0.0,-0.9195543283627028
2.436,0.0,1.483994920202337,0.0,-0.17076094256692873,0.0,-0.9197841271111792
2.438,0.0,1.4836515585969212,0.0,-0.1726007386671068,0.0,-0.9200115821950968
2.44,0.0,1.4833045169459593,0.0,-0.17444098733118057,0.0,-0.9202366904861836
2.442,0.0,1.4829537943490183,0.0,-0.17628168386244022,0.0,-0.9204594488602289
2.444,0.0,1.4825993899150665,0.0,-0.1781228235579299,0.0,-0.9206798541971019
2.446,0.0,1.4822413027624832,0.0,-0.17996440170845984,0.0,-0.9208979033807678
2.448,0.0,1.481879532019073,0.0,-0.1818064135986097,0.0,-0.9211135932993056
2.45,0.0,1.4815140768220765,0.0,-0.18364885450674168,0.0,-0.9213269208449245
2.452,0.0,1.4811449363181857,0.0,-0.18549171970500444,0.0,-0.9215378829139852
2.454,0.0,1.4807721096635524,0.0,-0.18733500445934678,0.0,-0.921746476407012
2.456,0.0,1.4803955960238042,0.0,-0.18917870402951847,0.0,-0.9219526982287141
2.458,0.0,1.4800153945740546,0.0,-0.1910228136690867,0.0,-0.922156545288002
2.46,0.0,1.4796315044989166,0.0,-0.19286732862543748,0.0,-0.9223580144980054
2.462,0.0,1.479243924992514,0.0,-0.1947122441397907,0.0,-0.9225571027760897
2.464,0.0,1.4788526552584953,0.0,-0.19655755544720163,0.0,-0.922753807043874
2.466,0.0,1.4784576945100438,0.0,-0.1984032577765762,0.0,-0.9229481242272505
2.468,0.0,1.4780590419698922,0.0,-0.2002493463506744,0.0,-0.9231400512563983
2.47,0.0,1.4776566968703335,0.0,-0.20209581638612198,0.0,-0.9233295850658053
2.472,0.0,1.477250658453233,0.0,-0.20394266309341663,0.0,-0.9235167225942816
2.474,0.0,1.4768409259700421,0.0,-0.2057898816769403,0.0,-0.9237014607849808
2.476,0.0,1.476427498681809,0.0,-0.2076374673349634,0.0,-0.9238837965854151
2.478,0.0,1.476010375859191,0.0,-0.20948541525965647,0.0,-0.9240637269474732
2.48,0.0,1.4755895567824684,0.0,-0.21133372063709824,0.0,-0.9242412488274403
2.482,0.0,1.475165040741554,0.0,-0.21318237864728543,0.0,-0.9244163591860126
2.484,0.0,1.4747368270360077,0.0,-0.21503138446413803,0.0,-0.9245890549883161
2.486,0.0,1.4743049149750473,0.0,-0.21688073325551416,0.0,-0.9247593332039252
2.488,0.0,1.4738693038775614,0.0,-0.21873042018321176,0.0,-0.9249271908068802
2.49,0.0,1.47342999307212,0.0,-0.2205804404029853,0.0,-0.9250926247757028
2.492,0.0,1.4729869818969883,0.0,-0.22243078906454714,0.0,-0.925255632093416
2.494,0.0,1.472540269700138,0.0,-0.22428146131158302,0.0,-0.9254162097475623
2.496,0.0,1.4720898558392597,0.0,-0.2261324522817563,0.0,-0.925574354730219
2.498,0.0,1.4716357396817743,0.0,-0.22798375710672045,0.0,-0.925730064038018
2.5,0.0,1.4711779206048456,0.0,-0.22983537091212577,0.0,-0.9258833346721623
2.5020000000000002,0.0,1.4707163979953923,0.0,-0.2316872888176304,0.0,-0.9260341636384444
2.504,0.0,1.4702511712500992,0.0,-0.23353950593690798,0.0,-0.9261825479472647
2.5060000000000002,0.0,1.46978223977543,0.0,-0.23539201737765794,0.0,-0.9263284846136466
2.508,0.0,1.4693096029876396,0.0,-0.23724481824161373,0.0,-0.926471970657258
2.5100000000000002,0.0,1.4688332603127843,0.0,-0.2390979036245545,0.0,-0.9266130031024259
2.512,0.0,1.4683532111867352,0.0,-0.2409512686163106,0.0,-0.9267515789781559
2.5140000000000002,0.0,1.4678694550551903,0.0,-0.24280490830077628,0.0,-0.92688769531815
2.516,0.0,1.467381991373685,0.0,-0.24465881775591805,0.0,-0.9270213491608229
2.5180000000000002,0.0,1.466890819607605,0.0,-0.2465129920537834,0.0,-0.9271525375493229
2.52,0.0,1.4663959392321972,0.0,-0.24836742626051114,0.0,-0.9272812575315446
2.5220000000000002,0.0,1.4658973497325833,0.0,-0.2502221154363405,0.0,-0.9274075061601528
2.524,0.0,1.4653950506037694,0.0,-0.2520770546356205,0.0,-0.9275312804925955
2.5260000000000002,0.0,1.4648890413506592,0.0,-0.2539322389068216,0.0,-0.9276525775911254
2.528,0.0,1.4643793214880656,0.0,-0.25578766329254066,0.0,-0.9277713945228139
2.5300000000000002,0.0,1.4638658905407214,0.0,-0.25764332282951635,0.0,-0.927887728359572
2.532,0.0,1.4633487480432927,0.0,-0.2594992125486335,0.0,-0.9280015761781685
2.5340000000000003,0.0,1.4628278935403887,0.0,-0.2613553274749379,0.0,-0.9281129350602437
2.536,0.0,1.4623033265865752,0.0,-0.2632116626276408,0.0,-0.9282218020923334
2.5380000000000003,0.0,1.4617750467463848,0.0,-0.2650682130201344,0.0,-0.9283281743658818
2.54,0.0,1.4612430535943295,0.0,-0.2669249736599963,0.0,-0.928432048977261
2.5420000000000003,0.0,1.4607073467149119,0.0,-0.268781939549003,0.0,-0.9285334230277903
2.544,0.0,1.4601679257026365,0.0,-0.2706391056831377,0.0,-0.928632293623752
2.5460000000000003,0.0,1.4596247901620223,0.0,-0.2724964670526026,0.0,-0.9287286578764118
2.548,0.0,1.459077939707613,0.0,-0.2743540186418253,0.0,-0.9288225129020323
2.5500000000000003,0.0,1.4585273739639892,0.0,-0.27621175542947335,0.0,-0.9289138558218972
2.552,0.0,1.4579730925657808,0.0,-0.27806967238846,0.0,-0.9290026837623236
2.5540000000000003,0.0,1.4574150951576763,0.0,-0.2799277644859569,0.0,-0.9290889938546846
2.556,0.0,1.4568533813944369,0.0,-0.28178602668340363,0.0,-0.929172783235422
2.5580000000000003,0.0,1.4562879509409055,0.0,-0.28364445393651816,0.0,-0.9292540490460693
2.56,0.0,1.45571880347202,0.0,-0.28550304119530584,0.0,-0.9293327884332678
2.562,0.0,1.4551459386728243,0.0,-0.28736178340406987,0.0,-0.9294089985487836
2.564,0.0,1.454569356238478,0.0,-0.2892206755014241,0.0,-0.9294826765495265
2.566,0.0,1.4539890558742707,0.0,-0.29107971242029945,0.0,-0.9295538195975682
2.568,0.0,1.4534050372956306,0.0,-0.29293888908795773,0.0,-0.9296224248601611
2.57,0.0,1.4528173002281384,0.0,-0.2947982004259983,0.0,-0.929688489509753
2.572,0.0,1.4522258444075358,0.0,-0.29665764135037287,0.0,-0.9297520107240096
2.574,0.0,1.4516306695797392,0.0,-0.29851720677139226,0.0,-0.9298129856858293
2.576,0.0,1.4510317755008493,0.0,-0.3003768915937399,0.0,-0.9298714115833632
2.578,0.0,1.4504291619371639,0.0,-0.3022366907164783,0.0,-0.929927285610031
2.58,0.0,1.4498228286651873,0.0,-0.3040965990330648,0.0,-0.929980604964541
2.582,0.0,1.4492127754716437,0.0,-0.30595661143135783,0.0,-0.9300313668509086
2.584,0.0,1.4485990021534858,0.0,-0.3078167227936296,0.0,-0.9300795684784716
2.586,0.0,1.4479815085179086,0.0,-0.3096769279965755,0.0,-0.9301252070619107
2.588,0.0,1.447360294382358,0.0,-0.3115372219113277,0.0,-0.9301682798212672
2.59,0.0,1.446735359574545,0.0,-0.3133975994034612,0.0,-0.9302087839819605
2.592,0.0,1.4461067039324524,0.0,-0.3152580553330102,0.0,-0.9302467167748061
2.594,0.0,1.4454743273043513,0.0,-0.3171185845544726,0.0,-0.9302820754360344
2.596,0.0,1.4448382295488074,0.0,-0.3189791819168272,0.0,-0.9303148572073091
2.598,0.0,1.4441984105346943,0.0,-0.32083984226353957,0.0,-0.9303450593357433
2.6,0.0,1.4435548701412049,0.0,-0.32270056043257667,0.0,-0.9303726790739207
2.602,0.0,1.442907608257861,0.0,-0.32456133125641384,0.0,-0.9303977136799106
2.604,0.0,1.4422566247845245,0.0,-0.32642214956205046,0.0,-0.9304201604172889
2.606,0.0,1.4416019196314103,0.0,-0.32828301017101663,0.0,-0.9304400165551533
2.608,0.0,1.440943492719094,0.0,-0.3301439078993876,0.0,-0.9304572793681444
2.61,0.0,1.4402813439785258,0.0,-0.3320048375577927,0.0,-0.9304719461364621
2.612,0.0,1.4396154733510393,0.0,-0.33386579395142746,0.0,-0.9304840141458836
2.614,0.0,1.4389458807883633,0.0,-0.3357267718800645,0.0,-0.9304934806877825
2.616,0.0,1.4382725662526328,0.0,-0.33758776613806485,0.0,-0.9305003430591472
2.618,0.0,1.437595529716399,0.0,-0.33944877151438874,0.0,-0.9305045985625977
2.62,0.0,1.4369147711626402,0.0,-0.3413097827926086,0.0,-0.9305062445064037
2.622,0.0,1.4362302905847748,0.0,-0.34317079475091733,0.0,-0.930505278204506
2.624,0.0,1.435542087986668,0.0,-0.34503180216214235,0.0,-0.9305016969765305
2.626,0.0,1.434850163382646,0.0,-0.34689279979375615,0.0,-0.9304954981478086
2.628,0.0,1.4341545167975045,0.0,-0.3487537824078873,0.0,-0.9304866790493954
2.63,0.0,1.4334551482665212,0.0,-0.3506147447613318,0.0,-0.9304752370180877
2.632,0.0,1.432752057835465,0.0,-0.35247568160556625,0.0,-0.9304611693964416
2.634,0.0,1.4320452455606074,0.0,-0.3543365876867562,0.0,-0.9304444735327911
2.636,0.0,1.4313347115087327,0.0,-0.3561974577457716,0.0,-0.9304251467812671
2.638,0.0,1.4306204557571487,0.0,-0.35805828651819566,0.0,-0.9304031865018149
2.64,0.0,1.4299024783936976,0.0,-0.3599190687343372,0.0,-0.9303785900602118
2.642,0.0,1.4291807795167655,0.0,-0.3617797991192425,0.0,-0.9303513548280866
2.644,0.0,1.4284553592352949,0.0,-0.3636404723927073,0.0,-0.9303214781829375
2.646,0.0,1.4277262176687924,0.0,-0.3655010832692878,0.0,-0.9302889575081499
2.648,0.0,1.4269933549473424,0.0,-0.36736162645831316,0.0,-0.930253790193015
2.65,0.0,1.4262567712116148,0.0,-0.3692220966638963,0.0,-0.9302159736327473
2.652,0.0,1.4255164666128763,0.0,-0.37108248858494813,0.0,-0.9301755052285047
2.654,0.0,1.424772441313002,0.0,-0.3729427969151859,0.0,-0.9301323823874056
2.656,0.0,1.424024695484484,0.0,-0.37480301634314794,0.0,-0.9300866025225456
2.658,0.0,1.4232732293104422,0.0,-0.3766631415522055,0.0,-0.9300381630530191
2.66,0.0,1.4225180429846351,0.0,-0.3785231672205741,0.0,-0.9299870614039354
2.662,0.0,1.4217591367114712,0.0,-0.38038308802132254,0.0,-0.9299332950064366
2.664,0.0,1.4209965107060163,0.0,-0.382242898622392,0.0,-0.929876861297718
2.666,0.0,1.4202301651940061,0.0,-0.38410259368660143,0.0,-0.9298177577210442
2.668,0.0,1.4194601004118559,0.0,-0.3859621678716635,0.0,-0.9297559817257696
2.67,0.0,1.4186863166066705,0.0,-0.38782161583019525,0.0,-0.9296915307673532
2.672,0.0,1.4179088140362541,0.0,-0.3896809322097319,0.0,-0.9296244023073811
2.674,0.0,1.4171275929691225,0.0,-0.3915401116527357,0.0,-0.9295545938135822
2.676,0.0,1.4163426536845094,0.0,-0.3933991487966126,0.0,-0.929482102759848
2.678,0.0,1.4155539964723804,0.0,-0.3952580382737215,0.0,-0.9294069266262478
2.68,0.0,1.4147616216334407,0.0,-0.3971167747113884,0.0,-0.9293290628990516
2.682,0.0,1.4139655294791462,0.0,-0.3989753527319168,0.0,-0.9292485090707459
2.684,0.0,1.4131657203317127,0.0,-0.400833766952603,0.0,-0.9291652626400504
2.686,0.0,1.4123621945241274,0.0,-0.40269201198574534,0.0,-0.9290793211119404
2.688,0.0,1.4115549524001565,0.0,-0.40455008243866,0.0,-0.9289906819976617
2.69,0.0,1.4107439943143576,0.0,-0.40640797291369046,0.0,-0.9288993428147511
2.692,0.0,1.4099293206320884,0.0,-0.4082656780082225,0.0,-0.928805301087052
2.694,0.0,1.4091109317295167,0.0,-0.4101231923146953,0.0,-0.9287085543447364
2.696,0.0,1.40828882799363,0.0,-0.41198051042061573,0.0,-0.9286091001243211
2.698,0.0,1.4074630098222465,0.0,-0.4138376269085686,0.0,-0.9285069359686852
2.7,0.0,1.4066334776240226,0.0,-0.4156945363562329,0.0,-0.9284020594270904
2.702,0.0,1.4058002318184664,0.0,-0.41755123333638994,0.0,-0.9282944680551988
2.704,0.0,1.4049632728359434,0.0,-0.41940771241694164,0.0,-0.9281841594150911
2.706,0.0,1.4041226011176895,0.0,-0.4212639681609173,0.0,-0.9280711310752834
2.708,0.0,1.4032782171158182,0.0,-0.423119995126493,0.0,-0.9279553806107481
2.71,0.0,1.4024301212933334,0.0,-0.4249757878669981,0.0,-0.927836905602932
2.712,0.0,1.4015783141241347,0.0,-0.42683134093093417,0.0,-0.9277157036397726
2.714,0.0,1.4007227960930313,0.0,-0.4286866488619832,0.0,-0.9275917723157175
2.716,0.0,1.3998635676957494,0.0,-0.43054170619902343,0.0,-0.9274651092317441
2.718,0.0,1.3990006294389419,0.0,-0.43239650747614167,0.0,-0.9273357119953766
2.72,0.0,1.3981339818401983,0.0,-0.4342510472226461,0.0,-0.927203578220703
2.722,0.0,1.3972636254280553,0.0,-0.43610531996307933,0.0,-0.9270687055283973
2.724,0.0,1.3963895607420036,0.0,-0.4379593202172326,0.0,-0.9269310915457347
2.726,0.0,1.3955117883325001,0.0,-0.43981304250015796,0.0,-0.9267907339066113
2.728,0.0,1.3946303087609766,0.0,-0.44166648132218184,0.0,-0.9266476302515609
2.73,0.0,1.3937451225998483,0.0,-0.4435196311889179,0.0,-0.9265017782277762
2.732,0.0,1.3928562304325238,0.0,-0.44537248660128287,0.0,-0.9263531754891252
2.734,0.0,1.3919636328534153,0.0,-0.44722504205550484,0.0,-0.9262018196961691
2.736,0.0,1.3910673304679462,0.0,-0.4490772920431422,0.0,-0.926047708516182
2.738,0.0,1.3901673238925625,0.0,-0.45092923105109384,0.0,-0.9258908396231693
2.74,0.0,1.3892636137547398,0.0,-0.4527808535616137,0.0,-0.9257312106978858
2.742,0.0,1.388356200692996,0.0,-0.4546321540523219,0.0,-0.9255688194278525
2.744,0.0,1.3874450853568951,0.0,-0.45648312699622445,0.0,-0.9254036635073775
2.746,0.0,1.3865302684070628,0.0,-0.4583337668617185,0.0,-0.9252357406375734
2.748,0.0,1.3856117505151913,0.0,-0.46018406811261386,0.0,-0.9250650485263759
2.75,0.0,1.3846895323640491,0.0,-0.46203402520813996,0.0,-0.9248915848885599
2.7520000000000002,0.0,1.383763614647492,0.0,-0.46388363260296456,0.0,-0.9247153474457618
2.754,0.0,1.382833998070471,0.0,-0.46573288474720503,0.0,-0.924536333926496
2.7560000000000002,0.0,1.38190068334904,0.0,-0.4675817760864429,0.0,-0.9243545420661715
2.758,0.0,1.3809636712103677,0.0,-0.46943030106173705,0.0,-0.9241699696071138
2.7600000000000002,0.0,1.3800229623927445,0.0,-0.4712784541096384,0.0,-0.9239826142985813
2.762,0.0,1.3790785576455928,0.0,-0.47312622966220214,0.0,-0.9237924738967825
2.7640000000000002,0.0,1.3781304577294744,0.0,-0.4749736221470051,0.0,-0.9235995461648973
2.766,0.0,1.377178663416101,0.0,-0.47682062598715524,0.0,-0.923403828873093
2.7680000000000002,0.0,1.376223175488343,0.0,-0.47866723560130875,0.0,-0.9232053197985453
2.77,0.0,1.3752639947402368,0.0,-0.4805134454036836,0.0,-0.923004016725452
2.7720000000000002,0.0,1.3743011219769958,0.0,-0.4823592498040725,0.0,-0.922799917445057
2.774,0.0,1.373334558015018,0.0,-0.4842046432078576,0.0,-0.922593019755665
2.7760000000000002,0.0,1.3723643036818949,0.0,-0.48604962001602553,0.0,-0.9223833214626618
2.778,0.0,1.3713903598164199,0.0,-0.48789417462518064,0.0,-0.9221708203785297
2.7800000000000002,0.0,1.3704127272685984,0.0,-0.4897383014275587,0.0,-0.9219555143228704
2.782,0.0,1.3694314068996558,0.0,-0.4915819948110419,0.0,-0.9217374011224205
2.7840000000000003,0.0,1.3684463995820444,0.0,-0.4934252491591744,0.0,-0.9215164786110691
2.786,0.0,1.3674577061994564,0.0,-0.4952680588511727,0.0,-0.9212927446298792
2.7880000000000003,0.0,1.3664653276468273,0.0,-0.497110418261946,0.0,-0.9210661970271032
2.79,0.0,1.3654692648303486,0.0,-0.49895232176210413,0.0,-0.9208368336582038
2.7920000000000003,0.0,1.3644695186674747,0.0,-0.5007937637179765,0.0,-0.9206046523858691
2.794,0.0,1.3634660900869313,0.0,-0.5026347384916251,0.0,-0.9203696510800347
2.7960000000000003,0.0,1.3624589800287246,0.0,-0.5044752404408589,0.0,-0.9201318276178998
2.798,0.0,1.3614481894441486,0.0,-0.5063152639192484,0.0,-0.9198911798839456
2.8000000000000003,0.0,1.3604337192957952,0.0,-0.5081548032761412,0.0,-0.9196477057699547
2.802,0.0,1.3594155705575615,0.0,-0.509993852856674,0.0,-0.9194014031750289
2.8040000000000003,0.0,1.3583937442146587,0.0,-0.5118324070017913,0.0,-0.9191522700056082
2.806,0.0,1.3573682412636203,0.0,-0.5136704600482555,0.0,-0.9189003041754872
2.8080000000000003,0.0,1.3563390627123093,0.0,-0.5155080063286671,0.0,-0.9186455036058353
2.81,0.0,1.3553062095799302,0.0,-0.5173450401714721,0.0,-0.9183878662252163
2.8120000000000003,0.0,1.3542696828970322,0.0,-0.5191815559009847,0.0,-0.9181273899696036
2.814,0.0,1.3532294837055217,0.0,-0.5210175478373958,0.0,-0.9178640727823999
2.816,0.0,1.3521856130586676,0.0,-0.5228530102967929,0.0,-0.9175979126144568
2.818,0.0,1.351138072021111,0.0,-0.5246879375911716,0.0,-0.9173289074240913
2.82,0.0,1.3500868616688741,0.0,-0.5265223240284513,0.0,-0.9170570551771052
2.822,0.0,1.3490319830893662,0.0,-0.5283561639124909,0.0,-0.9167823538468036
2.824,0.0,1.3479734373813932,0.0,-0.530189451543103,0.0,-0.9165048014140121
2.826,0.0,1.3469112256551652,0.0,-0.532022181216071,0.0,-0.9162243958670968
2.828,0.0,1.345845349032306,0.0,-0.5338543472231595,0.0,-0.915941135201982
2.83,0.0,1.344775808645858,0.0,-0.5356859438521354,0.0,-0.9156550174221667
2.832,0.0,1.3437026056402936,0.0,-0.5375169653867788,0.0,-0.9153660405387463
2.834,0.0,1.3426257411715206,0.0,-0.5393474061069001,0.0,-0.9150742025704289
2.836,0.0,1.3415452164068915,0.0,-0.541177260288355,0.0,-0.9147795015435531
2.838,0.0,1.3404610325252118,0.0,-0.5430065222030578,0.0,-0.9144819354921081
2.84,0.0,1.3393731907167454,0.0,-0.5448351861190006,0.0,-0.9141815024577509
2.842,0.0,1.3382816921832252,0.0,-0.5466632463002664,0.0,-0.9138782004898244
2.844,0.0,1.3371865381378605,0.0,-0.548490697007042,0.0,-0.9135720276453769
2.846,0.0,1.3360877298053424,0.0,-0.5503175324956397,0.0,-0.913262981989179
2.848,0.0,1.334985268421855,0.0,-0.552143747018506,0.0,-0.9129510615937441
2.85,0.0,1.3338791552350797,0.0,-0.553969334824242,0.0,-0.9126362645393427
2.852,0.0,1.332769391504206,0.0,-0.5557942901576163,0.0,-0.9123185889140258
2.854,0.0,1.3316559784999367,0.0,-0.5576186072595813,0.0,-0.9119980328136391
2.856,0.0,1.330538917504497,0.0,-0.5594422803672898,0.0,-0.9116745943418436
2.858,0.0,1.3294182098116414,0.0,-0.5612653037141085,0.0,-0.9113482716101327
2.86,0.0,1.3282938567266618,0.0,-0.5630876715296357,0.0,-0.9110190627378514
2.862,0.0,1.327165859566393,0.0,-0.5649093780397176,0.0,-0.9106869658522135
2.864,0.0,1.3260342196592247,0.0,-0.5667304174664591,0.0,-0.9103519790883213
2.866,0.0,1.324898938345104,0.0,-0.5685507840282471,0.0,-0.9100141005891832
2.868,0.0,1.323760016975545,0.0,-0.5703704719397596,0.0,-0.9096733285057305
2.87,0.0,1.3226174569136373,0.0,-0.5721894754119866,0.0,-0.9093296609968389
2.872,0.0,1.321471259534052,0.0,-0.5740077886522408,0.0,-0.9089830962293436
2.874,0.0,1.3203214262230472,0.0,-0.5758254058641813,0.0,-0.9086336323780595
2.876,0.0,1.3191679583784803,0.0,-0.5776423212478193,0.0,-0.9082812676257994
2.878,0.0,1.3180108574098104,0.0,-0.579458528999544,0.0,-0.9079260001633901
2.88,0.0,1.3168501247381086,0.0,-0.5812740233121314,0.0,-0.9075678281896938
2.882,0.0,1.315685761796062,0.0,-0.5830887983747663,0.0,-0.9072067499116245
2.884,0.0,1.3145177700279853,0.0,-0.584902848373052,0.0,-0.9068427635441656
2.886,0.0,1.3133461508898245,0.0,-0.586716167489032,0.0,-0.9064758673103902
2.888,0.0,1.3121709058491655,0.0,-0.5885287499012026,0.0,-0.9061060594414784
2.89,0.0,1.310992036385239,0.0,-0.5903405897845337,0.0,-0.9057333381767337
2.892,0.0,1.3098095439889317,0.0,-0.5921516813104777,0.0,-0.9053577017636045
2.894,0.0,1.30862343016279,0.0,-0.5939620186469927,0.0,-0.9049791484576999
2.896,0.0,1.3074336964210271,0.0,-0.5957715959585554,0.0,-0.9045976765228091
2.898,0.0,1.3062403442895314,0.0,-0.5975804074061793,0.0,-0.9042132842309191
2.9,0.0,1.3050433753058734,0.0,-0.5993884471474272,0.0,-0.9038259698622323
2.902,0.0,1.30384279101931,0.0,-0.6011957093364355,0.0,-0.9034357317051858
2.904,0.0,1.3026385929907953,0.0,-0.6030021881239204,0.0,-0.9030425680564702
2.906,0.0,1.3014307827929836,0.0,-0.6048078776572035,0.0,-0.9026464772210441
2.908,0.0,1.3002193620102398,0.0,-0.6066127720802222,0.0,-0.9022474575121578
2.91,0.0,1.2990043322386424,0.0,-0.6084168655335507,0.0,-0.9018455072513666
2.912,0.0,1.2977856950859938,0.0,-0.6102201521544129,0.0,-0.9014406247685527
2.914,0.0,1.2965634521718234,0.0,-0.6120226260767025,0.0,-0.9010328084019382
2.916,0.0,1.2953376051273988,0.0,-0.6138242814309959,0.0,-0.9006220564981111
2.918,0.0,1.294108155595727,0.0,-0.6156251123445725,0.0,-0.900208367412036
2.92,0.0,1.292875105231565,0.0,-0.6174251129414311,0.0,-0.8997917395070748
2.922,0.0,1.2916384557014249,0.0,-0.6192242773423031,0.0,-0.899372171155007
2.924,0.0,1.2903982086835812,0.0,-0.6210225996646729,0.0,-0.8989496607360455
2.926,0.0,1.2891543658680757,0.0,-0.6228200740227949,0.0,-0.8985242066388551
2.928,0.0,1.2879069289567258,0.0,-0.6246166945277072,0.0,-0.8980958072605698
2.93,0.0,1.2866558996631283,0.0,-0.6264124552872534,0.0,-0.8976644610068129
2.932,0.0,1.2854012797126702,0.0,-0.6282073504060935,0.0,-0.8972301662917135
2.934,0.0,1.28414307084253,0.0,-0.6300013739857274,0.0,-0.8967929215379264
2.936,0.0,1.2828812748016878,0.0,-0.631794520124507,0.0,-0.8963527251766464
2.938,0.0,1.2816158933509292,0.0,-0.6335867829176551,0.0,-0.8959095756476307
2.94,0.0,1.2803469282628532,0.0,-0.6353781564572838,0.0,-0.8954634713992152
2.942,0.0,1.2790743813218763,0.0,-0.6371686348324103,0.0,-0.8950144108883301
2.944,0.0,1.2777982543242423,0.0,-0.6389582121289726,0.0,-0.8945623925805235
2.946,0.0,1.276518549078024,0.0,-0.6407468824298505,0.0,-0.8941074149499736
2.948,0.0,1.2752352674031333,0.0,-0.6425346398148792,0.0,-0.8936494764795117
2.95,0.0,1.2739484111313237,0.0,-0.6443214783608694,0.0,-0.8931885756606349
2.952,0.0,1.2726579821062,0.0,-0.6461073921416224,0.0,-0.8927247109935299
2.954,0.0,1.2713639821832197,0.0,-0.6478923752279512,0.0,-0.8922578809870865
2.956,0.0,1.2700664132297057,0.0,-0.6496764216876898,0.0,-0.8917880841589175
2.958,0.0,1.268765277124844,0.0,-0.6514595255857223,0.0,-0.8913153190353766
2.96,0.0,1.2674605757596962,0.0,-0.6532416809839905,0.0,-0.8908395841515765
2.962,0.0,1.2661523110372017,0.0,-0.6550228819415174,0.0,-0.8903608780514062
2.964,0.0,1.2648404848721864,0.0,-0.6568031225144205,0.0,-0.889879199287549
2.966,0.0,1.263525099191365,0.0,-0.6585823967559327,0.0,-0.8893945464215012
2.968,0.0,1.2622061559333497,0.0,-0.6603606987164183,0.0,-0.8889069180235899
2.97,0.0,1.260883657048655,0.0,-0.6621380224433915,0.0,-0.8884163126729905
2.972,0.0,1.2595576044997019,0.0,-0.663914361981534,0.0,-0.8879227289577437
2.974,0.0,1.2582280002608264,0.0,-0.6656897113727109,0.0,-0.8874261654747755
2.976,0.0,1.256894846318283,0.0,-0.6674640646559915,0.0,-0.8869266208299149
2.978,0.0,1.2555581446702504,0.0,-0.6692374158676654,0.0,-0.8864240936379085
2.98,0.0,1.2542178973268379,0.0,-0.6710097590412605,0.0,-0.8859185825224428
2.982,0.0,1.25287410631009,0.0,-0.6727810882075611,0.0,-0.8854100861161602
2.984,0.0,1.251526773653994,0.0,-0.6745513973946251,0.0,-0.884898603060675
2.986,0.0,1.2501759014044809,0.0,-0.6763206806278044,0.0,-0.8843841320065947
2.988,0.0,1.2488214916194365,0.0,-0.6780889319297588,0.0,-0.8838666716135354
2.99,0.0,1.247463546368702,0.0,-0.6798561453204788,0.0,-0.8833462205501412
2.992,0.0,1.2461020677340837,0.0,-0.6816223148172976,0.0,-0.8828227774941003
2.994,0.0,1.2447370578093524,0.0,-0.6833874344349175,0.0,-0.8822963411321634
2.996,0.0,1.2433685187002552,0.0,-0.6851514981854195,0.0,-0.8817669101601632
2.998,0.0,1.2419964525245162,0.0,-0.6869145000782875,0.0,-0.8812344832830304
3.0,0.0,1.2406208614118426,0.0,-0.688676434120424,0.0,-0.8806990592148106
3.0020000000000002,0.0,1.2392417475039323,0.0,-0.6904372943161675,0.0,-0.8801606366786848
3.004,0.0,1.2378591129544743,0.0,-0.692197074667315,0.0,-0.8796192144069854
3.0060000000000002,0.0,1.2364729599291595,0.0,-0.6939557691731331,0.0,-0.8790747911412137
3.008,0.0,1.235083290605681,0.0,-0.6957133718303837,0.0,-0.8785273656320587
3.0100000000000002,0.0,1.2336901071737403,0.0,-0.697469876633339,0.0,-0.8779769366394139
3.012,0.0,1.2322934118350557,0.0,-0.6992252775737985,0.0,-0.8774235029323971
3.0140000000000002,0.0,1.2308932068033607,0.0,-0.7009795686411111,0.0,-0.8768670632893638
3.016,0.0,1.2294894943044152,0.0,-0.7027327438221902,0.0,-0.8763076164979287
3.0180000000000002,0.0,1.2280822765760067,0.0,-0.7044847971015348,0.0,-0.8757451613549834
3.02,0.0,1.2266715558679555,0.0,-0.7062357224612463,0.0,-0.8751796966667107
3.0220000000000002,0.0,1.2252573344421218,0.0,-0.7079855138810478,0.0,-0.8746112212486059
3.024,0.0,1.2238396145724064,0.0,-0.7097341653383036,0.0,-0.8740397339254922
3.0260000000000002,0.0,1.22241839854476,0.0,-0.7114816708080359,0.0,-0.8734652335315403
3.028,0.0,1.2209936886571844,0.0,-0.7132280242629445,0.0,-0.8728877189102834
3.0300000000000002,0.0,1.2195654872197375,0.0,-0.7149732196734276,0.0,-0.8723071889146359
3.032,0.0,1.2181337965545413,0.0,-0.716717251007595,0.0,-0.8717236424069138
3.0340000000000003,0.0,1.2166986189957805,0.0,-0.7184601122312951,0.0,-0.871137078258847
3.036,0.0,1.2152599568897142,0.0,-0.7202017973081241,0.0,-0.8705474953516019
3.0380000000000003,0.0,1.2138178125946717,0.0,-0.7219423001994552,0.0,-0.8699548925757941
3.04,0.0,1.2123721884810665,0.0,-0.7236816148644486,0.0,-0.8693592688315116
3.0420000000000003,0.0,1.2109230869313938,0.0,-0.7254197352600749,0.0,-0.868760623028327
3.044,0.0,1.2094705103402366,0.0,-0.7271566553411344,0.0,-0.8681589540853181
3.0460000000000003,0.0,1.2080144611142707,0.0,-0.728892369060275,0.0,-0.8675542609310847
3.048,0.0,1.2065549416722692,0.0,-0.7306268703680103,0.0,-0.8669465425037662
3.0500000000000003,0.0,1.2050919544451069,0.0,-0.7323601532127401,0.0,-0.866335797751058
3.052,0.0,1.203625501875763,0.0,-0.7340922115407685,0.0,-0.865722025630231
3.0540000000000003,0.0,1.2021555864193254,0.0,-0.7358230392963265,0.0,-0.8651052251081469
3.056,0.0,1.2006822105429975,0.0,-0.7375526304215849,0.0,-0.8644853951612776
3.0580000000000003,0.0,1.199205376726099,0.0,-0.7392809788566791,0.0,-0.8638625347757204
3.06,0.0,1.1977250874600722,0.0,-0.7410080785397254,0.0,-0.8632366429472181
3.0620000000000003,0.0,1.1962413452484846,0.0,-0.7427339234068421,0.0,-0.8626077186811741
3.064,0.0,1.1947541526070329,0.0,-0.744458507392168,0.0,-0.8619757609926706
3.0660000000000003,0.0,1.1932635120635489,0.0,-0.7461818244278808,0.0,-0.8613407689064861
3.068,0.0,1.1917694261580007,0.0,-0.7479038684442184,0.0,-0.8607027414571129
3.0700000000000003,0.0,1.1902718974424986,0.0,-0.749624633369497,0.0,-0.8600616776887744
3.072,0.0,1.1887709284812995,0.0,-0.7513441131301296,0.0,-0.8594175766554423
3.074,0.0,1.1872665218508054,0.0,-0.7530623016506506,0.0,-0.8587704374208524
3.076,0.0,1.185758680139575,0.0,-0.7547791928537279,0.0,-0.858120259058525
3.078,0.0,1.1842474059483215,0.0,-0.756494780660188,0.0,-0.8574670406517801
3.08,0.0,1.1827327018899192,0.0,-0.7582090589890339,0.0,-0.8568107812937553
3.082,0.0,1.1812145705894055,0.0,-0.7599220217574642,0.0,-0.8561514800874215
3.084,0.0,1.179693014683986,0.0,-0.7616336628808931,0.0,-0.8554891361456038
3.086,0.0,1.1781680368230365,0.0,-0.7633439762729707,0.0,-0.8548237485909942
3.088,0.0,1.1766396396681067,0.0,-0.7650529558456036,0.0,-0.854155316556172
3.09,0.0,1.1751078258929266,0.0,-0.7667605955089704,0.0,-0.85348383918362
3.092,0.0,1.1735725981834049,0.0,-0.7684668891715475,0.0,-0.8528093156257422
3.094,0.0,1.1720339592376363,0.0,-0.7701718307401244,0.0,-0.8521317450448795
3.096,0.0,1.1704919117659034,0.0,-0.7718754141198263,0.0,-0.8514511266133277
3.098,0.0,1.1689464584906808,0.0,-0.7735776332141319,0.0,-0.8507674595133562
3.1,0.0,1.1673976021466361,0.0,-0.7752784819248953,0.0,-0.8500807429372214
3.102,0.0,1.1658453454806366,0.0,-0.7769779541523647,0.0,-0.8493909760871882
3.104,0.0,1.1642896912517497,0.0,-0.7786760437952027,0.0,-0.8486981581755435
3.106,0.0,1.1627306422312478,0.0,-0.7803727447505068,0.0,-0.848002288424615
3.108,0.0,1.161168201202609,0.0,-0.7820680509138297,0.0,-0.847303366066788
3.11,0.0,1.1596023709615242,0.0,-0.7837619561791974,0.0,-0.8466013903445236
3.112,0.0,1.158033154315896,0.0,-0.785454454439133,0.0,-0.845896360510372
3.114,0.0,1.156460554085844,0.0,-0.7871455395846727,0.0,-0.8451882758269935
3.116,0.0,1.1548845731037067,0.0,-0.78883520550539,0.0,-0.8444771355671735
3.118,0.0,1.153305214214047,0.0,-0.7905234460894118,0.0,-0.8437629390138415
3.12,0.0,1.151722480273649,0.0,-0.792210255223445,0.0,-0.8430456854600835
3.122,0.0,1.1501363741515291,0.0,-0.7938956267927877,0.0,-0.8423253742091645
3.124,0.0,1.1485468987289322,0.0,-0.7955795546813582,0.0,-0.8416020045745417
3.126,0.0,1.1469540568993362,0.0,-0.7972620327717119,0.0,-0.8408755758798826
3.128,0.0,1.1453578515684562,0.0,-0.7989430549450607,0.0,-0.8401460874590816
3.13,0.0,1.1437582856542474,0.0,-0.8006226150812933,0.0,-0.8394135386562779
3.132,0.0,1.1421553620869034,0.0,-0.8023007070590005,0.0,-0.8386779288258701
3.134,0.0,1.1405490838088652,0.0,-0.8039773247554883,0.0,-0.8379392573325367
3.136,0.0,1.138939453774818,0.0,-0.805652462046805,0.0,-0.837197523551248
3.138,0.0,1.1373264749516985,0.0,-0.8073261128077576,0.0,-0.8364527268672874
3.14,0.0,1.1357101503186915,0.0,-0.8089982709119361,0.0,-0.8357048666762654
3.142,0.0,1.13409048286724,0.0,-0.8106689302317288,0.0,-0.8349539423841379
3.144,0.0,1.1324674756010404,0.0,-0.8123380846383488,0.0,-0.8341999534072215
3.146,0.0,1.130841131536049,0.0,-0.8140057280018517,0.0,-0.8334428991722124
3.148,0.0,1.129211453700482,0.0,-0.8156718541911571,0.0,-0.8326827791161995
3.15,0.0,1.1275784451348219,0.0,-0.8173364570740673,0.0,-0.8319195926866859
3.152,0.0,1.1259421088918127,0.0,-0.8189995305172927,0.0,-0.8311533393416013
3.154,0.0,1.1243024480364687,0.0,-0.8206610683864685,0.0,-0.8303840185493206
3.156,0.0,1.1226594656460724,0.0,-0.8223210645461783,0.0,-0.8296116297886809
3.158,0.0,1.1210131648101813,0.0,-0.8239795128599705,0.0,-0.828836172548997
3.16,0.0,1.1193635486306215,0.0,-0.8256364071903877,0.0,-0.8280576463300772
3.162,0.0,1.1177106202215006,0.0,-0.8272917413989781,0.0,-0.8272760506422444
3.164,0.0,1.1160543827092002,0.0,-0.828945509346324,0.0,-0.8264913850063458
3.166,0.0,1.1143948392323832,0.0,-0.8305977048920585,0.0,-0.8257036489537749
3.168,0.0,1.1127319929419937,0.0,-0.8322483218948895,0.0,-0.8249128420264862
3.17,0.0,1.1110658470012607,0.0,-0.8338973542126158,0.0,-0.8241189637770102
3.172,0.0,1.1093964045856952,0.0,-0.8355447957021577,0.0,-0.8233220137684731
3.174,0.0,1.1077236688830998,0.0,-0.8371906402195662,0.0,-0.8225219915746104
3.176,0.0,1.1060476430935615,0.0,-0.8388348816200553,0.0,-0.8217188967797837
3.178,0.0,1.104368330429461,0.0,-0.8404775137580149,0.0,-0.8209127289790001
3.18,0.0,1.1026857341154686,0.0,-0.8421185304870378,0.0,-0.8201034877779234
3.182,0.0,1.1009998573885502,0.0,-0.8437579256599369,0.0,-0.8192911727928954
3.184,0.0,1.0993107034979652,0.0,-0.8453956931287708,0.0,-0.8184757836509498
3.186,0.0,1.0976182757052704,0.0,-0.8470318267448612,0.0,-0.8176573199898273
3.188,0.0,1.0959225772843204,0.0,-0.8486663203588161,0.0,-0.8168357814579958
3.19,0.0,1.09422361152127,0.0,-0.8502991678205519,0.0,-0.8160111677146635
3.192,0.0,1.0925213817145738,0.0,-0.8519303629793133,0.0,-0.8151834784297954
3.194,0.0,1.0908158911749888,0.0,-0.8535598996836969,0.0,-0.8143527132841312
3.196,0.0,1.0891071432255761,0.0,-0.8551877717816706,0.0,-0.8135188719692007
3.198,0.0,1.0873951412017016,0.0,-0.8568139731205953,0.0,-0.8126819541873384
3.2,0.0,1.0856798884510352,0.0,-0.8584384975472507,0.0,-0.8118419596517031
3.202,0.0,1.0839613883335568,0.0,-0.8600613389078489,0.0,-0.8109988880862911
3.204,0.0,1.0822396442215512,0.0,-0.8616824910480648,0.0,-0.8101527392259529
3.206,0.0,1.0805146594996144,0.0,-0.863301947813053,0.0,-0.8093035128164106
3.208,0.0,1.0787864375646523,0.0,-0.864919703047469,0.0,-0.8084512086142726
3.21,0.0,1.0770549818258823,0.0,-0.8665357505954929,0.0,-0.8075958263870512
3.212,0.0,1.0753202957048318,0.0,-0.8681500843008528,0.0,-0.8067373659131766
3.214,0.0,1.073582382635345,0.0,-0.8697626980068408,0.0,-0.8058758269820147
3.216,0.0,1.0718412460635758,0.0,-0.8713735855563425,0.0,-0.8050112093938818
3.218,0.0,1.0700968894479956,0.0,-0.8729827407918523,0.0,-0.8041435129600625
3.22,0.0,1.0683493162593896,0.0,-0.8745901575555002,0.0,-0.8032727375028227
3.222,0.0,1.06659852998086,0.0,-0.8761958296890702,0.0,-0.8023988828554285
3.224,0.0,1.0648445341078259,0.0,-0.8777997510340243,0.0,-0.8015219488621613
3.226,0.0,1.0630873321480225,0.0,-0.8794019154315244,0.0,-0.8006419353783305
3.228,0.0,1.0613269276215038,0.0,-0.8810023167224548,0.0,-0.7997588422702965
3.23,0.0,1.0595633240606432,0.0,-0.8826009487474411,0.0,-0.7988726694154782
3.232,0.0,1.057796525010131,0.0,-0.8841978053468775,0.0,-0.7979834167023749
3.234,0.0,1.0560265340269794,0.0,-0.8857928803609445,0.0,-0.7970910840305803
3.236,0.0,1.054253354680518,0.0,-0.887386167629634,0.0,-0.796195671310796
3.238,0.0,1.0524769905523979,0.0,-0.88897766099277,0.0,-0.7952971784648513
3.24,0.0,1.0506974452365907,0.0,-0.8905673542900312,0.0,-0.7943956054257164
3.242,0.0,1.0489147223393882,0.0,-0.8921552413609736,0.0,-0.7934909521375175
3.244,0.0,1.0471288254794047,0.0,-0.8937413160450518,0.0,-0.7925832185555552
3.246,0.0,1.0453397582875736,0.0,-0.8953255721816437,0.0,-0.7916724046463183
3.248,0.0,1.0435475244071504,0.0,-0.8969080036100701,0.0,-0.7907585103874977
3.25,0.0,1.0417521274937125,0.0,-0.8984886041696194,0.0,-0.7898415357680073
3.2520000000000002,0.0,1.039953571215158,0.0,-0.9000673676995685,0.0,-0.7889214807879934
3.254,0.0,1.0381518592517076,0.0,-0.9016442880392052,0.0,-0.7879983454588552
3.2560000000000002,0.0,1.0363469952959017,0.0,-0.903219359027853,0.0,-0.7870721298032576
3.258,0.0,1.034538983052604,0.0,-0.9047925745048897,0.0,-0.786142833855147
3.2600000000000002,0.0,1.0327278262389967,0.0,-0.9063639283097752,0.0,-0.7852104576597675
3.262,0.0,1.0309135285845865,0.0,-0.9079334142820682,0.0,-0.7842750012736773
3.2640000000000002,0.0,1.0290960938311975,0.0,-0.9095010262614541,0.0,-0.7833364647647607
3.266,0.0,1.0272755257329762,0.0,-0.9110667580877643,0.0,-0.7823948482122477
3.2680000000000002,0.0,1.0254518280563885,0.0,-0.9126306036010009,0.0,-0.7814501517067267
3.27,0.0,1.0236250045802209,0.0,-0.9141925566413568,0.0,-0.7805023753501605
3.2720000000000002,0.0,1.0217950590955782,0.0,-0.9157526110492428,0.0,-0.7795515192559028
3.274,0.0,1.0199619954058856,0.0,-0.9173107606653047,0.0,-0.7785975835487112
3.2760000000000002,0.0,1.018125817326884,0.0,-0.918866999330453,0.0,-0.7776405683647634
3.278,0.0,1.0162865286866365,0.0,-0.9204213208858777,0.0,-0.7766804738516762
3.2800000000000002,0.0,1.0144441333255192,0.0,-0.9219737191730792,0.0,-0.7757173001685127
3.282,0.0,1.0125986350962282,0.0,-0.9235241880338855,0.0,-0.7747510474858057
3.2840000000000003,0.0,1.0107500378637735,0.0,-0.9250727213104772,0.0,-0.7737817159855688
3.286,0.0,1.008898345505481,0.0,-0.9266193128454113,0.0,-0.7728093058613104
3.2880000000000003,0.0,1.007043561910991,0.0,-0.9281639564816427,0.0,-0.7718338173180523
3.29,0.0,1.005185690982258,0.0,-0.9297066460625482,0.0,-0.7708552505723434
3.2920000000000003,0.0,1.0033247366335483,0.0,-0.9312473754319491,0.0,-0.7698736058522729
3.294,0.0,1.0014607027914417,0.0,-0.9327861384341338,0.0,-0.7688888833974888
3.2960000000000003,0.0,0.9995935933948268,0.0,-0.9343229289138831,0.0,-0.7679010834592094
3.298,0.0,0.9977234123949039,0.0,-0.9358577407164899,0.0,-0.7669102063002411
3.3000000000000003,0.0,0.9958501637551818,0.0,-0.9373905676877864,0.0,-0.7659162521949929
3.302,0.0,0.9939738514514763,0.0,-0.938921403674163,0.0,-0.7649192214294884
3.3040000000000003,0.0,0.9920944794719107,0.0,-0.9404502425225953,0.0,-0.7639191143013855
3.306,0.0,0.9902120518169129,0.0,-0.9419770780806661,0.0,-0.7629159311199873
3.3080000000000003,0.0,0.9883265724992157,0.0,-0.943501904196587,0.0,-0.7619096722062595
3.31,0.0,0.9864380455438551,0.0,-0.9450247147192244,0.0,-0.7609003378928437
3.3120000000000003,0.0,0.984546474988168,0.0,-0.9465455034981214,0.0,-0.7598879285240733
3.314,0.0,0.9826518648817917,0.0,-0.9480642643835209,0.0,-0.7588724444559867
3.3160000000000003,0.0,0.9807542192866621,0.0,-0.9495809912263908,0.0,-0.7578538860563444
3.318,0.0,0.9788535422770133,0.0,-0.9510956778784446,0.0,-0.7568322537046419
3.3200000000000003,0.0,0.976949837939374,0.0,-0.9526083181921685,0.0,-0.7558075477921247
3.322,0.0,0.9750431103725679,0.0,-0.9541189060208413,0.0,-0.7547797687218035
3.3240000000000003,0.0,0.9731333636877116,0.0,-0.9556274352185599,0.0,-0.753748916908469
3.326,0.0,0.9712206020082115,0.0,-0.9571338996402634,0.0,-0.7527149927787049
3.3280000000000003,0.0,0.9693048294697637,0.0,-0.9586382931417559,0.0,-0.7516779967709049
3.33,0.0,0.9673860502203535,0.0,-0.9601406095797284,0.0,-0.7506379293352858
3.332,0.0,0.9654642684202495,0.0,-0.9616408428117859,0.0,-0.7495947909339016
3.334,0.0,0.9635394882420043,0.0,-0.9631389866964694,0.0,-0.748548582040659
3.336,0.0,0.9616117138704554,0.0,-0.9646350350932774,0.0,-0.7474993031413324
3.338,0.0,0.9596809495027162,0.0,-0.9661289818626954,0.0,-0.7464469547335758
3.34,0.0,0.9577471993481816,0.0,-0.9676208208662127,0.0,-0.745391537326941
3.342,0.0,0.9558104676285202,0.0,-0.9691105459663515,0.0,-0.7443330514428874
3.344,0.0,0.9538707585776762,0.0,-0.9705981510266877,0.0,-0.7432714976148014
3.346,0.0,0.9519280764418636,0.0,-0.9720836299118777,0.0,-0.7422068763880063
3.348,0.0,0.9499824254795687,0.0,-0.9735669764876783,0.0,-0.7411391883197799
3.35,0.0,0.9480338099615415,0.0,-0.9750481846209749,0.0,-0.7400684339793652
3.352,0.0,0.9460822341708013,0.0,-0.9765272481798014,0.0,-0.7389946139479898
3.354,0.0,0.9441277024026261,0.0,-0.978004161033368,0.0,-0.737917728818874
3.356,0.0,0.9421702189645573,0.0,-0.979478917052082,0.0,-0.7368377791972502
3.358,0.0,0.9402097881763929,0.0,-0.9809515101075734,0.0,-0.7357547657003739
3.36,0.0,0.938246414370187,0.0,-0.9824219340727193,0.0,-0.7346686889575393
3.362,0.0,0.9362801018902462,0.0,-0.9838901828216671,0.0,-0.733579549610093
3.364,0.0,0.9343108550931277,0.0,-0.9853562502298585,0.0,-0.7324873483114469
3.366,0.0,0.9323386783476364,0.0,-0.9868201301740551,0.0,-0.7313920857270948
3.368,0.0,0.9303635760348221,0.0,-0.988281816532361,0.0,-0.7302937625346232
3.37,0.0,0.9283855525479776,0.0,-0.9897413031842478,0.0,-0.7291923794237286
3.372,0.0,0.9264046122926359,0.0,-0.9911985840105779,0.0,-0.7280879370962292
3.374,0.0,0.9244207596865642,0.0,-0.9926536528936308,0.0,-0.7269804362660778
3.376,0.0,0.9224339991597674,0.0,-0.9941065037171245,0.0,-0.7258698776593799
3.378,0.0,0.9204443351544784,0.0,-0.9955571303662426,0.0,-0.7247562620144028
3.38,0.0,0.9184517721251608,0.0,-0.9970055267276567,0.0,-0.7236395900815931
3.382,0.0,0.916456314538501,0.0,-0.9984516866895516,0.0,-0.7225198626235867
3.384,0.0,0.9144579668734095,0.0,-0.9998956041416504,0.0,-0.7213970804152277
3.386,0.0,0.9124567336210134,0.0,-1.0013372729752372,0.0,-0.720271244243575
3.388,0.0,0.9104526192846591,0.0,-1.0027766870831816,0.0,-0.7191423549079246
3.39,0.0,0.9084456283799018,0.0,-1.004213840359967,0.0,-0.7180104132198152
3.392,0.0,0.9064357654345092,0.0,-1.0056487267017082,0.0,-0.7168754200030468
3.394,0.0,0.9044230349884532,0.0,-1.0070813400061835,0.0,-0.7157373760936931
3.396,0.0,0.9024074415939094,0.0,-1.0085116741728533,0.0,-0.7145962823401139
3.398,0.0,0.9003889898152528,0.0,-1.009939723102888,0.0,-0.7134521396029702
3.4,0.0,0.898367684229054,0.0,-1.0113654806991912,0.0,-0.7123049487552366
3.402,0.0,0.8963435294240751,0.0,-1.0127889408664252,0.0,-0.7111547106822145
3.404,0.0,0.8943165300012699,0.0,-1.0142100975110346,0.0,-0.7100014262815477
3.406,0.0,0.8922866905737741,0.0,-1.0156289445412727,0.0,-0.7088450964632327
3.408,0.0,0.8902540157669079,0.0,-1.0170454758672238,0.0,-0.7076857221496344
3.41,0.0,0.8882185102181672,0.0,-1.0184596854008303,0.0,-0.7065233042754975
3.412,0.0,0.8861801785772236,0.0,-1.0198715670559166,0.0,-0.7053578437879627
3.414,0.0,0.8841390255059185,0.0,-1.021281114748213,0.0,-0.7041893416465759
3.416,0.0,0.882095055678261,0.0,-1.0226883223953813,0.0,-0.7030177988233054
3.418,0.0,0.8800482737804207,0.0,-1.024093183917041,0.0,-0.7018432163025522
3.42,0.0,0.8779986845107288,0.0,-1.0254956932347905,0.0,-0.7006655950811649
3.422,0.0,0.8759462925796684,0.0,-1.026895844272238,0.0,-0.6994849361684519
3.424,0.0,0.8738911027098759,0.0,-1.0282936309550181,0.0,-0.6983012405861942
3.426,0.0,0.8718331196361332,0.0,-1.0296890472108253,0.0,-0.6971145093686606
3.428,0.0,0.8697723481053645,0.0,-1.0310820869694335,0.0,-0.6959247435626174
3.43,0.0,0.8677087928766323,0.0,-1.0324727441627226,0.0,-0.694731944227343
3.432,0.0,0.8656424587211347,0.0,-1.0338610127247039,0.0,-0.6935361124346423
3.434,0.0,0.8635733504221967,0.0,-1.0352468865915456,0.0,-0.6923372492688569
3.436,0.0,0.8615014727752726,0.0,-1.0366303597015956,0.0,-0.6911353558268807
3.438,0.0,0.8594268305879343,0.0,-1.0380114259954085,0.0,-0.6899304332181693
3.44,0.0,0.8573494286798731,0.0,-1.0393900794157716,0.0,-0.6887224825647573
3.442,0.0,0.8552692718828903,0.0,-1.0407663139077274,0.0,-0.6875115050012661
3.444,0.0,0.8531863650408965,0.0,-1.042140123418601,0.0,-0.686297501674921
3.446,0.0,0.8511007130099038,0.0,-1.0435115018980246,0.0,-0.6850804737455606
3.448,0.0,0.8490123206580246,0.0,-1.0448804432979621,0.0,-0.6838604223856524
3.45,0.0,0.8469211928654623,0.0,-1.0462469415727367,0.0,-0.6826373487803021
3.452,0.0,0.8448273345245124,0.0,-1.0476109906790514,0.0,-0.6814112541272693
3.454,0.0,0.8427307505395523,0.0,-1.0489725845760205,0.0,-0.6801821396369784
3.456,0.0,0.84063144582704,0.0,-1.05033171722519,0.0,-0.6789500065325312
3.458,0.0,0.8385294253155073,0.0,-1.051688382590565,0.0,-0.6777148560497199
3.46,0.0,0.8364246939455559,0.0,-1.0530425746386352,0.0,-0.6764766894370392
3.462,0.0,0.8343172566698518,0.0,-1.0543942873384005,0.0,-0.6752355079556988
3.464,0.0,0.8322071184531199,0.0,-1.055743514661395,0.0,-0.6739913128796351
3.466,0.0,0.8300942842721413,0.0,-1.057090250581713,0.0,-0.6727441054955253
3.468,0.0,0.8279787591157444,0.0,-1.058434489076037,0.0,-0.6714938871027979
3.47,0.0,0.8258605479848019,0.0,-1.0597762241236592,0.0,-0.6702406590136453
3.472,0.0,0.8237396558922263,0.0,-1.0611154497065105,0.0,-0.6689844225530375
3.474,0.0,0.8216160878629623,0.0,-1.0624521598091825,0.0,-0.6677251790587311
3.476,0.0,0.8194898489339846,0.0,-1.0637863484189563,0.0,-0.6664629298812863
3.478,0.0,0.8173609441542888,0.0,-1.0651180095258275,0.0,-0.6651976763840742
3.48,0.0,0.8152293785848881,0.0,-1.06644713712253,0.0,-0.6639294199432902
3.482,0.0,0.8130951572988083,0.0,-1.067773725204564,0.0,-0.6626581619479692
3.484,0.0,0.8109582853810808,0.0,-1.06909776777022,0.0,-0.6613839037999931
3.486,0.0,0.8088187679287377,0.0,-1.0704192588206052,0.0,-0.6601066469141054
3.488,0.0,0.8066766100508063,0.0,-1.0717381923596692,0.0,-0.6588263927179221
3.49,0.0,0.804531816868302,0.0,-1.0730545623942302,0.0,-0.6575431426519446
3.492,0.0,0.8023843935142265,0.0,-1.0743683629339986,0.0,-0.6562568981695707
3.494,0.0,0.8002343451335545,0.0,-1.075679587991608,0.0,-0.6549676607371059
3.496,0.0,0.7980816768832372,0.0,-1.0769882315826333,0.0,-0.6536754318337765
3.498,0.0,0.7959263939321894,0.0,-1.0782942877256232,0.0,-0.652380212951741
3.5,0.0,0.7937685014612861,0.0,-1.0795977504421241,0.0,-0.6510820055961011
3.5020000000000002,0.0,0.7916080046633549,0.0,-1.0808986137567043,0.0,-0.6497808112849124
3.504,0.0,0.7894449087431749,0.0,-1.0821968716969808,0.0,-0.6484766315492004
3.5060000000000002,0.0,0.7872792189174634,0.0,-1.083492518293647,0.0,-0.647169467932967
3.508,0.0,0.7851109404148745,0.0,-1.084785547580496,0.0,-0.6458593219932036
3.5100000000000002,0.0,0.7829400784759901,0.0,-1.0860759535944504,0.0,-0.6445461952999033
3.512,0.0,0.7807666383533184,0.0,-1.087363730375582,0.0,-0.6432300894360738
3.5140000000000002,0.0,0.7785906253112806,0.0,-1.0886488719671448,0.0,-0.6419110059977448
3.516,0.0,0.7764120446262113,0.0,-1.089931372415596,0.0,-0.6405889465939832
3.5180000000000002,0.0,0.7742309015863469,0.0,-1.091211225770625,0.0,-0.6392639128469026
3.52,0.0,0.7720472014918229,0.0,-1.0924884260851775,0.0,-0.6379359063916747
3.5220000000000002,0.0,0.7698609496546625,0.0,-1.0937629674154847,0.0,-0.6366049288765405
3.524,0.0,0.7676721513987772,0.0,-1.0950348438210848,0.0,-0.6352709819628226
3.5260000000000002,0.0,0.7654808120599538,0.0,-1.0963040493648524,0.0,-0.633934067324935
3.528,0.0,0.7632869369858486,0.0,-1.0975705781130263,0.0,-0.6325941866503944
3.5300000000000002,0.0,0.7610905315359853,0.0,-1.0988344241352301,0.0,-0.631251341639832
3.532,0.0,0.758891601081743,0.0,-1.1000955815045037,0.0,-0.6299055340070048
3.5340000000000003,0.0,0.7566901510063516,0.0,-1.1013540442973278,0.0,-0.6285567654788057
3.536,0.0,0.7544861867048848,0.0,-1.1026098065936485,0.0,-0.6272050377952743
3.5380000000000003,0.0,0.7522797135842522,0.0,-1.1038628624769071,0.0,-0.6258503527096088
3.54,0.0,0.7500707370631946,0.0,-1.1051132060340627,0.0,-0.6244927119881771
3.5420000000000003,0.0,0.7478592625722732,0.0,-1.106360831355622,0.0,-0.6231321174105251
3.544,0.0,0.7456452955538663,0.0,-1.1076057325356625,0.0,-0.6217685707693915
3.5460000000000003,0.0,0.7434288414621597,0.0,-1.108847903671861,0.0,-0.620402073870715
3.548,0.0,0.7412099057631413,0.0,-1.110087338865519,0.0,-0.6190326285336476
3.5500000000000003,0.0,0.7389884939345898,0.0,-1.1113240322215912,0.0,-0.6176602365905625
3.552,0.0,0.7367646114660742,0.0,-1.1125579778487076,0.0,-0.6162848998870681
3.5540000000000003,0.0,0.734538263858939,0.0,-1.1137891698592048,0.0,-0.614906620282015
3.556,0.0,0.7323094566263042,0.0,-1.115017602369149,0.0,-0.6135253996475117
3.5580000000000003,0.0,0.7300781952930501,0.0,-1.116243269498365,0.0,-0.6121412398689281
3.56,0.0,0.727844485395815,0.0,-1.1174661653704612,0.0,-0.6107541428449114
3.5620000000000003,0.0,0.7256083324829878,0.0,-1.1186862841128558,0.0,-0.6093641104873957
3.564,0.0,0.7233697421146958,0.0,-1.1199036198568049,0.0,-0.6079711447216095
3.5660000000000003,0.0,0.7211287198628029,0.0,-1.1211181667374286,0.0,-0.6065752474860905
3.568,0.0,0.7188852713108966,0.0,-1.1223299188937366,0.0,-0.6051764207326913
3.5700000000000003,0.0,0.7166394020542821,0.0,-1.123538870468657,0.0,-0.6037746664265919
3.572,0.0,0.7143911176999785,0.0,-1.12474501560906,0.0,-0.6023699865463124
3.5740000000000003,0.0,0.7121404238667021,0.0,-1.1259483484657873,0.0,-0.6009623830837172
3.576,0.0,0.7098873261848673,0.0,-1.1271488631936768,0.0,-0.5995518580440303
3.5780000000000003,0.0,0.7076318302965741,0.0,-1.1283465539515907,0.0,-0.5981384134458445
3.58,0.0,0.7053739418555992,0.0,-1.129541414902442,0.0,-0.5967220513211284
3.5820000000000003,0.0,0.703113666527391,0.0,-1.1307334402132208,0.0,-0.5953027737152398
3.584,0.0,0.7008510099890591,0.0,-1.131922624055021,0.0,-0.5938805826869346
3.586,0.0,0.698585977929367,0.0,-1.133108960603068,0.0,-0.5924554803083752
3.588,0.0,0.6963185760487236,0.0,-1.1342924440367443,0.0,-0.5910274686651433
3.59,0.0,0.6940488100591746,0.0,-1.1354730685396175,0.0,-0.5895965498562471
3.592,0.0,0.6917766856843941,0.0,-1.1366508282994667,0.0,-0.5881627259941313
3.594,0.0,0.6895022086596774,0.0,-1.137825717508309,0.0,-0.5867259992046898
3.596,0.0,0.6872253847319302,0.0,-1.1389977303624268,0.0,-0.5852863716272706
3.598,0.0,0.684946219659664,0.0,-1.1401668610623943,0.0,-0.5838438454146908
3.6,0.0,0.6826647192129799,0.0,-1.141333103813106,0.0,-0.5823984227332397
3.602,0.0,0.6803808891735715,0.0,-1.1424964528238009,0.0,-0.5809501057626967
3.604,0.0,0.6780947353347031,0.0,-1.1436569023080922,0.0,-0.5794988966963315
3.606,0.0,0.6758062635012114,0.0,-1.1448144464839933,0.0,-0.5780447977409214
3.608,0.0,0.6735154794894912,0.0,-1.1459690795739434,0.0,-0.5765878111167559
3.61,0.0,0.6712223891274884,0.0,-1.1471207958048366,0.0,-0.5751279390576487
3.612,0.0,0.6689269982546907,0.0,-1.1482695894080486,0.0,-0.5736651838109453
3.614,0.0,0.6666293127221176,0.0,-1.1494154546194622,0.0,-0.5721995476375326
3.616,0.0,0.6643293383923135,0.0,-1.150558385679497,0.0,-0.57073103281185
3.618,0.0,0.6620270811393376,0.0,-1.151698376833133,0.0,-0.5692596416218965
3.62,0.0,0.6597225468487522,0.0,-1.1528354223299424,0.0,-0.5677853763692388
3.622,0.0,0.6574157414176192,0.0,-1.1539695164241117,0.0,-0.5663082393690247
3.624,0.0,0.6551066707544848,0.0,-1.1551006533744725,0.0,-0.5648282329499874
3.626,0.0,0.652795340779375,0.0,-1.156228827444527,0.0,-0.5633453594544581
3.628,0.0,0.6504817574237816,0.0,-1.1573540329024763,0.0,-0.5618596212383724
3.63,0.0,0.6481659266306581,0.0,-1.158476264021246,0.0,-0.5603710206712805
3.632,0.0,0.6458478543544043,0.0,-1.1595955150785158,0.0,-0.5588795601363552
3.634,0.0,0.6435275465608636,0.0,-1.160711780356744,0.0,-0.5573852420304038
3.636,0.0,0.641205009227306,0.0,-1.1618250541431967,0.0,-0.5558880687638709
3.638,0.0,0.6388802483424239,0.0,-1.1629353307299748,0.0,-0.5543880427608523
3.64,0.0,0.6365532699063203,0.0,-1.164042604414041,0.0,-0.5528851664591024
3.642,0.0,0.6342240799305014,0.0,-1.1651468694972458,0.0,-0.5513794423100422
3.644,0.0,0.6318926844378613,0.0,-1.166248120286359,0.0,-0.5498708727787679
3.646,0.0,0.6295590894626777,0.0,-1.1673463510930917,0.0,-0.5483594603440589
3.648,0.0,0.6272233010506003,0.0,-1.168441556234127,0.0,-0.5468452074983886
3.65,0.0,0.6248853252586384,0.0,-1.1695337300311484,0.0,-0.5453281167479294
3.652,0.0,0.6225451681551535,0.0,-1.1706228668108625,0.0,-0.5438081906125629
3.654,0.0,0.6202028358198517,0.0,-1.1717089609050306,0.0,-0.5422854316258909
3.656,0.0,0.6178583343437658,0.0,-1.1727920066504964,0.0,-0.5407598423352378
3.658,0.0,0.6155116698292544,0.0,-1.1738719983892094,0.0,-0.539231425301665
3.66,0.0,0.6131628483899818,0.0,-1.1749489304682574,0.0,-0.5377001830999726
3.662,0.0,0.6108118761509189,0.0,-1.1760227972398898,0.0,-0.5361661183187153
3.664,0.0,0.6084587592483229,0.0,-1.1770935930615471,0.0,-0.5346292335602032
3.666,0.0,0.6061035038297313,0.0,-1.1781613122958894,0.0,-0.5330895314405135
3.668,0.0,0.6037461160539522,0.0,-1.1792259493108213,0.0,-0.5315470145894989
3.67,0.0,0.6013866020910523,0.0,-1.1802874984795217,0.0,-0.5300016856507942
3.672,0.0,0.5990249681223463,0.0,-1.1813459541804705,0.0,-0.5284535472818245
3.674,0.0,0.5966612203403869,0.0,-1.1824013107974758,0.0,-0.5269026021538127
3.676,0.0,0.594295364948953,0.0,-1.1834535627197027,0.0,-0.5253488529517879
3.678,0.0,0.5919274081630418,0.0,-1.1845027043416996,0.0,-0.5237923023745947
3.68,0.0,0.589557356208853,0.0,-1.1855487300634262,0.0,-0.5222329531348957
3.682,0.0,0.5871852153237842,0.0,-1.1865916342902814,0.0,-0.5206708079591864
3.684,0.0,0.5848109917564147,0.0,-1.1876314114331321,0.0,-0.5191058695877968
3.686,0.0,0.5824346917664965,0.0,-1.188668055908338,0.0,-0.5175381407749013
3.688,0.0,0.5800563216249459,0.0,-1.189701562137782,0.0,-0.5159676242885279
3.69,0.0,0.5776758876138252,0.0,-1.1907319245488972,0.0,-0.5143943229105608
3.692,0.0,0.5752933960263403,0.0,-1.1917591375746932,0.0,-0.5128182394367534
3.694,0.0,0.5729088531668243,0.0,-1.1927831956537867,0.0,-0.5112393766767325
3.696,0.0,0.5705222653507265,0.0,-1.1938040932304252,0.0,-0.5096577374540051
3.698,0.0,0.5681336389046041,0.0,-1.1948218247545186,0.0,-0.5080733246059687
3.7,0.0,0.5657429801661064,0.0,-1.1958363846816662,0.0,-0.5064861409839146
3.702,0.0,0.5633502954839681,0.0,-1.1968477674731814,0.0,-0.5048961894530388
3.704,0.0,0.5609555912179932,0.0,-1.1978559675961247,0.0,-0.5033034728924451
3.706,0.0,0.5585588737390474,0.0,-1.198860979523327,0.0,-0.5017079941951567
3.708,0.0,0.5561601494290448,0.0,-1.1998627977334186,0.0,-0.5001097562681189
3.71,0.0,0.5537594246809365,0.0,-1.2008614167108593,0.0,-0.49850876203220956
3.712,0.0,0.5513567058986962,0.0,-1.2018568309459645,0.0,-0.496905014422242
3.714,0.0,0.5489519994973164,0.0,-1.202849034934931,0.0,-0.4952985163869774
3.716,0.0,0.5465453119027863,0.0,-1.2038380231798702,0.0,-0.4936892708891265
3.718,0.0,0.5441366495520876,0.0,-1.2048237901888301,0.0,-0.4920772809053582
3.72,0.0,0.5417260188931792,0.0,-1.2058063304758275,0.0,-0.4904625494263069
3.722,0.0,0.5393134263849853,0.0,-1.2067856385608748,0.0,-0.4888450794565781
3.724,0.0,0.5368988784973856,0.0,-1.207761708970006,0.0,-0.48722487401475567
3.726,0.0,0.5344823817112014,0.0,-1.208734536235307,0.0,-0.4856019361334085
3.728,0.0,0.5320639425181826,0.0,-1.2097041148949437,0.0,-0.4839762688590961
3.73,0.0,0.5296435674209964,0.0,-1.2106704394931882,0.0,-0.48234787525237444
3.732,0.0,0.5272212629332166,0.0,-1.2116335045804478,0.0,-0.4807167583878048
3.734,0.0,0.5247970355793107,0.0,-1.2125933047132933,0.0,-0.47908292135395925
3.736,0.0,0.5223708918946245,0.0,-1.2135498344544857,0.0,-0.47744636725342404
3.738,0.0,0.5199428384253746,0.0,-1.2145030883730064,0.0,-0.4758070992028105
3.74,0.0,0.5175128817286311,0.0,-1.2154530610440835,0.0,-0.4741651203327568
3.742,0.0,0.5150810283723095,0.0,-1.2163997470492203,0.0,-0.4725204337879376
3.744,0.0,0.5126472849351531,0.0,-1.2173431409762243,0.0,-0.4708730427270669
3.746,0.0,0.510211658006727,0.0,-1.218283237419233,0.0,-0.46922295032290745
3.748,0.0,0.507774154187399,0.0,-1.2192200309787442,0.0,-0.46757015976227356
3.75,0.0,0.5053347800883305,0.0,-1.2201535162616446,0.0,-0.4659146742460394
3.7520000000000002,0.0,0.5028935423314617,0.0,-1.2210836878812346,0.0,-0.4642564969891417
3.754,0.0,0.5004504475495011,0.0,-1.2220105404572597,0.0,-0.46259563122059
3.7560000000000002,0.0,0.49800550238591035,0.0,-1.2229340686159378,0.0,-0.46093208018346854
3.758,0.0,0.4955587134948935,0.0,-1.223854266989986,0.0,-0.4592658471349445
3.7600000000000002,0.0,0.4931100875413805,0.0,-1.2247711302186504,0.0,-0.4575969353462708
3.762,0.0,0.4906596312010193,0.0,-1.2256846529477339,0.0,-0.4559253481027957
3.7640000000000002,0.0,0.4882073511601546,0.0,-1.2265948298296245,0.0,-0.4542510887039622
3.766,0.0,0.48575325411582615,0.0,-1.2275016555233216,0.0,-0.45257416046332155
3.7680000000000002,0.0,0.48329734677574376,0.0,-1.2284051246944678,0.0,-0.45089456670853095
3.77,0.0,0.48083963585828204,0.0,-1.229305232015374,0.0,-0.44921231078136414
3.7720000000000002,0.0,0.4783801280924636,0.0,-1.2302019721650486,0.0,-0.4475273960377141
3.774,0.0,0.4759188302179456,0.0,-1.2310953398292268,0.0,-0.44583982584759835
3.7760000000000002,0.0,0.4734557489850083,0.0,-1.231985329700397,0.0,-0.4441496035951661
3.778,0.0,0.4709908911545403,0.0,-1.2328719364778309,0.0,-0.44245673267870184
3.7800000000000002,0.0,0.4685242634980221,0.0,-1.233755154867611,0.0,-0.4407612165106288
3.782,0.0,0.46605587279751926,0.0,-1.2346349795826568,0.0,-0.43906305851751803
3.7840000000000003,0.0,0.46358572584566193,0.0,-1.2355114053427576,0.0,-0.4373622621400901
3.786,0.0,0.4611138294456337,0.0,-1.236384426874597,0.0,-0.43565883083322005
3.7880000000000003,0.0,0.4586401904111602,0.0,-1.237254038911783,0.0,-0.4339527680659453
3.79,0.0,0.45616481556648986,0.0,-1.2381202361948755,0.0,-0.43224407732146575
3.7920000000000003,0.0,0.4536877117463851,0.0,-1.2389830134714153,0.0,-0.4305327620971528
3.794,0.0,0.4512088857961057,0.0,-1.2398423654959518,0.0,-0.42881882590455184
3.7960000000000003,0.0,0.4487283445713947,0.0,-1.2406982870300718,0.0,-0.4271022722693864
3.798,0.0,0.44624609493846723,0.0,-1.241550772842427,0.0,-0.4253831047315656
3.8000000000000003,0.0,0.44376214377398926,0.0,-1.2423998177087652,0.0,-0.4236613268451834
3.802,0.0,0.44127649796507407,0.0,-1.243245416411954,0.0,-0.42193694217853017
3.8040000000000003,0.0,0.4387891644092568,0.0,-1.244087563742014,0.0,-0.4202099543140894
3.806,0.0,0.4363001500144902,0.0,-1.2449262544961428,0.0,-0.4184803668485495
3.8080000000000003,0.0,0.43380946169912027,0.0,-1.2457614834787476,0.0,-0.4167481833928004
3.81,0.0,0.4313171063918817,0.0,-1.2465932455014703,0.0,-0.4150134075719454
3.8120000000000003,0.0,0.4288230910318752,0.0,-1.247421535383218,0.0,-0.4132760430252991
3.814,0.0,0.4263274225685591,0.0,-1.2482463479501895,0.0,-0.41153609340639563
3.8160000000000003,0.0,0.4238301079617292,0.0,-1.2490676780359067,0.0,-0.40979356238299
3.818,0.0,0.42133115418150924,0.0,-1.2498855204812396,0.0,-0.408048453637064
3.8200000000000003,0.0,0.4188305682083321,0.0,-1.250699870134437,0.0,-0.4063007708648285
3.822,0.0,0.41632835703292903,0.0,-1.2515107218511545,0.0,-0.4045505177767297
3.8240000000000003,0.0,0.4138245276563099,0.0,-1.252318070494483,0.0,-0.4027976980974495
3.826,0.0,0.41131908708975273,0.0,-1.253121910934976,0.0,-0.40104231556591247
3.8280000000000003,0.0,0.40881204235478646,0.0,-1.2539222380506803,0.0,-0.3992843739352877
3.83,0.0,0.4063034004831769,0.0,-1.2547190467271625,0.0,-0.3975238769729934
3.8320000000000003,0.0,0.40379316851690883,0.0,-1.2555123318575383,0.0,-0.39576082846069827
3.834,0.0,0.40128135350817695,0.0,-1.2563020883425022,0.0,-0.39399523219432975
3.8360000000000003,0.0,0.39876796251936375,0.0,-1.257088311090353,0.0,-0.39222709198407163
3.838,0.0,0.39625300262303,0.0,-1.257870995017025,0.0,-0.39045641165437245
3.84,0.0,0.3937364809018945,0.0,-1.2586501350461161,0.0,-0.3886831950439451
3.842,0.0,0.39121840444882316,0.0,-1.2594257261089155,0.0,-0.38690744600577276
3.844,0.0,0.3886987803668107,0.0,-1.260197763144432,0.0,-0.38512916840711064
3.846,0.0,0.3861776157689656,0.0,-1.2609662410994242,0.0,-0.3833483661294889
3.848,0.0,0.38365491777849703,0.0,-1.2617311549284276,0.0,-0.3815650430687185
3.85,0.0,0.38113069352869466,0.0,-1.2624924995937836,0.0,-0.3797792031348896
3.852,0.0,0.37860495016291806,0.0,-1.2632502700656676,0.0,-0.3779908502523791
3.854,0.0,0.3760776948345757,0.0,-1.2640044613221193,0.0,-0.3761999883598494
3.856,0.0,0.3735489347071162,0.0,-1.2647550683490687,0.0,-0.37440662141025666
3.858,0.0,0.37101867695400365,0.0,-1.265502086140367,0.0,-0.3726107533708464
3.86,0.0,0.3684869287587107,0.0,-1.2662455096978127,0.0,-0.3708123882231636
3.862,0.0,0.36595369731469535,0.0,-1.2669853340311843,0.0,-0.36901152996305
3.864,0.0,0.36341898982539067,0.0,-1.267721554158263,0.0,-0.36720818260064964
3.866,0.0,0.36088281350418266,0.0,-1.268454165104868,0.0,-0.36540235016040923
3.868,0.0,0.3583451755744019,0.0,-1.2691831619048783,0.0,-0.363594036681084
3.87,0.0,0.3558060832693,0.0,-1.2699085396002676,0.0,-0.3617832462157362
3.872,0.0,0.3532655438320371,0.0,-1.2706302932411289,0.0,-0.3599699828317399
3.874,0.0,0.3507235645156666,0.0,-1.271348417885703,0.0,-0.3581542506107832
3.876,0.0,0.3481801525831147,0.0,-1.272062908600411,0.0,-0.3563360536488689
3.878,0.0,0.34563531530716846,0.0,-1.2727737604598781,0.0,-0.35451539605631893
3.88,0.0,0.343089059970457,0.0,-1.2734809685469652,0.0,-0.3526922819577746
3.882,0.0,0.3405413938654346,0.0,-1.2741845279527972,0.0,-0.3508667154921993
3.884,0.0,0.33799232429436704,0.0,-1.2748844337767913,0.0,-0.3490387008128822
3.886,0.0,0.3354418585693103,0.0,-1.2755806811266848,0.0,-0.34720824208743606
3.888,0.0,0.33289000401209934,0.0,-1.2762732651185644,0.0,-0.34537534349780413
3.89,0.0,0.33033676795432576,0.0,-1.276962180876897,0.0,-0.3435400092402576
3.892,0.0,0.3277821577373258,0.0,-1.2776474235345534,0.0,-0.34170224352540035
3.894,0.0,0.3252261807121602,0.0,-1.2783289882328432,0.0,-0.339862050578169
3.896,0.0,0.3226688442396014,0.0,-1.2790068701215371,0.0,-0.3380194346378367
3.898,0.0,0.3201101556901084,0.0,-1.2796810643589012,0.0,-0.3361743999580095
3.9,0.0,0.3175501224438225,0.0,-1.2803515661117213,0.0,-0.334326950806637
3.902,0.0,0.3149887518905343,0.0,-1.2810183705553346,0.0,-0.3324770914660012
3.904,0.0,0.3124260514296842,0.0,-1.2816814728736567,0.0,-0.33062482623273265
3.906,0.0,0.3098620284703285,0.0,-1.282340868259211,0.0,-0.32877015941779786
3.908,0.0,0.30729669043113506,0.0,-1.2829965519131568,0.0,-0.32691309534651064
3.91,0.0,0.30473004474035725,0.0,-1.2836485190453188,0.0,-0.3250536383585271
3.912,0.0,0.3021620988358237,0.0,-1.284296764874215,0.0,-0.3231917928078516
3.914,0.0,0.29959286016491166,0.0,-1.2849412846270867,0.0,-0.3213275630628313
3.916,0.0,0.2970223361845421,0.0,-1.285582073539925,0.0,-0.31946095350616643
3.918,0.0,0.2944505343611491,0.0,-1.2862191268575014,0.0,-0.3175919685349011
3.92,0.0,0.29187746217067245,0.0,-1.2868524398333954,0.0,-0.31572061256043255
3.922,0.0,0.2893031270985352,0.0,-1.2874820077300246,0.0,-0.3138468900085078
3.924,0.0,0.28672753663962536,0.0,-1.2881078258186711,0.0,-0.31197080531922394
3.926,0.0,0.28415069829827894,0.0,-1.2887298893795125,0.0,-0.3100923629470297
3.928,0.0,0.2815726195882665,0.0,-1.2893481937016498,0.0,-0.30821156736072963
3.93,0.0,0.2789933080327664,0.0,-1.2899627340831346,0.0,-0.3063284230434766
3.932,0.0,0.27641277116435625,0.0,-1.2905735058310008,0.0,-0.30444293449278154
3.934,0.0,0.27383101652498754,0.0,-1.2911805042612912,0.0,-0.30255510622050635
3.936,0.0,0.2712480516659731,0.0,-1.2917837246990855,0.0,-0.3006649427528692
3.938,0.0,0.26866388414796394,0.0,-1.2923831624785322,0.0,-0.29877244863044156
3.94,0.0,0.2660785215409364,0.0,-1.2929788129428736,0.0,-0.29687762840815124
3.942,0.0,0.26349197142416786,0.0,-1.2935706714444772,0.0,-0.294980486655279
3.944,0.0,0.2609042413862258,0.0,-1.2941587333448632,0.0,-0.29308102795546387
3.946,0.0,0.2583153390249415,0.0,-1.2947429940147333,0.0,-0.2911792569066968
3.948,0.0,0.25572527194740086,0.0,-1.2953234488339984,0.0,-0.28927517812132825
3.95,0.0,0.25313404776991427,0.0,-1.2959000931918114,0.0,-0.2873687962260589
3.952,0.0,0.25054167411800965,0.0,-1.2964729224865899,0.0,-0.28546011586194797
3.954,0.0,0.247948158626405,0.0,-1.2970419321260498,0.0,-0.283549141684407
3.956,0.0,0.24535350893899743,0.0,-1.297607117527232,0.0,-0.28163587836320475
3.958,0.0,0.24275773270883738,0.0,-1.2981684741165294,0.0,-0.2797203305824615
3.96,0.0,0.24016083759811563,0.0,-1.2987259973297205,0.0,-0.27780250304065346
3.962,0.0,0.2375628312781389,0.0,-1.2992796826119932,0.0,-0.2758824004506076
3.964,0.0,0.23496372142931854,0.0,-1.299829525417975,0.0,-0.2739600275395066
3.966,0.0,0.232363515741142,0.0,-1.3003755212117645,0.0,-0.272035389048882
3.968,0.0,0.22976222191216367,0.0,-1.3009176654669545,0.0,-0.27010848973461954
3.97,0.0,0.22715984764997849,0.0,-1.3014559536666668,0.0,-0.26817933436695396
3.972,0.0,0.22455640067120639,0.0,-1.3019903813035762,0.0,-0.2662479277304701
3.974,0.0,0.22195188870147164,0.0,-1.3025209438799419,0.0,-0.2643142746241014
3.976,0.0,0.2193463194753857,0.0,-1.3030476369076345,0.0,-0.26237837986113016
3.978,0.0,0.21673970073652538,0.0,-1.303570455908167,0.0,-0.2604402482691849
3.98,0.0,0.21413204023741744,0.0,-1.3040893964127196,0.0,-0.2584998846902416
3.982,0.0,0.21152334573951187,0.0,-1.3046044539621735,0.0,-0.2565572939806179
3.984,0.0,0.2089136250131719,0.0,-1.3051156241071356,0.0,-0.2546124810109783
3.986,0.0,0.20630288583764583,0.0,-1.3056229024079673,0.0,-0.25266545066632645
3.988,0.0,0.20369113600105596,0.0,-1.3061262844348165,0.0,-0.2507162078460105
3.99,0.0,0.20107838330037003,0.0,-1.3066257657676428,0.0,-0.24876475746371463
3.992,0.0,0.19846463554138855,0.0,-1.3071213419962482,0.0,-0.24681110444746288
3.994,0.0,0.1958499005387213,0.0,-1.3076130087203048,0.0,-0.24485525373961486
3.996,0.0,0.1932341861157708,0.0,-1.3081007615493832,0.0,-0.24289721029686623
3.998,0.0,0.1906175001047078,0.0,-1.3085845961029825,0.0,-0.24093697909024409
4.0,0.0,0.1879998503464568,0.0,-1.309064508010558,0.0,-0.23897456510510867
4.002,0.0,0.18538124469067074,0.0,-1.3095404929115504,0.0,-0.23700997334114793
4.0040000000000004,0.0,0.18276169099571504,0.0,-1.3100125464554124,0.0,-0.23504320881237814
4.006,0.0,0.18014119712864676,0.0,-1.3104806643016418,0.0,-0.23307427654714225
4.008,0.0,0.17751977096519397,0.0,-1.310944842119805,0.0,-0.23110318158810647
4.01,0.0,0.1748974203897341,0.0,-1.3114050755895692,0.0,-0.22912992899225762
4.0120000000000005,0.0,0.17227415329527462,0.0,-1.31186136040073,0.0,-0.22715452383090154
4.014,0.0,0.16964997758343708,0.0,-1.312313692253239,0.0,-0.22517697118966407
4.016,0.0,0.1670249011644283,0.0,-1.3127620668572353,0.0,-0.22319727616848262
4.018,0.0,0.16439893195702743,0.0,-1.313206479933069,0.0,-0.2212154438816087
4.0200000000000005,0.0,0.1617720778885605,0.0,-1.3136469272113365,0.0,-0.21923147945760268
4.022,0.0,0.15914434689488619,0.0,-1.314083404432903,0.0,-0.21724538803933535
4.024,0.0,0.15651574692036643,0.0,-1.3145159073489354,0.0,-0.21525717478397882
4.026,0.0,0.15388628591785386,0.0,-1.314944431720928,0.0,-0.21326684486301012
4.0280000000000005,0.0,0.15125597184866446,0.0,-1.3153689733207339,0.0,-0.21127440346220322
4.03,0.0,0.14862481268256406,0.0,-1.3157895279305905,0.0,-0.20927985578163194
4.032,0.0,0.14599281639774098,0.0,-1.3162060913431497,0.0,-0.20728320703566197
4.034,0.0,0.1433599909807885,0.0,-1.3166186593615081,0.0,-0.20528446245295057
4.0360000000000005,0.0,0.14072634442668186,0.0,-1.317027227799232,0.0,-0.20328362727644178
4.038,0.0,0.138091884738762,0.0,-1.317431792480389,0.0,-0.20128070676336735
4.04,0.0,0.13545661992870855,0.0,-1.3178323492395752,0.0,-0.1992757061852385
4.042,0.0,0.13282055801652204,0.0,-1.3182288939219433,0.0,-0.19726863082784565
4.0440000000000005,0.0,0.13018370703050083,0.0,-1.3186214223832335,0.0,-0.19525948599125356
4.046,0.0,0.12754607500722517,0.0,-1.3190099304897982,0.0,-0.19324827698980185
4.048,0.0,0.12490766999152791,0.0,-1.319394414118635,0.0,-0.1912350091520957
4.05,0.0,0.12226850003647866,0.0,-1.3197748691574107,0.0,-0.18921968782100623
4.0520000000000005,0.0,0.11962857320335896,0.0,-1.3201512915044942,0.0,-0.1872023183536645
4.054,0.0,0.11698789756164885,0.0,-1.3205236770689819,0.0,-0.18518290612146412
4.056,0.0,0.11434648118899282,0.0,-1.3208920217707272,0.0,-0.1831614565100476
4.058,0.0,0.11170433217118819,0.0,-1.3212563215403688,0.0,-0.1811379749193103
4.0600000000000005,0.0,0.10906145860215821,0.0,-1.3216165723193605,0.0,-0.17911246676339276
4.062,0.0,0.10641786858393497,0.0,-1.321972770059998,0.0,-0.17708493747068
4.064,0.0,0.10377357022663519,0.0,-1.3223249107254467,0.0,-0.17505539248379554
4.066,0.0,0.10112857164843565,0.0,-1.322672990289774,0.0,-0.17302383725959572
4.0680000000000005,0.0,0.09848288097555413,0.0,-1.323017004737974,0.0,-0.17099027726916696
4.07,0.0,0.09583650634223073,0.0,-1.3233569500659965,0.0,-0.16895471799782466
4.072,0.0,0.09318945589069935,0.0,-1.3236928222807776,0.0,-0.16691716494510345
4.074,0.0,0.09054173777117107,0.0,-1.324024617400265,0.0,-0.16487762362475722
4.0760000000000005,0.0,0.08789336014180865,0.0,-1.3243523314534498,0.0,-0.16283609956475187
4.078,0.0,0.08524433116870782,0.0,-1.3246759604803922,0.0,-0.16079259830726367
4.08,0.0,0.08259465902587172,0.0,-1.3249955005322511,0.0,-0.15874712540867184
4.082,0.0,0.07994435189518814,0.0,-1.3253109476713127,0.0,-0.15669968643955362
4.0840000000000005,0.0,0.07729341796641175,0.0,-1.3256222979710186,0.0,-0.15465028698468317
4.086,0.0,0.0746418654371398,0.0,-1.3259295475159936,0.0,-0.15259893264302496
4.088,0.0,0.07198970251278781,0.0,-1.3262326924020746,0.0,-0.15054562902772778
4.09,0.0,0.06933693740656705,0.0,-1.3265317287363396,0.0,-0.14849038176611953
4.0920000000000005,0.0,0.06668357833946466,0.0,-1.3268266526371353,0.0,-0.14643319649970438
4.094,0.0,0.06402963354022116,0.0,-1.3271174602341054,0.0,-0.1443740788841577
4.096,0.0,0.06137511124530447,0.0,-1.3274041476682188,0.0,-0.1423130345893184
4.098,0.0,0.05872001969888985,0.0,-1.3276867110917987,0.0,-0.14025006929918563
4.1,0.0,0.056064367152835914,0.0,-1.3279651466685507,0.0,-0.13818518871191257
4.102,0.0,0.05340816186666243,0.0,-1.3282394505735897,0.0,-0.1361183985398015
4.104,0.0,0.05075141210753084,0.0,-1.3285096189934704,0.0,-0.13404970450930123
4.106,0.0,0.04809412615021405,0.0,-1.3287756481262147,0.0,-0.1319791123609955
4.108,0.0,0.045436312277079366,0.0,-1.3290375341813387,0.0,-0.12990662784960227
4.11,0.0,0.042777978778060256,0.0,-1.3292952733798833,0.0,-0.12783225674396387
4.112,0.0,0.040119133950642545,0.0,-1.32954886195444,0.0,-0.12575600482704874
4.114,0.0,0.03745978609982997,0.0,-1.3297982961491814,0.0,-0.1236778778959364
4.116,0.0,0.03479994353812833,0.0,-1.3300435722198884,0.0,-0.12159788176181767
4.118,0.0,0.03213961458552088,0.0,-1.330284686433977,0.0,-0.11951602224998746
4.12,0.0,0.029478807569443717,0.0,-1.330521635070529,0.0,-0.11743230519983779
4.122,0.0,0.02681753082476375,0.0,-1.3307544144203194,0.0,-0.11534673646485272
4.124,0.0,0.02415579269375331,0.0,-1.3309830207858433,0.0,-0.11325932191260063
4.126,0.0,0.021493601526067302,0.0,-1.3312074504813454,0.0,-0.11117006742472844
4.128,0.0,0.018830965678723055,0.0,-1.331427699832849,0.0,-0.10907897889695804
4.13,0.0,0.016167893516073367,0.0,-1.33164376517818,0.0,-0.10698606223907707
4.132,0.0,0.01350439340978224,0.0,-1.3318556428670003,0.0,-0.10489132337493211
4.134,0.0,0.010840473738801806,0.0,-1.3320633292608337,0.0,-0.1027947682424226
4.136,0.0,0.008176142889353949,0.0,-1.332266820733092,0.0,-0.1006964027934984
4.138,0.0,0.005511409254894481,0.0,-1.332466113669107,0.0,-0.09859623299414365
4.14,0.0,0.0028462812361039307,0.0,-1.3326612044661548,0.0,-0.09649426482438164
4.142,0.0,0.00018076724084898634,0.0,-1.3328520895334866,0.0,-0.09439050427825627
4.144,0.0,-0.002485124315824842,0.0,-1.3330387652923554,0.0,-0.09228495736383834
4.146,0.0,-0.005151385011735235,0.0,-1.3332212281760443,0.0,-0.09017763010320444
4.148,0.0,-0.007818006417575829,0.0,-1.3333994746298945,0.0,-0.08806852853243868
4.15,0.0,-0.010484980096940355,0.0,-1.3335735011113337,0.0,-0.08595765870162565
4.152,0.0,-0.013152297606351518,0.0,-1.3337433040899034,0.0,-0.0838450266748395
4.154,0.0,-0.01581995049528523,0.0,-1.3339088800472874,0.0,-0.08173063853013661
4.156,0.0,-0.018487930306188945,0.0,-1.3340702254773396,0.0,-0.07961450035955295
4.158,0.0,-0.021156228574513353,0.0,-1.3342273368861122,0.0,-0.07749661826909093
4.16,0.0,-0.023824836828732127,0.0,-1.3343802107918825,0.0,-0.07537699837871552
4.162,0.0,-0.026493746590365748,0.0,-1.3345288437251825,0.0,-0.07325564682234711
4.164,0.0,-0.029162949374012048,0.0,-1.334673232228826,0.0,-0.07113256974784919
4.166,0.0,-0.03183243668736545,0.0,-1.334813372857936,0.0,-0.06900777331702476
4.168,0.0,-0.03450220003123961,0.0,-1.3349492621799735,0.0,-0.06688126370561016
4.17,0.0,-0.03717223089959949,0.0,-1.335080896774764,0.0,-0.0647530471032613
4.172,0.0,-0.03984252077958009,0.0,-1.3352082732345283,0.0,-0.06262312971355041
4.174,0.0,-0.04251306115151722,0.0,-1.335331388163905,0.0,-0.06049151775395333
4.176,0.0,-0.045183843488961165,0.0,-1.3354502381799844,0.0,-0.058358217455850285
4.178,0.0,-0.04785485925871412,0.0,-1.3355648199123327,0.0,-0.05622323506450761
4.18,0.0,-0.05052609992084861,0.0,-1.3356751300030194,0.0,-0.05408657683907494
4.182,0.0,-0.053197556928735165,0.0,-1.3357811651066478,0.0,-0.051948249052574384
4.184,0.0,-0.05586922172906207,0.0,-1.3358829218903803,0.0,-0.04980825799189672
4.186,0.0,-0.05854108576186917,0.0,-1.3359803970339659,0.0,-0.04766660995778578
4.188,0.0,-0.06121314046056578,0.0,-1.3360735872297718,0.0,-0.04552331126483559
4.19,0.0,-0.06388537725195989,0.0,-1.3361624891828048,0.0,-0.04337836824147883
4.192,0.0,-0.06655778755627953,0.0,-1.3362470996107452,0.0,-0.041231787229981005
4.194,0.0,-0.06923036278720478,0.0,-1.33632741524397,0.0,-0.03908357458642635
4.196,0.0,-0.07190309435188649,0.0,-1.3364034328255825,0.0,-0.03693373668071441
4.198,0.0,-0.07457597365097787,0.0,-1.33647514911144,0.0,-0.034782279896546094
4.2,0.0,-0.07724899207864791,0.0,-1.3365425608701813,0.0,-0.03262921063142423
4.202,0.0,-0.07992214102262699,0.0,-1.3366056648832525,0.0,-0.030474535296628635
4.204,0.0,-0.08259541186421263,0.0,-1.3366644579449376,0.0,-0.02831826031722265
4.206,0.0,-0.085268795978311,0.0,-1.336718936862384,0.0,-0.0261603921320311
4.208,0.0,-0.08794228473344687,0.0,-1.33676909845563,0.0,-0.024000937193644017
4.21,0.0,-0.09061586949180532,0.0,-1.3368149395576334,0.0,-0.021839901968393888
4.212,0.0,-0.09328954160924627,0.0,-1.3368564570142984,0.0,-0.019677292936355673
4.214,0.0,-0.09596329243533774,0.0,-1.336893647684503,0.0,-0.017513116591331118
4.216,0.0,-0.09863711331337455,0.0,-1.336926508440127,0.0,-0.015347379440844827
4.218,0.0,-0.1013109955804116,0.0,-1.336955036166077,0.0,-0.013180088006129048
4.22,0.0,-0.10398493056728395,0.0,-1.336979227760318,0.0,-0.011011248822118194
4.222,0.0,-0.10665890959863908,0.0,-1.336999080133898,0.0,-0.008840868437434313
4.224,0.0,-0.10933292399295566,0.0,-1.3370145902109751,0.0,-0.0066689534143831025
4.226,0.0,-0.11200696506257576,0.0,-1.337025754928847,0.0,-0.004495510328938759
4.228,0.0,-0.11468102411373125,0.0,-1.3370325712379758,0.0,-0.0023205457707340255
4.23,0.0,-0.11735509244656475,0.0,-1.3370350361020167,0.0,-0.00014406634305424992
4.232,0.0,-0.12002916135516009,0.0,-1.3370331464978458,0.0,0.0020339213371761977
4.234,0.0,-0.12270322212756944,0.0,-1.3370268994155863,0.0,0.004213410639405002
4.236,0.0,-0.1253772660458378,0.0,-1.337016291858636,0.0,0.006394394919460367
4.238,0.0,-0.12805128438603225,0.0,-1.3370013208436946,0.0,0.008576867519564102
4.24,0.0,-0.13072526841826132,0.0,-1.3369819834007914,0.0,0.010760821768336024
4.242,0.0,-0.13339920940671154,0.0,-1.336958276573312,0.0,0.012946250980812951
4.244,0.0,-0.13607309860966899,0.0,-1.3369301974180248,0.0,0.01513314845845512
4.246,0.0,-0.13874692727954596,0.0,-1.336897743005109,0.0,0.0173215074891568
4.248,0.0,-0.14142068666290727,0.0,-1.3368609104181826,0.0,0.019511321347257138
4.25,0.0,-0.14409436800050038,0.0,-1.3368196967543275,0.0,0.021702583293553554
4.252,0.0,-0.14676796252727975,0.0,-1.336774099124118,0.0,0.023895286575310773
4.2540000000000004,0.0,-0.1494414614724352,0.0,-1.3367241146516464,0.0,0.02608942442627303
4.256,0.0,-0.15211485605941624,0.0,-1.336669740474553,0.0,0.028284990066673232
4.258,0.0,-0.15478813750596393,0.0,-1.3366109737440486,0.0,0.030481976703248023
4.26,0.0,-0.15746129702413192,0.0,-1.3365478116249467,0.0,0.03268037752924455
4.2620000000000005,0.0,-0.16013432582032391,0.0,-1.3364802512956855,0.0,0.03488018572443956
4.264,0.0,-0.16280721509530338,0.0,-1.336408289948358,0.0,0.03708139445513743
4.266,0.0,-0.16547995604424104,0.0,-1.336331924788739,0.0,0.03928399687419801
4.268,0.0,-0.1681525398567295,0.0,-1.3362511530363093,0.0,0.04148798612103757
4.2700000000000005,0.0,-0.17082495771681336,0.0,-1.336165971924285,0.0,0.04369335532164349
4.272,0.0,-0.17349720080301748,0.0,-1.3360763786996448,0.0,0.04590009758858615
4.274,0.0,-0.1761692602883764,0.0,-1.335982370623154,0.0,0.04810820602103279
4.276,0.0,-0.17884112734045873,0.0,-1.335883944969393,0.0,0.050317673704756746
4.2780000000000005,0.0,-0.18151279312139468,0.0,-1.335781099026785,0.0,0.052528493712149765
4.28,0.0,-0.18418424878790787,0.0,-1.3356738300976223,0.0,0.05474065910223727
4.282,0.0,-0.18685548549133843,0.0,-1.3355621354980904,0.0,0.05695416292068699
4.284,0.0,-0.18952649437767266,0.0,-1.3354460125582985,0.0,0.05916899819982284
4.2860000000000005,0.0,-0.19219726658757386,0.0,-1.3353254586223045,0.0,0.06138515795863983
4.288,0.0,-0.19486779325640396,0.0,-1.33520047104814,0.0,0.06360263520281129
4.29,0.0,-0.19753806551425498,0.0,-1.335071047207841,0.0,0.06582142292470465
4.292,0.0,-0.20020807448598035,0.0,-1.33493718448747,0.0,0.06804151410339657
4.2940000000000005,0.0,-0.2028778112912184,0.0,-1.3347988802871456,0.0,0.07026290170468208
4.296,0.0,-0.20554726704441842,0.0,-1.3346561320210673,0.0,0.07248557868108556
4.298,0.0,-0.20821643285487615,0.0,-1.3345089371175447,0.0,0.07470953797188017
4.3,0.0,-0.21088529982675816,0.0,-1.3343572930190195,0.0,0.07693477250309708
4.3020000000000005,0.0,-0.2135538590591273,0.0,-1.3342011971820964,0.0,0.07916127518753661
4.304,0.0,-0.21622210164597522,0.0,-1.334040647077567,0.0,0.08138903892478479
4.306,0.0,-0.21889001867624874,0.0,-1.3338756401904375,0.0,0.08361805660122507
4.308,0.0,-0.22155760123388074,0.0,-1.3337061740199536,0.0,0.08584832109005325
4.3100000000000005,0.0,-0.2242248403978151,0.0,-1.3335322460796284,0.0,0.08807982525128862
4.312,0.0,-0.22689172724203682,0.0,-1.3333538538972687,0.0,0.09031256193178831
4.314,0.0,-0.22955825283560294,0.0,-1.3331709950149992,0.0,0.09254652396526271
4.316,0.0,-0.23222440824266702,0.0,-1.3329836669892918,0.0,0.0947817041722863
4.3180000000000005,0.0,-0.2348901845225126,0.0,-1.332791867390989,0.0,0.09701809536031454
4.32,0.0,-0.23755557272957345,0.0,-1.3325955938053333,0.0,0.09925569032369135
4.322,0.0,-0.24022056391347466,0.0,-1.33239484383199,0.0,0.10149448184367273
4.324,0.0,-0.24288514911905196,0.0,-1.332189615085075,0.0,0.103734462688433
4.3260000000000005,0.0,-0.24554931938638502,0.0,-1.3319799051931824,0.0,0.10597562561308287
4.328,0.0,-0.2482130657508233,0.0,-1.331765711799408,0.0,0.10821796335968034
4.33,0.0,-0.2508763792430194,0.0,-1.331547032561376,0.0,0.11046146865724901
4.332,0.0,-0.25353925088895346,0.0,-1.331323865151267,0.0,0.11270613422178838
4.3340000000000005,0.0,-0.2562016717099675,0.0,-1.3310962072558419,0.0,0.11495195275629277
4.336,0.0,-0.25886363272278784,0.0,-1.3308640565764682,0.0,0.11719891695075987
4.338,0.0,-0.26152512493956015,0.0,-1.3306274108291474,0.0,0.1194470194822106
4.34,0.0,-0.26418613936787877,0.0,-1.3303862677445386,0.0,0.12169625301470328
4.3420000000000005,0.0,-0.26684666701081067,0.0,-1.3301406250679866,0.0,0.12394661019934419
4.344,0.0,-0.2695066988669296,0.0,-1.3298904805595475,0.0,0.12619808367430685
4.346,0.0,-0.272166225930344,0.0,-1.3296358319940123,0.0,0.12845066606484426
4.348,0.0,-0.27482523919072627,0.0,-1.3293766771609357,0.0,0.13070434998330538
4.3500000000000005,0.0,-0.27748372963334506,0.0,-1.3291130138646607,0.0,0.13295912802915147
4.352,0.0,-0.28014168823908947,0.0,-1.3288448399243427,0.0,0.13521499278896665
4.354,0.0,-0.2827991059845014,0.0,-1.3285721531739794,0.0,0.13747193683647646
4.356,0.0,-0.2854559738418094,0.0,-1.328294951462431,0.0,0.13972995273256525
4.358,0.0,-0.2881122827789522,0.0,-1.3280132326534508,0.0,0.1419890330252876
4.36,0.0,-0.2907680237596117,0.0,-1.3277269946257082,0.0,0.14424917024988576
4.362,0.0,-0.2934231877432384,0.0,-1.3274362352728148,0.0,0.14651035692880154
4.364,0.0,-0.2960777656850912,0.0,-1.32714095250335,0.0,0.1487725855717008
4.366,0.0,-0.29873174853625617,0.0,-1.3268411442408872,0.0,0.15103584867547942
4.368,0.0,-0.3013851272436853,0.0,-1.3265368084240179,0.0,0.15330013872428622
4.37,0.0,-0.3040378927502183,0.0,-1.3262279430063786,0.0,0.15556544818953244
4.372,0.0,-0.3066900359946225,0.0,-1.3259145459566761,0.0,0.1578317695299159
4.374,0.0,-0.3093415479116124,0.0,-1.3255966152587115,0.0,0.16009909519142773
4.376,0.0,-0.31199241943189043,0.0,-1.325274148911407,0.0,0.16236741760737783
4.378,0.0,-0.3146426414821682,0.0,-1.3249471449288317,0.0,0.1646367291984036
4.38,0.0,-0.3172922049852013,0.0,-1.3246156013402242,0.0,0.16690702237248917
4.382,0.0,-0.3199411008598194,0.0,-1.3242795161900227,0.0,0.16917828952498326
4.384,0.0,-0.32258932002095986,0.0,-1.3239388875378837,0.0,0.17145052303861658
4.386,0.0,-0.3252368533796878,0.0,-1.3235937134587132,0.0,0.1737237152835104
4.388,0.0,-0.32788369184323674,0.0,-1.3232439920426902,0.0,0.17599785861720288
4.39,0.0,-0.33052982631503675,0.0,-1.3228897213952884,0.0,0.1782729453846612
4.392,0.0,-0.33317524769474377,0.0,-1.3225308996373069,0.0,0.1805489679183
4.394,0.0,-0.335819946878269,0.0,-1.322167524904891,0.0,0.18282591853799549
4.396,0.0,-0.3384639147578139,0.0,-1.3217995953495594,0.0,0.18510378955110654
4.398,0.0,-0.3411071422218962,0.0,-1.3214271091382275,0.0,0.18738257325248805
4.4,0.0,-0.34374962015538435,0.0,-1.3210500644532353,0.0,0.1896622619245112
4.402,0.0,-0.346391339439525,0.0,-1.320668459492369,0.0,0.19194284783707694
4.404,0.0,-0.34903229095197835,0.0,-1.3202822924688877,0.0,0.19422432324763828
4.406,0.0,-0.3516724655668434,0.0,-1.3198915616115494,0.0,0.1965066804012121
4.408,0.0,-0.354311854154698,0.0,-1.3194962651646323,0.0,0.19878991153040498
4.41,0.0,-0.35695044758261574,0.0,-1.3190964013879638,0.0,0.20107400885541768
4.412,0.0,-0.359588236714213,0.0,-1.3186919685569412,0.0,0.20335896458407754
4.414,0.0,-0.3622252124096677,0.0,-1.318282964962561,0.0,0.20564477091184513
4.416,0.0,-0.36486136552575843,0.0,-1.3178693889114388,0.0,0.20793142002183862
4.418,0.0,-0.36749668691588994,0.0,-1.317451238725838,0.0,0.2102189040848473
4.42,0.0,-0.3701311674301299,0.0,-1.3170285127436914,0.0,0.21250721525935393
4.422,0.0,-0.3727647979152357,0.0,-1.3166012093186286,0.0,0.21479634569154915
4.424,0.0,-0.3753975692146894,0.0,-1.3161693268199972,0.0,0.21708628751535222
4.426,0.0,-0.3780294721687233,0.0,-1.315732863632891,0.0,0.21937703285242488
4.428,0.0,-0.38066049761436166,0.0,-1.3152918181581723,0.0,0.2216685738121984
4.43,0.0,-0.3832906363854415,0.0,-1.3148461888124954,0.0,0.22396090249188177
4.432,0.0,-0.3859198793126525,0.0,-1.3143959740283344,0.0,0.22625401097648945
4.434,0.0,-0.38854821722356103,0.0,-1.3139411722540042,0.0,0.22854789133885084
4.436,0.0,-0.39117564094265,0.0,-1.3134817819536866,0.0,0.2308425356396379
4.438,0.0,-0.3938021412913444,0.0,-1.3130178016074545,0.0,0.2331379359273782
4.44,0.0,-0.39642770908804686,0.0,-1.3125492297112944,0.0,0.23543408423847595
4.442,0.0,-0.39905233514816435,0.0,-1.3120760647771348,0.0,0.23773097259722842
4.444,0.0,-0.40167601028414734,0.0,-1.3115983053328657,0.0,0.24002859301584956
4.446,0.0,-0.404298725305518,0.0,-1.3111159499223646,0.0,0.24232693749448642
4.448,0.0,-0.40692047101890066,0.0,-1.3106289971055214,0.0,0.24462599802123752
4.45,0.0,-0.4095412382280531,0.0,-1.3101374454582633,0.0,0.2469257665721712
4.452,0.0,-0.41216101773390657,0.0,-1.3096412935725743,0.0,0.24922623511135117
4.454,0.0,-0.4147798003345894,0.0,-1.309140540056524,0.0,0.2515273955908496
4.456,0.0,-0.4173975768254624,0.0,-1.3086351835342902,0.0,0.2538292399507694
4.458,0.0,-0.42001433799914834,0.0,-1.3081252226461813,0.0,0.25613176011926014
4.46,0.0,-0.4226300746455731,0.0,-1.307610656048663,0.0,0.2584349480125479
4.462,0.0,-0.4252447775519851,0.0,-1.3070914824143782,0.0,0.26073879553494095
4.464,0.0,-0.42785843750299835,0.0,-1.306567700432175,0.0,0.2630432945788613
4.466,0.0,-0.43047104528061875,0.0,-1.306039308807128,0.0,0.2653484370248585
4.468,0.0,-0.43308259166427854,0.0,-1.3055063062605616,0.0,0.2676542147416307
4.47,0.0,-0.4356930674308709,0.0,-1.304968691530076,0.0,0.26996061958604806
4.472,0.0,-0.4383024633547784,0.0,-1.3044264633695688,0.0,0.2722676434031685
4.474,0.0,-0.4409107702079087,0.0,-1.3038796205492593,0.0,0.27457527802626036
4.476,0.0,-0.44351797875972643,0.0,-1.3033281618557118,0.0,0.2768835152768233
4.478,0.0,-0.4461240797772842,0.0,-1.3027720860918601,0.0,0.2791923469646064
4.48,0.0,-0.44872906402525986,0.0,-1.3022113920770297,0.0,0.281501764887633
4.482,0.0,-0.45133292226598254,0.0,-1.3016460786469615,0.0,0.2838117608322151
4.484,0.0,-0.4539356452594719,0.0,-1.3010761446538364,0.0,0.2861223265729804
4.486,0.0,-0.45653722376346706,0.0,-1.3005015889662965,0.0,0.2884334538728892
4.488,0.0,-0.45913764853346467,0.0,-1.2999224104694707,0.0,0.29074513448326
4.49,0.0,-0.4617369103227401,0.0,-1.2993386080649965,0.0,0.29305736014377964
4.492,0.0,-0.4643349998823971,0.0,-1.2987501806710433,0.0,0.29537012258254
4.494,0.0,-0.46693190796138695,0.0,-1.2981571272223367,0.0,0.297683413516046
4.496,0.0,-0.46952762530655046,0.0,-1.297559446670179,0.0,0.2999972246492453
4.498,0.0,-0.47212214266264396,0.0,-1.2969571379824771,0.0,0.30231154767554297
4.5,0.0,-0.47471545077237887,0.0,-1.2963502001437601,0.0,0.30462637427682876
4.502,0.0,-0.4773075403764521,0.0,-1.2957386321552058,0.0,0.30694169612349576
4.5040000000000004,0.0,-0.4798984022135791,0.0,-1.2951224330346627,0.0,0.3092575048744626
4.506,0.0,-0.48248802702052573,0.0,-1.2945016018166733,0.0,0.3115737921771927
4.508,0.0,-0.48507640553214737,0.0,-1.2938761375524952,0.0,0.3138905496677218
4.51,0.0,-0.48766352848141625,0.0,-1.2932460393101273,0.0,0.31620776897067493
4.5120000000000005,0.0,-0.49024938659945877,0.0,-1.2926113061743285,0.0,0.3185254416992902
4.514,0.0,-0.49283397061558537,0.0,-1.2919719372466445,0.0,0.320843559455439
4.516,0.0,-0.49541727125732854,0.0,-1.291327931645428,0.0,0.3231621138296522
4.518,0.0,-0.4979992792504735,0.0,-1.2906792885058613,0.0,0.3254810964011382
4.5200000000000005,0.0,-0.5005799853190946,0.0,-1.2900260069799796,0.0,0.3278004987378092
4.522,0.0,-0.5031593801855819,0.0,-1.2893680862366952,0.0,0.3301203123962966
4.524,0.0,-0.5057374545706856,0.0,-1.2887055254618163,0.0,0.332440528921983
4.526,0.0,-0.5083141991935429,0.0,-1.2880383238580728,0.0,0.33476113984901873
4.5280000000000005,0.0,-0.5108896047717133,0.0,-1.2873664806451366,0.0,0.33708213670034576
4.53,0.0,-0.513463662021209,0.0,-1.2866899950596467,0.0,0.33940351098771726
4.532,0.0,-0.5160363616565383,0.0,-1.2860088663552276,0.0,0.34172525421172895
4.534,0.0,-0.5186076943907293,0.0,-1.285323093802516,0.0,0.34404735786183277
4.5360000000000005,0.0,-0.5211776509353739,0.0,-1.2846326766891774,0.0,0.3463698134163686
4.538,0.0,-0.523746222000649,0.0,-1.2839376143199355,0.0,0.3486926123425766
4.54,0.0,-0.5263133982953638,0.0,-1.2832379060165882,0.0,0.3510157460966308
4.542,0.0,-0.5288791705269846,0.0,-1.2825335511180334,0.0,0.35333920612365577
4.5440000000000005,0.0,-0.5314435294016762,0.0,-1.2818245489802886,0.0,0.35566298385775474
4.546,0.0,-0.5340064656243286,0.0,-1.2811108989765152,0.0,0.3579870707220274
4.548,0.0,-0.5365679698985979,0.0,-1.280392600497039,0.0,0.3603114581285989
4.55,0.0,-0.5391280329269371,0.0,-1.279669652949372,0.0,0.3626361374786404
4.5520000000000005,0.0,-0.5416866454106332,0.0,-1.2789420557582347,0.0,0.3649611001623945
4.554,0.0,-0.5442437980498357,0.0,-1.27820980836558,0.0,0.3672863375591953
4.556,0.0,-0.5467994815435997,0.0,-1.2774729102306102,0.0,0.36961184103749894
4.558,0.0,-0.5493536865899131,0.0,-1.2767313608298039,0.0,0.37193760195490055
4.5600000000000005,0.0,-0.5519064038857382,0.0,-1.2759851596569327,0.0,0.3742636116581656
4.562,0.0,-0.554457624127034,0.0,-1.2752343062230893,0.0,0.3765898614832427
4.564,0.0,-0.5570073380088078,0.0,-1.2744788000567018,0.0,0.37891634275530295
4.566,0.0,-0.5595555362251351,0.0,-1.2737186407035608,0.0,0.3812430467887511
4.5680000000000005,0.0,-0.5621022094692067,0.0,-1.2729538277268362,0.0,0.38356996488726014
4.57,0.0,-0.5646473484333479,0.0,-1.2721843607071055,0.0,0.3858970883437838
4.572,0.0,-0.5671909438090706,0.0,-1.2714102392423678,0.0,0.3882244084405952
4.574,0.0,-0.5697329862870968,0.0,-1.2706314629480686,0.0,0.39055191644930054
4.5760000000000005,0.0,-0.5722734665573981,0.0,-1.2698480314571214,0.0,0.39287960363087027
4.578,0.0,-0.5748123753092272,0.0,-1.2690599444199295,0.0,0.39520746123565953
4.58,0.0,-0.5773497032311581,0.0,-1.2682672015044036,0.0,0.3975354805034364
4.582,0.0,-0.5798854410111153,0.0,-1.2674698023959876,0.0,0.39986365266340507
4.5840000000000005,0.0,-0.5824195793364155,0.0,-1.266667746797676,0.0,0.4021919689342336
4.586,0.0,-0.5849521088937936,0.0,-1.2658610344300374,0.0,0.4045204205240723
4.588,0.0,-0.5874830203694479,0.0,-1.2650496650312346,0.0,0.40684899863058904
4.59,0.0,-0.5900123044490677,0.0,-1.2642336383570456,0.0,0.40917769444098545
4.5920000000000005,0.0,-0.5925399518178746,0.0,-1.2634129541808832,0.0,0.41150649913202975
4.594,0.0,-0.5950659531606503,0.0,-1.2625876122938193,0.0,0.413835403870075
4.596,0.0,-0.5975902991617805,0.0,-1.2617576125046013,0.0,0.416164399811092
4.598,0.0,-0.600112980505284,0.0,-1.2609229546396756,0.0,0.4184934781006897
4.6000000000000005,0.0,-0.6026339878748519,0.0,-1.2600836385432086,0.0,0.42082262987414476
4.602,0.0,-0.6051533119538772,0.0,-1.2592396640771062,0.0,0.4231518462564219
4.604,0.0,-0.6076709434254997,0.0,-1.2583910311210338,0.0,0.4254811183622075
4.606,0.0,-0.6101868729726321,0.0,-1.2575377395724385,0.0,0.4278104372959295
4.6080000000000005,0.0,-0.6127010912780047,0.0,-1.2566797893465684,0.0,0.4301397941517887
4.61,0.0,-0.6152135890241894,0.0,-1.2558171803764937,0.0,0.4324691800137772
4.612,0.0,-0.6177243568936468,0.0,-1.2549499126131267,0.0,0.4347985859557131
4.614,0.0,-0.6202333855687584,0.0,-1.2540779860252413,0.0,0.437128003041265
4.616,0.0,-0.6227406657318552,0.0,-1.2532014005994967,0.0,0.4394574223239722
4.618,0.0,-0.6252461880652673,0.0,-1.2523201563404516,0.0,0.4417868348472822
4.62,0.0,-0.6277499432513427,0.0,-1.2514342532705913,0.0,0.44411623164456415
4.622,0.0,-0.630251921972502,0.0,-1.2505436914303418,0.0,0.44644560373915076
4.624,0.0,-0.6327521149112558,0.0,-1.249648470878094,0.0,0.4487749421443492
4.626,0.0,-0.6352505127502575,0.0,-1.2487485916902212,0.0,0.4511042378634844
4.628,0.0,-0.6377471061723224,0.0,-1.247844053961102,0.0,0.4534334818899089
4.63,0.0,-0.6402418858604811,0.0,-1.2469348578031345,0.0,0.4557626652070458
4.632,0.0,-0.6427348424980016,0.0,-1.246021003346764,0.0,0.45809177878840596
4.634,0.0,-0.6452259667684349,0.0,-1.2451024907404953,0.0,0.4604208135976206
4.636,0.0,-0.6477152493556424,0.0,-1.2441793201509181,0.0,0.4627497605884625
4.638,0.0,-0.6502026809438385,0.0,-1.2432514917627246,0.0,0.4650786107048798
4.64,0.0,-0.6526882522176276,0.0,-1.2423190057787263,0.0,0.46740735488102203
4.642,0.0,-0.6551719538620372,0.0,-1.2413818624198771,0.0,0.46973598404126743
4.644,0.0,-0.6576537765625508,0.0,-1.2404400619252947,0.0,0.4720644891002463
4.646,0.0,-0.6601337110051522,0.0,-1.2394936045522735,0.0,0.4743928609628759
4.648,0.0,-0.6626117478763565,0.0,-1.2385424905763105,0.0,0.47672109052438444
4.65,0.0,-0.665087877863252,0.0,-1.2375867202911193,0.0,0.4790491686703431
4.652,0.0,-0.6675620916535239,0.0,-1.236626294008655,0.0,0.48137708627668274
4.654,0.0,-0.6700343799355072,0.0,-1.2356612120591282,0.0,0.4837048342097375
4.656,0.0,-0.672504733398213,0.0,-1.2346914747910271,0.0,0.48603240332626335
4.658,0.0,-0.6749731427313695,0.0,-1.2337170825711357,0.0,0.48835978447347034
4.66,0.0,-0.677439598625453,0.0,-1.232738035784554,0.0,0.4906869684890469
4.662,0.0,-0.6799040917717318,0.0,-1.2317543348347149,0.0,0.49301394620119326
4.664,0.0,-0.682366612862297,0.0,-1.2307659801434057,0.0,0.4953407084286461
4.666,0.0,-0.6848271525901044,0.0,-1.2297729721507837,0.0,0.4976672459807121
4.668,0.0,-0.6872857016490053,0.0,-1.2287753113153994,0.0,0.49999354965728937
4.67,0.0,-0.6897422507337883,0.0,-1.227772998114211,0.0,0.5023196102489038
4.672,0.0,-0.6921967905402138,0.0,-1.2267660330426065,0.0,0.5046454185367338
4.674,0.0,-0.6946493117650538,0.0,-1.2257544166144185,0.0,0.5069709652926423
4.676,0.0,-0.6970998051061219,0.0,-1.2247381493619482,0.0,0.5092962412792
4.678,0.0,-0.6995482612623186,0.0,-1.2237172318359788,0.0,0.5116212372497226
4.68,0.0,-0.7019946709336621,0.0,-1.2226916646057973,0.0,0.513945943948294
4.682,0.0,-0.7044390248213304,0.0,-1.2216614482592103,0.0,0.5162703521097999
4.684,0.0,-0.7068813136276921,0.0,-1.2206265834025656,0.0,0.5185944524599517
4.686,0.0,-0.7093215280563508,0.0,-1.2195870706607665,0.0,0.5209182357153244
4.688,0.0,-0.7117596588121735,0.0,-1.2185429106772956,0.0,0.523241692583376
4.69,0.0,-0.7141956966013401,0.0,-1.2174941041142253,0.0,0.5255648137624895
4.692,0.0,-0.7166296321313654,0.0,-1.2164406516522444,0.0,0.5278875899419897
4.694,0.0,-0.7190614561111477,0.0,-1.2153825539906709,0.0,0.5302100118021821
4.696,0.0,-0.7214911592510052,0.0,-1.214319811847468,0.0,0.5325320700143816
4.698,0.0,-0.7239187322627084,0.0,-1.2132524259592694,0.0,0.5348537552409425
4.7,0.0,-0.7263441658595158,0.0,-1.2121803970813925,0.0,0.5371750581352807
4.702,0.0,-0.7287674507562223,0.0,-1.2111037259878534,0.0,0.5394959693419181
4.704,0.0,-0.7311885776691839,0.0,-1.210022413471393,0.0,0.5418164794965019
4.706,0.0,-0.7336075373163671,0.0,-1.208936460343484,0.0,0.5441365792258434
4.708,0.0,-0.7360243204173713,0.0,-1.20784586743436,0.0,0.5464562591479358
4.71,0.0,-0.7384389176934827,0.0,-1.2067506355930242,0.0,0.5487755098720011
4.712,0.0,-0.7408513198676995,0.0,-1.2056507656872706,0.0,0.551094321998507
4.714,0.0,-0.7432615176647793,0.0,-1.2045462586037003,0.0,0.5534126861192095
4.716,0.0,-0.7456695018112658,0.0,-1.203437115247742,0.0,0.5557305928171719
4.718,0.0,-0.7480752630355372,0.0,-1.202323336543664,0.0,0.558048032666805
4.72,0.0,-0.7504787920678359,0.0,-1.2012049234345967,0.0,0.5603649962338939
4.722,0.0,-0.7528800796403132,0.0,-1.200081876882545,0.0,0.5626814740756325
4.724,0.0,-0.7552791164870588,0.0,-1.1989541978684113,0.0,0.5649974567406479
4.726,0.0,-0.7576758933441448,0.0,-1.1978218873920068,0.0,0.5673129347690388
4.728,0.0,-0.7600704009496637,0.0,-1.1966849464720717,0.0,0.569627898692405
4.73,0.0,-0.7624626300437634,0.0,-1.195543376146291,0.0,0.5719423390338785
4.732,0.0,-0.7648525713686827,0.0,-1.194397177471314,0.0,0.5742562463081513
4.734,0.0,-0.7672402156687982,0.0,-1.193246351522766,0.0,0.5765696110215149
4.736,0.0,-0.769625553690654,0.0,-1.1920908993952697,0.0,0.5788824236718864
4.738,0.0,-0.7720085761830023,0.0,-1.1909308222024606,0.0,0.5811946747488418
4.74,0.0,-0.7743892738968413,0.0,-1.1897661210770025,0.0,0.5835063547336464
4.742,0.0,-0.7767676375854549,0.0,-1.1885967971706055,0.0,0.585817454099291
4.744,0.0,-0.7791436580044491,0.0,-1.187422851654042,0.0,0.5881279633105206
4.746,0.0,-0.7815173259117922,0.0,-1.186244285717161,0.0,0.5904378728238687
4.748,0.0,-0.7838886320678438,0.0,-1.185061100568912,0.0,0.5927471730876818
4.75,0.0,-0.7862575672354113,0.0,-1.18387329743735,0.0,0.5950558545421681
4.752,0.0,-0.788624122179769,0.0,-1.1826808775696611,0.0,0.5973639076194126
4.7540000000000004,0.0,-0.7909882876687091,0.0,-1.1814838422321745,0.0,0.5996713227434223
4.756,0.0,-0.7933500544725742,0.0,-1.180282192710379,0.0,0.6019780903301502
4.758,0.0,-0.7957094133642968,0.0,-1.17907593030894,0.0,0.6042842007875335
4.76,0.0,-0.7980663551194385,0.0,-1.1778650563517152,0.0,0.6065896445155244
4.7620000000000005,0.0,-0.8004208705162286,0.0,-1.1766495721817691,0.0,0.6088944119061241
4.764,0.0,-0.8027729503355996,0.0,-1.175429479161392,0.0,0.6111984933434127
4.766,0.0,-0.8051225853612274,0.0,-1.1742047786721137,0.0,0.6135018792035839
4.768,0.0,-0.8074697663795742,0.0,-1.1729754721147174,0.0,0.6158045598549833
4.7700000000000005,0.0,-0.8098144841799219,0.0,-1.1717415609092583,0.0,0.6181065256581348
4.772,0.0,-0.8121567295544059,0.0,-1.1705030464950814,0.0,0.620407766965772
4.774,0.0,-0.8144964932980671,0.0,-1.1692599303308293,0.0,0.622708274122882
4.776,0.0,-0.8168337662088798,0.0,-1.1680122138944655,0.0,0.6250080374667306
4.7780000000000005,0.0,-0.8191685390877953,0.0,-1.1667598986832843,0.0,0.6273070473268993
4.78,0.0,-0.8215008027387742,0.0,-1.165502986213932,0.0,0.6296052940253127
4.782,0.0,-0.823830547968835,0.0,-1.164241478022415,0.0,0.6319027678762844
4.784,0.0,-0.8261577655880856,0.0,-1.1629753756641206,0.0,0.6341994591865399
4.7860000000000005,0.0,-0.8284824464097642,0.0,-1.161704680713829,0.0,0.6364953582552552
4.788,0.0,-0.8308045812502752,0.0,-1.1604293947657325,0.0,0.6387904553740885
4.79,0.0,-0.8331241609292364,0.0,-1.1591495194334436,0.0,0.6410847408272201
4.792,0.0,-0.8354411762695083,0.0,-1.157865056350016,0.0,0.6433782048913794
4.7940000000000005,0.0,-0.8377556180972371,0.0,-1.1565760071679576,0.0,0.6456708378358822
4.796,0.0,-0.8400674772418943,0.0,-1.1552823735592446,0.0,0.6479626299226658
4.798,0.0,-0.8423767445363164,0.0,-1.1539841572153358,0.0,0.6502535714063244
4.8,0.0,-0.8446834108167388,0.0,-1.1526813598471897,0.0,0.6525436525341394
4.8020000000000005,0.0,-0.8469874669228434,0.0,-1.1513739831852754,0.0,0.6548328635461204
4.804,0.0,-0.8492889036977849,0.0,-1.1500620289795933,0.0,0.6571211946750298
4.806,0.0,-0.8515877119882445,0.0,-1.1487454989996804,0.0,0.6594086361464309
4.808,0.0,-0.8538838826444587,0.0,-1.147424395034634,0.0,0.6616951781787123
4.8100000000000005,0.0,-0.8561774065202661,0.0,-1.1460987188931169,0.0,0.6639808109831307
4.812,0.0,-0.8584682744731335,0.0,-1.1447684724033829,0.0,0.6662655247638339
4.814,0.0,-0.8607564773642113,0.0,-1.1434336574132795,0.0,0.6685493097179109
4.816,0.0,-0.8630420060583632,0.0,-1.1420942757902695,0.0,0.6708321560354189
4.8180000000000005,0.0,-0.865324851424208,0.0,-1.1407503294214403,0.0,0.6731140538994191
4.82,0.0,-0.8676050043341565,0.0,-1.1394018202135225,0.0,0.6753949934860122
4.822,0.0,-0.8698824556644533,0.0,-1.1380487500929015,0.0,0.6776749649643755
4.824,0.0,-0.8721571962952159,0.0,-1.1366911210056294,0.0,0.679953958496797
4.8260000000000005,0.0,-0.8744292171104749,0.0,-1.135328934917441,0.0,0.682231964238714
4.828,0.0,-0.8766985089982083,0.0,-1.1339621938137692,0.0,0.684508972338743
4.83,0.0,-0.8789650628503887,0.0,-1.132590899699753,0.0,0.6867849729387214
4.832,0.0,-0.8812288695630162,0.0,-1.1312150546002575,0.0,0.6890599561737412
4.8340000000000005,0.0,-0.883489920036162,0.0,-1.1298346605598821,0.0,0.6913339121721847
4.836,0.0,-0.8857482051740053,0.0,-1.128449719642978,0.0,0.6936068310557607
4.838,0.0,-0.8880037158848716,0.0,-1.127060233933659,0.0,0.6958787029395391
4.84,0.0,-0.8902564430812796,0.0,-1.1256662055358144,0.0,0.6981495179319928
4.8420000000000005,0.0,-0.8925063776799718,0.0,-1.1242676365731235,0.0,0.7004192661350277
4.844,0.0,-0.8947535106019575,0.0,-1.12286452918907,0.0,0.7026879376440216
4.846,0.0,-0.8969978327725556,0.0,-1.1214568855469509,0.0,0.7049555225478621
4.848,0.0,-0.8992393351214283,0.0,-1.1200447078298934,0.0,0.70722201092898
4.8500000000000005,0.0,-0.901478008582627,0.0,-1.1186279982408658,0.0,0.7094873928633912
4.852,0.0,-0.903713844094626,0.0,-1.1172067590026906,0.0,0.7117516584207255
4.854,0.0,-0.9059468326003657,0.0,-1.1157809923580588,0.0,0.7140147976642723
4.856,0.0,-0.9081769650472943,0.0,-1.1143507005695386,0.0,0.7162768006510123
4.8580000000000005,0.0,-0.9104042323874032,0.0,-1.1129158859195916,0.0,0.7185376574316557
4.86,0.0,-0.9126286255772662,0.0,-1.1114765507105864,0.0,0.7207973580506774
4.862,0.0,-0.9148501355780865,0.0,-1.1100326972648047,0.0,0.7230558925463589
4.864,0.0,-0.917068753355728,0.0,-1.108584327924462,0.0,0.7253132509508218
4.866,0.0,-0.9192844698807617,0.0,-1.1071314450517122,0.0,0.7275694232900666
4.868,0.0,-0.9214972761285019,0.0,-1.1056740510286645,0.0,0.7298243995840095
4.87,0.0,-0.923707163079045,0.0,-1.1042121482573959,0.0,0.7320781698465191
4.872,0.0,-0.925914121717313,0.0,-1.102745739159961,0.0,0.734330724085456
4.874,0.0,-0.9281181430330938,0.0,-1.1012748261784024,0.0,0.736582052302711
4.876,0.0,-0.9303192180210783,0.0,-1.099799411774767,0.0,0.7388321444942418
4.878,0.0,-0.9325173376809,0.0,-1.0983194984311153,0.0,0.7410809906501081
4.88,0.0,-0.9347124930171762,0.0,-1.0968350886495344,0.0,0.7433285807545124
4.882,0.0,-0.9369046750395531,0.0,-1.0953461849521464,0.0,0.7455749047858424
4.884,0.0,-0.9390938747627364,0.0,-1.0938527898811239,0.0,0.7478199527167001
4.886,0.0,-0.9412800832065364,0.0,-1.0923549059987014,0.0,0.7500637145139442
4.888,0.0,-0.9434632913959111,0.0,-1.0908525358871834,0.0,0.752306180138733
4.89,0.0,-0.9456434903609998,0.0,-1.0893456821489582,0.0,0.7545473395465532
4.892,0.0,-0.9478206711371706,0.0,-1.0878343474065082,0.0,0.75678718268727
4.894,0.0,-0.9499948247650517,0.0,-1.086318534302424,0.0,0.7590256995051528
4.896,0.0,-0.9521659422905802,0.0,-1.0847982454994103,0.0,0.7612628799389246
4.898,0.0,-0.9543340147650377,0.0,-1.0832734836803022,0.0,0.763498713921796
4.9,0.0,-0.9564990332450929,0.0,-1.0817442515480715,0.0,0.7657331913815056
4.902,0.0,-0.9586609887928367,0.0,-1.0802105518258427,0.0,0.7679663022403528
4.904,0.0,-0.9608198724758307,0.0,-1.0786723872568995,0.0,0.770198036415249
4.906,0.0,-0.9629756753671408,0.0,-1.0771297606046975,0.0,0.7724283838177444
4.908,0.0,-0.9651283885453832,0.0,-1.075582674652872,0.0,0.7746573343540764
4.91,0.0,-0.9672780030947556,0.0,-1.0740311322052571,0.0,0.7768848779252002
4.912,0.0,-0.969424510105089,0.0,-1.0724751360858844,0.0,0.7791110044268359
4.914,0.0,-0.9715679006718794,0.0,-1.070914689139003,0.0,0.7813357037495026
4.916,0.0,-0.9737081658963358,0.0,-1.0693497942290824,0.0,0.7835589657785648
4.918,0.0,-0.97584529688541,0.0,-1.0677804542408307,0.0,0.7857807803942588
4.92,0.0,-0.9779792847518498,0.0,-1.0662066720791972,0.0,0.7880011374717496
4.922,0.0,-0.9801101206142275,0.0,-1.0646284506693888,0.0,0.7902200268811538
4.924,0.0,-0.9822377955969915,0.0,-1.0630457929568746,0.0,0.7924374384875953
4.926,0.0,-0.9843623008304971,0.0,-1.0614587019074,0.0,0.7946533621512297
4.928,0.0,-0.9864836274510533,0.0,-1.0598671805069946,0.0,0.7968677877272963
4.93,0.0,-0.9886017666009609,0.0,-1.0582712317619827,0.0,0.7990807050661525
4.932,0.0,-0.9907167094285556,0.0,-1.0566708586989908,0.0,0.801292104013317
4.934,0.0,-0.9928284470882432,0.0,-1.0550660643649625,0.0,0.8035019744095043
4.936,0.0,-0.9949369707405462,0.0,-1.0534568518271625,0.0,0.8057103060906718
4.938,0.0,-0.9970422715521404,0.0,-1.0518432241731894,0.0,0.8079170888880569
4.94,0.0,-0.9991443406958995,0.0,-1.0502251845109818,0.0,0.8101223126282175
4.942,0.0,-1.0012431693509303,0.0,-1.0486027359688332,0.0,0.8123259671330725
4.944,0.0,-1.00333874870262,0.0,-1.0469758816953951,0.0,0.814528042219945
4.946,0.0,-1.00543106994267,0.0,-1.04534462485969,0.0,0.8167285277015968
4.948,0.0,-1.0075201242691432,0.0,-1.0437089686511196,0.0,0.8189274133862794
4.95,0.0,-1.0096059028864985,0.0,-1.0420689162794736,0.0,0.8211246890777617
4.952,0.0,-1.011688397005639,0.0,-1.0404244709749375,0.0,0.8233203445753844
4.954,0.0,-1.0137675978439429,0.0,-1.0387756359881049,0.0,0.8255143696740902
4.956,0.0,-1.0158434966253167,0.0,-1.03712241458998,0.0,0.8277067541644734
4.958,0.0,-1.017916084580223,0.0,-1.0354648100719943,0.0,0.8298974878328128
4.96,0.0,-1.0199853529457317,0.0,-1.0338028257460092,0.0,0.8320865604611211
4.962,0.0,-1.0220512929655552,0.0,-1.0321364649443256,0.0,0.8342739618271806
4.964,0.0,-1.0241138958900937,0.0,-1.030465731019692,0.0,0.8364596817045891
4.966,0.0,-1.026173152976468,0.0,-1.0287906273453191,0.0,0.838643709862795
4.968,0.0,-1.0282290554885707,0.0,-1.0271111573148768,0.0,0.840826036067146
4.97,0.0,-1.0302815946970987,0.0,-1.0254273243425125,0.0,0.8430066500789254
4.972,0.0,-1.032330761879602,0.0,-1.0237391318628513,0.0,0.8451855416554003
4.974,0.0,-1.0343765483205154,0.0,-1.0220465833310113,0.0,0.847362700549854
4.976,0.0,-1.0364189453112074,0.0,-1.0203496822226075,0.0,0.8495381165116375
4.978,0.0,-1.038457944150018,0.0,-1.0186484320337568,0.0,0.8517117792862049
4.98,0.0,-1.0404935361422996,0.0,-1.0169428362810926,0.0,0.8538836786151601
4.982,0.0,-1.0425257126004575,0.0,-1.015232898501768,0.0,0.8560538042362948
4.984,0.0,-1.0445544648439933,0.0,-1.0135186222534633,0.0,0.8582221458836337
4.986,0.0,-1.0465797841995435,0.0,-1.0118000111143959,0.0,0.8603886932874756
4.988,0.0,-1.0486016620009226,0.0,-1.0100770686833245,0.0,0.8625534361744377
4.99,0.0,-1.0506200895891615,0.0,-1.0083497985795604,0.0,0.8647163642674945
4.992,0.0,-1.0526350583125517,0.0,-1.006618204442971,0.0,0.866877467286023
4.994,0.0,-1.054646559526685,0.0,-1.0048822899339886,0.0,0.8690367349458467
4.996,0.0,-1.0566545845944932,0.0,-1.003142058733618,0.0,0.871194156959274
4.998,0.0,-1.058659124886292,0.0,-1.0013975145434435,0.0,0.8733497230351451
5.0,0.0,-1.0606601717798212,0.0,-0.9996486610856326,0.0,0.875503422878873
5.002,0.0,-1.0626577166602842,0.0,-0.9978955021029478,0.0,0.8776552461924869
5.0040000000000004,0.0,-1.064651750920392,0.0,-0.9961380413587495,0.0,0.8798051826746764
5.006,0.0,-1.0666422659604002,0.0,-0.9943762826370063,0.0,0.8819532220208293
5.008,0.0,-1.0686292531881572,0.0,-0.9926102297422958,0.0,0.8840993539230849
5.01,0.0,-1.0706127040191367,0.0,-0.9908398864998178,0.0,0.8862435680703665
5.0120000000000005,0.0,-1.0725926098764886,0.0,-0.9890652567553931,0.0,0.8883858541484346
5.014,0.0,-1.0745689621910683,0.0,-0.987286344375481,0.0,0.8905262018399195
5.016,0.0,-1.076541752401491,0.0,-0.9855031532471717,0.0,0.8926646008243758
5.018,0.0,-1.0785109719541628,0.0,-0.9837156872782035,0.0,0.8948010407783175
5.0200000000000005,0.0,-1.080476612303329,0.0,-0.9819239503969626,0.0,0.8969355113752697
5.022,0.0,-1.082438664911108,0.0,-0.9801279465524937,0.0,0.8990680022858022
5.024,0.0,-1.0843971212475423,0.0,-0.9783276797144986,0.0,0.901198503177584
5.026,0.0,-1.0863519727906301,0.0,-0.9765231538733524,0.0,0.9033270037154199
5.0280000000000005,0.0,-1.0883032110263733,0.0,-0.974714373040099,0.0,0.9054534935612979
5.03,0.0,-1.0902508274488167,0.0,-0.9729013412464622,0.0,0.9075779623744313
5.032,0.0,-1.0921948135600867,0.0,-0.971084062544852,0.0,0.909700399811305
5.034,0.0,-1.0941351608704384,0.0,-0.969262541008366,0.0,0.911820795525718
5.0360000000000005,0.0,-1.0960718608982931,0.0,-0.9674367807307961,0.0,0.9139391391688303
5.038,0.0,-1.0980049051702772,0.0,-0.9656067858266386,0.0,0.9160554203892007
5.04,0.0,-1.099934285221271,0.0,-0.9637725604310907,0.0,0.9181696288328411
5.042,0.0,-1.1018599925944437,0.0,-0.9619341087000627,0.0,0.9202817541432536
5.0440000000000005,0.0,-1.1037820188412986,0.0,-0.9600914348101788,0.0,0.9223917859614792
5.046,0.0,-1.1057003555217095,0.0,-0.9582445429587859,0.0,0.9244997139261357
5.048,0.0,-1.1076149942039706,0.0,-0.9563934373639527,0.0,0.9266055276734757
5.05,0.0,-1.109525926464829,0.0,-0.9545381222644804,0.0,0.9287092168374165
5.0520000000000005,0.0,-1.111433143889532,0.0,-0.9526786019199036,0.0,0.9308107710495959
5.054,0.0,-1.1133366380718652,0.0,-0.9508148806104968,0.0,0.9329101799394107
5.056,0.0,-1.115236400614197,0.0,-0.9489469626372764,0.0,0.9350074331340656
5.058,0.0,-1.1171324231275188,0.0,-0.9470748523220072,0.0,0.9371025202586182
5.0600000000000005,0.0,-1.1190246972314861,0.0,-0.9451985540072056,0.0,0.9391954309360226
5.062,0.0,-1.1209132145544565,0.0,-0.9433180720561474,0.0,0.9412861547871716
5.064,0.0,-1.122797966733541,0.0,-0.9414334108528628,0.0,0.943374681430952
5.066,0.0,-1.1246789454146353,0.0,-0.9395445748021511,0.0,0.9454610004842802
5.0680000000000005,0.0,-1.1265561422524677,0.0,-0.9376515683295763,0.0,0.9475451015621529
5.07,0.0,-1.1284295489106364,0.0,-0.9357543958814769,0.0,0.9496269742776897
5.072,0.0,-1.1302991570616543,0.0,-0.9338530619249663,0.0,0.9517066082421828
5.074,0.0,-1.1321649583869888,0.0,-0.9319475709479357,0.0,0.9537839930651373
5.0760000000000005,0.0,-1.1340269445771047,0.0,-0.930037927459061,0.0,0.9558591183543239
5.078,0.0,-1.1358851073315033,0.0,-0.9281241359878035,0.0,0.9579319737158182
5.08,0.0,-1.1377394383587667,0.0,-0.9262062010844139,0.0,0.9600025487540493
5.082,0.0,-1.1395899293765994,0.0,-0.9242841273199347,0.0,0.9620708330718508
5.0840000000000005,0.0,-1.1414365721118667,0.0,-0.9223579192862056,0.0,0.9641368162704974
5.086,0.0,-1.1432793583006402,0.0,-0.9204275815958644,0.0,0.9662004879497589
5.088,0.0,-1.1451182796882342,0.0,-0.9184931188823541,0.0,0.968261837707941
5.09,0.0,-1.1469533280292556,0.0,-0.9165545357999165,0.0,0.9703208551419377
5.0920000000000005,0.0,-1.148784495087639,0.0,-0.9146118370236038,0.0,0.9723775298472747
5.094,0.0,-1.1506117726366845,0.0,-0.9126650272492833,0.0,0.9744318514181504
5.096,0.0,-1.1524351524591132,0.0,-0.910714111193627,0.0,0.9764838094474936
5.098,0.0,-1.1542546263470963,0.0,-0.9087590935941263,0.0,0.9785333935270042
5.1000000000000005,0.0,-1.1560701861022997,0.0,-0.9067999792090912,0.0,0.980580593247197
5.102,0.0,-1.1578818235359285,0.0,-0.90483677281765,0.0,0.9826253981974522
5.104,0.0,-1.1596895304687644,0.0,-0.9028694792197569,0.0,0.9846677979660636
5.106,0.0,-1.161493298731216,0.0,-0.9008981032361825,0.0,0.9867077821402858
5.1080000000000005,0.0,-1.1632931201633463,0.0,-0.8989226497085342,0.0,0.988745340306373
5.11,0.0,-1.1650889866149279,0.0,-0.8969431234992399,0.0,0.9907804620496389
5.112,0.0,-1.1668808899454772,0.0,-0.8949595294915612,0.0,0.9928131369544935
5.114,0.0,-1.1686688220242976,0.0,-0.8929718725895917,0.0,0.9948433546044959
5.1160000000000005,0.0,-1.1704527747305227,0.0,-0.8909801577182573,0.0,0.996871104582401
5.118,0.0,-1.172232739953155,0.0,-0.8889843898233218,0.0,0.9988963764702024
5.12,0.0,-1.1740087095911105,0.0,-0.886984573871383,0.0,1.0009191598491867
5.122,0.0,-1.1757806755532594,0.0,-0.884980714849878,0.0,1.0029394442999777
5.124,0.0,-1.1775486297584679,0.0,-0.8829728177670827,0.0,1.0049572194025824
5.126,0.0,-1.179312564135639,0.0,-0.8809608876521136,0.0,1.0069724747364441
5.128,0.0,-1.1810724706237556,0.0,-0.8789449295549285,0.0,1.008985199880483
5.13,0.0,-1.182828341171918,0.0,-0.8769249485463317,0.0,1.010995384413147
5.132,0.0,-1.1845801677393926,0.0,-0.8749009497179665,0.0,1.0130030179124636
5.134,0.0,-1.186327942295652,0.0,-0.872872938182318,0.0,1.0150080899560854
5.136,0.0,-1.1880716568204064,0.0,-0.8708409190727265,0.0,1.0170105901213302
5.138,0.0,-1.1898113033036617,0.0,-0.868804897543368,0.0,1.0190105079852454
5.14,0.0,-1.1915468737457493,0.0,-0.8667648787692687,0.0,1.021007833124641
5.142,0.0,-1.193278360157373,0.0,-0.8647208679463007,0.0,1.0230025551161481
5.144,0.0,-1.1950057545596464,0.0,-0.862672870291185,0.0,1.0249946635362592
5.146,0.0,-1.1967290489841402,0.0,-0.8606208910414863,0.0,1.0269841479613817
5.148,0.0,-1.1984482354729211,0.0,-0.8585649354556183,0.0,1.0289709979678898
5.15,0.0,-1.200163306078591,0.0,-0.8565050088128433,0.0,1.0309552031321618
5.152,0.0,-1.201874252864334,0.0,-0.8544411164132669,0.0,1.03293675303064
5.154,0.0,-1.2035810679039527,0.0,-0.852373263577847,0.0,1.0349156372398733
5.156,0.0,-1.2052837432819152,0.0,-0.8503014556483831,0.0,1.0368918453365688
5.158,0.0,-1.2069822710933917,0.0,-0.8482256979875242,0.0,1.0388653668976384
5.16,0.0,-1.2086766434442997,0.0,-0.846145995978765,0.0,1.0408361915002493
5.162,0.0,-1.2103668524513438,0.0,-0.8440623550264442,0.0,1.0428043087218715
5.164,0.0,-1.212052890242059,0.0,-0.8419747805557463,0.0,1.044769708140329
5.166,0.0,-1.213734748954852,0.0,-0.8398832780126987,0.0,1.0467323793338499
5.168,0.0,-1.2154124207390395,0.0,-0.8377878528641745,0.0,1.048692311881107
5.17,0.0,-1.2170858977548966,0.0,-0.8356885105978854,0.0,1.050649495361282
5.172,0.0,-1.2187551721736904,0.0,-0.8335852567223886,0.0,1.052603919354098
5.174,0.0,-1.2204202361777325,0.0,-0.8314780967670736,0.0,1.0545555734398862
5.176,0.0,-1.222081081960406,0.0,-0.8293670362821791,0.0,1.0565044471996183
5.178,0.0,-1.2237377017262214,0.0,-0.8272520808387718,0.0,1.0584505302149692
5.18,0.0,-1.2253900876908492,0.0,-0.825133236028761,0.0,1.0603938120683594
5.182,0.0,-1.227038232081167,0.0,-0.823010507464884,0.0,1.0623342823430104
5.184,0.0,-1.2286821271352948,0.0,-0.8208839007807186,0.0,1.064271930622985
5.186,0.0,-1.2303217651026457,0.0,-0.8187534216306651,0.0,1.0662067464932499
5.188,0.0,-1.2319571382439571,0.0,-0.8166190756899607,0.0,1.0681387195397134
5.19,0.0,-1.2335882388313415,0.0,-0.8144808686546646,0.0,1.0700678393492833
5.192,0.0,-1.2352150591483233,0.0,-0.8123388062416633,0.0,1.0719940955099143
5.194,0.0,-1.2368375914898806,0.0,-0.8101928941886657,0.0,1.0739174776106584
5.196,0.0,-1.2384558281624891,0.0,-0.8080431382542012,0.0,1.0758379752417138
5.198,0.0,-1.2400697614841623,0.0,-0.8058895442176175,0.0,1.0777555779944783
5.2,0.0,-1.241679383784492,0.0,-0.8037321178790796,0.0,1.079670275461595
5.202,0.0,-1.2432846874046906,0.0,-0.8015708650595659,0.0,1.0815820572370045
5.204,0.0,-1.2448856646976365,0.0,-0.7994057916008631,0.0,1.0834909129160009
5.206,0.0,-1.2464823080279102,0.0,-0.7972369033655671,0.0,1.0853968320952725
5.208,0.0,-1.2480746097718363,0.0,-0.7950642062370827,0.0,1.0872998043729571
5.21,0.0,-1.2496625623175315,0.0,-0.7928877061196109,0.0,1.0891998193486978
5.212,0.0,-1.251246158064938,0.0,-0.7907074089381552,0.0,1.091096866623682
5.214,0.0,-1.252825389425872,0.0,-0.788523320638514,0.0,1.0929909358007057
5.216,0.0,-1.254400248824058,0.0,-0.786335447187281,0.0,1.094882016484211
5.218,0.0,-1.2559707286951773,0.0,-0.784143794571836,0.0,1.096770098280346
5.22,0.0,-1.2575368214869067,0.0,-0.7819483688003467,0.0,1.0986551707970154
5.222,0.0,-1.259098519658961,0.0,-0.7797491759017603,0.0,1.1005372236439273
5.224,0.0,-1.2606558156831291,0.0,-0.7775462219258088,0.0,1.102416246432643
5.226,0.0,-1.262208702043326,0.0,-0.775339512942993,0.0,1.1042922287766388
5.228,0.0,-1.2637571712356235,0.0,-0.7731290550445888,0.0,1.1061651602913416
5.23,0.0,-1.265301215768301,0.0,-0.7709148543426361,0.0,1.1080350305941955
5.232,0.0,-1.266840828161879,0.0,-0.7686969169699412,0.0,1.1099018293047016
5.234,0.0,-1.2683760009491687,0.0,-0.7664752490800645,0.0,1.1117655460444766
5.236,0.0,-1.2699067266753037,0.0,-0.764249856847328,0.0,1.1136261704372978
5.238,0.0,-1.2714329978977923,0.0,-0.7620207464667961,0.0,1.1154836921091635
5.24,0.0,-1.2729548071865502,0.0,-0.7597879241542848,0.0,1.1173381006883352
5.242,0.0,-1.2744721471239449,0.0,-0.7575513961463515,0.0,1.1191893858053932
5.244,0.0,-1.2759850103048418,0.0,-0.7553111687002846,0.0,1.1210375370932932
5.246,0.0,-1.2774933893366396,0.0,-0.7530672480941062,0.0,1.1228825441874104
5.248,0.0,-1.278997276839311,0.0,-0.7508196406265712,0.0,1.1247243967255933
5.25,0.0,-1.2804966654454508,0.0,-0.7485683526171479,0.0,1.1265630843482197
5.252,0.0,-1.28199154780031,0.0,-0.7463133904060282,0.0,1.1283985966982417
5.2540000000000004,0.0,-1.2834819165618476,0.0,-0.7440547603541059,0.0,1.1302309234212498
5.256,0.0,-1.2849677644007544,0.0,-0.7417924688429944,0.0,1.132060054165506
5.258,0.0,-1.2864490840005138,0.0,-0.7395265222749966,0.0,1.1338859785820148
5.26,0.0,-1.2879258680574313,0.0,-0.7372569270731157,0.0,1.135708686324566
5.2620000000000005,0.0,-1.2893981092806799,0.0,-0.7349836896810424,0.0,1.1375281670497877
5.264,0.0,-1.2908658003923383,0.0,-0.7327068165631545,0.0,1.1393444104171988
5.266,0.0,-1.292328934127437,0.0,-0.7304263142045054,0.0,1.141157406089263
5.268,0.0,-1.2937875032339987,0.0,-0.7281421891108181,0.0,1.142967143731442
5.2700000000000005,0.0,-1.2952415004730748,0.0,-0.725854447808486,0.0,1.1447736130122441
5.272,0.0,-1.2966909186187912,0.0,-0.7235630968445623,0.0,1.1465768036032797
5.274,0.0,-1.2981357504583892,0.0,-0.7212681427867508,0.0,1.1483767051793126
5.276,0.0,-1.2995759887922664,0.0,-0.7189695922234046,0.0,1.1501733074183167
5.2780000000000005,0.0,-1.3010116264340184,0.0,-0.7166674517635145,0.0,1.151966600001523
5.28,0.0,-1.3024426562104765,0.0,-0.7143617280367112,0.0,1.153756572613473
5.282,0.0,-1.303869070961754,0.0,-0.7120524276932493,0.0,1.155543214942078
5.284,0.0,-1.3052908635412845,0.0,-0.7097395574040053,0.0,1.1573265166786637
5.2860000000000005,0.0,-1.3067080268158664,0.0,-0.7074231238604661,0.0,1.1591064675180311
5.288,0.0,-1.3081205536656988,0.0,-0.7051031337747308,0.0,1.1608830571585027
5.29,0.0,-1.3095284369844251,0.0,-0.7027795938794973,0.0,1.1626562753019765
5.292,0.0,-1.310931669679178,0.0,-0.7004525109280523,0.0,1.164426111653988
5.2940000000000005,0.0,-1.3123302446706153,0.0,-0.6981218916942694,0.0,1.1661925559237512
5.296,0.0,-1.3137241548929635,0.0,-0.6957877429726023,0.0,1.1679555978242184
5.298,0.0,-1.3151133932940566,0.0,-0.6934500715780744,0.0,1.1697152270721325
5.3,0.0,-1.3164979528353835,0.0,-0.6911088843462688,0.0,1.171471433388082
5.3020000000000005,0.0,-1.317877826492121,0.0,-0.6887641881333265,0.0,1.1732242064965517
5.304,0.0,-1.3192530072531803,0.0,-0.6864159898159349,0.0,1.1749735361259774
5.306,0.0,-1.3206234881212455,0.0,-0.6840642962913213,0.0,1.1767194120087987
5.308,0.0,-1.3219892621128182,0.0,-0.6817091144772408,0.0,1.1784618238815168
5.3100000000000005,0.0,-1.3233503222582539,0.0,-0.679350451311974,0.0,1.1802007614847425
5.312,0.0,-1.324706661601804,0.0,-0.6769883137543187,0.0,1.1819362145632497
5.314,0.0,-1.3260582732016617,0.0,-0.6746227087835719,0.0,1.183668172866039
5.316,0.0,-1.3274051501299957,0.0,-0.6722536433995359,0.0,1.1853966261463782
5.3180000000000005,0.0,-1.3287472854729976,0.0,-0.669881124622496,0.0,1.1871215641618649
5.32,0.0,-1.3300846723309172,0.0,-0.6675051594932235,0.0,1.188842976674478
5.322,0.0,-1.3314173038181087,0.0,-0.6651257550729571,0.0,1.190560853450632
5.324,0.0,-1.3327451730630684,0.0,-0.6627429184433993,0.0,1.1922751842612302
5.3260000000000005,0.0,-1.334068273208478,0.0,-0.6603566567067037,0.0,1.193985958881724
5.328,0.0,-1.3353865974112393,0.0,-0.6579669769854777,0.0,1.1956931670921538
5.33,0.0,-1.336700138842525,0.0,-0.6555738864227527,0.0,1.1973967986772196
5.332,0.0,-1.3380088906878107,0.0,-0.6531773921819939,0.0,1.1990968434263263
5.3340000000000005,0.0,-1.3393128461469228,0.0,-0.6507775014470756,0.0,1.2007932911336399
5.336,0.0,-1.3406119984340725,0.0,-0.6483742214222868,0.0,1.202486131598139
5.338,0.0,-1.3419063407779013,0.0,-0.6459675593323095,0.0,1.2041753546236762
5.34,0.0,-1.343195866421521,0.0,-0.643557522422213,0.0,1.2058609500190243
5.3420000000000005,0.0,-1.3444805686225536,0.0,-0.6411441179574441,0.0,1.2075429075979407
5.344,0.0,-1.3457604406531711,0.0,-0.6387273532238197,0.0,1.20922121717921
5.346,0.0,-1.34703547580014,0.0,-0.6363072355275098,0.0,1.2108958685867088
5.348,0.0,-1.3483056673648566,0.0,-0.6338837721950363,0.0,1.2125668516494568
5.3500000000000005,0.0,-1.3495710086633932,0.0,-0.6314569705732529,0.0,1.2142341562016712
5.352,0.0,-1.3508314930265346,0.0,-0.629026838029343,0.0,1.2158977720828201
5.354,0.0,-1.35208711379982,0.0,-0.6265933819508065,0.0,1.2175576891376825
5.356,0.0,-1.3533378643435858,0.0,-0.6241566097454443,0.0,1.2192138972163986
5.3580000000000005,0.0,-1.3545837380330028,0.0,-0.6217165288413535,0.0,1.2208663861745253
5.36,0.0,-1.355824728258117,0.0,-0.6192731466869195,0.0,1.2225151458730934
5.362,0.0,-1.3570608284238947,0.0,-0.6168264707507914,0.0,1.2241601661786614
5.364,0.0,-1.3582920319502583,0.0,-0.6143765085218847,0.0,1.225801436963371
5.3660000000000005,0.0,-1.359518332272127,0.0,-0.6119232675093653,0.0,1.2274389481050025
5.368,0.0,-1.3607397228394593,0.0,-0.6094667552426375,0.0,1.2290726894870263
5.37,0.0,-1.3619561971172935,0.0,-0.607006979271332,0.0,1.230702650998668
5.372,0.0,-1.3631677485857876,0.0,-0.6045439471652934,0.0,1.232328822534952
5.3740000000000006,0.0,-1.3643743707402582,0.0,-0.6020776665145743,0.0,1.2339511939967656
5.376,0.0,-1.3655760570912223,0.0,-0.5996081449294188,0.0,1.2355697552909088
5.378,0.0,-1.3667728011644384,0.0,-0.5971353900402492,0.0,1.237184496330154
5.38,0.0,-1.3679645965009473,0.0,-0.5946594094976554,0.0,1.2387954070333005
5.382,0.0,-1.3691514366571076,0.0,-0.592180210972389,0.0,1.2404024773252278
5.384,0.0,-1.3703333152046424,0.0,-0.5896978021553404,0.0,1.242005697136954
5.386,0.0,-1.3715102257306746,0.0,-0.587212190757537,0.0,1.2436050564056877
5.388,0.0,-1.3726821618377723,0.0,-0.5847233845101178,0.0,1.245200545074893
5.39,0.0,-1.373849117143982,0.0,-0.5822313911643379,0.0,1.2467921530943304
5.392,0.0,-1.3750110852828774,0.0,-0.5797362184915372,0.0,1.2483798704201312
5.394,0.0,-1.3761680599035908,0.0,-0.577237874283145,0.0,1.2499636870148343
5.396,0.0,-1.37732003467086,0.0,-0.5747363663506527,0.0,1.2515435928474548
5.398,0.0,-1.3784670032650645,0.0,-0.5722317025256132,0.0,1.253119577893539
5.4,0.0,-1.3796089593822678,0.0,-0.5697238906596156,0.0,1.254691632135214
5.402,0.0,-1.3807458967342565,0.0,-0.5672129386242822,0.0,1.256259745561249
5.404,0.0,-1.3818778090485795,0.0,-0.5646988543112504,0.0,1.2578239081671123
5.406,0.0,-1.38300469006859,0.0,-0.5621816456321603,0.0,1.259384109955022
5.408,0.0,-1.3841265335534847,0.0,-0.5596613205186364,0.0,1.2609403409340094
5.41,0.0,-1.3852433332783427,0.0,-0.5571378869222855,0.0,1.2624925911199691
5.412,0.0,-1.386355083034166,0.0,-0.5546113528146704,0.0,1.2640408505357168
5.414,0.0,-1.3874617766279207,0.0,-0.5520817261873036,0.0,1.265585109211051
5.416,0.0,-1.388563407882576,0.0,-0.5495490150516286,0.0,1.2671253571828023
5.418,0.0,-1.3896599706371426,0.0,-0.5470132274390107,0.0,1.2686615844948903
5.42,0.0,-1.3907514587467145,0.0,-0.5444743714007215,0.0,1.2701937811983883
5.422,0.0,-1.3918378660825084,0.0,-0.5419324550079191,0.0,1.2717219373515698
5.424,0.0,-1.3929191865319037,0.0,-0.5393874863516377,0.0,1.2732460430199724
5.426,0.0,-1.3939954139984796,0.0,-0.53683947354278,0.0,1.2747660882764487
5.428,0.0,-1.3950665424020596,0.0,-0.5342884247120873,0.0,1.276282063201227
5.43,0.0,-1.3961325656787467,0.0,-0.5317343480101377,0.0,1.2777939578819686
5.432,0.0,-1.3971934777809658,0.0,-0.5291772516073255,0.0,1.2793017624138208
5.434,0.0,-1.3982492726775013,0.0,-0.5266171436938482,0.0,1.2808054668994753
5.436,0.0,-1.39929994435354,0.0,-0.5240540324796853,0.0,1.282305061449229
5.438,0.0,-1.400345486810706,0.0,-0.5214879261945959,0.0,1.2838005361810345
5.44,0.0,-1.401385894067104,0.0,-0.5189188330880892,0.0,1.2852918812205614
5.442,0.0,-1.4024211601573566,0.0,-0.5163467614294195,0.0,1.2867790867012503
5.444,0.0,-1.4034512791326452,0.0,-0.5137717195075638,0.0,1.2882621427643741
5.446,0.0,-1.40447624506075,0.0,-0.5111937156312079,0.0,1.2897410395590916
5.448,0.0,-1.405496052026086,0.0,-0.5086127581287342,0.0,1.2912157672425062
5.45,0.0,-1.4065106941297456,0.0,-0.5060288553482027,0.0,1.29268631597972
5.452,0.0,-1.407520165489538,0.0,-0.5034420156573315,0.0,1.2941526759438966
5.454,0.0,-1.408524460240026,0.0,-0.5008522474434882,0.0,1.295614837316314
5.456,0.0,-1.4095235725325679,0.0,-0.49825955911366665,0.0,1.2970727902864232
5.458,0.0,-1.4105174965353544,0.0,-0.4956639590944779,0.0,1.2985265250519051
5.46,0.0,-1.4115062264334495,0.0,-0.49306545583212646,0.0,1.2999760318187283
5.462,0.0,-1.4124897564288306,0.0,-0.49046405779239316,0.0,1.301421300801209
5.464,0.0,-1.4134680807404245,0.0,-0.4878597734606278,0.0,1.3028623222220632
5.466,0.0,-1.414441193604148,0.0,-0.4852526113417251,0.0,1.3042990863124673
5.468,0.0,-1.4154090892729487,0.0,-0.48264257996010634,0.0,1.305731583312116
5.47,0.0,-1.4163717620168423,0.0,-0.4800296878597052,0.0,1.3071598034692804
5.472,0.0,-1.4173292061229505,0.0,-0.47741394360395223,0.0,1.3085837370408628
5.474,0.0,-1.4182814158955426,0.0,-0.4747953557757556,0.0,1.310003374292455
5.476,0.0,-1.4192283856560728,0.0,-0.4721739329774803,0.0,1.3114187054984012
5.478,0.0,-1.4201701097432196,0.0,-0.4695496838309381,0.0,1.3128297209418471
5.48,0.0,-1.421106582512925,0.0,-0.46692261697735993,0.0,1.3142364109148055
5.482,0.0,-1.4220377983384314,0.0,-0.46429274107739094,0.0,1.3156387657182078
5.484,0.0,-1.422963751610323,0.0,-0.4616600648110606,0.0,1.3170367756619676
5.486,0.0,-1.4238844367365637,0.0,-0.45902459687777086,0.0,1.3184304310650332
5.488,0.0,-1.4247998481425346,0.0,-0.45638634599627637,0.0,1.3198197222554502
5.49,0.0,-1.425709980271075,0.0,-0.4537453209046657,0.0,1.3212046395704165
5.492,0.0,-1.426614827582518,0.0,-0.4511015303603474,0.0,1.3225851733563416
5.494,0.0,-1.4275143845547316,0.0,-0.4484549831400241,0.0,1.3239613139689035
5.496,0.0,-1.4284086456831575,0.0,-0.4458056880396777,0.0,1.3253330517731083
5.498,0.0,-1.429297605480847,0.0,-0.44315365387455363,0.0,1.3267003771433477
5.5,0.0,-1.4301812584785019,0.0,-0.44049888947913735,0.0,1.3280632804634558
5.502,0.0,-1.431059599224512,0.0,-0.43784140370713737,0.0,1.3294217521267677
5.5040000000000004,0.0,-1.4319326222849948,0.0,-0.4351812054314649,0.0,1.3307757825361826
5.506,0.0,-1.4328003222438301,0.0,-0.43251830354422044,0.0,1.3321253621042122
5.508,0.0,-1.433662693702704,0.0,-0.4298527069566625,0.0,1.3334704812530496
5.51,0.0,-1.4345197312811429,0.0,-0.42718442459920036,0.0,1.3348111304146195
5.5120000000000005,0.0,-1.4353714296165532,0.0,-0.4245134654213685,0.0,1.3361473000306414
5.514,0.0,-1.4362177833642598,0.0,-0.42183983839180805,0.0,1.3374789805526848
5.516,0.0,-1.4370587871975438,0.0,-0.4191635524982472,0.0,1.3388061624422318
5.518,0.0,-1.437894435807681,0.0,-0.41648461674747994,0.0,1.3401288361707295
5.5200000000000005,0.0,-1.4387247239039793,0.0,-0.41380304016534974,0.0,1.3414469922196544
5.522,0.0,-1.4395496462138178,0.0,-0.41111883179672604,0.0,1.3427606210805676
5.524,0.0,-1.440369197482684,0.0,-0.40843200070548574,0.0,1.3440697132551724
5.526,0.0,-1.4411833724742127,0.0,-0.40574255597448916,0.0,1.3453742592553781
5.5280000000000005,0.0,-1.4419921659702233,0.0,-0.4030505067055644,0.0,1.3466742496033526
5.53,0.0,-1.4427955727707564,0.0,-0.40035586201948903,0.0,1.3479696748315833
5.532,0.0,-1.4435935876941155,0.0,-0.3976586310559576,0.0,1.349260525482938
5.534,0.0,-1.4443862055769006,0.0,-0.39495882297357343,0.0,1.350546792110719
5.5360000000000005,0.0,-1.4451734212740486,0.0,-0.3922564469498207,0.0,1.351828465278729
5.538,0.0,-1.4459552296588696,0.0,-0.3895515121810486,0.0,1.353105535561319
5.54,0.0,-1.4467316256230855,0.0,-0.38684402788244343,0.0,1.3543779935434574
5.542,0.0,-1.4475026040768684,0.0,-0.3841340032880114,0.0,1.3556458298207859
5.5440000000000005,0.0,-1.4482681599488756,0.0,-0.3814214476505584,0.0,1.3569090349996744
5.546,0.0,-1.4490282881862895,0.0,-0.3787063702416661,0.0,1.358167599697283
5.548,0.0,-1.4497829837548544,0.0,-0.3759887803516721,0.0,1.3594215145416224
5.55,0.0,-1.4505322416389144,0.0,-0.3732686872896434,0.0,1.3606707701716108
5.5520000000000005,0.0,-1.4512760568414498,0.0,-0.3705461003833618,0.0,1.3619153572371316
5.554,0.0,-1.452014424384115,0.0,-0.3678210289792986,0.0,1.363155266399097
5.556,0.0,-1.4527473393072778,0.0,-0.365093482442588,0.0,1.3643904883295002
5.558,0.0,-1.4534747966700525,0.0,-0.3623634701570133,0.0,1.3656210137114813
5.5600000000000005,0.0,-1.4541967915503413,0.0,-0.35963100152497757,0.0,1.366846833239383
5.562,0.0,-1.4549133190448684,0.0,-0.35689608596748773,0.0,1.3680679376188076
5.564,0.0,-1.45562437426922,0.0,-0.3541587329241244,0.0,1.3692843175666813
5.566,0.0,-1.456329952357879,0.0,-0.3514189518530245,0.0,1.3704959638113108
5.5680000000000005,0.0,-1.4570300484642646,0.0,-0.34867675223085376,0.0,1.3717028670924396
5.57,0.0,-1.4577246577607652,0.0,-0.3459321435527954,0.0,1.3729050181613125
5.572,0.0,-1.4584137754387805,0.0,-0.3431851353325089,0.0,1.3741024077807316
5.574,0.0,-1.4590973967087546,0.0,-0.3404357371021233,0.0,1.3752950267251154
5.5760000000000005,0.0,-1.4597755168002158,0.0,-0.3376839584122009,0.0,1.3764828657805614
5.578,0.0,-1.4604481309618096,0.0,-0.33492980883172724,0.0,1.3776659157448994
5.58,0.0,-1.4611152344613396,0.0,-0.33217329794807704,0.0,1.3788441674277563
5.582,0.0,-1.461776822585803,0.0,-0.3294144353669913,0.0,1.3800176116506158
5.5840000000000005,0.0,-1.4624328906414252,0.0,-0.32665323071255836,0.0,1.381186239246871
5.586,0.0,-1.463083433953699,0.0,-0.32388969362718956,0.0,1.3823500410618916
5.588,0.0,-1.4637284478674202,0.0,-0.32112383377159315,0.0,1.3835090079530792
5.59,0.0,-1.464367927746724,0.0,-0.31835566082474803,0.0,1.3846631307899264
5.5920000000000005,0.0,-1.4650018689751225,0.0,-0.31558518448388334,0.0,1.3858124004540808
5.594,0.0,-1.46563026695554,0.0,-0.3128124144644514,0.0,1.386956807839399
5.596,0.0,-1.46625311711035,0.0,-0.3100373605001081,0.0,1.388096343852006
5.598,0.0,-1.4668704148814111,0.0,-0.30726003234268157,0.0,1.3892309994103629
5.6000000000000005,0.0,-1.4674821557301052,0.0,-0.3044804397621475,0.0,1.3903607654453167
5.602,0.0,-1.4680883351373697,0.0,-0.30169859254661907,0.0,1.3914856329001624
5.604,0.0,-1.4686889486037384,0.0,-0.2989145005022978,0.0,1.3926055927307086
5.606,0.0,-1.4692839916493752,0.0,-0.2961281734534685,0.0,1.3937206359053291
5.6080000000000005,0.0,-1.4698734598141106,0.0,-0.29333962124246027,0.0,1.3948307534050286
5.61,0.0,-1.4704573486574772,0.0,-0.2905488537296341,0.0,1.395935936223498
5.612,0.0,-1.4710356537587463,0.0,-0.2877558807933492,0.0,1.397036175367174
5.614,0.0,-1.4716083707169652,0.0,-0.28496071232993697,0.0,1.398131461855307
5.6160000000000005,0.0,-1.4721754951509907,0.0,-0.28216335825367717,0.0,1.3992217867200087
5.618,0.0,-1.4727370226995258,0.0,-0.2793638284967762,0.0,1.4003071410063186
5.62,0.0,-1.473292949021157,0.0,-0.27656213300933263,0.0,1.4013875157722662
5.622,0.0,-1.4738432697943875,0.0,-0.2737582817593207,0.0,1.4024629020889232
5.6240000000000006,0.0,-1.474387980717676,0.0,-0.27095228473255334,0.0,1.4035332910404714
5.626,0.0,-1.4749270775094687,0.0,-0.26814415193267066,0.0,1.404598673724256
5.628,0.0,-1.4754605559082385,0.0,-0.2653338933810946,0.0,1.4056590412508487
5.63,0.0,-1.475988411672518,0.0,-0.2625215191170218,0.0,1.4067143847441073
5.632,0.0,-1.4765106405809356,0.0,-0.2597070391973841,0.0,1.4077646953412355
5.634,0.0,-1.4770272384322531,0.0,-0.2568904636968213,0.0,1.4088099641928422
5.636,0.0,-1.4775382010453966,0.0,-0.2540718027076679,0.0,1.4098501824630012
5.638,0.0,-1.4780435242594971,0.0,-0.2512510663399077,0.0,1.4108853413293139
5.64,0.0,-1.478543203933922,0.0,-0.24842826472115917,0.0,1.411915431982963
5.642,0.0,-1.4790372359483113,0.0,-0.2456034079966467,0.0,1.4129404456287815
5.644,0.0,-1.4795256162026131,0.0,-0.24277650632916953,0.0,1.413960373485303
5.646,0.0,-1.4800083406171192,0.0,-0.2399475698990762,0.0,1.4149752067848282
5.648,0.0,-1.4804854051324992,0.0,-0.23711660890423839,0.0,1.4159849367734838
5.65,0.0,-1.4809568057098363,0.0,-0.23428363356001602,0.0,1.4169895547112816
5.652,0.0,-1.481422538330661,0.0,-0.23144865409924453,0.0,1.4179890518721756
5.654,0.0,-1.4818825989969886,0.0,-0.2286116807721882,0.0,1.4189834195441309
5.656,0.0,-1.4823369837313503,0.0,-0.2257727238465277,0.0,1.4199726490291706
5.658,0.0,-1.4827856885768318,0.0,-0.22293179360731807,0.0,1.4209567316434513
5.66,0.0,-1.483228709597105,0.0,-0.2200889003569805,0.0,1.4219356587173078
5.662,0.0,-1.483666042876465,0.0,-0.2172440544152472,0.0,1.4229094215953242
5.664,0.0,-1.4840976845198628,0.0,-0.2143972661191572,0.0,1.4238780116363903
5.666,0.0,-1.4845236306529415,0.0,-0.21154854582300972,0.0,1.424841420213761
5.668,0.0,-1.4849438774220691,0.0,-0.20869790389835197,0.0,1.4257996387151153
5.67,0.0,-1.4853584209943744,0.0,-0.20584535073393379,0.0,1.4267526585426225
5.672,0.0,-1.4857672575577818,0.0,-0.20299089673568713,0.0,1.4277004711129935
5.674,0.0,-1.4861703833210431,0.0,-0.2001345523266988,0.0,1.4286430678575484
5.676,0.0,-1.4865677945137743,0.0,-0.19727632794717814,0.0,1.4295804402222734
5.678,0.0,-1.486959487386489,0.0,-0.19441623405442396,0.0,1.4305125796678801
5.68,0.0,-1.4873454582106322,0.0,-0.1915542811228028,0.0,1.4314394776698687
5.682,0.0,-1.487725703278615,0.0,-0.1886904796437127,0.0,1.4323611257185853
5.684,0.0,-1.4881002189038475,0.0,-0.18582484012556003,0.0,1.4332775153192832
5.686,0.0,-1.4884690014207744,0.0,-0.18295737309372181,0.0,1.434188637992183
5.688,0.0,-1.4888320471849077,0.0,-0.18008808909052093,0.0,1.4350944852725342
5.69,0.0,-1.4891893525728617,0.0,-0.17721699867519203,0.0,1.435995048710674
5.692,0.0,-1.4895409139823843,0.0,-0.1743441124238618,0.0,1.4368903198720866
5.694,0.0,-1.4898867278323946,0.0,-0.17146944092950164,0.0,1.437780290337465
5.696,0.0,-1.4902267905630129,0.0,-0.1685929948019128,0.0,1.438664951702771
5.698,0.0,-1.4905610986355975,0.0,-0.16571478466768283,0.0,1.4395442955792968
5.7,0.0,-1.4908896485327745,0.0,-0.16283482117017034,0.0,1.4404183135937199
5.702,0.0,-1.4912124367584756,0.0,-0.15995311496945605,0.0,1.4412869973881715
5.704,0.0,-1.4915294598379676,0.0,-0.15706967674232625,0.0,1.4421503386202896
5.706,0.0,-1.4918407143178891,0.0,-0.15418451718223491,0.0,1.443008328963284
5.708,0.0,-1.492146196766281,0.0,-0.1512976469992741,0.0,1.4438609601059935
5.71,0.0,-1.4924459037726217,0.0,-0.14840907692014116,0.0,1.4447082237529483
5.712,0.0,-1.4927398319478593,0.0,-0.1455188176881125,0.0,1.445550111624428
5.714,0.0,-1.493027977924445,0.0,-0.14262688006300447,0.0,1.4463866154565261
5.716,0.0,-1.4933103383563664,0.0,-0.13973327482114506,0.0,1.4472177270012043
5.718,0.0,-1.4935869099191799,0.0,-0.13683801275534654,0.0,1.4480434380263578
5.72,0.0,-1.4938576893100444,0.0,-0.13394110467486417,0.0,1.4488637403158748
5.722,0.0,-1.494122673247753,0.0,-0.1310425614053732,0.0,1.4496786256696936
5.724,0.0,-1.4943818584727675,0.0,-0.1281423937889317,0.0,1.4504880859038654
5.726,0.0,-1.4946352417472495,0.0,-0.12524061268394945,0.0,1.4512921128506169
5.728,0.0,-1.4948828198550936,0.0,-0.12233722896515688,0.0,1.4520906983584054
5.73,0.0,-1.4951245896019612,0.0,-0.11943225352356585,0.0,1.4528838342919832
5.732,0.0,-1.4953605478153105,0.0,-0.11652569726645044,0.0,1.453671512532456
5.734,0.0,-1.495590691344432,0.0,-0.11361757111729939,0.0,1.4544537249773433
5.736,0.0,-1.4958150170604778,0.0,-0.11070788601579663,0.0,1.4552304635406401
5.738,0.0,-1.496033521856497,0.0,-0.10779665291777098,0.0,1.4560017201528768
5.74,0.0,-1.4962462026474657,0.0,-0.10488388279518542,0.0,1.4567674867611762
5.742,0.0,-1.4964530563703198,0.0,-0.10196958663608688,0.0,1.4575277553293198
5.744,0.0,-1.496654079983988,0.0,-0.09905377544457664,0.0,1.4582825178378034
5.746,0.0,-1.496849270469423,0.0,-0.09613646024077818,0.0,1.459031766283899
5.748,0.0,-1.4970386248296332,0.0,-0.09321765206080637,0.0,1.4597754926817152
5.75,0.0,-1.4972221400897163,0.0,-0.09029736195672956,0.0,1.4605136890622574
5.752,0.0,-1.497399813296889,0.0,-0.08737560099653717,0.0,1.4612463474734878
5.7540000000000004,0.0,-1.4975716415205205,0.0,-0.08445238026410566,0.0,1.4619734599803869
5.756,0.0,-1.4977376218521634,0.0,-0.08152771085916449,0.0,1.4626950186650112
5.758,0.0,-1.4978977514055856,0.0,-0.07860160389726191,0.0,1.4634110156265567
5.76,0.0,-1.4980520273168016,0.0,-0.07567407050973185,0.0,1.4641214429814176
5.7620000000000005,0.0,-1.4982004467441052,0.0,-0.07274512184365162,0.0,1.4648262928632452
5.764,0.0,-1.4983430068680987,0.0,-0.06981476906182583,0.0,1.4655255574230113
5.766,0.0,-1.4984797048917273,0.0,-0.06688302334272918,0.0,1.4662192288290665
5.768,0.0,-1.4986105380403074,0.0,-0.06394989588048884,0.0,1.4669072992671994
5.7700000000000005,0.0,-1.49873550356156,0.0,-0.06101539788483637,0.0,1.4675897609407007
5.772,0.0,-1.498854598725641,0.0,-0.05807954058108836,0.0,1.4682666060704186
5.774,0.0,-1.4989678208251724,0.0,-0.05514233521009289,0.0,1.4689378268948232
5.776,0.0,-1.4990751671752738,0.0,-0.052203793028208725,0.0,1.4696034156700646
5.7780000000000005,0.0,-1.4991766351135922,0.0,-0.04926392530726193,0.0,1.4702633646700334
5.78,0.0,-1.4992722220003345,0.0,-0.04632274333451828,0.0,1.4709176661864205
5.782,0.0,-1.4993619252182973,0.0,-0.04338025841263313,0.0,1.4715663125287806
5.784,0.0,-1.4994457421728973,0.0,-0.040436481859635276,0.0,1.4722092960245852
5.7860000000000005,0.0,-1.4995236702922035,0.0,-0.03749142500886882,0.0,1.4728466090192927
5.788,0.0,-1.4995957070269665,0.0,-0.03454509920898205,0.0,1.4734782438764005
5.79,0.0,-1.4996618498506489,0.0,-0.031597515823868945,0.0,1.474104192977506
5.792,0.0,-1.4997220962594575,0.0,-0.028648686232643467,0.0,1.4747244487223734
5.7940000000000005,0.0,-1.4997764437723713,0.0,-0.025698621829604473,0.0,1.4753390035289868
5.796,0.0,-1.499824889931174,0.0,-0.022747334024196562,0.0,1.4759478498336112
5.798,0.0,-1.4998674323004826,0.0,-0.019794834240969544,0.0,1.4765509800908587
5.8,0.0,-1.4999040684677787,0.0,-0.016841133919549535,0.0,1.4771483867737398
5.8020000000000005,0.0,-1.4999347960434382,0.0,-0.013886244514596885,0.0,1.4777400623737311
5.804,0.0,-1.4999596126607608,0.0,-0.010930177495770466,0.0,1.478325999400831
5.806,0.0,-1.4999785159760013,0.0,-0.00797294434769058,0.0,1.4789061903836211
5.808,0.0,-1.4999915036683982,0.0,-0.00501455656990173,0.0,1.4794806278693262
5.8100000000000005,0.0,-1.4999985734402037,0.0,-0.0020550256768339615,0.0,1.480049304423876
5.812,0.0,-1.4999997230167146,0.0,0.000905636802230653,0.0,1.480612212631961
5.814,0.0,-1.4999949501463,0.0,0.0038674193231982364,0.0,1.4811693450970993
5.816,0.0,-1.4999842526004326,0.0,0.006830310327203461,0.0,1.4817206944416879
5.8180000000000005,0.0,-1.4999676281737178,0.0,0.009794298240646059,0.0,1.4822662533070712
5.82,0.0,-1.4999450746839225,0.0,0.012759371475219501,0.0,1.482806014353596
5.822,0.0,-1.4999165899720044,0.0,0.01572551842796626,0.0,1.4833399702606713
5.824,0.0,-1.4998821719021431,0.0,0.018692727481301467,0.0,1.4838681137268326
5.8260000000000005,0.0,-1.4998418183617668,0.0,0.021660987003057807,0.0,1.4843904374697974
5.828,0.0,-1.4997955272615826,0.0,0.02463028534652263,0.0,1.484906934226526
5.83,0.0,-1.4997432965356066,0.0,0.027600610850477828,0.0,1.4854175967532846
5.832,0.0,-1.4996851241411906,0.0,0.0305719518392319,0.0,1.4859224178257013
5.8340000000000005,0.0,-1.4996210080590529,0.0,0.033544296622673254,0.0,1.4864213902388286
5.836,0.0,-1.4995509462933063,0.0,0.03651763349629062,0.0,1.4869145068072
5.838,0.0,-1.4994749368714866,0.0,0.039491950741226654,0.0,1.4874017603648966
5.84,0.0,-1.4993929778445823,0.0,0.042467236624310366,0.0,1.4878831437655964
5.8420000000000005,0.0,-1.4993050672870618,0.0,0.045443479398100534,0.0,1.4883586498826473
5.844,0.0,-1.4992112032969034,0.0,0.048420667300915626,0.0,1.4888282716091148
5.846,0.0,-1.4991113839956225,0.0,0.051398788556884,0.0,1.489292001857847
5.848,0.0,-1.4990056075283003,0.0,0.05437783137598095,0.0,1.4897498335615391
5.8500000000000005,0.0,-1.4988938720636122,0.0,0.05735778395406825,0.0,1.4902017596727823
5.852,0.0,-1.4987761757938565,0.0,0.06033863447292631,0.0,1.4906477731641337
5.854,0.0,-1.4986525169349814,0.0,0.06332037110030589,0.0,1.491087867028171
5.856,0.0,-1.4985228937266135,0.0,0.06630298198996164,0.0,1.4915220342775517
5.8580000000000005,0.0,-1.4983873044320863,0.0,0.06928645528169504,0.0,1.491950267945077
5.86,0.0,-1.4982457473384676,0.0,0.07227077910139068,0.0,1.4923725610837464
5.862,0.0,-1.4980982207565872,0.0,0.07525594156105937,0.0,1.4927889067668187
5.864,0.0,-1.4979447230210643,0.0,0.07824193075888149,0.0,1.4931992980878777
5.8660000000000005,0.0,-1.4977852524903361,0.0,0.08122873477924619,0.0,1.4936037281608805
5.868,0.0,-1.497619807546685,0.0,0.08421634169278298,0.0,1.494002190120226
5.87,0.0,-1.4974483865962647,0.0,0.08720473955642014,0.0,1.4943946771208136
5.872,0.0,-1.4972709880691302,0.0,0.0901939164134094,0.0,1.4947811823380972
5.8740000000000006,0.0,-1.497087610419262,0.0,0.0931838602933795,0.0,1.4951616989681502
5.876,0.0,-1.496898252124597,0.0,0.09617455921236792,0.0,1.4955362202277243
5.878,0.0,-1.4967029116870516,0.0,0.09916600117286775,0.0,1.4959047393543037
5.88,0.0,-1.4965015876325514,0.0,0.1021581741638678,0.0,1.4962672496061735
5.882000000000001,0.0,-1.4962942785110582,0.0,0.10515106616089565,0.0,1.4966237442624712
5.884,0.0,-1.4960809828965955,0.0,0.10814466512605404,0.0,1.4969742166232494
5.886,0.0,-1.495861699387276,0.0,0.11113895900807079,0.0,1.4973186600095352
5.888,0.0,-1.4956364266053281,0.0,0.1141339357423355,0.0,1.4976570677633902
5.89,0.0,-1.4954051631971232,0.0,0.11712958325094419,0.0,1.4979894332479655
5.892,0.0,-1.4951679078332019,0.0,0.12012588944273785,0.0,1.4983157498475688
5.894,0.0,-1.4949246592082996,0.0,0.12312284221334846,0.0,1.4986360109677155
5.896,0.0,-1.494675416041374,0.0,0.1261204294452403,0.0,1.498950210035192
5.898,0.0,-1.4944201770756314,0.0,0.12911863900775136,0.0,1.4992583404981163
5.9,0.0,-1.4941589410785516,0.0,0.1321174587571424,0.0,1.4995603958259927
5.902,0.0,-1.4938917068419155,0.0,0.13511687653662666,0.0,1.4998563695097746
5.904,0.0,-1.4936184731818312,0.0,0.1381168801764263,0.0,1.5001462550619236
5.906,0.0,-1.4933392389387579,0.0,0.14111745749380825,0.0,1.500430046016464
5.908,0.0,-1.493054002977534,0.0,0.1441185962931309,0.0,1.5007077359290497
5.91,0.0,-1.4927627641874028,0.0,0.1471202843658813,0.0,1.5009793183770157
5.912,0.0,-1.492465521482036,0.0,0.1501225094907269,0.0,1.5012447869594396
5.914,0.0,-1.4921622737995608,0.0,0.15312525943355534,0.0,1.5015041352972047
5.916,0.0,-1.4918530201025872,0.0,0.15612852194751367,0.0,1.5017573570330516
5.918,0.0,-1.4915377593782295,0.0,0.15913228477306168,0.0,1.502004445831641
5.92,0.0,-1.491216490638135,0.0,0.16213653563800526,0.0,1.502245395379616
5.922,0.0,-1.4908892129185076,0.0,0.1651412622575508,0.0,1.5024801993856527
5.924,0.0,-1.490555925280133,0.0,0.16814645233434142,0.0,1.5027088515805258
5.926,0.0,-1.490216626808405,0.0,0.17115209355850286,0.0,1.5029313457171654
5.928,0.0,-1.4898713166133488,0.0,0.1741581736076873,0.0,1.5031476755707138
5.93,0.0,-1.4895199938296473,0.0,0.17716468014712627,0.0,1.5033578349385868
5.932,0.0,-1.4891626576166646,0.0,0.18017160082966452,0.0,1.5035618176405314
5.934,0.0,-1.4887993071584722,0.0,0.1831789232958071,0.0,1.5037596175186825
5.936,0.0,-1.4884299416638733,0.0,0.1861866351737648,0.0,1.5039512284376273
5.938,0.0,-1.4880545603664252,0.0,0.1891947240795077,0.0,1.504136644284455
5.94,0.0,-1.4876731625244672,0.0,0.19220317761679487,0.0,1.5043158589688232
5.942,0.0,-1.4872857474211425,0.0,0.1952119833772286,0.0,1.5044888664230132
5.944,0.0,-1.486892314364423,0.0,0.1982211289403023,0.0,1.5046556606019856
5.946,0.0,-1.4864928626871343,0.0,0.20123060187343814,0.0,1.5048162354834453
5.948,0.0,-1.4860873917469783,0.0,0.20424038973203912,0.0,1.504970585067894
5.95,0.0,-1.4856759009265597,0.0,0.20725048005952815,0.0,1.5051187033786912
5.952,0.0,-1.4852583896334068,0.0,0.21026086038740027,0.0,1.5052605844621112
5.954,0.0,-1.4848348572999968,0.0,0.2132715182352689,0.0,1.505396222387404
5.956,0.0,-1.48440530338378,0.0,0.2162824411109062,0.0,1.5055256112468487
5.958,0.0,-1.4839697273672035,0.0,0.21929361651028928,0.0,1.5056487451558165
5.96,0.0,-1.4835281287577335,0.0,0.22230503191765333,0.0,1.505765618252828
5.962,0.0,-1.4830805070878792,0.0,0.22531667480553197,0.0,1.505876224699605
5.964,0.0,-1.4826268619152168,0.0,0.22832853263480885,0.0,1.5059805586811401
5.966,0.0,-1.4821671928224125,0.0,0.2313405928547524,0.0,1.5060786144057443
5.968,0.0,-1.4817014994172453,0.0,0.2343528429030805,0.0,1.5061703861051077
5.97,0.0,-1.4812297813326303,0.0,0.23736527020599277,0.0,1.5062558680343636
5.972,0.0,-1.4807520382266413,0.0,0.24037786217822477,0.0,1.5063350544721361
5.974,0.0,-1.4802682697825351,0.0,0.24339060622308795,0.0,1.506407939720606
5.976,0.0,-1.4797784757087724,0.0,0.24640348973252957,0.0,1.5064745181055657
5.978,0.0,-1.4792826557390415,0.0,0.24941650008716662,0.0,1.5065347839764742
5.98,0.0,-1.4787808096322803,0.0,0.2524296246563417,0.0,1.506588731706522
5.982,0.0,-1.4782729371727006,0.0,0.2554428507981636,0.0,1.5066363556926814
5.984,0.0,-1.4777590381698078,0.0,0.25845616585956227,0.0,1.5066776503557653
5.986,0.0,-1.4772391124584252,0.0,0.26146955717633397,0.0,1.5067126101404915
5.988,0.0,-1.4767131598987155,0.0,0.26448301207318525,0.0,1.506741229515531
5.99,0.0,-1.476181180376203,0.0,0.26749651786378387,0.0,1.5067635029735695
5.992,0.0,-1.4756431738017959,0.0,0.2705100618508116,0.0,1.5067794250313686
5.994,0.0,-1.4750991401118076,0.0,0.2735236313260018,0.0,1.5067889902298155
5.996,0.0,-1.474549079267979,0.0,0.27653721357019984,0.0,1.506792193133987
5.998,0.0,-1.4739929912575007,0.0,0.2795507958534008,0.0,1.5067890283332026
6.0,0.0,-1.473430876093033,0.0,0.2825643654348045,0.0,1.5067794904410834
6.002,0.0,-1.47286273381273,0.0,0.2855779095628621,0.0,1.5067635740956093
6.0040000000000004,0.0,-1.4722885644802584,0.0,0.2885914154753266,0.0,1.5067412739591768
6.006,0.0,-1.4717083681848206,0.0,0.2916048703992962,0.0,1.506712584718653
6.008,0.0,-1.4711221450411758,0.0,0.29461826155127124,0.0,1.506677501085437
6.01,0.0,-1.4705298951896597,0.0,0.2976315761371985,0.0,1.506636017795514
6.0120000000000005,0.0,-1.469931618796207,0.0,0.300644801352522,0.0,1.5065881296095105
6.014,0.0,-1.469327316052373,0.0,0.3036579243822299,0.0,1.5065338313127594
6.016,0.0,-1.4687169871753518,0.0,0.30667093240090626,0.0,1.5064731177153443
6.018,0.0,-1.4681006324080004,0.0,0.30968381257277944,0.0,1.5064059836521677
6.0200000000000005,0.0,-1.4674782520188554,0.0,0.3126965520517789,0.0,1.506332423983001
6.022,0.0,-1.4668498463021589,0.0,0.3157091379815649,0.0,1.5062524335925431
6.024,0.0,-1.4662154155778733,0.0,0.31872155749560477,0.0,1.5061660073904783
6.026,0.0,-1.4655749601917047,0.0,0.32173379771720695,0.0,1.5060731403115306
6.0280000000000005,0.0,-1.4649284805151235,0.0,0.3247458457595732,0.0,1.50597382731552
6.03,0.0,-1.4642759769453833,0.0,0.327757688725849,0.0,1.5058680633874233
6.032,0.0,-1.463617449905542,0.0,0.3307693137091736,0.0,1.5057558435374263
6.034,0.0,-1.4629528998444798,0.0,0.33378070779273944,0.0,1.5056371628009784
6.0360000000000005,0.0,-1.4622823272369216,0.0,0.3367918580498278,0.0,1.505512016238856
6.038,0.0,-1.4616057325834557,0.0,0.33980275154386785,0.0,1.505380398937212
6.04,0.0,-1.4609231164105523,0.0,0.3428133753284904,0.0,1.5052423060076343
6.042,0.0,-1.4602344792705853,0.0,0.34582371644757,0.0,1.5050977325872044
6.0440000000000005,0.0,-1.4595398217418492,0.0,0.34883376193528703,0.0,1.5049466738385464
6.046,0.0,-1.4588391444285818,0.0,0.3518434988161639,0.0,1.504789124949893
6.048,0.0,-1.4581324479609792,0.0,0.35485291410513414,0.0,1.5046250811351338
6.05,0.0,-1.4574197329952188,0.0,0.3578619948075794,0.0,1.5044545376338718
6.0520000000000005,0.0,-1.4567010002134755,0.0,0.36087072791938923,0.0,1.5042774897114837
6.054,0.0,-1.455976250323944,0.0,0.3638791004270042,0.0,1.5040939326591727
6.056,0.0,-1.4552454840608524,0.0,0.3668870993074827,0.0,1.5039038617940226
6.058,0.0,-1.4545087021844867,0.0,0.3698947115285336,0.0,1.5037072724590572
6.0600000000000005,0.0,-1.4537659054812049,0.0,0.37290192404858585,0.0,1.503504160023292
6.062,0.0,-1.4530170947634597,0.0,0.3759087238168235,0.0,1.503294519881794
6.064,0.0,-1.4522622708698123,0.0,0.37891509777325455,0.0,1.503078347455734
6.066,0.0,-1.4515014346649537,0.0,0.3819210328487539,0.0,1.5028556381924418
6.0680000000000005,0.0,-1.4507345870397228,0.0,0.3849265159651164,0.0,1.502626387565463
6.07,0.0,-1.449961728911124,0.0,0.38793153403510633,0.0,1.5023905910746165
6.072,0.0,-1.449182861222344,0.0,0.3909360739625214,0.0,1.5021482442460425
6.074,0.0,-1.4483979849427722,0.0,0.393940122642233,0.0,1.5018993426322662
6.0760000000000005,0.0,-1.4476071010680163,0.0,0.3969436669602454,0.0,1.5016438818122468
6.078,0.0,-1.4468102106199203,0.0,0.3999466937937484,0.0,1.5013818573914366
6.08,0.0,-1.4460073146465848,0.0,0.4029491900111653,0.0,1.501113265001832
6.082,0.0,-1.4451984142223802,0.0,0.405951142472214,0.0,1.5008381003020315
6.0840000000000005,0.0,-1.4443835104479663,0.0,0.40895253802795506,0.0,1.5005563589772895
6.086,0.0,-1.4435626044503103,0.0,0.411953363520846,0.0,1.5002680367395713
6.088,0.0,-1.4427356973827021,0.0,0.4149536057847964,0.0,1.499973129327606
6.09,0.0,-1.4419027904247734,0.0,0.41795325164521624,0.0,1.4996716325069452
6.0920000000000005,0.0,-1.4410638847825115,0.0,0.4209522879190813,0.0,1.499363542070012
6.094,0.0,-1.4402189816882818,0.0,0.4239507014149662,0.0,1.4990488538361635
6.096,0.0,-1.439368082400837,0.0,0.4269484789331239,0.0,1.4987275636517337
6.098,0.0,-1.4385111882053399,0.0,0.4299456072655197,0.0,1.4983996673900992
6.1000000000000005,0.0,-1.4376483004133758,0.0,0.4329420731959003,0.0,1.4980651609517266
6.102,0.0,-1.4367794203629736,0.0,0.4359378634998275,0.0,1.4977240402642322
6.104,0.0,-1.4359045494186158,0.0,0.4389329649447598,0.0,1.497376301282427
6.106,0.0,-1.435023688971261,0.0,0.4419273642900809,0.0,1.4970219399883822
6.1080000000000005,0.0,-1.434136840438354,0.0,0.4449210482871777,0.0,1.4966609523914731
6.11,0.0,-1.4332440052638482,0.0,0.4479140036794701,0.0,1.4962933345284428
6.112,0.0,-1.4323451849182158,0.0,0.4509062172024882,0.0,1.4959190824634456
6.114,0.0,-1.4314403808984664,0.0,0.4538976755839147,0.0,1.4955381922881086
6.1160000000000005,0.0,-1.4305295947281607,0.0,0.45688836554364787,0.0,1.4951506601215832
6.118,0.0,-1.4296128279574307,0.0,0.45987827379383933,0.0,1.4947564821105974
6.12,0.0,-1.4286900821629887,0.0,0.4628673870389752,0.0,1.4943556544295107
6.122,0.0,-1.4277613589481468,0.0,0.46585569197591137,0.0,1.493948173280368
6.1240000000000006,0.0,-1.426826659942831,0.0,0.4688431752939371,0.0,1.4935340348929522
6.126,0.0,-1.4258859868035958,0.0,0.4718298236748285,0.0,1.4931132355248364
6.128,0.0,-1.4249393412136402,0.0,0.474815623792905,0.0,1.4926857714614399
6.13,0.0,-1.4239867248828215,0.0,0.47780056231508483,0.0,1.4922516390160803
6.132000000000001,0.0,-1.42302813954767,0.0,0.48078462590094323,0.0,1.4918108345300247
6.134,0.0,-1.4220635869714064,0.0,0.48376780120275814,0.0,1.4913633543725464
6.136,0.0,-1.4210930689439523,0.0,0.48675007486558075,0.0,1.4909091949409754
6.138,0.0,-1.4201165872819452,0.0,0.4897314335272874,0.0,1.4904483526607506
6.140000000000001,0.0,-1.419134143828756,0.0,0.4927118638186285,0.0,1.4899808239854755
6.142,0.0,-1.418145740454501,0.0,0.4956913523632883,0.0,1.4895066053969674
6.144,0.0,-1.4171513790560564,0.0,0.498669885777946,0.0,1.4890256934053152
6.146,0.0,-1.4161510615570696,0.0,0.5016474506723313,0.0,1.4885380845489256
6.148,0.0,-1.4151447899079783,0.0,0.5046240336492757,0.0,1.488043775394581
6.15,0.0,-1.4141325660860198,0.0,0.5075996213047749,0.0,1.4875427625374877
6.152,0.0,-1.4131143920952471,0.0,0.5105742002280398,0.0,1.4870350426013328
6.154,0.0,-1.412090269966541,0.0,0.5135477570015611,0.0,1.4865206122383332
6.156,0.0,-1.4110602017576237,0.0,0.5165202782011609,0.0,1.485999468129286
6.158,0.0,-1.4100241895530725,0.0,0.5194917503960533,0.0,1.4854716069836278
6.16,0.0,-1.4089822354643335,0.0,0.522462160148897,0.0,1.4849370255394785
6.162,0.0,-1.407934341629734,0.0,0.5254314940158559,0.0,1.484395720563699
6.164,0.0,-1.4068805102144946,0.0,0.5283997385466588,0.0,1.483847688851941
6.166,0.0,-1.4058207434107428,0.0,0.5313668802846547,0.0,1.4832929272286974
6.168,0.0,-1.4047550434375267,0.0,0.5343329057668667,0.0,1.482731432547356
6.17,0.0,-1.4036834125408255,0.0,0.5372978015240586,0.0,1.482163201690252
6.172,0.0,-1.4026058529935637,0.0,0.5402615540807855,0.0,1.4815882315687154
6.174,0.0,-1.4015223670956232,0.0,0.5432241499554511,0.0,1.4810065191231276
6.176,0.0,-1.4004329571738545,0.0,0.5461855756603752,0.0,1.4804180613229705
6.178,0.0,-1.3993376255820902,0.0,0.5491458177018391,0.0,1.479822855166875
6.18,0.0,-1.3982363747011561,0.0,0.5521048625801557,0.0,1.4792208976826777
6.182,0.0,-1.3971292069388819,0.0,0.5550626967897222,0.0,1.4786121859274672
6.184,0.0,-1.3960161247301166,0.0,0.5580193068190764,0.0,1.4779967169876371
6.186,0.0,-1.3948971305367373,0.0,0.5609746791509592,0.0,1.4773744879789406
6.188,0.0,-1.3937722268476602,0.0,0.563928800262374,0.0,1.4767454960465318
6.19,0.0,-1.3926414161788534,0.0,0.566881656624646,0.0,1.4761097383650263
6.192,0.0,-1.39150470107335,0.0,0.569833234703472,0.0,1.475467212138548
6.194,0.0,-1.3903620841012554,0.0,0.572783520958991,0.0,1.4748179146007778
6.196,0.0,-1.3892135678597601,0.0,0.5757325018458412,0.0,1.4741618430150065
6.198,0.0,-1.3880591549731511,0.0,0.5786801638132149,0.0,1.4734989946741857
6.2,0.0,-1.386898848092824,0.0,0.5816264933049168,0.0,1.4728293669009764
6.202,0.0,-1.3857326498972897,0.0,0.5845714767594309,0.0,1.4721529570477998
6.204,0.0,-1.3845605630921896,0.0,0.5875151006099735,0.0,1.4714697624968889
6.206,0.0,-1.3833825904103008,0.0,0.5904573512845597,0.0,1.4707797806603335
6.208,0.0,-1.3821987346115527,0.0,0.593398215206053,0.0,1.4700830089801382
6.21,0.0,-1.3810089984830334,0.0,0.5963376787922319,0.0,1.4693794449282676
6.212,0.0,-1.3798133848389993,0.0,0.5992757284558506,0.0,1.4686690860066918
6.214,0.0,-1.378611896520886,0.0,0.6022123506047001,0.0,1.4679519297474466
6.216,0.0,-1.3774045363973209,0.0,0.6051475316416578,0.0,1.467227973712674
6.218,0.0,-1.3761913073641288,0.0,0.6080812579647604,0.0,1.4664972154946767
6.22,0.0,-1.3749722123443424,0.0,0.6110135159672611,0.0,1.4657596527159638
6.222,0.0,-1.3737472542882139,0.0,0.6139442920376862,0.0,1.4650152830293017
6.224,0.0,-1.3725164361732234,0.0,0.6168735725598953,0.0,1.464264104117767
6.226,0.0,-1.371279761004087,0.0,0.6198013439131485,0.0,1.46350611369479
6.228,0.0,-1.3700372318127672,0.0,0.6227275924721613,0.0,1.4627413095042046
6.23,0.0,-1.368788851658481,0.0,0.6256523046071694,0.0,1.4619696893203022
6.232,0.0,-1.3675346236277104,0.0,0.6285754666839831,0.0,1.4611912509478746
6.234,0.0,-1.3662745508342093,0.0,0.631497065064058,0.0,1.4604059922222639
6.236,0.0,-1.365008636419014,0.0,0.6344170861045464,0.0,1.4596139110094168
6.238,0.0,-1.3637368835504484,0.0,0.6373355161583689,0.0,1.4588150052059237
6.24,0.0,-1.3624592954241388,0.0,0.640252341574261,0.0,1.458009272739075
6.242,0.0,-1.3611758752630139,0.0,0.6431675486968534,0.0,1.457196711566907
6.244,0.0,-1.3598866263173197,0.0,0.6460811238667171,0.0,1.4563773196782468
6.246,0.0,-1.3585915518646243,0.0,0.6489930534204343,0.0,1.4555510950927666
6.248,0.0,-1.3572906552098276,0.0,0.6519033236906554,0.0,1.4547180358610277
6.25,0.0,-1.355983939685165,0.0,0.6548119210061676,0.0,1.4538781400645262
6.252,0.0,-1.3546714086502223,0.0,0.6577188316919452,0.0,1.4530314058157483
6.2540000000000004,0.0,-1.353353065491936,0.0,0.6606240420692245,0.0,1.4521778312582114
6.256,0.0,-1.352028913624606,0.0,0.6635275384555548,0.0,1.451317414566514
6.258,0.0,-1.3506989564898988,0.0,0.6664293071648697,0.0,1.4504501539463845
6.26,0.0,-1.3493631975568574,0.0,0.6693293345075452,0.0,1.4495760476347248
6.2620000000000005,0.0,-1.348021640321908,0.0,0.6722276067904597,0.0,1.448695093899662
6.264,0.0,-1.346674288308866,0.0,0.6751241103170612,0.0,1.4478072910405948
6.266,0.0,-1.3453211450689437,0.0,0.6780188313874265,0.0,1.446912637388237
6.268,0.0,-1.3439622141807563,0.0,0.6809117562983249,0.0,1.44601113130467
6.2700000000000005,0.0,-1.3425974992503276,0.0,0.6838028713432861,0.0,1.4451027711833837
6.272,0.0,-1.3412270039110998,0.0,0.6866921628126503,0.0,1.4441875554493289
6.274,0.0,-1.3398507318239359,0.0,0.6895796169936448,0.0,1.443265482558961
6.276,0.0,-1.3384686866771283,0.0,0.6924652201704395,0.0,1.4423365510002872
6.2780000000000005,0.0,-1.337080872186402,0.0,0.6953489586242145,0.0,1.4414007592929108
6.28,0.0,-1.335687292094927,0.0,0.6982308186332136,0.0,1.4404581059880848
6.282,0.0,-1.3342879501733165,0.0,0.7011107864728208,0.0,1.4395085896687494
6.284,0.0,-1.3328828502196342,0.0,0.7039888484156199,0.0,1.4385522089495797
6.2860000000000005,0.0,-1.3314719960594048,0.0,0.7068649907314504,0.0,1.43758896247704
6.288,0.0,-1.330055391545615,0.0,0.709739199687477,0.0,1.4366188489294198
6.29,0.0,-1.3286330405587192,0.0,0.7126114615482554,0.0,1.4356418670168825
6.292,0.0,-1.327204947006644,0.0,0.7154817625757955,0.0,1.4346580154815158
6.2940000000000005,0.0,-1.3257711148247977,0.0,0.7183500890296164,0.0,1.433667293097371
6.296,0.0,-1.3243315479760698,0.0,0.7212164271668223,0.0,1.4326696986705123
6.298,0.0,-1.3228862504508385,0.0,0.7240807632421612,0.0,1.4316652310390618
6.3,0.0,-1.321435226266975,0.0,0.7269430835080866,0.0,1.4306538890732414
6.3020000000000005,0.0,-1.3199784794698453,0.0,0.7298033742148325,0.0,1.4296356716754235
6.304,0.0,-1.3185160141323222,0.0,0.7326616216104577,0.0,1.4286105777801728
6.306,0.0,-1.31704783435478,0.0,0.7355178119409321,0.0,1.427578606354289
6.308,0.0,-1.3155739442651067,0.0,0.7383719314501852,0.0,1.4265397563968607
6.3100000000000005,0.0,-1.3140943480186988,0.0,0.7412239663801853,0.0,1.4254940269392944
6.312,0.0,-1.3126090497984775,0.0,0.7440739029709859,0.0,1.4244414170453767
6.314,0.0,-1.3111180538148826,0.0,0.7469217274608053,0.0,1.4233819258113085
6.316,0.0,-1.3096213643058778,0.0,0.7497674260860887,0.0,1.422315552365748
6.3180000000000005,0.0,-1.3081189855369573,0.0,0.7526109850815687,0.0,1.4212422958698616
6.32,0.0,-1.3066109218011486,0.0,0.7554523906803309,0.0,1.420162155517366
6.322,0.0,-1.3050971774190137,0.0,0.7582916291138826,0.0,1.4190751305345684
6.324,0.0,-1.3035777567386502,0.0,0.7611286866122204,0.0,1.4179812201804127
6.3260000000000005,0.0,-1.302052664135702,0.0,0.7639635494038844,0.0,1.416880423746528
6.328,0.0,-1.3005219040133547,0.0,0.7667962037160347,0.0,1.4157727405572627
6.33,0.0,-1.2989854808023409,0.0,0.7696266357745128,0.0,1.4146581699697378
6.332,0.0,-1.2974433989609426,0.0,0.7724548318039077,0.0,1.413536711373883
6.3340000000000005,0.0,-1.2958956629749951,0.0,0.7752807780276183,0.0,1.4124083641924838
6.336,0.0,-1.2943422773578879,0.0,0.7781044606679232,0.0,1.4112731278812265
6.338,0.0,-1.292783246650565,0.0,0.7809258659460477,0.0,1.410131001928734
6.34,0.0,-1.2912185754215315,0.0,0.7837449800822246,0.0,1.408981985856617
6.3420000000000005,0.0,-1.2896482682668504,0.0,0.7865617892957649,0.0,1.4078260792195119
6.344,0.0,-1.288072329810151,0.0,0.7893762798051173,0.0,1.4066632816051265
6.346,0.0,-1.2864907647026218,0.0,0.7921884378279456,0.0,1.4054935926342782
6.348,0.0,-1.284903577623019,0.0,0.794998249581185,0.0,1.4043170119609425
6.3500000000000005,0.0,-1.2833107732776647,0.0,0.7978057012811138,0.0,1.4031335392722877
6.352,0.0,-1.281712356400453,0.0,0.8006107791434105,0.0,1.4019431742887292
6.354,0.0,-1.2801083317528401,0.0,0.8034134693832398,0.0,1.4007459167639569
6.356,0.0,-1.2784987041238582,0.0,0.8062137582152961,0.0,1.3995417664849865
6.3580000000000005,0.0,-1.276883478330108,0.0,0.8090116318538895,0.0,1.3983307232722013
6.36,0.0,-1.2752626592157619,0.0,0.8118070765129985,0.0,1.39711278697939
6.362,0.0,-1.2736362516525666,0.0,0.8146000784063439,0.0,1.3958879574937901
6.364,0.0,-1.2720042605398392,0.0,0.8173906237474564,0.0,1.3946562347361313
6.3660000000000005,0.0,-1.2703666908044693,0.0,0.8201786987497429,0.0,1.3934176186606717
6.368,0.0,-1.268723547400923,0.0,0.8229642896265462,0.0,1.392172109255246
6.37,0.0,-1.267074835311238,0.0,0.8257473825912239,0.0,1.3909197065413021
6.372,0.0,-1.2654205595450247,0.0,0.8285279638572072,0.0,1.3896604105739425
6.3740000000000006,0.0,-1.263760725139466,0.0,0.8313060196380754,0.0,1.3883942214419638
6.376,0.0,-1.262095337159319,0.0,0.8340815361476145,0.0,1.3871211392679035
6.378,0.0,-1.2604244006969136,0.0,0.8368544995998892,0.0,1.3858411642080735
6.38,0.0,-1.2587479208721488,0.0,0.8396248962093146,0.0,1.3845542964526059
6.382000000000001,0.0,-1.2570659028324949,0.0,0.8423927121907182,0.0,1.3832605362254875
6.384,0.0,-1.2553783517529944,0.0,0.8451579337594062,0.0,1.3819598837846057
6.386,0.0,-1.2536852728362555,0.0,0.8479205471312407,0.0,1.3806523394217878
6.388,0.0,-1.2519866713124568,0.0,0.8506805385226947,0.0,1.3793379034628368
6.390000000000001,0.0,-1.2502825524393393,0.0,0.8534378941509351,0.0,1.3780165762675738
6.392,0.0,-1.2485729215022159,0.0,0.8561926002338708,0.0,1.3766883582298834
6.394,0.0,-1.2468577838139556,0.0,0.8589446429902431,0.0,1.3753532497777405
6.396,0.0,-1.2451371447149937,0.0,0.8616940086396779,0.0,1.3740112513732616
6.398000000000001,0.0,-1.2434110095733206,0.0,0.8644406834027655,0.0,1.3726623635127362
6.4,0.0,-1.2416793837844913,0.0,0.867184653501113,0.0,1.3713065867266736
6.402,0.0,-1.2399422727716114,0.0,0.8699259051574301,0.0,1.3699439215798341
6.404,0.0,-1.2381996819853411,0.0,0.8726644245955896,0.0,1.3685743686712741
6.406,0.0,-1.2364516169038917,0.0,0.8754001980406942,0.0,1.3671979286343776
6.408,0.0,-1.234698083033023,0.0,0.8781332117191523,0.0,1.3658146021369053
6.41,0.0,-1.2329390859060407,0.0,0.8808634518587368,0.0,1.3644243898810233
6.412,0.0,-1.2311746310837948,0.0,0.8835909046886603,0.0,1.3630272926033462
6.414,0.0,-1.2294047241546724,0.0,0.8863155564396481,0.0,1.3616233110749758
6.416,0.0,-1.2276293707345998,0.0,0.8890373933439976,0.0,1.360212446101535
6.418,0.0,-1.2258485764670382,0.0,0.8917564016356502,0.0,1.3587946985232136
6.42,0.0,-1.224062347022976,0.0,0.8944725675502685,0.0,1.3573700692147963
6.422,0.0,-1.2222706881009298,0.0,0.8971858773252955,0.0,1.355938559085706
6.424,0.0,-1.2204736054269412,0.0,0.8998963172000267,0.0,1.3545001690800447
6.426,0.0,-1.2186711047545689,0.0,0.9026038734156837,0.0,1.3530549001766214
6.428,0.0,-1.216863191864889,0.0,0.9053085322154764,0.0,1.351602753388998
6.43,0.0,-1.215049872566488,0.0,0.9080102798446805,0.0,1.3501437297655232
6.432,0.0,-1.2132311526954584,0.0,0.9107091025507039,0.0,1.3486778303893665
6.434,0.0,-1.2114070381154005,0.0,0.9134049865831482,0.0,1.3472050563785618
6.436,0.0,-1.209577534717408,0.0,0.9160979181938945,0.0,1.345725408886039
6.438,0.0,-1.2077426484200704,0.0,0.9187878836371618,0.0,1.3442388890996597
6.44,0.0,-1.2059023851694657,0.0,0.9214748691695795,0.0,1.3427454982422575
6.442,0.0,-1.2040567509391589,0.0,0.924158861050256,0.0,1.3412452375716752
6.444,0.0,-1.2022057517301923,0.0,0.926839845540851,0.0,1.3397381083807942
6.446,0.0,-1.2003493935710805,0.0,0.9295178089056487,0.0,1.3382241119975755
6.448,0.0,-1.1984876825178086,0.0,0.9321927374116218,0.0,1.3367032497850952
6.45,0.0,-1.1966206246538271,0.0,0.9348646173285002,0.0,1.3351755231415814
6.452,0.0,-1.1947482260900395,0.0,0.9375334349288547,0.0,1.3336409335004438
6.454,0.0,-1.1928704929648057,0.0,0.9401991764881488,0.0,1.3320994823303178
6.456,0.0,-1.1909874314439288,0.0,0.9428618282848248,0.0,1.3305511711350908
6.458,0.0,-1.1890990477206533,0.0,0.9455213766003653,0.0,1.328996001453947
6.46,0.0,-1.1872053480156588,0.0,0.9481778077193654,0.0,1.327433974861394
6.462,0.0,-1.1853063385770488,0.0,0.9508311079296082,0.0,1.3258650929672988
6.464,0.0,-1.183402025680351,0.0,0.953481263522131,0.0,1.3242893574169292
6.466,0.0,-1.1814924156285094,0.0,0.9561282607912918,0.0,1.3227067698909818
6.468,0.0,-1.1795775147518706,0.0,0.9587720860348533,0.0,1.3211173321056155
6.47,0.0,-1.1776573294081865,0.0,0.9614127255540416,0.0,1.3195210458124933
6.472,0.0,-1.1757318659825995,0.0,0.9640501656536239,0.0,1.3179179127988048
6.474,0.0,-1.1738011308876457,0.0,0.9666843926419713,0.0,1.3163079348873168
6.476,0.0,-1.1718651305632326,0.0,0.9693153928311445,0.0,1.3146911139363886
6.478,0.0,-1.1699238714766433,0.0,0.9719431525369525,0.0,1.313067451840015
6.48,0.0,-1.1679773601225265,0.0,0.9745676580790277,0.0,1.3114369505278645
6.482,0.0,-1.1660256030228875,0.0,0.9771888957808963,0.0,1.3097996119653035
6.484,0.0,-1.1640686067270782,0.0,0.9798068519700547,0.0,1.3081554381534308
6.486,0.0,-1.1621063778117944,0.0,0.9824215129780347,0.0,1.306504431129119
6.488,0.0,-1.160138922881064,0.0,0.9850328651404767,0.0,1.3048465929650368
6.49,0.0,-1.158166248566237,0.0,0.9876408947972055,0.0,1.3031819257696866
6.492,0.0,-1.156188361525983,0.0,0.9902455882922967,0.0,1.3015104316874397
6.494,0.0,-1.154205268446277,0.0,0.9928469319741502,0.0,1.2998321128985624
6.496,0.0,-1.1522169760403926,0.0,0.9954449121955639,0.0,1.2981469716192533
6.498,0.0,-1.1502234910488962,0.0,0.9980395153138015,0.0,1.296455010101676
6.5,0.0,-1.1482248202396323,0.0,1.000630727690669,0.0,1.2947562306339846
6.502,0.0,-1.1462209704077178,0.0,1.0032185356925851,0.0,1.293050635540364
6.5040000000000004,0.0,-1.1442119483755304,0.0,1.0058029256906538,0.0,1.2913382271810525
6.506,0.0,-1.1421977609927065,0.0,1.0083838840607298,0.0,1.2896190079523837
6.508,0.0,-1.1401784151361203,0.0,1.0109613971835034,0.0,1.2878929802868098
6.51,0.0,-1.1381539177098807,0.0,1.0135354514445636,0.0,1.286160146652933
6.5120000000000005,0.0,-1.1361242756453218,0.0,1.0161060332344731,0.0,1.284420509555542
6.514,0.0,-1.1340894959009922,0.0,1.018673128948838,0.0,1.2826740715356408
6.516,0.0,-1.1320495854626438,0.0,1.021236724988384,0.0,1.2809208351704755
6.518,0.0,-1.130004551343219,0.0,1.02379680775903,0.0,1.279160803073567
6.5200000000000005,0.0,-1.1279544005828457,0.0,1.026353363671957,0.0,1.2773939778947445
6.522,0.0,-1.1258991402488259,0.0,1.0289063791436774,0.0,1.2756203623201743
6.524,0.0,-1.1238387774356178,0.0,1.0314558405961207,0.0,1.273839959072384
6.526,0.0,-1.1217733192648358,0.0,1.03400173445669,0.0,1.272052770910303
6.5280000000000005,0.0,-1.1197027728852302,0.0,1.0365440471583487,0.0,1.270258800629283
6.53,0.0,-1.117627145472683,0.0,1.039082765139682,0.0,1.2684580510611334
6.532,0.0,-1.11554644423019,0.0,1.0416178748449785,0.0,1.266650525074146
6.534,0.0,-1.1134606763878538,0.0,1.044149362724301,0.0,1.264836225573129
6.5360000000000005,0.0,-1.1113698492028725,0.0,1.0466772152335557,0.0,1.263015155499433
6.538,0.0,-1.109273969959525,0.0,1.0492014188345684,0.0,1.2611873178309814
6.54,0.0,-1.1071730459691613,0.0,1.0517219599951588,0.0,1.259352715582298
6.542,0.0,-1.1050670845701889,0.0,1.0542388251892107,0.0,1.257511351804537
6.5440000000000005,0.0,-1.1029560931280615,0.0,1.0567520008967495,0.0,1.2556632295855097
6.546,0.0,-1.1008400790352684,0.0,1.059261473604008,0.0,1.2538083520497156
6.548,0.0,-1.098719049711318,0.0,1.06176722980351,0.0,1.2519467223583678
6.55,0.0,-1.0965930126027277,0.0,1.064269255994135,0.0,1.2500783437094205
6.5520000000000005,0.0,-1.0944619751830105,0.0,1.0667675386811983,0.0,1.2482032193376007
6.554,0.0,-1.0923259449526643,0.0,1.0692620643765172,0.0,1.2463213525144325
6.556,0.0,-1.0901849294391535,0.0,1.0717528195984931,0.0,1.2444327465482636
6.558,0.0,-1.0880389361969018,0.0,1.0742397908721784,0.0,1.2425374047842985
6.5600000000000005,0.0,-1.0858879728072754,0.0,1.0767229647293528,0.0,1.240635330604617
6.562,0.0,-1.0837320468785696,0.0,1.0792023277085985,0.0,1.2387265274282098
6.564,0.0,-1.0815711660459968,0.0,1.08167786635537,0.0,1.2368109987109992
6.566,0.0,-1.0794053379716684,0.0,1.0841495672220762,0.0,1.2348887479458666
6.5680000000000005,0.0,-1.0772345703445885,0.0,1.0866174168681417,0.0,1.2329597786626827
6.57,0.0,-1.0750588708806332,0.0,1.0890814018600907,0.0,1.2310240944283313
6.572,0.0,-1.0728782473225364,0.0,1.0915415087716211,0.0,1.2290816988467315
6.574,0.0,-1.0706927074398804,0.0,1.0939977241836722,0.0,1.2271325955588723
6.5760000000000005,0.0,-1.0685022590290751,0.0,1.096450034684505,0.0,1.2251767882428288
6.578,0.0,-1.066306909913352,0.0,1.0988984268697684,0.0,1.2232142806137984
6.58,0.0,-1.0641066679427387,0.0,1.1013428873425843,0.0,1.2212450764241172
6.582,0.0,-1.0619015409940498,0.0,1.1037834027136164,0.0,1.2192691794632873
6.5840000000000005,0.0,-1.059691536970872,0.0,1.1062199596011422,0.0,1.2172865935580035
6.586,0.0,-1.05747666380355,0.0,1.1086525446311275,0.0,1.2152973225721821
6.588,0.0,-1.0552569294491652,0.0,1.1110811444373085,0.0,1.213301370406977
6.59,0.0,-1.0530323418915233,0.0,1.1135057456612598,0.0,1.211298741000809
6.5920000000000005,0.0,-1.0508029091411404,0.0,1.1159263349524693,0.0,1.2092894383293884
6.594,0.0,-1.048568639235229,0.0,1.11834289896841,0.0,1.207273466405748
6.596,0.0,-1.0463295402376738,0.0,1.1207554243746234,0.0,1.2052508292802528
6.598,0.0,-1.0440856202390227,0.0,1.123163897844786,0.0,1.2032215310406338
6.6000000000000005,0.0,-1.0418368873564638,0.0,1.1255683060607926,0.0,1.2011855758120038
6.602,0.0,-1.0395833497338214,0.0,1.1279686357128165,0.0,1.1991429677568957
6.604,0.0,-1.0373250155415241,0.0,1.1303648734994007,0.0,1.197093711075269
6.606,0.0,-1.0350618929765965,0.0,1.1327570061275238,0.0,1.19503781000454
6.6080000000000005,0.0,-1.0327939902626422,0.0,1.1351450203126758,0.0,1.1929752688196082
6.61,0.0,-1.0305213156498259,0.0,1.1375289027789333,0.0,1.190906091832875
6.612,0.0,-1.0282438774148515,0.0,1.139908640259038,0.0,1.1888302833942646
6.614,0.0,-1.0259616838609538,0.0,1.1422842194944656,0.0,1.1867478478912523
6.6160000000000005,0.0,-1.0236747433178692,0.0,1.14465562723551,0.0,1.184658789748879
6.618,0.0,-1.0213830641418347,0.0,1.147022850241343,0.0,1.1825631134297863
6.62,0.0,-1.01908665471555,0.0,1.1493858752801094,0.0,1.1804608234342213
6.622,0.0,-1.0167855234481737,0.0,1.1517446891289875,0.0,1.1783519243000693
6.6240000000000006,0.0,-1.014479678775302,0.0,1.154099278574268,0.0,1.176236420602875
6.626,0.0,-1.0121691291589487,0.0,1.1564496304114318,0.0,1.1741143169558632
6.628,0.0,-1.0098538830875263,0.0,1.1587957314452237,0.0,1.1719856180099542
6.63,0.0,-1.0075339490758288,0.0,1.1611375684897294,0.0,1.1698503284537918
6.632000000000001,0.0,-1.0052093356650107,0.0,1.16347512836845,0.0,1.1677084530137605
6.634,0.0,-1.0028800514225766,0.0,1.1658083979143707,0.0,1.165559996454011
6.636,0.0,-1.0005461049423476,0.0,1.1681373639700523,0.0,1.1634049635764734
6.638,0.0,-0.998207504844455,0.0,1.1704620133876906,0.0,1.1612433592208817
6.640000000000001,0.0,-0.9958642597753135,0.0,1.1727823330292022,0.0,1.1590751882647938
6.642,0.0,-0.9935163784076071,0.0,1.1750983097662933,0.0,1.1569004556236129
6.644,0.0,-0.991163869440264,0.0,1.177409930480541,0.0,1.154719166250602
6.646,0.0,-0.9888067415984401,0.0,1.179717182063467,0.0,1.1525313251369091
6.648000000000001,0.0,-0.9864450036334975,0.0,1.1820200514166128,0.0,1.1503369373115833
6.65,0.0,-0.9840786643229855,0.0,1.1843185254516166,0.0,1.1481360078415939
6.652,0.0,-0.9817077324706233,0.0,1.1866125910902843,0.0,1.145928541831854
6.654,0.0,-0.9793322169062686,0.0,1.1889022352646774,0.0,1.143714544425231
6.656000000000001,0.0,-0.9769521264859118,0.0,1.191187444917174,0.0,1.1414940208025721
6.658,0.0,-0.9745674700916458,0.0,1.193468207000556,0.0,1.1392669761827237
6.66,0.0,-0.9721782566316477,0.0,1.1957445084780771,0.0,1.1370334158225421
6.662,0.0,-0.9697844950401557,0.0,1.1980163363235474,0.0,1.1347933450169172
6.664,0.0,-0.967386194277452,0.0,1.2002836775214025,0.0,1.1325467690987907
6.666,0.0,-0.9649833633298378,0.0,1.2025465190667817,0.0,1.1302936934391694
6.668,0.0,-0.9625760112096154,0.0,1.2048048479656037,0.0,1.1280341234471498
6.67,0.0,-0.9601641469550626,0.0,1.2070586512346457,0.0,1.1257680645699288
6.672,0.0,-0.9577477796304124,0.0,1.2093079159016156,0.0,1.1234955222928216
6.674,0.0,-0.9553269183258315,0.0,1.211552629005232,0.0,1.1212165021392824
6.676,0.0,-0.9529015721574008,0.0,1.2137927775952957,0.0,1.1189310096709204
6.678,0.0,-0.9504717502670867,0.0,1.2160283487327703,0.0,1.116639050487511
6.68,0.0,-0.9480374618227237,0.0,1.2182593294898596,0.0,1.1143406302270187
6.682,0.0,-0.9455987160179906,0.0,1.220485706950079,0.0,1.1120357545656092
6.684,0.0,-0.9431555220723911,0.0,1.2227074682083305,0.0,1.10972442921767
6.686,0.0,-0.940707889231222,0.0,1.224924600370992,0.0,1.1074066599358199
6.688,0.0,-0.938255826765559,0.0,1.227137090555978,0.0,1.1050824525109275
6.69,0.0,-0.9357993439722304,0.0,1.2293449258928255,0.0,1.1027518127721287
6.692,0.0,-0.9333384501737929,0.0,1.2315480935227678,0.0,1.1004147465868392
6.694,0.0,-0.9308731547185103,0.0,1.2337465805988101,0.0,1.0980712598607705
6.696,0.0,-0.9284034669803243,0.0,1.2359403742858117,0.0,1.0957213585379424
6.698,0.0,-0.9259293963588408,0.0,1.238129461760553,0.0,1.0933650486007025
6.7,0.0,-0.923450952279298,0.0,1.240313830211818,0.0,1.0910023360697372
6.702,0.0,-0.9209681441925421,0.0,1.2424934668404743,0.0,1.0886332270040857
6.704,0.0,-0.9184809815750083,0.0,1.2446683588595426,0.0,1.0862577275011551
6.706,0.0,-0.9159894739286929,0.0,1.2468384934942776,0.0,1.0838758436967346
6.708,0.0,-0.91349363078113,0.0,1.2490038579822433,0.0,1.08148758176501
6.71,0.0,-0.9109934616853629,0.0,1.2511644395733932,0.0,1.0790929479185702
6.712,0.0,-0.9084889762199271,0.0,1.25332022553014,0.0,1.0766919484084325
6.714,0.0,-0.9059801839888145,0.0,1.2554712031274442,0.0,1.0742845895240425
6.716,0.0,-0.9034670946214647,0.0,1.2576173596528724,0.0,1.0718708775933021
6.718,0.0,-0.900949717772719,0.0,1.2597586824066953,0.0,1.069450818982565
6.72,0.0,-0.898428063122811,0.0,1.2618951587019513,0.0,1.067024420096663
6.722,0.0,-0.895902140377333,0.0,1.264026775864527,0.0,1.0645916873789083
6.724,0.0,-0.8933719592672145,0.0,1.2661535212332335,0.0,1.0621526273111155
6.726,0.0,-0.8908375295486949,0.0,1.2682753821598844,0.0,1.0597072464136066
6.728,0.0,-0.8882988610032945,0.0,1.2703923460093722,0.0,1.0572555512452209
6.73,0.0,-0.8857559634377907,0.0,1.2725044001597483,0.0,1.0547975484033327
6.732,0.0,-0.8832088466841939,0.0,1.2746115320022935,0.0,1.0523332445238587
6.734,0.0,-0.880657520599718,0.0,1.2767137289416002,0.0,1.0498626462812715
6.736,0.0,-0.878101995066752,0.0,1.2788109783956505,0.0,1.0473857603886054
6.738,0.0,-0.8755422799928381,0.0,1.2809032677958883,0.0,1.0449025935974732
6.74,0.0,-0.8729783853106414,0.0,1.2829905845873004,0.0,1.042413152698073
6.742,0.0,-0.870410320977923,0.0,1.2850729162284933,0.0,1.0399174445192
6.744,0.0,-0.8678380969775135,0.0,1.2871502501917678,0.0,1.0374154759282541
6.746,0.0,-0.8652617233172826,0.0,1.2892225739632024,0.0,1.034907253831252
6.748,0.0,-0.8626812100301209,0.0,1.2912898750427193,0.0,1.0323927851728407
6.75,0.0,-0.8600965671738983,0.0,1.2933521409441733,0.0,1.0298720769362952
6.752,0.0,-0.8575078048314457,0.0,1.2954093591954252,0.0,1.0273451361435408
6.7540000000000004,0.0,-0.8549149331105216,0.0,1.2974615173384172,0.0,1.02481196985515
6.756,0.0,-0.8523179621437921,0.0,1.2995086029292484,0.0,1.0222725851703653
6.758,0.0,-0.8497169020887934,0.0,1.3015506035382582,0.0,1.019726989227097
6.76,0.0,-0.847111763127906,0.0,1.3035875067501,0.0,1.0171751892019325
6.7620000000000005,0.0,-0.8445025554683242,0.0,1.3056193001638214,0.0,1.0146171923101444
6.764,0.0,-0.8418892893420397,0.0,1.307645971392932,0.0,1.0120530058057122
6.766,0.0,-0.8392719750057918,0.0,1.309667508065496,0.0,1.0094826369813057
6.768,0.0,-0.8366506227410544,0.0,1.311683897824197,0.0,1.0069060931683116
6.7700000000000005,0.0,-0.8340252428539991,0.0,1.313695128326423,0.0,1.004323381736833
6.772,0.0,-0.8313958456754715,0.0,1.3157011872443372,0.0,1.0017345100957
6.774,0.0,-0.8287624415609545,0.0,1.317702062264963,0.0,0.9991394856924742
6.776,0.0,-0.8261250408905423,0.0,1.319697741090256,0.0,0.9965383160134532
6.7780000000000005,0.0,-0.8234836540689119,0.0,1.3216882114371826,0.0,0.9939310085836834
6.78,0.0,-0.8208382915252918,0.0,1.3236734610377985,0.0,0.9913175709669636
6.782,0.0,-0.8181889637134275,0.0,1.3256534776393263,0.0,0.988698010765845
6.784,0.0,-0.8155356811115588,0.0,1.3276282490042324,0.0,0.986072335621648
6.7860000000000005,0.0,-0.8128784542223821,0.0,1.3295977629103044,0.0,0.9834405532144582
6.788,0.0,-0.8102172935730283,0.0,1.3315620071507266,0.0,0.9808026712631416
6.79,0.0,-0.807552209715019,0.0,1.333520969534164,0.0,0.9781586975253366
6.792,0.0,-0.8048832132242475,0.0,1.3354746378848334,0.0,0.9755086397974717
6.7940000000000005,0.0,-0.8022103147009413,0.0,1.3374230000425837,0.0,0.9728525059147627
6.796,0.0,-0.7995335247696354,0.0,1.3393660438629713,0.0,0.9701903037512228
6.798,0.0,-0.7968528540791346,0.0,1.3413037572173419,0.0,0.9675220412196618
6.8,0.0,-0.7941683133024855,0.0,1.3432361279929046,0.0,0.9648477262716898
6.8020000000000005,0.0,-0.7914799131369462,0.0,1.3451631440928111,0.0,0.9621673668977302
6.804,0.0,-0.7887876643039526,0.0,1.3470847934362304,0.0,0.9594809711270136
6.806,0.0,-0.7860915775490829,0.0,1.349001063958432,0.0,0.9567885470275816
6.808,0.0,-0.7833916636420319,0.0,1.350911943610859,0.0,0.9540901027062996
6.8100000000000005,0.0,-0.7806879333765744,0.0,1.3528174203612058,0.0,0.9513856463088491
6.812,0.0,-0.7779803975705328,0.0,1.3547174821934989,0.0,0.9486751860197369
6.814,0.0,-0.7752690670657469,0.0,1.356612117108171,0.0,0.9459587300622971
6.816,0.0,-0.7725539527280345,0.0,1.3585013131221428,0.0,0.9432362866986863
6.8180000000000005,0.0,-0.7698350654471695,0.0,1.3603850582688952,0.0,0.9405078642299012
6.82,0.0,-0.767112416136837,0.0,1.362263340598552,0.0,0.9377734709957639
6.822,0.0,-0.764386015734609,0.0,1.364136148177953,0.0,0.9350331153749355
6.824,0.0,-0.7616558752019043,0.0,1.3660034690907372,0.0,0.9322868057849119
6.8260000000000005,0.0,-0.7589220055239561,0.0,1.3678652914374176,0.0,0.9295345506820235
6.828,0.0,-0.7561844177097865,0.0,1.3697216033354531,0.0,0.9267763585614459
6.83,0.0,-0.753443122792159,0.0,1.3715723929193389,0.0,0.9240122379571907
6.832,0.0,-0.7506981318275519,0.0,1.3734176483406735,0.0,0.9212421974421071
6.8340000000000005,0.0,-0.7479494558961244,0.0,1.3752573577682412,0.0,0.9184662456278885
6.836,0.0,-0.7451971061016842,0.0,1.3770915093880853,0.0,0.9156843911650733
6.838,0.0,-0.7424410935716431,0.0,1.3789200914035935,0.0,0.9128966427430318
6.84,0.0,-0.7396814294569929,0.0,1.380743092035569,0.0,0.9101030090899825
6.8420000000000005,0.0,-0.7369181249322628,0.0,1.3825604995223115,0.0,0.9073034989729796
6.844,0.0,-0.7341511911954963,0.0,1.3843723021196885,0.0,0.9044981211979256
6.846,0.0,-0.731380639468197,0.0,1.3861784881012253,0.0,0.901686884609552
6.848,0.0,-0.7286064809953092,0.0,1.3879790457581722,0.0,0.8988697980914341
6.8500000000000005,0.0,-0.7258287270451751,0.0,1.3897739633995851,0.0,0.8960468705659808
6.852,0.0,-0.7230473889095027,0.0,1.3915632293524047,0.0,0.8932181109944403
6.854,0.0,-0.7202624779033286,0.0,1.3933468319615316,0.0,0.890383528376893
6.856,0.0,-0.7174740053649781,0.0,1.3951247595899063,0.0,0.8875431317522476
6.8580000000000005,0.0,-0.7146819826560343,0.0,1.3968970006185877,0.0,0.8846969301982455
6.86,0.0,-0.7118864211613042,0.0,1.3986635434468238,0.0,0.8818449328314572
6.862,0.0,-0.7090873322887705,0.0,1.4004243764921402,0.0,0.8789871488072715
6.864,0.0,-0.7062847274695676,0.0,1.40217948819041,0.0,0.8761235873199036
6.8660000000000005,0.0,-0.703478618157937,0.0,1.4039288669959327,0.0,0.8732542576023836
6.868,0.0,-0.700669015831197,0.0,1.4056725013815132,0.0,0.8703791689265623
6.87,0.0,-0.6978559319896978,0.0,1.4074103798385393,0.0,0.867498330603097
6.872,0.0,-0.6950393781567898,0.0,1.4091424908770587,0.0,0.8646117519814539
6.8740000000000006,0.0,-0.6922193658787819,0.0,1.4108688230258584,0.0,0.8617194424499025
6.876,0.0,-0.6893959067249138,0.0,1.4125893648325363,0.0,0.8588214114355176
6.878,0.0,-0.6865690122873029,0.0,1.4143041048635878,0.0,0.8559176684041608
6.88,0.0,-0.6837386941809217,0.0,1.4160130317044761,0.0,0.8530082228604938
6.882000000000001,0.0,-0.6809049640435421,0.0,1.417716133959717,0.0,0.8500930843479501
6.884,0.0,-0.6780678335357232,0.0,1.4194134002529433,0.0,0.8471722624487606
6.886,0.0,-0.6752273143407446,0.0,1.421104819227,0.0,0.8442457667839202
6.888,0.0,-0.672383418164587,0.0,1.4227903795440076,0.0,0.8413136070131966
6.890000000000001,0.0,-0.6695361567358864,0.0,1.4244700698854467,0.0,0.8383757928351216
6.892,0.0,-0.666685541805896,0.0,1.426143878952234,0.0,0.8354323339869858
6.894,0.0,-0.663831585148448,0.0,1.4278117954647973,0.0,0.832483240244829
6.896,0.0,-0.6609742985599131,0.0,1.4294738081631595,0.0,0.8295285214234376
6.898000000000001,0.0,-0.658113693859163,0.0,1.4311299058070082,0.0,0.8265681873763358
6.9,0.0,-0.6552497828875357,0.0,1.4327800771757748,0.0,0.8236022479957845
6.902,0.0,-0.652382577508779,0.0,1.4344243110687211,0.0,0.8206307132127589
6.904,0.0,-0.6495120896090327,0.0,1.4360625963050029,0.0,0.8176535929969597
6.906000000000001,0.0,-0.6466383310967705,0.0,1.4376949217237587,0.0,0.8146708973567897
6.908,0.0,-0.6437613139027755,0.0,1.4393212761841785,0.0,0.8116826363393612
6.91,0.0,-0.640881049980088,0.0,1.4409416485655873,0.0,0.8086888200304754
6.912,0.0,-0.6379975513039678,0.0,1.442556027767521,0.0,0.8056894585546158
6.914,0.0,-0.6351108298718584,0.0,1.4441644027098024,0.0,0.8026845620749468
6.916,0.0,-0.6322208977033412,0.0,1.4457667623326191,0.0,0.7996741407932968
6.918,0.0,-0.6293277668401004,0.0,1.4473630955966004,0.0,0.7966582049501572
6.92,0.0,-0.6264314493458746,0.0,1.448953391482897,0.0,0.7936367648246652
6.922,0.0,-0.6235319573064209,0.0,1.4505376389932545,0.0,0.7906098307345977
6.924,0.0,-0.6206293028294698,0.0,1.4521158271500962,0.0,0.7875774130363608
6.926,0.0,-0.6177234980446935,0.0,1.4536879449965914,0.0,0.7845395221249871
6.928,0.0,-0.6148145551036486,0.0,1.4552539815967418,0.0,0.7814961684341099
6.93,0.0,-0.6119024861797486,0.0,1.456813926035455,0.0,0.7784473624359698
6.932,0.0,-0.6089873034682105,0.0,1.4583677674186208,0.0,0.7753931146413877
6.934,0.0,-0.6060690191860267,0.0,1.459915494873188,0.0,0.7723334355997733
6.936,0.0,-0.6031476455719076,0.0,1.4614570975472454,0.0,0.7692683358990939
6.938,0.0,-0.600223194886246,0.0,1.462992564610095,0.0,0.7661978261658722
6.94,0.0,-0.5972956794110806,0.0,1.4645218852523298,0.0,0.7631219170651817
6.942,0.0,-0.5943651114500434,0.0,1.4660450486859125,0.0,0.7600406193006225
6.944,0.0,-0.5914315033283205,0.0,1.4675620441442503,0.0,0.7569539436143127
6.946,0.0,-0.5884948673926136,0.0,1.4690728608822747,0.0,0.7538619007868846
6.948,0.0,-0.5855552160110877,0.0,1.4705774881765163,0.0,0.750764501637458
6.95,0.0,-0.5826125615733372,0.0,1.4720759153251812,0.0,0.7476617570236385
6.952,0.0,-0.5796669164903382,0.0,1.473568131648231,0.0,0.7445536778415028
6.954,0.0,-0.5767182931944013,0.0,1.4750541264874568,0.0,0.7414402750255766
6.956,0.0,-0.5737667041391339,0.0,1.4765338892065591,0.0,0.7383215595488325
6.958,0.0,-0.5708121617993982,0.0,1.4780074091912188,0.0,0.7351975424226747
6.96,0.0,-0.5678546786712552,0.0,1.4794746758491821,0.0,0.7320682346969136
6.962,0.0,-0.5648942672719333,0.0,1.480935678610331,0.0,0.7289336474597653
6.964,0.0,-0.5619309401397778,0.0,1.4823904069267637,0.0,0.725793791837831
6.966,0.0,-0.5589647098342062,0.0,1.4838388502728688,0.0,0.7226486789960802
6.968,0.0,-0.5559955889356687,0.0,1.4852809981454027,0.0,0.7194983201378433
6.97,0.0,-0.5530235900455955,0.0,1.486716840063569,0.0,0.7163427265047877
6.972,0.0,-0.5500487257863566,0.0,1.4881463655690912,0.0,0.713181909376905
6.974,0.0,-0.5470710088012187,0.0,1.4895695642262914,0.0,0.7100158800725027
6.976,0.0,-0.544090451754293,0.0,1.4909864256221672,0.0,0.7068446499481742
6.978,0.0,-0.5411070673304987,0.0,1.4923969393664662,0.0,0.7036682303987974
6.98,0.0,-0.5381208682355065,0.0,1.4938010950917673,0.0,0.7004866328575049
6.982,0.0,-0.5351318671957075,0.0,1.4951988824535485,0.0,0.697299868795682
6.984,0.0,-0.5321400769581506,0.0,1.4965902911302746,0.0,0.6941079497229331
6.986,0.0,-0.5291455102905094,0.0,1.4979753108234644,0.0,0.6909108871870792
6.988,0.0,-0.5261481799810288,0.0,1.499353931257771,0.0,0.68770869277413
6.99,0.0,-0.5231480988384853,0.0,1.5007261421810583,0.0,0.6845013781082766
6.992,0.0,-0.5201452796921323,0.0,1.502091933364476,0.0,0.6812889548518625
6.994,0.0,-0.5171397353916578,0.0,1.5034512946025378,0.0,0.6780714347053711
6.996,0.0,-0.5141314788071408,0.0,1.5048042157131958,0.0,0.6748488294074122
6.998,0.0,-0.5111205228289961,0.0,1.5061506865379173,0.0,0.6716211507346908
7.0,0.0,-0.5081068803679372,0.0,1.50749069694176,0.0,0.6683884105020024
7.002,0.0,-0.5050905643549195,0.0,1.5088242368134523,0.0,0.6651506205622035
7.0040000000000004,0.0,-0.5020715877410964,0.0,1.5101512960654644,0.0,0.6619077928061932
7.006,0.0,-0.49904996349777864,0.0,1.5114718646340852,0.0,0.6586599391629042
7.008,0.0,-0.49602570461637707,0.0,1.5127859324795014,0.0,0.6554070715992719
7.01,0.0,-0.49299882410835394,0.0,1.514093489585871,0.0,0.6521492021202112
7.0120000000000005,0.0,-0.4899693350051869,0.0,1.5153945259614001,0.0,0.648886342768613
7.014,0.0,-0.48693725035830826,0.0,1.516689031638417,0.0,0.6456185056253071
7.016,0.0,-0.48390258323906243,0.0,1.5179769966734513,0.0,0.6423457028090479
7.018,0.0,-0.48086534673865655,0.0,1.5192584111473078,0.0,0.6390679464764949
7.0200000000000005,0.0,-0.47782555396811077,0.0,1.520533265165142,0.0,0.6357852488221866
7.022,0.0,-0.4747832180582129,0.0,1.5218015488565364,0.0,0.6324976220785251
7.024,0.0,-0.47173835215946813,0.0,1.5230632523755754,0.0,0.6292050785157528
7.026,0.0,-0.4686909694420406,0.0,1.5243183659009245,0.0,0.6259076304419181
7.0280000000000005,0.0,-0.4656410830957233,0.0,1.5255668796358992,0.0,0.6226052902028767
7.03,0.0,-0.4625887063298719,0.0,1.5268087838085478,0.0,0.6192980701822496
7.032,0.0,-0.4595338523733637,0.0,1.5280440686717205,0.0,0.6159859828014078
7.034,0.0,-0.4564765344745413,0.0,1.5292727245031512,0.0,0.6126690405194456
7.0360000000000005,0.0,-0.45341676590116986,0.0,1.5304947416055283,0.0,0.6093472558331618
7.038,0.0,-0.4503545599403864,0.0,1.5317101103065702,0.0,0.6060206412770378
7.04,0.0,-0.4472899298986449,0.0,1.5329188209591034,0.0,0.6026892094232066
7.042,0.0,-0.4442228891016649,0.0,1.5341208639411366,0.0,0.5993529728814284
7.0440000000000005,0.0,-0.44115345089439084,0.0,1.5353162296559348,0.0,0.5960119442990782
7.046,0.0,-0.43808162864093403,0.0,1.5365049085320952,0.0,0.5926661363611111
7.048,0.0,-0.4350074357245196,0.0,1.537686891023623,0.0,0.5893155617900359
7.05,0.0,-0.4319308855474425,0.0,1.5388621676100058,0.0,0.585960233345898
7.0520000000000005,0.0,-0.428851991531014,0.0,1.5400307287962884,0.0,0.5826001638262508
7.054,0.0,-0.425770767115505,0.0,1.5411925651131497,0.0,0.5792353660661248
7.056,0.0,-0.422687225760105,0.0,1.5423476671169731,0.0,0.5758658529380118
7.058,0.0,-0.41960138094285937,0.0,1.5434960253899284,0.0,0.5724916373518287
7.0600000000000005,0.0,-0.41651324616062646,0.0,1.5446376305400398,0.0,0.5691127322548981
7.062,0.0,-0.41342283492902465,0.0,1.5457724732012637,0.0,0.5657291506319231
7.064,0.0,-0.4103301607823764,0.0,1.5469005440335635,0.0,0.5623409055049541
7.066,0.0,-0.4072352372736536,0.0,1.5480218337229856,0.0,0.5589480099333605
7.0680000000000005,0.0,-0.4041380779744371,0.0,1.5491363329817314,0.0,0.555550477013815
7.07,0.0,-0.40103869647485535,0.0,1.5502440325482307,0.0,0.5521483198802568
7.072,0.0,-0.3979371063835311,0.0,1.5513449231872225,0.0,0.5487415517038634
7.074,0.0,-0.3948333213275315,0.0,1.5524389956898221,0.0,0.5453301856930248
7.0760000000000005,0.0,-0.39172735495231614,0.0,1.553526240873602,0.0,0.5419142350933166
7.078,0.0,-0.38861922092168555,0.0,1.554606649582658,0.0,0.5384937131874725
7.08,0.0,-0.3855089329177217,0.0,1.5556802126876934,0.0,0.5350686332953498
7.082,0.0,-0.38239650464074093,0.0,1.5567469210860854,0.0,0.5316390087739056
7.0840000000000005,0.0,-0.37928194980923297,0.0,1.5578067657019645,0.0,0.5282048530171599
7.086,0.0,-0.3761652821598216,0.0,1.558859737486284,0.0,0.5247661794561819
7.088,0.0,-0.37304651544719253,0.0,1.559905827416897,0.0,0.5213230015590392
7.09,0.0,-0.3699256634440544,0.0,1.5609450264986313,0.0,0.5178753328307852
7.0920000000000005,0.0,-0.36680273994107615,0.0,1.5619773257633605,0.0,0.5144231868134181
7.094,0.0,-0.36367775874683994,0.0,1.5630027162700777,0.0,0.5109665770858586
7.096,0.0,-0.3605507336877789,0.0,1.564021189104973,0.0,0.5075055172639102
7.098,0.0,-0.35742167860812774,0.0,1.5650327353815041,0.0,0.5040400210002344
7.1000000000000005,0.0,-0.35429060736986434,0.0,1.566037346240472,0.0,0.500570101984314
7.102,0.0,-0.351157533852664,0.0,1.5670350128500905,0.0,0.49709577394243176
7.104,0.0,-0.34802247195383446,0.0,1.5680257264060653,0.0,0.4936170506376281
7.106,0.0,-0.34488543558826035,0.0,1.5690094781316646,0.0,0.49013394586966735
7.1080000000000005,0.0,-0.34174643868836,0.0,1.5699862592777925,0.0,0.4866464734750199
7.11,0.0,-0.33860549520401845,0.0,1.5709560611230613,0.0,0.4831546473268149
7.112,0.0,-0.3354626191025317,0.0,1.5719188749738695,0.0,0.47965848133480876
7.114,0.0,-0.332317824368563,0.0,1.5728746921644687,0.0,0.4761579894453647
7.1160000000000005,0.0,-0.32917112500407264,0.0,1.5738235040570405,0.0,0.47265318564140235
7.118,0.0,-0.3260225350282737,0.0,1.5747653020417698,0.0,0.46914408394237883
7.12,0.0,-0.3228720684775658,0.0,1.5757000775369168,0.0,0.4656306984042418
7.122,0.0,-0.31971973940548887,0.0,1.5766278219888883,0.0,0.46211304311940743
7.1240000000000006,0.0,-0.3165655618826555,0.0,1.577548526872315,0.0,0.4585911322167127
7.126,0.0,-0.3134095499967099,0.0,1.5784621836901196,0.0,0.455064979861399
7.128,0.0,-0.3102517178522527,0.0,1.5793687839735921,0.0,0.45153460025505476
7.13,0.0,-0.30709207957079887,0.0,1.5802683192824634,0.0,0.4480000076355989
7.132000000000001,0.0,-0.30393064929071545,0.0,1.5811607812049744,0.0,0.4444612162772371
7.134,0.0,-0.30076744116716064,0.0,1.5820461613579522,0.0,0.4409182404904231
7.136,0.0,-0.29760246937203394,0.0,1.5829244513868808,0.0,0.4373710946218313
7.138,0.0,-0.29443574809391415,0.0,1.5837956429659727,0.0,0.43381979305431384
7.140000000000001,0.0,-0.2912672915380013,0.0,1.584659727798244,0.0,0.43026435020686493
7.142,0.0,-0.2880971139260647,0.0,1.5855166976155832,0.0,0.42670478053459
7.144,0.0,-0.2849252294963755,0.0,1.5863665441788257,0.0,0.423141098528657
7.146,0.0,-0.2817516525036596,0.0,1.587209259277826,0.0,0.41957331871627324
7.148000000000001,0.0,-0.27857639721902866,0.0,1.5880448347315281,0.0,0.4160014556606336
7.15,0.0,-0.27539947792993136,0.0,1.5888732623880382,0.0,0.41242552396089427
7.152,0.0,-0.27222090894008977,0.0,1.5896945341246982,0.0,0.4088455382521291
7.154,0.0,-0.26904070456944296,0.0,1.5905086418481538,0.0,0.405261513205293
7.156000000000001,0.0,-0.26585887915408235,0.0,1.5913155774944308,0.0,0.40167346352717703
7.158,0.0,-0.262675447046207,0.0,1.5921153330290025,0.0,0.3980814039603855
7.16,0.0,-0.259490422614045,0.0,1.592907900446865,0.0,0.3944853492832741
7.162,0.0,-0.2563038202418141,0.0,1.593693271772604,0.0,0.39088531430993345
7.164000000000001,0.0,-0.2531156543296478,0.0,1.5944714390604728,0.0,0.3872813138901331
7.166,0.0,-0.24992593929354162,0.0,1.595242394394457,0.0,0.38367336290928644
7.168,0.0,-0.2467346895652971,0.0,1.596006129888349,0.0,0.38006147628841674
7.17,0.0,-0.24354191959245447,0.0,1.5967626376858208,0.0,0.3764456689841066
7.172,0.0,-0.24034764383823654,0.0,1.5975119099604902,0.0,0.3728259559884613
7.174,0.0,-0.237151876781493,0.0,1.5982539389159978,0.0,0.36920235232907445
7.176,0.0,-0.23395463291663077,0.0,1.598988716786072,0.0,0.3655748730689734
7.178,0.0,-0.2307559267535632,0.0,1.5997162358346044,0.0,0.3619435333065905
7.18,0.0,-0.22755577281764566,0.0,1.6004364883557185,0.0,0.358308348175716
7.182,0.0,-0.2243541856496096,0.0,1.6011494666738404,0.0,0.35466933284544966
7.184,0.0,-0.22115117980551524,0.0,1.6018551631437696,0.0,0.3510265025201742
7.186,0.0,-0.21794676985667882,0.0,1.6025535701507498,0.0,0.3473798724394991
7.188,0.0,-0.21474097038961165,0.0,1.6032446801105396,0.0,0.34372945787821696
7.19,0.0,-0.2115337960059694,0.0,1.6039284854694815,0.0,0.34007527414627414
7.192,0.0,-0.20832526132248197,0.0,1.604604978704574,0.0,0.3364173365887151
7.194,0.0,-0.20511538097089577,0.0,1.6052741523235385,0.0,0.3327556605856441
7.196,0.0,-0.20190416959790836,0.0,1.6059359988648954,0.0,0.3290902615521777
7.198,0.0,-0.19869164186510935,0.0,1.606590510898027,0.0,0.32542115493840185
7.2,0.0,-0.19547781244892143,0.0,1.6072376810232512,0.0,0.3217483562293315
7.202,0.0,-0.1922626960405342,0.0,1.6078775018718932,0.0,0.3180718809448624
7.204,0.0,-0.18904630734584363,0.0,1.6085099661063493,0.0,0.3143917446397254
7.206,0.0,-0.18582866108538976,0.0,1.6091350664201636,0.0,0.31070796290344344
7.208,0.0,-0.18260977199429435,0.0,1.6097527955380915,0.0,0.30702055136028483
7.21,0.0,-0.17938965482219826,0.0,1.610363146216172,0.0,0.30332952566921795
7.212,0.0,-0.17616832433320045,0.0,1.6109661112417977,0.0,0.29963490152386696
7.214,0.0,-0.17294579530578824,0.0,1.6115616834337827,0.0,0.2959366946524576
7.216,0.0,-0.16972208253278653,0.0,1.6121498556424312,0.0,0.29223492081778457
7.218,0.0,-0.16649720082128672,0.0,1.612730620749609,0.0,0.28852959581715587
7.22,0.0,-0.16327116499258215,0.0,1.6133039716688096,0.0,0.28482073548234366
7.222,0.0,-0.1600439898821076,0.0,1.6138699013452251,0.0,0.2811083556795405
7.224,0.0,-0.1568156903393783,0.0,1.6144284027558156,0.0,0.27739247230931485
7.226,0.0,-0.15358628122792378,0.0,1.6149794689093737,0.0,0.27367310130655964
7.228,0.0,-0.15035577742522,0.0,1.6155230928465987,0.0,0.2699502586404403
7.23,0.0,-0.1471241938226323,0.0,1.6160592676401617,0.0,0.2662239603143536
7.232,0.0,-0.14389154532535137,0.0,1.6165879863947739,0.0,0.2624942223658791
7.234,0.0,-0.14065784685232355,0.0,1.617109242247257,0.0,0.2587610608667244
7.236,0.0,-0.1374231133361869,0.0,1.6176230283666102,0.0,0.2550244919226755
7.238,0.0,-0.13418735972321041,0.0,1.618129337954077,0.0,0.25128453167355236
7.24,0.0,-0.13095060097323508,0.0,1.618628164243216,0.0,0.24754119629316523
7.242,0.0,-0.12771285205959426,0.0,1.6191195004999668,0.0,0.2437945019892479
7.244,0.0,-0.12447412796905855,0.0,1.6196033400227177,0.0,0.24004446500341783
7.246,0.0,-0.12123444370177172,0.0,1.6200796761423752,0.0,0.23629110161112796
7.248,0.0,-0.11799381427118324,0.0,1.6205485022224302,0.0,0.23253442812161207
7.25,0.0,-0.11475225470397898,0.0,1.6210098116590246,0.0,0.2287744608778295
7.252,0.0,-0.1115097800400251,0.0,1.6214635978810221,0.0,0.22501121625642495
7.2540000000000004,0.0,-0.10826640533229198,0.0,1.6219098543500714,0.0,0.221244710667664
7.256,0.0,-0.10502214564679777,0.0,1.622348574560676,0.0,0.2174749605553924
7.258,0.0,-0.10177701606253749,0.0,1.6227797520402618,0.0,0.21370198239697794
7.26,0.0,-0.09853103167141825,0.0,1.6232033803492396,0.0,0.20992579270325923
7.2620000000000005,0.0,-0.09528420757819193,0.0,1.62361945308108,0.0,0.2061464080184921
7.264,0.0,-0.09203655890039315,0.0,1.6240279638623711,0.0,0.20236384492030074
7.266,0.0,-0.08878810076827005,0.0,1.6244289063528918,0.0,0.19857812001962177
7.268,0.0,-0.08553884832471538,0.0,1.6248222742456764,0.0,0.19478924996064792
7.2700000000000005,0.0,-0.08228881672520245,0.0,1.62520806126708,0.0,0.19099725142077695
7.272,0.0,-0.07903802113772254,0.0,1.625586261176845,0.0,0.1872021411105626
7.274,0.0,-0.07578647674270865,0.0,1.6259568677681702,0.0,0.18340393577364972
7.276,0.0,-0.0725341987329792,0.0,1.6263198748677725,0.0,0.17960265218673177
7.2780000000000005,0.0,-0.06928120231365757,0.0,1.626675276335956,0.0,0.1757983071594807
7.28,0.0,-0.06602750270212629,0.0,1.627023066066678,0.0,0.171990917534517
7.282,0.0,-0.06277311512793288,0.0,1.627363237987612,0.0,0.16818050018732295
7.284,0.0,-0.05951805483274243,0.0,1.627695786060217,0.0,0.16436707202621056
7.2860000000000005,0.0,-0.05626233707026062,0.0,1.6280207042798014,0.0,0.16055064999225496
7.288,0.0,-0.05300597710617125,0.0,1.628337986675586,0.0,0.15673125105924424
7.29,0.0,-0.04974899021806571,0.0,1.6286476273107755,0.0,0.15290889223362025
7.292,0.0,-0.046491391695372294,0.0,1.6289496202826177,0.0,0.14908359055441872
7.2940000000000005,0.0,-0.043233196839290694,0.0,1.629243959722471,0.0,0.14525536309321535
7.296,0.0,-0.03997442096272906,0.0,1.6295306397958709,0.0,0.14142422695407517
7.298,0.0,-0.036715079390220895,0.0,1.6298096547025924,0.0,0.1375901992734776
7.3,0.0,-0.033455187457873875,0.0,1.6300809986767155,0.0,0.1337532972202793
7.3020000000000005,0.0,-0.030194760513289145,0.0,1.6303446659866918,0.0,0.129913537995642
7.304,0.0,-0.026933813915501845,0.0,1.6306006509354058,0.0,0.12607093883298523
7.306,0.0,-0.023672363034898877,0.0,1.6308489478602413,0.0,0.12222551699791213
7.308,0.0,-0.020410423253163158,0.0,1.631089551133147,0.0,0.11837728978816642
7.3100000000000005,0.0,-0.017148009963196407,0.0,1.6313224551606968,0.0,0.11452627453356376
7.312,0.0,-0.013885138569056522,0.0,1.6315476543841583,0.0,0.11067248859594048
7.314,0.0,-0.01062182448588013,0.0,1.6317651432795541,0.0,0.10681594936908442
7.316,0.0,-0.0073580831398183215,0.0,1.6319749163577246,0.0,0.10295667427868148
7.3180000000000005,0.0,-0.004093929967964311,0.0,1.6321769681643972,0.0,0.09909468078225217
7.32,0.0,-0.0008293804182875849,0.0,1.6323712932802423,0.0,0.09522998636909613
7.322,0.0,0.002435550050438711,0.0,1.6325578863209422,0.0,0.09136260856022825
7.324,0.0,0.005700845968711857,0.0,1.6327367419372536,0.0,0.08749256490831289
7.3260000000000005,0.0,0.008966491856361775,0.0,1.632907854815069,0.0,0.08361987299761234
7.328,0.0,0.012232472222626693,0.0,1.6330712196754813,0.0,0.07974455044391889
7.33,0.0,0.015498771566222282,0.0,1.6332268312748468,0.0,0.07586661489449473
7.332,0.0,0.01876537437541223,0.0,1.6333746844048473,0.0,0.07198608402800993
7.3340000000000005,0.0,0.022032265128078984,0.0,1.6335147738925533,0.0,0.0681029755544802
7.336,0.0,0.025299428291795885,0.0,1.6336470946004875,0.0,0.06421730721520266
7.338,0.0,0.02856684832389285,0.0,1.6337716414266843,0.0,0.06032909678269947
7.34,0.0,0.03183450967153674,0.0,1.6338884093047576,0.0,0.05643836206064358
7.3420000000000005,0.0,0.035102396771790605,0.0,1.633997393203957,0.0,0.05254512088380972
7.344,0.0,0.03837049405170103,0.0,1.6340985881292327,0.0,0.04864939111799171
7.346,0.0,0.04163878592835227,0.0,1.6341919891213,0.0,0.0447511906599591
7.348,0.0,0.04490725680894711,0.0,1.6342775912566956,0.0,0.040850537437382116
7.3500000000000005,0.0,0.04817589109088265,0.0,1.6343553896478447,0.0,0.036947449408762253
7.352,0.0,0.051444673161808785,0.0,1.6344253794431192,0.0,0.033041944563383586
7.354,0.0,0.05471358739971213,0.0,1.6344875558268999,0.0,0.029134040921233506
7.356,0.0,0.057982618172986805,0.0,1.634541914019639,0.0,0.025223756532938943
7.3580000000000005,0.0,0.061251749840501274,0.0,1.6345884492779208,0.0,0.021311109479707435
7.36,0.0,0.06452096675167204,0.0,1.6346271568945219,0.0,0.017396117873259592
7.362,0.0,0.06779025324653606,0.0,1.6346580321984723,0.0,0.013478799855763127
7.364,0.0,0.07105959365583264,0.0,1.6346810705551187,0.0,0.00955917359975536
7.3660000000000005,0.0,0.07432897230106017,0.0,1.6346962673661805,0.0,0.005637257308095875
7.368,0.0,0.0775983734945569,0.0,1.6347036180698153,0.0,0.0017130692138899034
7.37,0.0,0.08086778153958184,0.0,1.6347031181406761,0.0,-0.0022133724195882165
7.372,0.0,0.08413718073037325,0.0,1.634694763089972,0.0,-0.006142049298944727
7.3740000000000006,0.0,0.08740655535222705,0.0,1.6346785484655313,0.0,-0.010072943100741028
7.376,0.0,0.09067588968157282,0.0,1.634654469851856,0.0,-0.014006035471564052
7.378,0.0,0.09394516798605387,0.0,1.6346225228701872,0.0,-0.01794130802810308
7.38,0.0,0.09721437452457946,0.0,1.6345827031785614,0.0,-0.02187874235719231
7.382000000000001,0.0,0.10048349354742368,0.0,1.634535006471871,0.0,-0.02581832001590982
7.384,0.0,0.10375250929627947,0.0,1.6344794284819253,0.0,-0.02976002253162309
7.386,0.0,0.10702140600434026,0.0,1.6344159649775076,0.0,-0.03370383140206752
7.388,0.0,0.11029016789638203,0.0,1.6343446117644342,0.0,-0.03764972809542522
7.390000000000001,0.0,0.11355877918882026,0.0,1.6342653646856173,0.0,-0.041597694050375
7.392,0.0,0.11682722408979991,0.0,1.6341782196211188,0.0,-0.04554771067618052
7.394,0.0,0.12009548679925809,0.0,1.6340831724882112,0.0,-0.04949975935274692
7.396,0.0,0.12336355150900896,0.0,1.6339802192414394,0.0,-0.05345382143070425
7.398000000000001,0.0,0.12663140240280907,0.0,1.6338693558726733,0.0,-0.05740987823146669
7.4,0.0,0.12989902365643746,0.0,1.6337505784111694,0.0,-0.06136791104731029
7.402,0.0,0.13316639943776915,0.0,1.6336238829236311,0.0,-0.06532790114144328
7.404,0.0,0.13643351390685,0.0,1.6334892655142612,0.0,-0.06928982974807688
7.406000000000001,0.0,0.13970035121597182,0.0,1.6333467223248261,0.0,-0.07325367807249798
7.408,0.0,0.14296689550974895,0.0,1.633196249534708,0.0,-0.07721942729114255
7.41,0.0,0.14623313092518814,0.0,1.6330378433609662,0.0,-0.0811870585516618
7.412,0.0,0.14949904159177063,0.0,1.6328715000583935,0.0,-0.08515655297300309
7.414000000000001,0.0,0.1527646116315277,0.0,1.632697215919573,0.0,-0.08912789164548292
7.416,0.0,0.1560298251591123,0.0,1.6325149872749354,0.0,-0.093101055630855
7.418,0.0,0.1592946662818695,0.0,1.632324810492818,0.0,-0.09707602596237828
7.42,0.0,0.16255911909992563,0.0,1.6321266819795186,0.0,-0.10105278364490589
7.422000000000001,0.0,0.1658231677062629,0.0,1.6319205981793523,0.0,-0.10503130965495795
7.424,0.0,0.1690867961867744,0.0,1.631706555574714,0.0,-0.10901158494077083
7.426,0.0,0.17234998862037196,0.0,1.631484550686125,0.0,-0.11299359042240917
7.428,0.0,0.1756127290790347,0.0,1.6312545800722984,0.0,-0.11697730699180815
7.43,0.0,0.1788750016279067,0.0,1.6310166403301898,0.0,-0.12096271551287374
7.432,0.0,0.18213679032535895,0.0,1.6307707280950545,0.0,-0.12494979682154043
7.434,0.0,0.18539807922307394,0.0,1.6305168400405057,0.0,-0.12893853172585706
7.436,0.0,0.18865885236611576,0.0,1.6302549728785667,0.0,-0.1329289010060544
7.438,0.0,0.1919190937930151,0.0,1.6299851233597284,0.0,-0.13692088541463074
7.44,0.0,0.19517878753584206,0.0,1.6297072882730055,0.0,-0.1409144656764245
7.442,0.0,0.19843791762027935,0.0,1.6294214644459888,0.0,-0.14490962248868502
7.444,0.0,0.2016964680657075,0.0,1.6291276487449031,0.0,-0.14890633652115995
7.446,0.0,0.2049544228852795,0.0,1.6288258380746616,0.0,-0.15290458841616955
7.448,0.0,0.2082117660859903,0.0,1.6285160293789198,0.0,-0.15690435878867393
7.45,0.0,0.21146848166876603,0.0,1.6281982196401292,0.0,-0.16090562822636534
7.452,0.0,0.21472455362853696,0.0,1.6278724058795961,0.0,-0.16490837728974114
7.454,0.0,0.21797996595430785,0.0,1.6275385851575308,0.0,-0.16891258651217222
7.456,0.0,0.22123470262925507,0.0,1.6271967545731036,0.0,-0.1729182364000057
7.458,0.0,0.22448874763078286,0.0,1.6268469112645008,0.0,-0.1769253074326174
7.46,0.0,0.22774208493061623,0.0,1.626489052408974,0.0,-0.18093378006250826
7.462,0.0,0.23099469849486592,0.0,1.626123175222901,0.0,-0.18494363471536934
7.464,0.0,0.23424657228412388,0.0,1.625749276961831,0.0,-0.18895485179018034
7.466,0.0,0.23749769025352563,0.0,1.6253673549205432,0.0,-0.19296741165927153
7.468,0.0,0.24074803635283826,0.0,1.6249774064331002,0.0,-0.1969812946684154
7.47,0.0,0.24399759452654024,0.0,1.6245794288728965,0.0,-0.2009964811369076
7.472,0.0,0.247246348713891,0.0,1.6241734196527167,0.0,-0.2050129513576378
7.474,0.0,0.25049428284901354,0.0,1.6237593762247857,0.0,-0.2090306855971748
7.476,0.0,0.2537413808609788,0.0,1.6233372960808212,0.0,-0.21304966409585413
7.478,0.0,0.25698762667387814,0.0,1.6229071767520864,0.0,-0.21706986706785197
7.48,0.0,0.26023300420690887,0.0,1.6224690158094421,0.0,-0.22109127470127526
7.482,0.0,0.26347749737444837,0.0,1.622022810863398,0.0,-0.22511386715823617
7.484,0.0,0.2667210900861269,0.0,1.6215685595641685,0.0,-0.22913762457492787
7.486,0.0,0.26996376624692653,0.0,1.6211062596017183,0.0,-0.23316252706173068
7.488,0.0,0.27320550975724417,0.0,1.6206359087058178,0.0,-0.23718855470327327
7.49,0.0,0.2764463045129744,0.0,1.6201575046460952,0.0,-0.24121568755852213
7.492,0.0,0.27968613440559004,0.0,1.6196710452320853,0.0,-0.24524390566086396
7.494,0.0,0.2829249833222304,0.0,1.6191765283132813,0.0,-0.2492731890182009
7.496,0.0,0.2861628351457661,0.0,1.618673951779187,0.0,-0.25330351761301495
7.498,0.0,0.2893996737548896,0.0,1.6181633135593656,0.0,-0.25733487140246536
7.5,0.0,0.2926354830241924,0.0,1.617644611623492,0.0,-0.26136723031846987
7.502,0.0,0.29587024682424407,0.0,1.6171178439814025,0.0,-0.2654005742677877
7.5040000000000004,0.0,0.29910394902168086,0.0,1.6165830086831434,0.0,-0.26943488313211383
7.506,0.0,0.3023365734792662,0.0,1.6160401038190253,0.0,-0.273470136768141
7.508,0.0,0.3055681040559987,0.0,1.6154891275196681,0.0,-0.2775063150076787
7.51,0.0,0.308798524607167,0.0,1.6149300779560536,0.0,-0.2815433976577059
7.5120000000000005,0.0,0.31202781898445253,0.0,1.614362953339575,0.0,-0.28558136450048616
7.514,0.0,0.3152559710359919,0.0,1.6137877519220842,0.0,-0.2896201952936295
7.516,0.0,0.3184829646064662,0.0,1.6132044719959446,0.0,-0.29365986977019004
7.518,0.0,0.32170878353718935,0.0,1.6126131118940756,0.0,-0.29770036763876234
7.5200000000000005,0.0,0.3249334116661755,0.0,1.6120136699900043,0.0,-0.30174166858354967
7.522,0.0,0.32815683282822505,0.0,1.6114061446979162,0.0,-0.30578375226445953
7.524,0.0,0.33137903085500997,0.0,1.610790534472698,0.0,-0.30982659831719456
7.526,0.0,0.3345999895751555,0.0,1.6101668378099916,0.0,-0.31387018635334185
7.5280000000000005,0.0,0.33781969281431756,0.0,1.6095350532462365,0.0,-0.31791449596045435
7.53,0.0,0.34103812439525805,0.0,1.6088951793587256,0.0,-0.3219595067021336
7.532,0.0,0.3442552681379461,0.0,1.6082472147656452,0.0,-0.3260051981181406
7.534,0.0,0.3474711078596215,0.0,1.6075911581261257,0.0,-0.330051549724463
7.5360000000000005,0.0,0.3506856273748859,0.0,1.6069270081402913,0.0,-0.33409854101341585
7.538,0.0,0.35389881049577854,0.0,1.6062547635493039,0.0,-0.3381461514537224
7.54,0.0,0.3571106410318644,0.0,1.6055744231354125,0.0,-0.3421943604906126
7.542,0.0,0.36032110279031804,0.0,1.604885985721996,0.0,-0.34624314754591323
7.5440000000000005,0.0,0.363530179575997,0.0,1.604189450173616,0.0,-0.35029249201812884
7.546,0.0,0.3667378551915262,0.0,1.6034848153960612,0.0,-0.35434237328253426
7.548,0.0,0.3699441134373927,0.0,1.6027720803363892,0.0,-0.35839277069128006
7.55,0.0,0.37314893811200855,0.0,1.6020512439829802,0.0,-0.3624436635734593
7.5520000000000005,0.0,0.37635231301181443,0.0,1.601322305365575,0.0,-0.36649503123522476
7.554,0.0,0.37955422193134125,0.0,1.60058526355533,0.0,-0.3705468529598549
7.556,0.0,0.382754648663313,0.0,1.5998401176648533,0.0,-0.3745991080078697
7.558,0.0,0.38595357699871635,0.0,1.599086866848257,0.0,-0.3786517756171058
7.5600000000000005,0.0,0.3891509907268853,0.0,1.5983255103012,0.0,-0.382704835002812
7.562,0.0,0.3923468736355904,0.0,1.5975560472609325,0.0,-0.3867582653577486
7.564,0.0,0.3955412095111186,0.0,1.5967784770063422,0.0,-0.3908120458522761
7.566,0.0,0.3987339821383522,0.0,1.5959927988579978,0.0,-0.3948661556344425
7.5680000000000005,0.0,0.4019251753008629,0.0,1.5951990121781947,0.0,-0.3989205738300912
7.57,0.0,0.4051147727809812,0.0,1.5943971163709985,0.0,-0.40297527954293555
7.572,0.0,0.40830275835989094,0.0,1.59358711088229,0.0,-0.40703025185466707
7.574,0.0,0.41148911581771386,0.0,1.5927689951998067,0.0,-0.4110854698250508
7.5760000000000005,0.0,0.4146738289335786,0.0,1.5919427688531917,0.0,-0.4151409124920011
7.578,0.0,0.4178568814857293,0.0,1.5911084314140302,0.0,-0.4191965588717068
7.58,0.0,0.42103825725158217,0.0,1.5902659824958993,0.0,-0.4232523879586927
7.582,0.0,0.424217940007828,0.0,1.5894154217544085,0.0,-0.42730837872593697
7.5840000000000005,0.0,0.42739591353051565,0.0,1.5885567488872403,0.0,-0.4313645101249668
7.586,0.0,0.43057216159512035,0.0,1.5876899636342,0.0,-0.43542076108593325
7.588,0.0,0.43374666797664907,0.0,1.586815065777249,0.0,-0.43947711051773375
7.59,0.0,0.43691941644970855,0.0,1.5859320551405558,0.0,-0.4435335373080884
7.5920000000000005,0.0,0.44009039078860246,0.0,1.5850409315905327,0.0,-0.4475900203236517
7.594,0.0,0.4432595747673995,0.0,1.5841416950358804,0.0,-0.45164653841008856
7.596,0.0,0.4464269521600419,0.0,1.583234345427628,0.0,-0.45570307039220226
7.598,0.0,0.4495925067404014,0.0,1.5823188827591783,0.0,-0.45975959507399405
7.6000000000000005,0.0,0.452756222282395,0.0,1.5813953070663427,0.0,-0.463816091238801
7.602,0.0,0.4559180825600376,0.0,1.5804636184273915,0.0,-0.46787253764935205
7.604,0.0,0.4590780713475531,0.0,1.5795238169630863,0.0,-0.4719289130478991
7.606,0.0,0.4622361724194459,0.0,1.5785759028367266,0.0,-0.47598519615629875
7.6080000000000005,0.0,0.4653923695505969,0.0,1.5776198762541858,0.0,-0.4800413656761244
7.61,0.0,0.4685466465163236,0.0,1.5766557374639598,0.0,-0.4840974002887322
7.612,0.0,0.4716989870925038,0.0,1.5756834867571954,0.0,-0.4881532786554099
7.614,0.0,0.47484937505562963,0.0,1.574703124467741,0.0,-0.4922089794174367
7.6160000000000005,0.0,0.47799779418290417,0.0,1.5737146509721802,0.0,-0.49626448119619404
7.618,0.0,0.48114422825232595,0.0,1.572718066689877,0.0,-0.500319762593269
7.62,0.0,0.484288661042779,0.0,1.571713372083007,0.0,-0.5043748021905547
7.622,0.0,0.4874310763341111,0.0,1.5707005676566055,0.0,-0.5084295785503448
7.6240000000000006,0.0,0.4905714579072237,0.0,1.569679653958602,0.0,-0.5124840702154376
7.626,0.0,0.4937097895441574,0.0,1.5686506315798576,0.0,-0.5165382557092366
7.628,0.0,0.4968460550281786,0.0,1.5676135011542087,0.0,-0.5205921135358529
7.63,0.0,0.49998023814386083,0.0,1.5665682633585019,0.0,-0.5246456221802003
7.632000000000001,0.0,0.503112322677179,0.0,1.5655149189126316,0.0,-0.5286987601081063
7.634,0.0,0.506242292415586,0.0,1.5644534685795817,0.0,-0.5327515057664038
7.636,0.0,0.5093701311481067,0.0,1.5633839131654608,0.0,-0.5368038375830404
7.638,0.0,0.5124958226654245,0.0,1.5623062535195378,0.0,-0.5408557339671828
7.640000000000001,0.0,0.5156193507599588,0.0,1.561220490534286,0.0,-0.544907173309308
7.642,0.0,0.5187406992259592,0.0,1.5601266251454136,0.0,-0.5489581339813149
7.644,0.0,0.5218598518595879,0.0,1.5590246583319052,0.0,-0.5530085943366218
7.646,0.0,0.5249767924590156,0.0,1.5579145911160552,0.0,-0.557058532710284
7.648000000000001,0.0,0.528091504824495,0.0,1.5567964245635069,0.0,-0.5611079274190772
7.65,0.0,0.5312039727584541,0.0,1.5556701597832876,0.0,-0.5651567567616116
7.652,0.0,0.5343141800655781,0.0,1.5545357979278498,0.0,-0.5692049990184296
7.654,0.0,0.5374221105529077,0.0,1.553393340193097,0.0,-0.5732526324521235
7.656000000000001,0.0,0.5405277480299238,0.0,1.5522427878184262,0.0,-0.5772996353074386
7.658,0.0,0.5436310763086108,0.0,1.5510841420867676,0.0,-0.5813459858113463
7.66,0.0,0.5467320792035819,0.0,1.5499174043246087,0.0,-0.585391662173198
7.662,0.0,0.5498307405321337,0.0,1.5487425759020415,0.0,-0.5894366425847903
7.664000000000001,0.0,0.5529270441143567,0.0,1.547559658232787,0.0,-0.593480905220498
7.666,0.0,0.556020973773204,0.0,1.5463686527742382,0.0,-0.5975244282373569
7.668,0.0,0.5591125133345933,0.0,1.54516956102749,0.0,-0.6015671897751897
7.67,0.0,0.5622016466274834,0.0,1.543962384537375,0.0,-0.6056091679566962
7.672000000000001,0.0,0.5652883574839737,0.0,1.5427471248924958,0.0,-0.6096503408875757
7.674,0.0,0.5683726297393735,0.0,1.5415237837252647,0.0,-0.6136906866566121
7.676,0.0,0.5714544472323072,0.0,1.54029236271193,0.0,-0.6177301833357998
7.678,0.0,0.5745337938048014,0.0,1.5390528635726113,0.0,-0.6217688089804534
7.68,0.0,0.5776106533023548,0.0,1.5378052880713389,0.0,-0.6258065416292908
7.682,0.0,0.5806850095740504,0.0,1.536549638016076,0.0,-0.6298433593045709
7.684,0.0,0.5837568464726197,0.0,1.535285915258764,0.0,-0.6338792400121742
7.686,0.0,0.586826147854546,0.0,1.5340141216953462,0.0,-0.6379141617417278
7.688,0.0,0.5898928975801548,0.0,1.5327342592658,0.0,-0.6419481024667169
7.69,0.0,0.5929570795136891,0.0,1.5314463299541758,0.0,-0.64598104014458
7.692,0.0,0.596018677523402,0.0,1.530150335788625,0.0,-0.6500129527168197
7.694,0.0,0.5990776754816531,0.0,1.528846278841429,0.0,-0.6540438181091237
7.696,0.0,0.6021340572649905,0.0,1.5275341612290343,0.0,-0.658073614231468
7.698,0.0,0.6051878067542321,0.0,1.5262139851120864,0.0,-0.662102318978214
7.7,0.0,0.6082389078345714,0.0,1.524885752695452,0.0,-0.6661299102282427
7.702,0.0,0.6112873443956457,0.0,1.5235494662282623,0.0,-0.6701563658450397
7.704,0.0,0.6143331003316437,0.0,1.522205128003929,0.0,-0.6741816636768263
7.706,0.0,0.6173761595413816,0.0,1.5208527403601886,0.0,-0.678205781556659
7.708,0.0,0.6204165059283925,0.0,1.519492305679125,0.0,-0.6822286973025369
7.71,0.0,0.6234541234010221,0.0,1.518123826387199,0.0,-0.6862503887175228
7.712,0.0,0.6264889958725136,0.0,1.5167473049552829,0.0,-0.6902708335898523
7.714,0.0,0.6295211072610937,0.0,1.5153627438986852,0.0,-0.6942900096930372
7.716,0.0,0.6325504414900638,0.0,1.513970145777184,0.0,-0.6983078947859834
7.718,0.0,0.6355769824878925,0.0,1.5125695131950523,0.0,-0.702324466613107
7.72,0.0,0.6386007141883023,0.0,1.5111608488010881,0.0,-0.706339702904441
7.722,0.0,0.6416216205303518,0.0,1.5097441552886466,0.0,-0.7103535813757428
7.724,0.0,0.6446396854585345,0.0,1.5083194353956644,0.0,-0.7143660797286164
7.726,0.0,0.647654892922868,0.0,1.5068866919046862,0.0,-0.7183771756506264
7.728,0.0,0.6506672268789725,0.0,1.505445927642899,0.0,-0.722386846815397
7.73,0.0,0.6536766712881721,0.0,1.5039971454821561,0.0,-0.7263950708827417
7.732,0.0,0.6566832101175779,0.0,1.5025403483390027,0.0,-0.730401825498767
7.734,0.0,0.6596868273401812,0.0,1.5010755391747057,0.0,-0.7344070882959933
7.736,0.0,0.6626875069349336,0.0,1.4996027209952842,0.0,-0.7384108368934564
7.738,0.0,0.6656852328868506,0.0,1.498121896851528,0.0,-0.7424130488968375
7.74,0.0,0.6686799891870927,0.0,1.496633069839031,0.0,-0.7464137018985715
7.742,0.0,0.6716717598330529,0.0,1.4951362430982154,0.0,-0.7504127734779542
7.744,0.0,0.6746605288284552,0.0,1.4936314198143565,0.0,-0.7544102412012718
7.746,0.0,0.6776462801834345,0.0,1.4921186032176117,0.0,-0.758406082621903
7.748,0.0,0.680628997914634,0.0,1.4905977965830426,0.0,-0.7624002752804424
7.75,0.0,0.6836086660452859,0.0,1.4890690032306464,0.0,-0.7663927967048074
7.752,0.0,0.6865852686053178,0.0,1.4875322265253705,0.0,-0.7703836244103731
7.7540000000000004,0.0,0.6895587896314264,0.0,1.4859874698771478,0.0,-0.7743727359000687
7.756,0.0,0.6925292131671685,0.0,1.484434736740919,0.0,-0.7783601086644946
7.758,0.0,0.6954965232630641,0.0,1.4828740306166537,0.0,-0.7823457201820566
7.76,0.0,0.6984607039766723,0.0,1.4813053550493773,0.0,-0.786329547919063
7.7620000000000005,0.0,0.7014217393726919,0.0,1.4797287136291946,0.0,-0.790311569329858
7.764,0.0,0.7043796135230427,0.0,1.4781441099913142,0.0,-0.7942917618569241
7.766,0.0,0.7073343105069643,0.0,1.4765515478160687,0.0,-0.7982701029310122
7.768,0.0,0.7102858144110986,0.0,1.4749510308289453,0.0,-0.8022465699712519
7.7700000000000005,0.0,0.7132341093295853,0.0,1.4733425628006012,0.0,-0.806221140385271
7.772,0.0,0.7161791793641501,0.0,1.4717261475468904,0.0,-0.8101937915693147
7.774,0.0,0.7191210086241946,0.0,1.4701017889288874,0.0,-0.8141645009083638
7.776,0.0,0.7220595812268913,0.0,1.4684694908529048,0.0,-0.8181332457762558
7.7780000000000005,0.0,0.7249948812972695,0.0,1.4668292572705197,0.0,-0.8221000035358008
7.78,0.0,0.7279268929682999,0.0,1.4651810921785986,0.0,-0.8260647515388927
7.782,0.0,0.7308556003810028,0.0,1.4635249996193085,0.0,-0.8300274671266485
7.784,0.0,0.7337809876845232,0.0,1.4618609836801482,0.0,-0.833988127629513
7.7860000000000005,0.0,0.7367030390362256,0.0,1.4601890484939666,0.0,-0.837946710367379
7.788,0.0,0.7396217386017843,0.0,1.4585091982389828,0.0,-0.8419031926497078
7.79,0.0,0.7425370705552822,0.0,1.4568214371388057,0.0,-0.8458575517756637
7.792,0.0,0.7454490190792883,0.0,1.455125769462458,0.0,-0.8498097650342108
7.7940000000000005,0.0,0.7483575683649581,0.0,1.4534221995243932,0.0,-0.8537598097042518
7.796,0.0,0.751262702612116,0.0,1.4517107316845212,0.0,-0.8577076630547354
7.798,0.0,0.7541644060293622,0.0,1.449991370348216,0.0,-0.8616533023447966
7.8,0.0,0.7570626628341453,0.0,1.4482641199663484,0.0,-0.8655967048238588
7.8020000000000005,0.0,0.7599574572528622,0.0,1.4465289850352998,0.0,-0.869537847731762
7.804,0.0,0.7628487735209468,0.0,1.444785970096982,0.0,-0.8734767082988837
7.806,0.0,0.7657365958829676,0.0,1.4430350797388516,0.0,-0.8774132637462706
7.808,0.0,0.7686209085927103,0.0,1.4412763185939352,0.0,-0.8813474912857477
7.8100000000000005,0.0,0.7715016959132726,0.0,1.4395096913408438,0.0,-0.8852793681200464
7.812,0.0,0.7743789421171523,0.0,1.4377352027037942,0.0,-0.8892088714429226
7.814,0.0,0.7772526314863426,0.0,1.435952857452624,0.0,-0.8931359784392865
7.816,0.0,0.7801227483124267,0.0,1.4341626604028053,0.0,-0.8970606662853264
7.8180000000000005,0.0,0.7829892768966615,0.0,1.4323646164154704,0.0,-0.9009829121486286
7.82,0.0,0.7858522015500684,0.0,1.4305587303974256,0.0,-0.904902693188292
7.822,0.0,0.7887115065935306,0.0,1.428745007301166,0.0,-0.9088199865550659
7.824,0.0,0.7915671763578831,0.0,1.426923452124894,0.0,-0.9127347693914704
7.8260000000000005,0.0,0.794419195184005,0.0,1.425094069912531,0.0,-0.9166470188319191
7.828,0.0,0.7972675474229032,0.0,1.4232568657537443,0.0,-0.9205567120028385
7.83,0.0,0.8001122174358132,0.0,1.4214118447839523,0.0,-0.9244638260227999
7.832,0.0,0.8029531895942841,0.0,1.4195590121843467,0.0,-0.928368338002637
7.8340000000000005,0.0,0.8057904482802789,0.0,1.417698373181901,0.0,-0.9322702250455853
7.836,0.0,0.8086239778862583,0.0,1.415829933049391,0.0,-0.936169464247393
7.838,0.0,0.8114537628152698,0.0,1.4139536971054114,0.0,-0.9400660326964442
7.84,0.0,0.814279787481045,0.0,1.4120696707143878,0.0,-0.9439599074738955
7.8420000000000005,0.0,0.8171020363081024,0.0,1.4101778592865806,0.0,-0.947851065653811
7.844,0.0,0.8199204937318056,0.0,1.408278268278124,0.0,-0.9517394843032475
7.846,0.0,0.8227351441984927,0.0,1.4063709031910159,0.0,-0.955625140482431
7.848,0.0,0.8255459721655484,0.0,1.4044557695731388,0.0,-0.9595080112448547
7.8500000000000005,0.0,0.828352962101494,0.0,1.4025328730182818,0.0,-0.9633880736374059
7.852,0.0,0.8311560984860897,0.0,1.4006022191661418,0.0,-0.9672653047005055
7.854,0.0,0.8339553658104157,0.0,1.3986638137023437,0.0,-0.9711396814682195
7.856,0.0,0.8367507485769762,0.0,1.3967176623584483,0.0,-0.9750111809684059
7.8580000000000005,0.0,0.8395422312997816,0.0,1.3947637709119665,0.0,-0.9788797802228262
7.86,0.0,0.8423297985044381,0.0,1.392802145186376,0.0,-0.9827454562472715
7.862,0.0,0.8451134347282505,0.0,1.3908327910511253,0.0,-0.9866081860517056
7.864,0.0,0.8478931245203106,0.0,1.3888557144216471,0.0,-0.9904679466403854
7.8660000000000005,0.0,0.8506688524415826,0.0,1.3868709212593737,0.0,-0.994324715011984
7.868,0.0,0.8534406030649972,0.0,1.3848784175717481,0.0,-0.9981784681597211
7.87,0.0,0.8562083609755532,0.0,1.3828782094122263,0.0,-1.0020291830715016
7.872,0.0,0.858972110770398,0.0,1.3808703028802964,0.0,-1.0058768367300337
7.8740000000000006,0.0,0.8617318370589231,0.0,1.378854704121489,0.0,-1.0097214061129598
7.876,0.0,0.8644875244628591,0.0,1.37683141932738,0.0,-1.0135628681929898
7.878,0.0,0.8672391576163649,0.0,1.3748004547356079,0.0,-1.0174011999380281
7.88,0.0,0.869986721166124,0.0,1.3727618166298765,0.0,-1.0212363783113076
7.882000000000001,0.0,0.8727301997714276,0.0,1.3707155113399712,0.0,-1.0250683802715082
7.884,0.0,0.8754695781042786,0.0,1.3686615452417616,0.0,-1.0288971827729032
7.886,0.0,0.8782048408494703,0.0,1.3665999247572183,0.0,-1.0327227627654711
7.888,0.0,0.8809359727046929,0.0,1.3645306563544093,0.0,-1.0365450971950438
7.890000000000001,0.0,0.8836629583806171,0.0,1.3624537465475188,0.0,-1.04036416300343
7.892,0.0,0.8863857826009865,0.0,1.360369201896851,0.0,-1.0441799371285416
7.894,0.0,0.8891044301027111,0.0,1.358277029008838,0.0,-1.0479923965045281
7.896,0.0,0.8918188856359635,0.0,1.3561772345360457,0.0,-1.0518015180619167
7.898000000000001,0.0,0.8945291339642658,0.0,1.3540698251771828,0.0,-1.0556072787277304
7.9,0.0,0.8972351598645767,0.0,1.3519548076771133,0.0,-1.0594096554256178
7.902,0.0,0.899936948127404,0.0,1.3498321888268476,0.0,-1.0632086250760104
7.904,0.0,0.902634483556874,0.0,1.347701975463563,0.0,-1.0670041645962216
7.906000000000001,0.0,0.9053277509708377,0.0,1.345564174470606,0.0,-1.0707962509006042
7.908,0.0,0.9080167352009574,0.0,1.3434187927774954,0.0,-1.0745848609006665
7.91,0.0,0.9107014210927968,0.0,1.3412658373599335,0.0,-1.0783699715052077
7.912,0.0,0.9133817935059266,0.0,1.3391053152398016,0.0,-1.0821515596204694
7.914000000000001,0.0,0.9160578373139995,0.0,1.336937233485175,0.0,-1.0859296021502403
7.916,0.0,0.9187295374048544,0.0,1.334761599210322,0.0,-1.0897040759960084
7.918,0.0,0.9213968786806004,0.0,1.3325784195757138,0.0,-1.0934749580570857
7.92,0.0,0.924059846057719,0.0,1.33038770178802,0.0,-1.097242225230749
7.922000000000001,0.0,0.9267184244671514,0.0,1.3281894531001186,0.0,-1.1010058544123715
7.924,0.0,0.9293725988543853,0.0,1.325983680811102,0.0,-1.1047658224955483
7.926,0.0,0.932022354179557,0.0,1.3237703922662742,0.0,-1.1085221063722426
7.928,0.0,0.9346676754175403,0.0,1.3215495948571565,0.0,-1.112274682932915
7.930000000000001,0.0,0.9373085475580331,0.0,1.3193212960214946,0.0,-1.1160235290666538
7.932,0.0,0.9399449556056627,0.0,1.3170855032432502,0.0,-1.1197686216613212
7.934,0.0,0.9425768845800635,0.0,1.3148422240526172,0.0,-1.1235099376036732
7.936,0.0,0.9452043195159814,0.0,1.3125914660260134,0.0,-1.1272474537795103
7.938,0.0,0.9478272454633583,0.0,1.3103332367860863,0.0,-1.130981147073798
7.94,0.0,0.9504456474874279,0.0,1.3080675440017169,0.0,-1.1347109943708134
7.942,0.0,0.9530595106688107,0.0,1.3057943953880125,0.0,-1.1384369725542771
7.944,0.0,0.9556688201036005,0.0,1.3035137987063192,0.0,-1.142159058507488
7.946,0.0,0.9582735609034603,0.0,1.3012257617642151,0.0,-1.145877229113458
7.948,0.0,0.9608737181957185,0.0,1.2989302924155086,0.0,-1.1495914612550566
7.95,0.0,0.963469277123451,0.0,1.2966273985602486,0.0,-1.153301731815133
7.952,0.0,0.9660602228455856,0.0,1.294317088144713,0.0,-1.1570080176766684
7.954,0.0,0.9686465405369831,0.0,1.291999369161419,0.0,-1.1607102957228956
7.956,0.0,0.9712282153885434,0.0,1.28967424964911,0.0,-1.1644085428374598
7.958,0.0,0.9738052326072837,0.0,1.287341737692767,0.0,-1.1681027359045284
7.96,0.0,0.9763775774164382,0.0,1.2850018414236002,0.0,-1.1717928518089442
7.962,0.0,0.9789452350555531,0.0,1.2826545690190492,0.0,-1.1754788674363663
7.964,0.0,0.9815081907805738,0.0,1.2802999287027805,0.0,-1.1791607596733953
7.966,0.0,0.9840664298639369,0.0,1.2779379287446893,0.0,-1.182838505407717
7.968,0.0,0.9866199375946669,0.0,1.275568577460893,0.0,-1.1865120815282417
7.97,0.0,0.9891686992784686,0.0,1.2731918832137272,0.0,-1.1901814649252438
7.972,0.0,0.9917127002378177,0.0,1.2708078544117463,0.0,-1.1938466324904977
7.974,0.0,0.9942519258120476,0.0,1.2684164995097247,0.0,-1.1975075611174095
7.976,0.0,0.9967863613574558,0.0,1.2660178270086393,0.0,-1.2011642277011718
7.978,0.0,0.9993159922473793,0.0,1.2636118454556844,0.0,-1.2048166091388837
7.98,0.0,1.0018408038723043,0.0,1.2611985634442489,0.0,-1.2084646823297087
7.982,0.0,1.004360781639945,0.0,1.258777989613927,0.0,-1.2121084241749986
7.984,0.0,1.006875910975338,0.0,1.2563501326505093,0.0,-1.2157478115784366
7.986,0.0,1.009386177320943,0.0,1.2539150012859728,0.0,-1.2193828214461824
7.988,0.0,1.0118915661367318,0.0,1.251472604298476,0.0,-1.2230134306870133
7.99,0.0,1.0143920629002705,0.0,1.249022950512368,0.0,-1.2266396162124487
7.992,0.0,1.0168876531068285,0.0,1.2465660487981602,0.0,-1.2302613549369097
7.994,0.0,1.0193783222694548,0.0,1.2441019080725424,0.0,-1.233878623777842
7.996,0.0,1.0218640559190864,0.0,1.2416305372983565,0.0,-1.2374913996558747
7.998,0.0,1.0243448396046215,0.0,1.239151945484611,0.0,-1.241099659494938
8.0,0.0,1.026820658893034,0.0,1.2366661416864517,0.0,-1.244703380222429
8.002,0.0,1.0292914993694449,0.0,1.2341731350051743,0.0,-1.2483025387693298
8.004,0.0,1.031757346637228,0.0,1.2316729345882065,0.0,-1.2518971120703637
8.006,0.0,1.0342181863181021,0.0,1.2291655496290976,0.0,-1.2554870770641364
8.008000000000001,0.0,1.0366740040522096,0.0,1.2266509893675255,0.0,-1.259072410693259
8.01,0.0,1.0391247854982257,0.0,1.224129263089271,0.0,-1.262653089904514
8.012,0.0,1.041570516333442,0.0,1.221600380126219,0.0,-1.2662290916489836
8.014,0.0,1.0440111822538578,0.0,1.21906434985635,0.0,-1.269800392882189
8.016,0.0,1.0464467689742785,0.0,1.2165211817037238,0.0,-1.2733669705642447
8.018,0.0,1.0488772622283977,0.0,1.2139708851384827,0.0,-1.276928801659985
8.02,0.0,1.0513026477688994,0.0,1.2114134696768297,0.0,-1.2804858631391176
8.022,0.0,1.053722911367547,0.0,1.208848944881022,0.0,-1.2840381319763654
8.024000000000001,0.0,1.0561380388152735,0.0,1.2062773203593637,0.0,-1.2875855851516047
8.026,0.0,1.0585480159222695,0.0,1.2036986057661996,0.0,-1.2911281996500035
8.028,0.0,1.0609528285180885,0.0,1.2011128108018898,0.0,-1.294665952462181
8.03,0.0,1.0633524624517257,0.0,1.198519945212812,0.0,-1.2981988205843324
8.032,0.0,1.065746903591717,0.0,1.1959200187913444,0.0,-1.301726781018385
8.034,0.0,1.068136137826229,0.0,1.1933130413758564,0.0,-1.305249810772133
8.036,0.0,1.0705201510631452,0.0,1.1906990228507017,0.0,-1.3087678868593808
8.038,0.0,1.0728989292301776,0.0,1.188077973146184,0.0,-1.3122809863001041
8.040000000000001,0.0,1.0752724582749291,0.0,1.185449902238579,0.0,-1.3157890861205628
8.042,0.0,1.0776407241650097,0.0,1.1828148201500943,0.0,-1.3192921633534718
8.044,0.0,1.0800037128881192,0.0,1.1801727369488648,0.0,-1.3227901950381358
8.046,0.0,1.0823614104521364,0.0,1.1775236627489458,0.0,-1.3262831582205867
8.048,0.0,1.0847138028852215,0.0,1.1748676077102824,0.0,-1.3297710299537462
8.05,0.0,1.0870608762358913,0.0,1.17220458203872,0.0,-1.333253787297547
8.052,0.0,1.0894026165731205,0.0,1.1695345959859746,0.0,-1.3367314073190864
8.054,0.0,1.0917390099864435,0.0,1.1668576598496105,0.0,-1.3402038670927907
8.056000000000001,0.0,1.0940700425860257,0.0,1.1641737839730462,0.0,-1.3436711437005284
8.058,0.0,1.0963957005027671,0.0,1.1614829787455263,0.0,-1.3471332142317745
8.06,0.0,1.098715969888396,0.0,1.1587852546021058,0.0,-1.3505900557837538
8.062,0.0,1.101030836915551,0.0,1.1560806220236413,0.0,-1.354041645461579
8.064,0.0,1.1033402877778833,0.0,1.1533690915367676,0.0,-1.3574879603784078
8.066,0.0,1.1056443086901409,0.0,1.1506506737138862,0.0,-1.3609289776555784
8.068,0.0,1.1079428858882587,0.0,1.147925379173153,0.0,-1.3643646744227529
8.07,0.0,1.1102360056294631,0.0,1.1451932185784433,0.0,-1.3677950278180848
8.072000000000001,0.0,1.1125236541923444,0.0,1.142454202639361,0.0,-1.3712200149883338
8.074,0.0,1.114805817876959,0.0,1.1397083421112049,0.0,-1.3746396130890324
8.076,0.0,1.117082483004928,0.0,1.1369556477949434,0.0,-1.3780537992846356
8.078,0.0,1.1193536359195106,0.0,1.1341961305372203,0.0,-1.3814625507486495
8.08,0.0,1.1216192629857082,0.0,1.1314298012303172,0.0,-1.3848658446637918
8.082,0.0,1.1238793505903577,0.0,1.1286566708121353,0.0,-1.3882636582221404
8.084,0.0,1.1261338851422047,0.0,1.125876750266198,0.0,-1.3916559686252594
8.086,0.0,1.1283828530720212,0.0,1.1230900506215988,0.0,-1.395042753084379
8.088000000000001,0.0,1.1306262408326755,0.0,1.1202965829530078,0.0,-1.3984239888205152
8.09,0.0,1.1328640348992298,0.0,1.1174963583806445,0.0,-1.4017996530646255
8.092,0.0,1.1350962217690386,0.0,1.1146893880702498,0.0,-1.4051697230577664
8.094,0.0,1.1373227879618244,0.0,1.1118756832330812,0.0,-1.4085341760512198
8.096,0.0,1.1395437200197889,0.0,1.1090552551258717,0.0,-1.4118929893066705
8.098,0.0,1.1417590045076833,0.0,1.10622811505083,0.0,-1.415246140096321
8.1,0.0,1.1439686280129107,0.0,1.1033942743556089,0.0,-1.4185936057030593
8.102,0.0,1.1461725771456195,0.0,1.1005537444332782,0.0,-1.4219353634206109
8.104000000000001,0.0,1.1483708385387847,0.0,1.0977065367223149,0.0,-1.4252713905536685
8.106,0.0,1.1505633988483037,0.0,1.094852662706577,0.0,-1.428601664418054
8.108,0.0,1.1527502447530922,0.0,1.091992133915272,0.0,-1.4319261623408701
8.11,0.0,1.154931362955163,0.0,1.0891249619229495,0.0,-1.435244861660633
8.112,0.0,1.1571067401797293,0.0,1.0862511583494643,0.0,-1.4385577397274398
8.114,0.0,1.1592763631752845,0.0,1.0833707348599648,0.0,-1.4418647739031005
8.116,0.0,1.1614402187136972,0.0,1.0804837031648646,0.0,-1.4451659415612932
8.118,0.0,1.1635982935903089,0.0,1.0775900750198086,0.0,-1.448461220087728
8.120000000000001,0.0,1.1657505746240109,0.0,1.074689862225668,0.0,-1.4517505868802694
8.122,0.0,1.16789704865734,0.0,1.0717830766285061,0.0,-1.455034019349097
8.124,0.0,1.1700377025565825,0.0,1.0688697301195393,0.0,-1.4583114949168776
8.126,0.0,1.172172523211835,0.0,1.0659498346351475,0.0,-1.4615829910188647
8.128,0.0,1.1743014975371246,0.0,1.0630234021568112,0.0,-1.4648484851031005
8.13,0.0,1.1764246124704838,0.0,1.0600904447111057,0.0,-1.4681079546305345
8.132,0.0,1.1785418549740376,0.0,1.057150974369678,0.0,-1.4713613770751732
8.134,0.0,1.1806532120341084,0.0,1.0542050032492025,0.0,-1.4746087299242565
8.136000000000001,0.0,1.1827586706612891,0.0,1.0512525435113775,0.0,-1.4778499906783717
8.138,0.0,1.1848582178905456,0.0,1.048293607362877,0.0,-1.4810851368516318
8.14,0.0,1.1869518407812996,0.0,1.0453282070553407,0.0,-1.484314145971813
8.142,0.0,1.1890395264175229,0.0,1.0423563548853334,0.0,-1.487536995580507
8.144,0.0,1.191121261907825,0.0,1.039378063194324,0.0,-1.4907536632332747
8.146,0.0,1.1931970343855443,0.0,1.036393344368656,0.0,-1.4939641264997947
8.148,0.0,1.1952668310088304,0.0,1.0334022108395258,0.0,-1.497168362964005
8.15,0.0,1.1973306389607492,0.0,1.0304046750829365,0.0,-1.500366350224276
8.152000000000001,0.0,1.1993884454493586,0.0,1.0274007496196869,0.0,-1.503558065893541
8.154,0.0,1.201440237707799,0.0,1.0243904470153393,0.0,-1.5067434875994472
8.156,0.0,1.2034860029943977,0.0,1.0213737798801712,0.0,-1.5099225929845337
8.158,0.0,1.2055257285927345,0.0,1.0183507608691773,0.0,-1.5130953597063412
8.16,0.0,1.2075594018117564,0.0,1.0153214026820057,0.0,-1.5162617654376047
8.162,0.0,1.2095870099858426,0.0,1.0122857180629592,0.0,-1.5194217878663696
8.164,0.0,1.2116085404749106,0.0,1.0092437198009416,0.0,-1.5225754046961646
8.166,0.0,1.2136239806645057,0.0,1.0061954207294277,0.0,-1.5257225936461574
8.168000000000001,0.0,1.2156333179658745,0.0,1.0031408337264516,0.0,-1.5288633324512826
8.17,0.0,1.2176365398160702,0.0,1.0000799717145537,0.0,-1.5319975988624148
8.172,0.0,1.2196336336780371,0.0,0.9970128476607539,0.0,-1.5351253706465184
8.174,0.0,1.2216245870406903,0.0,0.9939394745765335,0.0,-1.5382466255867835
8.176,0.0,1.2236093874190246,0.0,0.9908598655177722,0.0,-1.5413613414828062
8.178,0.0,1.22558802235418,0.0,0.9877740335847507,0.0,-1.5444694961507097
8.18,0.0,1.227560479413543,0.0,0.9846819919220998,0.0,-1.5475710674233145
8.182,0.0,1.2295267461908388,0.0,0.9815837537187574,0.0,-1.550666033150292
8.184000000000001,0.0,1.2314868103062127,0.0,0.9784793322079506,0.0,-1.553754371198314
8.186,0.0,1.2334406594063159,0.0,0.9753687406671618,0.0,-1.556836059451194
8.188,0.0,1.2353882811644077,0.0,0.9722519924180761,0.0,-1.5599110758100632
8.19,0.0,1.2373296632804252,0.0,0.9691291008265734,0.0,-1.5629793981934985
8.192,0.0,1.2392647934810914,0.0,0.9660000793026619,0.0,-1.5660410045376973
8.194,0.0,1.2411936595199848,0.0,0.962864941300476,0.0,-1.5690958727966118
8.196,0.0,1.2431162491776386,0.0,0.9597237003182185,0.0,-1.5721439809421118
8.198,0.0,1.245032550261631,0.0,0.9565763698981241,0.0,-1.5751853069641417
8.2,0.0,1.2469425506066623,0.0,0.9534229636264399,0.0,-1.5782198288708627
8.202,0.0,1.2488462380746546,0.0,0.9502634951333678,0.0,-1.5812475246888178
8.204,0.0,1.2507436005548307,0.0,0.9470979780930462,0.0,-1.5842683724630746
8.206,0.0,1.2526346259638048,0.0,0.9439264262235051,0.0,-1.5872823502573814
8.208,0.0,1.2545193022456786,0.0,0.9407488532866155,0.0,-1.5902894361543365
8.21,0.0,1.256397617372111,0.0,0.9375652730880822,0.0,-1.59328960825551
8.212,0.0,1.258269559342421,0.0,0.9343756994773792,0.0,-1.5962828446816248
8.214,0.0,1.2601351161836738,0.0,0.9311801463477125,0.0,-1.599269123572709
8.216,0.0,1.261994275950756,0.0,0.9279786276360055,0.0,-1.602248423088224
8.218,0.0,1.263847026726482,0.0,0.9247711573228254,0.0,-1.6052207214072567
8.22,0.0,1.2656933566216622,0.0,0.9215577494323743,0.0,-1.608185996728638
8.222,0.0,1.267533253775204,0.0,0.918338418032431,0.0,-1.611144227271122
8.224,0.0,1.2693667063541911,0.0,0.915113177234319,0.0,-1.6140953912735254
8.226,0.0,1.2711937025539788,0.0,0.9118820411928563,0.0,-1.617039466994894
8.228,0.0,1.2730142305982652,0.0,0.9086450241063407,0.0,-1.6199764327146366
8.23,0.0,1.2748282787392002,0.0,0.9054021402164674,0.0,-1.6229062667327112
8.232,0.0,1.2766358352574518,0.0,0.9021534038083298,0.0,-1.6258289473697445
8.234,0.0,1.278436888462306,0.0,0.8988988292103489,0.0,-1.6287444529672153
8.236,0.0,1.2802314266917478,0.0,0.8956384307942444,0.0,-1.6316527618875911
8.238,0.0,1.282019438312546,0.0,0.8923722229749952,0.0,-1.6345538525144845
8.24,0.0,1.2838009117203497,0.0,0.8891002202107802,0.0,-1.6374477032528258
8.242,0.0,1.2855758353397606,0.0,0.8858224370029569,0.0,-1.6403342925289919
8.244,0.0,1.287344197624427,0.0,0.882538887896009,0.0,-1.6432135987909724
8.246,0.0,1.2891059870571364,0.0,0.8792495874774888,0.0,-1.6460856005085411
8.248,0.0,1.2908611921498818,0.0,0.8759545503780107,0.0,-1.648950276173372
8.25,0.0,1.2926098014439742,0.0,0.8726537912711585,0.0,-1.651807604299243
8.252,0.0,1.2943518035101058,0.0,0.8693473248734817,0.0,-1.6546575634221483
8.254,0.0,1.296087186948447,0.0,0.8660351659444318,0.0,-1.6575001321004756
8.256,0.0,1.2978159403887297,0.0,0.8627173292863226,0.0,-1.66033528891516
8.258000000000001,0.0,1.2995380524903366,0.0,0.8593938297442761,0.0,-1.6631630124698364
8.26,0.0,1.301253511942375,0.0,0.8560646822062,0.0,-1.6659832813909845
8.262,0.0,1.3029623074637817,0.0,0.8527299016027055,0.0,-1.668796074328112
8.264,0.0,1.3046644278033894,0.0,0.8493895029070968,0.0,-1.6716013699538788
8.266,0.0,1.3063598617400252,0.0,0.8460435011353005,0.0,-1.6743991469642734
8.268,0.0,1.308048598082586,0.0,0.842691911345835,0.0,-1.677189384078758
8.27,0.0,1.3097306256701295,0.0,0.8393347486397547,0.0,-1.6799720600404244
8.272,0.0,1.3114059333719617,0.0,0.8359720281605981,0.0,-1.6827471536161638
8.274000000000001,0.0,1.3130745100877146,0.0,0.832603765094351,0.0,-1.685514643596802
8.276,0.0,1.3147363447474314,0.0,0.8292299746694004,0.0,-1.6882745087972608
8.278,0.0,1.3163914263116647,0.0,0.8258506721564589,0.0,-1.6910267280567362
8.28,0.0,1.3180397437715397,0.0,0.822465872868559,0.0,-1.6937712802388145
8.282,0.0,1.319681286148858,0.0,0.8190755921609639,0.0,-1.696508144231667
8.284,0.0,1.3213160424961694,0.0,0.8156798454311471,0.0,-1.6992372989481774
8.286,0.0,1.322944001896859,0.0,0.8122786481187328,0.0,-1.701958723326109
8.288,0.0,1.324565153465243,0.0,0.8088720157054264,0.0,-1.7046723963282742
8.290000000000001,0.0,1.3261794863466303,0.0,0.8054599637150079,0.0,-1.7073782969426596
8.292,0.0,1.3277869897174266,0.0,0.8020425077132423,0.0,-1.7100764041826084
8.294,0.0,1.329387652785213,0.0,0.7986196633078353,0.0,-1.712766697086973
8.296,0.0,1.3309814647888214,0.0,0.795191446148408,0.0,-1.7154491547202562
8.298,0.0,1.33256841499843,0.0,0.7917578719264108,0.0,-1.7181237561727838
8.3,0.0,1.3341484927156408,0.0,0.788318956375092,0.0,-1.720790480560855
8.302,0.0,1.33572168727356,0.0,0.7848747152694492,0.0,-1.7234493070268924
8.304,0.0,1.3372879880368913,0.0,0.7814251644261564,0.0,-1.7261002147396105
8.306000000000001,0.0,1.338847384402012,0.0,0.7779703197035275,0.0,-1.728743182894169
8.308,0.0,1.3403998657970513,0.0,0.7745101970014717,0.0,-1.7313781907123118
8.31,0.0,1.3419454216819906,0.0,0.7710448122614061,0.0,-1.7340052174425566
8.312,0.0,1.3434840415487261,0.0,0.7675741814662433,0.0,-1.7366242423603195
8.314,0.0,1.3450157149211672,0.0,0.7640983206403065,0.0,-1.7392352447680903
8.316,0.0,1.346540431355311,0.0,0.7606172458492889,0.0,-1.7418382039955842
8.318,0.0,1.3480581804393252,0.0,0.7571309732002057,0.0,-1.7444330993998929
8.32,0.0,1.349568951793637,0.0,0.7536395188413175,0.0,-1.747019910365652
8.322000000000001,0.0,1.3510727350710101,0.0,0.7501428989620922,0.0,-1.7495986163051902
8.324,0.0,1.3525695199566243,0.0,0.7466411297931556,0.0,-1.7521691966586839
8.326,0.0,1.3540592961681694,0.0,0.7431342276062045,0.0,-1.7547316308943257
8.328,0.0,1.3555420534559108,0.0,0.7396222087139944,0.0,-1.7572858985084625
8.33,0.0,1.357017781602789,0.0,0.7361050894702389,0.0,-1.7598319790257753
8.332,0.0,1.358486470424488,0.0,0.732582886269584,0.0,-1.7623698519994144
8.334,0.0,1.3599481097695185,0.0,0.7290556155475504,0.0,-1.7648994970111642
8.336,0.0,1.3614026895193134,0.0,0.7255232937804417,0.0,-1.7674208936716134
8.338000000000001,0.0,1.3628501995882887,0.0,0.7219859374853358,0.0,-1.7699340216202837
8.34,0.0,1.36429062992394,0.0,0.7184435632199911,0.0,-1.7724388605258146
8.342,0.0,1.3657239705069193,0.0,0.7148961875827982,0.0,-1.7749353900861033
8.344,0.0,1.3671502113511147,0.0,0.7113438272127263,0.0,-1.7774235900284678
8.346,0.0,1.368569342503734,0.0,0.7077864987892581,0.0,-1.7799034401098042
8.348,0.0,1.3699813540453827,0.0,0.7042242190323355,0.0,-1.782374920116738
8.35,0.0,1.3713862360901468,0.0,0.700657004702298,0.0,-1.7848380098657872
8.352,0.0,1.3727839787856755,0.0,0.697084872599815,0.0,-1.7872926892035212
8.354000000000001,0.0,1.374174572313258,0.0,0.6935078395658397,0.0,-1.7897389380067075
8.356,0.0,1.3755580068879043,0.0,0.6899259224815407,0.0,-1.7921767361824772
8.358,0.0,1.3769342727584302,0.0,0.6863391382682377,0.0,-1.794606063668483
8.36,0.0,1.3783033602075307,0.0,0.6827475038873505,0.0,-1.7970269004330455
8.362,0.0,1.3796652595518677,0.0,0.6791510363403219,0.0,-1.7994392264753292
8.364,0.0,1.3810199611421428,0.0,0.6755497526685738,0.0,-1.801843021825477
8.366,0.0,1.3823674553631788,0.0,0.6719436699534411,0.0,-1.8042382665447785
8.368,0.0,1.383707732634007,0.0,0.6683328053160891,0.0,-1.8066249407258375
8.370000000000001,0.0,1.385040783407935,0.0,0.6647171759174805,0.0,-1.8090030244927064
8.372,0.0,1.3863665981726347,0.0,0.6610967989582933,0.0,-1.8113724980010593
8.374,0.0,1.3876851674502209,0.0,0.6574716916788571,0.0,-1.8137333414383494
8.376,0.0,1.3889964817973226,0.0,0.6538418713591081,0.0,-1.8160855350239506
8.378,0.0,1.390300531805175,0.0,0.6502073553184969,0.0,-1.8184290590093373
8.38,0.0,1.3915973080996886,0.0,0.6465681609159467,0.0,-1.820763893678222
8.382,0.0,1.3928868013415294,0.0,0.6429243055497839,0.0,-1.8230900193467166
8.384,0.0,1.394169002226202,0.0,0.6392758066576638,0.0,-1.8254074163635026
8.386000000000001,0.0,1.3954439014841267,0.0,0.6356226817165106,0.0,-1.8277160651099718
8.388,0.0,1.3967114898807118,0.0,0.631964948242463,0.0,-1.8300159460003849
8.39,0.0,1.397971758216444,0.0,0.6283026237907822,0.0,-1.8323070394820458
8.392,0.0,1.3992246973269513,0.0,0.6246357259558226,0.0,-1.8345893260354282
8.394,0.0,1.4004702980830994,0.0,0.6209642723709178,0.0,-1.8368627861743716
8.396,0.0,1.4017085513910508,0.0,0.6172882807083657,0.0,-1.8391274004461982
8.398,0.0,1.4029394481923543,0.0,0.6136077686793253,0.0,-1.8413831494318933
8.4,0.0,1.4041629794640225,0.0,0.6099227540337542,0.0,-1.8436300137462653
8.402000000000001,0.0,1.405379136218604,0.0,0.6062332545603532,0.0,-1.8458679740380866
8.404,0.0,1.4065879095042622,0.0,0.6025392880864973,0.0,-1.848097010990257
8.406,0.0,1.407789290404859,0.0,0.598840872478143,0.0,-1.850317105319972
8.408,0.0,1.4089832700400209,0.0,0.5951380256397979,0.0,-1.8525282377788597
8.41,0.0,1.4101698395652258,0.0,0.5914307655144188,0.0,-1.8547303891531524
8.412,0.0,1.411348990171874,0.0,0.5877191100833614,0.0,-1.8569235402638393
8.414,0.0,1.4125207130873676,0.0,0.5840030773663026,0.0,-1.8591076719668196
8.416,0.0,1.4136849995751861,0.0,0.5802826854211729,0.0,-1.8612827651530655
8.418000000000001,0.0,1.414841840934964,0.0,0.5765579523440838,0.0,-1.8634488007487755
8.42,0.0,1.415991228502563,0.0,0.5728288962692651,0.0,-1.8656057597155271
8.422,0.0,1.4171331536501561,0.0,0.5690955353689778,0.0,-1.867753623050445
8.424,0.0,1.4182676077862943,0.0,0.5653578878534645,0.0,-1.8698923717863454
8.426,0.0,1.4193945823559904,0.0,0.5616159719708561,0.0,-1.8720219869918995
8.428,0.0,1.42051406884079,0.0,0.5578698060071133,0.0,-1.8741424497717918
8.43,0.0,1.4216260587588467,0.0,0.5541194082859585,0.0,-1.8762537412668658
8.432,0.0,1.4227305436650026,0.0,0.5503647971687842,0.0,-1.878355842654296
8.434000000000001,0.0,1.4238275151508564,0.0,0.5466059910546042,0.0,-1.880448735147731
8.436,0.0,1.4249169648448463,0.0,0.5428430083799577,0.0,-1.8825323999974604
8.438,0.0,1.425998884412318,0.0,0.5390758676188526,0.0,-1.8846068184905618
8.44,0.0,1.4270732655556035,0.0,0.5353045872826862,0.0,-1.8866719719510658
8.442,0.0,1.428140100014097,0.0,0.5315291859201638,0.0,-1.8887278417401072
8.444,0.0,1.4291993795643243,0.0,0.5277496821172379,0.0,-1.8907744092560814
8.446,0.0,1.4302510960200199,0.0,0.5239660944970326,0.0,-1.8928116559348018
8.448,0.0,1.4312952412322066,0.0,0.5201784417197431,0.0,-1.89483956324966
8.45,0.0,1.4323318070892581,0.0,0.5163867424826031,0.0,-1.8968581127117723
8.452,0.0,1.4333607855169848,0.0,0.5125910155197689,0.0,-1.898867285870148
8.454,0.0,1.4343821684787001,0.0,0.5087912796022679,0.0,-1.9008670643118377
8.456,0.0,1.4353959479752951,0.0,0.5049875535379172,0.0,-1.9028574296620862
8.458,0.0,1.4364021160453162,0.0,0.5011798561712382,0.0,-1.9048383635845005
8.46,0.0,1.4374006647650324,0.0,0.4973682063833952,0.0,-1.9068098477811937
8.462,0.0,1.438391586248513,0.0,0.49355262309210546,0.0,-1.908771863992949
8.464,0.0,1.4393748726477003,0.0,0.48973312525156265,0.0,-1.9107243939993712
8.466,0.0,1.4403505161524797,0.0,0.48590973185236536,0.0,-1.9126674196190445
8.468,0.0,1.4413185089907545,0.0,0.48208246192143905,0.0,-1.9146009227096883
8.47,0.0,1.4422788434285194,0.0,0.47825133452194657,0.0,-1.916524885168312
8.472,0.0,1.4432315117699286,0.0,0.47441636875323123,0.0,-1.9184392889313688
8.474,0.0,1.4441765063573753,0.0,0.47057758375070424,0.0,-1.9203441159749202
8.476,0.0,1.4451138195715563,0.0,0.46673499868579843,0.0,-1.9222393483147795
8.478,0.0,1.446043443831547,0.0,0.4628886327658797,0.0,-1.9241249680066723
8.48,0.0,1.4469653715948778,0.0,0.45903850523414114,0.0,-1.9260009571464
8.482,0.0,1.447879595357595,0.0,0.45518463536957005,0.0,-1.9278672978699793
8.484,0.0,1.448786107654343,0.0,0.45132704248682287,0.0,-1.929723972353812
8.486,0.0,1.4496849010584296,0.0,0.44746574593617044,0.0,-1.9315709628148312
8.488,0.0,1.4505759681818984,0.0,0.44360076510340923,0.0,-1.9334082515106612
8.49,0.0,1.4514593016756017,0.0,0.4397321194097733,0.0,-1.9352358207397728
8.492,0.0,1.4523348942292675,0.0,0.43585982831186815,0.0,-1.9370536528416347
8.494,0.0,1.4532027385715736,0.0,0.4319839113015727,0.0,-1.9388617301968714
8.496,0.0,1.4540628274702163,0.0,0.428104387905964,0.0,-1.9406600352274177
8.498,0.0,1.4549151537319807,0.0,0.4242212776872407,0.0,-1.9424485503966717
8.5,0.0,1.455759710202814,0.0,0.4203346002426156,0.0,-1.9442272582096596
8.502,0.0,1.4565964897678887,0.0,0.41644437520427163,0.0,-1.9459961412131699
8.504,0.0,1.457425485351679,0.0,0.4125506222392446,0.0,-1.9477551819959282
8.506,0.0,1.4582466899180282,0.0,0.4086533610493493,0.0,-1.9495043631887443
8.508000000000001,0.0,1.459060096470217,0.0,0.40475261137110113,0.0,-1.9512436674646638
8.51,0.0,1.4598656980510332,0.0,0.4008483929756285,0.0,-1.952973077539126
8.512,0.0,1.460663487742844,0.0,0.3969407256685758,0.0,-1.9546925761701202
8.514,0.0,1.461453458667659,0.0,0.39302962929004415,0.0,-1.956402146158335
8.516,0.0,1.4622356039872053,0.0,0.3891151237144766,0.0,-1.9581017703473165
8.518,0.0,1.4630099169029913,0.0,0.38519722885059515,0.0,-1.9597914316236191
8.52,0.0,1.4637763906563763,0.0,0.3812759646413073,0.0,-1.9614711129169626
8.522,0.0,1.4645350185286432,0.0,0.3773513510636025,0.0,-1.9631407972003891
8.524000000000001,0.0,1.4652857938410588,0.0,0.37342340812849906,0.0,-1.964800467490406
8.526,0.0,1.4660287099549483,0.0,0.3694921558809307,0.0,-1.9664501068471507
8.528,0.0,1.4667637602717594,0.0,0.36555761439966455,0.0,-1.9680896983745417
8.53,0.0,1.4674909382331316,0.0,0.36161980379722325,0.0,-1.9697192252204283
8.532,0.0,1.4682102373209642,0.0,0.3576787442197776,0.0,-1.9713386705767497
8.534,0.0,1.4689216510574805,0.0,0.3537344558470826,0.0,-1.9729480176796834
8.536,0.0,1.4696251730052967,0.0,0.3497869588923762,0.0,-1.9745472498098007
8.538,0.0,1.4703207967674918,0.0,0.34583627360227764,0.0,-1.9761363502922251
8.540000000000001,0.0,1.4710085159876685,0.0,0.3418824202567256,0.0,-1.9777153024967737
8.542,0.0,1.4716883243500234,0.0,0.33792541916886587,0.0,-1.979284089838124
8.544,0.0,1.4723602155794124,0.0,0.3339652906849771,0.0,-1.9808426957759535
8.546,0.0,1.473024183441418,0.0,0.33000205518436315,0.0,-1.9823911038151072
8.548,0.0,1.4736802217424125,0.0,0.32603573307928463,0.0,-1.9839292975057354
8.55,0.0,1.4743283243296281,0.0,0.322066344814843,0.0,-1.9854572604434597
8.552,0.0,1.4749684850912168,0.0,0.3180939108689197,0.0,-1.9869749762695141
8.554,0.0,1.4756006979563225,0.0,0.3141184517520495,0.0,-1.9884824286709095
8.556000000000001,0.0,1.4762249568951398,0.0,0.31013998800736103,0.0,-1.9899796013805737
8.558,0.0,1.4768412559189827,0.0,0.3061585402104709,0.0,-1.9914664781775118
8.56,0.0,1.4774495890803514,0.0,0.3021741289693781,0.0,-1.9929430428869597
8.562,0.0,1.4780499504729903,0.0,0.2981867749244028,0.0,-1.9944092793805284
8.564,0.0,1.4786423342319601,0.0,0.2941964987480587,0.0,-1.9958651715763625
8.566,0.0,1.4792267345336978,0.0,0.2902033211449827,0.0,-1.9973107034392925
8.568,0.0,1.4798031455960796,0.0,0.28620726285184767,0.0,-1.9987458589809797
8.57,0.0,1.4803715616784898,0.0,0.2822083446372374,0.0,-2.000170622260075
8.572000000000001,0.0,1.4809319770818807,0.0,0.2782065873015776,0.0,-2.0015849773823695
8.574,0.0,1.4814843861488363,0.0,0.2742020116770446,0.0,-2.0029889085009414
8.576,0.0,1.482028783263638,0.0,0.2701946386274438,0.0,-2.004382399816313
8.578,0.0,1.4825651628523255,0.0,0.2661844890481508,0.0,-2.0057654355765977
8.58,0.0,1.4830935193827615,0.0,0.26217158386597855,0.0,-2.0071380000776555
8.582,0.0,1.4836138473646923,0.0,0.25815594403911746,0.0,-2.008500077663236
8.584,0.0,1.4841261413498135,0.0,0.25413759055701174,0.0,-2.0098516527251413
8.586,0.0,1.4846303959318297,0.0,0.2501165444402751,0.0,-2.011192709703365
8.588000000000001,0.0,1.485126605746519,0.0,0.24609282674059318,0.0,-2.0125232330862524
8.59,0.0,1.4856147654717913,0.0,0.24206645854063716,0.0,-2.0138432074106407
8.592,0.0,1.486094869827756,0.0,0.23803746095393427,0.0,-2.015152617262021
8.594,0.0,1.486566913576778,0.0,0.23400585512481673,0.0,-2.0164514472746795
8.596,0.0,1.4870308915235428,0.0,0.22997166222827622,0.0,-2.0177396821318543
8.598,0.0,1.487486798515116,0.0,0.22593490346990408,0.0,-2.0190173065658787
8.6,0.0,1.4879346294410047,0.0,0.22189560008577325,0.0,-2.0202843053583357
8.602,0.0,1.488374379233219,0.0,0.2178537733423458,0.0,-2.021540663340209
8.604000000000001,0.0,1.4888060428663321,0.0,0.21380944453636433,0.0,-2.022786365392026
8.606,0.0,1.48922961535754,0.0,0.20976263499477943,0.0,-2.024021396444015
8.608,0.0,1.4896450917667248,0.0,0.20571336607460355,0.0,-2.025245741476253
8.61,0.0,1.4900524671965099,0.0,0.20166165916286988,0.0,-2.0264593855188044
8.612,0.0,1.4904517367923256,0.0,0.19760753567647057,0.0,-2.0276623136518928
8.614,0.0,1.4908428957424635,0.0,0.19355101706211325,0.0,-2.028854511006024
8.616,0.0,1.4912259392781388,0.0,0.18949212479618008,0.0,-2.0300359627621503
8.618,0.0,1.4916008626735504,0.0,0.1854308803846441,0.0,-2.031206654151821
8.620000000000001,0.0,1.491967661245937,0.0,0.18136730536296122,0.0,-2.0323665704573184
8.622,0.0,1.4923263303556378,0.0,0.17730142129598447,0.0,-2.033515697011817
8.624,0.0,1.4926768654061526,0.0,0.17323324977782775,0.0,-2.0346540191995306
8.626,0.0,1.4930192618441969,0.0,0.16916281243180703,0.0,-2.0357815224558533
8.628,0.0,1.4933535151597621,0.0,0.16509013091030234,0.0,-2.0368981922675173
8.63,0.0,1.4936796208861747,0.0,0.16101522689467487,0.0,-2.038004014172733
8.632,0.0,1.4939975746001508,0.0,0.15693812209515784,0.0,-2.0390989737613374
8.634,0.0,1.494307371921858,0.0,0.15285883825074695,0.0,-2.0401830566749513
8.636000000000001,0.0,1.4946090085149686,0.0,0.14877739712911187,0.0,-2.041256248607112
8.638,0.0,1.4949024800867197,0.0,0.14469382052647856,0.0,-2.0423185353034286
8.64,0.0,1.4951877823879696,0.0,0.14060813026752503,0.0,-2.043369902561734
8.642,0.0,1.4954649112132534,0.0,0.13652034820529352,0.0,-2.044410336232217
8.644,0.0,1.4957338624008423,0.0,0.1324304962210534,0.0,-2.045439822217588
8.646,0.0,1.4959946318327957,0.0,0.12833859622424065,0.0,-2.0464583464732087
8.648,0.0,1.4962472154350217,0.0,0.12424467015231082,0.0,-2.0474658950072464
8.65,0.0,1.496491609177331,0.0,0.12014873997065323,0.0,-2.048462453880824
8.652000000000001,0.0,1.4967278090734928,0.0,0.11605082767248502,0.0,-2.0494480092081577
8.654,0.0,1.49695581118129,0.0,0.11195095527874312,0.0,-2.050422547156707
8.656,0.0,1.4971756116025758,0.0,0.10784914483796393,0.0,-2.051386053947324
8.658,0.0,1.4973872064833271,0.0,0.10374541842621028,0.0,-2.0523385158543923
8.66,0.0,1.4975905920137016,0.0,0.09963979814691921,0.0,-2.053279919205977
8.662,0.0,1.4977857644280899,0.0,0.09553230613083512,0.0,-2.05421025038397
8.664,0.0,1.4979727200051718,0.0,0.09142296453587666,0.0,-2.055129495824231
8.666,0.0,1.4981514550679702,0.0,0.08731179554704,0.0,-2.056037642016739
8.668000000000001,0.0,1.4983219659839049,0.0,0.08319882137627761,0.0,-2.056934675505734
8.67,0.0,1.4984842491648458,0.0,0.07908406426242101,0.0,-2.057820582889854
8.672,0.0,1.4986383010671689,0.0,0.07496754647102184,0.0,-2.0586953508223003
8.674,0.0,1.4987841181918058,0.0,0.07084929029429712,0.0,-2.0595589660109535
8.676,0.0,1.4989216970843011,0.0,0.06672931805096843,0.0,-2.0604114152185438
8.678,0.0,1.4990510343348615,0.0,0.06260765208619715,0.0,-2.0612526852627786
8.68,0.0,1.4991721265784117,0.0,0.05848431477144789,0.0,-2.062082763016492
8.682,0.0,1.4992849704946454,0.0,0.05435932850437189,0.0,-2.0629016354077883
8.684000000000001,0.0,1.4993895628080764,0.0,0.05023271570873225,0.0,-2.0637092894201854
8.686,0.0,1.4994859002880938,0.0,0.046104498834255374,0.0,-2.064505712092756
8.688,0.0,1.4995739797490106,0.0,0.04197470035652605,0.0,-2.065290890520273
8.69,0.0,1.499653798050118,0.0,0.03784334277690562,0.0,-2.066064811853354
8.692,0.0,1.4997253520957345,0.0,0.03371044862237473,0.0,-2.0668274632985972
8.694,0.0,1.4997886388352586,0.0,0.02957604044545883,0.0,-2.067578832118733
8.696,0.0,1.4998436552632195,0.0,0.025440140824104795,0.0,-2.068318905632758
8.698,0.0,1.499890398419327,0.0,0.021302772361551005,0.0,-2.069047671216083
8.700000000000001,0.0,1.4999288653885232,0.0,0.017163957686241047,0.0,-2.069765116300672
8.702,0.0,1.499959053301032,0.0,0.01302371945169006,0.0,-2.0704712283751867
8.704,0.0,1.499980959332409,0.0,0.008882080336382173,0.0,-2.0711659949851207
8.706,0.0,1.499994580703592,0.0,0.004739063043659847,0.0,-2.0718494037329545
8.708,0.0,1.4999999146809502,0.0,0.0005946903015878235,0.0,-2.072521442278281
8.71,0.0,1.4999969585763333,0.0,-0.0035510151371299235,0.0,-2.073182098337959
8.712,0.0,1.4999857097471214,0.0,-0.00769803049528521,0.0,-2.0738313596862468
8.714,0.0,1.499966165596273,0.0,-0.011846332971286852,0.0,-2.074469214154946
8.716,0.0,1.4999383235723744,0.0,-0.015995899739242998,0.0,-2.075095649633539
8.718,0.0,1.4999021811696878,0.0,-0.020146707949123627,0.0,-2.0757106540693355
8.72,0.0,1.4998577359281988,0.0,-0.024298734726829346,0.0,-2.076314215467601
8.722,0.0,1.4998049854336666,0.0,-0.028451957174343463,0.0,-2.076906321891711
8.724,0.0,1.499743927317669,0.0,-0.032606352369828014,0.0,-2.07748696146328
8.726,0.0,1.4996745592576517,0.0,-0.03676189736774971,0.0,-2.0780561223623026
8.728,0.0,1.4995968789769754,0.0,-0.04091856919898596,0.0,-2.0786137928272974
8.73,0.0,1.4995108842449616,0.0,-0.045076344870965505,0.0,-2.0791599611554417
8.732,0.0,1.499416572876941,0.0,-0.049235201367749816,0.0,-2.0796946157027087
8.734,0.0,1.4993139427342994,0.0,-0.053395115650196355,0.0,-2.0802177448840142
8.736,0.0,1.499202991724524,0.0,-0.0575560646560279,0.0,-2.080729337173346
8.738,0.0,1.4990837178012495,0.0,-0.061718025299982264,0.0,-2.081229381103904
8.74,0.0,1.4989561189643037,0.0,-0.06588097447392925,0.0,-2.081717865268244
8.742,0.0,1.4988201932597538,0.0,-0.07004488904698013,0.0,-2.082194778318407
8.744,0.0,1.4986759387799515,0.0,-0.0742097458655988,0.0,-2.0826601089660612
8.746,0.0,1.498523353663578,0.0,-0.07837552175375277,0.0,-2.0831138459826435
8.748,0.0,1.4983624360956886,0.0,-0.08254219351299487,0.0,-2.0835559781994832
8.75,0.0,1.4981931843077585,0.0,-0.08670973792261019,0.0,-2.083986494507957
8.752,0.0,1.498015596577726,0.0,-0.09087813173972345,0.0,-2.084405383859609
8.754,0.0,1.4978296712300376,0.0,-0.09504735169941808,0.0,-2.0848126352662946
8.756,0.0,1.4976354066356907,0.0,-0.09921737451487114,0.0,-2.0852082378003214
8.758000000000001,0.0,1.4974328012122795,0.0,-0.10338817687745848,0.0,-2.0855921805945745
8.76,0.0,1.497221853424036,0.0,-0.10755973545688244,0.0,-2.085964452842658
8.762,0.0,1.4970025617818745,0.0,-0.11173202690130128,0.0,-2.0863250437990346
8.764,0.0,1.4967749248434359,0.0,-0.11590502783742589,0.0,-2.08667394277915
8.766,0.0,1.4965389412131267,0.0,-0.12007871487067955,0.0,-2.0870111391595794
8.768,0.0,1.4962946095421648,0.0,-0.12425306458529202,0.0,-2.0873366223781535
8.77,0.0,1.496041928528622,0.0,-0.12842805354441758,0.0,-2.0876503819340977
8.772,0.0,1.4957808969174624,0.0,-0.13260365829029094,0.0,-2.087952407388168
8.774000000000001,0.0,1.495511513500588,0.0,-0.13677985534431733,0.0,-2.088242688362778
8.776,0.0,1.4952337771168787,0.0,-0.14095662120721006,0.0,-2.088521214542138
8.778,0.0,1.4949476866522329,0.0,-0.14513393235911773,0.0,-2.0887879756723913
8.78,0.0,1.4946532410396094,0.0,-0.1493117652597367,0.0,-2.089042961561739
8.782,0.0,1.4943504392590679,0.0,-0.15349009634845154,0.0,-2.0892861620805823
8.784,0.0,1.4940392803378102,0.0,-0.15766890204443573,0.0,-2.0895175671616504
8.786,0.0,1.493719763350219,0.0,-0.16184815874679845,0.0,-2.0897371668001297
8.788,0.0,1.493391887417899,0.0,-0.16602784283470812,0.0,-2.089944951053806
8.790000000000001,0.0,1.4930556517097164,0.0,-0.17020793066750367,0.0,-2.090140910043189
8.792,0.0,1.4927110554418388,0.0,-0.17438839858482616,0.0,-2.0903250339516433
8.794,0.0,1.4923580978777735,0.0,-0.17856922290675287,0.0,-2.090497313025529
8.796,0.0,1.4919967783284078,0.0,-0.18275037993391033,0.0,-2.0906577375743223
8.798,0.0,1.4916270961520466,0.0,-0.18693184594761372,0.0,-2.0908062979707527
8.8,0.0,1.4912490507544511,0.0,-0.1911135972099823,0.0,-2.0909429846509338
8.802,0.0,1.4908626415888786,0.0,-0.19529560996406947,0.0,-2.091067788114491
8.804,0.0,1.490467868156117,0.0,-0.19947786043400395,0.0,-2.0911806989246933
8.806000000000001,0.0,1.4900647300045278,0.0,-0.2036603248250862,0.0,-2.091281707708588
8.808,0.0,1.4896532267300782,0.0,-0.20784297932394377,0.0,-2.091370805157122
8.81,0.0,1.489233357976381,0.0,-0.21202580009865804,0.0,-2.0914479820252754
8.812,0.0,1.4888051234347328,0.0,-0.21620876329887057,0.0,-2.0915132291321967
8.814,0.0,1.4883685228441474,0.0,-0.2203918450559314,0.0,-2.0915665373613197
8.816,0.0,1.487923555991395,0.0,-0.22457502148303007,0.0,-2.091607897660504
8.818,0.0,1.4874702227110381,0.0,-0.22875826867529417,0.0,-2.091637301042157
8.82,0.0,1.487008522885465,0.0,-0.23294156270996896,0.0,-2.091654738583362
8.822000000000001,0.0,1.4865384564449298,0.0,-0.2371248796464969,0.0,-2.0916602014260115
8.824,0.0,1.4860600233675834,0.0,-0.24130819552667526,0.0,-2.091653680776931
8.826,0.0,1.485573223679511,0.0,-0.2454914863747878,0.0,-2.0916351679080027
8.828,0.0,1.485078057454767,0.0,-0.24967472819771805,0.0,-2.0916046541563036
8.83,0.0,1.48457452481541,0.0,-0.2538578969850903,0.0,-2.0915621309242223
8.832,0.0,1.484062625931535,0.0,-0.25804096870940535,0.0,-2.0915075896795887
8.834,0.0,1.4835423610213108,0.0,-0.2622239193261529,0.0,-2.0914410219558053
8.836,0.0,1.4830137303510091,0.0,-0.26640672477397515,0.0,-2.091362419351962
8.838000000000001,0.0,1.482476734235045,0.0,-0.27058936097475494,0.0,-2.091271773532976
8.84,0.0,1.4819313730360044,0.0,-0.274771803833782,0.0,-2.0911690762297104
8.842,0.0,1.4813776471646785,0.0,-0.2789540292398798,0.0,-2.091054319239092
8.844,0.0,1.4808155570800983,0.0,-0.2831360130655195,0.0,-2.090927494424252
8.846,0.0,1.4802451032895656,0.0,-0.2873177311669773,0.0,-2.0907885937146395
8.848,0.0,1.4796662863486858,0.0,-0.29149915938444537,0.0,-2.0906376091061487
8.85,0.0,1.4790791068614006,0.0,-0.29568027354217413,0.0,-2.090474532661245
8.852,0.0,1.4784835654800175,0.0,-0.29986104944861824,0.0,-2.0902993565090866
8.854000000000001,0.0,1.4778796629052446,0.0,-0.3040414628965386,0.0,-2.090112072845649
8.856,0.0,1.477267399886219,0.0,-0.3082214896631643,0.0,-2.089912673933848
8.858,0.0,1.4766467772205378,0.0,-0.312401105510327,0.0,-2.089701152103664
8.86,0.0,1.4760177957542926,0.0,-0.31658028618456313,0.0,-2.0894774997522627
8.862,0.0,1.4753804563820936,0.0,-0.3207590074172963,0.0,-2.0892417093441207
8.864,0.0,1.4747347600471061,0.0,-0.3249372449249241,0.0,-2.088993773411142
8.866,0.0,1.474080707741076,0.0,-0.3291149744089882,0.0,-2.088733684552787
8.868,0.0,1.473418300504361,0.0,-0.3332921715562938,0.0,-2.0884614354361886
8.870000000000001,0.0,1.47274753942596,0.0,-0.33746881203905094,0.0,-2.088177018796274
8.872,0.0,1.4720684256435428,0.0,-0.34164487151499534,0.0,-2.0878804274358926
8.874,0.0,1.4713809603434762,0.0,-0.34582032562755494,0.0,-2.0875716542259255
8.876,0.0,1.4706851447608549,0.0,-0.3499951500059581,0.0,-2.0872506921054117
8.878,0.0,1.4699809801795312,0.0,-0.35416932026537357,0.0,-2.0869175340816732
8.88,0.0,1.4692684679321375,0.0,-0.3583428120070685,0.0,-2.086572173230424
8.882,0.0,1.4685476094001229,0.0,-0.3625156008185051,0.0,-2.086214602695899
8.884,0.0,1.4678184060137676,0.0,-0.3666876622735369,0.0,-2.0858448156909666
8.886000000000001,0.0,1.467080859252225,0.0,-0.37085897193247774,0.0,-2.0854628054972544
8.888,0.0,1.4663349706435376,0.0,-0.3750295053422951,0.0,-2.085068565465257
8.89,0.0,1.4655807417646662,0.0,-0.3791992380367239,0.0,-2.084662089014467
8.892,0.0,1.4648181742415203,0.0,-0.3833681455363969,0.0,-2.0842433696334832
8.894,0.0,1.4640472697489786,0.0,-0.3875362033490067,0.0,-2.0838124008801353
8.896,0.0,1.463268030010918,0.0,-0.3917033869694239,0.0,-2.083369176381594
8.898,0.0,1.4624804568002403,0.0,-0.3958696718798337,0.0,-2.082913689834494
8.9,0.0,1.4616845519388924,0.0,-0.4000350335499033,0.0,-2.082445935005049
8.902000000000001,0.0,1.4608803172978957,0.0,-0.40419944743688896,0.0,-2.0819659057291653
8.904,0.0,1.4600677547973697,0.0,-0.4083628889857917,0.0,-2.081473595912561
8.906,0.0,1.4592468664065557,0.0,-0.41252533362949445,0.0,-2.080968999530882
8.908,0.0,1.4584176541438416,0.0,-0.4166867567888977,0.0,-2.080452110629816
8.91,0.0,1.457580120076784,0.0,-0.4208471338730731,0.0,-2.079922923325205
8.912,0.0,1.4567342663221339,0.0,-0.425006440279388,0.0,-2.0793814318031654
8.914,0.0,1.455880095045861,0.0,-0.42916465139364285,0.0,-2.0788276303202005
8.916,0.0,1.455017608463171,0.0,-0.4333217425902436,0.0,-2.078261513203312
8.918000000000001,0.0,1.4541468088385352,0.0,-0.43747768923230196,0.0,-2.077683074850117
8.92,0.0,1.4532676984857096,0.0,-0.44163246667179873,0.0,-2.077092309728959
8.922,0.0,1.4523802797677559,0.0,-0.4457860502497286,0.0,-2.0764892123790255
8.924,0.0,1.4514845550970659,0.0,-0.4499384152962292,0.0,-2.0758737774104534
8.926,0.0,1.4505805269353784,0.0,-0.4540895371307447,0.0,-2.075245999504446
8.928,0.0,1.4496681977938106,0.0,-0.4582393910621257,0.0,-2.07460587341339
8.93,0.0,1.4487475702328667,0.0,-0.4623879523888197,0.0,-2.0739533939609553
8.932,0.0,1.447818646862466,0.0,-0.46653519639899044,0.0,-2.073288556042217
8.934000000000001,0.0,1.4468814303419624,0.0,-0.47068109837065686,0.0,-2.0726113546237626
8.936,0.0,1.4459359233801634,0.0,-0.47482563357184254,0.0,-2.071921784743802
8.938,0.0,1.4449821287353495,0.0,-0.4789687772607287,0.0,-2.0712198415122787
8.94,0.0,1.4440200492152964,0.0,-0.483110504685776,0.0,-2.0705055201109825
8.942,0.0,1.44304968767729,0.0,-0.48725079108589253,0.0,-2.0697788157936525
8.944,0.0,1.4420710470281493,0.0,-0.4913896116905571,0.0,-2.0690397238860947
8.946,0.0,1.4410841302242448,0.0,-0.49552694171997225,0.0,-2.0682882397862867
8.948,0.0,1.4400889402715125,0.0,-0.4996627563852174,0.0,-2.0675243589644845
8.950000000000001,0.0,1.4390854802254782,0.0,-0.5037970308883766,0.0,-2.066748076963338
8.952,0.0,1.4380737531912713,0.0,-0.5079297404226938,0.0,-2.0659593893979893
8.954,0.0,1.4370537623236432,0.0,-0.5120608601727162,0.0,-2.0651582919561884
8.956,0.0,1.4360255108269864,0.0,-0.5161903653144367,0.0,-2.0643447803984
8.958,0.0,1.434989001955346,0.0,-0.5203182310154532,0.0,-2.0635188505578994
8.96,0.0,1.4339442390124437,0.0,-0.5244444324350881,0.0,-2.0626804983408986
8.962,0.0,1.4328912253516923,0.0,-0.5285689447245496,0.0,-2.061829719726637
8.964,0.0,1.4318299643762036,0.0,-0.5326917430270957,0.0,-2.060966510767491
8.966,0.0,1.4307604595388184,0.0,-0.5368128024781375,0.0,-2.0600908675890848
8.968,0.0,1.4296827143421078,0.0,-0.5409320982054324,0.0,-2.059202786390385
8.97,0.0,1.4285967323383983,0.0,-0.5450496053292002,0.0,-2.0583022634438173
8.972,0.0,1.4275025171297844,0.0,-0.5491652989622727,0.0,-2.057389295095368
8.974,0.0,1.426400072368139,0.0,-0.5532791542102596,0.0,-2.0564638777646778
8.976,0.0,1.4252894017551332,0.0,-0.5573911461716743,0.0,-2.0555260079451596
8.978,0.0,1.4241705090422485,0.0,-0.5615012499380914,0.0,-2.0545756822040966
8.98,0.0,1.4230433980307873,0.0,-0.5656094405943025,0.0,-2.053612897182741
8.982,0.0,1.4219080725718933,0.0,-0.5697156932184411,0.0,-2.052637649596424
8.984,0.0,1.4207645365665547,0.0,-0.5738199828821663,0.0,-2.0516499362346488
8.986,0.0,1.4196127939656273,0.0,-0.5779222846507728,0.0,-2.0506497539612036
8.988,0.0,1.4184528487698422,0.0,-0.5820225735833597,0.0,-2.0496370997142583
8.99,0.0,1.417284705029816,0.0,-0.5861208247329865,0.0,-2.04861197050646
8.992,0.0,1.4161083668460661,0.0,-0.5902170131468063,0.0,-2.0475743634250407
8.994,0.0,1.4149238383690252,0.0,-0.5943111138662093,0.0,-2.0465242756319246
8.996,0.0,1.4137311237990415,0.0,-0.5984031019270111,0.0,-2.045461704363804
8.998,0.0,1.4125302273864033,0.0,-0.6024929523595518,0.0,-2.0443866469322667
9.0,0.0,1.4113211534313386,0.0,-0.6065806401888879,0.0,-2.0432991007238774
9.002,0.0,1.4101039062840355,0.0,-0.6106661404349059,0.0,-2.042199063200287
9.004,0.0,1.4088784903446452,0.0,-0.6147494281124991,0.0,-2.0410865318983227
9.006,0.0,1.4076449100632908,0.0,-0.61883047823172,0.0,-2.039961504430089
9.008000000000001,0.0,1.4064031699400852,0.0,-0.6229092657979045,0.0,-2.038823978483072
9.01,0.0,1.405153274525135,0.0,-0.6269857658118367,0.0,-2.03767395182023
9.012,0.0,1.4038952284185426,0.0,-0.6310599532699286,0.0,-2.036511422280084
9.014,0.0,1.4026290362704303,0.0,-0.6351318031643153,0.0,-2.035336387776834
9.016,0.0,1.4013547027809352,0.0,-0.639201290483054,0.0,-2.034148846300434
9.018,0.0,1.4000722327002244,0.0,-0.6432683902102485,0.0,-2.032948795916704
9.02,0.0,1.3987816308285022,0.0,-0.6473330773262073,0.0,-2.031736234767417
9.022,0.0,1.3974829020160107,0.0,-0.651395326807613,0.0,-2.030511161070392
9.024000000000001,0.0,1.3961760511630454,0.0,-0.6554551136276522,0.0,-2.029273573119597
9.026,0.0,1.3948610832199608,0.0,-0.6595124127561681,0.0,-2.0280234692852366
9.028,0.0,1.3935380031871705,0.0,-0.6635671991598336,0.0,-2.0267608480138493
9.03,0.0,1.3922068161151622,0.0,-0.6676194478022792,0.0,-2.0254857078284014
9.032,0.0,1.390867527104495,0.0,-0.6716691336442691,0.0,-2.0241980473283743
9.034,0.0,1.3895201413058125,0.0,-0.6757162316438348,0.0,-2.022897865189866
9.036,0.0,1.3881646639198455,0.0,-0.6797607167564329,0.0,-2.0215851601656776
9.038,0.0,1.3868011001974094,0.0,-0.6838025639351242,0.0,-2.020259931085401
9.040000000000001,0.0,1.3854294554394253,0.0,-0.687841748130678,0.0,-2.018922176855526
9.042,0.0,1.38404973499691,0.0,-0.6918782442917659,0.0,-2.017571896459515
9.044,0.0,1.3826619442709838,0.0,-0.6959120273651092,0.0,-2.0162090889578983
9.046,0.0,1.381266088712879,0.0,-0.6999430722956154,0.0,-2.014833753488373
9.048,0.0,1.379862173823934,0.0,-0.7039713540265599,0.0,-2.0134458892658778
9.05,0.0,1.3784502051556098,0.0,-0.707996847499707,0.0,-2.0120454955826963
9.052,0.0,1.377030188309481,0.0,-0.7120195276554925,0.0,-2.010632571808542
9.054,0.0,1.3756021289372398,0.0,-0.7160393694331771,0.0,-2.009207117390636
9.056000000000001,0.0,1.3741660327407073,0.0,-0.7200563477709769,0.0,-2.007769131853816
9.058,0.0,1.3727219054718243,0.0,-0.7240704376062462,0.0,-2.006318614800605
9.06,0.0,1.3712697529326596,0.0,-0.7280816138756198,0.0,-2.00485556591131
9.062,0.0,1.3698095809754087,0.0,-0.7320898515151705,0.0,-2.003379984944105
9.064,0.0,1.3683413955023942,0.0,-0.7360951254605685,0.0,-2.001891871735115
9.066,0.0,1.3668652024660726,0.0,-0.7400974106472229,0.0,-2.0003912261985124
9.068,0.0,1.3653810078690225,0.0,-0.7440966820104664,0.0,-1.9988780483265878
9.07,0.0,1.3638888177639557,0.0,-0.7480929144856855,0.0,-1.9973523381898433
9.072000000000001,0.0,1.3623886382537134,0.0,-0.7520860830084839,0.0,-1.9958140959370843
9.074,0.0,1.360880475491267,0.0,-0.7560761625148374,0.0,-1.9942633217954941
9.076,0.0,1.3593643356797083,0.0,-0.7600631279412728,0.0,-1.9927000160707138
9.078,0.0,1.3578402250722634,0.0,-0.7640469542249863,0.0,-1.9911241791469438
9.08,0.0,1.3563081499722793,0.0,-0.7680276163040322,0.0,-1.989535811487008
9.082,0.0,1.3547681167332244,0.0,-0.7720050891174692,0.0,-1.987934913632445
9.084,0.0,1.3532201317586918,0.0,-0.7759793476055131,0.0,-1.9863214862035954
9.086,0.0,1.3516642015023907,0.0,-0.7799503667097009,0.0,-1.984695529899674
9.088000000000001,0.0,1.3501003324681462,0.0,-0.7839181213730474,0.0,-1.9830570454988576
9.09,0.0,1.3485285312098965,0.0,-0.7878825865402004,0.0,-1.981406033858366
9.092,0.0,1.346948804331686,0.0,-0.7918437371576089,0.0,-1.9797424959145333
9.094,0.0,1.3453611584876666,0.0,-0.7958015481736662,0.0,-1.9780664326829038
9.096,0.0,1.3437656003820915,0.0,-0.799755994538878,0.0,-1.9763778452582996
9.098,0.0,1.3421621367693095,0.0,-0.8037070512060194,0.0,-1.9746767348149044
9.1,0.0,1.3405507744537635,0.0,-0.80765469313029,0.0,-1.9729631026063443
9.102,0.0,1.3389315202899794,0.0,-0.8115988952694857,0.0,-1.9712369499657576
9.104000000000001,0.0,1.3373043811825684,0.0,-0.8155396325841386,0.0,-1.9694982783058843
9.106,0.0,1.3356693640862172,0.0,-0.8194768800376895,0.0,-1.9677470891191382
9.108,0.0,1.3340264760056812,0.0,-0.8234106125966434,0.0,-1.9659833839776812
9.11,0.0,1.3323757239957805,0.0,-0.8273408052307294,0.0,-1.9642071645335044
9.112,0.0,1.3307171151613932,0.0,-0.8312674329130609,0.0,-1.962418432518505
9.114,0.0,1.3290506566574445,0.0,-0.8351904706202976,0.0,-1.960617189744553
9.116,0.0,1.327376355688909,0.0,-0.8391098933327914,0.0,-1.9588034381035848
9.118,0.0,1.3256942195107864,0.0,-0.8430256760347816,0.0,-1.9569771795676525
9.120000000000001,0.0,1.3240042554281164,0.0,-0.8469377937145024,0.0,-1.9551384161890262
9.122,0.0,1.3223064707959504,0.0,-0.850846221364391,0.0,-1.9532871501002482
9.124,0.0,1.3206008730193473,0.0,-0.8547509339812376,0.0,-1.9514233835142059
9.126,0.0,1.3188874695533799,0.0,-0.8586519065663104,0.0,-1.9495471187242273
9.128,0.0,1.3171662679031007,0.0,-0.8625491141255767,0.0,-1.9476583581041231
9.13,0.0,1.315437275623553,0.0,-0.8664425316698109,0.0,-1.945757104108281
9.132,0.0,1.3137005003197544,0.0,-0.8703321342147805,0.0,-1.94384335927173
9.134,0.0,1.31195594964668,0.0,-0.8742178967814123,0.0,-1.9419171262102093
9.136000000000001,0.0,1.3102036313092627,0.0,-0.8780997943959363,0.0,-1.9399784076202442
9.138,0.0,1.308443553062377,0.0,-0.8819778020900563,0.0,-1.9380272062792117
9.14,0.0,1.3066757227108239,0.0,-0.8858518949011245,0.0,-1.9360635250454112
9.142,0.0,1.3049001481093332,0.0,-0.8897220478722657,0.0,-1.9340873668581426
9.144,0.0,1.3031168371625308,0.0,-0.8935882360525953,0.0,-1.9320987347377578
9.146,0.0,1.3013257978249464,0.0,-0.8974504344973286,0.0,-1.930097631785745
9.148,0.0,1.2995270381009907,0.0,-0.9013086182679712,0.0,-1.9280840611847885
9.15,0.0,1.2977205660449451,0.0,-0.9051627624324763,0.0,-1.9260580261988425
9.152000000000001,0.0,1.295906389760947,0.0,-0.9090128420654082,0.0,-1.924019530173189
9.154,0.0,1.2940845174029851,0.0,-0.9128588322480893,0.0,-1.921968576534519
9.156,0.0,1.292254957174863,0.0,-0.9167007080688075,0.0,-1.9199051687909714
9.158,0.0,1.2904177173302211,0.0,-0.9205384446229073,0.0,-1.9178293105322417
9.16,0.0,1.2885728061724824,0.0,-0.9243720170130353,0.0,-1.9157410054295974
9.162,0.0,1.2867202320548696,0.0,-0.9282014003492348,0.0,-1.9136402572359827
9.164,0.0,1.284860003380377,0.0,-0.9320265697491388,0.0,-1.9115270697860671
9.166,0.0,1.2829921286017476,0.0,-0.9358475003381493,0.0,-1.9094014469963003
9.168000000000001,0.0,1.2811166162214744,0.0,-0.9396641672495656,0.0,-1.9072633928649938
9.17,0.0,1.2792334747917733,0.0,-0.9434765456247676,0.0,-1.9051129114723715
9.172,0.0,1.277342712914566,0.0,-0.9472846106133878,0.0,-1.902950006980634
9.174,0.0,1.2754443392414734,0.0,-0.9510883373734497,0.0,-1.9007746836340262
9.176,0.0,1.2735383624737815,0.0,-0.9548877010715672,0.0,-1.8985869457588846
9.178,0.0,1.2716247913624437,0.0,-0.958682676883073,0.0,-1.8963867977637183
9.18,0.0,1.2697036347080513,0.0,-0.9624732399922006,0.0,-1.894174244139255
9.182,0.0,1.2677749013608146,0.0,-0.966259365592257,0.0,-1.8919492894585015
9.184000000000001,0.0,1.2658386002205522,0.0,-0.9700410288857678,0.0,-1.8897119383768108
9.186,0.0,1.26389474023667,0.0,-0.9738182050846501,0.0,-1.8874621956319388
9.188,0.0,1.2619433304081298,0.0,-0.9775908694103975,0.0,-1.8852000660440873
9.19,0.0,1.2599843797834558,0.0,-0.9813589970941995,0.0,-1.8829255545159953
9.192,0.0,1.2580178974606877,0.0,-0.9851225633771549,0.0,-1.8806386660329584
9.194,0.0,1.25604389258738,0.0,-0.9888815435104056,0.0,-1.878339405662916
9.196,0.0,1.254062374360573,0.0,-0.992635912755312,0.0,-1.8760277785564912
9.198,0.0,1.2520733520267697,0.0,-0.9963856463836283,0.0,-1.873703789947046
9.200000000000001,0.0,1.2500768348819267,0.0,-1.0001307196776437,0.0,-1.8713674451507536
9.202,0.0,1.2480728322714214,0.0,-1.0038711079303686,0.0,-1.8690187495666346
9.204,0.0,1.2460613535900302,0.0,-1.0076067864457041,0.0,-1.8666577086766143
9.206,0.0,1.2440424082819206,0.0,-1.0113377305385793,0.0,-1.8642843280455952
9.208,0.0,1.242016005840609,0.0,-1.0150639155351528,0.0,-1.8618986133214803
9.21,0.0,1.2399821558089517,0.0,-1.018785316772957,0.0,-1.8595005702352512
9.212,0.0,1.2379408677791228,0.0,-1.022501909601062,0.0,-1.8570902046010147
9.214,0.0,1.2358921513925796,0.0,-1.0262136693802604,0.0,-1.8546675223160425
9.216000000000001,0.0,1.2338360163400521,0.0,-1.029920571483212,0.0,-1.8522325293608415
9.218,0.0,1.2317724723615087,0.0,-1.0336225912946295,0.0,-1.84978523179919
9.22,0.0,1.229701529246138,0.0,-1.0373197042114326,0.0,-1.8473256357781933
9.222,0.0,1.2276231968323215,0.0,-1.0410118856429191,0.0,-1.8448537475283355
9.224,0.0,1.2255374850076084,0.0,-1.0446991110109345,0.0,-1.842369573363526
9.226,0.0,1.2234444037086956,0.0,-1.048381355750029,0.0,-1.8398731196811509
9.228,0.0,1.2213439629213978,0.0,-1.0520585953076302,0.0,-1.837364392962128
9.23,0.0,1.2192361726806127,0.0,-1.0557308051442278,0.0,-1.8348433997709264
9.232,0.0,1.2171210430703197,0.0,-1.0593979607334956,0.0,-1.8323101467556613
9.234,0.0,1.2149985842235211,0.0,-1.0630600375625172,0.0,-1.8297646406480927
9.236,0.0,1.2128688063222404,0.0,-1.066717011131906,0.0,-1.8272068882637014
9.238,0.0,1.2107317195974912,0.0,-1.070368856955984,0.0,-1.8246368965017374
9.24,0.0,1.2085873343292304,0.0,-1.0740155505629778,0.0,-1.8220546723452349
9.242,0.0,1.2064356608463538,0.0,-1.0776570674951482,0.0,-1.8194602228610877
9.244,0.0,1.2042767095266615,0.0,-1.0812933833089697,0.0,-1.8168535552000897
9.246,0.0,1.2021104907968176,0.0,-1.084924473575317,0.0,-1.8142346765969595
9.248,0.0,1.1999370151323367,0.0,-1.0885503138796047,0.0,-1.8116035943704039
9.25,0.0,1.1977562930575405,0.0,-1.0921708798219831,0.0,-1.8089603159231458
9.252,0.0,1.1955683351455437,0.0,-1.0957861470174786,0.0,-1.8063048487419822
9.254,0.0,1.1933731520182156,0.0,-1.0993960910961738,0.0,-1.803637200397816
9.256,0.0,1.1911707543461423,0.0,-1.1030006877033929,0.0,-1.800957378545693
9.258000000000001,0.0,1.1889611528486084,0.0,-1.1065999124998447,0.0,-1.7982653909248496
9.26,0.0,1.1867443582935666,0.0,-1.1101937411617928,0.0,-1.7955612453587584
9.262,0.0,1.1845203814975886,0.0,-1.1137821493812543,0.0,-1.7928449497551475
9.264,0.0,1.1822892333258657,0.0,-1.1173651128661133,0.0,-1.7901165121060743
9.266,0.0,1.1800509246921325,0.0,-1.1209426073403626,0.0,-1.787375940487915
9.268,0.0,1.1778054665586828,0.0,-1.1245146085441948,0.0,-1.7846232430614573
9.27,0.0,1.1755528699362998,0.0,-1.1280810922342293,0.0,-1.7818584280718932
9.272,0.0,1.1732931458842395,0.0,-1.1316420341836586,0.0,-1.7790815038488799
9.274000000000001,0.0,1.171026305510199,0.0,-1.1351974101824107,0.0,-1.7762924788065737
9.276,0.0,1.1687523599702758,0.0,-1.138747196037331,0.0,-1.773491361443658
9.278,0.0,1.16647132046893,0.0,-1.1422913675723585,0.0,-1.7706781603433772
9.28,0.0,1.1641831982589728,0.0,-1.1458299006286559,0.0,-1.767852884173595
9.282,0.0,1.1618880046414977,0.0,-1.1493627710648364,0.0,-1.7650155416867912
9.284,0.0,1.1595857509658736,0.0,-1.152889954757086,0.0,-1.7621661417201258
9.286,0.0,1.1572764486297022,0.0,-1.1564114275993447,0.0,-1.759304693195466
9.288,0.0,1.1549601090787696,0.0,-1.1599271655034973,0.0,-1.7564312051194046
9.290000000000001,0.0,1.1526367438070264,0.0,-1.1634371443995153,0.0,-1.7535456865833077
9.292,0.0,1.1503063643565459,0.0,-1.166941340235638,0.0,-1.750648146763341
9.294,0.0,1.1479689823174792,0.0,-1.1704397289785522,0.0,-1.7477385949204947
9.296,0.0,1.145624609328037,0.0,-1.173932286613534,0.0,-1.7448170404006318
9.298,0.0,1.1432732570744295,0.0,-1.1774189891446534,0.0,-1.7418834926344942
9.3,0.0,1.140914937290844,0.0,-1.1808998125949193,0.0,-1.7389379611377476
9.302,0.0,1.1385496617594093,0.0,-1.1843747330064491,0.0,-1.7359804555110152
9.304,0.0,1.136177442310137,0.0,-1.1878437264406647,0.0,-1.7330109854398819
9.306000000000001,0.0,1.1337982908209099,0.0,-1.1913067689784265,0.0,-1.7300295606949543
9.308,0.0,1.1314122192174234,0.0,-1.194763836720228,0.0,-1.7270361911318626
9.31,0.0,1.1290192394731489,0.0,-1.1982149057863638,0.0,-1.7240308866912928
9.312,0.0,1.1266193636093007,0.0,-1.2016599523170917,0.0,-1.721013657399022
9.314,0.0,1.1242126036947966,0.0,-1.2050989524727986,0.0,-1.717984513365939
9.316,0.0,1.1217989718462054,0.0,-1.208531882434191,0.0,-1.7149434647880648
9.318,0.0,1.1193784802277236,0.0,-1.2119587184024385,0.0,-1.7118905219465872
9.32,0.0,1.1169511410511117,0.0,-1.2153794365993758,0.0,-1.7088256952078633
9.322000000000001,0.0,1.1145169665756767,0.0,-1.218794013267641,0.0,-1.7057489950234732
9.324,0.0,1.112075969108218,0.0,-1.222202424670862,0.0,-1.7026604319302225
9.326,0.0,1.1096281610029823,0.0,-1.2256046470938329,0.0,-1.6995600165501668
9.328,0.0,1.1071735546616277,0.0,-1.2290006568426721,0.0,-1.6964477595906367
9.33,0.0,1.1047121625331766,0.0,-1.232390430245002,0.0,-1.6933236718442553
9.332,0.0,1.1022439971139764,0.0,-1.2357739436501123,0.0,-1.6901877641889649
9.334,0.0,1.0997690709476595,0.0,-1.2391511734291272,0.0,-1.6870400475880516
9.336,0.0,1.0972873966250831,0.0,-1.242522095975197,0.0,-1.6838805330901387
9.338000000000001,0.0,1.0947989867843033,0.0,-1.2458866877036452,0.0,-1.6807092318292365
9.34,0.0,1.0923038541105232,0.0,-1.2492449250521487,0.0,-1.6775261550247464
9.342,0.0,1.089802011336041,0.0,-1.2525967844809172,0.0,-1.674331313981468
9.344,0.0,1.0872934712402258,0.0,-1.2559422424728386,0.0,-1.6711247200896522
9.346,0.0,1.084778246649439,0.0,-1.2592812755336904,0.0,-1.6679063848249611
9.348,0.0,1.0822563504370244,0.0,-1.2626138601922645,0.0,-1.6646763197485444
9.35,0.0,1.0797277955232372,0.0,-1.265939973000573,0.0,-1.6614345365070142
9.352,0.0,1.077192594875206,0.0,-1.269259590534002,0.0,-1.6581810468324731
9.354000000000001,0.0,1.0746507615068857,0.0,-1.2725726893914902,0.0,-1.6549158625425298
9.356,0.0,1.0721023084790096,0.0,-1.2758792461956951,0.0,-1.6516389955403104
9.358,0.0,1.0695472488990418,0.0,-1.2791792375931668,0.0,-1.6483504578144712
9.36,0.0,1.0669855959211307,0.0,-1.282472640254515,0.0,-1.645050261439215
9.362,0.0,1.0644173627460525,0.0,-1.2857594308745943,0.0,-1.6417384185742916
9.364,0.0,1.061842562621178,0.0,-1.2890395861726511,0.0,-1.6384149414650284
9.366,0.0,1.0592612088404156,0.0,-1.2923130828925087,0.0,-1.635079842442331
9.368,0.0,1.0566733147441476,0.0,-1.2955798978027546,0.0,-1.631733133922676
9.370000000000001,0.0,1.0540788937192116,0.0,-1.298840007696873,0.0,-1.6283748284081596
9.372,0.0,1.0514779591988273,0.0,-1.3020933893934454,0.0,-1.6250049384864789
9.374,0.0,1.0488705246625427,0.0,-1.3053400197363259,0.0,-1.6216234768309323
9.376,0.0,1.0462566036362055,0.0,-1.3085798755947837,0.0,-1.618230456200458
9.378,0.0,1.0436362096918923,0.0,-1.311812933863703,0.0,-1.6148258894396181
9.38,0.0,1.041009356447864,0.0,-1.31503917146374,0.0,-1.6114097894786092
9.382,0.0,1.038376057568518,0.0,-1.3182585653414944,0.0,-1.6079821693332776
9.384,0.0,1.0357363267643305,0.0,-1.3214710924696844,0.0,-1.604543042105117
9.386000000000001,0.0,1.0330901777918058,0.0,-1.3246767298473172,0.0,-1.6010924209812725
9.388,0.0,1.030437624453428,0.0,-1.3278754544998554,0.0,-1.5976303192345565
9.39,0.0,1.02777868059759,0.0,-1.3310672434794093,0.0,-1.594156750223423
9.392,0.0,1.025113360118573,0.0,-1.3342520738648678,0.0,-1.5906717273920183
9.394,0.0,1.022441676956458,0.0,-1.3374299227621136,0.0,-1.5871752642701382
9.396,0.0,1.0197636450970928,0.0,-1.340600767304166,0.0,-1.583667374473253
9.398,0.0,1.0170792785720382,0.0,-1.3437645846513555,0.0,-1.5801480717025156
9.4,0.0,1.0143885914584927,0.0,-1.3469213519915164,0.0,-1.5766173697447325
9.402000000000001,0.0,1.011691597879267,0.0,-1.3500710465401229,0.0,-1.5730752824724035
9.404,0.0,1.0089883120027006,0.0,-1.3532136455404973,0.0,-1.569521823843683
9.406,0.0,1.006278748042622,0.0,-1.356349126263956,0.0,-1.565957007902406
9.408,0.0,1.0035629202582974,0.0,-1.3594774660099822,0.0,-1.5623808487780837
9.41,0.0,1.00084084295435,0.0,-1.3625986421064202,0.0,-1.5587933606858801
9.412,0.0,0.9981125304807315,0.0,-1.365712631909616,0.0,-1.5551945579266373
9.414,0.0,0.995377997232652,0.0,-1.3688194128046034,0.0,-1.551584454886861
9.416,0.0,0.992637257650511,0.0,-1.371918962205288,0.0,-1.5479630660386996
9.418000000000001,0.0,0.9898903262198651,0.0,-1.3750112575545899,0.0,-1.544330405939974
9.42,0.0,0.9871372174713458,0.0,-1.3780962763246416,0.0,-1.5406864892341394
9.422,0.0,0.9843779459806168,0.0,-1.3811739960169418,0.0,-1.5370313306503038
9.424,0.0,0.9816125263683115,0.0,-1.3842443941625302,0.0,-1.533364945003213
9.426,0.0,0.97884097329996,0.0,-1.387307448322175,0.0,-1.529687347193226
9.428,0.0,0.9760633014859519,0.0,-1.3903631360865187,0.0,-1.5259985522063433
9.43,0.0,0.9732795256814646,0.0,-1.3934114350762612,0.0,-1.522298575114173
9.432,0.0,0.9704896606863973,0.0,-1.3964523229423407,0.0,-1.5185874310739251
9.434000000000001,0.0,0.9676937213453228,0.0,-1.3994857773660863,0.0,-1.5148651353284097
9.436,0.0,0.9648917225474214,0.0,-1.4025117760594001,0.0,-1.5111317032060259
9.438,0.0,0.9620836792264122,0.0,-1.4055302967649326,0.0,-1.507387150120739
9.44,0.0,0.9592696063605064,0.0,-1.4085413172562378,0.0,-1.5036314915720894
9.442,0.0,0.9564495189723269,0.0,-1.4115448153379673,0.0,-1.4998647431451586
9.444,0.0,0.9536234321288684,0.0,-1.414540768846014,0.0,-1.496086920510584
9.446,0.0,0.9507913609414163,0.0,-1.417529155647705,0.0,-1.4922980394245227
9.448,0.0,0.9479533205654829,0.0,-1.4205099536419705,0.0,-1.488498115728635
9.450000000000001,0.0,0.9451093262007646,0.0,-1.423483140759498,0.0,-1.4846871653501015
9.452,0.0,0.9422593930910572,0.0,-1.4264486949629205,0.0,-1.480865204301578
9.454,0.0,0.9394035365241936,0.0,-1.4294065942469873,0.0,-1.4770322486811789
9.456,0.0,0.9365417718319988,0.0,-1.432356816638717,0.0,-1.4731883146724956
9.458,0.0,0.9336741143901952,0.0,-1.4352993401975955,0.0,-1.4693334185445315
9.46,0.0,0.9308005796183663,0.0,-1.4382341430157202,0.0,-1.4654675766517258
9.462,0.0,0.9279211829798781,0.0,-1.4411612032179828,0.0,-1.4615908054339226
9.464,0.0,0.9250359399818016,0.0,-1.4440804989622529,0.0,-1.4577031214163287
9.466000000000001,0.0,0.9221448661748737,0.0,-1.4469920084395211,0.0,-1.4538045412095382
9.468,0.0,0.9192479771534074,0.0,-1.449895709874092,0.0,-1.449895081509474
9.47,0.0,0.9163452885552341,0.0,-1.4527915815237493,0.0,-1.4459747590973866
9.472,0.0,0.913436816061642,0.0,-1.4556796016799163,0.0,-1.4420435908398366
9.474,0.0,0.9105225753972941,0.0,-1.4585597486678445,0.0,-1.4381015936886552
9.476,0.0,0.9076025823301753,0.0,-1.461432000846767,0.0,-1.4341487846809398
9.478,0.0,0.9046768526715205,0.0,-1.4642963366100745,0.0,-1.4301851809390296
9.48,0.0,0.9017454022757281,0.0,-1.4671527343855026,0.0,-1.4262107996704532
9.482,0.0,0.8988082470403282,0.0,-1.4700011726352666,0.0,-1.422225658167961
9.484,0.0,0.8958654029058767,0.0,-1.472841629856266,0.0,-1.4182297738094434
9.486,0.0,0.8929168858559008,0.0,-1.4756740845802416,0.0,-1.4142231640579312
9.488,0.0,0.8899627119168423,0.0,-1.4784985153739336,0.0,-1.4102058464615856
9.49,0.0,0.8870028971579593,0.0,-1.4813149008392774,0.0,-1.4061778386536337
9.492,0.0,0.8840374576912771,0.0,-1.4841232196135532,0.0,-1.402139158352369
9.494,0.0,0.8810664096715197,0.0,-1.4869234503695565,0.0,-1.3980898233611299
9.496,0.0,0.8780897692960081,0.0,-1.489715571815793,0.0,-1.3940298515682261
9.498,0.0,0.8751075528046341,0.0,-1.492499562696609,0.0,-1.3899592609469742
9.5,0.0,0.8721197764797459,0.0,-1.4952754017923988,0.0,-1.3858780695556079
9.502,0.0,0.869126456646107,0.0,-1.4980430679197485,0.0,-1.3817862955372922
9.504,0.0,0.8661276096708117,0.0,-1.5008025399316136,0.0,-1.3776839571200747
9.506,0.0,0.8631232519632013,0.0,-1.5035537967175006,0.0,-1.3735710726168384
9.508000000000001,0.0,0.8601133999748074,0.0,-1.506296817203621,0.0,-1.3694476604252936
9.51,0.0,0.8570980701992774,0.0,-1.5090315803530634,0.0,-1.3653137390279442
9.512,0.0,0.8540772791722883,0.0,-1.5117580651659712,0.0,-1.3611693269920349
9.514,0.0,0.8510510434714817,0.0,-1.5144762506797043,0.0,-1.3570144429695319
9.516,0.0,0.848019379716388,0.0,-1.517186115969013,0.0,-1.352849105697086
9.518,0.0,0.8449823045683473,0.0,-1.5198876401462056,0.0,-1.3486733339959904
9.52,0.0,0.841939834730445,0.0,-1.5225808023613134,0.0,-1.344487146772161
9.522,0.0,0.838891986947419,0.0,-1.525265581802271,0.0,-1.3402905630160762
9.524000000000001,0.0,0.8358387780056,0.0,-1.527941957695073,0.0,-1.3360836018027604
9.526,0.0,0.8327802247328311,0.0,-1.5306099093039462,0.0,-1.331866282291741
9.528,0.0,0.8297163439983729,0.0,-1.5332694159315352,0.0,-1.3276386237269857
9.53,0.0,0.8266471527128642,0.0,-1.535920456919037,0.0,-1.3234006454369138
9.532,0.0,0.823572667828205,0.0,-1.538563011646405,0.0,-1.319152366834302
9.534,0.0,0.8204929063375055,0.0,-1.5411970595324966,0.0,-1.3148938074162813
9.536,0.0,0.8174078852749992,0.0,-1.5438225800352452,0.0,-1.310624986764282
9.538,0.0,0.8143176217159576,0.0,-1.5464395526518386,0.0,-1.3063459245439835
9.540000000000001,0.0,0.8112221327766249,0.0,-1.5490479569188746,0.0,-1.302056640505291
9.542,0.0,0.8081214356141333,0.0,-1.5516477724125337,0.0,-1.2977571544822817
9.544,0.0,0.8050155474264136,0.0,-1.554238978748758,0.0,-1.2934474863931507
9.546,0.0,0.80190448545214,0.0,-1.5568215555833953,0.0,-1.2891276562401974
9.548,0.0,0.7987882669706179,0.0,-1.5593954826123984,0.0,-1.2847976841097377
9.55,0.0,0.7956669093017354,0.0,-1.561960739571963,0.0,-1.2804575901721023
9.552,0.0,0.792540429805862,0.0,-1.5645173062387145,0.0,-1.2761073946815602
9.554,0.0,0.7894088458837656,0.0,-1.5670651624298768,0.0,-1.271747117976271
9.556000000000001,0.0,0.7862721749765536,0.0,-1.5696042880034238,0.0,-1.2673767804782676
9.558,0.0,0.7831304345655663,0.0,-1.572134662858263,0.0,-1.2629964026933738
9.56,0.0,0.7799836421723081,0.0,-1.5746562669343962,0.0,-1.2586060052111718
9.562,0.0,0.7768318153583624,0.0,-1.5771690802130889,0.0,-1.2542056087049518
9.564,0.0,0.7736749717253056,0.0,-1.5796730827170367,0.0,-1.249795233931654
9.566,0.0,0.7705131289146347,0.0,-1.58216825451053,0.0,-1.2453749017318372
9.568,0.0,0.7673463046076667,0.0,-1.584654575699628,0.0,-1.2409446330295963
9.57,0.0,0.7641745165254722,0.0,-1.5871320264323183,0.0,-1.2365044488325407
9.572000000000001,0.0,0.7609977824287804,0.0,-1.5896005868986889,0.0,-1.2320543702317244
9.574,0.0,0.7578161201179033,0.0,-1.5920602373310888,0.0,-1.2275944184016019
9.576,0.0,0.7546295474326298,0.0,-1.5945109580043122,0.0,-1.2231246145999464
9.578,0.0,0.7514380822521819,0.0,-1.596952729235733,0.0,-1.2186449801678543
9.58,0.0,0.7482417424950785,0.0,-1.599385531385509,0.0,-1.2141555365296148
9.582,0.0,0.7450405461190893,0.0,-1.6018093448567199,0.0,-1.209656305192713
9.584,0.0,0.7418345111211395,0.0,-1.6042241500955403,0.0,-1.2051473077477581
9.586,0.0,0.7386236555372069,0.0,-1.6066299275914169,0.0,-1.2006285658684026
9.588000000000001,0.0,0.7354079974422472,0.0,-1.6090266578772274,0.0,-1.1961001013113033
9.59,0.0,0.7321875549501207,0.0,-1.6114143215294354,0.0,-1.1915619359160787
9.592,0.0,0.7289623462134744,0.0,-1.6137928991682782,0.0,-1.187014091605209
9.594,0.0,0.7257323894236809,0.0,-1.6161623714579145,0.0,-1.1824565903840134
9.596,0.0,0.7224977028107399,0.0,-1.6185227191065963,0.0,-1.1778894543405731
9.598,0.0,0.7192583046431811,0.0,-1.6208739228668405,0.0,-1.173312705645659
9.6,0.0,0.7160142132280013,0.0,-1.6232159635355785,0.0,-1.1687263665527066
9.602,0.0,0.7127654469105401,0.0,-1.6255488219543415,0.0,-1.1641304593977004
9.604000000000001,0.0,0.7095120240744256,0.0,-1.6278724790094061,0.0,-1.159525006599165
9.606,0.0,0.7062539631414592,0.0,-1.6301869156319742,0.0,-1.1549100306580613
9.608,0.0,0.7029912825715348,0.0,-1.6324921127983314,0.0,-1.1502855541577353
9.61,0.0,0.6997240008625578,0.0,-1.6347880515300068,0.0,-1.1456515997638679
9.612,0.0,0.6964521365503289,0.0,-1.6370747128939538,0.0,-1.1410081902243705
9.614,0.0,0.6931757082084832,0.0,-1.6393520780026944,0.0,-1.1363553483693627
9.616,0.0,0.689894734448383,0.0,-1.6416201280144942,0.0,-1.1316930971110826
9.618,0.0,0.686609233919021,0.0,-1.6438788441335315,0.0,-1.1270214594438095
9.620000000000001,0.0,0.6833192253069447,0.0,-1.6461282076100459,0.0,-1.12234045844382
9.622,0.0,0.6800247273361482,0.0,-1.64836819974052,0.0,-1.1176501172692987
9.624,0.0,0.6767257587679858,0.0,-1.6505988018678317,0.0,-1.112950459160271
9.626,0.0,0.6734223384010872,0.0,-1.652819995381417,0.0,-1.10824150743855
9.628,0.0,0.6701144850712468,0.0,-1.6550317617174446,0.0,-1.1035232855076373
9.63,0.0,0.6668022176513465,0.0,-1.6572340823589644,0.0,-1.0987958168526748
9.632,0.0,0.6634855550512557,0.0,-1.6594269388360812,0.0,-1.0940591250403655
9.634,0.0,0.660164516217729,0.0,-1.6616103127261175,0.0,-1.0893132337188858
9.636000000000001,0.0,0.6568391201343261,0.0,-1.6637841856537694,0.0,-1.084558166617834
9.638,0.0,0.6535093858213075,0.0,-1.665948539291275,0.0,-1.0797939475481428
9.64,0.0,0.6501753323355415,0.0,-1.6681033553585762,0.0,-1.0750206004020064
9.642,0.0,0.6468369787704135,0.0,-1.6702486156234764,0.0,-1.0702381491528103
9.644,0.0,0.6434943442557084,0.0,-1.6723843019018185,0.0,-1.0654466178550275
9.646,0.0,0.6401474479575506,0.0,-1.6745103960576229,0.0,-1.0606460306441885
9.648,0.0,0.6367963090782858,0.0,-1.6766268800032622,0.0,-1.0558364117367742
9.65,0.0,0.6334409468563718,0.0,-1.6787337356996348,0.0,-1.0510177854301235
9.652000000000001,0.0,0.6300813805663128,0.0,-1.6808309451563022,0.0,-1.0461901761023917
9.654,0.0,0.6267176295185382,0.0,-1.682918490431666,0.0,-1.0413536082124415
9.656,0.0,0.623349713059304,0.0,-1.6849963536331343,0.0,-1.0365081062997623
9.658,0.0,0.6199776505706194,0.0,-1.6870645169172607,0.0,-1.0316536949844197
9.66,0.0,0.6166014614701092,0.0,-1.6891229624899358,0.0,-1.026790398966923
9.662,0.0,0.6132211652109614,0.0,-1.691171672606515,0.0,-1.021918243028205
9.664,0.0,0.6098367812817865,0.0,-1.6932106295720057,0.0,-1.0170372520294797
9.666,0.0,0.606448329206538,0.0,-1.6952398157412187,0.0,-1.0121474509121902
9.668000000000001,0.0,0.6030558285444167,0.0,-1.697259213518922,0.0,-1.0072488646979256
9.67,0.0,0.5996592988897542,0.0,-1.6992688053600118,0.0,-1.0023415184883142
9.672,0.0,0.596258759871932,0.0,-1.7012685737696642,0.0,-0.9974254374649665
9.674,0.0,0.5928542311552633,0.0,-1.7032585013035002,0.0,-0.9925006468893613
9.676,0.0,0.5894457324388993,0.0,-1.7052385705677455,0.0,-0.9875671721027716
9.678,0.0,0.5860332834567332,0.0,-1.7072087642193843,0.0,-0.982625038526181
9.68,0.0,0.5826169039772934,0.0,-1.7091690649663216,0.0,-0.9776742716601898
9.682,0.0,0.5791966138036339,0.0,-1.7111194555675497,0.0,-0.9727148970849164
9.684000000000001,0.0,0.5757724327732443,0.0,-1.7130599188332956,0.0,-0.9677469404599212
9.686,0.0,0.57234438075795,0.0,-1.7149904376251808,0.0,-0.9627704275241216
9.688,0.0,0.5689124776637866,0.0,-1.7169109948563943,0.0,-0.95778538409567
9.69,0.0,0.5654767434309245,0.0,-1.7188215734918306,0.0,-0.9527918360718992
9.692,0.0,0.5620371980335419,0.0,-1.7207221565482664,0.0,-0.9477898094291974
9.694,0.0,0.5585938614797367,0.0,-1.7226127270945049,0.0,-0.9427793302229376
9.696,0.0,0.5551467538114243,0.0,-1.7244932682515368,0.0,-0.9377604245873856
9.698,0.0,0.5516958951042115,0.0,-1.7263637631927071,0.0,-0.9327331187355747
9.700000000000001,0.0,0.5482413054673125,0.0,-1.7282241951438622,0.0,-0.9276974389592414
9.702,0.0,0.5447830050434429,0.0,-1.7300745473835075,0.0,-0.9226534116287263
9.704,0.0,0.5413210140087006,0.0,-1.7319148032429712,0.0,-0.9176010631928586
9.706,0.0,0.5378553525724704,0.0,-1.733744946106558,0.0,-0.9125404201788748
9.708,0.0,0.5343860409773156,0.0,-1.7355649594117024,0.0,-0.9074715091923139
9.71,0.0,0.5309130994988687,0.0,-1.7373748266491333,0.0,-0.9023943569169197
9.712,0.0,0.5274365484457375,0.0,-1.7391745313630167,0.0,-0.8973089901145548
9.714,0.0,0.5239564081593701,0.0,-1.740964057151131,0.0,-0.8922154356250624
9.716000000000001,0.0,0.5204726990139805,0.0,-1.742743387665004,0.0,-0.8871137203662145
9.718,0.0,0.5169854414164234,0.0,-1.7445125066100784,0.0,-0.8820038713335814
9.72,0.0,0.5134946558060809,0.0,-1.7462713977458695,0.0,-0.8768859156004252
9.722,0.0,0.5100003626547741,0.0,-1.748020044886111,0.0,-0.8717598803176255
9.724,0.0,0.5065025824666227,0.0,-1.7497584318989239,0.0,-0.8666257927135265
9.726,0.0,0.5030013357779782,0.0,-1.7514865427069548,0.0,-0.8614836800938978
9.728,0.0,0.4994966431572817,0.0,-1.7532043612875425,0.0,-0.8563335698417806
9.73,0.0,0.49598852520496284,0.0,-1.7549118716728707,0.0,-0.8511754894173924
9.732,0.0,0.4924770025533338,0.0,-1.7566090579501188,0.0,-0.8460094663580291
9.734,0.0,0.4889620958664753,0.0,-1.7582959042616202,0.0,-0.840835528277951
9.736,0.0,0.48544382584013035,0.0,-1.759972394805011,0.0,-0.8356537028682813
9.738,0.0,0.481922213201599,0.0,-1.7616385138333839,0.0,-0.8304640178969072
9.74,0.0,0.4783972787096017,0.0,-1.7632942456554526,0.0,-0.8252665012083318
9.742,0.0,0.47486904315420336,0.0,-1.764939574635686,0.0,-0.8200611807236169
9.744,0.0,0.4713375273566768,0.0,-1.7665744851944785,0.0,-0.8148480844402384
9.746,0.0,0.46780275216939,0.0,-1.7681989618082954,0.0,-0.8096272404319695
9.748,0.0,0.46426473847571986,0.0,-1.769812989009821,0.0,-0.8043986768488129
9.75,0.0,0.4607235071899012,0.0,-1.771416551388123,0.0,-0.7991624219168275
9.752,0.0,0.45717907925695184,0.0,-1.7730096335887897,0.0,-0.7939185039380736
9.754,0.0,0.4536314756525342,0.0,-1.774592220314093,0.0,-0.7886669512904616
9.756,0.0,0.4500807173828419,0.0,-1.7761642963231394,0.0,-0.7834077924276378
9.758000000000001,0.0,0.44652682548450584,0.0,-1.777725846432013,0.0,-0.7781410558788981
9.76,0.0,0.4429698210244678,0.0,-1.7792768555139318,0.0,-0.7728667702490553
9.762,0.0,0.43940972509985066,0.0,-1.7808173084994063,0.0,-0.7675849642182987
9.764,0.0,0.4358465588378765,0.0,-1.7823471903763732,0.0,-0.7622956665421261
9.766,0.0,0.43228034339572374,0.0,-1.7838664861903624,0.0,-0.7569989060511865
9.768,0.0,0.4287110999604199,0.0,-1.7853751810446388,0.0,-0.7516947116511691
9.77,0.0,0.4251388497487455,0.0,-1.7868732601003463,0.0,-0.7463831123227179
9.772,0.0,0.42156361400707276,0.0,-1.7883607085766788,0.0,-0.7410641371212427
9.774000000000001,0.0,0.41798541401130584,0.0,-1.7898375117510024,0.0,-0.7357378151768815
9.776,0.0,0.4144042710667174,0.0,-1.7913036549590247,0.0,-0.7304041756943106
9.778,0.0,0.41082020650785317,0.0,-1.792759123594938,0.0,-0.725063247952655
9.78,0.0,0.40723324169841946,0.0,-1.7942039031115629,0.0,-0.719715061305371
9.782,0.0,0.4036433980311478,0.0,-1.7956379790205053,0.0,-0.7143596451800988
9.784,0.0,0.400050696927693,0.0,-1.797061336892299,0.0,-0.7089970290785593
9.786,0.0,0.3964551598385173,0.0,-1.7984739623565509,0.0,-0.7036272425764345
9.788,0.0,0.3928568082427491,0.0,-1.7998758411021014,0.0,-0.6982503153232084
9.790000000000001,0.0,0.38925566364809006,0.0,-1.8012669588771577,0.0,-0.6928662770420771
9.792,0.0,0.3856517475906832,0.0,-1.8026473014894473,0.0,-0.6874751575298049
9.794,0.0,0.38204508163499695,0.0,-1.804016854806368,0.0,-0.6820769866566019
9.796,0.0,0.37843568737370464,0.0,-1.8053756047551268,0.0,-0.6766717943659915
9.798,0.0,0.37482358642756536,0.0,-1.8067235373228963,0.0,-0.6712596106746874
9.8,0.0,0.3712088004453014,0.0,-1.8080606385569513,0.0,-0.6658404656724564
9.802,0.0,0.3675913511034904,0.0,-1.8093868945648184,0.0,-0.6604143895220083
9.804,0.0,0.3639712601064191,0.0,-1.8107022915144282,0.0,-0.6549814124588289
9.806000000000001,0.0,0.36034854918598574,0.0,-1.81200681563425,0.0,-0.6495415647910799
9.808,0.0,0.35672324010157597,0.0,-1.8133004532134418,0.0,-0.6440948768994657
9.81,0.0,0.35309535463992603,0.0,-1.8145831906019991,0.0,-0.6386413792370762
9.812,0.0,0.34946491461502416,0.0,-1.8158550142108911,0.0,-0.6331811023292887
9.814,0.0,0.3458319418679574,0.0,-1.8171159105122154,0.0,-0.6277140767735863
9.816,0.0,0.3421964582668231,0.0,-1.8183658660393325,0.0,-0.6222403332394749
9.818,0.0,0.33855848570659014,0.0,-1.8196048673870133,0.0,-0.6167599024683235
9.82,0.0,0.33491804610896103,0.0,-1.8208329012115874,0.0,-0.6112728152732043
9.822000000000001,0.0,0.33127516142227686,0.0,-1.8220499542310797,0.0,-0.6057791025388007
9.824,0.0,0.3276298536213861,0.0,-1.823256013225353,0.0,-0.6002787952212557
9.826,0.0,0.3239821447074997,0.0,-1.8244510650362589,0.0,-0.5947719243480036
9.828,0.0,0.3203320567080988,0.0,-1.8256350965677715,0.0,-0.5892585210176786
9.83,0.0,0.3166796116767758,0.0,-1.8268080947861354,0.0,-0.5837386163999221
9.832,0.0,0.31302483169314393,0.0,-1.827970046720005,0.0,-0.5782122417352966
9.834,0.0,0.30936773886269153,0.0,-1.829120939460585,0.0,-0.5726794283351107
9.836,0.0,0.30570835531666163,0.0,-1.8302607601617749,0.0,-0.5671402075812867
9.838000000000001,0.0,0.30204670321192684,0.0,-1.831389496040308,0.0,-0.5615946109262181
9.84,0.0,0.29838280473086587,0.0,-1.832507134375892,0.0,-0.5560426698926305
9.842,0.0,0.2947166820812245,0.0,-1.8336136625113533,0.0,-0.5504844160734176
9.844,0.0,0.2910483574960178,0.0,-1.834709067852769,0.0,-0.5449198811315419
9.846,0.0,0.2873778532333646,0.0,-1.835793337869618,0.0,-0.5393490967998285
9.848,0.0,0.2837051915763969,0.0,-1.8368664600949098,0.0,-0.5337720948808758
9.85,0.0,0.28003039483311687,0.0,-1.83792842212533,0.0,-0.5281889072468867
9.852,0.0,0.27635348533625403,0.0,-1.8389792116213803,0.0,-0.5225995658394943
9.854000000000001,0.0,0.2726744854431711,0.0,-1.8400188163075117,0.0,-0.5170041026696692
9.856,0.0,0.2689934175357075,0.0,-1.8410472239722693,0.0,-0.5114025498175259
9.858,0.0,0.2653103040200639,0.0,-1.8420644224684246,0.0,-0.5057949394321931
9.86,0.0,0.2616251673266711,0.0,-1.8430703997131193,0.0,-0.5001813037316617
9.862,0.0,0.2579380299100586,0.0,-1.8440651436879978,0.0,-0.49456167500262843
9.864,0.0,0.2542489142487331,0.0,-1.8450486424393464,0.0,-0.48893608560035784
9.866,0.0,0.25055784284504656,0.0,-1.8460208840782306,0.0,-0.48330456794852683
9.868,0.0,0.24686483822504837,0.0,-1.8469818567806335,0.0,-0.47766715453904274
9.870000000000001,0.0,0.24316992293838652,0.0,-1.8479315487875874,0.0,-0.4720238779319399
9.872,0.0,0.23947311955815925,0.0,-1.8488699484053133,0.0,-0.466374770755197
9.874,0.0,0.235774450680779,0.0,-1.8497970440053575,0.0,-0.46071986570457385
9.876,0.0,0.23207393892586042,0.0,-1.8507128240247228,0.0,-0.45505919554348595
9.878,0.0,0.2283716069360679,0.0,-1.85161727696601,0.0,-0.4493927931028155
9.88,0.0,0.22466747737700282,0.0,-1.8525103913975456,0.0,-0.44372069128078245
9.882,0.0,0.22096157293706423,0.0,-1.8533921559535207,0.0,-0.4380429230427768
9.884,0.0,0.21725391632730867,0.0,-1.8542625593341262,0.0,-0.43235952142118755
9.886000000000001,0.0,0.21354453028133172,0.0,-1.8551215903056817,0.0,-0.42667051951526397
9.888,0.0,0.20983343755513773,0.0,-1.8559692377007733,0.0,-0.4209759504909619
9.89,0.0,0.2061206609269813,0.0,-1.8568054904183868,0.0,-0.41527584758074193
9.892,0.0,0.20240622319727344,0.0,-1.8576303374240366,0.0,-0.4095702440834704
9.894,0.0,0.19869014718840644,0.0,-1.8584437677499046,0.0,-0.403859173364193
9.896,0.0,0.19497245574466004,0.0,-1.8592457704949652,0.0,-0.39814266885403377
9.898,0.0,0.1912531717320411,0.0,-1.8600363348251228,0.0,-0.39242076404999193
9.9,0.0,0.18753231803814968,0.0,-1.860815449973343,0.0,-0.3866934925147786
9.902000000000001,0.0,0.18380991757206597,0.0,-1.8615831052397793,0.0,-0.38096088787668514
9.904,0.0,0.18008599326420266,0.0,-1.8623392899919082,0.0,-0.375222983829399
9.906,0.0,0.1763605680661567,0.0,-1.8630839936646613,0.0,-0.36947981413181713
9.908,0.0,0.17263366495059823,0.0,-1.8638172057605495,0.0,-0.36373141260791714
9.91,0.0,0.16890530691111946,0.0,-1.8645389158498002,0.0,-0.3579778131465663
9.912,0.0,0.16517551696210953,0.0,-1.8652491135704792,0.0,-0.35221904970137025
9.914,0.0,0.16144431813861357,0.0,-1.8659477886286269,0.0,-0.3464551562904973
9.916,0.0,0.15771173349619116,0.0,-1.8666349307983843,0.0,-0.3406861669965013
9.918000000000001,0.0,0.1539777861107855,0.0,-1.8673105299221207,0.0,-0.3349121159661602
9.92,0.0,0.15024249907859452,0.0,-1.8679745759105635,0.0,-0.3291330374103195
9.922,0.0,0.1465058955159158,0.0,-1.8686270587429263,0.0,-0.3233489656036916
9.924,0.0,0.14276799855903305,0.0,-1.8692679684670348,0.0,-0.3175599348847222
9.926,0.0,0.13902883136404443,0.0,-1.8698972951994572,0.0,-0.31176597965536457
9.928,0.0,0.13528841710676998,0.0,-1.8705150291256256,0.0,-0.305967134380977
9.93,0.0,0.13154677898257924,0.0,-1.8711211604999682,0.0,-0.30016343359009595
9.932,0.0,0.12780394020625857,0.0,-1.8717156796460344,0.0,-0.2943549118742701
9.934000000000001,0.0,0.12405992401188329,0.0,-1.8722985769566176,0.0,-0.2885416038879025
9.936,0.0,0.12031475365268171,0.0,-1.8728698428938824,0.0,-0.2827235443480791
9.938,0.0,0.11656845240087248,0.0,-1.8734294679894925,0.0,-0.2769007680343559
9.94,0.0,0.11282104354755451,0.0,-1.8739774428447302,0.0,-0.2710733097886273
9.942,0.0,0.10907255040254119,0.0,-1.8745137581306266,0.0,-0.26524120451490774
9.944,0.0,0.10532299629424727,0.0,-1.8750384045880808,0.0,-0.2594044871791952
9.946,0.0,0.10157240456953572,0.0,-1.875551373027986,0.0,-0.2535631928092717
9.948,0.0,0.09782079859356438,0.0,-1.8760526543313534,0.0,-0.2477173564945031
9.950000000000001,0.0,0.09406820174966679,0.0,-1.876542239449433,0.0,-0.2418670133856924
9.952,0.0,0.09031463743920894,0.0,-1.87702011940384,0.0,-0.23601219869489531
9.954,0.0,0.08656012908143518,0.0,-1.8774862852866725,0.0,-0.23015294769521769
9.956,0.0,0.08280470011334042,0.0,-1.877940728260636,0.0,-0.22428929572065442
9.958,0.0,0.07904837398951274,0.0,-1.8783834395591665,0.0,-0.2184212781658822
9.96,0.0,0.07529117418201589,0.0,-1.8788144104865483,0.0,-0.21254893048611329
9.962,0.0,0.07153312418023139,0.0,-1.879233632418037,0.0,-0.20667228819688688
9.964,0.0,0.06777424749071391,0.0,-1.8796410967999786,0.0,-0.20079138687387993
9.966000000000001,0.0,0.0640145676370515,0.0,-1.8800367951499326,0.0,-0.19490626215272655
9.968,0.0,0.06025410815974448,0.0,-1.880420719056786,0.0,-0.18901694972886512
9.97,0.0,0.05649289261601732,0.0,-1.8807928601808812,0.0,-0.18312348535728085
9.972,0.0,0.05273094457972355,0.0,-1.8811532102541253,0.0,-0.1772259048523936
9.974,0.0,0.048968287641167896,0.0,-1.8815017610801161,0.0,-0.17132424408781577
9.976,0.0,0.045204945406981445,0.0,-1.8818385045342578,0.0,-0.16541853899619297
9.978,0.0,0.04144094149998322,0.0,-1.882163432563876,0.0,-0.15950882556902307
9.98,0.0,0.0376762995590016,0.0,-1.8824765371883418,0.0,-0.15359513985641207
9.982000000000001,0.0,0.03391104323877005,0.0,-1.8827778104991824,0.0,-0.14767751796694625
9.984,0.0,0.03014519620977208,0.0,-1.8830672446602017,0.0,-0.14175599606748435
9.986,0.0,0.02637878215807521,0.0,-1.8833448319075945,0.0,-0.13583061038293193
9.988,0.0,0.022611824785215416,0.0,-1.883610564550064,0.0,-0.12990139719609528
9.99,0.0,0.01884434780802534,0.0,-1.8838644349689362,0.0,-0.12396839284744623
9.992,0.0,0.015076374958518234,0.0,-1.8841064356182766,0.0,-0.11803163373497445
9.994,0.0,0.0113079299837184,0.0,-1.8843365590250027,0.0,-0.11209115631395518
9.996,0.0,0.007539036645515353,0.0,-1.8845547977890003,0.0,-0.10614699709675422
9.998,0.0,0.0037697187205417695,0.0,-1.884761144583237,0.0,-0.10019919265266988
10.0,0.0,5.51091059616309e-16,0.0,-1.8849555921538759,0.0,-0.09424777960769468
10.002,0.0,-0.003770095710471014,0.0,-1.8851381333203876,0.0,-0.08829279464433487
10.004,0.0,-0.007540544590937326,0.0,-1.8853087609756656,0.0,-0.08233427450142976
10.006,0.0,-0.011311322807340733,0.0,-1.8854674680861359,0.0,-0.07637225597390694
10.008000000000001,0.0,-0.01508240651161142,0.0,-1.885614247691871,0.0,-0.07040677591264224
10.01,0.0,-0.01885377184184677,0.0,-1.8857490929067002,0.0,-0.06443787122420953
10.012,0.0,-0.022625394922437685,0.0,-1.8858719969183229,0.0,-0.05846557887071411
10.014,0.0,-0.026397251864221764,0.0,-1.8859829529884167,0.0,-0.05248993586958333
10.016,0.0,-0.030169318764647353,0.0,-1.88608195445275,0.0,-0.04651097929333964
10.018,0.0,-0.03394157170790052,0.0,-1.886168994721291,0.0,-0.040528746269432196
10.02,0.0,-0.03771398676505623,0.0,-1.886244067278316,0.0,-0.03454327398002969
10.022,0.0,-0.041486539994243087,0.0,-1.8863071656825239,0.0,-0.02855459966179133
10.024000000000001,0.0,-0.04525920744077622,0.0,-1.8863582835671369,0.0,-0.02256276060568832
10.026,0.0,-0.04903196513730121,0.0,-1.8863974146400169,0.0,-0.016567794156807175
10.028,0.0,-0.05280478910398072,0.0,-1.886424552683767,0.0,-0.010569737714085273
10.03,0.0,-0.05657765534858547,0.0,-1.8864396915558446,0.0,-0.004568628730197713
10.032,0.0,-0.06035053986671067,0.0,-1.8864428251886631,0.0,0.0014354952887551814
10.034,0.0,-0.06412341864185414,0.0,-1.8864339475897043,0.0,0.007442596783341096
10.036,0.0,-0.06789626764563306,0.0,-1.8864130528416199,0.0,0.013452638141109294
10.038,0.0,-0.07166906283789191,0.0,-1.88638013510234,0.0,0.01946558169673203
10.040000000000001,0.0,-0.07544178016687171,0.0,-1.8863351886051785,0.0,0.025481389732242926
10.042,0.0,-0.07921439556934223,0.0,-1.886278207658937,0.0,0.03150002447721757
10.044,0.0,-0.0829868849707931,0.0,-1.8862091866480106,0.0,0.03752144810904787
10.046,0.0,-0.08675922428553176,0.0,-1.8861281200324915,0.0,0.043545622753067906
10.048,0.0,-0.09053138941687494,0.0,-1.8860350023482733,0.0,0.04957251048283001
10.05,0.0,-0.09430335625728703,0.0,-1.8859298282071542,0.0,0.05560207332029564
10.052,0.0,-0.0980751006885214,0.0,-1.8858125922969387,0.0,0.06163427323603152
10.054,0.0,-0.1018465985818017,0.0,-1.8856832893815436,0.0,0.06766907214947054
10.056000000000001,0.0,-0.10561782579793699,0.0,-1.885541914301096,0.0,0.07370643192906608
10.058,0.0,-0.10938875818750358,0.0,-1.885388461972037,0.0,0.079746314392554
10.06,0.0,-0.11315937159098433,0.0,-1.8852229273872239,0.0,0.0857886813071474
10.062,0.0,-0.11692964183892701,0.0,-1.8850453056160286,0.0,0.09183349438976074
10.064,0.0,-0.12069954475208677,0.0,-1.8848555918044405,0.0,0.09788071530721028
10.066,0.0,-0.12446905614160068,0.0,-1.8846537811751638,0.0,0.10393030567646536
10.068,0.0,-0.1282381518091068,0.0,-1.8844398690277209,0.0,0.10998222706481126
10.07,0.0,-0.13200680754694832,0.0,-1.8842138507385453,0.0,0.11603644099014883
10.072000000000001,0.0,-0.13577499913827182,0.0,-1.8839757217610884,0.0,0.1220929089211251
10.074,0.0,-0.13954270235721836,0.0,-1.8837254776259096,0.0,0.12815159227741166
10.076,0.0,-0.1433098929690701,0.0,-1.8834631139407803,0.0,0.13421245242991406
10.078,0.0,-0.14707654673040196,0.0,-1.8831886263907769,0.0,0.14027545070098735
10.08,0.0,-0.15084263938923112,0.0,-1.8829020107383803,0.0,0.14634054836465096
10.082,0.0,-0.15460814668518247,0.0,-1.8826032628235712,0.0,0.1524077066468268
10.084,0.0,-0.15837304434962793,0.0,-1.8822923785639276,0.0,0.15847688672553817
10.086,0.0,-0.16213730810587068,0.0,-1.8819693539547164,0.0,0.16454804973117929
10.088000000000001,0.0,-0.1659009136692637,0.0,-1.8816341850689946,0.0,0.17062115674668105
10.09,0.0,-0.16966383674739202,0.0,-1.8812868680576986,0.0,0.17669616880777772
10.092,0.0,-0.17342605304022563,0.0,-1.88092739914974,0.0,0.18277304690322893
10.094,0.0,-0.17718753824025985,0.0,-1.880555774652101,0.0,0.1888517519750203
10.096,0.0,-0.18094826803269276,0.0,-1.8801719909499246,0.0,0.1949322449186237
10.098,0.0,-0.18470821809556565,0.0,-1.879776044506611,0.0,0.20101448658320042
10.1,0.0,-0.1884673640999196,0.0,-1.879367931863908,0.0,0.20709843777182785
10.102,0.0,-0.19222568170996557,0.0,-1.8789476496420021,0.0,0.21318405924175077
10.104000000000001,0.0,-0.19598314658323612,0.0,-1.8785151945396108,0.0,0.21927131170460096
10.106,0.0,-0.19973973437072126,0.0,-1.8780705633340768,0.0,0.2253601558265944
10.108,0.0,-0.20349542071707083,0.0,-1.8776137528814498,0.0,0.23145055222883243
10.11,0.0,-0.20725018126070183,0.0,-1.8771447601165896,0.0,0.23754246148745412
10.112,0.0,-0.2110039916340009,0.0,-1.8766635820532411,0.0,0.24363584413393846
10.114,0.0,-0.21475682746344538,0.0,-1.876170215784136,0.0,0.24973066065527846
10.116,0.0,-0.21850866436977973,0.0,-1.875664658481074,0.0,0.255826871494243
10.118,0.0,-0.22225947796817905,0.0,-1.8751469073950138,0.0,0.26192443704961965
10.120000000000001,0.0,-0.22600924386839166,0.0,-1.8746169598561597,0.0,0.26802331767642273
10.122,0.0,-0.22975793767490577,0.0,-1.874074813274052,0.0,0.27412347368614176
10.124,0.0,-0.23350553498711835,0.0,-1.8735204651376467,0.0,0.2802248653469924
10.126,0.0,-0.23725201139946034,0.0,-1.8729539130154127,0.0,0.28632745288409844
10.128,0.0,-0.24099734250161847,0.0,-1.872375154555404,0.0,0.29243119647983007
10.13,0.0,-0.24474150387861054,0.0,-1.8717841874853594,0.0,0.29853605627390434
10.132,0.0,-0.24848447111102134,0.0,-1.871181009612777,0.0,0.304641992363748
10.134,0.0,-0.25222621977511717,0.0,-1.8705656188250026,0.0,0.3107489648046612
10.136000000000001,0.0,-0.2559667254430241,0.0,-1.8699380130893137,0.0,0.316856933610088
10.138,0.0,-0.25970596368287246,0.0,-1.8692981904530042,0.0,0.32296585875183026
10.14,0.0,-0.2634439100589804,0.0,-1.8686461490434625,0.0,0.32907570016032517
10.142,0.0,-0.267180540131998,0.0,-1.8679818870682585,0.0,0.33518641772486113
10.144,0.0,-0.2709158294590686,0.0,-1.8673054028152252,0.0,0.3412979712938198
10.146,0.0,-0.2746497535939861,0.0,-1.8666166946525402,0.0,0.3474103206749122
10.148,0.0,-0.27838228808736887,0.0,-1.865915761028805,0.0,0.35352342563544376
10.15,0.0,-0.2821134084868132,0.0,-1.8652026004731261,0.0,0.35963724590254453
10.152000000000001,0.0,-0.28584309033704614,0.0,-1.8644772115951984,0.0,0.36575174116339954
10.154,0.0,-0.2895713091801028,0.0,-1.8637395930853777,0.0,0.37186687106551886
10.156,0.0,-0.29329804055547704,0.0,-1.8629897437147693,0.0,0.3779825952169667
10.158,0.0,-0.29702326000028567,0.0,-1.8622276623352974,0.0,0.3840988731866086
10.16,0.0,-0.30074694304943295,0.0,-1.8614533478797894,0.0,0.39021566450436473
10.162,0.0,-0.3044690652357645,0.0,-1.8606667993620525,0.0,0.39633292866144143
10.164,0.0,-0.3081896020902346,0.0,-1.859868015876948,0.0,0.40245062511058743
10.166,0.0,-0.3119085291420762,0.0,-1.8590569966004713,0.0,0.40856871326635646
10.168000000000001,0.0,-0.3156258219189475,0.0,-1.8582337407898257,0.0,0.4146871525053264
10.17,0.0,-0.3193414559471027,0.0,-1.8573982477835014,0.0,0.4208059021663648
10.172,0.0,-0.3230554067515592,0.0,-1.856550517001345,0.0,0.4269249215508844
10.174,0.0,-0.32676764985625306,0.0,-1.855690547944639,0.0,0.43304416992308126
10.176,0.0,-0.33047816078420955,0.0,-1.8548183401961746,0.0,0.4391636065101988
10.178,0.0,-0.3341869150576882,0.0,-1.8539338934203264,0.0,0.4452831905027488
10.18,0.0,-0.33789388819836663,0.0,-1.8530372073631234,0.0,0.4514028810547963
10.182,0.0,-0.3415990557275014,0.0,-1.852128281852322,0.0,0.45752263728421017
10.184000000000001,0.0,-0.3453023931660813,0.0,-1.851207116797479,0.0,0.46364241827289676
10.186,0.0,-0.3490038760349856,0.0,-1.8502737121900263,0.0,0.46976218306704604
10.188,0.0,-0.35270347985518435,0.0,-1.849328068103333,0.0,0.47588189067744546
10.19,0.0,-0.35640118014784783,0.0,-1.8483701846927882,0.0,0.4820015000796445
10.192,0.0,-0.3600969524345625,0.0,-1.8474000621958588,0.0,0.4881209702142959
10.194,0.0,-0.36379077223745376,0.0,-1.846417700932171,0.0,0.494240259987343
10.196,0.0,-0.36748261507937885,0.0,-1.8454231013035687,0.0,0.5003593282703225
10.198,0.0,-0.3711724564840808,0.0,-1.8444162637941899,0.0,0.5064781339006055
10.200000000000001,0.0,-0.3748602719763483,0.0,-1.8433971889705307,0.0,0.5125966356816456
10.202,0.0,-0.3785460370821829,0.0,-1.8423658774815161,0.0,0.5187147923832414
10.204,0.0,-0.3822297273289818,0.0,-1.8413223300585595,0.0,0.5248325627418253
10.206,0.0,-0.385911318245667,0.0,-1.840266547515642,0.0,0.5309499054606631
10.208,0.0,-0.3895907853628917,0.0,-1.8391985307493626,0.0,0.5370667792101803
10.21,0.0,-0.3932681042131696,0.0,-1.8381182807390202,0.0,0.5431831426281661
10.212,0.0,-0.39694325033105826,0.0,-1.837025798546667,0.0,0.549298954320061
10.214,0.0,-0.40061619925332975,0.0,-1.8359210853171741,0.0,0.5554141728592276
10.216000000000001,0.0,-0.4042869265191187,0.0,-1.8348041422783035,0.0,0.5615287567871837
10.218,0.0,-0.4079554076701083,0.0,-1.8336749707407587,0.0,0.5676426646138976
10.22,0.0,-0.41162161825067856,0.0,-1.8325335720982614,0.0,0.5737558548180228
10.222,0.0,-0.41528553380807737,0.0,-1.831379947827604,0.0,0.5798682858471688
10.224,0.0,-0.41894712989260474,0.0,-1.830214099488712,0.0,0.585979916118195
10.226,0.0,-0.4226063820577509,0.0,-1.8290360287247107,0.0,0.59209070401743
10.228,0.0,-0.4262632658603679,0.0,-1.8278457372619863,0.0,0.5982006079009445
10.23,0.0,-0.4299177568608694,0.0,-1.826643226910233,0.0,0.6043095860948715
10.232000000000001,0.0,-0.43356983062334886,0.0,-1.8254284995625325,0.0,0.6104175968955943
10.234,0.0,-0.43721946271577194,0.0,-1.8242015571954007,0.0,0.6165245985700528
10.236,0.0,-0.4408666287101534,0.0,-1.8229624018688453,0.0,0.6226305493560308
10.238,0.0,-0.4445113041827017,0.0,-1.821711035726429,0.0,0.6287354074623832
10.24,0.0,-0.44815346471399553,0.0,-1.8204474609953292,0.0,0.6348391310693239
10.242,0.0,-0.4517930858891648,0.0,-1.8191716799863817,0.0,0.6409416783287131
10.244,0.0,-0.45543014329801657,0.0,-1.8178836950941628,0.0,0.6470430073642635
10.246,0.0,-0.459064612535269,0.0,-1.81658350879701,0.0,0.6531430762719146
10.248,0.0,-0.46269646920064256,0.0,-1.8152711236571133,0.0,0.6592418431199819
10.25,0.0,-0.4663256888990941,0.0,-1.8139465423205434,0.0,0.665339265949535
10.252,0.0,-0.4699522472409463,0.0,-1.812609767517317,0.0,0.6714353027746052
10.254,0.0,-0.4735761198420607,0.0,-1.8112608020614551,0.0,0.6775299115824701
10.256,0.0,-0.4771972823240188,0.0,-1.8098996488510248,0.0,0.6836230503339424
10.258000000000001,0.0,-0.4808157103142845,0.0,-1.8085263108681988,0.0,0.6897146769636388
10.26,0.0,-0.4844313794463528,0.0,-1.807140791179312,0.0,0.6958047493802173
10.262,0.0,-0.48804426535996054,0.0,-1.8057430929348983,0.0,0.7018932254667251
10.264,0.0,-0.49165434370121,0.0,-1.8043332193697592,0.0,0.7079800630807956
10.266,0.0,-0.49526159012276716,0.0,-1.8029111738030024,0.0,0.7140652200549774
10.268,0.0,-0.4988659802840234,0.0,-1.8014769596380928,0.0,0.7201486541969931
10.27,0.0,-0.5024674898512436,0.0,-1.8000305803629133,0.0,0.7262303232899869
10.272,0.0,-0.5060660944977804,0.0,-1.7985720395497928,0.0,0.7323101850928728
10.274000000000001,0.0,-0.5096617699041908,0.0,-1.797101340855577,0.0,0.7383881973405271
10.276,0.0,-0.5132544917584398,0.0,-1.7956184880216601,0.0,0.7444643177441221
10.278,0.0,-0.516844235756065,0.0,-1.794123484874038,0.0,0.7505385039913999
10.28,0.0,-0.5204309776003304,0.0,-1.7926163353233557,0.0,0.7566107137469218
10.282,0.0,-0.5240146930024187,0.0,-1.7910970433649493,0.0,0.7626809046523897
10.284,0.0,-0.5275953576815728,0.0,-1.7895656130788988,0.0,0.7687490343268767
10.286,0.0,-0.5311729473652883,0.0,-1.788022048630065,0.0,0.774815060367146
10.288,0.0,-0.5347474377894825,0.0,-1.7864663542681356,0.0,0.7808789403479339
10.290000000000001,0.0,-0.5383188046986424,0.0,-1.784898534327676,0.0,0.7869406318221908
10.292,0.0,-0.5418870238460183,0.0,-1.7833185932281632,0.0,0.7930000923214061
10.294,0.0,-0.5454520709937828,0.0,-1.7817265354740335,0.0,0.7990572793558713
10.296,0.0,-0.5490139219132016,0.0,-1.7801223656547231,0.0,0.8051121504149633
10.298,0.0,-0.552572552384805,0.0,-1.7785060884447113,0.0,0.811164662967433
10.3,0.0,-0.5561279381985591,0.0,-1.776877708603558,0.0,0.817214774461688
10.302,0.0,-0.5596800551540275,0.0,-1.77523723097595,0.0,0.8232624423260639
10.304,0.0,-0.5632288790605576,0.0,-1.7735846604917336,0.0,0.8293076239691389
10.306000000000001,0.0,-0.5667743857374348,0.0,-1.77192000216596,0.0,0.8353502767799864
10.308,0.0,-0.5703165510140542,0.0,-1.7702432610989236,0.0,0.8413903581284675
10.31,0.0,-0.5738553507301225,0.0,-1.7685544424761876,0.0,0.8474278253655692
10.312,0.0,-0.5773907607357674,0.0,-1.766853551568647,0.0,0.8534626358235864
10.314,0.0,-0.5809227568917736,0.0,-1.7651405937325375,0.0,0.8594947468165224
10.316,0.0,-0.5844513150697066,0.0,-1.7634155744094926,0.0,0.8655241156402949
10.318,0.0,-0.5879764111521051,0.0,-1.7616784991265688,0.0,0.8715506995730614
10.32,0.0,-0.5914980210326478,0.0,-1.7599293734962855,0.0,0.877574455875503
10.322000000000001,0.0,-0.5950161206163237,0.0,-1.758168203216657,0.0,0.8835953417911089
10.324,0.0,-0.5985306858196009,0.0,-1.7563949940712285,0.0,0.8896133145464661
10.326,0.0,-0.60204169257061,0.0,-1.7546097519291035,0.0,0.8956283313515673
10.328,0.0,-0.6055491168092859,0.0,-1.7528124827449938,0.0,0.9016403494000553
10.33,0.0,-0.6090529344875829,0.0,-1.7510031925592242,0.0,0.9076493258695835
10.332,0.0,-0.6125531215696068,0.0,-1.7491818874977911,0.0,0.9136552179220482
10.334,0.0,-0.6160496540317966,0.0,-1.7473485737723828,0.0,0.9196579827038903
10.336,0.0,-0.6195425078631169,0.0,-1.7455032576804013,0.0,0.9256575773464295
10.338000000000001,0.0,-0.623031659065194,0.0,-1.7436459456050122,0.0,0.931653958966095
10.34,0.0,-0.6265170836525228,0.0,-1.741776644015152,0.0,0.9376470846647771
10.342,0.0,-0.6299987576526125,0.0,-1.7398953594655753,0.0,0.9436369115300821
10.344,0.0,-0.6334766571061698,0.0,-1.7380020985968714,0.0,0.9496233966356414
10.346,0.0,-0.6369507580672712,0.0,-1.7360968681354978,0.0,0.9556064970414103
10.348,0.0,-0.6404210366035269,0.0,-1.7341796748938056,0.0,0.9615861697939477
10.35,0.0,-0.6438874687962528,0.0,-1.7322505257700707,0.0,0.9675623719267162
10.352,0.0,-0.647350030740672,0.0,-1.7303094277484985,0.0,0.9735350604604213
10.354000000000001,0.0,-0.6508086985460322,0.0,-1.7283563878992856,0.0,0.9795041924032255
10.356,0.0,-0.6542634483358202,0.0,-1.7263914133786151,0.0,0.9854697247511088
10.358,0.0,-0.6577142562479232,0.0,-1.7244145114286895,0.0,0.991431614488153
10.36,0.0,-0.6611610984347944,0.0,-1.7224256893777574,0.0,0.9973898185868255
10.362,0.0,-0.6646039510636389,0.0,-1.720424954640128,0.0,1.0033442940083046
10.364,0.0,-0.6680427903165669,0.0,-1.7184123147162056,0.0,1.0092949977027441
10.366,0.0,-0.6714775923907683,0.0,-1.7163877771925091,0.0,1.0152418866095783
10.368,0.0,-0.6749083334987163,0.0,-1.7143513497416731,0.0,1.0211849176578707
10.370000000000001,0.0,-0.6783349898682891,0.0,-1.7123030401225026,0.0,1.0271240477665342
10.372,0.0,-0.6817575377429879,0.0,-1.7102428561799612,0.0,1.0330592338447062
10.374,0.0,-0.6851759533820803,0.0,-1.7081708058452099,0.0,1.0389904327919992
10.376,0.0,-0.6885902130607823,0.0,-1.7060868971356207,0.0,1.0449176014988233
10.378,0.0,-0.6920002930704385,0.0,-1.7039911381547879,0.0,1.0508406968466948
10.38,0.0,-0.6954061697186816,0.0,-1.701883537092556,0.0,1.0567596757085231
10.382,0.0,-0.6988078193296037,0.0,-1.6997641022250345,0.0,1.0626744949489053
10.384,0.0,-0.7022052182439492,0.0,-1.6976328419146047,0.0,1.06858511142447
10.386000000000001,0.0,-0.7055983428192666,0.0,-1.6954897646099452,0.0,1.0744914819841402
10.388,0.0,-0.7089871694300784,0.0,-1.6933348788460525,0.0,1.0803935634694388
10.39,0.0,-0.7123716744680899,0.0,-1.6911681932442275,0.0,1.0862913127148455
10.392,0.0,-0.7157518343423018,0.0,-1.688989716512133,0.0,1.0921846865480103
10.394,0.0,-0.7191276254792451,0.0,-1.6867994574437635,0.0,1.0980736417901569
10.396,0.0,-0.7224990243231035,0.0,-1.6845974249194902,0.0,1.1039581352563053
10.398,0.0,-0.7258660073359273,0.0,-1.6823836279060498,0.0,1.1098381237556483
10.4,0.0,-0.7292285509977696,0.0,-1.6801580754565753,0.0,1.1157135640917963
10.402000000000001,0.0,-0.7325866318068883,0.0,-1.6779207767105917,0.0,1.121584413063133
10.404,0.0,-0.7359402262798947,0.0,-1.6756717408940385,0.0,1.1274506274630802
10.406,0.0,-0.7392893109519575,0.0,-1.6734109773192607,0.0,1.1333121640804613
10.408,0.0,-0.7426338623769306,0.0,-1.671138495385048,0.0,1.1391689796997322
10.41,0.0,-0.7459738571275775,0.0,-1.6688543045766082,0.0,1.145021031101377
10.412,0.0,-0.7493092717957024,0.0,-1.6665584144656018,0.0,1.1508682750621442
10.414,0.0,-0.7526400829923414,0.0,-1.6642508347101377,0.0,1.156710668355391
10.416,0.0,-0.7559662673479384,0.0,-1.66193157505478,0.0,1.1625481677513947
10.418000000000001,0.0,-0.7592878015125145,0.0,-1.659600645330551,0.0,1.1683807300176599
10.42,0.0,-0.7626046621558258,0.0,-1.6572580554549514,0.0,1.1742083119191995
10.422,0.0,-0.7659168259675665,0.0,-1.6549038154319426,0.0,1.1800308702189004
10.424,0.0,-0.7692242696575127,0.0,-1.6525379353519702,0.0,1.1858483616777842
10.426,0.0,-0.77252696995572,0.0,-1.6501604253919517,0.0,1.1916607430553603
10.428,0.0,-0.7758249036126682,0.0,-1.6477712958152972,0.0,1.1974679711098888
10.43,0.0,-0.7791180473994666,0.0,-1.6453705569718904,0.0,1.2032700025987517
10.432,0.0,-0.7824063781080006,0.0,-1.6429582192981076,0.0,1.209066794278717
10.434000000000001,0.0,-0.785689872551121,0.0,-1.6405342933168086,0.0,1.2148583029062823
10.436,0.0,-0.7889685075628007,0.0,-1.6380987896373465,0.0,1.2206444852379577
10.438,0.0,-0.7922422599983312,0.0,-1.635651718955551,0.0,1.226425298030624
10.44,0.0,-0.795511106734474,0.0,-1.6331930920537452,0.0,1.232200698041807
10.442,0.0,-0.798775024669643,0.0,-1.6307229198007331,0.0,1.2379706420300105
10.444,0.0,-0.8020339907240814,0.0,-1.6282412131517976,0.0,1.2437350867550354
10.446,0.0,-0.8052879818400112,0.0,-1.6257479831487147,0.0,1.2494939889782573
10.448,0.0,-0.8085369749818538,0.0,-1.623243240919713,0.0,1.2552473054630242
10.450000000000001,0.0,-0.8117809471363507,0.0,-1.620726997679509,0.0,1.2609949929748803
10.452,0.0,-0.8150198753127618,0.0,-1.6181992647292844,0.0,1.2667370082819296
10.454,0.0,-0.8182537365430493,0.0,-1.6156600534566716,0.0,1.2724733081551693
10.456,0.0,-0.8214825078820216,0.0,-1.61310937533577,0.0,1.278203849368759
10.458,0.0,-0.8247061664075324,0.0,-1.610547241927118,0.0,1.2839285887003806
10.46,0.0,-0.8279246892206364,0.0,-1.6079736648777,0.0,1.2896474829315285
10.462,0.0,-0.8311380534457695,0.0,-1.6053886559209352,0.0,1.2953604888478418
10.464,0.0,-0.8343462362309264,0.0,-1.6027922268766592,0.0,1.301067563239429
10.466000000000001,0.0,-0.8375492147478218,0.0,-1.6001843896511292,0.0,1.3067686629011668
10.468,0.0,-0.8407469661920671,0.0,-1.5975651562370101,0.0,1.312463744633028
10.47,0.0,-0.8439394677833608,0.0,-1.5949345387133473,0.0,1.3181527652404306
10.472,0.0,-0.8471266967656217,0.0,-1.5922925492455917,0.0,1.3238356815344896
10.474,0.0,-0.8503086304072118,0.0,-1.5896392000855413,0.0,1.3295124503324227
10.476,0.0,-0.8534852460010622,0.0,-1.5869745035713745,0.0,1.3351830284577926
10.478,0.0,-0.8566565208648764,0.0,-1.5842984721276043,0.0,1.3408473727408794
10.48,0.0,-0.859822432341292,0.0,-1.5816111182650807,0.0,1.3465054400189829
10.482000000000001,0.0,-0.8629829577980562,0.0,-1.578912454580967,0.0,1.3521571871367493
10.484,0.0,-0.8661380746281865,0.0,-1.576202493758741,0.0,1.3578025709464743
10.486,0.0,-0.869287760250177,0.0,-1.5734812485681462,0.0,1.3634415483084794
10.488,0.0,-0.8724319921081155,0.0,-1.570748731865227,0.0,1.3690740760913458
10.49,0.0,-0.8755707476719223,0.0,-1.5680049565922496,0.0,1.374700111172344
10.492,0.0,-0.8787040044374564,0.0,-1.5652499357777467,0.0,1.3803196104376485
10.494,0.0,-0.8818317399267439,0.0,-1.5624836825364485,0.0,1.385932530782756
10.496,0.0,-0.8849539316881176,0.0,-1.5597062100692916,0.0,1.3915388291127513
10.498,0.0,-0.8880705572963923,0.0,-1.5569175316633987,0.0,1.3971384623426388
10.5,0.0,-0.8911815943530557,0.0,-1.5541176606920406,0.0,1.4027313873976996
10.502,0.0,-0.894287020486424,0.0,-1.5513066106146314,0.0,1.4083175612137844
10.504,0.0,-0.8973868133518059,0.0,-1.5484843949767138,0.0,1.413896940737627
10.506,0.0,-0.900480950631708,0.0,-1.545651027409906,0.0,1.4194694829272265
10.508000000000001,0.0,-0.9035694100359717,0.0,-1.5428065216319125,0.0,1.4250351447521121
10.51,0.0,-0.9066521693019621,0.0,-1.5399508914464866,0.0,1.4305938831936993
10.512,0.0,-0.909729206194744,0.0,-1.5370841507433979,0.0,1.4361456552456204
10.514,0.0,-0.9128004985072367,0.0,-1.5342063134984287,0.0,1.4416904179140242
10.516,0.0,-0.9158660240604151,0.0,-1.531317393773319,0.0,1.4472281282179529
10.518,0.0,-0.9189257607034435,0.0,-1.5284174057157756,0.0,1.4527587431896007
10.52,0.0,-0.9219796863138763,0.0,-1.5255063635594193,0.0,1.4582822198746945
10.522,0.0,-0.9250277787978254,0.0,-1.522584281623763,0.0,1.4637985153328146
10.524000000000001,0.0,-0.9280700160901231,0.0,-1.5196511743141876,0.0,1.4693075866377037
10.526,0.0,-0.9311063761544924,0.0,-1.5167070561219214,0.0,1.4748093908775959
10.528,0.0,-0.9341368369837371,0.0,-1.5137519416239873,0.0,1.4803038851555774
10.53,0.0,-0.9371613765998896,0.0,-1.5107858454831968,0.0,1.4857910265898717
10.532,0.0,-0.9401799730544054,0.0,-1.507808782448101,0.0,1.4912707723142133
10.534,0.0,-0.943192604428309,0.0,-1.5048207673529783,0.0,1.4967430794781273
10.536,0.0,-0.9461992488323865,0.0,-1.5018218151177876,0.0,1.502207905247301
10.538,0.0,-0.9491998844073529,0.0,-1.498811940748134,0.0,1.5076652068039045
10.540000000000001,0.0,-0.9521944893240165,0.0,-1.4957911593352464,0.0,1.5131149413469078
10.542,0.0,-0.9551830417834493,0.0,-1.492759486055943,0.0,1.5185570660924126
10.544,0.0,-0.9581655200171684,0.0,-1.489716936172587,0.0,1.5239915382740021
10.546,0.0,-0.9611419022872993,0.0,-1.4866635250330569,0.0,1.5294183151430536
10.548,0.0,-0.9641121668867509,0.0,-1.4835992680707095,0.0,1.534837353969083
10.55,0.0,-0.9670762921393784,0.0,-1.4805241808043503,0.0,1.5402486120400574
10.552,0.0,-0.9700342564001653,0.0,-1.477438278838183,0.0,1.545652046662747
10.554,0.0,-0.9729860380553894,0.0,-1.4743415778617808,0.0,1.5510476151630563
10.556000000000001,0.0,-0.9759316155227892,0.0,-1.4712340936500472,0.0,1.5564352748863375
10.558,0.0,-0.9788709672517357,0.0,-1.468115842063179,0.0,1.5618149831977322
10.56,0.0,-0.9818040717234182,0.0,-1.4649868390466103,0.0,1.5671866974825326
10.562,0.0,-0.9847309074509896,0.0,-1.4618471006309945,0.0,1.5725503751464636
10.564,0.0,-0.9876514529797511,0.0,-1.4586966429321546,0.0,1.5779059736160508
10.566,0.0,-0.9905656868873274,0.0,-1.4555354821510293,0.0,1.583253450338952
10.568,0.0,-0.9934735877838219,0.0,-1.4523636345736517,0.0,1.5885927627842722
10.57,0.0,-0.9963751343120025,0.0,-1.4491811165710848,0.0,1.5939238684429249
10.572000000000001,0.0,-0.9992703051474613,0.0,-1.4459879445993928,0.0,1.599246724827945
10.574,0.0,-1.0021590789987802,0.0,-1.442784135199598,0.0,1.604561289474817
10.576,0.0,-1.0050414346077217,0.0,-1.4395697049976155,0.0,1.609867519941848
10.578,0.0,-1.0079173507493753,0.0,-1.4363446707042296,0.0,1.6151653738104608
10.58,0.0,-1.01078680623234,0.0,-1.4331090491150358,0.0,1.6204548086855495
10.582,0.0,-1.0136497798988882,0.0,-1.4298628571104,0.0,1.62573578219581
10.584,0.0,-1.0165062506251439,0.0,-1.4266061116553965,0.0,1.6310082519940843
10.586,0.0,-1.0193561973212404,0.0,-1.4233388297997807,0.0,1.636272175757684
10.588000000000001,0.0,-1.0221995989314987,0.0,-1.42006102867792,0.0,1.6415275111887335
10.59,0.0,-1.025036434434585,0.0,-1.4167727255087639,0.0,1.6467742160144925
10.592,0.0,-1.027866682843702,0.0,-1.413473937595765,0.0,1.6520122479877297
10.594,0.0,-1.0306903232067282,0.0,-1.4101646823268639,0.0,1.6572415648870065
10.596,0.0,-1.0335073346064196,0.0,-1.4068449771743956,0.0,1.6624621245170703
10.598,0.0,-1.0363176961605423,0.0,-1.4035148396950845,0.0,1.6676738847091332
10.6,0.0,-1.039121387022073,0.0,-1.4001742875299479,0.0,1.6728768033212593
10.602,0.0,-1.0419183863793535,0.0,-1.3968233384042628,0.0,1.6780708382386815
10.604000000000001,0.0,-1.0447086734562565,0.0,-1.3934620101275124,0.0,1.6832559473741302
10.606,0.0,-1.0474922275123553,0.0,-1.39009032059333,0.0,1.688432088668182
10.608,0.0,-1.0502690278431062,0.0,-1.3867082877794241,0.0,1.6935992200896115
10.61,0.0,-1.053039053779992,0.0,-1.3833159297475557,0.0,1.698757299635697
10.612,0.0,-1.055802284690713,0.0,-1.3799132646434487,0.0,1.703906285332589
10.614,0.0,-1.0585586999793373,0.0,-1.3765003106967533,0.0,1.7090461352356294
10.616,0.0,-1.061308279086478,0.0,-1.3730770862209802,0.0,1.714176807429698
10.618,0.0,-1.0640510014894642,0.0,-1.369643609613432,0.0,1.719298260029557
10.620000000000001,0.0,-1.0667868467024972,0.0,-1.3661998993551607,0.0,1.7244104511801808
10.622,0.0,-1.0695157942768265,0.0,-1.3627459740108934,0.0,1.7295133390570967
10.624,0.0,-1.0722378238009127,0.0,-1.3592818522289793,0.0,1.734606881866727
10.626,0.0,-1.074952914900602,0.0,-1.3558075527413151,0.0,1.739691037846736
10.628,0.0,-1.0776610472392811,0.0,-1.352323094363302,0.0,1.7447657652663504
10.63,0.0,-1.0803622005180613,0.0,-1.3488284959937538,0.0,1.749831022426729
10.632,0.0,-1.0830563544759149,0.0,-1.3453237766148793,0.0,1.7548867676612523
10.634,0.0,-1.0857434888898878,0.0,-1.3418089552921522,0.0,1.759932959335939
10.636000000000001,0.0,-1.0884235835752216,0.0,-1.3382840511743057,0.0,1.764969555849711
10.638,0.0,-1.0910966183855406,0.0,-1.3347490834932403,0.0,1.7699965156347677
10.64,0.0,-1.093762573213025,0.0,-1.3312040715639462,0.0,1.7750137971569457
10.642,0.0,-1.0964214279885605,0.0,-1.3276490347844563,0.0,1.7800213589160216
10.644,0.0,-1.099073162681914,0.0,-1.3240839926357697,0.0,1.7850191594460783
10.646,0.0,-1.101717757301901,0.0,-1.3205089646817758,0.0,1.7900071573158416
10.648,0.0,-1.1043551918965342,0.0,-1.3169239705692104,0.0,1.7949853111289984
10.65,0.0,-1.1069854465532238,0.0,-1.3133290300275382,0.0,1.7999535795245933
10.652000000000001,0.0,-1.1096085013989003,0.0,-1.309724162868938,0.0,1.804911921177299
10.654,0.0,-1.1122243366002147,0.0,-1.3061093889881865,0.0,1.80986029479782
10.656,0.0,-1.1148329323636863,0.0,-1.3024847283626066,0.0,1.8147986591331986
10.658,0.0,-1.1174342689358734,0.0,-1.2988502010519887,0.0,1.819726972967174
10.66,0.0,-1.1200283266035305,0.0,-1.2952058271985263,0.0,1.8246451951205072
10.662,0.0,-1.1226150856937864,0.0,-1.291551627026723,0.0,1.8295532844513458
10.664,0.0,-1.1251945265742958,0.0,-1.2878876208433372,0.0,1.8344511998555444
10.666,0.0,-1.127766629653409,0.0,-1.2842138290372977,0.0,1.839338900267022
10.668000000000001,0.0,-1.1303313753803415,0.0,-1.2805302720796181,0.0,1.8442163446581028
10.67,0.0,-1.1328887442453257,0.0,-1.2768369705233402,0.0,1.8490834920398478
10.672,0.0,-1.1354387167797912,0.0,-1.2731339450034314,0.0,1.8539403014624212
10.674,0.0,-1.1379812735565054,0.0,-1.2694212162367393,0.0,1.85878673201539
10.676,0.0,-1.1405163951897697,0.0,-1.265698805021866,0.0,1.8636227428281344
10.678,0.0,-1.143044062335548,0.0,-1.2619667322391388,0.0,1.8684482930701163
10.68,0.0,-1.145564255691654,0.0,-1.2582250188504933,0.0,1.873263341951274
10.682,0.0,-1.1480769559979065,0.0,-1.2544736858994077,0.0,1.87806784872235
10.684000000000001,0.0,-1.150582144036293,0.0,-1.2507127545108143,0.0,1.882861772675234
10.686,0.0,-1.153079800631127,0.0,-1.246942245891031,0.0,1.887645073143292
10.688,0.0,-1.1555699066492262,0.0,-1.243162181327649,0.0,1.8924177095017527
10.69,0.0,-1.1580524430000505,0.0,-1.23937258218949,0.0,1.897179641167989
10.692,0.0,-1.1605273906358984,0.0,-1.235573469926467,0.0,1.9019308276019338
10.694,0.0,-1.1629947305520278,0.0,-1.2317648660695655,0.0,1.9066712283063494
10.696,0.0,-1.165454443786851,0.0,-1.2279467922307024,0.0,1.911400802827224
10.698,0.0,-1.1679065114220883,0.0,-1.2241192701026553,0.0,1.916119510754111
10.700000000000001,0.0,-1.1703509145829183,0.0,-1.2202823214589908,0.0,1.9208273117204429
10.702,0.0,-1.1727876344381487,0.0,-1.2164359681539623,0.0,1.9255241654038968
10.704,0.0,-1.17521665220038,0.0,-1.2125802321224188,0.0,1.930210031526747
10.706,0.0,-1.1776379491261626,0.0,-1.2087151353797183,0.0,1.934884869856192
10.708,0.0,-1.1800515065161534,0.0,-1.204840700021649,0.0,1.939548640204703
10.71,0.0,-1.1824573057152894,0.0,-1.2009569482243134,0.0,1.9442013024303804
10.712,0.0,-1.1848553281129266,0.0,-1.1970639022440748,0.0,1.948842816437266
10.714,0.0,-1.1872455551430325,0.0,-1.193161584417412,0.0,1.9534731421757445
10.716000000000001,0.0,-1.1896279682843105,0.0,-1.1892500171608829,0.0,1.9580922396428233
10.718,0.0,-1.1920025490603845,0.0,-1.1853292229709942,0.0,1.9627000688825178
10.72,0.0,-1.194369279039954,0.0,-1.1813992244241123,0.0,1.9672965899861956
10.722,0.0,-1.1967281398369445,0.0,-1.1774600441763836,0.0,1.9718817630928955
10.724,0.0,-1.1990791131106802,0.0,-1.173511704963617,0.0,1.9764555483897028
10.726,0.0,-1.2014221805660328,0.0,-1.1695542296012054,0.0,1.9810179061120723
10.728,0.0,-1.2037573239535801,0.0,-1.1655876409840298,0.0,1.9855687965441728
10.73,0.0,-1.2060845250697803,0.0,-1.161611962086334,0.0,1.9901081800192588
10.732000000000001,0.0,-1.2084037657571058,0.0,-1.15762721596167,0.0,1.9946360169199762
10.734,0.0,-1.210715027904229,0.0,-1.15363342574275,0.0,1.9991522676787454
10.736,0.0,-1.2130182934461546,0.0,-1.149630614641393,0.0,2.003656892778073
10.738,0.0,-1.2153135443643963,0.0,-1.1456188059483934,0.0,2.008149852750918
10.74,0.0,-1.2176007626871315,0.0,-1.14159802303342,0.0,2.012631108181038
10.742,0.0,-1.2198799304893468,0.0,-1.1375682893449406,0.0,2.0171006197033163
10.744,0.0,-1.2221510298930112,0.0,-1.1335296284100902,0.0,2.021558348004121
10.746,0.0,-1.2244140430672241,0.0,-1.1294820638345826,0.0,2.0260042538216494
10.748000000000001,0.0,-1.226668952228379,0.0,-1.1254256193025962,0.0,2.0304382979462727
10.75,0.0,-1.2289157396403039,0.0,-1.121360318576698,0.0,2.034860441220863
10.752,0.0,-1.2311543876144473,0.0,-1.1172861854976857,0.0,2.039270644541177
10.754,0.0,-1.2333848785100021,0.0,-1.1132032439845403,0.0,2.0436688688561606
10.756,0.0,-1.2356071947340908,0.0,-1.1091115180342668,0.0,2.048055075168325
10.758000000000001,0.0,-1.2378213187418976,0.0,-1.1050110317218298,0.0,2.0524292245340687
10.76,0.0,-1.2400272330368365,0.0,-1.1009018092000231,0.0,2.056791278064032
10.762,0.0,-1.2422249201707096,0.0,-1.0967838746993561,0.0,2.0611411969234505
10.764,0.0,-1.2444143627438529,0.0,-1.0926572525279619,0.0,2.0654789423324837
10.766,0.0,-1.2465955434052973,0.0,-1.0885219670714754,0.0,2.0698044755665728
10.768,0.0,-1.2487684448529233,0.0,-1.0843780427929244,0.0,2.0741177579567798
10.77,0.0,-1.250933049833612,0.0,-1.080225504232622,0.0,2.07841875089013
10.772,0.0,-1.2530893411434083,0.0,-1.0760643760080426,0.0,2.0827074158099728
10.774000000000001,0.0,-1.2552373016276632,0.0,-1.071894682813725,0.0,2.0869837142163
10.776,0.0,-1.2573769141811948,0.0,-1.067716449421152,0.0,2.0912476076661126
10.778,0.0,-1.2595081617484463,0.0,-1.0635297006786228,0.0,2.0954990577737633
10.78,0.0,-1.2616310273236242,0.0,-1.0593344615111713,0.0,2.09973802621128
10.782,0.0,-1.2637454939508723,0.0,-1.055130756920409,0.0,2.1039644747087487
10.784,0.0,-1.2658515447244088,0.0,-1.0509186119844365,0.0,2.1081783650546226
10.786,0.0,-1.2679491627886808,0.0,-1.0466980518577282,0.0,2.112379659096075
10.788,0.0,-1.2700383313385308,0.0,-1.0424691017709862,0.0,2.1165683187393713
10.790000000000001,0.0,-1.27211903361933,0.0,-1.0382317870310558,0.0,2.120744305950172
10.792,0.0,-1.274191252927138,0.0,-1.0339861330207956,0.0,2.124907582753897
10.794,0.0,-1.2762549726088697,0.0,-1.0297321651989242,0.0,2.1290581112360965
10.796,0.0,-1.2783101760624145,0.0,-1.0254699090999684,0.0,2.1331958535427304
10.798,0.0,-1.2803568467368236,0.0,-1.021199390334066,0.0,2.1373207718805887
10.8,0.0,-1.2823949681324298,0.0,-1.016920634586911,0.0,2.1414328285175683
10.802,0.0,-1.284424523801022,0.0,-1.0126336676195804,0.0,2.145531985783064
10.804,0.0,-1.2864454973459827,0.0,-1.0083385152684363,0.0,2.149618206068296
10.806000000000001,0.0,-1.2884578724224485,0.0,-1.0040352034449875,0.0,2.1536914518266577
10.808,0.0,-1.2904616327374385,0.0,-0.9997237581358023,0.0,2.157751685574031
10.81,0.0,-1.2924567620500387,0.0,-0.9954042054023174,0.0,2.161798869889192
10.812,0.0,-1.294443244171519,0.0,-0.9910765713807775,0.0,2.1658329674140893
10.814,0.0,-1.2964210629655084,0.0,-0.9867408822820534,0.0,2.1698539408542423
10.816,0.0,-1.29839020234812,0.0,-0.9823971643915675,0.0,2.1738617529790356
10.818,0.0,-1.3003506462881176,0.0,-0.9780454440691277,0.0,2.177856366622096
10.82,0.0,-1.3023023788070622,0.0,-0.9736857477488046,0.0,2.181837744681635
10.822000000000001,0.0,-1.3042453839794519,0.0,-0.9693181019388154,0.0,2.1858058501207713
10.824,0.0,-1.3061796459328767,0.0,-0.9649425332213865,0.0,2.189760645967889
10.826,0.0,-1.3081051488481674,0.0,-0.9605590682526131,0.0,2.193702095316988
10.828,0.0,-1.3100218769595378,0.0,-0.9561677337623449,0.0,2.197630161328006
10.83,0.0,-1.3119298145547365,0.0,-0.9517685565540435,0.0,2.201544807227179
10.832,0.0,-1.3138289459751928,0.0,-0.9473615635046475,0.0,2.20544599630738
10.834,0.0,-1.3157192556161594,0.0,-0.9429467815644554,0.0,2.2093336919284483
10.836,0.0,-1.3176007279268704,0.0,-0.9385242377569571,0.0,2.2132078575175615
10.838000000000001,0.0,-1.319473347410674,0.0,-0.9340939591787396,0.0,2.2170684565695504
10.84,0.0,-1.3213370986251827,0.0,-0.929655972999331,0.0,2.220915452647244
10.842,0.0,-1.3231919661824285,0.0,-0.9252103064610518,0.0,2.2247488093818384
10.844,0.0,-1.3250379347489953,0.0,-0.9207569868789025,0.0,2.228568490473206
10.846,0.0,-1.3268749890461722,0.0,-0.916296041640409,0.0,2.232374459690258
10.848,0.0,-1.3287031138500927,0.0,-0.9118274982054965,0.0,2.2361666808712735
10.85,0.0,-1.3305222939918833,0.0,-0.9073513841063434,0.0,2.23994511792425
10.852,0.0,-1.33233251435781,0.0,-0.9028677269472337,0.0,2.2437097348272483
10.854000000000001,0.0,-1.334133759889415,0.0,-0.898376554404437,0.0,2.2474604956287196
10.856,0.0,-1.3359260155836692,0.0,-0.8938778942260421,0.0,2.2511973644478624
10.858,0.0,-1.337709266493108,0.0,-0.8893717742318389,0.0,2.2549203054749545
10.86,0.0,-1.339483497725977,0.0,-0.8848582223131678,0.0,2.258629282971691
10.862,0.0,-1.341248694446383,0.0,-0.8803372664327554,0.0,2.2623242612715435
10.864,0.0,-1.3430048418744223,0.0,-0.8758089346246086,0.0,2.266005204780078
10.866,0.0,-1.344751925286331,0.0,-0.8712732549938471,0.0,2.269672077975305
10.868,0.0,-1.3464899300146311,0.0,-0.8667302557165524,0.0,2.2733248454080286
10.870000000000001,0.0,-1.3482188414482643,0.0,-0.8621799650396379,0.0,2.2769634717021736
10.872,0.0,-1.3499386450327326,0.0,-0.8576224112807083,0.0,2.28058792155512
10.874,0.0,-1.3516493262702565,0.0,-0.8530576228278649,0.0,2.284198159738082
10.876,0.0,-1.353350870719887,0.0,-0.8484856281396371,0.0,2.287794151096385
10.878,0.0,-1.3550432639976746,0.0,-0.8439064557447539,0.0,2.291375860549864
10.88,0.0,-1.3567264917767925,0.0,-0.8393201342420461,0.0,2.2949432530931695
10.882,0.0,-1.3584005397876817,0.0,-0.8347266923002767,0.0,2.298496293796117
10.884,0.0,-1.3600653938181915,0.0,-0.8301261586579938,0.0,2.3020349478040223
10.886000000000001,0.0,-1.3617210397137183,0.0,-0.8255185621233757,0.0,2.3055591803380486
10.888,0.0,-1.36336746337734,0.0,-0.8209039315740952,0.0,2.309068956695528
10.89,0.0,-1.3650046507699676,0.0,-0.8162822959571319,0.0,2.3125642422503287
10.892,0.0,-1.3666325879104655,0.0,-0.8116536842886652,0.0,2.316045002453156
10.894,0.0,-1.368251260875809,0.0,-0.807018125653872,0.0,2.319511202831929
10.896,0.0,-1.369860655801206,0.0,-0.8023756492068139,0.0,2.3229628089920857
10.898,0.0,-1.371460758880242,0.0,-0.7977262841702614,0.0,2.326399786616939
10.9,0.0,-1.3730515563650194,0.0,-0.7930700598355331,0.0,2.3298221014680096
10.902000000000001,0.0,-1.3746330345662905,0.0,-0.7884070055623464,0.0,2.3332297193853675
10.904,0.0,-1.3762051798535935,0.0,-0.7837371507786698,0.0,2.336622606287957
10.906,0.0,-1.377767978655394,0.0,-0.779060524980541,0.0,2.3400007281739494
10.908,0.0,-1.3793214174592139,0.0,-0.7743771577319355,0.0,2.343364051121062
10.91,0.0,-1.3808654828117743,0.0,-0.76968707866458,0.0,2.3467125412869145
10.912,0.0,-1.3824001613191261,0.0,-0.7649903174778131,0.0,2.3500461649093487
10.914,0.0,-1.383925439646782,0.0,-0.760286903938429,0.0,2.353364888306763
10.916,0.0,-1.3854413045198644,0.0,-0.7555768678804763,0.0,2.3566686778784716
10.918000000000001,0.0,-1.3869477427232244,0.0,-0.7508602392051457,0.0,2.359957500105012
10.92,0.0,-1.3884447411015834,0.0,-0.7461370478805821,0.0,2.3632313215484917
10.922,0.0,-1.3899322865596695,0.0,-0.7414073239417119,0.0,2.3664901088529327
10.924,0.0,-1.3914103660623405,0.0,-0.7366710974901133,0.0,2.3697338287445797
10.926,0.0,-1.392878966634732,0.0,-0.7319283986938042,0.0,2.372962448032271
10.928,0.0,-1.394338075362375,0.0,-0.7271792577871242,0.0,2.3761759336077377
10.93,0.0,-1.3957876793913382,0.0,-0.7224237050705365,0.0,2.3793742524459573
10.932,0.0,-1.39722776592836,0.0,-0.7176617709104617,0.0,2.382557371605491
10.934000000000001,0.0,-1.3986583222409728,0.0,-0.7128934857391347,0.0,2.385725258228799
10.936,0.0,-1.4000793356576393,0.0,-0.7081188800544224,0.0,2.388877879542584
10.938,0.0,-1.4014907935678877,0.0,-0.7033379844196361,0.0,2.392015202858132
10.94,0.0,-1.402892683422435,0.0,-0.6985508294633944,0.0,2.395137195571631
10.942,0.0,-1.4042849927333219,0.0,-0.6937574458794303,0.0,2.398243825164511
10.944,0.0,-1.4056677090740388,0.0,-0.6889578644264394,0.0,2.401335059203772
10.946,0.0,-1.4070408200796618,0.0,-0.6841521159278866,0.0,2.4044108653423186
10.948,0.0,-1.4084043134469777,0.0,-0.6793402312718455,0.0,2.4074712113192938
10.950000000000001,0.0,-1.4097581769346121,0.0,-0.6745222414108315,0.0,2.4105160649604045
10.952,0.0,-1.4111023983631599,0.0,-0.6696981773616243,0.0,2.4135453941782514
10.954,0.0,-1.412436965615319,0.0,-0.6648680702050693,0.0,2.416559166972675
10.956,0.0,-1.4137618666360037,0.0,-0.6600319510859598,0.0,2.4195573514310587
10.958,0.0,-1.4150770894324918,0.0,-0.655189851212788,0.0,2.422539915728691
10.96,0.0,-1.4163826220745328,0.0,-0.6503418018576428,0.0,2.425506828129063
10.962,0.0,-1.4176784526944897,0.0,-0.6454878343559716,0.0,2.428458056984225
10.964,0.0,-1.4189645694874564,0.0,-0.6406279801064454,0.0,2.4313935707350964
10.966000000000001,0.0,-1.4202409607113906,0.0,-0.6357622705707475,0.0,2.434313337911812
10.968,0.0,-1.4215076146872305,0.0,-0.6308907372734351,0.0,2.4372173271340256
10.97,0.0,-1.4227645197990335,0.0,-0.6260134118017089,0.0,2.4401055071112703
10.972,0.0,-1.4240116644940857,0.0,-0.6211303258052913,0.0,2.4429778466432523
10.974,0.0,-1.4252490372830442,0.0,-0.6162415109961774,0.0,2.445834314620214
10.976,0.0,-1.4264766267400444,0.0,-0.6113469991485246,0.0,2.4486748800232268
10.978,0.0,-1.4276944215028344,0.0,-0.6064468220984242,0.0,2.4514995119245393
10.98,0.0,-1.4289024102729,0.0,-0.6015410117437207,0.0,2.4543081794879056
10.982000000000001,0.0,-1.4301005818155785,0.0,-0.59662960004386,0.0,2.4571008519688933
10.984,0.0,-1.4312889249601912,0.0,-0.591712619019671,0.0,2.4598774987152243
10.986,0.0,-1.4324674286001609,0.0,-0.5867901007531984,0.0,2.462638089167101
10.988,0.0,-1.4336360816931362,0.0,-0.5818620773875134,0.0,2.46538259285752
10.99,0.0,-1.4347948732611122,0.0,-0.5769285811265289,0.0,2.468110979412611
10.992,0.0,-1.435943792390554,0.0,-0.5719896442348075,0.0,2.4708232185519496
10.994,0.0,-1.4370828282325125,0.0,-0.5670452990373935,0.0,2.473519280088883
10.996,0.0,-1.4382119700027556,0.0,-0.5620955779195829,0.0,2.4761991339308684
10.998000000000001,0.0,-1.4393312069818738,0.0,-0.5571405133267967,0.0,2.478862750079771
11.0,0.0,-1.4404405285154145,0.0,-0.5521801377643333,0.0,2.4815100986322105
11.002,0.0,-1.4415399240139934,0.0,-0.5472144837972064,0.0,2.484141149779873
11.004,0.0,-1.442629382953415,0.0,-0.5422435840499612,0.0,2.4867558738098285
11.006,0.0,-1.4437088948747938,0.0,-0.537267471206463,0.0,2.4893542411048672
11.008000000000001,0.0,-1.4447784493846714,0.0,-0.5322861780097117,0.0,2.4919362221438095
11.01,0.0,-1.4458380361551308,0.0,-0.5272997372616746,0.0,2.4945017875018274
11.012,0.0,-1.4468876449239227,0.0,-0.5223081818230472,0.0,2.4970509078507743
11.014,0.0,-1.447927265494574,0.0,-0.5173115446131019,0.0,2.4995835539594946
11.016,0.0,-1.4489568877365118,0.0,-0.5123098586094591,0.0,2.5020996966941556
11.018,0.0,-1.4499765015851729,0.0,-0.5073031568479296,0.0,2.50459930701855
11.02,0.0,-1.450986097042125,0.0,-0.5022914724222918,0.0,2.507082355994432
11.022,0.0,-1.4519856641751852,0.0,-0.4972748384840822,0.0,2.509548814781836
11.024000000000001,0.0,-1.452975193118525,0.0,-0.4922532882424493,0.0,2.5119986546393775
11.026,0.0,-1.4539546740727958,0.0,-0.48722685496390816,0.0,2.5144318469245857
11.028,0.0,-1.4549240973052375,0.0,-0.4821955719721636,0.0,2.516848363094223
11.03,0.0,-1.4558834531497942,0.0,-0.47715947264791,0.0,2.5192481747045883
11.032,0.0,-1.4568327320072303,0.0,-0.4721185904286201,0.0,2.521631253411856
11.034,0.0,-1.4577719243452414,0.0,-0.4670729588083567,0.0,2.5239975709723694
11.036,0.0,-1.4587010206985627,0.0,-0.4620226113375904,0.0,2.526347099242963
11.038,0.0,-1.459620011669094,0.0,-0.4569675816229434,0.0,2.528679810181295
11.040000000000001,0.0,-1.4605288879259999,0.0,-0.4519079033270448,0.0,2.5309956758461376
11.042,0.0,-1.4614276402058255,0.0,-0.4468436101683052,0.0,2.533294668397704
11.044,0.0,-1.4623162593126118,0.0,-0.44177473592069605,0.0,2.535576760097972
11.046,0.0,-1.4631947361180002,0.0,-0.4367013144135762,0.0,2.537841923310976
11.048,0.0,-1.4640630615613484,0.0,-0.4316233795314676,0.0,2.5400901305031427
11.05,0.0,-1.4649212266498353,0.0,-0.4265409652138633,0.0,2.542321354243585
11.052,0.0,-1.465769222458575,0.0,-0.42145410545501516,0.0,2.544535567204424
11.054,0.0,-1.4666070401307258,0.0,-0.4163628343037175,0.0,2.546732742161109
11.056000000000001,0.0,-1.4674346708775963,0.0,-0.41126718586312017,0.0,2.5489128519927107
11.058,0.0,-1.4682521059787557,0.0,-0.40616719429051107,0.0,2.5510758696822458
11.06,0.0,-1.4690593367821432,0.0,-0.40106289379709775,0.0,2.553221768316988
11.062,0.0,-1.4698563547041725,0.0,-0.39595431864781855,0.0,2.5553505210887666
11.064,0.0,-1.4706431512298415,0.0,-0.3908415031611241,0.0,2.5574621012942926
11.066,0.0,-1.4714197179128385,0.0,-0.38572448170875534,0.0,2.559556482335455
11.068,0.0,-1.4721860463756478,0.0,-0.38060328871555804,0.0,2.5616336377196327
11.07,0.0,-1.472942128309657,0.0,-0.3754779586592441,0.0,2.5636935410600104
11.072000000000001,0.0,-1.4736879554752624,0.0,-0.37034852607019925,0.0,2.5657361660758777
11.074,0.0,-1.4744235197019704,0.0,-0.365215025531275,0.0,2.5677614865929344
11.076,0.0,-1.4751488128885097,0.0,-0.3600774916775406,0.0,2.5697694765436143
11.078,0.0,-1.4758638270029274,0.0,-0.354935959196121,0.0,2.5717601099673684
11.08,0.0,-1.4765685540827005,0.0,-0.3497904628259273,0.0,2.5737333610109925
11.082,0.0,-1.4772629862348317,0.0,-0.34464103735749374,0.0,2.575689203928915
11.084,0.0,-1.4779471156359583,0.0,-0.33948771763272384,0.0,2.5776276130835134
11.086,0.0,-1.4786209345324524,0.0,-0.33433053854469175,0.0,2.579548562945418
11.088000000000001,0.0,-1.4792844352405239,0.0,-0.32916953503741486,0.0,2.581452028093809
11.09,0.0,-1.4799376101463178,0.0,-0.32400474210567115,0.0,2.583337983216721
11.092,0.0,-1.4805804517060257,0.0,-0.31883619479470465,0.0,2.5852064031113615
11.094,0.0,-1.4812129524459732,0.0,-0.31366392820010813,0.0,2.587057262684388
11.096,0.0,-1.4818351049627323,0.0,-0.30848797746751244,0.0,2.58889053695223
11.098,0.0,-1.4824469019232143,0.0,-0.3033083777924167,0.0,2.590706201041387
11.1,0.0,-1.4830483360647693,0.0,-0.29812516441997694,0.0,2.592504230188714
11.102,0.0,-1.4836394001952908,0.0,-0.2929383726447306,0.0,2.594284599741749
11.104000000000001,0.0,-1.4842200871933082,0.0,-0.2877480378104331,0.0,2.5960472851589884
11.106,0.0,-1.484790390008087,0.0,-0.2825541953098084,0.0,2.597792262010196
11.108,0.0,-1.4853503016597296,0.0,-0.2773568805843188,0.0,2.5995195059767093
11.11,0.0,-1.4858998152392666,0.0,-0.2721561291239662,0.0,2.6012289928517234
11.112,0.0,-1.4864389239087599,0.0,-0.26695197646704,0.0,2.6029206985405997
11.114,0.0,-1.4869676209013942,0.0,-0.26174445819991315,0.0,2.604594599061157
11.116,0.0,-1.487485899521574,0.0,-0.256533609956825,0.0,2.6062506705439716
11.118,0.0,-1.4879937531450236,0.0,-0.2513194674196083,0.0,2.6078888892326724
11.120000000000001,0.0,-1.4884911752188754,0.0,-0.24610206631751713,0.0,2.60950923148424
11.122,0.0,-1.4889781592617677,0.0,-0.24088144242698079,0.0,2.6111116737692908
11.124,0.0,-1.489454698863939,0.0,-0.23565763157136344,0.0,2.612696192672385
11.126,0.0,-1.4899207876873217,0.0,-0.2304306696207527,0.0,2.614262764892312
11.128,0.0,-1.4903764194656353,0.0,-0.2252005924917102,0.0,2.6158113672423897
11.13,0.0,-1.4908215880044775,0.0,-0.21996743614707714,0.0,2.6173419766507484
11.132,0.0,-1.4912562871814177,0.0,-0.214731236595713,0.0,2.6188545701606336
11.134,0.0,-1.4916805109460913,0.0,-0.20949202989226123,0.0,2.6203491249306916
11.136000000000001,0.0,-1.492094253320285,0.0,-0.2042498521369641,0.0,2.6218256182352597
11.138,0.0,-1.4924975083980336,0.0,-0.19900473947537808,0.0,2.6232840274646594
11.14,0.0,-1.4928902703457083,0.0,-0.19375672809815567,0.0,2.624724330125489
11.142,0.0,-1.4932725334021053,0.0,-0.188505854240841,0.0,2.6261465038409058
11.144,0.0,-1.4936442918785375,0.0,-0.18325215418359725,0.0,2.62755052635092
11.146,0.0,-1.4940055401589216,0.0,-0.1779956642510082,0.0,2.6289363755126818
11.148,0.0,-1.4943562726998694,0.0,-0.1727364208118013,0.0,2.6303040293007687
11.15,0.0,-1.4946964840307722,0.0,-0.16747446027865834,0.0,2.6316534658074744
11.152000000000001,0.0,-1.4950261687538915,0.0,-0.16220981910795132,0.0,2.632984663243087
11.154,0.0,-1.4953453215444443,0.0,-0.15694253379952086,0.0,2.63429759993619
11.156,0.0,-1.495653937150692,0.0,-0.15167264089640678,0.0,2.6355922543339343
11.158,0.0,-1.4959520103940231,0.0,-0.14640017698467495,0.0,2.636868605002325
11.16,0.0,-1.4962395361690433,0.0,-0.14112517869309754,0.0,2.6381266306265134
11.162,0.0,-1.4965165094436559,0.0,-0.1358476826929925,0.0,2.639366310011068
11.164,0.0,-1.4967829252591507,0.0,-0.13056772569793465,0.0,2.6405876220802647
11.166,0.0,-1.497038778730287,0.0,-0.12528534446352357,0.0,2.641790545878375
11.168000000000001,0.0,-1.497284065045376,0.0,-0.12000057578716043,0.0,2.6429750605699307
11.17,0.0,-1.497518779466366,0.0,-0.11471345650779688,0.0,2.6441411454400203
11.172,0.0,-1.4977429173289245,0.0,-0.10942402350567598,0.0,2.6452887798945643
11.174,0.0,-1.4979564740425202,0.0,-0.1041323137021467,0.0,2.6464179434605843
11.176,0.0,-1.498159445090506,0.0,-0.09883836405933329,0.0,2.6475286157865066
11.178,0.0,-1.4983518260301991,0.0,-0.09354221157997665,0.0,2.6486207766424124
11.18,0.0,-1.4985336124929627,0.0,-0.08824389330715225,0.0,2.6496944059203327
11.182,0.0,-1.4987048001842864,0.0,-0.08294344632400807,0.0,2.6507494836345242
11.184000000000001,0.0,-1.4988653848838664,0.0,-0.07764090775356584,0.0,2.6517859899217378
11.186,0.0,-1.4990153624456835,0.0,-0.07233631475843694,0.0,2.6528039050414995
11.188,0.0,-1.499154728798084,0.0,-0.06702970454059423,0.0,2.653803209376389
11.19,0.0,-1.4992834799438572,0.0,-0.06172111434112568,0.0,2.6547838834323056
11.192,0.0,-1.499401611960313,0.0,-0.05641058143996972,0.0,2.6557459078387495
11.194,0.0,-1.499509120999361,0.0,-0.05109814315569969,0.0,2.6566892633490893
11.196,0.0,-1.4996060032875844,0.0,-0.045783836845254534,0.0,2.657613930840836
11.198,0.0,-1.4996922551263203,0.0,-0.04046769990368319,0.0,2.6585198913159207
11.200000000000001,0.0,-1.4997678728917327,0.0,-0.035149769763916705,0.0,2.659407125900955
11.202,0.0,-1.4998328530348901,0.0,-0.02983008389650801,0.0,2.6602756158475067
11.204,0.0,-1.4998871920818382,0.0,-0.024508679809371083,0.0,2.6611253425323764
11.206,0.0,-1.499930886633677,0.0,-0.019185595047558568,0.0,2.66195628745785
11.208,0.0,-1.4999639333666326,0.0,-0.013860867192964444,0.0,2.6627684322519865
11.21,0.0,-1.4999863290321318,0.0,-0.008534533864132526,0.0,2.6635617586688687
11.212,0.0,-1.4999980704568752,0.0,-0.003206632715961563,0.0,2.6643362485888784
11.214,0.0,-1.4999991545429094,0.0,0.002122798560561838,0.0,2.6650918840189655
11.216000000000001,0.0,-1.499989578267698,0.0,0.007453722238549139,0.0,2.6658286470929053
11.218,0.0,-1.499969338684195,0.0,0.012786100555531262,0.0,2.6665465200715683
11.22,0.0,-1.4999384329209142,0.0,0.01811989571369175,0.0,2.6672454853431873
11.222,0.0,-1.4998968581820007,0.0,0.023455069880103943,0.0,2.6679255254236103
11.224,0.0,-1.4998446117472994,0.0,0.02879158518701499,0.0,2.6685866229565764
11.226,0.0,-1.4997816909724264,0.0,0.03412940373208046,0.0,2.6692287607139695
11.228,0.0,-1.499708093288836,0.0,0.039468487578617414,0.0,2.6698519215960776
11.23,0.0,-1.4996238162038906,0.0,0.044808798755897,0.0,2.6704560886318642
11.232000000000001,0.0,-1.4995288573009276,0.0,0.05015029925935229,0.0,2.671041244979216
11.234,0.0,-1.4994232142393273,0.0,0.05549295105087192,0.0,2.6716073739252058
11.236,0.0,-1.4993068847545787,0.0,0.060836716059062323,0.0,2.6721544588863573
11.238,0.0,-1.4991798666583487,0.0,0.0661815561794571,0.0,2.6726824834088956
11.24,0.0,-1.4990421578385438,0.0,0.07152743327485125,0.0,2.6731914311690024
11.242,0.0,-1.4988937562593783,0.0,0.07687430917549755,0.0,2.6736812859730823
11.244,0.0,-1.4987346599614388,0.0,0.08222214567939187,0.0,2.674152031758006
11.246,0.0,-1.4985648670617473,0.0,0.08757090455255952,0.0,2.6746036525913746
11.248000000000001,0.0,-1.4983843757538253,0.0,0.09292054752925984,0.0,2.6750361326717655
11.25,0.0,-1.4981931843077585,0.0,0.09827103631229131,0.0,2.675449456328995
11.252,0.0,-1.497991291070257,0.0,0.10362233257326112,0.0,2.675843608024359
11.254,0.0,-1.4977786944647193,0.0,0.10897439795280243,0.0,2.676218572350898
11.256,0.0,-1.4975553929912928,0.0,0.11432719406089836,0.0,2.676574334033635
11.258000000000001,0.0,-1.497321385226936,0.0,0.11968068247708581,0.0,2.676910877929833
11.26,0.0,-1.497076669825479,0.0,0.12503482475074879,0.0,2.6772281890292478
11.262,0.0,-1.496821245517681,0.0,0.1303895824014152,0.0,2.6775262524543613
11.264,0.0,-1.4965551111112947,0.0,0.13574491691895219,0.0,2.6778050534606512
11.266,0.0,-1.4962782654911198,0.0,0.14110078976389914,0.0,2.6780645774368184
11.268,0.0,-1.4959907076190657,0.0,0.14645716236769216,0.0,2.6783048099050455
11.27,0.0,-1.4956924365342075,0.0,0.1518139961329454,0.0,2.678525736521236
11.272,0.0,-1.495383451352843,0.0,0.1571712524337295,0.0,2.678727343075262
11.274000000000001,0.0,-1.495063751268551,0.0,0.1625288926158217,0.0,2.678909615491205
11.276,0.0,-1.4947333355522465,0.0,0.1678868779969714,0.0,2.6790725398276063
11.278,0.0,-1.4943922035522363,0.0,0.1732451698672044,0.0,2.6792161022776977
11.28,0.0,-1.494040354694276,0.0,0.17860372948903963,0.0,2.6793402891696547
11.282,0.0,-1.4936777884816217,0.0,0.18396251809781577,0.0,2.679445086966829
11.284,0.0,-1.4933045044950872,0.0,0.18932149690190878,0.0,2.6795304822679915
11.286,0.0,-1.4929205023930956,0.0,0.19468062708304198,0.0,2.67959646180757
11.288,0.0,-1.492525781911733,0.0,0.20003986979653995,0.0,2.679643012455894
11.290000000000001,0.0,-1.4921203428648004,0.0,0.20539918617161443,0.0,2.6796701212194183
11.292,0.0,-1.4917041851438695,0.0,0.21075853731158758,0.0,2.679677775240977
11.294,0.0,-1.4912773087183253,0.0,0.21611788429426418,0.0,2.679665961800005
11.296,0.0,-1.4908397136354286,0.0,0.221477188172084,0.0,2.6796346683127785
11.298,0.0,-1.4903914000203549,0.0,0.2268364099725136,0.0,2.6795838823326505
11.3,0.0,-1.489932368076254,0.0,0.23219551069821698,0.0,2.679513591550283
11.302,0.0,-1.4894626180842927,0.0,0.2375544513273952,0.0,2.679423783793879
11.304,0.0,-1.4889821504037055,0.0,0.24291319281405008,0.0,2.6793144470294137
11.306000000000001,0.0,-1.4884909654718443,0.0,0.24827169608823937,0.0,2.679185569360866
11.308,0.0,-1.4879890638042228,0.0,0.25362992205638124,0.0,2.679037139030449
11.31,0.0,-1.487476445994567,0.0,0.2589878316015024,0.0,2.6788691444188415
11.312,0.0,-1.4869531127148585,0.0,0.26434538558354376,0.0,2.678681574045405
11.314,0.0,-1.486419064715383,0.0,0.2697025448396133,0.0,2.6784744165684304
11.316,0.0,-1.4858743028247734,0.0,0.2750592701842817,0.0,2.6782476607853476
11.318,0.0,-1.485318827950058,0.0,0.2804155224098395,0.0,2.6780012956329564
11.32,0.0,-1.4847526410766996,0.0,0.2857712622866121,0.0,2.6777353101876575
11.322000000000001,0.0,-1.484175743268644,0.0,0.29112645056320646,0.0,2.677449693665667
11.324,0.0,-1.4835881356683618,0.0,0.29648104796679137,0.0,2.6771444354232474
11.326,0.0,-1.4829898194968882,0.0,0.3018350152034099,0.0,2.676819524956924
11.328,0.0,-1.482380796053869,0.0,0.307188312958224,0.0,2.676474951903707
11.33,0.0,-1.4817610667175998,0.0,0.3125409018958145,0.0,2.6761107060413227
11.332,0.0,-1.4811306329450669,0.0,0.3178927426604616,0.0,2.675726777288413
11.334,0.0,-1.4804894962719901,0.0,0.3232437958764098,0.0,2.6753231557047727
11.336,0.0,-1.4798376583128572,0.0,0.3285940221481894,0.0,2.674899831491558
11.338000000000001,0.0,-1.479175120760969,0.0,0.33394338206085333,0.0,2.6744567949915075
11.34,0.0,-1.4785018853884755,0.0,0.3392918361802852,0.0,2.673994036689153
11.342,0.0,-1.477817954046412,0.0,0.344639345053487,0.0,2.673511547211043
11.344,0.0,-1.47712332866474,0.0,0.34998586920885205,0.0,2.673009317325949
11.346,0.0,-1.4764180112523813,0.0,0.3553313691564574,0.0,2.672487337945081
11.348,0.0,-1.4757020038972575,0.0,0.36067580538833466,0.0,2.6719456001223083
11.35,0.0,-1.474975308766322,0.0,0.36601913837877975,0.0,2.6713840950543553
11.352,0.0,-1.4742379281055982,0.0,0.37136132858461507,0.0,2.670802814081028
11.354000000000001,0.0,-1.4734898642402126,0.0,0.37670233644548873,0.0,2.6702017486854137
11.356,0.0,-1.4727311195744308,0.0,0.38204212238415525,0.0,2.6695808904940934
11.358,0.0,-1.4719616965916866,0.0,0.38738064680677686,0.0,2.6689402312773507
11.36,0.0,-1.4711815978546214,0.0,0.3927178701031821,0.0,2.668279762949377
11.362,0.0,-1.4703908260051082,0.0,0.39805375264720405,0.0,2.667599477568476
11.364,0.0,-1.4695893837642946,0.0,0.4033882547968908,0.0,2.666899367337279
11.366,0.0,-1.4687772739326217,0.0,0.4087213368948788,0.0,2.6661794246029324
11.368,0.0,-1.467954499389864,0.0,0.4140529592686258,0.0,2.665439641857314
11.370000000000001,0.0,-1.467121063095154,0.0,0.41938308223072573,0.0,2.664680011737234
11.372,0.0,-1.4662769680870165,0.0,0.4247116660791767,0.0,2.663900527024633
11.374,0.0,-1.4654222174833904,0.0,0.43003867109771066,0.0,2.663101180646778
11.376,0.0,-1.464556814481666,0.0,0.43536405755602836,0.0,2.6622819656764793
11.378,0.0,-1.4636807623587027,0.0,0.44068778571015993,0.0,2.661442875332266
11.38,0.0,-1.462794064470866,0.0,0.4460098158026838,0.0,2.6605839029786016
11.382,0.0,-1.461896724254046,0.0,0.45133010806307405,0.0,2.659705042126072
11.384,0.0,-1.4609887452236905,0.0,0.45664862270795514,0.0,2.6588062864315893
11.386000000000001,0.0,-1.4600701309748214,0.0,0.46196531994143986,0.0,2.657887629698574
11.388,0.0,-1.4591408851820709,0.0,0.4672801599553554,0.0,2.656949065877161
11.39,0.0,-1.4582010115996937,0.0,0.47259310292961176,0.0,2.655990589064386
11.392,0.0,-1.4572505140615994,0.0,0.4779041090324457,0.0,2.655012193504378
11.394,0.0,-1.4562893964813735,0.0,0.48321313842072267,0.0,2.6540138735885557
11.396,0.0,-1.4553176628522948,0.0,0.4885201512402557,0.0,2.6529956238558063
11.398,0.0,-1.4543353172473679,0.0,0.4938251076260555,0.0,2.651957438992693
11.4,0.0,-1.4533423638193306,0.0,0.4991279677026888,0.0,2.6508993138336217
11.402000000000001,0.0,-1.4523388068006864,0.0,0.504428691584514,0.0,2.6498212433610404
11.404,0.0,-1.4513246505037185,0.0,0.5097272393760104,0.0,2.6487232227056263
11.406,0.0,-1.4502998993205125,0.0,0.515023571172063,0.0,2.6476052471464673
11.408,0.0,-1.449264557722971,0.0,0.5203176470582708,0.0,2.6464673121112434
11.41,0.0,-1.448218630262835,0.0,0.5256094271112365,0.0,2.6453094131764145
11.412,0.0,-1.4471621215717019,0.0,0.5308988713988616,0.0,2.6441315460674026
11.414,0.0,-1.4460950363610432,0.0,0.5361859399806375,0.0,2.6429337066587757
11.416,0.0,-1.4450173794222159,0.0,0.5414705929079737,0.0,2.641715890974415
11.418000000000001,0.0,-1.4439291556264848,0.0,0.5467527902244642,0.0,2.640478095187709
11.42,0.0,-1.4428303699250342,0.0,0.5520324919662021,0.0,2.6392203156217238
11.422,0.0,-1.4417210273489838,0.0,0.5573096581620769,0.0,2.637942548749385
11.424,0.0,-1.4406011330094017,0.0,0.5625842488340739,0.0,2.6366447911936484
11.426,0.0,-1.4394706920973197,0.0,0.5678562239975742,0.0,2.6353270397276773
11.428,0.0,-1.4383297098837444,0.0,0.573125543661656,0.0,2.633989291275021
11.43,0.0,-1.4371781917196702,0.0,0.5783921678293982,0.0,2.6326315429097775
11.432,0.0,-1.4360161430360925,0.0,0.5836560564981688,0.0,2.6312537918567833
11.434000000000001,0.0,-1.434843569344015,0.0,0.5889171696599491,0.0,2.6298560354917604
11.436,0.0,-1.4336604762344662,0.0,0.594175467301607,0.0,2.628438271341512
11.438,0.0,-1.432466869378501,0.0,0.5994309094052382,0.0,2.6270004970840684
11.44,0.0,-1.4312627545272194,0.0,0.6046834559484188,0.0,2.6255427105488724
11.442,0.0,-1.4300481375117648,0.0,0.6099330669045665,0.0,2.6240649097169326
11.444,0.0,-1.4288230242433453,0.0,0.6151797022431778,0.0,2.6225670927210083
11.446,0.0,-1.4275874207132273,0.0,0.620423321930191,0.0,2.62104925784575
11.448,0.0,-1.4263413329927503,0.0,0.6256638859282622,0.0,2.6195114035278784
11.450000000000001,0.0,-1.4250847672333322,0.0,0.6309013541970699,0.0,2.6179535283563493
11.452,0.0,-1.423817729666478,0.0,0.6361356866936052,0.0,2.616375631072509
11.454,0.0,-1.4225402266037706,0.0,0.6413668433725397,0.0,2.6147777105702477
11.456,0.0,-1.4212522644368972,0.0,0.6465947841864371,0.0,2.613159765896181
11.458,0.0,-1.4199538496376345,0.0,0.6518194690861381,0.0,2.611521796249785
11.46,0.0,-1.418644988757862,0.0,0.6570408580210213,0.0,2.609863800983569
11.462,0.0,-1.417325688429561,0.0,0.6622589109393274,0.0,2.6081857796032253
11.464,0.0,-1.4159959553648165,0.0,0.6674735877884651,0.0,2.606487731767787
11.466000000000001,0.0,-1.414655796355822,0.0,0.672684848515301,0.0,2.604769657289785
11.468,0.0,-1.413305218274874,0.0,0.6778926530664969,0.0,2.6030315561353903
11.47,0.0,-1.4119442280743761,0.0,0.6830969613887983,0.0,2.6012734284245806
11.472,0.0,-1.4105728327868399,0.0,0.6882977334293369,0.0,2.59949527443128
11.474,0.0,-1.4091910395248815,0.0,0.69349492913595,0.0,2.5976970945835176
11.476,0.0,-1.4077988554812189,0.0,0.6986885084574888,0.0,2.5958788894635703
11.478,0.0,-1.406396287928675,0.0,0.7038784313441097,0.0,2.5940406598081163
11.48,0.0,-1.404983344220165,0.0,0.7090646577476205,0.0,2.5921824065083707
11.482000000000001,0.0,-1.4035600317887027,0.0,0.7142471476217461,0.0,2.5903041306102472
11.484,0.0,-1.402126358147393,0.0,0.7194258609224614,0.0,2.5884058333144937
11.486,0.0,-1.4006823308894234,0.0,0.7246007576083042,0.0,2.5864875159768315
11.488,0.0,-1.3992279576880637,0.0,0.7297717976406722,0.0,2.5845491801081084
11.49,0.0,-1.397763246296654,0.0,0.734938940984154,0.0,2.582590827374428
11.492,0.0,-1.3962882045486056,0.0,0.7401021476068115,0.0,2.5806124595973
11.494,0.0,-1.3948028403573929,0.0,0.7452613774804958,0.0,2.578614078753785
11.496,0.0,-1.3933071617165333,0.0,0.7504165905811974,0.0,2.576595686976603
11.498000000000001,0.0,-1.3918011766995957,0.0,0.7555677468893052,0.0,2.5745572865543083
11.5,0.0,-1.3902848934601804,0.0,0.760714806389947,0.0,2.5724988799314
11.502,0.0,-1.3887583202319134,0.0,0.7658577290732964,0.0,2.5704204697084654
11.504,0.0,-1.3872214653284356,0.0,0.7709964749348808,0.0,2.5683220586423143
11.506,0.0,-1.385674337143389,0.0,0.7761310039759041,0.0,2.566203649646105
11.508000000000001,0.0,-1.3841169441504082,0.0,0.7812612762035532,0.0,2.5640652457894832
11.51,0.0,-1.3825492949031088,0.0,0.7863872516313006,0.0,2.5619068502987092
11.512,0.0,-1.3809713980350704,0.0,0.7915088902792418,0.0,2.5597284665567854
11.514000000000001,0.0,-1.3793832622598259,0.0,0.7966261521743878,0.0,2.5575300981035842
11.516,0.0,-1.3777848963708519,0.0,0.8017389973509771,0.0,2.5553117486359858
11.518,0.0,-1.37617630924154,0.0,0.8068473858508215,0.0,2.5530734220079765
11.52,0.0,-1.3745575098252,0.0,0.8119512777235728,0.0,2.5508151222308135
11.522,0.0,-1.3729285071550255,0.0,0.8170506330270875,0.0,2.5485368534731037
11.524000000000001,0.0,-1.3712893103440926,0.0,0.822145411827695,0.0,2.5462386200609664
11.526,0.0,-1.3696399285853347,0.0,0.8272355742005436,0.0,2.5439204264781257
11.528,0.0,-1.3679803711515202,0.0,0.832321080229917,0.0,2.541582277366039
11.53,0.0,-1.3663106473952475,0.0,0.8374018900095197,0.0,2.5392241775240265
11.532,0.0,-1.3646307667489137,0.0,0.8424779636428262,0.0,2.536846131909376
11.534,0.0,-1.362940738724698,0.0,0.8475492612433838,0.0,2.534448145637459
11.536,0.0,-1.3612405729145458,0.0,0.852615742935118,0.0,2.5320302239818577
11.538,0.0,-1.3595302789901411,0.0,0.8576773688526708,0.0,2.5295923723744687
11.540000000000001,0.0,-1.3578098667028886,0.0,0.8627340991417021,0.0,2.527134596405616
11.542,0.0,-1.356079345883889,0.0,0.8677858939592152,0.0,2.524656901824171
11.544,0.0,-1.3543387264439195,0.0,0.8728327134738622,0.0,2.5221592945376545
11.546,0.0,-1.3525880183734098,0.0,0.8778745178662664,0.0,2.5196417806123574
11.548,0.0,-1.3508272317424075,0.0,0.8829112673293654,0.0,2.5171043662734265
11.55,0.0,-1.349056376700574,0.0,0.8879429220686731,0.0,2.5145470579050055
11.552,0.0,-1.3472754634771382,0.0,0.8929694423026535,0.0,2.511969862050307
11.554,0.0,-1.3454845023808786,0.0,0.8979907882630169,0.0,2.5093727854117374
11.556000000000001,0.0,-1.3436835038001034,0.0,0.9030069201950207,0.0,2.5067558348510004
11.558,0.0,-1.3418724782026124,0.0,0.908017798357815,0.0,2.5041190173891916
11.56,0.0,-1.3400514361356703,0.0,0.9130233830247583,0.0,2.501462340206899
11.562,0.0,-1.3382203882259875,0.0,0.9180236344837135,0.0,2.4987858106443146
11.564,0.0,-1.3363793451796724,0.0,0.9230185130374124,0.0,2.4960894362013106
11.566,0.0,-1.3345283177822274,0.0,0.9280079790037083,0.0,2.4933732245375744
11.568,0.0,-1.332667316898495,0.0,0.9329919927159555,0.0,2.4906371834726664
11.57,0.0,-1.3307963534726337,0.0,0.9379705145233146,0.0,2.487881320986134
11.572000000000001,0.0,-1.3289154385280941,0.0,0.942943504791045,0.0,2.4851056452176077
11.574,0.0,-1.3270245831675767,0.0,0.947910923900856,0.0,2.4823101644668877
11.576,0.0,-1.3251237985729978,0.0,0.9528727322512269,0.0,2.479494887194035
11.578,0.0,-1.3232130960054684,0.0,0.9578288902576932,0.0,2.476659822019468
11.58,0.0,-1.3212924868052405,0.0,0.9627793583532225,0.0,2.4738049777240416
11.582,0.0,-1.3193619823916942,0.0,0.9677240969884712,0.0,2.470930363249154
11.584,0.0,-1.317421594263282,0.0,0.972663066632162,0.0,2.4680359876968083
11.586,0.0,-1.315471333997503,0.0,0.9775962277713762,0.0,2.4651218603297207
11.588000000000001,0.0,-1.3135112132508624,0.0,0.9825235409118841,0.0,2.4621879905713855
11.59,0.0,-1.3115412437588396,0.0,0.9874449665784509,0.0,2.459234388006179
11.592,0.0,-1.3095614373358369,0.0,0.9923604653151946,0.0,2.456261062379419
11.594,0.0,-1.3075718058751566,0.0,0.9972699976858617,0.0,2.4532680235974667
11.596,0.0,-1.3055723613489487,0.0,1.002173524274189,0.0,2.4502552817277907
11.598,0.0,-1.303563115808178,0.0,1.0070710056841996,0.0,2.4472228469990536
11.6,0.0,-1.3015440813825818,0.0,1.011962402540535,0.0,2.4441707298011877
11.602,0.0,-1.2995152702806223,0.0,1.0168476754887876,0.0,2.441098940685462
11.604000000000001,0.0,-1.2974766947894538,0.0,1.0217267851958054,0.0,2.4380074903645745
11.606,0.0,-1.2954283672748752,0.0,1.0265996923500205,0.0,2.434896389712709
11.608,0.0,-1.293370300181283,0.0,1.031466357661787,0.0,2.4317656497656133
11.61,0.0,-1.291302506031636,0.0,1.0363267418636788,0.0,2.4286152817206745
11.612,0.0,-1.2892249974273984,0.0,1.0411808057108416,0.0,2.4254452969369757
11.614,0.0,-1.2871377870485081,0.0,1.046028509981285,0.0,2.422255706935381
11.616,0.0,-1.285040887653325,0.0,1.05086981547622,0.0,2.4190465233986007
11.618,0.0,-1.282934312078572,0.0,1.0557046830204122,0.0,2.4158177581712272
11.620000000000001,0.0,-1.2808180732393109,0.0,1.0605330734624483,0.0,2.4125694232598476
11.622,0.0,-1.2786921841288759,0.0,1.0653549476751043,0.0,2.4093015308330705
11.624,0.0,-1.2765566578188328,0.0,1.0701702665556532,0.0,2.4060140932216023
11.626,0.0,-1.2744115074589275,0.0,1.0749789910261918,0.0,2.402707122918307
11.628,0.0,-1.272256746277036,0.0,1.0797810820339668,0.0,2.3993806325782594
11.63,0.0,-1.2700923875791181,0.0,1.0845765005516899,0.0,2.3960346350188204
11.632,0.0,-1.2679184447491583,0.0,1.0893652075778775,0.0,2.3926691432196705
11.634,0.0,-1.2657349312491193,0.0,1.094147164137165,0.0,2.3892841703228815
11.636000000000001,0.0,-1.2635418606188868,0.0,1.0989223312806375,0.0,2.3858797296329635
11.638,0.0,-1.2613392464762236,0.0,1.1036906700861402,0.0,2.382455834616932
11.64,0.0,-1.259127102516698,0.0,1.1084521416586377,0.0,2.379012498904326
11.642,0.0,-1.2569054425136568,0.0,1.1132067071304845,0.0,2.3755497362873146
11.644,0.0,-1.2546742803181372,0.0,1.117954327661817,0.0,2.372067560720678
11.646,0.0,-1.2524336298588437,0.0,1.122694964440812,0.0,2.3685659863219213
11.648,0.0,-1.250183505142065,0.0,1.127428578684066,0.0,2.365045027371268
11.65,0.0,-1.2479239202516355,0.0,1.1321551316368865,0.0,2.3615046983117454
11.652000000000001,0.0,-1.2456548893488613,0.0,1.1368745845736428,0.0,2.3579450137491933
11.654,0.0,-1.243376426672482,0.0,1.1415868987980589,0.0,2.3543659884523485
11.656,0.0,-1.2410885465385897,0.0,1.1462920356435786,0.0,2.3507676373528406
11.658,0.0,-1.2387912633405878,0.0,1.1509899564736563,0.0,2.347149975545274
11.66,0.0,-1.236484591549111,0.0,1.1556806226821208,0.0,2.3435130182872257
11.662,0.0,-1.234168545711988,0.0,1.1603639956934553,0.0,2.339856780999323
11.664,0.0,-1.2318431404541654,0.0,1.1650400369631508,0.0,2.3361812792652663
11.666,0.0,-1.2295083904776392,0.0,1.1697087079780466,0.0,2.3324865288318364
11.668000000000001,0.0,-1.2271643105614114,0.0,1.1743699702566153,0.0,2.3287725456089787
11.67,0.0,-1.2248109155614055,0.0,1.1790237853493317,0.0,2.3250393456697855
11.672,0.0,-1.2224482204104186,0.0,1.1836701148389672,0.0,2.321286945250569
11.674,0.0,-1.2200762401180425,0.0,1.1883089203409427,0.0,2.3175153607508547
11.676,0.0,-1.2176949897706142,0.0,1.1929401635036239,0.0,2.3137246087334478
11.678,0.0,-1.2153044845311327,0.0,1.1975638060086804,0.0,2.309914705924423
11.68,0.0,-1.212904739639209,0.0,1.2021798095713818,0.0,2.3060856692131844
11.682,0.0,-1.2104957704109776,0.0,1.2067881359409618,0.0,2.302237515652455
11.684000000000001,0.0,-1.2080775922390503,0.0,1.2113887469009035,0.0,2.2983702624583335
11.686,0.0,-1.2056502205924369,0.0,1.2159816042692864,0.0,2.2944839270103
11.688,0.0,-1.2032136710164658,0.0,1.2205666698991342,0.0,2.290578526851225
11.69,0.0,-1.2007679591327411,0.0,1.225143905678685,0.0,2.2866540796874237
11.692,0.0,-1.1983131006390377,0.0,1.2297132735317875,0.0,2.2827106033886295
11.694,0.0,-1.1958491113092578,0.0,1.2342747354181711,0.0,2.2787481159880474
11.696,0.0,-1.193376006993348,0.0,1.2388282533337962,0.0,2.274766635682356
11.698,0.0,-1.1908938036172156,0.0,1.2433737893111996,0.0,2.270766180831705
11.700000000000001,0.0,-1.1884025171826804,0.0,1.2479113054197766,0.0,2.2667467699597625
11.702,0.0,-1.1859021637673797,0.0,1.2524407637661445,0.0,2.2627084217537017
11.704,0.0,-1.183392759524696,0.0,1.2569621264944644,0.0,2.258651155064208
11.706,0.0,-1.1808743206836925,0.0,1.2614753557867528,0.0,2.2545749889055045
11.708,0.0,-1.1783468635490282,0.0,1.26598041386322,0.0,2.250479942455352
11.71,0.0,-1.1758104045008797,0.0,1.2704772629826024,0.0,2.246366035055047
11.712,0.0,-1.173264959994873,0.0,1.274965865442471,0.0,2.242233286209438
11.714,0.0,-1.170710546561992,0.0,1.2794461835795854,0.0,2.2380817155869184
11.716000000000001,0.0,-1.1681471808085164,0.0,1.2839181797701913,0.0,2.233911343019444
11.718,0.0,-1.1655748794159342,0.0,1.2883818164303573,0.0,2.229722188502523
11.72,0.0,-1.1629936591408454,0.0,1.2928370560163371,0.0,2.2255142721951944
11.722,0.0,-1.1604035368149217,0.0,1.297283861024822,0.0,2.2212876144200835
11.724,0.0,-1.1578045293447738,0.0,1.3017221939933585,0.0,2.2170422356633206
11.726,0.0,-1.1551966537119205,0.0,1.3061520175005885,0.0,2.2127781565746156
11.728,0.0,-1.1525799269726673,0.0,1.3105732941666397,0.0,2.2084953979671895
11.73,0.0,-1.1499543662580418,0.0,1.3149859866534244,0.0,2.2041939808178013
11.732000000000001,0.0,-1.147319988773704,0.0,1.3193900576649742,0.0,2.199873926266721
11.734,0.0,-1.1446768117998682,0.0,1.323785469947757,0.0,2.1955352556177385
11.736,0.0,-1.1420248526912065,0.0,1.3281721862910219,0.0,2.191177990338127
11.738,0.0,-1.139364128876778,0.0,1.3325501695271036,0.0,2.1868021520586605
11.74,0.0,-1.1366946578599215,0.0,1.3369193825317798,0.0,2.182407762573557
11.742,0.0,-1.1340164572181894,0.0,1.3412797882245675,0.0,2.17799484384051
11.744,0.0,-1.1313295446032565,0.0,1.3456313495690535,0.0,2.1735634179806516
11.746,0.0,-1.1286339377408097,0.0,1.3499740295732554,0.0,2.1691135072785066
11.748000000000001,0.0,-1.1259296544304882,0.0,1.3543077912899035,0.0,2.1646451341820203
11.75,0.0,-1.12321671254578,0.0,1.3586325978167872,0.0,2.1601583213025117
11.752,0.0,-1.1204951300339203,0.0,1.3629484122971032,0.0,2.155653091414636
11.754,0.0,-1.11776492491583,0.0,1.3672551979197303,0.0,2.151129467456404
11.756,0.0,-1.1150261152859917,0.0,1.3715529179196109,0.0,2.1465874725291094
11.758000000000001,0.0,-1.1122787193123778,0.0,1.375841535578044,0.0,2.1420271298973326
11.76,0.0,-1.1095227552363576,0.0,1.3801210142230105,0.0,2.1374484629889134
11.762,0.0,-1.1067582413725805,0.0,1.3843913172295368,0.0,2.1328514953948807
11.764000000000001,0.0,-1.103985196108916,0.0,1.3886524080199685,0.0,2.1282362508694845
11.766,0.0,-1.1012036379063324,0.0,1.3929042500643354,0.0,2.1236027533301147
11.768,0.0,-1.0984135852988135,0.0,1.3971468068806605,0.0,2.1189510268572893
11.77,0.0,-1.0956150568932537,0.0,1.401380042035298,0.0,2.1142810956946025
11.772,0.0,-1.0928080713693715,0.0,1.4056039191432461,0.0,2.109592984248713
11.774000000000001,0.0,-1.0899926474796005,0.0,1.409818401868485,0.0,2.1048867170892764
11.776,0.0,-1.0871688040490124,0.0,1.414023453924278,0.0,2.100162318948954
11.778,0.0,-1.0843365599751782,0.0,1.4182190390735496,0.0,2.095419814723291
11.78,0.0,-1.081495934228114,0.0,1.4224051211291509,0.0,2.0906592294707633
11.782,0.0,-1.078646945850147,0.0,1.4265816639542293,0.0,2.0858805884126688
11.784,0.0,-1.0757896139558403,0.0,1.4307486314625202,0.0,2.081083916933129
11.786,0.0,-1.0729239577318677,0.0,1.4349059876187065,0.0,2.076269240579004
11.788,0.0,-1.0700499964369257,0.0,1.4390536964387206,0.0,2.071436585059865
11.790000000000001,0.0,-1.067167749401626,0.0,1.4431917219900807,0.0,2.066585976247939
11.792,0.0,-1.0642772360283992,0.0,1.4473200283922034,0.0,2.0617174401780702
11.794,0.0,-1.0613784757913771,0.0,1.4514385798167488,0.0,2.0568310030476478
11.796,0.0,-1.0584714882363029,0.0,1.4555473404879227,0.0,2.051926691216573
11.798,0.0,-1.055556292980413,0.0,1.4596462746828225,0.0,2.0470045312071856
11.8,0.0,-1.0526329097123355,0.0,1.4637353467317542,0.0,2.042064549704214
11.802,0.0,-1.049701358191994,0.0,1.46781452101854,0.0,2.0371067735547386
11.804,0.0,-1.0467616582504795,0.0,1.471883761980877,0.0,2.0321312297680927
11.806000000000001,0.0,-1.0438138297899575,0.0,1.475943034110635,0.0,2.02713794551583
11.808,0.0,-1.0408578927835617,0.0,1.4799923019541827,0.0,2.0221269481316697
11.81,0.0,-1.0378938672752667,0.0,1.4840315301127325,0.0,2.017098265111397
11.812,0.0,-1.0349217733797995,0.0,1.4880606832426373,0.0,2.0120519241128374
11.814,0.0,-1.0319416312825105,0.0,1.4920797260557388,0.0,2.006987952955763
11.816,0.0,-1.0289534612392752,0.0,1.4960886233196746,0.0,2.0019063796218384
11.818,0.0,-1.0259572835763833,0.0,1.5000873398582002,0.0,1.996807232254562
11.82,0.0,-1.0229531186904053,0.0,1.5040758405515395,0.0,1.9916905391591548
11.822000000000001,0.0,-1.0199409870481158,0.0,1.5080540903366613,0.0,1.9865563288025525
11.824,0.0,-1.0169209091863385,0.0,1.5120220542076543,0.0,1.9814046298132617
11.826,0.0,-1.0138929057118604,0.0,1.5159796972160169,0.0,1.9762354709813343
11.828,0.0,-1.0108569973013122,0.0,1.5199269844709806,0.0,1.9710488812582838
11.83,0.0,-1.007813204701036,0.0,1.52386388113986,0.0,1.9658448897569791
11.832,0.0,-1.0047615487269936,0.0,1.5277903524483367,0.0,1.9606235257516067
11.834,0.0,-1.0017020502646292,0.0,1.5317063636808146,0.0,1.9553848186775582
11.836,0.0,-0.9986347302687597,0.0,1.5356118801807295,0.0,1.950128798131361
11.838000000000001,0.0,-0.9955596097634587,0.0,1.5395068673508632,0.0,1.9448554938705969
11.84,0.0,-0.9924767098419376,0.0,1.543391290653675,0.0,1.9395649358138205
11.842,0.0,-0.9893860516664086,0.0,1.5472651156116373,0.0,1.9342571540404412
11.844,0.0,-0.9862876564680008,0.0,1.5511283078075158,0.0,1.928932178790699
11.846,0.0,-0.9831815455465927,0.0,1.5549808328847456,0.0,1.9235900404654942
11.848,0.0,-0.9800677402707377,0.0,1.5588226565476995,0.0,1.918230769626381
11.85,0.0,-0.9769462620775031,0.0,1.562653744562052,0.0,1.9128543969954035
11.852,0.0,-0.9738171324723706,0.0,1.5664740627550728,0.0,1.9074609534550477
11.854000000000001,0.0,-0.9706803730291047,0.0,1.5702835770159589,0.0,1.9020504700481276
11.856,0.0,-0.96753600538963,0.0,1.5740822532961516,0.0,1.8966229779776973
11.858,0.0,-0.9643840512639006,0.0,1.5778700576096647,0.0,1.8911785086069361
11.86,0.0,-0.9612245324297873,0.0,1.581646956033389,0.0,1.8857170934590775
11.862,0.0,-0.9580574707329346,0.0,1.5854129147074347,0.0,1.8802387642172744
11.864,0.0,-0.9548828880866542,0.0,1.5891678998354235,0.0,1.8747435527245389
11.866,0.0,-0.95170080647178,0.0,1.5929118776848308,0.0,1.869231490983595
11.868,0.0,-0.9485112479365478,0.0,1.5966448145872967,0.0,1.863702611156802
11.870000000000001,0.0,-0.9453142345964644,0.0,1.6003666769389469,0.0,1.8581569455660336
11.872,0.0,-0.9421097886341872,0.0,1.6040774312007016,0.0,1.8525945266925907
11.874,0.0,-0.9388979322993749,0.0,1.607777043898616,0.0,1.847015387177055
11.876,0.0,-0.9356786879085788,0.0,1.6114654816241747,0.0,1.8414195598192158
11.878,0.0,-0.9324520778450907,0.0,1.6151427110346326,0.0,1.8358070775779265
11.88,0.0,-0.929218124558831,0.0,1.6188086988533115,0.0,1.8301779735710186
11.882,0.0,-0.925976850566215,0.0,1.6224634118699193,0.0,1.8245322810751898
11.884,0.0,-0.9227282784499848,0.0,1.6261068169409045,0.0,1.8188700335258197
11.886000000000001,0.0,-0.9194724308591298,0.0,1.6297388809897175,0.0,1.8131912645169548
11.888,0.0,-0.9162093305087149,0.0,1.6333595710071647,0.0,1.807496007801117
11.89,0.0,-0.9129390001797513,0.0,1.6369688540517209,0.0,1.8017842972891929
11.892,0.0,-0.909661462719076,0.0,1.640566697249831,0.0,1.7960561670503417
11.894,0.0,-0.9063767410391903,0.0,1.64415306779625,0.0,1.7903116513118225
11.896,0.0,-0.9030848581181476,0.0,1.647727932954336,0.0,1.7845507844589137
11.898,0.0,-0.8997858369994125,0.0,1.6512912600563672,0.0,1.7787736010347817
11.9,0.0,-0.8964797007916963,0.0,1.654843016503888,0.0,1.7729801357403037
11.902000000000001,0.0,-0.8931664726688506,0.0,1.6583831697679874,0.0,1.767170423433996
11.904,0.0,-0.8898461758697198,0.0,1.6619116873896242,0.0,1.7613444991318676
11.906,0.0,-0.8865188336979826,0.0,1.6654285369799613,0.0,1.755502398007255
11.908,0.0,-0.883184469522034,0.0,1.6689336862206559,0.0,1.7496441553907291
11.91,0.0,-0.8798431067748325,0.0,1.6724271028641853,0.0,1.743769806769937
11.912,0.0,-0.8764947689537609,0.0,1.6759087547341591,0.0,1.7378793877894694
11.914,0.0,-0.8731394796204852,0.0,1.6793786097256322,0.0,1.731972934250728
11.916,0.0,-0.8697772624008011,0.0,1.6828366358054252,0.0,1.7260504821117626
11.918000000000001,0.0,-0.8664081409845117,0.0,1.6862828010124205,0.0,1.7201120674871693
11.92,0.0,-0.8630321391252633,0.0,1.6897170734578915,0.0,1.7141577266479133
11.922,0.0,-0.8596492806404007,0.0,1.6931394213258166,0.0,1.7081874960211825
11.924,0.0,-0.8562595894108429,0.0,1.696549812873169,0.0,1.7022014121902815
11.926,0.0,-0.8528630893809042,0.0,1.699948216430263,0.0,1.6961995118944255
11.928,0.0,-0.8494598045581777,0.0,1.7033346004010337,0.0,1.6901818320286444
11.93,0.0,-0.8460497590133731,0.0,1.706708933263362,0.0,1.6841484096436043
11.932,0.0,-0.842632976880165,0.0,1.710071183569394,0.0,1.678099281945457
11.934000000000001,0.0,-0.8392094823550497,0.0,1.7134213199458401,0.0,1.6720344862956855
11.936,0.0,-0.8357792996972017,0.0,1.716759311094284,0.0,1.6659540602109693
11.938,0.0,-0.8323424532283081,0.0,1.7200851257915055,0.0,1.6598580413629929
11.94,0.0,-0.8288989673324367,0.0,1.7233987328897742,0.0,1.6537464675783238
11.942,0.0,-0.8254488664558648,0.0,1.7267001013171779,0.0,1.6476193768382221
11.944,0.0,-0.8219921751069456,0.0,1.7299892000779125,0.0,1.6414768072785026
11.946,0.0,-0.8185289178559461,0.0,1.7332659982526017,0.0,1.6353187971893648
11.948,0.0,-0.81505911933489,0.0,1.7365304649986095,0.0,1.6291453850152158
11.950000000000001,0.0,-0.811582804237415,0.0,1.7397825695503362,0.0,1.6229566093545271
11.952,0.0,-0.8080999973186132,0.0,1.7430222812195333,0.0,1.6167525089596555
11.954,0.0,-0.8046107233948709,0.0,1.7462495693956162,0.0,1.6105331227366728
11.956,0.0,-0.8011150073437177,0.0,1.7494644035459632,0.0,1.604298489745194
11.958,0.0,-0.7976128741036749,0.0,1.7526667532162234,0.0,1.598048649198222
11.96,0.0,-0.7941043486740891,0.0,1.755856588030629,0.0,1.5917836404619556
11.962,0.0,-0.7905894561149889,0.0,1.7590338776922878,0.0,1.5855035030556377
11.964,0.0,-0.7870682215469019,0.0,1.7621985919835161,0.0,1.57920827665134
11.966000000000001,0.0,-0.783540670150727,0.0,1.7653507007661102,0.0,1.5728980010738356
11.968,0.0,-0.7800068271675531,0.0,1.7684901739816747,0.0,1.5665727163003833
11.97,0.0,-0.7764667178985016,0.0,1.7716169816519283,0.0,1.5602324624605552
11.972,0.0,-0.7729203677045744,0.0,1.7747310938789922,0.0,1.5538772798360616
11.974,0.0,-0.7693678020064929,0.0,1.777832480845703,0.0,1.5475072088605772
11.976,0.0,-0.7658090462845233,0.0,1.7809211128159221,0.0,1.541122290119526
11.978,0.0,-0.7622441260783356,0.0,1.7839969601348227,0.0,1.534722564349938
11.98,0.0,-0.7586730669868011,0.0,1.7870599932292255,0.0,1.5283080724401865
11.982000000000001,0.0,-0.7550958946678923,0.0,1.7901101826078505,0.0,1.521878855429917
11.984,0.0,-0.7515126348384567,0.0,1.793147498861667,0.0,1.515434954509741
11.986,0.0,-0.7479233132740838,0.0,1.7961719126641722,0.0,1.5089764110211046
11.988,0.0,-0.7443279558089316,0.0,1.7991833947716973,0.0,1.5025032664560762
11.99,0.0,-0.7407265883355693,0.0,1.8021819160237034,0.0,1.4960155624571692
11.992,0.0,-0.7371192368047941,0.0,1.8051674473430952,0.0,1.4895133408171173
11.994,0.0,-0.7335059272254831,0.0,1.8081399597365027,0.0,1.4829966434787045
11.996,0.0,-0.7298866856644073,0.0,1.811099424294602,0.0,1.4764655125345403
11.998000000000001,0.0,-0.7262615382460764,0.0,1.8140458121923986,0.0,1.469919990226876
12.0,0.0,-0.7226305111525722,0.0,1.8169790946895263,0.0,1.463360118947409
12.002,0.0,-0.7189936306233587,0.0,1.8198992431305634,0.0,1.4567859412370423
12.004,0.0,-0.7153509229551374,0.0,1.8228062289453095,0.0,1.4501974997857237
12.006,0.0,-0.711702414501655,0.0,1.8257000236491001,0.0,1.4435948374321987
12.008000000000001,0.0,-0.7080481316735489,0.0,1.828580598843092,0.0,1.4369779971638375
12.01,0.0,-0.7043881009381657,0.0,1.8314479262145662,0.0,1.4303470221164
12.012,0.0,-0.7007223488193915,0.0,1.8343019775372247,0.0,1.4237019555738362
12.014000000000001,0.0,-0.6970509018974753,0.0,1.8371427246714849,0.0,1.41704284096806
12.016,0.0,-0.6933737868088707,0.0,1.8399701395647694,0.0,1.4103697218787707
12.018,0.0,-0.6896910302460229,0.0,1.8427841942518253,0.0,1.4036826420331576
12.02,0.0,-0.6860026589572529,0.0,1.8455848608549792,0.0,1.3969816453058004
12.022,0.0,-0.6823086997465238,0.0,1.8483721115844696,0.0,1.3902667757183318
12.024000000000001,0.0,-0.678609179473299,0.0,1.8511459187387218,0.0,1.383538077439291
12.026,0.0,-0.6749041250523617,0.0,1.8539062547046403,0.0,1.376795594783887
12.028,0.0,-0.6711935634536256,0.0,1.8566530919579103,0.0,1.3700393722137547
12.030000000000001,0.0,-0.6674775217019633,0.0,1.859386403063288,0.0,1.3632694543367452
12.032,0.0,-0.6637560268770387,0.0,1.862106160674884,0.0,1.3564858859067135
12.034,0.0,-0.6600291061130986,0.0,1.8648123375364765,0.0,1.34968871182324
12.036,0.0,-0.6562967865988363,0.0,1.8675049064817701,0.0,1.3428779771314776
12.038,0.0,-0.6525590955771683,0.0,1.8701838404347206,0.0,1.3360537270218462
12.040000000000001,0.0,-0.6488160603450825,0.0,1.8728491124098008,0.0,1.329216006829847
12.042,0.0,-0.6450677082534491,0.0,1.8755006955123001,0.0,1.3223648620358215
12.044,0.0,-0.6413140667068223,0.0,1.8781385629386211,0.0,1.3155003382646777
12.046,0.0,-0.6375551631632895,0.0,1.8807626879765498,0.0,1.3086224812857181
12.048,0.0,-0.6337910251342584,0.0,1.883373044005564,0.0,1.3017313370123438
12.05,0.0,-0.6300216801842929,0.0,1.885969604497106,0.0,1.2948269515018491
12.052,0.0,-0.6262471559309225,0.0,1.888552343014876,0.0,1.28790937095517
12.054,0.0,-0.6224674800444463,0.0,1.8911212332151293,0.0,1.2809786417166233
12.056000000000001,0.0,-0.6186826802477707,0.0,1.8936762488469403,0.0,1.2740348102736971
12.058,0.0,-0.6148927843162133,0.0,1.8962173637525035,0.0,1.2670779232567946
12.06,0.0,-0.6110978200772921,0.0,1.898744551867429,0.0,1.2601080274389354
12.062,0.0,-0.6072978154105866,0.0,1.901257787220999,0.0,1.2531251697355994
12.064,0.0,-0.6034927982475022,0.0,1.903757043936483,0.0,1.246129397204387
12.066,0.0,-0.5996827965711233,0.0,1.9062422962313943,0.0,1.2391207570448415
12.068,0.0,-0.5958678384159849,0.0,1.9087135184178006,0.0,1.2320992965981254
12.07,0.0,-0.5920479518679227,0.0,1.9111706849025805,0.0,1.2250650633468372
12.072000000000001,0.0,-0.5882231650638415,0.0,1.913613770187732,0.0,1.2180181049146777
12.074,0.0,-0.5843935061915715,0.0,1.9160427488706273,0.0,1.2109584690662778
12.076,0.0,-0.5805590034896353,0.0,1.9184575956443197,0.0,1.2038862037068654
12.078,0.0,-0.5767196852470805,0.0,1.9208582852978056,0.0,1.1968013568820435
12.08,0.0,-0.5728755798032686,0.0,1.9232447927163248,0.0,1.189703976777499
12.082,0.0,-0.5690267155477164,0.0,1.9256170928816123,0.0,1.1825941117187977
12.084,0.0,-0.5651731209198629,0.0,1.927975160872203,0.0,1.1754718101710455
12.086,0.0,-0.5613148244088957,0.0,1.9303189718637035,0.0,1.168337120738663
12.088000000000001,0.0,-0.5574518545535585,0.0,1.9326485011290624,0.0,1.1611900921651166
12.09,0.0,-0.5535842399419522,0.0,1.9349637240388546,0.0,1.1540307733326427
12.092,0.0,-0.5497120092113305,0.0,1.9372646160615639,0.0,1.1468592132619617
12.094,0.0,-0.5458351910479248,0.0,1.9395511527638447,0.0,1.1396754611120417
12.096,0.0,-0.5419538141867174,0.0,1.9418233098108189,0.0,1.1324795661797704
12.098,0.0,-0.5380679074112741,0.0,1.9440810629663314,0.0,1.1252715778997329
12.1,0.0,-0.5341774995535413,0.0,1.9463243880932306,0.0,1.1180515458439255
12.102,0.0,-0.5302826194936158,0.0,1.9485532611536587,0.0,1.110819519721419
12.104000000000001,0.0,-0.5263832961595953,0.0,1.9507676582093014,0.0,1.1035755493781703
12.106,0.0,-0.5224795585273423,0.0,1.9529675554216763,0.0,1.0963196847966679
12.108,0.0,-0.5185714356202982,0.0,1.955152929052405,0.0,1.0890519760956827
12.11,0.0,-0.5146589565092836,0.0,1.9573237554634786,0.0,1.081772473529979
12.112,0.0,-0.510742150312287,0.0,1.9594800111175381,0.0,1.0744812274900097
12.114,0.0,-0.5068210461942757,0.0,1.9616216725781381,0.0,1.0671782885016556
12.116,0.0,-0.5028956733669963,0.0,1.963748716510016,0.0,1.059863707225937
12.118,0.0,-0.49896606108874675,0.0,1.9658611196793774,0.0,1.05253753445868
12.120000000000001,0.0,-0.4950322386642064,0.0,1.967958858954143,0.0,1.0451998211302826
12.122,0.0,-0.491094235444214,0.0,1.9700419113042318,0.0,1.0378506183053897
12.124,0.0,-0.4871520808255613,0.0,1.972110253801829,0.0,1.0304899771825937
12.126,0.0,-0.48320580425079795,0.0,1.9741638636216472,0.0,1.0231179490941569
12.128,0.0,-0.479255435208012,0.0,1.9762027180412016,0.0,1.0157345855056839
12.13,0.0,-0.47530100323064534,0.0,1.9782267944410674,0.0,1.008339938015867
12.132,0.0,-0.4713425378972733,0.0,1.9802360703051494,0.0,1.000934058356156
12.134,0.0,-0.46738006883139477,0.0,1.982230523220951,0.0,0.9935169983904504
12.136000000000001,0.0,-0.4634136257012271,0.0,1.984210130879836,0.0,0.986088810114801
12.138,0.0,-0.4594432382195188,0.0,1.9861748710772862,0.0,0.9786495456571445
12.14,0.0,-0.45546893614329753,0.0,1.988124721713179,0.0,0.9711992572769114
12.142,0.0,-0.4514907492737069,0.0,1.990059660792036,0.0,0.9637379973648095
12.144,0.0,-0.4475087074557616,0.0,1.9919796664232958,0.0,0.9562658184424422
12.146,0.0,-0.44352284057816727,0.0,1.9938847168215659,0.0,0.9487827731620584
12.148,0.0,-0.4395331785730874,0.0,1.9957747903068908,0.0,0.9412889143061952
12.15,0.0,-0.43553975141593737,0.0,1.9976498653050105,0.0,0.9337842947873728
12.152000000000001,0.0,-0.4315425891251724,0.0,1.9995099203476236,0.0,0.9262689676477813
12.154,0.0,-0.42754172176209354,0.0,2.0013549340726335,0.0,0.9187429860589955
12.156,0.0,-0.42353717943060165,0.0,2.0031848852244236,0.0,0.9112064033215943
12.158,0.0,-0.41952899227701507,0.0,2.004999752654103,0.0,0.9036592728648991
12.16,0.0,-0.41551719048983005,0.0,2.006799515319773,0.0,0.8961016482466043
12.162,0.0,-0.4115018042995324,0.0,2.008584152286771,0.0,0.8885335831525019
12.164,0.0,-0.4074828639783695,0.0,2.0103536427279383,0.0,0.8809551313961349
12.166,0.0,-0.40346039984012283,0.0,2.012107965923871,0.0,0.873366346918445
12.168000000000001,0.0,-0.39943444223991226,0.0,2.0138471012631745,0.0,0.8657672837874859
12.17,0.0,-0.3954050215739799,0.0,2.0155710282427126,0.0,0.8581579961980945
12.172,0.0,-0.3913721682794478,0.0,2.0172797264678723,0.0,0.8505385384715118
12.174,0.0,-0.3873359128341364,0.0,2.018973175652803,0.0,0.8429089650551191
12.176,0.0,-0.3832962857563186,0.0,2.020651355620678,0.0,0.8352693305220538
12.178,0.0,-0.37925331760451164,0.0,2.022314246303943,0.0,0.8276196895708907
12.18,0.0,-0.37520703897726887,0.0,2.023961827744562,0.0,0.8199600970253293
12.182,0.0,-0.3711574805129293,0.0,2.0255940800942778,0.0,0.8122906078337956
12.184000000000001,0.0,-0.3671046728894441,0.0,2.0272109836148466,0.0,0.8046112770691916
12.186,0.0,-0.36304864682411037,0.0,2.028812518678301,0.0,0.7969221599284688
12.188,0.0,-0.3589894330733806,0.0,2.0303986657671884,0.0,0.7892233117323426
12.19,0.0,-0.3549270624326345,0.0,2.031969405474819,0.0,0.7815147879249371
12.192,0.0,-0.35086156573593574,0.0,2.0335247185055225,0.0,0.773796644073399
12.194,0.0,-0.3467929738558514,0.0,2.035064585674876,0.0,0.7660689358676323
12.196,0.0,-0.34272131770319847,0.0,2.0365889879099615,0.0,0.7583317191198897
12.198,0.0,-0.33864662822681224,0.0,2.0380979062496136,0.0,0.750585049764412
12.200000000000001,0.0,-0.3345689364133618,0.0,2.0395913218446493,0.0,0.742828983857148
12.202,0.0,-0.33048827328709207,0.0,2.0410692159581223,0.0,0.7350635775753421
12.204,0.0,-0.3264046699096043,0.0,2.0425315699655635,0.0,0.727288887217189
12.206,0.0,-0.3223181573796437,0.0,2.0439783653552173,0.0,0.7195049692015034
12.208,0.0,-0.3182287668328634,0.0,2.0454095837282877,0.0,0.711711880067347
12.21,0.0,-0.3141365294416011,0.0,2.046825206799178,0.0,0.7039096764736723
12.212,0.0,-0.3100414764146548,0.0,2.048225216395725,0.0,0.6960984151989711
12.214,0.0,-0.30594363899704285,0.0,2.0496095944594486,0.0,0.6882781531408894
12.216000000000001,0.0,-0.30184304846979976,0.0,2.0509783230457765,0.0,0.6804489473159091
12.218,0.0,-0.2977397361497349,0.0,2.0523313843242876,0.0,0.67261085485896
12.22,0.0,-0.29363373338918863,0.0,2.0536687605789563,0.0,0.6647639330230277
12.222,0.0,-0.2895250715758396,0.0,2.0549904342083716,0.0,0.6569082391788539
12.224,0.0,-0.2854137821324336,0.0,2.0562963877259888,0.0,0.6490438308144918
12.226,0.0,-0.28129989651659004,0.0,2.0575866037603516,0.0,0.6411707655350058
12.228,0.0,-0.27718344622055613,0.0,2.05886106505533,0.0,0.6332891010620715
12.23,0.0,-0.27306446277095997,0.0,2.0601197544703598,0.0,0.6253988952335752
12.232000000000001,0.0,-0.26894297772861075,0.0,2.0613626549806616,0.0,0.6175002060032985
12.234,0.0,-0.26481902268824864,0.0,2.0625897496774814,0.0,0.6095930914405105
12.236,0.0,-0.2606926292783074,0.0,2.063801021768322,0.0,0.6016776097295825
12.238,0.0,-0.2565638291607022,0.0,2.0649964545771637,0.0,0.593753819169648
12.24,0.0,-0.25243265403056264,0.0,2.0661760315447077,0.0,0.5858217781741615
12.242,0.0,-0.2482991356160438,0.0,2.0673397362285875,0.0,0.5778815452706022
12.244,0.0,-0.2441633056780577,0.0,2.0684875523036093,0.0,0.5699331791000279
12.246,0.0,-0.24002519601004416,0.0,2.0696194635619762,0.0,0.5619767384167011
12.248000000000001,0.0,-0.23588483843774893,0.0,2.07073545391351,0.0,0.5540122820877316
12.25,0.0,-0.23174226481898036,0.0,2.07183550738588,0.0,0.5460398690926732
12.252,0.0,-0.2275975070433654,0.0,2.0729196081248285,0.0,0.5380595585231236
12.254,0.0,-0.22345059703212922,0.0,2.0739877403943896,0.0,0.5300714095823644
12.256,0.0,-0.21930156673784787,0.0,2.075039888577118,0.0,0.5220754815849529
12.258000000000001,0.0,-0.21515044814421352,0.0,2.0760760371743063,0.0,0.5140718339563334
12.26,0.0,-0.21099727326579676,0.0,2.0770961708062106,0.0,0.5060605262324466
12.262,0.0,-0.20684207414780872,0.0,2.078100274212267,0.0,0.4980416180593337
12.264000000000001,0.0,-0.20268488286585945,0.0,2.0790883322513167,0.0,0.4900151691927379
12.266,0.0,-0.19852573152572978,0.0,2.0800603299018174,0.0,0.48198123949772553
12.268,0.0,-0.19436465226311847,0.0,2.081016252262068,0.0,0.47393988894826383
12.27,0.0,-0.19020167724340242,0.0,2.081956084550426,0.0,0.46589117762682086
12.272,0.0,-0.18603683866140688,0.0,2.082879812105519,0.0,0.45783516572398425
12.274000000000001,0.0,-0.18187016874116196,0.0,2.083787420386465,0.0,0.4497719135380551
12.276,0.0,-0.17770169973566158,0.0,2.084678894973084,0.0,0.44170148147464255
12.278,0.0,-0.1735314639266006,0.0,2.085554221566118,0.0,0.4336239300462186
12.280000000000001,0.0,-0.16935949362417774,0.0,2.0864133859874365,0.0,0.42553931987179827
12.282,0.0,-0.16518582116681085,0.0,2.0872563741802552,0.0,0.41744771167645
12.284,0.0,-0.1610104789209018,0.0,2.0880831722093456,0.0,0.4093491662909009
12.286,0.0,-0.15683349928062773,0.0,2.0888937662612466,0.0,0.40124374465119433
12.288,0.0,-0.1526549146676416,0.0,2.0896881426444724,0.0,0.39313150779816775
12.290000000000001,0.0,-0.14847475753087575,0.0,2.090466287789725,0.0,0.3850125168771343
12.292,0.0,-0.14429306034627343,0.0,2.0912281882501,0.0,0.37688683313741955
12.294,0.0,-0.14010985561655181,0.0,2.0919738307012956,0.0,0.36875451793196246
12.296,0.0,-0.1359251758709486,0.0,2.0927032019418186,0.0,0.36061563271688135
12.298,0.0,-0.13173905366498145,0.0,2.0934162888931933,0.0,0.35247023905106595
12.3,0.0,-0.12755152158020447,0.0,2.0941130786001616,0.0,0.34431839859576185
12.302,0.0,-0.12336261222396686,0.0,2.0947935582308896,0.0,0.33616017311416
12.304,0.0,-0.11917235822913932,0.0,2.095457715077175,0.0,0.3279956244709213
12.306000000000001,0.0,-0.11498079225390373,0.0,2.096105536554641,0.0,0.3198248146318253
12.308,0.0,-0.11078794698147876,0.0,2.096737010202947,0.0,0.31164780566329275
12.31,0.0,-0.10659385511987424,0.0,2.097352123685983,0.0,0.30346465973196324
12.312,0.0,-0.10239854940165846,0.0,2.097950864792074,0.0,0.2952754391042991
12.314,0.0,-0.09820206258368516,0.0,2.098533221434178,0.0,0.2870802061461082
12.316,0.0,-0.09400442744687068,0.0,2.0990991816500797,0.0,0.27887902332216485
12.318,0.0,-0.08980567679593077,0.0,2.099648733602596,0.0,0.27067195319575243
12.32,0.0,-0.08560584345911176,0.0,2.100181865579767,0.0,0.2624590584281922
12.322000000000001,0.0,-0.08140496028798508,0.0,2.1006985659950526,0.0,0.2542404017784976
12.324,0.0,-0.07720306015715107,0.0,2.1011988233875276,0.0,0.2460160461028489
12.326,0.0,-0.07300017596401147,0.0,2.101682626422079,0.0,0.23778605435420294
12.328,0.0,-0.06879634062851223,0.0,2.102149963889593,0.0,0.22955048958184338
12.33,0.0,-0.06459158709288873,0.0,2.102600824707152,0.0,0.2213094149309352
12.332,0.0,-0.06038594832142383,0.0,2.1030351979182234,0.0,0.21306289364210415
12.334,0.0,-0.056179457300178905,0.0,2.10345307269285,0.0,0.20481098905096246
12.336,0.0,-0.0519721470367485,0.0,2.103854438327844,0.0,0.1965537645876802
12.338000000000001,0.0,-0.047764050560011984,0.0,2.104239284246967,0.0,0.18829128377655013
12.34,0.0,-0.04355520091987405,0.0,2.104607600001127,0.0,0.18002361023553065
12.342,0.0,-0.039345631186999616,0.0,2.104959375268561,0.0,0.17175080767577638
12.344,0.0,-0.035135374452588325,0.0,2.1052945998550188,0.0,0.16347293990124637
12.346,0.0,-0.03092446382808465,0.0,2.105613263693952,0.0,0.15519007080818528
12.348,0.0,-0.026712932444938296,0.0,2.1059153568466957,0.0,0.14690226438470266
12.35,0.0,-0.02250081345436692,0.0,2.1062008695026546,0.0,0.1386095847103564
12.352,0.0,-0.01828814002705185,0.0,2.1064697919794817,0.0,0.13031209595560336
12.354000000000001,0.0,-0.014074945352934675,0.0,2.106722114723262,0.0,0.12200986238144862
12.356,0.0,-0.009861262640933566,0.0,2.106957828308693,0.0,0.11370294833893556
12.358,0.0,-0.005647125118675222,0.0,2.107176923439264,0.0,0.10539141826866635
12.36,0.0,-0.0014325660322610794,0.0,2.1073793909474334,0.0,0.09707533670038929
12.362,0.0,0.0027823813540041285,0.0,2.10756522179481,0.0,0.08875476825251154
12.364,0.0,0.006997683757873508,0.0,2.1077344070723267,0.0,0.0804297776316313
12.366,0.0,0.011213307879390188,0.0,2.1078869380004157,0.0,0.0721004296321268
12.368,0.0,0.015429220401199782,0.0,2.1080228059291883,0.0,0.06376678913558609
12.370000000000001,0.0,0.0196453879887593,0.0,2.108142002338604,0.0,0.05542892111044072
12.372,0.0,0.023861777290612993,0.0,2.108244518838646,0.0,0.0470868906114667
12.374,0.0,0.02807835493866591,0.0,2.1083303471694927,0.0,0.038740762779289326
12.376,0.0,0.03229508754842313,0.0,2.1083994792016894,0.0,0.03039060283995533
12.378,0.0,0.03651194171926668,0.0,2.10845190693632,0.0,0.02203647610442984
12.38,0.0,0.04072888403472205,0.0,2.108487622505171,0.0,0.013678447968113336
12.382,0.0,0.04494588106268256,0.0,2.1085066181709093,0.0,0.0053165839104415
12.384,0.0,0.0491628993557298,0.0,2.108508886327239,0.0,-0.0030490505057056833
12.386000000000001,0.0,0.053379905451337355,0.0,2.1084944194990762,0.0,-0.011418389634364493
12.388,0.0,0.05759686587217058,0.0,2.1084632103427103,0.0,-0.01979136774703874
12.39,0.0,0.061813747126341675,0.0,2.1084152516459707,0.0,-0.028167919033163097
12.392,0.0,0.06603051570766744,0.0,2.108350536328389,0.0,-0.036547977600572115
12.394,0.0,0.07024713809594088,0.0,2.108269057441361,0.0,-0.04493147747599793
12.396,0.0,0.07446358075717925,0.0,2.108170808168313,0.0,-0.05331835260552105
12.398,0.0,0.07867981014389605,0.0,2.1080557818248575,0.0,-0.06170853685506979
12.4,0.0,0.08289579269539235,0.0,2.1079239718589537,0.0,-0.07010196401095821
12.402000000000001,0.0,0.08711149483797095,0.0,2.1077753718510692,0.0,-0.07849856778027237
12.404,0.0,0.09132688298524158,0.0,2.107609975514336,0.0,-0.08689828179143677
12.406,0.0,0.09554192353837035,0.0,2.107427776694707,0.0,-0.09530103959467143
12.408,0.0,0.09975658288634287,0.0,2.107228769371113,0.0,-0.1037067746624766
12.41,0.0,0.10397082740625439,0.0,2.107012947655616,0.0,-0.11211542039017175
12.412,0.0,0.1081846234635336,0.0,2.1067803057935652,0.0,-0.12052691009630301
12.414,0.0,0.11239793741224391,0.0,2.106530838163749,0.0,-0.12894117702320584
12.416,0.0,0.11661073559535054,0.0,2.1062645392785457,0.0,-0.13735815433749965
12.418000000000001,0.0,0.12082298434495586,0.0,2.105981403784077,0.0,-0.14577777513052037
12.42,0.0,0.12503464998259378,0.0,2.1056814264603587,0.0,-0.1541999724188714
12.422,0.0,0.12924569881951606,0.0,2.1053646022214414,0.0,-0.16262467914495726
12.424,0.0,0.13345609715689957,0.0,2.105030926115573,0.0,-0.17105182817736375
12.426,0.0,0.13766581128618655,0.0,2.1046803933253297,0.0,-0.17948135231150014
12.428,0.0,0.14187480748928954,0.0,2.1043129991677754,0.0,-0.1879131842699746
12.43,0.0,0.14608305203890856,0.0,2.103928739094598,0.0,-0.19634725670319308
12.432,0.0,0.1502905111987763,0.0,2.1035276086922585,0.0,-0.2047835021898158
12.434000000000001,0.0,0.15449715122393862,0.0,2.10310960368213,0.0,-0.21322185323728404
12.436,0.0,0.15870293836100324,0.0,2.1026747199206426,0.0,-0.22166224228228437
12.438,0.0,0.16290783884844184,0.0,2.1022229533994237,0.0,-0.2301046016913207
12.44,0.0,0.16711181891683935,0.0,2.1017543002454357,0.0,-0.23854886376118062
12.442,0.0,0.17131484478917539,0.0,2.101268756721119,0.0,-0.2469949607194673
12.444,0.0,0.17551688268107674,0.0,2.1007663192245243,0.0,-0.25544282472507324
12.446,0.0,0.17971789880111005,0.0,2.1002469842894578,0.0,-0.26389238786873614
12.448,0.0,0.18391785935105076,0.0,2.0997107485856077,0.0,-0.272343582173547
12.450000000000001,0.0,0.18811673052614158,0.0,2.0991576089186847,0.0,-0.2807963395954382
12.452,0.0,0.1923144785153756,0.0,2.0985875622305534,0.0,-0.2892505920237216
12.454,0.0,0.1965110695017658,0.0,2.0980006055993683,0.0,-0.2977062712816006
12.456,0.0,0.20070646966261527,0.0,2.097396736239701,0.0,-0.306163309126682
12.458,0.0,0.20490064516980067,0.0,2.0967759515026736,0.0,-0.31462163725151876
12.46,0.0,0.20909356219003492,0.0,2.0961382488760876,0.0,-0.3230811872841076
12.462,0.0,0.21328518688512751,0.0,2.095483625984554,0.0,-0.3315418907883855
12.464,0.0,0.21747548541230047,0.0,2.0948120805896178,0.0,-0.34000367926483777
12.466000000000001,0.0,0.22166442392441219,0.0,2.0941236105898877,0.0,-0.34846648415092046
12.468,0.0,0.2258519685702739,0.0,2.093418214021157,0.0,-0.35693023682167113
12.47,0.0,0.23003808549489518,0.0,2.092695889056535,0.0,-0.3653948685901771
12.472,0.0,0.23422274083977188,0.0,2.091956634006562,0.0,-0.37386031070812853
12.474,0.0,0.23840590074316373,0.0,2.0912004473193395,0.0,-0.3823264943663543
12.476,0.0,0.2425875313403511,0.0,2.0904273275806475,0.0,-0.39079335069531246
12.478,0.0,0.24676759876392917,0.0,2.089637273514063,0.0,-0.3992608107656593
12.48,0.0,0.250946069144091,0.0,2.088830283981082,0.0,-0.4077288055887976
12.482000000000001,0.0,0.25512290860887776,0.0,2.0880063579812354,0.0,-0.41619726611735625
12.484,0.0,0.2592980832844599,0.0,2.0871654946522114,0.0,-0.4246661232457347
12.486,0.0,0.2634715592954477,0.0,2.0863076932699602,0.0,-0.43313530781070836
12.488,0.0,0.2676433027651101,0.0,2.085432953248823,0.0,-0.4416047505918468
12.49,0.0,0.2718132798157098,0.0,2.0845412741416336,0.0,-0.4500743823121698
12.492,0.0,0.27598145656874284,0.0,2.0836326556398364,0.0,-0.45854413363860974
12.494,0.0,0.28014779914522187,0.0,2.0827070975735995,0.0,-0.46701393518256296
12.496,0.0,0.28431227366596906,0.0,2.0817645999119225,0.0,-0.47548371750046303
12.498000000000001,0.0,0.28847484625188097,0.0,2.080805162762745,0.0,-0.48395341109429457
12.5,0.0,0.29263548302419073,0.0,2.0798287863730613,0.0,-0.4924229464121048
12.502,0.0,0.2967941501047985,0.0,2.0788354711290165,0.0,-0.5008922538486544
12.504,0.0,0.3009508136164873,0.0,2.077825217556024,0.0,-0.509361263745835
12.506,0.0,0.30510543968324344,0.0,2.076798026318865,0.0,-0.5178299063932993
12.508000000000001,0.0,0.3092579944305196,0.0,2.0757538982217913,0.0,-0.5262981120289776
12.51,0.0,0.3134084439855165,0.0,2.0746928342086313,0.0,-0.53476581083963
12.512,0.0,0.3175567544774595,0.0,2.073614835362892,0.0,-0.5432329329613929
12.514000000000001,0.0,0.32170289203789393,0.0,2.0725199029078527,0.0,-0.5516994084803577
12.516,0.0,0.32584682280092275,0.0,2.0714080382066804,0.0,-0.5601651674330405
12.518,0.0,0.32998851290355435,0.0,2.070279242762506,0.0,-0.5686301398070707
12.52,0.0,0.33412792848590434,0.0,2.069133518218544,0.0,-0.5770942555415853
12.522,0.0,0.3382650356915488,0.0,2.0679708663581704,0.0,-0.5855574445279338
12.524000000000001,0.0,0.34239980066773956,0.0,2.0667912891050335,0.0,-0.5940196366100987
12.526,0.0,0.3465321895657446,0.0,2.065594788523134,0.0,-0.6024807615853754
12.528,0.0,0.35066216854107984,0.0,2.0643813668169284,0.0,-0.6109407492048299
12.530000000000001,0.0,0.3547897037538258,0.0,2.063151026331413,0.0,-0.619399529173929
12.532,0.0,0.3589147613688732,0.0,2.0619037695522247,0.0,-0.6278570311530286
12.534,0.0,0.3630373075562531,0.0,2.060639599105716,0.0,-0.6363131847580338
12.536,0.0,0.3671573084913591,0.0,2.0593585177590596,0.0,-0.6447679195608382
12.538,0.0,0.37127473035528824,0.0,2.0580605284203215,0.0,-0.6532211650900099
12.540000000000001,0.0,0.37538953933507685,0.0,2.0567456341385575,0.0,-0.6616728508312585
12.542,0.0,0.379501701624003,0.0,2.0554138381038927,0.0,-0.6701229062280422
12.544,0.0,0.38361118342187617,0.0,2.054065143647605,0.0,-0.6785712606821503
12.546,0.0,0.3877179509352867,0.0,2.0526995542422193,0.0,-0.6870178435542014
12.548,0.0,0.3918219703779474,0.0,2.0513170735015636,0.0,-0.6954625841643305
12.55,0.0,0.3959232079709064,0.0,2.049917705180881,0.0,-0.7039054117926173
12.552,0.0,0.4000216299428794,0.0,2.048501453176886,0.0,-0.712346255679755
12.554,0.0,0.40411720253051436,0.0,2.047068321527854,0.0,-0.7207850450275841
12.556000000000001,0.0,0.40820989197868274,0.0,2.0456183144136904,0.0,-0.7292217089996804
12.558,0.0,0.4122996645407343,0.0,2.0441514361560222,0.0,-0.7376561767218682
12.56,0.0,0.41638648647884985,0.0,2.042667691218243,0.0,-0.7460883772829376
12.562,0.0,0.4204703240642228,0.0,2.0411670842056284,0.0,-0.7545182397350082
12.564,0.0,0.42455114357744744,0.0,2.0396496198653655,0.0,-0.7629456930943185
12.566,0.0,0.4286289113087237,0.0,2.0381153030866574,0.0,-0.771370666341641
12.568,0.0,0.4327035935581875,0.0,2.0365641389007747,0.0,-0.7797930884229544
12.57,0.0,0.43677515663616895,0.0,2.0349961324811336,0.0,-0.7882128882499675
12.572000000000001,0.0,0.4408435668634951,0.0,2.0334112891433587,0.0,-0.7966299947007371
12.574,0.0,0.4449087905717639,0.0,2.031809614345352,0.0,-0.8050443366202261
12.576,0.0,0.44897079410363394,0.0,2.0301911136873567,0.0,-0.8134558428208947
12.578,0.0,0.4530295438130989,0.0,2.028555792912026,0.0,-0.8218644420832621
12.58,0.0,0.4570850060657882,0.0,2.0269036579044832,0.0,-0.830270063156522
12.582,0.0,0.4611371472392489,0.0,2.025234714692378,0.0,-0.8386726347591181
12.584,0.0,0.46518593372320055,0.0,2.023548969445967,0.0,-0.8470720855792698
12.586,0.0,0.469231331919879,0.0,2.021846428478144,0.0,-0.8554683442756744
12.588000000000001,0.0,0.47327330824426794,0.0,2.0201270982445254,0.0,-0.8638613394779873
12.59,0.0,0.4773118291244055,0.0,2.018390985343495,0.0,-0.8722509997874494
12.592,0.0,0.48134686100168683,0.0,2.0166380965162545,0.0,-0.8806372537775112
12.594,0.0,0.48537837033110964,0.0,2.014868438646898,0.0,-0.8890200299943419
12.596,0.0,0.4894063235815929,0.0,2.013082018762447,0.0,-0.8973992569574837
12.598,0.0,0.4934306872362628,0.0,2.011278844032906,0.0,-0.9057748631604443
12.6,0.0,0.4974514277926981,0.0,2.0094589217713335,0.0,-0.9141467770712067
12.602,0.0,0.5014685117632922,0.0,2.0076222594338544,0.0,-0.9225149271329757
12.604000000000001,0.0,0.5054819056754536,0.0,2.005768864619751,0.0,-0.9308792417645972
12.606,0.0,0.5094915760719426,0.0,2.003898745071487,0.0,-0.9392396493612551
12.608,0.0,0.513497489511168,0.0,2.0020119086747488,0.0,-0.9475960782950871
12.61,0.0,0.517499612567425,0.0,2.0001083634585153,0.0,-0.9559484569156842
12.612,0.0,0.5214979118312284,0.0,1.9981881175950784,0.0,-0.9642967135507803
12.614,0.0,0.5254923539095828,0.0,1.9962511794000966,0.0,-0.972640776506818
12.616,0.0,0.5294829054262479,0.0,1.9942975573326445,0.0,-0.9809805740695022
12.618,0.0,0.5334695330220622,0.0,1.9923272599952375,0.0,-0.9893160345044778
12.620000000000001,0.0,0.5374522033552132,0.0,1.990340296133879,0.0,-0.9976470860578911
12.622,0.0,0.5414308831015033,0.0,1.988336674638109,0.0,-1.0059736569569535
12.624,0.0,0.545405538954693,0.0,1.986316404541015,0.0,-1.0142956754106551
12.626,0.0,0.5493761376267149,0.0,1.9842794950193017,0.0,-1.0226130696102183
12.628,0.0,0.5533426458480286,0.0,1.9822259553932948,0.0,-1.0309257677298418
12.63,0.0,0.5573050303678605,0.0,1.9801557951269957,0.0,-1.0392336979272054
12.632,0.0,0.5612632579545115,0.0,1.9780690238281062,0.0,-1.047536788344119
12.634,0.0,0.5652172953956486,0.0,1.9759656512480548,0.0,-1.0558349671071365
12.636000000000001,0.0,0.5691671094985808,0.0,1.973845687282036,0.0,-1.0641281623281407
12.638,0.0,0.5731126670905415,0.0,1.971709141969039,0.0,-1.0724163021049367
12.64,0.0,0.57705393501901,0.0,1.9695560254918567,0.0,-1.080699314521935
12.642,0.0,0.5809908801519461,0.0,1.9673863481771436,0.0,-1.0889771276506475
12.644,0.0,0.5849234693781336,0.0,1.9652001204954086,0.0,-1.0972496695504168
12.646,0.0,0.5888516696074286,0.0,1.9629973530610594,0.0,-1.105516868268942
12.648,0.0,0.5927754477710483,0.0,1.960778056632427,0.0,-1.1137786518428936
12.65,0.0,0.5966947708218894,0.0,1.9585422421117689,0.0,-1.1220349482985918
12.652000000000001,0.0,0.6006096057347952,0.0,1.9562899205453006,0.0,-1.1302856856525725
12.654,0.0,0.6045199195068279,0.0,1.9540211031232226,0.0,-1.138530791912171
12.656,0.0,0.6084256791576037,0.0,1.951735801179715,0.0,-1.1467701950762366
12.658,0.0,0.6123268517295145,0.0,1.9494340261929874,0.0,-1.155003823135606
12.66,0.0,0.6162234042880865,0.0,1.9471157897852567,0.0,-1.1632316040738715
12.662,0.0,0.6201153039222225,0.0,1.9447811037227842,0.0,-1.1714534658678977
12.664,0.0,0.6240025177444797,0.0,1.9424299799158995,0.0,-1.1796693364884214
12.666,0.0,0.6278850128914193,0.0,1.9400624304189713,0.0,-1.187879143900796
12.668000000000001,0.0,0.6317627565238282,0.0,1.937678467430459,0.0,-1.1960828160654753
12.67,0.0,0.635635715827037,0.0,1.9352781032929047,0.0,-1.204280280938692
12.672,0.0,0.6395038580112224,0.0,1.9328613504929295,0.0,-1.2124714664731107
12.674,0.0,0.6433671503116517,0.0,1.9304282216612714,0.0,-1.2206563006183568
12.676,0.0,0.6472255599890268,0.0,1.9279787295727502,0.0,-1.2288347113217548
12.678,0.0,0.6510790543297168,0.0,1.9255128871463134,0.0,-1.237006626528838
12.68,0.0,0.6549276006460873,0.0,1.9230307074450061,0.0,-1.2451719741840521
12.682,0.0,0.6587711662767815,0.0,1.9205322036759824,0.0,-1.2533306822313715
12.684000000000001,0.0,0.662609718586979,0.0,1.9180173891905221,0.0,-1.261482678614857
12.686,0.0,0.6664432249687258,0.0,1.915486277484003,0.0,-1.2696278912793706
12.688,0.0,0.6702716528411924,0.0,1.912938882195919,0.0,-1.2777662481711407
12.69,0.0,0.6740949696509708,0.0,1.9103752171098705,0.0,-1.2858976772384039
12.692,0.0,0.6779131428723782,0.0,1.9077952961535498,0.0,-1.2940221064320683
12.694,0.0,0.6817261400077171,0.0,1.9051991333987548,0.0,-1.3021394637062815
12.696,0.0,0.6855339285875824,0.0,1.9025867430613652,0.0,-1.3102496770190977
12.698,0.0,0.6893364761711449,0.0,1.8999581395013436,0.0,-1.3183526743331007
12.700000000000001,0.0,0.6931337503464416,0.0,1.8973133372227187,0.0,-1.3264483836160357
12.702,0.0,0.6969257187306501,0.0,1.8946523508735866,0.0,-1.3345367328414126
12.704,0.0,0.7007123489704139,0.0,1.8919751952460713,0.0,-1.3426176499892168
12.706,0.0,0.7044936087420696,0.0,1.889281885276357,0.0,-1.3506910630464117
12.708,0.0,0.7082694657520054,0.0,1.8865724360446186,0.0,-1.3587569000077195
12.71,0.0,0.7120398877368905,0.0,1.8838468627750515,0.0,-1.366815088876132
12.712,0.0,0.7158048424639909,0.0,1.8811051808358334,0.0,-1.3748655576636042
12.714,0.0,0.7195642977314556,0.0,1.878347405739106,0.0,-1.3829082343916832
12.716000000000001,0.0,0.7233182213686111,0.0,1.8755735531409514,0.0,-1.3909430470921589
12.718,0.0,0.7270665812362164,0.0,1.8727836388413936,0.0,-1.3989699238076287
12.72,0.0,0.7308093452268003,0.0,1.869977678784343,0.0,-1.4069887925922417
12.722,0.0,0.7345464812649024,0.0,1.8671556890576027,0.0,-1.414999581512233
12.724,0.0,0.7382779573074025,0.0,1.8643176858928172,0.0,-1.4230022186466522
12.726,0.0,0.7420037413437647,0.0,1.8614636856654765,0.0,-1.4309966320879082
12.728,0.0,0.7457238013963635,0.0,1.858593704894859,0.0,-1.43898274994249
12.73,0.0,0.7494381055207563,0.0,1.8557077602440157,0.0,-1.446960500331573
12.732000000000001,0.0,0.7531466218059562,0.0,1.8528058685197513,0.0,-1.454929811391631
12.734,0.0,0.7568493183747473,0.0,1.8498880466725691,0.0,-1.4628906112751296
12.736,0.0,0.7605461633839566,0.0,1.8469543117966565,0.0,-1.4708428281511434
12.738,0.0,0.7642371250247384,0.0,1.8440046811298447,0.0,-1.4787863902059808
12.74,0.0,0.7679221715228679,0.0,1.8410391720535764,0.0,-1.4867212256438496
12.742,0.0,0.7716012711390299,0.0,1.8380578020928633,0.0,-1.4946472626874954
12.744,0.0,0.7752743921690908,0.0,1.8350605889162632,0.0,-1.5025644295788185
12.746,0.0,0.7789415029444209,0.0,1.83204755033581,0.0,-1.5104726545795872
12.748000000000001,0.0,0.7826025718321347,0.0,1.8290187043070145,0.0,-1.518371865971988
12.75,0.0,0.7862575672354108,0.0,1.8259740689287944,0.0,-1.5262619920593388
12.752,0.0,0.7899064575937731,0.0,1.8229136624434332,0.0,-1.5341429611667183
12.754,0.0,0.7935492113833646,0.0,1.819837503236552,0.0,-1.5420147016415924
12.756,0.0,0.7971857971172542,0.0,1.816745609837042,0.0,-1.549877141854496
12.758000000000001,0.0,0.8008161833457001,0.0,1.8136380009170427,0.0,-1.557730210199638
12.76,0.0,0.8044403386564463,0.0,1.8105146952918796,0.0,-1.5655738350955615
12.762,0.0,0.8080582316750325,0.0,1.8073757119199987,0.0,-1.5734079449858493
12.764000000000001,0.0,0.811669831065032,0.0,1.804221069902956,0.0,-1.5812324683396655
12.766,0.0,0.815275105528373,0.0,1.8010507884853355,0.0,-1.5890473336524802
12.768,0.0,0.8188740238056269,0.0,1.7978648870546936,0.0,-1.5968524694467248
12.77,0.0,0.8224665546762655,0.0,1.7946633851415295,0.0,-1.6046478042723782
12.772,0.0,0.826052666958982,0.0,1.7914463024192,0.0,-1.6124332667076948
12.774000000000001,0.0,0.8296323295119463,0.0,1.788213658703886,0.0,-1.6202087853597862
12.776,0.0,0.833205511233103,0.0,1.7849654739545273,0.0,-1.6279742888653053
12.778,0.0,0.8367721810604687,0.0,1.7817017682727496,0.0,-1.6357297058911175
12.780000000000001,0.0,0.840332307972403,0.0,1.7784225619028142,0.0,-1.6434749651349232
12.782,0.0,0.8438858609878777,0.0,1.7751278752315773,0.0,-1.6512099953258803
12.784,0.0,0.847432809166811,0.0,1.7718177287883727,0.0,-1.658934725225355
12.786,0.0,0.8509731216102939,0.0,1.7684921432450091,0.0,-1.6666490836274583
12.788,0.0,0.8545067674609297,0.0,1.7651511394156447,0.0,-1.6743529993598063
12.790000000000001,0.0,0.8580337159030724,0.0,1.76179473825677,0.0,-1.682046401284086
12.792,0.0,0.8615539361631318,0.0,1.758422960867118,0.0,-1.6897292182967487
12.794,0.0,0.8650673975098742,0.0,1.7550358284875742,0.0,-1.6974013793296976
12.796000000000001,0.0,0.8685740692546793,0.0,1.7516333625011362,0.0,-1.7050628133508885
12.798,0.0,0.8720739207518193,0.0,1.7482155844328444,0.0,-1.7127134493649745
12.8,0.0,0.8755669213987936,0.0,1.7447825159496584,0.0,-1.7203532164140685
12.802,0.0,0.8790530406365442,0.0,1.7413341788604455,0.0,-1.7279820435782534
12.804,0.0,0.882532247949795,0.0,1.7378705951158566,0.0,-1.7355998599763638
12.806000000000001,0.0,0.8860045128672999,0.0,1.7343917868082757,0.0,-1.7432065947665565
12.808,0.0,0.8894698049621386,0.0,1.7308977761717317,0.0,-1.7508021771470066
12.81,0.0,0.892928093852012,0.0,1.7273885855818054,0.0,-1.7583865363565827
12.812,0.0,0.8963793491995045,0.0,1.7238642375555675,0.0,-1.765959601675464
12.814,0.0,0.8998235407123825,0.0,1.72032475475148,0.0,-1.773521302425836
12.816,0.0,0.9032606381438562,0.0,1.7167701599693335,0.0,-1.7810715679724993
12.818,0.0,0.9066906112928952,0.0,1.713200476150125,0.0,-1.7886103277236005
12.82,0.0,0.9101134300044842,0.0,1.7096157263760015,0.0,-1.7961375111312399
12.822000000000001,0.0,0.913529064169913,0.0,1.7060159338701604,0.0,-1.8036530476921413
12.824,0.0,0.9169374837270461,0.0,1.702401121996775,0.0,-1.8111568669482916
12.826,0.0,0.9203386586606532,0.0,1.698771314260848,0.0,-1.8186488984877007
12.828,0.0,0.9237325590026085,0.0,1.6951265343082134,0.0,-1.8261290719448922
12.83,0.0,0.9271191548322625,0.0,1.6914668059253366,0.0,-1.8335973170017499
12.832,0.0,0.9304984162766397,0.0,1.687792153039319,0.0,-1.8410535633880103
12.834,0.0,0.9338703135107924,0.0,1.6841025997177146,0.0,-1.8484977408820715
12.836,0.0,0.9372348167580237,0.0,1.6803981701685002,0.0,-1.855929779311536
12.838000000000001,0.0,0.9405918962902116,0.0,1.676678888739926,0.0,-1.863349608553965
12.84,0.0,0.9439415224280521,0.0,1.6729447799204593,0.0,-1.8707571585374616
12.842,0.0,0.9472836655413808,0.0,1.669195868338632,0.0,-1.8781523592414204
12.844,0.0,0.9506182960494061,0.0,1.665432178762995,0.0,-1.8855351406970935
12.846,0.0,0.9539453844210378,0.0,1.6616537361019563,0.0,-1.892905432988356
12.848,0.0,0.9572649011751238,0.0,1.6578605654037226,0.0,-1.9002631662522762
12.85,0.0,0.9605768168807522,0.0,1.6540526918561702,0.0,-1.9076082706798334
12.852,0.0,0.9638811021575289,0.0,1.6502301407867341,0.0,-1.9149406765165726
12.854000000000001,0.0,0.9671777276758573,0.0,1.646392937662301,0.0,-1.9222603140632761
12.856,0.0,0.9704666641572066,0.0,1.6425411080891077,0.0,-1.929567113676601
12.858,0.0,0.9737478823744099,0.0,1.6386746778126071,0.0,-1.936861005769786
12.86,0.0,0.9770213531519096,0.0,1.6347936727173944,0.0,-1.9441419208132522
12.862,0.0,0.9802870473660769,0.0,1.6308981188270402,0.0,-1.95140978933535
12.864,0.0,0.9835449359454626,0.0,1.626988042304007,0.0,-1.9586645419229678
12.866,0.0,0.9867949898710697,0.0,1.6230634694495405,0.0,-1.965906109222191
12.868,0.0,0.990037180176664,0.0,1.6191244267035065,0.0,-1.9731344219390354
12.870000000000001,0.0,0.9932714779490078,0.0,1.6151709406443266,0.0,-1.9803494108400226
12.872,0.0,0.9964978543281704,0.0,1.6112030379888114,0.0,-1.9875510067529127
12.874,0.0,0.9997162805077974,0.0,1.6072207455920506,0.0,-1.9947391405673627
12.876,0.0,1.0029267277353722,0.0,1.6032240904473045,0.0,-2.0019137432355567
12.878,0.0,1.0061291673125037,0.0,1.5992130996858667,0.0,-2.0090747457728986
12.88,0.0,1.009323570595214,0.0,1.595187800576916,0.0,-2.0162220792587
12.882,0.0,1.0125099089941827,0.0,1.591148220527436,0.0,-2.0233556748367887
12.884,0.0,1.0156881539750582,0.0,1.5870943870820347,0.0,-2.0304754637162468
12.886000000000001,0.0,1.0188582770587018,0.0,1.5830263279228511,0.0,-2.037581377172009
12.888,0.0,1.0220202498214808,0.0,1.5789440708694065,0.0,-2.0446733465455775
12.89,0.0,1.0251740438955483,0.0,1.5748476438784564,0.0,-2.0517513032456933
12.892,0.0,1.0283196309690947,0.0,1.5707370750438916,0.0,-2.0588151787489593
12.894,0.0,1.0314569827866482,0.0,1.5666123925965598,0.0,-2.06586490460056
12.896,0.0,1.0345860711493169,0.0,1.562473624904179,0.0,-2.0729004124148687
12.898,0.0,1.037706867915096,0.0,1.5583208004711449,0.0,-2.07992163387618
12.9,0.0,1.04081934499913,0.0,1.5541539479384103,0.0,-2.0869285007393623
12.902000000000001,0.0,1.043923474373969,0.0,1.5499730960833653,0.0,-2.0939209448304794
12.904,0.0,1.0470192280698547,0.0,1.545778273819673,0.0,-2.1008988980475
12.906,0.0,1.0501065781750067,0.0,1.5415695101971107,0.0,-2.107862292360988
12.908,0.0,1.0531854968358576,0.0,1.5373468344014714,0.0,-2.114811059814691
12.91,0.0,1.0562559562573748,0.0,1.5331102757543487,0.0,-2.1217451325263212
12.912,0.0,1.0593179287032788,0.0,1.5288598637130635,0.0,-2.1286644426881067
12.914,0.0,1.0623713864963555,0.0,1.5245956278704544,0.0,-2.1355689225675483
12.916,0.0,1.0654163020187077,0.0,1.5203175979547559,0.0,-2.1424585045080473
12.918000000000001,0.0,1.0684526477120324,0.0,1.5160258038294359,0.0,-2.1493331209295867
12.92,0.0,1.0714803960778805,0.0,1.5117202754930557,0.0,-2.15619270432938
12.922,0.0,1.0744995196779483,0.0,1.5074010430790867,0.0,-2.1630371872825864
12.924,0.0,1.0775099911343227,0.0,1.5030681368557859,0.0,-2.169866502442923
12.926,0.0,1.080511783129766,0.0,1.4987215872260204,0.0,-2.1766805825433697
12.928,0.0,1.0835048684079776,0.0,1.4943614247271129,0.0,-2.1834793603968246
12.93,0.0,1.0864892197738727,0.0,1.4899876800306713,0.0,-2.190262768896787
12.932,0.0,1.0894648100938358,0.0,1.4856003839424472,0.0,-2.1970307410180006
12.934000000000001,0.0,1.0924316122960043,0.0,1.48119956740215,0.0,-2.2037832098171584
12.936,0.0,1.0953895993705216,0.0,1.4767852614833032,0.0,-2.2105201084335255
12.938,0.0,1.0983387443698194,0.0,1.4723574973930589,0.0,-2.2172413700896607
12.94,0.0,1.1012790204088694,0.0,1.4679163064720508,0.0,-2.223946928092034
12.942,0.0,1.1042104006654674,0.0,1.4634617201942004,0.0,-2.230636715831742
12.944,0.0,1.107132858380479,0.0,1.4589937701665798,0.0,-2.23731066678513
12.946,0.0,1.1100463668581246,0.0,1.4545124881292106,0.0,-2.2439687145145
12.948,0.0,1.1129508994662352,0.0,1.4500179059549068,0.0,-2.250610792668762
12.950000000000001,0.0,1.1158464296365203,0.0,1.4455100556490967,0.0,-2.257236834984103
12.952,0.0,1.1187329308648328,0.0,1.4409889693496487,0.0,-2.263846775284656
12.954,0.0,1.1216103767114334,0.0,1.4364546793266952,0.0,-2.270440547483173
12.956,0.0,1.1244787408012553,0.0,1.4319072179824521,0.0,-2.277018085581686
12.958,0.0,1.1273379968241684,0.0,1.427346617851043,0.0,-2.283579323672182
12.96,0.0,1.1301881185352451,0.0,1.422772911598311,0.0,-2.290124195937274
12.962,0.0,1.1330290797550067,0.0,1.4181861320216682,0.0,-2.296652636650831
12.964,0.0,1.1358608543697295,0.0,1.4135863120498382,0.0,-2.3031645801787413
12.966000000000001,0.0,1.1386834163316506,0.0,1.4089734847427662,0.0,-2.309659960979457
12.968,0.0,1.1414967396592686,0.0,1.4043476832913717,0.0,-2.316138713604745
12.97,0.0,1.1443007984375984,0.0,1.3997089410173689,0.0,-2.3226007727003406
12.972,0.0,1.147095566818422,0.0,1.3950572913730983,0.0,-2.32904607300659
12.974,0.0,1.149881019020563,0.0,1.3903927679413133,0.0,-2.3354745493591484
12.976,0.0,1.1526571293301346,0.0,1.3857154044350124,0.0,-2.3418861366896193
12.978,0.0,1.155423872100809,0.0,1.3810252346972258,0.0,-2.3482807700262387
12.98,0.0,1.1581812217540794,0.0,1.3763222927008247,0.0,-2.3546583844945554
12.982000000000001,0.0,1.160929152779508,0.0,1.3716066125483415,0.0,-2.3610189153180605
12.984,0.0,1.1636676397349883,0.0,1.3668782284717682,0.0,-2.36736229781887
12.986,0.0,1.1663966572470166,0.0,1.3621371748323372,0.0,-2.3736884674184138
12.988,0.0,1.1691161800109322,0.0,1.3573834861203515,0.0,-2.3799973596380686
12.99,0.0,1.1718261827911933,0.0,1.3526171969549576,0.0,-2.386288910099856
12.992,0.0,1.1745266404216144,0.0,1.3478383420839735,0.0,-2.392563054527068
12.994,0.0,1.177217527805639,0.0,1.34304695638366,0.0,-2.39881972874497
12.996,0.0,1.179898819916595,0.0,1.3382430748585195,0.0,-2.4050588686814542
12.998000000000001,0.0,1.1825704917979438,0.0,1.3334267326411002,0.0,-2.4112804103677
13.0,0.0,1.1852325185635353,0.0,1.3285979649917943,0.0,-2.4174842899388262
13.002,0.0,1.1878848753978786,0.0,1.3237568072985975,0.0,-2.4236704436346024
13.004,0.0,1.1905275375563726,0.0,1.3189032950769488,0.0,-2.429838807800046
13.006,0.0,1.193160480365591,0.0,1.3140374639694565,0.0,-2.4359893188861634
13.008000000000001,0.0,1.1957836792235077,0.0,1.309159349745746,0.0,-2.442121913450542
13.01,0.0,1.198397109599759,0.0,1.3042689883022263,0.0,-2.4482365281580454
13.012,0.0,1.2010007470359136,0.0,1.2993664156618436,0.0,-2.454333099781499
13.014000000000001,0.0,1.2035945671457045,0.0,1.2944516679739064,0.0,-2.4604115652023175
13.016,0.0,1.2061785456152907,0.0,1.2895247815138466,0.0,-2.466471861411183
13.018,0.0,1.2087526582035102,0.0,1.2845857926830042,0.0,-2.472513925508713
13.02,0.0,1.2113168807421242,0.0,1.2796347380084137,0.0,-2.478537694706101
13.022,0.0,1.2138711891360787,0.0,1.2746716541425698,0.0,-2.484543106325812
13.024000000000001,0.0,1.2164155593637527,0.0,1.2696965778632023,0.0,-2.490530097802227
13.026,0.0,1.2189499674771898,0.0,1.2647095460730917,0.0,-2.496498606682272
13.028,0.0,1.221474389602385,0.0,1.2597105957997703,0.0,-2.5024485706261568
13.030000000000001,0.0,1.2239888019394984,0.0,1.2546997641953648,0.0,-2.508379927407958
13.032,0.0,1.2264931807631283,0.0,1.2496770885363209,0.0,-2.514292614916335
13.034,0.0,1.2289875024225392,0.0,1.244642606223213,0.0,-2.5201865711551403
13.036,0.0,1.2314717433419313,0.0,1.239596354780471,0.0,-2.526061734244134
13.038,0.0,1.2339458800206697,0.0,1.2345383718561833,0.0,-2.531918042419596
13.040000000000001,0.0,1.2364098890335455,0.0,1.2294686952218372,0.0,-2.5377554340350206
13.042,0.0,1.2388637470310098,0.0,1.2243873627721071,0.0,-2.543573847561745
13.044,0.0,1.2413074307394316,0.0,1.2192944125245944,0.0,-2.5493732215896383
13.046000000000001,0.0,1.2437409169613356,0.0,1.2141898826196076,0.0,-2.5551534948277355
13.048,0.0,1.246164182575646,0.0,1.2090738113199235,0.0,-2.5609146061048986
13.05,0.0,1.2485772045379377,0.0,1.203946237010535,0.0,-2.566656494370486
13.052,0.0,1.2509799598806832,0.0,1.1988071981984054,0.0,-2.572379098695013
13.054,0.0,1.253372425713482,0.0,1.193656733512251,0.0,-2.5780823582707804
13.056000000000001,0.0,1.2557545792233147,0.0,1.1884948817022787,0.0,-2.5837662124125544
13.058,0.0,1.258126397674785,0.0,1.1833216816399383,0.0,-2.5894306005582157
13.06,0.0,1.2604878584103645,0.0,1.178137172317673,0.0,-2.595075462269434
13.062,0.0,1.2628389388506225,0.0,1.1729413928486943,0.0,-2.600700737232275
13.064,0.0,1.2651796164944804,0.0,1.1677343824667066,0.0,-2.6063063652579053
13.066,0.0,1.267509868919449,0.0,1.1625161805256616,0.0,-2.6118922862832257
13.068,0.0,1.269829673781856,0.0,1.1572868264995373,0.0,-2.6174584403715007
13.07,0.0,1.2721390088171158,0.0,1.1520463599820123,0.0,-2.6230047677130797
13.072000000000001,0.0,1.2744378518399322,0.0,1.1467948206863,0.0,-2.6285312086259673
13.074,0.0,1.2767261807445611,0.0,1.141532248444833,0.0,-2.6340377035565274
13.076,0.0,1.2790039735050431,0.0,1.1362586832090216,0.0,-2.639524193080124
13.078,0.0,1.2812712081754423,0.0,1.1309741650489902,0.0,-2.6449906179017764
13.08,0.0,1.283527862890079,0.0,1.1256787341533292,0.0,-2.6504369188567978
13.082,0.0,1.285773915863772,0.0,1.120372430828821,0.0,-2.655863036911459
13.084,0.0,1.2880093453920551,0.0,1.1150552955002226,0.0,-2.6612689131635934
13.086,0.0,1.2902341298514606,0.0,1.1097273687098892,0.0,-2.666654488843356
13.088000000000001,0.0,1.2924482476996926,0.0,1.104388691117654,0.0,-2.672019705313733
13.09,0.0,1.294651677475911,0.0,1.099039303500448,0.0,-2.6773645040712966
13.092,0.0,1.2968443978009383,0.0,1.093679246752092,0.0,-2.6826888267468014
13.094,0.0,1.2990263873775032,0.0,1.0883085618830075,0.0,-2.687992615105845
13.096,0.0,1.3011976249904718,0.0,1.0829272900199485,0.0,-2.6932758110495127
13.098,0.0,1.3033580895070795,0.0,1.0775354724057313,0.0,-2.6985383566150305
13.1,0.0,1.3055077598771636,0.0,1.0721331503989606,0.0,-2.7037801939763977
13.102,0.0,1.3076466151333936,0.0,1.0667203654737576,0.0,-2.709001265445048
13.104000000000001,0.0,1.3097746343915044,0.0,1.0612971592194766,0.0,-2.7142015134704818
13.106,0.0,1.3118917968505188,0.0,1.0558635733404498,0.0,-2.7193808806409048
13.108,0.0,1.3139980817929928,0.0,1.050419649655669,0.0,-2.7245393096839017
13.11,0.0,1.3160934685852221,0.0,1.0449654300985622,0.0,-2.72967674346703
13.112,0.0,1.3181779366775017,0.0,1.039500956716637,0.0,-2.7347931249985296
13.114,0.0,1.3202514656043136,0.0,1.0340262716712976,0.0,-2.739888397427877
13.116,0.0,1.3223140349845899,0.0,1.028541417237475,0.0,-2.7449625040465064
13.118,0.0,1.3243656245219277,0.0,1.0230464358033655,0.0,-2.7500153882884164
13.120000000000001,0.0,1.326406214004804,0.0,1.0175413698701836,0.0,-2.755046993730797
13.122,0.0,1.3284357833068134,0.0,1.0120262620518377,0.0,-2.7600572640946814
13.124,0.0,1.330454312386902,0.0,1.0065011550746201,0.0,-2.765046143245619
13.126,0.0,1.3324617812895625,0.0,1.0009660917769938,0.0,-2.7700135751942327
13.128,0.0,1.3344581701450937,0.0,0.995421115109211,0.0,-2.7749595040969464
13.13,0.0,1.3364434591697922,0.0,0.9898662681331024,0.0,-2.779883874256546
13.132,0.0,1.3384176286662008,0.0,0.9843015940217148,0.0,-2.784786630122873
13.134,0.0,1.3403806590233098,0.0,0.9787271360590761,0.0,-2.7896677162934145
13.136000000000001,0.0,1.3423325307167975,0.0,0.9731429376398427,0.0,-2.794527077513979
13.138,0.0,1.3442732243092328,0.0,0.967549042269059,0.0,-2.799364658679288
13.14,0.0,1.3462027204503118,0.0,0.961945493561809,0.0,-2.8041804048336485
13.142,0.0,1.3481209998770678,0.0,0.9563323352429446,0.0,-2.808974261171558
13.144,0.0,1.3500280434140963,0.0,0.9507096111467729,0.0,-2.81374617303836
13.146,0.0,1.3519238319737656,0.0,0.9450773652167703,0.0,-2.8184960859308417
13.148,0.0,1.353808346556439,0.0,0.9394356415052731,0.0,-2.8232239454978862
13.15,0.0,1.355681568250704,0.0,0.9337844841731318,0.0,-2.8279296975411268
13.152000000000001,0.0,1.3575434782335623,0.0,0.9281239374894886,0.0,-2.832613288015509
13.154,0.0,1.3593940577706771,0.0,0.922454045831377,0.0,-2.837274663029995
13.156,0.0,1.3612332882165596,0.0,0.9167748536835003,0.0,-2.841913768848125
13.158,0.0,1.3630611510148087,0.0,0.9110864056378446,0.0,-2.8465305518886987
13.16,0.0,1.364877627698309,0.0,0.9053887463934195,0.0,-2.8511249587263636
13.162,0.0,1.366682699889453,0.0,0.8996819207559189,0.0,-2.855696936092259
13.164,0.0,1.3684763493003436,0.0,0.8939659736374417,0.0,-2.860246430874619
13.166,0.0,1.3702585577330244,0.0,0.8882409500561184,0.0,-2.864773390119439
13.168000000000001,0.0,1.372029307079672,0.0,0.8825068951358593,0.0,-2.869277761031043
13.17,0.0,1.3737885793228248,0.0,0.8767638541059806,0.0,-2.8737594909727586
13.172,0.0,1.375536356535578,0.0,0.8710118723009329,0.0,-2.8782185274675
13.174,0.0,1.377272620881802,0.0,0.865250995159957,0.0,-2.8826548181983975
13.176,0.0,1.378997354616355,0.0,0.8594812682267531,0.0,-2.88706831100944
13.178,0.0,1.380710540085277,0.0,0.8537027371492001,0.0,-2.891458953906054
13.18,0.0,1.3824121597260206,0.0,0.8479154476789648,0.0,-2.8958266950557645
13.182,0.0,1.3841021960676327,0.0,0.8421194456712562,0.0,-2.9001714827887732
13.184000000000001,0.0,1.3857806317309835,0.0,0.8363147770844305,0.0,-2.904493265598607
13.186,0.0,1.387447449428956,0.0,0.8305014879797112,0.0,-2.908791992142707
13.188,0.0,1.3891026319666642,0.0,0.8246796245208244,0.0,-2.9130676112430693
13.19,0.0,1.3907461622416442,0.0,0.8188492329737163,0.0,-2.917320071886827
13.192,0.0,1.392378023244076,0.0,0.8130103597061527,0.0,-2.9215493232269036
13.194,0.0,1.3939981980569667,0.0,0.8071630511874647,0.0,-2.9257553145825854
13.196,0.0,1.3956066698563698,0.0,0.8013073539881581,0.0,-2.9299379954401545
13.198,0.0,1.3972034219115776,0.0,0.7954433147796037,0.0,-2.9340973154534957
13.200000000000001,0.0,1.3987884375853286,0.0,0.7895709803336929,0.0,-2.9382332244447107
13.202,0.0,1.400361700333999,0.0,0.7836903975225206,0.0,-2.9423456724047026
13.204,0.0,1.4019231937078205,0.0,0.7778016133179926,0.0,-2.946434609493832
13.206,0.0,1.4034729013510536,0.0,0.7719046747915773,0.0,-2.9504999860424563
13.208,0.0,1.4050108070022165,0.0,0.7659996291138546,0.0,-2.954541752551614
13.21,0.0,1.4065368944942538,0.0,0.7600865235542809,0.0,-2.9585598596935485
13.212,0.0,1.408051147754755,0.0,0.7541654054807683,0.0,-2.9625542583123763
13.214,0.0,1.4095535508061432,0.0,0.7482363223593717,0.0,-2.966524899424663
13.216000000000001,0.0,1.4110440877658688,0.0,0.7422993217539471,0.0,-2.97047173422002
13.218,0.0,1.4125227428466074,0.0,0.7363544513258011,0.0,-2.974394714061714
13.22,0.0,1.4139895003564584,0.0,0.7304017588333219,0.0,-2.9782937904872764
13.222,0.0,1.4154443446991325,0.0,0.7244412921316583,0.0,-2.9821689152090856
13.224,0.0,1.4168872603741454,0.0,0.7184730991723635,0.0,-2.986020040114972
13.226,0.0,1.4183182319770147,0.0,0.7124972280030304,0.0,-2.989847117268819
13.228,0.0,1.419737244199444,0.0,0.7065137267669674,0.0,-2.9936500989111448
13.23,0.0,1.4211442818295281,0.0,0.7005226437027868,0.0,-2.9974289374597283
13.232000000000001,0.0,1.422539329751924,0.0,0.694524027144129,0.0,-3.0011835855101636
13.234,0.0,1.423922372948058,0.0,0.6885179255192346,0.0,-3.004913995836487
13.236,0.0,1.4252933964963026,0.0,0.6825043873506365,0.0,-3.0086201213917483
13.238,0.0,1.426652385572174,0.0,0.6764834612547628,0.0,-3.012301915308616
13.24,0.0,1.4279993254485084,0.0,0.6704551959416221,0.0,-3.0159593308999466
13.242,0.0,1.4293342014956623,0.0,0.6644196402143876,0.0,-3.0195923216594083
13.244,0.0,1.4306569991816853,0.0,0.6583768429690928,0.0,-3.023200841262024
13.246,0.0,1.431967704072517,0.0,0.65232685319421,0.0,-3.0267848435648075
13.248000000000001,0.0,1.4332663018321605,0.0,0.6462697199703447,0.0,-3.0303442826073037
13.25,0.0,1.4345527782228782,0.0,0.6402054924698105,0.0,-3.0338791126122127
13.252,0.0,1.435827119105363,0.0,0.6341342199563178,0.0,-3.0373892879859388
13.254,0.0,1.4370893104389293,0.0,0.6280559517845655,0.0,-3.0408747633192004
13.256,0.0,1.4383393382816905,0.0,0.6219707373998898,0.0,-3.0443354933875995
13.258000000000001,0.0,1.4395771887907423,0.0,0.6158786263378865,0.0,-3.047771433152204
13.26,0.0,1.4408028482223376,0.0,0.6097796682240622,0.0,-3.0511825377601185
13.262,0.0,1.4420163029320774,0.0,0.6036739127734049,0.0,-3.0545687625450886
13.264000000000001,0.0,1.443217539375076,0.0,0.5975614097900788,0.0,-3.057930063028051
13.266,0.0,1.4444065441061427,0.0,0.5914422091670251,0.0,-3.061266394917709
13.268,0.0,1.4455833037799697,0.0,0.5853163608855424,0.0,-3.0645777141111403
13.27,0.0,1.4467478051512903,0.0,0.5791839150149912,0.0,-3.0678639766943276
13.272,0.0,1.4479000350750724,0.0,0.5730449217123297,0.0,-3.0711251389427696
13.274000000000001,0.0,1.4490399805066798,0.0,0.5668994312218008,0.0,-3.074361157322024
13.276,0.0,1.450167628502053,0.0,0.5607474938745219,0.0,-3.077571988488291
13.278,0.0,1.451282966217883,0.0,0.5545891600880964,0.0,-3.0807575892889876
13.280000000000001,0.0,1.4523859809117803,0.0,0.5484244803662521,0.0,-3.0839179167633017
13.282,0.0,1.4534766599424485,0.0,0.5422535052984457,0.0,-3.0870529281427666
13.284,0.0,1.4545549907698585,0.0,0.5360762855594637,0.0,-3.0901625808518354
13.286,0.0,1.45562096095541,0.0,0.5298928719090801,0.0,-3.093246832508421
13.288,0.0,1.4566745581621143,0.0,0.5237033151915974,0.0,-3.096305640924495
13.290000000000001,0.0,1.4577157701547494,0.0,0.5175076663355377,0.0,-3.0993389641066105
13.292,0.0,1.458744584800037,0.0,0.5113059763531962,0.0,-3.102346760256497
13.294,0.0,1.459760990066806,0.0,0.505098296340276,0.0,-3.1053289877715966
13.296000000000001,0.0,1.4607649740261612,0.0,0.4988846774754786,0.0,-3.1082856052456416
13.298,0.0,1.4617565248516458,0.0,0.49266517102013196,0.0,-3.1112165714691917
13.3,0.0,1.462735630819409,0.0,0.4864398283177782,0.0,-3.1141218454302084
13.302,0.0,1.4637022803083666,0.0,0.4802087007938047,0.0,-3.117001386314591
13.304,0.0,1.4646564618003723,0.0,0.473971839954987,0.0,-3.11985515350676
13.306000000000001,0.0,1.4655981638803677,0.0,0.46772929738918195,0.0,-3.1226831065901695
13.308,0.0,1.4665273752365549,0.0,0.4614811247648497,0.0,-3.125485205347891
13.31,0.0,1.4674440846605523,0.0,0.4552273738306882,0.0,-3.128261409763151
13.312000000000001,0.0,1.4683482810475557,0.0,0.4489680964152355,0.0,-3.1310116800198764
13.314,0.0,1.4692399533964955,0.0,0.4427033444264649,0.0,-3.133735976503244
13.316,0.0,1.4701190908102015,0.0,0.4364331698513544,0.0,-3.1364342598002355
13.318,0.0,1.4709856824955527,0.0,0.430157624755529,0.0,-3.1391064907001685
13.32,0.0,1.4718397177636375,0.0,0.42387676128282814,0.0,-3.141752630195244
13.322000000000001,0.0,1.4726811860299127,0.0,0.41759063165488836,0.0,-3.1443726394810962
13.324,0.0,1.4735100768143508,0.0,0.41129928817078576,0.0,-3.1469664799573187
13.326,0.0,1.4743263797416066,0.0,0.40500278320653876,0.0,-3.1495341132280266
13.328,0.0,1.4751300845411568,0.0,0.39870116921481036,0.0,-3.1520755011023636
13.33,0.0,1.475921181047465,0.0,0.39239449872438975,0.0,-3.154590605595069
13.332,0.0,1.4766996592001238,0.0,0.3860828243398692,0.0,-3.1570793889269906
13.334,0.0,1.477465509044013,0.0,0.3797661987411774,0.0,-3.159541813525633
13.336,0.0,1.478218720729447,0.0,0.37344467468317283,0.0,-3.161977842025683
13.338000000000001,0.0,1.4789592845123245,0.0,0.3671183049952451,0.0,-3.1643874372695473
13.34,0.0,1.4796871907542761,0.0,0.36078714258089833,0.0,-3.1667705623078684
13.342,0.0,1.4804024299228136,0.0,0.3544512404173191,0.0,-3.1691271804000727
13.344,0.0,1.4811049925914774,0.0,0.348110651554958,0.0,-3.171457255014883
13.346,0.0,1.4817948694399807,0.0,0.3417654291171341,0.0,-3.1737607498308495
13.348,0.0,1.4824720512543585,0.0,0.33541562629957195,0.0,-3.1760376287368817
13.35,0.0,1.4831365289271028,0.0,0.32906129637006554,0.0,-3.1782878558327465
13.352,0.0,1.4837882934573217,0.0,0.3227024926679167,0.0,-3.180511395429628
13.354000000000001,0.0,1.4844273359508655,0.0,0.3163392686036626,0.0,-3.1827082120506076
13.356,0.0,1.4850536476204805,0.0,0.30997167765854755,0.0,-3.184878270431214
13.358,0.0,1.4856672197859453,0.0,0.3035997733841392,0.0,-3.1870215355199245
13.36,0.0,1.4862680438742106,0.0,0.2972236094018911,0.0,-3.189137972478685
13.362,0.0,1.4868561114195404,0.0,0.29084323940272677,0.0,-3.1912275466834217
13.364,0.0,1.487431414063649,0.0,0.28445871714659976,0.0,-3.1932902237245613
13.366,0.0,1.4879939435558391,0.0,0.2780700964620793,0.0,-3.19532596940753
13.368,0.0,1.488543691753141,0.0,0.2716774312458734,0.0,-3.1973347497532822
13.370000000000001,0.0,1.4890806506204437,0.0,0.2652807754624634,0.0,-3.1993165309987903
13.372,0.0,1.4896048122306327,0.0,0.2588801831436441,0.0,-3.2012712795975595
13.374,0.0,1.4901161687647255,0.0,0.25247570838806277,0.0,-3.2031989622201364
13.376,0.0,1.4906147125120022,0.0,0.24606740536082808,0.0,-3.2050995457546105
13.378,0.0,1.49110043587014,0.0,0.23965532829303854,0.0,-3.2069729973071146
13.38,0.0,1.4915733313453434,0.0,0.23323953148138155,0.0,-3.2088192842023293
13.382,0.0,1.4920333915524762,0.0,0.22682006928764506,0.0,-3.2106383739839823
13.384,0.0,1.492480609215189,0.0,0.22039699613834515,0.0,-3.212430234415343
13.386000000000001,0.0,1.4929149771660521,0.0,0.21397036652422413,0.0,-3.2141948334797252
13.388,0.0,1.4933364883466773,0.0,0.20754023499988006,0.0,-3.215932139380968
13.39,0.0,1.4937451358078548,0.0,0.20110665618320445,0.0,-3.21764212054396
13.392,0.0,1.4941409127096679,0.0,0.19466968475510338,0.0,-3.21932474561509
13.394,0.0,1.4945238123216285,0.0,0.18822937545889792,0.0,-3.220979983462775
13.396,0.0,1.4948938280227941,0.0,0.18178578310000468,0.0,-3.222607803177918
13.398,0.0,1.4952509533018965,0.0,0.1753389625454042,0.0,-3.2242081740744215
13.4,0.0,1.4955951817574626,0.0,0.1688889687232337,0.0,-3.2257810656896555
13.402000000000001,0.0,1.495926507097936,0.0,0.16243585662232782,0.0,-3.2273264477849524
13.404,0.0,1.4962449231417971,0.0,0.15597968129179376,0.0,-3.228844290346078
13.406,0.0,1.4965504238176877,0.0,0.1495204978404994,0.0,-3.2303345635837277
13.408,0.0,1.496843003164523,0.0,0.1430583614367204,0.0,-3.2317972379339883
13.41,0.0,1.4971226553316166,0.0,0.13659332730758394,0.0,-3.233232284058836
13.412,0.0,1.4973893745787923,0.0,0.13012545073871373,0.0,-3.23463967284659
13.414,0.0,1.4976431552765055,0.0,0.12365478707369094,0.0,-3.2360193754124067
13.416,0.0,1.4978839919059561,0.0,0.11718139171364716,0.0,-3.2373713630987444
13.418000000000001,0.0,1.4981118790592014,0.0,0.1107053201168365,0.0,-3.2386956074758277
13.42,0.0,1.498326811439274,0.0,0.10422662779809745,0.0,-3.239992080342132
13.422,0.0,1.4985287838602916,0.0,0.09774537032846259,0.0,-3.2412607537248395
13.424,0.0,1.4987177912475704,0.0,0.09126160333468487,0.0,-3.2425015998803115
13.426,0.0,1.4988938286377347,0.0,0.08477538249877506,0.0,-3.243714591294552
13.428,0.0,1.4990568911788276,0.0,0.07828676355752608,0.0,-3.2448997006836677
13.43,0.0,1.4992069741304206,0.0,0.07179580230209957,0.0,-3.2460569009943296
13.432,0.0,1.499344072863722,0.0,0.06530255457748979,0.0,-3.247186165404245
13.434000000000001,0.0,1.4994681828616825,0.0,0.05880707628214726,0.0,-3.2482874673225943
13.436,0.0,1.499579299719103,0.0,0.052309423367440905,0.0,-3.2493607803905027
13.438,0.0,1.4996774191427407,0.0,0.04580965183724079,0.0,-3.250406078481493
13.44,0.0,1.4997625369514112,0.0,0.039307817747437156,0.0,-3.2514233357019333
13.442,0.0,1.4998346490760945,0.0,0.0328039772054625,0.0,-3.25241252639149
13.444,0.0,1.4998937515600361,0.0,0.02629818636984417,0.0,-3.2533736251235834
13.446,0.0,1.4999398405588495,0.0,0.01979050144974032,0.0,-3.2543066067058226
13.448,0.0,1.4999729123406171,0.0,0.01328097870442793,0.0,-3.2552114461804695
13.450000000000001,0.0,1.499992963285989,0.0,0.006769674442903676,0.0,-3.256088118824863
13.452,0.0,1.4999999898882823,0.0,0.0002566450233505628,0.0,-3.2569366001518767
13.454,0.0,1.4999939887535805,0.0,-0.006258053147313982,0.0,-3.257756865910356
13.456,0.0,1.499974956600828,0.0,-0.0127743636138987,0.0,-3.258548892085552
13.458,0.0,1.4999428902619285,0.0,-0.019292229873411774,0.0,-3.259312654899567
13.46,0.0,1.4998977866818382,0.0,-0.025811595375554556,0.0,-3.260048130811783
13.462,0.0,1.4998396429186616,0.0,-0.0323324035231809,0.0,-3.260755296519298
13.464,0.0,1.4997684561437432,0.0,-0.038854597672784756,0.0,-3.2614341289573603
13.466000000000001,0.0,1.4996842236417611,0.0,-0.045378121134949496,0.0,-3.262084605299797
13.468,0.0,1.4995869428108173,0.0,-0.05190291717485288,0.0,-3.2627067029594374
13.47,0.0,1.4994766111625286,0.0,-0.05842892901275736,0.0,-3.263300399588553
13.472,0.0,1.4993532263221163,0.0,-0.06495609982443831,0.0,-3.2638656730792666
13.474,0.0,1.4992167860284928,0.0,-0.07148437274173478,0.0,-3.2644025015639846
13.476,0.0,1.499067288134352,0.0,-0.07801369085294027,0.0,-3.2649108634158175
13.478,0.0,1.498904730606254,0.0,-0.0845439972033787,0.0,-3.2653907372489974
13.48,0.0,1.49872911152471,0.0,-0.09107523479582433,0.0,-3.2658421019192945
13.482000000000001,0.0,1.4985404290842679,0.0,-0.09760734659100881,0.0,-3.2662649365244394
13.484,0.0,1.4983386815935968,0.0,-0.1041402755080975,0.0,-3.2666592204045255
13.486,0.0,1.498123867475568,0.0,-0.11067396442519449,0.0,-3.2670249331424337
13.488,0.0,1.497895985267337,0.0,-0.11720835617978127,0.0,-3.2673620545642317
13.49,0.0,1.4976550336204246,0.0,-0.12374339356927828,0.0,-3.2676705647395923
13.492,0.0,1.4974010113007972,0.0,-0.13027901935145372,0.0,-3.2679504439821896
13.494,0.0,1.4971339171889442,0.0,-0.1368151762449477,0.0,-3.2682016728501133
13.496,0.0,1.4968537502799557,0.0,-0.14335180692979646,0.0,-3.2684242321462635
13.498000000000001,0.0,1.4965605096836017,0.0,-0.1498888540478519,0.0,-3.2686181029187575
13.5,0.0,1.4962541946244052,0.0,-0.15642626020331163,0.0,-3.2687832664613254
13.502,0.0,1.495934804441718,0.0,-0.16296396796323015,0.0,-3.268919704313707
13.504,0.0,1.495602338589795,0.0,-0.16950191985795654,0.0,-3.269027398262053
13.506,0.0,1.495256796637866,0.0,-0.1760400583816901,0.0,-3.2691063303393038
13.508000000000001,0.0,1.4948981782702089,0.0,-0.18257832599291973,0.0,-3.2691564828255997
13.51,0.0,1.49452648328622,0.0,-0.18911666511494207,0.0,-3.2691778382486545
13.512,0.0,1.494141711600482,0.0,-0.19565501813638467,0.0,-3.2691703793841547
13.514000000000001,0.0,1.4937438632428377,0.0,-0.20219332741163143,0.0,-3.2691340892561356
13.516,0.0,1.493332938358452,0.0,-0.2087315352614062,0.0,-3.2690689511373714
13.518,0.0,1.492908937207883,0.0,-0.21526958397320003,0.0,-3.2689749485497503
13.52,0.0,1.4924718601671474,0.0,-0.22180741580180094,0.0,-3.268852065264666
13.522,0.0,1.4920217077277824,0.0,-0.22834497296980155,0.0,-3.2687002853033813
13.524000000000001,0.0,1.4915584804969138,0.0,-0.23488219766807536,0.0,-3.2685195929374142
13.526,0.0,1.4910821791973161,0.0,-0.2414190320562893,0.0,-3.2683099726889058
13.528,0.0,1.4905928046674752,0.0,-0.24795541826341747,0.0,-3.2680714093309966
13.530000000000001,0.0,1.4900903578616498,0.0,-0.2544912983882197,0.0,-3.2678038878881916
13.532,0.0,1.4895748398499307,0.0,-0.2610266144997566,0.0,-3.2675073936367336
13.534,0.0,1.489046251818299,0.0,-0.26756130863790883,0.0,-3.2671819121049626
13.536,0.0,1.4885045950686866,0.0,-0.27409532281383875,0.0,-3.266827429073688
13.538,0.0,1.487949871019029,0.0,-0.2806285990105547,0.0,-3.266443930576543
13.540000000000001,0.0,1.4873820812033265,0.0,-0.28716107918335365,0.0,-3.266031402900347
13.542,0.0,1.4868012272716926,0.0,-0.2936927052603875,0.0,-3.2655898325854658
13.544,0.0,1.4862073109904137,0.0,-0.30022341914312667,0.0,-3.2651192064261623
13.546000000000001,0.0,1.4856003342419986,0.0,-0.3067531627068925,0.0,-3.264619511470958
13.548,0.0,1.4849802990252319,0.0,-0.3132818778013421,0.0,-3.2640907350229758
13.55,0.0,1.4843472074552226,0.0,-0.319809506251021,0.0,-3.263532864640297
13.552,0.0,1.4837010617634572,0.0,-0.326335989855819,0.0,-3.2629458881363034
13.554,0.0,1.4830418642978445,0.0,-0.3328612703915277,0.0,-3.2623297935800286
13.556000000000001,0.0,1.4823696175227683,0.0,-0.339385289610317,0.0,-3.261684569296499
13.558,0.0,1.481684324019128,0.0,-0.3459079892412788,0.0,-3.2610102038670705
13.56,0.0,1.48098598648439,0.0,-0.35242931099090885,0.0,-3.2603066861297796
13.562000000000001,0.0,1.4802746077326283,0.0,-0.3589491965436512,0.0,-3.259574005179666
13.564,0.0,1.4795501906945714,0.0,-0.36546758756237796,0.0,-3.2588121503691188
13.566,0.0,1.4788127384176402,0.0,-0.3719844256889513,0.0,-3.2580211113082096
13.568,0.0,1.4780622540659962,0.0,-0.3784996525446795,0.0,-3.2572008778650137
13.57,0.0,1.477298740920574,0.0,-0.38501320973090114,0.0,-3.2563514401659512
13.572000000000001,0.0,1.4765222023791302,0.0,-0.39152503882942685,0.0,-3.255472788596108
13.574,0.0,1.475732641956273,0.0,-0.3980350814031237,0.0,-3.2545649137995585
13.576,0.0,1.4749300632835038,0.0,-0.40454327899640613,0.0,-3.2536278066796895
13.578,0.0,1.4741144701092561,0.0,-0.41104957313573187,0.0,-3.252661458399531
13.58,0.0,1.4732858662989243,0.0,-0.41755390533017156,0.0,-3.2516658603820563
13.582,0.0,1.4724442558349033,0.0,-0.42405621707188645,0.0,-3.2506410043105114
13.584,0.0,1.471589642816622,0.0,-0.43055644983666114,0.0,-3.2495868821287277
13.586,0.0,1.4707220314605682,0.0,-0.4370545450844555,0.0,-3.2485034860414244
13.588000000000001,0.0,1.4698414261003303,0.0,-0.4435504442598735,0.0,-3.2473908085145347
13.59,0.0,1.4689478311866233,0.0,-0.45004408879269997,0.0,-3.246248842275502
13.592,0.0,1.468041251287311,0.0,-0.4565354200984837,0.0,-3.2450775803135845
13.594,0.0,1.4671216910874467,0.0,-0.46302437957896325,0.0,-3.243877015880169
13.596,0.0,1.466189155389286,0.0,-0.4695109086226928,0.0,-3.2426471424890546
13.598,0.0,1.465243649112328,0.0,-0.47599494860547015,0.0,-3.241387953916773
13.6,0.0,1.4642851772933296,0.0,-0.482476440890921,0.0,-3.240099444202873
13.602,0.0,1.4633137450863285,0.0,-0.4889553268310444,0.0,-3.238781607650209
13.604000000000001,0.0,1.4623293577626741,0.0,-0.49543154776667364,0.0,-3.2374344388252507
13.606,0.0,1.4613320207110447,0.0,-0.5019050450280427,0.0,-3.236057932558362
13.608,0.0,1.4603217394374648,0.0,-0.5083757599353338,0.0,-3.2346520839440864
13.61,0.0,1.4592985195653325,0.0,-0.5148436337991513,0.0,-3.2332168883414423
13.612,0.0,1.458262366835429,0.0,-0.5213086079211179,0.0,-3.231752341374199
13.614,0.0,1.4572132871059464,0.0,-0.5277706235943291,0.0,-3.230258438931165
13.616,0.0,1.456151286352494,0.0,-0.5342296221039556,0.0,-3.22873517716646
13.618,0.0,1.4550763706681205,0.0,-0.5406855447277248,0.0,-3.227182552499795
13.620000000000001,0.0,1.4539885462633257,0.0,-0.5471383327364744,0.0,-3.2256005616167487
13.622,0.0,1.452887819466075,0.0,-0.5535879273946751,0.0,-3.2239892014690406
13.624,0.0,1.4517741967218083,0.0,-0.560034269960979,0.0,-3.222348469274792
13.626,0.0,1.4506476845934562,0.0,-0.5664773016887296,0.0,-3.2206783625188087
13.628,0.0,1.4495082897614477,0.0,-0.5729169638265027,0.0,-3.2189788789528353
13.63,0.0,1.4483560190237144,0.0,-0.5793531976186723,0.0,-3.21725001659582
13.632,0.0,1.4471908792957087,0.0,-0.5857859443058822,0.0,-3.215491773734181
13.634,0.0,1.4460128776104015,0.0,-0.5922151451256407,0.0,-3.213704148922065
13.636000000000001,0.0,1.4448220211182936,0.0,-0.5986407413128167,0.0,-3.2118871409815983
13.638,0.0,1.4436183170874173,0.0,-0.6050626741001992,0.0,-3.2100407490031464
13.64,0.0,1.4424017729033398,0.0,-0.6114808847190298,0.0,-3.2081649723455596
13.642,0.0,1.4411723960691667,0.0,-0.6178953143995408,0.0,-3.206259810636427
13.644,0.0,1.4399301942055467,0.0,-0.6243059043714695,0.0,-3.2043252637723323
13.646,0.0,1.4386751750506668,0.0,-0.6307125958646308,0.0,-3.2023613319190827
13.648,0.0,1.4374073464602557,0.0,-0.6371153301094286,0.0,-3.200368015511964
13.65,0.0,1.436126716407574,0.0,-0.6435140483374386,0.0,-3.1983453152559673
13.652000000000001,0.0,1.4348332929834258,0.0,-0.6499086917818773,0.0,-3.196293232126049
13.654,0.0,1.4335270843961456,0.0,-0.6562992016781822,0.0,-3.1942117673673556
13.656,0.0,1.4322080989715866,0.0,-0.6626855192645963,0.0,-3.192100922495437
13.658,0.0,1.4308763451531337,0.0,-0.669067585782604,0.0,-3.189960699296523
13.66,0.0,1.4295318315016732,0.0,-0.6754453424775897,0.0,-3.187791099827701
13.662,0.0,1.4281745666956045,0.0,-0.6818187305992851,0.0,-3.1855921264171823
13.664,0.0,1.4268045595308227,0.0,-0.688187691402354,0.0,-3.1833637816645117
13.666,0.0,1.4254218189207009,0.0,-0.6945521661469565,0.0,-3.181106068440776
13.668000000000001,0.0,1.4240263538960942,0.0,-0.7009120960992367,0.0,-3.178818989888851
13.67,0.0,1.4226181736053176,0.0,-0.7072674225318963,0.0,-3.176502549423601
13.672,0.0,1.4211972873141268,0.0,-0.7136180867247733,0.0,-3.1741567507320854
13.674,0.0,1.4197637044057205,0.0,-0.7199640299653061,0.0,-3.1717815977737964
13.676,0.0,1.418317434380704,0.0,-0.7263051935491708,0.0,-3.169377094780842
13.678,0.0,1.4168584868570917,0.0,-0.7326415187807388,0.0,-3.1669432462581786
13.68,0.0,1.415386871570274,0.0,-0.7389729469736941,0.0,-3.164480056983791
13.682,0.0,1.413902598373007,0.0,-0.7452994194515355,0.0,-3.1619875320089177
13.684000000000001,0.0,1.412405677235388,0.0,-0.7516208775481447,0.0,-3.1594656766582334
13.686,0.0,1.4108961182448396,0.0,-0.7579372626083075,0.0,-3.156914496530066
13.688,0.0,1.4093739316060756,0.0,-0.7642485159883184,0.0,-3.1543339974965656
13.69,0.0,1.4078391276410946,0.0,-0.7705545790564482,0.0,-3.1517241857039275
13.692,0.0,1.4062917167891376,0.0,-0.7768553931935686,0.0,-3.1490850675725577
13.694,0.0,1.404731709606676,0.0,-0.783150899793647,0.0,-3.1464166497972768
13.696,0.0,1.4031591167673843,0.0,-0.7894410402642974,0.0,-3.143718939347512
13.698,0.0,1.4015739490620929,0.0,-0.7957257560274021,0.0,-3.1409919434674403
13.700000000000001,0.0,1.3999762173987873,0.0,-0.8020049885195595,0.0,-3.1382356696762255
13.702,0.0,1.3983659328025606,0.0,-0.8082786791926916,0.0,-3.1354501257681613
13.704,0.0,1.396743106415584,0.0,-0.814546769514596,0.0,-3.132635319812853
13.706,0.0,1.3951077494970803,0.0,-0.8208092009694701,0.0,-3.1297912601554
13.708,0.0,1.3934598734232853,0.0,-0.8270659150584844,0.0,-3.126917955416556
13.71,0.0,1.3917994896874124,0.0,-0.8333168533003374,0.0,-3.1240154144929004
13.712,0.0,1.3901266098996248,0.0,-0.8395619572317752,0.0,-3.121083646557013
13.714,0.0,1.388441245786989,0.0,-0.8458011684081839,0.0,-3.1181226610576283
13.716000000000001,0.0,1.3867434091934452,0.0,-0.852034428404111,0.0,-3.1151324677198025
13.718,0.0,1.3850331120797639,0.0,-0.8582616788138316,0.0,-3.1121130765450666
13.72,0.0,1.3833103665235058,0.0,-0.8644828612519082,0.0,-3.109064497811589
13.722,0.0,1.38157518471898,0.0,-0.8706979173537388,0.0,-3.105986742074319
13.724,0.0,1.3798275789772103,0.0,-0.8769067887760869,0.0,-3.10287982016516
13.726,0.0,1.3780675617258773,0.0,-0.883109417197683,0.0,-3.099743743193088
13.728,0.0,1.3762951455092882,0.0,-0.8893057443197298,0.0,-3.0965785225443265
13.73,0.0,1.3745103429883154,0.0,-0.8954957118665134,0.0,-3.093384169882459
13.732000000000001,0.0,1.3727131669403718,0.0,-0.9016792615858805,0.0,-3.090160697148612
13.734,0.0,1.3709036302593423,0.0,-0.907856335249867,0.0,-3.086908116561556
13.736,0.0,1.3690817459555462,0.0,-0.914026874655213,0.0,-3.083626440617863
13.738,0.0,1.3672475271556808,0.0,-0.9201908216239408,0.0,-3.0803156820920234
13.74,0.0,1.365400987102778,0.0,-0.9263481180038848,0.0,-3.0769758540365992
13.742,0.0,1.3635421391561424,0.0,-0.9324987056692814,0.0,-3.0736069697823285
13.744,0.0,1.3616709967913097,0.0,-0.9386425265212842,0.0,-3.0702090429382767
13.746,0.0,1.3597875735999814,0.0,-0.9447795224885591,0.0,-3.0667820873919402
13.748000000000001,0.0,1.3578918832899718,0.0,-0.9509096355278314,0.0,-3.063326117309367
13.75,0.0,1.3559839396851652,0.0,-0.9570328076243981,0.0,-3.0598411471353093
13.752,0.0,1.3540637567254274,0.0,-0.9631489807927861,0.0,-3.056327191593275
13.754,0.0,1.3521313484665847,0.0,-0.9692580970771857,0.0,-3.052784265685713
13.756,0.0,1.3501867290803276,0.0,-0.9753600985521272,0.0,-3.0492123846940635
13.758000000000001,0.0,1.3482299128541781,0.0,-0.9814549273229447,0.0,-3.045611564178905
13.76,0.0,1.3462609141914157,0.0,-0.9875425255263778,0.0,-3.0419818199800552
13.762,0.0,1.344279747611007,0.0,-0.9936228353311458,0.0,-3.0383231682166465
13.764000000000001,0.0,1.3422864277475544,0.0,-0.999695798938468,0.0,-3.0346356252872573
13.766,0.0,1.3402809693512305,0.0,-1.0057613585826262,0.0,-3.0309192078700127
13.768,0.0,1.3382633872876895,0.0,-1.0118194565315843,0.0,-3.027173932922632
13.77,0.0,1.3362336965380328,0.0,-1.0178700350874514,0.0,-3.0233998176825887
13.772,0.0,1.3341919121987105,0.0,-1.0239130365871272,0.0,-3.019596879667144
13.774000000000001,0.0,1.3321380494814725,0.0,-1.0299484034028006,0.0,-3.015765136673476
13.776,0.0,1.3300721237132849,0.0,-1.035976077942546,0.0,-3.011904606778738
13.778,0.0,1.327994150336258,0.0,-1.0419960026508783,0.0,-3.0080153083401413
13.780000000000001,0.0,1.3259041449075828,0.0,-1.0480081200092934,0.0,-3.004097259995057
13.782,0.0,1.3238021230994432,0.0,-1.0540123725368569,0.0,-3.000150480661066
13.784,0.0,1.3216881006989505,0.0,-1.0600087027907419,0.0,-2.9961749895360525
13.786,0.0,1.319562093608065,0.0,-1.0659970533667902,0.0,-2.992170806098273
13.788,0.0,1.317424117843514,0.0,-1.0719773669000892,0.0,-2.988137950106418
13.790000000000001,0.0,1.3152741895367108,0.0,-1.077949586065533,0.0,-2.9840764415996763
13.792,0.0,1.3131123249336878,0.0,-1.0839136535783513,0.0,-2.97998630089782
13.794,0.0,1.3109385403949962,0.0,-1.0898695121947208,0.0,-2.9758675486012307
13.796000000000001,0.0,1.3087528523956404,0.0,-1.0958171047122798,0.0,-2.971720205590997
13.798,0.0,1.306555277524988,0.0,-1.1017563739707095,0.0,-2.967544293028951
13.8,0.0,1.304345832486677,0.0,-1.1076872628523151,0.0,-2.963339832357703
13.802,0.0,1.3021245340985481,0.0,-1.1136097142825416,0.0,-2.959106845300738
13.804,0.0,1.2998913992925367,0.0,-1.1195236712305887,0.0,-2.954845353862411
13.806000000000001,0.0,1.2976464451146041,0.0,-1.1254290767099255,0.0,-2.9505553803280415
13.808,0.0,1.2953896887246392,0.0,-1.131325873778872,0.0,-2.946236947263926
13.81,0.0,1.2931211473963606,0.0,-1.1372140055411868,0.0,-2.9418900775173706
13.812000000000001,0.0,1.2908408385172454,0.0,-1.1430934151465697,0.0,-2.937514794216771
13.814,0.0,1.288548779588417,0.0,-1.1489640457912813,0.0,-2.9331111207715996
13.816,0.0,1.2862449882245597,0.0,-1.15482584071868,0.0,-2.9286790808724588
13.818,0.0,1.2839294821538279,0.0,-1.160678743219776,0.0,-2.924218698491118
13.82,0.0,1.2816022792177415,0.0,-1.1665226966338145,0.0,-2.9197299978805225
13.822000000000001,0.0,1.2792633973710923,0.0,-1.172357644348831,0.0,-2.915213003574824
13.824,0.0,1.2769128546818558,0.0,-1.178183529802186,0.0,-2.9106677403894214
13.826,0.0,1.274550669331068,0.0,-1.1840002964811918,0.0,-2.906094233420933
13.828,0.0,1.2721768596127545,0.0,-1.1898078879235985,0.0,-2.9014925080472693
13.83,0.0,1.2697914439338063,0.0,-1.195606247718212,0.0,-2.896862589927601
13.832,0.0,1.2673944408138873,0.0,-1.201395319505433,0.0,-2.8922045050023906
13.834,0.0,1.2649858688853302,0.0,-1.2071750469778229,0.0,-2.887518279493402
13.836,0.0,1.2625657468930236,0.0,-1.2129453738806801,0.0,-2.8828039399036807
13.838000000000001,0.0,1.260134093694321,0.0,-1.2187062440125704,0.0,-2.8780615130175984
13.84,0.0,1.2576909282589201,0.0,-1.2244576012259236,0.0,-2.8732910259008144
13.842,0.0,1.25523626966876,0.0,-1.2301993894275778,0.0,-2.8684925059002895
13.844,0.0,1.2527701371179114,0.0,-1.2359315525793475,0.0,-2.8636659806442792
13.846,0.0,1.2502925499124675,0.0,-1.2416540346985805,0.0,-2.858811478042323
13.848,0.0,1.2478035274704236,0.0,-1.2473667798587422,0.0,-2.853929026285222
13.85,0.0,1.2453030893215873,0.0,-1.2530697321899247,0.0,-2.849018653845067
13.852,0.0,1.242791255107427,0.0,-1.2587628358794947,0.0,-2.8440803894751454
13.854000000000001,0.0,1.2402680445809995,0.0,-1.2644460351725602,0.0,-2.839114262210011
13.856,0.0,1.2377334776068012,0.0,-1.2701192743726062,0.0,-2.8341203013653917
13.858,0.0,1.235187574160664,0.0,-1.2757824978420276,0.0,-2.829098536538193
13.86,0.0,1.2326303543296402,0.0,-1.2814356500026836,0.0,-2.8240489976064795
13.862,0.0,1.2300618383118724,0.0,-1.287078675336484,0.0,-2.8189717147294155
13.864,0.0,1.2274820464164837,0.0,-1.2927115183859277,0.0,-2.8138667183472608
13.866,0.0,1.2248909990634522,0.0,-1.2983341237546737,0.0,-2.808734039181326
13.868,0.0,1.2222887167834768,0.0,-1.3039464361081252,0.0,-2.803573708233905
13.870000000000001,0.0,1.2196752202178753,0.0,-1.3095484001739466,0.0,-2.7983857567882837
13.872,0.0,1.2170505301184493,0.0,-1.315139960742645,0.0,-2.7931702164086767
13.874,0.0,1.2144146673473373,0.0,-1.3207210626681776,0.0,-2.7879271189401313
13.876,0.0,1.2117676528769274,0.0,-1.3262916508684255,0.0,-2.782656496508565
13.878,0.0,1.209109507789693,0.0,-1.3318516703258356,0.0,-2.777358381520636
13.88,0.0,1.2064402532780902,0.0,-1.33740106608792,0.0,-2.772032806663749
13.882,0.0,1.2037599106443986,0.0,-1.3429397832678815,0.0,-2.7666798049059294
13.884,0.0,1.2010685013006204,0.0,-1.3484677670451066,0.0,-2.761299409495833
13.886000000000001,0.0,1.1983660467683226,0.0,-1.3539849626657803,0.0,-2.7558916539626286
13.888,0.0,1.1956525686785207,0.0,-1.3594913154434083,0.0,-2.7504565721159673
13.89,0.0,1.192928088771525,0.0,-1.3649867707594217,0.0,-2.7449941980458776
13.892,0.0,1.1901926288968279,0.0,-1.3704712740636797,0.0,-2.739504566122738
13.894,0.0,1.187446211012934,0.0,-1.3759447708751036,0.0,-2.733987710997139
13.896,0.0,1.1846888571872625,0.0,-1.381407206782153,0.0,-2.728443667599885
13.898,0.0,1.18192058959597,0.0,-1.3868585274434586,0.0,-2.722872471141842
13.9,0.0,1.179141430523837,0.0,-1.3922986785883296,0.0,-2.717274157113907
13.902000000000001,0.0,1.1763514023640964,0.0,-1.397727606017373,0.0,-2.71164876128686
13.904,0.0,1.173550527618331,0.0,-1.4031452556029729,0.0,-2.7059963197113626
13.906,0.0,1.1707388288962848,0.0,-1.4085515732899343,0.0,-2.700316868717768
13.908,0.0,1.16791632891576,0.0,-1.413946505095966,0.0,-2.694610444916121
13.91,0.0,1.1650830505024306,0.0,-1.4193299971123106,0.0,-2.68887708519597
13.912,0.0,1.1622390165897267,0.0,-1.4247019955042477,0.0,-2.683116826726341
13.914,0.0,1.1593842502186735,0.0,-1.4300624465116725,0.0,-2.6773297069556
13.916,0.0,1.1565187745377266,0.0,-1.435411296449684,0.0,-2.6715157636113243
13.918000000000001,0.0,1.1536426128026591,0.0,-1.4407484917090725,0.0,-2.6656750347002647
13.92,0.0,1.1507557883763668,0.0,-1.4460739787569568,0.0,-2.65980755850815
13.922,0.0,1.1478583247287455,0.0,-1.4513877041372867,0.0,-2.6539133735996367
13.924,0.0,1.1449502454365197,0.0,-1.4566896144714292,0.0,-2.647992518818151
13.926,0.0,1.1420315741830938,0.0,-1.4619796564587175,0.0,-2.6420450332857874
13.928,0.0,1.1391023347583986,0.0,-1.4672577768770008,0.0,-2.6360709564031874
13.93,0.0,1.13616255105873,0.0,-1.4725239225832076,0.0,-2.630070327849407
13.932,0.0,1.1332122470865822,0.0,-1.4777780405139198,0.0,-2.624043187581777
13.934000000000001,0.0,1.1302514469505134,0.0,-1.48302007768588,0.0,-2.6179895758358143
13.936,0.0,1.12728017486495,0.0,-1.4882499811966106,0.0,-2.6119095331250217
13.938,0.0,1.124298455150047,0.0,-1.4934676982249306,0.0,-2.6058031002407986
13.94,0.0,1.1213063122315334,0.0,-1.498673176031498,0.0,-2.5996703182523118
13.942,0.0,1.1183037706405108,0.0,-1.503866361959425,0.0,-2.593511228506279
13.944,0.0,1.1152908550133296,0.0,-1.5090472034347662,0.0,-2.587325872626913
13.946,0.0,1.112267590091403,0.0,-1.514215647967104,0.0,-2.5811142925157267
13.948,0.0,1.1092340007210337,0.0,-1.5193716431501134,0.0,-2.574876530351373
13.950000000000001,0.0,1.106190111853251,0.0,-1.5245151366621066,0.0,-2.568612628589498
13.952,0.0,1.1031359485436565,0.0,-1.5296460762665591,0.0,-2.562322629962622
13.954,0.0,1.1000715359522266,0.0,-1.5347644098127118,0.0,-2.556006577479923
13.956,0.0,1.0969968993431591,0.0,-1.5398700852360874,0.0,-2.549664514427104
13.958,0.0,1.0939120640846842,0.0,-1.5449630505590752,0.0,-2.5432964843662074
13.96,0.0,1.0908170556489147,0.0,-1.5500432538914395,0.0,-2.536902531135486
13.962,0.0,1.0877118996116493,0.0,-1.5551106434309074,0.0,-2.5304826988491915
13.964,0.0,1.0845966216521996,0.0,-1.5601651674637165,0.0,-2.5240370318974095
13.966000000000001,0.0,1.0814712475532138,0.0,-1.5652067743651632,0.0,-2.517565574945877
13.968,0.0,1.078335803200519,0.0,-1.5702354126001206,0.0,-2.5110683729358545
13.97,0.0,1.0751903145828903,0.0,-1.5752510307236713,0.0,-2.504545471083829
13.972,0.0,1.072034807791936,0.0,-1.5802535773815511,0.0,-2.4979969148814716
13.974,0.0,1.0688693090218528,0.0,-1.5852430013108008,0.0,-2.491422750095314
13.976,0.0,1.0656938445692938,0.0,-1.5902192513402327,0.0,-2.4848230227666597
13.978,0.0,1.0625084408331495,0.0,-1.5951822763910386,0.0,-2.4781977792113272
13.98,0.0,1.0593131243143763,0.0,-1.6001320254773117,0.0,-2.471547066019468
13.982000000000001,0.0,1.0561079216158096,0.0,-1.605068447706602,0.0,-2.464870930055376
13.984,0.0,1.0528928594419888,0.0,-1.6099914922804384,0.0,-2.4581694184573037
13.986,0.0,1.0496679645989295,0.0,-1.614901108494943,0.0,-2.4514425786371725
13.988,0.0,1.0464332639939922,0.0,-1.6197972457412868,0.0,-2.4446904582804954
13.99,0.0,1.0431887846356247,0.0,-1.6246798535063345,0.0,-2.4379131053460106
13.992,0.0,1.0399345536332292,0.0,-1.6295488813731087,0.0,-2.431110568065601
13.994,0.0,1.0366705981969455,0.0,-1.634404279021365,0.0,-2.4242828949440223
13.996,0.0,1.033396945637441,0.0,-1.6392459962281687,0.0,-2.4174301347586495
13.998000000000001,0.0,1.030113623365745,0.0,-1.6440739828683861,0.0,-2.4105523365593116
14.0,0.0,1.0268206588930346,0.0,-1.6488881889152671,0.0,-2.403649549668031
14.002,0.0,1.023518079830433,0.0,-1.6536885644409876,0.0,-2.396721823678784
14.004,0.0,1.020205913888839,0.0,-1.6584750596171556,0.0,-2.389769208457329
14.006,0.0,1.0168841888786888,0.0,-1.6632476247154095,0.0,-2.3827917541408827
14.008000000000001,0.0,1.0135529327097812,0.0,-1.6680062101079254,0.0,-2.3757895111379423
14.01,0.0,1.010212173391079,0.0,-1.6727507662679533,0.0,-2.3687625301280497
14.012,0.0,1.0068619390304834,0.0,-1.6774812437703934,0.0,-2.361710862061499
14.014000000000001,0.0,1.0035022578346517,0.0,-1.682197593292305,0.0,-2.354634558159132
14.016,0.0,1.000133158108786,0.0,-1.686899765613458,0.0,-2.347533669912081
14.018,0.0,0.9967546682564126,0.0,-1.691587711616891,0.0,-2.340408249081473
14.02,0.0,0.993366816779207,0.0,-1.6962613822894108,0.0,-2.333258347698259
14.022,0.0,0.9899696322767513,0.0,-1.700920728722175,0.0,-2.326084018062868
14.024000000000001,0.0,0.9865631434463489,0.0,-1.7055657021112023,0.0,-2.318885312745003
14.026,0.0,0.983147379082805,0.0,-1.7101962537579185,0.0,-2.3116622845833557
14.028,0.0,0.9797223680782088,0.0,-1.7148123350697062,0.0,-2.3044149866853205
14.030000000000001,0.0,0.9762881394217402,0.0,-1.719413897560417,0.0,-2.297143472426776
14.032,0.0,0.9728447221994382,0.0,-1.7240008928509276,0.0,-2.28984779545176
14.034,0.0,0.9693921455939846,0.0,-1.7285732726696843,0.0,-2.2825280096722014
14.036,0.0,0.9659304388845208,0.0,-1.733130988853191,0.0,-2.2751841692677015
14.038,0.0,0.9624596314463698,0.0,-1.7376739933466279,0.0,-2.267816328685127
14.040000000000001,0.0,0.9589797527508923,0.0,-1.7422022382042854,0.0,-2.260424542638478
14.042,0.0,0.9554908323652057,0.0,-1.746715675590183,0.0,-2.2530088661084724
14.044,0.0,0.9519928999519978,0.0,-1.7512142577785572,0.0,-2.245569354342324
14.046000000000001,0.0,0.9484859852692991,0.0,-1.7556979371544021,0.0,-2.238106062853436
14.048,0.0,0.9449701181702612,0.0,-1.7601666662140016,0.0,-2.230619047421101
14.05,0.0,0.9414453286029167,0.0,-1.7646203975654826,0.0,-2.2231083640901725
14.052,0.0,0.9379116466099928,0.0,-1.7690590839292983,0.0,-2.2155740691708363
14.054,0.0,0.9343691023286399,0.0,-1.7734826781388158,0.0,-2.2080162192382122
14.056000000000001,0.0,0.9308177259902448,0.0,-1.7778911331407965,0.0,-2.200434871132124
14.058,0.0,0.927257547920179,0.0,-1.7822844019959565,0.0,-2.1928300819567434
14.06,0.0,0.92368859853758,0.0,-1.7866624378794813,0.0,-2.1852019090802903
14.062000000000001,0.0,0.9201109083551161,0.0,-1.7910251940815616,0.0,-2.1775504101347045
14.064,0.0,0.9165245079787718,0.0,-1.7953726240079004,0.0,-2.169875643015365
14.066,0.0,0.9129294281075901,0.0,-1.7997046811802728,0.0,-2.1621776658807046
14.068,0.0,0.9093256995334644,0.0,-1.8040213192370202,0.0,-2.1544565371519404
14.07,0.0,0.9057133531408856,0.0,-1.8083224919336,0.0,-2.146712315512703
14.072000000000001,0.0,0.9020924199067208,0.0,-1.8126081531430929,0.0,-2.138945059908732
14.074,0.0,0.898462930899979,0.0,-1.8168782568567257,0.0,-2.1311548295475458
14.076,0.0,0.8948249172815552,0.0,-1.821132757184417,0.0,-2.1233416838980657
14.078000000000001,0.0,0.8911784103040146,0.0,-1.8253716083552736,0.0,-2.115505682690316
14.08,0.0,0.887523441311344,0.0,-1.8295947647181252,0.0,-2.1076468859150688
14.082,0.0,0.8838600417387059,0.0,-1.8338021807420486,0.0,-2.099765353823476
14.084,0.0,0.880188243112209,0.0,-1.837993811016879,0.0,-2.09186114692675
14.086,0.0,0.8765080770486666,0.0,-1.8421696102537268,0.0,-2.083934325995813
14.088000000000001,0.0,0.8728195752553338,0.0,-1.8463295332855203,0.0,-2.0759849520608955
14.09,0.0,0.8691227695296921,0.0,-1.85047353506749,0.0,-2.0680130864112423
14.092,0.0,0.8654176917591818,0.0,-1.8546015706777141,0.0,-2.060018790594705
14.094,0.0,0.8617043739209651,0.0,-1.8587135953176217,0.0,-2.052002126417394
14.096,0.0,0.8579828480816782,0.0,-1.8628095643125127,0.0,-2.0439631559433136
14.098,0.0,0.8542531463971803,0.0,-1.8668894331120736,0.0,-2.0359019414939827
14.1,0.0,0.8505153011123125,0.0,-1.8709531572908857,0.0,-2.0278185456480866
14.102,0.0,0.8467693445606307,0.0,-1.875000692548956,0.0,-2.0197130312410554
14.104000000000001,0.0,0.8430153091641801,0.0,-1.8790319947122012,0.0,-2.011585461364751
14.106,0.0,0.839253227433217,0.0,-1.8830470197329903,0.0,-2.003435899367022
14.108,0.0,0.835483131965964,0.0,-1.8870457236906468,0.0,-1.9952644088513425
14.11,0.0,0.8317050554483639,0.0,-1.8910280627919482,0.0,-1.9870710536764407
14.112,0.0,0.8279190306538138,0.0,-1.8949939933716495,0.0,-1.9788558979558866
14.114,0.0,0.8241250904429174,0.0,-1.898943471892983,0.0,-1.9706190060577198
14.116,0.0,0.8203232677632227,0.0,-1.902876454948171,0.0,-1.9623604426040377
14.118,0.0,0.8165135956489533,0.0,-1.9067928992589442,0.0,-1.9540802724705792
14.120000000000001,0.0,0.8126961072207814,0.0,-1.9106927616770168,0.0,-1.9457785607863918
14.122,0.0,0.8088708356855252,0.0,-1.9145759991846347,0.0,-1.9374553729333346
14.124,0.0,0.8050378143359098,0.0,-1.9184425688950557,0.0,-1.929110774545719
14.126,0.0,0.8011970765503178,0.0,-1.922292428053045,0.0,-1.9207448315099305
14.128,0.0,0.7973486557924883,0.0,-1.9261255340354126,0.0,-1.9123576099639255
14.13,0.0,0.7934925856112873,0.0,-1.9299418443514837,0.0,-1.9039491762968996
14.132,0.0,0.7896288996404344,0.0,-1.9337413166436075,0.0,-1.8955195971488445
14.134,0.0,0.7857576315982147,0.0,-1.9375239086876797,0.0,-1.887068939410085
14.136000000000001,0.0,0.7818788152872411,0.0,-1.9412895783936128,0.0,-1.8785972702209122
14.138,0.0,0.7779924845941728,0.0,-1.9450382838058506,0.0,-1.8701046569711315
14.14,0.0,0.774098673489433,0.0,-1.9487699831038747,0.0,-1.861591167299601
14.142,0.0,0.7701974160269605,0.0,-1.9524846346026863,0.0,-1.8530568690938494
14.144,0.0,0.7662887463439227,0.0,-1.9561821967533135,0.0,-1.8445018304896008
14.146,0.0,0.7623726986604562,0.0,-1.959862628143297,0.0,-1.835926119870367
14.148,0.0,0.7584493072793781,0.0,-1.9635258874971988,0.0,-1.8273298058669696
14.15,0.0,0.7545186065859213,0.0,-1.9671719336770874,0.0,-1.818712957357117
14.152000000000001,0.0,0.7505806310474524,0.0,-1.9708007256830364,0.0,-1.81007564346494
14.154,0.0,0.7466354152132154,0.0,-1.9744122226536003,0.0,-1.8014179335605855
14.156,0.0,0.7426829937140128,0.0,-1.9780063838663424,0.0,-1.7927398972596729
14.158,0.0,0.7387234012619803,0.0,-1.9815831687382768,0.0,-1.784041604422949
14.16,0.0,0.7347566726502545,0.0,-1.9851425368264064,0.0,-1.7753231251557156
14.162,0.0,0.7307828427527334,0.0,-1.9886844478281749,0.0,-1.7665845298074545
14.164,0.0,0.7268019465237774,0.0,-1.9922088615819717,0.0,-1.757825888971324
14.166,0.0,0.7228140189979239,0.0,-1.9957157380676176,0.0,-1.7490472734836817
14.168000000000001,0.0,0.7188190952896039,0.0,-1.9992050374068555,0.0,-1.740248754423614
14.17,0.0,0.7148172105928865,0.0,-2.002676719863808,0.0,-1.7314304031125238
14.172,0.0,0.710808400181139,0.0,-2.0061307458455055,0.0,-1.722592291113533
14.174,0.0,0.70679269940679,0.0,-2.0095670759023347,0.0,-1.7137344902311094
14.176,0.0,0.7027701437010192,0.0,-2.012985670728533,0.0,-1.7048570725105365
14.178,0.0,0.6987407685734758,0.0,-2.0163864911626685,0.0,-1.695960110237437
14.18,0.0,0.6947046096119798,0.0,-2.0197694981881242,0.0,-1.687043675937265
14.182,0.0,0.6906617024822463,0.0,-2.0231346529335705,0.0,-1.6781078423748463
14.184000000000001,0.0,0.6866120829275834,0.0,-2.0264819166734482,0.0,-1.6691526825538556
14.186,0.0,0.6825557867686127,0.0,-2.0298112508284367,0.0,-1.660178269716351
14.188,0.0,0.6784928499029541,0.0,-2.033122616965948,0.0,-1.6511846773422194
14.19,0.0,0.6744233083049523,0.0,-2.036415976800588,0.0,-1.642171979148723
14.192,0.0,0.6703471980253806,0.0,-2.039691292194629,0.0,-1.6331402490899858
14.194,0.0,0.6662645551911269,0.0,-2.0429485251584962,0.0,-1.624089561356445
14.196,0.0,0.6621754160049343,0.0,-2.0461876378512143,0.0,-1.6150199903744222
14.198,0.0,0.6580798167450379,0.0,-2.0494085925809276,0.0,-1.6059316108054622
14.200000000000001,0.0,0.6539777937649454,0.0,-2.052611351805308,0.0,-1.5968244975459924
14.202,0.0,0.6498693834930869,0.0,-2.055795878132065,0.0,-1.5876987257266875
14.204,0.0,0.6457546224325154,0.0,-2.0589621343194113,0.0,-1.5785543707119487
14.206,0.0,0.641633547160635,0.0,-2.0621100832765076,0.0,-1.569391508099444
14.208,0.0,0.6375061943288591,0.0,-2.0652396880639587,0.0,-1.5602102137194884
14.21,0.0,0.6333726006623495,0.0,-2.068350911894247,0.0,-1.5510105636346103
14.212,0.0,0.6292328029596809,0.0,-2.0714437181322176,0.0,-1.5417926341389419
14.214,0.0,0.6250868380925386,0.0,-2.074518070295542,0.0,-1.5325565017576916
14.216000000000001,0.0,0.6209347430054386,0.0,-2.077573932055157,0.0,-1.5233022432466585
14.218,0.0,0.6167765547153774,0.0,-2.080611267235758,0.0,-1.514029935591592
14.22,0.0,0.6126123103115622,0.0,-2.0836300398162346,0.0,-1.504739656007734
14.222,0.0,0.6084420469550951,0.0,-2.0866302139301265,0.0,-1.4954314819392511
14.224,0.0,0.6042658018786344,0.0,-2.089611753866109,0.0,-1.4861054910586176
14.226,0.0,0.6000836123861226,0.0,-2.0925746240684155,0.0,-1.4767617612661463
14.228,0.0,0.5958955158524528,0.0,-2.095518789137313,0.0,-1.4674003706893841
14.23,0.0,0.5917015497231586,0.0,-2.09844421382955,0.0,-1.4580213976825527
14.232000000000001,0.0,0.5875017515141109,0.0,-2.1013508630588063,0.0,-1.4486249208260116
14.234,0.0,0.5832961588111908,0.0,-2.104238701896151,0.0,-1.4392110189256586
14.236,0.0,0.5790848092699721,0.0,-2.107107695570495,0.0,-1.42977977101236
14.238,0.0,0.5748677406154301,0.0,-2.1099578094690234,0.0,-1.42033125634143
14.24,0.0,0.5706449906415869,0.0,-2.11278900913767,0.0,-1.4108655543919741
14.242,0.0,0.5664165972112264,0.0,-2.11560126028154,0.0,-1.4013827448663827
14.244,0.0,0.5621825982555722,0.0,-2.118394528765362,0.0,-1.391882907689746
14.246,0.0,0.5579430317739316,0.0,-2.121168780613954,0.0,-1.3823661230091855
14.248000000000001,0.0,0.5536979358334141,0.0,-2.123923982012641,0.0,-1.372832471193358
14.25,0.0,0.5494473485686172,0.0,-2.126660099307694,0.0,-1.3632820328318818
14.252,0.0,0.5451913081812527,0.0,-2.129377099006805,0.0,-1.3537148887346286
14.254,0.0,0.5409298529398776,0.0,-2.1320749477794902,0.0,-1.344131119931252
14.256,0.0,0.5366630211795347,0.0,-2.134753612457554,0.0,-1.3345308076705105
14.258000000000001,0.0,0.5323908513014511,0.0,-2.1374130600355077,0.0,-1.3249140334197163
14.26,0.0,0.5281133817726915,0.0,-2.140053257671024,0.0,-1.3152808788640908
14.262,0.0,0.5238306511258519,0.0,-2.1426741726853575,0.0,-1.3056314259062014
14.264000000000001,0.0,0.5195426979587118,0.0,-2.1452757725637883,0.0,-1.2959657566653056
14.266,0.0,0.5152495609339256,0.0,-2.147858024956048,0.0,-1.2862839534767887
14.268,0.0,0.5109512787786759,0.0,-2.1504208976767574,0.0,-1.2765860988915065
14.27,0.0,0.5066478902843538,0.0,-2.152964358705854,0.0,-1.2668722756751938
14.272,0.0,0.5023394343062166,0.0,-2.1554883761890213,0.0,-1.257142566807816
14.274000000000001,0.0,0.49802594976308495,0.0,-2.157992918438111,0.0,-1.247397055483017
14.276,0.0,0.49370747563697615,0.0,-2.1604779539315793,0.0,-1.237635825107413
14.278,0.0,0.4893840509727737,0.0,-2.162943451314913,0.0,-1.2278589592999734
14.280000000000001,0.0,0.4850557148779131,0.0,-2.1653893794010433,0.0,-1.218066541891433
14.282,0.0,0.4807225065220459,0.0,-2.16781570717077,0.0,-1.2082586569236593
14.284,0.0,0.4763844651366814,0.0,-2.170222403773194,0.0,-1.1984353886489658
14.286,0.0,0.472041630014862,0.0,-2.1726094385261288,0.0,-1.1885968215294995
14.288,0.0,0.467694040510823,0.0,-2.1749767809165244,0.0,-1.1787430402365915
14.290000000000001,0.0,0.46334173603966367,0.0,-2.177324400600878,0.0,-1.1688741296501386
14.292,0.0,0.4589847560770133,0.0,-2.179652267405648,0.0,-1.158990174857966
14.294,0.0,0.45462314015863714,0.0,-2.1819603513276964,0.0,-1.1490912611550532
14.296000000000001,0.0,0.4502569278801768,0.0,-2.184248622534661,0.0,-1.1391774740430682
14.298,0.0,0.4458861588967522,0.0,-2.1865170513653966,0.0,-1.1292488992295857
14.3,0.0,0.441510872922634,0.0,-2.1887656083303804,0.0,-1.119305622627459
14.302,0.0,0.43713110973088964,0.0,-2.1909942641121214,0.0,-1.1093477303541377
14.304,0.0,0.43274690915307207,0.0,-2.1932029895655605,0.0,-1.0993753087310807
14.306000000000001,0.0,0.42835831107883404,0.0,-2.1953917557184903,0.0,-1.0893884442829935
14.308,0.0,0.4239653554556018,0.0,-2.197560533771956,0.0,-1.0793872237372069
14.31,0.0,0.41956808228823367,0.0,-2.1997092951006554,0.0,-1.0693717340230147
14.312000000000001,0.0,0.41516653163864914,0.0,-2.2018380112533533,0.0,-1.0593420622709477
14.314,0.0,0.41076074362552417,0.0,-2.203946653953264,0.0,-1.0492982958121961
14.316,0.0,0.4063507584238826,0.0,-2.206035195098478,0.0,-1.0392405221777918
14.318,0.0,0.4019366162647896,0.0,-2.2081036067623403,0.0,-1.0291688290980263
14.32,0.0,0.39751835743499087,0.0,-2.2101518611938555,0.0,-1.0190833045017416
14.322000000000001,0.0,0.3930960222765502,0.0,-2.212179930818085,0.0,-1.0089840365156175
14.324,0.0,0.3886696511865282,0.0,-2.2141877882365355,0.0,-0.9988711134635528
14.326,0.0,0.38423928461656687,0.0,-2.216175406227569,0.0,-0.9887446238658262
14.328000000000001,0.0,0.3798049630726002,0.0,-2.2181427577467763,0.0,-0.9786046564385507
14.33,0.0,0.3753667271144734,0.0,-2.2200898159273743,0.0,-0.9684513000929127
14.332,0.0,0.3709246173555771,0.0,-2.2220165540806023,0.0,-0.95828464393445
14.334,0.0,0.3664786744625138,0.0,-2.2239229456960987,0.0,-0.9481047772623953
14.336,0.0,0.3620289391547126,0.0,-2.2258089644422987,0.0,-0.9379117895689073
14.338000000000001,0.0,0.3575754522040919,0.0,-2.2276745841668135,0.0,-0.9277057705384075
14.34,0.0,0.35311825443471595,0.0,-2.229519778896806,0.0,-0.9174868100469025
14.342,0.0,0.34865738672237073,0.0,-2.231344522839399,0.0,-0.9072549981611193
14.344,0.0,0.3441928899942918,0.0,-2.233148790382023,0.0,-0.8970104251379922
14.346,0.0,0.3397248052287361,0.0,-2.2349325560928186,0.0,-0.8867531814237849
14.348,0.0,0.33525317345464556,0.0,-2.23669579472101,0.0,-0.876483357653428
14.35,0.0,0.3307780357512927,0.0,-2.2384384811972726,0.0,-0.8662010446498098
14.352,0.0,0.32629943324788896,0.0,-2.240160590634122,0.0,-0.8559063334229835
14.354000000000001,0.0,0.32181740712325396,0.0,-2.241862098326277,0.0,-0.8455993151695134
14.356,0.0,0.3173319986054329,0.0,-2.243542979751033,0.0,-0.8352800812716973
14.358,0.0,0.312843248971323,0.0,-2.245203210568642,0.0,-0.8249487232968151
14.36,0.0,0.30835119954634116,0.0,-2.246842766622665,0.0,-0.8146053329964658
14.362,0.0,0.30385589170399463,0.0,-2.2484616239403636,0.0,-0.8042500023056812
14.364,0.0,0.29935736686559616,0.0,-2.250059758733037,0.0,-0.7938828233423755
14.366,0.0,0.29485566649982314,0.0,-2.2516371473964125,0.0,-0.7835038884064289
14.368,0.0,0.2903508321223818,0.0,-2.253193766510997,0.0,-0.7731132899790172
14.370000000000001,0.0,0.2858429052956324,0.0,-2.2547295928424402,0.0,-0.762711120721846
14.372,0.0,0.2813319276282393,0.0,-2.256244603341888,0.0,-0.7522974734764464
14.374,0.0,0.2768179407747342,0.0,-2.257738775146363,0.0,-0.7418724412632647
14.376,0.0,0.27230098643524125,0.0,-2.2592120855790903,0.0,-0.7314361172811276
14.378,0.0,0.267781106354999,0.0,-2.2606645121498876,0.0,-0.7209885949062372
14.38,0.0,0.26325834232408407,0.0,-2.2620960325554864,0.0,-0.7105299676916302
14.382,0.0,0.25873273617696885,0.0,-2.2635066246799096,0.0,-0.7000603293662524
14.384,0.0,0.25420432979217267,0.0,-2.2648962665948105,0.0,-0.689579773834249
14.386000000000001,0.0,0.2496731650918943,0.0,-2.266264936559824,0.0,-0.679088395174211
14.388,0.0,0.2451392840416064,0.0,-2.2676126130229193,0.0,-0.6685862876383323
14.39,0.0,0.24060272864971807,0.0,-2.268939274620739,0.0,-0.6580735456517234
14.392,0.0,0.2360635409671553,0.0,-2.270244900178953,0.0,-0.6475502638115331
14.394,0.0,0.23152176308701905,0.0,-2.271529468712592,0.0,-0.6370165368862517
14.396,0.0,0.22697743714418805,0.0,-2.272792959426398,0.0,-0.626472459814883
14.398,0.0,0.2224306053149389,0.0,-2.2740353517151557,0.0,-0.6159181277061544
14.4,0.0,0.21788130981656034,0.0,-2.2752566251640447,0.0,-0.605353635837717
14.402000000000001,0.0,0.21332959290699066,0.0,-2.276456759548961,0.0,-0.5947790796553927
14.404,0.0,0.20877549688443334,0.0,-2.277635734836862,0.0,-0.5841945547723757
14.406,0.0,0.20421906408694268,0.0,-2.2787935311860994,0.0,-0.5736001569683565
14.408,0.0,0.1996603368920859,0.0,-2.2799301289467477,0.0,-0.5629959821888303
14.41,0.0,0.1950993577165248,0.0,-2.2810455086609407,0.0,-0.5523821265442107
14.412,0.0,0.1905361690156525,0.0,-2.2821396510631944,0.0,-0.5417586863090758
14.414,0.0,0.18597081328320306,0.0,-2.283212537080738,0.0,-0.5311257579213452
14.416,0.0,0.18140333305084466,0.0,-2.2842641478338415,0.0,-0.5204834379814232
14.418000000000001,0.0,0.1768337708878353,0.0,-2.2852944646361344,0.0,-0.509831823251482
14.42,0.0,0.17226216940059905,0.0,-2.286303468994933,0.0,-0.4991710106545611
14.422,0.0,0.16768857123235387,0.0,-2.287291142611559,0.0,-0.48850109727378666
14.424,0.0,0.16311301906272352,0.0,-2.288257467381663,0.0,-0.4778221803515502
14.426,0.0,0.15853555560733532,0.0,-2.289202425395535,0.0,-0.4671343572886554
14.428,0.0,0.1539562236174569,0.0,-2.2901259989384264,0.0,-0.4564377256435546
14.43,0.0,0.14937506587958227,0.0,-2.291028170490861,0.0,-0.4457323831314653
14.432,0.0,0.14479212521504095,0.0,-2.2919089227289513,0.0,-0.43501842762354037
14.434000000000001,0.0,0.14020744447962757,0.0,-2.292768238524706,0.0,-0.4242959571460845
14.436,0.0,0.13562106656319925,0.0,-2.293606100946339,0.0,-0.41356506987969466
14.438,0.0,0.1310330343892564,0.0,-2.2944224932585846,0.0,-0.40282586415836075
14.44,0.0,0.12644339091459966,0.0,-2.2952173989229907,0.0,-0.39207843846874313
14.442,0.0,0.1218521791288936,0.0,-2.2959908015982364,0.0,-0.38132289144923204
14.444,0.0,0.1172594420542987,0.0,-2.296742685140424,0.0,-0.3705593218891641
14.446,0.0,0.11266522274505754,0.0,-2.2974730336033886,0.0,-0.359787828727932
14.448,0.0,0.1080695642871071,0.0,-2.298181831238991,0.0,-0.3490085110541541
14.450000000000001,0.0,0.10347250979768766,0.0,-2.2988690624974186,0.0,-0.3382214681048345
14.452,0.0,0.09887410242494052,0.0,-2.2995347120274796,0.0,-0.3274267992644968
14.454,0.0,0.09427438534750521,0.0,-2.3001787646769,0.0,-0.3166246040643149
14.456,0.0,0.08967340177412933,0.0,-2.3008012054926112,0.0,-0.3058149821812728
14.458,0.0,0.08507119494326446,0.0,-2.3014020197210474,0.0,-0.2949980334372907
14.46,0.0,0.08046780812267491,0.0,-2.301981192808428,0.0,-0.2841738577983802
14.462,0.0,0.07586328460902989,0.0,-2.302538710401048,0.0,-0.2733425553737595
14.464,0.0,0.07125766772750564,0.0,-2.3030745583455636,0.0,-0.26250422641499127
14.466000000000001,0.0,0.06665100083138722,0.0,-2.303588722689277,0.0,-0.2516589713151185
14.468,0.0,0.06204332730165886,0.0,-2.304081189680416,0.0,-0.24080689060777238
14.47,0.0,0.057434690546604494,0.0,-2.3045519457684156,0.0,-0.22994808496630315
14.472,0.0,0.05282513400142108,0.0,-2.305000977604197,0.0,-0.2190826552029405
14.474,0.0,0.048214701127794024,0.0,-2.305428272040443,0.0,-0.20821070226786315
14.476,0.0,0.043603435413490696,0.0,-2.3058338161318757,0.0,-0.19733232724831024
14.478,0.0,0.03899138037199611,0.0,-2.3062175971355257,0.0,-0.18644763136779113
14.48,0.0,0.03437857954204399,0.0,-2.306579602511009,0.0,-0.1755567159850478
14.482000000000001,0.0,0.02976507648726205,0.0,-2.306919819920791,0.0,-0.16465968259328487
14.484,0.0,0.02515091479576597,0.0,-2.307238237230458,0.0,-0.1537566328192786
14.486,0.0,0.020536138079702268,0.0,-2.307534842508983,0.0,-0.14284766842236324
14.488,0.0,0.01592078997490523,0.0,-2.3078096240289896,0.0,-0.13193289129368646
14.49,0.0,0.011304914140449363,0.0,-2.3080625702670146,0.0,-0.12101240345521663
14.492,0.0,0.006688554258238645,0.0,-2.3082936699037693,0.0,-0.11008630705883589
14.494,0.0,0.0020717540326458846,0.0,-2.308502911824396,0.0,-0.09915470438555112
14.496,0.0,-0.0025454428099656824,0.0,-2.30869028511873,0.0,-0.08821769784442496
14.498000000000001,0.0,-0.007162992521606735,0.0,-2.3088557790815503,0.0,-0.07727538997177587
14.5,0.0,-0.01178085133306668,0.0,-2.308999383212835,0.0,-0.06632788343028137
14.502,0.0,-0.01639897545436694,0.0,-2.309121087218015,0.0,-0.05537528100796553
14.504,0.0,-0.02101732107512147,0.0,-2.3092208810082187,0.0,-0.0444176856174049
14.506,0.0,-0.025635844364993714,0.0,-2.3092987547005266,0.0,-0.033455200294705396
14.508000000000001,0.0,-0.03025450147407143,0.0,-2.3093546986182125,0.0,-0.022487928198672263
14.51,0.0,-0.034873248533298006,0.0,-2.30938870329099,0.0,-0.011515972609845618
14.512,0.0,-0.039492041654890876,0.0,-2.309400759455255,0.0,-0.000539436929565193
14.514000000000001,0.0,-0.04411083693274183,0.0,-2.3093908580543254,0.0,0.010441575320922991
14.516,0.0,-0.04872959044282575,0.0,-2.309358990238682,0.0,0.021426960501380626
14.518,0.0,-0.05334825824365249,0.0,-2.309305147366203,0.0,0.03241661485359501
14.52,0.0,-0.05796679637662329,0.0,-2.309229321002401,0.0,0.043410434502170914
14.522,0.0,-0.06258516086651551,0.0,-2.3091315029206547,0.0,0.0544083154556288
14.524000000000001,0.0,-0.06720330772181875,0.0,-2.3090116851024436,0.0,0.06541015360715008
14.526,0.0,-0.07182119293522046,0.0,-2.3088698597375727,0.0,0.07641584473567972
14.528,0.0,-0.07643877248399888,0.0,-2.308706019224403,0.0,0.0874252845068088
14.530000000000001,0.0,-0.08105600233042179,0.0,-2.308520156170079,0.0,0.09843836847367239
14.532,0.0,-0.0856728384221855,0.0,-2.3083122633907482,0.0,0.10945499207794375
14.534,0.0,-0.09028923669284376,0.0,-2.308082333911786,0.0,0.12047505065080658
14.536,0.0,-0.09490515306218661,0.0,-2.3078303609680155,0.0,0.13149843941380734
14.538,0.0,-0.09952054343669656,0.0,-2.3075563380039266,0.0,0.1425250534798948
14.540000000000001,0.0,-0.10413536370995505,0.0,-2.3072602586738884,0.0,0.15355478785434068
14.542,0.0,-0.1087495697630543,0.0,-2.3069421168423685,0.0,0.1645875374356749
14.544,0.0,-0.11336311746503369,0.0,-2.3066019065841434,0.0,0.17562319701668044
14.546000000000001,0.0,-0.11797596267329,0.0,-2.3062396221845076,0.0,0.1866616612853263
14.548,0.0,-0.12258806123400397,0.0,-2.305855258139485,0.0,0.1977028248257411
14.55,0.0,-0.12719936898255127,0.0,-2.305448809156034,0.0,0.20874658211915004
14.552,0.0,-0.13180984174394328,0.0,-2.3050202701522515,0.0,0.2197928275448843
14.554,0.0,-0.1364194353332282,0.0,-2.3045696362575785,0.0,0.23084145538129683
14.556000000000001,0.0,-0.14102810555594059,0.0,-2.304096902812997,0.0,0.24189235980679513
14.558,0.0,-0.1456358082084768,0.0,-2.303602065371237,0.0,0.2529454349006969
14.56,0.0,-0.15024249907859305,0.0,-2.30308511969696,0.0,0.2640005746443812
14.562000000000001,0.0,-0.15484813394576308,0.0,-2.3025460617669666,0.0,0.27505767292210415
14.564,0.0,-0.15945266858161328,0.0,-2.301984887770388,0.0,0.2861166235220018
14.566,0.0,-0.1640560587503952,0.0,-2.301401594108867,0.0,0.2971773201371821
14.568,0.0,-0.168658260209342,0.0,-2.300796177396761,0.0,0.3082396563665416
14.57,0.0,-0.1732592287091575,0.0,-2.3001686344613193,0.0,0.3193035257158997
14.572000000000001,0.0,-0.17785891999439712,0.0,-2.299518962342873,0.0,0.33036882159887593
14.574,0.0,-0.182457289803905,0.0,-2.298847158295018,0.0,0.3414354373379011
14.576,0.0,-0.18705429387126435,0.0,-2.2981532197847936,0.0,0.3525032661652649
14.578000000000001,0.0,-0.1916498879251849,0.0,-2.2974371444928674,0.0,0.3635722012240087
14.58,0.0,-0.19624402768997262,0.0,-2.296698930313705,0.0,0.37464213556902093
14.582,0.0,-0.20083666888591795,0.0,-2.2959385753557533,0.0,0.3857129621679365
14.584,0.0,-0.20542776722975276,0.0,-2.295156077941608,0.0,0.39678457390220134
14.586,0.0,-0.21001727843506585,0.0,-2.294351436608188,0.0,0.4078568635680408
14.588000000000001,0.0,-0.214605158212737,0.0,-2.293524650106904,0.0,0.41892972387747024
14.59,0.0,-0.21919136227135022,0.0,-2.292675717403829,0.0,0.4300030474592611
14.592,0.0,-0.22377584631766273,0.0,-2.2918046376798538,0.0,0.4410767268600376
14.594,0.0,-0.22835856605698235,0.0,-2.2909114103308643,0.0,0.4521506545451574
14.596,0.0,-0.23293947719363944,0.0,-2.289996034967891,0.0,0.4632247228998192
14.598,0.0,-0.23751853543139378,0.0,-2.2890585114172786,0.0,0.4742988242300161
14.6,0.0,-0.2420956964738708,0.0,-2.2880988397208344,0.0,0.4853728507635589
14.602,0.0,-0.2466709160250134,0.0,-2.287117020135986,0.0,0.49644669465113983
14.604000000000001,0.0,-0.2512441497894742,0.0,-2.286113053135941,0.0,0.5075202479672527
14.606,0.0,-0.25581535347307055,0.0,-2.28508693940983,0.0,0.5185934027112663
14.608,0.0,-0.26038448278322224,0.0,-2.2840386798628605,0.0,0.5296660508084556
14.61,0.0,-0.2649514934293808,0.0,-2.2829682756164584,0.0,0.5407380841110159
14.612,0.0,-0.26951634112344114,0.0,-2.281875728008424,0.0,0.5518093943990342
14.614,0.0,-0.2740789815802087,0.0,-2.2807610385930635,0.0,0.5628798733815955
14.616,0.0,-0.2786393705177855,0.0,-2.2796242091413403,0.0,0.5739494126976941
14.618,0.0,-0.2831974636580659,0.0,-2.2784652416410034,0.0,0.5850179039174129
14.620000000000001,0.0,-0.28775321672711873,0.0,-2.2772841382967317,0.0,0.5960852385428269
14.622,0.0,-0.29230658545563376,0.0,-2.27608090153027,0.0,0.6071513080090644
14.624,0.0,-0.2968575255793745,0.0,-2.274855533980555,0.0,0.6182160036853851
14.626,0.0,-0.30140599283959724,0.0,-2.2736080385038515,0.0,0.6292792168761762
14.628,0.0,-0.30595194298348544,0.0,-2.2723384181738786,0.0,0.640340838821988
14.63,0.0,-0.31049533176458227,0.0,-2.2710466762819395,0.0,0.6514007607005662
14.632,0.0,-0.31503611494323913,0.0,-2.2697328163370423,0.0,0.6624588736279223
14.634,0.0,-0.31957424828704073,0.0,-2.2683968420660237,0.0,0.6735150686593502
14.636000000000001,0.0,-0.3241096875712458,0.0,-2.2670387574136703,0.0,0.6845692367904818
14.638,0.0,-0.328642388579213,0.0,-2.265658566542836,0.0,0.6956212689583047
14.64,0.0,-0.3331723071028526,0.0,-2.2642562738345586,0.0,0.7066710560422491
14.642,0.0,-0.33769939894305273,0.0,-2.262831883888173,0.0,0.7177184888652078
14.644,0.0,-0.342223619910121,0.0,-2.261385401521425,0.0,0.728763458194601
14.646,0.0,-0.346744925824214,0.0,-2.25991683177058,0.0,0.7398058547434054
14.648,0.0,-0.35126327251577677,0.0,-2.258426179890532,0.0,0.750845569171217
14.65,0.0,-0.35577861582599846,0.0,-2.256913451354904,0.0,0.7618824920853465
14.652000000000001,0.0,-0.3602909116072212,0.0,-2.2553786518561596,0.0,0.7729165140418078
14.654,0.0,-0.36480011572338344,0.0,-2.253821787305703,0.0,0.7839475255463878
14.656,0.0,-0.3693061840504886,0.0,-2.252242863833971,0.0,0.7949754170557823
14.658,0.0,-0.37380907247699674,0.0,-2.2506418877905383,0.0,0.8060000789785409
14.66,0.0,-0.3783087369043098,0.0,-2.249018865744206,0.0,0.8170214016762459
14.662,0.0,-0.3828051332471629,0.0,-2.2473738044831038,0.0,0.8280392754644609
14.664,0.0,-0.38729821743409776,0.0,-2.2457067110147735,0.0,0.8390535906138791
14.666,0.0,-0.39178794540789547,0.0,-2.244017592566256,0.0,0.8500642373513774
14.668000000000001,0.0,-0.39627427312600566,0.0,-2.242306456584184,0.0,0.8610711058610605
14.67,0.0,-0.40075715656098054,0.0,-2.240573310734869,0.0,0.8720740862853186
14.672,0.0,-0.4052365517009532,0.0,-2.238818162904364,0.0,0.883073068725991
14.674,0.0,-0.40971241455000984,0.0,-2.237041021198578,0.0,0.8940679432452804
14.676,0.0,-0.4141847011287071,0.0,-2.2352418939433147,0.0,0.9050585998670116
14.678,0.0,-0.4186533674744448,0.0,-2.2334207896843825,0.0,0.9160449285775484
14.68,0.0,-0.42311836964194743,0.0,-2.231577717187645,0.0,0.9270268193269676
14.682,0.0,-0.4275796637036887,0.0,-2.2297126854391047,0.0,0.9380041620301048
14.684000000000001,0.0,-0.43203720575033444,0.0,-2.2278257036449682,0.0,0.9489768465676376
14.686,0.0,-0.4364909518911832,0.0,-2.2259167812317124,0.0,0.9599447627871703
14.688,0.0,-0.44094085825460955,0.0,-2.2239859278461527,0.0,0.970907800504323
14.69,0.0,-0.445386880988494,0.0,-2.2220331533555053,0.0,0.9818658495037905
14.692,0.0,-0.4498289762606825,0.0,-2.220058467847445,0.0,0.9928187995404741
14.694,0.0,-0.45426710025940675,0.0,-2.2180618816301676,0.0,1.0037665403405178
14.696,0.0,-0.45870120919374013,0.0,-2.216043405232443,0.0,1.0147089616024367
14.698,0.0,-0.46313125929404453,0.0,-2.2140030494036678,0.0,1.0256459529982187
14.700000000000001,0.0,-0.46755720681238616,0.0,-2.2119408251139245,0.0,1.0365774041743543
14.702,0.0,-0.4719790080229818,0.0,-2.209856743554035,0.0,1.0475032047529445
14.704,0.0,-0.4763966192226913,0.0,-2.2077508161355786,0.0,1.0584232443329158
14.706,0.0,-0.48080999673136793,0.0,-2.2056230544909847,0.0,1.0693374124908979
14.708,0.0,-0.48521909689240106,0.0,-2.2034734704735257,0.0,1.0802455987825639
14.71,0.0,-0.48962387607305713,0.0,-2.201302076157408,0.0,1.0911476927434864
14.712,0.0,-0.4940242906650172,0.0,-2.1991088838377633,0.0,1.1020435838904683
14.714,0.0,-0.49842029708474866,0.0,-2.1968939060307204,0.0,1.1129331617224747
14.716000000000001,0.0,-0.5028118517739718,0.0,-2.1946571554734264,0.0,1.1238163157217946
14.718,0.0,-0.5071989112001076,0.0,-2.192398645124078,0.0,1.1346929353551594
14.72,0.0,-0.5115814318567194,0.0,-2.1901183881619493,0.0,1.1455629100748468
14.722,0.0,-0.5159593702639401,0.0,-2.187816397987429,0.0,1.1564261293197506
14.724,0.0,-0.5203326829689346,0.0,-2.1854926882220367,0.0,1.1672824825165402
14.726,0.0,-0.524701326546327,0.0,-2.1831472727084504,0.0,1.1781318590807286
14.728,0.0,-0.5290652575986429,0.0,-2.1807801655105306,0.0,1.1889741484177854
14.73,0.0,-0.5334244327567618,0.0,-2.178391380913334,0.0,1.199809239924273
14.732000000000001,0.0,-0.5377788086803644,0.0,-2.1759809334231264,0.0,1.2106370229889707
14.734,0.0,-0.5421283420583406,0.0,-2.173548837767417,0.0,1.2214573869939047
14.736,0.0,-0.5464729896092811,0.0,-2.1710951088949417,0.0,1.2322702213155836
14.738,0.0,-0.5508127080818855,0.0,-2.1686197619756946,0.0,1.2430754153260286
14.74,0.0,-0.5551474542554096,0.0,-2.166122812400932,0.0,1.2538728583939078
14.742,0.0,-0.5594771849401231,0.0,-2.1636042757831695,0.0,1.2646624398856872
14.744,0.0,-0.5638018569777319,0.0,-2.161064167956196,0.0,1.275444049166703
14.746,0.0,-0.5681214272418407,0.0,-2.1585025049750657,0.0,1.2862175756023322
14.748000000000001,0.0,-0.5724358526383755,0.0,-2.155919303116106,0.0,1.2969829085590658
14.75,0.0,-0.5767450901060417,0.0,-2.1533145788769064,0.0,1.3077399374056693
14.752,0.0,-0.5810490966167705,0.0,-2.150688348976309,0.0,1.3184885515143168
14.754,0.0,-0.5853478291761323,0.0,-2.14804063035442,0.0,1.329228640261647
14.756,0.0,-0.5896412448238093,0.0,-2.1453714401725823,0.0,1.3399600930299622
14.758000000000001,0.0,-0.593929300634032,0.0,-2.1426807958133613,0.0,1.3506827992083408
14.76,0.0,-0.5982119537160078,0.0,-2.1399687148805446,0.0,1.3613966481937327
14.762,0.0,-0.6024891612143823,0.0,-2.137235215199112,0.0,1.372101529392139
14.764000000000001,0.0,-0.6067608803096678,0.0,-2.134480314815221,0.0,1.382797332219702
14.766,0.0,-0.6110270682186849,0.0,-2.1317040319961933,0.0,1.3934839461038426
14.768,0.0,-0.6152876821950148,0.0,-2.1289063852304766,0.0,1.404161260484413
14.77,0.0,-0.6195426795294419,0.0,-2.1260873932276243,0.0,1.4148291648148332
14.772,0.0,-0.6237920175503806,0.0,-2.1232470749182744,0.0,1.4254875485631908
14.774000000000001,0.0,-0.6280356536243427,0.0,-2.120385449454102,0.0,1.4361363012134334
14.776,0.0,-0.6322735451563397,0.0,-2.1175025362078173,0.0,1.4467753122664144
14.778,0.0,-0.6365056495903739,0.0,-2.114598354773091,0.0,1.4574044712411478
14.780000000000001,0.0,-0.6407319244098465,0.0,-2.111672924964545,0.0,1.4680236676758656
14.782,0.0,-0.6449523271380033,0.0,-2.108726266817708,0.0,1.478632791129167
14.784,0.0,-0.6491668153383927,0.0,-2.105758400588962,0.0,1.4892317311811973
14.786,0.0,-0.6533753466152811,0.0,-2.102769346755518,0.0,1.4998203774347303
14.788,0.0,-0.6575778786141397,0.0,-2.099759126015337,0.0,1.5103986195164174
14.790000000000001,0.0,-0.6617743690220131,0.0,-2.096727759287133,0.0,1.5209663470777528
14.792,0.0,-0.6659647755680469,0.0,-2.093675267710258,0.0,1.5315234497964323
14.794,0.0,-0.6701490560238573,0.0,-2.0906016726447056,0.0,1.5420698173773222
14.796000000000001,0.0,-0.6743271682040157,0.0,-2.0875069956710193,0.0,1.5526053395537105
14.798,0.0,-0.6784990699664653,0.0,-2.084391258590253,0.0,1.563129906088394
14.8,0.0,-0.6826647192129813,0.0,-2.081254483423898,0.0,1.573643406774878
14.802,0.0,-0.6868240738895884,0.0,-2.0780966924138395,0.0,1.584145731438462
14.804,0.0,-0.6909770919870436,0.0,-2.0749179080222553,0.0,1.5946367699374981
14.806000000000001,0.0,-0.6951237315412153,0.0,-2.0717181529315982,0.0,1.6051164121643873
14.808,0.0,-0.699263950633562,0.0,-2.0684974500444993,0.0,1.615584548046826
14.81,0.0,-0.7033977073916002,0.0,-2.0652558224836697,0.0,1.6260410675490276
14.812000000000001,0.0,-0.7075249599892746,0.0,-2.061993293591887,0.0,1.6364858606727015
14.814,0.0,-0.711645666647454,0.0,-2.058709886931869,0.0,1.6469188174583447
14.816,0.0,-0.7157597856343433,0.0,-2.0554056262862237,0.0,1.6573398279863298
14.818,0.0,-0.7198672752659369,0.0,-2.0520805356573506,0.0,1.6677487823780919
14.82,0.0,-0.7239680939064584,0.0,-2.048734639267362,0.0,1.6781455707972872
14.822000000000001,0.0,-0.728062199968791,0.0,-2.045367961558004,0.0,1.6885300834509256
14.824,0.0,-0.7321495519149158,0.0,-2.0419805271905664,0.0,1.6989022105905287
14.826,0.0,-0.736230108256361,0.0,-2.03857236104579,0.0,1.7092618425133117
14.828000000000001,0.0,-0.7403038275546399,0.0,-2.0351434882237656,0.0,1.7196088695633382
14.83,0.0,-0.7443706684216763,0.0,-2.0316939340438602,0.0,1.7299431821326532
14.832,0.0,-0.7484305895202659,0.0,-2.028223724044594,0.0,1.7402646706624947
14.834,0.0,-0.7524835495644768,0.0,-2.024732883983576,0.0,1.7505732256443651
14.836,0.0,-0.756529507320135,0.0,-2.021221439837358,0.0,1.7608687376213066
14.838000000000001,0.0,-0.7605684216052337,0.0,-2.0176894178013596,0.0,1.771151097188995
14.84,0.0,-0.7646002512903527,0.0,-2.0141368442897756,0.0,1.7814201949968593
14.842,0.0,-0.7686249552991554,0.0,-2.0105637459354138,0.0,1.7916759217493907
14.844000000000001,0.0,-0.7726424926087668,0.0,-2.0069701495896375,0.0,1.8019181682071594
14.846,0.0,-0.7766528222502238,0.0,-2.0033560823222416,0.0,1.8121468251880157
14.848,0.0,-0.780655903308962,0.0,-1.999721571421287,0.0,1.8223617835683759
14.85,0.0,-0.7846516949251525,0.0,-1.9960666443930797,0.0,1.832562934284143
14.852,0.0,-0.788640156294256,0.0,-1.9923913289619348,0.0,1.8427501683321645
14.854000000000001,0.0,-0.7926212466673637,0.0,-1.98869565307015,0.0,1.8529233767711664
14.856,0.0,-0.7965949253516642,0.0,-1.9849796448778436,0.0,1.8630824507229924
14.858,0.0,-0.8005611517109208,0.0,-1.9812433327627939,0.0,1.8732272813738837
14.86,0.0,-0.8045198851658244,0.0,-1.9774867453203837,0.0,1.8833577599754348
14.862,0.0,-0.8084710851945153,0.0,-1.973709911363387,0.0,1.893473777845983
14.864,0.0,-0.8124147113329578,0.0,-1.9699128599218907,0.0,1.9035752263716283
14.866,0.0,-0.8163507231753762,0.0,-1.9660956202431588,0.0,1.9136619970074067
14.868,0.0,-0.8202790803747373,0.0,-1.962258221791445,0.0,1.9237339812785814
14.870000000000001,0.0,-0.8241997426431407,0.0,-1.9584006942478935,0.0,1.9337910707817045
14.872,0.0,-0.8281126697522638,0.0,-1.9545230675103833,0.0,1.943833157185817
14.874,0.0,-0.8320178215337932,0.0,-1.9506253716933872,0.0,1.9538601322336167
14.876,0.0,-0.8359151578798645,0.0,-1.9467076371278125,0.0,1.9638718877426475
14.878,0.0,-0.8398046387434961,0.0,-1.9427698943608511,0.0,1.9738683156064736
14.88,0.0,-0.8436862241390126,0.0,-1.938812174155836,0.0,1.9838493077958308
14.882,0.0,-0.8475598741424769,0.0,-1.9348345074920852,0.0,1.9938147563598005
14.884,0.0,-0.8514255488921305,0.0,-1.9308369255647335,0.0,2.0037645534270045
14.886000000000001,0.0,-0.8552832085888302,0.0,-1.9268194597845691,0.0,2.0136985912067895
14.888,0.0,-0.8591328134964517,0.0,-1.9227821417778999,0.0,2.02361676199034
14.89,0.0,-0.8629743239423479,0.0,-1.9187250033863572,0.0,2.0335189581519133
14.892,0.0,-0.8668077003177699,0.0,-1.9146480766667409,0.0,2.0434050721499983
14.894,0.0,-0.8706329030783062,0.0,-1.910551393890838,0.0,2.0532749965285055
14.896,0.0,-0.8744498927442865,0.0,-1.9064349875452833,0.0,2.063128623917889
14.898,0.0,-0.8782586299012369,0.0,-1.9022988903313491,0.0,2.072965847036374
14.9,0.0,-0.8820590752003052,0.0,-1.8981431351647822,0.0,2.082786558691136
14.902000000000001,0.0,-0.8858511893586759,0.0,-1.8939677551756315,0.0,2.092590651779435
14.904,0.0,-0.8896349331600168,0.0,-1.8897727837080525,0.0,2.102378019289839
14.906,0.0,-0.8934102674548892,0.0,-1.88555825432014,0.0,2.1121485543033596
14.908,0.0,-0.8971771531611885,0.0,-1.8813242007837285,0.0,2.121902149994658
14.91,0.0,-0.9009355512645763,0.0,-1.8770706570841995,0.0,2.1316386996332395
14.912,0.0,-0.9046854228188808,0.0,-1.872797657420319,0.0,2.14135809658456
14.914,0.0,-0.9084267289465497,0.0,-1.8685052362040147,0.0,2.151060234311273
14.916,0.0,-0.9121594308390764,0.0,-1.864193428060182,0.0,2.160745006374404
14.918000000000001,0.0,-0.915883489757395,0.0,-1.8598622678265186,0.0,2.17041230643446
14.92,0.0,-0.9195988670323494,0.0,-1.8555117905532763,0.0,2.1800620282527055
14.922,0.0,-0.9233055240650834,0.0,-1.8511420315030984,0.0,2.1896940656922683
14.924,0.0,-0.9270034223274869,0.0,-1.8467530261507874,0.0,2.1993083127193582
14.926,0.0,-0.9306925233626067,0.0,-1.842344810183116,0.0,2.2089046634044234
14.928,0.0,-0.9343727887850717,0.0,-1.837917419498614,0.0,2.218483011923325
14.93,0.0,-0.9380441802815268,0.0,-1.8334708902073453,0.0,2.2280432525585505
14.932,0.0,-0.9417066596110406,0.0,-1.82900525863071,0.0,2.2375852797003484
14.934000000000001,0.0,-0.9453601886055443,0.0,-1.8245205613012079,0.0,2.2471089878479518
14.936,0.0,-0.9490047291702315,0.0,-1.8200168349622476,0.0,2.256614271610701
14.938,0.0,-0.9526402432840149,0.0,-1.8154941165678815,0.0,2.266101025709313
14.94,0.0,-0.9562666929999091,0.0,-1.8109524432826274,0.0,2.2755691449769584
14.942,0.0,-0.9598840404454638,0.0,-1.8063918524812312,0.0,2.2850185243604844
14.944,0.0,-0.9634922478232086,0.0,-1.8018123817484026,0.0,2.2944490589216406
14.946,0.0,-0.9670912774110281,0.0,-1.797214068878644,0.0,2.3038606438381577
14.948,0.0,-0.9706810915626258,0.0,-1.792596951875958,0.0,2.313253174405035
14.950000000000001,0.0,-0.974261652707914,0.0,-1.7879610689536507,0.0,2.322626546035644
14.952,0.0,-0.9778329233534373,0.0,-1.7833064585340874,0.0,2.331980654262928
14.954,0.0,-0.9813948660828011,0.0,-1.7786331592484352,0.0,2.3413153947405996
14.956,0.0,-0.9849474435570748,0.0,-1.7739412099364449,0.0,2.3506306632442913
14.958,0.0,-0.9884906185152265,0.0,-1.7692306496461738,0.0,2.3599263556727728
14.96,0.0,-0.9920243537745097,0.0,-1.7645015176337875,0.0,2.3692023680490606
14.962,0.0,-0.9955486122309172,0.0,-1.7597538533632509,0.0,2.3784585965216873
14.964,0.0,-0.9990633568595657,0.0,-1.7549876965061242,0.0,2.387694937365811
14.966000000000001,0.0,-1.0025685507151303,0.0,-1.7502030869412766,0.0,2.3969112869844307
14.968,0.0,-1.0060641569322435,0.0,-1.7454000647546537,0.0,2.4061075419095372
14.97,0.0,-1.0095501387259234,0.0,-1.7405786702389978,0.0,2.4152835988033234
14.972,0.0,-1.0130264593919729,0.0,-1.735738943893605,0.0,2.4244393544593237
14.974,0.0,-1.016493082307412,0.0,-1.7308809264240357,0.0,2.433574705803646
14.976,0.0,-1.0199499709308617,0.0,-1.726004658741887,0.0,2.442689549896073
14.978,0.0,-1.0233970888029758,0.0,-1.7211101819644954,0.0,2.4517837839312926
14.98,0.0,-1.026834399546868,0.0,-1.716197537414647,0.0,2.4608573052401197
14.982000000000001,0.0,-1.030261866868472,0.0,-1.7112667666203702,0.0,2.4699100112905334
14.984,0.0,-1.0336794545570012,0.0,-1.7063179113145932,0.0,2.4789417996889904
14.986,0.0,-1.0370871264853438,0.0,-1.7013510134348868,0.0,2.4879525681815604
14.988,0.0,-1.0404848466104488,0.0,-1.6963661151232157,0.0,2.4969422146550437
14.99,0.0,-1.0438725789737715,0.0,-1.6913632587256013,0.0,2.5059106371382405
14.992,0.0,-1.0472502877016563,0.0,-1.6863424867918775,0.0,2.5148577338030673
14.994,0.0,-1.0506179370057427,0.0,-1.6813038420753994,0.0,2.52378340296572
14.996,0.0,-1.0539754911834027,0.0,-1.6762473675327112,0.0,2.532687543087935
14.998000000000001,0.0,-1.0573229146180947,0.0,-1.6711731063233333,0.0,2.541570052778031
15.0,0.0,-1.0606601717798214,0.0,-1.6660811018093866,0.0,2.5504308307922035
15.002,0.0,-1.0639872272255044,0.0,-1.660971397555343,0.0,2.5592697760356433
15.004,0.0,-1.0673040455993887,0.0,-1.6558440373277254,0.0,2.5680867875636872
15.006,0.0,-1.0706105916334696,0.0,-1.6506990650947713,0.0,2.5768817645830673
15.008000000000001,0.0,-1.0739068301478758,0.0,-1.645536525026158,0.0,2.585654606453022
15.01,0.0,-1.0771927260512626,0.0,-1.640356461492716,0.0,2.594405212686451
15.012,0.0,-1.0804682443412457,0.0,-1.6351589190660636,0.0,2.603133482951165
15.014000000000001,0.0,-1.0837333501047737,0.0,-1.6299439425183473,0.0,2.6118393170709817
15.016,0.0,-1.0869880085185437,0.0,-1.624711576821901,0.0,2.6205226150269367
15.018,0.0,-1.0902321848494043,0.0,-1.6194618671489285,0.0,2.6291832769584653
15.02,0.0,-1.0934658444547374,0.0,-1.6141948588712112,0.0,2.6378212031645187
15.022,0.0,-1.096688952782864,0.0,-1.6089105975597815,0.0,2.6464362941047623
15.024000000000001,0.0,-1.0999014753734646,0.0,-1.6036091289845564,0.0,2.655028450400788
15.026,0.0,-1.103103377857932,0.0,-1.5982904991140923,0.0,2.6635975728371815
15.028,0.0,-1.106294625959825,0.0,-1.5929547541151619,0.0,2.6721435623628227
15.030000000000001,0.0,-1.1094751854952136,0.0,-1.5876019403525066,0.0,2.6806663200919365
15.032,0.0,-1.1126450223730973,0.0,-1.5822321043884733,0.0,2.6891657473053057
15.034,0.0,-1.115804102595803,0.0,-1.576845292982666,0.0,2.697641745451452
15.036,0.0,-1.1189523922593674,0.0,-1.571441553091637,0.0,2.7060942161477675
15.038,0.0,-1.1220898575539409,0.0,-1.5660209318685254,0.0,2.7145230611817044
15.040000000000001,0.0,-1.1252164647641825,0.0,-1.5605834766627151,0.0,2.722928182511954
15.042,0.0,-1.128332180269633,0.0,-1.555129235019523,0.0,2.7313094822695487
15.044,0.0,-1.1314369705451255,0.0,-1.5496582546798197,0.0,2.7396668627590883
15.046000000000001,0.0,-1.1345308021611742,0.0,-1.5441705835796835,0.0,2.7480002264598813
15.048,0.0,-1.1376136417843496,0.0,-1.53866626985008,0.0,2.7563094760270803
15.05,0.0,-1.1406854561777005,0.0,-1.5331453618164472,0.0,2.764594514292919
15.052,0.0,-1.1437462122010915,0.0,-1.5276079079984337,0.0,2.7728552442677517
15.054,0.0,-1.146795876811642,0.0,-1.5220539571094487,0.0,2.781091569141334
15.056000000000001,0.0,-1.1498344170640848,0.0,-1.5164835580563547,0.0,2.7893033922839097
15.058,0.0,-1.152861800111153,0.0,-1.5108967599391048,0.0,2.79749061724737
15.06,0.0,-1.1558779932039884,0.0,-1.5052936120503342,0.0,2.805653147766475
15.062000000000001,0.0,-1.1588829636924944,0.0,-1.4996741638750557,0.0,2.8137908877599185
15.064,0.0,-1.1618766790257433,0.0,-1.4940384650902485,0.0,2.8219037413315498
15.066,0.0,-1.164859106752356,0.0,-1.4883865655644908,0.0,2.8299916127715177
15.068,0.0,-1.1678302145208783,0.0,-1.4827185153575992,0.0,2.838054406557402
15.07,0.0,-1.1707899700801636,0.0,-1.4770343647202544,0.0,2.8460920273553767
15.072000000000001,0.0,-1.1737383412797637,0.0,-1.4713341640936002,0.0,2.854104380021378
15.074,0.0,-1.176675296070293,0.0,-1.4656179641088998,0.0,2.862091369602224
15.076,0.0,-1.1796008025038351,0.0,-1.4598858155870968,0.0,2.8700529013368286
15.078000000000001,0.0,-1.1825148287342906,0.0,-1.454137769538491,0.0,2.8779888806572704
15.08,0.0,-1.185417343017761,0.0,-1.4483738771623422,0.0,2.8858992131899566
15.082,0.0,-1.1883083137129735,0.0,-1.4425941898463839,0.0,2.893783804756894
15.084,0.0,-1.1911877092815673,0.0,-1.4367987591666151,0.0,2.9016425613766046
15.086,0.0,-1.1940554982885663,0.0,-1.4309876368867078,0.0,2.909475389265525
15.088000000000001,0.0,-1.196911649402681,0.0,-1.4251608749577604,0.0,2.917282194838947
15.09,0.0,-1.1997561313967195,0.0,-1.4193185255178227,0.0,2.925062884712277
15.092,0.0,-1.2025889131479572,0.0,-1.413460640891505,0.0,2.9328173657021552
15.094000000000001,0.0,-1.205409963638501,0.0,-1.4075872735895882,0.0,2.9405455448275806
15.096,0.0,-1.2082192519556556,0.0,-1.4016984763086333,0.0,2.9482473293110414
15.098,0.0,-1.2110167472923299,0.0,-1.3957943019304984,0.0,2.9559226265797456
15.1,0.0,-1.2138024189473562,0.0,-1.3898748035220345,0.0,2.963571344266622
15.102,0.0,-1.2165762363258943,0.0,-1.3839400343345993,0.0,2.9711933902115533
15.104000000000001,0.0,-1.2193381689397942,0.0,-1.3779900478036566,0.0,2.9787886724624975
15.106,0.0,-1.2220881864079545,0.0,-1.37202489754838,0.0,2.986357099276602
15.108,0.0,-1.2248262584567016,0.0,-1.3660446373712027,0.0,2.9938985791213653
15.11,0.0,-1.2275523549201435,0.0,-1.360049321257428,0.0,3.001413020675745
15.112,0.0,-1.23026644574055,0.0,-1.354039003374766,0.0,3.008900332831327
15.114,0.0,-1.2329685009686941,0.0,-1.348013738072966,0.0,3.016360424693393
15.116,0.0,-1.2356584907642416,0.0,-1.3419735798833228,0.0,3.0237932055821255
15.118,0.0,-1.238336385396108,0.0,-1.3359185835182628,0.0,3.0311985850337217
15.120000000000001,0.0,-1.2410021552427937,0.0,-1.3298488038709713,0.0,3.0385764728014517
15.122,0.0,-1.2436557707927807,0.0,-1.3237642960148739,0.0,3.0459267788568742
15.124,0.0,-1.2462972026448802,0.0,-1.3176651152032268,0.0,3.053249413390937
15.126,0.0,-1.2489264215085725,0.0,-1.311551316868726,0.0,3.060544286815046
15.128,0.0,-1.2515433982044082,0.0,-1.3054229566229612,0.0,3.0678113097623085
15.13,0.0,-1.2541481036643165,0.0,-1.2992800902560868,0.0,3.075050393088513
15.132,0.0,-1.2567405089319912,0.0,-1.2931227737363111,0.0,3.082261447873346
15.134,0.0,-1.259320585163251,0.0,-1.2869510632094285,0.0,3.0894443854215097
15.136000000000001,0.0,-1.2618883036263724,0.0,-1.280765014998426,0.0,3.096599117263787
15.138,0.0,-1.2644436357024516,0.0,-1.2745646856030095,0.0,3.103725555158183
15.14,0.0,-1.266986552885772,0.0,-1.2683501316991126,0.0,3.1108236110910803
15.142,0.0,-1.2695170267841398,0.0,-1.2621214101384803,0.0,3.117893197278301
15.144,0.0,-1.2720350291192357,0.0,-1.255878577948204,0.0,3.1249342261662374
15.146,0.0,-1.2745405317269767,0.0,-1.249621692330235,0.0,3.131946610432979
15.148,0.0,-1.2770335065578517,0.0,-1.2433508106609512,0.0,3.138930262989397
15.15,0.0,-1.2795139256772825,0.0,-1.2370659904906605,0.0,3.1458850969802836
15.152000000000001,0.0,-1.2819817612659588,0.0,-1.23076728954316,0.0,3.1528110257854287
15.154,0.0,-1.2844369856201971,0.0,-1.2244547657152385,0.0,3.159707963020762
15.156,0.0,-1.2868795711522771,0.0,-1.2181284770762217,0.0,3.1665758225394267
15.158,0.0,-1.289309490390787,0.0,-1.2117884818674978,0.0,3.173414518432888
15.16,0.0,-1.2917267159809713,0.0,-1.205434838502027,0.0,3.180223965032055
15.162,0.0,-1.294131220685078,0.0,-1.1990676055638523,0.0,3.187004076908384
15.164,0.0,-1.2965229773826765,0.0,-1.192686841807675,0.0,3.1937547688749164
15.166,0.0,-1.2989019590710413,0.0,-1.186292606158264,0.0,3.200475955987495
15.168000000000001,0.0,-1.3012681388654415,0.0,-1.1798849577100963,0.0,3.2071675535457227
15.17,0.0,-1.3036214899995198,0.0,-1.1734639557267634,0.0,3.2138294770941687
15.172,0.0,-1.3059619858256108,0.0,-1.1670296596405347,0.0,3.220461642423405
15.174,0.0,-1.3082895998150776,0.0,-1.1605821290518596,0.0,3.227063965571105
15.176,0.0,-1.3106043055586565,0.0,-1.1541214237288575,0.0,3.233636362823151
15.178,0.0,-1.3129060767667908,0.0,-1.1476476036068108,0.0,3.2401787507147217
15.18,0.0,-1.3151948872699495,0.0,-1.141160728787719,0.0,3.2466910460313425
15.182,0.0,-1.317470711018986,0.0,-1.1346608595397145,0.0,3.2531731658100393
15.184000000000001,0.0,-1.3197335220854418,0.0,-1.1281480562966486,0.0,3.2596250273403435
15.186,0.0,-1.321983294661903,0.0,-1.1216223796575018,0.0,3.266046548165448
15.188,0.0,-1.3242200030623135,0.0,-1.1150838903859295,0.0,3.2724376460832447
15.19,0.0,-1.3264436217223068,0.0,-1.1085326494097432,0.0,3.2787982391474073
15.192,0.0,-1.3286541251995376,0.0,-1.1019687178203816,0.0,3.2851282456684796
15.194,0.0,-1.330851488174012,0.0,-1.0953921568723914,0.0,3.291427584214966
15.196,0.0,-1.3330356854483982,0.0,-1.0888030279829517,0.0,3.2976961736143586
15.198,0.0,-1.3352066919483654,0.0,-1.0822013927313134,0.0,3.3039339329542607
15.200000000000001,0.0,-1.3373644827229054,0.0,-1.075587312858282,0.0,3.310140781583433
15.202,0.0,-1.3395090329446484,0.0,-1.0689608502657197,0.0,3.316316639112861
15.204,0.0,-1.3416403179101928,0.0,-1.0623220670159885,0.0,3.3224614254168396
15.206,0.0,-1.3437583130404183,0.0,-1.0556710253314514,0.0,3.3285750606340128
15.208,0.0,-1.3458629938808149,0.0,-1.049007787593908,0.0,3.3346574651684793
15.21,0.0,-1.3479543361017838,0.0,-1.0423324163441199,0.0,3.340708559690791
15.212,0.0,-1.3500323154989782,0.0,-1.0356449742812028,0.0,3.3467282651390824
15.214,0.0,-1.3520969079936,0.0,-1.028945524262151,0.0,3.3527165027200834
15.216000000000001,0.0,-1.3541480896327298,0.0,-1.0222341293012518,0.0,3.358673193910206
15.218,0.0,-1.3561858365896222,0.0,-1.015510852569608,0.0,3.364598260456555
15.22,0.0,-1.3582101251640413,0.0,-1.0087757573945189,0.0,3.3704916243780465
15.222,0.0,-1.3602209317825553,0.0,-1.0020289072589952,0.0,3.3763532079663974
15.224,0.0,-1.3622182329988575,0.0,-0.9952703658011757,0.0,3.3821829337872167
15.226,0.0,-1.364202005494071,0.0,-0.9885001968138013,0.0,3.3879807246810354
15.228,0.0,-1.366172226077055,0.0,-0.9817184642436623,0.0,3.3937465037643406
15.23,0.0,-1.3681288716847213,0.0,-0.9749252321910257,0.0,3.3994801944306574
15.232000000000001,0.0,-1.37007191938233,0.0,-0.9681205649091079,0.0,3.4051817203515458
15.234,0.0,-1.3720013463638032,0.0,-0.9613045268034954,0.0,3.4108510054776713
15.236,0.0,-1.37391712995203,0.0,-0.9544771824315784,0.0,3.416487974039846
15.238,0.0,-1.3758192475991546,0.0,-0.9476385965020427,0.0,3.422092550550022
15.24,0.0,-1.3777076768869008,0.0,-0.9407888338742302,0.0,3.427664659802387
15.242,0.0,-1.3795823955268578,0.0,-0.9339279595576183,0.0,3.4332042268743614
15.244,0.0,-1.3814433813607747,0.0,-0.9270560387112852,0.0,3.4387111771276024
15.246,0.0,-1.383290612360883,0.0,-0.9201731366432372,0.0,3.444185436209106
15.248000000000001,0.0,-1.3851240666301694,0.0,-0.9132793188099405,0.0,3.4496269300521663
15.25,0.0,-1.3869437224026786,0.0,-0.9063746508157146,0.0,3.455035584877414
15.252,0.0,-1.3887495580438223,0.0,-0.8994591984121109,0.0,3.4604113271938792
15.254,0.0,-1.3905415520506512,0.0,-0.892533027497413,0.0,3.4657540837999514
15.256,0.0,-1.3923196830521638,0.0,-0.8855962041160008,0.0,3.4710637817844336
15.258000000000001,0.0,-1.3940839298095935,0.0,-0.8786487944577783,0.0,3.4763403485275606
15.26,0.0,-1.3958342712166965,0.0,-0.8716908648576123,0.0,3.48158371170199
15.262,0.0,-1.397570686300045,0.0,-0.8647224817947151,0.0,3.4867937992738365
15.264000000000001,0.0,-1.3992931542193132,0.0,-0.8577437118920803,0.0,3.4919705395036673
15.266,0.0,-1.4010016542675623,0.0,-0.8507546219158932,0.0,3.497113860947509
15.268,0.0,-1.4026961658715296,0.0,-0.8437552787749233,0.0,3.502223692457864
15.27,0.0,-1.404376668591915,0.0,-0.8367457495199286,0.0,3.5072999631847064
15.272,0.0,-1.406043142123659,0.0,-0.8297261013430779,0.0,3.5123426025764823
15.274000000000001,0.0,-1.4076955662962258,0.0,-0.822696401577351,0.0,3.517351540381105
15.276,0.0,-1.4093339210738869,0.0,-0.8156567176959246,0.0,3.5223267066469623
15.278,0.0,-1.4109581865560048,0.0,-0.8086071173115602,0.0,3.527268031723907
15.280000000000001,0.0,-1.4125683429772966,0.0,-0.8015476681760582,0.0,3.5321754462642296
15.282,0.0,-1.4141643707081306,0.0,-0.7944784381795702,0.0,3.537048881223683
15.284,0.0,-1.4157462502547902,0.0,-0.7873994953500492,0.0,3.5418882678624466
15.286,0.0,-1.4173139622597493,0.0,-0.7803109078526297,0.0,3.5466935377461075
15.288,0.0,-1.4188674875019536,0.0,-0.773212743988993,0.0,3.551464622746662
15.290000000000001,0.0,-1.420406806897085,0.0,-0.7661050721967774,0.0,3.5562014550434844
15.292,0.0,-1.421931901497834,0.0,-0.75898796104897,0.0,3.560903967124294
15.294,0.0,-1.4234427524941777,0.0,-0.7518614792532412,0.0,3.5655720917861617
15.296000000000001,0.0,-1.4249393412136397,0.0,-0.7447256956513739,0.0,3.570205762136464
15.298,0.0,-1.426421649121561,0.0,-0.7375806792186239,0.0,3.574804911593845
15.3,0.0,-1.427889657821364,0.0,-0.7304264990631066,0.0,3.5793694738892
15.302,0.0,-1.4293433490548204,0.0,-0.7232632244251623,0.0,3.583899383066635
15.304,0.0,-1.4307827047023212,0.0,-0.7160909246766889,0.0,3.5883945734844542
15.306000000000001,0.0,-1.4322077067831218,0.0,-0.7089096693206085,0.0,3.5928549798160705
15.308,0.0,-1.4336183374556173,0.0,-0.701719527990165,0.0,3.5972805370510064
15.31,0.0,-1.4350145790176034,0.0,-0.6945205704482825,0.0,3.601671180495852
15.312000000000001,0.0,-1.4363964139065288,0.0,-0.687312866586961,0.0,3.6060268457751996
15.314,0.0,-1.4377638246997484,0.0,-0.6800964864266738,0.0,3.6103474688325834
15.316,0.0,-1.4391167941147982,0.0,-0.6728715001156139,0.0,3.6146329859314825
15.318,0.0,-1.4404553050096252,0.0,-0.6656379779292004,0.0,3.6188833336562016
15.32,0.0,-1.4417793403828623,0.0,-0.6583959902693128,0.0,3.623098448912866
15.322000000000001,0.0,-1.4430888833740696,0.0,-0.6511456076637123,0.0,3.6272782689303398
15.324,0.0,-1.4443839172639865,0.0,-0.6438869007653871,0.0,3.6314227312611633
15.326,0.0,-1.4456644254747855,0.0,-0.6366199403518787,0.0,3.635531773782503
15.328000000000001,0.0,-1.4469303915703158,0.0,-0.6293447973246665,0.0,3.63960533469707
15.33,0.0,-1.4481817992563544,0.0,-0.6220615427084889,0.0,3.6436433525340686
15.332,0.0,-1.449418632380853,0.0,-0.6147702476506831,0.0,3.6476457661501223
15.334,0.0,-1.450640874934173,0.0,-0.6074709834205853,0.0,3.651612514730174
15.336,0.0,-1.4518485110493435,0.0,-0.6001638214087917,0.0,3.65554353778845
15.338000000000001,0.0,-1.4530415250022934,0.0,-0.5928488331265485,0.0,3.659438775169359
15.34,0.0,-1.4542199012120878,0.0,-0.5855260902051225,0.0,3.663298167048388
15.342,0.0,-1.4553836242411842,0.0,-0.5781956643950331,0.0,3.667121653933085
15.344000000000001,0.0,-1.4565326787956534,0.0,-0.5708576275654923,0.0,3.670909176663903
15.346,0.0,-1.457667049725422,0.0,-0.5635120517037056,0.0,3.6746606764151375
15.348,0.0,-1.4587867220245139,0.0,-0.5561590089141542,0.0,3.678376094695848
15.35,0.0,-1.4598916808312727,0.0,-0.5487985714180066,0.0,3.682055373350736
15.352,0.0,-1.4609819114286031,0.0,-0.5414308115523899,0.0,3.685698454561069
15.354000000000001,0.0,-1.4620573992442012,0.0,-0.5340558017697224,0.0,3.6893052808455744
15.356,0.0,-1.4631181298507794,0.0,-0.5266736146370634,0.0,3.6928757950613273
15.358,0.0,-1.4641640889663006,0.0,-0.5192843228354025,0.0,3.6964099404046555
15.36,0.0,-1.4651952624542015,0.0,-0.5118879991590128,0.0,3.6999076604120233
15.362,0.0,-1.4662116363236217,0.0,-0.5044847165147376,0.0,3.7033688989609304
15.364,0.0,-1.4672131967296258,0.0,-0.4970745479213315,0.0,3.706793600270787
15.366,0.0,-1.4681999299734247,0.0,-0.4896575665087841,0.0,3.7101817089037943
15.368,0.0,-1.4691718225026065,0.0,-0.4822338455175674,0.0,3.7135331697658485
15.370000000000001,0.0,-1.4701288609113419,0.0,-0.4748034582980636,0.0,3.716847928107378
15.372,0.0,-1.4710710319406166,0.0,-0.46736647830976713,0.0,3.720125929524253
15.374,0.0,-1.4719983224784439,0.0,-0.4599229791206346,0.0,3.723367119958646
15.376,0.0,-1.4729107195600792,0.0,-0.4524730344064082,0.0,3.726571445699899
15.378,0.0,-1.4738082103682393,0.0,-0.44501671794987785,0.0,3.729738853385389
15.38,0.0,-1.474690782233309,0.0,-0.43755410364024394,0.0,3.7328692900013842
15.382,0.0,-1.4755584226335583,0.0,-0.43008526547237597,0.0,3.7359627028839113
15.384,0.0,-1.4764111191953564,0.0,-0.4226102775460878,0.0,3.7390190397196306
15.386000000000001,0.0,-1.477248859693372,0.0,-0.41512921406550174,0.0,3.7420382485466517
15.388,0.0,-1.478071632050785,0.0,-0.4076421493383207,0.0,3.7450202777554136
15.39,0.0,-1.478879424339499,0.0,-0.400149157775071,0.0,3.7479650760895282
15.392,0.0,-1.4796722247803342,0.0,-0.3926503138884887,0.0,3.750872592646609
15.394,0.0,-1.4804500217432435,0.0,-0.3851456922927177,0.0,3.7537427768791396
15.396,0.0,-1.4812128037475065,0.0,-0.3776353677026584,0.0,3.756575578595296
15.398,0.0,-1.4819605594619323,0.0,-0.37011941493324674,0.0,3.7593709479597845
15.4,0.0,-1.4826932777050605,0.0,-0.3625979088987152,0.0,3.762128835494679
15.402000000000001,0.0,-1.4834109474453574,0.0,-0.3550709246119025,0.0,3.7648491920802485
15.404,0.0,-1.4841135578014113,0.0,-0.34753853718354444,0.0,3.767531968955776
15.406,0.0,-1.4848010980421333,0.0,-0.3400008218214971,0.0,3.7701771177204133
15.408,0.0,-1.4854735575869422,0.0,-0.33245785383010773,0.0,3.7727845903339556
15.41,0.0,-1.4861309260059652,0.0,-0.3249097086093925,0.0,3.775354339117708
15.412,0.0,-1.4867731930202224,0.0,-0.31735646165439596,0.0,3.7778863167552563
15.414,0.0,-1.4874003485018177,0.0,-0.3097981885544414,0.0,3.7803804762933058
15.416,0.0,-1.4880123824741296,0.0,-0.302234964992361,0.0,3.782836771142484
15.418000000000001,0.0,-1.4886092851119945,0.0,-0.29466686674381815,0.0,3.785255155078151
15.42,0.0,-1.4891910467418907,0.0,-0.28709396967656814,0.0,3.7876355822411827
15.422,0.0,-1.4897576578421259,0.0,-0.279516349749702,0.0,3.789978007138795
15.424,0.0,-1.490309109043014,0.0,-0.27193408301295424,0.0,3.7922823846453184
15.426,0.0,-1.4908453911270616,0.0,-0.26434724560590084,0.0,3.7945486700030098
15.428,0.0,-1.4913664950291414,0.0,-0.2567559137573069,0.0,3.7967768188228215
15.43,0.0,-1.4918724118366729,0.0,-0.2491601637843209,0.0,3.798966787085208
15.432,0.0,-1.492363132789797,0.0,-0.24156007209177732,0.0,3.8011185311408955
15.434000000000001,0.0,-1.4928386492815529,0.0,-0.23395571517142114,0.0,3.8032320077116664
15.436,0.0,-1.4932989528580478,0.0,-0.22634716960119913,0.0,3.8053071738911335
15.438,0.0,-1.4937440352186315,0.0,-0.21873451204448127,0.0,3.8073439871455155
15.44,0.0,-1.4941738882160644,0.0,-0.21111781924935738,0.0,3.809342405314407
15.442,0.0,-1.4945885038566895,0.0,-0.20349716804781334,0.0,3.811302386611555
15.444,0.0,-1.4949878743005935,0.0,-0.19587263535510047,0.0,3.8132238896255966
15.446,0.0,-1.4953719918617785,0.0,-0.18824429816887475,0.0,3.8151068733208424
15.448,0.0,-1.4957408490083246,0.0,-0.18061223356847037,0.0,3.8169512970380315
15.450000000000001,0.0,-1.4960944383625487,0.0,-0.17297651871422245,0.0,3.818757120495066
15.452,0.0,-1.4964327527011705,0.0,-0.16533723084661855,0.0,3.8205243037877863
15.454,0.0,-1.4967557849554711,0.0,-0.15769444728554194,0.0,3.8222528073907096
15.456,0.0,-1.4970635282114475,0.0,-0.15004824542962414,0.0,3.823942592157755
15.458,0.0,-1.4973559757099753,0.0,-0.1423987027553322,0.0,3.8255936193230147
15.46,0.0,-1.4976331208469578,0.0,-0.1347458968163267,0.0,3.827205850501465
15.462,0.0,-1.4978949571734825,0.0,-0.12708990524265684,0.0,3.8287792476897065
15.464,0.0,-1.4981414783959741,0.0,-0.1194308057399794,0.0,3.830313773266713
15.466000000000001,0.0,-1.498372678376342,0.0,-0.11176867608882726,0.0,3.8318093899945262
15.468,0.0,-1.4985885511321317,0.0,-0.10410359414381691,0.0,3.833266061018997
15.47,0.0,-1.4987890908366714,0.0,-0.0964356378328803,0.0,3.8346837498705058
15.472,0.0,-1.4989742918192182,0.0,-0.08876488515651199,0.0,3.8360624204646725
15.474,0.0,-1.4991441485651007,0.0,-0.08109141418699799,0.0,3.837402037103072
15.476,0.0,-1.4992986557158643,0.0,-0.07341530306762616,0.0,3.838702564473944
15.478,0.0,-1.499437808069412,0.0,-0.06573663001191199,0.0,3.839963967652897
15.48,0.0,-1.4995616005801418,0.0,-0.05805547330284039,0.0,3.8411862121036084
15.482000000000001,0.0,-1.4996700283590874,0.0,-0.05037191129208024,0.0,3.842369263678526
15.484,0.0,-1.499763086674054,0.0,-0.042686022399223235,0.0,3.8435130886195585
15.486,0.0,-1.4998407709497525,0.0,-0.03499788511094459,0.0,3.8446176535587835
15.488,0.0,-1.4999030767679347,0.0,-0.0273075779803158,0.0,3.845682925519109
15.49,0.0,-1.4999499998675232,0.0,-0.019615179625928455,0.0,3.8467088719149767
15.492,0.0,-1.4999815361447433,0.0,-0.011920768731161721,0.0,3.8476954605530373
15.494,0.0,-1.4999976816532512,0.0,-0.0042244240434313445,0.0,3.8486426596328225
15.496,0.0,-1.4999984326042606,0.0,0.003473775626707708,0.0,3.8495504377474297
15.498000000000001,0.0,-1.49998378536667,0.0,0.011173751406238115,0.0,3.8504187638841882
15.5,0.0,-1.4999537364671847,0.0,0.01887542436050345,0.0,3.851247607425315
15.502,0.0,-1.4999082825904404,0.0,0.02657871549404985,0.0,3.852036938148587
15.504,0.0,-1.4998474205791246,0.0,0.0342835457513239,0.0,3.852786726227999
15.506,0.0,-1.4997711474340945,0.0,0.041989836017576714,0.0,3.8534969422344236
15.508000000000001,0.0,-1.4996794603144958,0.0,0.04969750711953023,0.0,3.854167557136249
15.51,0.0,-1.4995723565378785,0.0,0.057406479826283954,0.0,3.8547985423000424
15.512,0.0,-1.4994498335803113,0.0,0.06511667485006921,0.0,3.8553898694911823
15.514000000000001,0.0,-1.499311889076495,0.0,0.07282801284703891,0.0,3.855941510874507
15.516,0.0,-1.4991585208198728,0.0,0.08054041441805848,0.0,3.8564534390149423
15.518,0.0,-1.4989897267627412,0.0,0.08825380010956664,0.0,3.8569256268781484
15.52,0.0,-1.498805505016358,0.0,0.09596809041428339,0.0,3.85735804783114
15.522,0.0,-1.4986058538510476,0.0,0.10368320577211584,0.0,3.857750675642909
15.524000000000001,0.0,-1.4983907716963074,0.0,0.11139906657087745,0.0,3.858103484485051
15.526,0.0,-1.4981602571409114,0.0,0.11911559314711939,0.0,3.8584164489323824
15.528,0.0,-1.4979143089330091,0.0,0.12683270578698055,0.0,3.858689543963562
15.530000000000001,0.0,-1.497652925980229,0.0,0.13455032472694417,0.0,3.8589227449616823
15.532,0.0,-1.4973761073497749,0.0,0.14226837015465618,0.0,3.859116027714899
15.534,0.0,-1.4970838522685241,0.0,0.1499867622097615,0.0,3.8592693684170167
15.536,0.0,-1.4967761601231218,0.0,0.1577054209846817,0.0,3.8593827436680948
15.538,0.0,-1.4964530304600738,0.0,0.16542426652546224,0.0,3.859456130475039
15.540000000000001,0.0,-1.4961144629858414,0.0,0.17314321883255274,0.0,3.859489506252205
15.542,0.0,-1.495760457566928,0.0,0.18086219786165647,0.0,3.859482848821963
15.544,0.0,-1.4953910142299713,0.0,0.188581123524513,0.0,3.8594361364153045
15.546000000000001,0.0,-1.4950061331618274,0.0,0.1962999156897499,0.0,3.859349347672407
15.548,0.0,-1.4946058147096586,0.0,0.20401849418367632,0.0,3.8592224616432134
15.55,0.0,-1.4941900593810162,0.0,0.21173677879109437,0.0,3.8590554577880054
15.552,0.0,-1.4937588678439215,0.0,0.21945468925618025,0.0,3.8588483159779705
15.554,0.0,-1.4933122409269497,0.0,0.22717214528321297,0.0,3.858601016495773
15.556000000000001,0.0,-1.4928501796193032,0.0,0.2348890665374996,0.0,3.858313540036095
15.558,0.0,-1.4923726850708956,0.0,0.24260537264610665,0.0,3.857985867706211
15.56,0.0,-1.4918797585924222,0.0,0.2503209831987451,0.0,3.8576179810265314
15.562000000000001,0.0,-1.4913714016554347,0.0,0.2580358177485976,0.0,3.8572098619311546
15.564,0.0,-1.490847615892417,0.0,0.2657497958130864,0.0,3.856761492768407
15.566,0.0,-1.4903084030968503,0.0,0.2734628368747878,0.0,3.856272856301388
15.568,0.0,-1.4897537652232868,0.0,0.2811748603821938,0.0,3.8557439357085
15.57,0.0,-1.4891837043874134,0.0,0.28888578575059465,0.0,3.855174714583982
15.572000000000001,0.0,-1.4885982228661205,0.0,0.296595532362851,0.0,3.854565176938441
15.574,0.0,-1.487997323097565,0.0,0.3043040195702706,0.0,3.8539153071993795
15.576,0.0,-1.4873810076812286,0.0,0.31201116669346707,0.0,3.8532250902117036
15.578000000000001,0.0,-1.4867492793779853,0.0,0.31971689302312795,0.0,3.8524945112382474
15.58,0.0,-1.4861021411101567,0.0,0.3274211178208759,0.0,3.8517235559602834
15.582,0.0,-1.4854395959615676,0.0,0.33512376032014946,0.0,3.8509122104780267
15.584,0.0,-1.4847616471776046,0.0,0.342824739726981,0.0,3.850060461311145
15.586,0.0,-1.4840682981652675,0.0,0.3505239752208883,0.0,3.849168295399256
15.588000000000001,0.0,-1.4833595524932257,0.0,0.35822138595565406,0.0,3.8482357001024177
15.59,0.0,-1.4826354138918645,0.0,0.3659168910602191,0.0,3.8472626632016276
15.592,0.0,-1.4818958862533347,0.0,0.37361040963951614,0.0,3.846249172899301
15.594000000000001,0.0,-1.481140973631602,0.0,0.3813018607752877,0.0,3.8451952178197617
15.596,0.0,-1.4803706802424892,0.0,0.38899116352696406,0.0,3.8441007870097184
15.598,0.0,-1.4795850104637243,0.0,0.39667823693247484,0.0,3.842965869938742
15.6,0.0,-1.4787839688349784,0.0,0.40436300000912895,0.0,3.8417904564997274
15.602,0.0,-1.4779675600579076,0.0,0.4120453717544362,0.0,3.840574537009367
15.604000000000001,0.0,-1.4771357889961947,0.0,0.4197252711469558,0.0,3.839318102208615
15.606,0.0,-1.4762886606755823,0.0,0.42740261714715316,0.0,3.8380211432631417
15.608,0.0,-1.4754261802839066,0.0,0.43507732869828436,0.0,3.8366836517637832
15.610000000000001,0.0,-1.4745483531711365,0.0,0.4427493247271786,0.0,3.8353056197269986
15.612,0.0,-1.4736551848494033,0.0,0.4504185241451325,0.0,3.8338870395953113
15.614,0.0,-1.4727466809930314,0.0,0.4580848458487372,0.0,3.8324279042377536
15.616,0.0,-1.471822847438564,0.0,0.46574820872077427,0.0,3.830928206950299
15.618,0.0,-1.47088369018479,0.0,0.47340853163105256,0.0,3.829387941456287
15.620000000000001,0.0,-1.469929215392774,0.0,0.48106573343723097,0.0,3.8278071019068785
15.622,0.0,-1.4689594293858788,0.0,0.4887197329856894,0.0,3.826185682881453
15.624,0.0,-1.4679743386497786,0.0,0.49637044911243755,0.0,3.824523679388032
15.626,0.0,-1.466973949832492,0.0,0.5040178006438799,0.0,3.822821086863711
15.628,0.0,-1.465958269744389,0.0,0.5116617063977665,0.0,3.821077901175053
15.63,0.0,-1.4649273053582115,0.0,0.5193020851840016,0.0,3.8192941186184974
15.632,0.0,-1.4638810638090958,0.0,0.5269388558054711,0.0,3.817469735920786
15.634,0.0,-1.4628195523945693,0.0,0.5345719370590117,0.0,3.815604750239317
15.636000000000001,0.0,-1.4617427785745774,0.0,0.5422012477361555,0.0,3.813699159162579
15.638,0.0,-1.4606507499714838,0.0,0.5498267066240686,0.0,3.8117529607105203
15.64,0.0,-1.4595434743700846,0.0,0.5574482325063718,0.0,3.8097661533349436
15.642,0.0,-1.4584209597176097,0.0,0.5650657441640301,0.0,3.8077387359198815
15.644,0.0,-1.4572832141237257,0.0,0.5726791603762255,0.0,3.805670707781962
15.646,0.0,-1.4561302458605472,0.0,0.5802883999211813,0.0,3.8035620686708023
15.648,0.0,-1.4549620633626341,0.0,0.5878933815770371,0.0,3.8014128187693768
15.65,0.0,-1.4537786752269808,0.0,0.5954940241227897,0.0,3.7992229586943425
15.652000000000001,0.0,-1.4525800902130284,0.0,0.603090246339062,0.0,3.79699248949644
15.654,0.0,-1.4513663172426559,0.0,0.6106819670090045,0.0,3.7947214126608406
15.656,0.0,-1.4501373654001646,0.0,0.6182691049192224,0.0,3.7924097301074635
15.658,0.0,-1.448893243932291,0.0,0.6258515788605211,0.0,3.7900574441913744
15.66,0.0,-1.4476339622481733,0.0,0.6334293076289179,0.0,3.787664557703074
15.662,0.0,-1.4463595299193552,0.0,0.6410022100264308,0.0,3.7852310738688644
15.664,0.0,-1.4450699566797751,0.0,0.6485702048619318,0.0,3.782756996351182
15.666,0.0,-1.4437652524257387,0.0,0.6561332109520978,0.0,3.780242329248913
15.668000000000001,0.0,-1.442445427215913,0.0,0.6636911471222218,0.0,3.7776870770977156
15.67,0.0,-1.4411104912713064,0.0,0.6712439322070975,0.0,3.7750912448703526
15.672,0.0,-1.439760454975246,0.0,0.6787914850519103,0.0,3.7724548379769933
15.674,0.0,-1.4383953288733544,0.0,0.686333724513119,0.0,3.7697778622655167
15.676,0.0,-1.437015123673537,0.0,0.6938705694592763,0.0,3.767060324021852
15.678,0.0,-1.4356198502459412,0.0,0.7014019387719848,0.0,3.7643022299702245
15.68,0.0,-1.434209519622941,0.0,0.7089277513467184,0.0,3.7615035872734914
15.682,0.0,-1.4327841429991048,0.0,0.7164479260937158,0.0,3.758664403533427
15.684000000000001,0.0,-1.4313437317311664,0.0,0.7239623819388497,0.0,3.755784686791003
15.686,0.0,-1.429888297337991,0.0,0.731471037824514,0.0,3.752864445526671
15.688,0.0,-1.4284178515005366,0.0,0.7389738127105369,0.0,3.7499036886606323
15.69,0.0,-1.426932406061832,0.0,0.7464706255749771,0.0,3.746902425553137
15.692,0.0,-1.42543197302692,0.0,0.7539613954151115,0.0,3.7438606660047125
15.694,0.0,-1.4239165645628404,0.0,0.7614460412482014,0.0,3.7407784202564733
15.696,0.0,-1.422386192998574,0.0,0.7689244821124473,0.0,3.7376556989903533
15.698,0.0,-1.4208408708249975,0.0,0.776396637067888,0.0,3.7344925133293505
15.700000000000001,0.0,-1.4192806106948526,0.0,0.7838624251972072,0.0,3.7312888748378032
15.702,0.0,-1.4177054254226895,0.0,0.7913217656066769,0.0,3.728044795521624
15.704,0.0,-1.4161153279848198,0.0,0.79877457742703,0.0,3.72476028782853
15.706,0.0,-1.4145103315192713,0.0,0.8062207798143199,0.0,3.721435364648296
15.708,0.0,-1.412890449325729,0.0,0.8136602919508478,0.0,3.7180700393129733
15.71,0.0,-1.4112556948654953,0.0,0.8210930330459794,0.0,3.714664325597137
15.712,0.0,-1.409606081761418,0.0,0.8285189223371056,0.0,3.7112182377180765
15.714,0.0,-1.4079416237978402,0.0,0.8359378790905021,0.0,3.707731790336026
15.716000000000001,0.0,-1.4062623349205485,0.0,0.8433498226021847,0.0,3.704204998554393
15.718,0.0,-1.4045682292367083,0.0,0.8507546721988107,0.0,3.7006378779199585
15.72,0.0,-1.4028593210147933,0.0,0.8581523472386076,0.0,3.697030444423062
15.722,0.0,-1.4011356246845335,0.0,0.8655427671122019,0.0,3.6933827144978206
15.724,0.0,-1.3993971548368396,0.0,0.8729258512435574,0.0,3.6896947050223083
15.726,0.0,-1.397643926223749,0.0,0.8803015190907977,0.0,3.6859664333187725
15.728,0.0,-1.3958759537583374,0.0,0.8876696901471828,0.0,3.6821979171537706
15.73,0.0,-1.3940932525146688,0.0,0.8950302839419033,0.0,3.6783891747384154
15.732000000000001,0.0,-1.3922958377277008,0.0,0.9023832200410643,0.0,3.674540224728474
15.734,0.0,-1.3904837247932331,0.0,0.9097284180484786,0.0,3.6706510862246082
15.736,0.0,-1.3886569292678073,0.0,0.917065797606654,0.0,3.6667217787724846
15.738,0.0,-1.3868154668686523,0.0,0.9243952783975866,0.0,3.6627523223629828
15.74,0.0,-1.3849593534735831,0.0,0.9317167801437399,0.0,3.658742737432309
15.742,0.0,-1.3830886051209303,0.0,0.9390302226088867,0.0,3.654693044862168
15.744,0.0,-1.3812032380094657,0.0,0.9463355255989693,0.0,3.6506032659799312
15.746,0.0,-1.3793032684982864,0.0,0.9536326089631024,0.0,3.646473422558715
15.748000000000001,0.0,-1.377388713106768,0.0,0.9609213925943205,0.0,3.642303536817597
15.75,0.0,-1.375459588514441,0.0,0.9682017964305907,0.0,3.638093631421678
15.752,0.0,-1.3735159115609215,0.0,0.9754737404556322,0.0,3.63384372948226
15.754,0.0,-1.3715576992458052,0.0,0.9827371446998576,0.0,3.62955385455693
15.756,0.0,-1.3695849687285904,0.0,0.9899919292412003,0.0,3.6252240306497168
15.758000000000001,0.0,-1.36759773732856,0.0,0.9972380142060888,0.0,3.620854282211163
15.76,0.0,-1.3655960225247021,0.0,1.004475319770275,0.0,3.616444634138461
15.762,0.0,-1.3635798419555978,0.0,1.0117037661597683,0.0,3.6119951117755424
15.764000000000001,0.0,-1.3615492134193259,0.0,1.0189232736517122,0.0,3.6075057409131777
15.766,0.0,-1.3595041548733726,0.0,1.0261337625752318,0.0,3.602976547789103
15.768,0.0,-1.3574446844344852,0.0,1.033335153312469,0.0,3.598407559088016
15.77,0.0,-1.3553708203786234,0.0,1.0405273662992798,0.0,3.5937988019417895
15.772,0.0,-1.3532825811407974,0.0,1.0477103220263095,0.0,3.5891503039294275
15.774000000000001,0.0,-1.3511799853149946,0.0,1.0548839410397628,0.0,3.584462093077227
15.776,0.0,-1.3490630516540487,0.0,1.0620481439423581,0.0,3.5797341978588024
15.778,0.0,-1.3469317990695266,0.0,1.0692028513942258,0.0,3.574966647195146
15.780000000000001,0.0,-1.3447862466316254,0.0,1.076347984113753,0.0,3.570159470454725
15.782,0.0,-1.3426264135690424,0.0,1.083483462878528,0.0,3.5653126974534977
15.784,0.0,-1.3404523192688573,0.0,1.0906092085262258,0.0,3.560426358454977
15.786,0.0,-1.338263983276418,0.0,1.0977251419554803,0.0,3.555500484170277
15.788,0.0,-1.336061425295209,0.0,1.1048311841268115,0.0,3.5505351057581436
15.790000000000001,0.0,-1.3338446651867333,0.0,1.1119272560634959,0.0,3.545530254824999
15.792,0.0,-1.3316137229703886,0.0,1.119013278852456,0.0,3.540485963424977
15.794,0.0,-1.3293686188233251,0.0,1.1260891736452001,0.0,3.535402264059912
15.796000000000001,0.0,-1.3271093730803267,0.0,1.1331548616586813,0.0,3.5302791896793946
15.798,0.0,-1.3248360062336875,0.0,1.140210264176168,0.0,3.525116773680794
15.8,0.0,-1.3225485389330571,0.0,1.1472553025482026,0.0,3.519915049909228
15.802,0.0,-1.3202469919853148,0.0,1.1542898981934726,0.0,3.51467405265758
15.804,0.0,-1.3179313863544426,0.0,1.1613139725996682,0.0,3.5093938166665275
15.806000000000001,0.0,-1.3156017431613705,0.0,1.1683274473244325,0.0,3.504074377124507
15.808,0.0,-1.3132580836838497,0.0,1.1753302439962094,0.0,3.498715769667723
15.81,0.0,-1.3109004293562903,0.0,1.1823222843152024,0.0,3.493318030380095
15.812000000000001,0.0,-1.3085288017696426,0.0,1.1893034900541908,0.0,3.4878811957932943
15.814,0.0,-1.3061432226712326,0.0,1.1962737830594814,0.0,3.4824053028866766
15.816,0.0,-1.303743713964614,0.0,1.2032330852518018,0.0,3.4768903890872482
15.818,0.0,-1.3013302977094403,0.0,1.2101813186271366,0.0,3.4713364922696908
15.82,0.0,-1.2989029961212721,0.0,1.2171184052577346,0.0,3.4657436507562105
15.822000000000001,0.0,-1.2964618315714684,0.0,1.2240442672928842,0.0,3.4601119033166112
15.824,0.0,-1.294006826587014,0.0,1.230958826959854,0.0,3.454441289168195
15.826,0.0,-1.2915380038503412,0.0,1.2378620065648451,0.0,3.448731847975651
15.828000000000001,0.0,-1.2890553861992067,0.0,1.2447537284937924,0.0,3.442983619851092
15.83,0.0,-1.2865589966265072,0.0,1.2516339152133247,0.0,3.437196645353924
15.832,0.0,-1.2840488582801293,0.0,1.2585024892716214,0.0,3.4313709654908093
15.834,0.0,-1.281524994462779,0.0,1.2653593732993296,0.0,3.425506621715564
15.836,0.0,-1.2789874286318117,0.0,1.272204490010466,0.0,3.419603655929078
15.838000000000001,0.0,-1.276436184399082,0.0,1.2790377622032674,0.0,3.413662110479269
15.84,0.0,-1.2738712855307575,0.0,1.2858591127611265,0.0,3.407682028160951
15.842,0.0,-1.27129275594715,0.0,1.292668464653482,0.0,3.401663452215742
15.844000000000001,0.0,-1.268700619722552,0.0,1.2994657409366859,0.0,3.395606426331985
15.846,0.0,-1.266094901085049,0.0,1.3062508647549294,0.0,3.3895109946446147
15.848,0.0,-1.2634756244163565,0.0,1.3130237593411047,0.0,3.3833772017350747
15.85,0.0,-1.2608428142516275,0.0,1.3197843480177276,0.0,3.377205092631167
15.852,0.0,-1.2581964952792832,0.0,1.3265325541978104,0.0,3.370994712806965
15.854000000000001,0.0,-1.2555366923408284,0.0,1.3332683013857574,0.0,3.3647461081826684
15.856,0.0,-1.2528634304306712,0.0,1.339991513178246,0.0,3.358459325124487
15.858,0.0,-1.2501767346959254,0.0,1.346702113265154,0.0,3.3521344104444717
15.860000000000001,0.0,-1.2474766304362286,0.0,1.3534000254304348,0.0,3.3457714114003836
15.862,0.0,-1.2447631431035695,0.0,1.3600851735529673,0.0,3.3393703756955926
15.864,0.0,-1.2420362983020627,0.0,1.3667574816075347,0.0,3.3329313514788415
15.866,0.0,-1.2392961217878047,0.0,1.373416873665597,0.0,3.326454387344201
15.868,0.0,-1.236542639468623,0.0,1.3800632738963114,0.0,3.3199395323307703
15.870000000000001,0.0,-1.2337758774039242,0.0,1.386696606567323,0.0,3.3133868359226226
15.872,0.0,-1.2309958618044836,0.0,1.393316796045683,0.0,3.306796348048597
15.874,0.0,-1.2282026190322297,0.0,1.3999237667987734,0.0,3.3001681190820866
15.876,0.0,-1.2253961756000613,0.0,1.4065174433951528,0.0,3.2935021998408995
15.878,0.0,-1.2225765581716448,0.0,1.4130977505054458,0.0,3.2867986415870676
15.88,0.0,-1.2197437935611832,0.0,1.4196646129032877,0.0,3.280057496026595
15.882,0.0,-1.216897908733254,0.0,1.4262179554661116,0.0,3.273278815309366
15.884,0.0,-1.2140389308025563,0.0,1.432757703176139,0.0,3.266462652028838
15.886000000000001,0.0,-1.2111668870337287,0.0,1.4392837811211991,0.0,3.259609059221896
15.888,0.0,-1.2082818048411244,0.0,1.4457961144956455,0.0,3.2527180903686115
15.89,0.0,-1.2053837117885948,0.0,1.4522946286012477,0.0,3.245789799392011
15.892,0.0,-1.202472635589295,0.0,1.4587792488480307,0.0,3.2388242406579115
15.894,0.0,-1.1995486041054322,0.0,1.4652499007552353,0.0,3.231821468974608
15.896,0.0,-1.1966116453480777,0.0,1.4717065099521323,0.0,3.224781539592703
15.898,0.0,-1.1936617874769404,0.0,1.4781490021789234,0.0,3.2177045082048705
15.9,0.0,-1.1906990588001143,0.0,1.4845773032876852,0.0,3.210590430945522
15.902000000000001,0.0,-1.1877234877738925,0.0,1.4909913392431702,0.0,3.203439364390663
15.904,0.0,-1.1847351030025255,0.0,1.4973910361237233,0.0,3.1962513655575906
15.906,0.0,-1.1817339332379864,0.0,1.503776320122181,0.0,3.189026491904625
15.908,0.0,-1.1787200073797568,0.0,1.5101471175467147,0.0,3.1817648013308775
15.91,0.0,-1.17569335447457,0.0,1.5165033548217703,0.0,3.174466352175915
15.912,0.0,-1.1726540037162096,0.0,1.5228449584888775,0.0,3.1671312032195673
15.914,0.0,-1.1696019844452517,0.0,1.5291718552075806,0.0,3.1597594136815883
15.916,0.0,-1.1665373261488274,0.0,1.5354839717563151,0.0,3.152351043221365
15.918000000000001,0.0,-1.1634600584604091,0.0,1.541781235033242,0.0,3.144906151937694
15.92,0.0,-1.1603702111595349,0.0,1.5480635720571938,0.0,3.137424800368392
15.922,0.0,-1.1572678141715906,0.0,1.5543309099685019,0.0,3.1299070494900523
15.924,0.0,-1.1541528975675663,0.0,1.5605831760298767,0.0,3.1223529607177416
15.926,0.0,-1.151025491563786,0.0,1.5668202976273302,0.0,3.1147625959046237
15.928,0.0,-1.1478856265216884,0.0,1.5730422022709993,0.0,3.1071360173417157
15.93,0.0,-1.1447333329475804,0.0,1.5792488175960133,0.0,3.0994732877575677
15.932,0.0,-1.141568641492349,0.0,1.585440071363443,0.0,3.091774470317843
15.934000000000001,0.0,-1.1383915829512428,0.0,1.5916158914611063,0.0,3.084039628625069
15.936,0.0,-1.1352021882636105,0.0,1.5977762059044576,0.0,3.076268826718281
15.938,0.0,-1.132000488512635,0.0,1.6039209428374768,0.0,3.06846212907265
15.94,0.0,-1.128786514925092,0.0,1.610050030533512,0.0,3.0606196005991873
15.942,0.0,-1.12556029887106,0.0,1.6161633973962082,0.0,3.0527413066442985
15.944,0.0,-1.122321871863703,0.0,1.6222609719602916,0.0,3.0448273129895425
15.946,0.0,-1.1190712655589807,0.0,1.6283426828924932,0.0,3.036877685851197
15.948,0.0,-1.1158085117553584,0.0,1.634408458992463,0.0,3.0288924918798257
15.950000000000001,0.0,-1.1125336423936072,0.0,1.6404582291935146,0.0,3.0208717981600697
15.952,0.0,-1.109246689556476,0.0,1.6464919225636039,0.0,3.0128156722101207
15.954,0.0,-1.1059476854684425,0.0,1.6525094683061567,0.0,3.004724181981383
15.956,0.0,-1.102636662495448,0.0,1.6585107957609206,0.0,2.9965973958580996
15.958,0.0,-1.0993136531446108,0.0,1.6644958344048577,0.0,2.988435382656925
15.96,0.0,-1.0959786900639605,0.0,1.6704645138529888,0.0,2.980238211626544
15.962,0.0,-1.0926318060421654,0.0,1.676416763859251,0.0,2.97200595244728
15.964,0.0,-1.0892730340082242,0.0,1.6823525143174125,0.0,2.963738675230607
15.966000000000001,0.0,-1.0859024070312364,0.0,1.6882716952618426,0.0,2.9554364505188597
15.968,0.0,-1.0825199583200744,0.0,1.694174236868459,0.0,2.9470993492846906
15.97,0.0,-1.0791257212231113,0.0,1.7000600694555605,0.0,2.93872744293068
15.972,0.0,-1.0757197292279597,0.0,1.7059291234846479,0.0,2.9303208032889536
15.974,0.0,-1.0723020159611472,0.0,1.71178132956135,0.0,2.9218795026206688
15.976,0.0,-1.0688726151878518,0.0,1.7176166184362311,0.0,2.91340361361561
15.978,0.0,-1.065431560811609,0.0,1.7234349210056583,0.0,2.9048932093917474
15.98,0.0,-1.061978886874007,0.0,1.7292361683126738,0.0,2.896348363494748
15.982000000000001,0.0,-1.0585146275544055,0.0,1.7350202915478339,0.0,2.8877691498975477
15.984,0.0,-1.0550388171696412,0.0,1.740787222050053,0.0,2.8791556429998924
15.986,0.0,-1.0515514901737053,0.0,1.7465368913075068,0.0,2.8705079176278097
15.988,0.0,-1.048052681157486,0.0,1.7522692309584067,0.0,2.861826049033225
15.99,0.0,-1.0445424248484207,0.0,1.7579841727919328,0.0,2.853110112893373
15.992,0.0,-1.0410207561102363,0.0,1.7636816487490141,0.0,2.84436018531042
15.994,0.0,-1.0374877099426176,0.0,1.7693615909232192,0.0,2.8355763428108993
15.996,0.0,-1.0339433214809088,0.0,1.7750239315615957,0.0,2.826758662345241
15.998000000000001,0.0,-1.0303876259957987,0.0,1.780668603065527,0.0,2.817907221287245
16.0,0.0,-1.0268206588930329,0.0,1.7862955379915426,0.0,2.8090220974336337
16.002,0.0,-1.0232424557130813,0.0,1.7919046690521994,0.0,2.800103369003482
16.004,0.0,-1.019653052130823,0.0,1.797495929116927,0.0,2.7911511146376986
16.006,0.0,-1.016052483955261,0.0,1.8030692512128277,0.0,2.7821654133985714
16.008,0.0,-1.0124407871291659,0.0,1.8086245685255815,0.0,2.7731463447691502
16.01,0.0,-1.0088179977287857,0.0,1.8141618144002398,0.0,2.764093988652764
16.012,0.0,-1.005184151963526,0.0,1.8196809223420707,0.0,2.755008425372501
16.014,0.0,-1.0015392861756012,0.0,1.8251818260174357,0.0,2.7458897356705783
16.016000000000002,0.0,-0.9978834368397469,0.0,1.8306644592545778,0.0,2.736738000707902
16.018,0.0,-0.9942166405628836,0.0,1.8361287560444717,0.0,2.727553302063461
16.02,0.0,-0.9905389340837747,0.0,1.8415746505416881,0.0,2.718335721733747
16.022000000000002,0.0,-0.9868503542727021,0.0,1.8470020770652176,0.0,2.7090853421321865
16.024,0.0,-0.9831509381311725,0.0,1.8524109700992533,0.0,2.6998022460886655
16.026,0.0,-0.9794407227915385,0.0,1.8578012642940935,0.0,2.6904865168488326
16.028,0.0,-0.975719745516685,0.0,1.8631728944669432,0.0,2.6811382380735704
16.03,0.0,-0.9719880436996948,0.0,1.8685257956027443,0.0,2.6717574938384065
16.032,0.0,-0.9682456548635293,0.0,1.8738599028549803,0.0,2.6623443686329686
16.034,0.0,-0.9644926166606568,0.0,1.8791751515465502,0.0,2.652898947360298
16.036,0.0,-0.9607289668727216,0.0,1.8844714771705835,0.0,2.6434213153362727
16.038,0.0,-0.9569547434102437,0.0,1.889748815391209,0.0,2.633911558289104
16.04,0.0,-0.9531699843122103,0.0,1.8950071020444679,0.0,2.62436976235856
16.042,0.0,-0.9493747277457762,0.0,1.9002462731390777,0.0,2.61479601409546
16.044,0.0,-0.9455690120059099,0.0,1.9054662648572591,0.0,2.605190400461029
16.046,0.0,-0.9417528755150364,0.0,1.9106670135555726,0.0,2.5955530088262524
16.048000000000002,0.0,-0.9379263568226807,0.0,1.9158484557657454,0.0,2.585883926971216
16.05,0.0,-0.9340894946051574,0.0,1.9210105281954357,0.0,2.576183243084585
16.052,0.0,-0.9302423276651728,0.0,1.9261531677291097,0.0,2.566451045762829
16.054000000000002,0.0,-0.9263848949314655,0.0,1.93127631142886,0.0,2.556687424009573
16.056,0.0,-0.9225172354585216,0.0,1.9363798965351282,0.0,2.5468924672351205
16.058,0.0,-0.9186393884261178,0.0,1.9414638604676469,0.0,2.537066265255534
16.06,0.0,-0.9147513931390401,0.0,1.9465281408261483,0.0,2.527208908292176
16.062,0.0,-0.9108532890266778,0.0,1.9515726753912366,0.0,2.5173204869709336
16.064,0.0,-0.9069451156426986,0.0,1.9565974021251402,0.0,2.5074010923216146
16.066,0.0,-0.903026912664642,0.0,1.9616022591725804,0.0,2.497450815777181
16.068,0.0,-0.8990987198935836,0.0,1.9665871848615353,0.0,2.4874697491731284
16.07,0.0,-0.8951605772537589,0.0,1.9715521177040556,0.0,2.477457984746777
16.072,0.0,-0.891212524792208,0.0,1.976496996397053,0.0,2.467415615136608
16.074,0.0,-0.8872546026783521,0.0,1.9814217598231634,0.0,2.457342733381429
16.076,0.0,-0.8832868512037132,0.0,1.986326347051438,0.0,2.447239432919902
16.078,0.0,-0.8793093107814489,0.0,1.9912106973382504,0.0,2.437105807589593
16.080000000000002,0.0,-0.8753220219460291,0.0,1.9960747501280325,0.0,2.4269419516263944
16.082,0.0,-0.8713250253528503,0.0,2.0009184450540807,0.0,2.4167479596637764
16.084,0.0,-0.8673183617778488,0.0,2.0057417219393603,0.0,2.4065239267320426
16.086000000000002,0.0,-0.8633020721171112,0.0,2.010544520797309,0.0,2.3962699482575687
16.088,0.0,-0.8592761973865417,0.0,2.0153267818325724,0.0,2.3859861200621917
16.09,0.0,-0.8552407787214077,0.0,2.020088445441874,0.0,2.3756725383622843
16.092,0.0,-0.8511958573760039,0.0,2.024829452214749,0.0,2.365329299768131
16.094,0.0,-0.8471414747232564,0.0,2.0295497429343428,0.0,2.3549565012831577
16.096,0.0,-0.8430776722543225,0.0,2.0342492585782077,0.0,2.344554240303129
16.098,0.0,-0.8390044915782138,0.0,2.038927940319078,0.0,2.3341226146154286
16.1,0.0,-0.8349219744213996,0.0,2.0435857295256494,0.0,2.3236617223982683
16.102,0.0,-0.8308301626274255,0.0,2.048222567763357,0.0,2.3131716622199474
16.104,0.0,-0.8267290981564989,0.0,2.0528383967951727,0.0,2.302652533038021
16.106,0.0,-0.8226188230850768,0.0,2.0574331585823984,0.0,2.2921044341984667
16.108,0.0,-0.8184993796055569,0.0,2.062006795285349,0.0,2.2815274654351323
16.11,0.0,-0.814370810025763,0.0,2.066559249264254,0.0,2.2709217268686404
16.112000000000002,0.0,-0.8102331567686114,0.0,2.0710904630799534,0.0,2.260287319005752
16.114,0.0,-0.8060864623717134,0.0,2.0756003794946674,0.0,2.2496243427385827
16.116,0.0,-0.8019307694869315,0.0,2.08008894147281,0.0,2.238932899343686
16.118000000000002,0.0,-0.7977661208800004,0.0,2.084556092181727,0.0,2.2282130904813022
16.12,0.0,-0.7935925594301358,0.0,2.08900177499245,0.0,2.2174650181945803
16.122,0.0,-0.789410128129592,0.0,2.0934259334804897,0.0,2.2066887849086645
16.124,0.0,-0.7852188700832547,0.0,2.0978285114266053,0.0,2.195884493429862
16.126,0.0,-0.7810188285082554,0.0,2.1022094528175352,0.0,2.1850522469448848
16.128,0.0,-0.776810046733559,0.0,2.1065687018467543,0.0,2.174192149019998
16.13,0.0,-0.7725925681995135,0.0,2.110906202915276,0.0,2.1633043036000896
16.132,0.0,-0.7683664364574657,0.0,2.1152219006323696,0.0,2.1523888150078934
16.134,0.0,-0.7641316951693399,0.0,2.1195157398163222,0.0,2.1414457879431232
16.136,0.0,-0.7598883881072136,0.0,2.1237876654951973,0.0,2.130475327481599
16.138,0.0,-0.7556365591528754,0.0,2.1280376229076094,0.0,2.1194775390743223
16.14,0.0,-0.7513762522974619,0.0,2.1322655575034095,0.0,2.1084525285467532
16.142,0.0,-0.7471075116409707,0.0,2.136471414944505,0.0,2.097400402097774
16.144000000000002,0.0,-0.742830381391872,0.0,2.1406551411055625,0.0,2.086321266298897
16.146,0.0,-0.7385449058666826,0.0,2.1448166820747536,0.0,2.0752152280933767
16.148,0.0,-0.7342511294895102,0.0,2.148955984154527,0.0,2.064082394795247
16.15,0.0,-0.7299490967916571,0.0,2.1530729938623145,0.0,2.0529228740885093
16.152,0.0,-0.7256388524111604,0.0,2.1571676579313004,0.0,2.041736774026155
16.154,0.0,-0.7213204410923937,0.0,2.161239923311124,0.0,2.030524203029342
16.156,0.0,-0.7169939076856047,0.0,2.1652897371686435,0.0,2.0192852698864097
16.158,0.0,-0.7126592971464802,0.0,2.169317046888669,0.0,2.008020083751963
16.16,0.0,-0.7083166545357423,0.0,2.173321800074664,0.0,1.9967287541460306
16.162,0.0,-0.7039660250186636,0.0,2.1773039445495175,0.0,1.9854113909530169
16.164,0.0,-0.6996074538646598,0.0,2.1812634283562433,0.0,1.9740681044208577
16.166,0.0,-0.695240986446845,0.0,2.1852001997587083,0.0,1.9626990051600623
16.168,0.0,-0.6908666682415747,0.0,2.189114207242372,0.0,1.9513042041427393
16.17,0.0,-0.6864845448280156,0.0,2.193005399514994,0.0,1.9398838127016835
16.172,0.0,-0.6820946618877057,0.0,2.1968737255073507,0.0,1.9284379425294336
16.174,0.0,-0.6776970652040791,0.0,2.20071913437398,0.0,1.9169667056772426
16.176000000000002,0.0,-0.6732918006620409,0.0,2.2045415754938755,0.0,1.905470214554173
16.178,0.0,-0.6688789142475369,0.0,2.2083409984711855,0.0,1.8939485819261794
16.18,0.0,-0.6644584520470458,0.0,2.2121173531359757,0.0,1.8824019209149876
16.182,0.0,-0.6600304602471736,0.0,2.2158705895448954,0.0,1.8708303449972346
16.184,0.0,-0.6555949851341815,0.0,2.219600657981909,0.0,1.8592339680034455
16.186,0.0,-0.6511520730935535,0.0,2.223307508958977,0.0,1.8476129041170972
16.188,0.0,-0.6467017706095024,0.0,2.2269910932167942,0.0,1.8359672678735315
16.19,0.0,-0.6422441242645204,0.0,2.230651361725486,0.0,1.8242971741589762
16.192,0.0,-0.6377791807389679,0.0,2.234288265685269,0.0,1.8126027382096745
16.194,0.0,-0.6333069868105359,0.0,2.2379017565272115,0.0,1.800884075610668
16.196,0.0,-0.6288275893538312,0.0,2.2414917859138948,0.0,1.7891413022949154
16.198,0.0,-0.6243410353399228,0.0,2.245058305740095,0.0,1.777374534542295
16.2,0.0,-0.6198473718358332,0.0,2.248601268133514,0.0,1.7655838889784685
16.202,0.0,-0.6153466460041056,0.0,2.252120625455443,0.0,1.7537694825739443
16.204,0.0,-0.6108389051023363,0.0,2.2556163303014496,0.0,1.7419314326430404
16.206,0.0,-0.6063241964826711,0.0,2.259088335502092,0.0,1.7300698568427582
16.208000000000002,0.0,-0.601802567591379,0.0,2.2625365941235707,0.0,1.7181848731718594
16.21,0.0,-0.5972740659683647,0.0,2.2659610594684194,0.0,1.706276599969771
16.212,0.0,-0.5927387392466767,0.0,2.269361685076202,0.0,1.6943451559154878
16.214,0.0,-0.5881966351520467,0.0,2.2727384247241784,0.0,1.6823906600265497
16.216,0.0,-0.5836478015024135,0.0,2.2760912324279814,0.0,1.6704132316579803
16.218,0.0,-0.5790922862074604,0.0,2.2794200624422816,0.0,1.65841299050126
16.22,0.0,-0.5745301372681122,0.0,2.2827248692614726,0.0,1.6463900565831842
16.222,0.0,-0.5699614027760544,0.0,2.2860056076203437,0.0,1.6343445502647895
16.224,0.0,-0.565386130913292,0.0,2.289262232494721,0.0,1.622276592240377
16.226,0.0,-0.5608043699515969,0.0,2.292494699102175,0.0,1.6101863035362363
16.228,0.0,-0.5562161682520883,0.0,2.295702962902647,0.0,1.5980738055097308
16.23,0.0,-0.5516215742647278,0.0,2.2988869795991165,0.0,1.5859392198481435
16.232,0.0,-0.5470206365278074,0.0,2.3020467051382827,0.0,1.5737826685675123
16.234,0.0,-0.5424134036674915,0.0,2.3051820957111957,0.0,1.5616042740116018
16.236,0.0,-0.5377999243973223,0.0,2.308293107753918,0.0,1.549404158850779
16.238,0.0,-0.5331802475177144,0.0,2.3113796979481847,0.0,1.537182446080854
16.240000000000002,0.0,-0.5285544219154781,0.0,2.3144418232220443,0.0,1.5249392590220074
16.242,0.0,-0.523922496563325,0.0,2.317479440750504,0.0,1.5126747213176561
16.244,0.0,-0.5192845205193649,0.0,2.3204925079561862,0.0,1.500388956933299
16.246,0.0,-0.5146405429266138,0.0,2.3234809825099645,0.0,1.4880820901553984
16.248,0.0,-0.5099906130124823,0.0,2.3264448223316117,0.0,1.4757542455901929
16.25,0.0,-0.505334780088332,0.0,2.329383985590411,0.0,1.4634055481627049
16.252,0.0,-0.5006730935488959,0.0,2.3322984307058374,0.0,1.4510361231153779
16.254,0.0,-0.49600560287182205,0.0,2.3351881163481627,0.0,1.4386460960070369
16.256,0.0,-0.4913323576172074,0.0,2.338053001439069,0.0,1.4262355927118293
16.258,0.0,-0.4866534074270029,0.0,2.3408930451523293,0.0,1.4138047394178144
16.26,0.0,-0.48196880202456427,0.0,2.3437082069144055,0.0,1.401353662625946
16.262,0.0,-0.4772785912141918,0.0,2.34649844640504,0.0,1.3888824891490177
16.264,0.0,-0.47258282488051684,0.0,2.349263723557948,0.0,1.3763913461102062
16.266000000000002,0.0,-0.4678815529880641,0.0,2.352003998561389,0.0,1.3638803609420718
16.268,0.0,-0.4631748255807416,0.0,2.3547192318587875,0.0,1.3513496613853744
16.27,0.0,-0.45846269278131,0.0,2.3574093841493604,0.0,1.338799375487827
16.272000000000002,0.0,-0.45374520479085,0.0,2.3600744163887404,0.0,1.3262296316028432
16.274,0.0,-0.4490224118883092,0.0,2.3627142897895514,0.0,1.3136405583885002
16.276,0.0,-0.4442943644299479,0.0,2.36532896582204,0.0,1.3010322848062246
16.278,0.0,-0.4395611128487969,0.0,2.3679184062146947,0.0,1.2884049401195101
16.28,0.0,-0.4348227076541967,0.0,2.3704825729548182,0.0,1.275758653892855
16.282,0.0,-0.4300791994312543,0.0,2.3730214282891424,0.0,1.2630935559904721
16.284,0.0,-0.4253306388403125,0.0,2.375534934724431,0.0,1.2504097765750397
16.286,0.0,-0.4205770766164458,0.0,2.3780230550280685,0.0,1.2377074461065098
16.288,0.0,-0.41581856356894253,0.0,2.380485752228652,0.0,1.2249866953408906
16.29,0.0,-0.41105515058075176,0.0,2.3829229896165924,0.0,1.2122476553289216
16.292,0.0,-0.4062868886079797,0.0,2.3853347307446975,0.0,1.1994904574148906
16.294,0.0,-0.40151382867939955,0.0,2.387720939428739,0.0,1.186715233235479
16.296,0.0,-0.396736021895854,0.0,2.3900815797480712,0.0,1.1739221147183185
16.298000000000002,0.0,-0.3919535194297576,0.0,2.3924166160461935,0.0,1.1611112340808147
16.3,0.0,-0.3871663725246143,0.0,2.3947260129313133,0.0,1.1482827238290139
16.302,0.0,-0.3823746324944055,0.0,2.3970097352769533,0.0,1.1354367167561108
16.304000000000002,0.0,-0.37757835072310486,0.0,2.399267748222507,0.0,1.1225733459413063
16.306,0.0,-0.37277757866418204,0.0,2.401500017173794,0.0,1.109692744748629
16.308,0.0,-0.36797236783997145,0.0,2.4037065078036703,0.0,1.0967950468253918
16.31,0.0,-0.36316276984123064,0.0,2.405887186052554,0.0,1.083880386101159
16.312,0.0,-0.358348836326542,0.0,2.408042018129012,0.0,1.0709488967862866
16.314,0.0,-0.35353061902184924,0.0,2.410170970510294,0.0,1.058000713370831
16.316,0.0,-0.34870816971982027,0.0,2.412274009942928,0.0,1.0450359706229806
16.318,0.0,-0.3438815402793655,0.0,2.4143511034432565,0.0,1.0320548035879122
16.32,0.0,-0.3390507826251444,0.0,2.416402218297965,0.0,1.019057347586608
16.322,0.0,-0.33421594874690963,0.0,2.4184273220646815,0.0,1.0060437382142364
16.324,0.0,-0.3293770906990587,0.0,2.420426382572483,0.0,0.9930141113390902
16.326,0.0,-0.32453426060006413,0.0,2.4223993679224565,0.0,0.9799686031011975
16.328,0.0,-0.3196875106319082,0.0,2.4243462464882426,0.0,0.9669073499109401
16.330000000000002,0.0,-0.3148368930395372,0.0,2.4262669869165805,0.0,0.9538304884477254
16.332,0.0,-0.3099824601303827,0.0,2.4281615581278144,0.0,0.9407381556588377
16.334,0.0,-0.3051242642737249,0.0,2.430029929316465,0.0,0.92763048875786
16.336000000000002,0.0,-0.3002623579001594,0.0,2.4318720699517513,0.0,0.9145076252233751
16.338,0.0,-0.29539679350112064,0.0,2.433687949778095,0.0,0.9013697027978178
16.34,0.0,-0.29052762362825224,0.0,2.435477538815676,0.0,0.8882168594859133
16.342,0.0,-0.2856549008928657,0.0,2.4372408073609497,0.0,0.8750492335533497
16.344,0.0,-0.28077867796542383,0.0,2.4389777259871552,0.0,0.8618669635255188
16.346,0.0,-0.2758990075749709,0.0,2.4406882655448388,0.0,0.8486701881861101
16.348,0.0,-0.2710159425085462,0.0,2.442372397162379,0.0,0.8354590465756582
16.35,0.0,-0.2661295356106751,0.0,2.444030092246488,0.0,0.8222336779902997
16.352,0.0,-0.261239839782801,0.0,2.4456613224827177,0.0,0.8089942219803676
16.354,0.0,-0.25634690798268045,0.0,2.4472660598359868,0.0,0.7957408183488841
16.356,0.0,-0.2514507932238813,0.0,2.448844276551065,0.0,0.7824736071503309
16.358,0.0,-0.24655154857521722,0.0,2.450395945153077,0.0,0.769192728689248
16.36,0.0,-0.24164922716015003,0.0,2.4519210384480092,0.0,0.7558983235187394
16.362000000000002,0.0,-0.23674388215624304,0.0,2.453419529523207,0.0,0.7425905324391204
16.364,0.0,-0.2318355667946344,0.0,2.4548913917478505,0.0,0.729269496496614
16.366,0.0,-0.22692433435939993,0.0,2.456336598773471,0.0,0.715935356981747
16.368000000000002,0.0,-0.2220102381870504,0.0,2.4577551245344154,0.0,0.7025882554281101
16.37,0.0,-0.2170933316659553,0.0,2.4591469432483386,0.0,0.6892283336109171
16.372,0.0,-0.21217366823576514,0.0,2.460512029416686,0.0,0.6758557335455562
16.374,0.0,-0.2072513013868117,0.0,2.4618503578251834,0.0,0.6624705974860849
16.376,0.0,-0.2023262846595969,0.0,2.463161903544291,0.0,0.6490730679239562
16.378,0.0,-0.1973986716441915,0.0,2.4644466419296918,0.0,0.6356632875865068
16.38,0.0,-0.19246851597967973,0.0,2.465704548622756,0.0,0.6222413994355628
16.382,0.0,-0.1875358713535506,0.0,2.4669355995510163,0.0,0.6088075466659019
16.384,0.0,-0.18260079150118325,0.0,2.468139770928619,0.0,0.5953618727039668
16.386,0.0,-0.17766333020521505,0.0,2.4693170392568016,0.0,0.5819045212062628
16.388,0.0,-0.17272354129499876,0.0,2.47046738132434,0.0,0.5684356360579902
16.39,0.0,-0.16778147864603749,0.0,2.4715907742080048,0.0,0.5549553613716203
16.392,0.0,-0.1628371961793872,0.0,2.472687195273021,0.0,0.541463841485378
16.394000000000002,0.0,-0.15789074786106336,0.0,2.4737566221735166,0.0,0.5279612209617348
16.396,0.0,-0.15294218770151036,0.0,2.4747990328529617,0.0,0.5144476445860726
16.398,0.0,-0.1479915697549854,0.0,2.4758144055446247,0.0,0.5009232573651118
16.4,0.0,-0.14303894811898366,0.0,2.476802718772005,0.0,0.4873882045254488
16.402,0.0,-0.13808437693366798,0.0,2.4777639513492735,0.0,0.47384263151210787
16.404,0.0,-0.1331279103812925,0.0,2.4786980823817073,0.0,0.460286683987072
16.406,0.0,-0.12816960268558808,0.0,2.479605091266125,0.0,0.4467205078277088
16.408,0.0,-0.12320950811120535,0.0,2.480484957691318,0.0,0.4331442491253529
16.41,0.0,-0.11824768096314096,0.0,2.4813376616384644,0.0,0.419558054183839
16.412,0.0,-0.11328417558613116,0.0,2.4821631833815654,0.0,0.40596206951794633
16.414,0.0,-0.10831904636403912,0.0,2.482961503487866,0.0,0.3923564418518226
16.416,0.0,-0.10335234771936906,0.0,2.4837326028182565,0.0,0.3787413181177545
16.418,0.0,-0.09838413411252966,0.0,2.4844764625277107,0.0,0.36511684545424966
16.42,0.0,-0.0934144600413731,0.0,2.4851930640656787,0.0,0.35148317120487194
16.422,0.0,-0.08844338004055251,0.0,2.485882389176501,0.0,0.3378404429165779
16.424,0.0,-0.0834709486809371,0.0,2.4865444198998143,0.0,0.3241888083382094
16.426000000000002,0.0,-0.0784972205689946,0.0,2.487179138570956,0.0,0.31052841541889525
16.428,0.0,-0.07352225034626855,0.0,2.487786527821357,0.0,0.29685941230671153
16.43,0.0,-0.0685460926887167,0.0,2.4883665705789455,0.0,0.2831819473469588
16.432,0.0,-0.06356880230614399,0.0,2.4889192500685358,0.0,0.2694961690806977
16.434,0.0,-0.05859043394161394,0.0,2.489444549812217,0.0,0.25580222624322324
16.436,0.0,-0.05361104237084825,0.0,2.4899424536297423,0.0,0.24210026776250576
16.438,0.0,-0.048630682401641784,0.0,2.490412945638912,0.0,0.2283904427576719
16.44,0.0,-0.04364940887322881,0.0,2.490856010255958,0.0,0.21467290053735047
16.442,0.0,-0.03866727665573903,0.0,2.4912716321959123,0.0,0.2009477905982633
16.444,0.0,-0.033684340649562314,0.0,2.49165979647299,0.0,0.18721526262356325
16.446,0.0,-0.02870065578474995,0.0,2.4920204884009576,0.0,0.1734754664812715
16.448,0.0,-0.023716277020452464,0.0,2.4923536935935005,0.0,0.1597285522228138
16.45,0.0,-0.018731259344271493,0.0,2.492659397964589,0.0,0.14597467008131798
16.452,0.0,-0.013745657771669475,0.0,2.4929375877288416,0.0,0.1322139704700696
16.454,0.0,-0.008759527345415973,0.0,2.4931882494018804,0.0,0.11844660398106681
16.456,0.0,-0.0037729231349213598,0.0,2.49341136980069,0.0,0.10467272138326292
16.458000000000002,0.0,0.0012140997643449482,0.0,2.4936069360439674,0.0,0.09089247362104064
16.46,0.0,0.006201486231426287,0.0,2.493774935552473,0.0,0.07710601181271226
16.462,0.0,0.011189181120531182,0.0,2.4939153560493765,0.0,0.06331348724879553
16.464,0.0,0.016177129261622524,0.0,2.4940281855606012,0.0,0.04951505139046238
16.466,0.0,0.021165275461002095,0.0,2.494113412415159,0.0,0.03571085586799939
16.468,0.0,0.026153564501927747,0.0,2.494171025245492,0.0,0.021901052479175967
16.47,0.0,0.03114194114524723,0.0,2.494201012987803,0.0,0.008085793187564888
16.472,0.0,0.03613035012997409,0.0,2.494203364882389,0.0,-0.005734769878978432
16.474,0.0,0.04111873617390683,0.0,2.4941780704739607,0.0,-0.019560484429958044
16.476,0.0,0.0461070439742274,0.0,2.4941251196119767,0.0,-0.03339119801382426
16.478,0.0,0.05109521820814832,0.0,2.4940445024509548,0.0,-0.04722675801969607
16.48,0.0,0.05608320353346452,0.0,2.493936209450793,0.0,-0.061067011678822156
16.482,0.0,0.06107094458922297,0.0,2.493800231377083,0.0,-0.07491180606636913
16.484,0.0,0.06605838599630248,0.0,2.493636559301424,0.0,-0.08876098810296344
16.486,0.0,0.07104547235801002,0.0,2.4934451846017236,0.0,-0.10261440455627925
16.488,0.0,0.07603214826074155,0.0,2.4932260989625066,0.0,-0.11647190204280845
16.490000000000002,0.0,0.08101835827455826,0.0,2.492979294375216,0.0,-0.13033332702939665
16.492,0.0,0.08600404695380616,0.0,2.492704763138507,0.0,-0.14419852583490125
16.494,0.0,0.0909891588377413,0.0,2.492402497858545,0.0,-0.15806734463186697
16.496,0.0,0.09597363845113979,0.0,2.4920724914492967,0.0,-0.1719396294481616
16.498,0.0,0.10095743030492438,0.0,2.4917147371328134,0.0,-0.18581522616865756
16.5,0.0,0.10594047889674899,0.0,2.4913292284395205,0.0,-0.1996939805367998
16.502,0.0,0.11092272871164759,0.0,2.4909159592084955,0.0,-0.21357573815635378
16.504,0.0,0.11590412422265187,0.0,2.490474923587747,0.0,-0.2274603444930688
16.506,0.0,0.12088460989137206,0.0,2.490006116034489,0.0,-0.24134764487623886
16.508,0.0,0.12586413016866888,0.0,2.4895095313154116,0.0,-0.25523748450052147
16.51,0.0,0.1308426294952408,0.0,2.488985164506948,0.0,-0.2691297084275196
16.512,0.0,0.13582005230222255,0.0,2.4884330109955437,0.0,-0.2830241615873986
16.514,0.0,0.14079634301186914,0.0,2.4878530664779084,0.0,-0.2969206887807419
16.516000000000002,0.0,0.1457714460381342,0.0,2.4872453269612795,0.0,-0.3108191346801145
16.518,0.0,0.15074530578725942,0.0,2.486609788763682,0.0,-0.324719343831659
16.52,0.0,0.15571786665847595,0.0,2.4859464485141682,0.0,-0.33862116065700554
16.522000000000002,0.0,0.16068907304456842,0.0,2.48525530315307,0.0,-0.35252442945479884
16.524,0.0,0.16565886933250823,0.0,2.4845363499322466,0.0,-0.36642899440242327
16.526,0.0,0.17062719990408765,0.0,2.4837895864153205,0.0,-0.38033469955772814
16.528,0.0,0.1755940091365433,0.0,2.4830150104779154,0.0,-0.3942413888607288
16.53,0.0,0.18055924140317006,0.0,2.4822126203078936,0.0,-0.40814890613527954
16.532,0.0,0.18552284107395092,0.0,2.4813824144055836,0.0,-0.42205709509079403
16.534,0.0,0.19048475251617691,0.0,2.4805243915840096,0.0,-0.43596579932394053
16.536,0.0,0.19544492009508851,0.0,2.4796385509691095,0.0,-0.4498748623203963
16.538,0.0,0.2004032881744755,0.0,2.4787248919999656,0.0,-0.46378412745649156
16.54,0.0,0.20535980111734,0.0,2.47778341442901,0.0,-0.4776934380010274
16.542,0.0,0.21031440328649742,0.0,2.4768141183222445,0.0,-0.4916026371169258
16.544,0.0,0.21526703904518785,0.0,2.475817004059453,0.0,-0.505511567862906
16.546,0.0,0.22021765275774588,0.0,2.4747920723344015,0.0,-0.5194200731953306
16.548000000000002,0.0,0.22516618879021844,0.0,2.4737393241550407,0.0,-0.5333279959699055
16.55,0.0,0.23011259151094562,0.0,2.4726587608437183,0.0,-0.5472351789432784
16.552,0.0,0.23505680529124806,0.0,2.4715503840373616,0.0,-0.561141464774937
16.554000000000002,0.0,0.2399987745060613,0.0,2.4704141956876677,0.0,-0.5750466960289612
16.556,0.0,0.2449384435344812,0.0,2.4692501980613137,0.0,-0.5889507151755262
16.558,0.0,0.24987575676049947,0.0,2.4680583937401175,0.0,-0.6028533645929431
16.56,0.0,0.2548106585735658,0.0,2.4668387856212344,0.0,-0.6167544865692113
16.562,0.0,0.25974309336925533,0.0,2.465591376917332,0.0,-0.6306539233038725
16.564,0.0,0.26467300554986334,0.0,2.464316171156768,0.0,-0.6445515169096565
16.566,0.0,0.26960033952506274,0.0,2.4630131721837607,0.0,-0.658447109414311
16.568,0.0,0.27452503971255193,0.0,2.461682384158549,0.0,-0.6723405427624017
16.57,0.0,0.27944705053863983,0.0,2.4603238115575716,0.0,-0.6862316588169389
16.572,0.0,0.2843663164389201,0.0,2.4589374591736184,0.0,-0.7001202993612592
16.574,0.0,0.2892827818588781,0.0,2.457523332115994,0.0,-0.7140063061007156
16.576,0.0,0.294196391254545,0.0,2.456081435810665,0.0,-0.7278895206645021
16.578,0.0,0.29910708909311007,0.0,2.4546117760004162,0.0,-0.7417697846073673
16.580000000000002,0.0,0.3040148198535808,0.0,2.4531143587449913,0.0,-0.7556469394114588
16.582,0.0,0.3089195280273752,0.0,2.451589190421252,0.0,-0.7695208264879821
16.584,0.0,0.313821158119003,0.0,2.450036277723297,0.0,-0.783391287179109
16.586000000000002,0.0,0.3187196546466849,0.0,2.448455627662608,0.0,-0.7972581627597143
16.588,0.0,0.323614962142961,0.0,2.4468472475681895,0.0,-0.8111212944390849
16.59,0.0,0.32850702515535235,0.0,2.4452111450866902,0.0,-0.8249805233627776
16.592,0.0,0.33339578824701177,0.0,2.443547328182521,0.0,-0.8388356906144521
16.594,0.0,0.33828119599732337,0.0,2.4418558051379935,0.0,-0.8526866372175566
16.596,0.0,0.3431631930025329,0.0,2.4401365845534375,0.0,-0.8665332041371063
16.598,0.0,0.3480417238764465,0.0,2.4383896753472953,0.0,-0.8803752322816553
16.6,0.0,0.3529167332509942,0.0,2.436615086756257,0.0,-0.8942125625048849
16.602,0.0,0.35778816577691347,0.0,2.4348128283353536,0.0,-0.9080450356075387
16.604,0.0,0.3626559661243545,0.0,2.432982909958074,0.0,-0.9218724923391353
16.606,0.0,0.36752007898356426,0.0,2.431125341816443,0.0,-0.9356947733999033
16.608,0.0,0.37238044906544576,0.0,2.4292401344211516,0.0,-0.9495117194423691
16.61,0.0,0.3772370211022885,0.0,2.4273272986016146,0.0,-0.9633231710734295
16.612000000000002,0.0,0.38208973984832895,0.0,2.425386845506089,0.0,-0.9771289688559415
16.614,0.0,0.3869385500804342,0.0,2.423418786601742,0.0,-0.9909289533106697
16.616,0.0,0.3917833965987094,0.0,2.421423133674745,0.0,-1.0047229649180105
16.618000000000002,0.0,0.3966242242271869,0.0,2.4193998988303362,0.0,-1.0185108441199606
16.62,0.0,0.4014609778143671,0.0,2.4173490944929292,0.0,-1.0322924313216548
16.622,0.0,0.40629360223398026,0.0,2.4152707334061376,0.0,-1.0460675668935417
16.624,0.0,0.41112204238552175,0.0,2.413164828632885,0.0,-1.0598360911729126
16.626,0.0,0.41594624319496826,0.0,2.4110313935554366,0.0,-1.073597844465952
16.628,0.0,0.4207661496153394,0.0,2.408870441875491,0.0,-1.0873526670493403
16.63,0.0,0.42558170662740313,0.0,2.4066819876142143,0.0,-1.101100399172281
16.632,0.0,0.4303928592402945,0.0,2.404466045112294,0.0,-1.1148408810582688
16.634,0.0,0.43519955249212905,0.0,2.402222629030004,0.0,-1.1285739529068555
16.636,0.0,0.44000173145066734,0.0,2.3999517543472426,0.0,-1.142299454895557
16.638,0.0,0.4447993412139754,0.0,2.3976534363635573,0.0,-1.1560172271817524
16.64,0.0,0.4495923269110018,0.0,2.3953276906982195,0.0,-1.1697271099043476
16.642,0.0,0.4543806337022692,0.0,2.392974533290232,0.0,-1.1834289431857663
16.644000000000002,0.0,0.45916420678050274,0.0,2.390593980398364,0.0,-1.197122567133763
16.646,0.0,0.4639429913712497,0.0,2.3881860486011908,0.0,-1.210807821843211
16.648,0.0,0.4687169327335498,0.0,2.3857507547971006,0.0,-1.2244845473980408
16.65,0.0,0.4734859761605692,0.0,2.383288116204319,0.0,-1.238152583873073
16.652,0.0,0.4782500669802001,0.0,2.3807981503609454,0.0,-1.2518117713357577
16.654,0.0,0.483009150555741,0.0,2.378280875124945,0.0,-1.2654619498481419
16.656,0.0,0.48776317228654625,0.0,2.3757363086741496,0.0,-1.279102959468752
16.658,0.0,0.4925120776086307,0.0,2.373164469506287,0.0,-1.292734640254357
16.66,0.0,0.49725581199530433,0.0,2.370565376438981,0.0,-1.3063568322618078
16.662,0.0,0.5019943209578626,0.0,2.367939048609724,0.0,-1.319969375550045
16.664,0.0,0.5067275500462056,0.0,2.3652855054758812,0.0,-1.333572110181904
16.666,0.0,0.5114554448494131,0.0,2.362604766814718,0.0,-1.347164876225792
16.668,0.0,0.5161779509964893,0.0,2.359896852723329,0.0,-1.3607475137578582
16.67,0.0,0.5208950141569574,0.0,2.3571617836186385,0.0,-1.3743198628637279
16.672,0.0,0.5256065800414492,0.0,2.3543995802374202,0.0,-1.3878817636402343
16.674,0.0,0.5303125944024148,0.0,2.3516102636362266,0.0,-1.4014330561974906
16.676000000000002,0.0,0.5350130030347575,0.0,2.34879385519136,0.0,-1.4149735806607422
16.678,0.0,0.5397077517764076,0.0,2.345950376598886,0.0,-1.4285031771720629
16.68,0.0,0.5443967865090523,0.0,2.343079849874537,0.0,-1.4420216858924835
16.682,0.0,0.5490800531587001,0.0,2.340182297353723,0.0,-1.4555289470036563
16.684,0.0,0.5537574976963646,0.0,2.3372577416914595,0.0,-1.4690248007098674
16.686,0.0,0.5584290661386846,0.0,2.3343062058623327,0.0,-1.4825090872398539
16.688,0.0,0.5630947045485569,0.0,2.3313277131604497,0.0,-1.4959816468486746
16.69,0.0,0.5677543590358163,0.0,2.3283222871993616,0.0,-1.5094423198197087
16.692,0.0,0.5724079757577994,0.0,2.325289951912053,0.0,-1.5228909464663278
16.694,0.0,0.5770555009200677,0.0,2.3222307315508206,0.0,-1.536327367134022
16.696,0.0,0.5816968807769967,0.0,2.3191446506872486,0.0,-1.5497514222021498
16.698,0.0,0.5863320616324093,0.0,2.3160317342121317,0.0,-1.5631629520858092
16.7,0.0,0.5909609898402343,0.0,2.312892007335396,0.0,-1.5765617972377874
16.702,0.0,0.5955836118051591,0.0,2.30972549558601,0.0,-1.589947798150498
16.704,0.0,0.6001998739832282,0.0,2.306532224811927,0.0,-1.6033207953577542
16.706,0.0,0.6048097228824912,0.0,2.3033122211800006,0.0,-1.616680629436702
16.708000000000002,0.0,0.6094131050636943,0.0,2.3000655111758506,0.0,-1.630027141009863
16.71,0.0,0.6140099671408101,0.0,2.2967921216038523,0.0,-1.643360170746727
16.712,0.0,0.6186002557817973,0.0,2.29349207958695,0.0,-1.656679559365999
16.714,0.0,0.6231839177091445,0.0,2.2901654125666244,0.0,-1.6699851476372347
16.716,0.0,0.6277608997005664,0.0,2.286812148302748,0.0,-1.683276776382909
16.718,0.0,0.6323311485895768,0.0,2.2834323148735227,0.0,-1.6965542864801377
16.72,0.0,0.6368946112662028,0.0,2.280025940675309,0.0,-1.7098175188628022
16.722,0.0,0.641451234677568,0.0,2.276593054422554,0.0,-1.7230663145233018
16.724,0.0,0.6460009658285377,0.0,2.273133685147664,0.0,-1.7363005145144876
16.726,0.0,0.6505437517823699,0.0,2.269647862200867,0.0,-1.7495199599516094
16.728,0.0,0.6550795396613357,0.0,2.2661356152501044,0.0,-1.7627244920141867
16.73,0.0,0.6596082766473502,0.0,2.262596974280899,0.0,-1.775913951947898
16.732,0.0,0.6641299099826362,0.0,2.259031969596196,0.0,-1.7890881810665757
16.734,0.0,0.6686443869703299,0.0,2.255440631816256,0.0,-1.8022470207540366
16.736,0.0,0.6731516549751256,0.0,2.2518229918784964,0.0,-1.815390312466019
16.738,0.0,0.6776516614238998,0.0,2.248179081037358,0.0,-1.8285178977320657
16.740000000000002,0.0,0.6821443538063829,0.0,2.2445089308641273,0.0,-1.8416296181575575
16.742,0.0,0.6866296796757274,0.0,2.2408125732468287,0.0,-1.8547253154254224
16.744,0.0,0.6911075866492016,0.0,2.237090040390026,0.0,-1.8678048312982418
16.746,0.0,0.6955780224087945,0.0,2.233341364814678,0.0,-1.8808680076200746
16.748,0.0,0.7000409347018679,0.0,2.2295665793579613,0.0,-1.8939146863184373
16.75,0.0,0.7044962713417406,0.0,2.22576571717314,0.0,-1.9069447094060799
16.752,0.0,0.7089439802083732,0.0,2.221938811729353,0.0,-1.9199579189830636
16.754,0.0,0.7133840092489985,0.0,2.2180858968114268,0.0,-1.932954157238666
16.756,0.0,0.7178163064787022,0.0,2.214207006519755,0.0,-1.9459332664531672
16.758,0.0,0.7222408199810952,0.0,2.2103021752700647,0.0,-1.9588950889998842
16.76,0.0,0.7266574979089584,0.0,2.2063714377932233,0.0,-1.971839467347138
16.762,0.0,0.7310662884848125,0.0,2.2024148291350962,0.0,-1.9847662440599976
16.764,0.0,0.7354671400016075,0.0,2.198432384656302,0.0,-1.9976752618023796
16.766000000000002,0.0,0.7398600008233341,0.0,2.1944241400320257,0.0,-2.010566363338922
16.768,0.0,0.7442448193856249,0.0,2.1903901312518417,0.0,-2.023439391536822
16.77,0.0,0.7486215441964286,0.0,2.186330394619463,0.0,-2.0362941893678985
16.772000000000002,0.0,0.7529901238366108,0.0,2.18224496675256,0.0,-2.049130599910443
16.774,0.0,0.7573505069605675,0.0,2.1781338845825537,0.0,-2.061948466351094
16.776,0.0,0.7617026422968902,0.0,2.1739971853543665,0.0,-2.074747631986883
16.778,0.0,0.7660464786489681,0.0,2.169834906626216,0.0,-2.087527940227088
16.78,0.0,0.7703819648956394,0.0,2.165647086269372,0.0,-2.1002892345952304
16.782,0.0,0.7747090499917506,0.0,2.1614337624679845,0.0,-2.1130313587308143
16.784,0.0,0.7790276829688667,0.0,2.1571949737187732,0.0,-2.125754156391503
16.786,0.0,0.7833378129358628,0.0,2.152930758830816,0.0,-2.1384574714549447
16.788,0.0,0.7876393890795077,0.0,2.148641156925352,0.0,-2.151141147920592
16.79,0.0,0.7919323606651614,0.0,2.14432620743546,0.0,-2.163805029911836
16.792,0.0,0.7962166770373522,0.0,2.139985950105855,0.0,-2.176448961677811
16.794,0.0,0.8004922876203913,0.0,2.1356204249926476,0.0,-2.189072787595294
16.796,0.0,0.8047591419190359,0.0,2.13122967246304,0.0,-2.20167635217076
16.798000000000002,0.0,0.8090171895190796,0.0,2.126813733195101,0.0,-2.2142595000422167
16.8,0.0,0.8132663800879782,0.0,2.122372648177494,0.0,-2.2268220759811514
16.802,0.0,0.8175066633754795,0.0,2.1179064587092,0.0,-2.2393639248944863
16.804000000000002,0.0,0.8217379892142485,0.0,2.1134152063992384,0.0,-2.2518848918265286
16.806,0.0,0.8259603075204556,0.0,2.1088989331664267,0.0,-2.2643848219608045
16.808,0.0,0.8301735682944411,0.0,2.1043576812390503,0.0,-2.2768635606221332
16.81,0.0,0.8343777216212969,0.0,2.0997914931546156,0.0,-2.289320953278444
16.812,0.0,0.8385727176715085,0.0,2.0952004117595386,0.0,-2.3017568455427786
16.814,0.0,0.8427585067015583,0.0,2.0905844802088684,0.0,-2.3141710831751836
16.816,0.0,0.8469350390545428,0.0,2.0859437419659894,0.0,-2.32656351208465
16.818,0.0,0.8511022651608107,0.0,2.081278240802298,0.0,-2.3389339783311
16.82,0.0,0.8552601355385219,0.0,2.0765880207969634,0.0,-2.3512823281271644
16.822,0.0,0.859408600794346,0.0,2.0718731263365253,0.0,-2.363608407840348
16.824,0.0,0.8635476116240198,0.0,2.0671336021146454,0.0,-2.3759120639948037
16.826,0.0,0.8676771188129611,0.0,2.0623694931317957,0.0,-2.388193143273263
16.828,0.0,0.8717970732368991,0.0,2.0575808446949164,0.0,-2.4004514925190215
16.830000000000002,0.0,0.8759074258625057,0.0,2.0527677024170754,0.0,-2.4126869587379214
16.832,0.0,0.8800081277479493,0.0,2.047930112217203,0.0,-2.4248993891001187
16.834,0.0,0.8840991300435681,0.0,2.0430681203196936,0.0,-2.4370886309421933
16.836000000000002,0.0,0.8881803839924456,0.0,2.0381817732541117,0.0,-2.4492545317689816
16.838,0.0,0.8922518409310206,0.0,2.0332711178548504,0.0,-2.4613969392555055
16.84,0.0,0.8963134522897267,0.0,2.028336201260757,0.0,-2.473515701248998
16.842,0.0,0.9003651695935537,0.0,2.0233770709148415,0.0,-2.485610665770695
16.844,0.0,0.9044069444627115,0.0,2.0183937745638585,0.0,-2.4976816810179248
16.846,0.0,0.908438728613168,0.0,2.013386360258038,0.0,-2.5097285953658446
16.848,0.0,0.9124604738573292,0.0,2.0083548763506367,0.0,-2.5217512573695795
16.85,0.0,0.916472132104606,0.0,2.0032993714976275,0.0,-2.5337495157660515
16.852,0.0,0.9204736553619898,0.0,1.998219894657366,0.0,-2.5457232194758066
16.854,0.0,0.9244649957347371,0.0,1.9931164950901243,0.0,-2.5576722176051945
16.856,0.0,0.9284461054269056,0.0,1.9879892223578002,0.0,-2.569596359448091
16.858,0.0,0.9324169367419612,0.0,1.9828381263235373,0.0,-2.581495494487845
16.86,0.0,0.936377442083427,0.0,1.9776632571512816,0.0,-2.5933694723993383
16.862000000000002,0.0,0.9403275739554489,0.0,1.972464665305444,0.0,-2.6052181430508226
16.864,0.0,0.944267284963374,0.0,1.9672424015505408,0.0,-2.6170413565057644
16.866,0.0,0.9481965278144107,0.0,1.9619965169507212,0.0,-2.628838963024963
16.868000000000002,0.0,0.9521152553181867,0.0,1.9567270628694238,0.0,-2.6406108130683505
16.87,0.0,0.9560234203873398,0.0,1.9514340909689902,0.0,-2.6523567572968987
16.872,0.0,0.9599209760381463,0.0,1.9461176532102131,0.0,-2.6640766465746313
16.874,0.0,0.9638078753910992,0.0,1.940777801851962,0.0,-2.675770331970508
16.876,0.0,0.9676840716715225,0.0,1.9354145894507349,0.0,-2.6874376647603846
16.878,0.0,0.9715495182101103,0.0,1.9300280688603295,0.0,-2.699078496428788
16.88,0.0,0.9754041684435932,0.0,1.9246182932313158,0.0,-2.7106926786710415
16.882,0.0,0.9792479759153001,0.0,1.9191853160106633,0.0,-2.722280063395104
16.884,0.0,0.9830808942757332,0.0,1.9137291909413328,0.0,-2.7338405027234294
16.886,0.0,0.986902877283184,0.0,1.9082499720618142,0.0,-2.7453738489949755
16.888,0.0,0.9907138788043213,0.0,1.9027477137056932,0.0,-2.7568799547670952
16.89,0.0,0.9945138528147666,0.0,1.8972224705012346,0.0,-2.7683586728174308
16.892,0.0,0.9983027533996967,0.0,1.8916742973709184,0.0,-2.7798098561458646
16.894000000000002,0.0,1.0020805347544393,0.0,1.8861032495309848,0.0,-2.791233357976462
16.896,0.0,1.0058471511850198,0.0,1.8805093824910406,0.0,-2.8026290317592655
16.898,0.0,1.0096025571087925,0.0,1.8748927520535419,0.0,-2.8139967311723484
16.9,0.0,1.0133467070550195,0.0,1.869253414313341,0.0,-2.825336310123706
16.902,0.0,1.017079555665434,0.0,1.8635914256572594,0.0,-2.836647622753108
16.904,0.0,1.0208010576948223,0.0,1.8579068427636243,0.0,-2.8479305234340084
16.906,0.0,1.0245111680116337,0.0,1.8521997226017586,0.0,-2.859184866775543
16.908,0.0,1.0282098415985512,0.0,1.8464701224315214,0.0,-2.870410507624399
16.91,0.0,1.0318970335530524,0.0,1.8407180998028638,0.0,-2.8816073010666687
16.912,0.0,1.0355726990880072,0.0,1.8349437125553183,0.0,-2.8927751024298183
16.914,0.0,1.039236793532274,0.0,1.8291470188174883,0.0,-2.903913767284641
16.916,0.0,1.0428892723312262,0.0,1.8233280770066402,0.0,-2.91502315144701
16.918,0.0,1.0465300910473787,0.0,1.8174869458281313,0.0,-2.9261031109799416
16.92,0.0,1.050159205360949,0.0,1.8116236842749374,0.0,-2.937153502195445
16.922,0.0,1.0537765710704088,0.0,1.805738351627192,0.0,-2.9481741816563614
16.924,0.0,1.0573821440930953,0.0,1.7998310074516175,0.0,-2.9591650061783774
16.926000000000002,0.0,1.060975880465766,0.0,1.7939017116010518,0.0,-2.9701258328318696
16.928,0.0,1.0645577363451388,0.0,1.7879505242139846,0.0,-2.981056518943712
16.93,0.0,1.068127668008532,0.0,1.7819775057139338,0.0,-2.9919569220993862
16.932,0.0,1.071685631854384,0.0,1.7759827168090017,0.0,-3.002826900144716
16.934,0.0,1.0752315844028224,0.0,1.769966218491358,0.0,-3.013666311187773
16.936,0.0,1.0787654822962505,0.0,1.7639280720366788,0.0,-3.0244750136008247
16.938,0.0,1.0822872822999092,0.0,1.7578683390036236,0.0,-3.035252866022216
16.94,0.0,1.0857969413024362,0.0,1.7517870812333154,0.0,-3.045999727358241
16.942,0.0,1.0892944163164286,0.0,1.7456843608488,0.0,-3.0567154567850223
16.944,0.0,1.0927796644790166,0.0,1.7395602402544927,0.0,-3.0673999137504344
16.946,0.0,1.0962526430524293,0.0,1.7334147821356214,0.0,-3.078052957976002
16.948,0.0,1.0997133094245188,0.0,1.7272480494577473,0.0,-3.0886744494586713
16.95,0.0,1.1031616211093689,0.0,1.7210601054661223,0.0,-3.099264248472848
16.952,0.0,1.1065975357478484,0.0,1.7148510136851431,0.0,-3.1098222155722484
16.954,0.0,1.1100210111081208,0.0,1.7086208379178776,0.0,-3.1203482115916485
16.956,0.0,1.113432005086241,0.0,1.7023696422454297,0.0,-3.130842097648876
16.958000000000002,0.0,1.1168304757067289,0.0,1.6960974910263338,0.0,-3.1413037351467428
16.96,0.0,1.1202163811230668,0.0,1.6898044488960942,0.0,-3.1517329857747503
16.962,0.0,1.123589679618308,0.0,1.6834905807665008,0.0,-3.1621297115111355
16.964,0.0,1.1269503296055823,0.0,1.6771559518251444,0.0,-3.172493774624594
16.966,0.0,1.1302982896287033,0.0,1.6708006275347167,0.0,-3.1828250376763214
16.968,0.0,1.133633518362644,0.0,1.6644246736325765,0.0,-3.1931233635216656
16.97,0.0,1.136955974614157,0.0,1.6580281561300136,0.0,-3.2033886153121998
16.972,0.0,1.1402656173222843,0.0,1.6516111413117316,0.0,-3.2136206564974863
16.974,0.0,1.143562405558892,0.0,1.6451736957352683,0.0,-3.2238193508268926
16.976,0.0,1.146846298529263,0.0,1.6387158862303082,0.0,-3.2339845623516066
16.978,0.0,1.150117255572592,0.0,1.6322377798981633,0.0,-3.2441161554263442
16.98,0.0,1.153375236162549,0.0,1.625739444111131,0.0,-3.2542139947112667
16.982,0.0,1.156620199907818,0.0,1.6192209465118816,0.0,-3.264277945173837
16.984,0.0,1.1598521065526595,0.0,1.6126823550128018,0.0,-3.274307872090737
16.986,0.0,1.1630709159773867,0.0,1.6061237377954936,0.0,-3.2843036410495245
16.988,0.0,1.1662765881989854,0.0,1.5995451633099917,0.0,-3.2942651179507427
16.990000000000002,0.0,1.169469083371589,0.0,1.5929467002742557,0.0,-3.304192169009573
16.992,0.0,1.1726483617870347,0.0,1.5863284176734975,0.0,-3.3140846607577443
16.994,0.0,1.1758143838754034,0.0,1.5796903847595345,0.0,-3.323942460045402
16.996,0.0,1.178967110205535,0.0,1.5730326710501865,0.0,-3.333765434042897
16.998,0.0,1.1821065014855878,0.0,1.5663553463285735,0.0,-3.343553450242698
17.0,0.0,1.1852325185635348,0.0,1.5596584806425418,0.0,-3.3533063764611377
17.002,0.0,1.188345122427715,0.0,1.552942144303967,0.0,-3.3630240808403133
17.004,0.0,1.191444274207361,0.0,1.5462064078880988,0.0,-3.3727064318499216
17.006,0.0,1.1945299351731062,0.0,1.5394513422329459,0.0,-3.3823532982890274
17.008,0.0,1.197602066737525,0.0,1.5326770184385825,0.0,-3.3919645492879447
17.01,0.0,1.20066063045567,0.0,1.5258835078664519,0.0,-3.401540054310098
17.012,0.0,1.2037055880255485,0.0,1.5190708821388015,0.0,-3.411079683153711
17.014,0.0,1.206736901288701,0.0,1.51223921313788,0.0,-3.420583305953801
17.016000000000002,0.0,1.2097545322306764,0.0,1.505388573005366,0.0,-3.4300507931838697
17.018,0.0,1.2127584429815657,0.0,1.498519034141649,0.0,-3.4394820156577586
17.02,0.0,1.2157485958165188,0.0,1.4916306692051506,0.0,-3.448876844531471
17.022000000000002,0.0,1.2187249531562756,0.0,1.4847235511115984,0.0,-3.458235151305024
17.024,0.0,1.2216874775676392,0.0,1.4777977530334347,0.0,-3.4675568078241383
17.026,0.0,1.2246361317640324,0.0,1.4708533483990183,0.0,-3.4768416862821807
17.028,0.0,1.2275708786059774,0.0,1.4638904108920012,0.0,-3.4860896592218675
17.03,0.0,1.2304916811016378,0.0,1.4569090144505565,0.0,-3.495300599537169
17.032,0.0,1.2333985024072813,0.0,1.4499092332667738,0.0,-3.504474380474965
17.034,0.0,1.2362913058278304,0.0,1.4428911417858585,0.0,-3.513610875636977
17.036,0.0,1.2391700548173579,0.0,1.4358548147054335,0.0,-3.52270995898153
17.038,0.0,1.2420347129795513,0.0,1.428800326974929,0.0,-3.531771504825226
17.04,0.0,1.244885244068278,0.0,1.4217277537947082,0.0,-3.5407953878449216
17.042,0.0,1.247721611988057,0.0,1.4146371706154177,0.0,-3.549781483079421
17.044,0.0,1.2505437807945365,0.0,1.4075286531373168,0.0,-3.5587296659311973
17.046,0.0,1.2533517146950326,0.0,1.4004022773094487,0.0,-3.567639812168287
17.048000000000002,0.0,1.2561453780490015,0.0,1.3932581193289686,0.0,-3.576511797926005
17.05,0.0,1.2589247353685387,0.0,1.3860962556404,0.0,-3.5853454997087177
17.052,0.0,1.2616897513188776,0.0,1.3789167629348802,0.0,-3.5941407943916444
17.054000000000002,0.0,1.2644403907188897,0.0,1.3717197181494003,0.0,-3.6028975592226344
17.056,0.0,1.2671766185415416,0.0,1.3645051984661423,0.0,-3.611615671823841
17.058,0.0,1.2698983999144295,0.0,1.3572732813116148,0.0,-3.620295010193617
17.06,0.0,1.272605700120246,0.0,1.3500240443559526,0.0,-3.6289354527082147
17.062,0.0,1.275298484597259,0.0,1.3427575655121813,0.0,-3.6375368781235218
17.064,0.0,1.277976718939801,0.0,1.3354739229354413,0.0,-3.6460991655768202
17.066,0.0,1.2806403688987684,0.0,1.3281731950221847,0.0,-3.6546221945885957
17.068,0.0,1.2832894003820874,0.0,1.3208554604094456,0.0,-3.6631058450642358
17.07,0.0,1.2859237794551883,0.0,1.3135207979740917,0.0,-3.6715499972957533
17.072,0.0,1.2885434723415043,0.0,1.3061692868319885,0.0,-3.679954531963598
17.074,0.0,1.291148445422942,0.0,1.2988010063372424,0.0,-3.6883193301383703
17.076,0.0,1.2937386652403429,0.0,1.2914160360814582,0.0,-3.6966442732825118
17.078,0.0,1.296314098493971,0.0,1.284014455892914,0.0,-3.7049292432520864
17.080000000000002,0.0,1.2988747120439963,0.0,1.2765963458357426,0.0,-3.7131741222985384
17.082,0.0,1.3014204729109335,0.0,1.269161786209232,0.0,-3.7213787930703295
17.084,0.0,1.3039513482761365,0.0,1.2617108575469578,0.0,-3.729543138614727
17.086000000000002,0.0,1.3064673054822722,0.0,1.2542436406159634,0.0,-3.737667042379557
17.088,0.0,1.3089683120337483,0.0,1.2467602164160718,0.0,-3.7457503882147907
17.09,0.0,1.311454335597236,0.0,1.2392606661789085,0.0,-3.753793060374449
17.092,0.0,1.3139253440020746,0.0,1.2317450713672644,0.0,-3.7617949435181246
17.094,0.0,1.31638130524078,0.0,1.2242135136741406,0.0,-3.769755922712842
17.096,0.0,1.3188221874694612,0.0,1.2166660750220673,0.0,-3.777675883434622
17.098,0.0,1.321247959008323,0.0,1.2091028375621402,0.0,-3.7855547115703283
17.1,0.0,1.3236585883420888,0.0,1.201523883673309,0.0,-3.793392293419252
17.102,0.0,1.326054044120461,0.0,1.1939292959615273,0.0,-3.8011885156948306
17.104,0.0,1.3284342951585981,0.0,1.1863191572588487,0.0,-3.808943265526405
17.106,0.0,1.3307993104375386,0.0,1.1786935506226859,0.0,-3.816656430460837
17.108,0.0,1.3331490591046549,0.0,1.1710525593349514,0.0,-3.8243278984641806
17.11,0.0,1.3354835104741074,0.0,1.1633962669012083,0.0,-3.8319575579234066
17.112000000000002,0.0,1.3378026340273075,0.0,1.1557247570497644,0.0,-3.8395452976481104
17.114,0.0,1.340106399413326,0.0,1.1480381137309508,0.0,-3.8470910068720854
17.116,0.0,1.3423947764493622,0.0,1.1403364211161793,0.0,-3.854594575255067
17.118000000000002,0.0,1.344667735121185,0.0,1.1326197635971011,0.0,-3.862055892884403
17.12,0.0,1.3469252455835503,0.0,1.1248882257848103,0.0,-3.869474850276636
17.122,0.0,1.3491672781606745,0.0,1.117141892508873,0.0,-3.8768513383792826
17.124,0.0,1.3513938033466342,0.0,1.109380848816585,0.0,-3.8841852485723742
17.126,0.0,1.353604791805834,0.0,1.1016051799719915,0.0,-3.891476472670207
17.128,0.0,1.3558002143734043,0.0,1.0938149714551377,0.0,-3.8987249029228797
17.13,0.0,1.3579800420556642,0.0,1.0860103089610837,0.0,-3.905930432018045
17.132,0.0,1.3601442460305333,0.0,1.0781912783990906,0.0,-3.913092953082487
17.134,0.0,1.3622927976479606,0.0,1.0703579658917337,0.0,-3.920212359683761
17.136,0.0,1.3644256684303524,0.0,1.062510457774012,0.0,-3.927288545831842
17.138,0.0,1.3665428300730105,0.0,1.054648840592411,0.0,-3.9343214059807865
17.14,0.0,1.368644254444514,0.0,1.046773201104161,0.0,-3.941310835030239
17.142,0.0,1.3707299135871926,0.0,1.0388836262761476,0.0,-3.94825672832721
17.144000000000002,0.0,1.3727997797175078,0.0,1.0309802032841546,0.0,-3.9551589816675796
17.146,0.0,1.374853825226472,0.0,1.0230630195119577,0.0,-3.9620174912977255
17.148,0.0,1.3768920226800878,0.0,1.0151321625503287,0.0,-3.9688321539161886
17.150000000000002,0.0,1.3789143448197412,0.0,1.0071877201962063,0.0,-3.975602866675232
17.152,0.0,1.380920764562613,0.0,0.9992297804517868,0.0,-3.9823295271824355
17.154,0.0,1.3829112550020863,0.0,0.9912584315236183,0.0,-3.9890120335022887
17.156,0.0,1.3848857894081812,0.0,0.9832737618215877,0.0,-3.995650284157855
17.158,0.0,1.3868443412279277,0.0,0.9752758599581167,0.0,-4.002244178132278
17.16,0.0,1.3887868840857798,0.0,0.9672648147472168,0.0,-4.008793614870373
17.162,0.0,1.3907133917840218,0.0,0.9592407152035386,0.0,-4.015298494280247
17.164,0.0,1.392623838303179,0.0,0.9512036505414009,0.0,-4.021758716734883
17.166,0.0,1.3945181978023835,0.0,0.9431537101740033,0.0,-4.028174183073618
17.168,0.0,1.396396444619804,0.0,0.9350909837123399,0.0,-4.034544794603822
17.17,0.0,1.3982585532730372,0.0,0.927015560964287,0.0,-4.0408704531024355
17.172,0.0,1.4001044984594702,0.0,0.9189275319337888,0.0,-4.047151060817441
17.174,0.0,1.4019342550567102,0.0,0.9108269868197462,0.0,-4.053386520469551
17.176000000000002,0.0,1.4037477981229527,0.0,0.9027140160151599,0.0,-4.059576735253665
17.178,0.0,1.405545102897365,0.0,0.8945887101062006,0.0,-4.065721608840428
17.18,0.0,1.4073261448004886,0.0,0.8864511598711776,0.0,-4.071821045377814
17.182,0.0,1.4090908994346072,0.0,0.8783014562796512,0.0,-4.0778749494926165
17.184,0.0,1.4108393425841397,0.0,0.8701396904914227,0.0,-4.083883226292024
17.186,0.0,1.412571450216003,0.0,0.8619659538556483,0.0,-4.089845781365089
17.188,0.0,1.4142871984800154,0.0,0.8537803379097547,0.0,-4.095762520784325
17.19,0.0,1.4159865637092504,0.0,0.8455829343785732,0.0,-4.101633351107178
17.192,0.0,1.4176695224204088,0.0,0.8373738351733766,0.0,-4.107458179377515
17.194,0.0,1.4193360513142186,0.0,0.8291531323907677,0.0,-4.113236913127241
17.196,0.0,1.4209861272757724,0.0,0.8209209183118662,0.0,-4.118969460377687
17.198,0.0,1.4226197273749084,0.0,0.8126772854012564,0.0,-4.124655729641157
17.2,0.0,1.4242368288665825,0.0,0.8044223263059732,0.0,-4.130295629922454
17.202,0.0,1.4258374091912245,0.0,0.7961561338545645,0.0,-4.135889070720331
17.204,0.0,1.4274214459750991,0.0,0.7878788010560938,0.0,-4.141435962028984
17.206,0.0,1.4289889170306729,0.0,0.7795904210991231,0.0,-4.146936214339562
17.208000000000002,0.0,1.430539800356966,0.0,0.7712910873507423,0.0,-4.152389738641612
17.21,0.0,1.4320740741399076,0.0,0.7629808933555798,0.0,-4.157796446424563
17.212,0.0,1.433591716752699,0.0,0.7546599328347491,0.0,-4.1631562496792105
17.214,0.0,1.4350927067561552,0.0,0.7463282996849058,0.0,-4.168469060899155
17.216,0.0,1.4365770228990644,0.0,0.7379860879771797,0.0,-4.173734793082297
17.218,0.0,1.4380446441185177,0.0,0.7296333919562772,0.0,-4.178953359732214
17.22,0.0,1.4394955495402866,0.0,0.7212703060392865,0.0,-4.184124674859731
17.222,0.0,1.4409297184791359,0.0,0.7128969248148355,0.0,-4.18924865298425
17.224,0.0,1.4423471304391764,0.0,0.7045133430420116,0.0,-4.194325209135235
17.226,0.0,1.4437477651142168,0.0,0.6961196556492802,0.0,-4.199354258853672
17.228,0.0,1.4451316023880887,0.0,0.687715957733521,0.0,-4.20433571819348
17.23,0.0,1.4464986223349772,0.0,0.6793023445590431,0.0,-4.2092695037228856
17.232,0.0,1.4478488052197689,0.0,0.6708789115564615,0.0,-4.214155532525924
17.234,0.0,1.4491821314983788,0.0,0.6624457543216957,0.0,-4.218993722203813
17.236,0.0,1.45049858181807,0.0,0.6540029686149986,0.0,-4.223783990876345
17.238,0.0,1.4517981370177995,0.0,0.6455506503598007,0.0,-4.228526257183333
17.240000000000002,0.0,1.453080778128531,0.0,0.6370888956417419,0.0,-4.2332204402860025
17.242,0.0,1.454346486373554,0.0,0.628617800707669,0.0,-4.237866459868332
17.244,0.0,1.4555952431688182,0.0,0.6201374619644936,0.0,-4.242464236138515
17.246,0.0,1.4568270301232455,0.0,0.6116479759781847,0.0,-4.247013689830304
17.248,0.0,1.4580418290390482,0.0,0.6031494394727263,0.0,-4.251514742204402
17.25,0.0,1.4592396219120414,0.0,0.5946419493290619,0.0,-4.255967315049823
17.252,0.0,1.4604203909319593,0.0,0.5861256025840187,0.0,-4.260371330685277
17.254,0.0,1.4615841184827678,0.0,0.5776004964292376,0.0,-4.264726711960537
17.256,0.0,1.4627307871429647,0.0,0.5690667282101635,0.0,-4.269033382257765
17.258,0.0,1.4638603796858944,0.0,0.5605243954249253,0.0,-4.273291265492896
17.26,0.0,1.4649728790800502,0.0,0.551973595723277,0.0,-4.277500286116984
17.262,0.0,1.4660682684893724,0.0,0.5434144269055603,0.0,-4.281660369117522
17.264,0.0,1.4671465312735572,0.0,0.5348469869215599,0.0,-4.2857714400198095
17.266000000000002,0.0,1.4682076509883455,0.0,0.5262713738694981,0.0,-4.289833424888265
17.268,0.0,1.469251611385817,0.0,0.5176876859949724,0.0,-4.293846250327726
17.27,0.0,1.4702783964147004,0.0,0.5090960216897307,0.0,-4.297809843484842
17.272000000000002,0.0,1.4712879902206444,0.0,0.5004964794907659,0.0,-4.301724132049323
17.274,0.0,1.4722803771465194,0.0,0.49188915807911066,0.0,-4.305589044255271
17.276,0.0,1.4732555417326982,0.0,0.4832741562788116,0.0,-4.3094045088824915
17.278,0.0,1.4742134687173485,0.0,0.4746515730557724,0.0,-4.313170455257789
17.28,0.0,1.4751541430367083,0.0,0.46602150751670446,0.0,-4.316886813256259
17.282,0.0,1.4760775498253662,0.0,0.4573840589080553,0.0,-4.320553513302562
17.284,0.0,1.4769836744165463,0.0,0.4487393266148367,0.0,-4.324170486372234
17.286,0.0,1.4778725023423809,0.0,0.4400874101595485,0.0,-4.327737663992949
17.288,0.0,1.478744019334181,0.0,0.4314284092011088,0.0,-4.331254978245778
17.29,0.0,1.4795982113227093,0.0,0.4227624235337372,0.0,-4.334722361766461
17.292,0.0,1.4804350644384585,0.0,0.4140895530857541,0.0,-4.338139747746697
17.294,0.0,1.4812545650119036,0.0,0.4054098979186203,0.0,-4.341507069935338
17.296,0.0,1.482056699573779,0.0,0.39672355822568706,0.0,-4.344824262639701
17.298000000000002,0.0,1.4828414548553368,0.0,0.38803063433114027,0.0,-4.348091260726771
17.3,0.0,1.4836088177886027,0.0,0.37933122668891633,0.0,-4.351307999624432
17.302,0.0,1.4843587755066447,0.0,0.3706254358814706,0.0,-4.354474415322738
17.304000000000002,0.0,1.4850913153438232,0.0,0.3619133626187244,0.0,-4.357590444375113
17.306,0.0,1.4858064248360385,0.0,0.3531951077369908,0.0,-4.3606560238995415
17.308,0.0,1.4865040917209957,0.0,0.34447077219770955,0.0,-4.363671091579857
17.31,0.0,1.4871843039384447,0.0,0.3357404570864214,0.0,-4.3666355856668755
17.312,0.0,1.48784704963043,0.0,0.3270042636115706,0.0,-4.369549444979642
17.314,0.0,1.4884923171415327,0.0,0.3182622931034394,0.0,-4.372412608906598
17.316,0.0,1.4891200950191188,0.0,0.3095146470129176,0.0,-4.375225017406804
17.318,0.0,1.4897303720135744,0.0,0.3007614269104139,0.0,-4.3779866110110985
17.32,0.0,1.4903231370785428,0.0,0.2920027344847394,0.0,-4.380697330823278
17.322,0.0,1.4908983793711652,0.0,0.2832386715418871,0.0,-4.38335711852128
17.324,0.0,1.491456088252311,0.0,0.2744693400039097,0.0,-4.385965916358351
17.326,0.0,1.4919962532868067,0.0,0.2656948419078138,0.0,-4.388523667164184
17.328,0.0,1.492518864243668,0.0,0.256915279404351,0.0,-4.391030314346105
17.330000000000002,0.0,1.4930239110963264,0.0,0.2481307547568523,0.0,-4.393485801890207
17.332,0.0,1.493511384022847,0.0,0.23934137034017866,0.0,-4.395890074362468
17.334,0.0,1.4939812734061613,0.0,0.23054722863937813,0.0,-4.398243076909936
17.336000000000002,0.0,1.494433569834276,0.0,0.2217484322486773,0.0,-4.400544755261818
17.338,0.0,1.494868264100495,0.0,0.2129450838702704,0.0,-4.402795055730619
17.34,0.0,1.4952853472036347,0.0,0.2041372863131059,0.0,-4.404993925213266
17.342,0.0,1.4956848103482359,0.0,0.1953251424917623,0.0,-4.407141311192212
17.344,0.0,1.4960666449447695,0.0,0.18650875542530307,0.0,-4.409237161736531
17.346,0.0,1.4964308426098525,0.0,0.17768822823602046,0.0,-4.411281425503039
17.348,0.0,1.4967773951664456,0.0,0.1688636641483318,0.0,-4.413274051737367
17.35,0.0,1.497106294644062,0.0,0.16003516648753702,0.0,-4.415214990275073
17.352,0.0,1.4974175332789619,0.0,0.15120283867874693,0.0,-4.417104191542675
17.354,0.0,1.4977111035143582,0.0,0.1423667842455546,0.0,-4.418941606558788
17.356,0.0,1.4979869980006066,0.0,0.13352710680895022,0.0,-4.4207271869351406
17.358,0.0,1.4982452095954013,0.0,0.12468391008611561,0.0,-4.422460884877655
17.36,0.0,1.498485731363966,0.0,0.11583729788921653,0.0,-4.4241426531874986
17.362000000000002,0.0,1.4987085565792442,0.0,0.10698737412419299,0.0,-4.425772445262157
17.364,0.0,1.4989136787220814,0.0,0.09813424278966586,0.0,-4.427350215096428
17.366,0.0,1.4991010914814142,0.0,0.08927800797559513,0.0,-4.428875917283496
17.368000000000002,0.0,1.4992707887544487,0.0,0.08041877386218259,0.0,-4.430349507015947
17.37,0.0,1.4994227646468408,0.0,0.07155664471865376,0.0,-4.431770940086791
17.372,0.0,1.4995570134728726,0.0,0.06269172490202858,0.0,-4.433140172890485
17.374,0.0,1.4996735297556274,0.0,0.05382411885595411,0.0,-4.43445716242394
17.376,0.0,1.499772308227161,0.0,0.04495393110945278,0.0,-4.435721866287513
17.378,0.0,1.499853343828672,0.0,0.03608126627579704,0.0,-4.436934242686021
17.38,0.0,1.4999166317106685,0.0,0.027206229051171055,0.0,-4.438094250429719
17.382,0.0,1.499962167233133,0.0,0.01832892421357811,0.0,-4.439201848935294
17.384,0.0,1.4999899459656847,0.0,0.00944945662157167,0.0,-4.44025699822683
17.386,0.0,1.4999999636877397,0.0,0.0005679312130763414,0.0,-4.4412596589367865
17.388,0.0,1.499992216388668,0.0,-0.008315546995939898,0.0,-4.44220979230696
17.39,0.0,1.4999667002679493,0.0,-0.017200872912492757,0.0,-4.4431073601894395
17.392,0.0,1.499923411735324,0.0,-0.026087941367986558,0.0,-4.443952325047556
17.394000000000002,0.0,1.4998623474109452,0.0,-0.034976647119373525,0.0,-4.444744649956839
17.396,0.0,1.4997835041255252,0.0,-0.043866884850305654,0.0,-4.445484298605928
17.398,0.0,1.4996868789204816,0.0,-0.05275854917246288,0.0,-4.446171235297531
17.400000000000002,0.0,1.499572469048079,0.0,-0.061651534626782,0.0,-4.446805424949325
17.402,0.0,1.4994402719715707,0.0,-0.07054573568457756,0.0,-4.447386833094888
17.404,0.0,1.4992902853653352,0.0,-0.07944104674890294,0.0,-4.447915425884597
17.406,0.0,1.499122507115012,0.0,-0.08833736215570234,0.0,-4.448391170086541
17.408,0.0,1.4989369353176354,0.0,-0.09723457617511123,0.0,-4.448814033087417
17.41,0.0,1.4987335682817648,0.0,-0.10613258301258456,0.0,-4.449183982893409
17.412,0.0,1.4985124045276104,0.0,-0.1150312768102831,0.0,-4.4495009881310805
17.414,0.0,1.498273442787162,0.0,-0.12393055164821441,0.0,-4.449765018048244
17.416,0.0,1.4980166820043097,0.0,-0.1328303015455036,0.0,-4.449976042514832
17.418,0.0,1.4977421213349662,0.0,-0.1417304204616203,0.0,-4.450134032023769
17.42,0.0,1.497449760147182,0.0,-0.15063080229769862,0.0,-4.450238957691808
17.422,0.0,1.4971395980212647,0.0,-0.15953134089764806,0.0,-4.450290791260385
17.424,0.0,1.4968116347498897,0.0,-0.1684319300495507,0.0,-4.450289505096469
17.426000000000002,0.0,1.4964658703382085,0.0,-0.17733246348685802,0.0,-4.450235072193385
17.428,0.0,1.4961023050039637,0.0,-0.18623283488957074,0.0,-4.45012746617164
17.43,0.0,1.495720939177587,0.0,-0.1951329378856138,0.0,-4.449966661279764
17.432,0.0,1.4953217735023072,0.0,-0.20403266605200113,0.0,-4.44975263239509
17.434,0.0,1.4949048088342458,0.0,-0.21293191291619476,0.0,-4.4494853550245805
17.436,0.0,1.4944700462425229,0.0,-0.22183057195720032,0.0,-4.449164805305625
17.438,0.0,1.4940174870093441,0.0,-0.23072853660700265,0.0,-4.44879096000683
17.44,0.0,1.493547132630097,0.0,-0.23962570025176474,0.0,-4.448363796528799
17.442,0.0,1.4930589848134446,0.0,-0.24852195623301937,0.0,-4.447883292904914
17.444,0.0,1.4925530454814078,0.0,-0.25741719784904515,0.0,-4.447349427802103
17.446,0.0,1.4920293167694532,0.0,-0.2663113183560981,0.0,-4.4467621805216035
17.448,0.0,1.491487801026578,0.0,-0.2752042109696257,0.0,-4.4461215309997275
17.45,0.0,1.4909285008153859,0.0,-0.28409576886562965,0.0,-4.445427459808591
17.452,0.0,1.4903514189121672,0.0,-0.29298588518188307,0.0,-4.444679948156874
17.454,0.0,1.4897565583069767,0.0,-0.301874453019168,0.0,-4.443878977890549
17.456,0.0,1.4891439222037002,0.0,-0.31076136544266014,0.0,-4.443024531493598
17.458000000000002,0.0,1.4885135140201267,0.0,-0.3196465154831327,0.0,-4.442116592088741
17.46,0.0,1.487865337388023,0.0,-0.3285297961381798,0.0,-4.441155143438157
17.462,0.0,1.487199396153187,0.0,-0.33741110037363287,0.0,-4.440140169944169
17.464,0.0,1.4865156943755182,0.0,-0.34629032112473246,0.0,-4.439071656649961
17.466,0.0,1.4858142363290732,0.0,-0.35516735129747395,0.0,-4.437949589240249
17.468,0.0,1.4850950265021274,0.0,-0.3640420837698281,0.0,-4.4367739540419855
17.47,0.0,1.484358069597227,0.0,-0.3729144113930711,0.0,-4.435544738025014
17.472,0.0,1.4836033705312361,0.0,-0.3817842269931175,0.0,-4.434261928802756
17.474,0.0,1.4828309344354003,0.0,-0.3906514233716519,0.0,-4.432925514632858
17.476,0.0,1.4820407666553783,0.0,-0.3995158933075927,0.0,-4.431535484417859
17.478,0.0,1.4812328727512933,0.0,-0.408377529558308,0.0,-4.43009182770581
17.48,0.0,1.4804072584977763,0.0,-0.41723622486087203,0.0,-4.428594534690945
17.482,0.0,1.479563929884003,0.0,-0.4260918719334123,0.0,-4.427043596214294
17.484,0.0,1.4787028931137283,0.0,-0.4349443634764041,0.0,-4.425439003764307
17.486,0.0,1.477824154605327,0.0,-0.4437935921739019,0.0,-4.423780749477481
17.488,0.0,1.4769277209918181,0.0,-0.45263945069491796,0.0,-4.422068826138949
17.490000000000002,0.0,1.476013599120894,0.0,-0.4614818316947023,0.0,-4.42030322718309
17.492,0.0,1.4750817960549578,0.0,-0.4703206278159506,0.0,-4.418483946694145
17.494,0.0,1.4741323190711286,0.0,-0.47915573169025927,0.0,-4.416610979406758
17.496,0.0,1.4731651756612798,0.0,-0.4879870359392906,0.0,-4.414684320706602
17.498,0.0,1.472180373532046,0.0,-0.49681443317615664,0.0,-4.41270396663091
17.5,0.0,1.4711779206048456,0.0,-0.5056378160066778,0.0,-4.410669913869062
17.502,0.0,1.470157825015892,0.0,-0.5144570770307058,0.0,-4.4085821597631325
17.504,0.0,1.4691200951161967,0.0,-0.5232721088434844,0.0,-4.40644070230843
17.506,0.0,1.4680647394715964,0.0,-0.5320828040368019,0.0,-4.404245540154067
17.508,0.0,1.4669917668627368,0.0,-0.5408890552004801,0.0,-4.401996672603456
17.51,0.0,1.465901186285087,0.0,-0.5496907549235849,0.0,-4.399694099614849
17.512,0.0,1.4647930069489434,0.0,-0.5584877957957085,0.0,-4.397337821801873
17.514,0.0,1.4636672382794118,0.0,-0.5672800704083983,0.0,-4.394927840433995
17.516000000000002,0.0,1.4625238899164175,0.0,-0.5760674713563609,0.0,-4.392464157437073
17.518,0.0,1.4613629717146959,0.0,-0.5848498912387754,0.0,-4.389946775393826
17.52,0.0,1.460184493743771,0.0,-0.5936272226607067,0.0,-4.387375697544313
17.522000000000002,0.0,1.458988466287951,0.0,-0.6023993582343394,0.0,-4.384750927786419
17.524,0.0,1.4577748998463194,0.0,-0.6111661905802673,0.0,-4.382072470676348
17.526,0.0,1.4565438051326969,0.0,-0.619927612328927,0.0,-4.379340331429032
17.528,0.0,1.4552951930756413,0.0,-0.6286835161217902,0.0,-4.376554515918644
17.53,0.0,1.4540290748184117,0.0,-0.6374337946127638,0.0,-4.373715030679015
17.532,0.0,1.4527454617189461,0.0,-0.6461783404694733,0.0,-4.37082188290407
17.534,0.0,1.4514443653498346,0.0,-0.654917046374583,0.0,-4.367875080448281
17.536,0.0,1.4501257974982826,0.0,-0.6636498050271457,0.0,-4.36487463182706
17.538,0.0,1.448789770166083,0.0,-0.6723765091438879,0.0,-4.361820546217211
17.54,0.0,1.4474362955695765,0.0,-0.6810970514605523,0.0,-4.358712833457316
17.542,0.0,1.4460653861396033,0.0,-0.689811324733273,0.0,-4.355551504048109
17.544,0.0,1.4446770545214862,0.0,-0.6985192217397511,0.0,-4.352336569152945
17.546,0.0,1.4432713135749577,0.0,-0.7072206352807483,0.0,-4.349068040598103
17.548000000000002,0.0,1.4418481763741235,0.0,-0.715915458181351,0.0,-4.345745930873191
17.55,0.0,1.4404076562074244,0.0,-0.7246035832922259,0.0,-4.342370253131543
17.552,0.0,1.4389497665775646,0.0,-0.7332849034910554,0.0,-4.33894102119054
17.554000000000002,0.0,1.4374745212014646,0.0,-0.7419593116838294,0.0,-4.335458249531972
17.556,0.0,1.4359819340102087,0.0,-0.7506267008061308,0.0,-4.331921953302391
17.558,0.0,1.4344720191489782,0.0,-0.7592869638245093,0.0,-4.328332148313455
17.56,0.0,1.4329447909769844,0.0,-0.7679399937378305,0.0,-4.324688851042222
17.562,0.0,1.431400264067408,0.0,-0.7765856835785789,0.0,-4.320992078631493
17.564,0.0,1.4298384532073398,0.0,-0.7852239264141295,0.0,-4.317241848890153
17.566,0.0,1.4282593733976898,0.0,-0.7938546153482027,0.0,-4.313438180293414
17.568,0.0,1.4266630398531197,0.0,-0.8024776435221534,0.0,-4.30958109198313
17.57,0.0,1.4250494680019874,0.0,-0.8110929041161908,0.0,-4.305670603768153
17.572,0.0,1.4234186734862306,0.0,-0.8197002903509144,0.0,-4.301706736124491
17.574,0.0,1.421770672161315,0.0,-0.8282996954884901,0.0,-4.297689510195685
17.576,0.0,1.420105480096138,0.0,-0.836891012834039,0.0,-4.293618947793019
17.578,0.0,1.4184231135729424,0.0,-0.8454741357369813,0.0,-4.289495071395789
17.580000000000002,0.0,1.4167235890872218,0.0,-0.8540489575923812,0.0,-4.2853179041515395
17.582,0.0,1.415006923347645,0.0,-0.8626153718422147,0.0,-4.281087469876341
17.584,0.0,1.4132731332759334,0.0,-0.8711732719768279,0.0,-4.27680379305495
17.586000000000002,0.0,1.4115222360067845,0.0,-0.8797225515361794,0.0,-4.272466898841095
17.588,0.0,1.409754248887777,0.0,-0.8882631041111436,0.0,-4.268076813057698
17.59,0.0,1.407969189479238,0.0,-0.8967948233449965,0.0,-4.263633562197
17.592,0.0,1.406167075554164,0.0,-0.9053176029346253,0.0,-4.25913717342084
17.594,0.0,1.404347925098095,0.0,-0.913831336631945,0.0,-4.254587674560801
17.596,0.0,1.4025117563090246,0.0,-0.9223359182451433,0.0,-4.249985094118428
17.598,0.0,1.4006585875972628,0.0,-0.9308312416401237,0.0,-4.2453294612653645
17.6,0.0,1.3987884375853252,0.0,-0.9393172007418208,0.0,-4.240620805843514
17.602,0.0,1.3969013251078353,0.0,-0.9477936895354465,0.0,-4.2358591583652725
17.604,0.0,1.3949972692113626,0.0,-0.9562606020680016,0.0,-4.231044550013544
17.606,0.0,1.393076289154332,0.0,-0.964717832449473,0.0,-4.226177012642008
17.608,0.0,1.391138404406884,0.0,-0.9731652748542249,0.0,-4.221256578775185
17.61,0.0,1.389183634650741,0.0,-0.981602823522359,0.0,-4.216283281608566
17.612000000000002,0.0,1.3872119997790806,0.0,-0.9900303727610303,0.0,-4.211257155008744
17.614,0.0,1.3852235198964014,0.0,-0.9984478169457812,0.0,-4.206178233513519
17.616,0.0,1.3832182153183736,0.0,-1.0068550505219354,0.0,-4.201046552331971
17.618000000000002,0.0,1.3811961065717082,0.0,-1.0152519680058973,0.0,-4.195862147344574
17.62,0.0,1.3791572143940212,0.0,-1.0236384639864613,0.0,-4.190625055103299
17.622,0.0,1.3771015597336604,0.0,-1.0320144331262646,0.0,-4.185335312831612
17.624,0.0,1.375029163749587,0.0,-1.0403797701630133,0.0,-4.1799929584246325
17.626,0.0,1.3729400478112013,0.0,-1.0487343699109082,0.0,-4.1745980304491095
17.628,0.0,1.3708342334982062,0.0,-1.0570781272619219,0.0,-4.1691505681435395
17.63,0.0,1.36871174260044,0.0,-1.065410937187184,0.0,-4.163650611418159
17.632,0.0,1.3665725971177076,0.0,-1.073732694738359,0.0,-4.15809820085496
17.634,0.0,1.364416819259648,0.0,-1.0820432950488708,0.0,-4.152493377707799
17.636,0.0,1.3622444314455333,0.0,-1.09034263333539,0.0,-4.146836183902299
17.638,0.0,1.3600554563041225,0.0,-1.0986306048990944,0.0,-4.141126662035932
17.64,0.0,1.357849916673493,0.0,-1.1069071051270025,0.0,-4.135364855378002
17.642,0.0,1.355627835600859,0.0,-1.1151720294933523,0.0,-4.129550807869633
17.644000000000002,0.0,1.3533892363423867,0.0,-1.123425273560977,0.0,-4.123684564123699
17.646,0.0,1.351134142363045,0.0,-1.131666732982541,0.0,-4.1177661694248995
17.648,0.0,1.3488625773363976,0.0,-1.1398963035019825,0.0,-4.111795669729636
17.650000000000002,0.0,1.3465745651444156,0.0,-1.148113880955867,0.0,-4.105773111665962
17.652,0.0,1.3442701298773303,0.0,-1.1563193612745952,0.0,-4.099698542533636
17.654,0.0,1.3419492958333945,0.0,-1.1645126404839141,0.0,-4.0935720103039195
17.656,0.0,1.3396120875187238,0.0,-1.1726936147061517,0.0,-4.087393563619608
17.658,0.0,1.3372585296470834,0.0,-1.1808621801616177,0.0,-4.0811632517948935
17.66,0.0,1.3348886471397112,0.0,-1.1890182331698795,0.0,-4.0748811248153265
17.662,0.0,1.3325024651250934,0.0,-1.1971616701511896,0.0,-4.0685472333376715
17.664,0.0,1.3301000089387762,0.0,-1.2052923876277757,0.0,-4.062161628689819
17.666,0.0,1.3276813041231685,0.0,-1.2134102822251602,0.0,-4.0557243628707145
17.668,0.0,1.3252463764273135,0.0,-1.2215152506735665,0.0,-4.0492354885501625
17.67,0.0,1.3227952518066832,0.0,-1.2296071898092453,0.0,-4.042695059068723
17.672,0.0,1.32032795642299,0.0,-1.2376859965757325,0.0,-4.0361031284376345
17.674,0.0,1.3178445166439308,0.0,-1.2457515680253248,0.0,-4.029459751338564
17.676000000000002,0.0,1.3153449590429926,0.0,-1.2538038013203332,0.0,-4.022764983123506
17.678,0.0,1.3128293103992374,0.0,-1.2618425937344129,0.0,-4.016018879814646
17.68,0.0,1.3102975976970574,0.0,-1.2698678426539642,0.0,-4.009221498104121
17.682,0.0,1.3077498481259575,0.0,-1.2778794455794427,0.0,-4.00237289535387
17.684,0.0,1.3051860890803264,0.0,-1.2858773001266968,0.0,-3.995473129595443
17.686,0.0,1.3026063481592132,0.0,-1.2938613040282831,0.0,-3.9885222595298178
17.688,0.0,1.3000106531660838,0.0,-1.3018313551348304,0.0,-3.9815203445271834
17.69,0.0,1.297399032108559,0.0,-1.3097873514164482,0.0,-3.9744674446266366
17.692,0.0,1.2947715131982371,0.0,-1.3177291909638804,0.0,-3.9673636205361453
17.694,0.0,1.2921281248503889,0.0,-1.3256567719900296,0.0,-3.960208933632138
17.696,0.0,1.2894688956837357,0.0,-1.3335699928312172,0.0,-3.9530034459593226
17.698,0.0,1.2867938545202156,0.0,-1.3414687519484831,0.0,-3.9457472202304755
17.7,0.0,1.2841030303847047,0.0,-1.3493529479290007,0.0,-3.9384403198261086
17.702,0.0,1.2813964525047807,0.0,-1.3572224794873635,0.0,-3.931082808794244
17.704,0.0,1.278674150310477,0.0,-1.3650772454668885,0.0,-3.923674751850165
17.706,0.0,1.275936153433992,0.0,-1.3729171448410467,0.0,-3.916216214376044
17.708000000000002,0.0,1.2731824917094468,0.0,-1.3807420767147314,0.0,-3.9087072624206987
17.71,0.0,1.2704131951726418,0.0,-1.388551940325545,0.0,-3.90114796269935
17.712,0.0,1.2676282940607448,0.0,-1.3963466350452491,0.0,-3.8935383825931744
17.714,0.0,1.2648278188120563,0.0,-1.4041260603810022,0.0,-3.8858785901490895
17.716,0.0,1.2620118000657148,0.0,-1.4118901159767538,0.0,-3.8781686540793645
17.718,0.0,1.2591802686614555,0.0,-1.419638701614479,0.0,-3.8704086437613574
17.72,0.0,1.2563332556392879,0.0,-1.4273717172156368,0.0,-3.8625986292370644
17.722,0.0,1.2534707922392436,0.0,-1.4350890628424184,0.0,-3.8547386812128264
17.724,0.0,1.2505929099010995,0.0,-1.4427906386990592,0.0,-3.8468288710589866
17.726,0.0,1.2476996402640697,0.0,-1.4504763451332316,0.0,-3.838869270809451
17.728,0.0,1.2447910151665214,0.0,-1.4581460826373542,0.0,-3.8308599531613265
17.73,0.0,1.2418670666457132,0.0,-1.4657997518498485,0.0,-3.822800991474597
17.732,0.0,1.238927826937467,0.0,-1.4734372535565492,0.0,-3.814692459771638
17.734,0.0,1.2359733284758696,0.0,-1.4810584886920362,0.0,-3.8065344327367923
17.736,0.0,1.2330036038930223,0.0,-1.4886633583408353,0.0,-3.798326985716096
17.738,0.0,1.2300186860186817,0.0,-1.4962517637388877,0.0,-3.7900701947166886
17.740000000000002,0.0,1.2270186078799772,0.0,-1.503823606274816,0.0,-3.7817641364064314
17.742,0.0,1.2240034027011315,0.0,-1.5113787874911793,0.0,-3.7734088881135506
17.744,0.0,1.2209731039030993,0.0,-1.5189172090859206,0.0,-3.765004527826032
17.746,0.0,1.217927745103305,0.0,-1.5264387729135647,0.0,-3.7565511341912936
17.748,0.0,1.2148673601152875,0.0,-1.5339433809866374,0.0,-3.7480487865156196
17.75,0.0,1.2117919829484136,0.0,-1.541430935476904,0.0,-3.739497564763748
17.752,0.0,1.2087016478075503,0.0,-1.5489013387167097,0.0,-3.730897549558371
17.754,0.0,1.205596389092721,0.0,-1.556354493200341,0.0,-3.722248822179577
17.756,0.0,1.202476241398815,0.0,-1.5637903015852637,0.0,-3.713551464564441
17.758,0.0,1.199341239515238,0.0,-1.5712086666934815,0.0,-3.704805559306448
17.76,0.0,1.1961914184255709,0.0,-1.578609491512879,0.0,-3.696011189654947
17.762,0.0,1.1930268133072768,0.0,-1.5859926791984342,0.0,-3.6871684395147195
17.764,0.0,1.1898474595313215,0.0,-1.593358133073636,0.0,-3.67827739344533
17.766000000000002,0.0,1.1866533926618645,0.0,-1.600705756631723,0.0,-3.6693381366606435
17.768,0.0,1.1834446484559011,0.0,-1.6080354535370305,0.0,-3.66035075502823
17.77,0.0,1.1802212628629318,0.0,-1.615347127626268,0.0,-3.651315335068828
17.772000000000002,0.0,1.1769832720246012,0.0,-1.6226406829098612,0.0,-3.6422319639557337
17.774,0.0,1.1737307122743743,0.0,-1.6299160235731958,0.0,-3.6331007295142737
17.776,0.0,1.170463620137156,0.0,-1.637173053977992,0.0,-3.6239217202211456
17.778,0.0,1.1671820323289472,0.0,-1.6444116786635803,0.0,-3.6146950252038264
17.78,0.0,1.1638859857565012,0.0,-1.6516318023481737,0.0,-3.6054207342400106
17.782,0.0,1.160575517516962,0.0,-1.6588333299301758,0.0,-3.5960989377569765
17.784,0.0,1.1572506648974716,0.0,-1.6660161664895465,0.0,-3.5867297268308747
17.786,0.0,1.1539114653748463,0.0,-1.673180217289009,0.0,-3.5773131931862006
17.788,0.0,1.1505579566151938,0.0,-1.6803253877753823,0.0,-3.5678494291950997
17.79,0.0,1.1471901764735386,0.0,-1.6874515835808854,0.0,-3.5583385278767055
17.792,0.0,1.1438081629934445,0.0,-1.6945587105244435,0.0,-3.548780582896457
17.794,0.0,1.1404119544066773,0.0,-1.7016466746128986,0.0,-3.5391756885655234
17.796,0.0,1.137001589132776,0.0,-1.7087153820424148,0.0,-3.5295239398399945
17.798000000000002,0.0,1.1335771057786928,0.0,-1.7157647391997162,0.0,-3.5198254323202254
17.8,0.0,1.13013854313844,0.0,-1.722794652663323,0.0,-3.510080262250232
17.802,0.0,1.1266859401926617,0.0,-1.7298050292049205,0.0,-3.5002885265168544
17.804000000000002,0.0,1.1232193361082616,0.0,-1.73679577579062,0.0,-3.4904503226490884
17.806,0.0,1.1197387702380295,0.0,-1.7437667995822006,0.0,-3.480565748817401
17.808,0.0,1.1162442821202276,0.0,-1.7507180079384401,0.0,-3.4706349038329423
17.81,0.0,1.1127359114782063,0.0,-1.7576493084163698,0.0,-3.460657887146822
17.812,0.0,1.1092136982199814,0.0,-1.764560608772605,0.0,-3.450634798849293
17.814,0.0,1.1056776824378902,0.0,-1.7714518169645104,0.0,-3.4405657396691542
17.816,0.0,1.1021279044081354,0.0,-1.7783228411515815,0.0,-3.430450810972821
17.818,0.0,1.0985644045903837,0.0,-1.7851735896967105,0.0,-3.4202901147635623
17.82,0.0,1.0949872236274,0.0,-1.7920039711673776,0.0,-3.410083753680829
17.822,0.0,1.091396402344591,0.0,-1.7988138943370118,0.0,-3.3998318309993287
17.824,0.0,1.0877919817496013,0.0,-1.805603268186239,0.0,-3.3895344506282448
17.826,0.0,1.084174003031936,0.0,-1.8123720019040839,0.0,-3.3791917171105346
17.828,0.0,1.0805425075624833,0.0,-1.8191200048893432,0.0,-3.3688037356219316
17.830000000000002,0.0,1.0768975368931262,0.0,-1.825847186751792,0.0,-3.35837061197021
17.832,0.0,1.0732391327563426,0.0,-1.8325534573134041,0.0,-3.347892452594409
17.834,0.0,1.069567337064723,0.0,-1.8392387266097159,0.0,-3.337369364563818
17.836000000000002,0.0,1.0658821919105799,0.0,-1.8459029048910178,0.0,-3.326801455577228
17.838,0.0,1.0621837395655283,0.0,-1.8525459026235942,0.0,-3.316188833962099
17.84,0.0,1.0584720224800106,0.0,-1.8591676304910516,0.0,-3.3055316086735593
17.842,0.0,1.054747083282884,0.0,-1.8657679993955354,0.0,-3.294829889293593
17.844,0.0,1.0510089647809893,0.0,-1.8723469204589651,0.0,-3.2840837860301546
17.846,0.0,1.047257709958718,0.0,-1.8789043050242766,0.0,-3.2732934097163016
17.848,0.0,1.0434933619775262,0.0,-1.8854400646567413,0.0,-3.2624588718091525
17.85,0.0,1.039715964175521,0.0,-1.8919541111451645,0.0,-3.2515802843890644
17.852,0.0,1.0359255600670334,0.0,-1.8984463565030847,0.0,-3.2406577601587596
17.854,0.0,1.0321221933421074,0.0,-1.9049167129701283,0.0,-3.2296914124422127
17.856,0.0,1.0283059078661034,0.0,-1.9113650930131523,0.0,-3.2186813551838767
17.858,0.0,1.0244767476792163,0.0,-1.9177914093275248,0.0,-3.2076277029476365
17.86,0.0,1.0206347569960013,0.0,-1.9241955748383972,0.0,-3.1965305709158174
17.862000000000002,0.0,1.0167799802049626,0.0,-1.9305775027018495,0.0,-3.185390074888343
17.864,0.0,1.012912461868039,0.0,-1.9369371063062168,0.0,-3.1742063312815993
17.866,0.0,1.0090322467201727,0.0,-1.9432742992732572,0.0,-3.1629794571275585
17.868000000000002,0.0,1.005139379668802,0.0,-1.949588995459451,0.0,-3.151709570072652
17.87,0.0,1.0012339057934632,0.0,-1.955881108957111,0.0,-3.140396788376982
17.872,0.0,0.9973158703452234,0.0,-1.962150554095758,0.0,-3.129041230913026
17.874,0.0,0.9933853187462809,0.0,-1.9683972454432246,0.0,-3.117643017164834
17.876,0.0,0.9894422965894387,0.0,-1.9746210978069538,0.0,-3.106202267226846
17.878,0.0,0.9854868496376841,0.0,-1.9808220262351253,0.0,-3.0947191018030336
17.88,0.0,0.9815190238236104,0.0,-1.9869999460180212,0.0,-3.0831936422055564
17.882,0.0,0.9775388652490193,0.0,-1.9931547726891068,0.0,-3.071626010353969
17.884,0.0,0.9735464201844137,0.0,-1.999286422026274,0.0,-3.060016328774087
17.886,0.0,0.9695417350684625,0.0,-2.005394810053121,0.0,-3.048364720596779
17.888,0.0,0.9655248565075611,0.0,-2.0114798530400813,0.0,-3.036671309557032
17.89,0.0,0.9614958312753248,0.0,-2.0175414675056493,0.0,-3.0249362199928242
17.892,0.0,0.9574547063120535,0.0,-2.023579570217639,0.0,-3.0131595768439037
17.894000000000002,0.0,0.9534015287242783,0.0,-2.0295940781943225,0.0,-3.0013415056508204
17.896,0.0,0.949336345784254,0.0,-2.035584908705633,0.0,-2.989482132553777
17.898,0.0,0.9452592049294266,0.0,-2.041551979274409,0.0,-2.9775815842914293
17.900000000000002,0.0,0.9411701537619386,0.0,-2.047495207677567,0.0,-2.9656399881997633
17.902,0.0,0.9370692400481441,0.0,-2.053414511947264,0.0,-2.953657472211038
17.904,0.0,0.9329565117180559,0.0,-2.0593098103721448,0.0,-2.9416341648524935
17.906,0.0,0.9288320168648645,0.0,-2.0651810214984887,0.0,-2.9295701952452964
17.908,0.0,0.9246958037443926,0.0,-2.071028064131429,0.0,-2.9174656931032628
17.91,0.0,0.9205479207746263,0.0,-2.0768508573360744,0.0,-2.905320788731836
17.912,0.0,0.9163884165351313,0.0,-2.082649320438775,0.0,-2.8931356130267023
17.914,0.0,0.9122173397665491,0.0,-2.088423373028274,0.0,-2.8809102974726586
17.916,0.0,0.9080347393701238,0.0,-2.094172934956812,0.0,-2.868644974142541
17.918,0.0,0.9038406644070957,0.0,-2.099897926341412,0.0,-2.8563397756958016
17.92,0.0,0.8996351640982018,0.0,-2.1055982675650053,0.0,-2.84399483537735
17.922,0.0,0.8954182878231796,0.0,-2.1112738792775514,0.0,-2.831610287016441
17.924,0.0,0.8911900851201653,0.0,-2.1169246823972965,0.0,-2.819186265025226
17.926000000000002,0.0,0.886950605685193,0.0,-2.12255059811189,0.0,-2.8067229043976227
17.928,0.0,0.8826998993716819,0.0,-2.1281515478795083,0.0,-2.794220340708115
17.93,0.0,0.8784380161898323,0.0,-2.133727453430096,0.0,-2.781678710110321
17.932,0.0,0.8741650063061213,0.0,-2.1392782367664718,0.0,-2.769098149335818
17.934,0.0,0.8698809200427289,0.0,-2.1448038201655164,0.0,-2.756478795692783
17.936,0.0,0.8655858078770495,0.0,-2.1503041261792477,0.0,-2.7438207870648808
17.938,0.0,0.8612797204410633,0.0,-2.155779077636069,0.0,-2.7311242619097222
17.94,0.0,0.8569627085208109,0.0,-2.1612285976418772,0.0,-2.718389359257646
17.942,0.0,0.852634823055874,0.0,-2.166652609581164,0.0,-2.7056162187104986
17.944,0.0,0.8482961151387641,0.0,-2.1720510371182207,0.0,-2.692804980440152
17.946,0.0,0.8439466360143737,0.0,-2.177423804198263,0.0,-2.6799557851871976
17.948,0.0,0.839586437079459,0.0,-2.1827708350485135,0.0,-2.6670687742597394
17.95,0.0,0.8352155698820073,0.0,-2.188092054179412,0.0,-2.654144089531836
17.952,0.0,0.8308340861206971,0.0,-2.19338738638572,0.0,-2.6411818734422203
17.954,0.0,0.8264420376443671,0.0,-2.198656756747596,0.0,-2.6281822689930396
17.956,0.0,0.8220394764513694,0.0,-2.2039000906318114,0.0,-2.615145419748252
17.958000000000002,0.0,0.817626454689053,0.0,-2.2091173136928055,0.0,-2.602071469832413
17.96,0.0,0.813203024653183,0.0,-2.214308351873813,0.0,-2.5889605639292634
17.962,0.0,0.8087692387873341,0.0,-2.2194731314080074,0.0,-2.575812847280239
17.964,0.0,0.8043251496823156,0.0,-2.2246115788196117,0.0,-2.562628465683074
17.966,0.0,0.7998708100756006,0.0,-2.2297236209249958,0.0,-2.549407565490414
17.968,0.0,0.79540627285075,0.0,-2.2348091848337726,0.0,-2.536150293608416
17.97,0.0,0.790931591036802,0.0,-2.239868197949928,0.0,-2.5228567974952307
17.972,0.0,0.7864468178076827,0.0,-2.2449005879729285,0.0,-2.5095272251595726
17.974,0.0,0.7819520064816454,0.0,-2.2499062828987806,0.0,-2.4961617251593387
17.976,0.0,0.7774472105206318,0.0,-2.2548852110211794,0.0,-2.4827604466000186
17.978,0.0,0.7729324835297058,0.0,-2.259837300932567,0.0,-2.4693235391333093
17.98,0.0,0.7684078792564564,0.0,-2.264762481525224,0.0,-2.4558511529556384
17.982,0.0,0.7638734515903689,0.0,-2.269660681992388,0.0,-2.442343438806591
17.984,0.0,0.7593292545622407,0.0,-2.2745318318293184,0.0,-2.428800547967465
17.986,0.0,0.754775342343607,0.0,-2.2793758608343406,0.0,-2.415222632259855
17.988,0.0,0.7502117692460754,0.0,-2.284192699109995,0.0,-2.401609844043966
17.990000000000002,0.0,0.7456385897207155,0.0,-2.2889822770641035,0.0,-2.387962336217081
17.992,0.0,0.7410558583575537,0.0,-2.2937445254107427,0.0,-2.3742802622123573
17.994,0.0,0.736463629884807,0.0,-2.298479375171463,0.0,-2.3605637759968188
17.996,0.0,0.7318619591683826,0.0,-2.30318675767624,0.0,-2.3468130320701612
17.998,0.0,0.7272509012111906,0.0,-2.307866604564608,0.0,-2.33302818546298
18.0,0.0,0.722630511152575,0.0,-2.3125188477866674,0.0,-2.3192093917353636
18.002,0.0,0.7180008442676538,0.0,-2.3171434196041827,0.0,-2.305356806975204
18.004,0.0,0.7133619559667186,0.0,-2.321740252591611,0.0,-2.291470587796692
18.006,0.0,0.7087139017945892,0.0,-2.326309279637171,0.0,-2.277550891338659
18.008,0.0,0.704056737430008,0.0,-2.3308504339438705,0.0,-2.2635978752630614
18.01,0.0,0.6993905186849679,0.0,-2.335363649030589,0.0,-2.2496116977532394
18.012,0.0,0.694715301504145,0.0,-2.3398488587330553,0.0,-2.235592517512501
18.014,0.0,0.6900311419641927,0.0,-2.3443059972049576,0.0,-2.2215404937622893
18.016000000000002,0.0,0.6853380962731673,0.0,-2.3487349989189155,0.0,-2.207455786240736
18.018,0.0,0.6806362207698358,0.0,-2.3531357986675623,0.0,-2.1933385552008597
18.02,0.0,0.6759255719230783,0.0,-2.3575083315645338,0.0,-2.1791889614090567
18.022000000000002,0.0,0.6712062063311924,0.0,-2.3618525330455404,0.0,-2.1650071661432757
18.024,0.0,0.6664781807213339,0.0,-2.366168338869312,0.0,-2.150793331191626
18.026,0.0,0.6617415519487789,0.0,-2.370455685118696,0.0,-2.1365476188504187
18.028,0.0,0.6569963769963177,0.0,-2.374714508201638,0.0,-2.1222701919226314
18.03,0.0,0.652242712973599,0.0,-2.378944744852192,0.0,-2.10796121371619
18.032,0.0,0.6474806171164951,0.0,-2.3831463321315156,0.0,-2.093620848042343
18.034,0.0,0.6427101467864045,0.0,-2.387319207428911,0.0,-2.0792492592138183
18.036,0.0,0.6379313594696225,0.0,-2.3914633084628036,0.0,-2.064846612043206
18.038,0.0,0.6331443127767025,0.0,-2.3955785732817194,0.0,-2.0504130718412883
18.04,0.0,0.6283490644417302,0.0,-2.3996649402653385,0.0,-2.035948804415131
18.042,0.0,0.623545672321725,0.0,-2.4037223481254264,0.0,-2.021453976066526
18.044,0.0,0.6187341943959541,0.0,-2.4077507359068426,0.0,-2.0069287535901985
18.046,0.0,0.6139146887652471,0.0,-2.411750042988541,0.0,-1.992373304271991
18.048000000000002,0.0,0.6090872136513308,0.0,-2.4157202090845424,0.0,-1.97778779588712
18.05,0.0,0.6042518273962018,0.0,-2.4196611742448804,0.0,-1.9631723966985373
18.052,0.0,0.599408588461391,0.0,-2.4235728788566226,0.0,-1.9485272754549676
18.054000000000002,0.0,0.594557555427327,0.0,-2.427455263644812,0.0,-1.933852601389237
18.056,0.0,0.5896987869926593,0.0,-2.431308269673431,0.0,-1.919148544216486
18.058,0.0,0.5848323419735549,0.0,-2.435131838346385,0.0,-1.9044152741322924
18.06,0.0,0.5799582793030276,0.0,-2.4389259114084534,0.0,-1.8896529618108948
18.062,0.0,0.5750766580302693,0.0,-2.4426904309462336,0.0,-1.874861778403422
18.064,0.0,0.5701875373199813,0.0,-2.4464253393890827,0.0,-1.8600418955361158
18.066,0.0,0.5652909764516081,0.0,-2.4501305795101227,0.0,-1.845193485308256
18.068,0.0,0.5603870348187427,0.0,-2.4538060944271183,0.0,-1.830316720290612
18.07,0.0,0.5554757719284028,0.0,-2.457451827603441,0.0,-1.8154117735234891
18.072,0.0,0.5505572474002973,0.0,-2.461067722849035,0.0,-1.80047881851475
18.074,0.0,0.5456315209661887,0.0,-2.4646537243213165,0.0,-1.7855180292381259
18.076,0.0,0.5406986524691906,0.0,-2.4682097765260966,0.0,-1.7705295801313254
18.078,0.0,0.5357587018630412,0.0,-2.4717358243185394,0.0,-1.755513646094067
18.080000000000002,0.0,0.5308117292113933,0.0,-2.475231812904084,0.0,-1.740470402486167
18.082,0.0,0.5258577946871925,0.0,-2.4786976878393108,0.0,-1.7254000251258839
18.084,0.0,0.5208969585718797,0.0,-2.48213339503292,0.0,-1.7103026902877352
18.086000000000002,0.0,0.5159292812547203,0.0,-2.4855388807466197,0.0,-1.695178574700691
18.088,0.0,0.5109548232321426,0.0,-2.488914091596002,0.0,-1.6800278555463966
18.09,0.0,0.5059736451069439,0.0,-2.492258974551503,0.0,-1.66485071045699
18.092,0.0,0.5009858075876603,0.0,-2.4955734769392475,0.0,-1.6496473175134128
18.094,0.0,0.49599137148778394,0.0,-2.4988575464419953,0.0,-1.634417855243263
18.096,0.0,0.4909903977251295,0.0,-2.502111131099976,0.0,-1.6191625026190883
18.098,0.0,0.48598294732102737,0.0,-2.5053341793118338,0.0,-1.6038814390561555
18.1,0.0,0.480969081399677,0.0,-2.5085266398354724,0.0,-1.5885748444107104
18.102,0.0,0.47594886118740687,0.0,-2.511688461788942,0.0,-1.5732428989779417
18.104,0.0,0.47092234801192856,0.0,-2.514819594651334,0.0,-1.557885783489929
18.106,0.0,0.4658896033016383,0.0,-2.5179199882636363,0.0,-1.5425036791137379
18.108,0.0,0.46085068858490846,0.0,-2.5209895928295905,0.0,-1.5270967674494729
18.11,0.0,0.4558056654893199,0.0,-2.5240283589165835,0.0,-1.5116652305281555
18.112000000000002,0.0,0.45075459574094423,0.0,-2.527036237456498,0.0,-1.496209250809749
18.114,0.0,0.44569754116366983,0.0,-2.530013179746539,0.0,-1.4807290111813165
18.116,0.0,0.4406345636783637,0.0,-2.5329591374501446,0.0,-1.4652246949546717
18.118000000000002,0.0,0.4355657253022395,0.0,-2.535874062597777,0.0,-1.4496964858646642
18.12,0.0,0.43049108814808257,0.0,-2.53875790758779,0.0,-1.4341445680670175
18.122,0.0,0.42541071442349737,0.0,-2.541610625187277,0.0,-1.4185691261362394
18.124,0.0,0.42032466643017985,0.0,-2.5444321685328974,0.0,-1.4029703450636029
18.126,0.0,0.4152330065632026,0.0,-2.5472224911317,0.0,-1.3873484102551676
18.128,0.0,0.41013579731023786,0.0,-2.549981546861965,0.0,-1.3717035075296047
18.13,0.0,0.40503310125084985,0.0,-2.5527092899740134,0.0,-1.3560358231162364
18.132,0.0,0.3999249810556781,0.0,-2.5554056750910554,0.0,-1.3403455436527296
18.134,0.0,0.3948114994858139,0.0,-2.5580706572099507,0.0,-1.3246328561833995
18.136,0.0,0.3896927193919346,0.0,-2.560704191702073,0.0,-1.3088979481567409
18.138,0.0,0.3845687037135993,0.0,-2.5633062343140987,0.0,-1.2931410074234777
18.14,0.0,0.3794395154785236,0.0,-2.5658767411687884,0.0,-1.2773622222345298
18.142,0.0,0.3743052178017802,0.0,-2.5684156687658186,0.0,-1.2615617812387572
18.144000000000002,0.0,0.36916587388504957,0.0,-2.570922973982563,0.0,-1.245739873480852
18.146,0.0,0.3640215470159356,0.0,-2.5733986140748537,0.0,-1.2298966883994344
18.148,0.0,0.3588723005670948,0.0,-2.5758425466778183,0.0,-1.2140324158245623
18.150000000000002,0.0,0.3537181979955487,0.0,-2.578254729806628,0.0,-1.198147245975815
18.152,0.0,0.3485593028419237,0.0,-2.580635121857271,0.0,-1.1822413694601388
18.154,0.0,0.3433956787296673,0.0,-2.582983681607341,0.0,-1.1663149772696288
18.156,0.0,0.3382273893642689,0.0,-2.5853003682168048,0.0,-1.150368260779315
18.158,0.0,0.33305449853253577,0.0,-2.587585141228756,0.0,-1.1344014117451204
18.16,0.0,0.32787707010181033,0.0,-2.5898379605701707,0.0,-1.1184146223016298
18.162,0.0,0.32269516801917586,0.0,-2.5920587865526854,0.0,-1.1024080849598323
18.164,0.0,0.31750885631070697,0.0,-2.59424757987333,0.0,-1.086381992604986
18.166,0.0,0.3123181990807399,0.0,-2.5964043016152623,0.0,-1.0703365384945536
18.168,0.0,0.3071232605110006,0.0,-2.598528913248545,0.0,-1.0542719162556835
18.17,0.0,0.30192410485991317,0.0,-2.6006213766308566,0.0,-1.0381883198832629
18.172,0.0,0.29672079646181937,0.0,-2.6026816540082223,0.0,-1.0220859437376768
18.174,0.0,0.2915133997261483,0.0,-2.604709708015762,0.0,-1.005964982542423
18.176000000000002,0.0,0.2863019791366589,0.0,-2.6067055016784084,0.0,-0.9898256313819407
18.178,0.0,0.281086599250722,0.0,-2.6086689984116034,0.0,-0.9736680856995685
18.18,0.0,0.27586732469843933,0.0,-2.6106001620220494,0.0,-0.9574925412949874
18.182,0.0,0.27064422018192846,0.0,-2.612498956708395,0.0,-0.9412991943221803
18.184,0.0,0.26541735047450127,0.0,-2.614365347061956,0.0,-0.9250882412870576
18.186,0.0,0.26018678041992516,0.0,-2.6161992980673974,0.0,-0.9088598790453364
18.188,0.0,0.2549525749315572,0.0,-2.6180007751034595,0.0,-0.892614304800024
18.19,0.0,0.24971479899164428,0.0,-2.6197697439436216,0.0,-0.8763517160994155
18.192,0.0,0.2444735176504752,0.0,-2.6215061707568066,0.0,-0.8600723108346272
18.194,0.0,0.23922879602560498,0.0,-2.6232100221080628,0.0,-0.8437762872373539
18.196,0.0,0.2339806993010513,0.0,-2.6248812649592406,0.0,-0.8274638438775354
18.198,0.0,0.2287292927265318,0.0,-2.6265198666696628,0.0,-0.8111351796611499
18.2,0.0,0.2234746416166422,0.0,-2.6281257949967993,0.0,-0.7947904938278194
18.202,0.0,0.21821681135003296,0.0,-2.6296990180969377,0.0,-0.7784299859484077
18.204,0.0,0.21295586736870065,0.0,-2.631239504525824,0.0,-0.762053855922977
18.206,0.0,0.20769187517708798,0.0,-2.632747223239341,0.0,-0.7456623039781416
18.208000000000002,0.0,0.2024249003413307,0.0,-2.6342221435941484,0.0,-0.7292555306648785
18.21,0.0,0.19715500848845502,0.0,-2.6356642353483295,0.0,-0.7128337368561831
18.212,0.0,0.19188226530557445,0.0,-2.6370734686620314,0.0,-0.6963971237447186
18.214,0.0,0.1866067365390743,0.0,-2.638449814098104,0.0,-0.6799458928404257
18.216,0.0,0.181328487993795,0.0,-2.639793242622741,0.0,-0.6634802459681267
18.218,0.0,0.17604758553227778,0.0,-2.641103725606085,0.0,-0.64700038526532
18.22,0.0,0.17076409507389273,0.0,-2.642381234822873,0.0,-0.6305065131796075
18.222,0.0,0.1654780825940553,0.0,-2.6436257424530454,0.0,-0.6139988324663938
18.224,0.0,0.16018961412342597,0.0,-2.6448372210823536,0.0,-0.597477546186531
18.226,0.0,0.15489875574707673,0.0,-2.6460156437029814,0.0,-0.5809428577038604
18.228,0.0,0.14960557360369367,0.0,-2.647160983714137,0.0,-0.5643949706828585
18.23,0.0,0.14431013388476216,0.0,-2.6482732149226567,0.0,-0.5478340890862323
18.232,0.0,0.13901250283374053,0.0,-2.6493523115435975,0.0,-0.5312604171724727
18.234,0.0,0.13371274674523229,0.0,-2.650398248200831,0.0,-0.5146741594934026
18.236,0.0,0.12841093196422643,0.0,-2.6514109999276174,0.0,-0.4980755208919348
18.238,0.0,0.12310712488519837,0.0,-2.6523905421671965,0.0,-0.48146470649939266
18.240000000000002,0.0,0.11780139195132126,0.0,-2.6533368507733592,0.0,-0.4648419217331713
18.242,0.0,0.11249379965369219,0.0,-2.654249902011008,0.0,-0.44820737229444635
18.244,0.0,0.10718441453041898,0.0,-2.655129672556737,0.0,-0.4315612641654407
18.246,0.0,0.10187330316588133,0.0,-2.6559761394993773,0.0,-0.414903803607238
18.248,0.0,0.09656053218983135,0.0,-2.6567892803405653,0.0,-0.3982351971570874
18.25,0.0,0.09124616827664722,0.0,-2.6575690729952797,0.0,-0.3815556516261883
18.252,0.0,0.08593027814443668,0.0,-2.658315495792398,0.0,-0.36486537409700115
18.254,0.0,0.08061292855422479,0.0,-2.659028527475231,0.0,-0.348164571920819
18.256,0.0,0.07529418630917231,0.0,-2.6597081472020574,0.0,-0.3314534527154347
18.258,0.0,0.06997411825368678,0.0,-2.660354334546655,0.0,-0.3147322243624676
18.26,0.0,0.06465279127259627,0.0,-2.660967069498831,0.0,-0.29800109500488503
18.262,0.0,0.05933027229035405,0.0,-2.6615463324649333,0.0,-0.281260273044618
18.264,0.0,0.05400662827018907,0.0,-2.662092104268374,0.0,-0.2645099671400057
18.266000000000002,0.0,0.048681926213234,0.0,-2.6626043661501337,0.0,-0.2477503862031646
18.268,0.0,0.0433562331577695,0.0,-2.663083099769269,0.0,-0.23098173939772343
18.27,0.0,0.03802961617829702,0.0,-2.663528287203414,0.0,-0.21420423613601391
18.272000000000002,0.0,0.03270214238475437,0.0,-2.663939910949276,0.0,-0.1974180860767102
18.274,0.0,0.02737387892168782,0.0,-2.664317953923119,0.0,-0.18062349912232756
18.276,0.0,0.022044892967369813,0.0,-2.6646623994612586,0.0,-0.16382068541654865
18.278,0.0,0.01671525173297971,0.0,-2.6649732313205337,0.0,-0.147009855341745
18.28,0.0,0.011385022461756943,0.0,-2.6652504336787874,0.0,-0.13019121951640955
18.282,0.0,0.006054272428206508,0.0,-2.6654939911353286,0.0,-0.11336498879275174
18.284,0.0,0.0007230689371542919,0.0,-2.6657038887114086,0.0,-0.0965313742538166
18.286,0.0,-0.004608520677011986,0.0,-2.6658801118506705,0.0,-0.07969058721118658
18.288,0.0,-0.009940429051198681,0.0,-2.666022646419605,0.0,-0.06284283920237602
18.29,0.0,-0.015272588794489676,0.0,-2.666131478708004,0.0,-0.045988341988135735
18.292,0.0,-0.020604932488977427,0.0,-2.6662065954294034,0.0,-0.029127307549920475
18.294,0.0,-0.025937392690578938,0.0,-2.6662479837215165,0.0,-0.012259948087402259
18.296,0.0,-0.03126990192993781,0.0,-2.6662556311466754,0.0,0.004613523984291545
18.298000000000002,0.0,-0.03660239271324196,0.0,-2.666229525692254,0.0,0.02149289603707545
18.3,0.0,-0.041934797523058155,0.0,-2.6661696557710943,0.0,0.03837795523245892
18.302,0.0,-0.047267048819225936,0.0,-2.666076010221922,0.0,0.05526848852428967
18.304000000000002,0.0,-0.05259907903969921,0.0,-2.6659485783097616,0.0,0.07216428266133412
18.306,0.0,-0.05793082060134596,0.0,-2.6657873497263442,0.0,0.08906512418972728
18.308,0.0,-0.06326220590088193,0.0,-2.665592314590507,0.0,0.10597079945584979
18.31,0.0,-0.06859316731568799,0.0,-2.6653634634485925,0.0,0.12288109460883843
18.312,0.0,-0.07392363720465486,0.0,-2.6651007872748402,0.0,0.13979579560318645
18.314,0.0,-0.07925354790902871,0.0,-2.664804277471773,0.0,0.15671468820134848
18.316,0.0,-0.08458283175332125,0.0,-2.6644739258705794,0.0,0.1736375579765531
18.318,0.0,-0.08991142104615153,0.0,-2.6641097247314853,0.0,0.19056419031540073
18.32,0.0,-0.09523924808101923,0.0,-2.6637116667441356,0.0,0.20749437042024682
18.322,0.0,-0.10056624513728625,0.0,-2.6632797450279444,0.0,0.22442788331224825
18.324,0.0,-0.1058923444809993,0.0,-2.6628139531324635,0.0,0.24136451383390822
18.326,0.0,-0.11121747836568148,0.0,-2.66231428503774,0.0,0.25830404665152495
18.328,0.0,-0.11654157903327339,0.0,-2.6617807351546614,0.0,0.27524626625811704
18.330000000000002,0.0,-0.12186457871499504,0.0,-2.6612132983252956,0.0,0.2921909569761006
18.332,0.0,-0.12718640963212366,0.0,-2.660611969823242,0.0,0.30913790295970134
18.334,0.0,-0.13250700399696322,0.0,-2.6599767453539513,0.0,0.32608688819797793
18.336000000000002,0.0,-0.13782629401364482,0.0,-2.65930762105506,0.0,0.3430376965173114
18.338,0.0,-0.14314421187900203,0.0,-2.6586045934967126,0.0,0.35999011158413374
18.34,0.0,-0.14846068978344673,0.0,-2.6578676596818815,0.0,0.3769439169076634
18.342,0.0,-0.15377565991183512,0.0,-2.657096817046672,0.0,0.3938988958426077
18.344,0.0,-0.15908905444432905,0.0,-2.6562920634606315,0.0,0.4108548315918566
18.346,0.0,-0.16440080555723663,0.0,-2.6554533972270558,0.0,0.42781150720911165
18.348,0.0,-0.16971084542394893,0.0,-2.6545808170832745,0.0,0.44476870560182374
18.35,0.0,-0.17501910621573954,0.0,-2.653674322200952,0.0,0.46172620953369586
18.352,0.0,-0.1803255201026546,0.0,-2.652733912186363,0.0,0.4786838016274766
18.354,0.0,-0.18563001925440875,0.0,-2.651759587080676,0.0,0.4956412643677769
18.356,0.0,-0.19093253584122893,0.0,-2.650751347360224,0.0,0.51259838010372
18.358,0.0,-0.19623300203470898,0.0,-2.6497091939367823,0.0,0.5295549310516313
18.36,0.0,-0.2015313500087229,0.0,-2.648633128157817,0.0,0.5465106992979167
18.362000000000002,0.0,-0.20682751194028637,0.0,-2.647523151806748,0.0,0.5634654668017771
18.364,0.0,-0.2121214200103808,0.0,-2.6463792671032107,0.0,0.5804190153978084
18.366,0.0,-0.21741300640488476,0.0,-2.6452014767032863,0.0,0.5973711267989434
18.368000000000002,0.0,-0.22270220331544646,0.0,-2.6439897836997472,0.0,0.6143215825992125
18.37,0.0,-0.22798894294029445,0.0,-2.642744191622302,0.0,0.6312701642763057
18.372,0.0,-0.23327315748518018,0.0,-2.6414647044378134,0.0,0.6482166531945605
18.374,0.0,-0.23855477916423146,0.0,-2.6401513265505248,0.0,0.6651608306076663
18.376,0.0,-0.24383374020080623,0.0,-2.638804062802285,0.0,0.682102477661374
18.378,0.0,-0.24910997282837882,0.0,-2.6374229184727565,0.0,0.6990413753963096
18.38,0.0,-0.2543834092914418,0.0,-2.6360078992796185,0.0,0.7159773047508428
18.382,0.0,-0.2596539818463508,0.0,-2.6345590113787782,0.0,0.7329100465637746
18.384,0.0,-0.26492162276220116,0.0,-2.633076261364562,0.0,0.7498393815771285
18.386,0.0,-0.27018626432173654,0.0,-2.6315596562699044,0.0,0.766765090439048
18.388,0.0,-0.27544783882220486,0.0,-2.630009203566532,0.0,0.783686953706527
18.39,0.0,-0.2807062785762003,0.0,-2.628424911165159,0.0,0.8006047518480984
18.392,0.0,-0.2859615159126139,0.0,-2.626806787415635,0.0,0.8175182652468721
18.394000000000002,0.0,-0.2912134831774861,0.0,-2.6251548411071286,0.0,0.8344272742032671
18.396,0.0,-0.29646211273482304,0.0,-2.6234690814682984,0.0,0.8513315589376178
18.398,0.0,-0.3017073369675644,0.0,-2.6217495181674333,0.0,0.8682308995932831
18.400000000000002,0.0,-0.30694908827844686,0.0,-2.6199961613125975,0.0,0.8851250762394118
18.402,0.0,-0.3121872990908111,0.0,-2.6182090214518117,0.0,0.9020138688735376
18.404,0.0,-0.31742190184956515,0.0,-2.6163881095731565,0.0,0.9188970574246715
18.406,0.0,-0.3226528290220282,0.0,-2.6145334371049267,0.0,0.9357744217560217
18.408,0.0,-0.3278800130988267,0.0,-2.6126450159157453,0.0,0.9526457416678721
18.41,0.0,-0.33310338659473887,0.0,-2.6107228583147077,0.0,0.9695107969003088
18.412,0.0,-0.33832288204963284,0.0,-2.608766977051474,0.0,0.9863693671362432
18.414,0.0,-0.34353843202929063,0.0,-2.606777385316405,0.0,1.0032212320040765
18.416,0.0,-0.3487499691263315,0.0,-2.6047540967406495,0.0,1.0200661710806784
18.418,0.0,-0.3539574259610623,0.0,-2.602697125396258,0.0,1.0369039638941415
18.42,0.0,-0.3591607351824059,0.0,-2.600606485796258,0.0,1.0537343899267835
18.422,0.0,-0.3643598294687007,0.0,-2.598482192894779,0.0,1.0705572286177418
18.424,0.0,-0.3695546415286965,0.0,-2.596324262087084,0.0,1.087372259366198
18.426000000000002,0.0,-0.37474510410233863,0.0,-2.594132709209695,0.0,1.1041792615339303
18.428,0.0,-0.37993114996167143,0.0,-2.591907550540447,0.0,1.120978014448242
18.43,0.0,-0.38511271191176194,0.0,-2.5896488027985454,0.0,1.1377682974049703
18.432000000000002,0.0,-0.3902897227915776,0.0,-2.5873564831446223,0.0,1.1545498896713395
18.434,0.0,-0.39546211547479726,0.0,-2.5850306091808233,0.0,1.1713225704886057
18.436,0.0,-0.4006298228707763,0.0,-2.582671198950823,0.0,1.188086119075203
18.438,0.0,-0.40579277792539925,0.0,-2.580278270939878,0.0,1.2048403146295252
18.44,0.0,-0.41095091362196257,0.0,-2.5778518440748686,0.0,1.2215849363328126
18.442,0.0,-0.41610416298203245,0.0,-2.575391937724336,0.0,1.2383197633519532
18.444,0.0,-0.42125245906639,0.0,-2.572898571698485,0.0,1.2550445748425756
18.446,0.0,-0.42639573497587296,0.0,-2.5703717662492176,0.0,1.2717591499518086
18.448,0.0,-0.431533923852234,0.0,-2.5678115420701655,0.0,1.2884632678210954
18.45,0.0,-0.4366669588790754,0.0,-2.5652179202966696,0.0,1.3051567075892576
18.452,0.0,-0.44179477328273214,0.0,-2.562590922505783,0.0,1.3218392483953971
18.454,0.0,-0.44691730033309407,0.0,-2.5599305707162996,0.0,1.3385106693815996
18.456,0.0,-0.45203447334455615,0.0,-2.557236887388709,0.0,1.3551707496960586
18.458000000000002,0.0,-0.4571462256768808,0.0,-2.5545098954251926,0.0,1.371819268495917
18.46,0.0,-0.4622524907360511,0.0,-2.551749618169622,0.0,1.38845600495008
18.462,0.0,-0.4673532019752103,0.0,-2.5489560794075015,0.0,1.405080738242314
18.464,0.0,-0.47244829289548335,0.0,-2.546129303365962,0.0,1.4216932475739583
18.466,0.0,-0.47753769704692695,0.0,-2.543269314713697,0.0,1.4382933121670634
18.468,0.0,-0.482621348029331,0.0,-2.540376138560955,0.0,1.4548807112670479
18.47,0.0,-0.48769917949318775,0.0,-2.537449800459447,0.0,1.4714552241459011
18.472,0.0,-0.49277112514052945,0.0,-2.5344903264023135,0.0,1.4880166301049622
18.474,0.0,-0.4978371187257755,0.0,-2.5314977428240844,0.0,1.5045647084777312
18.476,0.0,-0.5028970940567111,0.0,-2.5284720766005537,0.0,1.5210992386331117
18.478,0.0,-0.5079509849952893,0.0,-2.5254133550487556,0.0,1.5376199999780822
18.48,0.0,-0.512998725458513,0.0,-2.522321605926886,0.0,1.5541267719606295
18.482,0.0,-0.518040249419398,0.0,-2.519196857434166,0.0,1.5706193340729475
18.484,0.0,-0.5230754909077642,0.0,-2.5160391382108083,0.0,1.587097465854082
18.486,0.0,-0.5281043840111378,0.0,-2.5128484773379087,0.0,1.6035609468929353
18.488,0.0,-0.5331268628756833,0.0,-2.5096249043373082,0.0,1.6200095568313746
18.490000000000002,0.0,-0.5381428617070345,0.0,-2.5063684491715192,0.0,1.6364430753670083
18.492,0.0,-0.5431523147711854,0.0,-2.5030791422436054,0.0,1.6528612822561726
18.494,0.0,-0.548155156395382,0.0,-2.499757014397051,0.0,1.6692639573169061
18.496,0.0,-0.5531513209689974,0.0,-2.4964020969156433,0.0,1.6856508804318886
18.498,0.0,-0.5581407429444324,0.0,-2.493014421523319,0.0,1.702021831551451
18.5,0.0,-0.5631233568379209,0.0,-2.4895940203840854,0.0,1.7183765906962933
18.502,0.0,-0.5680990972305198,0.0,-2.4861409261017964,0.0,1.7347149379607927
18.504,0.0,-0.5730678987689231,0.0,-2.4826551717200473,0.0,1.75103665351575
18.506,0.0,-0.5780296961663217,0.0,-2.479136790722035,0.0,1.7673415176112834
18.508,0.0,-0.5829844242033377,0.0,-2.4755858170303564,0.0,1.7836293105799705
18.51,0.0,-0.5879320177288775,0.0,-2.472002285006858,0.0,1.7998998128397228
18.512,0.0,-0.592872411661,0.0,-2.468386229452469,0.0,1.8161528048967217
18.514,0.0,-0.5978055409878102,0.0,-2.4647376856070142,0.0,1.832388067348429
18.516000000000002,0.0,-0.6027313407683512,0.0,-2.4610566891490135,0.0,1.8486053808866059
18.518,0.0,-0.6076497461334074,0.0,-2.457343276195548,0.0,1.8648045263000312
18.52,0.0,-0.6125606922864848,0.0,-2.4535974833019827,0.0,1.8809852844778168
18.522000000000002,0.0,-0.6174641145046436,0.0,-2.449819347461799,0.0,1.897147436412225
18.524,0.0,-0.6223599481393192,0.0,-2.4460089061064276,0.0,1.9132907632014726
18.526,0.0,-0.6272481286172925,0.0,-2.442166197104956,0.0,1.929415046052999
18.528,0.0,-0.6321285914414951,0.0,-2.43829125876397,0.0,1.9455200662862258
18.53,0.0,-0.6370012721919383,0.0,-2.4343841298272726,0.0,1.9616056053356974
18.532,0.0,-0.6418661065265241,0.0,-2.430444849475712,0.0,1.9776714447538581
18.534,0.0,-0.6467230301819678,0.0,-2.4264734573268973,0.0,1.9937173662141843
18.536,0.0,-0.6515719789746657,0.0,-2.42246999343496,0.0,2.009743151514151
18.538,0.0,-0.6564128888015303,0.0,-2.4184344982903334,0.0,2.0257485825780797
18.54,0.0,-0.6612456956409242,0.0,-2.4143670128194463,0.0,2.0417334414603276
18.542,0.0,-0.6660703355534942,0.0,-2.410267578384487,0.0,2.057697510348142
18.544,0.0,-0.6708867446830132,0.0,-2.406136236783167,0.0,2.073640571564548
18.546,0.0,-0.6756948592573234,0.0,-2.401973030248376,0.0,2.089562407571566
18.548000000000002,0.0,-0.6804946155891531,0.0,-2.3977780014479544,0.0,2.1054628009730267
18.55,0.0,-0.6852859500769964,0.0,-2.393551193484392,0.0,2.121341534517581
18.552,0.0,-0.6900687992059916,0.0,-2.3892926498945326,0.0,2.1371983911017267
18.554000000000002,0.0,-0.6948430995487986,0.0,-2.3850024146492603,0.0,2.153033153772811
18.556,0.0,-0.6996087877664157,0.0,-2.3806805321532494,0.0,2.168845605731863
18.558,0.0,-0.704365800609121,0.0,-2.376327047244578,0.0,2.1846355303368146
18.56,0.0,-0.7091140749172886,0.0,-2.371942005194464,0.0,2.2004027111053266
18.562,0.0,-0.7138535476222722,0.0,-2.367525451706923,0.0,2.2161469317178386
18.564,0.0,-0.7185841557472379,0.0,-2.363077432918472,0.0,2.2318679760204474
18.566,0.0,-0.7233058364081036,0.0,-2.35859799539772,0.0,2.2475656280281413
18.568,0.0,-0.7280185268143338,0.0,-2.3540871861450996,0.0,2.263239671927564
18.57,0.0,-0.7327221642698103,0.0,-2.349545052592509,0.0,2.278889892080032
18.572,0.0,-0.7374166861737338,0.0,-2.344971642602924,0.0,2.2945160730246488
18.574,0.0,-0.7421020300214523,0.0,-2.3403670044700715,0.0,2.310117999481191
18.576,0.0,-0.7467781334053316,0.0,-2.3357311869180535,0.0,2.3256954563531242
18.578,0.0,-0.7514449340156019,0.0,-2.331064239100996,0.0,2.3412482287305543
18.580000000000002,0.0,-0.7561023696412732,0.0,-2.3263662106026106,0.0,2.356776101893398
18.582,0.0,-0.7607503781708964,0.0,-2.321637151435915,0.0,2.3722788613140535
18.584,0.0,-0.7653888975935195,0.0,-2.316877112042745,0.0,2.3877562926607214
18.586000000000002,0.0,-0.7700178659994881,0.0,-2.3120861432934143,0.0,2.403208181800202
18.588,0.0,-0.7746372215813124,0.0,-2.3072642964863075,0.0,2.4186343148009186
18.59,0.0,-0.7792469026345319,0.0,-2.302411623347463,0.0,2.43403447793595
18.592,0.0,-0.783846847558565,0.0,-2.297528176030167,0.0,2.4494084576859962
18.594,0.0,-0.7884369948575776,0.0,-2.292614007114519,0.0,2.4647560407424205
18.596,0.0,-0.7930172831412903,0.0,-2.287669169607057,0.0,2.480077014010087
18.598,0.0,-0.7975876511258855,0.0,-2.2826937169402672,0.0,2.4953711646105345
18.6,0.0,-0.8021480376348451,0.0,-2.2776877029721656,0.0,2.5106382798849216
18.602,0.0,-0.8066983815997609,0.0,-2.2726511819858985,0.0,2.5258781473968837
18.604,0.0,-0.8112386220612338,0.0,-2.2675842086892377,0.0,2.5410905549356846
18.606,0.0,-0.815768698169722,0.0,-2.2624868382141314,0.0,2.5562752905192117
18.608,0.0,-0.8202885491863356,0.0,-2.2573591261162997,0.0,2.5714321423967803
18.61,0.0,-0.8247981144837429,0.0,-2.252201128374705,0.0,2.5865608990523223
18.612000000000002,0.0,-0.829297333547,0.0,-2.2470129013910927,0.0,2.6016613492073235
18.614,0.0,-0.8337861459743552,0.0,-2.24179450198957,0.0,2.6167332818236706
18.616,0.0,-0.8382644914781614,0.0,-2.236545987416033,0.0,2.6317764861068715
18.618000000000002,0.0,-0.8427323098856758,0.0,-2.2312674153377325,0.0,2.6467907515088953
18.62,0.0,-0.8471895411398942,0.0,-2.225958843842787,0.0,2.6617758677311265
18.622,0.0,-0.8516361253004299,0.0,-2.220620331439634,0.0,2.6767316247274904
18.624,0.0,-0.8560720025443251,0.0,-2.2152519370565584,0.0,2.691657812707324
18.626,0.0,-0.8604971131668979,0.0,-2.2098537200411688,0.0,2.7065542221384
18.628,0.0,-0.8649113975825671,0.0,-2.204425740159894,0.0,2.721420643749862
18.63,0.0,-0.8693147963257333,0.0,-2.1989680575974018,0.0,2.7362568685353517
18.632,0.0,-0.8737072500515671,0.0,-2.1934807329561283,0.0,2.7510626877558293
18.634,0.0,-0.8780886995368478,0.0,-2.187963827255734,0.0,2.7658378929425718
18.636,0.0,-0.8824590856808243,0.0,-2.182417401932527,0.0,2.7805822759002385
18.638,0.0,-0.8868183495060558,0.0,-2.1768415188389034,0.0,2.795295628709882
18.64,0.0,-0.8911664321591738,0.0,-2.1712362402428798,0.0,2.809977743731682
18.642,0.0,-0.8955032749117967,0.0,-2.1656016288274245,0.0,2.8246284136082123
18.644000000000002,0.0,-0.8998288191613306,0.0,-2.159937747689926,0.0,2.83924743126732
18.646,0.0,-0.9041430064317485,0.0,-2.154244660341685,0.0,2.853834589924928
18.648,0.0,-0.9084457783744928,0.0,-2.1485224307072346,0.0,2.8683896830882647
18.650000000000002,0.0,-0.9127370767692684,0.0,-2.1427711231238007,0.0,2.88291250455873
18.652,0.0,-0.9170168435248495,0.0,-2.136990802340731,0.0,2.897402848434798
18.654,0.0,-0.921285020679929,0.0,-2.1311815335188666,0.0,2.911860509115075
18.656,0.0,-0.9255415504039326,0.0,-2.1253433822299477,0.0,2.9262852813012374
18.658,0.0,-0.9297863749978486,0.0,-2.119476414455994,0.0,2.940676960001031
18.66,0.0,-0.9340194368950174,0.0,-2.113580696588732,0.0,2.9550353405311314
18.662,0.0,-0.9382406786619978,0.0,-2.1076562954289058,0.0,2.969360218520263
18.664,0.0,-0.9424500429993417,0.0,-2.1017032781857132,0.0,2.9836513899120236
18.666,0.0,-0.946647472742419,0.0,-2.0957217124761587,0.0,2.9979086509678665
18.668,0.0,-0.9508329108622696,0.0,-2.08971166632436,0.0,3.0121317982701865
18.67,0.0,-0.9550063004663724,0.0,-2.0836732081609743,0.0,3.0263206287251303
18.672,0.0,-0.9591675847994563,0.0,-2.077606406822541,0.0,3.0404749395655384
18.674,0.0,-0.9633167072443581,0.0,-2.0715113315507634,0.0,3.0545945283540608
18.676000000000002,0.0,-0.9674536113227938,0.0,-2.0653880519919006,0.0,3.0686791929859787
18.678,0.0,-0.9715782406961602,0.0,-2.0592366381961096,0.0,3.082728731692131
18.68,0.0,-0.9756905391663815,0.0,-2.053057160616709,0.0,3.0967429430419897
18.682000000000002,0.0,-0.9797904506766753,0.0,-2.0468496901095654,0.0,3.110721625946482
18.684,0.0,-0.9838779193123649,0.0,-2.040614297932389,0.0,3.1246645796609482
18.686,0.0,-0.9879528893017143,0.0,-2.0343510557439988,0.0,3.1385716037882054
18.688,0.0,-0.9920153050166898,0.0,-2.0280600356036795,0.0,3.1524424982813346
18.69,0.0,-0.9960651109737959,0.0,-2.0217413099704262,0.0,3.166277063446752
18.692,0.0,-1.0001022518348104,0.0,-2.0153949517023366,0.0,3.180075099946926
18.694,0.0,-1.0041266724076694,0.0,-2.0090210340557553,0.0,3.1938364088036075
18.696,0.0,-1.0081383176472118,0.0,-2.002619630684631,0.0,3.2075607914005775
18.698,0.0,-1.0121371326559498,0.0,-1.9961908156398354,0.0,3.2212480494865092
18.7,0.0,-1.0161230626849402,0.0,-1.9897346633682964,0.0,3.234897985178145
18.702,0.0,-1.0200960531344985,0.0,-1.983251248712391,0.0,3.248510400962971
18.704,0.0,-1.0240560495550195,0.0,-1.9767406469091449,0.0,3.262085099702226
18.706,0.0,-1.0280029976477771,0.0,-1.9702029335894697,0.0,3.27562188463388
18.708000000000002,0.0,-1.0319368432657057,0.0,-1.9636381847774131,0.0,3.2891205593755095
18.71,0.0,-1.0358575324141635,0.0,-1.957046476889432,0.0,3.3025809279271487
18.712,0.0,-1.0397650112517416,0.0,-1.950427886733585,0.0,3.316002794674281
18.714,0.0,-1.0436592260910378,0.0,-1.9437824915087731,0.0,3.3293859643907253
18.716,0.0,-1.04754012339945,0.0,-1.9371103688039377,0.0,3.342730242241573
18.718,0.0,-1.0514076497999163,0.0,-1.9304115965973432,0.0,3.356035433785969
18.72,0.0,-1.055261752071735,0.0,-1.9236862532557135,0.0,3.369301344980146
18.722,0.0,-1.059102377151345,0.0,-1.9169344175334249,0.0,3.3825277821803446
18.724,0.0,-1.0629294721330391,0.0,-1.9101561685718147,0.0,3.3957145521454937
18.726,0.0,-1.0667429842698095,0.0,-1.9033515858982433,0.0,3.408861462040356
18.728,0.0,-1.0705428609740881,0.0,-1.8965207494253318,0.0,3.4219683194383057
18.73,0.0,-1.0743290498185019,0.0,-1.889663739450172,0.0,3.4350349323241676
18.732,0.0,-1.078101498536663,0.0,-1.8827806366534583,0.0,3.4480611090971744
18.734,0.0,-1.0818601550239395,0.0,-1.875871522098649,0.0,3.4610466585738613
18.736,0.0,-1.0856049673381782,0.0,-1.8689364772312045,0.0,3.473991389990804
18.738,0.0,-1.0893358837005285,0.0,-1.8619755838776342,0.0,3.4868951130076944
18.740000000000002,0.0,-1.0930528524961685,0.0,-1.8549889242447113,0.0,3.4997576377100987
18.742,0.0,-1.0967558222750404,0.0,-1.8479765809186637,0.0,3.512578774612233
18.744,0.0,-1.1004447417526753,0.0,-1.8409386368641896,0.0,3.5253583346600563
18.746,0.0,-1.1041195598108908,0.0,-1.8338751754236964,0.0,3.538096129233939
18.748,0.0,-1.107780225498587,0.0,-1.8267862803163613,0.0,3.5507919701516593
18.75,0.0,-1.1114266880324366,0.0,-1.8196720356373595,0.0,3.563445669671037
18.752,0.0,-1.1150588967977229,0.0,-1.8125325258568268,0.0,3.5760570404930903
18.754,0.0,-1.1186768013490203,0.0,-1.8053678358190919,0.0,3.5886258957646433
18.756,0.0,-1.1222803514109634,0.0,-1.7981780507417504,0.0,3.6011520490812434
18.758,0.0,-1.125869496879008,0.0,-1.7909632562147249,0.0,3.6136353144900526
18.76,0.0,-1.1294441878201575,0.0,-1.7837235381993988,0.0,3.6260755064926364
18.762,0.0,-1.1330043744736953,0.0,-1.7764589830277249,0.0,3.6384724400477486
18.764,0.0,-1.1365500072519557,0.0,-1.7691696774012406,0.0,3.6508259305742716
18.766000000000002,0.0,-1.1400810367410377,0.0,-1.761855708390199,0.0,3.6631357939539604
18.768,0.0,-1.1435974137015457,0.0,-1.7545171634326309,0.0,3.675401846534272
18.77,0.0,-1.1470990890693304,0.0,-1.7471541303333984,0.0,3.687623905131217
18.772000000000002,0.0,-1.1505860139562287,0.0,-1.7397666972632368,0.0,3.6998017870321838
18.774,0.0,-1.1540581396507532,0.0,-1.7323549527579007,0.0,3.7119353099986188
18.776,0.0,-1.1575154176188898,0.0,-1.724918985717063,0.0,3.7240242922690574
18.778,0.0,-1.160957799504766,0.0,-1.7174588854034847,0.0,3.7360685525617328
18.78,0.0,-1.164385237131401,0.0,-1.7099747414420021,0.0,3.7480679100774603
18.782,0.0,-1.1677976825014151,0.0,-1.7024666438185854,0.0,3.760022184502374
18.784,0.0,-1.1711950877977841,0.0,-1.6949346828792944,0.0,3.7719311960108435
18.786,0.0,-1.1745774053845213,0.0,-1.6873789493293787,0.0,3.783794765268122
18.788,0.0,-1.177944587807396,0.0,-1.6797995342322942,0.0,3.795612713433138
18.79,0.0,-1.1812965877946884,0.0,-1.672196529008622,0.0,3.8073848621614004
18.792,0.0,-1.1846333582578625,0.0,-1.6645700254351659,0.0,3.819111033607648
18.794,0.0,-1.187954852292279,0.0,-1.6569201156439457,0.0,3.8307910504286014
18.796,0.0,-1.191261023177936,0.0,-1.6492468921211205,0.0,3.8424247357858583
18.798000000000002,0.0,-1.1945518243801605,0.0,-1.641550447706011,0.0,3.85401191334858
18.8,0.0,-1.197827209550288,0.0,-1.6338308755901416,0.0,3.865552407296168
18.802,0.0,-1.2010871325264074,0.0,-1.6260882693161207,0.0,3.877046042321157
18.804000000000002,0.0,-1.2043315473340366,0.0,-1.618322722776672,0.0,3.8884926436318747
18.806,0.0,-1.207560408186823,0.0,-1.6105343302135986,0.0,3.8998920369551806
18.808,0.0,-1.2107736694872568,0.0,-1.602723186216699,0.0,3.911244048539273
18.81,0.0,-1.2139712858273464,0.0,-1.594889385722775,0.0,3.9225485051563376
18.812,0.0,-1.2171532119893356,0.0,-1.5870330240145187,0.0,3.9338052341053706
18.814,0.0,-1.220319402946341,0.0,-1.5791541967195875,0.0,3.945014063214709
18.816,0.0,-1.2234698138631217,0.0,-1.5712529998093434,0.0,3.9561748208450482
18.818,0.0,-1.2266044000967047,0.0,-1.5633295295979377,0.0,3.9672873358919136
18.82,0.0,-1.2297231171970802,0.0,-1.55538388274121,0.0,3.978351437788433
18.822,0.0,-1.2328259209078942,0.0,-1.5474161562355853,0.0,3.989366956508058
18.824,0.0,-1.2359127671671408,0.0,-1.539426447416961,0.0,4.000333722567324
18.826,0.0,-1.2389836121077966,0.0,-1.5314148539597243,0.0,4.011251567028367
18.828,0.0,-1.2420384120585521,0.0,-1.5233814738755231,0.0,4.022120321501839
18.830000000000002,0.0,-1.2450771235444422,0.0,-1.5153264055122702,0.0,4.0329398181494085
18.832,0.0,-1.2480997032875303,0.0,-1.5072497475530102,0.0,4.043709889686506
18.834,0.0,-1.2511061082075916,0.0,-1.4991515990147692,0.0,4.054430369385031
18.836000000000002,0.0,-1.254096295422766,0.0,-1.4910320592474788,0.0,4.06510109107599
18.838,0.0,-1.2570702222502068,0.0,-1.482891227932895,0.0,4.075721889152085
18.84,0.0,-1.2600278462067973,0.0,-1.474729205083329,0.0,4.086292598570572
18.842,0.0,-1.2629691250097372,0.0,-1.4665460910407144,0.0,4.096813054855647
18.844,0.0,-1.265894016577271,0.0,-1.4583419864752791,0.0,4.107283094101344
18.846,0.0,-1.2688024790292838,0.0,-1.4501169923845632,0.0,4.11770255297397
18.848,0.0,-1.2716944706879976,0.0,-1.4418712100921593,0.0,4.128071268714887
18.85,0.0,-1.274569950078612,0.0,-1.4336047412465847,0.0,4.1383890791431055
18.852,0.0,-1.2774288759299253,0.0,-1.4253176878202025,0.0,4.148655822657814
18.854,0.0,-1.280271207175025,0.0,-1.4170101521079312,0.0,4.158871338241153
18.856,0.0,-1.2830969029519055,0.0,-1.4086822367261547,0.0,4.169035465460734
18.858,0.0,-1.2859059226041025,0.0,-1.4003340446115677,0.0,4.179148044472227
18.86,0.0,-1.288698225681359,0.0,-1.3919656790199226,0.0,4.18920891602205
18.862000000000002,0.0,-1.2914737719402414,0.0,-1.3835772435249025,0.0,4.1992179214499
18.864,0.0,-1.294232521344775,0.0,-1.3751688420169312,0.0,4.209174902691335
18.866,0.0,-1.296974434067096,0.0,-1.366740578701923,0.0,4.219079702280435
18.868000000000002,0.0,-1.2996994704880525,0.0,-1.3582925581001641,0.0,4.228932163352284
18.87,0.0,-1.3024075911978525,0.0,-1.349824885045051,0.0,4.2387321296456
18.872,0.0,-1.3050987569966854,0.0,-1.3413376646818889,0.0,4.24847944550531
18.874,0.0,-1.307772928895337,0.0,-1.332831002466702,0.0,4.258173955885071
18.876,0.0,-1.3104300681158243,0.0,-1.3243050041649616,0.0,4.267815506349878
18.878,0.0,-1.313070136091982,0.0,-1.3157597758504718,0.0,4.277403943078502
18.88,0.0,-1.3156930944701268,0.0,-1.3071954239039696,0.0,4.286939112866203
18.882,0.0,-1.3182989051096308,0.0,-1.298612055012028,0.0,4.296420863127147
18.884,0.0,-1.320887530083535,0.0,-1.2900097761657932,0.0,4.30584904189692
18.886,0.0,-1.3234589316791783,0.0,-1.281388694659683,0.0,4.315223497835141
18.888,0.0,-1.3260130723987915,0.0,-1.272748918090163,0.0,4.324544080227937
18.89,0.0,-1.3285499149600908,0.0,-1.2640905543545302,0.0,4.333810638990419
18.892,0.0,-1.3310694222968877,0.0,-1.255413711649613,0.0,4.343023024669232
18.894000000000002,0.0,-1.333571557559702,0.0,-1.2467184984704611,0.0,4.352181088445092
18.896,0.0,-1.3360562841163106,0.0,-1.2380050236092297,0.0,4.361284682135123
18.898,0.0,-1.3385235655523977,0.0,-1.2292733961537066,0.0,4.370333658195544
18.900000000000002,0.0,-1.3409733656721128,0.0,-1.2205237254861427,0.0,4.379327869724027
18.902,0.0,-1.3434056484986443,0.0,-1.2117561212820203,0.0,4.388267170462133
18.904,0.0,-1.345820378274852,0.0,-1.2029706935085875,0.0,4.397151414797938
18.906,0.0,-1.3482175194637973,0.0,-1.1941675524237558,0.0,4.405980457768311
18.908,0.0,-1.3505970367493658,0.0,-1.1853468085746413,0.0,4.414754155061509
18.91,0.0,-1.3529588950368048,0.0,-1.1765085727964093,0.0,4.423472363019491
18.912,0.0,-1.355303059453337,0.0,-1.167652956210815,0.0,4.432134938640492
18.914,0.0,-1.3576294953487118,0.0,-1.1587800702249687,0.0,4.440741739581383
18.916,0.0,-1.359938168295759,0.0,-1.1498900265300747,0.0,4.4492926241600355
18.918,0.0,-1.3622290440909988,0.0,-1.140982937099944,0.0,4.457787451357908
18.92,0.0,-1.364502088755169,0.0,-1.1320589141898012,0.0,4.466226080822302
18.922,0.0,-1.3667572685337896,0.0,-1.123118070334945,0.0,4.474608372868801
18.924,0.0,-1.3689945498977452,0.0,-1.1141605183493102,0.0,4.4829341884837355
18.926000000000002,0.0,-1.3712138995438217,0.0,-1.1051863713242038,0.0,4.491203389326516
18.928,0.0,-1.3734152843952572,0.0,-1.0961957426269662,0.0,4.499415837731999
18.93,0.0,-1.3755986716023016,0.0,-1.087188745899581,0.0,4.507571396712906
18.932000000000002,0.0,-1.377764028542773,0.0,-1.0781654950572828,0.0,4.515669929962201
18.934,0.0,-1.3799113228225732,0.0,-1.069126104287317,0.0,4.523711301855367
18.936,0.0,-1.382040522276268,0.0,-1.0600706880474147,0.0,4.531695377452885
18.938,0.0,-1.384151594967593,0.0,-1.0509993610645612,0.0,4.5396220225024715
18.94,0.0,-1.3862445091900213,0.0,-1.041912238333494,0.0,4.547491103441502
18.942,0.0,-1.3883192334672652,0.0,-1.0328094351154564,0.0,4.555302487399254
18.944,0.0,-1.3903757365538347,0.0,-1.0236910669366936,0.0,4.563056042199311
18.946,0.0,-1.3924139874355608,0.0,-1.0145572495870918,0.0,4.570751636361875
18.948,0.0,-1.3944339553301,0.0,-1.0054080991188665,0.0,4.578389139105977
18.95,0.0,-1.396435609687491,0.0,-0.996243731845026,0.0,4.585968420351928
18.952,0.0,-1.3984189201906538,0.0,-0.9870642643380506,0.0,4.593489350723512
18.954,0.0,-1.4003838567559037,0.0,-0.9778698134285044,0.0,4.60095180155028
18.956,0.0,-1.4023303895334827,0.0,-0.9686604962035487,0.0,4.608355644869866
18.958000000000002,0.0,-1.4042584889080667,0.0,-0.9594364300055319,0.0,4.615700753430273
18.96,0.0,-1.4061681254992509,0.0,-0.9501977324306946,0.0,4.6229870006920235
18.962,0.0,-1.408059270162094,0.0,-0.9409445213275507,0.0,4.630214260830567
18.964,0.0,-1.4099318939876002,0.0,-0.9316769147955556,0.0,4.637382408738447
18.966,0.0,-1.41178596830322,0.0,-0.9223950311836787,0.0,4.644491320027546
18.968,0.0,-1.4136214646733418,0.0,-0.913098989088981,0.0,4.651540871031286
18.97,0.0,-1.4154383548998064,0.0,-0.9037889073550787,0.0,4.658530938806941
18.972,0.0,-1.4172366110223904,0.0,-0.8944649050707292,0.0,4.665461401137813
18.974,0.0,-1.419016205319276,0.0,-0.8851271015684781,0.0,4.6723321365353705
18.976,0.0,-1.420777110307564,0.0,-0.8757756164230626,0.0,4.679143024241544
18.978,0.0,-1.422519298743745,0.0,-0.8664105694500038,0.0,4.685893944230886
18.98,0.0,-1.4242427436241771,0.0,-0.8570320807041585,0.0,4.6925847772127405
18.982,0.0,-1.4259474181855665,0.0,-0.8476402704782271,0.0,4.699215404633426
18.984,0.0,-1.4276332959054525,0.0,-0.8382352593012147,0.0,4.705785708678453
18.986,0.0,-1.4293003505026434,0.0,-0.8288171679371524,0.0,4.712295572274546
18.988,0.0,-1.4309485559377313,0.0,-0.8193861173833462,0.0,4.718744879091967
18.990000000000002,0.0,-1.4325778864135328,0.0,-0.809942228869034,0.0,4.725133513546567
18.992,0.0,-1.434188316375537,0.0,-0.8004856238539674,0.0,4.731461360801868
18.994,0.0,-1.4357798205124004,0.0,-0.7910164240267102,0.0,4.737728306771325
18.996,0.0,-1.4373523737563745,0.0,-0.7815347513033136,0.0,4.743934238120332
18.998,0.0,-1.4389059512837739,0.0,-0.7720407278257055,0.0,4.750079042268381
19.0,0.0,-1.440440528515415,0.0,-0.7625344759602665,0.0,4.756162607391128
19.002,0.0,-1.4419560811170755,0.0,-0.75301611829623,0.0,4.762184822422526
19.004,0.0,-1.4434525849999373,0.0,-0.7434857776441846,0.0,4.768145577056909
19.006,0.0,-1.4449300163210088,0.0,-0.7339435770346497,0.0,4.774044761750984
19.008,0.0,-1.4463883514835967,0.0,-0.7243896397163565,0.0,4.7798822677260295
19.01,0.0,-1.447827567137711,0.0,-0.7148240891548926,0.0,4.785657986969844
19.012,0.0,-1.449247640180504,0.0,-0.705247049031139,0.0,4.791371812238814
19.014,0.0,-1.450648547756717,0.0,-0.6956586432396002,0.0,4.797023637060022
19.016000000000002,0.0,-1.4520302672590844,0.0,-0.6860589958870104,0.0,4.8026133557332
19.018,0.0,-1.453392776328765,0.0,-0.6764482312907297,0.0,4.808140863332774
19.02,0.0,-1.4547360528557636,0.0,-0.666826473977184,0.0,4.813606055709889
19.022000000000002,0.0,-1.4560600749793475,0.0,-0.6571938486802994,0.0,4.819008829494417
19.024,0.0,-1.4573648210884518,0.0,-0.647550480340009,0.0,4.824349082096915
19.026,0.0,-1.4586502698221027,0.0,-0.6378964941005951,0.0,4.829626711710661
19.028,0.0,-1.4599164000698142,0.0,-0.6282320153091983,0.0,4.8348416173135975
19.03,0.0,-1.4611631909719995,0.0,-0.6185571695141875,0.0,4.839993698670319
19.032,0.0,-1.4623906219203628,0.0,-0.6088720824636619,0.0,4.8450828563339945
19.034,0.0,-1.463598672558308,0.0,-0.5991768801037866,0.0,4.850108991648368
19.036,0.0,-1.4647873227813306,0.0,-0.5894716885772181,0.0,4.855072006749686
19.038,0.0,-1.4659565527373943,0.0,-0.5797566342216508,0.0,4.859971804568564
19.04,0.0,-1.4671063428273463,0.0,-0.5700318435680082,0.0,4.864808288832021
19.042,0.0,-1.4682366737052797,0.0,-0.5602974433390183,0.0,4.8695813640653025
19.044,0.0,-1.469347526278923,0.0,-0.550553560447569,0.0,4.874290935593808
19.046,0.0,-1.470438881710025,0.0,-0.5408003219950471,0.0,4.878936909545015
19.048000000000002,0.0,-1.471510721414718,0.0,-0.5310378552698296,0.0,4.883519192850318
19.05,0.0,-1.4725630270639016,0.0,-0.5212662877455955,0.0,4.888037693246934
19.052,0.0,-1.4735957805836009,0.0,-0.5114857470797811,0.0,4.892492319279748
19.054000000000002,0.0,-1.4746089641553484,0.0,-0.501696361111837,0.0,4.896882980303208
19.056,0.0,-1.4756025602165246,0.0,-0.4918982578617995,0.0,4.901209586483107
19.058,0.0,-1.4765765514607356,0.0,-0.48209156552850263,0.0,4.905472048798471
19.06,0.0,-1.477530920838162,0.0,-0.4722764124880177,0.0,4.909670279043379
19.062,0.0,-1.4784656515559131,0.0,-0.46245292729199156,0.0,4.9138041898287685
19.064,0.0,-1.4793807270783732,0.0,-0.45262123866606935,0.0,4.917873694584238
19.066,0.0,-1.4802761311275519,0.0,-0.44278147550819796,0.0,4.921878707559861
19.068,0.0,-1.4811518476834271,0.0,-0.4329337668869827,0.0,4.925819143827978
19.07,0.0,-1.4820078609842793,0.0,-0.42307824204010824,0.0,4.929694919284935
19.072,0.0,-1.4828441555270362,0.0,-0.41321503037259366,0.0,4.933505950652918
19.074,0.0,-1.4836607160676003,0.0,-0.4033442614551954,0.0,4.93725215548166
19.076,0.0,-1.4844575276211769,0.0,-0.3934660650227899,0.0,4.9409334521501895
19.078,0.0,-1.4852345754626082,0.0,-0.3835805709725971,0.0,4.944549759868612
19.080000000000002,0.0,-1.4859918451266907,0.0,-0.3736879093626038,0.0,4.948100998679805
19.082,0.0,-1.486729322408494,0.0,-0.3637882104099055,0.0,4.951587089461132
19.084,0.0,-1.4874469933636807,0.0,-0.3538816044889975,0.0,4.955007953926174
19.086000000000002,0.0,-1.4881448443088212,0.0,-0.3439682221300622,0.0,4.958363514626424
19.088,0.0,-1.4888228618216959,0.0,-0.33404819401741664,0.0,4.961653694952956
19.09,0.0,-1.489481032741609,0.0,-0.3241216509877067,0.0,4.964878419138122
19.092,0.0,-1.4901193441696896,0.0,-0.31418872402827064,0.0,4.968037612257221
19.094,0.0,-1.4907377834691902,0.0,-0.30424954427545214,0.0,4.971131200230153
19.096,0.0,-1.491336338265782,0.0,-0.2943042430129474,0.0,4.974159109823054
19.098,0.0,-1.4919149964478509,0.0,-0.28435295167004404,0.0,4.977121268649951
19.1,0.0,-1.4924737461667879,0.0,-0.2743958018198941,0.0,4.980017605174398
19.102,0.0,-1.493012575837267,0.0,-0.26443292517800726,0.0,4.982848048711047
19.104,0.0,-1.493531474137539,0.0,-0.2544644536002952,0.0,4.985612529427315
19.106,0.0,-1.4940304300097047,0.0,-0.24449051908150984,0.0,4.988310978344944
19.108,0.0,-1.4945094326599895,0.0,-0.23451125375354265,0.0,4.990943327341581
19.11,0.0,-1.4949684715590206,0.0,-0.22452678988363384,0.0,4.993509509152381
19.112000000000002,0.0,-1.495407536442094,0.0,-0.21453725987267497,0.0,4.996009457371553
19.114,0.0,-1.495826617309437,0.0,-0.2045427962535769,0.0,4.9984431064539105
19.116,0.0,-1.4962257044264753,0.0,-0.19454353168943048,0.0,5.00081039171643
19.118000000000002,0.0,-1.4966047883240896,0.0,-0.18453959897181932,0.0,5.003111249339777
19.12,0.0,-1.4969638597988697,0.0,-0.17453113101914935,0.0,5.005345616369821
19.122,0.0,-1.4973029099133686,0.0,-0.16451826087482951,0.0,5.007513430719159
19.124,0.0,-1.4976219299963491,0.0,-0.1545011217055754,0.0,5.009614631168605
19.126,0.0,-1.4979209116430308,0.0,-0.14447984679966194,0.0,5.011649157368702
19.128,0.0,-1.4981998467153266,0.0,-0.13445456956526008,0.0,5.013616949841164
19.13,0.0,-1.4984587273420873,0.0,-0.12442542352855684,0.0,5.015517949980378
19.132,0.0,-1.498697545919332,0.0,-0.11439254233206676,0.0,5.017352100054854
19.134,0.0,-1.4989162951104782,0.0,-0.10435605973296021,0.0,5.019119343208651
19.136,0.0,-1.4991149678465727,0.0,-0.09431610960118438,0.0,5.0208196234628515
19.138,0.0,-1.4992935573265127,0.0,-0.08427282591779517,0.0,5.022452885716949
19.14,0.0,-1.4994520570172671,0.0,-0.07422634277315046,0.0,5.024019075750284
19.142,0.0,-1.499590460654094,0.0,-0.06417679436518796,0.0,5.025518140223441
19.144000000000002,0.0,-1.4997087622407528,0.0,-0.054124314997612485,0.0,5.02695002667964
19.146,0.0,-1.4998069560497145,0.0,-0.044069039078207445,0.0,5.028314683546111
19.148,0.0,-1.4998850366223686,0.0,-0.0340111011169776,0.0,5.029612060135483
19.150000000000002,0.0,-1.4999429987692259,0.0,-0.023950635724396416,0.0,5.0308421066471265
19.152,0.0,-1.4999808375701162,0.0,-0.013887777609719027,0.0,5.032004774168499
19.154,0.0,-1.4999985483743854,0.0,-0.003822661579097453,0.0,5.033100014676495
19.156,0.0,-1.4999961268010873,0.0,0.00624457746618016,0.0,5.0341277810387615
19.158,0.0,-1.499973568739172,0.0,0.01631380453144305,0.0,5.035088027015019
19.16,0.0,-1.4999308703476704,0.0,0.02638488453040375,0.0,5.035980707258351
19.162,0.0,-1.4998680280558767,0.0,0.03645768228699494,0.0,5.036805777316511
19.164,0.0,-1.4997850385635245,0.0,0.046532062537169856,0.0,5.037563193633197
19.166,0.0,-1.4996818988409641,0.0,0.05660788993057823,0.0,5.038252913549317
19.168,0.0,-1.4995586061293285,0.0,0.06668502903255723,0.0,5.038874895304245
19.17,0.0,-1.4994151579407042,0.0,0.07676334432577357,0.0,5.039429098037079
19.172,0.0,-1.4992515520582947,0.0,0.08684270021203376,0.0,5.039915481787861
19.174,0.0,-1.4990677865365771,0.0,0.09692296101420453,0.0,5.040334007498812
19.176000000000002,0.0,-1.498863859701462,0.0,0.1070039909778816,0.0,5.040684637015535
19.178,0.0,-1.4986397701504428,0.0,0.11708565427328566,0.0,5.040967333088216
19.18,0.0,-1.4983955167527483,0.0,0.12716781499702362,0.0,5.041182059372815
19.182000000000002,0.0,-1.498131098649484,0.0,0.1372503371739507,0.0,5.0413287804322495
19.184,0.0,-1.497846515253779,0.0,0.14733308475889692,0.0,5.041407461737546
19.186,0.0,-1.4975417662509178,0.0,0.1574159216386121,0.0,5.041418069669006
19.188,0.0,-1.49721685159848,0.0,0.16749871163348728,0.0,5.041360571517333
19.19,0.0,-1.496871771526468,0.0,0.1775813184994164,0.0,5.0412349354847885
19.192,0.0,-1.4965065265374378,0.0,0.18766360592957093,0.0,5.041041130686273
19.194,0.0,-1.4961211174066178,0.0,0.19774543755630514,0.0,5.0407791271504765
19.196,0.0,-1.4957155451820305,0.0,0.20782667695297438,0.0,5.040448895820936
19.198,0.0,-1.4952898111846138,0.0,0.21790718763561995,0.0,5.040050408557147
19.2,0.0,-1.4948439170083234,0.0,0.22798683306505532,0.0,5.039583638135605
19.202,0.0,-1.4943778645202495,0.0,0.23806547664850658,0.0,5.039048558250898
19.204,0.0,-1.4938916558607211,0.0,0.24814298174148827,0.0,5.03844514351673
19.206,0.0,-1.4933852934434064,0.0,0.2582192116496625,0.0,5.037773369466972
19.208000000000002,0.0,-1.4928587799554063,0.0,0.2682940296307578,0.0,5.037033212556668
19.21,0.0,-1.4923121183573587,0.0,0.2783672988962281,0.0,5.036224650163069
19.212,0.0,-1.4917453118835202,0.0,0.288438882613253,0.0,5.0353476605866145
19.214,0.0,-1.4911583640418553,0.0,0.298508643906557,0.0,5.034402223051931
19.216,0.0,-1.4905512786141186,0.0,0.3085764458602482,0.0,5.033388317708795
19.218,0.0,-1.4899240596559422,0.0,0.3186421515195632,0.0,5.032305925633129
19.22,0.0,-1.4892767114968974,0.0,0.32870562389293395,0.0,5.0311550288279046
19.222,0.0,-1.488609238740578,0.0,0.33876672595365803,0.0,5.029935610224118
19.224,0.0,-1.4879216462646636,0.0,0.34882532064185306,0.0,5.028647653681707
19.226,0.0,-1.4872139392209858,0.0,0.35888127086626687,0.0,5.027291143990467
19.228,0.0,-1.4864861230355875,0.0,0.368934439506177,0.0,5.025866066870952
19.23,0.0,-1.4857382034087823,0.0,0.3789846894132139,0.0,5.024372408975364
19.232,0.0,-1.484970186315206,0.0,0.38903188341325473,0.0,5.022810157888438
19.234,0.0,-1.4841820780038655,0.0,0.39907588430829866,0.0,5.021179302128297
19.236,0.0,-1.4833738849981883,0.0,0.40911655487827625,0.0,5.019479831147314
19.238,0.0,-1.482545614096063,0.0,0.41915375788296805,0.0,5.017711735332966
19.240000000000002,0.0,-1.4816972723698711,0.0,0.42918735606392294,0.0,5.015875006008629
19.242,0.0,-1.4808288671665386,0.0,0.43921721214615717,0.0,5.01396963543444
19.244,0.0,-1.4799404061075467,0.0,0.4492431888402509,0.0,5.01199561680805
19.246,0.0,-1.479031897088971,0.0,0.459265148844089,0.0,5.009952944265456
19.248,0.0,-1.478103348281505,0.0,0.4692829548447383,0.0,5.007841612881774
19.25,0.0,-1.4771547681304757,0.0,0.47929646952037513,0.0,5.005661618671998
19.252,0.0,-1.4761861653558606,0.0,0.4893055555421458,0.0,5.003412958591746
19.254,0.0,-1.4751975489522982,0.0,0.49931007557607837,0.0,5.001095630538015
19.256,0.0,-1.4741889281891047,0.0,0.5093098922848694,0.0,4.998709633349922
19.258,0.0,-1.4731603126102693,0.0,0.5193048683298749,0.0,4.9962549668094
19.26,0.0,-1.4721117120344527,0.0,0.5292948663730064,0.0,4.993731631641895
19.262,0.0,-1.471043136555001,0.0,0.5392797490784642,0.0,4.991139629517101
19.264,0.0,-1.46995459653992,0.0,0.5492593791148103,0.0,4.988478963049593
19.266000000000002,0.0,-1.468846102631871,0.0,0.5592336191567904,0.0,4.985749635799505
19.268,0.0,-1.4677176657481672,0.0,0.5692023318871399,0.0,4.982951652273213
19.27,0.0,-1.4665692970807371,0.0,0.5791653799986305,0.0,4.980085017923934
19.272000000000002,0.0,-1.4654010080961142,0.0,0.5891226261958785,0.0,4.97714973915238
19.274,0.0,-1.4642128105354155,0.0,0.5990739331971915,0.0,4.974145823307378
19.276,0.0,-1.4630047164143027,0.0,0.6090191637365525,0.0,4.971073278686461
19.278,0.0,-1.4617767380229454,0.0,0.6189581805655459,0.0,4.967932114536435
19.28,0.0,-1.460528887925998,0.0,0.6288908464551424,0.0,4.9647223410540064
19.282,0.0,-1.459261178962557,0.0,0.6388170241976179,0.0,4.961443969386334
19.284,0.0,-1.4579736242460994,0.0,0.6487365766085801,0.0,4.958097011631543
19.286,0.0,-1.456666237164449,0.0,0.6586493665287741,0.0,4.954681480839283
19.288,0.0,-1.4553390313797312,0.0,0.668555256825911,0.0,4.951197391011299
19.29,0.0,-1.4539920208282968,0.0,0.678454110396743,0.0,4.947644757101875
19.292,0.0,-1.4526252197206764,0.0,0.6883457901688561,0.0,4.9440235950183755
19.294,0.0,-1.451238642541515,0.0,0.6982301591025849,0.0,4.940333921621728
19.296,0.0,-1.4498323040494987,0.0,0.7081070801929686,0.0,4.936575754726888
19.298000000000002,0.0,-1.448406219277285,0.0,0.7179764164716498,0.0,4.932749113103285
19.3,0.0,-1.4469604035314398,0.0,0.7278380310086979,0.0,4.928854016475328
19.302,0.0,-1.445494872392338,0.0,0.7376917869146529,0.0,4.9248904855227655
19.304000000000002,0.0,-1.4440096417141002,0.0,0.7475375473423143,0.0,4.92085854188119
19.306,0.0,-1.4425047276244911,0.0,0.7573751754887544,0.0,4.916758208142352
19.308,0.0,-1.440980146524839,0.0,0.7672045345971589,0.0,4.912589507854646
19.31,0.0,-1.4394359150899354,0.0,0.7770254879587846,0.0,4.908352465523427
19.312,0.0,-1.4378720502679412,0.0,0.7868378989148486,0.0,4.90404710661143
19.314,0.0,-1.436288569280285,0.0,0.7966416308584395,0.0,4.899673457539087
19.316,0.0,-1.4346854896215535,0.0,0.8064365472364563,0.0,4.895231545684904
19.318,0.0,-1.4330628290593816,0.0,0.8162225115515311,0.0,4.890721399385754
19.32,0.0,-1.43142060563435,0.0,0.8259993873638815,0.0,4.886143047937242
19.322,0.0,-1.4297588376598522,0.0,0.8357670382933126,0.0,4.881496521593966
19.324,0.0,-1.4280775437219773,0.0,0.8455253280211267,0.0,4.876781851569806
19.326,0.0,-1.4263767426794036,0.0,0.8552741202919192,0.0,4.871999070038272
19.328,0.0,-1.4246564536632453,0.0,0.8650132789156583,0.0,4.867148210132685
19.330000000000002,0.0,-1.422916696076924,0.0,0.8747426677695664,0.0,4.862229305946436
19.332,0.0,-1.4211574895960495,0.0,0.8844621507999482,0.0,4.857242392533291
19.334,0.0,-1.4193788541682633,0.0,0.8941715920242034,0.0,4.852187505907545
19.336000000000002,0.0,-1.417580810013098,0.0,0.9038708555327317,0.0,4.847064683044271
19.338,0.0,-1.4157633776218326,0.0,0.9135598054908334,0.0,4.841873961879497
19.34,0.0,-1.4139265777573422,0.0,0.9232383061406244,0.0,4.836615381310423
19.342,0.0,-1.4120704314539323,0.0,0.9329062218030129,0.0,4.831288981195538
19.344,0.0,-1.4101949600171895,0.0,0.9425634168795664,0.0,4.825894802354819
19.346,0.0,-1.4083001850238173,0.0,0.9522097558544457,0.0,4.820432886569878
19.348,0.0,-1.4063861283214627,0.0,0.9618451032963548,0.0,4.8149032765840625
19.35,0.0,-1.4044528120285493,0.0,0.9714693238604457,0.0,4.809306016102595
19.352,0.0,-1.402500258534113,0.0,0.9810822822901883,0.0,4.803641149792703
19.354,0.0,-1.4005284904975934,0.0,0.9906838434194498,0.0,4.797908723283615
19.356,0.0,-1.3985375308486843,0.0,1.0002738721742441,0.0,4.7921087831667455
19.358,0.0,-1.396527402787136,0.0,1.0098522335747215,0.0,4.786241376995725
19.36,0.0,-1.3944981297825492,0.0,1.0194187927371658,0.0,4.780306553286392
19.362000000000002,0.0,-1.3924497355742025,0.0,1.028973414875819,0.0,4.774304361516909
19.364,0.0,-1.3903822441708518,0.0,1.0385159653048122,0.0,4.768234852127759
19.366,0.0,-1.388295679850518,0.0,1.0480463094401493,0.0,4.762098076521741
19.368000000000002,0.0,-1.3861900671602754,0.0,1.0575643128016463,0.0,4.755894087063933
19.37,0.0,-1.3840654309160767,0.0,1.0670698410147121,0.0,4.749622937081789
19.372,0.0,-1.3819217962024994,0.0,1.0765627598124463,0.0,4.743284680864987
19.374,0.0,-1.3797591883725482,0.0,1.0860429350374794,0.0,4.736879373665428
19.376,0.0,-1.3775776330474285,0.0,1.0955102326439181,0.0,4.730407071697177
19.378,0.0,-1.3753771561163401,0.0,1.1049645186991952,0.0,4.723867832136437
19.38,0.0,-1.3731577837362174,0.0,1.114405659386122,0.0,4.717261713121378
19.382,0.0,-1.3709195423315084,0.0,1.1238335210047659,0.0,4.710588773752064
19.384,0.0,-1.3686624585939628,0.0,1.1332479699742655,0.0,4.703849074090419
19.386,0.0,-1.3663865594823577,0.0,1.1426488728349087,0.0,4.697042675159991
19.388,0.0,-1.3640918722222564,0.0,1.1520360962500278,0.0,4.69016963894583
19.39,0.0,-1.3617784243057967,0.0,1.1614095070077872,0.0,4.683230028394428
19.392,0.0,-1.3594462434913923,0.0,1.170768972023287,0.0,4.676223907413432
19.394000000000002,0.0,-1.3570953578035034,0.0,1.180114358340386,0.0,4.669151340871523
19.396,0.0,-1.3547257955323813,0.0,1.1894455331336045,0.0,4.6620123945982375
19.398,0.0,-1.352337585233786,0.0,1.1987623637101188,0.0,4.654807135383703
19.400000000000002,0.0,-1.3499307557287255,0.0,1.2080647175116637,0.0,4.647535630978429
19.402,0.0,-1.3475053361032057,0.0,1.2173524621163636,0.0,4.640197950093143
19.404,0.0,-1.3450613557079176,0.0,1.2266254652408048,0.0,4.63279416239842
19.406,0.0,-1.3425988441579957,0.0,1.2358835947418125,0.0,4.625324338524529
19.408,0.0,-1.3401178313327018,0.0,1.2451267186184931,0.0,4.617788550061052
19.41,0.0,-1.337618347375178,0.0,1.2543547050140127,0.0,4.610186869556716
19.412,0.0,-1.3351004226921142,0.0,1.2635674222176625,0.0,4.6025193705189515
19.414,0.0,-1.332564087953477,0.0,1.2727647386667007,0.0,4.5947861274136566
19.416,0.0,-1.3300093740922283,0.0,1.2819465229482034,0.0,4.586987215664896
19.418,0.0,-1.3274363123039774,0.0,1.29111264380115,0.0,4.579122711654429
19.42,0.0,-1.324844934046717,0.0,1.3002629701181876,0.0,4.571192692721458
19.422,0.0,-1.3222352710404992,0.0,1.3093973709475992,0.0,4.5631972371622265
19.424,0.0,-1.3196073552671201,0.0,1.3185157154952254,0.0,4.555136424229608
19.426000000000002,0.0,-1.3169612189697966,0.0,1.3276178731263968,0.0,4.547010334132705
19.428,0.0,-1.3142968946528752,0.0,1.3367037133677455,0.0,4.538819048036492
19.43,0.0,-1.3116144150814648,0.0,1.3457731059092608,0.0,4.530562648061287
19.432000000000002,0.0,-1.3089138132811358,0.0,1.3548259206061093,0.0,4.522241217282366
19.434,0.0,-1.3061951225375925,0.0,1.3638620274805198,0.0,4.51385483972954
19.436,0.0,-1.3034583763963101,0.0,1.3728812967237947,0.0,4.505403600386578
19.438,0.0,-1.3007036086622166,0.0,1.3818835986981333,0.0,4.496887585190814
19.44,0.0,-1.2979308533993417,0.0,1.3908688039385695,0.0,4.488306881032601
19.442,0.0,-1.2951401449304776,0.0,1.3998367831548453,0.0,4.479661575754836
19.444,0.0,-1.2923315178368215,0.0,1.408787407233341,0.0,4.470951758152404
19.446,0.0,-1.2895050069575973,0.0,1.4177205472390462,0.0,4.462177517971577
19.448,0.0,-1.2866606473897524,0.0,1.4266360744172912,0.0,4.453338945909617
19.45,0.0,-1.283798474487536,0.0,1.4355338601958294,0.0,4.444436133614035
19.452,0.0,-1.2809185238621605,0.0,1.4444137761866493,0.0,4.435469173682085
19.454,0.0,-1.2780208313814487,0.0,1.453275694187824,0.0,4.4264381596602265
19.456,0.0,-1.2751054331694198,0.0,1.462119486185527,0.0,4.417343186043383
19.458000000000002,0.0,-1.2721723656059305,0.0,1.4709450243558706,0.0,4.408184348274388
19.46,0.0,-1.2692216653263055,0.0,1.4797521810667658,0.0,4.398961742743365
19.462,0.0,-1.2662533692209346,0.0,1.488540828879868,0.0,4.389675466787041
19.464,0.0,-1.263267514434886,0.0,1.4973108405524596,0.0,4.380325618688062
19.466,0.0,-1.2602641383675217,0.0,1.5060620890393175,0.0,4.370912297674361
19.468,0.0,-1.2572432786720897,0.0,1.514794447494635,0.0,4.361435603918415
19.47,0.0,-1.254204973255334,0.0,1.5235077892738798,0.0,4.351895638536573
19.472,0.0,-1.2511492602770733,0.0,1.5322019879357263,0.0,4.342292503588277
19.474,0.0,-1.248076178149828,0.0,1.5408769172438457,0.0,4.3326263020754405
19.476,0.0,-1.2449857655383605,0.0,1.5495324511689197,0.0,4.322897137941536
19.478,0.0,-1.2418780613592895,0.0,1.5581684638904418,0.0,4.313105116070929
19.48,0.0,-1.238753104780676,0.0,1.566784829798583,0.0,4.303250342288125
19.482,0.0,-1.2356109352215765,0.0,1.5753814234961334,0.0,4.293332923356887
19.484,0.0,-1.2324515923516222,0.0,1.5839581198003667,0.0,4.283352966979453
19.486,0.0,-1.229275116090617,0.0,1.5925147937448338,0.0,4.273310581795809
19.488,0.0,-1.2260815466080623,0.0,1.601051320581351,0.0,4.263205877382712
19.490000000000002,0.0,-1.222870924322721,0.0,1.609567575781865,0.0,4.2530389642528625
19.492,0.0,-1.2196432899022263,0.0,1.6180634350401848,0.0,4.242809953854189
19.494,0.0,-1.2163986842625854,0.0,1.6265387742739932,0.0,4.232518958568826
19.496,0.0,-1.2131371485677296,0.0,1.6349934696267072,0.0,4.222166091712195
19.498,0.0,-1.2098587242290881,0.0,1.6434273974692777,0.0,4.2117514675322045
19.5,0.0,-1.2065634529051255,0.0,1.6518404344020656,0.0,4.201275201208307
19.502,0.0,-1.2032513765008719,0.0,1.660232457256731,0.0,4.190737408850533
19.504,0.0,-1.1999225371674442,0.0,1.6686033430981222,0.0,4.180138207498503
19.506,0.0,-1.1965769773016253,0.0,1.6769529692260248,0.0,4.1694777151206015
19.508,0.0,-1.193214739545335,0.0,1.6852812131771528,0.0,4.15875605061284
19.51,0.0,-1.189835866785188,0.0,1.6935879527269213,0.0,4.147973333797945
19.512,0.0,-1.1864404021520247,0.0,1.7018730658912802,0.0,4.137129685424419
19.514,0.0,-1.183028389020385,0.0,1.7101364309286615,0.0,4.126225227165353
19.516000000000002,0.0,-1.1795998710080606,0.0,1.7183779263417387,0.0,4.115260081617543
19.518,0.0,-1.176154891975603,0.0,1.7265974308792755,0.0,4.104234372300415
19.52,0.0,-1.1726934960258042,0.0,1.7347948235380284,0.0,4.093148223654903
19.522000000000002,0.0,-1.1692157275032073,0.0,1.7429699835645727,0.0,4.082001761042389
19.524,0.0,-1.1657216309936371,0.0,1.7511227904570623,0.0,4.070795110743724
19.526,0.0,-1.1622112513236424,0.0,1.7592531239671954,0.0,4.059528399957947
19.528,0.0,-1.1586846335600307,0.0,1.7673608641019454,0.0,4.048201756801323
19.53,0.0,-1.1551418230093145,0.0,1.7754458911254887,0.0,4.036815310306057
19.532,0.0,-1.1515828652172566,0.0,1.783508085560896,0.0,4.025369190419369
19.534,0.0,-1.1480078059682866,0.0,1.7915473281921095,0.0,4.013863528002116
19.536,0.0,-1.144416691284996,0.0,1.7995635000657195,0.0,4.002298454827683
19.538,0.0,-1.1408095674276542,0.0,1.8075564824926995,0.0,3.9906741035809326
19.54,0.0,-1.1371864808936145,0.0,1.815526157050363,0.0,3.9789906078568054
19.542,0.0,-1.1335474784168087,0.0,1.8234724055841227,0.0,3.9672481021591857
19.544,0.0,-1.1298926069672242,0.0,1.8313951102092703,0.0,3.9554467218997393
19.546,0.0,-1.1262219137503298,0.0,1.8392941533128626,0.0,3.9435866033965437
19.548000000000002,0.0,-1.1225354462065469,0.0,1.8471694175555013,0.0,3.9316678838729047
19.55,0.0,-1.1188332520107285,0.0,1.855020785873077,0.0,3.9196907014561617
19.552,0.0,-1.1151153790715402,0.0,1.8628481414787201,0.0,3.9076551951761904
19.554000000000002,0.0,-1.1113818755309608,0.0,1.8706513678644854,0.0,3.8955615049642875
19.556,0.0,-1.1076327897637184,0.0,1.8784303488031608,0.0,3.8834097716518463
19.558,0.0,-1.1038681703766915,0.0,1.8861849683501404,0.0,3.8712001369689086
19.56,0.0,-1.1000880662083643,0.0,1.8939151108451762,0.0,3.858932743542904
19.562,0.0,-1.0962925263282628,0.0,1.901620660914156,0.0,3.846607734897304
19.564,0.0,-1.092481600036384,0.0,1.909301503470888,0.0,3.8342252554502774
19.566,0.0,-1.088655336862594,0.0,1.9169575237189391,0.0,3.8217854505132145
19.568,0.0,-1.0848137865660525,0.0,1.9245886071534057,0.0,3.8092884662893582
19.57,0.0,-1.080956999134666,0.0,1.932194639562623,0.0,3.7967344498725124
19.572,0.0,-1.0770850247844432,0.0,1.9397755070300562,0.0,3.7841235492454413
19.574,0.0,-1.073197913958926,0.0,1.9473310959360266,0.0,3.7714559132784853
19.576,0.0,-1.0692957173286233,0.0,1.954861292959436,0.0,3.7587316917282316
19.578,0.0,-1.065378485790371,0.0,1.9623659850796116,0.0,3.74595103523589
19.580000000000002,0.0,-1.061446270466726,0.0,1.9698450595780819,0.0,3.7331140953258104
19.582,0.0,-1.0574991227054196,0.0,1.977298404040228,0.0,3.720221024404186
19.584,0.0,-1.0535370940786688,0.0,1.9847259063571951,0.0,3.7072719757572803
19.586000000000002,0.0,-1.049560236382625,0.0,1.9921274547275372,0.0,3.6942671035501076
19.588,0.0,-1.0455686016367292,0.0,1.999502937659023,0.0,3.681206562824806
19.59,0.0,-1.0415622420830806,0.0,2.006852243970408,0.0,3.668090509499049
19.592,0.0,-1.0375412101858439,0.0,2.0141752627931324,0.0,3.6549191003645864
19.594,0.0,-1.0335055586306074,0.0,2.0214718835730894,0.0,3.6416924930856167
19.596,0.0,-1.029455340323747,0.0,2.0287419960723807,0.0,3.6284108461971694
19.598,0.0,-1.0253906083917972,0.0,2.035985490371046,0.0,3.615074319103532
19.6,0.0,-1.0213114161807975,0.0,2.043202256868831,0.0,3.6016830720765594
19.602,0.0,-1.0172178172557134,0.0,2.0503921862868073,0.0,3.588237266254263
19.604,0.0,-1.0131098653996908,0.0,2.0575551696692833,0.0,3.5747370636388194
19.606,0.0,-1.008987614613482,0.0,2.064691098385401,0.0,3.561182627095153
19.608,0.0,-1.004851119114798,0.0,2.0717998641308535,0.0,3.5475741203492857
19.61,0.0,-1.0007004333376033,0.0,2.0788813589296913,0.0,3.5339117079864635
19.612000000000002,0.0,-0.9965356119314799,0.0,2.085935475136,0.0,3.5201955554495434
19.614,0.0,-0.9923567097609989,0.0,2.0929621054355616,0.0,3.5064258290373793
19.616,0.0,-0.9881637819050063,0.0,2.0999611428476443,0.0,3.492602695902939
19.618000000000002,0.0,-0.9839568836559702,0.0,2.1069324807266785,0.0,3.4787263240516024
19.62,0.0,-0.9797360705193381,0.0,2.11387601276392,0.0,3.464796882339506
19.622,0.0,-0.9755013982128,0.0,2.120791632989242,0.0,3.450814540471568
19.624,0.0,-0.9712529226656827,0.0,2.1276792357727183,0.0,3.4367794689999496
19.626,0.0,-0.966990700018207,0.0,2.134538715826413,0.0,3.4226918393220496
19.628,0.0,-0.9627147866208299,0.0,2.1413699682060177,0.0,3.408551823678788
19.63,0.0,-0.9584252390335726,0.0,2.148172888312521,0.0,3.3943595951528374
19.632,0.0,-0.9541221140252709,0.0,2.1549473718939707,0.0,3.3801153276665876
19.634,0.0,-0.9498054685729529,0.0,2.1616933150470414,0.0,3.3658191959805444
19.636,0.0,-0.9454753598610828,0.0,2.168410614218798,0.0,3.351471375691269
19.638,0.0,-0.9411318452808702,0.0,2.175099166208345,0.0,3.3370720432295373
19.64,0.0,-0.936774982429607,0.0,2.18175886816843,0.0,3.3226213758585854
19.642,0.0,-0.9324048291098905,0.0,2.1883896176072097,0.0,3.3081195516719832
19.644000000000002,0.0,-0.9280214433289538,0.0,2.1949913123898424,0.0,3.2935667495918426
19.646,0.0,-0.9236248832979579,0.0,2.201563850740133,0.0,3.278963149366927
19.648,0.0,-0.9192152074312392,0.0,2.2081071312422353,0.0,3.2643089315705764
19.650000000000002,0.0,-0.9147924743456,0.0,2.2146210528422774,0.0,3.249604277598796
19.652,0.0,-0.9103567428595997,0.0,2.2211055148499828,0.0,3.2348493696683356
19.654,0.0,-0.9059080719928219,0.0,2.2275604169403147,0.0,3.2200443908146865
19.656,0.0,-0.9014465209651077,0.0,2.2339856591551612,0.0,3.205189524889962
19.658,0.0,-0.8969721491958466,0.0,2.240381141904929,0.0,3.1902849565609777
19.66,0.0,-0.8924850163032799,0.0,2.246746765970112,0.0,3.1753308713073567
19.662,0.0,-0.8879851821036695,0.0,2.253082432503041,0.0,3.160327455419184
19.664,0.0,-0.8834727066106124,0.0,2.259388043029416,0.0,3.145274895995164
19.666,0.0,-0.8789476500342919,0.0,2.2656634994499245,0.0,3.130173380940537
19.668,0.0,-0.8744100727807058,0.0,2.2719087040418806,0.0,3.115023098964933
19.67,0.0,-0.8698600354509141,0.0,2.2781235594608282,0.0,3.0998242395802933
19.672,0.0,-0.8652975988402952,0.0,2.2843079687421204,0.0,3.08457699309879
19.674,0.0,-0.8607228239377762,0.0,2.290461835302537,0.0,3.069281550630695
19.676000000000002,0.0,-0.8561357719250408,0.0,2.2965850629419062,0.0,3.053938104082135
19.678,0.0,-0.8515365041758372,0.0,2.3026775558446007,0.0,3.0385468461532077
19.68,0.0,-0.8469250822551238,0.0,2.30873921858123,0.0,3.023107970335531
19.682000000000002,0.0,-0.8423015679183217,0.0,2.3147699561101915,0.0,3.0076216709101624
19.684,0.0,-0.8376660231105899,0.0,2.3207696737791714,0.0,2.992088142945582
19.686,0.0,-0.8330185099659662,0.0,2.3267382773268266,0.0,2.976507582295224
19.688,0.0,-0.8283590908066232,0.0,2.332675672884296,0.0,2.960880185595394
19.69,0.0,-0.823687828142082,0.0,2.338581766976768,0.0,2.9452061502630498
19.692,0.0,-0.8190047846684222,0.0,2.3444564665250383,0.0,2.9294856744935447
19.694,0.0,-0.8143100232674806,0.0,2.3502996788470742,0.0,2.913718957258354
19.696,0.0,-0.8096036070060416,0.0,2.356111311659583,0.0,2.8979061983027576
19.698,0.0,-0.8048855991351057,0.0,2.3618912730794754,0.0,2.882047598143787
19.7,0.0,-0.8001560630889883,0.0,2.3676394716255222,0.0,2.8661433580675917
19.702,0.0,-0.7954150624845779,0.0,2.3733558162198216,0.0,2.850193680127357
19.704,0.0,-0.7906626611205322,0.0,2.3790402161893196,0.0,2.8341987671409843
19.706,0.0,-0.7858989229764264,0.0,2.3846925812673887,0.0,2.818158822688636
19.708000000000002,0.0,-0.78112391221197,0.0,2.3903128215953098,0.0,2.8020740511104774
19.71,0.0,-0.7763376931661901,0.0,2.395900847723792,0.0,2.7859446575043365
19.712,0.0,-0.7715403303565787,0.0,2.4014565706145232,0.0,2.769770847723209
19.714,0.0,-0.7667318884783154,0.0,2.406979901641624,0.0,2.7535528283730386
19.716,0.0,-0.7619124324034039,0.0,2.4124707525931917,0.0,2.7372908068101878
19.718,0.0,-0.7570820271798655,0.0,2.4179290356727767,0.0,2.720984991139108
19.72,0.0,-0.7522407380308981,0.0,2.4233546635008842,0.0,2.7046355902098824
19.722,0.0,-0.7473886303540077,0.0,2.4287475491164963,0.0,2.68824281361568
19.724,0.0,-0.7425257697202675,0.0,2.434107605978453,0.0,2.671806871690637
19.726,0.0,-0.7376522218733612,0.0,2.4394347479670593,0.0,2.655327975507003
19.728,0.0,-0.732768052728784,0.0,2.444728889385503,0.0,2.6388063368728183
19.73,0.0,-0.7278733283730525,0.0,2.4499899449612674,0.0,2.6222421683296195
19.732,0.0,-0.7229681150627509,0.0,2.4552178298477045,0.0,2.6056356831495884
19.734,0.0,-0.7180524792237394,0.0,2.46041245962543,0.0,2.5889870953332466
19.736,0.0,-0.7131264874503209,0.0,2.4655737503037516,0.0,2.5722966196070063
19.738,0.0,-0.7081902065043127,0.0,2.4707016183221953,0.0,2.5555644714204027
19.740000000000002,0.0,-0.7032437033142307,0.0,2.4757959805518945,0.0,2.5387908669436854
19.742,0.0,-0.6982870449744344,0.0,2.4808567542970237,0.0,2.5219760230653003
19.744,0.0,-0.6933202987442223,0.0,2.4858838572962685,0.0,2.505120157389179
19.746,0.0,-0.6883435320469795,0.0,2.490877207724237,0.0,2.488223488232215
19.748,0.0,-0.683356812469305,0.0,2.495836724192882,0.0,2.471286234621666
19.75,0.0,-0.6783602077601589,0.0,2.5007623257528944,0.0,2.4543086162926127
19.752,0.0,-0.673353785829922,0.0,2.5056539318951785,0.0,2.4372908536851274
19.754,0.0,-0.6683376147495711,0.0,2.510511462552203,0.0,2.4202331679418303
19.756,0.0,-0.6633117627497893,0.0,2.515334838099408,0.0,2.403135780905217
19.758,0.0,-0.6582762982200461,0.0,2.5201239793566357,0.0,2.385998915114888
19.76,0.0,-0.6532312897077205,0.0,2.5248788075895066,0.0,2.368822793804915
19.762,0.0,-0.6481768059172375,0.0,2.5295992445107793,0.0,2.351607640901254
19.764,0.0,-0.6431129157091291,0.0,2.5342852122817705,0.0,2.3343536810188934
19.766000000000002,0.0,-0.6380396880991404,0.0,2.5389366335137273,0.0,2.3170611394591614
19.768,0.0,-0.6329571922573961,0.0,2.5435534312691357,0.0,2.299730242207229
19.77,0.0,-0.6278654975073903,0.0,2.548135529063182,0.0,2.2823612159290114
19.772000000000002,0.0,-0.6227646733251428,0.0,2.5526828508650534,0.0,2.2649542879686297
19.774,0.0,-0.6176547893383134,0.0,2.5571953210992713,0.0,2.2475096863457344
19.776,0.0,-0.6125359153252229,0.0,2.5616728646471003,0.0,2.2300276397524987
19.778,0.0,-0.6074081212139715,0.0,2.5661154068478567,0.0,2.2125083775509427
19.78,0.0,-0.6022714770815359,0.0,2.5705228735002397,0.0,2.1949521297701993
19.782,0.0,-0.5971260531528404,0.0,2.574895190863665,0.0,2.177359127103654
19.784,0.0,-0.5919719197998086,0.0,2.579232285659615,0.0,2.1597296009060503
19.786,0.0,-0.5868091475404632,0.0,2.583534085072934,0.0,2.142063783190731
19.788,0.0,-0.581637807038012,0.0,2.5878005167531346,0.0,2.12436190662685
19.79,0.0,-0.5764579690998739,0.0,2.59203150881574,0.0,2.1066242045363532
19.792,0.0,-0.5712697046767792,0.0,2.596226989843565,0.0,2.08885091089124
19.794,0.0,-0.5660730848618338,0.0,2.600386888888,0.0,2.071042260310662
19.796,0.0,-0.5608681808895523,0.0,2.60451113547034,0.0,2.053198488057946
19.798000000000002,0.0,-0.5556550641349447,0.0,2.6085996595830383,0.0,2.035319830037777
19.8,0.0,-0.5504338061125644,0.0,2.6126523916909967,0.0,2.0174065227932534
19.802,0.0,-0.5452044784755711,0.0,2.616669262732831,0.0,1.9994588035029868
19.804000000000002,0.0,-0.539967153014743,0.0,2.6206502041221724,0.0,1.981476909978032
19.806,0.0,-0.5347219016575993,0.0,2.6245951477488685,0.0,1.963461080659182
19.808,0.0,-0.5294687964673578,0.0,2.628504025980309,0.0,1.9454115546136972
19.81,0.0,-0.524207909642058,0.0,2.6323767716626167,0.0,1.9273285715326083
19.812,0.0,-0.5189393135135317,0.0,2.6362133181219445,0.0,1.9092123717274836
19.814,0.0,-0.5136630805465232,0.0,2.6400135991656506,0.0,1.8910631961277056
19.816,0.0,-0.5083792833376342,0.0,2.6437775490836044,0.0,1.8728812862771522
19.818,0.0,-0.5030879946144284,0.0,2.6475051026493537,0.0,1.8546668843314122
19.82,0.0,-0.4977892872344376,0.0,2.651196195121367,0.0,1.836420233054668
19.822,0.0,-0.4924832341841859,0.0,2.654850762244252,0.0,1.8181415758166313
19.824,0.0,-0.48716990857821585,0.0,2.658468740249961,0.0,1.799831156589489
19.826,0.0,-0.48184938365812785,0.0,2.6620500658589847,0.0,1.7814892199448815
19.828,0.0,-0.4765217327915868,0.0,2.665594676281558,0.0,1.76311601105078
19.830000000000002,0.0,-0.4711870294713363,0.0,2.6691025092188494,0.0,1.7447117756683683
19.832,0.0,-0.4658453473142508,0.0,2.672573502864127,0.0,1.726276760149071
19.834,0.0,-0.46049676006030016,0.0,2.6760075959039633,0.0,1.707811211431259
19.836000000000002,0.0,-0.45514134157158626,0.0,2.6794047275193935,0.0,1.689315377037219
19.838,0.0,-0.4497791658313896,0.0,2.682764837387056,0.0,1.670789505070136
19.84,0.0,-0.444410306943105,0.0,2.6860878656803964,0.0,1.652233844210704
19.842,0.0,-0.43903483912929275,0.0,2.6893737530707886,0.0,1.6336486437141216
19.844,0.0,-0.43365283673065635,0.0,2.692622440728699,0.0,1.615034153406839
19.846,0.0,-0.4282643742050938,0.0,2.6958338703247944,0.0,1.5963906236835534
19.848,0.0,-0.4228695261266302,0.0,2.6990079840311147,0.0,1.5777183055037902
19.85,0.0,-0.4174683671844545,0.0,2.702144724522175,0.0,1.5590174503888392
19.852,0.0,-0.4120609721819082,0.0,2.705244034976089,0.0,1.540288310418527
19.854,0.0,-0.406647416035467,0.0,2.708305859075689,0.0,1.521531138227955
19.856,0.0,-0.401227773773725,0.0,2.711330141009635,0.0,1.50274618700425
19.858,0.0,-0.39580212053641783,0.0,2.714316825473496,0.0,1.4839337104834411
19.86,0.0,-0.39037053157336177,0.0,2.717265857670874,0.0,1.4650939629470479
19.862000000000002,0.0,-0.3849330822434414,0.0,2.7201771833144814,0.0,1.4462271992188227
19.864,0.0,-0.3794898480136626,0.0,2.723050748627189,0.0,1.427333674661733
19.866,0.0,-0.3740409044580125,0.0,2.7258865003431607,0.0,1.4084136451742537
19.868000000000002,0.0,-0.36858632725652873,0.0,2.7286843857088776,0.0,1.3894673671873976
19.87,0.0,-0.36312619219424797,0.0,2.731444352484206,0.0,1.3704950976613093
19.872,0.0,-0.35766057516015204,0.0,2.734166348943473,0.0,1.3514970940818634
19.874,0.0,-0.35218955214617453,0.0,2.7368503238764905,0.0,1.3324736144574532
19.876,0.0,-0.3467131992461374,0.0,2.7394962265896137,0.0,1.313424917315544
19.878,0.0,-0.3412315926547584,0.0,2.742104006906758,0.0,1.2943512616994672
19.88,0.0,-0.33574480866656303,0.0,2.7446736151704507,0.0,1.2752529071648777
19.882,0.0,-0.33025292367487763,0.0,2.7472050022428394,0.0,1.2561301137764902
19.884,0.0,-0.32475601417080446,0.0,2.749698119506693,0.0,1.2369831421047495
19.886,0.0,-0.31925415674213803,0.0,2.7521529188664378,0.0,1.2178122532222944
19.888,0.0,-0.313747428072331,0.0,2.7545693527491473,0.0,1.1986177087005914
19.89,0.0,-0.30823590493950537,0.0,2.7569473741055135,0.0,1.1793997706067205
19.892,0.0,-0.3027196642152947,0.0,2.759286936410884,0.0,1.1601587014995716
19.894000000000002,0.0,-0.297198782863893,0.0,2.761587993666196,0.0,1.1408947644267553
19.896,0.0,-0.29167333794099204,0.0,2.7638505003989584,0.0,1.1216082229211253
19.898,0.0,-0.286143406592628,0.0,2.766074411664255,0.0,1.102299340996974
19.900000000000002,0.0,-0.28060906605426134,0.0,2.7682596830456547,0.0,1.082968383147049
19.902,0.0,-0.27507039364963515,0.0,2.7704062706561947,0.0,1.0636156143387856
19.904,0.0,-0.26952746678973616,0.0,2.7725141311393187,0.0,1.0442413000108954
19.906,0.0,-0.2639803629717331,0.0,2.7745832216698165,0.0,1.0248457060698757
19.908,0.0,-0.25842915977789715,0.0,2.7766134999547605,0.0,1.005429098886447
19.91,0.0,-0.25287393487459436,0.0,2.778604924234412,0.0,0.9859917452922484
19.912,0.0,-0.247314766011129,0.0,2.780557453283169,0.0,0.9665339125759972
19.914,0.0,-0.24175173101874797,0.0,2.782471046410455,0.0,0.9470558684802205
19.916,0.0,-0.236184907809554,0.0,2.7843456634616213,0.0,0.9275578811976501
19.918,0.0,-0.23061437437538568,0.0,2.7861812648188677,0.0,0.9080402193675132
19.92,0.0,-0.22504020878680056,0.0,2.787977811402107,0.0,0.8885031520721683
19.922,0.0,-0.21946248919199382,0.0,2.789735264669853,0.0,0.868946948833521
19.924,0.0,-0.21388129381568316,0.0,2.7914535866201056,0.0,0.8493718796093108
19.926000000000002,0.0,-0.2082967009580395,0.0,2.7931327397912176,0.0,0.8297782147895622
19.928,0.0,-0.2027087889936583,0.0,2.7947726872627388,0.0,0.8101662251931684
19.93,0.0,-0.19711763637039162,0.0,2.796373392656292,0.0,0.790536182063988
19.932000000000002,0.0,-0.19152332160832142,0.0,2.7979348201364074,0.0,0.7708883570674308
19.934,0.0,-0.18592592329865704,0.0,2.799456934411364,0.0,0.7512230222867766
19.936,0.0,-0.18032552010265732,0.0,2.8009397007340198,0.0,0.7315404502195759
19.938,0.0,-0.17472219075051426,0.0,2.8023830849026448,0.0,0.7118409137739127
19.94,0.0,-0.1691160140402667,0.0,2.8037870532617313,0.0,0.6921246862647662
19.942,0.0,-0.1635070688367493,0.0,2.8051515727028002,0.0,0.6723920414104996
19.944,0.0,-0.15789543407045536,0.0,2.8064766106652126,0.0,0.6526432533290378
19.946,0.0,-0.15228118873642982,0.0,2.8077621351369646,0.0,0.6328785965341484
19.948,0.0,-0.1466644118932136,0.0,2.80900811465547,0.0,0.6130983459319009
19.95,0.0,-0.14104518266173316,0.0,2.8102145183083413,0.0,0.5933027768169312
19.952,0.0,-0.13542358022414128,0.0,2.8113813157341747,0.0,0.5734921648685264
19.954,0.0,-0.12979968382283086,0.0,2.8125084771232927,0.0,0.5536667861473208
19.956,0.0,-0.12417357275920346,0.0,2.8135959732185296,0.0,0.533826917091121
19.958000000000002,0.0,-0.11854532639262703,0.0,2.8146437753159677,0.0,0.513972834511396
19.96,0.0,-0.11291502413938204,0.0,2.8156518552656733,0.0,0.494104815589722
19.962,0.0,-0.10728274547141445,0.0,2.816620185472454,0.0,0.47422313787354375
19.964000000000002,0.0,-0.10164856991535312,0.0,2.8175487388965705,0.0,0.4543280792728638
19.966,0.0,-0.0960125770513503,0.0,2.8184374890544612,0.0,0.43441991805630586
19.968,0.0,-0.09037484651194208,0.0,2.8192864100194597,0.0,0.4144989328472434
19.97,0.0,-0.08473545798099223,0.0,2.8200954764224964,0.0,0.39456540262022116
19.972,0.0,-0.07909449119251259,0.0,2.820864663452802,0.0,0.37461960669693534
19.974,0.0,-0.07345202592960429,0.0,2.8215939468585898,0.0,0.3546618247426384
19.976,0.0,-0.06780814202330712,0.0,2.8222833029477474,0.0,0.33469233676221577
19.978,0.0,-0.06216291935145827,0.0,2.822932708588508,0.0,0.31471142309629163
19.98,0.0,-0.05651643783764546,0.0,2.8235421412101163,0.0,0.29471936441766594
19.982,0.0,-0.05086877744998845,0.0,2.8241115788034956,0.0,0.2747164417271403
19.984,0.0,-0.04522001820008954,0.0,2.8246409999218938,0.0,0.254702936349938
19.986,0.0,-0.03957024014188169,0.0,2.825130383681529,0.0,0.23467912993175943
19.988,0.0,-0.033919523370496585,0.0,2.8255797097622284,0.0,0.2146453044349036
19.990000000000002,0.0,-0.02826794802113678,0.0,2.825988958408059,0.0,0.19460174213440118
19.992,0.0,-0.022615594267962627,0.0,2.8263581104279454,0.0,0.17454872561419593
19.994,0.0,-0.016962542322940578,0.0,2.826687147196288,0.0,0.15448653776318672
19.996,0.0,-0.011308872434732962,0.0,2.826976050653565,0.0,0.13441546177141186
19.998,0.0,-0.005654664887538604,0.0,2.8272248033069314,0.0,0.1143357811260568
20.0,0.0,-1.4695761589768238e-15,0.0,2.827433388230814,0.0,0.09424777960769902
