time,pos1,pos2,vel1,vel2,acc1,acc2
0.0,0.0,0.0,0.0,0.0,0.0,0.0
0.002,1.0555717283605338e-10,0.0,1.5833541892984553e-07,0.0,0.0001583345681199176,0.0
0.004,8.44449214930499e-10,0.0,6.333314660417223e-07,0.0,0.000316658926596738,0.0
0.006,2.8499701571075906e-09,0.0,1.424957512717401e-06,0.0,0.00047496286620211286,0.0
0.008,6.755332354982293e-09,0.0,2.5331625126423183e-06,0.0,0.0006332361785371779,0.0
0.01,1.3193625655503063e-08,0.0,3.95787500387926e-06,0.0,0.0007914686564472607,0.0
0.012,2.2797776568471394e-08,0.0,5.699003111771421e-06,0.0,0.0009496500944365474,0.0
0.014,3.620050744469672e-08,0.0,7.756434552674733e-06,0.0,0.001107770289082693,0.0
0.016,5.40342956624453e-08,0.0,1.0130036638519377e-05,0.0,0.0012658190394513654,0.0
0.018000000000000002,7.693133282384098e-08,0.0,1.281965628220027e-05,0.0,0.001423786147510705,0.0
0.02,1.0552348396287576e-07,0.0,1.5825120003796378e-05,0.0,0.0015816614185456873,0.0
0.022,1.404422467666881e-07,0.0,1.91462339376187e-05,0.0,0.0017394346615723796,0.0
0.024,1.823187108117651e-07,0.0,2.278278384008658e-05,0.0,0.0018970956897520687,0.0
0.026000000000000002,2.3178351681672529e-07,0.0,2.6734535098432136e-05,0.0,0.0020546343208052544,0.0
0.028,2.894668159133389e-07,0.0,3.100123274023259e-05,0.0,0.0022120403774254904,0.0
0.03,3.559982289374404e-07,0.0,3.5582601443770085e-05,0.0,0.002369303687693063,0.0
0.032,4.3200680574138657e-07,0.0,4.047834554921866e-05,0.0,0.0025264140854884855,0.0
0.034,5.181209845297168e-07,0.0,4.5688149070658046e-05,0.0,0.002683361410905808,0.0
0.036000000000000004,6.149685512196673e-07,0.0,5.121167570891386e-05,0.0,0.002840135510665711,0.0
0.038,7.231765988281903e-07,0.0,5.704856886522379e-05,0.0,0.002996726238528392,0.0
0.04,8.433714868871344e-07,0.0,6.31984516557294e-05,0.0,0.0031531234557062057,0.0
0.042,9.761788008882297e-07,0.0,6.966092692679273e-05,0.0,0.0033093170312760685,0.0
0.044,1.1222233117595321e-06,0.0,7.643557727113768e-05,0.0,0.0034652968425915886,0.0
0.046,1.2821289353749794e-06,0.0,8.352196504481541e-05,0.0,0.0036210527756949406,0.0
0.048,1.4565186920986914e-06,0.0,9.091963238499286e-05,0.0,0.0037765747257284318,0.0
0.05,1.646014666365679e-06,0.0,9.862810122856454e-05,0.0,0.0039318525973457774,0.0
0.052000000000000005,1.8512379663005983e-06,0.0,0.00010664687333158632,0.0,0.004086876305123064,0.0
0.054,2.072808683376186e-06,0.0,0.00011497543028953072,0.0,0.00424163577396937,0.0
0.056,2.311345852113039e-06,0.0,0.00012361323355836352,0.0,0.004396120939537062,0.0
0.058,2.5674674098223583e-06,0.0,0.00013255972447644002,0.0,0.004550321748631711,0.0
0.06,2.8417901563933023e-06,0.0,0.0001418143242872212,0.0,0.004704228159621665,0.0
0.062,3.134929714126605e-06,0.0,0.0001513764341628086,0.0,0.00485783014284722,0.0
0.064,3.4475004876160693e-06,0.0,0.00016124543522829694,0.0,0.005011117681029395,0.0
0.066,3.7801156236795864e-06,0.0,0.0001714206885869441,0.0,0.005164080769678307,0.0
0.068,4.133386971341315e-06,0.0,0.00018190153534615715,0.0,0.005316709417501108,0.0
0.07,4.507925041866644e-06,0.0,0.00019268729664429423,0.0,0.005468993646809493,0.0
0.07200000000000001,4.904338968851573e-06,0.0,0.00020377727367828065,0.0,0.005620923493926761,0.0
0.074,5.3232364683681415e-06,0.0,0.00021517074773203868,0.0,0.005772489009594393,0.0
0.076,5.765223799167544e-06,0.0,0.00022686698020573049,0.0,0.005923680259378171,0.0
0.078,6.2309057229425e-06,0.0,0.00023886521264581182,0.0,0.006074487324073794,0.0
0.08,6.720885464650599e-06,0.0,0.0002511646667758976,0.0,0.006224900300111988,0.0
0.082,7.235764672900146e-06,0.0,0.0002637645445284364,0.0,0.006374909299963109,0.0
0.084,7.77614338040017e-06,0.0,0.00027666402807719365,0.0,0.006524504452541199,0.0
0.08600000000000001,8.342619964476234e-06,0.0,0.00028986227987054324,0.0,0.006673675903607499,0.0
0.088,8.935791107653597e-06,0.0,0.00030335844266556435,0.0,0.006822413816173416,0.0
0.09,9.556251758309414e-06,0.0,0.00031715163956294476,0.0,0.006970708370902899,0.0
0.092,1.0204595091395492e-05,0.0,0.0003312409740426871,0.0,0.007118549766514237,0.0
0.094,1.0881412469233334e-05,0.0,0.0003456255300006198,0.0,0.007265928220181268,0.0
0.096,1.1587293402382941e-05,0.0,0.0003603043717857081,0.0,0.007412833967933951,0.0
0.098,1.2322825510587078e-05,0.0,0.0003752765442381666,0.0,0.007559257265058332,0.0
0.1,1.3088594483792552e-05,0.0,0.0003905410727283711,0.0,0.007705188386495873,0.0
0.10200000000000001,1.3885184043250109e-05,0.0,0.0004060969631965681,0.0,0.007850617627242106,0.0
0.10400000000000001,1.4713175902694537e-05,0.0,0.0004219432021933805,0.0,0.007995535302744642,0.0
0.106,1.55731497296066e-05,0.0,0.00043807875692111,0.0,0.00813993174930049,0.0
0.108,1.646568310655838e-05,0.0,0.00045450257527583236,0.0,0.008283797324452702,0.0
0.11,1.739135149264352e-05,0.0,0.00047121358589028535,0.0,0.008427122407386264,0.0
0.112,1.8350728184994175e-05,0.0,0.000488210698177548,0.0,0.008569897399323345,0.0
0.114,1.934438428038596e-05,0.0,0.0005054928023755097,0.0,0.00871211272391773,0.0
0.116,2.0372888636932747e-05,0.0,0.0005230587695921273,0.0,0.008853758827648578,0.0
0.11800000000000001,2.1436807835872672e-05,0.0,0.0005409074518514687,0.0,0.008994826180213371,0.0
0.12,2.2536706143447097e-05,0.0,0.000559037682140542,0.0,0.009135305274920128,0.0
0.122,2.3673145472873936e-05,0.0,0.0005774482744569083,0.0,0.009275186629078808,0.0
0.124,2.484668534641708e-05,0.0,0.0005961380238570761,0.0,0.009414460784391931,0.0
0.126,2.605788285755325e-05,0.0,0.0006151057065056764,0.0,0.009553118307344384,0.0
0.128,2.7307292633238135e-05,0.0,0.000634350079725416,0.0,0.009691149789592398,0.0
0.13,2.8595466796273127e-05,0.0,0.0006538698820478102,0.0,0.0098285458483517,0.0
0.132,2.9922954927774302e-05,0.0,0.0006736638332646869,0.0,0.009965297126784801,0.0
0.134,3.129030402974525e-05,0.0,0.0006937306344804686,0.0,0.01010139429438743,0.0
0.136,3.269805848775507e-05,0.0,0.0007140689681652238,0.0,0.010236828047374108,0.0
0.138,3.414676003372351e-05,0.0,0.000734677498208489,0.0,0.010371589109062777,0.0
0.14,3.5636947708814226e-05,0.0,0.0007555548699738603,0.0,0.010505668230258619,0.0
0.14200000000000002,3.7169157826438234e-05,0.0,0.0007766997103543507,0.0,0.010639056189636868,0.0
0.14400000000000002,3.8743923935368695e-05,0.0,0.0007981106278285113,0.0,0.010771743794124761,0.0
0.146,4.0361776782968686e-05,0.0,0.0008197862125173178,0.0,0.010903721879282508,0.0
0.148,4.2023244278533776e-05,0.0,0.0008417250362418167,0.0,0.011034981309683342,0.0
0.15,4.372885145675017e-05,0.0,0.0008639256525815287,0.0,0.01116551297929258,0.0
0.152,4.547912044127087e-05,0.0,0.000886386596933613,0.0,0.011295307811845713,0.0
0.154,4.7274570408410726e-05,0.0,0.0009091063865727844,0.0,0.011424356761225512,0.0
0.156,4.9115717550962035e-05,0.0,0.0009320835207119837,0.0,0.011552650811838122,0.0
0.158,5.100307504213237e-05,0.0,0.0009553164805638002,0.0,0.01168018097898814,0.0
0.16,5.2937152999605815e-05,0.0,0.0009788037294026428,0.0,0.011806938309252689,0.0
0.162,5.491845844972952e-05,0.0,0.0010025437126276575,0.0,0.011932913880854401,0.0
0.164,5.6947495291826665e-05,0.0,0.0010265348578263923,0.0,0.012058098804033395,0.0
0.166,5.9024764262637425e-05,0.0,0.0010507755748392004,0.0,0.012182484221418167,0.0
0.168,6.115076290088986e-05,0.0,0.0010752642558243904,0.0,0.012306061308395401,0.0
0.17,6.332598551200133e-05,0.0,0.0010999992753241085,0.0,0.012428821273478705,0.0
0.17200000000000001,6.555092313291287e-05,0.0,0.0011249789903309622,0.0,0.012550755358676205,0.0
0.17400000000000002,6.782606349705722e-05,0.0,0.001150201740355375,0.0,0.01267185483985709,0.0
0.176,7.015189099946238e-05,0.0,0.001175665847493674,0.0,0.01279211102711695,0.0
0.178,7.252888666199242e-05,0.0,0.0012013696164969094,0.0,0.012911515265142044,0.0
0.18,7.495752809872586e-05,0.0,0.0012273113348403946,0.0,0.013030058933572359,0.0
0.182,7.743828948147483e-05,0.0,0.0012534892727939799,0.0,0.013147733447363549,0.0
0.184,7.997164150544463e-05,0.0,0.0012799016834930432,0.0,0.013264530257147675,0.0
0.186,8.255805135503662e-05,0.0,0.0013065468030102022,0.0,0.013380440849592756,0.0
0.188,8.519798266979497e-05,0.0,0.0013334228504277464,0.0,0.013495456747761115,0.0
0.19,8.78918955104989e-05,0.0,0.0013605280279107804,0.0,0.013609569511466534,0.0
0.192,9.064024632540225e-05,0.0,0.0013878605207810857,0.0,0.013722770737630162,0.0
0.194,9.344348791662108e-05,0.0,0.0014154184975916884,0.0,0.01383505206063518,0.0
0.196,9.63020694066715e-05,0.0,0.0014432001102021382,0.0,0.013946405152680256,0.0
0.198,9.921643620515851e-05,0.0,0.001471203493854491,0.0,0.014056821724131686,0.0
0.2,0.00010218702997561744,0.0,0.0014994267672499952,0.0,0.014166293523874305,0.0
0.202,0.00010521428860250993,0.0,0.0015278680326264794,0.0,0.014274812339661087,0.0
0.20400000000000001,0.00010829864615837472,0.0,0.0015565253758364362,0.0,0.014382369998461457,0.0
0.20600000000000002,0.00011144053287113586,0.0,0.0015853968664258028,0.0,0.014488958366808302,0.0
0.20800000000000002,0.00011464037509156894,0.0,0.001614480557713434,0.0,0.014594569351143645,0.0
0.21,0.00011789859526092672,0.0,0.0016437744868712644,0.0,0.014699194898163005,0.0
0.212,0.00012121561187872654,0.0,0.0016732766750051596,0.0,0.014802826995158395,0.0
0.214,0.00012459183947069902,0.0,0.0017029851272364512,0.0,0.01490545767035999,0.0
0.216,0.0001280276885569015,0.0,0.0017328978327841517,0.0,0.01500707899327639,0.0
0.218,0.000131523565619996,0.0,0.001763012765047852,0.0,0.015107683075033544,0.0
0.22,0.00013507987307369388,0.0,0.0017933278816912937,0.0,0.015207262068712257,0.0
0.222,0.00013869700923136837,0.0,0.001823841124726616,0.0,0.01530580816968432,0.0
0.224,0.00014237536827483592,0.0,0.0018545504205992702,0.0,0.015403313615947194,0.0
0.226,0.0001461153402233087,0.0,0.0018854536802736079,0.0,0.015499770688457296,0.0
0.228,0.00014991731090251799,0.0,0.0019165487993191266,0.0,0.015595171711461853,0.0
0.23,0.0001537816619140119,0.0,0.0019478336579973872,0.0,0.01568950905282927,0.0
0.232,0.00015770877060462647,0.0,0.0019793061213495807,0.0,0.0157827751243781,0.0
0.234,0.00016169901003613318,0.0,0.0020109640392847595,0.0,0.015874962382204504,0.0
0.23600000000000002,0.00016575274895506368,0.0,0.0020428052466687184,0.0,0.015966063327008208,0.0
0.23800000000000002,0.0001698703517627123,0.0,0.002074827563413524,0.0,0.016056070504417045,0.0
0.24,0.00017405217848531892,0.0,0.0021070287945676963,0.0,0.016144976505309917,0.0
0.242,0.00017829858474443274,0.0,0.002139406730407034,0.0,0.01623277396613829,0.0
0.244,0.00018260992172745768,0.0,0.0021719591465260753,0.0,0.016319455569246143,0.0
0.246,0.00018698653615838257,0.0,0.0022046838039302074,0.0,0.016405014043188386,0.0
0.248,0.00019142877026869466,0.0,0.0022375784491283995,0.0,0.016489442163047735,0.0
0.25,0.00019593696176848084,0.0,0.0022706408142265794,0.0,0.01657273275075003,0.0
0.252,0.0002005114438177148,0.0,0.002303868617021629,0.0,0.016654878675377988,0.0
0.254,0.00020515254499773398,0.0,0.0023372595610960147,0.0,0.01673587285348334,0.0
0.256,0.00020986058928290557,0.0,0.0023708113359130326,0.0,0.01681570824939744,0.0
0.258,0.00021463589601248398,0.0,0.002404521616912681,0.0,0.016894377875540253,0.0
0.26,0.00021947877986266086,0.0,0.002438388065608141,0.0,0.01697187479272769,0.0
0.262,0.00022438955081880793,0.0,0.0024724083296828775,0.0,0.017048192110477357,0.0
0.264,0.0002293685141479158,0.0,0.0025065800430883454,0.0,0.01712332298731269,0.0
0.266,0.00023441597037122779,0.0,0.0025409008261423043,0.0,0.017197260631065407,0.0
0.268,0.00023953221523707129,0.0,0.002575368285627737,0.0,0.017269998299176345,0.0
0.27,0.00024471753969388787,0.0,0.0026099800148923656,0.0,0.01734152929899458,0.0
0.272,0.0002499722298634627,0.0,0.002644733593948768,0.0,0.017411846988074957,0.0
0.274,0.0002552965670143547,0.0,0.0026796265895750824,0.0,0.017480944774473824,0.0
0.276,0.00026069082753552925,0.0,0.002714656555416308,0.0,0.017548816117043196,0.0
0.278,0.000266155282910193,0.0,0.002749821032086187,0.0,0.017615454525723117,0.0
0.28,0.00027169019968983476,0.0,0.002785117547269672,0.0,0.017680853561832344,0.0
0.28200000000000003,0.00027729583946846967,0.0,0.0028205436158259727,0.0,0.017745006838357332,0.0
0.28400000000000003,0.00028297245885709223,0.0,0.0028560967398921786,0.0,0.017807908020239415,0.0
0.28600000000000003,0.0002887203094583358,0.0,0.0028917744089874556,0.0,0.017869550824660334,0.0
0.28800000000000003,0.00029453963784134123,0.0,0.0029275741001178095,0.0,0.017929929021325924,0.0
0.29,0.0003004306855168358,0.0,0.0029634932778814164,0.0,0.017989036432748094,0.0
0.292,0.00030639368891242403,0.0,0.0029995293945745184,0.0,0.018046866934525015,0.0
0.294,0.00031242887934808936,0.0,0.003035679890297869,0.0,0.018103414455619502,0.0
0.296,0.00031853648301191016,0.0,0.003071942193063746,0.0,0.018158672978635652,0.0
0.298,0.0003247167209359908,0.0,0.0031083137189035024,0.0,0.018212636540093623,0.0
0.3,0.00033096980897260724,0.0,0.003144791871975678,0.0,0.01826529923070265,0.0
0.302,0.00033729595777057036,0.0,0.003181374044674644,0.0,0.018316655195632192,0.0
0.304,0.00034369537275180656,0.0,0.0032180576177397975,0.0,0.018366698634781298,0.0
0.306,0.00035016825408815724,0.0,0.0032548399603652854,0.0,0.01841542380304607,0.0
0.308,0.0003567147966783991,0.0,0.0032917184303102643,0.0,0.018462825010585337,0.0
0.31,0.0003633351901254838,0.0,0.0033286903740096935,0.0,0.018508896623084435,0.0
0.312,0.0003700296187140021,0.0,0.0033657531266856455,0.0,0.01855363306201711,0.0
0.314,0.00037679826138786883,0.0,0.003402904012459147,0.0,0.018597028804905564,0.0
0.316,0.00038364129172823374,0.0,0.003440140344462534,0.0,0.018639078385578628,0.0
0.318,0.00039055887793161586,0.0,0.003477459424952317,0.0,0.01867977639442797,0.0
0.32,0.0003975511827882665,0.0,0.0035148585454225674,0.0,0.018719117478662475,0.0
0.322,0.0004046183636607575,0.0,0.003552334986718803,0.0,0.018757096342560682,0.0
0.324,0.0004117605724627982,0.0,0.003589886019152373,0.0,0.018793707747721253,0.0
0.326,0.00041897795563828233,0.0,0.0036275089026153555,0.0,0.018828946513311604,0.0
0.328,0.0004262706541405645,0.0,0.0036652008866959376,0.0,0.018862807516314493,0.0
0.33,0.0004336388034119684,0.0,0.0037029592107942883,0.0,0.018895285691772727,0.0
0.332,0.00044108253336352704,0.0,0.0037407811042389286,0.0,0.01892637603303189,0.0
0.334,0.00044860196835495603,0.0,0.0037786637864035697,0.0,0.018956073591981086,0.0
0.336,0.0004561972271748616,0.0,0.0038166044668244484,0.0,0.018984373479291723,0.0
0.338,0.0004638684230211825,0.0,0.003854600345318122,0.0,0.019011270864654324,0.0
0.34,0.00047161566348187,0.0,0.003892648612099742,0.0,0.019036760977013314,0.0
0.342,0.00047943905051580314,0.0,0.0039307464479018,0.0,0.01906083910479982,0.0
0.34400000000000003,0.00048733868043394224,0.0,0.003968891024093326,0.0,0.019083500596162498,0.0
0.34600000000000003,0.0004953146438807225,0.0,0.00400707950279956,0.0,0.01910474085919624,0.0
0.34800000000000003,0.0005033670258156849,0.0,0.004045309037022062,0.0,0.019124555362168987,0.0
0.35000000000000003,0.0005114959054953512,0.0,0.004083576770759292,0.0,0.01914293963374641,0.0
0.352,0.000519701356455337,0.0,0.004121879839127622,0.0,0.01915988926321456,0.0
0.354,0.0005279834464927114,0.0,0.004160215368482803,0.0,0.019175399900700538,0.0
0.356,0.0005363422376485936,0.0,0.004198580476541865,0.0,0.01918946725739102,0.0
0.358,0.0005447777861910016,0.0,0.004236972272505446,0.0,0.019202087105748732,0.0
0.36,0.0005532901425979402,0.0,0.004275387857180569,0.0,0.019213255279726928,0.0
0.362,0.000561879351540737,0.0,0.004313824323103829,0.0,0.019222967674981654,0.0
0.364,0.0005705454518676258,0.0,0.004352278754665012,0.0,0.01923122024908205,0.0
0.366,0.000579288476587576,0.0,0.00439074822823113,0.0,0.01923800902171849,0.0
0.368,0.0005881084528543721,0.0,0.004429229812270867,0.0,0.019243330074908582,0.0
0.37,0.0005970054019509419,0.0,0.004467720567479439,0.0,0.019247179553201148,0.0
0.372,0.0006059793392739341,0.0,0.004506217546903861,0.0,0.019249553663878004,0.0
0.374,0.0006150302743185487,0.0,0.004544717796068614,0.0,0.019250448677153656,0.0
0.376,0.0006241582106636159,0.0,0.004583218353101698,0.0,0.019249860926372844,0.0
0.378,0.0006333631459569318,0.0,0.004621716248861103,0.0,0.01924778680820593,0.0
0.38,0.0006426450719008436,0.0,0.004660208507061642,0.0,0.01924422278284217,0.0
0.382,0.0006520039742380913,0.0,0.0046986921444021855,0.0,0.019239165374180793,0.0
0.384,0.000661439832737903,0.0,0.004737164170693275,0.0,0.019232611170019977,0.0
0.386,0.0006709526211823457,0.0,0.004775621588985094,0.0,0.01922455682224354,0.0
0.388,0.0006805423073529338,0.0,0.004814061395695842,0.0,0.019214999047005587,0.0
0.39,0.0006902088530174933,0.0,0.004852480580740445,0.0,0.019203934624912877,0.0
0.392,0.0006999522139172841,0.0,0.004890876127659644,0.0,0.01919136040120503,0.0
0.394,0.0007097723397543816,0.0,0.004929245013749444,0.0,0.01917727328593255,0.0
0.396,0.0007196691741793161,0.0,0.004967584210190907,0.0,0.019161670254132627,0.0
0.398,0.000729642654778974,0.0,0.0050058906821803025,0.0,0.019144548346002706,0.0
0.4,0.0007396927130647576,0.0,0.0050441613890595954,0.0,0.019125904667071886,0.0
0.402,0.0007498192744610087,0.0,0.005082393284447284,0.0,0.019105736388370056,0.0
0.404,0.0007600222582936914,0.0,0.005120583316369564,0.0,0.019084040746594807,0.0
0.406,0.0007703015777793388,0.0,0.005158728427391833,0.0,0.01906081504427612,0.0
0.40800000000000003,0.0007806571400142651,0.0,0.0051968255547505185,0.0,0.019036056649938796,0.0
0.41000000000000003,0.0007910888459640375,0.0,0.0052348716304852225,0.0,0.01900976299826264,0.0
0.41200000000000003,0.0008015965904532163,0.0,0.005272863581571195,0.0,0.018981931590240392,0.0
0.41400000000000003,0.0008121802621553591,0.0,0.005310798330052114,0.0,0.01895255999333339,0.0
0.41600000000000004,0.0008228397435832887,0.0,0.005348672793173177,0.0,0.018921645841624937,0.0
0.418,0.0008335749110796322,0.0,0.005386483883514496,0.0,0.018889186835971506,0.0
0.42,0.0008443856348076233,0.0,0.005424228509124795,0.0,0.01885518074415147,0.0
0.422,0.0008552717787421731,0.0,0.005461903573655395,0.0,0.01881962540101173,0.0
0.424,0.0008662332006612091,0.0,0.005499505976494503,0.0,0.018782518708611966,0.0
0.426,0.0008772697521372851,0.0,0.005537032612901779,0.0,0.018743858636366607,0.0
0.428,0.0008883812785294579,0.0,0.005574480374143176,0.0,0.01870364322118444,0.0
0.43,0.0008995676189754349,0.0,0.005611846147626082,0.0,0.01866187056760605,0.0
0.432,0.0009108286063839927,0.0,0.005649126817034699,0.0,0.018618538847938758,0.0
0.434,0.0009221640674276654,0.0,0.0056863192624657345,0.0,0.01857364630238943,0.0
0.436,0.0009335738225357077,0.0,0.005723420360564313,0.0,0.018527191239194822,0.0
0.438,0.0009450576858873249,0.0,0.005760426984660163,0.0,0.018479172034749622,0.0
0.44,0.0009566154654051812,0.0,0.005797336004904076,0.0,0.018429587133732238,0.0
0.442,0.000968246962749177,0.0,0.005834144288404579,0.0,0.018378435049228134,0.0
0.444,0.000979951973310501,0.0,0.00587084869936488,0.0,0.018325714362850867,0.0
0.446,0.0009917302862059582,0.0,0.005907446099220046,0.0,0.018271423724860826,0.0
0.448,0.0010035816842725693,0.0,0.005943933346774401,0.0,0.018215561854281494,0.0
0.45,0.0010155059440624483,0.0,0.0059803072983391796,0.0,0.018158127539013472,0.0
0.452,0.0010275028358379531,0.0,0.006016564807870387,0.0,0.018099119635946077,0.0
0.454,0.0010395721235671128,0.0,0.006052702727106885,0.0,0.018038537071066552,0.0
0.456,0.0010517135649193339,0.0,0.0060887179057086994,0.0,0.017976378839566945,0.0
0.458,0.0010639269112613777,0.0,0.00612460719139553,0.0,0.017912644005948608,0.0
0.46,0.0010762119076536216,0.0,0.0061603674300854784,0.0,0.017847331704124246,0.0
0.462,0.0010885682928465927,0.0,0.00619599546603396,0.0,0.01778044113751769,0.0
0.464,0.001100995799277782,0.0,0.006231488141972834,0.0,0.017711971579161146,0.0
0.466,0.0011134941530687372,0.0,0.006266842299249711,0.0,0.01764192237179017,0.0
0.468,0.0011260630740224326,0.0,0.006302054777967452,0.0,0.01757029292793616,0.0
0.47000000000000003,0.0011387022756209207,0.0,0.006337122417123857,0.0,0.017497082730016458,0.0
0.47200000000000003,0.0011514114650232605,0.0,0.00637204205475151,0.0,0.01742229133042208,0.0
0.47400000000000003,0.0011641903430637279,0.0,0.006406810528057836,0.0,0.017345918351603,0.0
0.47600000000000003,0.0011770386042503048,0.0,0.006441424673565274,0.0,0.017267963486151006,0.0
0.47800000000000004,0.0011899559367634504,0.0,0.006475881327251664,0.0,0.01718842649688017,0.0
0.48,0.0012029420224551524,0.0,0.006510177324690761,0.0,0.017107307216904854,0.0
0.482,0.001215996536848258,0.0,0.006544309501192908,0.0,0.01702460554971534,0.0
0.484,0.0012291191491360907,0.0,0.006578274691945872,0.0,0.01694032146925096,0.0
0.486,0.0012423095221823425,0.0,0.0066120697321557995,0.0,0.016854455019970852,0.0
0.488,0.0012555673125212552,0.0,0.00664569145718834,0.0,0.016767006316922226,0.0
0.49,0.0012688921703580792,0.0,0.006679136702709873,0.0,0.016677975545806245,0.0
0.492,0.0012822837395698138,0.0,0.006712402304828892,0.0,0.016587362963041412,0.0
0.494,0.0012957416577062382,0.0,0.006745485100237497,0.0,0.016495168895824502,0.0
0.496,0.0013092655559912157,0.0,0.006778381926353003,0.0,0.016401393742189085,0.0
0.498,0.0013228550593242885,0.0,0.0068110896214596825,0.0,0.016306037971061574,0.0
0.5,0.001336509786282552,0.0,0.006843605024850592,0.0,0.016209102122314793,0.0
0.502,0.0013502293491228143,0.0,0.006875924976969529,0.0,0.016110586806819115,0.0
0.504,0.001364013353784041,0.0,0.006908046319553067,0.0,0.01601049270649113,0.0
0.506,0.001377861399890082,0.0,0.006939965895772697,0.0,0.0159088205743398,0.0
0.508,0.0013917730807526834,0.0,0.006971680550377059,0.0,0.015805571234510225,0.0
0.51,0.0014057479833747845,0.0,0.007003187129834252,0.0,0.01570074558232488,0.0
0.512,0.0014197856884540978,0.0,0.00703448248247423,0.0,0.015594344584322375,0.0
0.514,0.0014338857703869784,0.0,0.007065563458631274,0.0,0.015486369278293766,0.0
0.516,0.0014480477972725707,0.0,0.00709642691078652,0.0,0.015376820773316386,0.0
0.518,0.0014622713309172493,0.0,0.0071270696937105835,0.0,0.015265700249785137,0.0
0.52,0.0014765559268393373,0.0,0.007157488664606202,0.0,0.015153008959441383,0.0
0.522,0.0014909011342741135,0.0,0.007187680683250965,0.0,0.015038748225399294,0.0
0.524,0.0015053064961791068,0.0,0.007217642612140087,0.0,0.014922919442169717,0.0
0.526,0.0015197715492396735,0.0,0.007247371316629217,0.0,0.014805524075681576,0.0
0.528,0.0015342958238748598,0.0,0.007276863665077297,0.0,0.01468656366330073,0.0
0.53,0.0015488788442435525,0.0,0.007306116528989449,0.0,0.014566039813846398,0.0
0.532,0.0015635201282509137,0.0,0.007335126783159902,0.0,0.014443954207605058,0.0
0.534,0.0015782191875551024,0.0,0.007363891305814933,0.0,0.014320308596341806,0.0
0.536,0.0015929755275742815,0.0,0.007392406978755835,0.0,0.014195104803309294,0.0
0.538,0.0016077886474939098,0.0,0.0074206706875019,0.0,0.014068344723254127,0.0
0.54,0.0016226580402743237,0.0,0.007448679321433411,0.0,0.013940030322420709,0.0
0.542,0.001637583192658598,0.0,0.007476429773934637,0.0,0.013810163638552697,0.0
0.544,0.0016525635851807007,0.0,0.007503918942536838,0.0,0.01367874678089186,0.0
0.546,0.0016675986921739284,0.0,0.007531143729061244,0.0,0.013545781930174385,0.0
0.548,0.0016826879817796285,0.0,0.007558101039762059,0.0,0.013411271338624874,0.0
0.55,0.0016978309159562097,0.0,0.007584787785469404,0.0,0.013275217329947584,0.0
0.552,0.0017130269504884354,0.0,0.00761120088173229,0.0,0.01313762229931533,0.0
0.554,0.0017282755349970049,0.0,0.007637337248961526,0.0,0.01299848871335581,0.0
0.556,0.0017435761129484214,0.0,0.007663193812572619,0.0,0.012857819110135397,0.0
0.558,0.001758928121665141,0.0,0.007688767503128632,0.0,0.012715616099140495,0.0
0.56,0.001774330992336014,0.0,0.007714055256483002,0.0,0.012571882361256281,0.0
0.562,0.001789784150027006,0.0,0.007739054013922319,0.0,0.012426620648743014,0.0
0.5640000000000001,0.0018052870136922078,0.0,0.007763760722309043,0.0,0.012279833785209781,0.0
0.5660000000000001,0.0018208389961851307,0.0,0.007788172334224181,0.0,0.012131524665585746,0.0
0.5680000000000001,0.0018364395042702849,0.0,0.0078122858081098884,0.0,0.011981696256088886,0.0
0.5700000000000001,0.001852087938635045,0.0,0.00783609810841202,0.0,0.011830351594192174,0.0
0.5720000000000001,0.0018677836939017987,0.0,0.007859606205722602,0.0,0.01167749378858733,0.0
0.5740000000000001,0.0018835261586403849,0.0,0.007882807076922231,0.0,0.011523126019145905,0.0
0.5760000000000001,0.001899314715380809,0.0,0.007905697705322389,0.0,0.01136725153687804,0.0
0.578,0.001915148740626248,0.0,0.00792827508080768,0.0,0.01120987366388854,0.0
0.58,0.001931027604866343,0.0,0.007950536199977985,0.0,0.0110509957933305,0.0
0.582,0.0019469506725907654,0.0,0.007972478066290482,0.0,0.010890621389356455,0.0
0.584,0.0019629173023030786,0.0,0.007994097690201625,0.0,0.010728753987066924,0.0
0.586,0.0019789268465348745,0.0,0.008015392089308963,0.0,0.010565397192456487,0.0
0.588,0.001994978651860201,0.0,0.008036358288492886,0.0,0.010400554682357356,0.0
0.59,0.002011072058910266,0.0,0.008056993320058235,0.0,0.010234230204380386,0.0
0.592,0.0020272064023884304,0.0,0.008077294223875804,0.0,0.01006642757685362,0.0
0.594,0.0020433810110854814,0.0,0.008097258047523703,0.0,0.009897150688758285,0.0
0.596,0.002059595207895186,0.0,0.008116881846428604,0.0,0.009726403499662258,0.0
0.598,0.002075848309830131,0.0,0.008136162684006843,0.0,0.009554190039651089,0.0
0.6,0.0020921396280378433,0.0,0.008155097631805388,0.0,0.009380514409256423,0.0
0.602,0.002108468467817191,0.0,0.008173683769642653,0.0,0.009205380779381957,0.0
0.604,0.0021248341286350695,0.0,0.008191918185749169,0.0,0.009028793391226893,0.0
0.606,0.002141235904143363,0.0,0.008209797976908092,0.0,0.00885075655620687,0.0
0.608,0.002157673082196192,0.0,0.008227320248595562,0.0,0.008671274655872335,0.0
0.61,0.002174144944867438,0.0,0.008244482115120884,0.0,0.008490352141824507,0.0
0.612,0.0021906507684685524,0.0,0.008261280699766543,0.0,0.008307993535628774,0.0
0.614,0.002207189823566642,0.0,0.008277713134928043,0.0,0.008124203428725534,0.0
0.616,0.0022237613750028325,0.0,0.008293776562253573,0.0,0.00793898648233865,0.0
0.618,0.0022403646819109144,0.0,0.00830946813278347,0.0,0.007752347427381335,0.0
0.62,0.0022569989977362687,0.0,0.00832478500708951,0.0,0.007564291064359484,0.0
0.622,0.0022736635702550667,0.0,0.00833972435541399,0.0,0.007374822263272619,0.0
0.624,0.00229035764159375,0.0,0.008354283357808613,0.0,0.007183945963512271,0.0
0.626,0.0023070804482487905,0.0,0.008368459204273173,0.0,0.006991667173757831,0.0
0.628,0.00232383122110672,0.0,0.008382249094894021,0.0,0.006797990971870034,0.0
0.63,0.002340609185464448,0.0,0.00839565023998232,0.0,0.006602922504781764,0.0
0.632,0.0023574135610498438,0.0,0.00840865986021208,0.0,0.006406466988386551,0.0
0.634,0.0023742435620426037,0.0,0.008421275186757962,0.0,0.006208629707424479,0.0
0.636,0.0023910983970953886,0.0,0.008433493461432856,0.0,0.006009416015365586,0.0
0.638,0.0024079772693552377,0.0,0.008445311936825224,0.0,0.005808831334290899,0.0
0.64,0.002424879376485256,0.0,0.008456727876436204,0.0,0.005606881154770866,0.0
0.642,0.0024418039106865806,0.0,0.008467738554816452,0.0,0.005403571035741326,0.0
0.644,0.002458750058720608,0.0,0.008478341257702764,0.0,0.005198906604377116,0.0
0.646,0.0024757170019315137,0.0,0.008488533282154417,0.0,0.0049928935559630325,0.0
0.648,0.002492703916269023,0.0,0.008498311936689252,0.0,0.00478553765376246,0.0
0.65,0.0025097099723114737,0.0,0.00850767454141951,0.0,0.004576844728883457,0.0
0.652,0.00252673433528913,0.0,0.008516618428187376,0.0,0.0043668206801424254,0.0
0.654,0.002543776165107786,0.0,0.008525140940700263,0.0,0.004155471473925235,0.0
0.656,0.00256083461637263,0.0,0.008533239434665807,0.0,0.003942803144046001,0.0
0.658,0.002577908838412374,0.0,0.00854091127792658,0.0,0.00372882179160333,0.0
0.66,0.0025949979753036654,0.0,0.008548153850594514,0.0,0.0035135335848340884,0.0
0.662,0.0026121011658957554,0.0,0.008554964545185029,0.0,0.003296944758964816,0.0
0.664,0.0026292175438354403,0.0,0.008561340766750868,0.0,0.0030790616160606236,0.0
0.666,0.0026463462375922735,0.0,0.008567279933015605,0.0,0.0028598905248715997,0.0
0.668,0.002663486370484033,0.0,0.008572779474506876,0.0,0.0026394379206769406,0.0
0.67,0.0026806370607024713,0.0,0.008577836834689271,0.0,0.002417710305126426,0.0
0.672,0.002697797421339314,0.0,0.008582449470096915,0.0,0.002194714246079664,0.0
0.674,0.0027149665604125363,0.0,0.008586614850465734,0.0,0.001970456377442772,0.0
0.676,0.0027321435808928983,0.0,0.008590330458865359,0.0,0.001744943399002651,0.0
0.678,0.0027493275807307393,0.0,0.008593593791830749,0.0,0.0015181820762589261,0.0
0.68,0.0027665176528830476,0.0,0.008596402359493435,0.0,0.0012901792402533422,0.0
0.682,0.002783712885340777,0.0,0.008598753685712415,0.0,0.0010609417873968293,0.0
0.684,0.002800912361156435,0.0,0.008600645308204745,0.0,0.0008304766792941454,0.0
0.686,0.0028181151584719347,0.0,0.008602074778675733,0.0,0.0005987909425660687,0.0
0.6880000000000001,0.00283532035054669,0.0,0.008603039662948793,0.0,0.0003658916686692399,0.0
0.6900000000000001,0.002852527005785992,0.0,0.00860353754109494,0.0,0.0001317860137135772,0.0
0.6920000000000001,0.0028697341877696285,0.0,0.008603566007561899,0.0,-0.00010351880172267472,0.0
0.6940000000000001,0.0028869409552807635,0.0,0.008603122671302876,0.0,-0.0003400154927803434,0.0
0.6960000000000001,0.0029041463623350854,0.0,0.008602205155904909,0.0,-0.0005776967105090552,0.0
0.6980000000000001,0.0029213494582101917,0.0,0.008600811099716875,0.0,-0.0008165550420593335,0.0
0.7000000000000001,0.0029385492874752514,0.0,0.008598938155977084,0.0,-0.0010565830108771792,0.0
0.7020000000000001,0.0029557448900209,0.0,0.008596583992940488,0.0,-0.0012977730769008558,0.0
0.704,0.0029729353010894068,0.0,0.00859374629400552,0.0,-0.0015401176367601556,0.0
0.706,0.0029901195513050917,0.0,0.00859042275784048,0.0,-0.0017836090239780958,0.0
0.708,0.003007296666704981,0.0,0.008586611098509563,0.0,-0.002028239509174721,0.0
0.71,0.0030244656687697293,0.0,0.008582309045598457,0.0,-0.002274001300273526,0.0
0.712,0.0030416255744547924,0.0,0.008577514344339525,0.0,-0.0025208865427100748,0.0
0.714,0.0030587753962218376,0.0,0.008572224755736574,0.0,-0.002768887319642999,0.0
0.716,0.003075914142070419,0.0,0.008566438056689185,0.0,-0.0030179956521673747,0.0
0.718,0.0030930408155698864,0.0,0.00856015204011664,0.0,-0.003268203499530326,0.0
0.72,0.0031101544158915495,0.0,0.008553364515081397,0.0,-0.003519502759349041,0.0
0.722,0.0031272539378410917,0.0,0.008546073306912112,0.0,-0.003771885267831135,0.0
0.724,0.0031443383718912196,0.0,0.008538276257326258,0.0,-0.004025342799997198,0.0
0.726,0.003161406704214568,0.0,0.008529971224552277,0.0,-0.004279867069905794,0.0
0.728,0.0031784579167168387,0.0,0.008521156083451246,0.0,-0.0045354497308806915,0.0
0.73,0.00319549098707019,0.0,0.008511828725638158,0.0,-0.004792082375740364,0.0
0.732,0.0032125048887468653,0.0,0.008501987059602667,0.0,-0.0050497565370298675,0.0
0.734,0.0032294985910530614,0.0,0.00849162901082942,0.0,-0.0053084636872549485,0.0
0.736,0.003246471059163041,0.0,0.008480752521917897,0.0,-0.005568195239118428,0.0
0.738,0.0032634212541534785,0.0,0.008469355552701775,0.0,-0.005828942545758888,0.0
0.74,0.0032803481330380474,0.0,0.00845743608036782,0.0,-0.006090696900991595,0.0
0.742,0.003297250648802252,0.0,0.008444992099574285,0.0,-0.00635344953955172,0.0
0.744,0.0033141277504384766,0.0,0.008432021622568824,0.0,-0.006617191637339807,0.0
0.746,0.003330978382981293,0.0,0.008418522679305932,0.0,-0.006881914311669457,0.0
0.748,0.0033478014875429835,0.0,0.008404493317563846,0.0,-0.007147608621517271,0.0
0.75,0.003364596001349307,0.0,0.008389931603060972,0.0,-0.007414265567775089,0.0
0.752,0.003381360857775499,0.0,0.008374835619571816,0.0,-0.00768187609350437,0.0
0.754,0.003398094986382494,0.0,0.008359203469042375,0.0,-0.007950431084192806,0.0
0.756,0.003414797312953388,0.0,0.008343033271705023,0.0,-0.008219921368013298,0.0
0.758,0.00343146675953012,0.0,0.008326323166192893,0.0,-0.008490337716084859,0.0
0.76,0.0034481022444503937,0.0,0.00830907130965371,0.0,-0.008761670842736005,0.0
0.762,0.0034647026823848175,0.0,0.00829127587786311,0.0,-0.009033911405770229,0.0
0.764,0.0034812669843742703,0.0,0.00827293506533743,0.0,-0.009307050006733573,0.0
0.766,0.0034977940578675014,0.0,0.008254047085445948,0.0,-0.00958107719118454,0.0
0.768,0.003514282806758943,0.0,0.008234610170522573,0.0,-0.009855983448966123,0.0
0.77,0.003530732131426751,0.0,0.008214622571977033,0.0,-0.010131759214479907,0.0
0.772,0.0035471409287710716,0.0,0.008194082560405455,0.0,-0.010408394866962538,0.0
0.774,0.003563508092252518,0.0,0.008172988425700424,0.0,-0.010685880730764093,0.0
0.776,0.0035798325119308825,0.0,0.008151338477160484,0.0,-0.01096420707562885,0.0
0.778,0.003596113074504044,0.0,0.008129131043599053,0.0,-0.011243364116977978,0.0
0.78,0.003612348663347117,0.0,0.008106364473452797,0.0,-0.011523342016194517,0.0
0.782,0.0036285381585518034,0.0,0.00808303713488942,0.0,-0.011804130880910396,0.0
0.784,0.0036446804369659573,0.0,0.008059147415914862,0.0,-0.012085720765295599,0.0
0.786,0.003660774372233377,0.0,0.00803469372447995,0.0,-0.012368101670349435,0.0
0.788,0.003676818834833791,0.0,0.008009674488586435,0.0,-0.012651263544193877,0.0
0.79,0.0036928126921230717,0.0,0.007984088156392457,0.0,-0.012935196282369082,0.0
0.792,0.0037087548083736535,0.0,0.007957933196317412,0.0,-0.013219889728130908,0.0
0.794,0.0037246440448151555,0.0,0.007931208097146215,0.0,-0.013505333672750499,0.0
0.796,0.0037404792596752202,0.0,0.007903911368132972,0.0,-0.013791517855816067,0.0
0.798,0.0037562593082205516,0.0,0.007876041539104043,0.0,-0.014078431965536563,0.0
0.8,0.0037719830427981648,0.0,0.007847597160560504,0.0,-0.014366065639047519,0.0
0.802,0.0037876493128768383,0.0,0.00781857680377996,0.0,-0.014654408462718937,0.0
0.804,0.0038032569650887638,0.0,0.0077889790609177965,0.0,-0.014943449972465097,0.0
0.806,0.0038188048432714087,0.0,0.007758802545107761,0.0,-0.01523317965405654,0.0
0.808,0.0038342917885095676,0.0,0.007728045890561946,0.0,-0.015523586943433995,0.0
0.81,0.0038497166391776197,0.0,0.007696707752670124,0.0,-0.01581466122702429,0.0
0.812,0.0038650782309819862,0.0,0.007664786808098467,0.0,-0.016106391842058358,0.0
0.8140000000000001,0.003880375397003777,0.0,0.007632281754887612,0.0,-0.01639876807689112,0.0
0.8160000000000001,0.00389560696774164,0.0,0.007599191312550099,0.0,-0.01669177917132346,0.0
0.8180000000000001,0.003910771771154799,0.0,0.0075655142221671395,0.0,-0.01698541431692612,0.0
0.8200000000000001,0.003925868632706292,0.0,0.0075312492464847764,0.0,-0.017279662657365566,0.0
0.8220000000000001,0.003940896375406391,0.0,0.007496395170009345,0.0,-0.0175745132887318,0.0
0.8240000000000001,0.00395585381985622,0.0,0.007460950799102296,0.0,-0.01786995525986819,0.0
0.8260000000000001,0.003970739784291563,0.0,0.007424914962074368,0.0,-0.018165977572703176,0.0
0.8280000000000001,0.003985553084626848,0.0,0.00738828650927909,0.0,-0.018462569182583863,0.0
0.8300000000000001,0.004000292534499333,0.0,0.007351064313205582,0.0,-0.018759718998611702,0.0
0.8320000000000001,0.0040149569453134665,0.0,0.007313247268570735,0.0,-0.019057415883979897,0.0
0.834,0.004029545126285434,0.0,0.007274834292410685,0.0,-0.019355648656312795,0.0
0.836,0.00404405588448789,0.0,0.007235824324171583,0.0,-0.019654406088007295,0.0
0.838,0.004058488024894863,0.0,0.00719621632579975,0.0,-0.019953676906575825,0.0
0.84,0.004072840350426852,0.0,0.0071560092818310685,0.0,-0.02025344979499158,0.0
0.842,0.0040871116619960925,0.0,0.007115202199479723,0.0,-0.0205537133920353,0.0
0.844,0.004101300758551997,0.0,0.00707379410872625,0.0,-0.02085445629264409,0.0
0.846,0.004115406437126776,0.0,0.007031784062404848,0.0,-0.02115566704826208,0.0
0.848,0.004129427492881241,0.0,0.006989171136290038,0.0,-0.021457334167192796,0.0
0.85,0.004143362719150761,0.0,0.0069459544291825825,0.0,-0.021759446114953535,0.0
0.852,0.004157210907491402,0.0,0.00690213306299468,0.0,-0.022061991314631376,0.0
0.854,0.004170970847726242,0.0,0.006857706182834506,0.0,-0.022364958147241168,0.0
0.856,0.004184641327991832,0.0,0.006812672957089973,0.0,-0.022668334952085135,0.0
0.858,0.004198221134784857,0.0,0.006767032577511796,0.0,-0.02297211002711452,0.0
0.86,0.004211709053008931,0.0,0.006720784259295847,0.0,-0.023276271629292706,0.0
0.862,0.004225103866021573,0.0,0.00667392724116474,0.0,-0.023580807974960313,0.0
0.864,0.004238404355681341,0.0,0.006626460785448734,0.0,-0.023885707240202034,0.0
0.866,0.004251609302395128,0.0,0.0065783841781658706,0.0,-0.024190957561215115,0.0
0.868,0.00426471748516562,0.0,0.006529696729101371,0.0,-0.02449654703467965,0.0
0.87,0.004277727681638901,0.0,0.006480397771886302,0.0,-0.02480246371813063,0.0
0.872,0.0042906386681522335,0.0,0.006430486664075493,0.0,-0.0251086956303316,0.0
0.874,0.0043034492197819765,0.0,0.006379962787224717,0.0,-0.02541523075165012,0.0
0.876,0.004316158110391659,0.0,0.006328825546967079,0.0,-0.02572205702443489,0.0
0.878,0.004328764112680225,0.0,0.006277074373088701,0.0,-0.02602916235339454,0.0
0.88,0.004341265998230402,0.0,0.006224708719603601,0.0,-0.026336534605978137,0.0
0.882,0.004353662537557237,0.0,0.006171728064827846,0.0,-0.02664416161275729,0.0
0.884,0.004365952500156771,0.0,0.00611813191145292,0.0,-0.02695203116780994,0.0
0.886,0.004378134654554864,0.0,0.006063919786618318,0.0,-0.02726013102910587,0.0
0.888,0.0043902077683561636,0.0,0.006009091241983381,0.0,-0.027568448918893686,0.0
0.89,0.004402170608293216,0.0,0.005953645853798362,0.0,-0.027876972524089515,0.0
0.892,0.004414021940275716,0.0,0.00589758322297467,0.0,-0.028185689496667374,0.0
0.894,0.004425760529439899,0.0,0.005840902975154393,0.0,-0.028494587454050944,0.0
0.896,0.0044373851401980765,0.0,0.005783604760778999,0.0,-0.028803653979507134,0.0
0.898,0.004448894536288298,0.0,0.005725688255157237,0.0,-0.029112876622541126,0.0
0.9,0.004460287480824148,0.0,0.005667153158532291,0.0,-0.029422242899292933,0.0
0.902,0.004471562736344697,0.0,0.005607999196148086,0.0,-0.029731740292935616,0.0
0.904,0.00448271906486455,0.0,0.005548226118314835,0.0,-0.03004135625407501,0.0
0.906,0.004493755227924057,0.0,0.005487833700473785,0.0,-0.030351078201150898,0.0
0.908,0.004504669986639636,0.0,0.005426821743261126,0.0,-0.030660893520839817,0.0
0.91,0.004515462101754221,0.0,0.0053651900725711224,0.0,-0.030970789568459334,0.0
0.912,0.004526130333687848,0.0,0.005302938539618415,0.0,-0.03128075366837377,0.0
0.914,0.004536673442588354,0.0,0.005240067020999544,0.0,-0.03159077311440146,0.0
0.916,0.004547090188382194,0.0,0.005176575418753618,0.0,-0.03190083517022342,0.0
0.918,0.004557379330825407,0.0,0.005112463660422167,0.0,-0.03221092706979366,0.0
0.92,0.004567539629554658,0.0,0.005047731699108208,0.0,-0.03252103601775066,0.0
0.922,0.004577569844138431,0.0,0.004982379513534453,0.0,-0.03283114918983046,0.0
0.924,0.004587468734128319,0.0,0.004916407108100684,0.0,-0.033141253733281265,0.0
0.926,0.004597235059110443,0.0,0.0048498145129403465,0.0,-0.033451336767279176,0.0
0.928,0.004606867578756969,0.0,0.004782601783976247,0.0,-0.03376138538334561,0.0
0.93,0.004616365052877747,0.0,0.004714769002975463,0.0,-0.03407138664576594,0.0
0.932,0.0046257262414720465,0.0,0.004646316277603379,0.0,-0.034381327592009576,0.0
0.934,0.004634949904780415,0.0,0.004577243741476918,0.0,-0.034691195233151374,0.0
0.936,0.0046440348033366195,0.0,0.004507551554216876,0.0,-0.03500097655429447,0.0
0.9380000000000001,0.0046529796980197295,0.0,0.004437239901499475,0.0,-0.03531065851499438,0.0
0.9400000000000001,0.004661783350106253,0.0,0.004366308995107023,0.0,-0.03562022804968441,0.0
0.9420000000000001,0.004670444521322416,0.0,0.004294759072977713,0.0,-0.035929672068102506,0.0
0.9440000000000001,0.0046789619738965196,0.0,0.004222590399254619,0.0,-0.036238977455719246,0.0
0.9460000000000001,0.004687334470611386,0.0,0.004149803264333762,0.0,-0.03654813107416729,0.0
0.9480000000000001,0.004695560774856934,0.0,0.004076397984911397,0.0,-0.03685711976167197,0.0
0.9500000000000001,0.004703639650682805,0.0,0.004002374904030369,0.0,-0.037165930333483185,0.0
0.9520000000000001,0.004711569862851118,0.0,0.003927734391125629,0.0,-0.03747454958230862,0.0
0.9540000000000001,0.004719350176889285,0.0,0.0038524768420689064,0.0,-0.03778296427874811,0.0
0.9560000000000001,0.0047269793591429386,0.0,0.0037766026792124766,0.0,-0.03809116117172926,0.0
0.9580000000000001,0.00473445617682893,0.0,0.0037001123514320416,0.0,-0.03839912698894442,0.0
0.96,0.004741779398088419,0.0,0.0036230063341688218,0.0,-0.03870684843728851,0.0
0.962,0.004748947792040056,0.0,0.003545285129470674,0.0,-0.0390143122032985,0.0
0.964,0.004755960128833216,0.0,0.0034669492660323433,0.0,-0.0393215049535937,0.0
0.966,0.004762815179701351,0.0,0.0033879992992349207,0.0,-0.039628413335317345,0.0
0.968,0.004769511717015392,0.0,0.0033084358111842996,0.0,-0.0399350239765794,0.0
0.97,0.004776048514337237,0.0,0.0032282594107488254,0.0,-0.04024132348690039,0.0
0.972,0.004782424346473313,0.0,0.003147470733596021,0.0,-0.040547298457656415,0.0
0.974,0.004788637989528214,0.0,0.0030660704422284107,0.0,-0.0408529354625253,0.0
0.976,0.004794688220958399,0.0,0.0029840592260185197,0.0,-0.04115822105793378,0.0
0.978,0.004800573819625978,0.0,0.0029014378012428687,0.0,-0.04146314178350577,0.0
0.98,0.004806293565852539,0.0,0.0028182069111151817,0.0,-0.04176768416251181,0.0
0.982,0.004811846241473059,0.0,0.002734367325818607,0.0,-0.042071834702319476,0.0
0.984,0.004817230629889888,0.0,0.0026499198425370945,0.0,-0.042375579894844875,0.0
0.986,0.00482244551612676,0.0,0.002564865285485823,0.0,-0.042678906217005194,0.0
0.988,0.0048274896868829,0.0,0.0024792045059407568,0.0,-0.04298180013117216,0.0
0.99,0.004832361930587169,0.0,0.0023929383822672992,0.0,-0.04328424808562664,0.0
0.992,0.004837061037452269,0.0,0.0023060678199479994,0.0,-0.04358623651501421,0.0
0.994,0.0048415857995290105,0.0,0.002218593751609355,0.0,-0.04388775184080166,0.0
0.996,0.004845935010760621,0.0,0.0021305171370477613,0.0,-0.04418878047173445,0.0
0.998,0.004850107467037109,0.0,0.002041838963254412,0.0,-0.04448930880429523,0.0
1.0,0.004854101966249686,0.0,0.001952560244439452,0.0,-0.044789323223163154,0.0
1.002,0.004857917308345215,0.0,0.0018626820220550844,0.0,-0.04508881010167423,0.0
1.004,0.004861552295380729,0.0,0.0017722053648177877,0.0,-0.04538775580228252,0.0
1.006,0.004865005731577978,0.0,0.0016811313687296516,0.0,-0.04568614667702233,0.0
1.008,0.004868276423378014,0.0,0.0015894611570986903,0.0,-0.04598396906797117,0.0
1.01,0.004871363179495827,0.0,0.0014971958805583638,0.0,-0.04628120930771362,0.0
1.012,0.004874264810975016,0.0,0.0014043367170860754,0.0,-0.04657785371980609,0.0
1.014,0.004876980131242501,0.0,0.0013108848720207282,0.0,-0.04687388861924245,0.0
1.016,0.00487950795616324,0.0,0.0012168415780794382,0.0,-0.04716930031292041,0.0
1.018,0.004881847104095033,0.0,0.0011222080953732193,0.0,-0.04746407510010871,0.0
1.02,0.004883996395943295,0.0,0.0010269857114217767,0.0,-0.04775819927291528,0.0
1.022,0.004885954655215908,0.0,0.0009311757411673924,0.0,-0.048051659116755935,0.0
1.024,0.00488772070807807,0.0,0.0008347795269878049,0.0,-0.04834444091082406,0.0
1.026,0.00488929338340718,0.0,0.0007377984387082013,0.0,-0.04863653092856092,0.0
1.028,0.004890671512847747,0.0,0.0006402338736122334,0.0,-0.048927915438126836,0.0
1.03,0.004891853930866312,0.0,0.0005420872564521461,0.0,-0.04921858070287295,0.0
1.032,0.00489283947480639,0.0,0.0004433600394578661,0.0,-0.04950851298181386,0.0
1.034,0.004893626984943452,0.0,0.0003440537023452466,0.0,-0.04979769853010087,0.0
1.036,0.004894215304539886,0.0,0.0002441697523233241,0.0,-0.05008612359949586,0.0
1.038,0.004894603279900001,0.0,0.00014370972410057171,0.0,-0.05037377443884605,0.0
1.04,0.004894789760425022,0.0,4.267517989032035e-05,0.0,-0.050660637294559246,0.0
1.042,0.004894773598668107,0.0,-5.893229058489581e-05,0.0,-0.05094669841107974,0.0
1.044,0.004894553650389382,0.0,-0.0001611110700898647,0.0,-0.051231944031364995,0.0
1.046,0.004894128774610949,0.0,-0.000263859513874181,0.0,-0.05151636039736271,0.0
1.048,0.004893497833671932,0.0,-0.000367175949670737,0.0,-0.05179993375048872,0.0
1.05,0.004892659693283503,0.0,-0.00047105867769512387,0.0,-0.052082650332105365,0.0
1.052,0.004891613222583923,0.0,-0.0005755059706459859,0.0,-0.052364496384000446,0.0
1.054,0.004890357294193569,0.0,-0.0006805160737064046,0.0,-0.05264545814886683,0.0
1.056,0.004888890784269966,0.0,-0.0007860872045461122,0.0,-0.052925521870782394,0.0
1.058,0.004887212572562813,0.0,-0.000892217553324812,0.0,-0.05320467379569077,0.0
1.06,0.004885321542468994,0.0,-0.0009989052826963416,0.0,-0.053482900171882425,0.0
1.062,0.004883216581087585,0.0,-0.0011061485278138754,0.0,-0.053760187250476286,0.0
1.064,0.004880896579274859,0.0,-0.001213945396336043,0.0,-0.05403652128590188,0.0
1.066,0.0048783604316992475,0.0,-0.0013222939684340816,0.0,-0.05431188853638199,0.0
1.068,0.004875607036896333,0.0,-0.0014311922967998394,0.0,-0.05458627526441563,0.0
1.07,0.004872635297323779,0.0,-0.0015406384066548422,0.0,-0.054859667737261586,0.0
1.072,0.004869444119416269,0.0,-0.0016506302957603036,0.0,-0.0551320522274224,0.0
1.074,0.004866032413640418,0.0,-0.0017611659344280925,0.0,-0.05540341501312866,0.0
1.076,0.004862399094549657,0.0,-0.001872243265532654,0.0,-0.05567374237882383,0.0
1.078,0.004858543080839089,0.0,-0.0019838602045239764,0.0,-0.055943020615649326,0.0
1.08,0.004854463295400335,0.0,-0.0020960146394413907,0.0,-0.05621123602193008,0.0
1.082,0.004850158665376334,0.0,-0.0022087044309284844,0.0,-0.05647837490366042,0.0
1.084,0.004845628122216123,0.0,-0.0023219274122489118,0.0,-0.05674442357499028,0.0
1.086,0.0048408706017295765,0.0,-0.0024356813893031647,0.0,-0.057009368358711704,0.0
1.088,0.004835885044142112,0.0,-0.0025499641406464112,0.0,-0.057273195586745804,0.0
1.09,0.004830670394149372,0.0,-0.0026647734175071613,0.0,-0.05753589160062984,0.0
1.092,0.00482522560097185,0.0,-0.0027801069438070265,0.0,-0.05779744275200471,0.0
1.094,0.004819549618409487,0.0,-0.0028959624161814194,0.0,-0.05805783540310264,0.0
1.096,0.00481364140489622,0.0,-0.003012337504001204,0.0,-0.05831705592723514,0.0
1.098,0.004807499923554496,0.0,-0.003129229849395364,0.0,-0.05857509070928126,0.0
1.1,0.004801124142249713,0.0,-0.0032466370672746166,0.0,-0.05883192614617598,0.0
1.102,0.004794513033644658,0.0,-0.0033645567453560003,0.0,-0.05908754864739886,0.0
1.104,0.0047876655752538515,0.0,-0.0034829864441884746,0.0,-0.0593419446354629,0.0
1.106,0.004780580749497862,0.0,-0.003601923697179458,0.0,-0.05959510054640349,0.0
1.108,0.004773257543757563,0.0,-0.0037213660106223834,0.0,-0.05984700283026767,0.0
1.11,0.004765694950428333,0.0,-0.0038413108637251735,0.0,-0.060097637951603416,0.0
1.112,0.004757891966974188,0.0,-0.003961755708639787,0.0,-0.060346992389949096,0.0
1.114,0.004749847595981881,0.0,-0.004082697970492637,0.0,-0.0605950526403231,0.0
1.116,0.004741560845214904,0.0,-0.00420413504741606,0.0,-0.06084180521371341,0.0
1.118,0.004733030727667455,0.0,-0.004326064310580758,0.0,-0.06108723663756754,0.0
1.12,0.00472425626161833,0.0,-0.004448483104229179,0.0,-0.06133133345628225,0.0
1.122,0.004715236470684723,0.0,-0.004571388745709948,0.0,-0.06157408223169357,0.0
1.124,0.00470597038387601,0.0,-0.00469477852551319,0.0,-0.06181546954356662,0.0
1.1260000000000001,0.004696457035647412,0.0,-0.004818649707306893,0.0,-0.06205548199008573,0.0
1.1280000000000001,0.004686695465953606,0.0,-0.0049429995279742615,0.0,-0.062294106188344314,0.0
1.1300000000000001,0.004676684720302249,0.0,-0.00506782519765199,0.0,-0.06253132877483493,0.0
1.1320000000000001,0.004666423849807447,0.0,-0.005193123899769555,0.0,-0.06276713640593928,0.0
1.1340000000000001,0.004655911911243112,0.0,-0.005318892791089522,0.0,-0.06300151575841813,0.0
1.1360000000000001,0.00464514796709627,0.0,-0.005445129001748756,0.0,-0.06323445352990115,0.0
1.1380000000000001,0.004634131085620264,0.0,-0.005571829635300644,0.0,-0.06346593643937685,0.0
1.1400000000000001,0.004622860340887875,0.0,-0.005698991768758325,0.0,-0.06369595122768229,0.0
1.1420000000000001,0.0046113348128443594,0.0,-0.005826612452638871,0.0,-0.06392448465799273,0.0
1.1440000000000001,0.004599553587360408,0.0,-0.0059546887110084445,0.0,-0.06415152351631125,0.0
1.1460000000000001,0.004587515756284975,0.0,-0.006083217541528466,0.0,-0.06437705461195813,0.0
1.1480000000000001,0.004575220417498072,0.0,-0.00621219591550271,0.0,-0.06460106477806016,0.0
1.1500000000000001,0.004562666674963415,0.0,-0.006341620777925416,0.0,-0.06482354087203983,0.0
1.1520000000000001,0.004549853638780999,0.0,-0.006471489047530367,0.0,-0.06504446977610423,0.0
1.154,0.004536780425239578,0.0,-0.006601797616840949,0.0,-0.0652638383977339,0.0
1.156,0.004523446156869012,0.0,-0.006732543352221241,0.0,-0.06548163367017149,0.0
1.158,0.004509849962492562,0.0,-0.006863723093927911,0.0,-0.06569784255290995,0.0
1.16,0.0044959909772790355,0.0,-0.006995333656163302,0.0,-0.06591245203218082,0.0
1.162,0.004481868342794844,0.0,-0.0071273718271293515,0.0,-0.06612544912144216,0.0
1.164,0.004467481207055949,0.0,-0.007259834369082551,0.0,-0.06633682086186607,0.0
1.166,0.004452828724579706,0.0,-0.007392718018389863,0.0,-0.06654655432282622,0.0
1.168,0.00443791005643656,0.0,-0.007526019485585601,0.0,-0.06675463660238477,0.0
1.17,0.004422724370301692,0.0,-0.007659735455429299,0.0,-0.06696105482777925,0.0
1.172,0.004407270840506477,0.0,-0.007793862586964542,0.0,-0.06716579615590898,0.0
1.174,0.004391548648089878,0.0,-0.007928397513578782,0.0,-0.0673688477738212,0.0
1.176,0.004375556980849684,0.0,-0.00806333684306411,0.0,-0.06757019689919677,0.0
1.178,0.004359295033393638,0.0,-0.008198677157679038,0.0,-0.06776983078083569,0.0
1.18,0.0043427620071904574,0.0,-0.008334415014211184,0.0,-0.06796773669914198,0.0
1.182,0.004325957110620697,0.0,-0.00847054694404099,0.0,-0.0681639019666084,0.0
1.184,0.0043088795590275055,0.0,-0.00860706945320637,0.0,-0.0683583139283006,0.0
1.186,0.004291528574767245,0.0,-0.008743979022468353,0.0,-0.06855095996234092,0.0
1.188,0.004273903387259978,0.0,-0.008881272107377648,0.0,-0.0687418274803917,0.0
1.19,0.004256003233039809,0.0,-0.009018945138342272,0.0,-0.06893090392813817,0.0
1.192,0.004237827355805126,0.0,-0.00915699452069602,0.0,-0.06911817678577087,0.0
1.194,0.004219375006468658,0.0,-0.00929541663476795,0.0,-0.06930363356846748,0.0
1.196,0.004200645443207426,0.0,-0.009434207835952897,0.0,-0.06948726182687437,0.0
1.198,0.004181637931512531,0.0,-0.009573364454782846,0.0,-0.06966904914758731,0.0
1.2,0.004162351744238823,0.0,-0.009712882796999311,0.0,-0.06984898315363197,0.0
1.202,0.004142786161654382,0.0,-0.009852759143626714,0.0,-0.07002705150494362,0.0
1.204,0.0041229404714899056,0.0,-0.009992989751046637,0.0,-0.07020324189884643,0.0
1.206,0.004102813968987912,0.0,-0.01013357085107311,0.0,-0.0703775420705321,0.0
1.208,0.004082405956951784,0.0,-0.01027449865102879,0.0,-0.07054993979353788,0.0
1.21,0.004061715745794696,0.0,-0.010415769333822177,0.0,-0.07072042288022407,0.0
1.212,0.004040742653588352,0.0,-0.010557379058025687,0.0,-0.07088897918225082,0.0
1.214,0.004019486006111574,0.0,-0.010699323957954794,0.0,-0.07105559659105432,0.0
1.216,0.003997945136898754,0.0,-0.010841600143747982,0.0,-0.07122026303832225,0.0
1.218,0.003976119387288109,0.0,-0.010984203701447755,0.0,-0.07138296649646876,0.0
1.22,0.003954008106469806,0.0,-0.011127130693082594,0.0,-0.07154369497910848,0.0
1.222,0.0039316106515338975,0.0,-0.011270377156749771,0.0,-0.07170243654153009,0.0
1.224,0.003908926387518092,0.0,-0.01141393910669924,0.0,-0.07185917928116899,0.0
1.226,0.003885954687455392,0.0,-0.011557812533418341,0.0,-0.07201391133807933,0.0
1.228,0.0038626949324215066,0.0,-0.011701993403717532,0.0,-0.07216662089540532,0.0
1.23,0.003839146511582132,0.0,-0.011846477660817067,0.0,-0.07231729617985162,0.0
1.232,0.003815308822240039,0.0,-0.01199126122443453,0.0,-0.07246592546215308,0.0
1.234,0.0037911812698819968,0.0,-0.0121363399908734,0.0,-0.07261249705754377,0.0
1.236,0.003766763268225498,0.0,-0.01228170983311255,0.0,-0.07275699932622495,0.0
1.238,0.003742054239265334,0.0,-0.012427366600896566,0.0,-0.07289942067383241,0.0
1.24,0.0037170536133199665,0.0,-0.01257330612082716,0.0,-0.07303974955190297,0.0
1.242,0.0036917608290777163,0.0,-0.012719524196455386,0.0,-0.07317797445833996,0.0
1.244,0.0036661753336427747,0.0,-0.012866016608374872,0.0,-0.07331408393787807,0.0
1.246,0.003640296582581032,0.0,-0.01301277911431592,0.0,-0.07344806658254711,0.0
1.248,0.003614124039965687,0.0,-0.013159807449240592,0.0,-0.073579911032135,0.0
1.25,0.0035876571784227177,0.0,-0.013307097325438666,0.0,-0.0737096059746497,0.0
1.252,0.0035608954791761065,0.0,-0.013454644432624521,0.0,-0.07383714014678042,0.0
1.254,0.0035338384320929045,0.0,-0.013602444438034988,0.0,-0.07396250233435772,0.0
1.256,0.0035064855357280853,0.0,-0.013750492986528081,0.0,-0.07408568137281273,0.0
1.258,0.0034788362973691934,0.0,-0.013898785700682686,0.0,-0.07420666614763528,0.0
1.26,0.0034508902330808214,0.0,-0.01404731818089908,0.0,-0.07432544559483122,0.0
1.262,0.003422646867748851,0.0,-0.014196086005500437,0.0,-0.07444200870137864,0.0
1.264,0.00339410573512451,0.0,-0.014345084730835279,0.0,-0.07455634450568299,0.0
1.266,0.0033652663778682168,0.0,-0.014494309891380702,0.0,-0.07466844209803138,0.0
1.268,0.0033361283475932275,0.0,-0.014643756999846668,0.0,-0.07477829062104556,0.0
1.27,0.0033066912049090425,0.0,-0.01479342154728109,0.0,-0.07488587927013404,0.0
1.272,0.003276954519464652,0.0,-0.014943299003175831,0.0,-0.07499119729394309,0.0
1.274,0.0032469178699915282,0.0,-0.015093384815573698,0.0,-0.07509423399480661,0.0
1.276,0.003216580844346414,0.0,-0.0152436744111762,0.0,-0.07519497872919483,0.0
1.278,0.0031859430395539024,0.0,-0.015394163195452303,0.0,-0.0752934209081621,0.0
1.28,0.003155004061848794,0.0,-0.015544846552748046,0.0,-0.07538954999779325,0.0
1.282,0.003123763526718214,0.0,-0.01569571984639705,0.0,-0.07548335551964908,0.0
1.284,0.0030922210589435523,0.0,-0.01584677841883187,0.0,-0.07557482705121046,0.0
1.286,0.0030603762926421376,0.0,-0.015998017591696327,0.0,-0.07566395422632136,0.0
1.288,0.003028228871308709,0.0,-0.016149432665958682,0.0,-0.07575072673563071,0.0
1.29,0.002995778447856649,0.0,-0.016301018922025623,0.0,-0.07583513432703293,0.0
1.292,0.0029630246846589817,0.0,-0.016452771619857302,0.0,-0.07591716680610734,0.0
1.294,0.002929967253589174,0.0,-0.016604685999083015,0.0,-0.0759968140365563,0.0
1.296,0.0028966058360616618,0.0,-0.016756757279117972,0.0,-0.07607406594064205,0.0
1.298,0.00286294012307217,0.0,-0.016908980659280856,0.0,-0.07614891249962237,0.0
1.3,0.0028289698152377837,0.0,-0.017061351318912194,0.0,-0.07622134375418484,0.0
1.302,0.002794694622836786,0.0,-0.017213864417493674,0.0,-0.07629134980487991,0.0
1.304,0.002760114265848247,0.0,-0.017366515094768345,0.0,-0.07635892081255258,0.0
1.306,0.0027252284739913983,0.0,-0.017519298470861557,0.0,-0.07642404699877278,0.0
1.308,0.0026900369867647357,0.0,-0.017672209646402915,0.0,-0.0764867186462645,0.0
1.31,0.0026545395534848877,0.0,-0.017825243702648964,0.0,-0.07654692609933322,0.0
1.312,0.002618735933325239,0.0,-0.017978395701606795,0.0,-0.07660465976429257,0.0
1.314,0.0025826258953543122,0.0,-0.01813166068615849,0.0,-0.07665991010988894,0.0
1.316,0.002546209218573871,0.0,-0.018285033680186427,0.0,-0.07671266766772518,0.0
1.318,0.0025094856919568244,0.0,-0.018438509688699384,0.0,-0.07676292303268266,0.0
1.32,0.0024724551144848267,0.0,-0.01859208369795954,0.0,-0.07681066686334197,0.0
1.322,0.0024351172951856473,0.0,-0.01874575067561026,0.0,-0.07685588988240208,0.0
1.324,0.0023974720531702806,0.0,-0.018899505570804803,0.0,-0.07689858287709818,0.0
1.326,0.002359519217669801,0.0,-0.01905334331433574,0.0,-0.07693873669961805,0.0
1.328,0.0023212586280719383,0.0,-0.019207258818765387,0.0,-0.07697634226751679,0.0
1.33,0.002282690133957431,0.0,-0.01936124697855682,0.0,-0.07701139056413005,0.0
1.332,0.002243813595136075,0.0,-0.019515302670205927,0.0,-0.07704387263898616,0.0
1.334,0.002204628881682533,0.0,-0.019669420752374198,0.0,-0.07707377960821607,0.0
1.336,0.0021651358739718705,0.0,-0.019823596066022298,0.0,-0.07710110265496226,0.0
1.338,0.0021253344627148096,0.0,-0.01997782343454458,0.0,-0.07712583302978587,0.0
1.34,0.0020852245489927485,0.0,-0.020132097663904235,0.0,-0.07714796205107238,0.0
1.342,0.002044806044292473,0.0,-0.020286413542769402,0.0,-0.07716748110543557,0.0
1.344,0.002004078870540614,0.0,-0.02044076584265,0.0,-0.07718438164812001,0.0
1.346,0.001963042960137826,0.0,-0.020595149318035404,0.0,-0.07719865520340179,0.0
1.348,0.0019216982559926948,0.0,-0.020749558706532913,0.0,-0.07721029336498784,0.0
1.35,0.0018800447115553437,0.0,-0.020903988729007013,0.0,-0.07721928779641334,0.0
1.352,0.0018380822908508072,0.0,-0.021058434089719403,0.0,-0.07722563023143783,0.0
1.354,0.0017958109685120764,0.0,-0.02121288947646985,0.0,-0.07722931247443926,0.0
1.356,0.0017532307298128876,0.0,-0.021367349560737815,0.0,-0.0772303264008066,0.0
1.358,0.001710341570700221,0.0,-0.02152180899782492,0.0,-0.0772286639573308,0.0
1.36,0.0016671434978265144,0.0,-0.02167626242699803,0.0,-0.07722431716259376,0.0
1.362,0.001623636528581574,0.0,-0.021830704471633343,0.0,-0.07721727810735597,0.0
1.364,0.0015798206911242377,0.0,-0.021985129739361054,0.0,-0.07720753895494209,0.0
1.366,0.0015356960244137029,0.0,-0.022139532822210876,0.0,-0.07719509194162491,0.0
1.368,0.0014912625782405868,0.0,-0.02229390829675838,0.0,-0.0771799293770076,0.0
1.37,0.001446520413257692,0.0,-0.022448250724271937,0.0,-0.07716204364440415,0.0
1.372,0.0014014696010104524,0.0,-0.02260255465086062,0.0,-0.07714142720121783,0.0
1.374,0.0013561102239671352,0.0,-0.022756814607622675,0.0,-0.07711807257931823,0.0
1.3760000000000001,0.0013104423755486926,0.0,-0.022911025110794882,0.0,-0.07709197238541614,0.0
1.3780000000000001,0.0012644661601583394,0.0,-0.023065180661902603,0.0,-0.07706311930143683,0.0
1.3800000000000001,0.0012181816932108265,0.0,-0.02321927574791057,0.0,-0.07703150608489129,0.0
1.3820000000000001,0.0011715891011614132,0.0,-0.02337330484137441,0.0,-0.07699712556924584,0.0
1.3840000000000001,0.0011246885215345159,0.0,-0.02352726240059298,0.0,-0.07695997066428968,0.0
1.3860000000000001,0.0010774801029520963,0.0,-0.023681142869761296,0.0,-0.07692003435650062,0.0
1.3880000000000001,0.0010299640051616987,0.0,-0.023834940679124384,0.0,-0.07687730970940897,0.0
1.3900000000000001,0.0009821403990641978,0.0,-0.023988650245131644,0.0,-0.07683178986395958,0.0
1.3920000000000001,0.0009340094667412353,0.0,-0.024142265970592068,0.0,-0.07678346803887164,0.0
1.3940000000000001,0.0008855714014823515,0.0,-0.02429578224483019,0.0,-0.07673233753099697,0.0
1.3960000000000001,0.0008368264078117753,0.0,-0.024449193443842658,0.0,-0.07667839171567606,0.0
1.3980000000000001,0.0007877747015149559,0.0,-0.024602493930455622,0.0,-0.07662162404709237,0.0
1.4000000000000001,0.0007384165096647226,0.0,-0.02475567805448268,0.0,-0.07656202805862442,0.0
1.4020000000000001,0.0006887520706471587,0.0,-0.024908740152883718,0.0,-0.0764995973631961,0.0
1.4040000000000001,0.0006387816341871477,0.0,-0.02506167454992426,0.0,-0.07643432565362493,0.0
1.4060000000000001,0.0005885054613736093,0.0,-0.025214475557335685,0.0,-0.0763662067029683,0.0
1.408,0.0005379238246843893,0.0,-0.025367137474476012,0.0,-0.07629523436486754,0.0
1.41,0.00048703700801085723,0.0,-0.02551965458849142,0.0,-0.07622140257389037,0.0
1.412,0.0004358453066821765,0.0,-0.025672021174478404,0.0,-0.07614470534587077,0.0
1.414,0.0003843490274892269,0.0,-0.025824231495646686,0.0,-0.07606513677824712,0.0
1.416,0.0003325484887082245,0.0,-0.02597627980348275,0.0,-0.07598269105039843,0.0
1.418,0.00028044402012398253,0.0,-0.026128160337914052,0.0,-0.07589736242397786,0.0
1.42,0.00022803596305289768,0.0,-0.02627986732747394,0.0,-0.07580914524324493,0.0
1.422,0.00017532467036555016,0.0,-0.02643139498946711,0.0,-0.07571803393539495,0.0
1.424,0.00012231050650900137,0.0,-0.026582737530135896,0.0,-0.07562402301088683,0.0
1.426,6.89938475287567e-05,0.0,-0.02673388914482705,0.0,-0.07552710706376842,0.0
1.428,1.537508109036783e-05,0.0,-0.02688484401815932,0.0,-0.07542728077199988,0.0
1.43,-3.85453934992468e-05,0.0,-0.02703559632419153,0.0,-0.07532453889777484,0.0
1.432,-9.276716527087256e-05,0.0,-0.0271861402265914,0.0,-0.07521887628783941,0.0
1.434,-0.00014728981157238028,0.0,-0.02733646987880495,0.0,-0.07511028787380894,0.0
1.436,-0.00020211289804845267,0.0,-0.027486579424226543,0.0,-0.07499876867248277,0.0
1.438,-0.0002572359786206463,0.0,-0.027636462996369623,0.0,-0.07488431378615656,0.0
1.44,-0.00031265859546782316,0.0,-0.027786114719037983,0.0,-0.07476691840293247,0.0
1.442,-0.00036838027900686933,0.0,-0.027935528706497653,0.0,-0.07464657779702721,0.0
1.444,-0.00042440054787381485,0.0,-0.028084699063649476,0.0,-0.07452328732907784,0.0
1.446,-0.00048071890890527037,0.0,-0.02823361988620225,0.0,-0.07439704244644513,0.0
1.448,-0.0005373348571202166,0.0,-0.02838228526084645,0.0,-0.07426783868351486,0.0
1.45,-0.0005942478757021372,0.0,-0.02853068926542863,0.0,-0.07413567166199679,0.0
1.452,-0.0006514574359815267,0.0,-0.028678825969126305,0.0,-0.07400053709122129,0.0
1.454,-0.0007089629974186958,0.0,-0.028826689432623544,0.0,-0.07386243076843375,0.0
1.456,-0.0007667640075869815,0.0,-0.028974273708287045,0.0,-0.07372134857908674,0.0
1.458,-0.0008248599021562843,0.0,-0.029121572840342842,0.0,-0.07357728649712951,0.0
1.46,-0.0008832501048769645,0.0,-0.029268580865053663,0.0,-0.07343024058529574,0.0
1.462,-0.0009419340275640858,0.0,-0.02941529181089666,0.0,-0.07328020699538837,0.0
1.464,-0.0010009110700820477,0.0,-0.029561699698741943,0.0,-0.07312718196856234,0.0
1.466,-0.0010601806203295132,0.0,-0.029707798542031497,0.0,-0.07297116183560522,0.0
1.468,-0.0011197420542247577,0.0,-0.029853582346958733,0.0,-0.0728121430172149,0.0
1.47,-0.0011795947356913448,0.0,-0.029999045112648635,0.0,-0.07265012202427536,0.0
1.472,-0.0012397380166441646,0.0,-0.030144180831338352,0.0,-0.07248509545812985,0.0
1.474,-0.0013001712369758603,0.0,-0.030288983488558387,0.0,-0.07231706001085163,0.0
1.476,-0.001360893724543565,0.0,-0.03043344706331436,0.0,-0.07214601246551247,0.0
1.478,-0.0014219047951560557,0.0,-0.03057756552826925,0.0,-0.07197194969644859,0.0
1.48,-0.0014832037525612447,0.0,-0.030721332849926203,0.0,-0.07179486866952411,0.0
1.482,-0.0015447898884340438,0.0,-0.03086474298881183,0.0,-0.07161476644239217,0.0
1.484,-0.0016066624823645882,0.0,-0.03100778989966005,0.0,-0.07143164016475359,0.0
1.486,-0.0016688208018468603,0.0,-0.031150467531596462,0.0,-0.07124548707861292,0.0
1.488,-0.0017312641022676194,0.0,-0.031292769828323144,0.0,-0.07105630451853218,0.0
1.49,-0.0017939916268957694,0.0,-0.031434690728304134,0.0,-0.07086408991188205,0.0
1.492,-0.0018570026068720571,0.0,-0.03157622416495118,0.0,-0.07066884077909044,0.0
1.494,-0.0019202962611991551,0.0,-0.03171736406681015,0.0,-0.07047055473388875,0.0
1.496,-0.0019838717967321133,0.0,-0.03185810435774789,0.0,-0.07026922948355553,0.0
1.498,-0.0020477284081692076,0.0,-0.031998438957139566,0.0,-0.07006486282915744,0.0
1.5,-0.0021118652780431147,0.0,-0.03213836178005645,0.0,-0.06985745266578798,0.0
1.502,-0.00217628157671251,0.0,-0.032277866737454204,0.0,-0.06964699698280344,0.0
1.504,-0.0022409764623540235,0.0,-0.032416947736361716,0.0,-0.0694334938640564,0.0
1.506,-0.0023059490809545667,0.0,-0.03255559868007021,0.0,-0.0692169414881266,0.0
1.508,-0.002371198566304071,0.0,-0.032693813468322994,0.0,-0.0689973381285491,0.0
1.51,-0.0024367240399885506,0.0,-0.03283158599750566,0.0,-0.06877468215404026,0.0
1.512,-0.0025025246113835947,0.0,-0.03296891016083651,0.0,-0.06854897202872069,0.0
1.514,-0.0025685993776482213,0.0,-0.033105779848557705,0.0,-0.06832020631233579,0.0
1.516,-0.0026349474237191174,0.0,-0.03324218894812673,0.0,-0.06808838366047365,0.0
1.518,-0.0027015678223052523,0.0,-0.03337813134440823,0.0,-0.06785350282478032,0.0
1.52,-0.002768459633882913,0.0,-0.033513600919866424,0.0,-0.06761556265317237,0.0
1.522,-0.002835621906691054,0.0,-0.033648591554757766,0.0,-0.06737456209004691,0.0
1.524,-0.0029030536767271037,0.0,-0.03378309712732418,0.0,-0.06713050017648903,0.0
1.526,-0.0029707539677431205,0.0,-0.0339171115139866,0.0,-0.06688337605047626,0.0
1.528,-0.0030387217912423437,0.0,-0.034050628589539,0.0,-0.06663318894708059,0.0
1.53,-0.0031069561464761334,0.0,-0.034183642227342735,0.0,-0.06637993819866794,0.0
1.532,-0.0031754560204413176,0.0,-0.034316146299521386,0.0,-0.06612362323509455,0.0
1.534,-0.0032442203878778777,0.0,-0.034448134677155864,0.0,-0.065864243583901,0.0
1.536,-0.0033132482112670845,0.0,-0.03457960123048002,0.0,-0.06560179887050344,0.0
1.538,-0.0033825384408299915,0.0,-0.03471053982907654,0.0,-0.06533628881838192,0.0
1.54,-0.0034520900145263256,0.0,-0.034840944342073354,0.0,-0.06506771324926644,0.0
1.542,-0.003521901858053796,0.0,-0.0349708086383402,0.0,-0.06479607208331947,0.0
1.544,-0.0035919728848477386,0.0,-0.03510012658668574,0.0,-0.06452136533931682,0.0
1.546,-0.003662301996081217,0.0,-0.03522889205605494,0.0,-0.06424359313482468,0.0
1.548,-0.003732888080665483,0.0,-0.03535709891572685,0.0,-0.06396275568637465,0.0
1.55,-0.0038037300152508526,0.0,-0.03548474103551271,0.0,-0.0636788533096356,0.0
1.552,-0.0038748266642279474,0.0,-0.035611812285954315,0.0,-0.06339188641958296,0.0
1.554,-0.003946176879729392,0.0,-0.03573830653852292,0.0,-0.0631018555306651,0.0
1.556,-0.00401777950163183,0.0,-0.03586421766581824,0.0,-0.06280876125696697,0.0
1.558,-0.004089633357558403,0.0,-0.035989539541767965,0.0,-0.06251260431237098,0.0
1.56,-0.004161737262881605,0.0,-0.03611426604182745,0.0,-0.06221338551071501,0.0
1.562,-0.0042340900207265345,0.0,-0.03623839104317986,0.0,-0.061911105765947536,0.0
1.564,-0.004306690421974543,0.0,-0.03636190842493642,0.0,-0.06160576609228016,0.0
1.566,-0.0043795372452673205,0.0,-0.03648481206833722,0.0,-0.06129736760433699,0.0
1.568,-0.004452629257011313,0.0,-0.03660709585695213,0.0,-0.06098591151730148,0.0
1.57,-0.004525965211382613,0.0,-0.036728753676882046,0.0,-0.06067139914706024,0.0
1.572,-0.004599543850332211,0.0,-0.03684977941696048,0.0,-0.06035383191034409,0.0
1.574,-0.004673363903591666,0.0,-0.036970166968955345,0.0,-0.060033211324866054,0.0
1.576,-0.00474742408867917,0.0,-0.03708991022777108,0.0,-0.05970953900945688,0.0
1.578,-0.004821723110906043,0.0,-0.037209003091651004,0.0,-0.05938281668419722,0.0
1.58,-0.004896259663383591,0.0,-0.03732743946238001,0.0,-0.05905304617054719,0.0
1.582,-0.004971032427030397,0.0,-0.03744521324548733,0.0,-0.05872022939147313,0.0
1.584,-0.005046040070580021,0.0,-0.037562318350449764,0.0,-0.058384368371571085,0.0
1.586,-0.005121281250589084,0.0,-0.03767874869089503,0.0,-0.05804546523718791,0.0
1.588,-0.005196754611445805,0.0,-0.037794498184805396,0.0,-0.05770352221653883,0.0
1.59,-0.005272458785378873,0.0,-0.03790956075472154,0.0,-0.05735854163982272,0.0
1.592,-0.0053483923924667895,0.0,-0.03802393032794657,0.0,-0.05701052593933406,0.0
1.594,-0.0054245540406476,0.0,-0.03813760083675042,0.0,-0.05665947764957201,0.0
1.596,-0.005500942325729022,0.0,-0.038250566218574276,0.0,-0.05630539940734666,0.0
1.598,-0.005577555831398992,0.0,-0.03836282041623536,0.0,-0.055948293951882305,0.0
1.6,-0.005654393129236653,0.0,-0.03847435737813185,0.0,-0.055588164124917516,0.0
1.602,-0.005731452778723669,0.0,-0.038585171058447984,0.0,-0.05522501287080278,0.0
1.604,-0.00580873332725604,0.0,-0.03869525541735939,0.0,-0.05485884323659469,0.0
1.606,-0.005886233310156279,0.0,-0.03880460442123859,0.0,-0.05448965837214734,0.0
1.608,-0.005963951250686011,0.0,-0.03891321204286069,0.0,-0.05411746153020078,0.0
1.61,-0.0060418856600589835,0.0,-0.03902107226160924,0.0,-0.05374225606646647,0.0
1.612,-0.006120035037454504,0.0,-0.039128179063682246,0.0,-0.05336404543970963,0.0
1.614,-0.006198397870031249,0.0,-0.03923452644229836,0.0,-0.052982833211828825,0.0
1.616,-0.006276972632941529,0.0,-0.03934010839790326,0.0,-0.052598623047932266,0.0
1.618,-0.00635575778934594,0.0,-0.03944491893837605,0.0,-0.05221141871641146,0.0
1.62,-0.006434751790428445,0.0,-0.03954895207923601,0.0,-0.051821224089011436,0.0
1.622,-0.006513953075411871,0.0,-0.03965220184384932,0.0,-0.051428043140898244,0.0
1.624,-0.006593360071573778,0.0,-0.03975466226363594,0.0,-0.051031879950723356,0.0
1.6260000000000001,-0.006672971194262799,0.0,-0.03985632737827668,0.0,-0.05063273870068502,0.0
1.6280000000000001,-0.006752784846915361,0.0,-0.03995719123592033,0.0,-0.050230623676586615,0.0
1.6300000000000001,-0.006832799421072836,0.0,-0.04005724789339098,0.0,-0.04982553926789187,0.0
1.6320000000000001,-0.006913013296399075,0.0,-0.04015649141639532,0.0,-0.049417489967777256,0.0
1.6340000000000001,-0.006993424840698427,0.0,-0.04025491587973013,0.0,-0.0490064803731809,0.0
1.6360000000000001,-0.007074032409934071,0.0,-0.040352515367489905,0.0,-0.04859251518484913,0.0
1.6380000000000001,-0.007154834348246856,0.0,-0.040449283973274464,0.0,-0.04817559920737925,0.0
1.6400000000000001,-0.007235828987974508,0.0,-0.04054521580039669,0.0,-0.04775573734925962,0.0
1.6420000000000001,-0.0073170146496712675,0.0,-0.04064030496209037,0.0,-0.04733293462290679,0.0
1.6440000000000001,-0.007398389642127927,0.0,-0.0407345455817181,0.0,-0.04690719614469915,0.0
1.6460000000000001,-0.0074799522623923255,0.0,-0.04082793179297921,0.0,-0.04647852713500779,0.0
1.6480000000000001,-0.00756170079579019,0.0,-0.04092045774011775,0.0,-0.046046932918224336,0.0
1.6500000000000001,-0.00764363351594647,0.0,-0.04101211757813068,0.0,-0.04561241892278548,0.0
1.6520000000000001,-0.007725748684807025,0.0,-0.04110290547297582,0.0,-0.04517499068119462,0.0
1.6540000000000001,-0.007808044552660763,0.0,-0.0411928156017801,0.0,-0.044734653830040154,0.0
1.6560000000000001,-0.007890519358162193,0.0,-0.041281842153047754,0.0,-0.04429141411001102,0.0
1.6580000000000001,-0.007973171328354388,0.0,-0.04136997932686845,0.0,-0.04384527736590871,0.0
1.6600000000000001,-0.00805599867869236,0.0,-0.04145722133512564,0.0,-0.043396249546656655,0.0
1.6620000000000001,-0.008138999613066838,0.0,-0.0415435624017047,0.0,-0.042944336705306216,0.0
1.6640000000000001,-0.008222172323828514,0.0,-0.041628996762701265,0.0,-0.04248954499903934,0.0
1.666,-0.008305514991812637,0.0,-0.041713518666629465,0.0,-0.042031880689168855,0.0
1.668,-0.008389025786364116,0.0,-0.04179712237463017,0.0,-0.04157135014113442,0.0
1.67,-0.008472702865362901,0.0,-0.041879802160679276,0.0,-0.041107959824496824,0.0
1.672,-0.008556544375249919,0.0,-0.041961552311795894,0.0,-0.04064171631292798,0.0
1.674,-0.008640548451053347,0.0,-0.042042367128250574,0.0,-0.04017262628419833,0.0
1.676,-0.008724713216415327,0.0,-0.04212224092377351,0.0,-0.03970069652016099,0.0
1.678,-0.008809036783619108,0.0,-0.04220116802576265,0.0,-0.039225933906732714,0.0
1.68,-0.008893517253616558,0.0,-0.04227914277549183,0.0,-0.03874834543387185,0.0
1.682,-0.008978152716056157,0.0,-0.042356159528318844,0.0,-0.038267938195552936,0.0
1.684,-0.009062941249311347,0.0,-0.042432212653893416,0.0,-0.03778471938973849,0.0
1.686,-0.00914788092050934,0.0,-0.04250729653636511,0.0,-0.037298696318347264,0.0
1.688,-0.00923296978556031,0.0,-0.042581405574591336,0.0,-0.03680987638721961,0.0
1.69,-0.00931820588918705,0.0,-0.042654534182345015,0.0,-0.036318267106079376,0.0
1.692,-0.009403587264954966,0.0,-0.04272667678852238,0.0,-0.03582387608849323,0.0
1.694,-0.00948911193530256,0.0,-0.042797827837350616,0.0,-0.03532671105182627,0.0
1.696,-0.0095747779115723,0.0,-0.042867981788595404,0.0,-0.03482677981719452,0.0
1.698,-0.009660583194041878,0.0,-0.04293713311776834,0.0,-0.03432409030941472,0.0
1.7,-0.009746525771955937,0.0,-0.0430052763163343,0.0,-0.03381865055695039,0.0
1.702,-0.009832603623558192,0.0,-0.04307240589191875,0.0,-0.03331046869185479,0.0
1.704,-0.00991881471612392,0.0,-0.04313851636851473,0.0,-0.032799552949711444,0.0
1.706,-0.010005157005992934,0.0,-0.043203602286689964,0.0,-0.032285911669570316,0.0
1.708,-0.010091628438602927,0.0,-0.043267658203793684,0.0,-0.031769553293881855,0.0
1.71,-0.01017822694852324,0.0,-0.04333067869416335,0.0,-0.03125048636842714,0.0
1.712,-0.010264950459489053,0.0,-0.04339265834933127,0.0,-0.030728719542245257,0.0
1.714,-0.01035179688443599,0.0,-0.043453591778231035,0.0,-0.030204261567557275,0.0
1.716,-0.0104387641255351,0.0,-0.04351347360740376,0.0,-0.02967712129968724,0.0
1.718,-0.010525850074228293,0.0,-0.04357229848120427,0.0,-0.029147307696979853,0.0
1.72,-0.01061305261126418,0.0,-0.04363006106200702,0.0,-0.028614829820714928,0.0
1.722,-0.010700369606734308,0.0,-0.0436867560304119,0.0,-0.028079696835018694,0.0
1.724,-0.010787798920109833,0.0,-0.043742378085449785,0.0,-0.027541918006771936,0.0
1.726,-0.01087533840027856,0.0,-0.043796921944788035,0.0,-0.02700150270551506,0.0
1.728,-0.010962985885582437,0.0,-0.04385038234493563,0.0,-0.026458460403349773,0.0
1.73,-0.011050739203855452,0.0,-0.04390275404144826,0.0,-0.025912800674837547,0.0
1.732,-0.011138596172461915,0.0,-0.04395403180913309,0.0,-0.025364533196895134,0.0
1.734,-0.01122655459833517,0.0,-0.044004210442253396,0.0,-0.024813667748686707,0.0
1.736,-0.011314612278016722,0.0,-0.04405328475473292,0.0,-0.02426021421151269,0.0
1.738,-0.011402766997695758,0.0,-0.04410124958036009,0.0,-0.02370418256869585,0.0
1.74,-0.011491016533249049,0.0,-0.04414809977299183,0.0,-0.02314558290546368,0.0
1.742,-0.011579358650281356,0.0,-0.044193830206757406,0.0,-0.022584425408827748,0.0
1.744,-0.011667791104166115,0.0,-0.04423843577626173,0.0,-0.022020720367460077,0.0
1.746,-0.01175631164008662,0.0,-0.044281911396788644,0.0,-0.021454478171566087,0.0
1.748,-0.011844917993077592,0.0,-0.04432425200450381,0.0,-0.020885709312754262,0.0
1.75,-0.01193360788806712,0.0,-0.04436545255665738,0.0,-0.020314424383903046,0.0
1.752,-0.012022379039919064,0.0,-0.044405508031786486,0.0,-0.019740634079023933,0.0
1.754,-0.012111229153475787,0.0,-0.04444441342991722,0.0,-0.019164349193122127,0.0
1.756,-0.012200155923601387,0.0,-0.04448216377276663,0.0,-0.018585580622053052,0.0
1.758,-0.01228915703522525,0.0,-0.04451875410394414,0.0,-0.018004339362376567,0.0
1.76,-0.012378230163386022,0.0,-0.0445541794891529,0.0,-0.01742063651120749,0.0
1.762,-0.012467372973276044,0.0,-0.04458843501639075,0.0,-0.016834483266062968,0.0
1.764,-0.0125565831202861,0.0,-0.04462151579615079,0.0,-0.016245890924706873,0.0
1.766,-0.01264585825005062,0.0,-0.04465341696162179,0.0,-0.015654870884990756,0.0
1.768,-0.01273519599849327,0.0,-0.044684133668888154,0.0,-0.015061434644691805,0.0
1.77,-0.012824593991872963,0.0,-0.04471366109712964,0.0,-0.0144655938013473,0.0
1.772,-0.01291404984683023,0.0,-0.04474199444882072,0.0,-0.01386736005208633,0.0
1.774,-0.013003561170434,0.0,-0.044769128949929536,0.0,-0.013266745193458093,0.0
1.776,-0.013093125560228807,0.0,-0.044795059850116635,0.0,-0.01266376112125682,0.0
1.778,-0.013182740604282355,0.0,-0.04481978242293323,0.0,-0.012058419830343906,0.0
1.78,-0.013272403881233508,0.0,-0.04484329196601917,0.0,-0.011450733414466535,0.0
1.782,-0.01336211296034068,0.0,-0.04486558380130056,0.0,-0.010840714066072996,0.0
1.784,-0.01345186540153057,0.0,-0.044886653275186914,0.0,-0.010228374076125618,0.0
1.786,-0.013541658755447342,0.0,-0.04490649575876803,0.0,-0.009613725833909431,0.0
1.788,-0.013631490563502194,0.0,-0.04492510664801047,0.0,-0.008996781826838468,0.0
1.79,-0.013721358357923282,0.0,-0.04494248136395355,0.0,-0.008377554640258578,0.0
1.792,-0.01381125966180611,0.0,-0.04495861535290505,0.0,-0.007756056957246682,0.0
1.794,-0.013901191989164192,0.0,-0.04497350408663649,0.0,-0.007132301558407966,0.0
1.796,-0.013991152844980228,0.0,-0.04498714306257793,0.0,-0.006506301321668517,0.0
1.798,-0.014081139725257588,0.0,-0.044999527804012424,0.0,-0.005878069222066018,0.0
1.8,-0.01417115011707224,0.0,-0.045010653860270075,0.0,-0.005247618331536294,0.0
1.802,-0.014261181498625007,0.0,-0.04502051680692157,0.0,-0.004614961818697236,0.0
1.804,-0.014351231339294265,0.0,-0.04502911224597125,0.0,-0.0039801129486295855,0.0
1.806,-0.014441297099688983,0.0,-0.045036435806050004,0.0,-0.0033430850826542957,0.0
1.808,-0.014531376231702187,0.0,-0.045042483142607365,0.0,-0.0027038916781069178,0.0
1.81,-0.01462146617856477,0.0,-0.04504724993810334,0.0,-0.0020625462881087575,0.0
1.812,-0.014711564374899726,0.0,-0.045050731902199825,0.0,-0.0014190625613348246,0.0
1.814,-0.014801668246776725,0.0,-0.045052924771951386,0.0,-0.0007734542417788814,0.0
1.816,-0.014891775211767107,0.0,-0.0450538243119957,0.0,-0.00012573516851491218,0.0
1.818,-0.014981882678999225,0.0,-0.045053426314743475,0.0,0.0005240807245440043,0.0
1.82,-0.015071988049214167,0.0,-0.0450517266005679,0.0,0.0011759794088903874,0.0
1.822,-0.015162088714821928,0.0,-0.04504872101799354,0.0,0.0018299467616702397,0.0
1.824,-0.015252182059957821,0.0,-0.045044405443884813,0.0,0.0024859685659334857,0.0
1.826,-0.015342265460539406,0.0,-0.04503877578363393,0.0,0.0031440305108882127,0.0
1.828,-0.015432336284323698,0.0,-0.04503182797134831,0.0,0.0038041181921575767,0.0
1.83,-0.0155223918909648,0.0,-0.04502355797003749,0.0,0.004466217112040136,0.0
1.832,-0.015612429632071908,0.0,-0.045013961771799504,0.0,0.005130312679773236,0.0
1.834,-0.015702446851267645,0.0,-0.045003035398006805,0.0,0.005796390211799257,0.0
1.836,-0.0157924408842468,0.0,-0.04499077489949145,0.0,0.006464434932035162,0.0
1.838,-0.01588240905883545,0.0,-0.044977176356730035,0.0,0.007134431972145375,0.0
1.84,-0.015972348695050424,0.0,-0.04496223588002779,0.0,0.00780636637181735,0.0
1.842,-0.01606225710515913,0.0,-0.04494594960970238,0.0,0.008480223079040408,0.0
1.844,-0.01615213159373981,0.0,-0.04492831371626688,0.0,0.00915598695038812,0.0
1.846,-0.016241969457742044,0.0,-0.04490932440061242,0.0,0.009833642751302593,0.0
1.848,-0.016331767986547736,0.0,-0.044888977894190205,0.0,0.010513175156383225,0.0
1.85,-0.016421524462032402,0.0,-0.04486727045919274,0.0,0.011194568749677627,0.0
1.852,-0.016511236158626846,0.0,-0.04484419838873482,0.0,0.011877808024976108,0.0
1.854,-0.016600900343379157,0.0,-0.044819758007033625,0.0,0.01256287738610877,0.0
1.856,-0.016690514276017122,0.0,-0.04479394566958839,0.0,0.013249761147246214,0.0
1.858,-0.016780075209010953,0.0,-0.04476675776335944,0.0,0.01393844353320288,0.0
1.86,-0.016869580387636397,0.0,-0.044738190706946554,0.0,0.014628908679743632,0.0
1.862,-0.016959027050038183,0.0,-0.04470824095076675,0.0,0.015321140633893365,0.0
1.864,-0.01704841242729385,0.0,-0.04467690497723155,0.0,0.016015123354249677,0.0
1.866,-0.01713773374347787,0.0,-0.04464417930092336,0.0,0.0167108407112984,0.0
1.868,-0.017226988215726248,0.0,-0.0446100604687715,0.0,0.017408276487732757,0.0
1.87,-0.0173161730543013,0.0,-0.044574545060227413,0.0,0.01810741437877461,0.0
1.872,-0.01740528546265693,0.0,-0.04453762968743934,0.0,0.01880823799249956,0.0
1.874,-0.017494322637504178,0.0,-0.0444993109954262,0.0,0.01951073085016465,0.0
1.8760000000000001,-0.017583281768877128,0.0,-0.04445958566225096,0.0,0.02021487638653917,0.0
1.8780000000000001,-0.017672160040199187,0.0,-0.04441845039919326,0.0,0.020920657950238633,0.0
1.8800000000000001,-0.017760954628349677,0.0,-0.04437590195092136,0.0,0.021628058804061406,0.0
1.8820000000000001,-0.017849662703730798,0.0,-0.04433193709566348,0.0,0.022337062125328808,0.0
1.8840000000000001,-0.017938281430334897,0.0,-0.044286552645378396,0.0,0.023047651006227604,0.0
1.8860000000000001,-0.018026807965812113,0.0,-0.044239745445925335,0.0,0.023759808454156123,0.0
1.8880000000000001,-0.018115239461538337,0.0,-0.04419151237723326,0.0,0.024473517392072666,0.0
1.8900000000000001,-0.018203573062683557,0.0,-0.04414185035346929,0.0,0.025188760658847967,0.0
1.8920000000000001,-0.018291805908280445,0.0,-0.04409075632320668,0.0,0.02590552100961914,0.0
1.8940000000000001,-0.018379935131293382,0.0,-0.044038227269591806,0.0,0.026623781116147743,0.0
1.8960000000000001,-0.018467957858687732,0.0,-0.04398426021051058,0.0,0.02734352356718034,0.0
1.8980000000000001,-0.01855587121149953,0.0,-0.043928852198754184,0.0,0.02806473086881222,0.0
1.9000000000000001,-0.01864367230490542,0.0,-0.0438720003221839,0.0,0.028787385444853722,0.0
1.9020000000000001,-0.018731358248292997,0.0,-0.04381370170389541,0.0,0.029511469637199916,0.0
1.9040000000000001,-0.018818926145331403,0.0,-0.04375395350238219,0.0,0.03023696570620276,0.0
1.9060000000000001,-0.01890637309404229,0.0,-0.04369275291169823,0.0,0.03096385583104655,0.0
1.9080000000000001,-0.018993696186871138,0.0,-0.04363009716162006,0.0,0.03169212211012613,0.0
1.9100000000000001,-0.019080892510758802,0.0,-0.04356598351780783,0.0,0.03242174656142775,0.0
1.9120000000000001,-0.01916795914721353,0.0,-0.0435004092819658,0.0,0.03315271112291387,0.0
1.9140000000000001,-0.019254893172383117,0.0,-0.04343337179200207,0.0,0.03388499765290897,0.0
1.9160000000000001,-0.0193416916571275,0.0,-0.043364868422187355,0.0,0.03461858793049011,0.0
1.9180000000000001,-0.01942835166709168,0.0,-0.04329489658331316,0.0,0.03535346365587932,0.0
1.92,-0.01951487026277887,0.0,-0.04322345372284905,0.0,0.03608960645083915,0.0
1.922,-0.01960124449962405,0.0,-0.04315053732509925,0.0,0.036826997859071064,0.0
1.924,-0.019687471428067774,0.0,-0.043076144911358194,0.0,0.03756561934661709,0.0
1.926,-0.019773548093630286,0.0,-0.043000274040065664,0.0,0.038305452302263024,0.0
1.928,-0.019859471536985997,0.0,-0.042922922306960744,0.0,0.03904647803794619,0.0
1.93,-0.01994523879403822,0.0,-0.04284408734523516,0.0,0.03978867778916465,0.0
1.932,-0.020030846895994218,0.0,-0.04276376682568574,0.0,0.04053203271539013,0.0
1.934,-0.020116292869440604,0.0,-0.04268195845686601,0.0,0.041276523900483246,0.0
1.936,-0.020201573736418964,0.0,-0.0425986599852371,0.0,0.042022132353111676,0.0
1.938,-0.020286686514501846,0.0,-0.04251386919531762,0.0,0.0427688390071712,0.0
1.94,-0.020371628216869008,0.0,-0.04242758390983278,0.0,0.043516624722209414,0.0
1.942,-0.020456395852383995,0.0,-0.042339801989862744,0.0,0.04426547028385232,0.0
1.944,-0.02054098642567099,0.0,-0.04225052133498995,0.0,0.045015356404233486,0.0
1.946,-0.020625396937191974,0.0,-0.04215973988344567,0.0,0.04576626372242666,0.0
1.948,-0.02070962438332415,0.0,-0.0420674556122558,0.0,0.04651817280487977,0.0
1.95,-0.020793665756437683,0.0,-0.041973666537385546,0.0,0.04727106414585304,0.0
1.952,-0.020877518044973724,0.0,-0.04187837071388344,0.0,0.0480249181678591,0.0
1.954,-0.020961178233522768,0.0,-0.04178156623602436,0.0,0.04877971522210632,0.0
1.956,-0.021044643302903142,0.0,-0.041683251237451716,0.0,0.04953543558894401,0.0
1.958,-0.02112791023023999,0.0,-0.04158342389131868,0.0,0.05029205947831129,0.0
1.96,-0.02121097598904437,0.0,-0.04148208241042858,0.0,0.051049567030188106,0.0
1.962,-0.0212938375492927,0.0,-0.04137922504737439,0.0,0.05180793831504897,0.0
1.964,-0.02137649187750654,0.0,-0.04127485009467725,0.0,0.05256715333431975,0.0
1.966,-0.021458935936832478,0.0,-0.04116895588492413,0.0,0.0533271920208363,0.0
1.968,-0.02154116668712249,0.0,-0.04106154079090446,0.0,0.05408803423930711,0.0
1.97,-0.02162318108501444,0.0,-0.040952603225746065,0.0,0.054849659786776965,0.0
1.972,-0.02170497608401288,0.0,-0.04084214164304996,0.0,0.05561204839309449,0.0
1.974,-0.02178654863457018,0.0,-0.040730154537024235,0.0,0.05637517972138192,0.0
1.976,-0.02186789568416782,0.0,-0.04061664044261708,0.0,0.05713903336850726,0.0
1.978,-0.021949014177398037,0.0,-0.040501597935648795,0.0,0.05790358886555949,0.0
1.98,-0.02202990105604568,0.0,-0.04038502563294292,0.0,0.05866882567832593,0.0
1.982,-0.02211055325917037,0.0,-0.04026692219245627,0.0,0.059434723207772544,0.0
1.984,-0.022190967723188876,0.0,-0.04014728631340819,0.0,0.060201260790526664,0.0
1.986,-0.02227114138195778,0.0,-0.0400261167364087,0.0,0.06096841769936226,0.0
1.988,-0.022351071166856376,0.0,-0.03990341224358568,0.0,0.06173617314368781,0.0
1.99,-0.022430754006869825,0.0,-0.03977917165871124,0.0,0.06250450627003654,0.0
1.992,-0.022510186828672608,0.0,-0.039653393847326746,0.0,0.06327339616256,0.0
1.994,-0.022589366556712145,0.0,-0.03952607771686733,0.0,0.0640428218435227,0.0
1.996,-0.022668290113292727,0.0,-0.039397222216785086,0.0,0.06481276227380063,0.0
1.998,-0.022746954418659662,0.0,-0.03926682633867125,0.0,0.06558319635338149,0.0
2.0,-0.022825356391083688,0.0,-0.03913488911637761,0.0,0.06635410292186791,0.0
2.0020000000000002,-0.0229034929469456,0.0,-0.0390014096261367,0.0,0.0671254607589827,0.0
2.004,-0.022981361000821144,0.0,-0.038866386986681045,0.0,0.0678972485850769,0.0
2.0060000000000002,-0.023058957465566136,0.0,-0.03872982035936144,0.0,0.06866944506164013,0.0
2.008,-0.023136279252401786,0.0,-0.038591708948264115,0.0,0.06944202879181342,0.0
2.0100000000000002,-0.023213323271000345,0.0,-0.03845205200032697,0.0,0.07021497832090455,0.0
2.012,-0.02329008642957084,0.0,-0.03831084880545466,0.0,0.07098827213690545,0.0
2.0140000000000002,-0.023366565634945238,0.0,-0.03816809869663268,0.0,0.07176188867101323,0.0
2.016,-0.023442757792664564,0.0,-0.038023801050040676,0.0,0.07253580629815096,0.0
2.0180000000000002,-0.023518659807065582,0.0,-0.037877955285164036,0.0,0.07331000333749477,0.0
2.02,-0.023594268581367334,0.0,-0.03773056086490537,0.0,0.07408445805299887,0.0
2.0220000000000002,-0.023669581017758262,0.0,-0.037581617295693884,0.0,0.07485914865392741,0.0
2.024,-0.023744594017483207,0.0,-0.03743112412759477,0.0,0.07563405329538433,0.0
2.0260000000000002,-0.02381930448093095,0.0,-0.037279080954416524,0.0,0.07640915007884977,0.0
2.028,-0.023893709307721625,0.0,-0.03712548741381794,0.0,0.0771844170527149,0.0
2.0300000000000002,-0.0239678053967947,0.0,-0.03697034318741367,0.0,0.0779598322128221,0.0
2.032,-0.024041589646496872,0.0,-0.03681364800087878,0.0,0.07873537350300594,0.0
2.0340000000000003,-0.024115058954670372,0.0,-0.03665540162405222,0.0,0.07951101881563662,0.0
2.036,-0.024188210218741305,0.0,-0.036495603871039214,0.0,0.08028674599216572,0.0
2.0380000000000003,-0.0242610403358084,0.0,-0.03633425460031245,0.0,0.0810625328236752,0.0
2.04,-0.02433354620273172,0.0,-0.03617135371481259,0.0,0.08183835705142622,0.0
2.0420000000000003,-0.024405724716221815,0.0,-0.03600690116204683,0.0,0.08261419636741357,0.0
2.044,-0.02447757277292885,0.0,-0.03584089693418751,0.0,0.08339002841491891,0.0
2.0460000000000003,-0.024549087269532133,0.0,-0.03567334106816832,0.0,0.08416583078906939,0.0
2.048,-0.024620265102829608,0.0,-0.035504233645780724,0.0,0.08494158103739524,0.0
2.05,-0.024691103169827814,0.0,-0.035333574793768,0.0,0.08571725666039287,0.0
2.052,-0.024761598367831785,0.0,-0.03516136468391899,0.0,0.08649283511208788,0.0
2.054,-0.024831747594535214,0.0,-0.03498760353316076,0.0,0.08726829380060006,0.0
2.056,-0.024901547748110923,0.0,-0.034812291603649195,0.0,0.08804361008871309,0.0
2.058,-0.02497099572730128,0.0,-0.034635429202859835,0.0,0.08881876129444263,0.0
2.06,-0.025040088431509087,0.0,-0.03445701668367619,0.0,0.08959372469161077,0.0
2.062,-0.025108822760888303,0.0,-0.034277054444478004,0.0,0.09036847751041835,0.0
2.064,-0.02517719561643528,0.0,-0.0340955429292277,0.0,0.0911429969380228,0.0
2.066,-0.02524520390007991,0.0,-0.03391248262755597,0.0,0.09191726011911593,0.0
2.068,-0.025312844514777128,0.0,-0.03372787407484611,0.0,0.09269124415650501,0.0
2.07,-0.0253801143645984,0.0,-0.03354171785231722,0.0,0.09346492611169487,0.0
2.072,-0.025447010354823583,0.0,-0.033354014587106046,0.0,0.09423828300547363,0.0
2.074,-0.025513529392032764,0.0,-0.03316476495234828,0.0,0.09501129181849793,0.0
2.076,-0.025579668384198406,0.0,-0.03297396966725761,0.0,0.0957839294918835,0.0
2.078,-0.025645424240777464,0.0,-0.032781629497204874,0.0,0.09655617292779395,0.0
2.08,-0.025710793872803957,0.0,-0.03258774525379474,0.0,0.09732799899003558,0.0
2.082,-0.025775774192981316,0.0,-0.0323923177949423,0.0,0.09809938450465033,0.0
2.084,-0.025840362115775256,0.0,-0.03219534802494782,0.0,0.0988703062605137,0.0
2.086,-0.02590455455750648,0.0,-0.031996836894570405,0.0,0.09964074100993262,0.0
2.088,-0.02596834843644378,0.0,-0.0317967854011007,0.0,0.10041066546924662,0.0
2.09,-0.026031740672897055,0.0,-0.03159519458843206,0.0,0.1011800563194297,0.0
2.092,-0.026094728189310714,0.0,-0.031392065547130824,0.0,0.10194889020669537,0.0
2.094,-0.026157307910356982,0.0,-0.03118739941450515,0.0,0.10271714374310222,0.0
2.096,-0.026219476763029555,0.0,-0.03098119737467257,0.0,0.10348479350716322,0.0
2.098,-0.026281231676737158,0.0,-0.030773460658626947,0.0,0.10425181604445398,0.0
2.1,-0.0263425695833975,0.0,-0.030564190544303052,0.0,0.10501818786822668,0.0
2.102,-0.026403487417531103,0.0,-0.030353388356641323,0.0,0.1057838854600217,0.0
2.104,-0.02646398211635546,0.0,-0.030141055467650012,0.0,0.10654888527028508,0.0
2.106,-0.026524050619879187,0.0,-0.02992719329646722,0.0,0.1073131637189843,0.0
2.108,-0.026583689870996376,0.0,-0.029711803309421057,0.0,0.1080766971962283,0.0
2.11,-0.02664289681558097,0.0,-0.02949488702008872,0.0,0.10883946206288779,0.0
2.112,-0.026701668402581404,0.0,-0.02927644598935443,0.0,0.10960143465121831,0.0
2.114,-0.02676000158411522,0.0,-0.02905648182546599,0.0,0.11036259126548428,0.0
2.116,-0.026817893315563893,0.0,-0.028834996184089995,0.0,0.11112290818258573,0.0
2.118,-0.02687534055566763,0.0,-0.028611990768366395,0.0,0.1118823616526846,0.0
2.12,-0.026932340266620513,0.0,-0.028387467328960646,0.0,0.11264092789983636,0.0
2.122,-0.026988889414165457,0.0,-0.028161427664116067,0.0,0.11339858312261908,0.0
2.124,-0.027044984967689537,0.0,-0.027933873619703377,0.0,0.11415530349476827,0.0
2.126,-0.02710062390031919,0.0,-0.02770480708927053,0.0,0.11491106516580933,0.0
2.128,-0.02715580318901573,0.0,-0.027474230014089777,0.0,0.11566584426169571,0.0
2.13,-0.027210519814670694,0.0,-0.02724214438320467,0.0,0.11641961688544494,0.0
2.132,-0.027264770762201584,0.0,-0.02700855223347512,0.0,0.11717235911777915,0.0
2.134,-0.02731855302064744,0.0,-0.02677345564962131,0.0,0.11792404701776532,0.0
2.136,-0.027371863583264672,0.0,-0.026536856764266457,0.0,0.11867465662345823,0.0
2.138,-0.027424699447622825,0.0,-0.02629875775797815,0.0,0.11942416395254399,0.0
2.14,-0.027477057615700597,0.0,-0.02605916085930827,0.0,0.1201725450029866,0.0
2.142,-0.027528935093981785,0.0,-0.02581806834483229,0.0,0.12091977575367358,0.0
2.144,-0.02758032889355141,0.0,-0.025575482539186036,0.0,0.12166583216506635,0.0
2.146,-0.027631236030191828,0.0,-0.025331405815102705,0.0,0.12241069017984858,0.0
2.148,-0.027681653524479034,0.0,-0.025085840593446963,0.0,0.12315432572357968,0.0
2.15,-0.027731578401878853,0.0,-0.02483878934324934,0.0,0.12389671470534575,0.0
2.152,-0.027781007692843415,0.0,-0.024590254581737758,0.0,0.12463783301841608,0.0
2.154,-0.02782993843290749,0.0,-0.02434023887436907,0.0,0.1253776565408976,0.0
2.156,-0.027878367662785064,0.0,-0.024088744834858507,0.0,0.12611616113639312,0.0
2.158,-0.02792629242846576,0.0,-0.02383577512520801,0.0,0.12685332265465932,0.0
2.16,-0.0279737097813116,0.0,-0.02358133245573335,0.0,0.12758911693226765,0.0
2.162,-0.028020616778153516,0.0,-0.023325419585089796,0.0,0.12832351979326495,0.0
2.164,-0.028067010481388117,0.0,-0.023068039320296316,0.0,0.1290565070498372,0.0
2.166,-0.028112887959074455,0.0,-0.02280919451675916,0.0,0.12978805450297246,0.0
2.168,-0.028158246285030792,0.0,-0.02254888807829284,0.0,0.1305181379431278,0.0
2.17,-0.028203082538931428,0.0,-0.02228712295714136,0.0,0.1312467331508943,0.0
2.172,-0.028247393806403617,0.0,-0.02202390215399646,0.0,0.13197381589766677,0.0
2.174,-0.02829117717912444,0.0,-0.021759228718015933,0.0,0.13269936194631174,0.0
2.176,-0.028334429754917807,0.0,-0.021493105746839783,0.0,0.1334233470518387,0.0
2.178,-0.02837714863785135,0.0,-0.021225536386605286,0.0,0.13414574696207138,0.0
2.18,-0.028419330938333546,0.0,-0.02095652383196068,0.0,0.13486653741832114,0.0
2.182,-0.028460973773210628,0.0,-0.020686071326077603,0.0,0.1355856941560606,0.0
2.184,-0.028502074265863757,0.0,-0.020414182160661792,0.0,0.13630319290559975,0.0
2.186,-0.028542629546306007,0.0,-0.020140859675963362,0.0,0.1370190093927612,0.0
2.188,-0.02858263675127954,0.0,-0.01986610726078424,0.0,0.13773311933955928,0.0
2.19,-0.02862209302435265,0.0,-0.019589928352486047,0.0,0.13844549846487708,0.0
2.192,-0.028660995516016943,0.0,-0.019312326436994723,0.0,0.13915612248514825,0.0
2.194,-0.028699341383784417,0.0,-0.019033305048805675,0.0,0.13986496711503585,0.0
2.196,-0.02873712779228467,0.0,-0.018752867770985816,0.0,0.14057200806811623,0.0
2.198,-0.028774351913361956,0.0,-0.01847101823517563,0.0,0.14127722105756066,0.0
2.2,-0.028811010926172446,0.0,-0.01818776012158904,0.0,0.14198058179682038,0.0
2.202,-0.02884710201728124,0.0,-0.01790309715901222,0.0,0.142682066000311,0.0
2.204,-0.028882622380759653,0.0,-0.017617033124800972,0.0,0.14338164938409914,0.0
2.206,-0.028917569218282223,0.0,-0.017329571844876802,0.0,0.14407930766658905,0.0
2.208,-0.02895193973922393,0.0,-0.017040717193721265,0.0,0.14477501656921155,0.0
2.21,-0.028985731160757235,0.0,-0.016750473094369858,0.0,0.14546875181711144,0.0
2.212,-0.029018940707949248,0.0,-0.016458843518403037,0.0,0.14616048913983937,0.0
2.214,-0.02905156561385876,0.0,-0.016165832485937642,0.0,0.14685020427204082,0.0
2.216,-0.029083603119633348,0.0,-0.015871444065615067,0.0,0.14753787295414963,0.0
2.218,-0.029115050474606347,0.0,-0.01557568237458998,0.0,0.1482234709330788,0.0
2.22,-0.02914590493639394,0.0,-0.015278551578515702,0.0,0.14890697396291575,0.0
2.222,-0.02917616377099206,0.0,-0.014980055891529915,0.0,0.14958835780561505,0.0
2.224,-0.02920582425287344,0.0,-0.01468019957623785,0.0,0.15026759823169478,0.0
2.226,-0.029234883665084428,0.0,-0.014378986943694574,0.0,0.15094467102093168,0.0
2.228,-0.029263339299341967,0.0,-0.014076422353385753,0.0,0.15161955196305826,0.0
2.23,-0.029291188456130327,0.0,-0.013772510213207124,0.0,0.15229221685846006,0.0
2.232,-0.02931842844479799,0.0,-0.013467254979442168,0.0,0.15296264151887443,0.0
2.234,-0.02934505658365439,0.0,-0.013160661156739374,0.0,0.1536308017680885,0.0
2.236,-0.029371070200066574,0.0,-0.012852733298086541,0.0,0.15429667344264011,0.0
2.238,-0.0293964666305559,0.0,-0.012543476004785562,0.0,0.1549602323925169,0.0
2.24,-0.02942124322089461,0.0,-0.012232893926423875,0.0,0.15562145448185866,0.0
2.242,-0.029445397326202383,0.0,-0.011920991760846152,0.0,0.15628031558965796,0.0
2.244,-0.029468926311042826,0.0,-0.011607774254123588,0.0,0.15693679161046326,0.0
2.246,-0.02949182754951988,0.0,-0.011293246200522127,0.0,0.15759085845508133,0.0
2.248,-0.02951409842537421,0.0,-0.010977412442469255,0.0,0.15824249205128138,0.0
2.25,-0.02953573633207943,0.0,-0.01066027787051945,0.0,0.1588916683444986,0.0
2.2520000000000002,-0.029556738672938378,0.0,-0.010341847423317795,0.0,0.15953836329853976,0.0
2.254,-0.02957710286117926,0.0,-0.010022126087563255,0.0,0.16018255289628724,0.0
2.2560000000000002,-0.029596826320051672,0.0,-0.00970111889796884,0.0,0.1608242131404064,0.0
2.258,-0.029615906482922637,0.0,-0.009378830937222395,0.0,0.1614633200540502,0.0
2.2600000000000002,-0.029634340793372484,0.0,-0.009055267335943862,0.0,0.16209984968156765,0.0
2.262,-0.029652126705290674,0.0,-0.008730433272643202,0.0,0.16273377808920958,0.0
2.2640000000000002,-0.02966926168297155,0.0,-0.008404333973674932,0.0,0.16336508136583777,0.0
2.266,-0.029685743201209962,0.0,-0.008076974713192932,0.0,0.16399373562363198,0.0
2.2680000000000002,-0.029701568745396856,0.0,-0.0077483608131027025,0.0,0.1646197169987993,0.0
2.27,-0.02971673581161465,0.0,-0.007418497643012736,0.0,0.16524300165228256,0.0
2.2720000000000002,-0.029731241906732684,0.0,-0.00708739062018434,0.0,0.1658635657704702,0.0
2.274,-0.02974508454850241,0.0,-0.006755045209480018,0.0,0.16648138556590553,0.0
2.2760000000000002,-0.02975826126565257,0.0,-0.00642146692331021,0.0,0.16709643727799742,0.0
2.278,-0.02977076959798423,0.0,-0.006086661321579548,0.0,0.1677086971737296,0.0
2.2800000000000002,-0.029782607096465696,0.0,-0.005750634011629986,0.0,0.16831814154837285,0.0
2.282,-0.02979377132332737,0.0,-0.005413390648184583,0.0,0.16892474672619415,0.0
2.2840000000000003,-0.029804259852156404,0.0,-0.005074936933287765,0.0,0.16952848906116985,0.0
2.286,-0.029814070267991374,0.0,-0.00473527861624622,0.0,0.17012934493769538,0.0
2.2880000000000003,-0.029823200167416596,0.0,-0.0043944214935663604,0.0,0.1707272907712984,0.0
2.29,-0.029831647158656598,0.0,-0.004052371408892107,0.0,0.17132230300934947,0.0
2.2920000000000003,-0.029839408861670264,0.0,-0.003709134252940109,0.0,0.17191435813177516,0.0
2.294,-0.029846482908244935,0.0,-0.0033647159634340416,0.0,0.1725034326517696,0.0
2.2960000000000003,-0.029852866942090366,0.0,-0.0030191225250372905,0.0,0.17308950311650745,0.0
2.298,-0.029858558618932485,0.0,-0.00267235996928444,0.0,0.1736725461078557,0.0
2.3000000000000003,-0.029863555606607122,0.0,-0.002324434374510735,0.0,0.17425253824308737,0.0
2.302,-0.02986785558515352,0.0,-0.001975351865781381,0.0,0.1748294561755929,0.0
2.3040000000000003,-0.029871456246907714,0.0,-0.0016251186148175216,0.0,0.17540327659559457,0.0
2.306,-0.0298743552965958,0.0,-0.0012737408399230016,0.0,0.17597397623085775,0.0
2.308,-0.02987655045142697,0.0,-0.0009212248059075577,0.0,0.17654153184740504,0.0
2.31,-0.029878039441186475,0.0,-0.0005675768240100618,0.0,0.1771059202502287,0.0
2.312,-0.029878820008328453,0.0,-0.00021280325182022539,0.0,0.17766711828400306,0.0
2.314,-0.02987888990806844,0.0,0.00014308950680239074,0.0,0.1782251028337986,0.0
2.316,-0.02987824690847596,0.0,0.0005000950018088472,0.0,0.17877985082579334,0.0
2.318,-0.029876888790566696,0.0,0.0008582067370447657,0.0,0.17933133922798714,0.0
2.32,-0.029874813348394723,0.0,0.0012174181703336652,0.0,0.1798795450509128,0.0
2.322,-0.029872018389144394,0.0,0.0015777227135637326,0.0,0.18042444534835014,0.0
2.324,-0.02986850173322213,0.0,0.0019391137327742572,0.0,0.1809660172180373,0.0
2.326,-0.0298642612143481,0.0,0.0023015845482446534,0.0,0.18150423780238367,0.0
2.328,-0.02985929467964755,0.0,0.002665128434584406,0.0,0.182039084289182,0.0
2.33,-0.029853599989742154,0.0,0.0030297386208245868,0.0,0.1825705339123203,0.0
2.332,-0.029847175018840964,0.0,0.0033954082905106042,0.0,0.18309856395249313,0.0
2.334,-0.02984001765483136,0.0,0.003762130581796988,0.0,0.1836231517379144,0.0
2.336,-0.029832125799369787,0.0,0.00412989858754231,0.0,0.18414427464502714,0.0
2.338,-0.029823497367972115,0.0,0.004498705355407393,0.0,0.184661910099216,0.0
2.34,-0.029814130290104043,0.0,0.004868543887952815,0.0,0.18517603557551654,0.0
2.342,-0.029804022509271156,0.0,0.00523940714273995,0.0,0.18568662859932739,0.0
2.344,-0.029793171983108813,0.0,0.005611288032431636,0.0,0.18619366674711874,0.0
2.346,-0.029781576683471915,0.0,0.00598417942489542,0.0,0.1866971276471435,0.0
2.348,-0.029769234596524273,0.0,0.006358074143307694,0.0,0.18719698898014586,0.0
2.35,-0.029756143722828005,0.0,0.0067329649662594415,0.0,0.1876932284800709,0.0
2.352,-0.029742302077432496,0.0,0.00710884462786323,0.0,0.1881858239347728,0.0
2.354,-0.029727707689963297,0.0,0.007485705817862141,0.0,0.18867475318672378,0.0
2.356,-0.02971235860471081,0.0,0.007863541181738924,0.0,0.18915999413372114,0.0
2.358,-0.029696252880718556,0.0,0.008242343320828367,0.0,0.18964152472959545,0.0
2.36,-0.029679388591871515,0.0,0.008622104792429,0.0,0.19011932298491635,0.0
2.362,-0.029661763826983937,0.0,0.009002818109918397,0.0,0.1905933669677004,0.0
2.364,-0.029643376689887226,0.0,0.00938447574286759,0.0,0.1910636348041155,0.0
2.366,-0.02962422529951728,0.0,0.00976707011715924,0.0,0.19153010467918735,0.0
2.368,-0.029604307790001845,0.0,0.010150593615105178,0.0,0.19199275483750347,0.0
2.37,-0.029583622310747557,0.0,0.01053503857556665,0.0,0.19245156358391807,0.0
2.372,-0.02956216702652659,0.0,0.01092039729407545,0.0,0.19290650928425485,0.0
2.374,-0.029539940117563376,0.0,0.011306662022956576,0.0,0.19335757036601095,0.0
2.376,-0.029516939779620742,0.0,0.011693824971452223,0.0,0.1938047253190584,0.0
2.378,-0.02949316422408601,0.0,0.012081878305847567,0.0,0.19424795269634676,0.0
2.38,-0.029468611678056828,0.0,0.012470814149596835,0.0,0.19468723111460318,0.0
2.382,-0.029443280384426604,0.0,0.012860624583452655,0.0,0.19512253925503353,0.0
2.384,-0.029417168601969888,0.0,0.01325130164559456,0.0,0.19555385586402158,0.0
2.386,-0.02939027460542726,0.0,0.013642837331761148,0.0,0.19598115975382807,0.0
2.388,-0.029362596685590263,0.0,0.014035223595381487,0.0,0.19640442980328862,0.0
2.39,-0.029334133149385683,0.0,0.014428452347709935,0.0,0.19682364495851162,0.0
2.392,-0.02930488231995988,0.0,0.014822515457960588,0.0,0.19723878423357413,0.0
2.394,-0.029274842536762748,0.0,0.015217404753444394,0.0,0.19764982671121806,0.0
2.396,-0.02924401215563132,0.0,0.015613112019707033,0.0,0.1980567515435449,0.0
2.398,-0.029212389548873202,0.0,0.016009629000668258,0.0,0.19845953795271007,0.0
2.4,-0.029179973105349657,0.0,0.016406947398762726,0.0,0.19885816523161548,0.0
2.402,-0.029146761230558416,0.0,0.016805058875082518,0.0,0.19925261274460276,0.0
2.404,-0.02911275234671633,0.0,0.017203955049519905,0.0,0.19964285992814368,0.0
2.406,-0.02907794489284145,0.0,0.01760362750091337,0.0,0.20002888629153134,0.0
2.408,-0.02904233732483517,0.0,0.01800406776719281,0.0,0.20041067141756913,0.0
2.41,-0.02900592811556375,0.0,0.01840526734552836,0.0,0.20078819496325984,0.0
2.412,-0.028968715754939752,0.0,0.01880721769247855,0.0,0.2011614366604924,0.0
2.414,-0.028930698750003127,0.0,0.01920991022414131,0.0,0.20153037631672926,0.0
2.416,-0.028891875625001954,0.0,0.019613336316305584,0.0,0.20189499381569123,0.0
2.418,-0.028852244921472932,0.0,0.020017487304604637,0.0,0.20225526911804226,0.0
2.42,-0.028811805198321473,0.0,0.02042235448467049,0.0,0.2026111822620725,0.0
2.422,-0.028770555031901658,0.0,0.020827929112290026,0.0,0.2029627133643811,0.0
2.424,-0.028728493016095674,0.0,0.021234202403562087,0.0,0.20330984262055668,0.0
2.426,-0.028685617762393048,0.0,0.02164116553505657,0.0,0.20365255030585808,0.0
2.428,-0.028641927899969628,0.0,0.022048809643973554,0.0,0.20399081677589248,0.0
2.43,-0.02859742207576601,0.0,0.02245712582830592,0.0,0.20432462246729388,0.0
2.432,-0.028552098954565966,0.0,0.022866105147000722,0.0,0.20465394789839886,0.0
2.434,-0.0285059572190742,0.0,0.023275738620124543,0.0,0.2049787736699225,0.0
2.436,-0.02845899556999408,0.0,0.023686017229028012,0.0,0.2052990804656322,0.0
2.438,-0.02841121272610485,0.0,0.024096931916513,0.0,0.20561484905302047,0.0
2.44,-0.02836260742433851,0.0,0.024508473587000604,0.0,0.20592606028397642,0.0
2.442,-0.028313178419856526,0.0,0.0249206331067007,0.0,0.2062326950954564,0.0
2.444,-0.028262924486125968,0.0,0.025333401303782595,0.0,0.20653473451015242,0.0
2.446,-0.02821184441499543,0.0,0.025746768968547586,0.0,0.20683215963716026,0.0
2.448,-0.02815993701677074,0.0,0.026160726853601612,0.0,0.2071249516726455,0.0
2.45,-0.02810720112028994,0.0,0.026575265674031148,0.0,0.20741309190050838,0.0
2.452,-0.028053635572998375,0.0,0.026990376107578134,0.0,0.2076965616930475,0.0
2.454,-0.027999239241023,0.0,0.027406048794818706,0.0,0.20797534251162203,0.0
2.456,-0.02794401100924676,0.0,0.027822274339340695,0.0,0.20824941590731183,0.0
2.458,-0.027887949781382135,0.0,0.028239043307924924,0.0,0.20851876352157755,0.0
2.46,-0.02783105448004477,0.0,0.028656346230725705,0.0,0.20878336708691755,0.0
2.462,-0.02777332404682648,0.0,0.029074173601454083,0.0,0.20904320842752505,0.0
2.464,-0.0277147574423679,0.0,0.02949251587756163,0.0,0.2092982694599419,0.0
2.466,-0.02765535364643092,0.0,0.029911363480426,0.0,0.20954853219371294,0.0
2.468,-0.027595111657970583,0.0,0.03033070679553736,0.0,0.20979397873203698,0.0
2.47,-0.027534030495206623,0.0,0.030750536172686766,0.0,0.21003459127241716,0.0
2.472,-0.027472109195694837,0.0,0.031170841926154602,0.0,0.21027035210730952,0.0
2.474,-0.027409346816397697,0.0,0.03159161433490225,0.0,0.21050124362477005,0.0
2.476,-0.02734574243375503,0.0,0.032012843642762766,0.0,0.2107272483090999,0.0
2.478,-0.02728129514375386,0.0,0.0324345200586352,0.0,0.21094834874148935,0.0
2.48,-0.027216004061998277,0.0,0.03285663375667775,0.0,0.21116452760065935,0.0
2.482,-0.02714986832377855,0.0,0.03327917487650471,0.0,0.21137576766350258,0.0
2.484,-0.027082887084140132,0.0,0.033702133523382485,0.0,0.21158205180572132,0.0
2.486,-0.02701505951795215,0.0,0.034125499768428394,0.0,0.2117833630024653,0.0
2.488,-0.02694638481997544,0.0,0.034549263648809954,0.0,0.21197968432896608,0.0
2.49,-0.026876862204930324,0.0,0.034973415167945825,0.0,0.21217099896117117,0.0
2.492,-0.02680649090756385,0.0,0.03539794429570766,0.0,0.212357290176375,0.0
2.494,-0.02673527018271665,0.0,0.0358228409686239,0.0,0.21253854135384964,0.0
2.496,-0.026663199305389587,0.0,0.03624809509008352,0.0,0.2127147359754721,0.0
2.498,-0.02659027757080958,0.0,0.03667369653054299,0.0,0.21288585762635123,0.0
2.5,-0.02651650429449554,0.0,0.03709963512773211,0.0,0.21305188999545155,0.0
2.5020000000000002,-0.02644187881232333,0.0,0.037525900686863525,0.0,0.213212816876216,0.0
2.504,-0.0263664004805908,0.0,0.037952482980841445,0.0,0.21336862216718655,0.0
2.5060000000000002,-0.026290068676082155,0.0,0.038379371750472915,0.0,0.21351928987262317,0.0
2.508,-0.02621288279613182,0.0,0.03880655670467962,0.0,0.21366480410311994,0.0
2.5100000000000002,-0.026134842258688167,0.0,0.039234027520711395,0.0,0.21380514907622064,0.0
2.512,-0.02605594650237655,0.0,0.0396617738443605,0.0,0.21394030911703116,0.0
2.5140000000000002,-0.02597619498656192,0.0,0.04008978529017777,0.0,0.21407026865883033,0.0
2.516,-0.025895587191411357,0.0,0.04051805144168877,0.0,0.21419501224367923,0.0
2.5180000000000002,-0.025814122617955546,0.0,0.04094656185161307,0.0,0.21431452452302763,0.0
2.52,-0.025731800788150534,0.0,0.04137530604208241,0.0,0.21442879025831893,0.0
2.5220000000000002,-0.025648621244938337,0.0,0.041804273504862544,0.0,0.214537794321593,0.0
2.524,-0.025564583552307788,0.0,0.042233453701573775,0.0,0.21464152169608666,0.0
2.5260000000000002,-0.02547968729535431,0.0,0.04266283606391518,0.0,0.2147399574768326,0.0
2.528,-0.02539393208033972,0.0,0.04309240999388772,0.0,0.21483308687125524,0.0
2.5300000000000002,-0.02530731753475133,0.0,0.043522164864020385,0.0,0.21492089519976573,0.0
2.532,-0.02521984330736068,0.0,0.04395209001759631,0.0,0.2150033678963536,0.0
2.5340000000000003,-0.025131509068281824,0.0,0.04438217476888077,0.0,0.2150804905091771,0.0
2.536,-0.025042314509029093,0.0,0.04481240840334984,0.0,0.21515224870115066,0.0
2.5380000000000003,-0.024952259342574397,0.0,0.04524278017792108,0.0,0.21521862825053073,0.0
2.54,-0.024861343303404324,0.0,0.04567327932118379,0.0,0.21527961505149917,0.0
2.5420000000000003,-0.024769566147576246,0.0,0.04610389503363268,0.0,0.2153351951147441,0.0
2.544,-0.024676927652774627,0.0,0.04653461648790019,0.0,0.2153853545680391,0.0
2.5460000000000003,-0.02458342761836615,0.0,0.04696543282899256,0.0,0.21543007965681946,0.0
2.548,-0.024489065865455094,0.0,0.04739633317452428,0.0,0.21546935674475653,0.0
2.5500000000000003,-0.024393842236937534,0.0,0.04782730661495661,0.0,0.21550317231432992,0.0
2.552,-0.0242977565975557,0.0,0.048258342213834605,0.0,0.21553151296739664,0.0
2.5540000000000003,-0.024200808833951395,0.0,0.048689429008027044,0.0,0.2155543654257589,0.0
2.556,-0.024102998854719167,0.0,0.0491205560079667,0.0,0.21557171653172827,0.0
2.5580000000000003,-0.024004326590458962,0.0,0.04955171219789195,0.0,0.21558355324868908,0.0
2.56,-0.023904791993828205,0.0,0.04998288653608936,0.0,0.21558986266165756,0.0
2.562,-0.023804395039593487,0.0,0.05041406795513792,0.0,0.21559063197784015,0.0
2.564,-0.023703135724681787,0.0,0.05084524536215346,0.0,0.21558584852718848,0.0
2.566,-0.023601014068231067,0.0,0.05127640763903489,0.0,0.21557549976295187,0.0
2.568,-0.02349803011164056,0.0,0.051707543642711525,0.0,0.21555957326222808,0.0
2.57,-0.023394183918620366,0.0,0.052138642205390974,0.0,0.2155380567265105,0.0
2.572,-0.02328947557524062,0.0,0.052569692134809054,0.0,0.21551093798223378,0.0
2.574,-0.02318390518998042,0.0,0.053000682214479344,0.0,0.21547820498131653,0.0
2.576,-0.02307747289377564,0.0,0.05343160120394573,0.0,0.21543984580170106,0.0
2.578,-0.02297017884006703,0.0,0.05386243783903387,0.0,0.2153958486478914,0.0
2.58,-0.022862023204847027,0.0,0.054293180832106006,0.0,0.21534620185148814,0.0
2.582,-0.022753006186706667,0.0,0.05472381887231474,0.0,0.2152908938717205,0.0
2.584,-0.022643128006881702,0.0,0.0551543406258594,0.0,0.2152299132959768,0.0
2.586,-0.02253238890929817,0.0,0.05558473473624255,0.0,0.2151632488403306,0.0
2.588,-0.022420789160617634,0.0,0.056014989824528114,0.0,0.2150908893500662,0.0
2.59,-0.022308329050281708,0.0,0.056445094489600195,0.0,0.21501282380019948,0.0
2.592,-0.022195008890556235,0.0,0.0568750373084231,0.0,0.21492904129599766,0.0
2.594,-0.022080829016574852,0.0,0.05730480683630232,0.0,0.2148395310734954,0.0
2.596,-0.02196578978638191,0.0,0.05773439160714685,0.0,0.21474428250000827,0.0
2.598,-0.021849891580975306,0.0,0.05816378013373154,0.0,0.21464328507464409,0.0
2.6,-0.021733134804348093,0.0,0.0585929609079622,0.0,0.21453652842881066,0.0
2.602,-0.02161551988353037,0.0,0.059021922401139654,0.0,0.21442400232672143,0.0
2.604,-0.02149704726862984,0.0,0.059450653064226894,0.0,0.21430569666589785,0.0
2.606,-0.02137771743287249,0.0,0.05987914132811534,0.0,0.21418160147766918,0.0
2.608,-0.021257530872642347,0.0,0.06030737560389342,0.0,0.21405170692766956,0.0
2.61,-0.021136488107520852,0.0,0.06073534428311546,0.0,0.21391600331633187,0.0
2.612,-0.021014589680325633,0.0,0.06116303573807198,0.0,0.21377448107937913,0.0
2.614,-0.020891836157148812,0.0,0.061590438322060445,0.0,0.21362713078831266,0.0
2.616,-0.020768228127394567,0.0,0.06201754036965798,0.0,0.2134739431508978,0.0
2.618,-0.020643766203816614,0.0,0.06244433019699312,0.0,0.21331490901164601,0.0
2.62,-0.0205184510225544,0.0,0.06287079610202144,0.0,0.21315001935229488,0.0
2.622,-0.02039228324316963,0.0,0.06329692636479882,0.0,0.21297926529228478,0.0
2.624,-0.020265263548681356,0.0,0.06372270924775882,0.0,0.212802638089232,0.0
2.626,-0.020137392645601365,0.0,0.06414813299598815,0.0,0.21262012913940032,0.0
2.628,-0.0200086712639682,0.0,0.06457318583750567,0.0,0.2124317299781679,0.0
2.63,-0.019879100157381296,0.0,0.0649978559835401,0.0,0.21223743228049247,0.0
2.632,-0.01974868010303418,0.0,0.06542213162881022,0.0,0.21203722786137302,0.0
2.634,-0.019617411901747202,0.0,0.06584600095180515,0.0,0.21183110867630822,0.0
2.636,-0.01948529637799976,0.0,0.06626945211506599,0.0,0.21161906682175224,0.0
2.638,-0.019352334379961866,0.0,0.06669247326546787,0.0,0.211401094535567,0.0
2.64,-0.019218526779525125,0.0,0.06711505253450384,0.0,0.21117718419747145,0.0
2.642,-0.0190838744723335,0.0,0.06753717803856803,0.0,0.2109473283294888,0.0
2.644,-0.018948378377812786,0.0,0.0679588378792419,0.0,0.21071151959638829,0.0
2.646,-0.018812039439200436,0.0,0.06838002014357897,0.0,0.2104697508061266,0.0
2.648,-0.018674858623573837,0.0,0.06880071290439284,0.0,0.21022201491028364,0.0
2.65,-0.018536836921878998,0.0,0.06922090422054361,0.0,0.2099683050044972,0.0
2.652,-0.0183979753489577,0.0,0.06964058213722762,0.0,0.2097086143288926,0.0
2.654,-0.018258274943574883,0.0,0.07005973468626608,0.0,0.20944293626851082,0.0
2.656,-0.018117736768444952,0.0,0.07047834988639552,0.0,0.2091712643537323,0.0
2.658,-0.01797636191025766,0.0,0.07089641574355893,0.0,0.20889359226069745,0.0
2.66,-0.017834151479703457,0.0,0.0713139202511978,0.0,0.2086099138117251,0.0
2.662,-0.017691106611498163,0.0,0.07173085139054451,0.0,0.2083202229757261,0.0
2.664,-0.017547228464406997,0.0,0.07214719713091669,0.0,0.20802451386861492,0.0
2.666,-0.017402518221268422,0.0,0.07256294543001053,0.0,0.20772278075371747,0.0
2.668,-0.01725697708901664,0.0,0.07297808423419719,0.0,0.20741501804217502,0.0
2.67,-0.017110606298704437,0.0,0.07339260147881774,0.0,0.20710122029334643,0.0
2.672,-0.016963407105524467,0.0,0.07380648508848098,0.0,0.20678138221520476,0.0
2.674,-0.016815380788830797,0.0,0.07421972297736033,0.0,0.2064554986647329,0.0
2.676,-0.016666528652159302,0.0,0.07463230304949264,0.0,0.206123564648314,0.0
2.678,-0.016516852023247642,0.0,0.07504421319907707,0.0,0.2057855753221194,0.0
2.68,-0.01636635225405471,0.0,0.0754554413107755,0.0,0.20544152599249327,0.0
2.682,-0.016215030720779344,0.0,0.07586597526001262,0.0,0.20509141211633306,0.0
2.684,-0.01606288882387844,0.0,0.07627580291327836,0.0,0.20473522930146726,0.0
2.686,-0.015909927988084785,0.0,0.07668491212842879,0.0,0.2043729733070299,0.0
2.688,-0.0157561496624236,0.0,0.07709329075499059,0.0,0.2040046400438302,0.0
2.69,-0.015601555320229374,0.0,0.07750092663446347,0.0,0.20363022557472107,0.0
2.692,-0.01544614645916111,0.0,0.07790780760062566,0.0,0.2032497261149613,0.0
2.694,-0.015289924601218,0.0,0.07831392147983812,0.0,0.20286313803257733,0.0
2.696,-0.015132891292753435,0.0,0.07871925609135151,0.0,0.2024704578487185,0.0
2.698,-0.01497504810448928,0.0,0.07912379924761172,0.0,0.20207168223801103,0.0
2.7,-0.014816396631529047,0.0,0.07952753875456788,0.0,0.20166680802890774,0.0
2.702,-0.01465693849337057,0.0,0.07993046241198008,0.0,0.20125583220403342,0.0
2.704,-0.014496675333918107,0.0,0.08033255801372816,0.0,0.2008387519005282,0.0
2.706,-0.014335608821493808,0.0,0.08073381334812095,0.0,0.20041556441038588,0.0
2.708,-0.014173740648848378,0.0,0.08113421619820664,0.0,0.1999862671807892,0.0
2.71,-0.01401107253317168,0.0,0.0815337543420828,0.0,0.1995508578144426,0.0
2.712,-0.013847606216101772,0.0,0.08193241555320878,0.0,0.1991093340698986,0.0
2.714,-0.013683343463734487,0.0,0.0823301876007166,0.0,0.19866169386188448,0.0
2.716,-0.013518286066631156,0.0,0.0827270582497247,0.0,0.19820793526162073,0.0
2.718,-0.0133524358398269,0.0,0.08312301526165014,0.0,0.19774805649714045,0.0
2.72,-0.013185794622837217,0.0,0.08351804639452369,0.0,0.19728205595360127,0.0
2.722,-0.013018364279664798,0.0,0.08391213940330339,0.0,0.196809932173596,0.0
2.724,-0.012850146698805206,0.0,0.08430528204019049,0.0,0.19633168385745883,0.0
2.726,-0.012681143793252072,0.0,0.08469746205494458,0.0,0.1958473098635672,0.0
2.728,-0.012511357500501712,0.0,0.08508866719520056,0.0,0.19535680920864107,0.0
2.73,-0.01234078978255705,0.0,0.08547888520678512,0.0,0.19486018106803765,0.0
2.732,-0.01216944262593076,0.0,0.0858681038340349,0.0,0.19435742477604234,0.0
2.734,-0.011997318041648329,0.0,0.08625631082011381,0.0,0.19384853982615724,0.0
2.736,-0.011824418065249526,0.0,0.08664349390733272,0.0,0.19333352587138347,0.0
2.738,-0.011650744756790374,0.0,0.08702964083746773,0.0,0.19281238272450243,0.0
2.74,-0.011476300200843373,0.0,0.08741473935208097,0.0,0.19228511035835066,0.0
2.742,-0.011301086506497957,0.0,0.08779877719284016,0.0,0.1917517089060932,0.0
2.744,-0.01112510580735986,0.0,0.08818174210184021,0.0,0.19121217866149162,0.0
2.746,-0.010948360261549892,0.0,0.0885636218219241,0.0,0.19066652007916876,0.0
2.748,-0.010770852051702189,0.0,0.08894440409700533,0.0,0.19011473377486954,0.0
2.75,-0.010592583384961699,0.0,0.0893240766723901,0.0,0.18955682052571804,0.0
2.7520000000000002,-0.010413556492981113,0.0,0.08970262729510052,0.0,0.1889927812704704,0.0
2.754,-0.010233773631917123,0.0,0.09008004371419802,0.0,0.1884226171097645,0.0
2.7560000000000002,-0.010053237082425831,0.0,0.09045631368110751,0.0,0.1878463293063643,0.0
2.758,-0.009871949149658134,0.0,0.09083142494994148,0.0,0.18726391928540304,0.0
2.7600000000000002,-0.009689912163253435,0.0,0.09120536527782566,0.0,0.1866753886346185,0.0
2.762,-0.009507128477333898,0.0,0.09157812242522352,0.0,0.1860807391045889,0.0
2.7640000000000002,-0.009323600470496901,0.0,0.0919496841562633,0.0,0.18547997260896065,0.0
2.766,-0.009139330545807763,0.0,0.0923200382390633,0.0,0.18487309122467532,0.0
2.7680000000000002,-0.008954321130791282,0.0,0.09268917244605958,0.0,0.18426009719219094,0.0
2.77,-0.008768574677422777,0.0,0.09305707455433247,0.0,0.1836409929156997,0.0
2.7720000000000002,-0.008582093662118505,0.0,0.09342373234593479,0.0,0.18301578096334215,0.0
2.774,-0.008394880585725404,0.0,0.09378913360821972,0.0,0.1823844640674168,0.0
2.7760000000000002,-0.008206937973509975,0.0,0.09415326613416955,0.0,0.18174704512458545,0.0
2.778,-0.008018268375147122,0.0,0.09451611772272393,0.0,0.18110352719607645,0.0
2.7800000000000002,-0.007828874364707332,0.0,0.09487767617911042,0.0,0.18045391350788054,0.0
2.782,-0.007638758540644379,0.0,0.09523792931517265,0.0,0.1797982074509468,0.0
2.7840000000000003,-0.00744792352578115,0.0,0.0955968649497021,0.0,0.17913641258137006,0.0
2.786,-0.007256371967296042,0.0,0.09595447090876703,0.0,0.17846853262057896,0.0
2.7880000000000003,-0.007064106536707484,0.0,0.09631073502604454,0.0,0.1777945714555154,0.0
2.79,-0.006871129929858822,0.0,0.09666564514315099,0.0,0.1771145331388136,0.0
2.7920000000000003,-0.006677444866901918,0.0,0.09701918910997397,0.0,0.1764284218889729,0.0
2.794,-0.00648305409228031,0.0,0.09737135478500408,0.0,0.17573624209052738,0.0
2.7960000000000003,-0.006287960374711678,0.0,0.09772213003566715,0.0,0.17503799829421107,0.0
2.798,-0.00609216650716967,0.0,0.09807150273865667,0.0,0.17433369521711908,0.0
2.8000000000000003,-0.005895675306864851,0.0,0.09841946078026716,0.0,0.17362333774286423,0.0
2.802,-0.005698489615225591,0.0,0.09876599205672654,0.0,0.17290693092173137,0.0
2.8040000000000003,-0.005500612297877277,0.0,0.09911108447453057,0.0,0.17218447997082406,0.0
2.806,-0.005302046244622077,0.0,0.09945472595077563,0.0,0.17145599027421166,0.0
2.8080000000000003,-0.005102794369416768,0.0,0.099796904413494,0.0,0.17072146738306707,0.0
2.81,-0.00490285961035117,0.0,0.10013760780198681,0.0,0.16998091701580598,0.0
2.8120000000000003,-0.004702244929624665,0.0,0.1004768240671599,0.0,0.16923434505821622,0.0
2.814,-0.0045009533135231105,0.0,0.10081454117185791,0.0,0.16848175756358771,0.0
2.816,-0.004298987772394451,0.0,0.1011507470911997,0.0,0.16772316075283572,0.0
2.818,-0.004096351340623676,0.0,0.1014854298129139,0.0,0.16695856101461948,0.0
2.82,-0.0038930470766077195,0.0,0.10181857733767383,0.0,0.16618796490545942,0.0
2.822,-0.003689078062728651,0.0,0.10215017767943432,0.0,0.16541137914984616,0.0
2.824,-0.0034844474053272365,0.0,0.10248021886576689,0.0,0.16462881064034923,0.0
2.826,-0.003279158234675162,0.0,0.10280868893819659,0.0,0.16384026643771862,0.0
2.828,-0.003073213704946826,0.0,0.10313557595253797,0.0,0.16304575377098393,0.0
2.83,-0.0028666169941904333,0.0,0.10346086797923235,0.0,0.16224528003754812,0.0
2.832,-0.0026593713042984343,0.0,0.10378455310368387,0.0,0.16143885280327772,0.0
2.834,-0.0024514798609770617,0.0,0.10410661942659738,0.0,0.16062647980258782,0.0
2.836,-0.0022429459137158552,0.0,0.10442705506431484,0.0,0.15980816893852526,0.0
2.838,-0.0020337727357554094,0.0,0.10474584814915332,0.0,0.15898392828284305,0.0
2.84,-0.0018239636240557713,0.0,0.10506298682974177,0.0,0.15815376607607617,0.0
2.842,-0.0016135218992628358,0.0,0.10537845927135939,0.0,0.15731769072760737,0.0
2.844,-0.00140245090567518,0.0,0.10569225365627284,0.0,0.15647571081573333,0.0
2.846,-0.001190754011209537,0.0,0.1060043581840745,0.0,0.15562783508772401,0.0
2.848,-0.000978434607365845,0.0,0.1063147610720201,0.0,0.15477407245987782,0.0
2.85,-0.0007654961091915883,0.0,0.10662345055536727,0.0,0.15391443201757354,0.0
2.852,-0.0005519419552454937,0.0,0.10693041488771332,0.0,0.15304892301531714,0.0
2.854,-0.0003377756075602997,0.0,0.10723564234133393,0.0,0.15217755487678356,0.0
2.856,-0.0001230005516055359,0.0,0.10753912120752109,0.0,0.151300337194857,0.0
2.858,9.237970375149767e-05,0.0,0.10784083979692209,0.0,0.15041727973166205,0.0
2.86,0.0003083616262840847,0.0,0.10814078643987739,0.0,0.14952839241859636,0.0
2.862,0.0005249416604465143,0.0,0.10843894948675994,0.0,0.1486336853563527,0.0
2.864,0.0007421162274137858,0.0,0.10873531730831294,0.0,0.1477331688149429,0.0
2.866,0.0009598817251233452,0.0,0.1090298782959894,0.0,0.14682685323371147,0.0
2.868,0.0011782345283163592,0.0,0.10932262086228998,0.0,0.1459147492213498,0.0
2.87,0.0013971709885803717,0.0,0.10961353344110232,0.0,0.14499686755590288,0.0
2.872,0.0016166874343923692,0.0,0.10990260448803936,0.0,0.14407321918477273,0.0
2.874,0.0018367801711625736,0.0,0.11018982248077834,0.0,0.14314381522471742,0.0
2.876,0.002057445481278862,0.0,0.11047517591939922,0.0,0.14220866696184573,0.0
2.878,0.002278679624152135,0.0,0.11075865332672372,0.0,0.14126778585160626,0.0
2.88,0.002500478836261648,0.0,0.11104024324865351,0.0,0.14032118351877526,0.0
2.882,0.0027228393312021797,0.0,0.1113199342545094,0.0,0.13936887175743493,0.0
2.884,0.0029457572997304946,0.0,0.1115977149373694,0.0,0.1384108625309534,0.0
2.886,0.0031692289098139083,0.0,0.11187357391440776,0.0,0.13744716797195405,0.0
2.888,0.003393250306678108,0.0,0.11214749982723302,0.0,0.13647780038228666,0.0
2.89,0.003617817612857026,0.0,0.11241948134222675,0.0,0.13550277223298768,0.0
2.892,0.003842926928242232,0.0,0.11268950715088158,0.0,0.1345220961642419,0.0
2.894,0.004068574330133722,0.0,0.11295756597013981,0.0,0.1335357849853359,0.0
2.896,0.004294755873291107,0.0,0.11322364654273127,0.0,0.13254385167460828,0.0
2.898,0.004521467589985526,0.0,0.11348773763751151,0.0,0.1315463093793957,0.0
2.9,0.004748705490052193,0.0,0.11374982804979963,0.0,0.13054317141597405,0.0
2.902,0.004976465560943883,0.0,0.11400990660171628,0.0,0.12953445126949448,0.0
2.904,0.005204743767784382,0.0,0.1142679621425211,0.0,0.12852016259391771,0.0
2.906,0.005433536053423774,0.0,0.11452398354895062,0.0,0.12750031921193902,0.0
2.908,0.005662838338493016,0.0,0.11477795972555511,0.0,0.12647493511491473,0.0
2.91,0.0058926465214605775,0.0,0.11502987960503647,0.0,0.12544402446277816,0.0
2.912,0.006122956478688575,0.0,0.1152797321485847,0.0,0.12440760158395622,0.0
2.914,0.006353764064490329,0.0,0.11552750634621527,0.0,0.12336568097527827,0.0
2.916,0.006585065111188293,0.0,0.11577319121710557,0.0,0.12231827730188166,0.0
2.918,0.006816855429172721,0.0,0.1160167758099315,0.0,0.121265405397113,0.0
2.92,0.007049130806960989,0.0,0.1162582492032037,0.0,0.12020708026242402,0.0
2.922,0.00728188701125762,0.0,0.11649760050560383,0.0,0.11914331706726408,0.0
2.924,0.007515119787014892,0.0,0.11673481885632024,0.0,0.11807413114896742,0.0
2.926,0.0077488248574944475,0.0,0.11696989342538397,0.0,0.11699953801263499,0.0
2.928,0.007982997924328774,0.0,0.11720281341400356,0.0,0.11591955333101545,0.0
2.93,0.008217634667584614,0.0,0.11743356805490097,0.0,0.11483419294437566,0.0
2.932,0.00845273074582557,0.0,0.11766214661264579,0.0,0.11374347286037355,0.0
2.934,0.008688281796176835,0.0,0.11788853838399041,0.0,0.11264740925391958,0.0
2.936,0.008924283434389387,0.0,0.1181127326982041,0.0,0.11154601846703975,0.0
2.938,0.009160731254905585,0.0,0.11833471891740725,0.0,0.11043931700872985,0.0
2.94,0.009397620830925142,0.0,0.1185544864369049,0.0,0.1093273215548076,0.0
2.942,0.009634947714471874,0.0,0.11877202468552071,0.0,0.10821004894775867,0.0
2.944,0.009872707436460959,0.0,0.11898732312592951,0.0,0.1070875161965798,0.0
2.946,0.010110895506767269,0.0,0.11920037125499083,0.0,0.10595974047661498,0.0
2.948,0.01034950741429351,0.0,0.11941115860408079,0.0,0.10482673912939108,0.0
2.95,0.01058853862704032,0.0,0.11961967473942489,0.0,0.10368852966244327,0.0
2.952,0.010827984592175535,0.0,0.11982590926242932,0.0,0.10254512974914262,0.0
2.954,0.011067840736105634,0.0,0.12002985181001288,0.0,0.10139655722851212,0.0
2.956,0.01130810246454635,0.0,0.12023149205493776,0.0,0.10024283010504526,0.0
2.958,0.011548765162595388,0.0,0.12043081970614068,0.0,0.09908396654851298,0.0
2.96,0.011789824194804581,0.0,0.12062782450906268,0.0,0.09791998489377242,0.0
2.962,0.012031274905253485,0.0,0.1208224962459798,0.0,0.09675090364056693,0.0
2.964,0.012273112617623299,0.0,0.12101482473633196,0.0,0.09557674145332329,0.0
2.966,0.012515332635271562,0.0,0.12120479983705269,0.0,0.09439751716094387,0.0
2.968,0.012757930241307376,0.0,0.12139241144289743,0.0,0.093213249756595,0.0
2.97,0.013000900698667658,0.0,0.12157764948677227,0.0,0.09202395839748852,0.0
2.972,0.013244239250193223,0.0,0.12176050394006133,0.0,0.09082966240466352,0.0
2.974,0.013487941118706773,0.0,0.12194096481295454,0.0,0.08963038126275666,0.0
2.976,0.013732001507090119,0.0,0.12211902215477462,0.0,0.08842613461977575,0.0
2.978,0.01397641559836347,0.0,0.1222946660543034,0.0,0.08721694228686097,0.0
2.98,0.014221178555763969,0.0,0.12246788664010785,0.0,0.08600282423804914,0.0
2.982,0.014466285522826272,0.0,0.12263867408086587,0.0,0.08478380061002616,0.0
2.984,0.014711731623462579,0.0,0.12280701858569094,0.0,0.08355989170188119,0.0
2.986,0.014957511962044092,0.0,0.12297291040445721,0.0,0.08233111797485218,0.0
2.988,0.015203621623482764,0.0,0.12313633982812294,0.0,0.0810975000520686,0.0
2.99,0.015450055673313845,0.0,0.12329729718905458,0.0,0.0798590587182893,0.0
2.992,0.01569680915777892,0.0,0.12345577286134927,0.0,0.07861581491963589,0.0
2.994,0.01594387710390998,0.0,0.12361175726115774,0.0,0.07736778976332043,0.0
2.996,0.0161912545196133,0.0,0.12376524084700588,0.0,0.0761150045173722,0.0
2.998,0.01643893639375523,0.0,0.1239162141201163,0.0,0.07485748061035387,0.0
3.0,0.016686917696247146,0.0,0.12406466762472892,0.0,0.0735952396310804,0.0
3.0020000000000002,0.016935193378132526,0.0,0.1242105919484214,0.0,0.07232830332832611,0.0
3.004,0.017183758371673404,0.0,0.12435397772242864,0.0,0.07105669361053346,0.0
3.0060000000000002,0.01743260759043828,0.0,0.12449481562196188,0.0,0.06978043254551329,0.0
3.008,0.017681735929390294,0.0,0.12463309636652695,0.0,0.06849954236014222,0.0
3.0100000000000002,0.01793113826497617,0.0,0.12476881072024246,0.0,0.0672140454400551,0.0
3.012,0.018180809455215687,0.0,0.12490194949215656,0.0,0.06592396432933324,0.0
3.0140000000000002,0.018430744339792113,0.0,0.12503250353656398,0.0,0.06462932173018666,0.0
3.016,0.018680937740142494,0.0,0.12516046375332152,0.0,0.06333014050263579,0.0
3.0180000000000002,0.018931384459549776,0.0,0.12528582108816375,0.0,0.06202644366418214,0.0
3.02,0.019182079283234132,0.0,0.1254085665330173,0.0,0.060718254389482404,0.0
3.0220000000000002,0.019433016978446446,0.0,0.12552869112631504,0.0,0.05940559601000943,0.0
3.024,0.019684192294560823,0.0,0.12564618595330934,0.0,0.0580884920137177,0.0
3.0260000000000002,0.019935599963169313,0.0,0.12576104214638464,0.0,0.056766966044695624,0.0
3.028,0.020187234698175915,0.0,0.1258732508853694,0.0,0.055441041902820246,0.0
3.0300000000000002,0.02043909119589206,0.0,0.12598280339784745,0.0,0.05411074354340353,0.0
3.032,0.020691164135132334,0.0,0.12608969095946815,0.0,0.052776095076835464,0.0
3.0340000000000003,0.020943448177310964,0.0,0.12619390489425664,0.0,0.051437120768222405,0.0
3.036,0.021195937966538812,0.0,0.12629543657492254,0.0,0.05009384503702144,0.0
3.0380000000000003,0.021448628129721287,0.0,0.12639427742316853,0.0,0.048746292456668325,0.0
3.04,0.021701513276656117,0.0,0.12649041890999774,0.0,0.047394487754205655,0.0
3.0420000000000003,0.021954588000132978,0.0,0.12658385255602073,0.0,0.04603845580989911,0.0
3.044,0.022207846876032236,0.0,0.12667456993176146,0.0,0.04467822165685785,0.0
3.0460000000000003,0.022461284463425886,0.0,0.1267625626579627,0.0,0.04331381048064192,0.0
3.048,0.022714895304677452,0.0,0.1268478224058903,0.0,0.041945247618873416,0.0
3.0500000000000003,0.02296867392554415,0.0,0.12693034089763733,0.0,0.04057255856083537,0.0
3.052,0.02322261483527823,0.0,0.12701010990642647,0.0,0.03919576894707254,0.0
3.0540000000000003,0.023476712526729844,0.0,0.12708712125691268,0.0,0.03781490456898416,0.0
3.056,0.023730961476450117,0.0,0.12716136682548407,0.0,0.03642999136841328,0.0
3.0580000000000003,0.023985356144794964,0.0,0.1272328385405626,0.0,0.035041055437231655,0.0
3.06,0.024239890976029337,0.0,0.12730152838290362,0.0,0.0336481230169207,0.0
3.0620000000000003,0.024494560398432515,0.0,0.12736742838589468,0.0,0.032251220498145564,0.0
3.064,0.024749358824403055,0.0,0.12743053063585355,0.0,0.03085037442033023,0.0
3.0660000000000003,0.025004280650565758,0.0,0.1274908272723252,0.0,0.029445611471220115,0.0
3.068,0.02525932025787756,0.0,0.12754831048837806,0.0,0.02803695848644984,0.0
3.0700000000000003,0.025514472011735675,0.0,0.12760297253089936,0.0,0.026624442449096633,0.0
3.072,0.025769730262084938,0.0,0.1276548057008895,0.0,0.025208090489237694,0.0
3.074,0.026025089343526563,0.0,0.12770380235375578,0.0,0.023787929883498732,0.0
3.076,0.026280543575427393,0.0,0.1277499548996048,0.0,0.022363988054597744,0.0
3.078,0.026536087262029138,0.0,0.12779325580353437,0.0,0.020936292570888748,0.0
3.08,0.026791714692559237,0.0,0.12783369758592428,0.0,0.019504871145894637,0.0
3.082,0.027047420141341212,0.0,0.12787127282272606,0.0,0.018069751637841885,0.0
3.084,0.027303197867906387,0.0,0.12790597414575208,0.0,0.01663096204918682,0.0
3.086,0.027559042117105765,0.0,0.12793779424296334,0.0,0.015188530526139526,0.0
3.088,0.02781494711922271,0.0,0.12796672585875687,0.0,0.013742485358182177,0.0
3.09,0.028070907090086004,0.0,0.12799276179425118,0.0,0.012292854977584006,0.0
3.092,0.028326916231183667,0.0,0.12801589490757198,0.0,0.010839667958911448,0.0
3.094,0.028582968729777135,0.0,0.1280361181141359,0.0,0.009382953018534423,0.0
3.096,0.028839058759016413,0.0,0.12805342438693362,0.0,0.007922739014126184,0.0
3.098,0.029095180478054972,0.0,0.12806780675681223,0.0,0.006459054944163906,0.0
3.1,0.029351328032166425,0.0,0.12807925831275602,0.0,0.004991929947417401,0.0
3.102,0.02960749555286034,0.0,0.12808777220216663,0.0,0.0035213933024423882,0.0
3.104,0.02986367715800012,0.0,0.12809334163114242,0.0,0.0020474744270599365,0.0
3.106,0.030119866951920034,0.0,0.12809595986475594,0.0,0.000570202877840903,0.0
3.108,0.030376059025543804,0.0,0.12809562022733137,0.0,-0.000910391650421366,0.0
3.11,0.03063224745650325,0.0,0.12809231610272015,0.0,-0.0023942793252376415,0.0
3.112,0.03088842630925767,0.0,0.1280860409345761,0.0,-0.003881430176956663,0.0
3.114,0.031144589635213646,0.0,0.12807678822662893,0.0,-0.005371814099301514,0.0
3.116,0.03140073147284569,0.0,0.128064551542957,0.0,-0.006865400849912134,0.0
3.118,0.03165684584781677,0.0,0.12804932450825932,0.0,-0.008362160050888079,0.0
3.12,0.03191292677310042,0.0,0.1280311008081255,0.0,-0.009862061189342242,0.0
3.122,0.03216896824910213,0.0,0.12800987418930557,0.0,-0.011365073617950444,0.0
3.124,0.032424964263782614,0.0,0.1279856384599781,0.0,-0.012871166555513819,0.0
3.126,0.032680908792780246,0.0,0.1279583874900176,0.0,-0.014380309087517057,0.0
3.128,0.03293679579953541,0.0,0.12792811521126035,0.0,-0.01589247016669934,0.0
3.13,0.033192619235414084,0.0,0.1278948156177694,0.0,-0.017407618613621223,0.0
3.132,0.03344837303983298,0.0,0.12785848276609846,0.0,-0.01892572311724189,0.0
3.134,0.03370405114038451,0.0,0.12781911077555444,0.0,-0.020446752235497412,0.0
3.136,0.03395964745296275,0.0,0.1277766938284588,0.0,-0.021970674395884182,0.0
3.138,0.03421515588188958,0.0,0.12773122617040816,0.0,-0.023497457896046292,0.0
3.14,0.034470570320041756,0.0,0.12768270211053298,0.0,-0.02502707090436812,0.0
3.142,0.0347258846489777,0.0,0.12763111602175592,0.0,-0.026559481460567053,0.0
3.144,0.03498109273906608,0.0,0.1275764623410482,0.0,-0.028094657476297608,0.0
3.146,0.03523618844961337,0.0,0.12751873556968543,0.0,-0.029632566735750765,0.0
3.148,0.03549116562899351,0.0,0.12745793027350166,0.0,-0.031173176896266586,0.0
3.15,0.03574601811477649,0.0,0.1273940410831428,0.0,-0.03271645548894164,0.0
3.152,0.03600073973385896,0.0,0.1273270626943181,0.0,-0.03426236991924969,0.0
3.154,0.03625532430259402,0.0,0.12725698986805098,0.0,-0.03581088746765851,0.0
3.156,0.03650976562692245,0.0,0.12718381743092855,0.0,-0.03736197529025598,0.0
3.158,0.03676405750250396,0.0,0.12710754027534948,0.0,-0.03891560041937786,0.0
3.16,0.03701819371484906,0.0,0.12702815335977116,0.0,-0.040471729764240544,0.0
3.162,0.037272168039451374,0.0,0.1269456517089549,0.0,-0.04203033011157656,0.0
3.164,0.037525974241920786,0.0,0.12686003041421057,0.0,-0.04359136812627731,0.0
3.166,0.03777960607811619,0.0,0.12677128463363974,0.0,-0.04515481035203367,0.0
3.168,0.03803305729428007,0.0,0.12667940959237697,0.0,-0.04672062321198922,0.0
3.17,0.03828632162717202,0.0,0.12658440058283085,0.0,-0.048288773009387526,0.0
3.172,0.03853939280420427,0.0,0.12648625296492252,0.0,-0.04985922592823333,0.0
3.174,0.03879226454357641,0.0,0.12638496216632403,0.0,-0.05143194803394971,0.0
3.176,0.03904493055441137,0.0,0.1262805236826945,0.0,-0.053006905274043364,0.0
3.178,0.03929738453689157,0.0,0.12617293307791547,0.0,-0.05458406347877315,0.0
3.18,0.03954962018239564,0.0,0.12606218598432464,0.0,-0.05616338836182186,0.0
3.182,0.03980163117363544,0.0,0.12594827810294826,0.0,-0.05774484552097192,0.0
3.184,0.04005341118479401,0.0,0.1258312052037324,0.0,-0.05932840043878737,0.0
3.186,0.04030495388166301,0.0,0.1257109631257728,0.0,-0.06091401848329364,0.0
3.188,0.040556252921782054,0.0,0.1255875477775428,0.0,-0.06250166490867057,0.0
3.19,0.04080730195457685,0.0,0.12546095513712102,0.0,-0.0640913048559385,0.0
3.192,0.041058094621499466,0.0,0.12533118125241624,0.0,-0.06568290335365909,0.0
3.194,0.04130862455616742,0.0,0.1251982222413924,0.0,-0.0672764253186294,0.0
3.196,0.04155888538450471,0.0,0.12506207429229063,0.0,-0.06887183555658952,0.0
3.198,0.04180887072488211,0.0,0.12492273366385132,0.0,-0.07046909876292648,0.0
3.2,0.04205857418825863,0.0,0.12478019668553375,0.0,-0.0720681795233861,0.0
3.202,0.04230798937832302,0.0,0.12463445975773474,0.0,-0.07366904231478721,0.0
3.204,0.04255710989163604,0.0,0.12448551935200586,0.0,-0.0752716515057403,0.0
3.206,0.04280592931777275,0.0,0.12433337201126901,0.0,-0.0768759713573687,0.0
3.208,0.04305444123946586,0.0,0.12417801435003067,0.0,-0.07848196602403615,0.0
3.21,0.043302639232748484,0.0,0.12401944305459496,0.0,-0.08008959955407283,0.0
3.212,0.043550516867098724,0.0,0.12385765488327445,0.0,-0.08169883589051338,0.0
3.214,0.04379806770558308,0.0,0.12369264666660065,0.0,-0.08330963887182849,0.0
3.216,0.044045285305001916,0.0,0.12352441530753179,0.0,-0.08492197223267084,0.0
3.218,0.04429216321603372,0.0,0.12335295778166028,0.0,-0.08653579960461416,0.0
3.22,0.04453869498338132,0.0,0.12317827113741757,0.0,-0.08815108451690598,0.0
3.222,0.044784874145917176,0.0,0.1230003524962784,0.0,-0.0897677903972155,0.0
3.224,0.045030694236830024,0.0,0.12281919905296321,0.0,-0.09138588057239075,0.0
3.226,0.04527614878377139,0.0,0.12263480807563884,0.0,-0.09300531826921682,0.0
3.228,0.04552123130900281,0.0,0.12244717690611805,0.0,-0.09462606661517853,0.0
3.23,0.045765935329543164,0.0,0.1222563029600573,0.0,-0.09624808863922596,0.0
3.232,0.04601025435731684,0.0,0.1220621837271528,0.0,-0.09787134727254533,0.0
3.234,0.04625418189930152,0.0,0.12186481677133598,0.0,-0.09949580534932957,0.0
3.236,0.0464977114576775,0.0,0.12166419973096573,0.0,-0.10112142560755874,0.0
3.238,0.046740836529976015,0.0,0.12146033031902097,0.0,-0.10274817068977588,0.0
3.24,0.04698355060922936,0.0,0.12125320632328998,0.0,-0.10437600314387517,0.0
3.242,0.047225847184120165,0.0,0.12104282560655943,0.0,-0.10600488542388571,0.0
3.244,0.047467719739131914,0.0,0.12082918610680114,0.0,-0.10763477989076431,0.0
3.246,0.047709161754699254,0.0,0.12061228583735734,0.0,-0.10926564881318834,0.0
3.248,0.047950166707359146,0.0,0.12039212288712456,0.0,-0.11089745436835433,0.0
3.25,0.048190728069901934,0.0,0.12016869542073581,0.0,-0.11253015864277838,0.0
3.2520000000000002,0.04843083931152333,0.0,0.11994200167874083,0.0,-0.11416372363310201,0.0
3.254,0.048670493897975904,0.0,0.11971203997778579,0.0,-0.11579811124689704,0.0
3.2560000000000002,0.04890968529172208,0.0,0.11947880871078942,0.0,-0.11743328330348103,0.0
3.258,0.049148406952086235,0.0,0.11924230634712012,0.0,-0.11906920153472786,0.0
3.2600000000000002,0.049386652335408406,0.0,0.11900253143276866,0.0,-0.1207058275858895,0.0
3.262,0.04962441489519701,0.0,0.11875948259052174,0.0,-0.12234312301641326,0.0
3.2640000000000002,0.04986168808228333,0.0,0.11851315852013199,0.0,-0.123981049300771,0.0
3.266,0.050098465344975,0.0,0.1182635579984874,0.0,-0.1256195678292833,0.0
3.2680000000000002,0.05033474012921086,0.0,0.1180106798797789,0.0,-0.12725863990895286,0.0
3.27,0.05057050587871546,0.0,0.11775452309566596,0.0,-0.12889822676429816,0.0
3.2720000000000002,0.05080575603515439,0.0,0.11749508665544087,0.0,-0.13053828953819174,0.0
3.274,0.05104048403828945,0.0,0.11723236964619108,0.0,-0.13217878929270072,0.0
3.2760000000000002,0.05127468332613476,0.0,0.11696637123295979,0.0,-0.13381968700993246,0.0
3.278,0.05150834733511233,0.0,0.11669709065890577,0.0,-0.13546094359287897,0.0
3.2800000000000002,0.05174146950020905,0.0,0.1164245272454596,0.0,-0.13710251986627187,0.0
3.282,0.05197404325513273,0.0,0.11614868039248044,0.0,-0.13874437657743144,0.0
3.2840000000000003,0.05220606203246984,0.0,0.11586954957840913,0.0,-0.1403864743971286,0.0
3.286,0.05243751926384202,0.0,0.11558713436042119,0.0,-0.14202877392044,0.0
3.2880000000000003,0.05266840838006451,0.0,0.11530143437457657,0.0,-0.14367123566761586,0.0
3.29,0.05289872281130341,0.0,0.115012449335969,0.0,-0.14531382008494265,0.0
3.2920000000000003,0.053128455987234306,0.0,0.11472017903887295,0.0,-0.14695648754561486,0.0
3.294,0.05335760133720056,0.0,0.11442462335688874,0.0,-0.1485991983506061,0.0
3.2960000000000003,0.0535861522903722,0.0,0.1141257822430863,0.0,-0.15024191272954537,0.0
3.298,0.05381410227590499,0.0,0.11382365573014697,0.0,-0.15188459084159533,0.0
3.3000000000000003,0.05404144472309989,0.0,0.11351824393050325,0.0,-0.15352719277633484,0.0
3.302,0.05426817306156232,0.0,0.11320954703647776,0.0,-0.15516967855464042,0.0
3.3040000000000003,0.05449428072136268,0.0,0.11289756532041878,0.0,-0.15681200812957868,0.0
3.306,0.05471976113319586,0.0,0.11258229913483608,0.0,-0.15845414138729114,0.0
3.3080000000000003,0.05494460772854242,0.0,0.11226374891253285,0.0,-0.16009603814789364,0.0
3.31,0.05516881393982856,0.0,0.11194191516673783,0.0,-0.16173765816636682,0.0
3.3120000000000003,0.055392373200587756,0.0,0.11161679849123367,0.0,-0.16337896113346018,0.0
3.314,0.055615278945621544,0.0,0.11128839956048524,0.0,-0.16501990667659105,0.0
3.3160000000000003,0.055837524611161246,0.0,0.11095671912976522,0.0,-0.166660454360751,0.0
3.318,0.05605910363502962,0.0,0.11062175803527786,0.0,-0.16830056368941332,0.0
3.3200000000000003,0.05628000945680289,0.0,0.11028351719428131,0.0,-0.1699401941054435,0.0
3.322,0.056500235517972855,0.0,0.10994199760520781,0.0,-0.17157930499201263,0.0
3.3240000000000003,0.05671977526210968,0.0,0.10959720034778202,0.0,-0.17321785567351508,0.0
3.326,0.05693862213502404,0.0,0.10924912658313818,0.0,-0.17485580541648385,0.0
3.3280000000000003,0.05715676958493072,0.0,0.10889777755393411,0.0,-0.1764931134305172,0.0
3.33,0.057374211062611126,0.0,0.10854315458446512,0.0,-0.17812973886919825,0.0
3.332,0.05759094002157721,0.0,0.10818525908077417,0.0,-0.17976564083102609,0.0
3.334,0.05780694991823486,0.0,0.10782409253076149,0.0,-0.18140077836034407,0.0
3.336,0.05802223421204747,0.0,0.10745965650429251,0.0,-0.1830351104482703,0.0
3.338,0.05823678636570052,0.0,0.10709195265330226,0.0,-0.1846685960336373,0.0
3.34,0.05845059984526523,0.0,0.1067209827119002,0.0,-0.18630119400392475,0.0
3.342,0.05866366812036358,0.0,0.10634674849647088,0.0,-0.1879328631962045,0.0
3.344,0.058875984664332456,0.0,0.10596925190577458,0.0,-0.1895635623980799,0.0
3.346,0.059087542954388825,0.0,0.10558849492104504,0.0,-0.1911932503486334,0.0
3.348,0.059298336471794645,0.0,0.10520447960608552,0.0,-0.19282188573937398,0.0
3.35,0.059508358702022174,0.0,0.10481720810736314,0.0,-0.19444942721518788,0.0
3.352,0.05971760313491921,0.0,0.104426682654101,0.0,-0.19607583337529103,0.0
3.354,0.059926063264875096,0.0,0.10403290555836846,0.0,-0.197701062774187,0.0
3.356,0.06013373259098588,0.0,0.10363587921517028,0.0,-0.19932507392262067,0.0
3.358,0.060340604617220954,0.0,0.10323560610253202,0.0,-0.20094782528854396,0.0
3.36,0.06054667285258861,0.0,0.10283208878158609,0.0,-0.20256927529807423,0.0
3.362,0.06075193081130279,0.0,0.10242532989665289,0.0,-0.20418938233646317,0.0
3.364,0.06095637201294911,0.0,0.1020153321753232,0.0,-0.20580810474906086,0.0
3.366,0.061159989982651916,0.0,0.10160209842853549,0.0,-0.20742540084228983,0.0
3.368,0.061362778251240674,0.0,0.10118563155065383,0.0,-0.20904122888461402,0.0
3.37,0.061564730355417194,0.0,0.10076593451954252,0.0,-0.21065554710751555,0.0
3.372,0.06176583983792247,0.0,0.10034301039663891,0.0,-0.21226831370647053,0.0
3.374,0.06196610024770409,0.0,0.09991686232702485,0.0,-0.2138794868419293,0.0
3.376,0.06216550514008342,0.0,0.09948749353949532,0.0,-0.21548902464029696,0.0
3.378,0.062364048076923306,0.0,0.09905490734662539,0.0,-0.2170968851949185,0.0
3.38,0.06256172262679544,0.0,0.09861910714483657,0.0,-0.21870302656706242,0.0
3.382,0.06275852236514841,0.0,0.098180096414458,0.0,-0.22030740678691207,0.0
3.384,0.06295444087447521,0.0,0.09773787871978973,0.0,-0.2219099838545522,0.0
3.386,0.06314947174448172,0.0,0.09729245770915998,0.0,-0.2235107157409654,0.0
3.388,0.06334360857225428,0.0,0.09684383711498412,0.0,-0.22510956038902244,0.0
3.39,0.06353684496242845,0.0,0.09639202075381845,0.0,-0.22670647571448327,0.0
3.392,0.06372917452735688,0.0,0.09593701252641426,0.0,-0.22830141960699196,0.0
3.394,0.06392059088727808,0.0,0.09547881641776888,0.0,-0.22989434993107993,0.0
3.396,0.06411108767048479,0.0,0.09501743649717476,0.0,-0.2314852245271674,0.0
3.398,0.06430065851349268,0.0,0.0945528769182668,0.0,-0.23307400121256883,0.0
3.4,0.0644892970612091,0.0,0.09408514191906775,0.0,-0.23466063778249968,0.0
3.402,0.06467699696710186,0.0,0.09361423582203057,0.0,-0.2362450920110857,0.0
3.404,0.06486375189336806,0.0,0.09314016303408115,0.0,-0.23782732165237128,0.0
3.406,0.06504955551110334,0.0,0.09266292804665556,0.0,-0.2394072844413359,0.0
3.408,0.06523440150047048,0.0,0.09218253543573901,0.0,-0.24098493809490434,0.0
3.41,0.06541828355086912,0.0,0.09169898986189935,0.0,-0.24256024031296747,0.0
3.412,0.06560119536110438,0.0,0.0912122960703212,0.0,-0.24413314877939635,0.0
3.414,0.0657831306395566,0.0,0.0907224588908366,0.0,-0.2457036211630654,0.0
3.416,0.06596408310435026,0.0,0.09022948323795389,0.0,-0.2472716151188722,0.0
3.418,0.0661440464835237,0.0,0.08973337411088476,0.0,-0.24883708828876244,0.0
3.42,0.0663230145151984,0.0,0.08923413659356916,0.0,-0.2503999983027549,0.0
3.422,0.06650098094774841,0.0,0.08873177585469802,0.0,-0.25196030277996806,0.0
3.424,0.06667793953996991,0.0,0.0882262971477342,0.0,-0.25351795932964927,0.0
3.426,0.06685388406125091,0.0,0.08771770581093066,0.0,-0.25507292555220634,0.0
3.428,0.06702880829174056,0.0,0.08720600726734823,0.0,-0.2566251590402371,0.0
3.43,0.06720270602251917,0.0,0.08669120702486868,0.0,-0.25817461737956665,0.0
3.432,0.06737557105576737,0.0,0.08617331067620893,0.0,-0.2597212581502789,0.0
3.434,0.06754739720493635,0.0,0.08565232389892974,0.0,-0.2612650389277576,0.0
3.436,0.06771817829491708,0.0,0.08512825245544549,0.0,-0.2628059172837219,0.0
3.438,0.0678879081622103,0.0,0.08460110219302974,0.0,-0.26434385078726774,0.0
3.44,0.0680565806550961,0.0,0.08407087904381966,0.0,-0.2658787970059092,0.0
3.442,0.06822418963380382,0.0,0.08353758902481805,0.0,-0.26741071350662216,0.0
3.444,0.06839072897068153,0.0,0.08300123823789358,0.0,-0.26893955785688783,0.0
3.446,0.06855619255036605,0.0,0.08246183286977814,0.0,-0.27046528762574057,0.0
3.448,0.06872057426995237,0.0,0.08191937919206388,0.0,-0.27198786038481276,0.0
3.45,0.06888386803916366,0.0,0.0813738835611953,0.0,-0.273507233709387,0.0
3.452,0.06904606778052069,0.0,0.08082535241846278,0.0,-0.2750233651794426,0.0
3.454,0.06920716742951181,0.0,0.08027379228999018,0.0,-0.2765362123807112,0.0
3.456,0.06936716093476224,0.0,0.07971920978672425,0.0,-0.27804573290572554,0.0
3.458,0.06952604225820411,0.0,0.07916161160441816,0.0,-0.2795518843548779,0.0
3.46,0.0696838053752457,0.0,0.07860100452361599,0.0,-0.2810546243374722,0.0
3.462,0.06984044427494124,0.0,0.07803739540963334,0.0,-0.28255391047278267,0.0
3.464,0.06999595296016028,0.0,0.07747079121253642,0.0,-0.2840497003911108,0.0
3.466,0.07015032544775729,0.0,0.07690119896711892,0.0,-0.28554195173484564,0.0
3.468,0.07030355576874098,0.0,0.07632862579287683,0.0,-0.2870306221595227,0.0
3.47,0.07045563796844381,0.0,0.07575307889398067,0.0,-0.2885156693348875,0.0
3.472,0.07060656610669112,0.0,0.07517456555924715,0.0,-0.2899970509459555,0.0
3.474,0.07075633425797068,0.0,0.07459309316210584,0.0,-0.2914747246940792,0.0
3.476,0.07090493651160143,0.0,0.07400866916056736,0.0,-0.29294864829800915,0.0
3.478,0.07105236697190315,0.0,0.07342130109718553,0.0,-0.29441877949496376,0.0
3.48,0.07119861975836508,0.0,0.07283099659902141,0.0,-0.29588507604169284,0.0
3.482,0.07134368900581517,0.0,0.07223776337760125,0.0,-0.29734749571554814,0.0
3.484,0.07148756886458874,0.0,0.07164160922887561,0.0,-0.2988059963155503,0.0
3.486,0.0716302535006975,0.0,0.0710425420331743,0.0,-0.3002605356634601,0.0
3.488,0.07177173709599803,0.0,0.07044056975515997,0.0,-0.301711071604848,0.0
3.49,0.0719120138483607,0.0,0.0698357004437795,0.0,-0.3031575620101671,0.0
3.492,0.07205107797183782,0.0,0.06922794223221312,0.0,-0.3045999647758244,0.0
3.494,0.07218892369683247,0.0,0.06861730333782096,0.0,-0.3060382378252562,0.0
3.496,0.07232554527026636,0.0,0.06800379206208919,0.0,-0.30747233910999894,0.0
3.498,0.07246093695574841,0.0,0.06738741679057092,0.0,-0.30890222661076844,0.0
3.5,0.0725950930337426,0.0,0.06676818599282879,0.0,-0.3103278583385318,0.0
3.5020000000000002,0.07272800780173605,0.0,0.06614610822237142,0.0,-0.31174919233558746,0.0
3.504,0.0728596755744067,0.0,0.06552119211659116,0.0,-0.3131661866766394,0.0
3.5060000000000002,0.07299009068379116,0.0,0.0648934463966975,0.0,-0.31457879946987694,0.0
3.508,0.07311924747945218,0.0,0.06426287986764913,0.0,-0.315986988858053,0.0
3.5100000000000002,0.07324714032864621,0.0,0.06362950141808382,0.0,-0.31739071301956356,0.0
3.512,0.07337376361649048,0.0,0.06299332002024619,0.0,-0.31878993016952667,0.0
3.5140000000000002,0.07349911174613037,0.0,0.06235434472991233,0.0,-0.3201845985608649,0.0
3.516,0.07362317913890612,0.0,0.06171258468631481,0.0,-0.32157467648538324,0.0
3.5180000000000002,0.07374596023451997,0.0,0.061068049112061706,0.0,-0.3229601222748549,0.0
3.52,0.07386744949120266,0.0,0.06042074731305778,0.0,-0.3243408943020991,0.0
3.5220000000000002,0.07398764138587995,0.0,0.05977068867841909,0.0,-0.325716950982068,0.0
3.524,0.0741065304143389,0.0,0.05911788268038988,0.0,-0.3270882507729252,0.0
3.5260000000000002,0.07422411109139426,0.0,0.05846233887425295,0.0,-0.3284547521771339,0.0
3.528,0.07434037795105417,0.0,0.05780406689824155,0.0,-0.3298164137425369,0.0
3.5300000000000002,0.0744553255466862,0.0,0.057143076473446824,0.0,-0.3311731940634438,0.0
3.532,0.07456894845118284,0.0,0.05647937740372392,0.0,-0.33252505178171393,0.0
3.5340000000000003,0.074681241257127,0.0,0.05581297957559581,0.0,-0.3338719455878423,0.0
3.536,0.07479219857695718,0.0,0.05514389295815508,0.0,-0.3352138342220439,0.0
3.5380000000000003,0.0749018150431326,0.0,0.0544721276029627,0.0,-0.3365506764753417,0.0
3.54,0.07501008530829796,0.0,0.05379769364394686,0.0,-0.3378824311906484,0.0
3.5420000000000003,0.07511700404544815,0.0,0.05312060129729601,0.0,-0.3392090572638574,0.0
3.544,0.07522256594809247,0.0,0.052440860861354056,0.0,-0.34053051364492454,0.0
3.5460000000000003,0.07532676573041915,0.0,0.0517584827165089,0.0,-0.3418467593389585,0.0
3.548,0.07542959812745897,0.0,0.05107347732508327,0.0,-0.34315775340730353,0.0
3.5500000000000003,0.07553105789524937,0.0,0.05038585523121911,0.0,-0.3444634549686305,0.0
3.552,0.07563113981099764,0.0,0.04969562706076333,0.0,-0.34576382320001947,0.0
3.5540000000000003,0.07572983867324452,0.0,0.04900280352114925,0.0,-0.34705881733804983,0.0
3.556,0.07582714930202694,0.0,0.048307395401276605,0.0,-0.34834839667988526,0.0
3.5580000000000003,0.07592306653904111,0.0,0.04760941357138932,0.0,-0.3496325205843617,0.0
3.56,0.07601758524780497,0.0,0.04690886898295121,0.0,-0.35091114847307375,0.0
3.5620000000000003,0.07611070031382047,0.0,0.046205772668518656,0.0,-0.3521842398314626,0.0
3.564,0.0762024066447356,0.0,0.045500135741613434,0.0,-0.3534517542099003,0.0
3.5660000000000003,0.07629269917050638,0.0,0.04479196939658956,0.0,-0.3547136512247804,0.0
3.568,0.07638157284355815,0.0,0.04408128490850251,0.0,-0.3559698905596004,0.0
3.5700000000000003,0.076469022638947,0.0,0.04336809363297173,0.0,-0.35722043196605174,0.0
3.572,0.07655504355452064,0.0,0.04265240700604476,0.0,-0.35846523526510354,0.0
3.5740000000000003,0.07663963061107935,0.0,0.04193423654405692,0.0,-0.35970426034809083,0.0
3.576,0.07672277885253605,0.0,0.041213593843489514,0.0,-0.36093746717779807,0.0
3.5780000000000003,0.07680448334607677,0.0,0.040490490580825975,0.0,-0.36216481578954685,0.0
3.58,0.0768847391823204,0.0,0.03976493851240579,0.0,-0.36338626629228044,0.0
3.5820000000000003,0.07696354147547817,0.0,0.03903694947427541,0.0,-0.36460177886964856,0.0
3.584,0.07704088536351299,0.0,0.038306535382039486,0.0,-0.3658113137810916,0.0
3.586,0.07711676600829848,0.0,0.03757370823070597,0.0,-0.36701483136292706,0.0
3.588,0.07719117859577751,0.0,0.03683848009453307,0.0,-0.36821229202943095,0.0
3.59,0.07726411833612054,0.0,0.036100863126871344,0.0,-0.3694036562739228,0.0
3.592,0.0773355804638838,0.0,0.03536086956000486,0.0,-0.3705888846698483,0.0
3.594,0.07740556023816673,0.0,0.03461851170498985,0.0,-0.3717679378718615,0.0
3.596,0.07747405294276967,0.0,0.03387380195149054,0.0,-0.37294077661690855,0.0
3.598,0.0775410538863507,0.0,0.03312675276761516,0.0,-0.3741073617253066,0.0
3.6,0.07760655840258239,0.0,0.03237737669974579,0.0,-0.3752676541018277,0.0
3.602,0.07767056185030825,0.0,0.031625686372370794,0.0,-0.3764216147367765,0.0
3.604,0.07773305961369877,0.0,0.030871694487910512,0.0,-0.37756920470707267,0.0
3.606,0.07779404710240692,0.0,0.030115413826544483,0.0,-0.3787103851773281,0.0
3.608,0.07785351975172379,0.0,0.029356857246034273,0.0,-0.37984511740092647,0.0
3.61,0.07791147302273334,0.0,0.028596037681545044,0.0,-0.3809733627211007,0.0
3.612,0.0779679024024672,0.0,0.027832968145464723,0.0,-0.38209508257201075,0.0
3.614,0.07802280340405873,0.0,0.02706766172722126,0.0,-0.38321023847981844,0.0
3.616,0.07807617156689713,0.0,0.026300131593096764,0.0,-0.3843187920637657,0.0
3.618,0.07812800245678081,0.0,0.025530390986041932,0.0,-0.3854207050372459,0.0
3.62,0.0781782916660706,0.0,0.024758453225484457,0.0,-0.38651593920888155,0.0
3.622,0.07822703481384251,0.0,0.023984331707139837,0.0,-0.38760445648359404,0.0
3.624,0.07827422754604015,0.0,0.02320803990281532,0.0,-0.3886862188636792,0.0
3.626,0.07831986553562656,0.0,0.022429591360216557,0.0,-0.38976118844987506,0.0
3.628,0.0783639444827361,0.0,0.021648999702747265,0.0,-0.39082932744243604,0.0
3.63,0.07840646011482524,0.0,0.020866278629310907,0.0,-0.3918905981421989,0.0
3.632,0.07844740818682382,0.0,0.0200814419141076,0.0,-0.39294496295165404,0.0
3.634,0.07848678448128503,0.0,0.01929450340642996,0.0,-0.3939923843760107,0.0
3.636,0.07852458480853569,0.0,0.018505477030456588,0.0,-0.3950328250242655,0.0
3.638,0.0785608050068256,0.0,0.017714376785043555,0.0,-0.3960662476102654,0.0
3.64,0.07859544094247681,0.0,0.016921216743513035,0.0,-0.39709261495377446,0.0
3.642,0.07862848851003229,0.0,0.016126011053441334,0.0,-0.39811188998153446,0.0
3.644,0.0786599436324043,0.0,0.015328773936443264,0.0,-0.399124035728329,0.0
3.646,0.07868980226102211,0.0,0.014529519687955152,0.0,-0.4001290153380427,0.0
3.648,0.07871806037597953,0.0,0.01372826267701556,0.0,-0.4011267920647215,0.0
3.65,0.07874471398618185,0.0,0.01292501734604391,0.0,-0.402117329273631,0.0
3.652,0.07876975912949245,0.0,0.012119798210616994,0.0,-0.4031005904423131,0.0
3.654,0.07879319187287874,0.0,0.011312619859243402,0.0,-0.40407653916164193,0.0
3.656,0.078815008312558,0.0,0.01050349695313569,0.0,-0.4050451391368788,0.0
3.658,0.07883520457414231,0.0,0.009692444225980708,0.0,-0.406006354188724,0.0
3.66,0.07885377681278355,0.0,0.008879476483707537,0.0,-0.4069601482543702,0.0
3.662,0.07887072121331742,0.0,0.008064608604253488,0.0,-0.40790648538855173,0.0
3.664,0.07888603399040732,0.0,0.007247855537328048,0.0,-0.40884532976459304,0.0
3.666,0.07889971138868765,0.0,0.00642923230417454,0.0,-0.4097766456754576,0.0
3.668,0.07891174968290665,0.0,0.0056087539973299,0.0,-0.41070039753479226,0.0
3.67,0.07892214517806867,0.0,0.004786435780382181,0.0,-0.4116165498779726,0.0
3.672,0.07893089420957614,0.0,0.003962292887726079,0.0,-0.4125250673631459,0.0
3.674,0.07893799314337088,0.0,0.00313634062431669,0.0,-0.41342591477227175,0.0
3.676,0.07894343837607486,0.0,0.0023085943654192406,0.0,-0.4143190570121629,0.0
3.678,0.0789472263351309,0.0,0.001479069556361852,0.0,-0.41520445911552156,0.0
3.68,0.07894935347894205,0.0,0.0006477817122779103,0.0,-0.4160820862419782,0.0
3.682,0.07894981629701155,0.0,-0.00018525358214366988,0.0,-0.41695190367912394,0.0
3.684,0.07894861131008109,0.0,-0.0010200206729202577,0.0,-0.417813876843546,0.0
3.686,0.07894573507026945,0.0,-0.0018565038370309053,0.0,-0.41866797128185707,0.0
3.688,0.07894118416121042,0.0,-0.002694687282679152,0.0,-0.41951415267172604,0.0
3.69,0.07893495519818974,0.0,-0.0035345551495557584,0.0,-0.4203523868229051,0.0
3.692,0.07892704482828222,0.0,-0.004376091509103938,0.0,-0.42118263967825653,0.0
3.694,0.07891744973048774,0.0,-0.0052192803647865965,0.0,-0.4220048773147762,0.0
3.696,0.078906166615867,0.0,-0.006064105652355593,0.0,-0.4228190659446162,0.0
3.698,0.07889319222767668,0.0,-0.0069105512401231445,0.0,-0.42362517191610494,0.0
3.7,0.0788785233415041,0.0,-0.007758600929235075,0.0,-0.42442316171476596,0.0
3.702,0.07886215676540119,0.0,-0.008608238453946392,0.0,-0.42521300196433437,0.0
3.704,0.07884408934001803,0.0,-0.00945944748189858,0.0,-0.4259946594277713,0.0
3.706,0.07882431793873576,0.0,-0.010312211614399096,0.0,-0.42676810100827617,0.0
3.708,0.07880283946779909,0.0,-0.011166514386702894,0.0,-0.427533293750298,0.0
3.71,0.07877965086644796,0.0,-0.012022339268295941,0.0,-0.4282902048405428,0.0
3.712,0.07875474910704894,0.0,-0.012879669663180694,0.0,-0.4290388016089814,0.0
3.714,0.07872813119522573,0.0,-0.013738488910163632,0.0,-0.42977905152985163,0.0
3.716,0.07869979416998951,0.0,-0.014598780283144847,0.0,-0.43051092222266285,0.0
3.718,0.07866973510386825,0.0,-0.0154605269914092,0.0,-0.4312343814531937,0.0
3.72,0.07863795110303559,0.0,-0.016323712179921526,0.0,-0.4319493971344917,0.0
3.722,0.07860443930743967,0.0,-0.017188318929618585,0.0,-0.4326559373278671,0.0
3.724,0.07856919689093012,0.0,-0.018054330257711457,0.0,-0.4333539702438881,0.0
3.726,0.07853222106138597,0.0,-0.018921729117979784,0.0,-0.43404346424336965,0.0
3.728,0.07849350906084158,0.0,-0.019790498401078598,0.0,-0.43472438783836437,0.0
3.73,0.07845305816561315,0.0,-0.020660620934836393,0.0,-0.4353967096931468,0.0
3.732,0.07841086568642358,0.0,-0.021532079484565647,0.0,-0.43606039862519974,0.0
3.734,0.07836692896852748,0.0,-0.022404856753366405,0.0,-0.4367154236061937,0.0
3.736,0.07832124539183523,0.0,-0.023278935382437492,0.0,-0.4373617537629679,0.0
3.738,0.07827381237103644,0.0,-0.0241542979513873,0.0,-0.4379993583785056,0.0
3.74,0.07822462735572284,0.0,-0.025030926978547266,0.0,-0.43862820689291,0.0
3.742,0.07817368783051049,0.0,-0.025908804921286818,0.0,-0.43924826890437463,0.0
3.744,0.07812099131516147,0.0,-0.026787914176330786,0.0,-0.43985951417015373,0.0
3.746,0.0780665353647047,0.0,-0.027668237080078283,0.0,-0.4404619126075286,0.0
3.748,0.07801031756955645,0.0,-0.028549755908923904,0.0,-0.441055434294772,0.0
3.75,0.07795233555563981,0.0,-0.02943245287958051,0.0,-0.44164004947210944,0.0
3.7520000000000002,0.07789258698450402,0.0,-0.030316310149404238,0.0,-0.44221572854267877,0.0
3.754,0.07783106955344257,0.0,-0.03120130981672111,0.0,-0.44278244207348616,0.0
3.7560000000000002,0.0777677809956111,0.0,-0.03208743392115591,0.0,-0.44334016079635996,0.0
3.758,0.0777027190801444,0.0,-0.032974664443962645,0.0,-0.44388885560890146,0.0
3.7600000000000002,0.07763588161227289,0.0,-0.033862983308357124,0.0,-0.44442849757543357,0.0
3.762,0.07756726643343834,0.0,-0.03475237237985095,0.0,-0.44495905792794577,0.0
3.7640000000000002,0.07749687142140872,0.0,-0.035642813466589554,0.0,-0.4454805080670378,0.0
3.766,0.07742469449039314,0.0,-0.03653428831968652,0.0,-0.445992819562858,0.0
3.7680000000000002,0.07735073359115485,0.0,-0.03742677863356879,0.0,-0.4464959641560425,0.0
3.77,0.07727498671112505,0.0,-0.038320266046313174,0.0,-0.44698991375864716,0.0
3.7720000000000002,0.0771974518745144,0.0,-0.039214732139995455,0.0,-0.44747464045508084,0.0
3.774,0.0771181271424256,0.0,-0.04011015844103067,0.0,-0.4479501165030327,0.0
3.7760000000000002,0.07703701061296347,0.0,-0.041006526420525664,0.0,-0.44841631433439844,0.0
3.778,0.07695410042134589,0.0,-0.041903817494624684,0.0,-0.448873206556202,0.0
3.7800000000000002,0.076869394740013,0.0,-0.04280201302486223,0.0,-0.4493207659515159,0.0
3.782,0.07678289177873626,0.0,-0.04370109431851583,0.0,-0.4497589654803771,0.0
3.7840000000000003,0.07669458978472656,0.0,-0.044601042628960794,0.0,-0.45018777828070133,0.0
3.786,0.07660448704274149,0.0,-0.045501839156026784,0.0,-0.45060717766919245,0.0
3.7880000000000003,0.07651258187519243,0.0,-0.046403465046356625,0.0,-0.4510171371422508,0.0
3.79,0.07641887264225017,0.0,-0.04730590139376616,0.0,-0.4514176303768762,0.0
3.7920000000000003,0.07632335774195059,0.0,-0.048209129239606824,0.0,-0.4518086312315708,0.0
3.794,0.07622603561029882,0.0,-0.04911312957312908,0.0,-0.4521901137472349,0.0
3.7960000000000003,0.07612690472137346,0.0,-0.05001788333184848,0.0,-0.4525620521480633,0.0
3.798,0.07602596358742938,0.0,-0.05092337140191294,0.0,-0.45292442084243556,0.0
3.8000000000000003,0.07592321075900031,0.0,-0.051829574618472096,0.0,-0.4532771944238054,0.0
3.802,0.07581864482500035,0.0,-0.0527364737660483,0.0,-0.4536203476715847,0.0
3.8040000000000003,0.07571226441282483,0.0,-0.053644049578909406,0.0,-0.4539538555520254,0.0
3.806,0.07560406818845049,0.0,-0.05455228274144333,0.0,-0.4542776932190979,0.0
3.8080000000000003,0.07549405485653493,0.0,-0.055461153888534426,0.0,-0.45459183601536657,0.0
3.81,0.07538222316051514,0.0,-0.056370643605941094,0.0,-0.45489625947285983,0.0
3.8120000000000003,0.07526857188270519,0.0,-0.05728073243067735,0.0,-0.45519093931394017,0.0
3.814,0.07515309984439403,0.0,-0.058191400851390705,0.0,-0.45547585145216796,0.0
3.8160000000000003,0.0750358059059408,0.0,-0.0591026293087503,0.0,-0.4557509719931626,0.0
3.818,0.07491668896687151,0.0,-0.060014398195826636,0.0,-0.45601627723546106,0.0
3.8200000000000003,0.07479574796597278,0.0,-0.06092668785848322,0.0,-0.4562717436713716,0.0
3.822,0.07467298188138677,0.0,-0.061839478595761464,0.0,-0.4565173479878248,0.0
3.8240000000000003,0.0745483897307039,0.0,-0.0627527506602722,0.0,-0.4567530670672213,0.0
3.826,0.07442197057105547,0.0,-0.06366648425858713,0.0,-0.45697887798827463,0.0
3.8280000000000003,0.07429372349920539,0.0,-0.06458065955163259,0.0,-0.45719475802685206,0.0
3.83,0.07416364765164099,0.0,-0.06549525665508439,0.0,-0.4574006846568104,0.0
3.8320000000000003,0.07403174220466324,0.0,-0.06641025563976481,0.0,-0.4575966355508299,0.0
3.834,0.0738980063744759,0.0,-0.06732563653204092,0.0,-0.45778258858124204,0.0
3.8360000000000003,0.07376243941727417,0.0,-0.06824137931422482,0.0,-0.45795852182085595,0.0
3.838,0.07362504062933233,0.0,-0.06915746392497542,0.0,-0.45812441354377953,0.0
3.84,0.07348580934709065,0.0,-0.07007387025970177,0.0,-0.4582802422262383,0.0
3.842,0.07334474494724151,0.0,-0.0709905781709683,0.0,-0.4584259865473887,0.0
3.844,0.0732018468468148,0.0,-0.0719075674689009,0.0,-0.458561625390129,0.0
3.846,0.0730571145032618,0.0,-0.07282481792159695,0.0,-0.4586871378419053,0.0
3.848,0.07291054741453999,0.0,-0.07374230925553185,0.0,-0.4588025031955155,0.0
3.85,0.07276214511919443,0.0,-0.07466002115597499,0.0,-0.4589077009499066,0.0
3.852,0.0726119071964412,0.0,-0.075577933267398,0.0,-0.45900271081097144,0.0
3.854,0.07245983326624733,0.0,-0.07649602519389417,0.0,-0.45908751269233783,0.0
3.856,0.07230592298941192,0.0,-0.07741427649959104,0.0,-0.45916208671615716,0.0
3.858,0.07215017606764557,0.0,-0.0783326667090701,0.0,-0.45922641321388735,0.0
3.86,0.07199259224364864,0.0,-0.07925117530778557,0.0,-0.4592804727270713,0.0
3.862,0.07183317130118956,0.0,-0.0801697817424856,0.0,-0.45932424600811284,0.0
3.864,0.07167191306518153,0.0,-0.08108846542163459,0.0,-0.4593577140210473,0.0
3.866,0.07150881740175881,0.0,-0.0820072057158373,0.0,-0.4593808579423091,0.0
3.868,0.07134388421835187,0.0,-0.08292598195826438,0.0,-0.4593936591614943,0.0
3.87,0.07117711346376202,0.0,-0.08384477344507948,0.0,-0.45939609928211983,0.0
3.872,0.07100850512823477,0.0,-0.08476355943586786,0.0,-0.4593881601223778,0.0
3.874,0.0708380592435328,0.0,-0.0856823191540664,0.0,-0.4593698237158867,0.0
3.876,0.07066577588300761,0.0,-0.08660103178739531,0.0,-0.45934107231243715,0.0
3.878,0.07049165516167073,0.0,-0.08751967648829118,0.0,-0.45930188837873503,0.0
3.88,0.07031569723626357,0.0,-0.08843823237434151,0.0,-0.45925225459913827,0.0
3.882,0.07013790230532703,0.0,-0.08935667852872077,0.0,-0.45919215387639184,0.0
3.884,0.06995827060926957,0.0,-0.090274994000628,0.0,-0.45912156933235654,0.0
3.886,0.06977680243043498,0.0,-0.0911931578057256,0.0,-0.45904048430873434,0.0
3.888,0.06959349809316888,0.0,-0.09211114892657954,0.0,-0.45894888236778947,0.0
3.89,0.06940835796388416,0.0,-0.09302894631310268,0.0,-0.4588467472930642,0.0
3.892,0.06922138245112684,0.0,-0.09394652888299468,0.0,-0.45873406309009274,0.0
3.894,0.06903257200563861,0.0,-0.09486387552219144,0.0,-0.45861081398710685,0.0
3.896,0.06884192712042145,0.0,-0.09578096508530592,0.0,-0.45847698443574136,0.0
3.898,0.06864944833079827,0.0,-0.09669777639608101,0.0,-0.45833255911173115,0.0
3.9,0.0684551362144758,0.0,-0.09761428824783315,0.0,-0.4581775229156081,0.0
3.902,0.06825899139160346,0.0,-0.09853047940390738,0.0,-0.45801186097338836,0.0
3.904,0.06806101452483405,0.0,-0.09944632859812569,0.0,-0.45783555863726033,0.0
3.906,0.06786120631938174,0.0,-0.1003618145352415,0.0,-0.4576486014862647,0.0
3.908,0.06765956752307978,0.0,-0.10127691589139354,0.0,-0.4574509753269704,0.0
3.91,0.06745609892643752,0.0,-0.10219161131456198,0.0,-0.45724266619414816,0.0
3.912,0.06725080136269605,0.0,-0.10310587942502514,0.0,-0.45702366035143627,0.0
3.914,0.06704367570788326,0.0,-0.10401969881581816,0.0,-0.4567939442920045,0.0
3.916,0.0668347228808678,0.0,-0.10493304805319251,0.0,-0.45655350473921175,0.0
3.918,0.06662394384341223,0.0,-0.1058459056770771,0.0,-0.4563023286472598,0.0
3.92,0.0664113396002252,0.0,-0.10675825020154078,0.0,-0.45604040320184197,0.0
3.922,0.06619691119901265,0.0,-0.10767006011525555,0.0,-0.4557677158207874,0.0
3.924,0.06598065973052827,0.0,-0.10858131388196202,0.0,-0.45548425415470073,0.0
3.926,0.06576258632862277,0.0,-0.1094919899409352,0.0,-0.45519000608759697,0.0
3.928,0.06554269217029232,0.0,-0.11040206670745195,0.0,-0.4548849597375303,0.0
3.93,0.06532097847572624,0.0,-0.11131152257325996,0.0,-0.4545691034572209,0.0
3.932,0.06509744650835356,0.0,-0.11222033590704714,0.0,-0.454242425834675,0.0
3.934,0.06487209757488817,0.0,-0.11312848505491456,0.0,-0.45390491569379876,0.0
3.936,0.0646449330253747,0.0,-0.11403594834084516,0.0,-0.4535565620950125,0.0
3.938,0.06441595425323073,0.0,-0.11494270406718247,0.0,-0.45319735433585273,0.0
3.94,0.06418516269529113,0.0,-0.11584873051509988,0.0,-0.45282728195157673,0.0
3.942,0.06395255983184846,0.0,-0.11675400594508241,0.0,-0.45244633471575557,0.0
3.944,0.06371814718669545,0.0,-0.11765850859739824,0.0,-0.45205450264086877,0.0
3.946,0.06348192632716332,0.0,-0.11856221669258221,0.0,-0.45165177597888706,0.0
3.948,0.06324389886416193,0.0,-0.11946510843191177,0.0,-0.451238145221856,0.0
3.95,0.06300406645221748,0.0,-0.12036716199788941,0.0,-0.4508136011024726,0.0
3.952,0.0627624307895094,0.0,-0.12126835555472401,0.0,-0.4503781345946547,0.0
3.954,0.06251899361790669,0.0,-0.12216866724881423,0.0,-0.4499317369141097,0.0
3.956,0.06227375672300287,0.0,-0.12306807520923199,0.0,-0.44947439951889423,0.0
3.958,0.06202672193415035,0.0,-0.1239665575482086,0.0,-0.4490061141099714,0.0
3.96,0.061777891124493396,0.0,-0.1248640923616203,0.0,-0.4485268726317613,0.0
3.962,0.061527266211000534,0.0,-0.12576065772947628,0.0,-0.44803666727268776,0.0
3.964,0.06127484915449575,0.0,-0.12665623171640703,0.0,-0.44753549046571933,0.0
3.966,0.0610206419596887,0.0,-0.12755079237215383,0.0,-0.4470233348889046,0.0
3.968,0.06076464667520404,0.0,-0.12844431773205972,0.0,-0.44650019346590375,0.0
3.97,0.060506865393609756,0.0,-0.12933678581756106,0.0,-0.44596605936651323,0.0
3.972,0.060247300251444424,0.0,-0.13022817463668038,0.0,-0.4454209260071871,0.0
3.974,0.05998595342924361,0.0,-0.13111846218452017,0.0,-0.4448647870515514,0.0
3.976,0.059722827151565135,0.0,-0.1320076264437578,0.0,-0.4442976364109148,0.0
3.978,0.05945792368701354,0.0,-0.13289564538514131,0.0,-0.4437194682447727,0.0
3.98,0.059191245348263484,0.0,-0.1337824969679862,0.0,-0.4431302769613075,0.0
3.982,0.058922794492081446,0.0,-0.13466815914067432,0.0,-0.44253005721788063,0.0
3.984,0.05865257351934868,0.0,-0.13555260984115017,0.0,-0.44191880392152594,0.0
3.986,0.05838058487507943,0.0,-0.13643582699742443,0.0,-0.441296512229427,0.0
3.988,0.05810683104844252,0.0,-0.13731778852807036,0.0,-0.44066317754940204,0.0
3.99,0.05783131457277774,0.0,-0.13819847234273017,0.0,-0.4400187955403707,0.0
3.992,0.0575540380256146,0.0,-0.13907785634261396,0.0,-0.4393633621128258,0.0
3.994,0.05727500402868812,0.0,-0.1399559184210053,0.0,-0.4386968734292936,0.0
3.996,0.05699421524795417,0.0,-0.14083263646376493,0.0,-0.43801932590479087,0.0
3.998,0.05671167439360402,0.0,-0.1417079883498368,0.0,-0.4373307162072766,0.0
4.0,0.05642738422007745,0.0,-0.142581951951754,0.0,-0.43663104125809693,0.0
4.002,0.05614134752607521,0.0,-0.1434545051361459,0.0,-0.4359202982324264,0.0
4.0040000000000004,0.055853567154570266,0.0,-0.14432562576424665,0.0,-0.43519848455970245,0.0
4.006,0.055564045992818084,0.0,-0.1451952916924038,0.0,-0.43446559792405504,0.0
4.008,0.05527278697236587,0.0,-0.1460634807725881,0.0,-0.43372163626473037,0.0
4.01,0.054979793069060874,0.0,-0.14693017085290444,0.0,-0.4329665977765093,0.0
4.0120000000000005,0.054685067303057604,0.0,-0.14779533977810308,0.0,-0.43220048091012087,0.0
4.014,0.05438861273882389,0.0,-0.1486589653900919,0.0,-0.4314232843726481,0.0
4.016,0.054090432485146264,0.0,-0.14952102552844979,0.0,-0.4306350071279315,0.0
4.018,0.053790529695134086,0.0,-0.15038149803094011,0.0,-0.4298356483969643,0.0
4.0200000000000005,0.05348890756622208,0.0,-0.1512403607340268,0.0,-0.42902520765828145,0.0
4.022,0.05318556934017363,0.0,-0.15209759147338697,0.0,-0.4282036846483485,0.0
4.024,0.05288051830308085,0.0,-0.15295316808442982,0.0,-0.4273710793619376,0.0
4.026,0.052573757785364494,0.0,-0.1538070684028133,0.0,-0.4265273920525005,0.0
4.0280000000000005,0.05226529116177365,0.0,-0.15465927026496076,0.0,-0.4256726232325394,0.0
4.03,0.05195512185138358,0.0,-0.15550975150857899,0.0,-0.4248067736739682,0.0
4.032,0.05164325331759219,0.0,-0.15635848997317925,0.0,-0.4239298444084678,0.0
4.034,0.05132968906811584,0.0,-0.1572054635005967,0.0,-0.42304183672783713,0.0
4.0360000000000005,0.05101443265498474,0.0,-0.15805064993550993,0.0,-0.4221427521843395,0.0
4.038,0.05069748767453686,0.0,-0.15889402712596182,0.0,-0.4212325925910426,0.0
4.04,0.05037885776740946,0.0,-0.1597355729238843,0.0,-0.4203113600221483,0.0
4.042,0.050058546618532186,0.0,-0.16057526518561793,0.0,-0.41937905681332455,0.0
4.0440000000000005,0.049736557957116886,0.0,-0.16141308177243707,0.0,-0.4184356855620253,0.0
4.046,0.04941289555664803,0.0,-0.16224900055107164,0.0,-0.4174812491278087,0.0
4.048,0.04908756323486985,0.0,-0.16308299939423487,0.0,-0.41651575063264323,0.0
4.05,0.04876056485377539,0.0,-0.16391505618114552,0.0,-0.41553919346121726,0.0
4.0520000000000005,0.04843190431959212,0.0,-0.16474514879805496,0.0,-0.41455158126123487,0.0
4.054,0.04810158558276747,0.0,-0.16557325513877297,0.0,-0.4135529179437091,0.0
4.056,0.04776961263795339,0.0,-0.16639935310519532,0.0,-0.4125432076832497,0.0
4.058,0.04743598952398955,0.0,-0.16722342060783021,0.0,-0.4115224549183438,0.0
4.0600000000000005,0.04710072032388502,0.0,-0.16804543556632828,0.0,-0.4104906643516294,0.0
4.062,0.04676380916480084,0.0,-0.16886537591000797,0.0,-0.4094478409501686,0.0
4.064,0.046425260218028744,0.0,-0.1696832195783877,0.0,-0.4083939899457071,0.0
4.066,0.04608507769897105,0.0,-0.17049894452171377,0.0,-0.40732911683493356,0.0
4.0680000000000005,0.04574326586711784,0.0,-0.171312528701492,0.0,-0.4062532273797286,0.0
4.07,0.045399829026025365,0.0,-0.17212395009101567,0.0,-0.4051663276074148,0.0
4.072,0.04505477152329063,0.0,-0.1729331866758994,0.0,-0.40406842381099245,0.0
4.074,0.04470809775052632,0.0,-0.17374021645461002,0.0,-0.4029595225493725,0.0
4.0760000000000005,0.04435981214333521,0.0,-0.1745450174389979,0.0,-0.40183963064760664,0.0
4.078,0.04400991918128285,0.0,-0.17534756765482903,0.0,-0.40070875519710847,0.0
4.08,0.04365842338786861,0.0,-0.17614784514231968,0.0,-0.3995669035558671,0.0
4.082,0.043305329330496155,0.0,-0.176945827956669,0.0,-0.398414083348656,0.0
4.0840000000000005,0.04295064162044372,0.0,-0.17774149416859242,0.0,-0.397250302467239,0.0
4.086,0.04259436491283258,0.0,-0.1785348218648552,0.0,-0.39607556907056757,0.0
4.088,0.04223650390659303,0.0,-0.17932578914880926,0.0,-0.39488989158496707,0.0
4.09,0.04187706334443227,0.0,-0.18011437414092576,0.0,-0.39369327870432735,0.0
4.0920000000000005,0.041516048012798706,0.0,-0.180900554979332,0.0,-0.39248573939027875,0.0
4.094,0.041153462741846954,0.0,-0.1816843098203451,0.0,-0.39126728287236734,0.0
4.096,0.04078931240539945,0.0,-0.18246561683901105,0.0,-0.39003791864821646,0.0
4.098,0.040423601920910025,0.0,-0.18324445422963842,0.0,-0.38879765648369347,0.0
4.1,0.04005633624942411,0.0,-0.18402080020633552,0.0,-0.38754650641306054,0.0
4.102,0.03968752039553812,0.0,-0.18479463300354915,0.0,-0.38628447873912175,0.0
4.104,0.039317159407359664,0.0,-0.18556593087659845,0.0,-0.3850115840333699,0.0
4.106,0.038945258376463975,0.0,-0.1863346721022154,0.0,-0.383727833136118,0.0
4.108,0.03857182243785061,0.0,-0.1871008349790819,0.0,-0.382433237156629,0.0
4.11,0.03819685676989971,0.0,-0.18786439782836695,0.0,-0.3811278074732415,0.0
4.112,0.037820366594326416,0.0,-0.18862533899426492,0.0,-0.37981155573348724,0.0
4.114,0.03744235717613374,0.0,-0.189383636844535,0.0,-0.37848449385419947,0.0
4.116,0.03706283382356481,0.0,-0.19013926977103995,0.0,-0.377146634021618,0.0
4.118,0.03668180188805482,0.0,-0.19089221619028407,0.0,-0.3757979886914896,0.0
4.12,0.0362992667641813,0.0,-0.1916424545439519,0.0,-0.37443857058916136,0.0
4.122,0.03591523388961185,0.0,-0.1923899632994497,0.0,-0.37306839270966063,0.0
4.124,0.03552970874505374,0.0,-0.1931347209504429,0.0,-0.37168746831778154,0.0
4.126,0.03514269685419986,0.0,-0.1938767060173966,0.0,-0.3702958109481541,0.0
4.128,0.03475420378367558,0.0,-0.19461589704811408,0.0,-0.3688934344053154,0.0
4.13,0.03436423514298188,0.0,-0.19535227261827914,0.0,-0.3674803527637638,0.0
4.132,0.03397279658444072,0.0,-0.19608581133199363,0.0,-0.3660565803680199,0.0
4.134,0.03357989380313682,0.0,-0.1968164918223189,0.0,-0.36462213183267206,0.0
4.136,0.033185532536859325,0.0,-0.19754429275181518,0.0,-0.36317702204241764,0.0
4.138,0.032789718566042375,0.0,-0.19826919281308253,0.0,-0.36172126615209965,0.0
4.14,0.03239245771370454,0.0,-0.19899117072930061,0.0,-0.3602548795867361,0.0
4.142,0.03199375584538636,0.0,-0.1997102052547703,0.0,-0.3587778780415396,0.0
4.144,0.03159361886908918,0.0,-0.2004262751754514,0.0,-0.35729027748194,0.0
4.146,0.03119205273520967,0.0,-0.20113935930950613,0.0,-0.3557920941435883,0.0
4.148,0.03078906343647586,0.0,-0.20184943650783763,0.0,-0.3542833445323645,0.0
4.15,0.03038465700788009,0.0,-0.20255648565463183,0.0,-0.35276404542436995,0.0
4.152,0.029978839526613604,0.0,-0.20326048566789576,0.0,-0.3512342138659257,0.0
4.154,0.02957161711199687,0.0,-0.2039614155,0.0,-0.349693867173551,0.0
4.156,0.029162995925410468,0.0,-0.2046592541382189,0.0,-0.3481430229339414,0.0
4.158,0.028752982170225393,0.0,-0.20535398060526983,0.0,-0.346581699003944,0.0
4.16,0.028341582091731838,0.0,-0.20604557395985318,0.0,-0.34500991351052224,0.0
4.162,0.02792880197706512,0.0,-0.20673401329719474,0.0,-0.3434276848507096,0.0
4.164,0.02751464815513384,0.0,-0.20741927774958374,0.0,-0.3418350316915685,0.0
4.166,0.027099126996544147,0.0,-0.2081013464869137,0.0,-0.34023197297013186,0.0
4.168,0.026682244913525045,0.0,-0.2087801987172214,0.0,-0.3386185278933467,0.0
4.17,0.02626400835984983,0.0,-0.20945581368722854,0.0,-0.33699471593800057,0.0
4.172,0.025844423830759897,0.0,-0.21012817068287934,0.0,-0.33536055685065475,0.0
4.174,0.025423497862884958,0.0,-0.2107972490298814,0.0,-0.33371607064756126,0.0
4.176,0.025001237034163033,0.0,-0.21146302809424378,0.0,-0.3320612776145764,0.0
4.178,0.024577647963759407,0.0,-0.2121254872828173,0.0,-0.3303961983070685,0.0
4.18,0.024152737311984376,0.0,-0.2127846060438329,0.0,-0.32872085354981867,0.0
4.182,0.02372651178020994,0.0,-0.2134403638674402,0.0,-0.32703526443691444,0.0
4.184,0.023298978110785424,0.0,-0.2140927402862464,0.0,-0.3253394523316376,0.0
4.186,0.02287014308695204,0.0,-0.2147417148758541,0.0,-0.3236334388663454,0.0
4.188,0.022440013532756525,0.0,-0.21538726725539978,0.0,-0.3219172459423461,0.0
4.19,0.022008596312962654,0.0,-0.21602937708809186,0.0,-0.3201908957297633,0.0
4.192,0.021575898332964326,0.0,-0.21666802408174657,0.0,-0.31845441066740454,0.0
4.194,0.021141926538694227,0.0,-0.21730318798932702,0.0,-0.31670781346261057,0.0
4.196,0.020706687916533156,0.0,-0.21793484860947973,0.0,-0.31495112709110373,0.0
4.198,0.020270189493218863,0.0,-0.21856298578707056,0.0,-0.3131843747968338,0.0
4.2,0.019832438335753023,0.0,-0.21918757941372086,0.0,-0.311407580091813,0.0
4.202,0.019393441551306553,0.0,-0.21980860942834443,0.0,-0.30962076675594213,0.0
4.204,0.01895320628712441,0.0,-0.220426055817683,0.0,-0.307823958836833,0.0
4.206,0.018511739730430164,0.0,-0.22103989861684067,0.0,-0.30601718064962746,0.0
4.208,0.018069049108328916,0.0,-0.2216501179098185,0.0,-0.3042004567768072,0.0
4.21,0.017625141687707326,0.0,-0.22225669383005106,0.0,-0.3023738120679901,0.0
4.212,0.017180024775136044,0.0,-0.22285960656093823,0.0,-0.3005372716397337,0.0
4.214,0.01673370571676814,0.0,-0.2234588363363802,0.0,-0.2986908608753208,0.0
4.216,0.016286191898238666,0.0,-0.22405436344130944,0.0,-0.29683460542454665,0.0
4.218,0.015837490744560236,0.0,-0.22464616821222544,0.0,-0.29496853120348804,0.0
4.22,0.01538760972002119,0.0,-0.22523423103772536,0.0,-0.29309266439428133,0.0
4.222,0.014936556328079957,0.0,-0.22581853235903657,0.0,-0.29120703144488164,0.0
4.224,0.01448433811125942,0.0,-0.22639905267054788,0.0,-0.28931165906882034,0.0
4.226,0.014030962651040096,0.0,-0.22697577252034074,0.0,-0.28740657424495597,0.0
4.228,0.013576437567752387,0.0,-0.22754867251071906,0.0,-0.2854918042172183,0.0
4.23,0.013120770520466674,0.0,-0.22811773329874038,0.0,-0.2835673764943417,0.0
4.232,0.012663969206885143,0.0,-0.22868293559674288,0.0,-0.2816333188496033,0.0
4.234,0.012206041363228845,0.0,-0.2292442601728767,0.0,-0.27968965932053963,0.0
4.236,0.011746994764126656,0.0,-0.22980168785163047,0.0,-0.27773642620866856,0.0
4.238,0.011286837222500934,0.0,-0.23035519951436048,0.0,-0.27577364807919513,0.0
4.24,0.010825576589455146,0.0,-0.2309047760998156,0.0,-0.27380135376072406,0.0
4.242,0.010363220754156877,0.0,-0.23145039860466587,0.0,-0.2718195723449503,0.0
4.244,0.009899777643721623,0.0,-0.23199204808402754,0.0,-0.2698283331863506,0.0
4.246,0.009435255223096147,0.0,-0.23252970565198833,0.0,-0.26782766590187174,0.0
4.248,0.008969661494940008,0.0,-0.23306335248213153,0.0,-0.26581760037060786,0.0
4.25,0.008503004499505282,0.0,-0.23359296980806085,0.0,-0.26379816673346934,0.0
4.252,0.008035292314516003,0.0,-0.23411853892392379,0.0,-0.26176939539284677,0.0
4.2540000000000004,0.007566533055047317,0.0,-0.23464004118493337,0.0,-0.259731317012273,0.0
4.256,0.007096734873403004,0.0,-0.2351574580078901,0.0,-0.2576839625160752,0.0
4.258,0.006625905958990084,0.0,-0.2356707708717045,0.0,-0.2556273630890129,0.0
4.26,0.006154054538195974,0.0,-0.2361799613179163,0.0,-0.2535615501759242,0.0
4.2620000000000005,0.005681188874261564,0.0,-0.23668501095121489,0.0,-0.25148655548135307,0.0
4.264,0.00520731726715556,0.0,-0.23718590143995757,0.0,-0.24940241096917948,0.0
4.266,0.004732448053444688,0.0,-0.23768261451668923,0.0,-0.24730914886222952,0.0
4.268,0.004256589606166742,0.0,-0.23817513197865847,0.0,-0.24520680164189657,0.0
4.2700000000000005,0.003779750334699693,0.0,-0.23866343568833526,0.0,-0.24309540204774208,0.0
4.272,0.0033019386846309135,0.0,-0.23914750757392617,0.0,-0.24097498307709536,0.0
4.274,0.0028231631376252047,0.0,-0.23962732962989003,0.0,-0.23884557798464642,0.0
4.276,0.0023434322112919595,0.0,-0.24010288391745213,0.0,-0.23670722028203262,0.0
4.2780000000000005,0.0018627544590501491,0.0,-0.24057415256511788,0.0,-0.23455994373741312,0.0
4.28,0.001381138469995193,0.0,-0.2410411177691844,0.0,-0.23240378237505083,0.0
4.282,0.0008985928687609205,0.0,-0.2415037617942539,0.0,-0.2302387704748697,0.0
4.284,0.00041512631538361596,0.0,-0.241962066973743,0.0,-0.22806494257201945,0.0
4.2860000000000005,-6.925249483729276e-05,0.0,-0.2424160157103944,0.0,-0.22588233345642336,0.0
4.288,-0.0005545348314764378,0.0,-0.2428655904767842,0.0,-0.22369097817233358,0.0
4.29,-0.0010407119291244483,0.0,-0.24331077381583108,0.0,-0.22149091201786325,0.0
4.292,-0.001527774987528949,0.0,-0.24375154834130397,0.0,-0.21928217054452037,0.0
4.2940000000000005,-0.0020157151717359826,0.0,-0.24418789673832747,0.0,-0.2170647895567387,0.0
4.296,-0.0025045236122332227,0.0,-0.2446198017638871,0.0,-0.21483880511139763,0.0
4.298,-0.002994191405094991,0.0,-0.24504724624733484,0.0,-0.21260425351733261,0.0
4.3,-0.0034847096121274923,0.0,-0.24547021309089176,0.0,-0.21036117133484217,0.0
4.3020000000000005,-0.003976069261014267,0.0,-0.24588868527015065,0.0,-0.20810959537519236,0.0
4.304,-0.004468261345463238,0.0,-0.24630264583457673,0.0,-0.20584956270011168,0.0
4.306,-0.004961276825356735,0.0,-0.24671207790800959,0.0,-0.20358111062127068,0.0
4.308,-0.005455106626898765,0.0,-0.24711696468916117,0.0,-0.20130427669977213,0.0
4.3100000000000005,-0.005949741642766248,0.0,-0.2475172894521148,0.0,-0.1990190987456211,0.0
4.312,-0.006445172732260049,0.0,-0.24791303554682204,0.0,-0.1967256148171937,0.0
4.314,-0.006941390721457225,0.0,-0.24830418639959934,0.0,-0.1944238632206991,0.0
4.316,-0.007438386403364241,0.0,-0.24869072551362292,0.0,-0.19211388250963432,0.0
4.3180000000000005,-0.007936150538071191,0.0,-0.24907263646942296,0.0,-0.18979571148423302,0.0
4.32,-0.008434673852906981,0.0,-0.24944990292537586,0.0,-0.18746938919090736,0.0
4.322,-0.00893394704259554,0.0,-0.2498225086181971,0.0,-0.1851349549216838,0.0
4.324,-0.009433960769412768,0.0,-0.25019043736343116,0.0,-0.1827924482136333,0.0
4.3260000000000005,-0.009934705663345693,0.0,-0.2505536730559414,0.0,-0.18044190884828898,0.0
4.328,-0.010436172322249596,0.0,-0.25091219967039774,0.0,-0.17808337685107212,0.0
4.33,-0.010938351312009913,0.0,-0.25126600126176474,0.0,-0.17571689249069306,0.0
4.332,-0.011441233166703105,0.0,-0.2516150619657872,0.0,-0.1733424962785557,0.0
4.3340000000000005,-0.01194480838875791,0.0,-0.2519593659994749,0.0,-0.17096022896815807,0.0
4.336,-0.012449067449118346,0.0,-0.25229889766158575,0.0,-0.1685701315544828,0.0
4.338,-0.012954000787408507,0.0,-0.2526336413331091,0.0,-0.16617224527337726,0.0
4.34,-0.013459598812097491,0.0,-0.2529635814777463,0.0,-0.16376661160093098,0.0
4.3420000000000005,-0.013965851900664522,0.0,-0.2532887026423905,0.0,-0.16135327225285084,0.0
4.344,-0.014472750399765585,0.0,-0.2536089894576051,0.0,-0.1589322691838266,0.0
4.346,-0.014980284625403066,0.0,-0.25392442663810183,0.0,-0.15650364458688076,0.0
4.348,-0.015488444863092527,0.0,-0.2542349989832159,0.0,-0.15406744089272983,0.0
4.3500000000000005,-0.01599722136803362,0.0,-0.2545406913773813,0.0,-0.15162370076912435,0.0
4.352,-0.016506604365279533,0.0,-0.25484148879060364,0.0,-0.14917246712019394,0.0
4.354,-0.017016584049910667,0.0,-0.2551373762789331,0.0,-0.1467137830857698,0.0
4.356,-0.01752715058720513,0.0,-0.25542833898493433,0.0,-0.14424769204072158,0.0
4.358,-0.01803829411281309,0.0,-0.25571436213815646,0.0,-0.14177423759427316,0.0
4.36,-0.018550004732931974,0.0,-0.2559954310556007,0.0,-0.13929346358931247,0.0
4.362,-0.019062272524479843,0.0,-0.25627153114218687,0.0,-0.1368054141017088,0.0
4.364,-0.019575087535273525,0.0,-0.2565426478912193,0.0,-0.1343101334396049,0.0
4.366,-0.020088439784205617,0.0,-0.25680876688485027,0.0,-0.1318076661427129,0.0
4.368,-0.020602319261421857,0.0,-0.25706987379454227,0.0,-0.12929805698160632,0.0
4.37,-0.021116715928500195,0.0,-0.2573259543815293,0.0,-0.1267813509570026,0.0
4.372,-0.021631619718631614,0.0,-0.2575769944972762,0.0,-0.12425759329903453,0.0
4.374,-0.02214702053680103,0.0,-0.2578229800839372,0.0,-0.12172682946652037,0.0
4.376,-0.022662908259968362,0.0,-0.25806389717481215,0.0,-0.11918910514623027,0.0
4.378,-0.023179272737251,0.0,-0.2582997318948014,0.0,-0.11664446625214538,0.0
4.38,-0.02369610379010937,0.0,-0.2585304704608601,0.0,-0.1140929589246985,0.0
4.382,-0.02421339121252941,0.0,-0.25875609918245024,0.0,-0.11153462953002925,0.0
4.384,-0.024731124771209288,0.0,-0.25897660446199117,0.0,-0.10896952465921637,0.0
4.386,-0.025249294205744493,0.0,-0.25919197279530826,0.0,-0.10639769112751546,0.0
4.388,-0.02576788922881721,0.0,-0.25940219077208143,0.0,-0.10381917597357487,0.0
4.39,-0.02628689952638235,0.0,-0.2596072450762903,0.0,-0.10123402645866572,0.0
4.392,-0.02680631475785772,0.0,-0.2598071224866593,0.0,-0.09864229006588987,0.0
4.394,-0.027326124556313603,0.0,-0.26000180987709987,0.0,-0.09604401449938874,0.0
4.396,-0.02784631852866374,0.0,-0.26019129421715237,0.0,-0.0934392476835437,0.0
4.398,-0.028366886255856698,0.0,-0.26037556257242545,0.0,-0.09082803776217288,0.0
4.4,-0.028887817293069537,0.0,-0.2605546021050342,0.0,-0.08821043309771412,0.0
4.402,-0.029409101169899157,0.0,-0.26072840007403636,0.0,-0.08558648227041873,0.0
4.404,-0.029930727390558742,0.0,-0.26089694383586737,0.0,-0.08295623407751682,0.0
4.406,-0.03045268543407164,0.0,-0.2610602208447734,0.0,-0.08031973753239488,0.0
4.408,-0.0309749647544687,0.0,-0.26121821865324313,0.0,-0.07767704186375321,0.0
4.41,-0.031497554780983116,0.0,-0.26137092491243685,0.0,-0.07502819651477513,0.0
4.412,-0.03202044491825004,0.0,-0.26151832737261516,0.0,-0.07237325114226961,0.0
4.414,-0.032543624546505015,0.0,-0.2616604138835652,0.0,-0.06971225561581815,0.0
4.416,-0.03306708302178264,0.0,-0.2617971723950255,0.0,-0.06704526001691974,0.0
4.418,-0.03359080967611685,0.0,-0.2619285909571083,0.0,-0.0643723146381246,0.0
4.42,-0.03411479381774299,0.0,-0.26205465772072184,0.0,-0.06169346998215794,0.0
4.422,-0.034639024731299733,0.0,-0.2621753609379888,0.0,-0.05900877676104224,0.0
4.424,-0.03516349167803117,0.0,-0.26229068896266494,0.0,-0.05631828589521748,0.0
4.426,-0.03568818389599027,0.0,-0.262400630250554,0.0,-0.05362204851265234,0.0
4.428,-0.03621309060024523,0.0,-0.26250517335992285,0.0,-0.050920115947938605,0.0
4.43,-0.03673820098308276,0.0,-0.2626043069519132,0.0,-0.04821253974140044,0.0
4.432,-0.03726350421421551,0.0,-0.2626980197909528,0.0,-0.04549937163817963,0.0
4.434,-0.037788989440987734,0.0,-0.26278630074516307,0.0,-0.04278066358732907,0.0
4.436,-0.03831464578858525,0.0,-0.2628691387867672,0.0,-0.04005646774088173,0.0
4.438,-0.0388404623602419,0.0,-0.26294652299249444,0.0,-0.037326836452936524,0.0
4.44,-0.03936642823745009,0.0,-0.2630184425439837,0.0,-0.0345918222787214,0.0
4.442,-0.03989253248017066,0.0,-0.2630848867281844,0.0,-0.031851477973657116,0.0
4.444,-0.04041876412704406,0.0,-0.26314584493775645,0.0,-0.029105856492414567,0.0
4.446,-0.04094511219560189,0.0,-0.26320130667146757,0.0,-0.026355010987966193,0.0
4.448,-0.04147156568248051,0.0,-0.26325126153458867,0.0,-0.023598994810627077,0.0
4.45,-0.041998113563632464,0.0,-0.2632956992392882,0.0,-0.02083786150710426,0.0
4.452,-0.04252474479454264,0.0,-0.2633346096050234,0.0,-0.018071664819520328,0.0
4.454,-0.04305144831044208,0.0,-0.26336798255893035,0.0,-0.015300458684447543,0.0
4.456,-0.0435782130265249,0.0,-0.26339580813621194,0.0,-0.012524297231923415,0.0
4.458,-0.04410502783816276,0.0,-0.26341807648052384,0.0,-0.009743234784478638,0.0
4.46,-0.04463188162112406,0.0,-0.2634347778443584,0.0,-0.006957325856137508,0.0
4.462,-0.04515876323179173,0.0,-0.26344590258942663,0.0,-0.004166625151424352,0.0
4.464,-0.04568566150738124,0.0,-0.2634514411870383,0.0,-0.001371187564367271,0.0
4.466,-0.046212565266160195,0.0,-0.26345138421847997,0.0,0.0014289318225085557,0.0
4.468,-0.046739463307669496,0.0,-0.263445722375391,0.0,0.004233677739196279,0.0
4.47,-0.047266344412944326,0.0,-0.26343444646013686,0.0,0.0070429947292259265,0.0
4.472,-0.04779319734473532,0.0,-0.2634175473861823,0.0,0.009856827150682673,0.0
4.474,-0.04832001084773076,0.0,-0.26339501617846006,0.0,0.012675119177234545,0.0
4.476,-0.048846773648781816,0.0,-0.2633668439737391,0.0,0.015497814799176751,0.0
4.478,-0.04937347445712453,0.0,-0.2633330220209904,0.0,0.018324857824460805,0.0
4.48,-0.04990010196460564,0.0,-0.2632935416817506,0.0,0.02115619187974535,0.0
4.482,-0.050426644845907705,0.0,-0.2632483944304832,0.0,0.02399176041144571,0.0
4.484,-0.05095309175877554,0.0,-0.2631975718549384,0.0,0.026831506686791184,0.0
4.486,-0.051479431344243,0.0,-0.26314106565651024,0.0,0.029675373794886273,0.0
4.488,-0.05200565222686073,0.0,-0.26307886765059174,0.0,0.03252330464777892,0.0
4.49,-0.05253174301492435,0.0,-0.26301096976692795,0.0,0.03537524198153258,0.0
4.492,-0.053057692300703695,0.0,-0.262937364049967,0.0,0.03823112835730552,0.0
4.494,-0.053583488660672265,0.0,-0.2628580426592087,0.0,0.04109090616243255,0.0
4.496,-0.054109120655738724,0.0,-0.2627729978695509,0.0,0.04395451761152078,0.0
4.498,-0.05463457683147595,0.0,-0.26268222207163416,0.0,0.04682190474753206,0.0
4.5,-0.05515984571835479,0.0,-0.2625857077721841,0.0,0.04969300944289379,0.0
4.502,-0.05568491583197631,0.0,-0.2624834475943507,0.0,0.052567773400602535,0.0
4.5040000000000004,-0.05620977567330416,0.0,-0.26237543427804655,0.0,0.055446138155330144,0.0
4.506,-0.05673441372889847,0.0,-0.26226166068028256,0.0,0.05832804507454034,0.0
4.508,-0.05725881847115114,0.0,-0.26214211977550084,0.0,0.06121343535961313,0.0
4.51,-0.057782978358521114,0.0,-0.2620168046559057,0.0,0.06410225004697245,0.0
4.5120000000000005,-0.05830688183576935,0.0,-0.26188570853179266,0.0,0.06699443000921285,0.0
4.514,-0.05883051733419515,0.0,-0.26174882473187544,0.0,0.06988991595623484,0.0
4.516,-0.05935387327187512,0.0,-0.2616061467036089,0.0,0.07278864843639782,0.0
4.518,-0.05987693805389905,0.0,-0.2614576680135122,0.0,0.07569056783765576,0.0
4.5200000000000005,-0.060399700072609454,0.0,-0.2613033823474881,0.0,0.0785956143887164,0.0
4.522,-0.060922147707839484,0.0,-0.2611432835111403,0.0,0.08150372816019191,0.0
4.524,-0.061444269327154695,0.0,-0.26097736543008787,0.0,0.08441484906577318,0.0
4.526,-0.06196605328609132,0.0,-0.260805622150279,0.0,0.08732891686338615,0.0
4.5280000000000005,-0.06248748792839835,0.0,-0.2606280478383007,0.0,0.09024587115637023,0.0
4.53,-0.06300856158627877,0.0,-0.2604446367816866,0.0,0.09316565139465502,0.0
4.532,-0.06352926258063184,0.0,-0.26025538338922327,0.0,0.09608819687594347,0.0
4.534,-0.06404957922129577,0.0,-0.26006028219125316,0.0,0.0990134467468986,0.0
4.5360000000000005,-0.06456949980729196,0.0,-0.2598593278399748,0.0,0.10194134000434188,0.0
4.538,-0.06508901262706719,0.0,-0.25965251510974263,0.0,0.10487181549644031,0.0
4.54,-0.06560810595874011,0.0,-0.2594398388973621,0.0,0.10780481192391972,0.0
4.542,-0.06612676807034533,0.0,-0.25922129422238394,0.0,0.11074026784126667,0.0
4.5440000000000005,-0.06664498722008026,0.0,-0.2589968762273943,0.0,0.11367812165794738,0.0
4.546,-0.06716275165654964,0.0,-0.2587665801783055,0.0,0.11661831163961403,0.0
4.548,-0.06768004961901415,0.0,-0.2585304014646408,0.0,0.119560775909337,0.0
4.55,-0.06819686933763781,0.0,-0.2582883355998186,0.0,0.12250545244883182,0.0
4.5520000000000005,-0.06871319903373517,0.0,-0.25804037822143466,0.0,0.12545227909968573,0.0
4.554,-0.06922902692002,0.0,-0.25778652509154065,0.0,0.12840119356459484,0.0
4.556,-0.06974434120085524,0.0,-0.25752677209692065,0.0,0.13135213340861032,0.0
4.558,-0.07025913007250276,0.0,-0.25726111524936485,0.0,0.1343050360603846,0.0
4.5600000000000005,-0.07077338172337287,0.0,-0.2569895506859418,0.0,0.13725983881341783,0.0
4.562,-0.07128708433427493,0.0,-0.2567120746692677,0.0,0.14021647882731222,0.0
4.564,-0.07180022607867043,0.0,-0.2564286835877712,0.0,0.1431748931290432,0.0
4.566,-0.07231279512292299,0.0,-0.2561393739559596,0.0,0.14613501861421227,0.0
4.5680000000000005,-0.072824779626552,0.0,-0.2558441424146787,0.0,0.14909679204832424,0.0
4.57,-0.07333616774248422,0.0,-0.255542985731373,0.0,0.152060150068054,0.0
4.572,-0.07384694761730935,0.0,-0.25523590080034064,0.0,0.15502502918253708,0.0
4.574,-0.07435710739153188,0.0,-0.2549228846429883,0.0,0.15799136577464104,0.0
4.5760000000000005,-0.07486663519982678,0.0,-0.2546039344080823,0.0,0.16095909610225997,0.0
4.578,-0.07537551917129397,0.0,-0.25427904737199675,0.0,0.16392815629960442,0.0
4.58,-0.07588374742971397,0.0,-0.25394822093896013,0.0,0.16689848237849936,0.0
4.582,-0.0763913080938037,0.0,-0.2536114526412988,0.0,0.1698700102296836,0.0
4.5840000000000005,-0.07689818927747369,0.0,-0.2532687401396766,0.0,0.1728426756241211,0.0
4.586,-0.07740437909008326,0.0,-0.2529200812233356,0.0,0.17581641421430058,0.0
4.588,-0.0779098656366997,0.0,-0.25256547381032934,0.0,0.17879116153555988,0.0
4.59,-0.07841463701835516,0.0,-0.2522049159477573,0.0,0.18176685300739953,0.0
4.5920000000000005,-0.07891868133230578,0.0,-0.25183840581199357,0.0,0.18474342393481086,0.0
4.594,-0.0794219866722889,0.0,-0.2514659417089171,0.0,0.18772080950959327,0.0
4.596,-0.07992454112878392,0.0,-0.25108752207413476,0.0,0.1906989448116964,0.0
4.598,-0.08042633278927162,0.0,-0.2507031454732036,0.0,0.1936777648105533,0.0
4.6000000000000005,-0.08092734973849378,0.0,-0.25031281060185195,0.0,0.19665720436641773,0.0
4.602,-0.08142758005871348,0.0,-0.24991651628619574,0.0,0.19963719823170717,0.0
4.604,-0.08192701182997708,0.0,-0.2495142614829527,0.0,0.20261768105235642,0.0
4.606,-0.08242563313037549,0.0,-0.24910604527965338,0.0,0.20559858736917042,0.0
4.6080000000000005,-0.08292343203630531,0.0,-0.24869186689485134,0.0,0.20857985161917547,0.0
4.61,-0.08342039662273085,0.0,-0.24827172567832922,0.0,0.21156140813698004,0.0
4.612,-0.08391651496344851,0.0,-0.24784562111130046,0.0,0.21454319115614856,0.0
4.614,-0.08441177513134802,0.0,-0.24741355280661226,0.0,0.2175251348105601,0.0
4.616,-0.08490616519867655,0.0,-0.24697552050894242,0.0,0.22050717313578488,0.0
4.618,-0.08539967323730338,0.0,-0.24653152409499407,0.0,0.22348924007046622,0.0
4.62,-0.08589228731898221,0.0,-0.24608156357368988,0.0,0.22647126945768914,0.0
4.622,-0.08638399551561783,0.0,-0.24562563908636015,0.0,0.22945319504637757,0.0
4.624,-0.08687478589952981,0.0,-0.24516375090693082,0.0,0.2324349504926753,0.0
4.626,-0.08736464654371902,0.0,-0.24469589944210585,0.0,0.2354164693613452,0.0
4.628,-0.08785356552213164,0.0,-0.24422208523155173,0.0,0.23839768512715453,0.0
4.63,-0.0883415309099268,0.0,-0.2437423089480733,0.0,0.24137853117628483,0.0
4.632,-0.08882853078374293,0.0,-0.24325657139779003,0.0,0.24435894080773518,0.0
4.634,-0.08931455322196374,0.0,-0.2427648735203099,0.0,0.24733884723472438,0.0
4.636,-0.08979958630498544,0.0,-0.24226721638889945,0.0,0.25031818358610314,0.0
4.638,-0.09028361811548496,0.0,-0.24176360121065035,0.0,0.25329688290777314,0.0
4.64,-0.09076663673868772,0.0,-0.2412540293266437,0.0,0.256274878164106,0.0
4.642,-0.09124863026263509,0.0,-0.24073850221211263,0.0,0.2592521022393607,0.0
4.644,-0.09172958677845257,0.0,-0.24021702147660157,0.0,0.26222848793910836,0.0
4.646,-0.09220949438062036,0.0,-0.2396895888641196,0.0,0.2652039679916724,0.0
4.648,-0.09268834116724049,0.0,-0.23915620625329626,0.0,0.26817847504954984,0.0
4.65,-0.09316611524030727,0.0,-0.23861687565753076,0.0,0.2711519416908538,0.0
4.652,-0.09364280470597655,0.0,-0.23807159922513882,0.0,0.2741243004207518,0.0
4.654,-0.09411839767483597,0.0,-0.23752037923949793,0.0,0.27709548367291015,0.0
4.656,-0.09459288226217508,0.0,-0.23696321811918833,0.0,0.28006542381094013,0.0
4.658,-0.09506624658825594,0.0,-0.23640011841813213,0.0,0.2830340531298491,0.0
4.66,-0.09553847877858375,0.0,-0.2358310828257284,0.0,0.28600130385749273,0.0
4.662,-0.09600956696417827,0.0,-0.23525611416698675,0.0,0.288967108156034,0.0
4.664,-0.0964794992818448,0.0,-0.2346752154026572,0.0,0.2919313981234013,0.0
4.666,-0.09694826387444656,0.0,-0.23408838962935577,0.0,0.29489410579475744,0.0
4.668,-0.09741584889117512,0.0,-0.23349564007969126,0.0,0.2978551631439565,0.0
4.67,-0.09788224248782389,0.0,-0.23289697012238403,0.0,0.3008145020850236,0.0
4.672,-0.09834743282705966,0.0,-0.23229238326238516,0.0,0.30377205447362277,0.0
4.674,-0.09881140807869616,0.0,-0.23168188314099075,0.0,0.3067277521085395,0.0
4.676,-0.09927415641996505,0.0,-0.2310654735359564,0.0,0.309681526733149,0.0
4.678,-0.0997356660357906,0.0,-0.2304431583616045,0.0,0.31263331003690986,0.0
4.68,-0.10019592511906272,0.0,-0.22981494166893043,0.0,0.31558303365684753,0.0
4.682,-0.10065492187090976,0.0,-0.22918082764570752,0.0,0.3185306291790395,0.0
4.684,-0.10111264450097193,0.0,-0.22854082061658734,0.0,0.32147602814010534,0.0
4.686,-0.10156908122767673,0.0,-0.22789492504319464,0.0,0.3244191620287122,0.0
4.688,-0.10202422027851127,0.0,-0.22724314552422487,0.0,0.32735996228706055,0.0
4.69,-0.1024780498902976,0.0,-0.22658548679553375,0.0,0.33029836031239246,0.0
4.692,-0.10293055830946597,0.0,-0.2259219537302272,0.0,0.3332342874584876,0.0
4.694,-0.10338173379233116,0.0,-0.2252525513387441,0.0,0.33616767503718137,0.0
4.696,-0.10383156460536568,0.0,-0.22457728476894154,0.0,0.33909845431986213,0.0
4.698,-0.10428003902547531,0.0,-0.22389615930617293,0.0,0.34202655653898983,0.0
4.7,-0.104727145340274,0.0,-0.22320918037336387,0.0,0.344951912889608,0.0
4.702,-0.10517287184835938,0.0,-0.22251635353108654,0.0,0.3478744545308634,0.0
4.704,-0.10561720685958767,0.0,-0.22181768447762967,0.0,0.35079411258752335,0.0
4.706,-0.1060601386953501,0.0,-0.2211131790490642,0.0,0.3537108181515041,0.0
4.708,-0.10650165568884691,0.0,-0.22040284321931072,0.0,0.3566245022833866,0.0
4.71,-0.10694174618536471,0.0,-0.21968668310019746,0.0,0.3595350960139536,0.0
4.712,-0.10738039854255145,0.0,-0.21896470494152048,0.0,0.36244253034571516,0.0
4.714,-0.10781760113069325,0.0,-0.21823691513109605,0.0,0.3653467362544473,0.0
4.716,-0.10825334233298904,0.0,-0.21750332019481677,0.0,0.36824764469071747,0.0
4.718,-0.10868761054582808,0.0,-0.2167639267966967,0.0,0.37114518658143203,0.0
4.72,-0.10912039417906617,0.0,-0.21601874173891802,0.0,0.37403929283137527,0.0
4.722,-0.10955168165630134,0.0,-0.2152677719618748,0.0,0.37692989432474866,0.0
4.724,-0.10998146141515035,0.0,-0.2145110245442126,0.0,0.3798169219267159,0.0
4.726,-0.11040972190752585,0.0,-0.21374850670286374,0.0,0.38270030648495434,0.0
4.728,-0.11083645159991296,0.0,-0.2129802257930807,0.0,0.3855799788312053,0.0
4.73,-0.11126163897364537,0.0,-0.21220618930846796,0.0,0.38845586978282204,0.0
4.732,-0.11168527252518187,0.0,-0.21142640488100922,0.0,0.3913279101443226,0.0
4.734,-0.11210734076638455,0.0,-0.21064088028108865,0.0,0.39419603070895654,0.0
4.736,-0.11252783222479405,0.0,-0.2098496234175154,0.0,0.3970601622602521,0.0
4.738,-0.11294673544390743,0.0,-0.20905264233753912,0.0,0.39992023557358486,0.0
4.74,-0.11336403898345407,0.0,-0.20824994522686707,0.0,0.4027761814177328,0.0
4.742,-0.11377973141967403,0.0,-0.20744154040967208,0.0,0.405627930556453,0.0
4.744,-0.11419380134559373,0.0,-0.2066274363486046,0.0,0.4084754137500378,0.0
4.746,-0.11460623737130356,0.0,-0.2058076416447964,0.0,0.4113185617568894,0.0
4.748,-0.11501702812423446,0.0,-0.20498216503786285,0.0,0.4141573053350889,0.0
4.75,-0.11542616224943524,0.0,-0.20415101540590222,0.0,0.41699157524396996,0.0
4.752,-0.11583362840984922,0.0,-0.20331420176549217,0.0,0.4198213022456935,0.0
4.7540000000000004,-0.11623941528659187,0.0,-0.20247173327168,0.0,0.4226464171068273,0.0
4.756,-0.11664351157922642,0.0,-0.20162361921797664,0.0,0.42546685059991673,0.0
4.758,-0.11704590600604209,0.0,-0.2007698690363391,0.0,0.42828253350507317,0.0
4.76,-0.11744658730433019,0.0,-0.19991049229715602,0.0,0.43109339661155144,0.0
4.7620000000000005,-0.11784554423066183,0.0,-0.1990454987092256,0.0,0.4338993707193394,0.0
4.764,-0.11824276556116314,0.0,-0.19817489811973618,0.0,0.43670038664073224,0.0
4.766,-0.11863824009179359,0.0,-0.19729870051423684,0.0,0.43949637520193074,0.0
4.768,-0.11903195663862216,0.0,-0.1964169160166082,0.0,0.44228726724462664,0.0
4.7700000000000005,-0.11942390403810377,0.0,-0.19552955488903145,0.0,0.445072993627591,0.0
4.772,-0.11981407114735566,0.0,-0.19463662753195266,0.0,0.4478534852282651,0.0
4.774,-0.1202024468444345,0.0,-0.1937381444840423,0.0,0.45062867294435804,0.0
4.776,-0.12058902002861266,0.0,-0.1928341164221528,0.0,0.45339848769544133,0.0
4.7780000000000005,-0.12097377962065421,0.0,-0.1919245541612753,0.0,0.45616286042454185,0.0
4.78,-0.1213567145630908,0.0,-0.19100946865449117,0.0,0.45892172209973786,0.0
4.782,-0.12173781382049913,0.0,-0.19008887099291677,0.0,0.46167500371576764,0.0
4.784,-0.1221170663797756,0.0,-0.18916277240565282,0.0,0.4644226362956201,0.0
4.7860000000000005,-0.12249446125041302,0.0,-0.18823118425972346,0.0,0.4671645508921417,0.0
4.788,-0.12286998746477558,0.0,-0.18729411806001764,0.0,0.469900678589634,0.0
4.79,-0.12324363407837582,0.0,-0.18635158544922042,0.0,0.47263095050546844,0.0
4.792,-0.12361539017014897,0.0,-0.1854035982077496,0.0,0.47535529779168095,0.0
4.7940000000000005,-0.12398524484272877,0.0,-0.18445016825368213,0.0,0.4780736516365835,0.0
4.796,-0.12435318722272272,0.0,-0.1834913076426809,0.0,0.48078594326637114,0.0
4.798,-0.12471920646098726,0.0,-0.18252702856791714,0.0,0.4834921039467314,0.0
4.8,-0.12508329173290245,0.0,-0.18155734335999038,0.0,0.48619206498445244,0.0
4.8020000000000005,-0.1254454322386474,0.0,-0.18058226448684236,0.0,0.48888575772903875,0.0
4.804,-0.12580561720347355,0.0,-0.1796018045536743,0.0,0.4915731135743135,0.0
4.806,-0.12616383587798058,0.0,-0.17861597630285245,0.0,0.4942540639600416,0.0
4.808,-0.12652007753838967,0.0,-0.1776247926138171,0.0,0.49692854037353684,0.0
4.8100000000000005,-0.12687433148681831,0.0,-0.17662826650298324,0.0,0.4995964743512823,0.0
4.812,-0.12722658705155304,0.0,-0.175626411123645,0.0,0.5022577974805367,0.0
4.814,-0.1275768335873241,0.0,-0.1746192397658686,0.0,0.5049124414009591,0.0
4.816,-0.12792506047557886,0.0,-0.1736067658563862,0.0,0.5075603378062243,0.0
4.8180000000000005,-0.12827125712475448,0.0,-0.1725890029584884,0.0,0.5102014184456385,0.0
4.82,-0.1286154129705507,0.0,-0.17156596477191116,0.0,0.5128356151257536,0.0
4.822,-0.12895751747620393,0.0,-0.1705376651327164,0.0,0.5154628597119987,0.0
4.824,-0.1292975601327583,0.0,-0.16950411801317647,0.0,0.518083084130287,0.0
4.8260000000000005,-0.12963553045933904,0.0,-0.16846533752164938,0.0,0.520696220368644,0.0
4.828,-0.12997141800342346,0.0,-0.16742133790245545,0.0,0.5233022004788219,0.0
4.83,-0.13030521234111409,0.0,-0.16637213353574343,0.0,0.5259009565779291,0.0
4.832,-0.13063690307740897,0.0,-0.16531773893736318,0.0,0.5284924208500446,0.0
4.8340000000000005,-0.13096647984647372,0.0,-0.16425816875872765,0.0,0.5310765255478443,0.0
4.836,-0.13129393231191197,0.0,-0.1631934377866743,0.0,0.5336532029942218,0.0
4.838,-0.13161925016703654,0.0,-0.16212356094332345,0.0,0.5362223855839121,0.0
4.84,-0.13194242313513957,0.0,-0.1610485532859326,0.0,0.5387840057851153,0.0
4.8420000000000005,-0.13226344096976278,0.0,-0.15996843000674815,0.0,0.5413379961411199,0.0
4.844,-0.1325822934549671,0.0,-0.1588832064328533,0.0,0.5438842892719253,0.0
4.846,-0.13289897040560256,0.0,-0.15779289802601337,0.0,0.5464228178758688,0.0
4.848,-0.13321346166757697,0.0,-0.15669752038251777,0.0,0.548953514731246,0.0
4.8500000000000005,-0.13352575711812564,0.0,-0.155597089233016,0.0,0.5514763126979416,0.0
4.852,-0.13383584666607873,0.0,-0.15449162044235776,0.0,0.5539911447190436,0.0
4.854,-0.1341437202521305,0.0,-0.1533811300094206,0.0,0.5564979438224775,0.0
4.856,-0.13444936784910697,0.0,-0.15226563406693908,0.0,0.5589966431226278,0.0
4.8580000000000005,-0.13475277946223332,0.0,-0.15114514888133213,0.0,0.5614871758219614,0.0
4.86,-0.13505394512940067,0.0,-0.1500196908525252,0.0,0.5639694752126501,0.0
4.862,-0.13535285492143373,0.0,-0.14888927651376746,0.0,0.5664434746781999,0.0
4.864,-0.135649498942357,0.0,-0.14775392253144737,0.0,0.5689091076950747,0.0
4.866,-0.1359438673296604,0.0,-0.14661364570490765,0.0,0.5713663078343163,0.0
4.868,-0.1362359502545656,0.0,-0.14546846296625252,0.0,0.5738150087631719,0.0
4.87,-0.13652573792229086,0.0,-0.144318391380154,0.0,0.5762551442467165,0.0
4.872,-0.13681322057231632,0.0,-0.143163448143655,0.0,0.5786866481494767,0.0
4.874,-0.13709838847864833,0.0,-0.14200365058596898,0.0,0.5811094544370535,0.0
4.876,-0.13738123195008398,0.0,-0.14083901616827368,0.0,0.5835234971777483,0.0
4.878,-0.13766174133047393,0.0,-0.1396695624835093,0.0,0.5859287105441774,0.0
4.88,-0.1379399069989867,0.0,-0.1384953072561631,0.0,0.5883250288149026,0.0
4.882,-0.13821571937037105,0.0,-0.13731626834205896,0.0,0.5907123863760473,0.0
4.884,-0.13848916889521884,0.0,-0.13613246372813753,0.0,0.593090717722923,0.0
4.886,-0.13876024606022616,0.0,-0.13494391153224133,0.0,0.5954599574616406,0.0
4.888,-0.13902894138845587,0.0,-0.13375063000288703,0.0,0.5978200403107394,0.0
4.89,-0.13929524543959843,0.0,-0.1325526375190394,0.0,0.6001709011028035,0.0
4.892,-0.13955914881023232,0.0,-0.13134995258988372,0.0,0.6025124747860787,0.0
4.894,-0.13982064213408438,0.0,-0.1301425938545927,0.0,0.6048446964260904,0.0
4.896,-0.1400797160822896,0.0,-0.12893058008208838,0.0,0.6071675012072629,0.0
4.898,-0.14033636136365057,0.0,-0.12771393017080274,0.0,0.6094808244345374,0.0
4.9,-0.140590568724896,0.0,-0.126492663148437,0.0,0.6117846015349837,0.0
4.902,-0.14084232895093862,0.0,-0.12526679817171624,0.0,0.6140787680594139,0.0
4.904,-0.14109163286513401,0.0,-0.12403635452613584,0.0,0.6163632596840042,0.0
4.906,-0.14133847132953706,0.0,-0.12280135162571415,0.0,0.6186380122119,0.0
4.908,-0.14158283524515905,0.0,-0.12156180901273386,0.0,0.6209029615748323,0.0
4.91,-0.14182471555222367,0.0,-0.1203177463574864,0.0,0.6231580438347243,0.0
4.912,-0.1420641032304233,0.0,-0.11906918345800463,0.0,0.6254031951853093,0.0
4.914,-0.1423009892991737,0.0,-0.1178161402398029,0.0,0.6276383519537327,0.0
4.916,-0.14253536481786905,0.0,-0.11655863675560602,0.0,0.629863450602162,0.0
4.918,-0.1427672208861358,0.0,-0.11529669318507807,0.0,0.6320784277293943,0.0
4.92,-0.14299654864408654,0.0,-0.1140303298345476,0.0,0.6342832200724615,0.0
4.922,-0.1432233392725729,0.0,-0.11275956713673005,0.0,0.6364777645082343,0.0
4.924,-0.14344758399343838,0.0,-0.1114844256504438,0.0,0.6386619980550279,0.0
4.926,-0.14366927406976945,0.0,-0.11020492606033098,0.0,0.6408358578741973,0.0
4.928,-0.14388840080614781,0.0,-0.10892108917656461,0.0,0.642999281271745,0.0
4.93,-0.14410495554890068,0.0,-0.10763293593456069,0.0,0.6451522056999159,0.0
4.932,-0.14431892968635138,0.0,-0.10634048739468108,0.0,0.6472945687587993,0.0
4.934,-0.14453031464906813,0.0,-0.10504376474194144,0.0,0.6494263081979172,0.0
4.936,-0.14473910191011397,0.0,-0.10374278928570609,0.0,0.6515473619178266,0.0
4.938,-0.14494528298529477,0.0,-0.10243758245938474,0.0,0.6536576679717117,0.0
4.94,-0.14514884943340692,0.0,-0.10112816582012787,0.0,0.655757164566972,0.0
4.942,-0.1453497928564844,0.0,-0.09981456104851669,0.0,0.657845790066813,0.0
4.944,-0.14554810490004574,0.0,-0.09849678994824786,0.0,0.6599234829918383,0.0
4.946,-0.1457437772533398,0.0,-0.09717487444581688,0.0,0.6619901820216345,0.0
4.948,-0.14593680164959089,0.0,-0.09584883659020103,0.0,0.6640458259963556,0.0
4.95,-0.14612716986624322,0.0,-0.0945186985525369,0.0,0.6660903539183032,0.0
4.952,-0.14631487372520555,0.0,-0.09318448262578982,0.0,0.6681237049535163,0.0
4.954,-0.1464999050930939,0.0,-0.0918462112244301,0.0,0.670145818433343,0.0
4.956,-0.14668225588147465,0.0,-0.09050390688409768,0.0,0.6721566338560232,0.0
4.958,-0.14686191804710602,0.0,-0.08915759226127003,0.0,0.6741560908882591,0.0
4.96,-0.14703888359218,0.0,-0.08780729013291808,0.0,0.6761441293667972,0.0
4.962,-0.14721314456456275,0.0,-0.0864530233961702,0.0,0.6781206892999935,0.0
4.964,-0.14738469305803445,0.0,-0.0850948150679645,0.0,0.680085710869386,0.0
4.966,-0.14755352121252863,0.0,-0.08373268828470154,0.0,0.6820391344312617,0.0
4.968,-0.1477196212143709,0.0,-0.08236666630189328,0.0,0.6839809005182241,0.0
4.97,-0.14788298529651667,0.0,-0.08099677249380943,0.0,0.6859109498407551,0.0
4.972,-0.14804360573878844,0.0,-0.07962303035311724,0.0,0.687829223288779,0.0
4.974,-0.14820147486811194,0.0,-0.0782454634905268,0.0,0.6897356619332167,0.0
4.976,-0.14835658505875224,0.0,-0.0768640956344218,0.0,0.6916302070275482,0.0
4.978,-0.14850892873254845,0.0,-0.07547895063049626,0.0,0.6935128000093647,0.0
4.98,-0.1486584983591482,0.0,-0.0740900524413813,0.0,0.6953833825019228,0.0
4.982,-0.14880528645624078,0.0,-0.072697425146278,0.0,0.69724189631569,0.0
4.984,-0.14894928558979031,0.0,-0.07130109294057632,0.0,0.6990882834498983,0.0
4.986,-0.14909048837426755,0.0,-0.06990108013547652,0.0,0.7009224860940859,0.0
4.988,-0.14922888747288118,0.0,-0.0684974111576094,0.0,0.7027444466296418,0.0
4.99,-0.14936447559780808,0.0,-0.06709011054865151,0.0,0.7045541076313414,0.0
4.992,-0.14949724551042337,0.0,-0.0656792029649317,0.0,0.7063514118688922,0.0
4.994,-0.14962719002152913,0.0,-0.06426471317704559,0.0,0.7081363023084617,0.0
4.996,-0.1497543019915826,0.0,-0.06284666606945753,0.0,0.7099087221142141,0.0
4.998,-0.1498785743309233,0.0,-0.061425086640106576,0.0,0.7116686146498354,0.0
5.0,-0.15,0.0,-0.06000000000000014,0.0,0.7134159234800677,0.0
5.002,-0.15011857200959605,0.0,-0.05857143137281616,0.0,0.7151505923722267,0.0
5.0040000000000004,-0.15023428342105474,0.0,-0.05713940609449353,0.0,0.7168725652977276,0.0
5.006,-0.1503471273465027,0.0,-0.05570394961282289,0.0,0.7185817864336002,0.0
5.008,-0.15045709694907408,0.0,-0.05426508748703401,0.0,0.7202782001640082,0.0
5.01,-0.15056418544313244,0.0,-0.052822845387379906,0.0,0.7219617510817607,0.0
5.0120000000000005,-0.15066838609449257,0.0,-0.05137724909471808,0.0,0.7236323839898225,0.0
5.014,-0.15076969222064096,0.0,-0.049928324500088675,0.0,0.7252900439028195,0.0
5.016,-0.1508680971909563,0.0,-0.0484760976042897,0.0,0.7269346760485454,0.0
5.018,-0.1509635944269283,0.0,-0.0470205945174497,0.0,0.7285662258694614,0.0
5.0200000000000005,-0.15105617740237567,0.0,-0.0455618414585941,0.0,0.730184639024195,0.0
5.022,-0.1511458396436639,0.0,-0.044099864755217086,0.0,0.7317898613890327,0.0
5.024,-0.1512325747299215,0.0,-0.042634690842839704,0.0,0.7333818390594131,0.0
5.026,-0.1513163762932556,0.0,-0.0411663462645705,0.0,0.7349605183514167,0.0
5.0280000000000005,-0.15139723801896698,0.0,-0.03969485767066515,0.0,0.7365258458032502,0.0
5.03,-0.15147515364576344,0.0,-0.03822025181808075,0.0,0.7380777681767245,0.0
5.032,-0.15155011696597329,0.0,-0.036742555570024794,0.0,0.7396162324587401,0.0
5.034,-0.15162212182575693,0.0,-0.03526179589550339,0.0,0.7411411858627591,0.0
5.0360000000000005,-0.15169116212531827,0.0,-0.03377799986886919,0.0,0.7426525758302764,0.0
5.038,-0.15175723181911488,0.0,-0.03229119466936438,0.0,0.7441503500322877,0.0
5.04,-0.15182032491606728,0.0,-0.03080140758065478,0.0,0.7456344563707585,0.0
5.042,-0.15188043547976743,0.0,-0.02930866599037258,0.0,0.7471048429800814,0.0
5.0440000000000005,-0.1519375576286862,0.0,-0.027812997389646273,0.0,0.7485614582285371,0.0
5.046,-0.1519916855363796,0.0,-0.02631442937263514,0.0,0.7500042507197447,0.0
5.048,-0.1520428134316947,0.0,-0.024812989636051032,0.0,0.7514331692941184,0.0
5.05,-0.1520909355989743,0.0,-0.023308705978689392,0.0,0.7528481630303107,0.0
5.0520000000000005,-0.15213604637826034,0.0,-0.021801606300948316,0.0,0.7542491812466565,0.0
5.054,-0.1521781401654967,0.0,-0.020291718604348336,0.0,0.7556361735026133,0.0
5.056,-0.152217211412731,0.0,-0.018779070991048807,0.0,0.7570090896001971,0.0
5.058,-0.15225325462831574,0.0,-0.017263691663361815,0.0,0.7583678795854157,0.0
5.0600000000000005,-0.15228626437710732,0.0,-0.01574560892325988,0.0,0.7597124937496963,0.0
5.062,-0.15231623528066565,0.0,-0.01422485117188968,0.0,0.7610428826313084,0.0
5.064,-0.15234316201745166,0.0,-0.012701446909070893,0.0,0.7623589970167878,0.0
5.066,-0.15236703932302417,0.0,-0.011175424732801927,0.0,0.7636607879423509,0.0
5.0680000000000005,-0.15238786199023557,0.0,-0.009646813338755451,0.0,0.7649482066953093,0.0
5.07,-0.1524056248694271,0.0,-0.008115641519780864,0.0,0.7662212048154751,0.0
5.072,-0.1524203228686223,0.0,-0.006581938165392494,0.0,0.7674797340965696,0.0
5.074,-0.15243195095372003,0.0,-0.005045732261260878,0.0,0.768723746587623,0.0
5.0760000000000005,-0.1524405041486863,0.0,-0.0035070528887032534,0.0,0.7699531945943694,0.0
5.078,-0.15244597753574474,0.0,-0.0019659292241688137,0.0,0.7711680306806384,0.0
5.08,-0.15244836625556696,0.0,-0.0004223905387184951,0.0,0.7723682076697472,0.0
5.082,-0.1524476655074604,0.0,0.0011235338024951566,0.0,0.7735536786458811,0.0
5.0840000000000005,-0.15244387054955685,0.0,0.0026718143407488126,0.0,0.7747243969554745,0.0
5.086,-0.1524369766989985,0.0,0.004222421524273552,0.0,0.7758803162085843,0.0
5.088,-0.1524269793321237,0.0,0.005775325708789046,0.0,0.7770213902802653,0.0
5.09,-0.15241387388465147,0.0,0.0073304971580287065,0.0,0.7781475733119319,0.0
5.0920000000000005,-0.1523976558518649,0.0,0.00888790604427759,0.0,0.7792588197127243,0.0
5.094,-0.1523783207887935,0.0,0.01044752244890524,0.0,0.7803550841608619,0.0
5.096,-0.15235586431039438,0.0,0.012009316362911734,0.0,0.7814363216050019,0.0
5.098,-0.1523302820917328,0.0,0.013573257687463529,0.0,0.7825024872655842,0.0
5.1000000000000005,-0.1523015698681609,0.0,0.015139316234441369,0.0,0.7835535366361773,0.0
5.102,-0.15226972343549602,0.0,0.016707461726987526,0.0,0.7845894254848172,0.0
5.104,-0.15223473865019732,0.0,0.0182776638000558,0.0,0.7856101098553431,0.0
5.106,-0.15219661142954197,0.0,0.01984989200096402,0.0,0.7866155460687265,0.0
5.1080000000000005,-0.15215533775179949,0.0,0.021424115789952722,0.0,0.7876056907244003,0.0
5.11,-0.1521109136564057,0.0,0.02300030454073705,0.0,0.7885805007015743,0.0
5.112,-0.1520633352441349,0.0,0.024578427541073998,0.0,0.7895399331605559,0.0
5.114,-0.1520125986772716,0.0,0.026158453993322082,0.0,0.79048394554406,0.0
5.1160000000000005,-0.15195870017978017,0.0,0.027740353015011307,0.0,0.7914124955785161,0.0
5.118,-0.15190163603747453,0.0,0.029324093639405413,0.0,0.7923255412753674,0.0
5.12,-0.15184140259818588,0.0,0.030909644816079225,0.0,0.7932230409323715,0.0
5.122,-0.15177799627192926,0.0,0.03249697541149157,0.0,0.79410495313489,0.0
5.124,-0.15171141353106965,0.0,0.03408605420955891,0.0,0.7949712367571755,0.0
5.126,-0.1516416509104861,0.0,0.0356768499122373,0.0,0.7958218509636539,0.0
5.128,-0.15156870500773548,0.0,0.03726933114010048,0.0,0.7966567552102001,0.0
5.13,-0.151492572483214,0.0,0.03886346643293013,0.0,0.7974759092454118,0.0
5.132,-0.15141325006031892,0.0,0.04045922425029645,0.0,0.7982792731118745,0.0
5.134,-0.1513307345256081,0.0,0.04205657297215051,0.0,0.7990668071474243,0.0
5.136,-0.15124502272895834,0.0,0.04365548089941521,0.0,0.7998384719864013,0.0
5.138,-0.1511561115837234,0.0,0.04525591625457986,0.0,0.8005942285609049,0.0
5.14,-0.15106399806688997,0.0,0.04685784718229599,0.0,0.8013340381020365,0.0
5.142,-0.1509686792192325,0.0,0.048461241749979976,0.0,0.8020578621411416,0.0
5.144,-0.15087015214546776,0.0,0.050066067948408344,0.0,0.8027656625110438,0.0
5.146,-0.1507684140144068,0.0,0.05167229369232832,0.0,0.8034574013472757,0.0
5.148,-0.15066346205910697,0.0,0.053279886821060635,0.0,0.8041330410893034,0.0
5.15,-0.1505552935770214,0.0,0.054888815099112406,0.0,0.8047925444817451,0.0
5.152,-0.15044390593014906,0.0,0.056499046216782416,0.0,0.8054358745755845,0.0
5.154,-0.15032929654518182,0.0,0.058110547790780634,0.0,0.8060629947293796,0.0
5.156,-0.15021146291365103,0.0,0.05972328736484399,0.0,0.8066738686104653,0.0
5.158,-0.15009040259207318,0.0,0.061337232410352674,0.0,0.8072684601961505,0.0
5.16,-0.149966113202094,0.0,0.06295235032695043,0.0,0.8078467337749082,0.0
5.162,-0.14983859243063075,0.0,0.06456860844317402,0.0,0.8084086539475638,0.0
5.164,-0.1497078380300146,0.0,0.06618597401707257,0.0,0.8089541856284733,0.0
5.166,-0.1495738478181303,0.0,0.06780441423683983,0.0,0.8094832940466995,0.0
5.168,-0.14943661967855584,0.0,0.0694238962214406,0.0,0.8099959447471783,0.0
5.17,-0.1492961515606996,0.0,0.07104438702125036,0.0,0.8104921035918846,0.0
5.172,-0.1491524414799376,0.0,0.072665853618684,0.0,0.8109717367609883,0.0
5.174,-0.14900548751774828,0.0,0.07428826292883656,0.0,0.8114348107540056,0.0
5.176,-0.14885528782184668,0.0,0.07591158180012225,0.0,0.8118812923909445,0.0
5.178,-0.1487018406063173,0.0,0.0775357770149169,0.0,0.8123111488134456,0.0
5.18,-0.14854514415174525,0.0,0.07916081529020219,0.0,0.8127243474859146,0.0
5.182,-0.14838519680534656,0.0,0.08078666327821224,0.0,0.8131208561966515,0.0
5.184,-0.14822199698109703,0.0,0.08241328756708263,0.0,0.8135006430589713,0.0
5.186,-0.14805554315985975,0.0,0.08404065468150154,0.0,0.8138636765123204,0.0
5.188,-0.14788583388951143,0.0,0.08566873108336251,0.0,0.814209925323387,0.0
5.19,-0.14771286778506681,0.0,0.08729748317242304,0.0,0.8145393585872043,0.0
5.192,-0.1475366435288033,0.0,0.08892687728695617,0.0,0.8148519457282472,0.0
5.194,-0.14735715987038248,0.0,0.09055687970441625,0.0,0.8151476565015267,0.0
5.196,-0.14717441562697095,0.0,0.09218745664210022,0.0,0.8154264609936718,0.0
5.198,-0.14698840968336063,0.0,0.09381857425780962,0.0,0.8156883296240114,0.0
5.2,-0.146799140992087,0.0,0.09545019865051707,0.0,0.8159332331456468,0.0
5.202,-0.14660660857354552,0.0,0.09708229586103703,0.0,0.8161611426465162,0.0
5.204,-0.14641081151610758,0.0,0.09871483187269708,0.0,0.8163720295504581,0.0
5.206,-0.14621174897623496,0.0,0.100347772612008,0.0,0.8165658656182636,0.0
5.208,-0.14600942017859297,0.0,0.10198108394933782,0.0,0.8167426229487247,0.0
5.21,-0.14580382441616122,0.0,0.10361473169959508,0.0,0.8169022739796753,0.0
5.212,-0.14559496105034467,0.0,0.10524868162290124,0.0,0.8170447914890264,0.0
5.214,-0.14538282951108225,0.0,0.1068828994252759,0.0,0.8171701485957952,0.0
5.216,-0.14516742929695461,0.0,0.10851735075931594,0.0,0.8172783187611256,0.0
5.218,-0.14494875997528955,0.0,0.11015200122488741,0.0,0.817369275789305,0.0
5.22,-0.14472682118226768,0.0,0.11178681636980639,0.0,0.8174429938287726,0.0
5.222,-0.1445016126230253,0.0,0.11342176169053142,0.0,0.8174994473731229,0.0
5.224,-0.14427313407175668,0.0,0.11505680263285428,0.0,0.8175386112620997,0.0
5.226,-0.1440413853718145,0.0,0.1166919045925931,0.0,0.8175604606825868,0.0
5.228,-0.14380636643580932,0.0,0.11832703291628724,0.0,0.8175649711695903,0.0
5.23,-0.143568077245707,0.0,0.11996215290189752,0.0,0.8175521186072138,0.0
5.232,-0.14332651785292594,0.0,0.12159722979949891,0.0,0.8175218792296275,0.0
5.234,-0.14308168837843133,0.0,0.12323222881198824,0.0,0.8174742296220319,0.0
5.236,-0.14283358901282953,0.0,0.1248671150957834,0.0,0.8174091467216127,0.0
5.238,-0.14258222001645926,0.0,0.1265018537615318,0.0,0.8173266078184884,0.0
5.24,-0.14232758171948395,0.0,0.12813640987481104,0.0,0.8172265905566543,0.0
5.242,-0.14206967452198,0.0,0.12977074845684328,0.0,0.8171090729349166,0.0
5.244,-0.14180849889402483,0.0,0.13140483448520526,0.0,0.816974033307821,0.0
5.246,-0.14154405537578413,0.0,0.13303863289453793,0.0,0.8168214503865735,0.0
5.248,-0.1412763445775967,0.0,0.13467210857726072,0.0,0.8166513032399554,0.0
5.25,-0.14100536718005807,0.0,0.13630522638429043,0.0,0.8164635712952307,0.0
5.252,-0.14073112393410245,0.0,0.13793795112575874,0.0,0.8162582343390457,0.0
5.2540000000000004,-0.14045361566108436,0.0,0.13957024757172956,0.0,0.8160352725183239,0.0
5.256,-0.14017284325285792,0.0,0.14120208045291976,0.0,0.8157946663411515,0.0
5.258,-0.13988880767185377,0.0,0.14283341446142805,0.0,0.8155363966776558,0.0
5.26,-0.139601509951157,0.0,0.14446421425145353,0.0,0.8152604447608788,0.0
5.2620000000000005,-0.13931095119458123,0.0,0.14609444444002645,0.0,0.8149667921876416,0.0
5.264,-0.1390171325767433,0.0,0.1477240696077327,0.0,0.8146554209194035,0.0
5.266,-0.13872005534313364,0.0,0.14935305429944998,0.0,0.8143263132831094,0.0
5.268,-0.13841972081018875,0.0,0.15098136302507376,0.0,0.8139794519720369,0.0
5.2700000000000005,-0.13811613036535958,0.0,0.15260896026025378,0.0,0.8136148200466307,0.0
5.272,-0.13780928546717922,0.0,0.15423581044712825,0.0,0.8132324009353311,0.0
5.274,-0.13749918764532962,0.0,0.15586187799506118,0.0,0.8128321784353975,0.0
5.276,-0.13718583850070618,0.0,0.15748712728137992,0.0,0.8124141367137209,0.0
5.2780000000000005,-0.13686923970548048,0.0,0.1591115226521183,0.0,0.8119782603076309,0.0
5.28,-0.13654939300316363,0.0,0.16073502842275228,0.0,0.811524534125697,0.0
5.282,-0.13622630020866508,0.0,0.1623576088789493,0.0,0.8110529434485194,0.0
5.284,-0.13589996320835254,0.0,0.16397922827730962,0.0,0.8105634739295144,0.0
5.2860000000000005,-0.1355703839601083,0.0,0.165599850846116,0.0,0.8100561115956896,0.0
5.288,-0.13523756449338656,0.0,0.16721944078607576,0.0,0.8095308428484175,0.0
5.29,-0.13490150690926683,0.0,0.16883796227107603,0.0,0.8089876544641948,0.0
5.292,-0.1345622133805066,0.0,0.17045537944893388,0.0,0.8084265335953981,0.0
5.2940000000000005,-0.13421968615159352,0.0,0.17207165644214628,0.0,0.8078474677710308,0.0
5.296,-0.13387392753879515,0.0,0.1736867573486442,0.0,0.8072504448974642,0.0
5.298,-0.13352493993020695,0.0,0.17530064624255068,0.0,0.8066354532591676,0.0
5.3,-0.13317272578579895,0.0,0.17691328717493757,0.0,0.8060024815194334,0.0
5.3020000000000005,-0.13281728763746167,0.0,0.17852464417458147,0.0,0.8053515187210937,0.0
5.304,-0.13245862808905046,0.0,0.18013468124872312,0.0,0.8046825542872317,0.0
5.306,-0.13209674981642583,0.0,0.18174336238383373,0.0,0.8039955780218779,0.0
5.308,-0.13173165556749636,0.0,0.1833506515463716,0.0,0.8032905801107084,0.0
5.3100000000000005,-0.13136334816225684,0.0,0.18495651268354957,0.0,0.80256755112173,0.0
5.312,-0.1309918304928262,0.0,0.18656090972409892,0.0,0.8018264820059553,0.0
5.314,-0.1306171055234838,0.0,0.1881638065790368,0.0,0.801067364098077,0.0
5.316,-0.130239176290704,0.0,0.18976516714243397,0.0,0.8002901891171279,0.0
5.3180000000000005,-0.12985804590318947,0.0,0.19136495529218417,0.0,0.7994949491671365,0.0
5.32,-0.12947371754190243,0.0,0.1929631348907745,0.0,0.7986816367377728,0.0
5.322,-0.1290861944600949,0.0,0.1945596697860577,0.0,0.797850244704988,0.0
5.324,-0.12869547998333758,0.0,0.19615452381202486,0.0,0.7970007663316466,0.0
5.3260000000000005,-0.1283015775095455,0.0,0.19774766078958236,0.0,0.7961331952681454,0.0
5.328,-0.12790449050900535,0.0,0.19933904452732173,0.0,0.7952475255530337,0.0
5.33,-0.12750422252439794,0.0,0.20092863882230239,0.0,0.7943437516136176,0.0
5.332,-0.12710077717082038,0.0,0.20251640746082855,0.0,0.7934218682665575,0.0
5.3340000000000005,-0.12669415813580767,0.0,0.20410231421922664,0.0,0.7924818707184624,0.0
5.336,-0.12628436917935176,0.0,0.20568632286462513,0.0,0.7915237545664721,0.0
5.338,-0.1258714141339187,0.0,0.20726839715573953,0.0,0.7905475157988311,0.0
5.34,-0.12545529690446428,0.0,0.20884850084365408,0.0,0.7895531507954539,0.0
5.3420000000000005,-0.1250360214684497,0.0,0.2104265976726041,0.0,0.7885406563284876,0.0
5.344,-0.12461359187585426,0.0,0.21200265138076016,0.0,0.7875100295628618,0.0
5.346,-0.12418801224918527,0.0,0.21357662570101926,0.0,0.7864612680568257,0.0
5.348,-0.12375928678348971,0.0,0.21514848436178652,0.0,0.7853943697624898,0.0
5.3500000000000005,-0.12332741974636106,0.0,0.21671819108776658,0.0,0.7843093330263462,0.0
5.352,-0.12289241547794728,0.0,0.21828570960074964,0.0,0.7832061565897919,0.0
5.354,-0.12245427839095377,0.0,0.21985100362040735,0.0,0.7820848395896305,0.0
5.356,-0.12201301297064893,0.0,0.2214140368650787,0.0,0.7809453815585816,0.0
5.3580000000000005,-0.12156862377486495,0.0,0.2229747730525652,0.0,0.77978778242577,0.0
5.36,-0.12112111543399812,0.0,0.2245331759009226,0.0,0.7786120425172087,0.0
5.362,-0.12067049265100793,0.0,0.22608920912925695,0.0,0.7774181625562804,0.0
5.364,-0.12021676020141403,0.0,0.22764283645851757,0.0,0.7762061436642008,0.0
5.3660000000000005,-0.11975992293329094,0.0,0.22919402161229724,0.0,0.7749759873604795,0.0
5.368,-0.11929998576726372,0.0,0.23074272831762238,0.0,0.7737276955633738,0.0
5.37,-0.11883695369649863,0.0,0.2322889203057579,0.0,0.7724612705903289,0.0
5.372,-0.11837083178669493,0.0,0.2338325613130017,0.0,0.7711767151584137,0.0
5.3740000000000006,-0.1179016251760726,0.0,0.23537361508148819,0.0,0.7698740323847442,0.0
5.376,-0.11742933907536222,0.0,0.23691204535998295,0.0,0.7685532257869072,0.0
5.378,-0.1169539787677889,0.0,0.2384478159046893,0.0,0.7672142992833637,0.0
5.38,-0.11647554960905676,0.0,0.23998089048004967,0.0,0.7658572571938504,0.0
5.382,-0.11599405702733283,0.0,0.24151123285954607,0.0,0.7644821042397747,0.0
5.384,-0.11550950652322692,0.0,0.24303880682650625,0.0,0.7630888455445952,0.0
5.386,-0.1150219036697727,0.0,0.2445635761749053,0.0,0.7616774866342014,0.0
5.388,-0.11453125411240317,0.0,0.24608550471017587,0.0,0.7602480334372725,0.0
5.39,-0.11403756356892922,0.0,0.24760455625000896,0.0,0.7588004922856428,0.0
5.392,-0.11354083782951323,0.0,0.24912069462516334,0.0,0.7573348699146475,0.0
5.394,-0.11304108275664224,0.0,0.2506338836802719,0.0,0.755851173463463,0.0
5.396,-0.1125383042850996,0.0,0.2521440872746504,0.0,0.754349410475442,0.0
5.398,-0.11203250842193482,0.0,0.2536512692831048,0.0,0.7528295888984339,0.0
5.4,-0.11152370124643077,0.0,0.2551553935967443,0.0,0.7512917170850988,0.0
5.402,-0.11101188891007241,0.0,0.2566564241237845,0.0,0.7497358037932194,0.0
5.404,-0.11049707763650966,0.0,0.25815432479036465,0.0,0.7481618581859918,0.0
5.406,-0.10997927372152198,0.0,0.2596490595413547,0.0,0.746569889832318,0.0
5.408,-0.1094584835329788,0.0,0.26114059234117054,0.0,0.7449599087070824,0.0
5.41,-0.10893471351080179,0.0,0.26262888717458094,0.0,0.7433319251914293,0.0
5.412,-0.10840797016692148,0.0,0.26411390804752494,0.0,0.7416859500730197,0.0
5.414,-0.10787826008523412,0.0,0.26559561898792455,0.0,0.7400219945462847,0.0
5.416,-0.10734558992155795,0.0,0.267073984046497,0.0,0.7383400702126743,0.0
5.418,-0.10680996640358674,0.0,0.26854896729756805,0.0,0.7366401890808933,0.0
5.42,-0.10627139633084096,0.0,0.2700205328398897,0.0,0.7349223635671254,0.0
5.422,-0.10572988657461782,0.0,0.2714886447974549,0.0,0.7331866064952512,0.0
5.424,-0.10518544407794124,0.0,0.2729532673203112,0.0,0.7314329310970618,0.0
5.426,-0.10463807585550901,0.0,0.2744143645853765,0.0,0.7296613510124598,0.0
5.428,-0.10408778899363604,0.0,0.2758719007972594,0.0,0.727871880289644,0.0
5.43,-0.10353459065020063,0.0,0.27732584018907164,0.0,0.7260645333853004,0.0
5.432,-0.10297848805458527,0.0,0.27877614702324804,0.0,0.7242393251647724,0.0
5.434,-0.10241948850761838,0.0,0.28022278559236047,0.0,0.7223962709022284,0.0
5.436,-0.10185759938151111,0.0,0.28166572021994146,0.0,0.7205353862808126,0.0
5.438,-0.1012928281197968,0.0,0.2831049152612969,0.0,0.7186566873927986,0.0
5.44,-0.10072518223726554,0.0,0.2845403351043269,0.0,0.7167601907397252,0.0
5.442,-0.10015466931989823,0.0,0.285971944170344,0.0,0.7148459132325242,0.0
5.444,-0.0995812970247992,0.0,0.28739970691489203,0.0,0.7129138721916438,0.0
5.446,-0.09900507308012693,0.0,0.28882358782856526,0.0,0.7109640853471585,0.0
5.448,-0.09842600528502203,0.0,0.29024355143782926,0.0,0.7089965708388681,0.0
5.45,-0.09784410150953703,0.0,0.2916595623058361,0.0,0.7070113472163994,0.0
5.452,-0.09725936969455991,0.0,0.29307158503324926,0.0,0.7050084334392821,0.0
5.454,-0.09667181785173953,0.0,0.2944795842590602,0.0,0.7029878488770296,0.0
5.456,-0.09608145406340686,0.0,0.29588352466141143,0.0,0.7009496133091996,0.0
5.458,-0.0954882864824981,0.0,0.2972833709584113,0.0,0.6988937469254592,0.0
5.46,-0.09489232333247198,0.0,0.2986790879089596,0.0,0.6968202703256272,0.0
5.462,-0.0942935729072274,0.0,0.30007064031356684,0.0,0.6947292045197121,0.0
5.464,-0.09369204357102039,0.0,0.30145799301517245,0.0,0.6926205709279463,0.0
5.466,-0.09308774375837858,0.0,0.3028411108999663,0.0,0.6904943913808073,0.0
5.468,-0.09248068197401278,0.0,0.30421995889820974,0.0,0.6883506881190251,0.0
5.47,-0.09187086679272792,0.0,0.3055945019850571,0.0,0.6861894837935851,0.0
5.472,-0.09125830685933364,0.0,0.30696470518137386,0.0,0.6840108014657252,0.0
5.474,-0.09064301088855224,0.0,0.308330533554557,0.0,0.6818146646069212,0.0
5.476,-0.09002498766492233,0.0,0.3096919522193592,0.0,0.6796010970988531,0.0
5.478,-0.08940424604270615,0.0,0.311048926338705,0.0,0.6773701232333809,0.0
5.48,-0.08878079494579097,0.0,0.31240142112451347,0.0,0.6751217677124968,0.0
5.482,-0.08815464336759042,0.0,0.3137494018385171,0.0,0.6728560556482732,0.0
5.484,-0.08752580037094429,0.0,0.3150928337930832,0.0,0.670573012562802,0.0
5.486,-0.08689427508801628,0.0,0.316431682352033,0.0,0.6682726643881227,0.0
5.488,-0.08626007672019036,0.0,0.3177659129314619,0.0,0.6659550374661442,0.0
5.49,-0.08562321453796518,0.0,0.31909549100055823,0.0,0.6636201585485528,0.0
5.492,-0.08498369788084745,0.0,0.3204203820824242,0.0,0.6612680547967175,0.0
5.494,-0.08434153615724323,0.0,0.3217405517548933,0.0,0.6588987537815801,0.0
5.496,-0.08369673884434646,0.0,0.3230559656513529,0.0,0.6565122834835353,0.0
5.498,-0.08304931548802964,0.0,0.32436658946155683,0.0,0.6541086722923137,0.0
5.5,-0.08239927570272769,0.0,0.3256723889324502,0.0,0.6516879490068371,0.0
5.502,-0.0817466291713243,0.0,0.3269733298689838,0.0,0.6492501428350795,0.0
5.5040000000000004,-0.08109138564503343,0.0,0.3282693781349352,0.0,0.646795283393907,0.0
5.506,-0.08043355494328368,0.0,0.32956049965372153,0.0,0.6443234007089251,0.0
5.508,-0.07977314695359568,0.0,0.3308466604092216,0.0,0.6418345252142977,0.0
5.51,-0.07911017163146053,0.0,0.33212782644659117,0.0,0.639328687752565,0.0
5.5120000000000005,-0.07844463900021766,0.0,0.33340396387307897,0.0,0.6368059195744578,0.0
5.514,-0.07777655915093008,0.0,0.3346750388588416,0.0,0.634266252338698,0.0
5.516,-0.0771059422422552,0.0,0.3359410176377635,0.0,0.6317097181117797,0.0
5.518,-0.0764327985003194,0.0,0.3372018665082683,0.0,0.6291363493677605,0.0
5.5200000000000005,-0.0757571382185864,0.0,0.3384575518341357,0.0,0.6265461789880271,0.0
5.522,-0.07507897175772744,0.0,0.3397080400453133,0.0,0.6239392402610646,0.0
5.524,-0.0743983095454854,0.0,0.3409532976387358,0.0,0.6213155668821986,0.0
5.526,-0.07371516207654268,0.0,0.34219329117913305,0.0,0.6186751929533496,0.0
5.5280000000000005,-0.07302953991238353,0.0,0.3434279872998458,0.0,0.616018152982763,0.0
5.53,-0.07234145368115613,0.0,0.34465735270363695,0.0,0.613344481884734,0.0
5.532,-0.07165091407753314,0.0,0.34588135416350413,0.0,0.6106542149793253,0.0
5.534,-0.07095793186257056,0.0,0.34709995852349024,0.0,0.6079473879920732,0.0
5.5360000000000005,-0.07026251786356345,0.0,0.34831313269949615,0.0,0.6052240370536799,0.0
5.538,-0.06956468297390417,0.0,0.34952084368008607,0.0,0.6024841986997123,0.0
5.54,-0.06886443815293362,0.0,0.3507230585273024,0.0,0.5997279098702699,0.0
5.542,-0.06816179442579494,0.0,0.3519197443774704,0.0,0.5969552079096598,0.0
5.5440000000000005,-0.06745676288328248,0.0,0.35311086844200995,0.0,0.5941661305660506,0.0
5.546,-0.0667493546816938,0.0,0.3542963980082384,0.0,0.5913607159911336,0.0
5.548,-0.06603958104267436,0.0,0.35547630044018086,0.0,0.5885390027397539,0.0
5.55,-0.06532745325306358,0.0,0.35665054317937556,0.0,0.5857010297695433,0.0
5.5520000000000005,-0.06461298266474023,0.0,0.35781909374567805,0.0,0.582846836440547,0.0
5.554,-0.06389618069446494,0.0,0.3589819197380648,0.0,0.5799764625148374,0.0
5.556,-0.06317705882372004,0.0,0.3601389888354394,0.0,0.5770899481561123,0.0
5.558,-0.062455628598548835,0.0,0.36129026879743453,0.0,0.5741873339292893,0.0
5.5600000000000005,-0.061731901629394625,0.0,0.36243572746521335,0.0,0.5712686608000961,0.0
5.562,-0.06100588959093697,0.0,0.3635753327622687,0.0,0.5683339701346466,0.0
5.564,-0.06027760422192375,0.0,0.36470905269522913,0.0,0.5653833036989966,0.0
5.566,-0.059547057325006925,0.0,0.36583685535465277,0.0,0.5624167036587129,0.0
5.5680000000000005,-0.0588142607665722,0.0,0.3669587089158289,0.0,0.5594342125784127,0.0
5.57,-0.058079226476570475,0.0,0.36807458163957313,0.0,0.5564358734213108,0.0
5.572,-0.05734196644834299,0.0,0.36918444187302796,0.0,0.5534217295487338,0.0
5.574,-0.05660249273845096,0.0,0.37028825805045484,0.0,0.5503918247196533,0.0
5.5760000000000005,-0.05586081746649902,0.0,0.37138599869403094,0.0,0.5473462030901901,0.0
5.578,-0.05511695281495879,0.0,0.3724776324146418,0.0,0.5442849092131142,0.0
5.58,-0.05437091102899081,0.0,0.37356312791267554,0.0,0.5412079880373386,0.0
5.582,-0.05362270441626499,0.0,0.37464245397881263,0.0,0.5381154849074006,0.0
5.5840000000000005,-0.05287234534677764,0.0,0.3757155794948199,0.0,0.5350074455629287,0.0
5.586,-0.05211984625267174,0.0,0.3767824734343357,0.0,0.531883916138119,0.0
5.588,-0.05136521962804913,0.0,0.3778431048636622,0.0,0.5287449431611758,0.0
5.59,-0.05060847802878643,0.0,0.37889744294255107,0.0,0.5255905735537643,0.0
5.5920000000000005,-0.04984963407234532,0.0,0.3799454569249914,0.0,0.522420854630437,0.0
5.594,-0.04908870043758654,0.0,0.38098711615999176,0.0,0.5192358340980737,0.0
5.596,-0.0483256898645762,0.0,0.3820223900923676,0.0,0.5160355600552865,0.0
5.598,-0.047560615154393665,0.0,0.38305124826352344,0.0,0.5128200809918267,0.0
5.6000000000000005,-0.04679348916893891,0.0,0.3840736603122331,0.0,0.5095894457879895,0.0
5.602,-0.04602432483073694,0.0,0.38508959597542036,0.0,0.5063437037140015,0.0
5.604,-0.04525313512273952,0.0,0.3860990250889398,0.0,0.5030829044293956,0.0
5.606,-0.044479933088126436,0.0,0.38710191758835405,0.0,0.4998070979823797,0.0
5.6080000000000005,-0.043704731830106716,0.0,0.3880982435097104,0.0,0.4965163348092035,0.0
5.61,-0.042927544511717014,0.0,0.3890879729903141,0.0,0.49321066573351025,0.0
5.612,-0.04214838435561563,0.0,0.39007107626950727,0.0,0.4898901419656676,0.0
5.614,-0.04136726464388076,0.0,0.3910475236894377,0.0,0.48655481510211296,0.0
5.6160000000000005,-0.04058419871780221,0.0,0.39201728569583166,0.0,0.48320473712466894,0.0
5.618,-0.039799199977675385,0.0,0.39298033283876305,0.0,0.4798399603998656,0.0
5.62,-0.03901228188258865,0.0,0.3939366357734245,0.0,0.47646053767823127,0.0
5.622,-0.038223457950215485,0.0,0.3948861652608921,0.0,0.4730665220936019,0.0
5.6240000000000006,-0.03743274175660041,0.0,0.3958288921688926,0.0,0.4696579671624007,0.0
5.626,-0.036640146935945174,0.0,0.3967647874725677,0.0,0.4662349267829159,0.0
5.628,-0.03584568718039319,0.0,0.3976938222552366,0.0,0.46279745523456844,0.0
5.63,-0.035049376239812795,0.0,0.3986159677091579,0.0,0.4593456071771725,0.0
5.632,-0.03425122792157717,0.0,0.39953119513629015,0.0,0.45587943765017774,0.0
5.634,-0.033451256090345986,0.0,0.4004394759490496,0.0,0.4523990020719176,0.0
5.636,-0.032649474667843605,0.0,0.40134078167106657,0.0,0.448904356238839,0.0
5.638,-0.03184589763263462,0.0,0.40223508393794233,0.0,0.44539555632471883,0.0
5.64,-0.031040539019899196,0.0,0.403122354498003,0.0,0.4418726588798755,0.0
5.642,-0.03023341292120813,0.0,0.40400256521305083,0.0,0.4383357208303779,0.0
5.644,-0.029424533484295513,0.0,0.40487568805911384,0.0,0.43478479947724114,0.0
5.646,-0.02861391491282653,0.0,0.4057416951271988,0.0,0.4312199524955973,0.0
5.648,-0.0278015714661701,0.0,0.40660055862403455,0.0,0.4276412379338863,0.0
5.65,-0.026987517459165007,0.0,0.40745225087282017,0.0,0.42404871421301404,0.0
5.652,-0.026171767261886508,0.0,0.40829674431396745,0.0,0.4204424401255112,0.0
5.654,-0.02535433529941126,0.0,0.40913401150584505,0.0,0.41682247483468154,0.0
5.656,-0.024535236051580554,0.0,0.4099640251255178,0.0,0.41318887787374015,0.0
5.658,-0.0237144840527623,0.0,0.4107867579694867,0.0,0.4095417091449435,0.0
5.66,-0.02289209389161129,0.0,0.4116021829544247,0.0,0.4058810289187095,0.0
5.662,-0.02206808021082823,0.0,0.41241027311791345,0.0,0.4022068978327291,0.0
5.664,-0.02124245770691748,0.0,0.41321100161917673,0.0,0.39851937689107036,0.0
5.666,-0.020415241129941312,0.0,0.4140043417398122,0.0,0.39481852746326346,0.0
5.668,-0.019586445283277888,0.0,0.4147902668845205,0.0,0.3911044112834003,0.0
5.67,-0.018756085023370894,0.0,0.41556875058183484,0.0,0.38737709044919433,0.0
5.672,-0.017924175259483175,0.0,0.4163397664848464,0.0,0.38363662742105553,0.0
5.674,-0.017090730953444894,0.0,0.41710328837193,0.0,0.37988308502113816,0.0
5.676,-0.016255767119405604,0.0,0.417859290147464,0.0,0.37611652643240345,0.0
5.678,-0.01541929882357848,0.0,0.418607745842554,0.0,0.3723370151976456,0.0
5.68,-0.014581341183986476,0.0,0.4193486296157502,0.0,0.3685446152185222,0.0
5.682,-0.013741909370208092,0.0,0.4200819157537639,0.0,0.36473939075458134,0.0
5.684,-0.012901018603120668,0.0,0.42080757867218177,0.0,0.3609214064222754,0.0
5.686,-0.012058684154638849,0.0,0.4215255929161809,0.0,0.35709072719394924,0.0
5.688,-0.011214921347458117,0.0,0.4222359331612371,0.0,0.35324741839685003,0.0
5.69,-0.010369745554791426,0.0,0.42293857421383557,0.0,0.3493915457121026,0.0
5.692,-0.009523172200108529,0.0,0.4236334910121754,0.0,0.3455231751736948,0.0
5.694,-0.00867521675686842,0.0,0.42432065862687723,0.0,0.3416423731674285,0.0
5.696,-0.007825894748257225,0.0,0.42500005226168314,0.0,0.33774920642989403,0.0
5.698,-0.006975221746919533,0.0,0.4256716472541591,0.0,0.3338437420474109,0.0
5.7,-0.006123213374690391,0.0,0.42633541907639183,0.0,0.3299260474549698,0.0
5.702,-0.005269885302325579,0.0,0.42699134333568634,0.0,0.3259961904351641,0.0
5.704,-0.00441525324923081,0.0,0.4276393957752591,0.0,0.3220542391171142,0.0
5.706,-0.003559332983187494,0.0,0.42827955227493136,0.0,0.31810026197537283,0.0
5.708,-0.0027021403200822966,0.0,0.4289117888518166,0.0,0.31413432782884604,0.0
5.71,-0.0018436911236284041,0.0,0.42953608166101065,0.0,0.3101565058396734,0.0
5.712,-0.0009840013050909523,0.0,0.43015240699627527,0.0,0.306166865512125,0.0
5.714,-0.0001230868230069269,0.0,0.4307607412907229,0.0,0.3021654766914697,0.0
5.716,0.0007390363170907419,0.0,0.4313610611174952,0.0,0.2981524095628617,0.0
5.718,0.0016023520629570467,0.0,0.43195334319044404,0.0,0.29412773465018655,0.0
5.72,0.0024668443159166532,0.0,0.4325375643648065,0.0,0.29009152281491496,0.0
5.722,0.0033324969311459567,0.0,0.43311370163788,0.0,0.28604384525495297,0.0
5.724,0.0041992937179578605,0.0,0.4336817321496915,0.0,0.2819847735034767,0.0
5.726,0.005067218440089315,0.0,0.43424163318367015,0.0,0.2779143794277521,0.0
5.728,0.005936254815988782,0.0,0.4347933821673123,0.0,0.27383273522795193,0.0
5.73,0.006806386519103645,0.0,0.43533695667284666,0.0,0.26973991343597176,0.0
5.732,0.007677597178169968,0.0,0.43587233441789586,0.0,0.2656359869142313,0.0
5.734,0.00854987037750711,0.0,0.43639949326613753,0.0,0.2615210288544514,0.0
5.736,0.009423189657306994,0.0,0.4369184112279609,0.0,0.2573951127764533,0.0
5.738,0.010297538513930274,0.0,0.43742906646112184,0.0,0.25325831252692343,0.0
5.74,0.01117290040019962,0.0,0.4379314372713953,0.0,0.24911070227818877,0.0
5.742,0.012049258725699924,0.0,0.4384255021132257,0.0,0.24495235652695768,0.0
5.744,0.012926596857072765,0.0,0.43891123959037415,0.0,0.24078335009308544,0.0
5.746,0.013804898118317461,0.0,0.4393886284565635,0.0,0.236603758118306,0.0
5.748,0.014684145791091268,0.0,0.43985764761612123,0.0,0.2324136560649654,0.0
5.75,0.01556432311501123,0.0,0.4403182761246184,0.0,0.2282131197147452,0.0
5.752,0.01644541328795696,0.0,0.44077049318950823,0.0,0.22400222516737905,0.0
5.7540000000000004,0.017327399466376802,0.0,0.4412142781707606,0.0,0.2197810488393504,0.0
5.756,0.018210264765589956,0.0,0.44164961058149294,0.0,0.21554966746260754,0.0
5.758,0.01909399226009696,0.0,0.44207647008860224,0.0,0.21130815808323644,0.0
5.76,0.01997856498388572,0.0,0.4424948365133898,0.0,0.20705659806015256,0.0
5.7620000000000005,0.020863965930743102,0.0,0.4429046898321871,0.0,0.20279506506376244,0.0
5.764,0.021750178054562044,0.0,0.44330601017697624,0.0,0.1985236370746464,0.0
5.766,0.022637184269656694,0.0,0.4436987778360099,0.0,0.1942423923821992,0.0
5.768,0.023524967451075185,0.0,0.4440829732544272,0.0,0.18995140958327938,0.0
5.7700000000000005,0.02441351043491263,0.0,0.44445857703486735,0.0,0.18565076758085647,0.0
5.772,0.025302796018626693,0.0,0.4448255699380801,0.0,0.1813405455826421,0.0
5.774,0.02619280696135591,0.0,0.44518393288353464,0.0,0.17702082309970643,0.0
5.776,0.027083525984237647,0.0,0.44553364695002445,0.0,0.1726916799450936,0.0
5.7780000000000005,0.027974935770726003,0.0,0.44587469337626984,0.0,0.16835319623243505,0.0
5.78,0.028867018966911854,0.0,0.44620705356151746,0.0,0.16400545237455058,0.0
5.782,0.029759758181847736,0.0,0.4465307090661383,0.0,0.15964852908202312,0.0
5.784,0.03065313598786714,0.0,0.4468456416122205,0.0,0.1552825073617985,0.0
5.7860000000000005,0.031547134920910616,0.0,0.4471518330841617,0.0,0.15090746851574985,0.0
5.788,0.03244173748084895,0.0,0.4474492655292567,0.0,0.1465234941392543,0.0
5.79,0.033336926131812966,0.0,0.4477379211582835,0.0,0.1421306661197338,0.0
5.792,0.034232683302517636,0.0,0.44801778234608575,0.0,0.13772906663522325,0.0
5.7940000000000005,0.03512899138659252,0.0,0.44828883163215283,0.0,0.13331877815290366,0.0
5.796,0.03602583274291125,0.0,0.4485510517211958,0.0,0.12889988342763906,0.0
5.798,0.03692318969592262,0.0,0.44880442548372246,0.0,0.12447246550050226,0.0
5.8,0.03782104453598235,0.0,0.44904893595660755,0.0,0.12003660769729568,0.0
5.8020000000000005,0.038719379519688145,0.0,0.44928456634366076,0.0,0.11559239362705293,0.0
5.804,0.03961817687021063,0.0,0.44951130001619194,0.0,0.11113990718055944,0.0
5.806,0.04051741877763242,0.0,0.4497291205135732,0.0,0.10667923252882963,0.0
5.808,0.04141708739928273,0.0,0.4499380115437975,0.0,0.10221045412160493,0.0
5.8100000000000005,0.042317164860077236,0.0,0.45013795698403464,0.0,0.09773365668582229,0.0
5.812,0.043217633252853424,0.0,0.4503289408811841,0.0,0.09324892522410383,0.0
5.814,0.0441184746387139,0.0,0.4505109474524254,0.0,0.08875634501320434,0.0
5.816,0.04501967104736705,0.0,0.45068396108576425,0.0,0.0842560016024696,0.0
5.8180000000000005,0.04592120447746786,0.0,0.4508479663405764,0.0,0.0797479808122917,0.0
5.82,0.046823056896960744,0.0,0.4510029479481479,0.0,0.0752323687325521,0.0
5.822,0.04772521024342727,0.0,0.4511488908122128,0.0,0.07070925172103812,0.0
5.824,0.0486276464244279,0.0,0.45128578000948766,0.0,0.06617871640188708,0.0
5.8260000000000005,0.049530347317850686,0.0,0.45141360079020193,0.0,0.06164084966399322,0.0
5.828,0.050433294772256665,0.0,0.4515323385786266,0.0,0.057095738659428824,0.0
5.83,0.05133647060723201,0.0,0.4516419789735985,0.0,0.052543470801829695,0.0
5.832,0.052239856613734155,0.0,0.45174250774904184,0.0,0.04798413376480809,0.0
5.8340000000000005,0.05314343455444431,0.0,0.4518339108544872,0.0,0.04341781548033202,0.0
5.836,0.05404718616411867,0.0,0.4519161744155851,0.0,0.0388446041371075,0.0
5.838,0.05495109314994136,0.0,0.45198928473461986,0.0,0.03426458817895178,0.0
5.84,0.055855137191878124,0.0,0.4520532282910168,0.0,0.02967785630315889,0.0
5.8420000000000005,0.05675929994303114,0.0,0.4521079917418482,0.0,0.02508449745885849,0.0
5.844,0.0576635630299947,0.0,0.4521535619223341,0.0,0.020484600845366685,0.0
5.846,0.05856790805321219,0.0,0.45218992584634304,0.0,0.01587825591052966,0.0
5.848,0.05947231658733344,0.0,0.45221707070688627,0.0,0.011265552349062125,0.0
5.8500000000000005,0.060376770181575244,0.0,0.4522349838766096,0.0,0.006646580100867827,0.0
5.852,0.061281250360077553,0.0,0.45224365290828217,0.0,0.0020214293493798774,0.0
5.854,0.062185738622267575,0.0,0.4522430655352831,0.0,-0.0026098094801416116,0.0
5.856,0.06309021644322087,0.0,0.45223320967208136,0.0,-0.007247045722298895,0.0
5.8580000000000005,0.0639946652740228,0.0,0.45221407341471603,0.0,-0.01189018847324902,0.0
5.86,0.06489906654213203,0.0,0.45218564504127085,0.0,-0.01653914659241046,0.0
5.862,0.06580340165174652,0.0,0.4521479130123462,0.0,-0.021193828704183404,0.0
5.864,0.06670765198416906,0.0,0.4521008659715266,0.0,-0.02585414319967111,0.0
5.8660000000000005,0.06761179889817233,0.0,0.4520444927458467,0.0,-0.030519998238399293,0.0
5.868,0.06851582373036577,0.0,0.4519787823462526,0.0,-0.035191301750048976,0.0
5.87,0.06941970779556716,0.0,0.45190372396805856,0.0,-0.039867961436214516,0.0
5.872,0.07032343238716826,0.0,0.45181930699140277,0.0,-0.04454988477213362,0.0
5.8740000000000006,0.07122697877750701,0.0,0.45172552098169805,0.0,-0.049236979008453585,0.0
5.876,0.07213032821823637,0.0,0.45162235569007875,0.0,-0.053929151172981415,0.0
5.878,0.07303346194069979,0.0,0.4515098010538447,0.0,-0.05862630807247232,0.0
5.88,0.07393636115630046,0.0,0.4513878471969022,0.0,-0.06332835629438588,0.0
5.882000000000001,0.07483900705687677,0.0,0.4512564844302009,0.0,-0.06803520220867865,0.0
5.884,0.07574138081507625,0.0,0.45111570325216516,0.0,-0.07274675196958985,0.0
5.886,0.07664346358473126,0.0,0.45096549434912636,0.0,-0.07746291151743812,0.0
5.888,0.0775452365012347,0.0,0.4508058485957474,0.0,-0.08218358658042213,0.0
5.89,0.07844668068191844,0.0,0.4506367570554448,0.0,-0.08690868267643609,0.0
5.892,0.07934777722642976,0.0,0.4504582109808087,0.0,-0.09163810511487697,0.0
5.894,0.08024850721710974,0.0,0.4502702018140173,0.0,-0.09637175899846562,0.0
5.896,0.08114885171937461,0.0,0.4500727211872484,0.0,-0.10110954922508347,0.0
5.898,0.08204879178209591,0.0,0.4498657609230873,0.0,-0.10585138048960757,0.0
5.9,0.08294830843798044,0.0,0.449649313034931,0.0,-0.11059715728574399,0.0
5.902,0.08384738270395184,0.0,0.4494233697273893,0.0,-0.1153467839078745,0.0
5.904,0.08474599558153663,0.0,0.44918792339667996,0.0,-0.12010016445292743,0.0
5.906,0.08564412805724433,0.0,0.44894296663102373,0.0,-0.12485720282221957,0.0
5.908,0.08654176110295392,0.0,0.448688492211032,0.0,-0.12961780272333417,0.0
5.91,0.08743887567629689,0.0,0.44842449311009436,0.0,-0.13438186767198335,0.0
5.912,0.08833545272104673,0.0,0.44815096249475783,0.0,-0.13914930099390538,0.0
5.914,0.0892314731675021,0.0,0.44786789372510727,0.0,-0.1439200058267326,0.0
5.916,0.09012691793287601,0.0,0.4475752803551387,0.0,-0.14869388512189163,0.0
5.918,0.09102176792168368,0.0,0.4472731161331295,0.0,-0.15347084164649982,0.0
5.92,0.09191600402613147,0.0,0.44696139500200577,0.0,-0.15825077798526926,0.0
5.922,0.09280960712650627,0.0,0.4466401110997057,0.0,-0.16303359654241512,0.0
5.924,0.09370255809156741,0.0,0.44630925875953625,0.0,-0.1678191995435805,0.0
5.926,0.09459483777893454,0.0,0.44596883251053193,0.0,-0.1726074890377397,0.0
5.928,0.09548642703548271,0.0,0.44561882707780326,0.0,-0.17739836689914618,0.0
5.93,0.09637730669773295,0.0,0.4452592373828859,0.0,-0.18219173482925383,0.0
5.932,0.09726745759224735,0.0,0.444890058544083,0.0,-0.18698749435866846,0.0
5.934,0.09815686053601962,0.0,0.44451128587680666,0.0,-0.1917855468490745,0.0
5.936,0.09904549633687278,0.0,0.44412291489391265,0.0,-0.19658579349520383,0.0
5.938,0.09993334579385389,0.0,0.44372494130603213,0.0,-0.20138813532679056,0.0
5.94,0.1008203896976287,0.0,0.44331736102190034,0.0,-0.20619247321052636,0.0
5.942,0.10170660883087808,0.0,0.44290017014868105,0.0,-0.2109987078520294,0.0
5.944,0.10259198396869659,0.0,0.4424733649922861,0.0,-0.21580673979782578,0.0
5.946,0.10347649587899033,0.0,0.4420369420576907,0.0,-0.22061646943732915,0.0
5.948,0.10436012532287402,0.0,0.4415908980492476,0.0,-0.22542779700481957,0.0
5.95,0.10524285305506971,0.0,0.44113522987099535,0.0,-0.23024062258143174,0.0
5.952,0.10612465982430937,0.0,0.44066993462695936,0.0,-0.23505484609716798,0.0
5.954,0.1070055263737321,0.0,0.4401950096214565,0.0,-0.23987036733288225,0.0
5.956,0.10788543344128673,0.0,0.4397104523593886,0.0,-0.24468708592229876,0.0
5.958,0.10876436176013138,0.0,0.43921626054653606,0.0,-0.2495049013540122,0.0
5.96,0.10964229205903887,0.0,0.4387124320898444,0.0,-0.2543237129735258,0.0
5.962,0.110519205062796,0.0,0.4381989650977106,0.0,-0.25914341998525536,0.0
5.964,0.11139508149260842,0.0,0.4376758578802621,0.0,-0.26396392145456765,0.0
5.966,0.11226990206650382,0.0,0.43714310894963215,0.0,-0.2687851163098109,0.0
5.968,0.11314364749973661,0.0,0.4366007170202335,0.0,-0.27360690334435633,0.0
5.97,0.11401629850519208,0.0,0.43604868100902555,0.0,-0.27842918121863797,0.0
5.972,0.11488783579379354,0.0,0.4354870000357766,0.0,-0.28325184846221296,0.0
5.974,0.1157582400749049,0.0,0.43491567342332693,0.0,-0.2880748034757962,0.0
5.976,0.11662749205674033,0.0,0.4343347006978413,0.0,-0.29289794453333884,0.0
5.978,0.11749557244676924,0.0,0.4337440815890623,0.0,-0.29772116978408103,0.0
5.98,0.1183624619521256,0.0,0.4331438160305558,0.0,-0.3025443772546331,0.0
5.982,0.11922814128001256,0.0,0.43253390415995696,0.0,-0.3073674648510299,0.0
5.984,0.12009259113811382,0.0,0.4319143463192071,0.0,-0.31219033036082794,0.0
5.986,0.12095579223500211,0.0,0.4312851430547884,0.0,-0.31701287145518653,0.0
5.988,0.12181772528054716,0.0,0.4306462951179558,0.0,-0.32183498569094904,0.0
5.99,0.12267837098632527,0.0,0.4299978034649647,0.0,-0.3266565705127348,0.0
5.992,0.12353771006603234,0.0,0.42933966925728906,0.0,-0.33147752325505364,0.0
5.994,0.12439572323589135,0.0,0.428671893861844,0.0,-0.33629774114438965,0.0
5.996,0.12525239121506537,0.0,0.4279944788511971,0.0,-0.34111712130132055,0.0
5.998,0.1261076947260671,0.0,0.42730742600378024,0.0,-0.34593556074261794,0.0
6.0,0.1269616144951741,0.0,0.42661073730409177,0.0,-0.3507529563833817,0.0
6.002,0.1278141312528379,0.0,0.4259044149429011,0.0,-0.35556920503914374,0.0
6.0040000000000004,0.1286652257340983,0.0,0.42518846131744437,0.0,-0.36038420342800176,0.0
6.006,0.1295148786789962,0.0,0.42446287903161645,0.0,-0.36519784817274653,0.0
6.008,0.13036307083298712,0.0,0.4237276708961609,0.0,-0.3700100358029982,0.0
6.01,0.13120978294735502,0.0,0.4229828399288531,0.0,-0.3748206627573418,0.0
6.0120000000000005,0.1320549957796267,0.0,0.4222283893546805,0.0,-0.37962962538547285,0.0
6.014,0.1328986900939862,0.0,0.42146432260601824,0.0,-0.3844368199503421,0.0
6.016,0.1337408466616898,0.0,0.42069064332280043,0.0,-0.3892421426303078,0.0
6.018,0.13458144626148122,0.0,0.4199073553526882,0.0,-0.39404548952128904,0.0
6.0200000000000005,0.13542046968000845,0.0,0.4191144627512292,0.0,-0.3988467566389344,0.0
6.022,0.1362578977122367,0.0,0.4183119697820209,0.0,-0.4036458399207663,0.0
6.024,0.1370937111618676,0.0,0.4174998809168609,0.0,-0.4084426352283658,0.0
6.026,0.13792789084175536,0.0,0.4166782008358971,0.0,-0.41323703834954273,0.0
6.0280000000000005,0.13876041757432211,0.0,0.41584693442777415,0.0,-0.4180289450005015,0.0
6.03,0.1395912721919755,0.0,0.41500608678977535,0.0,-0.4228182508280229,0.0
6.032,0.14042043553752706,0.0,0.4141556632279569,0.0,-0.42760485141165305,0.0
6.034,0.14124788846460987,0.0,0.4132956692572806,0.0,-0.43238864226589135,0.0
6.0360000000000005,0.14207361183809533,0.0,0.4124261106017435,0.0,-0.4371695188423719,0.0
6.038,0.1428975865345111,0.0,0.4115469931945011,0.0,-0.44194737653205796,0.0
6.04,0.14371979344246222,0.0,0.41065832317798384,0.0,-0.44672211066745604,0.0
6.042,0.14454021346304677,0.0,0.4097601069040153,0.0,-0.4514936165247984,0.0
6.0440000000000005,0.14535882751027657,0.0,0.4088523509339203,0.0,-0.4562617893262598,0.0
6.046,0.14617561651149436,0.0,0.40793506203863295,0.0,-0.4610265242421557,0.0
6.048,0.14699056140779643,0.0,0.4070082471987943,0.0,-0.46578771639317174,0.0
6.05,0.14780364315444883,0.0,0.4060719136048536,0.0,-0.47054526085256165,0.0
6.0520000000000005,0.14861484272130876,0.0,0.40512606865715883,0.0,-0.4752990526483759,0.0
6.054,0.1494241410932439,0.0,0.40417071996604487,0.0,-0.48004898676568136,0.0
6.056,0.1502315192705529,0.0,0.403205875351918,0.0,-0.48479495814878737,0.0
6.058,0.15103695826938499,0.0,0.40223154284533497,0.0,-0.4895368617034735,0.0
6.0600000000000005,0.15184043912216186,0.0,0.40124773068707603,0.0,-0.49427459229922965,0.0
6.062,0.15264194287799523,0.0,0.4002544473282192,0.0,-0.49900804477147365,0.0
6.064,0.1534414506031106,0.0,0.39925170143020255,0.0,-0.5037371139238083,0.0
6.066,0.15423894338126623,0.0,0.39823950186488766,0.0,-0.508461694530252,0.0
6.0680000000000005,0.15503440231417553,0.0,0.3972178577146137,0.0,-0.5131816813374931,0.0
6.07,0.15582780852192554,0.0,0.396186778272255,0.0,-0.5178969690671205,0.0
6.072,0.1566191431434005,0.0,0.39514627304126443,0.0,-0.5226074524178894,0.0
6.074,0.1574083873367026,0.0,0.3940963517357172,0.0,-0.5273130260679739,0.0
6.0760000000000005,0.15819552227957245,0.0,0.39303702428035225,0.0,-0.5320135846772157,0.0
6.078,0.1589805291698101,0.0,0.39196830081060563,0.0,-0.5367090228893814,0.0
6.08,0.1597633892256978,0.0,0.3908901916726397,0.0,-0.5413992353344339,0.0
6.082,0.16054408368642148,0.0,0.3898027074233673,0.0,-0.546084116630795,0.0
6.0840000000000005,0.16132259381249114,0.0,0.3887058588304755,0.0,-0.5507635613876066,0.0
6.086,0.162098900886162,0.0,0.38759965687244174,0.0,-0.5554374642069975,0.0
6.088,0.1628729862118587,0.0,0.3864841127385412,0.0,-0.5601057196863717,0.0
6.09,0.16364483111659428,0.0,0.3853592378288595,0.0,-0.5647682224206669,0.0
6.0920000000000005,0.16441441695039324,0.0,0.38422504375429173,0.0,-0.5694248670046402,0.0
6.094,0.1651817250867114,0.0,0.3830815423365434,0.0,-0.5740755480351379,0.0
6.096,0.16594673692286066,0.0,0.38192874560811985,0.0,-0.5787201601133959,0.0
6.098,0.16670943388042758,0.0,0.38076666581231944,0.0,-0.5833585978473055,0.0
6.1000000000000005,0.16746979740569645,0.0,0.37959531540321584,0.0,-0.5879907558537094,0.0
6.102,0.1682278089700702,0.0,0.3784147070456379,0.0,-0.5926165287606874,0.0
6.104,0.16898345007049237,0.0,0.3772248536151453,0.0,-0.5972358112098488,0.0
6.106,0.16973670222986806,0.0,0.37602576819799965,0.0,-0.601848497858624,0.0
6.1080000000000005,0.17048754699748653,0.0,0.37481746409112765,0.0,-0.606454483382566,0.0
6.11,0.17123596594944002,0.0,0.3735999548020884,0.0,-0.6110536624776332,0.0
6.112,0.17198194068904754,0.0,0.37237325404902444,0.0,-0.6156459298625041,0.0
6.114,0.1727254528472743,0.0,0.3711373757606172,0.0,-0.6202311802808684,0.0
6.1160000000000005,0.1734664840831546,0.0,0.36989233407603195,0.0,-0.6248093085037401,0.0
6.118,0.1742050160842097,0.0,0.36863814334486567,0.0,-0.6293802093317459,0.0
6.12,0.17494103056687138,0.0,0.36737481812708106,0.0,-0.6339437775974462,0.0
6.122,0.17567450927690217,0.0,0.3661023731929408,0.0,-0.6384999081676432,0.0
6.1240000000000006,0.1764054339898149,0.0,0.3648208235229389,0.0,-0.6430484959456827,0.0
6.126,0.17713378651129277,0.0,0.36353018430772505,0.0,-0.6475894358737662,0.0
6.128,0.1778595486776112,0.0,0.362230470948023,0.0,-0.6521226229352711,0.0
6.13,0.17858270235605742,0.0,0.3609216990545453,0.0,-0.6566479521570661,0.0
6.132000000000001,0.1793032294453496,0.0,0.3596038844479066,0.0,-0.6611653186118195,0.0
6.134,0.18002111187605596,0.0,0.35827704315853,0.0,-0.6656746174203156,0.0
6.136,0.18073633161101707,0.0,0.3569411914265437,0.0,-0.6701757437537905,0.0
6.138,0.18144887064576223,0.0,0.3555963457016833,0.0,-0.6746685928362333,0.0
6.140000000000001,0.1821587110089301,0.0,0.35424252264318135,0.0,-0.6791530599467183,0.0
6.142,0.18286583476268703,0.0,0.35287973911965476,0.0,-0.6836290404217252,0.0
6.144,0.183570224003146,0.0,0.35150801220898853,0.0,-0.6880964296574639,0.0
6.146,0.18427186086078495,0.0,0.3501273591982136,0.0,-0.6925551231121996,0.0
6.148,0.1849707275008646,0.0,0.3487377975833807,0.0,-0.6970050163085775,0.0
6.15,0.1856668061238477,0.0,0.34733934506942665,0.0,-0.7014460048359588,0.0
6.152,0.1863600789658143,0.0,0.34593201957004477,0.0,-0.7058779843527332,0.0
6.154,0.18705052829888094,0.0,0.3445158392075385,0.0,-0.7103008505886615,0.0
6.156,0.187738136431618,0.0,0.34309082231267723,0.0,-0.7147144993472062,0.0
6.158,0.18842288570946517,0.0,0.34165698742454936,0.0,-0.7191188265078555,0.0
6.16,0.18910475851514763,0.0,0.3402143532904077,0.0,-0.7235137280284519,0.0
6.162,0.18978373726909475,0.0,0.3387629388655056,0.0,-0.7278990999475426,0.0
6.164,0.19045980442985325,0.0,0.3373027633129393,0.0,-0.7322748383866952,0.0
6.166,0.19113294249450422,0.0,0.33583384600347543,0.0,-0.7366408395528408,0.0
6.168,0.19180313399907686,0.0,0.33435620651538217,0.0,-0.7409969997405994,0.0
6.17,0.19247036151896557,0.0,0.33286986463424484,0.0,-0.745343215334632,0.0
6.172,0.19313460766934235,0.0,0.3313748403527901,0.0,-0.7496793828119591,0.0
6.174,0.1937958551055718,0.0,0.3298711538706958,0.0,-0.7540053987443066,0.0
6.176,0.19445408652362448,0.0,0.3283588255943992,0.0,-0.7583211598004371,0.0
6.178,0.19510928466049063,0.0,0.3268378761369016,0.0,-0.7626265627484909,0.0
6.18,0.19576143229459292,0.0,0.3253083263175663,0.0,-0.7669215044583213,0.0
6.182,0.19641051224619882,0.0,0.3237701971619135,0.0,-0.771205881903831,0.0
6.184,0.1970565073778328,0.0,0.3222235099014094,0.0,-0.775479592165311,0.0
6.186,0.19769940059468813,0.0,0.32066828597325137,0.0,-0.7797425324317782,0.0
6.188,0.19833917484503774,0.0,0.3191045470201487,0.0,-0.783994600003311,0.0
6.19,0.1989758131206462,0.0,0.31753231489009487,0.0,-0.7882356922933952,0.0
6.192,0.19960929845717784,0.0,0.3159516116361451,0.0,-0.7924657068312462,0.0
6.194,0.20023961393460868,0.0,0.3143624595161764,0.0,-0.7966845412641611,0.0
6.196,0.20086674267763543,0.0,0.31276488099265,0.0,-0.8008920933598538,0.0
6.198,0.20149066785608385,0.0,0.31115889873237024,0.0,-0.8050882610087872,0.0
6.2,0.20211137268531676,0.0,0.30954453560623774,0.0,-0.8092729422265096,0.0
6.202,0.20272884042664333,0.0,0.30792181468899327,0.0,-0.813446035155998,0.0
6.204,0.20334305438772612,0.0,0.3062907592589609,0.0,-0.817607438069995,0.0
6.206,0.2039539979229875,0.0,0.3046513927977893,0.0,-0.8217570493733397,0.0
6.208,0.20456165443401522,0.0,0.30300373899018485,0.0,-0.8258947676052986,0.0
6.21,0.2051660073699709,0.0,0.30134782172363533,0.0,-0.8300204914419188,0.0
6.212,0.2057670402279926,0.0,0.2996836650881403,0.0,-0.8341341196983453,0.0
6.214,0.20636473655360138,0.0,0.2980112933759268,0.0,-0.8382355513311647,0.0
6.216,0.20695907994110355,0.0,0.2963307310811678,0.0,-0.8423246854407288,0.0
6.218,0.20755005403399693,0.0,0.29464200289968573,0.0,-0.8464014212735045,0.0
6.22,0.20813764252537145,0.0,0.29294513372866493,0.0,-0.8504656582243886,0.0
6.222,0.20872182915831294,0.0,0.291240148666349,0.0,-0.8545172958390486,0.0
6.224,0.20930259772630425,0.0,0.2895270730117371,0.0,-0.8585562338162498,0.0
6.226,0.2098799320736269,0.0,0.28780593226427625,0.0,-0.8625823720101875,0.0
6.228,0.21045381609576125,0.0,0.28607675212354816,0.0,-0.8665956104328102,0.0
6.23,0.21102423373978738,0.0,0.28433955848894804,0.0,-0.8705958492561584,0.0
6.232,0.2115911690047828,0.0,0.28259437745936955,0.0,-0.874582988814675,0.0
6.234,0.2121546059422225,0.0,0.28084123533287,0.0,-0.8785569296075444,0.0
6.236,0.21271452865637633,0.0,0.2790801586063434,0.0,-0.8825175723010097,0.0
6.238,0.21327092130470707,0.0,0.27731117397517896,0.0,-0.8864648177307034,0.0
6.24,0.21382376809826548,0.0,0.2755343083329279,0.0,-0.8903985669039551,0.0
6.242,0.21437305330208775,0.0,0.2737495887709511,0.0,-0.8943187210021257,0.0
6.244,0.21491876123559078,0.0,0.271957042578069,0.0,-0.8982251813829238,0.0
6.246,0.21546087627296592,0.0,0.27015669724020996,0.0,-0.9021178495827185,0.0
6.248,0.21599938284357262,0.0,0.2683485804400505,0.0,-0.905996627318855,0.0
6.25,0.21653426543233276,0.0,0.2665327200566481,0.0,-0.9098614164919768,0.0
6.252,0.21706550858012255,0.0,0.26470914416507196,0.0,-0.9137121191883365,0.0
6.2540000000000004,0.21759309688416392,0.0,0.26287788103603316,0.0,-0.9175486376821043,0.0
6.256,0.2181170149984148,0.0,0.2610389591355066,0.0,-0.9213708744376731,0.0
6.258,0.21863724763396103,0.0,0.25919240712434166,0.0,-0.925178732111982,0.0
6.26,0.21915377955940427,0.0,0.2573382538578826,0.0,-0.9289721135568084,0.0
6.2620000000000005,0.21966659560125124,0.0,0.2554765283855717,0.0,-0.9327509218210794,0.0
6.264,0.22017568064430054,0.0,0.2536072599505575,0.0,-0.9365150601531681,0.0
6.266,0.2206810196320315,0.0,0.2517304779892856,0.0,-0.9402644320032052,0.0
6.268,0.22118259756698877,0.0,0.24984621213110111,0.0,-0.9439989410253685,0.0
6.2700000000000005,0.22168039951116825,0.0,0.24795449219783366,0.0,-0.9477184910801808,0.0
6.272,0.2221744105864017,0.0,0.24605534820338376,0.0,-0.9514229862368079,0.0
6.274,0.22266461597474044,0.0,0.24414881035330313,0.0,-0.9551123307753485,0.0
6.276,0.22315100091883794,0.0,0.24223490904437106,0.0,-0.9587864291891234,0.0
6.2780000000000005,0.2236335507223329,0.0,0.24031367486416202,0.0,-0.9624451861869714,0.0
6.28,0.22411225075022834,0.0,0.23838513859062005,0.0,-0.9660885066955188,0.0
6.282,0.2245870864292742,0.0,0.2364493311916132,0.0,-0.9697162958614804,0.0
6.284,0.22505804324834505,0.0,0.2345062838244955,0.0,-0.9733284590539271,0.0
6.2860000000000005,0.2255251067588202,0.0,0.23255602783565565,0.0,-0.9769249018665774,0.0
6.288,0.2259882625749592,0.0,0.23059859476007288,0.0,-0.980505530120056,0.0
6.29,0.2264474963742804,0.0,0.22863401632085423,0.0,-0.9840702498641819,0.0
6.292,0.22690279389793638,0.0,0.22666232442877415,0.0,-0.9876189673802358,0.0
6.2940000000000005,0.22735414095108827,0.0,0.22468355118181305,0.0,-0.9911515891832251,0.0
6.296,0.22780152340327955,0.0,0.22269772886468703,0.0,-0.9946680220241458,0.0
6.298,0.22824492718880995,0.0,0.22070488994837106,0.0,-0.9981681728922543,0.0
6.3,0.2286843383071072,0.0,0.21870506708961956,0.0,-1.0016519490173246,0.0
6.3020000000000005,0.22911974282309758,0.0,0.2166982931304866,0.0,-1.0051192578719002,0.0
6.304,0.2295511268675761,0.0,0.21468460109783932,0.0,-1.0085700071735477,0.0
6.306,0.2299784766375765,0.0,0.21266402420285752,0.0,-1.0120041048871176,0.0
6.308,0.2304017783967385,0.0,0.2106365958405455,0.0,-1.0154214592269821,0.0
6.3100000000000005,0.23082101847567527,0.0,0.20860234958922683,0.0,-1.0188219786592834,0.0
6.312,0.2312361832723394,0.0,0.20656131921003884,0.0,-1.022205571904176,0.0
6.314,0.23164725925238838,0.0,0.20451353864642308,0.0,-1.025572147938065,0.0
6.316,0.2320542329495483,0.0,0.20245904202360973,0.0,-1.0289216159958396,0.0
6.3180000000000005,0.23245709096597708,0.0,0.2003978636480992,0.0,-1.0322538855731083,0.0
6.32,0.23285581997262644,0.0,0.19833003800713778,0.0,-1.0355688664284233,0.0
6.322,0.23325040670960295,0.0,0.19625559976819015,0.0,-1.0388664685855091,0.0
6.324,0.23364083798652788,0.0,0.19417458377840727,0.0,-1.0421466023354822,0.0
6.3260000000000005,0.23402710068289634,0.0,0.19208702506408515,0.0,-1.045409178239074,0.0
6.328,0.234409181748434,0.0,0.189992958830132,0.0,-1.0486541071288356,0.0
6.33,0.23478706820345502,0.0,0.18789242045951488,0.0,-1.0518813001113583,0.0
6.332,0.2351607471392172,0.0,0.1857854455127098,0.0,-1.0550906685694783,0.0
6.3340000000000005,0.23553020571827626,0.0,0.183672069727151,0.0,-1.05828212416448,0.0
6.336,0.23589543117483877,0.0,0.18155232901667137,0.0,-1.0614555788382918,0.0
6.338,0.23625641081511542,0.0,0.17942625947093588,0.0,-1.0646109448156884,0.0
6.34,0.23661313201767165,0.0,0.17729389735487353,0.0,-1.067748134606484,0.0
6.3420000000000005,0.2369655822337774,0.0,0.1751552791081085,0.0,-1.0708670610077142,0.0
6.344,0.23731374898775562,0.0,0.17301044134438448,0.0,-1.0739676371058202,0.0
6.346,0.23765761987733117,0.0,0.1708594208509759,0.0,-1.0770497762788391,0.0
6.348,0.23799718257397603,0.0,0.16870225458811117,0.0,-1.0801133921985706,0.0
6.3500000000000005,0.23833242482325526,0.0,0.1665389796883776,0.0,-1.0831583988327513,0.0
6.352,0.23866333444517074,0.0,0.1643696334561332,0.0,-1.0861847104472235,0.0
6.354,0.2389898993345046,0.0,0.1621942533668987,0.0,-1.0891922416081004,0.0
6.356,0.23931210746116058,0.0,0.16001287706676418,0.0,-1.092180907183923,0.0
6.3580000000000005,0.23962994687050468,0.0,0.15782554237177765,0.0,-1.0951506223478173,0.0
6.36,0.23994340568370437,0.0,0.1556322872673344,0.0,-1.0981013025796422,0.0
6.362,0.24025247209806672,0.0,0.15343314990756146,0.0,-1.101032863668139,0.0
6.364,0.24055713438737542,0.0,0.15122816861469868,0.0,-1.103945221713071,0.0
6.3660000000000005,0.2408573809022263,0.0,0.14901738187846988,0.0,-1.1068382931273648,0.0
6.368,0.24115320007036117,0.0,0.14680082835546354,0.0,-1.109711994639234,0.0
6.37,0.24144458039700178,0.0,0.14457854686849114,0.0,-1.1125662432943177,0.0
6.372,0.24173151046518102,0.0,0.14235057640595536,0.0,-1.1154009564577976,0.0
6.3740000000000006,0.24201397893607388,0.0,0.14011695612120356,0.0,-1.1182160518165218,0.0
6.376,0.24229197454932594,0.0,0.1378777253318916,0.0,-1.1210114473811088,0.0
6.378,0.24256548612338225,0.0,0.13563292351932568,0.0,-1.123787061488067,0.0
6.38,0.2428345025558136,0.0,0.13338259032780958,0.0,-1.126542812801896,0.0
6.382000000000001,0.24309901282364177,0.0,0.13112676556399017,0.0,-1.129278620317183,0.0
6.384,0.24335900598366342,0.0,0.12886548919619512,0.0,-1.1319944033606961,0.0
6.386,0.24361447117277318,0.0,0.12659880135376284,0.0,-1.1346900815934788,0.0
6.388,0.24386539760828488,0.0,0.12432674232637178,0.0,-1.1373655750129321,0.0
6.390000000000001,0.24411177458825137,0.0,0.12204935256336931,0.0,-1.1400208039548907,0.0
6.392,0.2443535914917833,0.0,0.11976667267309385,0.0,-1.1426556890956963,0.0
6.394,0.24459083777936644,0.0,0.11747874342218319,0.0,-1.145270151454273,0.0
6.396,0.2448235029931776,0.0,0.11518560573489679,0.0,-1.1478641123941824,0.0
6.398000000000001,0.24505157675739916,0.0,0.11288730069241878,0.0,-1.1504374936256871,0.0
6.4,0.245275048778532,0.0,0.11058386953216805,0.0,-1.152990217207796,0.0
6.402,0.2454939088457078,0.0,0.10827535364708935,0.0,-1.155522205550322,0.0
6.404,0.24570814683099887,0.0,0.10596179458495916,0.0,-1.158033381415914,0.0
6.406,0.24591775268972743,0.0,0.1036432340476741,0.0,-1.1605236679220974,0.0
6.408,0.246122716460773,0.0,0.10131971389053535,0.0,-1.162992988543305,0.0
6.41,0.24632302826687832,0.0,0.09899127612154227,0.0,-1.165441267112896,0.0
6.412,0.24651867831495447,0.0,0.09665796290066421,0.0,-1.1678684278251823,0.0
6.414,0.24670965689638383,0.0,0.09431981653911721,0.0,-1.1702743952374393,0.0
6.416,0.24689595438732176,0.0,0.09197687949864009,0.0,-1.1726590942719117,0.0
6.418,0.24707756124899685,0.0,0.08962919439076243,0.0,-1.1750224502178142,0.0
6.42,0.24725446802801024,0.0,0.08727680397606487,0.0,-1.1773643887333312,0.0
6.422,0.24742666535663252,0.0,0.0849197511634391,0.0,-1.1796848358476053,0.0
6.424,0.24759414395309984,0.0,0.08255807900934783,0.0,-1.1819837179627204,0.0
6.426,0.24775689462190792,0.0,0.08019183071707794,0.0,-1.1842609618556759,0.0
6.428,0.24791490825410561,0.0,0.07782104963597992,0.0,-1.1865164946803666,0.0
6.43,0.24806817582758584,0.0,0.07544577926072187,0.0,-1.1887502439695419,0.0
6.432,0.24821668840737537,0.0,0.07306606323052386,0.0,-1.1909621376367663,0.0
6.434,0.24836043714592346,0.0,0.07068194532840034,0.0,-1.1931521039783728,0.0
6.436,0.24849941328338848,0.0,0.06829346948038288,0.0,-1.1953200716754118,0.0
6.438,0.24863360814792337,0.0,0.06590067975475847,0.0,-1.1974659697955887,0.0
6.44,0.24876301315595922,0.0,0.0635036203612895,0.0,-1.1995897277952,0.0
6.442,0.24888761981248722,0.0,0.06110233565043548,0.0,-1.201691275521059,0.0
6.444,0.24900741971133983,0.0,0.05869687011257025,0.0,-1.203770543212419,0.0
6.446,0.24912240453546944,0.0,0.05628726837719609,0.0,-1.2058274615028868,0.0
6.448,0.24923256605722582,0.0,0.05387357521214815,0.0,-1.2078619614223336,0.0
6.45,0.24933789613863214,0.0,0.051455835522809905,0.0,-1.209873974398791,0.0
6.452,0.24943838673165922,0.0,0.04903409435130508,0.0,-1.21186343226035,0.0
6.454,0.2495340298784983,0.0,0.04660839687570161,0.0,-1.2138302672370493,0.0
6.456,0.2496248177118318,0.0,0.04417878840919981,0.0,-1.2157744119627558,0.0
6.458,0.24971074245510325,0.0,0.04174531439933284,0.0,-1.2176957994770372,0.0
6.46,0.24979179642278465,0.0,0.03930802042714451,0.0,-1.2195943632270314,0.0
6.462,0.24986797202064312,0.0,0.03686695220637324,0.0,-1.2214700370693095,0.0
6.464,0.24993926174600525,0.0,0.03442215558263528,0.0,-1.223322755271726,0.0
6.466,0.2500056581880199,0.0,0.03197367653260038,0.0,-1.2251524525152666,0.0
6.468,0.25006715402791985,0.0,0.02952156116315966,0.0,-1.2269590638958887,0.0
6.47,0.25012374203928095,0.0,0.027065855710593792,0.0,-1.2287425249263557,0.0
6.472,0.25017541508828045,0.0,0.024606606539741664,0.0,-1.2305027715380588,0.0
6.474,0.25022216613395326,0.0,0.022143860143162136,0.0,-1.2322397400828364,0.0
6.476,0.25026398822844614,0.0,0.01967766314028254,0.0,-1.2339533673347893,0.0
6.478,0.250300874517271,0.0,0.01720806227656215,0.0,-1.2356435904920788,0.0
6.48,0.2503328182395562,0.0,0.014735104422637396,0.0,-1.2373103471787272,0.0
6.482,0.25035981272829533,0.0,0.012258836573469337,0.0,-1.2389535754464045,0.0
6.484,0.25038185141059605,0.0,0.009779305847486527,0.0,-1.2405732137762115,0.0
6.486,0.2503989278079254,0.0,0.007296559485724385,0.0,-1.2421692010804548,0.0
6.488,0.2504110355363543,0.0,0.004810644850961138,0.0,-1.2437414767044117,0.0
6.49,0.25041816830680036,0.0,0.002321609426849877,0.0,-1.24528998042809,0.0
6.492,0.25042031992526864,0.0,-0.00017049918295239386,0.0,-1.2468146524679808,0.0
6.494,0.2504174842930907,0.0,-0.0026656332556586615,0.0,-1.2483154334787998,0.0
6.496,0.25040965540716215,0.0,-0.005163744950234944,0.0,-1.2497922645552282,0.0
6.498,0.25039682736017815,0.0,-0.007664786308272109,0.0,-1.2512450872336356,0.0
6.5,0.25037899434086747,0.0,-0.010168709254879879,0.0,-1.2526738434938043,0.0
6.502,0.25035615063422406,0.0,-0.012675465599574276,0.0,-1.254078475760642,0.0
6.5040000000000004,0.250328290621738,0.0,-0.01518500703716584,0.0,-1.2554589269058871,0.0
6.506,0.2502954087816236,0.0,-0.017697285148654707,0.0,-1.2568151402498018,0.0
6.508,0.2502574996890463,0.0,-0.020212251402133563,0.0,-1.2581470595628674,0.0
6.51,0.2502145580163473,0.0,-0.022729857153689553,0.0,-1.2594546290674613,0.0
6.5120000000000005,0.2501665785332669,0.0,-0.02525005364830596,0.0,-1.2607377934395316,0.0
6.514,0.25011355610716635,0.0,-0.027772792020770015,0.0,-1.261996497810262,0.0
6.516,0.25005548570324587,0.0,-0.030298023296593757,0.0,-1.2632306877677284,0.0
6.518,0.24999236238476386,0.0,-0.0328256983929197,0.0,-1.264440309358548,0.0
6.5200000000000005,0.2499241813132517,0.0,-0.035355768119445574,0.0,-1.2656253090895189,0.0
6.522,0.2498509377487282,0.0,-0.03788818317934012,0.0,-1.2667856339292527,0.0
6.524,0.24977262704991138,0.0,-0.04042289417017851,0.0,-1.2679212313097996,0.0
6.526,0.24968924467442924,0.0,-0.042959851584860945,0.0,-1.269032049128263,0.0
6.5280000000000005,0.24960078617902773,0.0,-0.04549900581254908,0.0,-1.270118035748406,0.0
6.53,0.24950724721977724,0.0,-0.048040307139600044,0.0,-1.2711791400022503,0.0
6.532,0.2494086235522778,0.0,-0.05058370575050472,0.0,-1.2722153111916674,0.0
6.534,0.24930491103186148,0.0,-0.053129151728827886,0.0,-1.2732264990899598,0.0
6.5360000000000005,0.249196105613793,0.0,-0.055676595058157585,0.0,-1.2742126539434342,0.0
6.538,0.24908220335346953,0.0,-0.058225985623042806,0.0,-1.2751737264729641,0.0
6.54,0.24896320040661726,0.0,-0.06077727320995427,0.0,-1.27610966787555,0.0
6.542,0.24883909302948676,0.0,-0.06333040750823195,0.0,-1.2770204298258614,0.0
6.5440000000000005,0.2487098775790459,0.0,-0.06588533811104821,0.0,-1.27790596447778,0.0
6.546,0.24857555051317207,0.0,-0.06844201451635766,0.0,-1.278766224465925,0.0
6.548,0.248436108390841,0.0,-0.07100038612786899,0.0,-1.2796011629071766,0.0
6.55,0.2482915478723142,0.0,-0.07356040225601047,0.0,-1.2804107334021881,0.0
6.5520000000000005,0.24814186571932495,0.0,-0.07612201211889447,0.0,-1.2811948900368872,0.0
6.554,0.24798705879526212,0.0,-0.07868516484328983,0.0,-1.2819535873839716,0.0
6.556,0.24782712406535126,0.0,-0.08124980946560077,0.0,-1.282686780504393,0.0
6.558,0.24766205859683452,0.0,-0.08381589493284491,0.0,-1.2833944249488338,0.0
6.5600000000000005,0.24749185955914885,0.0,-0.08638337010363023,0.0,-1.284076476759175,0.0
6.562,0.24731652422410166,0.0,-0.0889521837491377,0.0,-1.2847328924699515,0.0
6.564,0.2471360499660441,0.0,-0.09152228455411743,0.0,-1.2853636291098027,0.0
6.566,0.24695043426204405,0.0,-0.0940936211178681,0.0,-1.2859686442029132,0.0
6.5680000000000005,0.24675967469205495,0.0,-0.09666614195523543,0.0,-1.286547895770441,0.0
6.57,0.2465637689390847,0.0,-0.09923979549760152,0.0,-1.287101342331939,0.0
6.572,0.2463627147893602,0.0,-0.10181453009389332,0.0,-1.287628942906766,0.0
6.574,0.24615651013249298,0.0,-0.10439029401157343,0.0,-1.2881306570154931,0.0
6.5760000000000005,0.24594515296163996,0.0,-0.10696703543764896,0.0,-1.2886064446812915,0.0
6.578,0.24572864137366338,0.0,-0.10954470247967696,0.0,-1.2890562664313177,0.0
6.58,0.24550697356928944,0.0,-0.11212324316677419,0.0,-1.289480083298091,0.0
6.582,0.24528014785326352,0.0,-0.11470260545062774,0.0,-1.2898778568208529,0.0
6.5840000000000005,0.24504816263450394,0.0,-0.11728273720651529,0.0,-1.290249549046926,0.0
6.586,0.24481101642625444,0.0,-0.11986358623431198,0.0,-1.2905951225330567,0.0
6.588,0.2445687078462334,0.0,-0.12244510025952128,0.0,-1.2909145403467541,0.0
6.59,0.2443212356167818,0.0,-0.12502722693429139,0.0,-1.2912077660676138,0.0
6.5920000000000005,0.24406859856500832,0.0,-0.1276099138384471,0.0,-1.291474763788635,0.0
6.594,0.2438107956229343,0.0,-0.1301931084805074,0.0,-1.291715498117528,0.0
6.596,0.24354782582763407,0.0,-0.13277675829872584,0.0,-1.2919299341780104,0.0
6.598,0.24327968832137456,0.0,-0.13536081066212213,0.0,-1.2921180376110941,0.0
6.6000000000000005,0.24300638235175334,0.0,-0.13794521287151462,0.0,-1.292279774576364,0.0
6.602,0.24272790727183377,0.0,-0.14052991216055816,0.0,-1.2924151117532428,0.0
6.604,0.24244426254027832,0.0,-0.14311485569678983,0.0,-1.2925240163422527,0.0
6.606,0.24215544772147893,0.0,-0.14569999058267133,0.0,-1.2926064560662582,0.0
6.6080000000000005,0.2418614624856874,0.0,-0.14828526385663196,0.0,-1.2926623991717077,0.0
6.61,0.24156230660914202,0.0,-0.15087062249411504,0.0,-1.2926918144298578,0.0
6.612,0.24125797997419163,0.0,-0.15345601340863865,0.0,-1.2926946711379936,0.0
6.614,0.24094848256941967,0.0,-0.15604138345283836,0.0,-1.2926709391206348,0.0
6.6160000000000005,0.24063381448976381,0.0,-0.15862667941952885,0.0,-1.2926205887307316,0.0
6.618,0.24031397593663592,0.0,-0.1612118480427563,0.0,-1.292543590850855,0.0
6.62,0.23998896721803645,0.0,-0.16379683599886846,0.0,-1.2924399168943694,0.0
6.622,0.23965878874867075,0.0,-0.1663815899075678,0.0,-1.2923095388066037,0.0
6.6240000000000006,0.23932344105006054,0.0,-0.16896605633298128,0.0,-1.2921524290660047,0.0
6.626,0.23898292475065344,0.0,-0.17155018178472664,0.0,-1.2919685606852824,0.0
6.628,0.23863724058593205,0.0,-0.17413391271898254,0.0,-1.2917579072125498,0.0
6.63,0.238286389398519,0.0,-0.17671719553955903,0.0,-1.2915204427324438,0.0
6.632000000000001,0.23793037213828008,0.0,-0.179299976598977,0.0,-1.2912561418672412,0.0
6.634,0.23756918986242767,0.0,-0.18188220219953438,0.0,-1.2909649797779654,0.0
6.636,0.23720284373561798,0.0,-0.1844638185943948,0.0,-1.2906469321654774,0.0
6.638,0.23683133503004955,0.0,-0.18704477198866232,0.0,-1.2903019752715603,0.0
6.640000000000001,0.2364546651255573,0.0,-0.18962500854047065,0.0,-1.289930085879993,0.0
6.642,0.23607283550970667,0.0,-0.19220447436205748,0.0,-1.2895312413176099,0.0
6.644,0.23568584777788346,0.0,-0.19478311552086144,0.0,-1.289105419455357,0.0
6.646,0.2352937036333818,0.0,-0.19736087804060995,0.0,-1.2886525987093267,0.0
6.648000000000001,0.23489640488749186,0.0,-0.19993770790240678,0.0,-1.2881727580417945,0.0
6.65,0.23449395345958352,0.0,-0.20251355104582372,0.0,-1.287665876962234,0.0
6.652,0.23408635137718736,0.0,-0.2050883533700063,0.0,-1.287131935528328,0.0
6.654,0.23367360077607557,0.0,-0.2076620607347599,0.0,-1.2865709143469644,0.0
6.656000000000001,0.23325570390033917,0.0,-0.21023461896165607,0.0,-1.285982794575227,0.0
6.658,0.2328326631024638,0.0,-0.21280597383512734,0.0,-1.2853675579213686,0.0
6.66,0.23240448084340143,0.0,-0.2153760711035805,0.0,-1.284725186645777,0.0
6.662,0.2319711596926431,0.0,-0.21794485648049267,0.0,-1.2840556635619313,0.0
6.664,0.2315327023282868,0.0,-0.2205122756455212,0.0,-1.2833589720373446,0.0
6.666,0.23108911153710354,0.0,-0.22307827424561766,0.0,-1.282635095994494,0.0
6.668,0.23064039021460317,0.0,-0.225642797896128,0.0,-1.2818840199117485,0.0
6.67,0.2301865413650948,0.0,-0.22820579218191572,0.0,-1.2811057288242735,0.0
6.672,0.22972756810174788,0.0,-0.2307672026584705,0.0,-1.2803002083249344,0.0
6.674,0.22926347364664826,0.0,-0.23332697485302956,0.0,-1.2794674445651806,0.0
6.676,0.22879426133085617,0.0,-0.23588505426568668,0.0,-1.2786074242559289,0.0
6.678,0.22831993459445707,0.0,-0.23844138637052098,0.0,-1.2777201346684266,0.0
6.68,0.22784049698661285,0.0,-0.24099591661671654,0.0,-1.276805563635103,0.0
6.682,0.22735595216561164,0.0,-0.2435485904296825,0.0,-1.27586369955042,0.0
6.684,0.226866303898914,0.0,-0.2460993532121765,0.0,-1.274894531371701,0.0
6.686,0.22637155606319548,0.0,-0.24864815034544047,0.0,-1.2738980486199514,0.0
6.688,0.22587171264439068,0.0,-0.2511949271903188,0.0,-1.2728742413806702,0.0
6.69,0.22536677773773142,0.0,-0.25373962908839387,0.0,-1.2718231003046485,0.0
6.692,0.22485675554778561,0.0,-0.2562822013631116,0.0,-1.2707446166087588,0.0
6.694,0.2243416503884901,0.0,-0.2588225893209246,0.0,-1.2696387820767252,0.0
6.696,0.22382146668318575,0.0,-0.2613607382524161,0.0,-1.2685055890598929,0.0
6.698,0.22329620896464716,0.0,-0.2638965934334417,0.0,-1.2673450304779814,0.0
6.7,0.22276588187511057,0.0,-0.2664301001262647,0.0,-1.2661570998198228,0.0
6.702,0.22223049016630073,0.0,-0.26896120358069664,0.0,-1.2649417911440959,0.0
6.704,0.22169003869945433,0.0,-0.2714898490352352,0.0,-1.2636990990800419,0.0
6.706,0.22114453244534063,0.0,-0.27401598171821234,0.0,-1.262429018828171,0.0
6.708,0.2205939764842826,0.0,-0.27653954684892607,0.0,-1.2611315461609622,0.0
6.71,0.22003837600617193,0.0,-0.2790604896387967,0.0,-1.2598066774235432,0.0
6.712,0.21947773631048492,0.0,-0.2815787552925054,0.0,-1.258454409534365,0.0
6.714,0.21891206280629313,0.0,-0.28409428900914846,0.0,-1.257074739985858,0.0
6.716,0.21834136101227622,0.0,-0.2866070359833755,0.0,-1.2556676668450897,0.0
6.718,0.21776563655672723,0.0,-0.2891169414065486,0.0,-1.2542331887543954,0.0
6.72,0.21718489517755812,0.0,-0.2916239504678917,0.0,-1.2527713049320017,0.0
6.722,0.21659914272230443,0.0,-0.29412800835564024,0.0,-1.251282015172648,0.0
6.724,0.21600838514812543,0.0,-0.2966290602581937,0.0,-1.249765319848184,0.0
6.726,0.21541262852180224,0.0,-0.2991270513652755,0.0,-1.248221219908161,0.0
6.728,0.2148118790197335,0.0,-0.30162192686908745,0.0,-1.2466497168804067,0.0
6.73,0.2142061429279307,0.0,-0.30411363196546465,0.0,-1.2450508128715976,0.0
6.732,0.21359542664200964,0.0,-0.3066021118550311,0.0,-1.2434245105678126,0.0
6.734,0.21297973666717776,0.0,-0.30908731174436943,0.0,-1.2417708132350709,0.0
6.736,0.21235907961822334,0.0,-0.3115691768471703,0.0,-1.2400897247198697,0.0
6.738,0.21173346221949874,0.0,-0.31404765238540044,0.0,-1.2383812494496975,0.0
6.74,0.21110289130490412,0.0,-0.316522683590459,0.0,-1.2366453924335477,0.0
6.742,0.21046737381786487,0.0,-0.31899421570435077,0.0,-1.234882159262405,0.0
6.744,0.20982691681131188,0.0,-0.3214621939808413,0.0,-1.233091556109736,0.0
6.746,0.2091815274476556,0.0,-0.32392656368662687,0.0,-1.2312735897319576,0.0
6.748,0.20853121299875899,0.0,-0.3263872701024995,0.0,-1.2294282674688946,0.0
6.75,0.20787598084590853,0.0,-0.3288442585245151,0.0,-1.2275555972442296,0.0
6.752,0.2072158384797825,0.0,-0.33129747426516015,0.0,-1.2256555875659365,0.0
6.7540000000000004,0.20655079350041572,0.0,-0.3337468626545252,0.0,-1.2237282475266986,0.0
6.756,0.20588085361716607,0.0,-0.336192369041466,0.0,-1.2217735868043307,0.0
6.758,0.2052060266486727,0.0,-0.3386339387947831,0.0,-1.219791615662167,0.0
6.76,0.20452632052281688,0.0,-0.3410715173043872,0.0,-1.2177823449494516,0.0
6.7620000000000005,0.2038417432766767,0.0,-0.34350504998247794,0.0,-1.2157457861017096,0.0
6.764,0.20315230305648443,0.0,-0.3459344822647068,0.0,-1.2136819511411157,0.0
6.766,0.20245800811757575,0.0,-0.34835975961135934,0.0,-1.2115908526768386,0.0
6.768,0.20175886682433952,0.0,-0.3507808275085288,0.0,-1.209472503905378,0.0
6.7700000000000005,0.20105488765016621,0.0,-0.35319763146928684,0.0,-1.2073269186108908,0.0
6.772,0.20034607917739283,0.0,-0.3556101170348597,0.0,-1.2051541111655093,0.0
6.774,0.19963245009724417,0.0,-0.35801822977580794,0.0,-1.202954096529634,0.0
6.776,0.1989140092097729,0.0,-0.3604219152932033,0.0,-1.2007268902522228,0.0
6.7780000000000005,0.19819076542379896,0.0,-0.36282111921980226,0.0,-1.198472508471073,0.0
6.78,0.19746272775684462,0.0,-0.3652157872212234,0.0,-1.196190967913082,0.0
6.782,0.19672990533506546,0.0,-0.3676058649971336,0.0,-1.1938822858944929,0.0
6.784,0.1959923073931839,0.0,-0.3699912982824184,0.0,-1.1915464803211417,0.0
6.7860000000000005,0.19524994327441583,0.0,-0.37237203284836673,0.0,-1.1891835696886792,0.0
6.788,0.1945028224303983,0.0,-0.37474801450384454,0.0,-1.1867935730827885,0.0
6.79,0.1937509544211102,0.0,-0.3771191890964855,0.0,-1.1843765101793788,0.0
6.792,0.19299434891479675,0.0,-0.3794855025138616,0.0,-1.1819324012447847,0.0
6.7940000000000005,0.19223301568788667,0.0,-0.3818469006846687,0.0,-1.1794612671359352,0.0
6.796,0.1914669646249093,0.0,-0.38420332957990777,0.0,-1.1769631293005227,0.0
6.798,0.1906962057184087,0.0,-0.3865547352140658,0.0,-1.1744380097771516,0.0
6.8,0.18992074906885567,0.0,-0.38890106364629695,0.0,-1.1718859311954792,0.0
6.8020000000000005,0.18914060488455586,0.0,-0.3912422609816098,0.0,-1.1693069167763384,0.0
6.804,0.18835578348155987,0.0,-0.39357827337203993,0.0,-1.1667009903318601,0.0
6.806,0.18756629528356514,0.0,-0.3959090470178428,0.0,-1.1640681762655671,0.0
6.808,0.18677215082181992,0.0,-0.39823452816867033,0.0,-1.161408499572467,0.0
6.8100000000000005,0.1859733607350214,0.0,-0.40055466312475946,0.0,-1.1587219858391218,0.0
6.812,0.18516993576921686,0.0,-0.40286939823810664,0.0,-1.1560086612437253,0.0
6.814,0.18436188677769572,0.0,-0.40517867991365897,0.0,-1.153268552556142,0.0
6.816,0.1835492247208829,0.0,-0.40748245461049676,0.0,-1.1505016871379468,0.0
6.8180000000000005,0.18273196066623082,0.0,-0.4097806688430138,0.0,-1.147708092942457,0.0
6.82,0.18191010578810776,0.0,-0.4120732691820989,0.0,-1.1448877985147452,0.0
6.822,0.18108367136768064,0.0,-0.41436020225632847,0.0,-1.14204083299163,0.0
6.824,0.18025266879280202,0.0,-0.41664141475314104,0.0,-1.1391672261016756,0.0
6.8260000000000005,0.17941710955788898,0.0,-0.4189168534200253,0.0,-1.1362670081651598,0.0
6.828,0.1785770052638041,0.0,-0.421186465065699,0.0,-1.133340210094044,0.0
6.83,0.177732367617728,0.0,-0.4234501965613003,0.0,-1.13038686339191,0.0
6.832,0.17688320843303718,0.0,-0.42570799484156296,0.0,-1.127407000153911,0.0
6.8340000000000005,0.17602953962917367,0.0,-0.42795980690600327,0.0,-1.1244006530666875,0.0
6.836,0.1751713732315148,0.0,-0.4302055798201024,0.0,-1.1213678554082827,0.0
6.838,0.1743087213712399,0.0,-0.4324452607164887,0.0,-1.1183086410480398,0.0
6.84,0.17344159628519484,0.0,-0.4346787967961206,0.0,-1.1152230444464872,0.0
6.8420000000000005,0.1725700103157545,0.0,-0.4369061353294686,0.0,-1.1121111006552151,0.0
6.844,0.171693975910682,0.0,-0.439127223657697,0.0,-1.1089728453167318,0.0
6.846,0.17081350562298664,0.0,-0.4413420091938464,0.0,-1.1058083146643145,0.0
6.848,0.16992861211077925,0.0,-0.4435504394240137,0.0,-1.1026175455218459,0.0
6.8500000000000005,0.16903930813712267,0.0,-0.445752461908537,0.0,-1.0994005753036267,0.0
6.852,0.16814560656988634,0.0,-0.4479480242831685,0.0,-1.096157442014201,0.0
6.854,0.16724752038159046,0.0,-0.45013707426026217,0.0,-1.0928881842481402,0.0
6.856,0.1663450626492523,0.0,-0.45231955962995235,0.0,-1.089592841189827,0.0
6.8580000000000005,0.1654382465542309,0.0,-0.45449542826133055,0.0,-1.0862714526132333,0.0
6.86,0.16452708538206778,0.0,-0.4566646281036232,0.0,-1.0829240588816762,0.0
6.862,0.16361159252232427,0.0,-0.458827107187375,0.0,-1.0795507009475602,0.0
6.864,0.16269178146841745,0.0,-0.46098281362562543,0.0,-1.0761514203521072,0.0
6.8660000000000005,0.16176766581745577,0.0,-0.46313169561508344,0.0,-1.072726259225083,0.0
6.868,0.16083925927007053,0.0,-0.46527370143730373,0.0,-1.0692752602845044,0.0
6.87,0.15990657563024194,0.0,-0.4674087794598693,0.0,-1.0657984668363207,0.0
6.872,0.15896962880512955,0.0,-0.46953687813755984,0.0,-1.0622959227741087,0.0
6.8740000000000006,0.15802843280489434,0.0,-0.47165794601353134,0.0,-1.0587676725787318,0.0
6.876,0.15708300174252343,0.0,-0.47377193172048504,0.0,-1.0552137613180046,0.0
6.878,0.1561333498336452,0.0,-0.47587878398184896,0.0,-1.0516342346463181,0.0
6.88,0.15517949139635154,0.0,-0.4779784516129437,0.0,-1.0480291388042877,0.0
6.882000000000001,0.1542214408510101,0.0,-0.4800708835221573,0.0,-1.044398520618358,0.0
6.884,0.15325921272007784,0.0,-0.4821560287121163,0.0,-1.0407424275004098,0.0
6.886,0.15229282162791122,0.0,-0.484233836280856,0.0,-1.0370609074473516,0.0
6.888,0.1513222823005747,0.0,-0.4863042554229896,0.0,-1.0333540090406963,0.0
6.890000000000001,0.1503476095656443,0.0,-0.4883672354308807,0.0,-1.0296217814461202,0.0
6.892,0.14936881835201493,0.0,-0.49042272569580286,0.0,-1.0258642744130286,0.0
6.894,0.1483859236896977,0.0,-0.492470675709116,0.0,-1.022081538274082,0.0
6.896,0.14739894070962048,0.0,-0.4945110350634253,0.0,-1.0182736239447274,0.0
6.898000000000001,0.14640788464342225,0.0,-0.49654375345375373,0.0,-1.0144405829227057,0.0
6.9,0.14541277082325094,0.0,-0.4985687806786953,0.0,-1.010582467287565,0.0
6.902,0.14441361468155153,0.0,-0.5005860666415887,0.0,-1.006699329700135,0.0
6.904,0.14341043175085588,0.0,-0.5025955613516753,0.0,-1.002791223402002,0.0
6.906000000000001,0.14240323766357116,0.0,-0.5045972149252589,0.0,-0.9988582022149771,0.0
6.908,0.1413920481517648,0.0,-0.5065909775868649,0.0,-0.9949003205405442,0.0
6.91,0.14037687904694524,0.0,-0.5085767996704029,0.0,-0.9909176333592895,0.0
6.912,0.1393577462798418,0.0,-0.5105546316203233,0.0,-0.9869101962303237,0.0
6.914,0.1383346658801847,0.0,-0.5125244239927709,0.0,-0.9828780652906999,0.0
6.916,0.13730765397647884,0.0,-0.5144861274567425,0.0,-0.9788212972548038,0.0
6.918,0.1362767267957772,0.0,-0.5164396927952404,0.0,-0.9747399494137384,0.0
6.92,0.13524190066345196,0.0,-0.518385070906426,0.0,-0.9706340796346964,0.0
6.922,0.13420319200296307,0.0,-0.5203222128047689,0.0,-0.9665037463603174,0.0
6.924,0.13316061733562276,0.0,-0.5222510696222027,0.0,-0.9623490086080274,0.0
6.926,0.1321141932803634,0.0,-0.5241715926092649,0.0,-0.9581699259693852,0.0
6.928,0.13106393655349505,0.0,-0.5260837331362533,0.0,-0.9539665586093856,0.0
6.93,0.1300098639684674,0.0,-0.5279874426943666,0.0,-0.9497389672657767,0.0
6.932,0.12895199243562405,0.0,-0.5298826728968546,0.0,-0.9454872132483412,0.0
6.934,0.12789033896196172,0.0,-0.531769375480153,0.0,-0.941211358438195,0.0
6.936,0.12682492065087891,0.0,-0.5336475023050334,0.0,-0.9369114652870401,0.0
6.938,0.12575575470192626,0.0,-0.5355170053577416,0.0,-0.9325875968164179,0.0
6.94,0.12468285841055649,0.0,-0.5373778367511346,0.0,-0.9282398166169619,0.0
6.942,0.12360624916786991,0.0,-0.5392299487258176,0.0,-0.9238681888476236,0.0
6.944,0.12252594446035599,0.0,-0.541073293651283,0.0,-0.9194727782348824,0.0
6.946,0.12144196186963457,0.0,-0.542907824027044,0.0,-0.9150536500719484,0.0
6.948,0.1203543190721963,0.0,-0.5447334924837649,0.0,-0.9106108702179598,0.0
6.95,0.11926303383913985,0.0,-0.546550251784392,0.0,-0.9061445050971622,0.0
6.952,0.11816812403590198,0.0,-0.5483580548252883,0.0,-0.9016546216980567,0.0
6.954,0.1170696076219942,0.0,-0.5501568546373542,0.0,-0.8971412875725687,0.0
6.956,0.1159675026507299,0.0,-0.5519466043871587,0.0,-0.8926045708351773,0.0
6.958,0.11486182726895451,0.0,-0.5537272573780587,0.0,-0.8880445401620516,0.0
6.96,0.11375259971676624,0.0,-0.5554987670513281,0.0,-0.8834612647901436,0.0
6.962,0.11263983832724382,0.0,-0.5572610869872722,0.0,-0.8788548145163095,0.0
6.964,0.11152356152616484,0.0,-0.5590141709063502,0.0,-0.8742252596963866,0.0
6.966,0.11040378783172497,0.0,-0.5607579726702907,0.0,-0.8695726712442691,0.0
6.968,0.10928053585425417,0.0,-0.5624924462832076,0.0,-0.8648971206309706,0.0
6.97,0.10815382429593137,0.0,-0.5642175458927123,0.0,-0.8601986798836748,0.0
6.972,0.107023671950494,0.0,-0.565933225791029,0.0,-0.8554774215847624,0.0
6.974,0.1058900977029522,0.0,-0.5676394404160965,0.0,-0.8507334188708524,0.0
6.976,0.10475312052929182,0.0,-0.5693361443526834,0.0,-0.8459667454317952,0.0
6.978,0.10361275949618239,0.0,-0.5710232923334889,0.0,-0.841177475509681,0.0
6.98,0.10246903376067722,0.0,-0.5727008392402502,0.0,-0.8363656838978129,0.0
6.982,0.101321962569919,0.0,-0.5743687401048377,0.0,-0.8315314459396991,0.0
6.984,0.10017156526083439,0.0,-0.5760269501103604,0.0,-0.8266748375279955,0.0
6.986,0.09901786125983049,0.0,-0.5776754245922617,0.0,-0.8217959351034534,0.0
6.988,0.09786087008249142,0.0,-0.5793141190394129,0.0,-0.816894815653862,0.0
6.99,0.09670061133327053,0.0,-0.5809429890952045,0.0,-0.8119715567129724,0.0
6.992,0.0955371047051761,0.0,-0.5825619905586437,0.0,-0.8070262363593872,0.0
6.994,0.09437036997946383,0.0,-0.5841710793854362,0.0,-0.8020589332154777,0.0
6.996,0.09320042702531942,0.0,-0.5857702116890772,0.0,-0.7970697264462547,0.0
6.998,0.09202729579954487,0.0,-0.5873593437419302,0.0,-0.7920586957582516,0.0
7.0,0.0908509963462347,0.0,-0.5889384319763162,0.0,-0.7870259213983616,0.0
7.002,0.0896715487964599,0.0,-0.5905074329855876,0.0,-0.7819714841527045,0.0
7.0040000000000004,0.08848897336794237,0.0,-0.5920663035252076,0.0,-0.7768954653454485,0.0
7.006,0.08730329036473002,0.0,-0.5936150005138241,0.0,-0.7717979468376331,0.0
7.008,0.08611452017686945,0.0,-0.5951534810343438,0.0,-0.7666790110259766,0.0
7.01,0.0849226832800762,0.0,-0.5966817023350011,0.0,-0.7615387408416705,0.0
7.0120000000000005,0.08372780023540327,0.0,-0.5981996218304266,0.0,-0.7563772197491634,0.0
7.014,0.08252989168890695,0.0,-0.5997071971027116,0.0,-0.7511945317449295,0.0
7.016,0.08132897837131116,0.0,-0.6012043859024715,0.0,-0.7459907613562271,0.0
7.018,0.08012508109766954,0.0,-0.6026911461499058,0.0,-0.7407659936398456,0.0
7.0200000000000005,0.07891822076702296,0.0,-0.6041674359358574,0.0,-0.7355203141808264,0.0
7.022,0.07770841836206203,0.0,-0.6056332135228644,0.0,-0.7302538090912054,0.0
7.024,0.07649569494877825,0.0,-0.6070884373462151,0.0,-0.7249665650087,0.0
7.026,0.07528007167611789,0.0,-0.6085330660149998,0.0,-0.7196586690954075,0.0
7.0280000000000005,0.07406156977563538,0.0,-0.6099670583131553,0.0,-0.7143302090364951,0.0
7.03,0.07284021056114252,0.0,-0.6113903732005089,0.0,-0.7089812730388712,0.0
7.032,0.07161601542835379,0.0,-0.6128029698138244,0.0,-0.7036119498298334,0.0
7.034,0.0703890058545312,0.0,-0.6142048074678397,0.0,-0.698222328655715,0.0
7.0360000000000005,0.06915920339812955,0.0,-0.6155958456563021,0.0,-0.6928124992805258,0.0
7.038,0.06792662969843781,0.0,-0.6169760440530032,0.0,-0.687382551984576,0.0
7.04,0.0666913064752133,0.0,-0.6183453625128117,0.0,-0.6819325775630631,0.0
7.042,0.06545325552832384,0.0,-0.6197037610726993,0.0,-0.6764626673246918,0.0
7.0440000000000005,0.06421249873737926,0.0,-0.6210511999527688,0.0,-0.6709729130902435,0.0
7.046,0.06296905806136724,0.0,-0.6223876395572727,0.0,-0.6654634071911614,0.0
7.048,0.06172295553827886,0.0,-0.6237130404756391,0.0,-0.6599342424680865,0.0
7.05,0.060474213284742465,0.0,-0.6250273634834835,0.0,-0.6543855122694288,0.0
7.0520000000000005,0.05922285349564754,0.0,-0.6263305695436252,0.0,-0.648817310449889,0.0
7.054,0.057968898443769915,0.0,-0.6276226198070978,0.0,-0.6432297313689843,0.0
7.056,0.05671237047939427,0.0,-0.6289034756141576,0.0,-0.6376228698895586,0.0
7.058,0.05545329202993527,0.0,-0.6301730984952884,0.0,-0.631996821376283,0.0
7.0600000000000005,0.05419168559955349,0.0,-0.6314314501722059,0.0,-0.6263516816941304,0.0
7.062,0.05292757376877704,0.0,-0.632678492558851,0.0,-0.6206875472068722,0.0
7.064,0.051660979194111084,0.0,-0.6339141877623929,0.0,-0.6150045147755182,0.0
7.066,0.05039192460765342,0.0,-0.6351384980842169,0.0,-0.6093026817567788,0.0
7.0680000000000005,0.049120432816701955,0.0,-0.6363513860209182,0.0,-0.6035821460014901,0.0
7.07,0.047846526703368454,0.0,-0.6375528142652837,0.0,-0.5978430058530622,0.0
7.072,0.0465702292241806,0.0,-0.63874274570728,0.0,-0.5920853601458727,0.0
7.074,0.04529156340968706,0.0,-0.6399211434350325,0.0,-0.5863093082036698,0.0
7.0760000000000005,0.04401055236406233,0.0,-0.6410879707358018,0.0,-0.5805149498379727,0.0
7.078,0.04272721926470748,0.0,-0.6422431910969567,0.0,-0.5747023853464484,0.0
7.08,0.0414415873618469,0.0,-0.6433867682069474,0.0,-0.5688717155112695,0.0
7.082,0.040153679978125134,0.0,-0.6445186659562717,0.0,-0.5630230415974669,0.0
7.0840000000000005,0.03886352050820389,0.0,-0.6456388484384388,0.0,-0.5571564653512827,0.0
7.086,0.03757113241835566,0.0,-0.6467472799509285,0.0,-0.5512720889985027,0.0
7.088,0.036276539246050066,0.0,-0.6478439249961533,0.0,-0.5453700152427532,0.0
7.09,0.03497976459954825,0.0,-0.6489287482824069,0.0,-0.5394503472638321,0.0
7.0920000000000005,0.033680832157487045,0.0,-0.6500017147248192,0.0,-0.53351318871599,0.0
7.094,0.03237976566846752,0.0,-0.6510627894462993,0.0,-0.5275586437262267,0.0
7.096,0.031076588950633182,0.0,-0.652111937778484,0.0,-0.5215868168925402,0.0
7.098,0.029771325891256875,0.0,-0.6531491252626745,0.0,-0.51559781328221,0.0
7.1000000000000005,0.02846400044631787,0.0,-0.6541743176507748,0.0,-0.5095917384300339,0.0
7.102,0.027154636640080217,0.0,-0.6551874809062236,0.0,-0.5035686983365661,0.0
7.104,0.025843258564668823,0.0,-0.6561885812049263,0.0,-0.4975287994663439,0.0
7.106,0.02452989037964406,0.0,-0.6571775849361784,0.0,-0.4914721487461019,0.0
7.1080000000000005,0.023214556311571412,0.0,-0.658154458703592,0.0,-0.48539885356296303,0.0
7.11,0.021897280653597247,0.0,-0.6591191693260092,0.0,-0.4793090217626533,0.0
7.112,0.020578087765012146,0.0,-0.6600716838384226,0.0,-0.4732027616476556,0.0
7.114,0.01925700207082086,0.0,-0.6610119694928847,0.0,-0.4670801819753931,0.0
7.1160000000000005,0.01793404806130404,0.0,-0.6619399937594163,0.0,-0.46094139195636924,0.0
7.118,0.01660925029158684,0.0,-0.6628557243269102,0.0,-0.4547865012523385,0.0
7.12,0.01528263338119537,0.0,-0.6637591291040328,0.0,-0.44861561997441657,0.0
7.122,0.01395422201361681,0.0,-0.6646501762201208,0.0,-0.4424288586812049,0.0
7.1240000000000006,0.012624040935859334,0.0,-0.6655288340260741,0.0,-0.4362263283769116,0.0
7.126,0.01129211495800808,0.0,-0.6663950710952437,0.0,-0.430008140509451,0.0
7.128,0.009958468952777227,0.0,-0.6672488562243195,0.0,-0.42377440696852164,0.0
7.13,0.008623127855062416,0.0,-0.6680901584342117,0.0,-0.41752524008368247,0.0
7.132000000000001,0.0072861166614935965,0.0,-0.6689189469709271,0.0,-0.4112607526224301,0.0
7.134,0.005947460429984501,0.0,-0.6697351913064434,0.0,-0.4049810577882547,0.0
7.136,0.004607184279274961,0.0,-0.6705388611395803,0.0,-0.39868626921866146,0.0
7.138,0.0032653133884817773,0.0,-0.6713299263968645,0.0,-0.39237650098322785,0.0
7.140000000000001,0.0019218729966397228,0.0,-0.672108357233393,0.0,-0.3860518675816126,0.0
7.142,0.0005768884022440946,0.0,-0.6728741240336894,0.0,-0.3797124839415682,0.0
7.144,-0.0007696150372089979,0.0,-0.6736271974125599,0.0,-0.3733584654169404,0.0
7.146,-0.0021176119056840487,0.0,-0.674367548215943,0.0,-0.3669899277856567,0.0
7.148000000000001,-0.003467076729069267,0.0,-0.6750951475217557,0.0,-0.3606069872477033,0.0
7.15,-0.004817983975641374,0.0,-0.6758099666407338,0.0,-0.3542097604230919,0.0
7.152,-0.0061703080565320804,0.0,-0.6765119771172728,0.0,-0.34779836434981537,0.0
7.154,-0.007524023326195705,0.0,-0.6772011507302604,0.0,-0.3413729164817952,0.0
7.156000000000001,-0.008879104082881697,0.0,-0.6778774594939061,0.0,-0.3349335346868021,0.0
7.158,-0.010235524569100669,0.0,-0.6785408756585669,0.0,-0.3284803372444059,0.0
7.16,-0.011593258972102411,0.0,-0.6791913717115693,0.0,-0.322013442843864,0.0
7.162,-0.012952281424350114,0.0,-0.6798289203780257,0.0,-0.3155329705820265,0.0
7.164000000000001,-0.014312566003994573,0.0,-0.6804534946216493,0.0,-0.3090390399612372,0.0
7.166,-0.01567408673535216,0.0,-0.6810650676455597,0.0,-0.30253177088721483,0.0
7.168,-0.017036817589386702,0.0,-0.6816636128930916,0.0,-0.29601128366691154,0.0
7.17,-0.01840073248419064,0.0,-0.6822491040485916,0.0,-0.2894776990063735,0.0
7.172,-0.019765805285465145,0.0,-0.6828215150382168,0.0,-0.2829311380086022,0.0
7.174,-0.02113200980700674,0.0,-0.6833808200307245,0.0,-0.2763717221713825,0.0
7.176,-0.02249931981119269,0.0,-0.683926993438261,0.0,-0.2697995733851139,0.0
7.178,-0.02386770900946862,0.0,-0.6844600099171443,0.0,-0.2632148139306265,0.0
7.18,-0.025237151062837596,0.0,-0.6849798443686421,0.0,-0.25661756647699047,0.0
7.182,-0.026607619582350837,0.0,-0.6854864719397477,0.0,-0.2500079540793112,0.0
7.184,-0.02797908812959988,0.0,-0.6859798680239476,0.0,-0.2433861001765168,0.0
7.186,-0.02935153021721039,0.0,-0.6864600082619887,0.0,-0.23675212858913422,0.0
7.188,-0.03072491930933688,0.0,-0.6869268685426393,0.0,-0.2301061635170579,0.0
7.19,-0.03209922882216223,0.0,-0.6873804250034438,0.0,-0.22344832953729288,0.0
7.192,-0.03347443212439051,0.0,-0.6878206540314762,0.0,-0.21677875160172688,0.0
7.194,-0.03485050253775177,0.0,-0.6882475322640881,0.0,-0.21009755503484243,0.0
7.196,-0.036227413337502734,0.0,-0.6886610365896496,0.0,-0.2034048655314446,0.0
7.198,-0.037605137752927405,0.0,-0.68906114414829,0.0,-0.1967008091543882,0.0
7.2,-0.03898364896784133,0.0,-0.6894478323326292,0.0,-0.18998551233228295,0.0
7.202,-0.040362920121099474,0.0,-0.689821078788509,0.0,-0.18325910185717878,0.0
7.204,-0.04174292430710342,0.0,-0.6901808614157166,0.0,-0.17652170488225133,0.0
7.206,-0.04312363457630778,0.0,-0.6905271583687048,0.0,-0.16977344891948906,0.0
7.208,-0.044505023935729686,0.0,-0.6908599480573072,0.0,-0.1630144618373623,0.0
7.21,-0.04588706534946516,0.0,-0.6911792091474486,0.0,-0.15624487185845495,0.0
7.212,-0.047269731739196644,0.0,-0.6914849205618517,0.0,-0.14946480755713815,0.0
7.214,-0.04865299598471043,0.0,-0.6917770614807371,0.0,-0.14267439785719174,0.0
7.216,-0.05003683092440916,0.0,-0.6920556113425209,0.0,-0.13587377202944698,0.0
7.218,-0.05142120935583438,0.0,-0.6923205498445056,0.0,-0.1290630596893779,0.0
7.22,-0.052806104036179496,0.0,-0.6925718569435678,0.0,-0.12224239079473603,0.0
7.222,-0.05419148768281237,0.0,-0.6928095128568393,0.0,-0.11541189564313598,0.0
7.224,-0.05557733297379595,0.0,-0.6930334980623851,0.0,-0.10857170486964696,0.0
7.226,-0.05696361254841077,0.0,-0.6932437932998758,0.0,-0.10172194944437274,0.0
7.228,-0.058350299007678366,0.0,-0.6934403795712558,0.0,-0.09486276067002458,0.0
7.23,-0.05973736491488917,0.0,-0.6936232381414047,0.0,-0.0879942701794687,0.0
7.232,-0.06112478279612355,0.0,-0.6937923505387961,0.0,-0.08111660993330466,0.0
7.234,-0.06251252514078516,0.0,-0.6939476985561508,0.0,-0.0742299122173819,0.0
7.236,-0.0639005644021268,0.0,-0.6940892642510844,0.0,-0.06733430964034781,0.0
7.238,-0.0652888729977841,0.0,-0.6942170299467502,0.0,-0.06042993513115602,0.0
7.24,-0.06667742331030184,0.0,-0.6943309782324782,0.0,-0.053516921936608675,0.0
7.242,-0.06806618768767171,0.0,-0.6944310919644077,0.0,-0.04659540361883757,0.0
7.244,-0.0694551384438662,0.0,-0.6945173542661146,0.0,-0.0396655140528035,0.0
7.246,-0.07084424785937175,0.0,-0.6945897485292366,0.0,-0.03272738742379511,0.0
7.248,-0.07223348818172558,0.0,-0.6946482584140897,0.0,-0.025781158224908063,0.0
7.25,-0.07362283162605585,0.0,-0.6946928678502821,0.0,-0.018826961254503338,0.0
7.252,-0.07501225037562075,0.0,-0.6947235610373207,0.0,-0.011864931613668916,0.0
7.2540000000000004,-0.07640171658234694,0.0,-0.6947403224452171,0.0,-0.004895204703682043,0.0
7.256,-0.0777912023673703,0.0,-0.6947431368150824,0.0,0.002082083776542787,0.0
7.258,-0.0791806798215839,0.0,-0.6947319891597203,0.0,0.009066797833045481,0.0
7.26,-0.0805701210061764,0.0,-0.6947068647642171,0.0,0.016058801179366367,0.0
7.2620000000000005,-0.0819594979531805,0.0,-0.6946677491865209,0.0,0.023057957239144222,0.0
7.264,-0.08334878266601592,0.0,-0.694614628258021,0.0,0.030064129148691998,0.0
7.266,-0.08473794712004237,0.0,-0.6945474880841189,0.0,0.037077179759623435,0.0
7.268,-0.0861269632631027,0.0,-0.6944663150447956,0.0,0.04409697164143378,0.0
7.2700000000000005,-0.0875158030160753,0.0,-0.6943710957951732,0.0,0.05112336708413012,0.0
7.272,-0.08890443827342435,0.0,-0.6942618172660705,0.0,0.05815622810085341,0.0
7.274,-0.09029284090375185,0.0,-0.694138466664555,0.0,0.06519541643051124,0.0
7.276,-0.0916809827503502,0.0,-0.6940010314744891,0.0,0.07224079354041812,0.0
7.2780000000000005,-0.09306883563175933,0.0,-0.6938494994570682,0.0,0.07929222062896024,0.0
7.28,-0.09445637134231347,0.0,-0.6936838586513602,0.0,0.0863495586282097,0.0
7.282,-0.09584356165271031,0.0,-0.6935040973748303,0.0,0.09341266820665733,0.0
7.284,-0.09723037831055699,0.0,-0.6933102042238699,0.0,0.10048140977182873,0.0
7.2860000000000005,-0.09861679304093499,0.0,-0.693102168074313,0.0,0.10755564347299934,0.0
7.288,-0.10000277754695286,0.0,-0.6928799780819526,0.0,0.11463522920385094,0.0
7.29,-0.1013883035103178,0.0,-0.6926436236830452,0.0,0.12172002660522702,0.0
7.292,-0.10277334259188597,0.0,-0.6923930945948187,0.0,0.12880989506778168,0.0
7.2940000000000005,-0.10415786643223048,0.0,-0.6921283808159661,0.0,0.13590469373472153,0.0
7.296,-0.10554184665220363,0.0,-0.6918494726271391,0.0,0.14300428150452243,0.0
7.298,-0.10692525485350154,0.0,-0.6915563605914363,0.0,0.15010851703365846,0.0
7.3,-0.10830806261922922,0.0,-0.6912490355548815,0.0,0.157217258739339,0.0
7.3020000000000005,-0.1096902415144672,0.0,-0.6909274886469022,0.0,0.16433036480225405,0.0
7.304,-0.11107176308683851,0.0,-0.690591711280798,0.0,0.1714476931693249,0.0
7.306,-0.1124525988670771,0.0,-0.6902416951542065,0.0,0.17856910155646588,0.0
7.308,-0.11383272036959698,0.0,-0.6898774322495619,0.0,0.18569444745135105,0.0
7.3100000000000005,-0.11521209909306215,0.0,-0.6894989148345494,0.0,0.192823588116188,0.0
7.312,-0.11659070652095758,0.0,-0.6891061354625528,0.0,0.1999563805905013,0.0
7.314,-0.11796851412216107,0.0,-0.6886990869730966,0.0,0.2070926816939207,0.0
7.316,-0.11934549335151604,0.0,-0.6882777624922842,0.0,0.21423234802897873,0.0
7.3180000000000005,-0.12072161565040501,0.0,-0.6878421554332292,0.0,0.22137523598391462,0.0
7.32,-0.12209685244732411,0.0,-0.6873922594964794,0.0,0.22852120173548424,0.0
7.322,-0.12347117515845837,0.0,-0.6869280686704394,0.0,0.23567010125177978,0.0
7.324,-0.12484455518825778,0.0,-0.6864495772317831,0.0,0.24282179029505363,0.0
7.3260000000000005,-0.12621696393001433,0.0,-0.6859567797458641,0.0,0.2499761244245517,0.0
7.328,-0.12758837276643964,0.0,-0.685449671067117,0.0,0.257132958999351,0.0
7.33,-0.12895875307024376,0.0,-0.6849282463394576,0.0,0.2642921491812084,0.0
7.332,-0.13032807620471432,0.0,-0.6843925009966717,0.0,0.2714535499374104,0.0
7.3340000000000005,-0.13169631352429667,0.0,-0.6838424307628038,0.0,0.2786170160436347,0.0
7.336,-0.13306343637517484,0.0,-0.6832780316525351,0.0,0.2857824020868162,0.0
7.338,-0.13442941609585324,0.0,-0.6826992999715603,0.0,0.29294956246801984,0.0
7.34,-0.13579422401773888,0.0,-0.6821062323169549,0.0,0.30011835140532067,0.0
7.3420000000000005,-0.13715783146572477,0.0,-0.681498825577539,0.0,0.3072886229366893,0.0
7.344,-0.13852020975877335,0.0,-0.6808770769342344,0.0,0.3144602309228853,0.0
7.346,-0.13988133021050156,0.0,-0.6802409838604161,0.0,0.3216330290503567,0.0
7.348,-0.14124116412976462,0.0,-0.6795905441222592,0.0,0.32880687083413856,0.0
7.3500000000000005,-0.14259968282124746,0.0,-0.6789257557790742,0.0,0.3359816096207945,0.0
7.352,-0.14395685758604063,0.0,-0.6782466171836489,0.0,0.3431570985912774,0.0
7.354,-0.14531265972223742,0.0,-0.6775531269825713,0.0,0.35033319076390623,0.0
7.356,-0.1466670605255201,0.0,-0.6768452841165501,0.0,0.3575097389972882,0.0
7.3580000000000005,-0.14802003128974492,0.0,-0.676123087820736,0.0,0.3646865959932355,0.0
7.36,-0.14937154330753094,0.0,-0.6753865376250324,0.0,0.37186361429970716,0.0
7.362,-0.1507215678708542,0.0,-0.6746356333543964,0.0,0.37904064631377954,0.0
7.364,-0.15207007627163788,0.0,-0.673870375129137,0.0,0.38621754428460203,0.0
7.3660000000000005,-0.1534170398023395,0.0,-0.6730907633652133,0.0,0.39339416031633456,0.0
7.368,-0.15476242975654106,0.0,-0.6722967987745201,0.0,0.40057034637110844,0.0
7.37,-0.15610621742955091,0.0,-0.6714884823651626,0.0,0.4077459542720489,0.0
7.372,-0.15744837411898577,0.0,-0.67066581544174,0.0,0.4149208357061968,0.0
7.3740000000000006,-0.15878887112537052,0.0,-0.6698287996056093,0.0,0.42209484222752647,0.0
7.376,-0.16012767975272546,0.0,-0.6689774367551531,0.0,0.4292678252598999,0.0
7.378,-0.1614647713091711,0.0,-0.6681117290860291,0.0,0.4364396361001182,0.0
7.38,-0.16280011710751266,0.0,-0.6672316790914294,0.0,0.4436101259208651,0.0
7.382000000000001,-0.16413368846584062,0.0,-0.6663372895623219,0.0,0.4507791457737418,0.0
7.384,-0.16546545670812504,0.0,-0.6654285635876882,0.0,0.4579465465922691,0.0
7.386,-0.16679539316481257,0.0,-0.6645055045547607,0.0,0.46511217919490755,0.0
7.388,-0.1681234691734224,0.0,-0.6635681161492457,0.0,0.47227589428807565,0.0
7.390000000000001,-0.16944965607914417,0.0,-0.6626164023555474,0.0,0.4794375424691775,0.0
7.392,-0.1707739252354348,0.0,-0.6616503674569806,0.0,0.4865969742296346,0.0
7.394,-0.1720962480046172,0.0,-0.6606700160359814,0.0,0.49375403995792216,0.0
7.396,-0.17341659575847831,0.0,-0.659675352974309,0.0,0.5009085899426109,0.0
7.398000000000001,-0.1747349398788682,0.0,-0.6586663834532432,0.0,0.5080604743754134,0.0
7.4,-0.17605125175829905,0.0,-0.6576431129537744,0.0,0.5152095433542363,0.0
7.402,-0.17736550280054494,0.0,-0.6566055472567888,0.0,0.5223556468862356,0.0
7.404,-0.17867766442124186,0.0,-0.6555536924432458,0.0,0.5294986348908783,0.0
7.406000000000001,-0.1799877080484878,0.0,-0.6544875548943518,0.0,0.5366383572030082,0.0
7.408,-0.18129560512344353,0.0,-0.6534071412917248,0.0,0.5437746635759158,0.0
7.41,-0.1826013271009337,0.0,-0.652312458617556,0.0,0.5509074036844128,0.0
7.412,-0.183904845450048,0.0,-0.6512035141547623,0.0,0.5580364271279129,0.0
7.414000000000001,-0.1852061316547429,0.0,-0.6500803154871349,0.0,0.5651615834335151,0.0
7.416,-0.18650515721444322,0.0,-0.64894287049948,0.0,0.5722827220590908,0.0
7.418,-0.18780189364464472,0.0,-0.6477911873777557,0.0,0.5793996923963778,0.0
7.42,-0.18909631247751635,0.0,-0.6466252746091995,0.0,0.5865123437740767,0.0
7.422000000000001,-0.19038838526250276,0.0,-0.645445140982452,0.0,0.5936205254609519,0.0
7.424,-0.19167808356692748,0.0,-0.6442507955876737,0.0,0.6007240866689358,0.0
7.426,-0.19296537897659596,0.0,-0.6430422478166555,0.0,0.6078228765562391,0.0
7.428,-0.19425024309639896,0.0,-0.641819507362923,0.0,0.6149167442304647,0.0
7.43,-0.19553264755091512,0.0,-0.6405825842218359,0.0,0.6220055387517174,0.0
7.432,-0.19681256398501962,0.0,-0.6393314886906734,0.0,0.6290891091357538,0.0
7.434,-0.19808996406447832,0.0,-0.6380662313687326,0.0,0.6361673043570515,0.0
7.436,-0.19936481947656065,0.0,-0.6367868231573965,0.0,0.643239973351988,0.0
7.438,-0.200637101930643,0.0,-0.6354932752602084,0.0,0.6503069650219669,0.0
7.44,-0.20190678315880903,0.0,-0.6341855991829436,0.0,0.657368128236532,0.0
7.442,-0.20317383491645433,0.0,-0.6328638067336698,0.0,0.6644233118365059,0.0
7.444,-0.20443822898289501,0.0,-0.6315279100227977,0.0,0.6714723646371586,0.0
7.446,-0.20569993716197202,0.0,-0.6301779214631265,0.0,0.6785151354313476,0.0
7.448,-0.20695893128265275,0.0,-0.6288138537698925,0.0,0.6855514729926522,0.0
7.45,-0.2082151831996344,0.0,-0.6274357199608059,0.0,0.6925812260785166,0.0
7.452,-0.20946866479395787,0.0,-0.6260435333560669,0.0,0.6996042434334582,0.0
7.454,-0.21071934797360334,0.0,-0.6246373075784026,0.0,0.7066203737921714,0.0
7.456,-0.21196720467410066,0.0,-0.6232170565530756,0.0,0.7136294658827234,0.0
7.458,-0.21321220685912912,0.0,-0.6217827945079009,0.0,0.7206313684296867,0.0
7.46,-0.21445432652113164,0.0,-0.6203345359732375,0.0,0.7276259301573622,0.0
7.462,-0.21569353568191094,0.0,-0.6188722957819993,0.0,0.734612999792898,0.0
7.464,-0.21692980639323894,0.0,-0.6173960890696389,0.0,0.7415924260694897,0.0
7.466,-0.21816311073746075,0.0,-0.6159059312741327,0.0,0.74856405772955,0.0
7.468,-0.21939342082810032,0.0,-0.6144018381359619,0.0,0.7555277435278953,0.0
7.47,-0.22062070881046475,0.0,-0.6128838256980823,0.0,0.7624833322349212,0.0
7.472,-0.22184494686224981,0.0,-0.611351910305891,0.0,0.7694306726397919,0.0
7.474,-0.22306610719414402,0.0,-0.6098061086071845,0.0,0.7763696135536267,0.0
7.476,-0.22428416205043422,0.0,-0.6082464375521134,0.0,0.78330000381269,0.0
7.478,-0.22549908370960983,0.0,-0.6066729143931278,0.0,0.7902216922815861,0.0
7.48,-0.22671084448496726,0.0,-0.605085556684917,0.0,0.7971345278564511,0.0
7.482,-0.2279194167252145,0.0,-0.6034843822843446,0.0,0.8040383594681517,0.0
7.484,-0.22912477281507565,0.0,-0.6018694093503748,0.0,0.8109330360854861,0.0
7.486,-0.23032688517589442,0.0,-0.6002406563439933,0.0,0.817818406718382,0.0
7.488,-0.23152572626623866,0.0,-0.5985981420281224,0.0,0.8246943204211041,0.0
7.49,-0.23272126858250378,0.0,-0.5969418854675289,0.0,0.8315606262954576,0.0
7.492,-0.23391348465951664,0.0,-0.5952719060287257,0.0,0.8384171734939962,0.0
7.494,-0.2351023470711386,0.0,-0.5935882233798669,0.0,0.845263811223232,0.0
7.496,-0.23628782843086923,0.0,-0.5918908574906379,0.0,0.8521003887468466,0.0
7.498,-0.23746990139244842,0.0,-0.5901798286321354,0.0,0.8589267553889035,0.0
7.5,-0.23864853865045982,0.0,-0.5884551573767461,0.0,0.8657427605370642,0.0
7.502,-0.23982371294093313,0.0,-0.5867168645980148,0.0,0.8725482536458034,0.0
7.5040000000000004,-0.2409953970419461,0.0,-0.5849649714705077,0.0,0.8793430842396279,0.0
7.506,-0.24216356377422632,0.0,-0.5831994994696694,0.0,0.8861271019162931,0.0
7.508,-0.24332818600175335,0.0,-0.581420470371673,0.0,0.8929001563500285,0.0
7.51,-0.24448923663235944,0.0,-0.5796279062532637,0.0,0.8996620972947548,0.0
7.5120000000000005,-0.24564668861833097,0.0,-0.5778218294915973,0.0,0.9064127745873116,0.0
7.514,-0.24680051495700867,0.0,-0.5760022627640692,0.0,0.9131520381506781,0.0
7.516,-0.24795068869138834,0.0,-0.574169229048141,0.0,0.9198797379972015,0.0
7.518,-0.24909718291071972,0.0,-0.5723227516211589,0.0,0.9265957242318174,0.0
7.5200000000000005,-0.2502399707511103,0.0,-0.5704628540601566,0.0,0.9332998470553027,0.0
7.522,-0.2513790253961162,0.0,-0.5685895602416788,0.0,0.9399919567674548,0.0
7.524,-0.2525143200773484,0.0,-0.5667028943415635,0.0,0.9466719037703658,0.0
7.526,-0.2536458280750705,0.0,-0.5648028808347358,0.0,0.9533395385716477,0.0
7.5280000000000005,-0.25477352271879306,0.0,-0.5628895444950012,0.0,0.9599947117876433,0.0
7.53,-0.25589737738787116,0.0,-0.560962910394824,0.0,0.9666372741466578,0.0
7.532,-0.25701736551210524,0.0,-0.5590230039050945,0.0,0.9732670764922118,0.0
7.534,-0.25813346057233716,0.0,-0.5570698506948939,0.0,0.9798839697862738,0.0
7.5360000000000005,-0.2592456361010434,0.0,-0.5551034767312623,0.0,0.9864878051124729,0.0
7.538,-0.2603538656829299,0.0,-0.5531239082789531,0.0,0.993078433679329,0.0
7.54,-0.2614581229555342,0.0,-0.5511311719001647,0.0,0.9996557068235293,0.0
7.542,-0.2625583816098126,0.0,-0.5491252944542983,0.0,1.0062194760131145,0.0
7.5440000000000005,-0.2636546153907385,0.0,-0.5471063030976814,0.0,1.0127695928507428,0.0
7.546,-0.26474679809789164,0.0,-0.5450742252833061,0.0,1.019305909076894,0.0
7.548,-0.26583490358605877,0.0,-0.543029088760532,0.0,1.025828276573154,0.0
7.55,-0.26691890576581856,0.0,-0.5409709215748193,0.0,1.0323365473654003,0.0
7.5520000000000005,-0.2679987786041371,0.0,-0.5388997520674275,0.0,1.03883057362706,0.0
7.554,-0.26907449612495854,0.0,-0.5368156088751187,0.0,1.0453102076823404,0.0
7.556,-0.27014603240979573,0.0,-0.5347185209298535,0.0,1.0517753020094616,0.0
7.558,-0.27121336159832066,0.0,-0.5326085174584794,0.0,1.058225709243892,0.0
7.5600000000000005,-0.2722764578889533,0.0,-0.5304856279824126,0.0,1.06466128218158,0.0
7.562,-0.2733352955394511,0.0,-0.5283498823173147,0.0,1.0710818737821888,0.0
7.564,-0.27438984886749646,0.0,-0.5262013105727612,0.0,1.0774873371723257,0.0
7.566,-0.27544009225128474,0.0,-0.5240399431519049,0.0,1.0838775256487785,0.0
7.5680000000000005,-0.27648600013011104,0.0,-0.5218658107511323,0.0,1.0902522926817415,0.0
7.57,-0.27752754700495574,0.0,-0.5196789443597131,0.0,1.0966114919180503,0.0
7.572,-0.2785647074390708,0.0,-0.517479375259444,0.0,1.102954977184409,0.0
7.574,-0.2795974560585638,0.0,-0.5152671350242862,0.0,1.1092826024906208,0.0
7.5760000000000005,-0.2806257675529822,0.0,-0.513042255519995,0.0,1.1155942220328143,0.0
7.578,-0.28164961667589605,0.0,-0.5108047689037447,0.0,1.1218896901966706,0.0
7.58,-0.28266897824548143,0.0,-0.5085547076237458,0.0,1.1281688615606504,0.0
7.582,-0.2836838271451014,0.0,-0.5062921044188566,0.0,1.1344315908992184,0.0
7.5840000000000005,-0.28469413832388674,0.0,-0.504016992318188,0.0,1.1406777331860658,0.0
7.586,-0.2856998867973165,0.0,-0.5017294046407006,0.0,1.1469071435973321,0.0
7.588,-0.28670104764779747,0.0,-0.49942937499479895,0.0,1.1531196775148298,0.0
7.59,-0.28769759602524203,0.0,-0.49711693727791467,0.0,1.1593151905292585,0.0
7.5920000000000005,-0.2886895071476462,0.0,-0.4947921256760869,0.0,1.1654935384434284,0.0
7.594,-0.2896767563016662,0.0,-0.49245497466353383,0.0,1.171654577275471,0.0
7.596,-0.29065931884319474,0.0,-0.49010551900222,0.0,1.177798163262059,0.0
7.598,-0.29163717019793567,0.0,-0.4877437937414151,0.0,1.1839241528616176,0.0
7.6000000000000005,-0.29261028586197846,0.0,-0.4853698342172476,0.0,1.1900324027575355,0.0
7.602,-0.2935786414023711,0.0,-0.48298367605225134,0.0,1.1961227698613741,0.0
7.604,-0.2945422124576929,0.0,-0.4805853551549067,0.0,1.2021951113160771,0.0
7.606,-0.29550097473862486,0.0,-0.4781749077191755,0.0,1.20824928449917,0.0
7.6080000000000005,-0.2964549040285237,0.0,-0.4757523702240194,0.0,1.214285147025986,0.0
7.61,-0.29740397618398473,0.0,-0.4733177794329414,0.0,1.2203025567528247,0.0
7.612,-0.29834816713541695,0.0,-0.47087117239347975,0.0,1.2263013717801954,0.0
7.614,-0.2992874528876069,0.0,-0.46841258643672934,0.0,1.2322814504559867,0.0
7.6160000000000005,-0.30022180952028893,0.0,-0.4659420591768302,0.0,1.2382426513786882,0.0
7.618,-0.30115121318870436,0.0,-0.46345962851048517,0.0,1.2441848334005385,0.0
7.62,-0.30207564012417215,0.0,-0.4609653326164303,0.0,1.250107855630758,0.0
7.622,-0.3029950666346516,0.0,-0.4584592099549184,0.0,1.2560115774387273,0.0
7.6240000000000006,-0.30390946910530214,0.0,-0.45594129926720534,0.0,1.2618958584571562,0.0
7.626,-0.30481882399904514,0.0,-0.4534116395750203,0.0,1.2677605585852687,0.0
7.628,-0.30572310785712686,0.0,-0.45087027018002,0.0,1.2736055379919957,0.0
7.63,-0.3066222972996773,0.0,-0.4483172306632469,0.0,1.2794306571191552,0.0
7.632000000000001,-0.3075163690262664,0.0,-0.4457525608845885,0.0,1.2852357766846056,0.0
7.634,-0.3084052998164604,0.0,-0.44317630098222444,0.0,1.2910207576854154,0.0
7.636,-0.30928906653038335,0.0,-0.44058849137204537,0.0,1.2967854614010668,0.0
7.638,-0.31016764610926595,0.0,-0.4379891727471066,0.0,1.3025297493965804,0.0
7.640000000000001,-0.3110410155760022,0.0,-0.43537838607704293,0.0,1.3082534835256967,0.0
7.642,-0.31190915203570163,0.0,-0.4327561726074908,0.0,1.3139565259340298,0.0
7.644,-0.31277203267624043,0.0,-0.43012257385950015,0.0,1.3196387390622233,0.0
7.646,-0.3136296347688119,0.0,-0.4274776316289426,0.0,1.3252999856491028,0.0
7.648000000000001,-0.3144819356684752,0.0,-0.4248213879859112,0.0,1.3309401287348217,0.0
7.65,-0.31532891281470365,0.0,-0.42215388527411446,0.0,1.336559031664008,0.0
7.652,-0.31617054373193093,0.0,-0.41947516611026475,0.0,1.342156558088906,0.0
7.654,-0.31700680603009673,0.0,-0.4167852733834599,0.0,1.3477325719725126,0.0
7.656000000000001,-0.31783767740519075,0.0,-0.4140842502545581,0.0,1.353286937591711,0.0
7.658,-0.31866313563979565,0.0,-0.41137214015554713,0.0,1.3588195195404016,0.0
7.66,-0.3194831586036285,0.0,-0.4086489867889078,0.0,1.3643301827326284,0.0
7.662,-0.32029772425408165,0.0,-0.40591483412696977,0.0,1.369818792405701,0.0
7.664000000000001,-0.32110681063676133,0.0,-0.40316972641126253,0.0,1.375285214123313,0.0
7.666,-0.32191039588602505,0.0,-0.4004137081518587,0.0,1.3807293137786552,0.0
7.668,-0.322708458225519,0.0,-0.39764682412671293,0.0,1.386150957597528,0.0
7.67,-0.3235009759687123,0.0,-0.3948691193809926,0.0,1.391550012141445,0.0
7.672000000000001,-0.32428792751943125,0.0,-0.3920806392264044,0.0,1.3969263443107367,0.0
7.674,-0.3250692913723912,0.0,-0.3892814292405122,0.0,1.4022798213476455,0.0
7.676,-0.32584504611372833,0.0,-0.3864715352660515,0.0,1.4076103108394227,0.0
7.678,-0.32661517042152866,0.0,-0.3836510034102354,0.0,1.412917680721411,0.0
7.68,-0.32737964306635653,0.0,-0.38081988004405576,0.0,1.4182017992801348,0.0
7.682,-0.32813844291178146,0.0,-0.37797821180157765,0.0,1.423462535156374,0.0
7.684,-0.32889154891490374,0.0,-0.3751260455792277,0.0,1.4286997573482434,0.0
7.686,-0.32963894012687806,0.0,-0.3722634285350765,0.0,1.4339133352142575,0.0
7.688,-0.330380595693436,0.0,-0.369390408088117,0.0,1.4391031384763977,0.0
7.69,-0.331116494855409,0.0,-0.3665070319175226,0.0,1.444269037223184,0.0
7.692,-0.3318466169492441,0.0,-0.36361334796193484,0.0,1.449410901912701,0.0
7.694,-0.3325709414075255,0.0,-0.3607094044187002,0.0,1.4545286033756752,0.0
7.696,-0.3332894477594912,0.0,-0.35779524974312304,0.0,1.4596220128185184,0.0
7.698,-0.3340021156315463,0.0,-0.35487093264772207,0.0,1.464691001826354,0.0
7.7,-0.3347089247477763,0.0,-0.351936502101469,0.0,1.4697354423660485,0.0
7.702,-0.33540985493046194,0.0,-0.34899200732901314,0.0,1.4747552067892615,0.0
7.704,-0.33610488610058853,0.0,-0.3460374978099077,0.0,1.479750167835462,0.0
7.706,-0.3367939982783544,0.0,-0.34307302327784195,0.0,1.4847201986349385,0.0
7.708,-0.3374771715836771,0.0,-0.3400986337198585,0.0,1.4896651727118055,0.0
7.71,-0.33815438623670363,0.0,-0.3371143793755404,0.0,1.494584963987043,0.0
7.712,-0.3388256225583103,0.0,-0.3341203107362396,0.0,1.4994794467814645,0.0
7.714,-0.3394908609706084,0.0,-0.331116478544259,0.0,1.5043484958187339,0.0
7.716,-0.3401500819974418,0.0,-0.3281029337920588,0.0,1.5091919862283327,0.0
7.718,-0.34080326626489166,0.0,-0.3250797277214168,0.0,1.5140097935485821,0.0
7.72,-0.34145039450176984,0.0,-0.32204691182263306,0.0,1.5188017937295843,0.0
7.722,-0.34209144754011667,0.0,-0.3190045378336906,0.0,1.5235678631362155,0.0
7.724,-0.34272640631569556,0.0,-0.31595265773942527,0.0,1.5283078785510837,0.0
7.726,-0.3433552518684858,0.0,-0.31289132377068773,0.0,1.5330217171774951,0.0
7.728,-0.34397796534317393,0.0,-0.309820588403499,0.0,1.5377092566424058,0.0
7.73,-0.34459452798964246,0.0,-0.3067405043581996,0.0,1.5423703749993662,0.0
7.732,-0.3452049211634584,0.0,-0.3036511245985942,0.0,1.5470049507314676,0.0
7.734,-0.34580912632635946,0.0,-0.3005525023310894,0.0,1.5516128627542762,0.0
7.736,-0.34640712504673765,0.0,-0.2974446910038256,0.0,1.55619399041876,0.0
7.738,-0.3469988990001224,0.0,-0.2943277443058035,0.0,1.5607482135142117,0.0
7.74,-0.3475844299696611,0.0,-0.2912017161660042,0.0,1.565275412271165,0.0
7.742,-0.34816369984659856,0.0,-0.2880666607525045,0.0,1.5697754673643023,0.0
7.744,-0.3487366906307542,0.0,-0.2849226324715849,0.0,1.5742482599153593,0.0
7.746,-0.34930338443099723,0.0,-0.28176968596683327,0.0,1.5786936714960176,0.0
7.748,-0.34986376346572046,0.0,-0.27860787611824145,0.0,1.583111584130793,0.0
7.75,-0.35041781006331274,0.0,-0.27543725804129726,0.0,1.5875018802999201,0.0
7.752,-0.3509655066626282,0.0,-0.27225788708606974,0.0,1.5918644429422235,0.0
7.7540000000000004,-0.35150683581345554,0.0,-0.26906981883628966,0.0,1.5961991554579895,0.0
7.756,-0.35204178017698295,0.0,-0.26587310910842277,0.0,1.6005059017118193,0.0
7.758,-0.35257032252626413,0.0,-0.26266781395073946,0.0,1.6047845660354902,0.0
7.76,-0.3530924457466803,0.0,-0.2594539896423767,0.0,1.609035033230796,0.0
7.7620000000000005,-0.35360813283640075,0.0,-0.25623169269239576,0.0,1.6132571885723883,0.0
7.764,-0.35411736690684237,0.0,-0.25300097983883324,0.0,1.6174509178106062,0.0
7.766,-0.3546201311831261,0.0,-0.24976190804774695,0.0,1.6216161071743,0.0
7.768,-0.35511640900453206,0.0,-0.24651453451225624,0.0,1.6257526433736482,0.0
7.7700000000000005,-0.3556061838249534,0.0,-0.24325891665157645,0.0,1.6298604136029653,0.0
7.772,-0.3560894392133462,0.0,-0.23999511211004765,0.0,1.6339393055435019,0.0
7.774,-0.3565661588541803,0.0,-0.23672317875615842,0.0,1.6379892073662412,0.0
7.776,-0.3570363265478852,0.0,-0.2334431746815658,0.0,1.6420100077346762,0.0
7.7780000000000005,-0.3574999262112971,0.0,-0.23015515820009433,0.0,1.6460015958076055,0.0
7.78,-0.35795694187809973,0.0,-0.22685918784676945,0.0,1.6499638612418739,0.0
7.782,-0.3584073576992682,0.0,-0.22355532237679188,0.0,1.6538966941951596,0.0
7.784,-0.35885115794350697,0.0,-0.22024362076454918,0.0,1.6577999853287144,0.0
7.7860000000000005,-0.3592883269976885,0.0,-0.21692414220258965,0.0,1.661673625810122,0.0
7.788,-0.35971884936728615,0.0,-0.2135969461006342,0.0,1.6655175073160111,0.0
7.79,-0.36014270967680995,0.0,-0.21026209208453106,0.0,1.6693315220348066,0.0
7.792,-0.36055989267023714,0.0,-0.20691963999523189,0.0,1.6731155626694476,0.0
7.7940000000000005,-0.360970383211441,0.0,-0.2035696498877713,0.0,1.6768695224400905,0.0
7.796,-0.36137416628461705,0.0,-0.20021218203022953,0.0,1.68059329508681,0.0
7.798,-0.3617712269947103,0.0,-0.19684729690267916,0.0,1.684286774872309,0.0
7.8,-0.36216155056783694,0.0,-0.1934750551961368,0.0,1.6879498565845994,0.0
7.8020000000000005,-0.362545122351705,0.0,-0.19009551781152112,0.0,1.6915824355396745,0.0
7.804,-0.3629219278160328,0.0,-0.18670874585859687,0.0,1.6951844075841755,0.0
7.806,-0.3632919525529673,0.0,-0.18331480065488603,0.0,1.6987556690980714,0.0
7.808,-0.36365518227749666,0.0,-0.1799137437246262,0.0,1.7022961169972888,0.0
7.8100000000000005,-0.36401160282786366,0.0,-0.17650563679768222,0.0,1.7058056487363666,0.0
7.812,-0.36436120016597484,0.0,-0.17309054180846895,0.0,1.7092841623110844,0.0
7.814,-0.36470396037781,0.0,-0.16966852089486634,0.0,1.7127315562610912,0.0
7.816,-0.36503986967382707,0.0,-0.16623963639712902,0.0,1.716147729672521,0.0
7.8180000000000005,-0.36536891438936575,0.0,-0.16280395085679067,0.0,1.7195325821805951,0.0
7.82,-0.3656910809850492,0.0,-0.15936152701556316,0.0,1.7228860139722233,0.0
7.822,-0.36600635604718357,0.0,-0.15591242781423087,0.0,1.726207925788592,0.0
7.824,-0.3663147262881542,0.0,-0.15245671639153924,0.0,1.7294982189277393,0.0
7.8260000000000005,-0.36661617854682155,0.0,-0.14899445608307876,0.0,1.7327567952471299,0.0
7.828,-0.3669106997889126,0.0,-0.14552571042016332,0.0,1.7359835571662088,0.0
7.83,-0.36719827710741215,0.0,-0.14205054312870394,0.0,1.7391784076689563,0.0
7.832,-0.3674788977229503,0.0,-0.13856901812807687,0.0,1.7423412503064266,0.0
7.8340000000000005,-0.36775254898418863,0.0,-0.13508119952998726,0.0,1.74547198919928,0.0
7.836,-0.36801921836820306,0.0,-0.13158715163732698,0.0,1.7485705290403022,0.0
7.838,-0.3682788934808659,0.0,-0.12808693894302833,0.0,1.7516367750969186,0.0
7.84,-0.3685315620572244,0.0,-0.12458062612891194,0.0,1.7546706332136948,0.0
7.8420000000000005,-0.3687772119618772,0.0,-0.1210682780645301,0.0,1.7576720098148262,0.0
7.844,-0.36901583118934894,0.0,-0.11754995980600505,0.0,1.7606408119066257,0.0
7.846,-0.36924740786446203,0.0,-0.11402573659486213,0.0,1.7635769470799885,0.0
7.848,-0.36947193024270636,0.0,-0.11049567385685838,0.0,1.7664803235128592,0.0
7.8500000000000005,-0.36968938671060675,0.0,-0.10695983720080576,0.0,1.7693508499726822,0.0
7.852,-0.3698997657860874,0.0,-0.10341829241738984,0.0,1.772188435818841,0.0
7.854,-0.370103056118835,0.0,-0.09987110547798346,0.0,1.774992991005091,0.0
7.856,-0.3702992464906586,0.0,-0.09631834253345556,0.0,1.7777644260819818,0.0
7.8580000000000005,-0.3704883258158476,0.0,-0.09276006991297518,0.0,1.780502652199265,0.0
7.86,-0.37067028314152684,0.0,-0.08919635412281063,0.0,1.7832075811082957,0.0
7.862,-0.37084510764801,0.0,-0.08562726184512394,0.0,1.7858791251644226,0.0
7.864,-0.3710127886491497,0.0,-0.08205285993676335,0.0,1.7885171973293634,0.0
7.8660000000000005,-0.37117331559268635,0.0,-0.07847321542803373,0.0,1.7911217111735835,0.0
7.868,-0.3713266780605929,0.0,-0.07488839552150572,0.0,1.7936925808786355,0.0
7.87,-0.37147286576941907,0.0,-0.07129846759076218,0.0,1.7962297212395242,0.0
7.872,-0.3716118685706316,0.0,-0.0677034991791864,0.0,1.7987330476670318,0.0
7.8740000000000006,-0.3717436764509529,0.0,-0.0641035579987107,0.0,1.801202476190053,0.0
7.876,-0.3718682795326964,0.0,-0.060498711928607084,0.0,1.8036379234578936,0.0
7.878,-0.3719856680741008,0.0,-0.0568890290142179,0.0,1.806039306742589,0.0
7.88,-0.3720958324696602,0.0,-0.053274577465710855,0.0,1.8084065439411932,0.0
7.882000000000001,-0.372198763250453,0.0,-0.049655425656838566,0.0,1.810739553578055,0.0
7.884,-0.3722944510844677,0.0,-0.04603164212368152,0.0,1.8130382548070896,0.0
7.886,-0.37238288677692616,0.0,-0.042403295563375146,0.0,1.8153025674140402,0.0
7.888,-0.3724640612706042,0.0,-0.038770454832843804,0.0,1.817532411818728,0.0
7.890000000000001,-0.37253796564615077,0.0,-0.03513318894754209,0.0,1.819727709077283,0.0
7.892,-0.37260459112240296,0.0,-0.03149156708018308,0.0,1.8218883808843664,0.0
7.894,-0.3726639290566992,0.0,-0.027845658559432426,0.0,1.8240143495753969,0.0
7.896,-0.37271597094519054,0.0,-0.024195532868654168,0.0,1.8261055381287403,0.0
7.898000000000001,-0.3727607084231482,0.0,-0.020541259644604903,0.0,1.828161870167907,0.0
7.9,-0.37279813326526945,0.0,-0.01688290867615906,0.0,1.8301832699637226,0.0
7.902,-0.3728282373859798,0.0,-0.013220549902982659,0.0,1.8321696624365094,0.0
7.904,-0.3728510128397343,0.0,-0.009554253414261471,0.0,1.8341209731582284,0.0
7.906000000000001,-0.37286645182131484,0.0,-0.00588408944738103,0.0,1.8360371283546308,0.0
7.908,-0.3728745466661248,0.0,-0.002210128386619839,0.0,1.837918054907386,0.0
7.91,-0.372875289850482,0.0,0.0014675592381646757,0.0,1.8397636803562034,0.0
7.912,-0.3728686739919089,0.0,0.005148902752854331,0.0,1.8415739329009426,0.0
7.914000000000001,-0.372854691849419,0.0,0.00883383134039252,0.0,1.8433487414037062,0.0
7.916,-0.3728333363238015,0.0,0.012522274042110787,0.0,1.8450880353909234,0.0
7.918,-0.3728046004579039,0.0,0.016214159759059668,0.0,1.8467917450554276,0.0
7.92,-0.3727684774369106,0.0,0.019909417253343442,0.0,1.8484598012585107,0.0
7.922000000000001,-0.3727249605886196,0.0,0.023607975149459143,0.0,1.8500921355319726,0.0
7.924,-0.3726740433837163,0.0,0.027309761935639595,0.0,1.8516886800801577,0.0
7.926,-0.37261571943604505,0.0,0.031014705965200617,0.0,1.8532493677819775,0.0
7.928,-0.37254998250287713,0.0,0.03472273545789199,0.0,1.8547741321929203,0.0
7.930000000000001,-0.3724768264851769,0.0,0.03843377850125283,0.0,1.8562629075470514,0.0
7.932,-0.3723962454278643,0.0,0.042147763051970405,0.0,1.8577156287589958,0.0
7.934,-0.37230823352007636,0.0,0.04586461693724367,0.0,1.8591322314259178,0.0
7.936,-0.37221278509542344,0.0,0.04958426785615001,0.0,1.8605126518294746,0.0
7.938,-0.372109894632245,0.0,0.053306643381016205,0.0,1.8618568269377689,0.0
7.94,-0.3719995567538614,0.0,0.0570316709587934,0.0,1.863164694407284,0.0
7.942,-0.3718817662288232,0.0,0.06075927791243545,0.0,1.8644361925848039,0.0
7.944,-0.3717565179711581,0.0,0.064489391442282,0.0,1.8656712605093282,0.0
7.946,-0.3716238070406148,0.0,0.06822193862744122,0.0,1.866869837913964,0.0
7.948,-0.3714836286429027,0.0,0.07195684642719531,0.0,1.8680318652278145,0.0
7.95,-0.37133597812993285,0.0,0.0756940416823642,0.0,1.8691572835778467,0.0
7.952,-0.3711808510000512,0.0,0.07943345111673313,0.0,1.8702460347907528,0.0
7.954,-0.37101824289827207,0.0,0.08317500133843612,0.0,1.871298061394794,0.0
7.956,-0.3708481496165074,0.0,0.08691861884137865,0.0,1.8723133066216344,0.0
7.958,-0.37067056709379564,0.0,0.09066423000661658,0.0,1.873291714408157,0.0
7.96,-0.37048549141652415,0.0,0.09441176110379508,0.0,1.874233229398272,0.0
7.962,-0.3702929188186505,0.0,0.09816113829256186,0.0,1.8751377969447103,0.0
7.964,-0.3700928456819227,0.0,0.10191228762397427,0.0,1.8760053631108011,0.0
7.966,-0.3698852685360942,0.0,0.10566513504192247,0.0,1.8768358746722391,0.0
7.968,-0.36967018405913654,0.0,0.10941960638456791,0.0,1.877629279118837,0.0
7.97,-0.3694475890774483,0.0,0.11317562738577294,0.0,1.8783855246562629,0.0
7.972,-0.3692174805660645,0.0,0.11693312367652282,0.0,1.8791045602077705,0.0
7.974,-0.36897985564886066,0.0,0.12069202078635927,0.0,1.8797863354159083,0.0
7.976,-0.3687347115987514,0.0,0.12445224414484767,0.0,1.8804308006442176,0.0
7.978,-0.3684820458378926,0.0,0.12821371908299112,0.0,1.8810379069789214,0.0
7.98,-0.368221855937875,0.0,0.131976370834692,0.0,1.8816076062305915,0.0
7.982,-0.3679541396199172,0.0,0.13574012453819984,0.0,1.88213985093581,0.0
7.984,-0.36767889475505616,0.0,0.13950490523756437,0.0,1.8826345943588103,0.0
7.986,-0.3673961193643335,0.0,0.14327063788409317,0.0,1.8830917904931095,0.0
7.988,-0.3671058116189797,0.0,0.1470372473378112,0.0,1.8835113940631247,0.0
7.99,-0.3668079698405954,0.0,0.1508046583689246,0.0,1.8838933605257735,0.0
7.992,-0.3665025925013292,0.0,0.15457279565928714,0.0,1.8842376460720642,0.0
7.994,-0.3661896782240534,0.0,0.1583415838038701,0.0,1.884544207628671,0.0
7.996,-0.365869225782536,0.0,0.16211094731223508,0.0,1.8848130028594938,0.0
7.998,-0.36554123410160977,0.0,0.16588081061000975,0.0,1.8850439901672018,0.0
8.0,-0.3652057022573391,0.0,0.16965109804036746,0.0,1.8852371286947716,0.0
8.002,-0.3648626294771833,0.0,0.17342173386550885,0.0,1.8853923783270006,0.0
8.004,-0.3645120151401569,0.0,0.17719264226814752,0.0,1.885509699692013,0.0
8.006,-0.36415385877698747,0.0,0.18096374735299758,0.0,1.8855890541627498,0.0
8.008000000000001,-0.36378816007026965,0.0,0.1847349731482653,0.0,1.8856304038584435,0.0
8.01,-0.36341491885461696,0.0,0.18850624360714274,0.0,1.8856337116460784,0.0
8.012,-0.36303413511681065,0.0,0.19227748260930524,0.0,1.8855989411418403,0.0
8.014,-0.36264580899594456,0.0,0.1960486139624072,0.0,1.8855260567125436,0.0
8.016,-0.36224994078356737,0.0,0.1998195614036013,0.0,1.885415023477056,0.0
8.018,-0.36184653092382424,0.0,0.20359024860101255,0.0,1.885265807307695,0.0
8.02,-0.3614355800135905,0.0,0.20736059915527755,0.0,1.8850783748316218,0.0
8.022,-0.36101708880260724,0.0,0.21113053660104014,0.0,1.8848526934322138,0.0
8.024000000000001,-0.36059105819361065,0.0,0.2148999844084682,0.0,1.8845887312504224,0.0
8.026,-0.36015748924245944,0.0,0.21866886598477006,0.0,1.8842864571861193,0.0
8.028,-0.3597163831582604,0.0,0.22243710467571426,0.0,1.8839458408994285,0.0
8.03,-0.35926774130348865,0.0,0.22620462376714745,0.0,1.8835668528120397,0.0
8.032,-0.3588115651941052,0.0,0.22997134648653475,0.0,1.8831494641085071,0.0
8.034,-0.35834785649967527,0.0,0.23373719600445605,0.0,1.8826936467375404,0.0
8.036,-0.3578766170434774,0.0,0.2375020954361629,0.0,1.882199373413271,0.0
8.038,-0.3573978488026126,0.0,0.2412659678431106,0.0,1.8816666176165078,0.0
8.040000000000001,-0.3569115539081138,0.0,0.2450287362344658,0.0,1.8810953535959842,0.0
8.042,-0.3564177346450455,0.0,0.2487903235686706,0.0,1.8804855563695795,0.0
8.044,-0.3559163934526032,0.0,0.2525506527549819,0.0,1.8798372017255258,0.0
8.046,-0.3554075329242154,0.0,0.25630964665498385,0.0,1.879150266223617,0.0
8.048,-0.35489115580763,0.0,0.2600672280841728,0.0,1.878424727196373,0.0
8.05,-0.3543672650050105,0.0,0.26382331981347584,0.0,1.8776605627502183,0.0
8.052,-0.35383586357302305,0.0,0.2675778445707982,0.0,1.8768577517666303,0.0
8.054,-0.35329695472291667,0.0,0.27133072504260536,0.0,1.8760162739032675,0.0
8.056000000000001,-0.3527505418206107,0.0,0.275081883875434,0.0,1.8751361095950994,0.0
8.058,-0.35219662838676846,0.0,0.278831243677478,0.0,1.8742172400555037,0.0
8.06,-0.35163521809687287,0.0,0.2825787270201464,0.0,1.8732596472773577,0.0
8.062,-0.3510663147813026,0.0,0.28632425643959347,0.0,1.8722633140341185,0.0
8.064,-0.35048992242539473,0.0,0.29006775443832267,0.0,1.8712282238808706,0.0
8.066,-0.349906045169515,0.0,0.2938091434867212,0.0,1.870154361155378,0.0
8.068,-0.34931468730912085,0.0,0.29754834602462626,0.0,1.8690417109791122,0.0
8.07,-0.3487158532948162,0.0,0.30128528446292097,0.0,1.8678902592582562,0.0
8.072000000000001,-0.34810954773241215,0.0,0.30501988118507667,0.0,1.866699992684709,0.0
8.074,-0.34749577538298093,0.0,0.30875205854872634,0.0,1.865470898737068,0.0
8.076,-0.34687454116290073,0.0,0.312481738887266,0.0,1.8642029656815862,0.0
8.078,-0.3462458501439076,0.0,0.3162088445113999,0.0,1.8628961825731285,0.0
8.08,-0.34560970755313786,0.0,0.31993329771073536,0.0,1.8615505392561085,0.0
8.082,-0.3449661187731668,0.0,0.3236550207553607,0.0,1.8601660263653956,0.0
8.084,-0.34431508934205096,0.0,0.32737393589741437,0.0,1.858742635327238,0.0
8.086,-0.3436566249533552,0.0,0.3310899653726966,0.0,1.8572803583601247,0.0
8.088000000000001,-0.34299073145618975,0.0,0.3348030314022288,0.0,1.855779188475676,0.0
8.09,-0.34231741485523787,0.0,0.33851305619384053,0.0,1.8542391194794956,0.0
8.092,-0.3416366813107759,0.0,0.3422199619437854,0.0,1.8526601459720007,0.0
8.094,-0.3409485371386995,0.0,0.3459236708383009,0.0,1.8510422633492558,0.0
8.096,-0.3402529888105409,0.0,0.3496241050552163,0.0,1.8493854678037784,0.0
8.098,-0.33955004295348307,0.0,0.35332118676554314,0.0,1.8476897563253283,0.0
8.1,-0.33883970635037247,0.0,0.3570148381350699,0.0,1.8459551267016832,0.0
8.102,-0.3381219859397284,0.0,0.36070498132595985,0.0,1.844181577519404,0.0
8.104000000000001,-0.3373968888157477,0.0,0.3643915384983484,0.0,1.8423691081645726,0.0
8.106,-0.3366644222283075,0.0,0.3680744318119429,0.0,1.8405177188235213,0.0
8.108,-0.3359245935829651,0.0,0.3717535834276253,0.0,1.8386274104835483,0.0
8.11,-0.3351774104409539,0.0,0.3754289155090499,0.0,1.836698184933609,0.0
8.112,-0.3344228805191732,0.0,0.37910035022426297,0.0,1.8347300447649906,0.0
8.114,-0.3336610116901845,0.0,0.3827678097472788,0.0,1.8327229933719924,0.0
8.116,-0.33289181198219203,0.0,0.38643121625971266,0.0,1.8306770349525558,0.0
8.118,-0.3321152895790257,0.0,0.3900904919523885,0.0,1.8285921745088956,0.0
8.120000000000001,-0.3313314528201274,0.0,0.39374555902692193,0.0,1.826468417848131,0.0
8.122,-0.330540310200521,0.0,0.39739633969736016,0.0,1.824305771582866,0.0
8.124,-0.32974187037078895,0.0,0.40104275619177826,0.0,1.8221042431317789,0.0
8.126,-0.3289361421370432,0.0,0.40468473075389305,0.0,1.8198638407201904,0.0
8.128,-0.3281231344608879,0.0,0.40832218564468925,0.0,1.8175845733805986,0.0
8.13,-0.3273028564593918,0.0,0.41195504314400855,0.0,1.8152664509532392,0.0
8.132,-0.3264753174050406,0.0,0.41558322555218874,0.0,1.8129094840865752,0.0
8.134,-0.3256405267256959,0.0,0.41920665519168215,0.0,1.8105136842378018,0.0
8.136000000000001,-0.32479849400455535,0.0,0.4228252544086478,0.0,1.8080790636733493,0.0
8.138,-0.32394922898009665,0.0,0.42643894557459516,0.0,1.8056056354693273,0.0
8.14,-0.32309274154602585,0.0,0.4300476510880049,0.0,1.8030934135119787,0.0
8.142,-0.3222290417512289,0.0,0.43365129337592084,0.0,1.8005424124981337,0.0
8.144,-0.3213581397997025,0.0,0.43724979489561105,0.0,1.7979526479355958,0.0
8.146,-0.32048004605049923,0.0,0.44084307813616186,0.0,1.7953241361435661,0.0
8.148,-0.319594771017663,0.0,0.4444310656201017,0.0,1.7926568942530277,0.0
8.15,-0.3187023253701531,0.0,0.44801367990504976,0.0,1.7899509402070912,0.0
8.152000000000001,-0.3178027199317793,0.0,0.45159084358531515,0.0,1.787206292761367,0.0
8.154,-0.31689596568112727,0.0,0.455162479293523,0.0,1.7844229714843014,0.0
8.156,-0.31598207375147236,0.0,0.45872850970226786,0.0,1.781600996757468,0.0
8.158,-0.31506105543070934,0.0,0.46228885752569837,0.0,1.7787403897759049,0.0
8.16,-0.3141329221612567,0.0,0.46584344552118684,0.0,1.7758411725483647,0.0
8.162,-0.31319768553997523,0.0,0.4693921964909277,0.0,1.7729033678976007,0.0
8.164,-0.3122553573180787,0.0,0.4729350332835683,0.0,1.7699269994606275,0.0
8.166,-0.3113059494010298,0.0,0.4764718787958597,0.0,1.7669120916889205,0.0
8.168000000000001,-0.3103494738484514,0.0,0.480002655974263,0.0,1.7638586698486645,0.0
8.17,-0.3093859428740246,0.0,0.48352728781657806,0.0,1.7607667600209504,0.0
8.172,-0.30841536884537735,0.0,0.4870456973735986,0.0,1.7576363891019342,0.0
8.174,-0.3074377642839846,0.0,0.49055780775071445,0.0,1.7544675848030322,0.0
8.176,-0.30645314186505457,0.0,0.49406354210955744,0.0,1.7512603756510567,0.0
8.178,-0.3054615144174137,0.0,0.4975628236696271,0.0,1.7480147909883492,0.0
8.18,-0.3044628949233905,0.0,0.5010555757099242,0.0,1.7447308609728975,0.0
8.182,-0.3034572965186951,0.0,0.5045417215705813,0.0,1.741408616578438,0.0
8.184000000000001,-0.30244473249229326,0.0,0.5080211846544965,0.0,1.7380480895945278,0.0
8.186,-0.30142521628628477,0.0,0.5114938884289519,0.0,1.73464931262663,0.0
8.188,-0.3003987614957639,0.0,0.5149597564272739,0.0,1.7312123190961308,0.0
8.19,-0.29936538186869394,0.0,0.5184187122504349,0.0,1.727737143240396,0.0
8.192,-0.2983250913057669,0.0,0.5218706795687028,0.0,1.724223820112778,0.0
8.194,-0.29727790386026326,0.0,0.5253155821232667,0.0,1.7206723855826083,0.0
8.196,-0.2962238337379088,0.0,0.5287533437278705,0.0,1.7170828763351804,0.0
8.198,-0.2951628952967281,0.0,0.5321838882704452,0.0,1.7134553298717141,0.0
8.2,-0.29409510304689507,0.0,0.5356071397147373,0.0,1.7097897845093017,0.0
8.202,-0.29302047165057554,0.0,0.5390230221019537,0.0,1.706086279380823,0.0
8.204,-0.29193901592177934,0.0,0.5424314595523668,0.0,1.7023448544348863,0.0
8.206,-0.2908507508261927,0.0,0.5458323762669706,0.0,1.6985655504356976,0.0
8.208,-0.2897556914810149,0.0,0.5492256965291092,0.0,1.6947484089629332,0.0
8.21,-0.28865385315480063,0.0,0.5526113447060877,0.0,1.6908934724116358,0.0
8.212,-0.28754525126728153,0.0,0.555989245250823,0.0,1.6870007839920214,0.0
8.214,-0.2864299013891939,0.0,0.5593593227034757,0.0,1.6830703877293092,0.0
8.216,-0.2853078192421116,0.0,0.5627215016930536,0.0,1.6791023284635633,0.0
8.218,-0.2841790206982537,0.0,0.566075706939077,0.0,1.6750966518494363,0.0
8.22,-0.283043521780311,0.0,0.5694218632531831,0.0,1.6710534043559786,0.0
8.222,-0.2819013386612607,0.0,0.5727598955407522,0.0,1.6669726332663948,0.0
8.224,-0.28075248766416727,0.0,0.5760897288025647,0.0,1.6628543866777503,0.0
8.226,-0.2795969852620037,0.0,0.5794112881363892,0.0,1.6586987135007436,0.0
8.228,-0.278434848077446,0.0,0.5827244987386376,0.0,1.6545056634593733,0.0
8.23,-0.27726609288267456,0.0,0.5860292859059903,0.0,1.650275287090631,0.0
8.232,-0.2760907365991818,0.0,0.589325575036997,0.0,1.6460076357442064,0.0
8.234,-0.27490879629755277,0.0,0.5926132916337363,0.0,1.6417027615820905,0.0
8.236,-0.27372028919726626,0.0,0.5958923613034155,0.0,1.6373607175782476,0.0
8.238,-0.2725252326664835,0.0,0.599162709759994,0.0,1.6329815575182383,0.0
8.24,-0.2713236442218236,0.0,0.6024242628258286,0.0,1.6285653359987866,0.0
8.242,-0.2701155415281538,0.0,0.6056769464332723,0.0,1.6241121084273953,0.0
8.244,-0.2689009423983692,0.0,0.6089206866262974,0.0,1.6196219310219206,0.0
8.246,-0.267679864793157,0.0,0.6121554095621354,0.0,1.6150948608100824,0.0
8.248,-0.2664523268207799,0.0,0.6153810415128736,0.0,1.6105309556290381,0.0
8.25,-0.2652183467368391,0.0,0.6185975088670849,0.0,1.6059302741248795,0.0
8.252,-0.26397794294403965,0.0,0.6218047381314454,0.0,1.601292875752131,0.0
8.254,-0.26273113399195824,0.0,0.6250026559323381,0.0,1.5966188207732501,0.0
8.256,-0.2614779385767912,0.0,0.6281911890174939,0.0,1.5919081702580533,0.0
8.258000000000001,-0.26021837554112,0.0,0.6313702642575821,0.0,1.5871609860831966,0.0
8.26,-0.2589524638736635,0.0,0.6345398086478244,0.0,1.5823773309316058,0.0
8.262,-0.2576802227090182,0.0,0.6376997493096296,0.0,1.5775572682918546,0.0
8.264,-0.256401671327414,0.0,0.6408500134921776,0.0,1.5727008624575953,0.0
8.266,-0.25511682915445283,0.0,0.6439905285740445,0.0,1.5678081785269222,0.0
8.268,-0.2538257157608482,0.0,0.6471212220648049,0.0,1.5628792824017292,0.0
8.27,-0.2525283508621624,0.0,0.6502420216066406,0.0,1.5579142407870568,0.0
8.272,-0.25122475431853963,0.0,0.6533528549759473,0.0,1.5529131211904184,0.0
8.274000000000001,-0.24991494613443527,0.0,0.6564536500849364,0.0,1.5478759919211056,0.0
8.276,-0.24859894645834335,0.0,0.6595443349832393,0.0,1.5428029220894806,0.0
8.278,-0.2472767755825201,0.0,0.6626248378595091,0.0,1.5376939816062523,0.0
8.28,-0.24594845394270476,0.0,0.6656950870430168,0.0,1.5325492411817314,0.0
8.282,-0.24461400211783194,0.0,0.6687550110052634,0.0,1.527368772325054,0.0
8.284,-0.24327344082975638,0.0,0.6718045383615517,0.0,1.5221526473434432,0.0
8.286,-0.2419267909429536,0.0,0.6748435978726037,0.0,1.516900939341375,0.0
8.288,-0.2405740734642275,0.0,0.6778721184461531,0.0,1.5116137222197659,0.0
8.290000000000001,-0.23921530954242523,0.0,0.6808900291385189,0.0,1.5062910706751829,0.0
8.292,-0.2378505204681265,0.0,0.6838972591562151,0.0,1.5009330601989501,0.0
8.294,-0.23647972767334796,0.0,0.6868937378575327,0.0,1.4955397670763093,0.0
8.296,-0.23510295273123744,0.0,0.689879394754122,0.0,1.4901112683855344,0.0
8.298,-0.2337202173557603,0.0,0.692854159512592,0.0,1.4846476419970123,0.0
8.3,-0.23233154340139942,0.0,0.6958179619560707,0.0,1.4791489665723714,0.0
8.302,-0.23093695286282984,0.0,0.6987707320658059,0.0,1.4736153215635055,0.0
8.304,-0.22953646787460155,0.0,0.7017123999827454,0.0,1.468046787211624,0.0
8.306000000000001,-0.22813011071082837,0.0,0.704642896009095,0.0,1.4624434445463255,0.0
8.308,-0.2267179037848536,0.0,0.7075621506099133,0.0,1.456805375384568,0.0
8.31,-0.225299869648923,0.0,0.7104700944146871,0.0,1.4511326623296699,0.0
8.312,-0.2238760309938656,0.0,0.7133666582188785,0.0,1.4454253887703339,0.0
8.314,-0.2224464106487441,0.0,0.716251772985528,0.0,1.4396836388795446,0.0
8.316,-0.22101103158052965,0.0,0.7191253698467982,0.0,1.433907497613562,0.0
8.318,-0.21956991689376237,0.0,0.7219873801055404,0.0,1.4280970507108495,0.0
8.32,-0.2181230898301975,0.0,0.7248377352368776,0.0,1.4222523846909416,0.0
8.322000000000001,-0.21667057376846977,0.0,0.727676366889744,0.0,1.4163735868533804,0.0
8.324,-0.2152123922237451,0.0,0.7305032068884476,0.0,1.4104607452765958,0.0
8.326,-0.21374856884735516,0.0,0.7333181872342444,0.0,1.4045139488167113,0.0
8.328,-0.21227912742646082,0.0,0.7361212401068636,0.0,1.3985332871064642,0.0
8.33,-0.21080409188367516,0.0,0.7389122978660897,0.0,1.3925188505539543,0.0
8.332,-0.20932348627671393,0.0,0.7416912930532912,0.0,1.386470730341502,0.0
8.334,-0.20783733479803104,0.0,0.7444581583929687,0.0,1.3803890184244407,0.0
8.336,-0.2063456617744396,0.0,0.7472128267943181,0.0,1.374273807529844,0.0
8.338000000000001,-0.20484849166675195,0.0,0.7499552313527534,0.0,1.3681251911553272,0.0
8.34,-0.20334584906940592,0.0,0.7526853053514472,0.0,1.3619432635677893,0.0
8.342,-0.20183775871007645,0.0,0.7554029822628867,0.0,1.3557281198020874,0.0
8.344,-0.20032424544930783,0.0,0.7581081957503873,0.0,1.3494798556597938,0.0
8.346,-0.19880533428012465,0.0,0.7608008796696359,0.0,1.3431985677078615,0.0
8.348,-0.1972810503276461,0.0,0.7634809680702165,0.0,1.336884353277294,0.0
8.35,-0.19575141884869718,0.0,0.7661483951971383,0.0,1.330537310461807,0.0
8.352,-0.19421646523141636,0.0,0.7688030954923604,0.0,1.3241575381164619,0.0
8.354000000000001,-0.19267621499485837,0.0,0.7714450035963129,0.0,1.31774513585628,0.0
8.356,-0.19113069378860273,0.0,0.7740740543494078,0.0,1.311300204054875,0.0
8.358,-0.18957992739233914,0.0,0.7766901827935735,0.0,1.3048228438429843,0.0
8.36,-0.1880239417154756,0.0,0.7792933241737471,0.0,1.2983131571070907,0.0
8.362,-0.186462762796725,0.0,0.7818834139393964,0.0,1.291771246487952,0.0
8.364,-0.18489641680369523,0.0,0.7844603877460224,0.0,1.2851972153791367,0.0
8.366,-0.1833249300324761,0.0,0.7870241814566662,0.0,1.2785911679255462,0.0
8.368,-0.18174832890722245,0.0,0.7895747311434081,0.0,1.2719532090219157,0.0
8.370000000000001,-0.18016663997973467,0.0,0.7921119730888663,0.0,1.2652834443112966,0.0
8.372,-0.1785798899290361,0.0,0.7946358437876919,0.0,1.2585819801835287,0.0
8.374,-0.17698810556094757,0.0,0.7971462799480624,0.0,1.2518489237736876,0.0
8.376,-0.1753913138076601,0.0,0.7996432184931662,0.0,1.245084382960526,0.0
8.378,-0.17378954172729674,0.0,0.8021265965626998,0.0,1.238288466364863,0.0
8.38,-0.1721828165034914,0.0,0.8045963515143307,0.0,1.2314612833480414,0.0
8.382,-0.17057116544493944,0.0,0.8070524209251932,0.0,1.2246029440102595,0.0
8.384,-0.16895461598495728,0.0,0.8094947425933663,0.0,1.2177135591889396,0.0
8.386000000000001,-0.16733319568105107,0.0,0.8119232545393278,0.0,1.21079324045713,0.0
8.388,-0.16570693221445817,0.0,0.814337895007441,0.0,1.2038421001217847,0.0
8.39,-0.16407585338969835,0.0,0.8167386024674225,0.0,1.1968602512220838,0.0
8.392,-0.16243998713413457,0.0,0.8191253156157836,0.0,1.1898478075277894,0.0
8.394,-0.1607993614974981,0.0,0.8214979733773199,0.0,1.1828048835374427,0.0
8.396,-0.1591540046514506,0.0,0.8238565149065391,0.0,1.1757315944767202,0.0
8.398,-0.15750394488910954,0.0,0.8262008795891296,0.0,1.1686280562966223,0.0
8.4,-0.15584921062458473,0.0,0.8285310070434128,0.0,1.1614943856717106,0.0
8.402000000000001,-0.15418983039252362,0.0,0.8308468371217699,0.0,1.1543306999983778,0.0
8.404,-0.15252583284762958,0.0,0.8331483099121009,0.0,1.1471371173929934,0.0
8.406,-0.1508572467641892,0.0,0.8354353657392611,0.0,1.1399137566900903,0.0
8.408,-0.1491841010356111,0.0,0.8377079451664811,0.0,1.1326607374405913,0.0
8.41,-0.14750642467392788,0.0,0.8399659889968185,0.0,1.1253781799098777,0.0
8.412,-0.14582424680932948,0.0,0.842209438274571,0.0,1.1180662050759826,0.0
8.414,-0.1441375966896787,0.0,0.8444382342866971,0.0,1.1107249346277117,0.0
8.416,-0.14244650368001252,0.0,0.8466523185642534,0.0,1.1033544909626907,0.0
8.418000000000001,-0.14075099726206444,0.0,0.8488516328837927,0.0,1.0959549971855043,0.0
8.42,-0.1390511070337725,0.0,0.851036119268778,0.0,1.088526577105768,0.0
8.422,-0.13734686270876997,0.0,0.8532057199910068,0.0,1.0810693552361195,0.0
8.424,-0.13563829411590816,0.0,0.8553603775719896,0.0,1.0735834567903473,0.0
8.426,-0.1339254311987347,0.0,0.8575000347843759,0.0,1.0660690076813202,0.0
8.428,-0.13220830401500377,0.0,0.8596246346533325,0.0,1.0585261345190526,0.0
8.43,-0.13048694273616987,0.0,0.8617341204579377,0.0,1.0509549646086942,0.0
8.432,-0.12876137764686574,0.0,0.8638284357325838,0.0,1.0433556259484464,0.0
8.434000000000001,-0.12703163914440307,0.0,0.8659075242683444,0.0,1.0357282472275726,0.0
8.436,-0.12529775773825788,0.0,0.8679713301143573,0.0,1.028072957824341,0.0
8.438,-0.12355976404954026,0.0,0.8700197975792138,0.0,1.0203898878038913,0.0
8.44,-0.12181768881048795,0.0,0.8720528712323129,0.0,1.012679167916204,0.0
8.442,-0.12007156286393687,0.0,0.8740704959052402,0.0,1.0049409295939644,0.0
8.444,-0.11832141716279619,0.0,0.8760726166931263,0.0,0.9971753049504419,0.0
8.446,-0.1165672827695202,0.0,0.878059178956007,0.0,0.989382426777351,0.0
8.448,-0.11480919085557717,0.0,0.8800301283201795,0.0,0.9815624285426965,0.0
8.45,-0.11304717270091671,0.0,0.8819854106795487,0.0,0.9737154443886074,0.0
8.452,-0.11128125969342618,0.0,0.8839249721969823,0.0,0.9658416091291174,0.0
8.454,-0.10951148332840582,0.0,0.8858487593056374,0.0,0.9579410582480266,0.0
8.456,-0.10773787520801376,0.0,0.8877567187103114,0.0,0.9500139278966238,0.0
8.458,-0.10596046704072141,0.0,0.8896487973887734,0.0,0.9420603548914513,0.0
8.46,-0.10417929064077938,0.0,0.8915249425930813,0.0,0.9340804767121148,0.0
8.462,-0.10239437792765281,0.0,0.8933851018509179,0.0,0.9260744314989491,0.0
8.464,-0.10060576092547639,0.0,0.8952292229669059,0.0,0.9180423580507728,0.0
8.466,-0.09881347176249879,0.0,0.8970572540239187,0.0,0.909984395822587,0.0
8.468,-0.09701754267051789,0.0,0.8988691433844009,0.0,0.9019006849232327,0.0
8.47,-0.09521800598433476,0.0,0.9006648396916582,0.0,0.8937913661131258,0.0
8.472,-0.09341489414117747,0.0,0.9024442918711704,0.0,0.8856565808018557,0.0
8.474,-0.09160823968013551,0.0,0.9042074491318881,0.0,0.877496471045824,0.0
8.476,-0.08979807524160481,0.0,0.9059542609675117,0.0,0.8693111795459316,0.0
8.478,-0.0879844335667035,0.0,0.9076846771577892,0.0,0.8611008496451262,0.0
8.48,-0.08616734749669883,0.0,0.9093986477697991,0.0,0.8528656253259989,0.0
8.482,-0.08434684997244575,0.0,0.9110961231592135,0.0,0.8446056512084286,0.0
8.484,-0.0825229740337879,0.0,0.9127770539715886,0.0,0.8363210725470532,0.0
8.486,-0.08069575281899123,0.0,0.9144413911436177,0.0,0.8280120352288842,0.0
8.488,-0.0788652195641607,0.0,0.9160890859043967,0.0,0.8196786857708418,0.0
8.49,-0.07703140760264061,0.0,0.917720089776689,0.0,0.811321171317211,0.0
8.492,-0.0751943503644395,0.0,0.9193343545781687,0.0,0.8029396396372057,0.0
8.494,-0.07335408137563913,0.0,0.9209318324226676,0.0,0.7945342391224586,0.0
8.496,-0.07151063425778588,0.0,0.9225124757214294,0.0,0.7861051187844237,0.0
8.498,-0.06966404272731724,0.0,0.9240762371843286,0.0,0.7776524282519391,0.0
8.5,-0.06781434059494076,0.0,0.9256230698211217,0.0,0.7691763177685659,0.0
8.502,-0.06596156176504808,0.0,0.9271529269426606,0.0,0.7606769381900857,0.0
8.504,-0.06410574023511152,0.0,0.9286657621621156,0.0,0.7521544409819139,0.0
8.506,-0.06224691009506475,0.0,0.9301615293962023,0.0,0.7436089782164361,0.0
8.508000000000001,-0.06038510552670787,0.0,0.9316401828663821,0.0,0.7350407025704544,0.0
8.51,-0.05852036080309696,0.0,0.9331016771000696,0.0,0.7264497673225563,0.0
8.512,-0.05665271028791718,0.0,0.934545966931842,0.0,0.7178363263504061,0.0
8.514,-0.05478218843488239,0.0,0.9359730075046245,0.0,0.7092005341281545,0.0
8.516,-0.052908829787109854,0.0,0.9373827542708867,0.0,0.7005425457237295,0.0
8.518,-0.05103266897650127,0.0,0.9387751629938246,0.0,0.691862516796153,0.0
8.52,-0.04915374072312026,0.0,0.940150189748541,0.0,0.6831606035928364,0.0
8.522,-0.047272079834567375,0.0,0.9415077909232212,0.0,0.6744369629468637,0.0
8.524000000000001,-0.04538772120535118,0.0,0.9428479232202988,0.0,0.6656917522742501,0.0
8.526,-0.043500699816266315,0.0,0.9441705436576183,0.0,0.6569251295712311,0.0
8.528,-0.041611050733746116,0.0,0.9454756095695991,0.0,0.648137253411429,0.0
8.53,-0.039718809109243726,0.0,0.9467630786083789,0.0,0.6393282829431488,0.0
8.532,-0.037824010178587775,0.0,0.9480329087449667,0.0,0.6304983778865522,0.0
8.534,-0.035926689261345054,0.0,0.9492850582703801,0.0,0.6216476985308602,0.0
8.536,-0.034026881760179345,0.0,0.9505194857967819,0.0,0.6127764057315349,0.0
8.538,-0.03212462316020808,0.0,0.9517361502586105,0.0,0.6038846609074467,0.0
8.540000000000001,-0.030219949028356546,0.0,0.9529350109137026,0.0,0.5949726260380279,0.0
8.542,-0.02831289501271002,0.0,0.9541160273444115,0.0,0.5860404636604111,0.0
8.544,-0.026403496841863685,0.0,0.9552791594587213,0.0,0.5770883368665563,0.0
8.546,-0.024491790324271692,0.0,0.95642436749135,0.0,0.5681164093003676,0.0
8.548,-0.022577811347584936,0.0,0.9575516120048574,0.0,0.5591248451547559,0.0
8.55,-0.020661595878009736,0.0,0.9586608538907311,0.0,0.5501138091687953,0.0
8.552,-0.018743179959634936,0.0,0.9597520543704814,0.0,0.5410834666247266,0.0
8.554,-0.016822599713770786,0.0,0.9608251749967274,0.0,0.5320339833450146,0.0
8.556000000000001,-0.014899891338299612,0.0,0.9618801776542665,0.0,0.5229655256894565,0.0
8.558,-0.012975091106996404,0.0,0.9629170245611517,0.0,0.513878260552144,0.0
8.56,-0.011048235368861237,0.0,0.963935678269759,0.0,0.5047723553584802,0.0
8.562,-0.009119360547465125,0.0,0.9649361016678388,0.0,0.495647978062254,0.0
8.564,-0.007188503140254865,0.0,0.9659182579795809,0.0,0.48650529714251894,0.0
8.566,-0.005255699717902475,0.0,0.9668821107666501,0.0,0.47734448160067816,0.0
8.568,-0.003320986923613624,0.0,0.9678276239292372,0.0,0.4681657009573729,0.0
8.57,-0.0013844014724495105,0.0,0.9687547617070916,0.0,0.4589691252494312,0.0
8.572000000000001,0.0005540198493391891,0.0,0.9696634886805475,0.0,0.44975492502686887,0.0
8.574,0.002494240185008602,0.0,0.9705537697715508,0.0,0.44052327134974545,0.0
8.576,0.004436222608005912,0.0,0.971425570244677,0.0,0.43127433578507296,0.0
8.578,0.006379930122639943,0.0,0.9722788557081357,0.0,0.42200829040378635,0.0
8.58,0.008325325664791404,0.0,0.9731135921147839,0.0,0.41272530777752153,0.0
8.582,0.010272372102587479,0.0,0.9739297457631182,0.0,0.4034255609755598,0.0
8.584,0.0122210322370941,0.0,0.9747272832982673,0.0,0.3941092235616854,0.0
8.586,0.014171268803024346,0.0,0.9755061717129826,0.0,0.3847764695909613,0.0
8.588000000000001,0.01612304446942052,0.0,0.9762663783486119,0.0,0.3754274736066284,0.0
8.59,0.018076321840352294,0.0,0.9770078708960748,0.0,0.3660624106369246,0.0
8.592,0.020031063455632606,0.0,0.9777306173968319,0.0,0.35668145619181335,0.0
8.594,0.021987231791496028,0.0,0.9784345862438402,0.0,0.34728478625989223,0.0
8.596,0.02394478926132639,0.0,0.9791197461825121,0.0,0.3378725773050587,0.0
8.598,0.025903698216346846,0.0,0.9797860663116593,0.0,0.32844500626335416,0.0
8.6,0.027863920946327617,0.0,0.9804335160844339,0.0,0.31900225053971987,0.0
8.602,0.029825419680309863,0.0,0.9810620653092667,0.0,0.30954448800467127,0.0
8.604000000000001,0.031788156587302864,0.0,0.9816716841507904,0.0,0.30007189699109704,0.0
8.606,0.033752093776997436,0.0,0.9822623431307631,0.0,0.2905846562909786,0.0
8.608,0.03571719330049526,0.0,0.9828340131289847,0.0,0.2810829451520268,0.0
8.61,0.03768341715101011,0.0,0.9833866653842022,0.0,0.2715669432744523,0.0
8.612,0.03965072726459452,0.0,0.9839202714950129,0.0,0.2620368308076103,0.0
8.614,0.04161908552085883,0.0,0.9844348034207602,0.0,0.252492788346677,0.0
8.616,0.043588453743693516,0.0,0.9849302334824189,0.0,0.24293499692930814,0.0
8.618,0.045558793701993436,0.0,0.985406534363481,0.0,0.23336363803228496,0.0
8.620000000000001,0.04753006711038362,0.0,0.9858636791108274,0.0,0.22377889356814798,0.0
8.622,0.04950223562994698,0.0,0.986301641135596,0.0,0.21418094588181924,0.0
8.624,0.05147526086895373,0.0,0.9867203942140463,0.0,0.20456997774721367,0.0
8.626,0.05344910438359078,0.0,0.9871199124884095,0.0,0.19494617236384465,0.0
8.628,0.05542372767870258,0.0,0.9875001704677409,0.0,0.1853097133533727,0.0
8.63,0.057399092208509674,0.0,0.9878611430287564,0.0,0.17566078475625918,0.0
8.632,0.05937515937736073,0.0,0.9882028054166694,0.0,0.16599957102825247,0.0
8.634,0.06135189054046249,0.0,0.9885251332460182,0.0,0.15632625703697905,0.0
8.636000000000001,0.06332924700462073,0.0,0.9888281025014839,0.0,0.146641028058478,0.0
8.638,0.06530719002898139,0.0,0.9891116895387054,0.0,0.13694406977373003,0.0
8.64,0.06728568082577345,0.0,0.9893758710850873,0.0,0.12723556826517685,0.0
8.642,0.06926468056105137,0.0,0.9896206242405953,0.0,0.11751571001323613,0.0
8.644,0.07124415035544922,0.0,0.9898459264785524,0.0,0.10778468189275897,0.0
8.646,0.07322405128491218,0.0,0.9900517556464226,0.0,0.0980426711695937,0.0
8.648,0.07520434438145993,0.0,0.9902380899665894,0.0,0.08828986549698858,0.0
8.65,0.07718499063393715,0.0,0.9904049080371271,0.0,0.0785264529120579,0.0
8.652000000000001,0.07916595098875163,0.0,0.990552188832566,0.0,0.06875262183230146,0.0
8.654,0.08114718635064193,0.0,0.9906799117046476,0.0,0.05896856105197901,0.0
8.656,0.08312865758343277,0.0,0.9907880563830767,0.0,0.04917445973853862,0.0
8.658,0.08511032551077571,0.0,0.9908766029762629,0.0,0.03937050742911752,0.0
8.66,0.0870921509169296,0.0,0.9909455319720568,0.0,0.029556894026840808,0.0
8.662,0.08907409454750422,0.0,0.9909948242384774,0.0,0.019733809797299273,0.0
8.664,0.09105611711022145,0.0,0.9910244610244361,0.0,0.009901445364938477,0.0
8.666,0.09303817927569359,0.0,0.9910344239604474,0.0,5.999170935783171e-05,0.0
8.668000000000001,0.095020241678165,0.0,0.9910246950593378,0.0,-0.009790359838210694,0.0
8.67,0.09700226491629337,0.0,0.990995256716945,0.0,-0.019649417598623264,0.0
8.672,0.09898420955391646,0.0,0.9909460917128093,0.0,-0.029516989548478867,0.0
8.674,0.10096603612080425,0.0,0.99087718321086,0.0,-0.039392883323699834,0.0
8.676,0.10294770511345061,0.0,0.990788514760091,0.0,-0.049276906223317984,0.0
8.678,0.1049291769958283,0.0,0.9906800702952324,0.0,-0.05916886521307613,0.0
8.68,0.10691041220016104,0.0,0.990551834137414,0.0,-0.06906856692912255,0.0
8.682,0.10889137112771133,0.0,0.9904037909948182,0.0,-0.07897581768178369,0.0
8.684000000000001,0.11087201414954072,0.0,0.9902359259633297,0.0,-0.08889042345920423,0.0
8.686,0.11285230160728628,0.0,0.9900482245271779,0.0,-0.09881218993107238,0.0
8.688,0.11483219381395166,0.0,0.9898406725595659,0.0,-0.10874092245241884,0.0
8.69,0.11681165105467016,0.0,0.989613256323299,0.0,-0.1186764260672814,0.0
8.692,0.11879063358749246,0.0,0.989365962471403,0.0,-0.12861850551249482,0.0
8.694,0.12076910164416754,0.0,0.9890987780477327,0.0,-0.13856696522145062,0.0
8.696,0.1227470154309171,0.0,0.9888116904875788,0.0,-0.1485216093278267,0.0
8.698,0.12472433512923484,0.0,0.9885046876182584,0.0,-0.15848224166944702,0.0
8.700000000000001,0.12670102089665689,0.0,0.9881777576597072,0.0,-0.16844866579199674,0.0
8.702,0.12867703286754759,0.0,0.9878308892250587,0.0,-0.17842068495281982,0.0
8.704,0.13065233115390076,0.0,0.9874640713212159,0.0,-0.1883981021247973,0.0
8.706,0.13262687584611177,0.0,0.9870772933494176,0.0,-0.1983807200000829,0.0
8.708,0.13460062701377515,0.0,0.9866705451057971,0.0,-0.2083683409939674,0.0
8.71,0.1365735447064728,0.0,0.986243816781929,0.0,-0.21836076724870257,0.0
8.712,0.13854558895456565,0.0,0.9857970989653735,0.0,-0.2283578006373444,0.0
8.714,0.14051671976998645,0.0,0.9853303826402124,0.0,-0.23835924276760445,0.0
8.716,0.1424868971470312,0.0,0.9848436591875729,0.0,-0.24836489498569864,0.0
8.718,0.14445608106316207,0.0,0.9843369203861461,0.0,-0.2583745583802571,0.0
8.72,0.14642423147978723,0.0,0.9838101584127049,0.0,-0.26838803378612014,0.0
8.722,0.14839130834307143,0.0,0.9832633658425995,0.0,-0.2784051217882952,0.0
8.724,0.150357271584734,0.0,0.9826965356502559,0.0,-0.28842562272584865,0.0
8.726,0.15232208112283305,0.0,0.9821096612096686,0.0,-0.298449336695738,0.0
8.728,0.15428569686257948,0.0,0.9815027362948744,0.0,-0.30847606355679,0.0
8.73,0.15624807869713725,0.0,0.9808757550804255,0.0,-0.3185056029336213,0.0
8.732,0.15820918650840957,0.0,0.9802287121418615,0.0,-0.32853775422048337,0.0
8.734,0.16016898016786438,0.0,0.9795616024561533,0.0,-0.33857231658531467,0.0
8.736,0.1621274195373147,0.0,0.9788744214021656,0.0,-0.34860908897356585,0.0
8.738,0.1640844644697379,0.0,0.9781671647610881,0.0,-0.35864787011222504,0.0
8.74,0.16604007481008137,0.0,0.9774398287168699,0.0,-0.36868845851377885,0.0
8.742,0.16799421039605408,0.0,0.9766924098566513,0.0,-0.3787306524801025,0.0
8.744,0.16994683105894737,0.0,0.9759249051711725,0.0,-0.3887742501065059,0.0
8.746,0.17189789662444285,0.0,0.9751373120551854,0.0,-0.39881904928571305,0.0
8.748,0.17384736691340494,0.0,0.9743296283078604,0.0,-0.40886484771176995,0.0
8.75,0.1757952017427122,0.0,0.9735018521331706,0.0,-0.41891144288415155,0.0
8.752,0.17774136092605144,0.0,0.9726539821402824,0.0,-0.42895863211168295,0.0
8.754,0.17968580427472877,0.0,0.971786017343935,0.0,-0.439006212516549,0.0
8.756,0.18162849159849484,0.0,0.9708979571648019,0.0,-0.4490539810383839,0.0
8.758000000000001,0.18356938270634338,0.0,0.9699898014298582,0.0,-0.45910173443822144,0.0
8.76,0.18550843740732384,0.0,0.9690615503727352,0.0,-0.46914926930252543,0.0
8.762,0.18744561551137093,0.0,0.9681132046340571,0.0,-0.4791963820473092,0.0
8.764,0.18938087683009533,0.0,0.967144765261789,0.0,-0.4892428689220562,0.0
8.766,0.19131418117762228,0.0,0.966156233711555,0.0,-0.4992885260138945,0.0
8.768,0.19324548837139116,0.0,0.9651476118469652,0.0,-0.5093331492515712,0.0
8.77,0.19517475823297278,0.0,0.9641189019399315,0.0,-0.51937653440952,0.0
8.772,0.19710195058889907,0.0,0.9630701066709616,0.0,-0.529418477112001,0.0
8.774000000000001,0.19902702527146746,0.0,0.9620012291294643,0.0,-0.539458772837107,0.0
8.776,0.2009499421195586,0.0,0.9609122728140378,0.0,-0.549497216920847,0.0
8.778,0.20287066097946915,0.0,0.9598032416327412,0.0,-0.559533604561308,0.0
8.78,0.20478914170571513,0.0,0.9586741399033756,0.0,-0.5695677308226696,0.0
8.782,0.2067053441618601,0.0,0.9575249723537441,0.0,-0.579599390639349,0.0
8.784,0.208619228221333,0.0,0.9563557441219065,0.0,-0.5896283788200967,0.0
8.786,0.2105307537682495,0.0,0.9551664607564267,0.0,-0.5996544900521136,0.0
8.788,0.21243988069823339,0.0,0.9539571282166146,0.0,-0.6096775189051711,0.0
8.790000000000001,0.21434656891923762,0.0,0.9527277528727522,0.0,-0.6196972598357342,0.0
8.792,0.21625077835236695,0.0,0.9514783415063192,0.0,-0.6297135071910935,0.0
8.794,0.21815246893270068,0.0,0.9502089013102076,0.0,-0.6397260552135049,0.0
8.796,0.22005160061011372,0.0,0.9489194398889254,0.0,-0.6497346980443197,0.0
8.798,0.22194813335010805,0.0,0.9476099652587926,0.0,-0.659739229728176,0.0
8.8,0.223842027134621,0.0,0.9462804858481396,0.0,-0.6697394442170688,0.0
8.802,0.2257332419628648,0.0,0.9449310104974765,0.0,-0.679735135374592,0.0
8.804,0.2276217378521437,0.0,0.9435615484596741,0.0,-0.6897260969800589,0.0
8.806000000000001,0.2295074748386799,0.0,0.9421721094001232,0.0,-0.6997121227326816,0.0
8.808,0.2313904129784393,0.0,0.9407627033968947,0.0,-0.7096930062557434,0.0
8.81,0.23327051234795648,0.0,0.9393333409408838,0.0,-0.7196685411007763,0.0
8.812,0.23514773304515962,0.0,0.9378840329359541,0.0,-0.7296385207517418,0.0
8.814,0.23702203519020323,0.0,0.9364147906990578,0.0,-0.7396027386292527,0.0
8.816,0.23889337892628038,0.0,0.934925625960376,0.0,-0.7495609880946912,0.0
8.818,0.24076172442046195,0.0,0.9334165508634165,0.0,-0.7595130624544767,0.0
8.82,0.24262703186452397,0.0,0.9318875779651236,0.0,-0.7694587549642684,0.0
8.822000000000001,0.24448926147576094,0.0,0.9303387202359844,0.0,-0.7793978588331008,0.0
8.824,0.2463483734978262,0.0,0.9287699910601077,0.0,-0.7893301672276657,0.0
8.826,0.2482043282015596,0.0,0.9271814042353034,0.0,-0.7992554732765281,0.0
8.828,0.2500570858858,0.0,0.9255729739731684,0.0,-0.809173570074267,0.0
8.83,0.25190660687823374,0.0,0.9239447148991311,0.0,-0.81908425068581,0.0
8.832,0.25375285153620725,0.0,0.9222966420525209,0.0,-0.8289873081505801,0.0
8.834,0.25559578024755514,0.0,0.9206287708866143,0.0,-0.8388825354867303,0.0
8.836,0.25743535343144314,0.0,0.9189411172686586,0.0,-0.8487697256954567,0.0
8.838000000000001,0.259271531539175,0.0,0.9172336974799236,0.0,-0.8586486717651279,0.0
8.84,0.2611042750550353,0.0,0.9155065282157058,0.0,-0.8685191666756051,0.0
8.842,0.26293354449711787,0.0,0.9137596265853433,0.0,-0.8783810034024924,0.0
8.844,0.264759300418139,0.0,0.9119930101122343,0.0,-0.8882339749213046,0.0
8.846,0.26658150340628606,0.0,0.9102066967338117,0.0,-0.8980778742118339,0.0
8.848,0.26840011408603065,0.0,0.9084007048015458,0.0,-0.9079124942623262,0.0
8.85,0.2702150931189575,0.0,0.9065750530809223,0.0,-0.9177376280737426,0.0
8.852,0.2720264012046046,0.0,0.9047297607514,0.0,-0.9275530686640923,0.0
8.854000000000001,0.2738339990812784,0.0,0.902864847406386,0.0,-0.9373586090726309,0.0
8.856,0.2756378475268821,0.0,0.9009803330531881,0.0,-0.947154042364126,0.0
8.858,0.2774379073597559,0.0,0.8990762381129467,0.0,-0.9569391616332048,0.0
8.86,0.27923413943949,0.0,0.8971525834205851,0.0,-0.9667137600085469,0.0
8.862,0.28102650466776014,0.0,0.8952093902247313,0.0,-0.9764776306572057,0.0
8.864,0.2828149639891538,0.0,0.8932466801876338,0.0,-0.9862305667888831,0.0
8.866,0.2845994783919912,0.0,0.8912644753850835,0.0,-0.9959723616601805,0.0
8.868,0.2863800089091661,0.0,0.8892627983062976,0.0,-1.0057028085789588,0.0
8.870000000000001,0.2881565166189596,0.0,0.8872416718538267,0.0,-1.0154217009085553,0.0
8.872,0.28992896264586704,0.0,0.8852011193434419,0.0,-1.0251288320720777,0.0
8.874,0.29169730816143685,0.0,0.8831411645039942,0.0,-1.034823995556764,0.0
8.876,0.2934615143850824,0.0,0.8810618314772987,0.0,-1.0445069849182,0.0
8.878,0.2952215425849152,0.0,0.8789631448179864,0.0,-1.0541775937846565,0.0
8.88,0.29697735407856846,0.0,0.8768451294933551,0.0,-1.0638356158613784,0.0
8.882,0.2987289102340225,0.0,0.8747078108832115,0.0,-1.073480844934887,0.0
8.884,0.3004761724704299,0.0,0.8725512147797049,0.0,-1.0831130748772813,0.0
8.886000000000001,0.3022191022589395,0.0,0.8703753673871504,0.0,-1.0927320996505414,0.0
8.888,0.30395766112352085,0.0,0.8681802953218465,0.0,-1.102337713310838,0.0
8.89,0.305691810641788,0.0,0.8659660256118815,0.0,-1.111929710012836,0.0
8.892,0.30742151244582133,0.0,0.8637325856969336,0.0,-1.121507884013995,0.0
8.894,0.3091467282229973,0.0,0.8614800034280519,0.0,-1.1310720296789203,0.0
8.896,0.310867419716798,0.0,0.8592083070674585,0.0,-1.1406219414835985,0.0
8.898,0.3125835487276444,0.0,0.8569175252883011,0.0,-1.1501574140197743,0.0
8.9,0.314295077113719,0.0,0.8546076871744198,0.0,-1.1596782419992677,0.0
8.902000000000001,0.3160019667917741,0.0,0.8522788222201185,0.0,-1.1691842202582186,0.0
8.904,0.3177041797379664,0.0,0.8499309603298936,0.0,-1.1786751437614789,0.0
8.906,0.3194016779886703,0.0,0.847564131818181,0.0,-1.1881508076068907,0.0
8.908,0.3210944236412972,0.0,0.8451783674090861,0.0,-1.1976110070296015,0.0
8.91,0.3227823788551216,0.0,0.8427736982360959,0.0,-1.207055537406423,0.0
8.912,0.32446550585208644,0.0,0.8403501558418105,0.0,-1.2164841942600708,0.0
8.914,0.32614376691763197,0.0,0.837907772177628,0.0,-1.2258967732635513,0.0
8.916,0.32781712440151456,0.0,0.8354465796034415,0.0,-1.2352930702444822,0.0
8.918000000000001,0.3294855407186102,0.0,0.8329666108873426,0.0,-1.244672881189343,0.0
8.92,0.33114897834974305,0.0,0.8304678992052809,0.0,-1.2540360022478596,0.0
8.922,0.3328073998425007,0.0,0.8279504781407341,0.0,-1.2633822297373292,0.0
8.924,0.3344607678120357,0.0,0.8254143816843885,0.0,-1.27271136014686,0.0
8.926,0.3361090449418984,0.0,0.8228596442337625,0.0,-1.2820231901417984,0.0
8.928,0.33775219398483625,0.0,0.820286300592869,0.0,-1.2913175165679696,0.0
8.93,0.3393901777636075,0.0,0.8176943859718535,0.0,-1.3005941364560032,0.0
8.932,0.34102295917180514,0.0,0.8150839359865947,0.0,-1.3098528470257176,0.0
8.934000000000001,0.34265050117465085,0.0,0.8124549866583557,0.0,-1.3190934456903425,0.0
8.936,0.3442727668098173,0.0,0.8098075744133695,0.0,-1.328315730060906,0.0
8.938,0.3458897191882381,0.0,0.8071417360824372,0.0,-1.3375194979505507,0.0
8.94,0.3475013214949041,0.0,0.8044575089005459,0.0,-1.34670454737878,0.0
8.942,0.34910753698968866,0.0,0.8017549305064167,0.0,-1.3558706765758737,0.0
8.944,0.35070832900814203,0.0,0.7990340389421021,0.0,-1.36501768398713,0.0
8.946,0.35230366096229804,0.0,0.7962948726525536,0.0,-1.374145368277179,0.0
8.948,0.35389349634149025,0.0,0.793537470485156,0.0,-1.3832535283343619,0.0
8.950000000000001,0.3554777987131454,0.0,0.7907618716892967,0.0,-1.392341963274974,0.0
8.952,0.35705653172358687,0.0,0.7879681159159068,0.0,-1.4014104724475789,0.0
8.954,0.35862965909884864,0.0,0.7851562432169694,0.0,-1.4104588554373794,0.0
8.956,0.36019714464546393,0.0,0.7823262940450668,0.0,-1.4194869120704516,0.0
8.958,0.3617589522512732,0.0,0.7794783092528832,0.0,-1.4284944424180923,0.0
8.96,0.36331504588622143,0.0,0.77661233009271,0.0,-1.4374812468011073,0.0
8.962,0.36486538960315745,0.0,0.7737283982159444,0.0,-1.4464471257941214,0.0
8.964,0.36640994753863204,0.0,0.7708265556725774,0.0,-1.4553918802298769,0.0
8.966,0.3679486839136921,0.0,0.7679068449106744,0.0,-1.4643153112035217,0.0
8.968,0.369481563034684,0.0,0.764969308775836,0.0,-1.4732172200769469,0.0
8.97,0.3710085492940344,0.0,0.7620139905106819,0.0,-1.4820974084830056,0.0
8.972,0.37252960717105704,0.0,0.7590409337542827,0.0,-1.4909556783298812,0.0
8.974,0.3740447012327385,0.0,0.7560501825416159,0.0,-1.4997918318053376,0.0
8.976,0.3755537961345309,0.0,0.7530417813030009,0.0,-1.5086056713810176,0.0
8.978,0.3770568566211412,0.0,0.7500157748635248,0.0,-1.5173969998167245,0.0
8.98,0.37855384752732185,0.0,0.7469722084424655,0.0,-1.526165620164711,0.0
8.982,0.3800447337786555,0.0,0.7439111276527012,0.0,-1.5349113357739461,0.0
8.984,0.3815294803923487,0.0,0.7408325785001021,0.0,-1.5436339502944323,0.0
8.986,0.3830080524780054,0.0,0.73773660738295,0.0,-1.552333267681407,0.0
8.988,0.3844804152384211,0.0,0.7346232610912986,0.0,-1.561009092199681,0.0
8.99,0.3859465339703664,0.0,0.7314925868063517,0.0,-1.5696612284279035,0.0
8.992,0.38740637406535805,0.0,0.7283446320998536,0.0,-1.578289481262768,0.0
8.994,0.3888599010104496,0.0,0.7251794449334266,0.0,-1.586893655923337,0.0
8.996,0.3903070803890104,0.0,0.7219970736579199,0.0,-1.5954735579552983,0.0
8.998,0.39174787788149285,0.0,0.7187975670127807,0.0,-1.6040289932351603,0.0
9.0,0.3931822592662237,0.0,0.7155809741253495,0.0,-1.6125597679745902,0.0
9.002,0.39461019042016837,0.0,0.7123473445102135,0.0,-1.6210656887246009,0.0
9.004,0.3960316373197049,0.0,0.709096728068522,0.0,-1.6295465623797971,0.0
9.006,0.3974465660414076,0.0,0.7058291750872702,0.0,-1.6380021961826818,0.0
9.008000000000001,0.39885494276280165,0.0,0.7025447362386349,0.0,-1.6464323977278,0.0
9.01,0.40025673376314536,0.0,0.699243462579241,0.0,-1.6548369749660439,0.0
9.012,0.4016519054241966,0.0,0.6959254055494423,0.0,-1.663215736208877,0.0
9.014,0.4030404242309701,0.0,0.6925906169726262,0.0,-1.6715684901324988,0.0
9.016,0.40442225677251664,0.0,0.6892391490544392,0.0,-1.6798950457821555,0.0
9.018,0.40579736974267755,0.0,0.6858710543820733,0.0,-1.6881952125762947,0.0
9.02,0.40716572994084577,0.0,0.6824863859235154,0.0,-1.6964688003107766,0.0
9.022,0.4085273042727368,0.0,0.6790851970267631,0.0,-1.7047156191631432,0.0
9.024000000000001,0.40988205975113823,0.0,0.6756675414190811,0.0,-1.7129354796967602,0.0
9.026,0.41122996349666796,0.0,0.6722334732062281,0.0,-1.7211281928650226,0.0
9.028,0.41257098273853937,0.0,0.6687830468716445,0.0,-1.7292935700156034,0.0
9.03,0.41390508481530525,0.0,0.6653163172756889,0.0,-1.7374314228945793,0.0
9.032,0.4152322371756172,0.0,0.6618333396548236,0.0,-1.7455415636506528,0.0
9.034,0.4165524073789753,0.0,0.658334169620804,0.0,-1.7536238048393242,0.0
9.036,0.41786556309647416,0.0,0.654818863159876,0.0,-1.7616779594270437,0.0
9.038,0.4191716721115609,0.0,0.6512874766319209,0.0,-1.7697038407954386,0.0
9.040000000000001,0.4204707023207718,0.0,0.6477400667696463,0.0,-1.777701262745423,0.0
9.042,0.4217626217344781,0.0,0.6441766906777444,0.0,-1.785670039501359,0.0
9.044,0.4230473984776378,0.0,0.6405974058320147,0.0,-1.7936099857152656,0.0
9.046,0.42432500079052615,0.0,0.6370022700785318,0.0,-1.801520916470903,0.0
9.048,0.42559539702948224,0.0,0.6333913416327663,0.0,-1.8094026472879499,0.0
9.05,0.42685855566764364,0.0,0.629764679078709,0.0,-1.817254994126132,0.0
9.052,0.4281144452956844,0.0,0.6261223413679882,0.0,-1.8250777733893542,0.0
9.054,0.4293630346225486,0.0,0.6224643878189766,0.0,-1.8328708019298265,0.0
9.056000000000001,0.430604292476183,0.0,0.6187908781158912,0.0,-1.8406338970521825,0.0
9.058,0.43183818780426747,0.0,0.6151018723078826,0.0,-1.8483668765175907,0.0
9.06,0.4330646896749452,0.0,0.6113974308081209,0.0,-1.8560695585478693,0.0
9.062,0.4342837672775474,0.0,0.6076776143928704,0.0,-1.8637417618295715,0.0
9.064,0.435495389923324,0.0,0.6039424842005416,0.0,-1.871383305518116,0.0
9.066,0.4366995270461576,0.0,0.6001921017307817,0.0,-1.878994009241815,0.0
9.068,0.43789614820329326,0.0,0.5964265288434945,0.0,-1.886573693106007,0.0
9.07,0.4390852230760581,0.0,0.5926458277578837,0.0,-1.894122177697135,0.0
9.072000000000001,0.44026672147057067,0.0,0.5888500610515146,0.0,-1.901639284086759,0.0
9.074,0.4414406133184657,0.0,0.5850392916593079,0.0,-1.9091248338356777,0.0
9.076,0.4426068686776037,0.0,0.5812135828725739,0.0,-1.9165786489979546,0.0
9.078,0.4437654577327821,0.0,0.5773729983380206,0.0,-1.9240005521249637,0.0
9.08,0.4449163507964501,0.0,0.5735176020567401,0.0,-1.9313903662694618,0.0
9.082,0.4460595183094074,0.0,0.5696474583832337,0.0,-1.9387479149895628,0.0
9.084,0.44719493084151757,0.0,0.5657626320243676,0.0,-1.9460730223528133,0.0
9.086,0.4483225590924123,0.0,0.5618631880383509,0.0,-1.9533655129402183,0.0
9.088000000000001,0.449442373892185,0.0,0.5579491918337333,0.0,-1.960625211850196,0.0
9.09,0.45055434620209817,0.0,0.5540207091683367,0.0,-1.9678519447026326,0.0
9.092,0.4516584471152808,0.0,0.550077806148209,0.0,-1.9750455376428826,0.0
9.094,0.45275464785741576,0.0,0.5461205492266019,0.0,-1.9822058173456991,0.0
9.096,0.45384291978744395,0.0,0.5421490052028608,0.0,-1.9893326110192913,0.0
9.098,0.45492323439824855,0.0,0.5381632412213889,0.0,-1.9964257464092494,0.0
9.1,0.45599556331734237,0.0,0.5341633247705668,0.0,-2.003485051802498,0.0
9.102,0.45705987830756445,0.0,0.5301493236816339,0.0,-2.0105103560313213,0.0
9.104000000000001,0.4581161512677522,0.0,0.5261213061276391,0.0,-2.0175014884772247,0.0
9.106,0.45916435423343244,0.0,0.522079340622306,0.0,-2.024458279074937,0.0
9.108,0.4602044593775019,0.0,0.5180234960189225,0.0,-2.0313805583163407,0.0
9.11,0.4612364390108965,0.0,0.5139538415092554,0.0,-2.0382681572543415,0.0
9.112,0.46226026558327926,0.0,0.509870446622378,0.0,-2.045120907506862,0.0
9.114,0.4632759116837048,0.0,0.5057733812235695,0.0,-2.0519386412606897,0.0
9.116,0.4642833500412917,0.0,0.501662715513174,0.0,-2.0587211912753838,0.0
9.118,0.46528255352589787,0.0,0.49753852002541943,0.0,-2.0654683908872062,0.0
9.120000000000001,0.4662734951487799,0.0,0.49340086562729196,0.0,-2.072180074012956,0.0
9.122,0.46725614806325855,0.0,0.4892498235173704,0.0,-2.0788560751538445,0.0
9.124,0.4682304855653862,0.0,0.4850854652246233,0.0,-2.0854962293994026,0.0
9.126,0.4691964810945999,0.0,0.4809078626072616,0.0,-2.092100372431282,0.0
9.128,0.4701541082343825,0.0,0.4767170878515353,0.0,-2.098668340527133,0.0
9.13,0.47110334071291543,0.0,0.4725132134705389,0.0,-2.105199970564423,0.0
9.132,0.472044152403733,0.0,0.46829631230300917,0.0,-2.1116951000242725,0.0
9.134,0.4729765173263713,0.0,0.4640664575121143,0.0,-2.118153566995267,0.0
9.136000000000001,0.47390040964701696,0.0,0.45982372258423077,0.0,-2.1245752101772744,0.0
9.138,0.4748158036791487,0.0,0.45556818132773486,0.0,-2.130959868885209,0.0
9.14,0.4757226738841872,0.0,0.4512999078717339,0.0,-2.13730738305288,0.0
9.142,0.476620994872128,0.0,0.4470189766648597,0.0,-2.1436175932367085,0.0
9.144,0.47751074140218364,0.0,0.44272546247400163,0.0,-2.1498903406195318,0.0
9.146,0.4783918883834171,0.0,0.43841944038305425,0.0,-2.1561254670143497,0.0
9.148,0.47926441087537514,0.0,0.4341009857916522,0.0,-2.162322814868073,0.0
9.15,0.48012828408871927,0.0,0.4297701744139004,0.0,-2.1684822272652684,0.0
9.152000000000001,0.4809834833858513,0.0,0.4254270822770926,0.0,-2.174603547931876,0.0
9.154,0.4818299842815408,0.0,0.4210717857204268,0.0,-2.180686621238937,0.0
9.156,0.4826677624435461,0.0,0.41670436139371086,0.0,-2.1867312922062956,0.0
9.158,0.4834967936932343,0.0,0.4123248862560645,0.0,-2.192737406506294,0.0
9.16,0.48431705400620106,0.0,0.4079334375745927,0.0,-2.198704810467478,0.0
9.162,0.48512851951287983,0.0,0.40353009292310593,0.0,-2.2046333510782317,0.0
9.164,0.48593116649915896,0.0,0.3991149301807638,0.0,-2.21052287599048,0.0
9.166,0.48672497140699106,0.0,0.394688027530745,0.0,-2.2163732335233437,0.0
9.168000000000001,0.4875099108349946,0.0,0.3902494634589413,0.0,-2.222184272666745,0.0
9.17,0.48828596153906373,0.0,0.3857993167525762,0.0,-2.227955843085082,0.0
9.172,0.4890531004329666,0.0,0.3813376664988709,0.0,-2.233687795120827,0.0
9.174,0.4898113045889445,0.0,0.376864592083684,0.0,-2.239379979798141,0.0
9.176,0.49056055123830916,0.0,0.37238017319012606,0.0,-2.2450322488264867,0.0
9.178,0.49130081777203277,0.0,0.36788448979722327,0.0,-2.2506444546041853,0.0
9.18,0.49203208174134067,0.0,0.36337762217850167,0.0,-2.256216450222017,0.0
9.182,0.4927543208583008,0.0,0.35885965090059924,0.0,-2.261748089466797,0.0
9.184000000000001,0.4934675129964033,0.0,0.35433065682190407,0.0,-2.267239226824888,0.0
9.186,0.49417163619114685,0.0,0.3497907210911172,0.0,-2.2726897174857768,0.0
9.188,0.49486666864061835,0.0,0.3452399251458439,0.0,-2.278099417345604,0.0
9.19,0.4955525887060642,0.0,0.34067835071121355,0.0,-2.283468183010649,0.0
9.192,0.49622937491247104,0.0,0.336106079798404,0.0,-2.2887958718008843,0.0
9.194,0.4968970059491306,0.0,0.33152319470324726,0.0,-2.2940823417534313,0.0
9.196,0.4975554606702089,0.0,0.32692977800479284,0.0,-2.2993274516260476,0.0
9.198,0.4982047180953148,0.0,0.32232591256382825,0.0,-2.304531060900629,0.0
9.200000000000001,0.4988447574100576,0.0,0.3177116815214617,0.0,-2.309693029786632,0.0
9.202,0.4994755579666068,0.0,0.31308716829766325,0.0,-2.31481321922452,0.0
9.204,0.5000970992842527,0.0,0.3084524565897619,0.0,-2.3198914908892387,0.0
9.206,0.5007093610499525,0.0,0.30380763037102954,0.0,-2.3249277071935723,0.0
9.208,0.5013123231188883,0.0,0.2991527738891453,0.0,-2.32992173129162,0.0
9.21,0.5019059655150084,0.0,0.2944879716647474,0.0,-2.3348734270821394,0.0
9.212,0.5024902684315743,0.0,0.2898133084899404,0.0,-2.339782659211946,0.0
9.214,0.5030652122317031,0.0,0.2851288694267617,0.0,-2.344649293079304,0.0
9.216000000000001,0.5036307774489039,0.0,0.280434739805709,0.0,-2.3494731948372554,0.0
9.218,0.504186944787613,0.0,0.27573100522422817,0.0,-2.354254231396969,0.0
9.22,0.5047336951237295,0.0,0.2710177515451588,0.0,-2.3589922704310986,0.0
9.222,0.5052710095051405,0.0,0.2662950648952461,0.0,-2.3636871803770654,0.0
9.224,0.5057988691522501,0.0,0.26156303166358924,0.0,-2.368338830440388,0.0
9.226,0.5063172554585015,0.0,0.2568217385001055,0.0,-2.3729470905979646,0.0
9.228,0.5068261499908965,0.0,0.25207127231398396,0.0,-2.3775118316013506,0.0
9.23,0.5073255344905144,0.0,0.24731172027213372,0.0,-2.3820329249800345,0.0
9.232,0.507815390873024,0.0,0.2425431697976277,0.0,-2.3865102430446745,0.0
9.234,0.508295701229196,0.0,0.2377657085681183,0.0,-2.3909436588903605,0.0
9.236,0.5087664478254085,0.0,0.23297942451430392,0.0,-2.395333046399805,0.0
9.238,0.5092276131041525,0.0,0.22818440581831556,0.0,-2.3996782802465786,0.0
9.24,0.5096791796845359,0.0,0.22338074091213178,0.0,-2.403979235898319,0.0
9.242,0.5101211303627762,0.0,0.2185685184760228,0.0,-2.408235789619874,0.0
9.244,0.5105534481126992,0.0,0.21374782743691323,0.0,-2.4124478184765046,0.0
9.246,0.5109761160862311,0.0,0.20891875696679857,0.0,-2.416615200337035,0.0
9.248,0.5113891176138838,0.0,0.20408139648113394,0.0,-2.4207378138769804,0.0
9.25,0.5117924362052446,0.0,0.19923583563719865,0.0,-2.4248155385816985,0.0
9.252,0.5121860555494536,0.0,0.19438216433251246,0.0,-2.42884825474947,0.0
9.254,0.5125699595156861,0.0,0.18952047270317118,0.0,-2.4328358434946242,0.0
9.256,0.5129441321536267,0.0,0.18465085112221147,0.0,-2.4367781867506224,0.0
9.258000000000001,0.5133085576939411,0.0,0.1797733901980052,0.0,-2.4406751672731044,0.0
9.26,0.5136632205487459,0.0,0.17488818077257634,0.0,-2.4445266686429674,0.0
9.262,0.5140081053120749,0.0,0.16999531391994724,0.0,-2.448332575269407,0.0
9.264,0.5143431967603388,0.0,0.16509488094451902,0.0,-2.452092772392918,0.0
9.266,0.5146684798527879,0.0,0.16018697337935003,0.0,-2.4558071460883406,0.0
9.268,0.514983939731965,0.0,0.15527168298452412,0.0,-2.459475583267833,0.0
9.27,0.5152895617241581,0.0,0.1503491017454729,0.0,-2.4630979716838493,0.0
9.272,0.5155853313398517,0.0,0.14541932187125248,0.0,-2.466674199932141,0.0
9.274000000000001,0.5158712342741691,0.0,0.14048243579290956,0.0,-2.4702041574546594,0.0
9.276,0.5161472564073165,0.0,0.13553853616174635,0.0,-2.4736877345425285,0.0
9.278,0.5164133838050227,0.0,0.1305877158476192,0.0,-2.477124822338963,0.0
9.28,0.5166696027189714,0.0,0.12563006793727155,0.0,-2.4805153128421478,0.0
9.282,0.5169158995872373,0.0,0.120665685732565,0.0,-2.483859098908166,0.0
9.284,0.5171522610347111,0.0,0.11569466274880078,0.0,-2.4871560742538446,0.0
9.286,0.5173786738735264,0.0,0.1107170927129953,0.0,-2.4904061334596226,0.0
9.288,0.5175951251034817,0.0,0.1057330695621141,0.0,-2.4936091719724143,0.0
9.290000000000001,0.517801601912457,0.0,0.10074268744137203,0.0,-2.496765086108405,0.0
9.292,0.5179980916768305,0.0,0.09574604070249207,0.0,-2.4998737730558878,0.0
9.294,0.5181845819618881,0.0,0.09074322390192205,0.0,-2.5029351308780554,0.0
9.296,0.5183610605222322,0.0,0.08573433179912218,0.0,-2.505949058515778,0.0
9.298,0.5185275153021858,0.0,0.08071945935478714,0.0,-2.5089154557903734,0.0
9.3,0.5186839344361929,0.0,0.07569870172908597,0.0,-2.5118342234063507,0.0
9.302,0.5188303062492152,0.0,0.07067215427989341,0.0,-2.514705262954148,0.0
9.304,0.5189666192571282,0.0,0.06563991256101503,0.0,-2.5175284769128528,0.0
9.306000000000001,0.5190928621671075,0.0,0.06060207232040336,0.0,-2.520303768652898,0.0
9.308,0.5192090238780179,0.0,0.05555872949839267,0.0,-2.523031042438742,0.0
9.31,0.5193150934807965,0.0,0.05050998022586761,0.0,-2.525710203431556,0.0
9.312,0.5194110602588299,0.0,0.04545592082250799,0.0,-2.5283411576918526,0.0
9.314,0.5194969136883328,0.0,0.04039664779496681,0.0,-2.530923812182145,0.0
9.316,0.5195726434387177,0.0,0.03533225783506795,0.0,-2.533458074769545,0.0
9.318,0.5196382393729643,0.0,0.030262847817994362,0.0,-2.5359438542283783,0.0
9.32,0.5196936915479854,0.0,0.02518851480047081,0.0,-2.5383810602427714,0.0
9.322000000000001,0.5197389902149864,0.0,0.02010935601894205,0.0,-2.5407696034092138,0.0
9.324,0.5197741258198241,0.0,0.015025468887745183,0.0,-2.5431093952391146,0.0
9.326,0.5197990890033606,0.0,0.009936950997277608,0.0,-2.5454003481613414,0.0
9.328,0.519813870601813,0.0,0.004843900112163457,0.0,-2.547642375524731,0.0
9.33,0.5198184616471003,0.0,-0.00025358583060924866,0.0,-2.549835391600605,0.0
9.332,0.5198128533671865,0.0,-0.005355408723495117,0.0,-2.5519793115852347,0.0
9.334,0.5197970371864201,0.0,-0.010461470290280578,0.0,-2.554074051602328,0.0
9.336,0.5197710047258678,0.0,-0.015571672087941274,0.0,-2.5561195287054725,0.0
9.338000000000001,0.5197347478036495,0.0,-0.02068591550846731,0.0,-2.5581156608805653,0.0
9.34,0.5196882584352625,0.0,-0.025804101780771263,0.0,-2.560062367048233,0.0
9.342,0.5196315288339097,0.0,-0.03092613197253978,0.0,-2.561959567066234,0.0
9.344,0.5195645514108171,0.0,-0.03605190699210972,0.0,-2.5638071817318298,0.0
9.346,0.519487318775552,0.0,-0.041181327590370784,0.0,-2.5656051327841642,0.0
9.348,0.5193998237363362,0.0,-0.04631429436260977,0.0,-2.5673533429065913,0.0
9.35,0.5193020593003547,0.0,-0.051450707750438834,0.0,-2.569051735729017,0.0
9.352,0.5191940186740608,0.0,-0.056590468043690736,0.0,-2.5707002358302096,0.0
9.354000000000001,0.5190756952634796,0.0,-0.06173347538228195,0.0,-2.5722987687400862,0.0
9.356,0.5189470826745038,0.0,-0.06687962975815391,0.0,-2.5738472609419922,0.0
9.358,0.5188081747131882,0.0,-0.07202883101718281,0.0,-2.575345639874964,0.0
9.36,0.518658965386042,0.0,-0.0771809788610513,0.0,-2.5767938339359584,0.0
9.362,0.5184994489003117,0.0,-0.08233597284922477,0.0,-2.5781917724820844,0.0
9.364,0.5183296196642662,0.0,-0.08749371240083231,0.0,-2.579539385832799,0.0
9.366,0.5181494722874758,0.0,-0.0926540967965937,0.0,-2.5808366052720966,0.0
9.368,0.5179590015810848,0.0,-0.09781702518078805,0.0,-2.582083363050682,0.0
9.370000000000001,0.517758202558084,0.0,-0.10298239656315172,0.0,-2.5832795923881076,0.0
9.372,0.5175470704335791,0.0,-0.10815010982081864,0.0,-2.5844252274749153,0.0
9.374,0.5173256006250498,0.0,-0.11332006370030523,0.0,-2.5855202034747444,0.0
9.376,0.5170937887526151,0.0,-0.11849215681939725,0.0,-2.5865644565264283,0.0
9.378,0.5168516306392826,0.0,-0.12366628766916384,0.0,-2.5875579237460675,0.0
9.38,0.5165991223112042,0.0,-0.12884235461587298,0.0,-2.5885005432290917,0.0
9.382,0.5163362599979228,0.0,-0.13402025590295197,0.0,-2.5893922540522913,0.0
9.384,0.5160630401326147,0.0,-0.13919988965298988,0.0,-2.5902329962758484,0.0
9.386000000000001,0.5157794593523304,0.0,-0.14438115386966843,0.0,-2.5910227109453294,0.0
9.388,0.5154855144982311,0.0,-0.1495639464397353,0.0,-2.591761340093671,0.0
9.39,0.5151812026158191,0.0,-0.15474816513501793,0.0,-2.592448826743147,0.0
9.392,0.5148665209551659,0.0,-0.15993370761436249,0.0,-2.593085114907309,0.0
9.394,0.5145414669711379,0.0,-0.16512047142563954,0.0,-2.593670149592919,0.0
9.396,0.514206038323614,0.0,-0.17030835400772787,0.0,-2.594203876801852,0.0
9.398,0.5138602328777028,0.0,-0.17549725269250643,0.0,-2.5946862435329834,0.0
9.4,0.5135040487039552,0.0,-0.18068706470685097,0.0,-2.5951171977840666,0.0
9.402000000000001,0.5131374840785704,0.0,-0.18587768717463707,0.0,-2.5954966885535744,0.0
9.404,0.5127605374836035,0.0,-0.19106901711872276,0.0,-2.5958246658425397,0.0
9.406,0.5123732076071604,0.0,-0.19626095146299743,0.0,-2.5961010806563554,0.0
9.408,0.5119754933435985,0.0,-0.20145338703434612,0.0,-2.59632588500658,0.0
9.41,0.5115673937937149,0.0,-0.20664622056470539,0.0,-2.596499031912702,0.0
9.412,0.5111489082649385,0.0,-0.21183934869303547,0.0,-2.5966204754039017,0.0
9.414,0.5107200362715101,0.0,-0.2170326679673825,0.0,-2.59669017052078,0.0
9.416,0.5102807775346636,0.0,-0.2222260748468825,0.0,-2.5967080733170755,0.0
9.418000000000001,0.5098311319828024,0.0,-0.22741946570379373,0.0,-2.596674140861364,0.0
9.42,0.5093710997516699,0.0,-0.23261273682552758,0.0,-2.5965883312387295,0.0
9.422,0.5089006811845188,0.0,-0.23780578441668376,0.0,-2.596450603552425,0.0
9.424,0.5084198768322731,0.0,-0.24299850460108363,0.0,-2.596260917925507,0.0
9.426,0.507928687453687,0.0,-0.24819079342383243,0.0,-2.5960192355024554,0.0
9.428,0.5074271140155044,0.0,-0.2533825468533225,0.0,-2.5957255184507715,0.0
9.43,0.5069151576926058,0.0,-0.2585736607833178,0.0,-2.5953797299625534,0.0
9.432,0.5063928198681552,0.0,-0.2637640310350046,0.0,-2.5949818342560516,0.0
9.434000000000001,0.5058601021337488,0.0,-0.2689535533590086,0.0,-2.5945317965772188,0.0
9.436,0.5053170062895486,0.0,-0.2741421234374885,0.0,-2.594029583201214,0.0
9.438,0.5047635343444172,0.0,-0.27932963688619644,0.0,-2.5934751614339073,0.0
9.44,0.5041996885160547,0.0,-0.2845159892564992,0.0,-2.592868499613365,0.0
9.442,0.503625471231116,0.0,-0.28970107603750606,0.0,-2.592209567111291,0.0
9.444,0.5030408851253431,0.0,-0.29488479265807577,0.0,-2.5914983343344824,0.0
9.446,0.5024459330436761,0.0,-0.30006703448892935,0.0,-2.5907347727262375,0.0
9.448,0.5018406180403694,0.0,-0.30524769684472436,0.0,-2.5899188547677543,0.0
9.450000000000001,0.5012249433791051,0.0,-0.310426674986095,0.0,-2.589050553979512,0.0
9.452,0.500598912533095,0.0,-0.31560386412176966,0.0,-2.5881298449226264,0.0
9.454,0.49996252918518147,0.0,-0.32077915941065216,0.0,-2.587156703200181,0.0
9.456,0.4993157972279417,0.0,-0.3259524559638678,0.0,-2.586131105458557,0.0
9.458,0.4986587207637724,0.0,-0.33112364884690704,0.0,-2.5850530293887135,0.0
9.46,0.4979913041049847,0.0,-0.336292633081676,0.0,-2.5839224537274745,0.0
9.462,0.49731355177389003,0.0,-0.34145930364858895,0.0,-2.582739358258783,0.0
9.464,0.49662546850287465,0.0,-0.3466235554887005,0.0,-2.581503723814926,0.0
9.466000000000001,0.4959270592344825,0.0,-0.35178528350576743,0.0,-2.5802155322777605,0.0
9.468,0.49521832912148717,0.0,-0.35694438256834793,0.0,-2.578874766579902,0.0
9.47,0.49449928352695505,0.0,-0.3621007475119423,0.0,-2.577481410705894,0.0
9.472,0.49376992802431496,0.0,-0.3672542731410558,0.0,-2.576035449693363,0.0
9.474,0.49303026839741604,0.0,-0.37240485423132796,0.0,-2.5745368696341546,0.0
9.476,0.49228031064058175,0.0,-0.37755238553164033,0.0,-2.572985657675432,0.0
9.478,0.49152006095866607,0.0,-0.382696761766209,0.0,-2.5713818020207815,0.0
9.48,0.4907495257670933,0.0,-0.38783787763673955,0.0,-2.569725291931264,0.0
9.482,0.48996871169190714,0.0,-0.3929756278245006,0.0,-2.5680161177264744,0.0
9.484,0.489177625569808,0.0,-0.3981099069924646,0.0,-2.5662542707855702,0.0
9.486,0.48837627444818577,0.0,-0.403240609787422,0.0,-2.564439743548266,0.0
9.488,0.4875646655851515,0.0,-0.40836763084210403,0.0,-2.562572529515831,0.0
9.49,0.4867428064495634,0.0,-0.41349086477730757,0.0,-2.5606526232520435,0.0
9.492,0.4859107047210478,0.0,-0.4186102062040195,0.0,-2.5586800203841418,0.0
9.494,0.4850683682900173,0.0,-0.4237255497255457,0.0,-2.556654717603737,0.0
9.496,0.4842158052576837,0.0,-0.42883678993964053,0.0,-2.5545767126677226,0.0
9.498,0.48335302393606816,0.0,-0.4339438214406339,0.0,-2.55244600439915,0.0
9.5,0.4824800328480011,0.0,-0.4390465388215851,0.0,-2.5502625926880795,0.0
9.502,0.4815968407271318,0.0,-0.44414483667637705,0.0,-2.548026478492436,0.0
9.504,0.4807034565179161,0.0,-0.4492386096018887,0.0,-2.5457376638388074,0.0
9.506,0.4797998893756092,0.0,-0.454327752200134,0.0,-2.5433961518232366,0.0
9.508000000000001,0.4788861486662603,0.0,-0.4594121590803649,0.0,-2.5410019466120177,0.0
9.51,0.4779622439666874,0.0,-0.4644917248612528,0.0,-2.5385550534424217,0.0
9.512,0.4770281850644616,0.0,-0.4695663441730113,0.0,-2.5360554786234433,0.0
9.514,0.47608398195788004,0.0,-0.4746359116595401,0.0,-2.533503229536502,0.0
9.516,0.4751296448559341,0.0,-0.47970032198059137,0.0,-2.5308983146361244,0.0
9.518,0.47416518417828246,0.0,-0.48475946981387497,0.0,-2.5282407434506307,0.0
9.52,0.4731906105552065,0.0,-0.48981324985724456,0.0,-2.5255305265827586,0.0
9.522,0.4722059348275671,0.0,-0.4948615568308459,0.0,-2.522767675710285,0.0
9.524000000000001,0.4712111680467664,0.0,-0.49990428547923205,0.0,-2.5199522035866515,0.0
9.526,0.4702063214746879,0.0,-0.5049413305735506,0.0,-2.5170841240415167,0.0
9.528,0.46919140658364217,0.0,-0.5099725869136975,0.0,-2.5141634519813176,0.0
9.53,0.46816643505631594,0.0,-0.5149979493304312,0.0,-2.5111902033898357,0.0
9.532,0.46713141878569525,0.0,-0.5200173126875827,0.0,-2.508164395328665,0.0
9.534,0.46608636987500585,0.0,-0.5250305718841728,0.0,-2.5050860459377384,0.0
9.536,0.46503130063764214,0.0,-0.5300376218565692,0.0,-2.5019551744357984,0.0
9.538,0.4639662235970803,0.0,-0.5350383575806794,0.0,-2.498771801120819,0.0
9.540000000000001,0.46289115148680654,0.0,-0.5400326740740756,0.0,-2.4955359473704593,0.0
9.542,0.4618060972502311,0.0,-0.5450204663981524,0.0,-2.4922476356424696,0.0
9.544,0.4607110740405895,0.0,-0.5500016296603286,0.0,-2.488906889475048,0.0
9.546,0.45960609522086177,0.0,-0.5549760590161484,0.0,-2.4855137334872417,0.0
9.548,0.45849117436366066,0.0,-0.559943649671503,0.0,-2.4820681933792472,0.0
9.55,0.45736632525113735,0.0,-0.5649042968847532,0.0,-2.4785702959327534,0.0
9.552,0.45623156187487557,0.0,-0.5698578959688936,0.0,-2.4750200690112454,0.0
9.554,0.4550868984357704,0.0,-0.5748043422937509,0.0,-2.471417541560242,0.0
9.556000000000001,0.4539323493439213,0.0,-0.5797435312881135,0.0,-2.467762743607582,0.0
9.558,0.45276792921851294,0.0,-0.5846753584418964,0.0,-2.4640557062636517,0.0
9.56,0.4515936528876811,0.0,-0.5895997193083417,0.0,-2.4602964617215664,0.0
9.562,0.45040953538839335,0.0,-0.594516509506144,0.0,-2.456485043257385,0.0
9.564,0.4492155919663128,0.0,-0.5994256247216385,0.0,-2.4526214852302646,0.0
9.566,0.4480118380756593,0.0,-0.604326960710961,0.0,-2.448705823082596,0.0
9.568,0.4467982893790693,0.0,-0.6092204133022152,0.0,-2.4447380933401317,0.0
9.57,0.4455749617474493,0.0,-0.6141058783976404,0.0,-2.4407183336120797,0.0
9.572000000000001,0.4443418712598241,0.0,-0.6189832519757814,0.0,-2.4366465825911763,0.0
9.574,0.4430990342031881,0.0,-0.6238524300936369,0.0,-2.432522880053758,0.0
9.576,0.44184646707233416,0.0,-0.6287133088888643,0.0,-2.4283472668597548,0.0
9.578,0.4405841865697037,0.0,-0.6335657845819063,0.0,-2.424119784952742,0.0
9.58,0.4393122096052062,0.0,-0.6384097534781941,0.0,-2.419840477359885,0.0
9.582,0.4380305532960613,0.0,-0.6432451119702757,0.0,-2.4155093881919543,0.0
9.584,0.4367392349666087,0.0,-0.6480717565400175,0.0,-2.411126562643215,0.0
9.586,0.43543827214813574,0.0,-0.6528895837607558,0.0,-2.4066920469913833,0.0
9.588000000000001,0.4341276825786892,0.0,-0.6576984902994647,0.0,-2.402205888597508,0.0
9.59,0.43280748420288623,0.0,-0.6624983729189234,0.0,-2.3976681359058487,0.0
9.592,0.43147769517172135,0.0,-0.6672891284798839,0.0,-2.393078838443733,0.0
9.594,0.4301383338423685,0.0,-0.6720706539432306,0.0,-2.388438046821385,0.0
9.596,0.4287894187779736,0.0,-0.6768428463721671,0.0,-2.3837458127317177,0.0
9.598,0.4274309687474589,0.0,-0.6816056029343429,0.0,-2.3790021889501616,0.0
9.6,0.42606300272530145,0.0,-0.6863588209040509,0.0,-2.3742072293343846,0.0
9.602,0.42468553989131796,0.0,-0.6911023976643933,0.0,-2.369360988824039,0.0
9.604000000000001,0.42329859963045546,0.0,-0.6958362307094115,0.0,-2.3644635234405174,0.0
9.606,0.42190220153255614,0.0,-0.700560217646281,0.0,-2.3595148902866097,0.0
9.608,0.4204963653921299,0.0,-0.7052742561974762,0.0,-2.354515147546178,0.0
9.61,0.41908111120813263,0.0,-0.7099782442028938,0.0,-2.349464354483852,0.0
9.612,0.41765645918371175,0.0,-0.7146720796220697,0.0,-2.344362571444591,0.0
9.614,0.4162224297259825,0.0,-0.7193556605362841,0.0,-2.3392098598533613,0.0
9.616,0.4147790434457705,0.0,-0.7240288851507575,0.0,-2.33400628221467,0.0
9.618,0.4133263211573611,0.0,-0.7286916517968096,0.0,-2.3287519021121303,0.0
9.620000000000001,0.4118642838782574,0.0,-0.7333438589339849,0.0,-2.323446784208046,0.0
9.622,0.4103929528289086,0.0,-0.7379854051522403,0.0,-2.318090994242878,0.0
9.624,0.4089123494324489,0.0,-0.7426161891741039,0.0,-2.3126845990347484,0.0
9.626,0.40742249531444125,0.0,-0.7472361098567905,0.0,-2.3072276664789517,0.0
9.628,0.4059234123025895,0.0,-0.7518450661944087,0.0,-2.3017202655473454,0.0
9.63,0.4044151224264735,0.0,-0.7564429573200746,0.0,-2.2961624662878166,0.0
9.632,0.4028976479172707,0.0,-0.7610296825080661,0.0,-2.290554339823696,0.0
9.634,0.4013710112074591,0.0,-0.7656051411760046,0.0,-2.284895958353091,0.0
9.636000000000001,0.39983523493053996,0.0,-0.7701692328869691,0.0,-2.2791873951482873,0.0
9.638,0.3982903419207453,0.0,-0.7747218573516483,0.0,-2.2734287245550924,0.0
9.64,0.39673635521272854,0.0,-0.7792629144305158,0.0,-2.2676200219921023,0.0
9.642,0.3951732980412755,0.0,-0.7837923041359401,0.0,-2.261761363950041,0.0
9.644,0.39360119384099296,0.0,-0.7883099266343478,0.0,-2.2558528279910126,0.0
9.646,0.39202006624599667,0.0,-0.7928156822483616,0.0,-2.2498944927477376,0.0
9.648,0.3904299390896052,0.0,-0.797309471458927,0.0,-2.243886437922813,0.0
9.65,0.3888308364040072,0.0,-0.8017911949074857,0.0,-2.237828744287861,0.0
9.652000000000001,0.3872227824199494,0.0,-0.8062607533980781,0.0,-2.231721493682748,0.0
9.654,0.3856058015664113,0.0,-0.8107180478994845,0.0,-2.2255647690147535,0.0
9.656,0.3839799184702589,0.0,-0.8151629795473845,0.0,-2.2193586542576464,0.0
9.658,0.38234515795592466,0.0,-0.8195954496464585,0.0,-2.2131032344508585,0.0
9.66,0.3807015450450589,0.0,-0.824015359672534,0.0,-2.206798595698541,0.0
9.662,0.37904910495618765,0.0,-0.8284226112747108,0.0,-2.2004448251686415,0.0
9.664,0.37738786310436345,0.0,-0.8328171062774872,0.0,-2.1940420110919456,0.0
9.666,0.37571784510081324,0.0,-0.8371987466828859,0.0,-2.187590242761104,0.0
9.668000000000001,0.37403907675257986,0.0,-0.8415674346725747,0.0,-2.1810896105296225,0.0
9.67,0.37235158406216173,0.0,-0.8459230726099891,0.0,-2.17454020581085,0.0
9.672,0.37065539322714725,0.0,-0.8502655630424513,0.0,-2.1679421210769276,0.0
9.674,0.3689505306398453,0.0,-0.8545948087032802,0.0,-2.1612954498577253,0.0
9.676,0.367237022886905,0.0,-0.8589107125139261,0.0,-2.154600286739727,0.0
9.678,0.36551489674895143,0.0,-0.8632131775860481,0.0,-2.147856727364972,0.0
9.68,0.3637841792001881,0.0,-0.867502107223656,0.0,-2.1410648684298614,0.0
9.682,0.36204489740801843,0.0,-0.8717774049252037,0.0,-2.134224807684036,0.0
9.684000000000001,0.3602970787326524,0.0,-0.8760389743856966,0.0,-2.127336643929182,0.0
9.686,0.35854075072671154,0.0,-0.8802867194987928,0.0,-2.120400477017831,0.0
9.688,0.35677594113483024,0.0,-0.884520544358908,0.0,-2.1134164078521396,0.0
9.69,0.3550026778932524,0.0,-0.8887403532633058,0.0,-2.1063845383826414,0.0
9.692,0.3532209891294172,0.0,-0.8929460507142115,0.0,-2.0993049716069505,0.0
9.694,0.3514309031615615,0.0,-0.8971375414208721,0.0,-2.0921778115685297,0.0
9.696,0.3496324484982904,0.0,-0.9013147303016762,0.0,-2.08500316335532,0.0
9.698,0.3478256538381569,0.0,-0.9054775224862411,0.0,-2.0777811330984046,0.0
9.700000000000001,0.34601054806925086,0.0,-0.9096258233174694,0.0,-2.070511827970704,0.0
9.702,0.34418716026875673,0.0,-0.9137595383536595,0.0,-2.0631953561855396,0.0
9.704,0.34235551970252054,0.0,-0.9178785733705852,0.0,-2.055831826995228,0.0
9.706,0.3405156558246285,0.0,-0.9219828343635407,0.0,-2.0484213506897184,0.0
9.708,0.33866759827694415,0.0,-0.9260722275494587,0.0,-2.0409640385950563,0.0
9.71,0.33681137688867846,0.0,-0.9301466593689491,0.0,-2.033460003071974,0.0
9.712,0.3349470216759401,0.0,-0.9342060364883673,0.0,-2.0259093575143967,0.0
9.714,0.33307456284126713,0.0,-0.9382502658019111,0.0,-2.018312216347867,0.0
9.716000000000001,0.3311940307731906,0.0,-0.9422792544336372,0.0,-2.010668695028093,0.0
9.718,0.32930545604575656,0.0,-0.9462929097395518,0.0,-2.002978910039323,0.0
9.72,0.32740886941806135,0.0,-0.9502911393096668,0.0,-1.995242978892768,0.0
9.722,0.3255043018337962,0.0,-0.9542738509700194,0.0,-1.987461020125056,0.0
9.724,0.3235917844207518,0.0,-0.9582409527847673,0.0,-1.9796331532965197,0.0
9.726,0.3216713484903551,0.0,-0.9621923530582006,0.0,-1.971759498989607,0.0
9.728,0.31974302553718764,0.0,-0.9661279603367864,0.0,-1.9638401788072155,0.0
9.73,0.31780684723848446,0.0,-0.9700476834112348,0.0,-1.955875315370936,0.0
9.732,0.31586284545365956,0.0,-0.9739514313185039,0.0,-1.9478650323194033,0.0
9.734,0.3139110522238039,0.0,-0.9778391133438491,0.0,-1.9398094543065307,0.0
9.736,0.3119514997711873,0.0,-0.9817106390228453,0.0,-1.9317087069997478,0.0
9.738,0.309984220498757,0.0,-0.9855659181434158,0.0,-1.9235629170782278,0.0
9.74,0.30800924698963006,0.0,-0.9894048607478522,0.0,-1.9153722122310777,0.0
9.742,0.3060266120065812,0.0,-0.9932273771348351,0.0,-1.9071367211555086,0.0
9.744,0.3040363484915366,0.0,-0.9970333778614352,0.0,-1.8988565735550218,0.0
9.746,0.30203848956503815,0.0,-1.0008227737451523,0.0,-1.8905319001374705,0.0
9.748,0.3000330685257388,0.0,-1.0045954758658893,0.0,-1.8821628326132407,0.0
9.75,0.2980201188498595,0.0,-1.0083513955679861,0.0,-1.8737495036932739,0.0
9.752,0.2959996741906764,0.0,-1.0120904444621857,0.0,-1.865292047087203,0.0
9.754,0.2939717683779692,0.0,-1.0158125344276594,0.0,-1.8567905975013277,0.0
9.756,0.29193643541749115,0.0,-1.0195175776139833,0.0,-1.8482452906366709,0.0
9.758000000000001,0.2898937094904241,0.0,-1.0232054864431277,0.0,-1.8396562631869668,0.0
9.76,0.2878436249528319,0.0,-1.026876173611442,0.0,-1.831023652836641,0.0
9.762,0.28578621633510987,0.0,-1.030529552091634,0.0,-1.8223475982587667,0.0
9.764,0.2837215183414313,0.0,-1.034165535134741,0.0,-1.8136282391130008,0.0
9.766,0.2816495658491809,0.0,-1.0377840362721151,0.0,-1.8048657160434636,0.0
9.768,0.2795703939084088,0.0,-1.0413849693173647,0.0,-1.7960601706767005,0.0
9.77,0.27748403774124897,0.0,-1.0449682483683371,0.0,-1.7872117456194823,0.0
9.772,0.27539053274134856,0.0,-1.0485337878090837,0.0,-1.7783205844566563,0.0
9.774000000000001,0.27328991447330925,0.0,-1.0520815023117818,0.0,-1.7693868317490327,0.0
9.776,0.27118221867209347,0.0,-1.0556113068387156,0.0,-1.760410633031126,0.0
9.778,0.2690674812424418,0.0,-1.0591231166442154,0.0,-1.7513921348089316,0.0
9.78,0.2669457382583052,0.0,-1.0626168472765771,0.0,-1.7423314845577673,0.0
9.782,0.26481702596222795,0.0,-1.066092414580034,0.0,-1.733228830719893,0.0
9.784,0.26268138076478104,0.0,-1.0695497346966514,0.0,-1.724084322702347,0.0
9.786,0.2605388392439464,0.0,-1.0729887240682796,0.0,-1.7148981108745616,0.0
9.788,0.25838943814451554,0.0,-1.0764092994384749,0.0,-1.7056703465660397,0.0
9.790000000000001,0.25623321437750035,0.0,-1.0798113778543965,0.0,-1.6964011820640772,0.0
9.792,0.25407020501950756,0.0,-1.0831948766687405,0.0,-1.6870907706113236,0.0
9.794,0.2519004473121264,0.0,-1.0865597135416503,0.0,-1.6777392664033943,0.0
9.796,0.24972397866132906,0.0,-1.0899058064425937,0.0,-1.6683468245865372,0.0
9.798,0.24754083663682552,0.0,-1.0932330736522968,0.0,-1.6589136012550914,0.0
9.8,0.24535105897145665,0.0,-1.0965414337646129,0.0,-1.6494397534491092,0.0
9.802,0.24315468356056638,0.0,-1.0998308056884114,0.0,-1.6399254391518872,0.0
9.804,0.24095174846135362,0.0,-1.1031011086494855,0.0,-1.6303708172873956,0.0
9.806000000000001,0.2387422918922525,0.0,-1.1063522621924062,0.0,-1.6207760477178343,0.0
9.808,0.236526352232293,0.0,-1.1095841861823983,0.0,-1.611141291241093,0.0
9.81,0.23430396802044193,0.0,-1.1127968008072302,0.0,-1.6014667095881252,0.0
9.812,0.23207517795497323,0.0,-1.1159900265790534,0.0,-1.5917524654204427,0.0
9.814,0.22984002089280936,0.0,-1.119163784336275,0.0,-1.5819987223274803,0.0
9.816,0.2275985358488656,0.0,-1.122317995245405,0.0,-1.572205644823968,0.0
9.818,0.22535076199540274,0.0,-1.1254525808029014,0.0,-1.562373398347336,0.0
9.82,0.22309673866134544,0.0,-1.1285674628370281,0.0,-1.5525021492549635,0.0
9.822000000000001,0.22083650533163443,0.0,-1.131662563509676,0.0,-1.542592064821572,0.0
9.824,0.2185701016465569,0.0,-1.134737805318193,0.0,-1.5326433132365187,0.0
9.826,0.2162975674010573,0.0,-1.1377931110972326,0.0,-1.5226560636009978,0.0
9.828,0.21401894254407927,0.0,-1.14082840402055,0.0,-1.5126304859253752,0.0
9.83,0.21173426717787666,0.0,-1.143843607602832,0.0,-1.502566751126382,0.0
9.832,0.2094435815573313,0.0,-1.1468386457015007,0.0,-1.4924650310243326,0.0
9.834,0.20714692608926596,0.0,-1.1498134425185211,0.0,-1.4823254983403193,0.0
9.836,0.20484434133175378,0.0,-1.1527679226022,0.0,-1.472148326693384,0.0
9.838000000000001,0.2025358679934229,0.0,-1.1557020108489762,0.0,-1.4619336905976645,0.0
9.84,0.20022154693275926,0.0,-1.1586156325052093,0.0,-1.4516817654595298,0.0
9.842,0.1979014191574048,0.0,-1.1615087131689634,0.0,-1.4413927275746892,0.0
9.844,0.19557552582345375,0.0,-1.1643811787917766,0.0,-1.4310667541252884,0.0
9.846,0.1932439082347349,0.0,-1.1672329556804457,0.0,-1.4207040231769383,0.0
9.848,0.19090660784211821,0.0,-1.1700639704987659,0.0,-1.4103047136758504,0.0
9.85,0.18856366624277962,0.0,-1.1728741502693105,0.0,-1.3998690054457763,0.0
9.852,0.186215125179492,0.0,-1.1756634223751758,0.0,-1.389397079185065,0.0
9.854000000000001,0.18386102653989986,0.0,-1.1784317145617247,0.0,-1.378889116463639,0.0
9.856,0.18150141235579312,0.0,-1.1811789549383296,0.0,-1.368345299719963,0.0
9.858,0.1791363248023778,0.0,-1.1839050719801063,0.0,-1.357765812257997,0.0
9.86,0.17676580619754426,0.0,-1.1866099945296393,0.0,-1.347150838244128,0.0
9.862,0.174389899001121,0.0,-1.1892936517987132,0.0,-1.3365005627040387,0.0
9.864,0.17200864581415418,0.0,-1.1919559733700091,0.0,-1.325815171519684,0.0
9.866,0.16962208937814616,0.0,-1.1945968891988317,0.0,-1.3150948514260796,0.0
9.868,0.16723027257430895,0.0,-1.1972163296148117,0.0,-1.3043397900081517,0.0
9.870000000000001,0.1648332384228314,0.0,-1.1998142253235857,0.0,-1.2935501756976486,0.0
9.872,0.16243103008210755,0.0,-1.2023905074085035,0.0,-1.282726197769867,0.0
9.874,0.16002369084797985,0.0,-1.2049451073323125,0.0,-1.2718680463404461,0.0
9.876,0.15761126415299823,0.0,-1.2074779569388143,0.0,-1.260975912362225,0.0
9.878,0.15519379356562885,0.0,-1.2099889884545663,0.0,-1.2500499876218714,0.0
9.88,0.15277132278950636,0.0,-1.2124781344905224,0.0,-1.2390904647367005,0.0
9.882,0.1503438956626638,0.0,-1.2149453280436946,0.0,-1.2280975371513894,0.0
9.884,0.14791155615673882,0.0,-1.217390502498822,0.0,-1.2170713991345798,0.0
9.886000000000001,0.14547434837622442,0.0,-1.2198135916299886,0.0,-1.2060122457756786,0.0
9.888,0.14303231655766874,0.0,-1.2222145296022815,0.0,-1.1949202729814203,0.0
9.89,0.1405855050688914,0.0,-1.22459325097342,0.0,-1.1837956774725056,0.0
9.892,0.13813395840821655,0.0,-1.2269496906953647,0.0,-1.1726386567803053,0.0
9.894,0.13567772120365493,0.0,-1.2292837841159587,0.0,-1.1614494092433332,0.0
9.896,0.13321683821213018,0.0,-1.2315954669805202,0.0,-1.1502281340039122,0.0
9.898,0.13075135431868273,0.0,-1.23388467543345,0.0,-1.138975031004738,0.0
9.9,0.12828131453565159,0.0,-1.2361513460198397,0.0,-1.1276903009853325,0.0
9.902000000000001,0.12580676400188967,0.0,-1.2383954156870507,0.0,-1.1163741454786515,0.0
9.904,0.12332774798195761,0.0,-1.2406168217862938,0.0,-1.105026766807586,0.0
9.906,0.12084431186529636,0.0,-1.2428155020742253,0.0,-1.0936483680813627,0.0
9.908,0.1183565011654348,0.0,-1.2449913947144935,0.0,-1.0822391531921025,0.0
9.91,0.11586436151916438,0.0,-1.2471444382793155,0.0,-1.0707993268112226,0.0
9.912,0.11336793868571998,0.0,-1.2492745717510267,0.0,-1.0593290943858618,0.0
9.914,0.11086727854596874,0.0,-1.2513817345236251,0.0,-1.0478286621353383,0.0
9.916,0.10836242710156459,0.0,-1.2534658664043248,0.0,-1.0362982370474485,0.0
9.918000000000001,0.10585343047413853,0.0,-1.2555269076150766,0.0,-1.024738026874922,0.0
9.92,0.10334033490446795,0.0,-1.2575647987940939,0.0,-1.0131482401317795,0.0
9.922,0.10082318675162392,0.0,-1.2595794809973861,0.0,-1.001529086089581,0.0
9.924,0.0983020324921546,0.0,-1.2615708957002534,0.0,-0.9898807747738405,0.0
9.926,0.09577691871923508,0.0,-1.2635389847987997,0.0,-0.9782035169602789,0.0
9.928,0.09324789214182605,0.0,-1.265483690611428,0.0,-0.9664975241711147,0.0
9.93,0.09071499958382787,0.0,-1.2674049558803273,0.0,-0.9547630086713275,0.0
9.932,0.08817828798323162,0.0,-1.269302723772959,0.0,-0.9430001834649073,0.0
9.934000000000001,0.08563780439126684,0.0,-1.271176937883526,0.0,-0.9312092622910787,0.0
9.936,0.08309359597154674,0.0,-1.2730275422344426,0.0,-0.9193904596205136,0.0
9.938,0.08054570999921025,0.0,-1.2748544812777929,0.0,-0.9075439906515244,0.0
9.94,0.0779941938600634,0.0,-1.2766576998967807,0.0,-0.8956700713062471,0.0
9.942,0.07543909504970506,0.0,-1.278437143407179,0.0,-0.8837689182267517,0.0
9.944,0.0728804611726814,0.0,-1.280192757558756,0.0,-0.8718407487712793,0.0
9.946,0.07031833994159749,0.0,-1.2819244885367103,0.0,-0.8598857810102754,0.0
9.948,0.06775277917624523,0.0,-1.2836322829630966,0.0,-0.8479042337224968,0.0
9.950000000000001,0.06518382680274688,0.0,-1.285316087898224,0.0,-0.8358963263911868,0.0
9.952,0.06261153085265622,0.0,-1.2869758508420726,0.0,-0.8238622792000467,0.0
9.954,0.06003593946208847,0.0,-1.2886115197356887,0.0,-0.8118023130293404,0.0
9.956,0.0574571008708365,0.0,-1.2902230429625694,0.0,-0.7997166494519278,0.0
9.958,0.05487506342147425,0.0,-1.2918103693500513,0.0,-0.7876055107292369,0.0
9.96,0.0522898755584886,0.0,-1.293373448170673,0.0,-0.7754691198073631,0.0
9.962,0.04970158582736868,0.0,-1.2949122291435498,0.0,-0.7633077003129666,0.0
9.964,0.04711024287371141,0.0,-1.2964266624357301,0.0,-0.7511214765492398,0.0
9.966000000000001,0.04451589544234317,0.0,-1.2979166986635373,0.0,-0.7389106734919487,0.0
9.968,0.041918592376400936,0.0,-1.2993822888939162,0.0,-0.7266755167852783,0.0
9.97,0.039318382616429816,0.0,-1.3008233846457697,0.0,-0.7144162327377503,0.0
9.972,0.03671531519949876,0.0,-1.3022399378912712,0.0,-0.7021330483182249,0.0
9.974,0.03410943925826326,0.0,-1.3036319010571962,0.0,-0.6898261911516465,0.0
9.976,0.03150080402007587,0.0,-1.3049992270262176,0.0,-0.677495889515011,0.0
9.978,0.028889458806073173,0.0,-1.3063418691382116,0.0,-0.6651423723332204,0.0
9.98,0.026275453030241026,0.0,-1.3076597811915511,0.0,-0.6527658691748269,0.0
9.982000000000001,0.023658836198515328,0.0,-1.3089529174443852,0.0,-0.6403666102479436,0.0
9.984,0.0210396579078612,0.0,-1.3102212326159122,0.0,-0.6279448263960489,0.0
9.986,0.018417967845328405,0.0,-1.311464681887655,0.0,-0.6155007490936727,0.0
9.988,0.015793815787157273,0.0,-1.312683220904707,0.0,-0.6030346104423207,0.0
9.99,0.013167251597818471,0.0,-1.3138768057769936,0.0,-0.5905466431660767,0.0
9.992,0.010538325229103314,0.0,-1.3150453930805037,0.0,-0.5780370806074462,0.0
9.994,0.00790708671919043,0.0,-1.3161889398585258,0.0,-0.5655061567230788,0.0
9.996,0.005273586191690793,0.0,-1.3173074036228756,0.0,-0.5529541060793867,0.0
9.998,0.0026378738547307087,0.0,-1.318400742355105,0.0,-0.5403811638483388,0.0
10.0,5.143516556418883e-16,0.0,-1.319468914507713,0.0,-0.5277875658030877,0.0
10.002,-0.002639984998186402,0.0,-1.3205118790053414,0.0,-0.5151735483136414,0.0
10.004,-0.005282030683839068,0.0,-1.3215295952459662,0.0,-0.5025393483425104,0.0
10.006,-0.007926086520236785,0.0,-1.3225220231020778,0.0,-0.48988520344033937,0.0
10.008000000000001,-0.010572101890879329,0.0,-1.3234891229218513,0.0,-0.47721135174152324,0.0
10.01,-0.013220026100439451,0.0,-1.324430855530309,0.0,-0.4645180319598079,0.0
10.012,-0.015869808375717824,0.0,-1.3253471822304814,0.0,-0.45180548338387677,0.0
10.014,-0.018521397866597924,0.0,-1.3262380648045418,0.0,-0.4390739458729319,0.0
10.016,-0.02117474364701629,0.0,-1.327103465514954,0.0,-0.4263236598521989,0.0
10.018,-0.02382979471590274,0.0,-1.3279433471055904,0.0,-0.4135548663085717,0.0
10.02,-0.026486499998165748,0.0,-1.3287576728028565,0.0,-0.40076780678603463,0.0
10.022,-0.02914480834564794,0.0,-1.3295464063168003,0.0,-0.38796272338122884,0.0
10.024000000000001,-0.03180466853809658,0.0,-1.3303095118422117,0.0,-0.3751398587389362,0.0
10.026,-0.03446602928413412,0.0,-1.3310469540597112,0.0,-0.3622994560475653,0.0
10.028,-0.037128839222231105,0.0,-1.3317586981368421,0.0,-0.3494417590346177,0.0
10.03,-0.03979304692167868,0.0,-1.3324447097291316,0.0,-0.33656701196215455,0.0
10.032,-0.04245860088357666,0.0,-1.3331049549811673,0.0,-0.32367545962218247,0.0
10.034,-0.04512544954179098,0.0,-1.3337394005276424,0.0,-0.3107673473321865,0.0
10.036,-0.04779354126395445,0.0,-1.33434801349441,0.0,-0.29784292093044507,0.0
10.038,-0.050462824352449975,0.0,-1.3349307614995147,0.0,-0.28490242677143096,0.0
10.040000000000001,-0.05313324704537682,0.0,-1.3354876126542234,0.0,-0.2719461117212857,0.0
10.042,-0.05580475751755724,0.0,-1.3360185355640435,0.0,-0.25897422315309965,0.0
10.044,-0.05847730388152598,0.0,-1.3365234993297297,0.0,-0.24598700894226522,0.0
10.046,-0.061150834188500446,0.0,-1.3370024735482882,0.0,-0.23298471746192678,0.0
10.048,-0.06382529642940409,0.0,-1.3374554283139641,0.0,-0.2199675975781608,0.0
10.05,-0.06650063853584051,0.0,-1.3378823342192245,0.0,-0.20693589864539935,0.0
10.052,-0.06917680838109078,0.0,-1.3382831623557276,0.0,-0.19388987050173034,0.0
10.054,-0.07185375378113443,0.0,-1.3386578843152914,0.0,-0.18082976346408208,0.0
10.056000000000001,-0.07453142249562038,0.0,-1.3390064721908388,0.0,-0.1677558283236475,0.0
10.058,-0.07720976222889188,0.0,-1.3393288985773477,0.0,-0.15466831634104028,0.0
10.06,-0.07988872063099128,0.0,-1.3396251365727811,0.0,-0.14156747924154578,0.0
10.062,-0.08256824529864575,0.0,-1.3398951597790159,0.0,-0.1284535692104623,0.0
10.064,-0.08524828377630572,0.0,-1.3401389423027523,0.0,-0.11532683888817874,0.0
10.066,-0.08792878355713438,0.0,-1.3403564587564252,0.0,-0.10218754136548941,0.0
10.068,-0.09060969208401959,0.0,-1.340547684259095,0.0,-0.08903593017879541,0.0
10.07,-0.0932909567506078,0.0,-1.3407125944373397,0.0,-0.07587225930519198,0.0
10.072000000000001,-0.09597252490230024,0.0,-1.340851165426124,0.0,-0.06269678315774041,0.0
10.074,-0.09865434383727091,0.0,-1.3409633738696747,0.0,-0.04950975658062712,0.0
10.076,-0.10133636080750495,0.0,-1.341049196922331,0.0,-0.03631143484421828,0.0
10.078,-0.10401852301979854,0.0,-1.3411086122493967,0.0,-0.02310207364030059,0.0
10.08,-0.10670077763679225,0.0,-1.3411415980279768,0.0,-0.00988192907715535,0.0
10.082,-0.1093830717779954,0.0,-1.341148132947803,0.0,0.003348742325331333,0.0
10.084,-0.11206535252080171,0.0,-1.341128196212058,0.0,0.016589683640515163,0.0
10.086,-0.11474756690153806,0.0,-1.341081767538176,0.0,0.029840637540009207,0.0
10.088000000000001,-0.11742966191647482,0.0,-1.34100882715865,0.0,0.04310134629851359,0.0
10.09,-0.1201115845228564,0.0,-1.3409093558218124,0.0,0.056371551798748754,0.0
10.092,-0.12279328163995364,0.0,-1.3407833347926217,0.0,0.06965099553650012,0.0
10.094,-0.12547470015007547,0.0,-1.340630745853424,0.0,0.0829394186254655,0.0
10.096,-0.12815578689961618,0.0,-1.3404515713047194,0.0,0.09623656180228235,0.0
10.098,-0.13083648870008954,0.0,-1.3402457939659054,0.0,0.10954216543149431,0.0
10.1,-0.13351675232916763,0.0,-1.3400133971760186,0.0,0.12285596951054434,0.0
10.102,-0.13619652453172099,0.0,-1.3397543647944652,0.0,0.1361777136747777,0.0
10.104000000000001,-0.13887575202085992,0.0,-1.3394686812017367,0.0,0.14950713720245634,0.0
10.106,-0.14155438147897714,0.0,-1.3391563313001207,0.0,0.16284397901978132,0.0
10.108,-0.14423235955879282,0.0,-1.3388173005144042,0.0,0.1761879777059332,0.0
10.11,-0.146909632884397,0.0,-1.338451574792553,0.0,0.18953887149810178,0.0
10.112,-0.14958614805230855,0.0,-1.3380591406063995,0.0,0.20289639829660278,0.0
10.114,-0.15226185163250125,0.0,-1.3376399849523093,0.0,0.2162602956698335,0.0
10.116,-0.15493669016947317,0.0,-1.3371940953518364,0.0,0.22963030085945002,0.0
10.118,-0.15761061018329764,0.0,-1.3367214598523731,0.0,0.24300615078545418,0.0
10.120000000000001,-0.1602835581706564,0.0,-1.3362220670277933,0.0,0.25638758205119727,0.0
10.122,-0.16295548060591444,0.0,-1.3356959059790736,0.0,0.2697743309485946,0.0
10.124,-0.16562632394216406,0.0,-1.3351429663349137,0.0,0.28316613346319053,0.0
10.126,-0.16829603461228132,0.0,-1.3345632382523471,0.0,0.29656272527928895,0.0
10.128,-0.17096455902999347,0.0,-1.3339567124173304,0.0,0.30996384178514413,0.0
10.13,-0.17363184359091652,0.0,-1.333323380045342,0.0,0.32336921807800234,0.0
10.132,-0.17629783467363347,0.0,-1.3326632328819474,0.0,0.3367785889693554,0.0
10.134,-0.1789624786407558,0.0,-1.3319762632033718,0.0,0.3501916889901109,0.0
10.136000000000001,-0.18162572183996553,0.0,-1.331262463817057,0.0,0.36360825239566974,0.0
10.138,-0.1842875106050978,0.0,-1.3305218280622042,0.0,0.37702801317121093,0.0
10.14,-0.1869477912572046,0.0,-1.3297543498103064,0.0,0.39045070503688684,0.0
10.142,-0.18960651010559879,0.0,-1.328960023465684,0.0,0.40387606145292065,0.0
10.144,-0.19226361344895007,0.0,-1.328138843965986,0.0,0.41730381562497043,0.0
10.146,-0.19491904757633072,0.0,-1.327290806782703,0.0,0.4307337005092452,0.0
10.148,-0.19757275876828387,0.0,-1.3264159079216606,0.0,0.444165448817735,0.0
10.15,-0.20022469329791204,0.0,-1.3255141439234965,0.0,0.4575987930235518,0.0
10.152000000000001,-0.2028747974319274,0.0,-1.324585511864136,0.0,0.4710334653660764,0.0
10.154,-0.20552301743172374,0.0,-1.323630009355262,0.0,0.4844691978562219,0.0
10.156,-0.20816929955446883,0.0,-1.3226476345447493,0.0,0.49790572228180274,0.0
10.158,-0.21081359005414618,0.0,-1.3216383861171264,0.0,0.5113427702126518,0.0
10.16,-0.21345583518265976,0.0,-1.320602263293987,0.0,0.5247800730060601,0.0
10.162,-0.216095981190888,0.0,-1.3195392658344212,0.0,0.5382173618119641,0.0
10.164,-0.21873397432975927,0.0,-1.3184493940354274,0.0,0.5516543675782433,0.0
10.166,-0.22136976085134635,0.0,-1.3173326487322974,0.0,0.565090821056123,0.0
10.168000000000001,-0.22400328700992528,0.0,-1.3161890312990168,0.0,0.5785264528053934,0.0
10.17,-0.2266344990630524,0.0,-1.3150185436486417,0.0,0.5919609931997311,0.0
10.172,-0.22926334327266273,0.0,-1.3138211882336566,0.0,0.6053941724321278,0.0
10.174,-0.23188976590612692,0.0,-1.3125969680463387,0.0,0.6188257205201179,0.0
10.176,-0.23451371323734288,0.0,-1.3113458866191035,0.0,0.6322553673111787,0.0
10.178,-0.23713513154781343,0.0,-1.3100679480248334,0.0,0.6456828424880721,0.0
10.18,-0.23975396712772806,0.0,-1.3087631568772082,0.0,0.659107875574204,0.0
10.182,-0.24237016627704458,0.0,-1.3074315183310141,0.0,0.6725301959389902,0.0
10.184000000000001,-0.24498367530657408,0.0,-1.3060730380824483,0.0,0.6859495328032439,0.0
10.186,-0.24759444053905275,0.0,-1.3046877223694133,0.0,0.699365615244495,0.0
10.188,-0.250202408310248,0.0,-1.3032755779717908,0.0,0.7127781722024973,0.0
10.19,-0.2528075249700197,0.0,-1.301836612211718,0.0,0.7261869324845012,0.0
10.192,-0.2554097368834176,0.0,-1.300370832953847,0.0,0.7395916247707193,0.0
10.194,-0.2580089904317629,0.0,-1.2988782486055908,0.0,0.7529919776197158,0.0
10.196,-0.2606052320137347,0.0,-1.2973588681173622,0.0,0.7663877194738242,0.0
10.198,-0.2631984080464561,0.0,-1.2958127009828018,0.0,0.7797785786645641,0.0
10.200000000000001,-0.2657884649665811,0.0,-1.2942397572389932,0.0,0.7931642834180688,0.0
10.202,-0.26837534923138107,0.0,-1.2926400474666682,0.0,0.8065445618605168,0.0
10.204,-0.27095900731983313,0.0,-1.291013582790402,0.0,0.8199191420235711,0.0
10.206,-0.2735393857337051,0.0,-1.2893603748787978,0.0,0.8332877518498079,0.0
10.208,-0.27611643099865457,0.0,-1.2876804359446528,0.0,0.8466501191982247,0.0
10.21,-0.27869008966529685,0.0,-1.285973778745133,0.0,0.8600059718495865,0.0
10.212,-0.2812603083103119,0.0,-1.2842404165819135,0.0,0.873355037511981,0.0
10.214,-0.2838270335375343,0.0,-1.2824803633013162,0.0,0.886697043826288,0.0
10.216000000000001,-0.28639021197902303,0.0,-1.2806936332944514,0.0,0.9000317183715492,0.0
10.218,-0.2889497902961712,0.0,-1.278880241497328,0.0,0.9133587886705485,0.0
10.22,-0.29150571518079416,0.0,-1.277040203390951,0.0,0.9266779821952856,0.0
10.222,-0.29405793335620084,0.0,-1.2751735350014441,0.0,0.9399890263723618,0.0
10.224,-0.2966063915783133,0.0,-1.273280252900101,0.0,0.9532916485886278,0.0
10.226,-0.2991510366367278,0.0,-1.2713603742034931,0.0,0.9665855761965227,0.0
10.228,-0.30169181535582434,0.0,-1.269413916573506,0.0,0.9798705365196768,0.0
10.23,-0.30422867459585906,0.0,-1.2674408982174032,0.0,0.9931462568584246,0.0
10.232000000000001,-0.3067615612540351,0.0,-1.2654413378878722,0.0,1.0064124644952093,0.0
10.234,-0.309290422265613,0.0,-1.263415254883045,0.0,1.019668886700201,0.0
10.236,-0.31181520460500073,0.0,-1.2613626690465163,0.0,1.0329152507368091,0.0
10.238,-0.3143358552868253,0.0,-1.259283600767369,0.0,1.046151283867104,0.0
10.24,-0.31685232136705077,0.0,-1.2571780709801432,0.0,1.0593767133574845,0.0
10.242,-0.3193645499440503,0.0,-1.255046101164846,0.0,1.0725912664841095,0.0
10.244,-0.3218724881596964,0.0,-1.2528877133469218,0.0,1.085794670538428,0.0
10.246,-0.32437608320046957,0.0,-1.2507029300972017,0.0,1.098986652832813,0.0
10.248,-0.32687528229852936,0.0,-1.2484917745318722,0.0,1.1121669407059946,0.0
10.25,-0.32937003273281545,0.0,-1.2462542703124118,0.0,1.125335261528663,0.0
10.252,-0.3318602818301374,0.0,-1.243990441645518,0.0,1.138491342709011,0.0
10.254,-0.3343459769662551,0.0,-1.2417003132830373,0.0,1.1516349116982343,0.0
10.256,-0.3368270655669898,0.0,-1.239383910521856,0.0,1.1647656959961927,0.0
10.258000000000001,-0.33930349510929464,0.0,-1.2370412592038103,0.0,1.1778834231568682,0.0
10.26,-0.3417752131223462,0.0,-1.234672385715579,0.0,1.1909878207939322,0.0
10.262,-0.3442421671886504,0.0,-1.2322773169885346,0.0,1.2040786165863937,0.0
10.264,-0.34670430494511306,0.0,-1.2298560804986312,0.0,1.2171555382840695,0.0
10.266,-0.34916157408413795,0.0,-1.2274087042662452,0.0,1.2302183137131968,0.0
10.268,-0.3516139223547143,0.0,-1.224935216856021,0.0,1.2432666707819997,0.0
10.27,-0.35406129756350396,0.0,-1.222435647376696,0.0,1.2563003374862527,0.0
10.272,-0.35650364757593145,0.0,-1.2199100254809283,0.0,1.2693190419148694,0.0
10.274000000000001,-0.3589409203172691,0.0,-1.2173583813650977,0.0,1.282322512255465,0.0
10.276,-0.3613730637737264,0.0,-1.2147807457691062,0.0,1.2953104767999464,0.0
10.278,-0.3638000259935355,0.0,-1.212177149976163,0.0,1.3082826639500866,0.0
10.28,-0.36622175508803667,0.0,-1.2095476258125621,0.0,1.3212388022231019,0.0
10.282,-0.3686381992327727,0.0,-1.2068922056474323,0.0,1.3341786202572814,0.0
10.284,-0.37104930666855634,0.0,-1.204210922392516,0.0,1.347101846817477,0.0
10.286,-0.3734550257025719,0.0,-1.201503809501886,0.0,1.360008210800778,0.0
10.288,-0.3758553047094588,0.0,-1.198770900971677,0.0,1.3728974412421,0.0
10.290000000000001,-0.3782500921323808,0.0,-1.1960122313398276,0.0,1.3857692673196884,0.0
10.292,-0.38063933648412474,0.0,-1.193227835685759,0.0,1.398623418360799,0.0
10.294,-0.38302298634817744,0.0,-1.190417749630091,0.0,1.411459623847256,0.0
10.296,-0.3854009903798047,0.0,-1.1875820093343181,0.0,1.424277613421026,0.0
10.298,-0.387773297307144,0.0,-1.1847206515004802,0.0,1.4370771168898766,0.0
10.3,-0.390139855932266,0.0,-1.1818337133708439,0.0,1.4498578642328614,0.0
10.302,-0.3925006151322713,0.0,-1.1789212327275354,0.0,1.462619585606009,0.0
10.304,-0.39485552386036954,0.0,-1.175983247892178,0.0,1.4753620113479122,0.0
10.306000000000001,-0.3972045311469425,0.0,-1.1730197977255485,0.0,1.4880848719852422,0.0
10.308,-0.3995475861006369,0.0,-1.170030921627167,0.0,1.5007878982384222,0.0
10.31,-0.40188463790944334,0.0,-1.1670166595349087,0.0,1.513470821027235,0.0
10.312,-0.4042156358417526,0.0,-1.1639770519246222,0.0,1.5261333714763066,0.0
10.314,-0.40654052924745837,0.0,-1.1609121398096804,0.0,1.538775280920851,0.0
10.316,-0.4088592675590119,0.0,-1.1578219647405765,0.0,1.5513962809121562,0.0
10.318,-0.4111718002924975,0.0,-1.1547065688044902,0.0,1.563996103223187,0.0
10.32,-0.4134780770487205,0.0,-1.1515659946248116,0.0,1.5765744798542614,0.0
10.322000000000001,-0.4157780475142637,0.0,-1.1484002853607067,0.0,1.5891311430385575,0.0
10.324,-0.4180716614625582,0.0,-1.145209484706646,0.0,1.6016658252477063,0.0
10.326,-0.42035886875497125,0.0,-1.1419936368918941,0.0,1.614178259197479,0.0
10.328,-0.4226396193418493,0.0,-1.1387527866800575,0.0,1.6266681778532357,0.0
10.33,-0.4249138632636115,0.0,-1.1354869793685385,0.0,1.639135314435653,0.0
10.332,-0.42718155065180086,0.0,-1.132196260788046,0.0,1.6515794024262243,0.0
10.334,-0.42944263173014824,0.0,-1.1288806773020685,0.0,1.664000175572835,0.0
10.336,-0.43169705681565584,0.0,-1.1255402758063129,0.0,1.6763973678954522,0.0
10.338000000000001,-0.43394477631964207,0.0,-1.1221751037281746,0.0,1.6887707136915993,0.0
10.34,-0.43618574074880756,0.0,-1.1187852090261834,0.0,1.7011199475419585,0.0
10.342,-0.43841990070631026,0.0,-1.1153706401894006,0.0,1.7134448043160244,0.0
10.344,-0.44064720689280956,0.0,-1.1119314462368672,0.0,1.7257450191775938,0.0
10.346,-0.4428676101075344,0.0,-1.1084676767169959,0.0,1.7380203275903854,0.0
10.348,-0.4450810612493393,0.0,-1.104979381706966,0.0,1.7502704653236085,0.0
10.35,-0.44728751131776073,0.0,-1.101466611812108,0.0,1.7624951684575283,0.0
10.352,-0.4494869114140747,0.0,-1.0979294181652777,0.0,1.7746941733890456,0.0
10.354000000000001,-0.4516792127423505,0.0,-1.0943678524262117,0.0,1.7868672168372624,0.0
10.356,-0.4538643666104971,0.0,-1.0907819667808933,0.0,1.7990140358490079,0.0
10.358,-0.4560423244313309,0.0,-1.0871718139408633,0.0,1.8111343678044884,0.0
10.36,-0.45821303772361016,0.0,-1.0835374471425745,0.0,1.8232279504227584,0.0
10.362,-0.46037645811309125,0.0,-1.0798789201466956,0.0,1.8352945217673144,0.0
10.364,-0.4625325373335764,0.0,-1.0761962872374198,0.0,1.847333820251649,0.0
10.366,-0.46468122722795846,0.0,-1.0724896032217575,0.0,1.859345584644792,0.0
10.368,-0.466822479749267,0.0,-1.0687589234288224,0.0,1.8713295540768617,0.0
10.370000000000001,-0.4689562469617113,0.0,-1.0650043037091017,0.0,1.8832854680446074,0.0
10.372,-0.4710824810417214,0.0,-1.0612258004337158,0.0,1.8952130664169426,0.0
10.374,-0.4732011342789915,0.0,-1.0574234704936745,0.0,1.9071120894404956,0.0
10.376,-0.4753121590775134,0.0,-1.0535973712991116,0.0,1.918982277745111,0.0
10.378,-0.47741550795662574,0.0,-1.0497475607785027,0.0,1.930823372349448,0.0
10.38,-0.47951113355203107,0.0,-1.045874097377911,0.0,1.9426351146663898,0.0
10.382,-0.48159898861684636,0.0,-1.0419770400601658,0.0,1.9544172465086624,0.0
10.384,-0.4836790260226347,0.0,-1.0380564483040564,0.0,1.9661695100943424,0.0
10.386000000000001,-0.4857511987604233,0.0,-1.0341123821035463,0.0,1.977891648052292,0.0
10.388,-0.4878154599417453,0.0,-1.0301449019669149,0.0,1.9895834034277389,0.0
10.39,-0.48987176279967004,0.0,-1.0261540689159216,0.0,2.001244519687791,0.0
10.392,-0.49192006068981103,0.0,-1.0221399444849872,0.0,2.0128747407268297,0.0
10.394,-0.4939603070913761,0.0,-1.018102590720286,0.0,2.024473810872153,0.0
10.396,-0.49599245560816474,0.0,-1.0140420701789237,0.0,2.0360414748893167,0.0
10.398,-0.498016459969606,0.0,-1.0099584459280213,0.0,2.047577477987713,0.0
10.4,-0.5000322740317767,0.0,-1.0058517815438228,0.0,2.059081565826046,0.0
10.402000000000001,-0.5020398517784057,0.0,-1.0017221411108215,0.0,2.070553484517725,0.0
10.404,-0.5040391473219026,0.0,-0.9975695892208141,0.0,2.0819929806364126,0.0
10.406,-0.5060301149043718,0.0,-0.9933941909719749,0.0,2.0933998012214836,0.0
10.408,-0.5080127088986093,0.0,-0.989196011967954,0.0,2.1047736937833985,0.0
10.41,-0.509986883809133,0.0,-0.9849751183168797,0.0,2.116114406309267,0.0
10.412,-0.5119525942731771,0.0,-0.9807315766304355,0.0,2.1274216872682166,0.0
10.414,-0.5139097950616962,0.0,-0.976465454022891,0.0,2.1386952856168184,0.0
10.416,-0.5158584410803858,0.0,-0.97217681811009,0.0,2.1499349508046137,0.0
10.418000000000001,-0.5177984873706679,0.0,-0.9678657370084888,0.0,2.161140432779446,0.0
10.42,-0.5197298891106937,0.0,-0.9635322793341576,0.0,2.1723114819928933,0.0
10.422,-0.5216526016163547,0.0,-0.9591765142017287,0.0,2.1834478494057574,0.0
10.424,-0.523566580342259,0.0,-0.9547985112234294,0.0,2.1945492864933542,0.0
10.426,-0.5254717808827447,0.0,-0.9503983405079907,0.0,2.205615545251031,0.0
10.428,-0.5273681589728596,0.0,-0.9459760726596395,0.0,2.2166463781994787,0.0
10.43,-0.5292556704893495,0.0,-0.9415317787770427,0.0,2.227641538390121,0.0
10.432,-0.5311342714516607,0.0,-0.937065530452208,0.0,2.2386007794105724,0.0
10.434000000000001,-0.5330039180229104,0.0,-0.9325773997694363,0.0,2.249523855389922,0.0
10.436,-0.5348645665108726,0.0,-0.9280674593042372,0.0,2.2604105210041165,0.0
10.438,-0.5367161733689706,0.0,-0.9235357821221939,0.0,2.2712605314813805,0.0
10.44,-0.5385586951972423,0.0,-0.9189824417778915,0.0,2.2820736426074877,0.0
10.442,-0.5403920887433248,0.0,-0.9144075123137779,0.0,2.292849610731147,0.0
10.444,-0.5422163109034263,0.0,-0.9098110682590365,0.0,2.3035881927693285,0.0
10.446,-0.5440313187232996,0.0,-0.9051931846284431,0.0,2.3142891462125896,0.0
10.448,-0.5458370693992116,0.0,-0.9005539369212155,0.0,2.3249522291303975,0.0
10.450000000000001,-0.5476335202789112,0.0,-0.8958934011198492,0.0,2.335577200176437,0.0
10.452,-0.5494206288625939,0.0,-0.8912116536889418,0.0,2.346163818593915,0.0
10.454,-0.5511983528038671,0.0,-0.8865087715740136,0.0,2.3567118442208623,0.0
10.456,-0.5529666499107055,0.0,-0.8817848322003105,0.0,2.367221037495397,0.0
10.458,-0.5547254781464209,0.0,-0.8770399134715844,0.0,2.3776911594610626,0.0
10.46,-0.5564747956306002,0.0,-0.8722740937689126,0.0,2.388121971772,0.0
10.462,-0.5582145606400749,0.0,-0.8674874519494333,0.0,2.3985132366982986,0.0
10.464,-0.5599447316098642,0.0,-0.8626800673451287,0.0,2.408864717131206,0.0
10.466000000000001,-0.5616652671341257,0.0,-0.8578520197615729,0.0,2.4191761765883792,0.0
10.468,-0.5633761259670992,0.0,-0.8530033894766733,0.0,2.4294473792191154,0.0
10.47,-0.5650772670240536,0.0,-0.8481342572394039,0.0,2.4396780898095876,0.0
10.472,-0.5667686493822227,0.0,-0.843244704268528,0.0,2.4498680737880365,0.0
10.474,-0.5684502322817532,0.0,-0.8383348122512904,0.0,2.460017097230031,0.0
10.476,-0.5701219751266244,0.0,-0.8334046633421573,0.0,2.4701249268635745,0.0
10.478,-0.5717838374855958,0.0,-0.82845434016147,0.0,2.480191330074375,0.0
10.48,-0.5734357790931356,0.0,-0.8234839257941239,0.0,2.49021607491101,0.0
10.482000000000001,-0.5750777598503376,0.0,-0.8184935037882748,0.0,2.5001989300900322,0.0
10.484,-0.5767097398258583,0.0,-0.8134831581539612,0.0,2.510139665001196,0.0
10.486,-0.5783316792568379,0.0,-0.8084529733617515,0.0,2.520038049712603,0.0
10.488,-0.5799435385498097,0.0,-0.8034030343414247,0.0,2.529893854975762,0.0
10.49,-0.5815452782816322,0.0,-0.79833342648054,0.0,2.539706852230827,0.0
10.492,-0.583136859200392,0.0,-0.7932442356230955,0.0,2.5494768136116326,0.0
10.494,-0.5847182422263161,0.0,-0.7881355480681366,0.0,2.5592035119508063,0.0
10.496,-0.5862893884526913,0.0,-0.7830074505683112,0.0,2.5688867207849335,0.0
10.498,-0.5878502591467526,0.0,-0.7778600303285188,0.0,2.578526214359534,0.0
10.5,-0.5894008157506048,0.0,-0.7726933750044263,0.0,2.588121767634249,0.0
10.502,-0.5909410198821089,0.0,-0.7675075727010743,0.0,2.5976731562878217,0.0
10.504,-0.5924708333357815,0.0,-0.7623027119714365,0.0,2.6071801567231603,0.0
10.506,-0.593990218083699,0.0,-0.7570788818149262,0.0,2.6166425460724385,0.0
10.508000000000001,-0.5954991362763777,0.0,-0.7518361716759718,0.0,2.626060102202058,0.0
10.51,-0.5969975502436635,0.0,-0.7465746714425436,0.0,2.6354326037176734,0.0
10.512,-0.5984854224956275,0.0,-0.7412944714446315,0.0,2.644759829969256,0.0
10.514,-0.5999627157234364,0.0,-0.735995662452793,0.0,2.654041561056021,0.0
10.516,-0.6014293928002395,0.0,-0.7306783356766315,0.0,2.663277577831448,0.0
10.518,-0.602885416782042,0.0,-0.7253425827632833,0.0,2.6724676619082404,0.0
10.52,-0.6043307509085802,0.0,-0.7199884957958966,0.0,2.68161159566329,0.0
10.522,-0.6057653586041916,0.0,-0.7146161672920974,0.0,2.6907091622426202,0.0
10.524000000000001,-0.6071892034786828,0.0,-0.7092256902024422,0.0,2.6997601455663323,0.0
10.526,-0.6086022493281893,0.0,-0.7038171579088871,0.0,2.70876433033349,0.0
10.528,-0.6100044601360465,0.0,-0.6983906642231793,0.0,2.7177215020270995,0.0
10.53,-0.6113958000736377,0.0,-0.6929463033853305,0.0,2.7266314469189417,0.0
10.532,-0.6127762335012547,0.0,-0.6874841700620118,0.0,2.7354939520744894,0.0
10.534,-0.6141457249689475,0.0,-0.6820043593449653,0.0,2.744308805357775,0.0
10.536,-0.6155042392173727,0.0,-0.6765069667494016,0.0,2.7530757954362426,0.0
10.538,-0.6168517411786414,0.0,-0.6709920882123908,0.0,2.7617947117856128,0.0
10.540000000000001,-0.6181881959771571,0.0,-0.6654598200912374,0.0,2.7704653446946943,0.0
10.542,-0.6195135689304583,0.0,-0.6599102591618524,0.0,2.7790874852702228,0.0
10.544,-0.6208278255500518,0.0,-0.6543435026171107,0.0,2.7876609254416587,0.0
10.546,-0.6221309315422452,0.0,-0.6487596480652069,0.0,2.7961854579659784,0.0
10.548,-0.6234228528089799,0.0,-0.6431587935279706,0.0,2.8046608764324854,0.0
10.55,-0.6247035554486481,0.0,-0.6375410374392451,0.0,2.813086975267515,0.0
10.552,-0.6259730057569219,0.0,-0.6319064786431657,0.0,2.8214635497392426,0.0
10.554,-0.6272311702275751,0.0,-0.6262552163924724,0.0,2.8297903959624295,0.0
10.556000000000001,-0.6284780155532874,0.0,-0.620587350346852,0.0,2.8380673109030825,0.0
10.558,-0.6297135086264662,0.0,-0.6149029805711907,0.0,2.84629409238323,0.0
10.56,-0.6309376165400553,0.0,-0.6092022075338566,0.0,2.854470539085615,0.0
10.562,-0.6321503065883317,0.0,-0.6034851321050205,0.0,2.8625964505583212,0.0
10.564,-0.633351546267719,0.0,-0.5977518555548501,0.0,2.8706716272195267,0.0
10.566,-0.6345413032775745,0.0,-0.5920024795518362,0.0,2.878695870362078,0.0
10.568,-0.6357195455209916,0.0,-0.5862371061609903,0.0,2.8866689821581795,0.0
10.57,-0.636886241105591,0.0,-0.580455837842083,0.0,2.894590765664027,0.0
10.572000000000001,-0.638041358344302,0.0,-0.5746587774479128,0.0,2.902461024824361,0.0
10.574,-0.6391848657561524,0.0,-0.5688460282224816,0.0,2.910279564477116,0.0
10.576,-0.6403167320670514,0.0,-0.5630176937992054,0.0,2.918046190358006,0.0
10.578,-0.641436926210556,0.0,-0.5571738781991589,0.0,2.9257607091050226,0.0
10.58,-0.6425454173286588,0.0,-0.5513146858292027,0.0,2.9334229282630804,0.0
10.582,-0.6436421747725459,0.0,-0.5454402214802104,0.0,2.94103265628848,0.0
10.584,-0.6447271681033673,0.0,-0.5395505903252427,0.0,2.948589702553441,0.0
10.586,-0.6458003670930027,0.0,-0.533645897917667,0.0,2.9560938773506487,0.0
10.588000000000001,-0.6468617417248167,0.0,-0.5277262501893558,0.0,2.9635449918977006,0.0
10.59,-0.6479112621944105,0.0,-0.5217917534488321,0.0,2.9709428583415702,0.0
10.592,-0.6489488989103843,0.0,-0.5158425143793584,0.0,2.978287289763131,0.0
10.594,-0.6499746224950711,0.0,-0.5098786400371358,0.0,2.985578100181506,0.0
10.596,-0.6509884037852937,0.0,-0.5039002378493522,0.0,2.9928151045585847,0.0
10.598,-0.6519902138330951,0.0,-0.4979074156123391,0.0,2.999998118803368,0.0
10.6,-0.6529800239064779,0.0,-0.4919002814896743,0.0,3.0071269597763743,0.0
10.602,-0.6539578054901406,0.0,-0.4858789440102299,0.0,3.0142014452940518,0.0
10.604000000000001,-0.6549235302862016,0.0,-0.47984351206630005,0.0,3.021221394133103,0.0
10.606,-0.655877170214924,0.0,-0.4737940949116769,0.0,3.028186626034825,0.0
10.608,-0.6568186974154415,0.0,-0.46773080215967183,0.0,3.0350969617094803,0.0
10.61,-0.6577480842464704,0.0,-0.4616537437812229,0.0,3.0419522228405635,0.0
10.612,-0.6586653032870253,0.0,-0.4555630301029195,0.0,3.0487522320891163,0.0
10.614,-0.6595703273371282,0.0,-0.44945877180504795,0.0,3.0554968130980025,0.0
10.616,-0.6604631294185126,0.0,-0.443341079919623,0.0,3.062185790496166,0.0
10.618,-0.6613436827753284,0.0,-0.4372100658284128,0.0,3.068818989902881,0.0
10.620000000000001,-0.6622119608748346,0.0,-0.43106584126095204,0.0,3.0753962379319666,0.0
10.622,-0.6630679374080971,0.0,-0.4249085182925503,0.0,3.08191736219601,0.0
10.624,-0.663911586290676,0.0,-0.4187382093422898,0.0,3.088382191310547,0.0
10.626,-0.6647428816633109,0.0,-0.4125550271710199,0.0,3.0947905548982377,0.0
10.628,-0.6655617978926056,0.0,-0.4063590848793144,0.0,3.101142283593046,0.0
10.63,-0.6663683095717001,0.0,-0.4001504959054943,0.0,3.107437209044328,0.0
10.632,-0.667162391520948,0.0,-0.3939293740235426,0.0,3.1136751639210023,0.0
10.634,-0.6679440187885864,0.0,-0.38769583334108754,0.0,3.119855981915639,0.0
10.636000000000001,-0.6687131666513977,0.0,-0.381449988297344,0.0,3.125979497748529,0.0
10.638,-0.6694698106153735,0.0,-0.37519195366105595,0.0,3.1320455471717756,0.0
10.64,-0.6702139264163706,0.0,-0.3689218445284276,0.0,3.1380539669733265,0.0
10.642,-0.670945490020763,0.0,-0.36263977632105326,0.0,3.144004594981008,0.0
10.644,-0.6716644776260942,0.0,-0.3563458647838079,0.0,3.1498972700665577,0.0
10.646,-0.6723708656617157,0.0,-0.35004022598280665,0.0,3.155731832149579,0.0
10.648,-0.6730646307894323,0.0,-0.3437229763032587,0.0,3.161508122201551,0.0
10.65,-0.6737457499041375,0.0,-0.33739423244735955,0.0,3.167225982249786,0.0
10.652000000000001,-0.6744142001344425,0.0,-0.3310541114322223,0.0,3.1728852553813356,0.0
10.654,-0.6750699588433062,0.0,-0.3247027305877069,0.0,3.1784857857469397,0.0
10.656,-0.6757130036286605,0.0,-0.3183402075542899,0.0,3.184027418564937,0.0
10.658,-0.6763433123240232,0.0,-0.31196666028097597,0.0,3.1895100001250967,0.0
10.66,-0.676960862999121,0.0,-0.3055822070230802,0.0,3.1949333777925473,0.0
10.662,-0.6775656339604929,0.0,-0.29918696634012343,0.0,3.2002974000115705,0.0
10.664,-0.6781576037520991,0.0,-0.29278105709367197,0.0,3.205601916309433,0.0
10.666,-0.6787367511559259,0.0,-0.28636459844511436,0.0,3.2108467773002283,0.0
10.668000000000001,-0.6793030551925782,0.0,-0.2799377098535582,0.0,3.216031834688611,0.0
10.67,-0.6798564951218744,0.0,-0.27350051107359163,0.0,3.2211569412735903,0.0
10.672,-0.680397050443439,0.0,-0.26705312215309224,0.0,3.226221950952297,0.0
10.674,-0.6809247008972794,0.0,-0.2605956634310784,0.0,3.231226718723648,0.0
10.676,-0.6814394264643743,0.0,-0.2541282555354292,0.0,3.236171100692128,0.0
10.678,-0.6819412073672424,0.0,-0.24765101938072187,0.0,3.241054954071422,0.0
10.68,-0.6824300240705174,0.0,-0.24116407616600982,0.0,3.245878137188097,0.0
10.682,-0.6829058572815142,0.0,-0.23466754737254575,0.0,3.2506405094852724,0.0
10.684000000000001,-0.68336868795079,0.0,-0.2281615547615923,0.0,3.255341931526214,0.0
10.686,-0.683818497272702,0.0,-0.22164622037217846,0.0,3.2599822649979497,0.0
10.688,-0.6842552666859631,0.0,-0.21512166651880055,0.0,3.26456137271488,0.0
10.69,-0.6846789778741872,0.0,-0.20858801578921693,0.0,3.26907911862231,0.0
10.692,-0.6850896127664355,0.0,-0.20204539104215619,0.0,3.273535367800012,0.0
10.694,-0.6854871535377568,0.0,-0.19549391540504465,0.0,3.277929986465758,0.0
10.696,-0.6858715826097191,0.0,-0.18893371227175348,0.0,3.2822628419787923,0.0
10.698,-0.6862428826509457,0.0,-0.18236490530025906,0.0,3.286533802843366,0.0
10.700000000000001,-0.6866010365776357,0.0,-0.17578761841039725,0.0,3.2907427387121517,0.0
10.702,-0.6869460275540888,0.0,-0.16920197578156335,0.0,3.2948895203897046,0.0
10.704,-0.6872778389932214,0.0,-0.16260810185035685,0.0,3.2989740198358932,0.0
10.706,-0.6875964545570774,0.0,-0.1560061213083206,0.0,3.302996110169281,0.0
10.708,-0.6879018581573378,0.0,-0.14939615909959347,0.0,3.3069556656705146,0.0
10.71,-0.6881940339558223,0.0,-0.1427783404185883,0.0,3.310852561785681,0.0
10.712,-0.6884729663649867,0.0,-0.13615279070765735,0.0,3.314686675129635,0.0
10.714,-0.6887386400484196,0.0,-0.12951963565475177,0.0,3.3184578834893323,0.0
10.716000000000001,-0.6889910399213268,0.0,-0.12287900119107394,0.0,3.322166065827096,0.0
10.718,-0.6892301511510195,0.0,-0.11623101348872339,0.0,3.3258111022839136,0.0
10.72,-0.689455959157391,0.0,-0.10957579895833641,0.0,3.329392874182669,0.0
10.722,-0.6896684496133932,0.0,-0.10291348424672431,0.0,3.3329112640313787,0.0
10.724,-0.6898676084455057,0.0,-0.09624419623447292,0.0,3.336366155526403,0.0
10.726,-0.6900534218342003,0.0,-0.08956806203361681,0.0,3.3397574335556075,0.0
10.728,-0.6902258762144032,0.0,-0.08288520898520443,0.0,3.343084984201554,0.0
10.73,-0.6903849582759495,0.0,-0.07619576465690561,0.0,3.34634869474463,0.0
10.732000000000001,-0.6905306549640342,0.0,-0.06949985684066137,0.0,3.3495484536661535,0.0
10.734,-0.6906629534796577,0.0,-0.06279761355022502,0.0,3.352684150651483,0.0
10.736,-0.6907818412800696,0.0,-0.05608916301877792,0.0,3.3557556765930947,0.0
10.738,-0.6908873060792009,0.0,-0.04937463369651217,0.0,3.3587629235936167,0.0
10.74,-0.6909793358481001,0.0,-0.04265415424818038,0.0,3.3617057849688816,0.0
10.742,-0.6910579188153563,0.0,-0.03592785355072024,0.0,3.364584155250901,0.0
10.744,-0.6911230434675235,0.0,-0.02919586069077046,0.0,3.367397930190877,0.0
10.746,-0.6911746985495357,0.0,-0.022458304962229544,0.0,3.370147006762156,0.0
10.748000000000001,-0.6912128730651214,0.0,-0.015715315863856966,0.0,3.372831283163154,0.0
10.75,-0.6912375562772077,0.0,-0.008967023096772025,0.0,3.375450658820283,0.0
10.752,-0.6912487377083255,0.0,-0.00221355656199404,0.0,3.3780050343908505,0.0
10.754,-0.6912464071410052,0.0,0.004544953641967109,0.0,3.3804943117659056,0.0
10.756,-0.6912305546181697,0.0,0.011308377221658311,0.0,3.3829183940731133,0.0
10.758000000000001,-0.6912011704435211,0.0,0.018076583691103876,0.0,3.3852771856795543,0.0
10.76,-0.6911582451819254,0.0,0.024849442374288128,0.0,3.3875705921945336,0.0
10.762,-0.6911017696597863,0.0,0.0316268224076964,0.0,3.3897985204723637,0.0
10.764,-0.6910317349654227,0.0,0.03840859274272665,0.0,3.3919608786151074,0.0
10.766,-0.6909481324494312,0.0,0.045194622148268776,0.0,3.394057575975315,0.0
10.768,-0.6908509537250523,0.0,0.051984779213154475,0.0,3.396088523158727,0.0
10.77,-0.6907401906685277,0.0,0.0587789323486658,0.0,3.3980536320269525,0.0
10.772,-0.6906158354194495,0.0,0.06557694979109896,0.0,3.399952815700141,0.0
10.774000000000001,-0.6904778803811121,0.0,0.07237869960423485,0.0,3.4017859885596073,0.0
10.776,-0.6903263182208523,0.0,0.07918404968186374,0.0,3.4035530662504394,0.0
10.778,-0.6901611418703874,0.0,0.08599286775036516,0.0,3.405253965684106,0.0
10.78,-0.6899823445261458,0.0,0.09280502137118765,0.0,3.406888605040994,0.0
10.782,-0.689789919649598,0.0,0.09962037794341777,0.0,3.408456903772971,0.0
10.784,-0.689583860967575,0.0,0.10643880470631872,0.0,3.409958782605885,0.0
10.786,-0.6893641624725875,0.0,0.11326016874188197,0.0,3.4113941635420684,0.0
10.788,-0.6891308184231373,0.0,0.1200843369773818,0.0,3.412762969862794,0.0
10.790000000000001,-0.6888838233440248,0.0,0.1269111761879364,0.0,3.4140651261307315,0.0
10.792,-0.6886231720266485,0.0,0.13374055299907217,0.0,3.4153005581923495,0.0
10.794,-0.6883488595293059,0.0,0.14057233388929505,0.0,3.416469193180332,0.0
10.796,-0.6880608811774799,0.0,0.147406385192658,0.0,3.4175709595159223,0.0
10.798,-0.6877592325641284,0.0,0.15424257310137002,0.0,3.418605786911294,0.0
10.8,-0.6874439095499655,0.0,0.16108076366832355,0.0,3.4195736063718547,0.0
10.802,-0.6871149082637358,0.0,0.1679208228097396,0.0,3.4204743501985493,0.0
10.804,-0.6867722251024859,0.0,0.17476261630773243,0.0,3.42130795199013,0.0
10.806000000000001,-0.6864158567318305,0.0,0.1816060098129139,0.0,3.4220743466454047,0.0
10.808,-0.6860458000862121,0.0,0.1884508688469952,0.0,3.4227734703654575,0.0
10.81,-0.6856620523691569,0.0,0.19529705880539383,0.0,3.4234052606558465,0.0
10.812,-0.6852646110535243,0.0,0.2021444449598393,0.0,3.423969656328776,0.0
10.814,-0.6848534738817502,0.0,0.2089928924610157,0.0,3.4244665975052433,0.0
10.816,-0.6844286388660913,0.0,0.2158422663411271,0.0,3.4248960256171617,0.0
10.818,-0.6839901042888534,0.0,0.22269243151657006,0.0,3.425257883409456,0.0
10.82,-0.6835378687026233,0.0,0.22954325279056287,0.0,3.4255521149421377,0.0
10.822000000000001,-0.6830719309304942,0.0,0.23639459485572678,0.0,3.425778665592345,0.0
10.824,-0.6825922900662815,0.0,0.24324632229677356,0.0,3.4259374820563737,0.0
10.826,-0.6820989454747346,0.0,0.250098299593144,0.0,3.426028512351659,0.0
10.828,-0.6815918967917519,0.0,0.2569503911215988,0.0,3.4260517058187645,0.0
10.83,-0.6810711439245739,0.0,0.26380246115894257,0.0,3.4260070131233085,0.0
10.832,-0.6805366870519879,0.0,0.2706543738846217,0.0,3.425894386257897,0.0
10.834,-0.679988526624518,0.0,0.2775059933833791,0.0,3.4257137785440106,0.0
10.836,-0.6794266633646084,0.0,0.2843571836479708,0.0,3.425465144633875,0.0
10.838000000000001,-0.678851098266811,0.0,0.29120780858175,0.0,3.4251484405123014,0.0
10.84,-0.6782618325979562,0.0,0.2980577320013903,0.0,3.4247636234985057,0.0
10.842,-0.6776588678973244,0.0,0.3049068176395566,0.0,3.4243106522478968,0.0
10.844,-0.6770422059768164,0.0,0.3117549291475234,0.0,3.423789486753848,0.0
10.846,-0.676411848921105,0.0,0.31860193009793,0.0,3.4232000883494234,0.0
10.848,-0.675767799087796,0.0,0.3254476839874062,0.0,3.422542419709103,0.0
10.85,-0.6751100591075788,0.0,0.3322920542392579,0.0,3.42181644485047,0.0
10.852,-0.6744386318843615,0.0,0.33913490420620235,0.0,3.421022129135855,0.0
10.854000000000001,-0.6737535205954188,0.0,0.34597609717301225,0.0,3.4201594392739945,0.0
10.856,-0.6730547286915217,0.0,0.3528154963592083,0.0,3.4192283433216204,0.0
10.858,-0.6723422598970636,0.0,0.3596529649218075,0.0,3.418228810685057,0.0
10.86,-0.6716161182101842,0.0,0.3664883659579674,0.0,3.4171608121217596,0.0
10.862,-0.6708763079028881,0.0,0.37332156250772025,0.0,3.416024319741868,0.0
10.864,-0.6701228335211521,0.0,0.3801524175566759,0.0,3.414819307009683,0.0
10.866,-0.6693556998850382,0.0,0.38698079403870755,0.0,3.4135457487451704,0.0
10.868,-0.668574912088785,0.0,0.3938065548387175,0.0,3.4122036211253857,0.0
10.870000000000001,-0.6677804755009106,0.0,0.4006295627953048,0.0,3.4107929016859178,0.0
10.872,-0.6669723957643017,0.0,0.4074496807034818,0.0,3.4093135693222796,0.0
10.874,-0.6661506787962928,0.0,0.41426677131744677,0.0,3.4077656042912747,0.0
10.876,-0.6653153307887498,0.0,0.4210806973532515,0.0,3.406148988212343,0.0
10.878,-0.6644663582081439,0.0,0.4278913214915565,0.0,3.4044637040688883,0.0
10.88,-0.663603767795616,0.0,0.4346985063803532,0.0,3.4027097362095517,0.0
10.882,-0.6627275665670428,0.0,0.44150211463769734,0.0,3.40088707034949,0.0
10.884,-0.6618377618130917,0.0,0.4483020088544422,0.0,3.3989956935716057,0.0
10.886000000000001,-0.6609343610992738,0.0,0.45509805159697614,0.0,3.397035594327758,0.0
10.888,-0.6600173722659896,0.0,0.46189010540996034,0.0,3.3950067624399485,0.0
10.89,-0.6590868034285695,0.0,0.46867803281907194,0.0,3.3929091891014727,0.0
10.892,-0.6581426629773102,0.0,0.47546169633374075,0.0,3.390742866878057,0.0
10.894,-0.6571849595774998,0.0,0.4822409584499234,0.0,3.3885077897089433,0.0
10.896,-0.6562137021694519,0.0,0.4890156816527972,0.0,3.386203952907997,0.0
10.898,-0.6552288999685135,0.0,0.49578572841955804,0.0,3.3838313531647164,0.0
10.9,-0.6542305624650827,0.0,0.5025509612221748,0.0,3.381389988545278,0.0
10.902000000000001,-0.6532186994246204,0.0,0.5093112425300926,0.0,3.378879858493527,0.0
10.904,-0.6521933208876457,0.0,0.5160664348130453,0.0,3.3763009638319366,0.0
10.906,-0.6511544371697364,0.0,0.5228164005437846,0.0,3.3736533067625523,0.0
10.908,-0.6501020588615208,0.0,0.5295610022008428,0.0,3.3709368908679034,0.0
10.91,-0.6490361968286575,0.0,0.5363001022713183,0.0,3.3681517211118748,0.0
10.912,-0.6479568622118271,0.0,0.5430335632535885,0.0,3.3652978038405945,0.0
10.914,-0.6468640664266951,0.0,0.5497612476601208,0.0,3.36237514678323,0.0
10.916,-0.6457578211638846,0.0,0.5564830180202421,0.0,3.3593837590528026,0.0
10.918000000000001,-0.6446381383889453,0.0,0.5631987368828565,0.0,3.356323651146973,0.0
10.92,-0.6435050303423054,0.0,0.569908266819266,0.0,3.353194834948777,0.0
10.922,-0.6423585095392219,0.0,0.5766114704259389,0.0,3.3499973237273317,0.0
10.924,-0.6411985887697392,0.0,0.5833082103272331,0.0,3.3467311321385695,0.0
10.926,-0.6400252810986149,0.0,0.5899983491782412,0.0,3.343396276225846,0.0
10.928,-0.6388385998652669,0.0,0.5966817496675159,0.0,3.339992773420621,0.0
10.93,-0.6376385586837037,0.0,0.6033582745198448,0.0,3.3365206425430607,0.0
10.932,-0.6364251714424372,0.0,0.6100277864990822,0.0,3.3329799038025834,0.0
10.934000000000001,-0.635198452304419,0.0,0.6166901484108542,0.0,3.3293705787984678,0.0
10.936,-0.6339584157069407,0.0,0.6233452231053909,0.0,3.325692690520335,0.0
10.938,-0.6327050763615448,0.0,0.6299928734803092,0.0,3.3219462633486554,0.0
10.94,-0.6314384492539352,0.0,0.6366329624833402,0.0,3.318131323055246,0.0
10.942,-0.6301585496438612,0.0,0.6432653531151887,0.0,3.314247896803669,0.0
10.944,-0.6288653930650178,0.0,0.6498899084322612,0.0,3.310296013149675,0.0
10.946,-0.6275589953249333,0.0,0.656506491549454,0.0,3.3062757020415967,0.0
10.948,-0.6262393725048383,0.0,0.6631149656429831,0.0,3.302186994820669,0.0
10.950000000000001,-0.6249065409595508,0.0,0.6697151939531257,0.0,3.298029924221395,0.0
10.952,-0.6235605173173447,0.0,0.6763070397870043,0.0,3.293804524371842,0.0
10.954,-0.6222013184798051,0.0,0.6828903665214249,0.0,3.2895108307938976,0.0
10.956,-0.6208289616216942,0.0,0.6894650376056077,0.0,3.2851488804035314,0.0
10.958,-0.6194434641908015,0.0,0.696030916564007,0.0,3.2807187115110166,0.0
10.96,-0.6180448439077889,0.0,0.7025878669990896,0.0,3.276220363821104,0.0
10.962,-0.6166331187660337,0.0,0.7091357525941284,0.0,3.271653878433198,0.0
10.964,-0.615208307031463,0.0,0.715674437115989,0.0,3.267019297841485,0.0
10.966000000000001,-0.6137704272423834,0.0,0.7222037844179252,0.0,3.262316665935034,0.0
10.968,-0.6123194982093115,0.0,0.7287236584423444,0.0,3.257546027997898,0.0
10.97,-0.6108555390147795,0.0,0.7352339232236467,0.0,3.252707430709116,0.0
10.972,-0.6093785690131617,0.0,0.741734442890965,0.0,3.247800922142779,0.0
10.974,-0.6078886078304759,0.0,0.7482250816709813,0.0,3.242826551768006,0.0
10.976,-0.6063856753641871,0.0,0.7547057038907105,0.0,3.2377843704489053,0.0
10.978,-0.604869791783002,0.0,0.7611761739802891,0.0,3.2326744304445105,0.0
10.98,-0.6033409775266642,0.0,0.7676363564757701,0.0,3.2274967854086998,0.0
10.982000000000001,-0.6017992533057345,0.0,0.774086116021905,0.0,3.2222514903900583,0.0
10.984,-0.6002446401013745,0.0,0.7805253173749396,0.0,3.2169386018317447,0.0
10.986,-0.598677159165119,0.0,0.7869538254053998,0.0,3.2115581775713045,0.0
10.988,-0.5970968320186468,0.0,0.7933715051008754,0.0,3.2061102768404712,0.0
10.99,-0.5955036804535364,0.0,0.7997782215688343,0.0,3.2005949602649117,0.0
10.992,-0.5938977265310379,0.0,0.8061738400393594,0.0,3.1950122898640108,0.0
10.994,-0.592278992581811,0.0,0.8125582258679795,0.0,3.189362329050531,0.0
10.996,-0.5906475012056742,0.0,0.8189312445384597,0.0,3.183645142630305,0.0
10.998000000000001,-0.5890032752713544,0.0,0.8252927616655364,0.0,3.17786079680192,0.0
11.0,-0.5873463379162115,0.0,0.8316426429977583,0.0,3.172009359156301,0.0
11.002,-0.585676712545973,0.0,0.8379807544202414,0.0,3.1660908986763285,0.0
11.004,-0.5839944228344586,0.0,0.8443069619574547,0.0,3.1601054857364024,0.0
11.006,-0.582299492723292,0.0,0.8506211317760265,0.0,3.154053192101961,0.0
11.008000000000001,-0.5805919464216277,0.0,0.8569231301874777,0.0,3.1479340909290374,0.0
11.01,-0.5788718084058454,0.0,0.8632128236510452,0.0,3.141748256763699,0.0
11.012,-0.5771391034192521,0.0,0.8694900787764637,0.0,3.135495765541495,0.0
11.014,-0.5753938564717931,0.0,0.8757547623266926,0.0,3.1291766945869397,0.0
11.016,-0.5736360928397212,0.0,0.8820067412207633,0.0,3.12279112261283,0.0
11.018,-0.5718658380652977,0.0,0.8882458825365057,0.0,3.116339129719667,0.0
11.02,-0.5700831179564714,0.0,0.8944720535133234,0.0,3.1098207973949985,0.0
11.022,-0.5682879585865398,0.0,0.9006851215550117,0.0,3.1032362085126772,0.0
11.024000000000001,-0.5664803862938296,0.0,0.9068849542324828,0.0,3.0965854473321888,0.0
11.026,-0.5646604276813625,0.0,0.9130714192865407,0.0,3.0898685994979167,0.0
11.028,-0.5628281096164954,0.0,0.9192443846306894,0.0,3.0830857520383046,0.0
11.03,-0.5609834592305909,0.0,0.9254037183538544,0.0,3.0762369933651144,0.0
11.032,-0.5591265039186532,0.0,0.9315492887231728,0.0,3.069322413272565,0.0
11.034,-0.5572572713389711,0.0,0.9376809641867566,0.0,3.0623421029364764,0.0
11.036,-0.5553757894127594,0.0,0.9437986133764302,0.0,3.055296154913397,0.0
11.038,-0.5534820863237748,0.0,0.9499021051105413,0.0,3.0481846631396396,0.0
11.040000000000001,-0.5515761905179519,0.0,0.955991308396673,0.0,3.0410077229303822,0.0
11.042,-0.5496581307030247,0.0,0.9620660924344043,0.0,3.0337654309786943,0.0
11.044,-0.547727935848123,0.0,0.9681263266181043,0.0,3.0264578853544797,0.0
11.046,-0.5457856351833981,0.0,0.9741718805396407,0.0,3.0190851855035037,0.0
11.048,-0.5438312581996155,0.0,0.9802026239911504,0.0,3.011647432246301,0.0
11.05,-0.5418648346477545,0.0,0.9862184269677876,0.0,3.0041447277770983,0.0
11.052,-0.5398863945385981,0.0,0.992219159670465,0.0,2.9965771756626887,0.0
11.054,-0.5378959681423202,0.0,0.9982046925086031,0.0,2.9889448808412915,0.0
11.056000000000001,-0.5358935859880646,0.0,1.004174896102868,0.0,2.9812479496213755,0.0
11.058,-0.5338792788635195,0.0,1.010129641287911,0.0,2.9734864896804503,0.0
11.06,-0.5318530778144895,0.0,1.0160687991151092,0.0,2.965660610063848,0.0
11.062,-0.5298150141444571,0.0,1.0219922408552893,0.0,2.9577704211834535,0.0
11.064,-0.527765119414136,0.0,1.0278998380014883,0.0,2.949816034816394,0.0
11.066,-0.5257034254410384,0.0,1.0337914622716322,0.0,2.94179756410378,0.0
11.068,-0.5236299642990098,0.0,1.0396669856113077,0.0,2.9337151235493093,0.0
11.07,-0.521544768317768,0.0,1.0455262801964815,0.0,2.9255688290178794,0.0
11.072000000000001,-0.5194478700824579,0.0,1.051369218436186,0.0,2.917358797734259,0.0
11.074,-0.5173393024331622,0.0,1.057195672975276,0.0,2.909085148281575,0.0
11.076,-0.5152190984644399,0.0,1.0630055166971293,0.0,2.9007480005999025,0.0
11.078,-0.5130872915248426,0.0,1.0687986227263524,0.0,2.8923474759847627,0.0
11.08,-0.5109439152164227,0.0,1.074574864431516,0.0,2.883883697085578,0.0
11.082,-0.5087890033942595,0.0,1.0803341154278148,0.0,2.875356787904196,0.0
11.084,-0.5066225901659483,0.0,1.086076249579812,0.0,2.8667668737932535,0.0
11.086,-0.5044447098910976,0.0,1.0918011410041393,0.0,2.858114081454572,0.0
11.088000000000001,-0.5022553971808397,0.0,1.0975086640721528,0.0,2.8493985389375953,0.0
11.09,-0.5000546868973015,0.0,1.103198693412667,0.0,2.8406203756376622,0.0
11.092,-0.49784261415308695,0.0,1.1088711039146446,0.0,2.8317797222943213,0.0
11.094,-0.49561921431077327,0.0,1.1145257707298404,0.0,2.822876710989692,0.0
11.096,-0.4933845229823551,0.0,1.1201625692755441,0.0,2.8139114751466097,0.0
11.098,-0.4911385760287312,0.0,1.1257813752372177,0.0,2.804884149526937,0.0
11.1,-0.4888814095591639,0.0,1.1313820645711703,0.0,2.795794870229755,0.0
11.102,-0.4866130599307177,0.0,1.1369645135072781,0.0,2.7866437746894697,0.0
11.104000000000001,-0.48433356374773373,0.0,1.1425285985515867,0.0,2.77743100167405,0.0
11.106,-0.48204295786125745,0.0,1.1480741964890238,0.0,2.768156691283076,0.0
11.108,-0.47974127936847744,0.0,1.1536011843860587,0.0,2.758820984945818,0.0
11.11,-0.47742856561217933,0.0,1.1591094395933181,0.0,2.749424025419379,0.0
11.112,-0.47510485418014725,0.0,1.1645988397482985,0.0,2.739965956786612,0.0
11.114,-0.47277018290460754,0.0,1.1700692627779734,0.0,2.7304469244542022,0.0
11.116,-0.4704245898616459,0.0,1.1755205869014387,0.0,2.7208670751506387,0.0
11.118,-0.4680681133706052,0.0,1.1809526906325942,0.0,2.7112265569240974,0.0
11.120000000000001,-0.46570079199350767,0.0,1.1863654527827392,0.0,2.701525519140416,0.0
11.122,-0.4633226645344605,0.0,1.1917587524632096,0.0,2.691764112481,0.0
11.124,-0.46093377003903385,0.0,1.1971324690880425,0.0,2.6819424889406007,0.0
11.126,-0.45853414779367263,0.0,1.2024864823765598,0.0,2.6720608018252356,0.0
11.128,-0.4561238373250738,0.0,1.207820672356008,0.0,2.662119205749951,0.0
11.13,-0.45370287839956963,0.0,1.2131349193641718,0.0,2.652117856636611,0.0
11.132,-0.4512713110225042,0.0,1.2184291040519846,0.0,2.6420569117116433,0.0
11.134,-0.44882917543760437,0.0,1.2237031073861344,0.0,2.631936529503765,0.0
11.136000000000001,-0.4463765121263438,0.0,1.2289568106516724,0.0,2.621756869841668,0.0
11.138,-0.4439133618073132,0.0,1.234190095454587,0.0,2.6115180938517244,0.0
11.14,-0.4414397654355567,0.0,1.2394028437244426,0.0,2.6012203639555462,0.0
11.142,-0.4389557642019409,0.0,1.2445949377169196,0.0,2.5908638438676737,0.0
11.144,-0.43646139953249163,0.0,1.2497662600164272,0.0,2.580448698593125,0.0
11.146,-0.4339567130877341,0.0,1.2549166935386682,0.0,2.5699750944249486,0.0
11.148,-0.43144174676202934,0.0,1.2600461215332215,0.0,2.559443198941762,0.0
11.15,-0.4289165426829031,0.0,1.2651544275861046,0.0,2.5488531810052466,0.0
11.152000000000001,-0.42638114321037035,0.0,1.2702414956223407,0.0,2.5382052107576185,0.0
11.154,-0.4238355909362546,0.0,1.2753072099085132,0.0,2.5274994596190754,0.0
11.156,-0.42127992868350345,0.0,1.2803514550553254,0.0,2.5167361002852164,0.0
11.158,-0.41871419950549776,0.0,1.2853741160201375,0.0,2.505915306724434,0.0
11.16,-0.4161384466853476,0.0,1.2903750781095362,0.0,2.4950372541752404,0.0
11.162,-0.41355271373521013,0.0,1.2953542269818263,0.0,2.4841021191436803,0.0
11.164,-0.4109570443955666,0.0,1.3003114486496048,0.0,2.4731100794005707,0.0
11.166,-0.40835148263450954,0.0,1.3052466294822815,0.0,2.46206131397877,0.0
11.168000000000001,-0.40573607264704736,0.0,1.310159656208571,0.0,2.4509560031705178,0.0
11.17,-0.4031108588543605,0.0,1.3150504159190441,0.0,2.439794328524569,0.0
11.172,-0.40047588590308647,0.0,1.3199187960686185,0.0,2.4285764728434334,0.0
11.174,-0.3978311986645891,0.0,1.3247646844790655,0.0,2.4173026201805525,0.0
11.176,-0.39517684223421035,0.0,1.329587969341526,0.0,2.4059729558373912,0.0
11.178,-0.39251286193055235,0.0,1.3343885392189692,0.0,2.3945876663606525,0.0
11.18,-0.3898393032947101,0.0,1.3391662830487083,0.0,2.383146939539278,0.0
11.182,-0.3871562120895215,0.0,1.343921090144888,0.0,2.371650964401514,0.0
11.184000000000001,-0.38446363429883024,0.0,1.3486528502009227,0.0,2.360099931212029,0.0
11.186,-0.38176161612670517,0.0,1.3533614532920026,0.0,2.348494031468839,0.0
11.188,-0.37905020399667433,0.0,1.358046789877554,0.0,2.336833457900288,0.0
11.19,-0.3763294445509765,0.0,1.3627087508036635,0.0,2.3251184044620965,0.0
11.192,-0.3735993846497533,0.0,1.3673472273055787,0.0,2.313349066334156,0.0
11.194,-0.37086007137029214,0.0,1.371962111010118,0.0,2.3015256399175295,0.0
11.196,-0.36811155200623924,0.0,1.3765532939381089,0.0,2.2896483228313187,0.0
11.198,-0.3653538740667903,0.0,1.381120668506856,0.0,2.2777173139094318,0.0
11.200000000000001,-0.36258708527591377,0.0,1.38566412753253,0.0,2.2657328131974808,0.0
11.202,-0.3598112335715527,0.0,1.3901835642325953,0.0,2.2536950219495924,0.0
11.204,-0.35702636710479524,0.0,1.3946788722282506,0.0,2.24160414262506,0.0
11.206,-0.35423253423910006,0.0,1.399149945546792,0.0,2.229460378885244,0.0
11.208,-0.351429783549447,0.0,1.4035966786240586,0.0,2.217263935590133,0.0
11.21,-0.3486181638215402,0.0,1.408018966306796,0.0,2.205015018795131,0.0
11.212,-0.3457977240509852,0.0,1.4124167038550446,0.0,2.192713835747725,0.0
11.214,-0.3429685134424374,0.0,1.4167897869445465,0.0,2.180360594884021,0.0
11.216000000000001,-0.3401305814087906,0.0,1.4211381116690949,0.0,2.1679555058254514,0.0
11.218,-0.33728397757033746,0.0,1.4254615745428947,0.0,2.1554987793753524,0.0
11.22,-0.3344287517539066,0.0,1.4297600725029604,0.0,2.142990627515436,0.0
11.222,-0.33156495399203606,0.0,1.4340335029114282,0.0,2.1304312634024143,0.0
11.224,-0.3286926345221115,0.0,1.4382817635579273,0.0,2.1178209013644613,0.0
11.226,-0.3258118437855089,0.0,1.4425047526619081,0.0,2.105159756897696,0.0
11.228,-0.322922632426734,0.0,1.4467023688749805,0.0,2.092448046662636,0.0
11.23,-0.32002505129255515,0.0,1.4508745112832353,0.0,2.0796859884806267,0.0
11.232000000000001,-0.3171191514311297,0.0,1.4550210794095682,0.0,2.06687380133023,0.0
11.234,-0.31420498409113984,0.0,1.4591419732159734,0.0,2.0540117053436493,0.0
11.236,-0.3112826007208889,0.0,1.4632370931058787,0.0,2.0410999218029815,0.0
11.238,-0.30835205296744145,0.0,1.4673063399264064,0.0,2.0281386731366475,0.0
11.24,-0.30541339267571066,0.0,1.4713496149706968,0.0,2.0151281829155905,0.0
11.242,-0.30246667188758947,0.0,1.4753668199801506,0.0,2.0020686758496624,0.0
11.244,-0.2995119428410285,0.0,1.4793578571467372,0.0,1.988960377783767,0.0
11.246,-0.2965492579691445,0.0,1.4833226291152446,0.0,1.9758035156941332,0.0
11.248000000000001,-0.29357866989930975,0.0,1.4872610389855419,0.0,1.9625983176845008,0.0
11.25,-0.2906002314522398,0.0,1.4911729903148292,0.0,1.9493450129822913,0.0
11.252,-0.2876139956410767,0.0,1.495058387119883,0.0,1.9360438319347548,0.0
11.254,-0.28462001567046996,0.0,1.4989171338792862,0.0,1.9226950060051,0.0
11.256,-0.2816183449356385,0.0,1.502749135535674,0.0,1.909298767768536,0.0
11.258000000000001,-0.27860903702146467,0.0,1.5065542974979238,0.0,1.8958553509084513,0.0
11.26,-0.2755921457015375,0.0,1.5103325256433902,0.0,1.8823649902123605,0.0
11.262,-0.27256772493721393,0.0,1.5140837263201166,0.0,1.8688279215679258,0.0
11.264,-0.2695358288766993,0.0,1.5178078063489946,0.0,1.8552443819590607,0.0
11.266,-0.26649651185406553,0.0,1.5215046730260002,0.0,1.8416146094617503,0.0
11.268,-0.2634498283883225,0.0,1.5251742341243373,0.0,1.8279388432400996,0.0
11.27,-0.2603958331824628,0.0,1.5288163978966194,0.0,1.8142173235422665,0.0
11.272,-0.25733458112247454,0.0,1.5324310730770507,0.0,1.8004502916962355,0.0
11.274000000000001,-0.25426612727641207,0.0,1.536018168883554,0.0,1.7866379901058556,0.0
11.276,-0.2511905268934003,0.0,1.5395775950199353,0.0,1.7727806622465687,0.0
11.278,-0.2481078354026619,0.0,1.5431092616780322,0.0,1.7588785526612392,0.0
11.28,-0.24501810841256325,0.0,1.54661307953981,0.0,1.7449319069560603,0.0
11.282,-0.2419214017095975,0.0,1.5500889597795275,0.0,1.7309409717961748,0.0
11.284,-0.23881777125742246,0.0,1.5535368140658177,0.0,1.7169059949015337,0.0
11.286,-0.23570727319587068,0.0,1.556956554563801,0.0,1.70282722504263,0.0
11.288,-0.23258996383993055,0.0,1.5603480939371976,0.0,1.6887049120360906,0.0
11.290000000000001,-0.22946589967877049,0.0,1.5637113453503984,0.0,1.6745393067404635,0.0
11.292,-0.22633513737473546,0.0,1.5670462224705415,0.0,1.6603306610518693,0.0
11.294,-0.22319773376231608,0.0,1.5703526394696048,0.0,1.646079227899528,0.0
11.296,-0.22005374584716297,0.0,1.5736305110264461,0.0,1.6317852612414834,0.0
11.298,-0.2169032308050578,0.0,1.5768797523288662,0.0,1.6174490160601267,0.0
11.3,-0.21374624598089598,0.0,1.5801002790756509,0.0,1.6030707483577675,0.0
11.302,-0.2105828488876624,0.0,1.5832920074786059,0.0,1.5886507151521707,0.0
11.304,-0.20741309720540424,0.0,1.5864548542645875,0.0,1.5741891744720689,0.0
11.306000000000001,-0.2042370487801949,0.0,1.5895887366775145,0.0,1.5596863853526386,0.0
11.308,-0.20105476162311234,0.0,1.5926935724803744,0.0,1.5451426078310282,0.0
11.31,-0.19786629390917154,0.0,1.5957692799572365,0.0,1.530558102941678,0.0
11.312,-0.19467170397630748,0.0,1.5988157779152252,0.0,1.5159331327118606,0.0
11.314,-0.19147105032431339,0.0,1.601832985686512,0.0,1.5012679601570191,0.0
11.316,-0.1882643916137915,0.0,1.6048208231302818,0.0,1.4865628492761491,0.0
11.318,-0.1850517866650968,0.0,1.6077792106346958,0.0,1.471818065047151,0.0
11.32,-0.18183329445727792,0.0,1.6107080691188516,0.0,1.45703387342216,0.0
11.322000000000001,-0.1786089741270121,0.0,1.6136073200347145,0.0,1.442210541322845,0.0
11.324,-0.1753788849675385,0.0,1.6164768853690628,0.0,1.427348336635696,0.0
11.326,-0.17214308642758633,0.0,1.6193166876454084,0.0,1.4124475282072824,0.0
11.328,-0.168901638110302,0.0,1.6221266499259097,0.0,1.397508385839501,0.0
11.33,-0.1656545997721567,0.0,1.6249066958132874,0.0,1.3825311802847304,0.0
11.332,-0.16240203132189013,0.0,1.6276567494527034,0.0,1.3675161832411458,0.0
11.334,-0.1591439928193995,0.0,1.6303767355336625,0.0,1.3524636673477777,0.0
11.336,-0.15588054447464933,0.0,1.6330665792918904,0.0,1.3373739061796612,0.0
11.338000000000001,-0.15261174664660074,0.0,1.6357262065111844,0.0,1.322247174243072,0.0
11.34,-0.14933765984208686,0.0,1.6383555435252852,0.0,1.3070837469705041,0.0
11.342,-0.14605834471472487,0.0,1.6409545172197244,0.0,1.2918839007158196,0.0
11.344,-0.14277386206380985,0.0,1.6435230550336515,0.0,1.2766479127493011,0.0
11.346,-0.1394842728331931,0.0,1.6460610849616815,0.0,1.261376061252634,0.0
11.348,-0.13618963811019544,0.0,1.6485685355556832,0.0,1.2460686253140425,0.0
11.35,-0.13289001912446743,0.0,1.6510453359266142,0.0,1.2307258849231766,0.0
11.352,-0.12958547724686884,0.0,1.6534914157463116,0.0,1.2153481209660821,0.0
11.354000000000001,-0.1262760739883698,0.0,1.6559067052492684,0.0,1.199935615220268,0.0
11.356,-0.12296187099889881,0.0,1.6582911352344218,0.0,1.1844886503495218,0.0
11.358,-0.119642930066213,0.0,1.6606446370669272,0.0,1.16900750989882,0.0
11.36,-0.11631931311479002,0.0,1.662967142679892,0.0,1.1534924782893432,0.0
11.362,-0.11299108220465319,0.0,1.6652585845761525,0.0,1.137943840813166,0.0
11.364,-0.10965829953025694,0.0,1.6675188958299882,0.0,1.122361883628228,0.0
11.366,-0.1063210274193425,0.0,1.669748010088853,0.0,1.1067468937531628,0.0
11.368,-0.10297932833176533,0.0,1.6719458615751028,0.0,1.0910991590619854,0.0
11.370000000000001,-0.09963326485836788,0.0,1.6741123850876891,0.0,1.0754189682789912,0.0
11.372,-0.09628289971982495,0.0,1.6762475160038521,0.0,1.0597066109735211,0.0
11.374,-0.09292829576545805,0.0,1.678351190280822,0.0,1.0439623775545739,0.0
11.376,-0.0895695159721147,0.0,1.6804233444574717,0.0,1.028186559265723,0.0
11.378,-0.08620662344296251,0.0,1.6824639156560006,0.0,1.0123794481796256,0.0
11.38,-0.0828396814063482,0.0,1.6844728415835735,0.0,0.9965413371928316,0.0
11.382,-0.07946875321462596,0.0,1.6864500605339636,0.0,0.980672520020447,0.0
11.384,-0.07609390234295818,0.0,1.688395511389198,0.0,0.9647732911906606,0.0
11.386000000000001,-0.07271519238816163,0.0,1.6903091336211622,0.0,0.9488439460394784,0.0
11.388,-0.06933268706752652,0.0,1.6921908672932162,0.0,0.9328847807053298,0.0
11.39,-0.06594645021760691,0.0,1.6940406530617997,0.0,0.9168960921235301,0.0
11.392,-0.06255654579306068,0.0,1.6958584321780121,0.0,0.9008781780209745,0.0
11.394,-0.05916303786544471,0.0,1.6976441464891945,0.0,0.884831336910616,0.0
11.396,-0.055765990622023705,0.0,1.6993977384404952,0.0,0.8687558680860017,0.0
11.398,-0.05236546836457286,0.0,1.7011191510764239,0.0,0.8526520716157762,0.0
11.4,-0.04896153550817789,0.0,1.702808328042403,0.0,0.8365202483381695,0.0
11.402000000000001,-0.04555425658002853,0.0,1.7044652135862914,0.0,0.8203606998554462,0.0
11.404,-0.04214369621822624,0.0,1.706089752559912,0.0,0.8041737285284203,0.0
11.406,-0.03872991917054698,0.0,1.7076818904205668,0.0,0.7879596374707509,0.0
11.408,-0.03531299029325925,0.0,1.7092415732325308,0.0,0.771718730543496,0.0
11.41,-0.031892974549880916,0.0,1.7107687476685465,0.0,0.7554513123493714,0.0
11.412,-0.028469937009991265,0.0,1.7122633610112943,0.0,0.7391576882272664,0.0
11.414,-0.025043942847982007,0.0,1.7137253611548668,0.0,0.7228381642464661,0.0
11.416,-0.0216150573418468,0.0,1.715154696606221,0.0,0.7064930472010513,0.0
11.418000000000001,-0.01818334587195132,0.0,1.7165513164866213,0.0,0.6901226446042024,0.0
11.42,-0.014748873919803202,0.0,1.7179151705330722,0.0,0.6737272646824962,0.0
11.422,-0.011311707066819169,0.0,1.719246209099742,0.0,0.6573072163701875,0.0
11.424,-0.007871910993092026,0.0,1.7205443831593672,0.0,0.6408628093034827,0.0
11.426,-0.0044295514761382646,0.0,1.7218096443046593,0.0,0.6243943538147185,0.0
11.428,-0.0009846943896845016,0.0,1.723041944749679,0.0,0.6079021609267206,0.0
11.43,0.002462594297601608,0.0,1.7242412373312224,0.0,0.5913865423468928,0.0
11.432,0.0059122485233582284,0.0,1.7254074755101811,0.0,0.5748478104614066,0.0
11.434000000000001,0.00936420213275382,0.0,1.72654061337289,0.0,0.5582862783294972,0.0
11.436,0.012818388879764418,0.0,1.7276406056324705,0.0,0.5417022596774964,0.0
11.438,0.016274742428428586,0.0,1.7287074076301636,0.0,0.5250960688929734,0.0
11.44,0.01973319635407703,0.0,1.7297409753366344,0.0,0.5084680210189892,0.0
11.442,0.023193684144634668,0.0,1.7307412653532936,0.0,0.4918184317480002,0.0
11.444,0.02665613920184147,0.0,1.731708234913573,0.0,0.4751476174161475,0.0
11.446,0.030120494842545774,0.0,1.7326418418842193,0.0,0.45845589499719286,0.0
11.448,0.03358668429997214,0.0,1.7335420447665597,0.0,0.44174358209657194,0.0
11.450000000000001,0.03705464072496668,0.0,1.7344088026977582,0.0,0.42501099694555444,0.0
11.452,0.040524297187295055,0.0,1.7352420754520617,0.0,0.4082584583951422,0.0
11.454,0.04399558667691795,0.0,1.7360418234420352,0.0,0.39148628591007406,0.0
11.456,0.047468442105240934,0.0,1.7368080077197805,0.0,0.3746947995629489,0.0
11.458,0.050942796306433884,0.0,1.7375405899781482,0.0,0.3578843200280088,0.0
11.46,0.054418582038685784,0.0,1.738239532551935,0.0,0.341055168575229,0.0
11.462,0.05789573198548966,0.0,1.738904798419064,0.0,0.32420766706425974,0.0
11.464,0.061374178756955416,0.0,1.7395363512017692,0.0,0.30734213793822523,0.0
11.466000000000001,0.06485385489107416,0.0,1.740134155167742,0.0,0.2904589042177579,0.0
11.468,0.0683346928550105,0.0,1.7406981752312924,0.0,0.2735582894948879,0.0
11.47,0.07181662504642199,0.0,1.7412283769544787,0.0,0.2566406179267996,0.0
11.472,0.07529958379472781,0.0,1.741724726548235,0.0,0.23970621422982819,0.0
11.474,0.07878350136242157,0.0,1.7421871908734794,0.0,0.22275540367324032,0.0
11.476,0.0822683099463725,0.0,1.7426157374422202,0.0,0.2057885120730618,0.0
11.478,0.0857539416791145,0.0,1.7430103344186352,0.0,0.18880586578596648,0.0
11.48,0.0892403286301799,0.0,1.7433709506201551,0.0,0.17180779170293692,0.0
11.482000000000001,0.09272740280738141,0.0,1.7436975555185177,0.0,0.15479461724317733,0.0
11.484,0.09621509615812215,0.0,1.7439901192408258,0.0,0.13776667034788265,0.0
11.486,0.09970334057073238,0.0,1.7442486125705785,0.0,0.12072427947387476,0.0
11.488,0.10319206787575552,0.0,1.7444730069487018,0.0,0.10366777358748058,0.0
11.49,0.10668120984727782,0.0,1.7446632744745556,0.0,0.0865974821581933,0.0
11.492,0.11017069820424355,0.0,1.744819387906939,0.0,0.06951373515239945,0.0
11.494,0.11366046461177484,0.0,1.7449413206650746,0.0,0.0524168630270796,0.0
11.496,0.1171504406824935,0.0,1.7450290468295846,0.0,0.035307196723493584,0.0
11.498000000000001,0.12064055797784483,0.0,1.7450825411434527,0.0,0.018185067660853815,0.0
11.5,0.12413074800942311,0.0,1.7451017790129721,0.0,0.0010508077299834495,0.0
11.502,0.12762094224029955,0.0,1.7450867365086875,0.0,-0.016095250713039744,0.0
11.504,0.1311110720863483,0.0,1.745037390366312,0.0,-0.0332527748532363,0.0
11.506,0.13460106891759255,0.0,1.7449537179876446,0.0,-0.050421431423178786,0.0
11.508000000000001,0.13809086405950866,0.0,1.7448356974414654,0.0,-0.06760088670924602,0.0
11.51,0.14158038879438975,0.0,1.7446833074644228,0.0,-0.0847908065581724,0.0
11.512,0.14506957436266793,0.0,1.7444965274619053,0.0,-0.10199085638339789,0.0
11.514000000000001,0.14855835196425568,0.0,1.7442753375089048,0.0,-0.11920070117151937,0.0
11.516,0.15204665275988538,0.0,1.7440197183508575,0.0,-0.13642000548873334,0.0
11.518,0.15553440787245207,0.0,1.7437296514044867,0.0,-0.15364843348730117,0.0
11.52,0.15902154838835275,0.0,1.7434051187586157,0.0,-0.17088564891200264,0.0
11.522,0.16250800535884646,0.0,1.7430461031749827,0.0,-0.18813131510669379,0.0
11.524000000000001,0.1659937098013724,0.0,1.7426525880890338,0.0,-0.20538509502066338,0.0
11.526,0.16947859270092336,0.0,1.7422245576107052,0.0,-0.22264665121526728,0.0
11.528,0.17296258501139553,0.0,1.7417619965251905,0.0,-0.23991564587045033,0.0
11.53,0.1764456176569119,0.0,1.741264890293705,0.0,-0.25719174079114093,0.0
11.532,0.17992762153321396,0.0,1.740733225054217,0.0,-0.2744745974139886,0.0
11.534,0.1834085275089882,0.0,1.7401669876221886,0.0,-0.29176387681378513,0.0
11.536,0.18688826642722187,0.0,1.73956616549129,0.0,-0.3090592397100299,0.0
11.538,0.19036676910658476,0.0,1.7389307468340969,0.0,-0.32636034647363565,0.0
11.540000000000001,0.19384396634276332,0.0,1.7382607205027898,0.0,-0.34366685713339473,0.0
11.542,0.1973197889098198,0.0,1.7375560760298296,0.0,-0.36097843138258057,0.0
11.544,0.20079416756158208,0.0,1.736816803628616,0.0,-0.3782947285857008,0.0
11.546,0.2042670330329637,0.0,1.7360428941941486,0.0,-0.39561540778491133,0.0
11.548,0.20773831604137016,0.0,1.7352343393036553,0.0,-0.41294012770686195,0.0
11.55,0.21120794728803544,0.0,1.7343911312172202,0.0,-0.4302685467691999,0.0
11.552,0.21467585745938905,0.0,1.7335132628784016,0.0,-0.44760032308722897,0.0
11.554,0.218141977228448,0.0,1.7326007279148157,0.0,-0.4649351144806989,0.0
11.556000000000001,0.22160623725616102,0.0,1.7316535206387345,0.0,-0.48227257848035854,0.0
11.558,0.22506856819277785,0.0,1.7306716360476513,0.0,-0.4996123723346406,0.0
11.56,0.22852890067924597,0.0,1.7296550698248392,0.0,-0.5169541530164868,0.0
11.562,0.23198716534855396,0.0,1.728603818339892,0.0,-0.5342975772299121,0.0
11.564,0.23544329282711987,0.0,1.7275178786492646,0.0,-0.551642301416795,0.0
11.566,0.23889721373616135,0.0,1.7263972484967798,0.0,-0.5689879817635843,0.0
11.568,0.24234885869307174,0.0,1.7252419263141396,0.0,-0.5863342742080403,0.0
11.57,0.24579815831279597,0.0,1.724051911221413,0.0,-0.6036808344459758,0.0
11.572000000000001,0.24924504320921073,0.0,1.7228272030275127,0.0,-0.6210273179380265,0.0
11.574,0.25268944399648885,0.0,1.7215678022306649,0.0,-0.638373379916344,0.0
11.576,0.25613129129050555,0.0,1.720273710018846,0.0,-0.6557186753915083,0.0
11.578,0.2595705157101884,0.0,1.718944928270234,0.0,-0.6730628591591526,0.0
11.58,0.26300704787892587,0.0,1.7175814595536179,0.0,-0.6904055858068975,0.0
11.582,0.2664408184259183,0.0,1.7161833071288235,0.0,-0.707746509720992,0.0
11.584,0.2698717579875879,0.0,1.714750474947091,0.0,-0.7250852850932612,0.0
11.586,0.2732997972089488,0.0,1.7132829676514711,0.0,-0.7424215659278539,0.0
11.588000000000001,0.2767248667449928,0.0,1.7117807905771856,0.0,-0.7597550060480749,0.0
11.59,0.280146897262075,0.0,1.7102439497519852,0.0,-0.7770852591032223,0.0
11.592,0.28356581943929854,0.0,1.7086724518964906,0.0,-0.7944119785754225,0.0
11.594,0.2869815639698986,0.0,1.7070663044245222,0.0,-0.8117348177864663,0.0
11.596,0.29039406156264197,0.0,1.7054255154434037,0.0,-0.8290534299047306,0.0
11.598,0.2938032429431877,0.0,1.7037500937542795,0.0,-0.8463674679519041,0.0
11.6,0.2972090388554992,0.0,1.7020400488523875,0.0,-0.8636765848099802,0.0
11.602,0.3006113800632332,0.0,1.7002953909273302,0.0,-0.8809804332281357,0.0
11.604000000000001,0.30401019735110335,0.0,1.6985161308633485,0.0,-0.8982786658294881,0.0
11.606,0.30740542152629535,0.0,1.696702280239553,0.0,-0.9155709351181126,0.0
11.608,0.3107969834198558,0.0,1.6948538513301539,0.0,-0.9328568934859393,0.0
11.61,0.3141848138880566,0.0,1.6929708571046966,0.0,-0.9501361932195209,0.0
11.612,0.3175688438138252,0.0,1.6910533112282373,0.0,-0.9674084865071476,0.0
11.614,0.3209490041080966,0.0,1.6891012280615632,0.0,-0.9846734254455618,0.0
11.616,0.32432522571123107,0.0,1.6871146226613467,0.0,-1.0019306620470179,0.0
11.618,0.3276974395944061,0.0,1.6850935107803084,0.0,-1.0191798482462109,0.0
11.620000000000001,0.3310655767609852,0.0,1.6830379088673844,0.0,-1.0364206359070913,0.0
11.622,0.33442956824793324,0.0,1.6809478340678392,0.0,-1.0536526768299277,0.0
11.624,0.33778934512721115,0.0,1.6788233042233929,0.0,-1.0708756227582588,0.0
11.626,0.34114483850714034,0.0,1.676664337872339,0.0,-1.0880891253857032,0.0
11.628,0.3444959795338347,0.0,1.674470954249618,0.0,-1.1052928363631187,0.0
11.63,0.3478426993925662,0.0,1.6722431732869076,0.0,-1.122486407305419,0.0
11.632,0.3511849293091593,0.0,1.6699810156126949,0.0,-1.139669489798552,0.0
11.634,0.35452260055140816,0.0,1.667684502552305,0.0,-1.1568417354065916,0.0
11.636000000000001,0.3578556444304466,0.0,1.6653536561279572,0.0,-1.1740027956785972,0.0
11.638,0.3611839923021414,0.0,1.6629884990587869,0.0,-1.1911523221555949,0.0
11.64,0.36450757556851116,0.0,1.6605890547608404,0.0,-1.2082899663776931,0.0
11.642,0.3678263256790921,0.0,1.658155347347082,0.0,-1.2254153798909333,0.0
11.644,0.37114017413234685,0.0,1.6556874016273766,0.0,-1.242528214254364,0.0
11.646,0.3744490524770561,0.0,1.6531852431084437,0.0,-1.2596281210470321,0.0
11.648,0.3777528923137014,0.0,1.650648897993832,0.0,-1.2767147518749322,0.0
11.65,0.3810516252958832,0.0,1.6480783931838303,0.0,-1.293787758378142,0.0
11.652000000000001,0.38434518313169164,0.0,1.6454737562754138,0.0,-1.310846792237721,0.0
11.654,0.38763349758509963,0.0,1.6428350155621567,0.0,-1.3278915051827247,0.0
11.656,0.3909165004773792,0.0,1.6401622000341067,0.0,-1.3449215489973476,0.0
11.658,0.3941941236884684,0.0,1.6374553393776914,0.0,-1.361936575527812,0.0
11.66,0.3974662991583774,0.0,1.6347144639755762,0.0,-1.3789362366894649,0.0
11.662,0.4007329588885776,0.0,1.631939604906521,0.0,-1.395920184473793,0.0
11.664,0.40399403494339325,0.0,1.629130793945218,0.0,-1.412888070955454,0.0
11.666,0.4072494594513952,0.0,1.6262880635621262,0.0,-1.4298395482993236,0.0
11.668000000000001,0.4104991646067894,0.0,1.6234114469232739,0.0,-1.446774268767519,0.0
11.67,0.41374308267081,0.0,1.6205009778900645,0.0,-1.4636918847264524,0.0
11.672,0.41698114597310915,0.0,1.617556691019058,0.0,-1.4805920486538713,0.0
11.674,0.4202132869131442,0.0,1.6145786215617446,0.0,-1.4974744131458912,0.0
11.676,0.4234394379615806,0.0,1.6115668054642862,0.0,-1.5143386309241091,0.0
11.678,0.42665953166165566,0.0,1.6085212793672885,0.0,-1.5311843548425277,0.0
11.68,0.42987350063059127,0.0,1.6054420806054968,0.0,-1.5480112378947277,0.0
11.682,0.4330812775609715,0.0,1.6023292472075301,0.0,-1.564818933220872,0.0
11.684000000000001,0.4362827952221302,0.0,1.5991828178955723,0.0,-1.581607094114759,0.0
11.686,0.4394779864615394,0.0,1.5960028320850599,0.0,-1.5983753740308904,0.0
11.688,0.44266678420619504,0.0,1.5927893298843558,0.0,-1.6151234265915235,0.0
11.69,0.44584912146399963,0.0,1.589542352094406,0.0,-1.6318509055937207,0.0
11.692,0.44902493132515986,0.0,1.586261940208371,0.0,-1.648557465016473,0.0
11.694,0.45219414696354626,0.0,1.5829481364112827,0.0,-1.6652427590276333,0.0
11.696,0.4553567016380976,0.0,1.5796009835796327,0.0,-1.681906441991091,0.0
11.698,0.4585125286942047,0.0,1.576220525280976,0.0,-1.6985481684738406,0.0
11.700000000000001,0.4616615615650697,0.0,1.5728068057735423,0.0,-1.7151675932529247,0.0
11.702,0.46480373377310774,0.0,1.5693598700057785,0.0,-1.731764371322609,0.0
11.704,0.46793897893132946,0.0,1.565879763615917,0.0,-1.7483381579014572,0.0
11.706,0.4710672307446932,0.0,1.5623665329315388,0.0,-1.7648886084392537,0.0
11.708,0.4741884230115193,0.0,1.5588202249690701,0.0,-1.7814153786242546,0.0
11.71,0.47730248962484134,0.0,1.555240887433324,0.0,-1.7979181243901172,0.0
11.712,0.48040936457378364,0.0,1.5516285687170042,0.0,-1.8143965019229653,0.0
11.714,0.4835089819449604,0.0,1.5479833179001623,0.0,-1.8308501676685793,0.0
11.716000000000001,0.48660127592381597,0.0,1.544305184749716,0.0,-1.8472787783392786,0.0
11.718,0.4896861807960216,0.0,1.540594219718874,0.0,-1.8636819909211033,0.0
11.72,0.4927636309488487,0.0,1.5368504739465856,0.0,-1.8800594626808849,0.0
11.722,0.49583356087251457,0.0,1.5330739992570017,0.0,-1.896410851173166,0.0
11.724,0.49889590516158683,0.0,1.5292648481588482,0.0,-1.9127358142474442,0.0
11.726,0.5019505985163267,0.0,1.52542307384486,0.0,-1.929034010055092,0.0
11.728,0.504997575744058,0.0,1.5215487301911723,0.0,-1.9453050970564176,0.0
11.73,0.5080367717605535,0.0,1.5176418717566644,0.0,-1.9615487340278284,0.0
11.732000000000001,0.5110681215913787,0.0,1.5137025537823514,0.0,-1.9777645800687644,0.0
11.734,0.5140915603732563,0.0,1.5097308321907308,0.0,-1.993952294608753,0.0
11.736,0.5171070233554483,0.0,1.5057267635850837,0.0,-2.0101115374145624,0.0
11.738,0.5201144459010946,0.0,1.501690405248829,0.0,-2.0262419685971214,0.0
11.74,0.5231137634885834,0.0,1.49762181514481,0.0,-2.042343248618625,0.0
11.742,0.5261049117129103,0.0,1.493521051914586,0.0,-2.0584150382995734,0.0
11.744,0.5290878262870223,0.0,1.489388174877723,0.0,-2.07445699882574,0.0
11.746,0.5320624430431975,0.0,1.4852232440310258,0.0,-2.0904687917553377,0.0
11.748000000000001,0.5350286979343762,0.0,1.4810263200478126,0.0,-2.1064500790259286,0.0
11.75,0.5379865270355155,0.0,1.476797464277154,0.0,-2.122400522961457,0.0
11.752,0.5409358665449588,0.0,1.472536738743058,0.0,-2.1383197862793826,0.0
11.754,0.5438766527857628,0.0,1.4682442061437122,0.0,-2.154207532097575,0.0
11.756,0.5468088222070563,0.0,1.4639199298506593,0.0,-2.1700634239413943,0.0
11.758000000000001,0.5497323113853843,0.0,1.459563973907979,0.0,-2.1858871257506927,0.0
11.76,0.5526470570260508,0.0,1.4551764030314476,0.0,-2.2016783018868167,0.0
11.762,0.5555529959644638,0.0,1.4507572826076967,0.0,-2.217436617139624,0.0
11.764000000000001,0.5584500651674732,0.0,1.4463066786933383,0.0,-2.23316173673447,0.0
11.766,0.5613382017347124,0.0,1.4418246580140952,0.0,-2.2488533263392148,0.0
11.768,0.5642173428999342,0.0,1.437311287963906,0.0,-2.264511052071211,0.0
11.77,0.5670874260323446,0.0,1.4327666366040235,0.0,-2.2801345805042774,0.0
11.772,0.5699483886379474,0.0,1.4281907726620735,0.0,-2.2957235786757475,0.0
11.774000000000001,0.5728001683608545,0.0,1.423583765531163,0.0,-2.311277714093321,0.0
11.776,0.5756427029846345,0.0,1.4189456852688944,0.0,-2.326796654742145,0.0
11.778,0.5784759304336419,0.0,1.4142766025964042,0.0,-2.3422800690917853,0.0
11.78,0.5812997887743212,0.0,1.40957658889743,0.0,-2.357727626103065,0.0
11.782,0.5841142162165628,0.0,1.4048457162172558,0.0,-2.373138995235203,0.0
11.784,0.5869191511149944,0.0,1.4000840572617732,0.0,-2.388513846452585,0.0
11.786,0.58971453197032,0.0,1.39529168539642,0.0,-2.4038518502318245,0.0
11.788,0.5925002974306416,0.0,1.3904686746451522,0.0,-2.41915267756871,0.0
11.790000000000001,0.595276386292752,0.0,1.3856150996894327,0.0,-2.4344159999850215,0.0
11.792,0.5980427375034716,0.0,1.3807310358671385,0.0,-2.4496414895355754,0.0
11.794,0.6007992901609571,0.0,1.375816559171483,0.0,-2.4648288188151333,0.0
11.796,0.6035459835159924,0.0,1.3708717462499764,0.0,-2.4799776609652096,0.0
11.798,0.6062827569733238,0.0,1.3658966744032617,0.0,-2.495087689681132,0.0
11.8,0.609009550092945,0.0,1.3608914215840457,0.0,-2.51015857921884,0.0
11.802,0.6117263025913997,0.0,1.3558560663959687,0.0,-2.5251900044017597,0.0
11.804,0.6144329543431022,0.0,1.3507906880924268,0.0,-2.540181640627816,0.0
11.806000000000001,0.617129445381615,0.0,1.345695366575451,0.0,-2.5551331638761914,0.0
11.808,0.619815715900947,0.0,1.340570182394542,0.0,-2.5700442507142083,0.0
11.81,0.6224917062568647,0.0,1.3354152167454438,0.0,-2.5849145783042933,0.0
11.812,0.6251573569681631,0.0,1.330230551468994,0.0,-2.5997438244107185,0.0
11.814,0.6278126087179646,0.0,1.3250162690498881,0.0,-2.614531667406511,0.0
11.816,0.6304574023550068,0.0,1.3197724526154582,0.0,-2.6292777862802956,0.0
11.818,0.6330916788949147,0.0,1.3144991859344548,0.0,-2.6439818606430663,0.0
11.82,0.6357153795215034,0.0,1.3091965534157515,0.0,-2.658643570735128,0.0
11.822000000000001,0.638328445588039,0.0,1.3038646401071203,0.0,-2.6732625974328137,0.0
11.824,0.6409308186185148,0.0,1.2985035316939513,0.0,-2.687838622255287,0.0
11.826,0.6435224403089437,0.0,1.293113314497922,0.0,-2.7023713273714516,0.0
11.828,0.6461032525286082,0.0,1.2876940754757336,0.0,-2.716860395606618,0.0
11.83,0.6486731973213422,0.0,1.2822459022177721,0.0,-2.7313055104493573,0.0
11.832,0.6512322169067903,0.0,1.276768882946774,0.0,-2.7457063560582466,0.0
11.834,0.6537802536816756,0.0,1.271263106516486,0.0,-2.760062617268644,0.0
11.836,0.6563172502210584,0.0,1.2657286624103008,0.0,-2.7743739795994413,0.0
11.838000000000001,0.6588431492795938,0.0,1.2601656407398842,0.0,-2.788640129259804,0.0
11.84,0.6613578937927868,0.0,1.2545741322437864,0.0,-2.8028607531559095,0.0
11.842,0.6638614268782472,0.0,1.2489542282860455,0.0,-2.817035538897678,0.0
11.844,0.6663536918369332,0.0,1.2433060208547724,0.0,-2.831164174805467,0.0
11.846,0.6688346321544107,0.0,1.237629602560704,0.0,-2.845246349916838,0.0
11.848,0.671304191502077,0.0,1.2319250666358066,0.0,-2.8592817539931406,0.0
11.85,0.6737623137384208,0.0,1.2261925069317763,0.0,-2.8732700775263087,0.0
11.852,0.6762089429102511,0.0,1.2204320179185935,0.0,-2.8872110117454803,0.0
11.854000000000001,0.6786440232539332,0.0,1.214643694683038,0.0,-2.9011042486236667,0.0
11.856,0.6810674991966227,0.0,1.2088276329271936,0.0,-2.9149494808844145,0.0
11.858,0.6834793153574923,0.0,1.2029839289669415,0.0,-2.928746402008441,0.0
11.86,0.6858794165489577,0.0,1.1971126797304432,0.0,-2.9424947062402573,0.0
11.862,0.688267747777909,0.0,1.1912139827565822,0.0,-2.95619408859484,0.0
11.864,0.6906442542469131,0.0,1.1852879361934663,0.0,-2.969844244864138,0.0
11.866,0.6930088813554452,0.0,1.179334638796821,0.0,-2.983444871623757,0.0
11.868,0.6953615747011058,0.0,1.173354189928418,0.0,-2.996995666239556,0.0
11.870000000000001,0.6977022800808106,0.0,1.1673466895545297,0.0,-3.0104963268741143,0.0
11.872,0.7000309434920179,0.0,1.161312238244288,0.0,-3.023946552493398,0.0
11.874,0.7023475111339305,0.0,1.1552509371680668,0.0,-3.037346042873303,0.0
11.876,0.7046519294086797,0.0,1.1491628880959106,0.0,-3.050694498606093,0.0
11.878,0.7069441449225473,0.0,1.1430481933958205,0.0,-3.063991621107065,0.0
11.88,0.7092241044871426,0.0,1.1369069560321539,0.0,-3.077237112620967,0.0
11.882,0.7114917551205929,0.0,1.130739279563959,0.0,-3.090430676228488,0.0
11.884,0.7137470440487503,0.0,1.1245452681432473,0.0,-3.1035720158528606,0.0
11.886000000000001,0.7159899187063486,0.0,1.118325026513369,0.0,-3.116660836266178,0.0
11.888,0.718220326738205,0.0,1.1120786600072625,0.0,-3.1296968430959713,0.0
11.89,0.7204382160003945,0.0,1.1058062745457335,0.0,-3.142679742831647,0.0
11.892,0.7226435345614093,0.0,1.0995079766357791,0.0,-3.155609242830831,0.0
11.894,0.7248362307033516,0.0,1.0931838733687707,0.0,-3.1684850513259235,0.0
11.896,0.7270162529230844,0.0,1.08683407241875,0.0,-3.181306877430411,0.0
11.898,0.7291835499333951,0.0,1.0804586820406616,0.0,-3.1940744311452614,0.0
11.9,0.7313380706641701,0.0,1.074057811068524,0.0,-3.2067874233653897,0.0
11.902000000000001,0.7334797642635364,0.0,1.0676315689136813,0.0,-3.219445565885942,0.0
11.904,0.7356085800990148,0.0,1.0611800655629986,0.0,-3.232048571408642,0.0
11.906,0.7377244677586839,0.0,1.0547034115769942,0.0,-3.2445961535482253,0.0
11.908,0.7398273770523082,0.0,1.0482017180880587,0.0,-3.257088026838655,0.0
11.91,0.74191725801249,0.0,1.0416750967985866,0.0,-3.269523906739493,0.0
11.912,0.743994060895805,0.0,1.0351236599791147,0.0,-3.28190350964218,0.0
11.914,0.7460577361839318,0.0,1.0285475204664842,0.0,-3.2942265528762817,0.0
11.916,0.7481082345847956,0.0,1.0219467916618992,0.0,-3.306492754715841,0.0
11.918000000000001,0.7501455070336831,0.0,1.015321587529083,0.0,-3.3187018343855446,0.0
11.92,0.7521695046943637,0.0,1.0086720225923704,0.0,-3.3308535120669545,0.0
11.922,0.7541801789602249,0.0,1.0019982119347377,0.0,-3.342947508904823,0.0
11.924,0.7561774814553694,0.0,0.9953002711959253,0.0,-3.354983547013185,0.0
11.926,0.7581613640357386,0.0,0.9885783165704665,0.0,-3.366961349481616,0.0
11.928,0.7601317787902133,0.0,0.9818324648057333,0.0,-3.3788806403813716,0.0
11.93,0.762088678041722,0.0,0.9750628331999692,0.0,-3.3907411447715607,0.0
11.932,0.7640320143483385,0.0,0.9682695396003065,0.0,-3.4025425887052827,0.0
11.934000000000001,0.7659617405043778,0.0,0.9614527024007724,0.0,-3.4142846992357487,0.0
11.936,0.7678778095414888,0.0,0.9546124405402816,0.0,-3.42596720442239,0.0
11.938,0.7697801747297408,0.0,0.9477488735006196,0.0,-3.437589833336954,0.0
11.94,0.771668789578707,0.0,0.9408621213044167,0.0,-3.4491523160695707,0.0
11.942,0.7735436078385498,0.0,0.9339523045130755,0.0,-3.4606543837348474,0.0
11.944,0.7754045835010843,0.0,0.927019544224776,0.0,-3.4720957684778333,0.0
11.946,0.7772516708008597,0.0,0.9200639620723534,0.0,-3.4834762034801146,0.0
11.948,0.7790848242162295,0.0,0.9130856802212228,0.0,-3.4947954229658307,0.0
11.950000000000001,0.7809039984703992,0.0,0.9060848213673368,0.0,-3.506053162207578,0.0
11.952,0.7827091485325015,0.0,0.899061508735027,0.0,-3.5172491575324774,0.0
11.954,0.7845002296186425,0.0,0.8920158660749167,0.0,-3.5283831463280797,0.0
11.956,0.786277197192953,0.0,0.8849480176617944,0.0,-3.5394548670483106,0.0
11.958,0.7880400069686406,0.0,0.8778580882924464,0.0,-3.5504640592194283,0.0
11.96,0.7897886149090197,0.0,0.8707462032835646,0.0,-3.561410463445848,0.0
11.962,0.7915229772285588,0.0,0.8636124884695303,0.0,-3.5722938214160895,0.0
11.964,0.7932430503939163,0.0,0.8564570702002428,0.0,-3.583113875908664,0.0
11.966000000000001,0.7949487911249553,0.0,0.8492800753389831,0.0,-3.593870370797826,0.0
11.968,0.7966401563957815,0.0,0.8420816312601667,0.0,-3.6045630510594906,0.0
11.97,0.7983171034357619,0.0,0.8348618658471323,0.0,-3.615191662777043,0.0
11.972,0.7999795897305294,0.0,0.8276209074899814,0.0,-3.6257559531470465,0.0
11.974,0.8016275730230098,0.0,0.8203588850832628,0.0,-3.6362556704851317,0.0
11.976,0.8032610113144173,0.0,0.8130759280237873,0.0,-3.6466905642316685,0.0
11.978,0.8048798628652566,0.0,0.8057721662083747,0.0,-3.65706038495751,0.0
11.98,0.806484086196331,0.0,0.7984477300315309,0.0,-3.667364884369769,0.0
11.982000000000001,0.8080736400897254,0.0,0.7911027503832246,0.0,-3.677603815317453,0.0
11.984,0.809648483589794,0.0,0.7837373586465983,0.0,-3.68777693179714,0.0
11.986,0.811208576004158,0.0,0.7763516866956068,0.0,-3.697883988958716,0.0
11.988,0.8127538769046645,0.0,0.7689458668927953,0.0,-3.7079247431108935,0.0
11.99,0.8142843461283819,0.0,0.7615200320868858,0.0,-3.717898951726952,0.0
11.992,0.8157999437785556,0.0,0.7540743156105025,0.0,-3.727806373450257,0.0
11.994,0.8173006302255759,0.0,0.7466088512778266,0.0,-3.737646768099841,0.0
11.996,0.8187863661079468,0.0,0.7391237733821843,0.0,-3.7474198966760266,0.0
11.998000000000001,0.8202571123332335,0.0,0.7316192166937336,0.0,-3.757125521365904,0.0
12.0,0.8217128300790124,0.0,0.724095316457085,0.0,-3.766763405548843,0.0
12.002,0.8231534807938293,0.0,0.7165522083888574,0.0,-3.776333313802065,0.0
12.004,0.8245790261981272,0.0,0.708990028675336,0.0,-3.785835011906035,0.0
12.006,0.8259894282851925,0.0,0.7014089139700332,0.0,-3.79526826684997,0.0
12.008000000000001,0.8273846493220817,0.0,0.6938090013912674,0.0,-3.8046328468372486,0.0
12.01,0.8287646518505521,0.0,0.6861904285197336,0.0,-3.813928521290843,0.0
12.012,0.8301293986879823,0.0,0.678553333396055,0.0,-3.823155060858702,0.0
12.014000000000001,0.831478852928291,0.0,0.6708978545183244,0.0,-3.8323122374191323,0.0
12.016,0.8328129779428449,0.0,0.663224130839668,0.0,-3.8413998240861122,0.0
12.018,0.8341317373813751,0.0,0.655532301765706,0.0,-3.850417595214697,0.0
12.02,0.8354350951728714,0.0,0.6478225071521282,0.0,-3.8593653264062464,0.0
12.022,0.8367230155264829,0.0,0.6400948873021646,0.0,-3.8682427945137556,0.0
12.024000000000001,0.8379954629324117,0.0,0.6323495829640837,0.0,-3.877049777647106,0.0
12.026,0.839252402162798,0.0,0.6245867353286721,0.0,-3.885786055178302,0.0
12.028,0.8404937982726057,0.0,0.6168064860267071,0.0,-3.89445140774671,0.0
12.030000000000001,0.8417196166004965,0.0,0.6090089771264142,0.0,-3.903045617264226,0.0
12.032,0.8429298227697049,0.0,0.6011943511309191,0.0,-3.91156846692048,0.0
12.034,0.8441243826889041,0.0,0.5933627509756862,0.0,-3.920019741187969,0.0
12.036,0.8453032625530678,0.0,0.5855143200259544,0.0,-3.9283992258271923,0.0
12.038,0.8464664288443302,0.0,0.5776492020741225,0.0,-3.9367067078917786,0.0
12.040000000000001,0.8476138483328324,0.0,0.5697675413372247,0.0,-3.9449419757335216,0.0
12.042,0.8487454880775719,0.0,0.5618694824542689,0.0,-3.953104819007484,0.0
12.044,0.8498613154272484,0.0,0.5539551704836266,0.0,-3.961195028677045,0.0
12.046,0.8509612980210889,0.0,0.5460247509004749,0.0,-3.9692123970188535,0.0
12.048,0.8520454037896916,0.0,0.5380783695940753,0.0,-3.9771567176278992,0.0
12.05,0.8531136009558419,0.0,0.5301161728651957,0.0,-3.9850277854224276,0.0
12.052,0.8541658580353347,0.0,0.5221383074234602,0.0,-3.9928253966488825,0.0
12.054,0.8552021438377954,0.0,0.5141449203846219,0.0,-4.000549348886881,0.0
12.056000000000001,0.8562224274674797,0.0,0.5061361592679829,0.0,-4.0081994410540425,0.0
12.058,0.8572266783240859,0.0,0.49811217199364877,0.0,-4.0157754734109075,0.0
12.06,0.8582148661035526,0.0,0.490073106879837,0.0,-4.023277247565794,0.0
12.062,0.8591869607988462,0.0,0.4820191126402429,0.0,-4.030704566479562,0.0
12.064,0.8601429327007579,0.0,0.4739503383812371,0.0,-4.038057234470498,0.0
12.066,0.8610827523986813,0.0,0.4658669335992126,0.0,-4.04533505721904,0.0
12.068,0.8620063907813867,0.0,0.4577690481778545,0.0,-4.052537841772515,0.0
12.07,0.862913819037803,0.0,0.4496568323853436,0.0,-4.059665396549936,0.0
12.072000000000001,0.863805008657773,0.0,0.4415304368716658,0.0,-4.06671753134664,0.0
12.074,0.8646799314328197,0.0,0.433390012665857,0.0,-4.073694057338981,0.0
12.076,0.8655385594569031,0.0,0.4252357111731753,0.0,-4.080594787089021,0.0
12.078,0.8663808651271654,0.0,0.4170676841723916,0.0,-4.087419534549112,0.0
12.08,0.8672068211446786,0.0,0.4088860838129714,0.0,-4.094168115066525,0.0
12.082,0.8680164005151824,0.0,0.4006910626122804,0.0,-4.100840345388028,0.0
12.084,0.8688095765498138,0.0,0.3924827734528137,0.0,-4.107436043664411,0.0
12.086,0.8695863228658425,0.0,0.38426136957931767,0.0,-4.113955029455073,0.0
12.088000000000001,0.8703466133873841,0.0,0.37602700459602684,0.0,-4.120397123732468,0.0
12.09,0.8710904223461194,0.0,0.3677798324638346,0.0,-4.1267621488865975,0.0
12.092,0.8718177242820082,0.0,0.35952000749739266,0.0,-4.133049928729486,0.0
12.094,0.8725284940439887,0.0,0.3512476843623299,0.0,-4.139260288499573,0.0
12.096,0.8732227067906799,0.0,0.3429630180723616,0.0,-4.145393054866133,0.0
12.098,0.8739003379910733,0.0,0.3346661639864298,0.0,-4.151448055933641,0.0
12.1,0.8745613634252216,0.0,0.32635727780582885,0.0,-4.157425121246121,0.0
12.102,0.8752057591849198,0.0,0.31803651557132195,0.0,-4.163324081791466,0.0
12.104000000000001,0.875833501674382,0.0,0.309704033660249,0.0,-4.169144770005741,0.0
12.106,0.8764445676109097,0.0,0.3013599887836261,0.0,-4.174887019777432,0.0
12.108,0.87703893402556,0.0,0.2930045379832364,0.0,-4.1805506664517145,0.0
12.11,0.877616578263799,0.0,0.28463783862871916,0.0,-4.1861355468346355,0.0
12.112,0.8781774779861612,0.0,0.27626004841461027,0.0,-4.191641499197346,0.0
12.114,0.8787216111688889,0.0,0.2678713253574754,0.0,-4.1970683632802075,0.0
12.116,0.8792489561045789,0.0,0.2594718277929062,0.0,-4.202415980296969,0.0
12.118,0.8797594914028163,0.0,0.25106171437256997,0.0,-4.207684192938871,0.0
12.120000000000001,0.8802531959908021,0.0,0.24264114406131135,0.0,-4.212872845378693,0.0
12.122,0.8807300491139775,0.0,0.2342102761341171,0.0,-4.21798178327484,0.0
12.124,0.8811900303366426,0.0,0.22576927017317527,0.0,-4.223010853775359,0.0
12.126,0.881633119542565,0.0,0.21731828606489142,0.0,-4.227959905521925,0.0
12.128,0.8820592969355889,0.0,0.20885748399686369,0.0,-4.2328287886538405,0.0
12.13,0.8824685430402303,0.0,0.2003870244549516,0.0,-4.237617354811933,0.0
12.132,0.8828608387022736,0.0,0.19190706822020773,0.0,-4.242325457142509,0.0
12.134,0.8832361650893582,0.0,0.18341777636586276,0.0,-4.246952950301236,0.0
12.136000000000001,0.8835945036915592,0.0,0.17491931025436463,0.0,-4.2514996904569795,0.0
12.138,0.8839358363219636,0.0,0.16641183153428663,0.0,-4.255965535295654,0.0
12.14,0.8842601451172387,0.0,0.1578955021372891,0.0,-4.260350344024029,0.0
12.142,0.8845674125381964,0.0,0.1493704842751434,0.0,-4.26465397737348,0.0
12.144,0.884857621370349,0.0,0.1408369404365819,0.0,-4.26887629760377,0.0
12.146,0.8851307547244611,0.0,0.13229503338430676,0.0,-4.273017168506739,0.0
12.148,0.8853867960370934,0.0,0.12374492615192198,0.0,-4.277076455409993,0.0
12.15,0.8856257290711437,0.0,0.11518678204079613,0.0,-4.281054025180601,0.0
12.152000000000001,0.8858475379163758,0.0,0.10662076461704173,0.0,-4.284949746228683,0.0
12.154,0.8860522069899496,0.0,0.09804703770842602,0.0,-4.288763488511035,0.0
12.156,0.8862397210369382,0.0,0.08946576540120424,0.0,-4.292495123534711,0.0
12.158,0.8864100651308442,0.0,0.08087711203712002,0.0,-4.296144524360547,0.0
12.16,0.8865632246741059,0.0,0.07228124221018982,0.0,-4.299711565606703,0.0
12.162,0.8866991853985998,0.0,0.06367832076365448,0.0,-4.3031961234521345,0.0
12.164,0.8868179333661349,0.0,0.05506851278685414,0.0,-4.306598075640044,0.0
12.166,0.8869194549689433,0.0,0.04645198361203361,0.0,-4.309917301481339,0.0
12.168000000000001,0.8870037369301605,0.0,0.03782889881126629,0.0,-4.313153681857998,0.0
12.17,0.8870707663043049,0.0,0.029199424193308496,0.0,-4.3163070992264645,0.0
12.172,0.8871205304777454,0.0,0.02056372580038482,0.0,-4.319377437620981,0.0
12.174,0.8871530171691666,0.0,0.011921969905098556,0.0,-4.322364582656892,0.0
12.176,0.8871682144300256,0.0,0.003274323007231489,0.0,-4.325268421533936,0.0
12.178,0.8871661106450046,0.0,-0.005379048169421197,0.0,-4.328088843039497,0.0
12.18,0.8871466945324537,0.0,-0.01403797668022927,0.0,-4.330825737551814,0.0
12.182,0.8871099551448308,0.0,-0.022702295362912628,0.0,-4.333478997043187,0.0
12.184000000000001,0.887055881869134,0.0,-0.03137183684073952,0.0,-4.336048515083137,0.0
12.186,0.8869844644273251,0.0,-0.04004643352568879,0.0,-4.338534186841513,0.0
12.188,0.8868956928767527,0.0,-0.0487259176217244,0.0,-4.34093590909164,0.0
12.19,0.8867895576105603,0.0,-0.057410121127934255,0.0,-4.343253580213343,0.0
12.192,0.8866660493580981,0.0,-0.06609887584178284,0.0,-4.345487100196018,0.0
12.194,0.8865251591853179,0.0,-0.07479201336232477,0.0,-4.3476363706416254,0.0
12.196,0.8863668784951707,0.0,-0.08348936509343399,0.0,-4.349701294767679,0.0
12.198,0.8861911990279916,0.0,-0.09219076224703746,0.0,-4.351681777410191,0.0
12.200000000000001,0.8859981128618815,0.0,-0.10089603584635495,0.0,-4.35357772502659,0.0
12.202,0.8857876124130798,0.0,-0.109605016729145,0.0,-4.3553890456986055,0.0
12.204,0.885559690436335,0.0,-0.1183175355509565,0.0,-4.357115649135137,0.0
12.206,0.8853143400252619,0.0,-0.12703342278837815,0.0,-4.358757446675057,0.0
12.208,0.8850515546126998,0.0,-0.13575250874233735,0.0,-4.360314351290032,0.0
12.21,0.8847713279710587,0.0,-0.14447462354129745,0.0,-4.361786277587265,0.0
12.212,0.8844736542126617,0.0,-0.1531995971445951,0.0,-4.363173141812232,0.0
12.214,0.884158527790078,0.0,-0.16192725934571964,0.0,-4.364474861851395,0.0
12.216000000000001,0.8838259434964556,0.0,-0.17065743977553421,0.0,-4.365691357234859,0.0
12.218,0.8834758964658393,0.0,-0.17938996790562953,0.0,-4.366822549139013,0.0
12.22,0.8831083821734855,0.0,-0.18812467305161787,0.0,-4.367868360389141,0.0
12.222,0.8827233964361769,0.0,-0.19686138437636475,0.0,-4.368828715461994,0.0
12.224,0.8823209354125153,0.0,-0.2055999308933984,0.0,-4.369703540488332,0.0
12.226,0.8819009956032267,0.0,-0.2143401414701158,0.0,-4.37049276325544,0.0
12.228,0.8814635738514428,0.0,-0.2230818448311679,0.0,-4.371196313209606,0.0
12.23,0.8810086673429859,0.0,-0.2318248695617808,0.0,-4.371814121458572,0.0
12.232000000000001,0.8805362736066464,0.0,-0.24056904411101682,0.0,-4.372346120773944,0.0
12.234,0.8800463905144496,0.0,-0.24931419679516897,0.0,-4.3727922455935895,0.0
12.236,0.8795390162819151,0.0,-0.25806015580109487,0.0,-4.373152432023972,0.0
12.238,0.8790141494683208,0.0,-0.26680674918948677,0.0,-4.373426617842491,0.0
12.24,0.8784717889769413,0.0,-0.2755538048983134,0.0,-4.373614742499754,0.0
12.242,0.8779119340552984,0.0,-0.2843011507460991,0.0,-4.373716747121844,0.0
12.244,0.8773345842953935,0.0,-0.2930486144352761,0.0,-4.373732574512539,0.0
12.246,0.8767397396339348,0.0,-0.30179602355560664,0.0,-4.373662169155502,0.0
12.248000000000001,0.8761274003525605,0.0,-0.31054320558748005,0.0,-4.373505477216441,0.0
12.25,0.8754975670780586,0.0,-0.3192899879052805,0.0,-4.373262446545243,0.0
12.252,0.8748502407825652,0.0,-0.3280361977808265,0.0,-4.3729330266780515,0.0
12.254,0.8741854227837795,0.0,-0.3367816623866412,0.0,-4.372517168839352,0.0
12.256,0.8735031147451459,0.0,-0.34552620879943513,0.0,-4.372014825943972,0.0
12.258000000000001,0.8728033186760513,0.0,-0.3542696640034202,0.0,-4.371425952599104,0.0
12.26,0.872086036932006,0.0,-0.3630118548936955,0.0,-4.370750505106261,0.0
12.262,0.8713512722148117,0.0,-0.3717526082797007,0.0,-4.369988441463189,0.0
12.264000000000001,0.8705990275727364,0.0,-0.38049175088854836,0.0,-4.36913972136579,0.0
12.266,0.8698293064006749,0.0,-0.3892291093684208,0.0,-4.368204306209975,0.0
12.268,0.8690421124402993,0.0,-0.3979645102920366,0.0,-4.367182159093499,0.0
12.27,0.868237449780209,0.0,-0.4066977801599842,0.0,-4.3660732448177475,0.0
12.272,0.8674153228560737,0.0,-0.4154287454041683,0.0,-4.36487752988953,0.0
12.274000000000001,0.8665757364507625,0.0,-0.4241572323912125,0.0,-4.363594982522779,0.0
12.276,0.8657186956944757,0.0,-0.4328830674258778,0.0,-4.362225572640271,0.0
12.278,0.8648442060648618,0.0,-0.4416060767544808,0.0,-4.360769271875288,0.0
12.280000000000001,0.8639522733871333,0.0,-0.45032608656831663,0.0,-4.359226053573245,0.0
12.282,0.8630429038341706,0.0,-0.4590429230070841,0.0,-4.3575958927932925,0.0
12.284,0.8621161039266263,0.0,-0.4677564121623164,0.0,-4.355878766309891,0.0
12.286,0.8611718805330125,0.0,-0.476466380080804,0.0,-4.3540746526143215,0.0
12.288,0.8602102408697895,0.0,-0.48517265276806737,0.0,-4.352183531916203,0.0
12.290000000000001,0.8592311925014477,0.0,-0.49387505619172267,0.0,-4.350205386144954,0.0
12.292,0.8582347433405755,0.0,-0.5025734162849942,0.0,-4.348140198951219,0.0
12.294,0.8572209016479259,0.0,-0.5112675589501232,0.0,-4.345987955708269,0.0
12.296,0.8561896760324778,0.0,-0.5199573100618144,0.0,-4.343748643513371,0.0
12.298,0.8551410754514799,0.0,-0.528642495470719,0.0,-4.341422251189096,0.0
12.3,0.8540751092105083,0.0,-0.5373229410068192,0.0,-4.339008769284653,0.0
12.302,0.8529917869634932,0.0,-0.5459984724829439,0.0,-4.33650819007712,0.0
12.304,0.8518911187127503,0.0,-0.554668915698225,0.0,-4.333920507572675,0.0
12.306000000000001,0.8507731148090141,0.0,-0.5633340964414966,0.0,-4.331245717507819,0.0
12.308,0.8496377859514451,0.0,-0.5719938404948163,0.0,-4.328483817350498,0.0
12.31,0.848485143187642,0.0,-0.5806479736369322,0.0,-4.325634806301249,0.0
12.312,0.8473151979136523,0.0,-0.5892963216466778,0.0,-4.322698685294303,0.0
12.314,0.8461279618739566,0.0,-0.5979387103065387,0.0,-4.31967545699862,0.0
12.316,0.8449234471614656,0.0,-0.6065749654060517,0.0,-4.316565125818921,0.0
12.318,0.8437016662175061,0.0,-0.615204912745281,0.0,-4.3133676978967,0.0
12.32,0.8424626318317835,0.0,-0.623828378138351,0.0,-4.3100831811111355,0.0
12.322000000000001,0.8412063571423618,0.0,-0.6324451874168638,0.0,-4.3067115850800475,0.0
12.324,0.8399328556356244,0.0,-0.641055166433374,0.0,-4.303252921160782,0.0
12.326,0.8386421411462187,0.0,-0.6496581410649416,0.0,-4.29970720245104,0.0
12.328,0.8373342278570185,0.0,-0.6582539372165053,0.0,-4.29607444378972,0.0
12.33,0.8360091302990503,0.0,-0.6668423808244747,0.0,-4.292354661757687,0.0
12.332,0.8346668633514353,0.0,-0.67542329786014,0.0,-4.288547874678521,0.0
12.334,0.833307442241319,0.0,-0.6839965143331636,0.0,-4.284654102619258,0.0
12.336,0.8319308825437788,0.0,-0.6925618562951258,0.0,-4.28067336739102,0.0
12.338000000000001,0.8305372001817476,0.0,-0.7011191498429538,0.0,-4.276605692549702,0.0
12.34,0.8291264114259204,0.0,-0.7096682211224116,0.0,-4.272451103396585,0.0
12.342,0.8276985328946406,0.0,-0.7182088963316517,0.0,-4.268209626978866,0.0
12.344,0.8262535815538057,0.0,-0.7267410017246411,0.0,-4.263881292090253,0.0
12.346,0.8247915747167452,0.0,-0.7352643636146874,0.0,-4.2594661292714395,0.0
12.348,0.8233125300440998,0.0,-0.7437788083779273,0.0,-4.25496417081059,0.0
12.35,0.8218164655436911,0.0,-0.7522841624568203,0.0,-4.250375450743761,0.0
12.352,0.8203033995703888,0.0,-0.7607802523636492,0.0,-4.2457000048553315,0.0
12.354000000000001,0.8187733508259613,0.0,-0.7692669046840177,0.0,-4.240937870678331,0.0
12.356,0.817226338358937,0.0,-0.7777439460803197,0.0,-4.236089087494825,0.0
12.358,0.8156623815644307,0.0,-0.7862112032953015,0.0,-4.231153696336148,0.0
12.36,0.8140815001839942,0.0,-0.794668503155496,0.0,-4.226131739983218,0.0
12.362,0.812483714305438,0.0,-0.8031156725747534,0.0,-4.2210232629667415,0.0
12.364,0.810869044362655,0.0,-0.8115525385577362,0.0,-4.215828311567414,0.0
12.366,0.809237511135434,0.0,-0.8199789282034163,0.0,-4.210546933816062,0.0
12.368,0.8075891357492704,0.0,-0.8283946687085811,0.0,-4.205179179493792,0.0
12.370000000000001,0.8059239396751637,0.0,-0.836799587371327,0.0,-4.199725100132051,0.0
12.372,0.8042419447294137,0.0,-0.8451935115945655,0.0,-4.194184749012698,0.0
12.374,0.8025431730734066,0.0,-0.8535762688895222,0.0,-4.188558181168011,0.0
12.376,0.8008276472133964,0.0,-0.8619476868792306,0.0,-4.1828454533806765,0.0
12.378,0.7990953900002702,0.0,-0.8703075933020664,0.0,-4.177046624183713,0.0
12.38,0.797346424629329,0.0,-0.8786558160151826,0.0,-4.171161753860433,0.0
12.382,0.7955807746400338,0.0,-0.8869921829980679,0.0,-4.165190904444273,0.0
12.384,0.793798463915756,0.0,-0.8953165223560478,0.0,-4.15913413971863,0.0
12.386000000000001,0.7919995166835381,0.0,-0.9036286623237264,0.0,-4.15299152521673,0.0
12.388,0.7901839575138143,0.0,-0.9119284312685406,0.0,-4.146763128221327,0.0
12.39,0.7883518113201461,0.0,-0.920215657694265,0.0,-4.140449017764463,0.0
12.392,0.7865031033589575,0.0,-0.9284901702444399,0.0,-4.134049264627208,0.0
12.394,0.7846378592292306,0.0,-0.9367517977059684,0.0,-4.127563941339245,0.0
12.396,0.7827561048722386,0.0,-0.9450003690125163,0.0,-4.120993122178588,0.0
12.398,0.7808578665712328,0.0,-0.9532357132480733,0.0,-4.114336883171116,0.0
12.4,0.7789431709511385,0.0,-0.9614576596504469,0.0,-4.107595302090128,0.0
12.402000000000001,0.7770120449782586,0.0,-0.9696660376146997,0.0,-4.100768458455931,0.0
12.404,0.7750645159599399,0.0,-0.977860676696701,0.0,-4.093856433535264,0.0
12.406,0.7731006115442499,0.0,-0.9860414066166195,0.0,-4.086859310340757,0.0
12.408,0.7711203597196598,0.0,-0.9942080572623482,0.0,-4.079777173630406,0.0
12.41,0.7691237888146828,0.0,-1.0023604586930879,0.0,-4.072610109906873,0.0
12.412,0.7671109274975437,0.0,-1.0104984411427664,0.0,-4.065358207416888,0.0
12.414,0.7650818047758283,0.0,-1.0186218350235325,0.0,-4.0580215561505675,0.0
12.416,0.7630364499961053,0.0,-1.0267304709292948,0.0,-4.050600247840634,0.0
12.418000000000001,0.7609748928435771,0.0,-1.03482417963915,0.0,-4.043094375961707,0.0
12.42,0.7588971633417051,0.0,-1.0429027921208676,0.0,-4.0355040357295175,0.0
12.422,0.75680329185181,0.0,-1.0509661395344314,0.0,-4.027829324100001,0.0
12.424,0.7546933090727134,0.0,-1.059014053235428,0.0,-4.020070339768542,0.0
12.426,0.7525672460403132,0.0,-1.0670463647786157,0.0,-4.012227183168966,0.0
12.428,0.750425134127202,0.0,-1.0750629059213406,0.0,-4.004299956472674,0.0
12.43,0.748267005042257,0.0,-1.0830635086270086,0.0,-3.9962887635876636,0.0
12.432,0.7460928908302098,0.0,-1.0910480050686169,0.0,-3.988193710157477,0.0
12.434000000000001,0.7439028238712376,0.0,-1.0990162276321624,0.0,-3.9800149035601935,0.0
12.436,0.7416968368805364,0.0,-1.106968008920116,0.0,-3.971752452907377,0.0
12.438,0.739474962907866,0.0,-1.1149031817549397,0.0,-3.963406469042882,0.0
12.44,0.7372372353371263,0.0,-1.1228215791824911,0.0,-3.954977064541786,0.0
12.442,0.7349836878858973,0.0,-1.1307230344755141,0.0,-3.946464353709161,0.0
12.444,0.7327143546049838,0.0,-1.1386073811370916,0.0,-3.9378684525788668,0.0
12.446,0.7304292698779505,0.0,-1.1464744529041007,0.0,-3.9291894789122863,0.0
12.448,0.7281284684206529,0.0,-1.15432408375067,0.0,-3.9204275521970513,0.0
12.450000000000001,0.7258119852807571,0.0,-1.162156107891627,0.0,-3.9115827936456955,0.0
12.452,0.7234798558372563,0.0,-1.1699703597859483,0.0,-3.9026553261943104,0.0
12.454,0.7211321157999787,0.0,-1.1777666741402053,0.0,-3.8936452745011354,0.0
12.456,0.7187688012090914,0.0,-1.1855448859120004,0.0,-3.8845527649451403,0.0
12.458,0.7163899484345833,0.0,-1.193304830313438,0.0,-3.875377925624517,0.0
12.46,0.7139955941757747,0.0,-1.2010463428145006,0.0,-3.866120886355251,0.0
12.462,0.7115857754607768,0.0,-1.208769259146543,0.0,-3.8567817786695087,0.0
12.464,0.7091605296459764,0.0,-1.2164734153056944,0.0,-3.8473607358140995,0.0
12.466000000000001,0.7067198944154994,0.0,-1.2241586475562891,0.0,-3.837857892748859,0.0
12.468,0.7042639077806722,0.0,-1.2318247924342929,0.0,-3.8282733861450016,0.0
12.47,0.701792608079476,0.0,-1.239471686750726,0.0,-3.8186073543834502,0.0
12.472,0.6993060339759923,0.0,-1.2470991675950704,0.0,-3.8088599375531142,0.0
12.474,0.6968042244598357,0.0,-1.2547070723387184,0.0,-3.79903127744911,0.0
12.476,0.6942872188456045,0.0,-1.2622952386383195,0.0,-3.789121517571049,0.0
12.478,0.69175505677229,0.0,-1.2698635044392446,0.0,-3.779130803121146,0.0
12.48,0.6892077782026946,0.0,-1.277411707978987,0.0,-3.7690592810023618,0.0
12.482000000000001,0.6866454234228642,0.0,-1.2849396877905113,0.0,-3.758907099816588,0.0
12.484,0.6840680330414722,0.0,-1.292447282705698,0.0,-3.748674409862637,0.0
12.486,0.6814756479892228,0.0,-1.2999343318587417,0.0,-3.7383613631342922,0.0
12.488,0.6788683095182589,0.0,-1.3074006746894733,0.0,-3.7279681133183797,0.0
12.49,0.6762460592015227,0.0,-1.314846150946832,0.0,-3.7174948157926324,0.0
12.492,0.6736089389321511,0.0,-1.3222706006921836,0.0,-3.7069416276236935,0.0
12.494,0.6709569909228509,0.0,-1.3296738643026966,0.0,-3.696308707565025,0.0
12.496,0.6682902577052396,0.0,-1.337055782474772,0.0,-3.6855962160546727,0.0
12.498000000000001,0.6656087821292364,0.0,-1.3444161962273296,0.0,-3.674804315213223,0.0
12.5,0.6629126073623895,0.0,-1.3517549469052288,0.0,-3.6639331688415053,0.0
12.502,0.6602017768892229,0.0,-1.3590718761826246,0.0,-3.6529829424183418,0.0
12.504,0.6574763345105955,0.0,-1.3663668260662671,0.0,-3.6419538030983674,0.0
12.506,0.6547363243430016,0.0,-1.3736396388989296,0.0,-3.6308459197095875,0.0
12.508000000000001,0.6519817908179177,0.0,-1.3808901573626946,0.0,-3.619659462751115,0.0
12.51,0.6492127786811211,0.0,-1.3881182244822956,0.0,-3.608394604390795,0.0
12.512,0.6464293329919808,0.0,-1.395323683628504,0.0,-3.5970515184627008,0.0
12.514000000000001,0.6436314991227815,0.0,-1.4025063785214025,0.0,-3.5856303804647576,0.0
12.516,0.6408193227580234,0.0,-1.4096661532337191,0.0,-3.5741313675562685,0.0
12.518,0.6379928498936914,0.0,-1.4168028521941909,0.0,-3.5625546585552934,0.0
12.52,0.6351521268365637,0.0,-1.4239163201908251,0.0,-3.5509004339361923,0.0
12.522,0.6322972002034781,0.0,-1.4310064023742384,0.0,-3.5391688758269875,0.0
12.524000000000001,0.6294281169206037,0.0,-1.4380729442609614,0.0,-3.5273601680067332,0.0
12.526,0.6265449242227165,0.0,-1.4451157917367066,0.0,-3.515474495902899,0.0
12.528,0.623647669652436,0.0,-1.4521347910597244,0.0,-3.5035120465885856,0.0
12.530000000000001,0.620736401059496,0.0,-1.4591297888640344,0.0,-3.4914730087798693,0.0
12.532,0.6178111665999919,0.0,-1.4661006321627157,0.0,-3.479357572833046,0.0
12.534,0.6148720147355962,0.0,-1.4730471683512287,0.0,-3.4671659307417437,0.0
12.536,0.611918994232815,0.0,-1.4799692452106357,0.0,-3.4548982761341733,0.0
12.538,0.6089521541622016,0.0,-1.4868667109108915,0.0,-3.4425548042702223,0.0
12.540000000000001,0.6059715438975781,0.0,-1.4937394140141023,0.0,-3.43013571203856,0.0
12.542,0.602977213115247,0.0,-1.5005872034777747,0.0,-3.4176411979536923,0.0
12.544,0.5999692117931981,0.0,-1.5074099286580702,0.0,-3.4050714621529936,0.0
12.546,0.5969475902103096,0.0,-1.51420743931304,0.0,-3.392426706393713,0.0
12.548,0.5939123989455295,0.0,-1.5209795856058868,0.0,-3.379707134049874,0.0
12.55,0.5908636888770864,0.0,-1.527726218108145,0.0,-3.3669129501093105,0.0
12.552,0.5878015111816468,0.0,-1.5344471878029509,0.0,-3.354044361170458,0.0
12.554,0.5847259173334901,0.0,-1.541142346088263,0.0,-3.341101575439213,0.0
12.556000000000001,0.5816369591036964,0.0,-1.5478115447800231,0.0,-3.328084802725847,0.0
12.558,0.5785346885592861,0.0,-1.5544546361154123,0.0,-3.3149942544417024,0.0
12.56,0.5754191580623739,0.0,-1.5610714727560466,0.0,-3.301830143595941,0.0
12.562,0.5722904202693418,0.0,-1.5676619077911225,0.0,-3.2885926847923814,0.0
12.564,0.5691485281299425,0.0,-1.5742257947406728,0.0,-3.275282094226009,0.0
12.566,0.5659935348864739,0.0,-1.5807629875586764,0.0,-3.2618985896798027,0.0
12.568,0.5628254940728803,0.0,-1.587273340636277,0.0,-3.2484423905212383,0.0
12.57,0.5596444595138778,0.0,-1.5937567088049507,0.0,-3.2349137176988743,0.0
12.572000000000001,0.5564504853240905,0.0,-1.6002129473396178,0.0,-3.221312793739001,0.0
12.574,0.5532436259071402,0.0,-1.6066419119618427,0.0,-3.2076398427420596,0.0
12.576,0.5500239359547471,0.0,-1.613043458842974,0.0,-3.1938950903791197,0.0
12.578,0.5467914704458561,0.0,-1.619417444607239,0.0,-3.180078763888451,0.0
12.58,0.5435462846456887,0.0,-1.625763726334938,0.0,-3.1661910920717746,0.0
12.582,0.540288434104855,0.0,-1.63208216156552,0.0,-3.152232305290754,0.0
12.584,0.5370179746584337,0.0,-1.6383726083007024,0.0,-3.1382026354633616,0.0
12.586,0.5337349624250175,0.0,-1.6446349250076178,0.0,-3.124102316060069,0.0
12.588000000000001,0.5304394538058059,0.0,-1.650868970621876,0.0,-3.1099315821002507,0.0
12.59,0.5271315054836639,0.0,-1.6570746045506564,0.0,-3.0956906701484233,0.0
12.592,0.5238111744221495,0.0,-1.6632516866758444,0.0,-3.081379818310351,0.0
12.594,0.5204785178646005,0.0,-1.669400077357035,0.0,-3.0669992662293986,0.0
12.596,0.5171335933331371,0.0,-1.6755196374346801,0.0,-3.0525492550825097,0.0
12.598,0.5137764586277226,0.0,-1.6816102282330974,0.0,-3.0380300275764336,0.0
12.6,0.5104071718251942,0.0,-1.6876717115635345,0.0,-3.02344182794382,0.0
12.602,0.5070257912782599,0.0,-1.693703949727253,0.0,-3.008784901939152,0.0
12.604000000000001,0.5036323756145417,0.0,-1.699706805518529,0.0,-2.994059496834877,0.0
12.606,0.5002269837355848,0.0,-1.7056801422276835,0.0,-2.979265861417389,0.0
12.608,0.4968096748158399,0.0,-1.7116238236441499,0.0,-2.9644042459828768,0.0
12.61,0.4933805083016867,0.0,-1.7175377140594381,0.0,-2.9494749023333537,0.0
12.612,0.4899395439104162,0.0,-1.7234216782701757,0.0,-2.9344780837724995,0.0
12.614,0.48648684162921724,0.0,-1.729275581581089,0.0,-2.9194140451015103,0.0
12.616,0.48302246171415913,0.0,-1.735099289808005,0.0,-2.904283042614932,0.0
12.618,0.47954646468916595,0.0,-1.7408926692808278,0.0,-2.889085334096444,0.0
12.620000000000001,0.47605891134498535,0.0,-1.7466555868465157,0.0,-2.873821178814618,0.0
12.622,0.4725598627381515,0.0,-1.7523879098720443,0.0,-2.8584908375186413,0.0
12.624,0.4690493801899421,0.0,-1.758089506247365,0.0,-2.8430945724340098,0.0
12.626,0.46552752528533276,0.0,-1.7637602443883493,0.0,-2.8276326472582003,0.0
12.628,0.4619943598719267,0.0,-1.769399993239748,0.0,-2.8121053271562366,0.0
12.63,0.45844994605892475,0.0,-1.7750086222780814,0.0,-2.7965128787564093,0.0
12.632,0.4548943462160274,0.0,-1.7805860015146004,0.0,-2.7808555701457145,0.0
12.634,0.4513276229723801,0.0,-1.7861320014981859,0.0,-2.765133670865454,0.0
12.636000000000001,0.4477498392154891,0.0,-1.7916464933182459,0.0,-2.7493474519067114,0.0
12.638,0.44416105809013956,0.0,-1.7971293486076192,0.0,-2.7334971857058328,0.0
12.64,0.44056134299730504,0.0,-1.8025804395454603,0.0,-2.7175831461398574,0.0
12.642,0.43695075759305496,0.0,-1.8079996388601083,0.0,-2.701605608521935,0.0
12.644,0.4333293657874386,0.0,-1.8133868198319782,0.0,-2.6855648495966373,0.0
12.646,0.42969723174340807,0.0,-1.8187418562963773,0.0,-2.669461147535431,0.0
12.648,0.42605441987567805,0.0,-1.8240646226463897,0.0,-2.6532947819318675,0.0
12.65,0.4224009948496086,0.0,-1.8293549938357192,0.0,-2.6370660337968643,0.0
12.652000000000001,0.41873702158010706,0.0,-1.8346128453814783,0.0,-2.6207751855540735,0.0
12.654,0.4150625652304717,0.0,-1.83983805336705,0.0,-2.6044225210349783,0.0
12.656,0.4113776912112565,0.0,-1.8450304944448928,0.0,-2.5880083254740764,0.0
12.658,0.4076824651791604,0.0,-1.8501900458393095,0.0,-2.571532885504175,0.0
12.66,0.403976953035838,0.0,-1.8553165853492866,0.0,-2.5549964891513204,0.0
12.662,0.4002612209267782,0.0,-1.8604099913512417,0.0,-2.5383994258300286,0.0
12.664,0.3965353352401467,0.0,-1.8654701428017957,0.0,-2.521741986338353,0.0
12.666,0.3927993626055917,0.0,-1.8704969192405685,0.0,-2.505024462852769,0.0
12.668000000000001,0.3890533698931187,0.0,-1.8754902007928846,0.0,-2.488247148923379,0.0
12.67,0.3852974242118847,0.0,-1.8804498681725452,0.0,-2.4714103394687346,0.0
12.672,0.38153159290901995,0.0,-1.885375802684567,0.0,-2.454514330770787,0.0
12.674,0.37775594356847203,0.0,-1.8902678862278628,0.0,-2.4375594204699267,0.0
12.676,0.37397054400977353,0.0,-1.895126001298007,0.0,-2.420545907559675,0.0
12.678,0.37017546228687565,0.0,-1.8999500309898976,0.0,-2.40347409238167,0.0
12.68,0.3663707666869482,0.0,-1.9047398590004492,0.0,-2.3863442766204876,0.0
12.682,0.3625565257291435,0.0,-1.9094953696313053,0.0,-2.3691567632983,0.0
12.684000000000001,0.35873280816341374,0.0,-1.9142164477914791,0.0,-2.351911856769771,0.0
12.686,0.3548996829692922,0.0,-1.9189029790000054,0.0,-2.334609862716775,0.0
12.688,0.3510572193546436,0.0,-1.9235548493886327,0.0,-2.3172510881429798,0.0
12.69,0.3472054867544664,0.0,-1.9281719457044144,0.0,-2.2998358413686493,0.0
12.692,0.3433445548296448,0.0,-1.932754155312366,0.0,-2.282364432025222,0.0
12.694,0.339474493465709,0.0,-1.9373013661980696,0.0,-2.2648371710499133,0.0
12.696,0.3355953727716086,0.0,-1.9418134669702742,0.0,-2.247254370680378,0.0
12.698,0.3317072630784309,0.0,-1.946290346863518,0.0,-2.229616344449112,0.0
12.700000000000001,0.32781023493817585,0.0,-1.950731895740685,0.0,-2.2119234071781086,0.0
12.702,0.32390435912249693,0.0,-1.955138004095579,0.0,-2.1941758749733555,0.0
12.704,0.3199897066214074,0.0,-1.9595085630555145,0.0,-2.1763740652191625,0.0
12.706,0.3160663486420433,0.0,-1.9638434643838334,0.0,-2.1585182965727507,0.0
12.708,0.3121343566073726,0.0,-1.9681426004824654,0.0,-2.140608888958581,0.0
12.71,0.30819380215491876,0.0,-1.9724058643944522,0.0,-2.122646163562754,0.0
12.712,0.3042447571354756,0.0,-1.9766331498064622,0.0,-2.104630442827353,0.0
12.714,0.3002872936118186,0.0,-1.9808243510513028,0.0,-2.0865620504447726,0.0
12.716000000000001,0.2963214838574086,0.0,-1.9849793631104078,0.0,-2.068441311352007,0.0
12.718,0.29234740035509343,0.0,-1.9890980816163273,0.0,-2.0502685517249173,0.0
12.72,0.2883651157958025,0.0,-1.9931804028551965,0.0,-2.0320440989724684,0.0
12.722,0.2843747030772404,0.0,-1.9972262237691947,0.0,-2.01376828173095,0.0
12.724,0.2803762353025563,0.0,-2.0012354419590057,0.0,-1.9954414298580851,0.0
12.726,0.2763697857790574,0.0,-2.0052079556862314,0.0,-1.977063874427333,0.0
12.728,0.2723554280168544,0.0,-2.009143663875836,0.0,-1.958635947721874,0.0
12.73,0.2683332357275333,0.0,-2.0130424661185673,0.0,-1.9401579832287132,0.0
12.732000000000001,0.26430328282285026,0.0,-2.0169042626733256,0.0,-1.9216303156328807,0.0
12.734,0.26026564341336045,0.0,-2.0207289544695883,0.0,-1.9030532808113232,0.0
12.736,0.25622039180709083,0.0,-2.0245164431097695,0.0,-1.8844272158269963,0.0
12.738,0.25216760250819187,0.0,-2.0282666308715878,0.0,-1.86575245892285,0.0
12.74,0.24810735021556807,0.0,-2.031979420710433,0.0,-1.8470293495157126,0.0
12.742,0.24403970982155349,0.0,-2.0356547162616816,0.0,-1.8282582281903752,0.0
12.744,0.23996475641051962,0.0,-2.0392924218430517,0.0,-1.8094394366933635,0.0
12.746,0.2358825652575081,0.0,-2.042892442456917,0.0,-1.790573317926812,0.0
12.748000000000001,0.23179321182688928,0.0,-2.0464546837925917,0.0,-1.7716602159424575,0.0
12.75,0.227696771770956,0.0,-2.0499790522286436,0.0,-1.7527004759353249,0.0
12.752,0.22359332092854298,0.0,-2.0534654548351803,0.0,-1.733694444237527,0.0
12.754,0.21948293532367433,0.0,-2.0569137993760838,0.0,-1.71464246831219,0.0
12.756,0.21536569116412782,0.0,-2.060323994311309,0.0,-1.695544896746985,0.0
12.758000000000001,0.2112416648400728,0.0,-2.063695948799094,0.0,-1.6764020792479997,0.0
12.76,0.20711093292267269,0.0,-2.0670295726981993,0.0,-1.6572143666334354,0.0
12.762,0.20297357216264694,0.0,-2.0703247765701422,0.0,-1.6379821108271173,0.0
12.764000000000001,0.19882965948891146,0.0,-2.0735814716813743,0.0,-1.6187056648523566,0.0
12.766,0.19467927200713186,0.0,-2.076799570005491,0.0,-1.5993853828254059,0.0
12.768,0.19052248699830793,0.0,-2.0799789842254186,0.0,-1.5800216199490547,0.0
12.77,0.18635938191738577,0.0,-2.0831196277355524,0.0,-1.5606147325063477,0.0
12.772,0.18219003439178602,0.0,-2.086221414643945,0.0,-1.5411650778539059,0.0
12.774000000000001,0.1780145222200077,0.0,-2.089284259774423,0.0,-1.5216730144155957,0.0
12.776,0.17383292337019496,0.0,-2.0923080786687165,0.0,-1.502138901676021,0.0
12.778,0.1696453159786684,0.0,-2.0952927875885936,0.0,-1.4825631001738417,0.0
12.780000000000001,0.16545177834851343,0.0,-2.0982383035179395,0.0,-1.4629459714953563,0.0
12.782,0.16125238894813423,0.0,-2.101144544164853,0.0,-1.4432878782679164,0.0
12.784,0.15704722640977214,0.0,-2.104011427963728,0.0,-1.4235891841531703,0.0
12.786,0.15283636952808557,0.0,-2.1068388740773103,0.0,-1.4038502538405893,0.0
12.788,0.1486198972586738,0.0,-2.1096268023987435,0.0,-1.3840714530407259,0.0
12.790000000000001,0.14439788871661785,0.0,-2.11237513355361,0.0,-1.364253148478547,0.0
12.792,0.14017042317501321,0.0,-2.1150837889019485,0.0,-1.3443957078867226,0.0
12.794,0.13593758006349962,0.0,-2.1177526905402706,0.0,-1.3244994999988973,0.0
12.796000000000001,0.1316994389667817,0.0,-2.1203817613035456,0.0,-1.3045648945429116,0.0
12.798,0.1274560796231682,0.0,-2.1229709247671855,0.0,-1.2845922622341073,0.0
12.8,0.12320758192305402,0.0,-2.125520105249021,0.0,-1.2645819747683562,0.0
12.802,0.11895402590746827,0.0,-2.1280292278112456,0.0,-1.2445344048153981,0.0
12.804,0.11469549176656624,0.0,-2.130498218262361,0.0,-1.2244499260119053,0.0
12.806000000000001,0.11043205983813831,0.0,-2.1329270031591037,0.0,-1.204328912954624,0.0
12.808,0.10616381060611137,0.0,-2.135315509808356,0.0,-1.1841717411934751,0.0
12.81,0.10189082469904716,0.0,-2.1376636662690514,0.0,-1.1639787872246368,0.0
12.812,0.09761318288863907,0.0,-2.1399714013540505,0.0,-1.1437504284836084,0.0
12.814,0.09333096608818563,0.0,-2.142238644632029,0.0,-1.1234870433381685,0.0
12.816,0.08904425535111135,0.0,-2.144465326429311,0.0,-1.1031890110815432,0.0
12.818,0.08475313186941853,0.0,-2.1466513778317333,0.0,-1.0828567119252492,0.0
12.82,0.08045767697216633,0.0,-2.1487967306864735,0.0,-1.0624905269920546,0.0
12.822000000000001,0.07615797212397757,0.0,-2.15090131760385,0.0,-1.042090838309072,0.0
12.824,0.07185409892347934,0.0,-2.152965071959138,0.0,-1.0216580288005273,0.0
12.826,0.06754613910177129,0.0,-2.154987927894358,0.0,-1.001192482280659,0.0
12.828,0.06323417452092524,0.0,-2.156969820320032,0.0,-0.9806945834467595,0.0
12.83,0.058918287172397485,0.0,-2.158910684916964,0.0,-0.9601647178717947,0.0
12.832,0.05459855917552154,0.0,-2.160810458137969,0.0,-0.9396032719974032,0.0
12.834,0.05027507277596226,0.0,-2.1626690772096033,0.0,-0.9190106331267072,0.0
12.836,0.04594791034413179,0.0,-2.164486480133897,0.0,-0.8983871894169332,0.0
12.838000000000001,0.041617154373685766,0.0,-2.166262605690031,0.0,-0.8777333298724145,0.0
12.84,0.03728288747993244,0.0,-2.1679973934360404,0.0,-0.8570494443371693,0.0
12.842,0.0329451923982732,0.0,-2.169690783710485,0.0,-0.8363359234876261,0.0
12.844,0.02860415198267498,0.0,-2.1713427176340976,0.0,-0.8155931588254954,0.0
12.846,0.02425984920405512,0.0,-2.1729531371114392,0.0,-0.7948215426702187,0.0
12.848,0.019912367148747213,0.0,-2.1745219848325203,0.0,-0.774021468151798,0.0
12.85,0.015561789016928538,0.0,-2.176049204274409,0.0,-0.7531933292034391,0.0
12.852,0.011208198121012791,0.0,-2.177534739702848,0.0,-0.7323375205540208,0.0
12.854000000000001,0.006851677884102707,0.0,-2.1789785361738194,0.0,-0.7114544377208488,0.0
12.856,0.0024923118384080926,0.0,-2.1803805395351237,0.0,-0.6905444770022361,0.0
12.858,-0.0018698163763711012,0.0,-2.181740696427935,0.0,-0.6696080354699137,0.0
12.86,-0.006234623014597838,0.0,-2.1830589542883363,0.0,-0.6486455109617386,0.0
12.862,-0.010602024226306947,0.0,-2.1843352613488456,0.0,-0.6276573020741341,0.0
12.864,-0.014971936058799526,0.0,-2.1855695666399284,0.0,-0.6066438081545883,0.0
12.866,-0.019344274458222673,0.0,-2.186761819991487,0.0,-0.5856054292942252,0.0
12.868,-0.02371895527120514,0.0,-2.187911972034346,0.0,-0.5645425663200953,0.0
12.870000000000001,-0.028095894246428898,0.0,-2.1890199742017136,0.0,-0.543455620787774,0.0
12.872,-0.032475007036235286,0.0,-2.190085778730627,0.0,-0.5223449949737866,0.0
12.874,-0.036856209198266016,0.0,-2.1911093386633977,0.0,-0.5012110918678616,0.0
12.876,-0.04123941619703964,0.0,-2.1920906078490177,0.0,-0.4800543151654873,0.0
12.878,-0.04562454340558422,0.0,-2.193029540944576,0.0,-0.45887506926019755,0.0
12.88,-0.05001150610705111,0.0,-2.193926093416632,0.0,-0.4376737592359374,0.0
12.882,-0.05440021949633547,0.0,-2.1947802215426027,0.0,-0.4164507908593957,0.0
12.884,-0.05879059868169929,0.0,-2.195591882412114,0.0,-0.3952065705723198,0.0
12.886000000000001,-0.06318255868639713,0.0,-2.1963610339283437,0.0,-0.37394150548380994,0.0
12.888,-0.06757601445030452,0.0,-2.197087634809346,0.0,-0.3526560033625994,0.0
12.89,-0.0719708808315492,0.0,-2.1977716445893716,0.0,-0.33135047262931283,0.0
12.892,-0.07636707260814095,0.0,-2.1984130236201516,0.0,-0.3100253223487266,0.0
12.894,-0.08076450447962592,0.0,-2.1990117330721883,0.0,-0.2886809622219089,0.0
12.896,-0.08516309106868969,0.0,-2.1995677349360143,0.0,-0.267317802578599,0.0
12.898,-0.08956274692283073,0.0,-2.200080992023445,0.0,-0.24593625436924288,0.0
12.9,-0.09396338651600394,0.0,-2.2005514679688094,0.0,-0.22453672915716788,0.0
12.902000000000001,-0.09836492425023531,0.0,-2.20097912723017,0.0,-0.20311963911089354,0.0
12.904,-0.10276727445730574,0.0,-2.201363935090527,0.0,-0.1816853969961008,0.0
12.906,-0.1071703514003846,0.0,-2.2017058576589994,0.0,-0.1602344161678404,0.0
12.908,-0.11157406927568299,0.0,-2.2020048618720014,0.0,-0.1387671105626409,0.0
12.91,-0.11597834221412726,0.0,-2.202260915494393,0.0,-0.11728389469051337,0.0
12.912,-0.12038308428298171,0.0,-2.202473987120623,0.0,-0.09578518362719868,0.0
12.914,-0.12478820948754056,0.0,-2.202644046175851,0.0,-0.07427139300607044,0.0
12.916,-0.12919363177279075,0.0,-2.2027710629170527,0.0,-0.05274293901017901,0.0
12.918000000000001,-0.13359926502504452,0.0,-2.2028550084341134,0.0,-0.03120023836443364,0.0
12.92,-0.13800502307363843,0.0,-2.202895854650905,0.0,-0.0096437083274592,0.0
12.922,-0.14241081969260214,0.0,-2.2028935743263403,0.0,0.011926233316407853,0.0
12.924,-0.14681656860229442,0.0,-2.2028481410554246,0.0,0.03350916826496464,0.0
12.926,-0.15122218347112568,0.0,-2.202759529270274,0.0,0.05510467770641869,0.0
12.928,-0.15562757791719795,0.0,-2.202627714241135,0.0,0.07671234232726254,0.0
12.93,-0.16003266550998196,0.0,-2.202452672077373,0.0,0.09833174232033748,0.0
12.932,-0.1644373597720321,0.0,-2.2022343797284556,0.0,0.1199624573930862,0.0
12.934000000000001,-0.16884157418061774,0.0,-2.201972814984917,0.0,0.14160406677539983,0.0
12.936,-0.17324522216944163,0.0,-2.2016679564792985,0.0,0.16325614922790077,0.0
12.938,-0.17764821713032528,0.0,-2.201319783687082,0.0,0.18491828305006286,0.0
12.94,-0.18205047241485986,0.0,-2.200928276927611,0.0,0.20659004608817189,0.0
12.942,-0.18645190133614473,0.0,-2.2004934173649753,0.0,0.22827101574371755,0.0
12.944,-0.19085241717044235,0.0,-2.200015187008904,0.0,0.24996076898138464,0.0
12.946,-0.1952519331588702,0.0,-2.1994935687156283,0.0,0.2716588823372247,0.0
12.948,-0.19965036250912688,0.0,-2.1989285461887245,0.0,0.2933649319270052,0.0
12.950000000000001,-0.2040476183971554,0.0,-2.1983201039799525,0.0,0.315078493454254,0.0
12.952,-0.20844361396884056,0.0,-2.1976682274900736,0.0,0.33679914221847496,0.0
12.954,-0.21283826234173972,0.0,-2.196972902969643,0.0,0.35852645312353415,0.0
12.956,-0.21723147660674738,0.0,-2.196234117519799,0.0,0.38026000068572485,0.0
12.958,-0.22162316982981553,0.0,-2.1954518590930294,0.0,0.4019993590421107,0.0
12.96,-0.22601325505365258,0.0,-2.1946261164939163,0.0,0.42374410195877155,0.0
12.962,-0.23040164529942905,0.0,-2.1937568793798774,0.0,0.44549380283908446,0.0
12.964,-0.23478825356848387,0.0,-2.192844138261877,0.0,0.4672480347320137,0.0
12.966000000000001,-0.2391729928440355,0.0,-2.191887884505131,0.0,0.4890063703404295,0.0
12.968,-0.24355577609287313,0.0,-2.1908881103297873,0.0,0.5107683820293342,0.0
12.97,-0.24793651626710364,0.0,-2.189844808811596,0.0,0.5325336418343671,0.0
12.972,-0.25231512630582675,0.0,-2.188757973882556,0.0,0.5543017214699614,0.0
12.974,-0.25669151913686705,0.0,-2.1876276003315542,0.0,0.5760721923377837,0.0
12.976,-0.26106560767848375,0.0,-2.1864536838049786,0.0,0.5978446255350744,0.0
12.978,-0.26543730484108724,0.0,-2.1852362208073206,0.0,0.6196185918630202,0.0
12.98,-0.26980652352895546,0.0,-2.1839752087017574,0.0,0.6413936618351338,0.0
12.982000000000001,-0.2741731766419517,0.0,-2.1826706457107217,0.0,0.6631694056856464,0.0
12.984,-0.27853717707724396,0.0,-2.181322530916448,0.0,0.6849453933779119,0.0
12.986,-0.2828984377310247,0.0,-2.1799308642615087,0.0,0.7067211946128157,0.0
12.988,-0.2872568715002293,0.0,-2.178495646549333,0.0,0.7284963788371869,0.0
12.99,-0.29161239128427474,0.0,-2.177016879444694,0.0,0.7502705152523107,0.0
12.992,-0.29596490998674874,0.0,-2.175494565474214,0.0,0.7720431728222047,0.0
12.994,-0.3003143405171645,0.0,-2.173928708026809,0.0,0.7938139202822216,0.0
12.996,-0.30466059579268673,0.0,-2.1723193113541437,0.0,0.8155823261475161,0.0
12.998000000000001,-0.30900358873982525,0.0,-2.170666380571073,0.0,0.8373479587213559,0.0
13.0,-0.31334323229619393,0.0,-2.16896992165605,0.0,0.8591103861037639,0.0
13.002,-0.3176794394122373,0.0,-2.1672299414515117,0.0,0.8808691761999997,0.0
13.004,-0.32201212305292576,0.0,-2.1654464476642903,0.0,0.9026238967288943,0.0
13.006,-0.3263411961995347,0.0,-2.1636194488659433,0.0,0.9243741152316096,0.0
13.008000000000001,-0.33066657185132425,0.0,-2.1617489544931283,0.0,0.9461193990798957,0.0
13.01,-0.33498816302730317,0.0,-2.1598349748479175,0.0,0.9678593154847915,0.0
13.012,-0.3393058827679605,0.0,-2.1578775210981087,0.0,0.9895934315051534,0.0
13.014000000000001,-0.34361964413696616,0.0,-2.1558766052775384,0.0,1.0113213140560404,0.0
13.016,-0.34792936022293436,0.0,-2.153832240286344,0.0,1.0330425299174186,0.0
13.018,-0.35223494414115636,0.0,-2.151744439891223,0.0,1.0547566457427149,0.0
13.02,-0.35653630903529987,0.0,-2.149613218725704,0.0,1.076463228067212,0.0
13.022,-0.3608333680791901,0.0,-2.147438592290337,0.0,1.098161843316853,0.0
13.024000000000001,-0.3651260344785107,0.0,-2.145220576952932,0.0,1.1198520578166553,0.0
13.026,-0.3694142214725382,0.0,-2.142959189948747,0.0,1.1415334377992885,0.0
13.028,-0.3736978423359073,0.0,-2.140654449380647,0.0,1.1632055494138238,0.0
13.030000000000001,-0.37797681038031616,0.0,-2.138306374219284,0.0,1.1848679587341775,0.0
13.032,-0.38225103895626206,0.0,-2.1359149843032337,0.0,1.2065202317677137,0.0
13.034,-0.3865204414548113,0.0,-2.1334803003391034,0.0,1.228161934464031,0.0
13.036,-0.3907849313092839,0.0,-2.131002343901668,0.0,1.2497926327233178,0.0
13.038,-0.39504442199704193,0.0,-2.12848113743393,0.0,1.2714118924052351,0.0
13.040000000000001,-0.39929882704119124,0.0,-2.125916704247211,0.0,1.2930192793373738,0.0
13.042,-0.40354806001231874,0.0,-2.12330906852121,0.0,1.3146143593238895,0.0
13.044,-0.4077920345302595,0.0,-2.1206582553040216,0.0,1.3361966981542974,0.0
13.046000000000001,-0.4120306642658027,0.0,-2.1179642905121723,0.0,1.3577658616119612,0.0
13.048,-0.4162638629424291,0.0,-2.115227200930631,0.0,1.3793214154827447,0.0
13.05,-0.42049154433807845,0.0,-2.112447014212771,0.0,1.4008629255638265,0.0
13.052,-0.42471362228685133,0.0,-2.1096237588803577,0.0,1.422389957672178,0.0
13.054,-0.4289300106807645,0.0,-2.106757464323501,0.0,1.4439020776533273,0.0
13.056000000000001,-0.4331406234714823,0.0,-2.103848160800576,0.0,1.4653988513899994,0.0
13.058,-0.4373453746720546,0.0,-2.1008958794381525,0.0,1.4868798448107992,0.0
13.06,-0.4415441783586525,0.0,-2.0979006522308894,0.0,1.508344623898884,0.0
13.062,-0.4457369486723009,0.0,-2.0948625120414186,0.0,1.5297927547006298,0.0
13.064,-0.4499235998206312,0.0,-2.0917814926002003,0.0,1.5512238033344028,0.0
13.066,-0.45410404607958343,0.0,-2.088657628505392,0.0,1.572637335999076,0.0
13.068,-0.45827820179517176,0.0,-2.085490955222663,0.0,1.59403291898288,0.0
13.07,-0.46244598138521836,0.0,-2.082281509084993,0.0,1.6154101186720897,0.0
13.072000000000001,-0.4666072993410594,0.0,-2.079029327292509,0.0,1.636768501559582,0.0
13.074,-0.4707620702293107,0.0,-2.0757344479122195,0.0,1.658107634253696,0.0
13.076,-0.4749102086935864,0.0,-2.0723969098778037,0.0,1.6794270834868619,0.0
13.078,-0.47905162945623014,0.0,-2.0690167529893415,0.0,1.7007264161243016,0.0
13.08,-0.4831862473200661,0.0,-2.0655940179130354,0.0,1.7220051991728287,0.0
13.082,-0.48731397717009606,0.0,-2.062128746180939,0.0,1.7432629997893827,0.0
13.084,-0.491434733975262,0.0,-2.058620980190629,0.0,1.7644993852899047,0.0
13.086,-0.49554843279017585,0.0,-2.0550707632048715,0.0,1.7857139231580466,0.0
13.088000000000001,-0.4996549887568206,0.0,-2.0514781393513126,0.0,1.806906181053738,0.0
13.09,-0.5037543171063084,0.0,-2.047843153622082,0.0,1.8280757268220562,0.0
13.092,-0.5078463331606103,0.0,-2.044165851873421,0.0,1.849222128501952,0.0
13.094,-0.5119309523342499,0.0,-2.04044628082531,0.0,1.8703449543347879,0.0
13.096,-0.5160080901360785,0.0,-2.0366844880610193,0.0,1.8914437727733184,0.0
13.098,-0.5200776621709651,0.0,-2.0328805220267,0.0,1.9125181524902226,0.0
13.1,-0.5241395841415252,0.0,-2.029034432030944,0.0,1.9335676623868425,0.0
13.102,-0.5281937718498757,0.0,-2.0251462682442787,0.0,1.9545918716020694,0.0
13.104000000000001,-0.5322401411993138,0.0,-2.0212160816987352,0.0,1.9755903495208362,0.0
13.106,-0.5362786081960713,0.0,-2.017243924287309,0.0,1.9965626657830078,0.0
13.108,-0.5403090889510358,0.0,-2.0132298487634444,0.0,2.017508390292104,0.0
13.11,-0.54433149968144,0.0,-2.0091739087405314,0.0,2.0384270932238615,0.0
13.112,-0.548345756712625,0.0,-2.0050761586913053,0.0,2.05931834503519,0.0
13.114,-0.5523517764797264,0.0,-2.0009366539473095,0.0,2.0801817164727234,0.0
13.116,-0.556349475529392,0.0,-1.996755450698307,0.0,2.1010167785815517,0.0
13.118,-0.5603387705215258,0.0,-1.9925326059916448,0.0,2.121823102714086,0.0
13.120000000000001,-0.564319578230974,0.0,-1.9882681777316598,0.0,2.142600260538632,0.0
13.122,-0.5682918155492385,0.0,-1.983962224679041,0.0,2.163347824048106,0.0
13.124,-0.5722553994862174,0.0,-1.9796148064501375,0.0,2.1840653655689097,0.0
13.126,-0.5762102471718836,0.0,-1.9752259835163195,0.0,2.204752457769471,0.0
13.128,-0.5801562758580108,0.0,-1.9707958172032676,0.0,2.2254086736690475,0.0
13.13,-0.5840934029198781,0.0,-1.9663243696902668,0.0,2.2460335866464254,0.0
13.132,-0.5880215458579745,0.0,-1.9618117040094736,0.0,2.2666267704486147,0.0
13.134,-0.5919406222997082,0.0,-1.9572578840451813,0.0,2.2871877991995815,0.0
13.136000000000001,-0.5958505500011079,0.0,-1.952662974533041,0.0,2.307716247408944,0.0
13.138,-0.5997512468485138,0.0,-1.9480270410593126,0.0,2.3282116899806136,0.0
13.14,-0.6036426308603063,0.0,-1.943350150060019,0.0,2.3486737022216464,0.0
13.142,-0.6075246201885748,0.0,-1.9386323688201763,0.0,2.369101859850781,0.0
13.144,-0.6113971331208299,0.0,-1.9338737654729399,0.0,2.3894957390072133,0.0
13.146,-0.6152600880816964,0.0,-1.9290744089987595,0.0,2.4098549162592713,0.0
13.148,-0.6191134036346063,0.0,-1.9242343692245114,0.0,2.4301789686131015,0.0
13.15,-0.6229569984834907,0.0,-1.9193537168226142,0.0,2.450467473521347,0.0
13.152000000000001,-0.6267907914744713,0.0,-1.9144325233101287,0.0,2.470720008891837,0.0
13.154,-0.6306147015975461,0.0,-1.9094708610478344,0.0,2.4909361530962473,0.0
13.156,-0.6344286479882798,0.0,-1.904468803239302,0.0,2.5111154849787876,0.0
13.158,-0.6382325499294813,0.0,-1.8994264239299319,0.0,2.5312575838648357,0.0
13.16,-0.6420263268529046,0.0,-1.8943437980059739,0.0,2.5513620295696926,0.0
13.162,-0.6458098983408973,0.0,-1.889221001193572,0.0,2.5714284024070655,0.0
13.164,-0.6495831841281084,0.0,-1.8840581100577256,0.0,2.5914562831978785,0.0
13.166,-0.6533461041031627,0.0,-1.8788552020012648,0.0,2.611445253278906,0.0
13.168000000000001,-0.6570985783103109,0.0,-1.8736123552638504,0.0,2.6313948945112795,0.0
13.17,-0.6608405269511293,0.0,-1.8683296489208676,0.0,2.651304789289274,0.0
13.172,-0.6645718703861789,0.0,-1.863007162882384,0.0,2.671174520548872,0.0
13.174,-0.6682925291366696,0.0,-1.8576449778920439,0.0,2.69100367177637,0.0
13.176,-0.6720024238861448,0.0,-1.8522431755259487,0.0,2.710791827017092,0.0
13.178,-0.6757014754821127,0.0,-1.8468018381915663,0.0,2.7305385708838306,0.0
13.18,-0.6793896049377361,0.0,-1.8413210491265537,0.0,2.750243488565606,0.0
13.182,-0.6830667334334912,0.0,-1.8358008923975906,0.0,2.7699061658362543,0.0
13.184000000000001,-0.6867327823187982,0.0,-1.8302414528992466,0.0,2.7895261890628857,0.0
13.186,-0.6903876731137016,0.0,-1.8246428163527408,0.0,2.8091031452146087,0.0
13.188,-0.6940313275105231,0.0,-1.8190050693047313,0.0,2.828636621871105,0.0
13.19,-0.697663667375482,0.0,-1.8133282991261341,0.0,2.8481262072310534,0.0
13.192,-0.7012846147503823,0.0,-1.807612594010806,0.0,2.867571490120897,0.0
13.194,-0.7048940918542295,0.0,-1.8018580429743318,0.0,2.886972060003258,0.0
13.196,-0.7084920210848714,0.0,-1.7960647358527408,0.0,2.906327506985475,0.0
13.198,-0.7120783250206663,0.0,-1.790232763301169,0.0,2.9256374218282932,0.0
13.200000000000001,-0.7156529264220898,0.0,-1.7843622167925821,0.0,2.9449013959542416,0.0
13.202,-0.7192157482333734,0.0,-1.7784531886164494,0.0,2.964119021456174,0.0
13.204,-0.722766713584162,0.0,-1.7725057718773403,0.0,2.9832898911059247,0.0
13.206,-0.7263057457911017,0.0,-1.7665200604936362,0.0,3.002413598362594,0.0
13.208,-0.7298327683595067,0.0,-1.7604961491960698,0.0,3.021489737381266,0.0
13.21,-0.7333477049849564,0.0,-1.7544341335263747,0.0,3.040517903021353,0.0
13.212,-0.7368504795549139,0.0,-1.7483341098358707,0.0,3.059497690855067,0.0
13.214,-0.7403410161503717,0.0,-1.7421961752839838,0.0,3.0784286971760366,0.0
13.216000000000001,-0.7438192390474381,0.0,-1.7360204278368376,0.0,3.097310519007617,0.0
13.218,-0.747285072718952,0.0,-1.729806966265788,0.0,3.116142754111355,0.0
13.22,-0.7507384418361148,0.0,-1.7235558901458932,0.0,3.134925000995555,0.0
13.222,-0.7541792712700701,0.0,-1.71726729985446,0.0,3.1536568589235636,0.0
13.224,-0.7576074860935194,0.0,-1.710941296569502,0.0,3.172337927922263,0.0
13.226,-0.7610230115823196,0.0,-1.7045779822682081,0.0,3.1909678087904703,0.0
13.228,-0.7644257732170803,0.0,-1.6981774597253918,0.0,3.2095461031073294,0.0
13.23,-0.7678156966847564,0.0,-1.6917398325119188,0.0,3.2280724132407053,0.0
13.232000000000001,-0.7711927078802429,0.0,-1.68526520499312,0.0,3.246546342355575,0.0
13.234,-0.7745567329079467,0.0,-1.6787536823272127,0.0,3.26496749442232,0.0
13.236,-0.7779076980833999,0.0,-1.6722053704636306,0.0,3.283335474225227,0.0
13.238,-0.7812455299348089,0.0,-1.6656203761414405,0.0,3.301649887370672,0.0
13.24,-0.7845701552046606,0.0,-1.6589988068876462,0.0,3.3199103402956,0.0
13.242,-0.7878815008512661,0.0,-1.652340771015568,0.0,3.3381164402756784,0.0
13.244,-0.7911794940503586,0.0,-1.6456463776231103,0.0,3.3562677954337583,0.0
13.246,-0.7944640621966481,0.0,-1.6389157365910811,0.0,3.3743640147480933,0.0
13.248000000000001,-0.7977351329053876,0.0,-1.632148958581472,0.0,3.3924047080606394,0.0
13.25,-0.8009926340139326,0.0,-1.6253461550357164,0.0,3.4103894860853208,0.0
13.252,-0.8042364935833018,0.0,-1.6185074381729456,0.0,3.4283179604163028,0.0
13.254,-0.8074666398997236,0.0,-1.611632920988217,0.0,3.4461897435362023,0.0
13.256,-0.8106830014762024,0.0,-1.6047227172507084,0.0,3.46400444882441,0.0
13.258000000000001,-0.8138855070540378,0.0,-1.5977769415019658,0.0,3.4817616905651545,0.0
13.26,-0.8170740856043914,0.0,-1.5907957090540403,0.0,3.499461083955844,0.0
13.262,-0.8202486663298246,0.0,-1.5837791359876503,0.0,3.5171022451152543,0.0
13.264000000000001,-0.8234091786658135,0.0,-1.5767273391503827,0.0,3.534684791091584,0.0
13.266,-0.8265555522823014,0.0,-1.569640436154775,0.0,3.552208339870741,0.0
13.268,-0.8296877170852274,0.0,-1.5625185453764308,0.0,3.5696725103844966,0.0
13.27,-0.8328056032180265,0.0,-1.5553617859521784,0.0,3.5870769225184826,0.0
13.272,-0.835909141063186,0.0,-1.5481702777780662,0.0,3.6044211971205167,0.0
13.274000000000001,-0.8389982612437269,0.0,-1.5409441415075213,0.0,3.621704956008511,0.0
13.276,-0.8420728946247386,0.0,-1.533683498549338,0.0,3.6389278219786925,0.0
13.278,-0.8451329723148906,0.0,-1.526388471065718,0.0,3.656089418813692,0.0
13.280000000000001,-0.848178425667913,0.0,-1.5190591819703385,0.0,3.673189371290471,0.0
13.282,-0.8512091862841208,0.0,-1.511695754926304,0.0,3.6902273051885013,0.0
13.284,-0.8542251860119097,0.0,-1.5042983143441324,0.0,3.7072028472977925,0.0
13.286,-0.857226356949226,0.0,-1.4968669853797887,0.0,3.7241156254267755,0.0
13.288,-0.8602126314450881,0.0,-1.4894018939325513,0.0,3.7409652684104873,0.0
13.290000000000001,-0.8631839421010474,0.0,-1.481903166643014,0.0,3.7577514061184285,0.0
13.292,-0.8661402217726689,0.0,-1.4743709308910096,0.0,3.7744736694625205,0.0
13.294,-0.8690814035710294,0.0,-1.4668053147934612,0.0,3.7911316904051944,0.0
13.296000000000001,-0.8720074208641665,0.0,-1.459206447202327,0.0,3.807725101967185,0.0
13.298,-0.87491820727855,0.0,-1.4515744577024785,0.0,3.824253538235474,0.0
13.3,-0.8778136967005626,0.0,-1.443909476609503,0.0,3.84071663437129,0.0
13.302,-0.8806938232779392,0.0,-1.43621163496761,0.0,3.8571140266178783,0.0
13.304,-0.8835585214212316,0.0,-1.4284810645474264,0.0,3.873445352308422,0.0
13.306000000000001,-0.8864077258052595,0.0,-1.4207178978438106,0.0,3.8897102498738994,0.0
13.308,-0.8892413713705465,0.0,-1.4129222680736806,0.0,3.9059083588508563,0.0
13.31,-0.8920593933247831,0.0,-1.405094309173731,0.0,3.9220393198893424,0.0
13.312000000000001,-0.8948617271442442,0.0,-1.3972341557982535,0.0,3.938102774760597,0.0
13.314,-0.8976483085752229,0.0,-1.3893419433168912,0.0,3.9540983663648293,0.0
13.316,-0.9004190736354786,0.0,-1.3814178078123125,0.0,3.970025738739101,0.0
13.318,-0.9031739586156364,0.0,-1.3734618860779921,0.0,3.9858845370649267,0.0
13.32,-0.9059129000806231,0.0,-1.365474315615888,0.0,4.001674407676087,0.0
13.322000000000001,-0.9086358348710719,0.0,-1.3574552346341282,0.0,4.017394998066295,0.0
13.324,-0.911342700104739,0.0,-1.3494047820446882,0.0,4.033045956896903,0.0
13.326,-0.9140334331779054,0.0,-1.3413230974610477,0.0,4.048626934004564,0.0
13.328,-0.9167079717667779,0.0,-1.3332103211958386,0.0,4.064137580408875,0.0
13.33,-0.919366253828892,0.0,-1.3250665942584343,0.0,4.079577548320059,0.0
13.332,-0.9220082176044863,0.0,-1.3168920583526345,0.0,4.094946491146463,0.0
13.334,-0.9246338016179035,0.0,-1.3086868558741958,0.0,4.110244063502252,0.0
13.336,-0.9272429446789762,0.0,-1.3004511299084143,0.0,4.125469921214985,0.0
13.338000000000001,-0.9298355858843811,0.0,-1.2921850242277524,0.0,4.140623721333056,0.0
13.34,-0.9324116646190335,0.0,-1.2838886832893208,0.0,4.155705122133347,0.0
13.342,-0.9349711205574442,0.0,-1.2755622522324495,0.0,4.17071378312868,0.0
13.344,-0.9375138936650802,0.0,-1.2672058768762064,0.0,4.185649365075304,0.0
13.346,-0.9400399241997319,0.0,-1.25881970371687,0.0,4.200511529980428,0.0
13.348,-0.9425491527128464,0.0,-1.2504038799254895,0.0,4.215299941109551,0.0
13.35,-0.9450415200508915,0.0,-1.241958553345297,0.0,4.230014262994001,0.0
13.352,-0.9475169673566957,0.0,-1.2334838724891681,0.0,4.244654161438329,0.0
13.354000000000001,-0.9499754360707715,0.0,-1.224979986537135,0.0,4.259219303527615,0.0
13.356,-0.9524168679326602,0.0,-1.216447045333748,0.0,4.273709357634906,0.0
13.358,-0.954841204982262,0.0,-1.2078851993854998,0.0,4.288123993428589,0.0
13.36,-0.957248389561135,0.0,-1.199294599858291,0.0,4.302462881879571,0.0
13.362,-0.9596383643138412,0.0,-1.1906753985747252,0.0,4.31672569526877,0.0
13.364,-0.9620110721892351,0.0,-1.1820277480115473,0.0,4.330912107194243,0.0
13.366,-0.9643664564417722,0.0,-1.173351801297005,0.0,4.345021792578474,0.0
13.368,-0.9667044606328242,0.0,-1.164647712208128,0.0,4.359054427675685,0.0
13.370000000000001,-0.9690250286319583,0.0,-1.1559156351681208,0.0,4.373009690078963,0.0
13.372,-0.9713281046182262,0.0,-1.1471557252436781,0.0,4.386887258727433,0.0
13.374,-0.9736136330814675,0.0,-1.138368138142216,0.0,4.400686813913551,0.0
13.376,-0.97588155882356,0.0,-1.1295530302092605,0.0,4.4144080372900625,0.0
13.378,-0.9781318269597218,0.0,-1.1207105584256192,0.0,4.428050611877303,0.0
13.38,-0.9803643829197588,0.0,-1.111840880404704,0.0,4.441614222070169,0.0
13.382,-0.9825791724493306,0.0,-1.1029441543897809,0.0,4.455098553645209,0.0
13.384,-0.98477614161122,0.0,-1.0940205392511295,0.0,4.4685032937677525,0.0
13.386000000000001,-0.9869552367865702,0.0,-1.0850701944833274,0.0,4.481828130998845,0.0
13.388,-0.9891164046761308,0.0,-1.0760932802024503,0.0,4.495072755302252,0.0
13.39,-0.9912595923015126,0.0,-1.067089957143193,0.0,4.50823685805153,0.0
13.392,-0.9933847470064048,0.0,-1.058060386656118,0.0,4.521320132036871,0.0
13.394,-0.9954918164578138,0.0,-1.049004730704777,0.0,4.534322271472089,0.0
13.396,-0.9975807486472837,0.0,-1.0399231518628653,0.0,4.547242972001509,0.0
13.398,-0.9996514918921121,0.0,-1.030815813311352,0.0,4.560081930706842,0.0
13.4,-1.0017039948365662,0.0,-1.0216828788356018,0.0,4.57283884611406,0.0
13.402000000000001,-1.0037382064530846,0.0,-1.0125245128224678,0.0,4.585513418200206,0.0
13.404,-1.005754076043475,0.0,-1.0033408802574242,0.0,4.598105348400175,0.0
13.406,-1.0077515532401193,0.0,-0.9941321467215648,0.0,4.610614339613576,0.0
13.408,-1.0097305880071488,0.0,-0.9848984783887533,0.0,4.623040096211388,0.0
13.41,-1.0116911306416392,0.0,-0.9756400420225961,0.0,4.635382324042776,0.0
13.412,-1.0136331317747727,0.0,-0.9663570049735628,0.0,4.647640730441696,0.0
13.414,-1.0155565423730213,0.0,-0.9570495351759335,0.0,4.659815024233657,0.0
13.416,-1.017461313739308,0.0,-0.94771780114485,0.0,4.6719049157423465,0.0
13.418000000000001,-1.0193473975141614,0.0,-0.938361971973301,0.0,4.683910116796232,0.0
13.42,-1.0212147456768732,0.0,-0.9289822173291082,0.0,4.695830340735186,0.0
13.422,-1.0230633105466431,0.0,-0.9195787074518982,0.0,4.7076653024170465,0.0
13.424,-1.0248930447837172,0.0,-0.9101516131500648,0.0,4.719414718224156,0.0
13.426,-1.0267039013905304,0.0,-0.9007011057976761,0.0,4.731078306069917,0.0
13.428,-1.028495833712821,0.0,-0.8912273573314848,0.0,4.742655785405212,0.0
13.43,-1.0302687954407643,0.0,-0.8817305402477743,0.0,4.754146877224931,0.0
13.432,-1.0320227406100897,0.0,-0.872210827599266,0.0,4.76555130407441,0.0
13.434000000000001,-1.0337576236031785,0.0,-0.8626683929920822,0.0,4.776868790055781,0.0
13.436,-1.0354733991501768,0.0,-0.853103410582554,0.0,4.7880990608344005,0.0
13.438,-1.037170022330097,0.0,-0.8435160550740909,0.0,4.799241843645235,0.0
13.44,-1.0388474485718933,0.0,-0.8339065017141123,0.0,4.810296867299088,0.0
13.442,-1.040505633655566,0.0,-0.824274926290772,0.0,4.821263862189029,0.0
13.444,-1.042144533713221,0.0,-0.8146215051299052,0.0,4.832142560296536,0.0
13.446,-1.0437641052301545,0.0,-0.8049464150917665,0.0,4.842932695197827,0.0
13.448,-1.045364305045919,0.0,-0.795249833567835,0.0,4.853634002070069,0.0
13.450000000000001,-1.0469450903553714,0.0,-0.7855319384776771,0.0,4.8642462176975,0.0
13.452,-1.0485064187097357,0.0,-0.7757929082656536,0.0,4.874769080477642,0.0
13.454,-1.0500482480176518,0.0,-0.7660329218976892,0.0,4.885202330427455,0.0
13.456,-1.0515705365462007,0.0,-0.7562521588581048,0.0,4.895545709189328,0.0
13.458,-1.0530732429219571,0.0,-0.7464507991462518,0.0,4.905798960037294,0.0
13.46,-1.0545563261320017,0.0,-0.7366290232733189,0.0,4.915961827882961,0.0
13.462,-1.0560197455249452,0.0,-0.7267870122590544,0.0,4.926034059281546,0.0
13.464,-1.0574634608119482,0.0,-0.7169249476283986,0.0,4.93601540243792,0.0
13.466000000000001,-1.058887432067722,0.0,-0.7070430114082522,0.0,4.945905607212491,0.0
13.468,-1.0602916197315275,0.0,-0.6971413861241587,0.0,4.955704425127135,0.0
13.47,-1.061675984608178,0.0,-0.6872202547969024,0.0,4.9654116093711504,0.0
13.472,-1.0630404878690172,0.0,-0.6772798009392496,0.0,4.975026914807049,0.0
13.474,-1.064385091052905,0.0,-0.6673202085525556,0.0,4.98455009797643,0.0
13.476,-1.0657097560671898,0.0,-0.6573416621233998,0.0,4.993980917105783,0.0
13.478,-1.0670144451886718,0.0,-0.6473443466202516,0.0,5.0033191321122175,0.0
13.48,-1.0682991210645745,0.0,-0.6373284474900027,0.0,5.012564504609295,0.0
13.482000000000001,-1.0695637467134858,0.0,-0.6272941506546398,0.0,5.021716797912653,0.0
13.484,-1.0708082855263086,0.0,-0.6172416425078366,0.0,5.0307757770457115,0.0
13.486,-1.0720327012672062,0.0,-0.6071711099114586,0.0,5.039741208745365,0.0
13.488,-1.0732369580745287,0.0,-0.5970827401922114,0.0,5.048612861467549,0.0
13.49,-1.0744210204617415,0.0,-0.5869767211381576,0.0,5.05739050539285,0.0
13.492,-1.0755848533183456,0.0,-0.576853240995269,0.0,5.066073912432068,0.0
13.494,-1.0767284219107869,0.0,-0.5667124884639607,0.0,5.074662856231726,0.0
13.496,-1.0778516918833667,0.0,-0.5565546526956151,0.0,5.083157112179587,0.0
13.498000000000001,-1.0789546292591345,0.0,-0.5463799232890927,0.0,5.09155645741009,0.0
13.5,-1.0800372004407832,0.0,-0.536188490287234,0.0,5.0998606708098,0.0
13.502,-1.0810993722115323,0.0,-0.5259805441733499,0.0,5.1080695330228005,0.0
13.504,-1.0821411117360051,0.0,-0.5157562758677099,0.0,5.116182826456054,0.0
13.506,-1.0831623865611015,0.0,-0.5055158767239678,0.0,5.12420033528476,0.0
13.508000000000001,-1.0841631646168557,0.0,-0.4952595385257055,0.0,5.132121845457613,0.0
13.51,-1.0851434142172982,0.0,-0.48498745348279537,0.0,5.1399471447021154,0.0
13.512,-1.0861031040613027,0.0,-0.4746998142278808,0.0,5.147676022529797,0.0
13.514000000000001,-1.0870422032334275,0.0,-0.4643968138127932,0.0,5.15530827024142,0.0
13.516,-1.0879606812047498,0.0,-0.4540786457049687,0.0,5.1628436809321405,0.0
13.518,-1.088858507833696,0.0,-0.44374550378385513,0.0,5.170282049496675,0.0
13.52,-1.0897356533668587,0.0,-0.43339758233731485,0.0,5.177623172634365,0.0
13.522,-1.0905920884398146,0.0,-0.4230350760579694,0.0,5.184866848854313,0.0
13.524000000000001,-1.0914277840779232,0.0,-0.4126581800396585,0.0,5.192012878480335,0.0
13.526,-1.092242711697132,0.0,-0.40226708977373016,0.0,5.199061063656037,0.0
13.528,-1.0930368431047677,0.0,-0.39186200114539593,0.0,5.206011208349782,0.0
13.530000000000001,-1.0938101505003146,0.0,-0.38144311043015233,0.0,5.212863118359572,0.0
13.532,-1.0945626064761962,0.0,-0.3710106142900408,0.0,5.219616601318009,0.0
13.534,-1.0952941840185462,0.0,-0.3605647097699737,0.0,5.2262714666971695,0.0
13.536,-1.0960048565079639,0.0,-0.35010559429413485,0.0,5.232827525813379,0.0
13.538,-1.0966945977202767,0.0,-0.3396334656621678,0.0,5.239284591832092,0.0
13.540000000000001,-1.0973633818272817,0.0,-0.32914852204555767,0.0,5.245642479772613,0.0
13.542,-1.0980111833974877,0.0,-0.3186509619839186,0.0,5.2519010065128295,0.0
13.544,-1.0986379773968487,0.0,-0.30814098438118687,0.0,5.258059990793956,0.0
13.546000000000001,-1.099243739189487,0.0,-0.29761878850200874,0.0,5.2641192532251395,0.0
13.548,-1.0998284445384119,0.0,-0.287084573967915,0.0,5.2700786162881315,0.0
13.55,-1.1003920696062306,0.0,-0.2765385407535705,0.0,5.275937904341887,0.0
13.552,-1.1009345909558477,0.0,-0.2659808891831013,0.0,5.28169694362708,0.0
13.554,-1.101455985551164,0.0,-0.2554118199262067,0.0,5.287355562270691,0.0
13.556000000000001,-1.1019562307577624,0.0,-0.24483153399446758,0.0,5.292913590290458,0.0
13.558,-1.1024353043435844,0.0,-0.23424023273756062,0.0,5.298370859599316,0.0
13.56,-1.1028931844796108,0.0,-0.2236381178393863,0.0,5.30372720400989,0.0
13.562000000000001,-1.1033298497405173,0.0,-0.21302539131434228,0.0,5.308982459238801,0.0
13.564,-1.103745279105337,0.0,-0.202402255503511,0.0,5.314136462911044,0.0
13.566,-1.1041394519581096,0.0,-0.19176891307076155,0.0,5.319189054564331,0.0
13.568,-1.1045123480885204,0.0,-0.1811255669990055,0.0,5.32414007565332,0.0
13.57,-1.104863947692538,0.0,-0.17047242058631626,0.0,5.328989369553892,0.0
13.572000000000001,-1.105194231373038,0.0,-0.15980967744208188,0.0,5.333736781567347,0.0
13.574,-1.105503180140423,0.0,-0.14913754148319364,0.0,5.338382158924552,0.0
13.576,-1.1057907754132346,0.0,-0.13845621693009608,0.0,5.342925350790127,0.0
13.578,-1.106056999018754,0.0,-0.12776590830301066,0.0,5.347366208266484,0.0
13.58,-1.1063018331936014,0.0,-0.11706682041796958,0.0,5.351704584397936,0.0
13.582,-1.1065252605843199,0.0,-0.10635915838302303,0.0,5.355940334174683,0.0
13.584,-1.106727264247958,0.0,-0.09564312759425692,0.0,5.360073314536829,0.0
13.586,-1.1069078276526416,0.0,-0.0849189337319326,0.0,5.364103384378317,0.0
13.588000000000001,-1.1070669346781374,0.0,-0.07418678275656619,0.0,5.368030404550852,0.0
13.59,-1.1072045696164108,0.0,-0.06344688090500954,0.0,5.371854237867774,0.0
13.592,-1.1073207171721735,0.0,-0.05269943468652302,0.0,5.375574749107905,0.0
13.594,-1.1074153624634249,0.0,-0.041944650878849174,0.0,5.379191805019341,0.0
13.596,-1.107488491021985,0.0,-0.031182736524227483,0.0,5.382705274323233,0.0
13.598,-1.10754008879402,0.0,-0.020413898925530916,0.0,5.386115027717501,0.0
13.6,-1.1075701421405588,0.0,-0.009638345642230706,0.0,5.389420937880541,0.0
13.602,-1.107578637838002,0.0,0.0011437155135683719,0.0,5.392622879474874,0.0
13.604000000000001,-1.1075655630786245,0.0,0.011932076481021375,0.0,5.3957207291507485,0.0
13.606,-1.1075309054710685,0.0,0.022726528954600783,0.0,5.398714365549745,0.0
13.608,-1.1074746530408275,0.0,0.03352686438808267,0.0,5.401603669308303,0.0
13.61,-1.1073967942307263,0.0,0.044332873998452815,0.0,5.404388523061218,0.0
13.612,-1.1072973179013876,0.0,0.05514434877003743,0.0,5.40706881144513,0.0
13.614,-1.107176213331697,0.0,0.06596107945837978,0.0,5.409644421101925,0.0
13.616,-1.107033470219251,0.0,0.07678285659434106,0.0,5.412115240682133,0.0
13.618,-1.1068690786808093,0.0,0.08760947048812123,0.0,5.4144811608483,0.0
13.620000000000001,-1.1066830292527263,0.0,0.09844071123320769,0.0,5.416742074278268,0.0
13.622,-1.106475312891384,0.0,0.1092763687104879,0.0,5.418897875668474,0.0
13.624,-1.10624592097361,0.0,0.12011623259228932,0.0,5.420948461737173,0.0
13.626,-1.1059948452970956,0.0,0.13096009234633973,0.0,5.422893731227643,0.0
13.628,-1.1057220780807941,0.0,0.14180773723994192,0.0,5.424733584911341,0.0
13.63,-1.105427611965324,0.0,0.15265895634394624,0.0,5.426467925591027,0.0
13.632,-1.1051114400133548,0.0,0.16351353853681647,0.0,5.428096658103837,0.0
13.634,-1.104773555709987,0.0,0.17437127250877976,0.0,5.429619689324338,0.0
13.636000000000001,-1.1044139529631254,0.0,0.1852319467658261,0.0,5.43103692816752,0.0
13.638,-1.1040326261038456,0.0,0.1960953496337921,0.0,5.432348285591763,0.0
13.64,-1.1036295698867467,0.0,0.20696126926252983,0.0,5.4335536746017805,0.0
13.642,-1.1032047794902993,0.0,0.21782949362991386,0.0,5.43465301025147,0.0
13.644,-1.1027582505171905,0.0,0.2286998105459875,0.0,5.435646209646796,0.0
13.646,-1.102289978994648,0.0,0.2395720076570688,0.0,5.436533191948579,0.0
13.648,-1.1017999613747709,0.0,0.25044587244981975,0.0,5.437313878375263,0.0
13.65,-1.1012881945348372,0.0,0.2613211922554514,0.0,5.437988192205652,0.0
13.652000000000001,-1.100754675777617,0.0,0.27219775425376924,0.0,5.438556058781599,0.0
13.654,-1.1001994028316688,0.0,0.28307534547730095,0.0,5.439017405510644,0.0
13.656,-1.099622373851629,0.0,0.2939537528155103,0.0,5.439372161868648,0.0
13.658,-1.0990235874184937,0.0,0.3048327630188471,0.0,5.4396202594023215,0.0
13.66,-1.0984030425398967,0.0,0.31571216270293767,0.0,5.439761631731808,0.0
13.662,-1.097760738650369,0.0,0.3265917383527231,0.0,5.439796214553125,0.0
13.664,-1.0970966756116003,0.0,0.33747127632661506,0.0,5.439723945640648,0.0
13.666,-1.0964108537126864,0.0,0.34835056286065397,0.0,5.439544764849503,0.0
13.668000000000001,-1.0957032736703696,0.0,0.35922938407267335,0.0,5.43925861411794,0.0
13.67,-1.094973936629272,0.0,0.3701075259664687,0.0,5.438865437469667,0.0
13.672,-1.0942228441621173,0.0,0.3809847744359691,0.0,5.438365181016133,0.0
13.674,-1.0934499982699506,0.0,0.3918609152694091,0.0,5.4377577929587835,0.0
13.676,-1.092655401382337,0.0,0.4027357341535514,0.0,5.437043223591256,0.0
13.678,-1.0918390563575737,0.0,0.4136090166777886,0.0,5.436221425301569,0.0
13.68,-1.0910009664828664,0.0,0.42448054833841964,0.0,5.435292352574227,0.0
13.682,-1.0901411354745218,0.0,0.4353501145428028,0.0,5.434255961992324,0.0
13.684000000000001,-1.0892595674781158,0.0,0.4462175006135622,0.0,5.433112212239581,0.0
13.686,-1.0883562670686602,0.0,0.4570824917927917,0.0,5.43186106410235,0.0
13.688,-1.0874312392507601,0.0,0.46794487324626277,0.0,5.430502480471584,0.0
13.69,-1.0864844894587626,0.0,0.4788044300676256,0.0,5.429036426344757,0.0
13.692,-1.0855160235568924,0.0,0.48966094728266846,0.0,5.427462868827745,0.0
13.694,-1.0845258478393929,0.0,0.5005142098534496,0.0,5.425781777136677,0.0
13.696,-1.0835139690306392,0.0,0.5113640026825961,0.0,5.423993122599718,0.0
13.698,-1.0824803942852574,0.0,0.5222101106175325,0.0,5.4220968786588415,0.0
13.700000000000001,-1.0814251311882326,0.0,0.5330523184546292,0.0,5.420093020871548,0.0
13.702,-1.080348187755004,0.0,0.5438904109435154,0.0,5.417981526912536,0.0
13.704,-1.0792495724315516,0.0,0.5547241727913137,0.0,5.4157623765753335,0.0
13.706,-1.0781292940944862,0.0,0.5655533886667938,0.0,5.413435551773911,0.0
13.708,-1.07698736205111,0.0,0.5763778432047351,0.0,5.411001036544204,0.0
13.71,-1.0758237860394873,0.0,0.5871973210100863,0.0,5.408458817045651,0.0
13.712,-1.0746385762285042,0.0,0.5980116066622145,0.0,5.405808881562664,0.0
13.714,-1.073431743217901,0.0,0.6088204847192411,0.0,5.40305122050602,0.0
13.716000000000001,-1.0722032980383287,0.0,0.6196237397221771,0.0,5.400185826414303,0.0
13.718,-1.070953252151364,0.0,0.6304211561992645,0.0,5.397212693955197,0.0
13.72,-1.0696816174495356,0.0,0.641212518670238,0.0,5.394131819926819,0.0
13.722,-1.0683884062563436,0.0,0.6519976116504984,0.0,5.390943203258979,0.0
13.724,-1.0670736313262517,0.0,0.6627762196555006,0.0,5.387646845014384,0.0
13.726,-1.065737305844691,0.0,0.6735481272049311,0.0,5.384242748389824,0.0
13.728,-1.0643794434280502,0.0,0.6843131188269808,0.0,5.380730918717327,0.0
13.73,-1.063000058123642,0.0,0.6950709790626913,0.0,5.37711136346521,0.0
13.732000000000001,-1.0615991644096845,0.0,0.7058214924701537,0.0,5.373384092239165,0.0
13.734,-1.060176777195261,0.0,0.7165644436287811,0.0,5.369549116783269,0.0
13.736,-1.058732911820267,0.0,0.7272996171436668,0.0,5.365606450980923,0.0
13.738,-1.0572675840553598,0.0,0.7380267976497756,0.0,5.361556110855807,0.0
13.74,-1.055780810101895,0.0,0.748745769816271,0.0,5.357398114572751,0.0
13.742,-1.054272606591849,0.0,0.759456318350794,0.0,5.353132482438568,0.0
13.744,-1.0527429905877472,0.0,0.77015822800371,0.0,5.3487592369028825,0.0
13.746,-1.0511919795825593,0.0,0.7808512835724776,0.0,5.3442784025588415,0.0
13.748000000000001,-1.0496195914996138,0.0,0.7915352699058593,0.0,5.3396900061438615,0.0
13.75,-1.0480258446924913,0.0,0.8022099719082133,0.0,5.33499407654031,0.0
13.752,-1.0464107579448951,0.0,0.8128751745438577,0.0,5.330190644776088,0.0
13.754,-1.0447743504705425,0.0,0.8235306628412791,0.0,5.325279744025259,0.0
13.756,-1.0431166419130256,0.0,0.8341762218974674,0.0,5.320261409608589,0.0
13.758000000000001,-1.041437652345669,0.0,0.8448116368822012,0.0,5.315135678994026,0.0
13.76,-1.0397374022713812,0.0,0.8554366930423414,0.0,5.309902591797177,0.0
13.762,-1.0380159126224988,0.0,0.8660511757061301,0.0,5.304562189781722,0.0
13.764000000000001,-1.036273204760614,0.0,0.8766548702874835,0.0,5.299114516859786,0.0
13.766,-1.0345093004764032,0.0,0.8872475622902913,0.0,5.293559619092272,0.0
13.768,-1.0327242219894417,0.0,0.8978290373127147,0.0,5.287897544689146,0.0
13.77,-1.030917991948012,0.0,0.9083990810514746,0.0,5.282128344009695,0.0
13.772,-1.029090633428894,0.0,0.9189574793061943,0.0,5.2762520695627,0.0
13.774000000000001,-1.0272421699371732,0.0,0.9295040179836139,0.0,5.270268776006647,0.0
13.776,-1.0253726254060034,0.0,0.9400384831019648,0.0,5.264178520149801,0.0
13.778,-1.0234820241963845,0.0,0.9505606607952706,0.0,5.257981360950282,0.0
13.780000000000001,-1.0215703910969374,0.0,0.9610703373175704,0.0,5.251677359516141,0.0
13.782,-1.0196377513236454,0.0,0.9715672990473031,0.0,5.245266579105301,0.0
13.784,-1.0176841305196078,0.0,0.9820513324915647,0.0,5.238749085125522,0.0
13.786,-1.0157095547547808,0.0,0.9925222242904088,0.0,5.232124945134318,0.0
13.788,-1.0137140505256947,0.0,1.0029797612211853,0.0,5.225394228838773,0.0
13.790000000000001,-1.0116976447551966,0.0,1.0134237302027593,0.0,5.218557008095429,0.0
13.792,-1.0096603647921452,0.0,1.0238539182998831,0.0,5.211613356910004,0.0
13.794,-1.0076022384111134,0.0,1.0342701127274936,0.0,5.204563351437118,0.0
13.796000000000001,-1.0055232938121037,0.0,1.044672100854937,0.0,5.197407069980053,0.0
13.798,-1.003423559620214,0.0,1.0550596702103365,0.0,5.1901445929903165,0.0
13.8,-1.0013030648853196,0.0,1.0654326084848948,0.0,5.182776003067272,0.0
13.802,-0.9991618390817595,0.0,1.0757907035371004,0.0,5.175301384957742,0.0
13.804,-0.9969999121079717,0.0,1.0861337433971416,0.0,5.167720825555448,0.0
13.806000000000001,-0.9948173142861638,0.0,1.0964615162711149,0.0,5.160034413900536,0.0
13.808,-0.9926140763619578,0.0,1.106773810545319,0.0,5.152242241179018,0.0
13.81,-0.9903902295040079,0.0,1.1170704147906187,0.0,5.144344400722096,0.0
13.812000000000001,-0.988145805303644,0.0,1.1273511177666624,0.0,5.136340988005564,0.0
13.814,-0.9858808357744896,0.0,1.1376157084261669,0.0,5.128232100649106,0.0
13.816,-0.9835953533520545,0.0,1.147863975919293,0.0,5.120017838415504,0.0
13.818,-0.98128939089336,0.0,1.1580957095978004,0.0,5.111698303209925,0.0
13.82,-0.9789629816765077,0.0,1.1683106990194605,0.0,5.103273599079024,0.0
13.822000000000001,-0.9766161594002777,0.0,1.1785087339522522,0.0,5.094743832210104,0.0
13.824,-0.9742489581837077,0.0,1.1886896043786463,0.0,5.08610911093024,0.0
13.826,-0.9718614125656401,0.0,1.1988531004999545,0.0,5.077369545705225,0.0
13.828,-0.9694535575042998,0.0,1.208999012740526,0.0,5.06852524913866,0.0
13.83,-0.9670254283768357,0.0,1.219127131752061,0.0,5.0595763359708705,0.0
13.832,-0.9645770609788606,0.0,1.2292372484178784,0.0,5.050522923077814,0.0
13.834,-0.9621084915239869,0.0,1.239329153857182,0.0,5.041365129469967,0.0
13.836,-0.9596197566433485,0.0,1.2494026394293305,0.0,5.032103076291141,0.0
13.838000000000001,-0.9571108933851176,0.0,1.2594574967381031,0.0,5.022736886817265,0.0
13.84,-0.954581939214009,0.0,1.2694935176359605,0.0,5.013266686455126,0.0
13.842,-0.9520329320107828,0.0,1.2795104942283089,0.0,5.003692602741076,0.0
13.844,-0.9494639100717321,0.0,1.2895082188777451,0.0,4.9940147653396725,0.0
13.846,-0.9468749121081568,0.0,1.2994864842083567,0.0,4.98423330604227,0.0
13.848,-0.9442659772458553,0.0,1.3094450831098896,0.0,4.974348358765656,0.0
13.85,-0.9416371450245695,0.0,1.31938380874208,0.0,4.9643600595504935,0.0
13.852,-0.93898845539745,0.0,1.329302454538861,0.0,4.954268546559849,0.0
13.854000000000001,-0.9363199487305024,0.0,1.3392008142126117,0.0,4.944073960077616,0.0
13.856,-0.9336316658020244,0.0,1.349078681758399,0.0,4.933776442506909,0.0
13.858,-0.9309236478020391,0.0,1.358935851458214,0.0,4.923376138368426,0.0
13.86,-0.9281959363317156,0.0,1.3687721178851975,0.0,4.912873194298748,0.0
13.862,-0.9254485734027742,0.0,1.378587275907909,0.0,4.902267759048574,0.0
13.864,-0.9226816014369126,0.0,1.388381120694475,0.0,4.891559983481024,0.0
13.866,-0.9198950632651817,0.0,1.398153447716883,0.0,4.880750020569741,0.0
13.868,-0.9170890021273744,0.0,1.4079040527551996,0.0,4.869838025397026,0.0
13.870000000000001,-0.9142634616714265,0.0,1.4176327319017172,0.0,4.858824155152014,0.0
13.872,-0.9114184859527656,0.0,1.427339281565235,0.0,4.847708569128637,0.0
13.874,-0.9085541194336749,0.0,1.4370234984752641,0.0,4.836491428723631,0.0
13.876,-0.9056704069826711,0.0,1.4466851796861602,0.0,4.825172897434603,0.0
13.878,-0.9027673938738172,0.0,1.4563241225814239,0.0,4.8137531408578065,0.0
13.88,-0.899845125786083,0.0,1.4659401248778228,0.0,4.802232326686117,0.0
13.882,-0.8969036488026765,0.0,1.4755329846295837,0.0,4.790610624706876,0.0
13.884,-0.8939430094103381,0.0,1.4851025002326526,0.0,4.778888206799573,0.0
13.886000000000001,-0.8909632544986891,0.0,1.4946484704287715,0.0,4.767065246933742,0.0
13.888,-0.88796443135951,0.0,1.5041706943097328,0.0,4.75514192116656,0.0
13.89,-0.8849465876860373,0.0,1.5136689713215523,0.0,4.74311840764052,0.0
13.892,-0.881909771572275,0.0,1.5231431012685603,0.0,4.730994886581142,0.0
13.894,-0.8788540315122388,0.0,1.532592884317672,0.0,4.718771540294409,0.0
13.896,-0.8757794163992528,0.0,1.542018121002471,0.0,4.706448553164414,0.0
13.898,-0.8726859755252103,0.0,1.5514186122273614,0.0,4.694026111650839,0.0
13.9,-0.869573758579808,0.0,1.5607941592717873,0.0,4.681504404286323,0.0
13.902000000000001,-0.8664428156498105,0.0,1.5701445637943037,0.0,4.668883621673947,0.0
13.904,-0.8632931972182927,0.0,1.5794696278367197,0.0,4.656163956484614,0.0
13.906,-0.860124954163842,0.0,1.5887691538282953,0.0,4.643345603454261,0.0
13.908,-0.856938137759808,0.0,1.598042944589796,0.0,4.630428759381256,0.0
13.91,-0.8537327996735008,0.0,1.6072908033376516,0.0,4.617413623123571,0.0
13.912,-0.8505089919653951,0.0,1.616512533688072,0.0,4.604300395595976,0.0
13.914,-0.8472667670883423,0.0,1.6257079396611223,0.0,4.5910892797672505,0.0
13.916,-0.8440061778867287,0.0,1.634876825684901,0.0,4.577780480657173,0.0
13.918000000000001,-0.8407272775956819,0.0,1.6440189965995717,0.0,4.564374205333696,0.0
13.92,-0.8374301198402413,0.0,1.6531342576614572,0.0,4.550870662909956,0.0
13.922,-0.8341147586344988,0.0,1.6622224145471955,0.0,4.537270064541173,0.0
13.924,-0.8307812483807787,0.0,1.671283273357743,0.0,4.523572623421674,0.0
13.926,-0.8274296438687745,0.0,1.6803166406224905,0.0,4.509778554781765,0.0
13.928,-0.8240600002746877,0.0,1.6893223233033203,0.0,4.495888075884567,0.0
13.93,-0.8206723731603612,0.0,1.6983001287986743,0.0,4.481901406022847,0.0
13.932,-0.8172668184724003,0.0,1.7072498649476038,0.0,4.467818766515777,0.0
13.934000000000001,-0.8138433925412892,0.0,1.7161713400338245,0.0,4.453640380705669,0.0
13.936,-0.8104021520804952,0.0,1.7250643627897546,0.0,4.439366473954649,0.0
13.938,-0.8069431541855703,0.0,1.7339287424005572,0.0,4.424997273641315,0.0
13.94,-0.8034664563332414,0.0,1.7427642885081551,0.0,4.410533009157335,0.0
13.942,-0.7999721163804814,0.0,1.7515708112152955,0.0,4.395973911903958,0.0
13.944,-0.7964601925636098,0.0,1.7603481210894927,0.0,4.381320215288645,0.0
13.946,-0.7929307434973346,0.0,1.7690960291670978,0.0,4.3665721547214345,0.0
13.948,-0.78938382817381,0.0,1.7778143469573056,0.0,4.351729967611381,0.0
13.950000000000001,-0.7858195059617138,0.0,1.7865028864460808,0.0,4.336793893363052,0.0
13.952,-0.7822378366052593,0.0,1.795161460100219,0.0,4.32176417337276,0.0
13.954,-0.7786388802232456,0.0,1.8037898808712896,0.0,4.306641051024924,0.0
13.956,-0.7750226973080833,0.0,1.8123879621996095,0.0,4.291424771688347,0.0
13.958,-0.7713893487247977,0.0,1.8209555180182397,0.0,4.276115582712366,0.0
13.96,-0.7677388957100716,0.0,1.82949236275688,0.0,4.2607137334231755,0.0
13.962,-0.7640713998712176,0.0,1.8379983113458729,0.0,4.245219475119842,0.0
13.964,-0.7603869231851756,0.0,1.8464731792201516,0.0,4.22963306107041,0.0
13.966000000000001,-0.7566855279975261,0.0,1.8549167823231099,0.0,4.213954746508081,0.0
13.968,-0.7529672770214413,0.0,1.8633289371105886,0.0,4.198184788627106,0.0
13.97,-0.7492322333366573,0.0,1.8717094605547966,0.0,4.182323446578772,0.0
13.972,-0.7454804603884675,0.0,1.880058170148152,0.0,4.166370981467459,0.0
13.974,-0.7417120219866356,0.0,1.8883748839072771,0.0,4.150327656346355,0.0
13.976,-0.7379269823043735,0.0,1.896659420376827,0.0,4.13419373621344,0.0
13.978,-0.7341254058772819,0.0,1.9049115986333722,0.0,4.117969488007299,0.0
13.98,-0.7303073576022554,0.0,1.9131312382893413,0.0,4.101655180602776,0.0
13.982000000000001,-0.7264729027364324,0.0,1.92131815949682,0.0,4.085251084806813,0.0
13.984,-0.7226221068961154,0.0,1.929472182951422,0.0,4.068757473354156,0.0
13.986,-0.7187550360556453,0.0,1.9375931298961953,0.0,4.052174620902854,0.0
13.988,-0.714871756546353,0.0,1.9456808221253759,0.0,4.035502804030083,0.0
13.99,-0.7109723350554034,0.0,1.9537350819883137,0.0,4.018742301227498,0.0
13.992,-0.7070568386247141,0.0,1.9617557323932315,0.0,4.0018933928969,0.0
13.994,-0.7031253346498344,0.0,1.9697425968110454,0.0,3.98495636134573,0.0
13.996,-0.6991778908787855,0.0,1.9776954992792248,0.0,3.9679314907823775,0.0
13.998000000000001,-0.6952145754109549,0.0,1.985614264405535,0.0,3.9508190673117216,0.0
14.0,-0.6912354566959494,0.0,1.9934987173718226,0.0,3.933619378930488,0.0
14.002,-0.6872406035324171,0.0,2.0013486839378576,0.0,3.9163327155224565,0.0
14.004,-0.6832300850669167,0.0,2.0091639904450305,0.0,3.898959368853877,0.0
14.006,-0.6792039707927378,0.0,2.0169444638201544,0.0,3.8814996325686515,0.0
14.008000000000001,-0.6751623305487265,0.0,2.024689931579198,0.0,3.8639538021835484,0.0
14.01,-0.6711052345181057,0.0,2.032400221831037,0.0,3.8463221750833694,0.0
14.012,-0.6670327532272834,0.0,2.0400751632811787,0.0,3.828605050516072,0.0
14.014000000000001,-0.6629449575446548,0.0,2.047714585235493,0.0,3.8108027295878437,0.0
14.016,-0.6588419186794122,0.0,2.0553183176038887,0.0,3.792915515258217,0.0
14.018,-0.6547237081803015,0.0,2.0628861909040834,0.0,3.7749437123349296,0.0
14.02,-0.6505903979344352,0.0,2.070418036265226,0.0,3.7568876274690415,0.0
14.022,-0.6464420601660507,0.0,2.0779136854316165,0.0,3.7387475691497825,0.0
14.024000000000001,-0.642278767435277,0.0,2.0853729707663646,0.0,3.7205238476994547,0.0
14.026,-0.6381005926368962,0.0,2.092795725255053,0.0,3.7022167752682846,0.0
14.028,-0.6339076089990935,0.0,2.100181782509392,0.0,3.6838266658292325,0.0
14.030000000000001,-0.6296998900822012,0.0,2.107530976770852,0.0,3.6653538351727537,0.0
14.032,-0.625477509777436,0.0,2.1148431429142995,0.0,3.6467986009015405,0.0
14.034,-0.6212405423056288,0.0,2.122118116451615,0.0,3.628161282425207,0.0
14.036,-0.6169890622159497,0.0,2.1293557335352933,0.0,3.609442200954958,0.0
14.038,-0.6127231443846065,0.0,2.136555830962071,0.0,3.590641679498126,0.0
14.040000000000001,-0.6084428640135872,0.0,2.143718246176459,0.0,3.571760042852904,0.0
14.042,-0.6041482966293295,0.0,2.1508428172743677,0.0,3.552797617602741,0.0
14.044,-0.5998395180814146,0.0,2.1579293830066706,0.0,3.533754732110838,0.0
14.046000000000001,-0.5955166045412849,0.0,2.1649777827827084,0.0,3.51463171651475,0.0
14.048,-0.5911796325008919,0.0,2.1719878566738866,0.0,3.4954289027206666,0.0
14.05,-0.5868286787713691,0.0,2.1789594454171994,0.0,3.4761466243977948,0.0
14.052,-0.5824638204817324,0.0,2.185892390418704,0.0,3.456785216972864,0.0
14.054,-0.5780851350774845,0.0,2.1927865337571033,0.0,3.437345017624188,0.0
14.056000000000001,-0.573692700319321,0.0,2.199641718187168,0.0,3.417826365276182,0.0
14.058,-0.5692865942817372,0.0,2.2064577871432745,0.0,3.3982296005934254,0.0
14.06,-0.5648668953516672,0.0,2.21323458474288,0.0,3.3785550659748607,0.0
14.062000000000001,-0.5604336822271456,0.0,2.2199719557899362,0.0,3.358803105548093,0.0
14.064,-0.5559870339158989,0.0,2.2266697457783904,0.0,3.3389740651633573,0.0
14.066,-0.5515270297339615,0.0,2.233327800895624,0.0,3.319068292387606,0.0
14.068,-0.547053749304323,0.0,2.239945968025828,0.0,3.29908613649871,0.0
14.07,-0.542567272555479,0.0,2.2465240947534895,0.0,3.2790279484792375,0.0
14.072000000000001,-0.5380676797200638,0.0,2.253062029366746,0.0,3.258894081010583,0.0
14.074,-0.5335550513334405,0.0,2.2595596208607773,0.0,3.238684888466907,0.0
14.076,-0.5290294682322492,0.0,2.2660167189412284,0.0,3.21840072690887,0.0
14.078000000000001,-0.5244910115530171,0.0,2.2724331740275328,0.0,3.198041954077647,0.0
14.08,-0.5199397627307266,0.0,2.278808837256264,0.0,3.1776089293887457,0.0
14.082,-0.5153758034973416,0.0,2.285143560484535,0.0,3.1571020139256256,0.0
14.084,-0.5107992158804174,0.0,2.291437196293243,0.0,3.1365215704336906,0.0
14.086,-0.506210082201596,0.0,2.297689597990476,0.0,3.1158679633137583,0.0
14.088000000000001,-0.5016084850751832,0.0,2.303900619614749,0.0,3.095141558615886,0.0
14.09,-0.496994507406687,0.0,2.3100701159383132,0.0,3.074342724033029,0.0
14.092,-0.492368232391311,0.0,2.31619794247047,0.0,3.053471828894475,0.0
14.094,-0.4877297435125161,0.0,2.322283955460791,0.0,3.0325292441595852,0.0
14.096,-0.4830791245405167,0.0,2.328328011902397,0.0,3.011515342411239,0.0
14.098,-0.4784164595307956,0.0,2.334329969535192,0.0,2.9904304978493474,0.0
14.1,-0.47374183282260507,0.0,2.34028968684909,0.0,2.9692750862843034,0.0
14.102,-0.46905532903746633,0.0,2.3462070230872345,0.0,2.9480494851304155,0.0
14.104000000000001,-0.4643570330776571,0.0,2.352081838249192,0.0,2.926754073399286,0.0
14.106,-0.4596470301246976,0.0,2.3579139930941464,0.0,2.905389231693168,0.0
14.108,-0.45492540563782735,0.0,2.3637033491440707,0.0,2.8839553421982815,0.0
14.11,-0.4501922453524802,0.0,2.3694497686868834,0.0,2.862452788678107,0.0
14.112,-0.4454476352787301,0.0,2.375153114779621,0.0,2.840881956466551,0.0
14.114,-0.4406916616997887,0.0,2.380813251251523,0.0,2.8192432324613304,0.0
14.116,-0.4359244111704225,0.0,2.386430042707201,0.0,2.79753700511699,0.0
14.118,-0.43114597051539916,0.0,2.392003354529735,0.0,2.7757636644380446,0.0
14.120000000000001,-0.4263564268279627,0.0,2.3975330528837335,0.0,2.753923601972245,0.0
14.122,-0.42155586746822776,0.0,2.403019004718454,0.0,2.7320172108034746,0.0
14.124,-0.4167443800616278,0.0,2.4084610777708533,0.0,2.710044885544878,0.0
14.126,-0.4119220524973355,0.0,2.413859140568627,0.0,2.6880070223318615,0.0
14.128,-0.4070889729266595,0.0,2.419213062433278,0.0,2.6659040188149765,0.0
14.13,-0.4022452297614926,0.0,2.4245227134830936,0.0,2.643736274153034,0.0
14.132,-0.3973909116726799,0.0,2.4297879646361964,0.0,2.62150418900585,0.0
14.134,-0.392526107588416,0.0,2.43500868761353,0.0,2.5992081655271004,0.0
14.136000000000001,-0.3876509066926724,0.0,2.4401847549418156,0.0,2.576848607357339,0.0
14.138,-0.3827653984235463,0.0,2.4453160399565426,0.0,2.554425919616616,0.0
14.14,-0.37786967247164166,0.0,2.4504024168049305,0.0,2.5319405088972604,0.0
14.142,-0.37296381877848095,0.0,2.455443760448819,0.0,2.5093927832567893,0.0
14.144,-0.3680479275348185,0.0,2.460439946667651,0.0,2.4867831522103576,0.0
14.146,-0.36312208917904126,0.0,2.465390852061339,0.0,2.4641120267236083,0.0
14.148,-0.35818639439552585,0.0,2.470296354053159,0.0,2.441379819205309,0.0
14.15,-0.35324093411295243,0.0,2.4751563308926663,0.0,2.4185869434997898,0.0
14.152000000000001,-0.34828579950268523,0.0,2.479970661658521,0.0,2.3957338148796823,0.0
14.154,-0.34332108197711203,0.0,2.4847392262613397,0.0,2.3728208500384516,0.0
14.156,-0.3383468731879366,0.0,2.4894619054465665,0.0,2.3498484670827233,0.0
14.158,-0.3333632650245673,0.0,2.4941385807972387,0.0,2.3268170855250343,0.0
14.16,-0.3283703496123776,0.0,2.4987691347368384,0.0,2.303727126275991,0.0
14.162,-0.323368219311064,0.0,2.5033534505320554,0.0,2.280579011636873,0.0
14.164,-0.31835696671295594,0.0,2.507891412295552,0.0,2.2573731652920066,0.0
14.166,-0.3133366846412849,0.0,2.512382904988759,0.0,2.2341100123009405,0.0
14.168000000000001,-0.3083074661485205,0.0,2.516827814424583,0.0,2.210789979090934,0.0
14.17,-0.30326940451466555,0.0,2.5212260272701386,0.0,2.187413493449241,0.0
14.172,-0.2982225932455071,0.0,2.525577431049485,0.0,2.1639809845151867,0.0
14.174,-0.29316712607094164,0.0,2.529881914146297,0.0,2.140492882772584,0.0
14.176,-0.288103096943232,0.0,2.5341393658065545,0.0,2.116949620041825,0.0
14.178,-0.2830306000352849,0.0,2.5383496761412094,0.0,2.093351629472062,0.0
14.18,-0.2779497297389177,0.0,2.5425127361288338,0.0,2.069699345533332,0.0
14.182,-0.2728605806631209,0.0,2.546628437618257,0.0,2.045993204008663,0.0
14.184000000000001,-0.26776324763231074,0.0,2.550696673331178,0.0,2.022233641986111,0.0
14.186,-0.2626578256846018,0.0,2.5547173368647638,0.0,1.9984210978509047,0.0
14.188,-0.25754441007001133,0.0,2.5586903226942583,0.0,1.974556011277253,0.0
14.19,-0.252423096248743,0.0,2.562615526175523,0.0,1.9506388232205185,0.0
14.192,-0.2472939798894015,0.0,2.5664928435476084,0.0,1.926669975909068,0.0
14.194,-0.2421571568672283,0.0,2.57032217193529,0.0,1.9026499128362087,0.0
14.196,-0.23701272326232753,0.0,2.574103409351585,0.0,1.8785790787520777,0.0
14.198,-0.23186077535788668,0.0,2.5778364547002623,0.0,1.854457919655501,0.0
14.200000000000001,-0.2267014096383933,0.0,2.581521207778332,0.0,1.830286882785822,0.0
14.202,-0.22153472278784508,0.0,2.585157569278511,0.0,1.8060664166147027,0.0
14.204,-0.21636081168795707,0.0,2.5887454407916928,0.0,1.7817969708378965,0.0
14.206,-0.21117977341636607,0.0,2.592284724809371,0.0,1.7574789963670092,0.0
14.208,-0.20599170524480678,0.0,2.5957753247260844,0.0,1.7331129453211158,0.0
14.21,-0.20079670463734486,0.0,2.599217144841794,0.0,1.708699271018643,0.0
14.212,-0.195594869248526,0.0,2.6026100903642986,0.0,1.6842384279688485,0.0
14.214,-0.19038629692155784,0.0,2.605954067411606,0.0,1.6597308718634505,0.0
14.216000000000001,-0.1851710856865253,0.0,2.60924898301427,0.0,1.635177059568408,0.0
14.218,-0.17994933375852468,0.0,2.6124947451177465,0.0,1.6105774491153144,0.0
14.22,-0.17472113953583218,0.0,2.615691262584726,0.0,1.5859324996929427,0.0
14.222,-0.1694866015981089,0.0,2.6188384451974045,0.0,1.561242671638964,0.0
14.224,-0.16424581870449642,0.0,2.6219362036598204,0.0,1.5365084264311386,0.0
14.226,-0.1589988897918339,0.0,2.624984449600078,0.0,1.5117302266790764,0.0
14.228,-0.15374591397276594,0.0,2.6279830955726364,0.0,1.486908536115477,0.0
14.23,-0.14848699053388695,0.0,2.630932055060539,0.0,1.4620438195875354,0.0
14.232000000000001,-0.14322221893392056,0.0,2.6338312424776227,0.0,1.4371365430485075,0.0
14.234,-0.13795169880181732,0.0,2.6366805731707332,0.0,1.4121871735488836,0.0
14.236,-0.1326755299348862,0.0,2.639479963421913,0.0,1.387196179227717,0.0
14.238,-0.12739381229696536,0.0,2.6422293304505526,0.0,1.362164029304131,0.0
14.24,-0.12210664601648476,0.0,2.6449285924155626,0.0,1.33709119406831,0.0
14.242,-0.11681413138462832,0.0,2.6475776684174983,0.0,1.3119781448729548,0.0
14.244,-0.1115163688534481,0.0,2.650176478500662,0.0,1.286825354124506,0.0
14.246,-0.10621345903393654,0.0,2.6527249436552363,0.0,1.2616332952741622,0.0
14.248000000000001,-0.10090550269417078,0.0,2.6552229858193295,0.0,1.236402442809235,0.0
14.25,-0.09559260075741512,0.0,2.6576705278810504,0.0,1.2111332722442982,0.0
14.252,-0.09027485430017572,0.0,2.660067493680572,0.0,1.1858262601121066,0.0
14.254,-0.08495236455035918,0.0,2.6624138080121265,0.0,1.1604818839550015,0.0
14.256,-0.07962523288529769,0.0,2.6647093966260473,0.0,1.1351006223156759,0.0
14.258000000000001,-0.07429356082987798,0.0,2.666954186230738,0.0,1.1096829547284282,0.0
14.26,-0.0689574500546231,0.0,2.669148104494652,0.0,1.0842293617101866,0.0
14.262,-0.06361700237373177,0.0,2.671291080048262,0.0,1.0587403247513247,0.0
14.264000000000001,-0.058272319743190935,0.0,2.67338304248598,0.0,1.03321632630682,0.0
14.266,-0.05292350425884624,0.0,2.675423922368085,0.0,1.0076578497872064,0.0
14.268,-0.047570658154429325,0.0,2.6774136512226288,0.0,0.9820653795493172,0.0
14.27,-0.04221388379966368,0.0,2.679352161547312,0.0,0.956439400887393,0.0
14.272,-0.036853283698301924,0.0,2.681239386811357,0.0,0.9307804000238622,0.0
14.274000000000001,-0.0314889604861851,0.0,2.6830752614573474,0.0,0.9050888641002144,0.0
14.276,-0.026121016929294225,0.0,2.6848597209030647,0.0,0.8793652811678374,0.0
14.278,-0.02074955592179805,0.0,2.6865927015432947,0.0,0.8536101401788273,0.0
14.280000000000001,-0.015374680484097247,0.0,2.688274140751619,0.0,0.8278239309767751,0.0
14.282,-0.009996493760865038,0.0,2.68990397688219,0.0,0.8020071442875342,0.0
14.284,-0.004615099019084332,0.0,2.6914821492714913,0.0,0.7761602717099602,0.0
14.286,0.0007694003539143781,0.0,2.69300859824006,0.0,0.7502838057066556,0.0
14.288,0.0061569008524445645,0.0,2.694483265094225,0.0,0.7243782395945604,0.0
14.290000000000001,0.011547298854393451,0.0,2.6959060921277893,0.0,0.6984440675358401,0.0
14.292,0.016940490623242148,0.0,2.6972770226237177,0.0,0.6724817845283286,0.0
14.294,0.022336372310023903,0.0,2.6985960008558014,0.0,0.6464918863962679,0.0
14.296000000000001,0.027734839955311747,0.0,2.699862972090297,0.0,0.620474869780897,0.0
14.298,0.033135789491205,0.0,2.7010778825875508,0.0,0.5944312321310425,0.0
14.3,0.038539116743319196,0.0,2.7022406796036127,0.0,0.568361471693688,0.0
14.302,0.043944717432774526,0.0,2.703351311391807,0.0,0.5422660875045427,0.0
14.304,0.04935248717821394,0.0,2.7044097272043217,0.0,0.5161455793784634,0.0
14.306000000000001,0.054762321497758705,0.0,2.7054158772937367,0.0,0.4900004479001724,0.0
14.308,0.06017411581105004,0.0,2.7063697129145674,0.0,0.46383119441455356,0.0
14.31,0.06558776544125441,0.0,2.70727118632477,0.0,0.4376383210171192,0.0
14.312000000000001,0.0710031656170328,0.0,2.708120250787235,0.0,0.41142233054464566,0.0
14.314,0.07642021147459117,0.0,2.7089168605712617,0.0,0.38518372656540956,0.0
14.316,0.08183879805969477,0.0,2.709660970954004,0.0,0.3589230133695944,0.0
14.318,0.08725882032964169,0.0,2.710352538221915,0.0,0.332640695959889,0.0
14.32,0.09268017315534399,0.0,2.710991519672156,0.0,0.30633728004156013,0.0
14.322000000000001,0.09810275132330679,0.0,2.7115778736139924,0.0,0.28001327201301046,0.0
14.324,0.10352644953765383,0.0,2.7121115593701735,0.0,0.25366917895611196,0.0
14.326,0.1089511624221997,0.0,2.7125925372782866,0.0,0.2273055086263004,0.0
14.328000000000001,0.11437678452241942,0.0,2.713020768692096,0.0,0.20092276944316945,0.0
14.33,0.11980321030752594,0.0,2.7133962159828595,0.0,0.17452147048052835,0.0
14.332,0.12523033417250637,0.0,2.713718842540629,0.0,0.1481021214566608,0.0
14.334,0.13065805044011736,0.0,2.713988612775533,0.0,0.12166523272477214,0.0
14.336,0.13608625336298735,0.0,2.7142054921190284,0.0,0.09521131526291571,0.0
14.338000000000001,0.14151483712561708,0.0,2.714369447025147,0.0,0.06874088066440287,0.0
14.34,0.14694369584642564,0.0,2.7144804449717133,0.0,0.04225444112799259,0.0
14.342,0.15237272357983914,0.0,2.7145384544615507,0.0,0.015752509447863994,0.0
14.344,0.15780181431829737,0.0,2.71454344502365,0.0,-0.010764400996017942,0.0
14.346,0.16323086199433015,0.0,2.714495387214349,0.0,-0.03729577624787772,0.0
14.348,0.16865976048260775,0.0,2.714394252618456,0.0,-0.0638411017859889,0.0
14.35,0.1740884036019998,0.0,2.7142400138503864,0.0,-0.09039986253257526,0.0
14.352,0.17951668511763516,0.0,2.7140326445552567,0.0,-0.11697154286372546,0.0
14.354000000000001,0.184944498742969,0.0,2.713772119409969,0.0,-0.1435556266193495,0.0
14.356,0.19037173814182537,0.0,2.7134584141242764,0.0,-0.17015159711301597,0.0
14.358,0.19579829693050776,0.0,2.7130915054418168,0.0,-0.19675893714213222,0.0
14.36,0.20122406867982431,0.0,2.7126713711411456,0.0,-0.22337712899771067,0.0
14.362,0.2066489469171803,0.0,2.7121979900367332,0.0,-0.2500056544744679,0.0
14.364,0.21207282512864684,0.0,2.711671341979951,0.0,-0.27664399488081715,0.0
14.366,0.21749559676103514,0.0,2.7110914078600254,0.0,-0.3032916310488887,0.0
14.368,0.22291715522397398,0.0,2.7104581696049936,0.0,-0.32994804334457506,0.0
14.370000000000001,0.2283373938919873,0.0,2.7097716101826124,0.0,-0.3566127116775796,0.0
14.372,0.2337562061065755,0.0,2.7090317136012723,0.0,-0.38328511551149236,0.0
14.374,0.23917348517829676,0.0,2.7082384649108717,0.0,-0.409964733873866,0.0
14.376,0.24458912438884714,0.0,2.7073918502036824,0.0,-0.4366510453662975,0.0
14.378,0.2500030169931676,0.0,2.7064918566151865,0.0,-0.46334352817464275,0.0
14.38,0.2554150562214881,0.0,2.7055384723249105,0.0,-0.4900416600789289,0.0
14.382,0.2608251352814549,0.0,2.7045316865572095,0.0,-0.516744918463683,0.0
14.384,0.26623314736022213,0.0,2.7034714895820597,0.0,-0.5434527803280883,0.0
14.386000000000001,0.2716389856265037,0.0,2.7023578727158197,0.0,-0.5701647222959497,0.0
14.388,0.2770425432327063,0.0,2.7011908283219617,0.0,-0.5968802206260683,0.0
14.39,0.2824437133170242,0.0,2.6999703498117964,0.0,-0.6235987512224301,0.0
14.392,0.2878423890054927,0.0,2.6986964316451805,0.0,-0.6503197896441931,0.0
14.394,0.29323846341415016,0.0,2.6973690693311787,0.0,-0.6770428111162262,0.0
14.396,0.29863182965107293,0.0,2.69598825942874,0.0,-0.7037672905390123,0.0
14.398,0.3040223808185184,0.0,2.6945539995473258,0.0,-0.7304927024991016,0.0
14.4,0.30941001001502677,0.0,2.693066288347523,0.0,-0.7572185212793628,0.0
14.402000000000001,0.31479461033748557,0.0,2.691525125541661,0.0,-0.7839442208690527,0.0
14.404,0.32017607488327166,0.0,2.6899305118943655,0.0,-0.8106692749742797,0.0
14.406,0.3255542967523572,0.0,2.6882824492231254,0.0,-0.8373931570282924,0.0
14.408,0.33092916904937225,0.0,2.686580940398834,0.0,-0.8641153402015546,0.0
14.41,0.3363005848857728,0.0,2.6848259893462902,0.0,-0.8908352974123571,0.0
14.412,0.34166843738190567,0.0,2.6830176010447015,0.0,-0.9175525013369162,0.0
14.414,0.3470326196691184,0.0,2.6811557815281657,0.0,-0.944266424419702,0.0
14.416,0.35239302489190716,0.0,2.6792405378860997,0.0,-0.9709765388839655,0.0
14.418000000000001,0.3577495462099903,0.0,2.6772718782636944,0.0,-0.9976823167418962,0.0
14.42,0.3631020768004194,0.0,2.675249811862324,0.0,-1.0243832298049749,0.0
14.422,0.3684505098597356,0.0,2.673174348939919,0.0,-1.0510787496945562,0.0
14.424,0.3737947386060183,0.0,2.671045500811364,0.0,-1.0777683478519209,0.0
14.426,0.3791346562810642,0.0,2.668863279848817,0.0,-1.104451495548982,0.0
14.428,0.3844701561524584,0.0,2.6666276994820604,0.0,-1.1311276638984613,0.0
14.43,0.3898011315156914,0.0,2.6643387741988085,0.0,-1.1577963238642972,0.0
14.432,0.39512747569631235,0.0,2.661996519544974,0.0,-1.18445694627224,0.0
14.434000000000001,0.400449082052008,0.0,2.6596009521249546,0.0,-1.2111090018200827,0.0
14.436,0.40576584397472015,0.0,2.657152089601878,0.0,-1.2377519610880867,0.0
14.438,0.4110776548928006,0.0,2.6546499506978067,0.0,-1.2643852945496052,0.0
14.44,0.4163844082730881,0.0,2.652094555193964,0.0,-1.2910084725813176,0.0
14.442,0.421685997623047,0.0,2.649485923930906,0.0,-1.3176209654737798,0.0
14.444,0.4269823164928823,0.0,2.6468240788086836,0.0,-1.3442222434418638,0.0
14.446,0.4322732584776587,0.0,2.644109042786986,0.0,-1.3708117766352192,0.0
14.448,0.43755871721942025,0.0,2.6413408398852622,0.0,-1.3973890351487452,0.0
14.450000000000001,0.4428385864093093,0.0,2.6385194951828104,0.0,-1.4239534890330647,0.0
14.452,0.44811275978968707,0.0,2.6356450348188702,0.0,-1.4505046083050137,0.0
14.454,0.4533811311562532,0.0,2.6327174859926687,0.0,-1.4770418629581257,0.0
14.456,0.45864359436016156,0.0,2.6297368769634657,0.0,-1.5035647229731093,0.0
14.458,0.4639000433101612,0.0,2.6267032370505494,0.0,-1.530072658328454,0.0
14.46,0.4691503719746751,0.0,2.6236165966332656,0.0,-1.5565651390107282,0.0
14.462,0.4743944743839609,0.0,2.6204769871509526,0.0,-1.5830416350253014,0.0
14.464,0.4796322446322117,0.0,2.61728444110292,0.0,-1.6095016164067573,0.0
14.466000000000001,0.48486357687967824,0.0,2.614038992048366,0.0,-1.635944553229437,0.0
14.468,0.4900883653547901,0.0,2.610740674606293,0.0,-1.6623699156179679,0.0
14.47,0.4953065043562742,0.0,2.6073895244553946,0.0,-1.6887771737577937,0.0
14.472,0.5005178882552705,0.0,2.603985578333928,0.0,-1.7151657979056942,0.0
14.474,0.5057224114974712,0.0,2.6005288740395427,0.0,-1.7415352584004264,0.0
14.476,0.5109199686051986,0.0,2.597019450429139,0.0,-1.7678850256730605,0.0
14.478,0.5161104541795603,0.0,2.5934573474186475,0.0,-1.79421457025772,0.0
14.48,0.5212937629025663,0.0,2.589842605982805,0.0,-1.820523362802129,0.0
14.482000000000001,0.5264697895392111,0.0,2.586175268154952,0.0,-1.846810874077983,0.0
14.484,0.5316384289396252,0.0,2.5824553770267404,0.0,-1.8730765749916904,0.0
14.486,0.5367995760411941,0.0,2.578682976747861,0.0,-1.8993199365949427,0.0
14.488,0.5419531258706312,0.0,2.5748581125257664,0.0,-1.9255404300950583,0.0
14.49,0.547098973546151,0.0,2.570980830625308,0.0,-1.951737526865853,0.0
14.492,0.5522370142795422,0.0,2.5670511783684224,0.0,-1.977910698457985,0.0
14.494,0.5573671433782829,0.0,2.563069204133774,0.0,-2.0040594166095445,0.0
14.496,0.5624892562476922,0.0,2.5590349573563254,0.0,-2.030183153256816,0.0
14.498000000000001,0.5676032483929877,0.0,2.5549484885269877,0.0,-2.0562813805445757,0.0
14.5,0.5727090154214359,0.0,2.5508098491921527,0.0,-2.082353570836866,0.0
14.502,0.5778064530444638,0.0,2.5466190919532465,0.0,-2.108399196727577,0.0
14.504,0.5828954570797268,0.0,2.542376270466292,0.0,-2.1344177310508115,0.0
14.506,0.5879759234532763,0.0,2.5380814394413744,0.0,-2.1604086468917667,0.0
14.508000000000001,0.5930477482016238,0.0,2.5337346546421515,0.0,-2.186371417597085,0.0
14.51,0.5981108274738499,0.0,2.5293359728853364,0.0,-2.212305516785456,0.0
14.512,0.6031650575337456,0.0,2.5248854520400967,0.0,-2.238210418358368,0.0
14.514000000000001,0.6082103347618795,0.0,2.5203831510275188,0.0,-2.264085596510506,0.0
14.516,0.6132465556577026,0.0,2.51582912982001,0.0,-2.2899305257403353,0.0
14.518,0.6182736168416845,0.0,2.5112234494406414,0.0,-2.315744680860856,0.0
14.52,0.6232914150573761,0.0,2.5065661719625547,0.0,-2.341527537009988,0.0
14.522,0.6282998471735276,0.0,2.5018573605082746,0.0,-2.367278569661242,0.0
14.524000000000001,0.6332988101861868,0.0,2.497097079249032,0.0,-2.3929972546342966,0.0
14.526,0.6382882012207766,0.0,2.4922853934040794,0.0,-2.4186830681054765,0.0
14.528,0.64326791753423,0.0,2.487422369239928,0.0,-2.444335486618529,0.0
14.530000000000001,0.6482378565170467,0.0,2.482508074069634,0.0,-2.4699539870950047,0.0
14.532,0.6531979156953872,0.0,2.4775425762520413,0.0,-2.495538046844836,0.0
14.534,0.6581479927331988,0.0,2.472525945190947,0.0,-2.5210871435770867,0.0
14.536,0.6630879854342642,0.0,2.467458251334341,0.0,-2.5466007554103074,0.0
14.538,0.6680177917443103,0.0,2.462339566173555,0.0,-2.572078360883211,0.0
14.540000000000001,0.6729373097530887,0.0,2.4571699622424124,0.0,-2.5975194389652017,0.0
14.542,0.6778464376964602,0.0,2.4519495131163564,0.0,-2.622923469066934,0.0
14.544,0.6827450739584788,0.0,2.446678293411566,0.0,-2.648289931050878,0.0
14.546000000000001,0.6876331170734685,0.0,2.4413563787840262,0.0,-2.6736183052418476,0.0
14.548,0.6925104657281066,0.0,2.435983845928606,0.0,-2.698908072437572,0.0
14.55,0.6973770187634969,0.0,2.4305607725780964,0.0,-2.7241587139192167,0.0
14.552,0.7022326751772423,0.0,2.4250872375022383,0.0,-2.7493697114619184,0.0
14.554,0.7070773341255364,0.0,2.4195633205066995,0.0,-2.77454054734541,0.0
14.556000000000001,0.7119108949252011,0.0,2.413989102432101,0.0,-2.7996707043643734,0.0
14.558,0.7167332570557723,0.0,2.4083646651529493,0.0,-2.8247596658390663,0.0
14.56,0.7215443201615844,0.0,2.4026900915765586,0.0,-2.8498069156259214,0.0
14.562000000000001,0.7263439840538173,0.0,2.396965465641982,0.0,-2.8748119381279773,0.0
14.564,0.7311321487125372,0.0,2.391190872318942,0.0,-2.899774218305275,0.0
14.566,0.7359087142888108,0.0,2.3853663976066377,0.0,-2.9246932416856426,0.0
14.568,0.7406735811067,0.0,2.3794921285326724,0.0,-2.949568494374865,0.0
14.57,0.745426649665381,0.0,2.3735681531518154,0.0,-2.9743994630675052,0.0
14.572000000000001,0.7501678206411415,0.0,2.367594560544875,0.0,-2.9991856350571062,0.0
14.574,0.7548969948894574,0.0,2.361571440817467,0.0,-3.0239264982467953,0.0
14.576,0.7596140734470538,0.0,2.355498885098762,0.0,-3.0486215411598305,0.0
14.578000000000001,0.764318957533937,0.0,2.3493769855402573,0.0,-3.073270252949993,0.0
14.58,0.7690115485554142,0.0,2.3432058353145284,0.0,-3.0978721234119226,0.0
14.582,0.7736917481041892,0.0,2.3369855286138783,0.0,-3.122426642991857,0.0
14.584,0.778359457962338,0.0,2.330716160649093,0.0,-3.1469333027977453,0.0
14.586,0.7830145801034056,0.0,2.3243978276480317,0.0,-3.1713915946100135,0.0
14.588000000000001,0.7876570166943795,0.0,2.3180306268543553,0.0,-3.195801010891675,0.0
14.59,0.7922866700977775,0.0,2.3116146565260625,0.0,-3.2201610447990587,0.0
14.592,0.7969034428736188,0.0,2.305150015934184,0.0,-3.2444711901919225,0.0
14.594,0.8015072377814975,0.0,2.2986368053612827,0.0,-3.2687309416441197,0.0
14.596,0.8060979577825829,0.0,2.292075126100052,0.0,-3.2929397944538774,0.0
14.598,0.8106755060416245,0.0,2.285465080451878,0.0,-3.3170972446541134,0.0
14.6,0.8152397859289826,0.0,2.2788067717253395,0.0,-3.341202789022887,0.0
14.602,0.8197907010226609,0.0,2.2721003042346686,0.0,-3.3652559250938765,0.0
14.604000000000001,0.8243281551102688,0.0,2.265345783298314,0.0,-3.3892561511664847,0.0
14.606,0.8288520521910752,0.0,2.258543315237313,0.0,-3.4132029663164305,0.0
14.608,0.8333622964779943,0.0,2.251693007373772,0.0,-3.437095870406004,0.0
14.61,0.837858792399561,0.0,2.2447949680293076,0.0,-3.460934364094248,0.0
14.612,0.8423414446019819,0.0,2.2378493065233696,0.0,-3.484717948847574,0.0
14.614,0.8468101579510758,0.0,2.230856133171691,0.0,-3.5084461269497735,0.0
14.616,0.8512648375342896,0.0,2.223815559284615,0.0,-3.532118401512454,0.0
14.618,0.8557053886627043,0.0,2.2167276971653864,0.0,-3.555734276485422,0.0
14.620000000000001,0.8601317168729712,0.0,2.209592660108554,0.0,-3.5792932566666966,0.0
14.622,0.8645437279293409,0.0,2.2024105623981742,0.0,-3.602794847713037,0.0
14.624,0.8689413278256212,0.0,2.1951815193061273,0.0,-3.626238556150084,0.0
14.626,0.8733244227871277,0.0,2.187905647090396,0.0,-3.6496238893824753,0.0
14.628,0.8776929192727065,0.0,2.1805830629932235,0.0,-3.6729503557043524,0.0
14.63,0.8820467239766482,0.0,2.173213885239398,0.0,-3.696217464309292,0.0
14.632,0.886385743830675,0.0,2.165798233034416,0.0,-3.7194247253006405,0.0
14.634,0.8907098860059129,0.0,2.158336226562622,0.0,-3.742571649701762,0.0
14.636000000000001,0.8950190579148337,0.0,2.150827986985387,0.0,-3.7656577494661505,0.0
14.638,0.8993131672131873,0.0,2.143273636439273,0.0,-3.788682537487477,0.0
14.64,0.9035921218019964,0.0,2.135673298034057,0.0,-3.811645527609995,0.0
14.642,0.9078558298294502,0.0,2.1280270958509173,0.0,-3.8345462346383963,0.0
14.644,0.9121041996928938,0.0,2.120335154940404,0.0,-3.8573841743482036,0.0
14.646,0.9163371400407241,0.0,2.1125976013205747,0.0,-3.8801588634956463,0.0
14.648,0.9205545597743379,0.0,2.1048145619749867,0.0,-3.9028698198278495,0.0
14.65,0.9247563680500773,0.0,2.0969861648506773,0.0,-3.9255165620929926,0.0
14.652000000000001,0.9289424742811393,0.0,2.0891125388561758,0.0,-3.9480986100502964,0.0
14.654,0.9331127881394793,0.0,2.081193813859517,0.0,-3.9706154844799735,0.0
14.656,0.9372672195577716,0.0,2.073230120686089,0.0,-3.993066707193507,0.0
14.658,0.9414056787312719,0.0,2.065221591116675,0.0,-4.015451801043392,0.0
14.66,0.945528076119776,0.0,2.0571683578852458,0.0,-4.037770289933418,0.0
14.662,0.9496343224494744,0.0,2.049070554676962,0.0,-4.060021698828376,0.0
14.664,0.9537243287149011,0.0,2.040928316125928,0.0,-4.082205553764313,0.0
14.666,0.9577980061807827,0.0,2.0327417778131562,0.0,-4.104321381858218,0.0
14.668000000000001,0.9618552663839756,0.0,2.0245110762642757,0.0,-4.126368711318224,0.0
14.67,0.9658960211353069,0.0,2.0162363489474577,0.0,-4.148347071453271,0.0
14.672,0.969920182521505,0.0,2.0079177342710905,0.0,-4.170255992683282,0.0
14.674,0.9739276629070285,0.0,1.999555371581659,0.0,-4.192095006548774,0.0
14.676,0.9779183749359903,0.0,1.9911494011613826,0.0,-4.213863645721017,0.0
14.678,0.9818922315339769,0.0,1.9826999642260548,0.0,-4.235561444011607,0.0
14.68,0.9858491459099619,0.0,1.9742072029226407,0.0,-4.25718793638258,0.0
14.682,0.9897890315581188,0.0,1.9656712603270818,0.0,-4.278742658955966,0.0
14.684000000000001,0.9937118022597237,0.0,1.9570922804418471,0.0,-4.300225149023856,0.0
14.686,0.9976173720849573,0.0,1.9484704081937014,0.0,-4.321634945057912,0.0
14.688,1.0015056553948019,0.0,1.939805789431223,0.0,-4.342971586719423,0.0
14.69,1.0053765668428312,0.0,1.9310985709225252,0.0,-4.364234614868763,0.0
14.692,1.0092300213770977,0.0,1.9223489003527365,0.0,-4.385423571575394,0.0
14.694,1.0130659342419146,0.0,1.9135569263216876,0.0,-4.406538000127319,0.0
14.696,1.0168842209797258,0.0,1.904722798341362,0.0,-4.427577445040989,0.0
14.698,1.0206847974329083,0.0,1.8958466668334732,0.0,-4.448541452070891,0.0
14.700000000000001,1.0244675797455798,0.0,1.8869286831270122,0.0,-4.469429568219122,0.0
14.702,1.0282324843654198,0.0,1.877968999455706,0.0,-4.490241341745093,0.0
14.704,1.0319794280454966,0.0,1.8689677689554567,0.0,-4.5109763221752415,0.0
14.706,1.0357083278460262,0.0,1.859925145661895,0.0,-4.531634060312392,0.0
14.708,1.039419101136212,0.0,1.8508412845077202,0.0,-4.552214108245552,0.0
14.71,1.0431116655960153,0.0,1.841716341320155,0.0,-4.57271601935937,0.0
14.712,1.04678593921793,0.0,1.8325504728183981,0.0,-4.593139348343575,0.0
14.714,1.0504418403087987,0.0,1.823343836610893,0.0,-4.613483651202696,0.0
14.716000000000001,1.0540792874915523,0.0,1.8140965911927984,0.0,-4.633748485265338,0.0
14.718,1.057698199706996,0.0,1.804808895943284,0.0,-4.653933409193744,0.0
14.72,1.061298496215592,0.0,1.7954809111228054,0.0,-4.674037982993329,0.0
14.722,1.0648800965991803,0.0,1.7861127978705214,0.0,-4.69406176802189,0.0
14.724,1.0684429207627717,0.0,1.776704718201465,0.0,-4.714004326999219,0.0
14.726,1.0719868889362816,0.0,1.7672568350038618,0.0,-4.733865224016396,0.0
14.728,1.0755119216762545,0.0,1.757769312036422,0.0,-4.753644024545046,0.0
14.73,1.0790179398676456,0.0,1.7482423139254635,0.0,-4.773340295446903,0.0
14.732000000000001,1.082504864725508,0.0,1.7386760061622268,0.0,-4.792953604982883,0.0
14.734,1.0859726177967428,0.0,1.7290705551000274,0.0,-4.812483522822493,0.0
14.736,1.0894211209618265,0.0,1.7194261279513903,0.0,-4.831929620053131,0.0
14.738,1.0928502964365179,0.0,1.7097428927852427,0.0,-4.85129146918929,0.0
14.74,1.096260066773552,0.0,1.7000210185240938,0.0,-4.870568644181665,0.0
14.742,1.0996503548643808,0.0,1.690260674941046,0.0,-4.889760720426575,0.0
14.744,1.1030210839408299,0.0,1.6804620326570174,0.0,-4.908867274774886,0.0
14.746,1.1063721775768334,0.0,1.6706252631376999,0.0,-4.927887885541404,0.0
14.748000000000001,1.1097035596900824,0.0,1.660750538690731,0.0,-4.946822132513772,0.0
14.75,1.1130151545437237,0.0,1.6508380324626937,0.0,-4.965669596961678,0.0
14.752,1.1163068867480441,0.0,1.6408879184361098,0.0,-4.984429861645977,0.0
14.754,1.1195786812621278,0.0,1.630900371426478,0.0,-5.0031025108276745,0.0
14.756,1.122830463395507,0.0,1.6208755670793207,0.0,-5.021687130276879,0.0
14.758000000000001,1.1260621588098503,0.0,1.6108136818670336,0.0,-5.04018330728198,0.0
14.76,1.1292736935205774,0.0,1.6007148930859785,0.0,-5.058590630658413,0.0
14.762,1.1324649938985414,0.0,1.590579378853285,0.0,-5.076908690757819,0.0
14.764000000000001,1.1356359866716288,0.0,1.5804073181039027,0.0,-5.095137079476751,0.0
14.766,1.1387865989264279,0.0,1.5701988905873656,0.0,-5.113275390265766,0.0
14.768,1.1419167581098226,0.0,1.559954276864818,0.0,-5.131323218138117,0.0
14.77,1.1450263920306403,0.0,1.5496736583057529,0.0,-5.149280159678746,0.0
14.772,1.1481154288612536,0.0,1.5393572170849157,0.0,-5.167145813053036,0.0
14.774000000000001,1.151183797139177,0.0,1.5290051361791666,0.0,-5.184919778015543,0.0
14.776,1.1542314257686799,0.0,1.5186175993642614,0.0,-5.202601655918811,0.0
14.778,1.157258244022391,0.0,1.5081947912115932,0.0,-5.220191049722184,0.0
14.780000000000001,1.1602641815428598,0.0,1.4977368970850926,0.0,-5.2376875640003355,0.0
14.782,1.1632491683441668,0.0,1.487244103137845,0.0,-5.25509080495214,0.0
14.784,1.1662131348134726,0.0,1.476716596308983,0.0,-5.2724003804091435,0.0
14.786,1.1691560117126083,0.0,1.4661545643202771,0.0,-5.289615899844339,0.0
14.788,1.172077730179631,0.0,1.455558195672908,0.0,-5.306736974380707,0.0
14.790000000000001,1.1749782217303661,0.0,1.444927679644185,0.0,-5.323763216799714,0.0
14.792,1.1778574182599695,0.0,1.4342632062841916,0.0,-5.340694241549921,0.0
14.794,1.1807152520444781,0.0,1.4235649664123853,0.0,-5.35752966475555,0.0
14.796000000000001,1.183551655742318,0.0,1.412833151614364,0.0,-5.374269104224802,0.0
14.798,1.1863665623958626,0.0,1.4020679542383647,0.0,-5.390912179458482,0.0
14.8,1.189159905432941,0.0,1.3912695673919235,0.0,-5.40745851165834,0.0
14.802,1.1919316186683424,0.0,1.3804381849385179,0.0,-5.423907723735396,0.0
14.804,1.1946816363053512,0.0,1.3695740014940156,0.0,-5.440259440318474,0.0
14.806000000000001,1.197409892937222,0.0,1.358677212423357,0.0,-5.456513287762369,0.0
14.808,1.2001163235486845,0.0,1.347748013837038,0.0,-5.472668894156212,0.0
14.81,1.2028008635174412,0.0,1.3367866025876012,0.0,-5.488725889331811,0.0
14.812000000000001,1.2054634486156375,0.0,1.3257931762661734,0.0,-5.504683904871824,0.0
14.814,1.208104015011326,0.0,1.3147679331990152,0.0,-5.520542574117917,0.0
14.816,1.2107224992699588,0.0,1.3037110724438639,0.0,-5.536301532179104,0.0
14.818,1.2133188383558173,0.0,1.2926227937865384,0.0,-5.5519604159397185,0.0
14.82,1.2158929696334944,0.0,1.281503297737233,0.0,-5.567518864067704,0.0
14.822000000000001,1.2184448308693137,0.0,1.2703527855270709,0.0,-5.58297651702256,0.0
14.824,1.2209743602327783,0.0,1.259171459104458,0.0,-5.598333017063451,0.0
14.826,1.2234814962980118,0.0,1.2479595211314403,0.0,-5.613588008257297,0.0
14.828000000000001,1.2259661780451698,0.0,1.2367171749801122,0.0,-5.6287411364867035,0.0
14.83,1.2284283448618503,0.0,1.225444624729039,0.0,-5.643792049457866,0.0
14.832,1.230867936544525,0.0,1.2141420751594683,0.0,-5.658740396708657,0.0
14.834,1.2332848932999139,0.0,1.202809731751807,0.0,-5.673585829616342,0.0
14.836,1.2356791557464084,0.0,1.191447800681789,0.0,-5.688328001405627,0.0
14.838000000000001,1.2380506649154295,0.0,1.1800564888169183,0.0,-5.702966567156311,0.0
14.84,1.2403993622528344,0.0,1.168636003712602,0.0,-5.717501183811256,0.0
14.842,1.2427251896202647,0.0,1.157186553608569,0.0,-5.731931510183999,0.0
14.844000000000001,1.2450280892965342,0.0,1.1457083474249676,0.0,-5.746257206966633,0.0
14.846,1.2473080039789612,0.0,1.134201594758752,0.0,-5.760477936737353,0.0
14.848,1.2495648767847458,0.0,1.1226665058797531,0.0,-5.7745933639682905,0.0
14.85,1.251798651252283,0.0,1.1111032917270318,0.0,-5.788603155032971,0.0
14.852,1.2540092713425264,0.0,1.099512163904919,0.0,-5.802506978214095,0.0
14.854000000000001,1.2561966814402863,0.0,1.087893334679341,0.0,-5.816304503710917,0.0
14.856,1.258360826355576,0.0,1.076247016973825,0.0,-5.829995403646958,0.0
14.858,1.2605016513248988,0.0,1.0645734243657992,0.0,-5.843579352077337,0.0
14.86,1.2626191020125719,0.0,1.0528727710825854,0.0,-5.8570560249963695,0.0
14.862,1.2647131245120136,0.0,1.0411452719975702,0.0,-5.870425100344936,0.0
14.864,1.266783665347027,0.0,1.0293911426263467,0.0,-5.883686258017837,0.0
14.866,1.2688306714730835,0.0,1.0176105991227553,0.0,-5.896839179871191,0.0
14.868,1.2708540902786079,0.0,1.0058038582749018,0.0,-5.909883549729817,0.0
14.870000000000001,1.2728538695862188,0.0,0.9939711375013426,0.0,-5.922819053394379,0.0
14.872,1.2748299576540094,0.0,0.9821126548469943,0.0,-5.935645378648785,0.0
14.874,1.2767823031767842,0.0,0.9702286289792154,0.0,-5.948362215267331,0.0
14.876,1.2787108552872943,0.0,0.9583192791838784,0.0,-5.960969255021838,0.0
14.878,1.2806155635574878,0.0,0.9463848253612304,0.0,-5.97346619168892,0.0
14.88,1.2824963779997172,0.0,0.9344254880220135,0.0,-5.985852721056966,0.0
14.882,1.284353249067963,0.0,0.9224414882833749,0.0,-5.998128540933263,0.0
14.884,1.2861861276590505,0.0,0.910433047864764,0.0,-6.010293351151091,0.0
14.886000000000001,1.2879949651138343,0.0,0.8984003890840107,0.0,-6.0223468535766,0.0
14.888,1.2897797132184046,0.0,0.8863437348531132,0.0,-6.034288752115876,0.0
14.89,1.2915403242052683,0.0,0.8742633086742143,0.0,-6.046118752721841,0.0
14.892,1.293276750754515,0.0,0.8621593346355555,0.0,-6.057836563401071,0.0
14.894,1.2949889459950044,0.0,0.8500320374072283,0.0,-6.069441894220774,0.0
14.896,1.296676863505506,0.0,0.8378816422371818,0.0,-6.080934457315483,0.0
14.898,1.2983404573158606,0.0,0.8257083749470231,0.0,-6.0923139668938795,0.0
14.9,1.2999796819081268,0.0,0.8135124619278233,0.0,-6.103580139245574,0.0
14.902000000000001,1.3015944922177112,0.0,0.8012941301359867,0.0,-6.114732692747759,0.0
14.904,1.3031848436344884,0.0,0.7890536070891305,0.0,-6.125771347871837,0.0
14.906,1.3047506920039351,0.0,0.7767911208617495,0.0,-6.136695827190154,0.0
14.908,1.3062919936282211,0.0,0.7645069000811671,0.0,-6.147505855382446,0.0
14.91,1.3078087052673295,0.0,0.7522011739231546,0.0,-6.158201159242533,0.0
14.912,1.3093007841401325,0.0,0.7398741721078358,0.0,-6.168781467684693,0.0
14.914,1.310768187925484,0.0,0.7275261248953805,0.0,-6.179246511750209,0.0
14.916,1.3122108747632995,0.0,0.7151572630817035,0.0,-6.189596024613805,0.0
14.918000000000001,1.3136288032556165,0.0,0.7027678179942306,0.0,-6.199829741590015,0.0
14.92,1.3150219324676518,0.0,0.6903580214876751,0.0,-6.209947400139505,0.0
14.922,1.3163902219288615,0.0,0.6779281059395958,0.0,-6.219948739875466,0.0
14.924,1.3177336316339685,0.0,0.6654783042462487,0.0,-6.229833502569789,0.0
14.926,1.3190521220440117,0.0,0.6530088498181008,0.0,-6.239601432159408,0.0
14.928,1.3203456540873542,0.0,0.640519976575657,0.0,-6.249252274752387,0.0
14.93,1.321614189160711,0.0,0.6280119189449468,0.0,-6.258785778634162,0.0
14.932,1.322857689130149,0.0,0.6154849118533299,0.0,-6.268201694273595,0.0
14.934000000000001,1.3240761163320893,0.0,0.6029391907249567,0.0,-6.277499774329101,0.0
14.936,1.3252694335742912,0.0,0.5903749914765486,0.0,-6.286679773654612,0.0
14.938,1.326437604136841,0.0,0.5777925505128365,0.0,-6.295741449305662,0.0
14.94,1.3275805917731138,0.0,0.5651921047223156,0.0,-6.304684560545239,0.0
14.942,1.3286983607107468,0.0,0.552573891472661,0.0,-6.313508868849797,0.0
14.944,1.3297908756525836,0.0,0.5399381486064585,0.0,-6.322214137915031,0.0
14.946,1.3308581017776255,0.0,0.5272851144366163,0.0,-6.330800133661783,0.0
14.948,1.3319000047419698,0.0,0.5146150277419717,0.0,-6.339266624241813,0.0
14.950000000000001,1.3329165506797283,0.0,0.5019281277628633,0.0,-6.347613380043498,0.0
14.952,1.3339077062039528,0.0,0.48922465419661215,0.0,-6.355840173697586,0.0
14.954,1.3348734384075467,0.0,0.4765048471929685,0.0,-6.363946780082881,0.0
14.956,1.3358137148641553,0.0,0.4637689473497547,0.0,-6.3719329763317845,0.0
14.958,1.33672850362907,0.0,0.45101719570818755,0.0,-6.379798541835975,0.0
14.96,1.3376177732400998,0.0,0.43824983374851967,0.0,-6.3875432582518545,0.0
14.962,1.3384814927184514,0.0,0.42546710338535887,0.0,-6.395166909506116,0.0
14.964,1.3393196315695919,0.0,0.4126692469631848,0.0,-6.40266928180117,0.0
14.966000000000001,1.3401321597841032,0.0,0.39985650725183414,0.0,-6.410050163620548,0.0
14.968,1.3409190478385244,0.0,0.38702912744189016,0.0,-6.41730934573426,0.0
14.97,1.3416802666962002,0.0,0.3741873511400434,0.0,-6.424446621204192,0.0
14.972,1.3424157878080931,0.0,0.3613314223646473,0.0,-6.431461785389285,0.0
14.974,1.3431255831136168,0.0,0.3484615855409737,0.0,-6.438354635950875,0.0
14.976,1.3438096250414346,0.0,0.3355780854966645,0.0,-6.4451249728578315,0.0
14.978,1.3444678865102646,0.0,0.3226811674571754,0.0,-6.451772598391714,0.0
14.98,1.3451003409296702,0.0,0.30977107704099793,0.0,-6.4582973171519225,0.0
14.982000000000001,1.345706962200841,0.0,0.29684806025516564,0.0,-6.464698936060724,0.0
14.984,1.3462877247173632,0.0,0.2839123634905405,0.0,-6.470977264368288,0.0
14.986,1.346842603365989,0.0,0.27096423351708937,0.0,-6.477132113657703,0.0
14.988,1.3473715735273804,0.0,0.25800391747935947,0.0,-6.483163297849847,0.0
14.99,1.3478746110768647,0.0,0.24503166289165176,0.0,-6.489070633208354,0.0
14.992,1.348351692385159,0.0,0.23204771763339285,0.0,-6.494853938344408,0.0
14.994,1.348802794319103,0.0,0.2190523299444986,0.0,-6.500513034221564,0.0
14.996,1.3492278942423723,0.0,0.20604574842051737,0.0,-6.506047744160531,0.0
14.998000000000001,1.3496269700161854,0.0,0.193028222008058,0.0,-6.5114578938438585,0.0
15.0,1.3499999999999999,0.0,0.17999999999999855,0.0,-6.51674331132061,0.0
15.002,1.3503469630522036,0.0,0.1669613320307065,0.0,-6.521903827011027,0.0
15.004,1.3506678385307886,0.0,0.15391246807133374,0.0,-6.526939273711072,0.0
15.006,1.3509626062940236,0.0,0.14085365842512415,0.0,-6.531849486596978,0.0
15.008000000000001,1.3512312467011112,0.0,0.1277851537225005,0.0,-6.536634303229756,0.0
15.01,1.3514737406128374,0.0,0.11470720491645979,0.0,-6.54129356355961,0.0
15.012,1.3516900693922147,0.0,0.10162006327762088,0.0,-6.545827109930392,0.0
15.014000000000001,1.3518802149051083,0.0,0.08852398038958145,0.0,-6.5502347870839,0.0
15.016,1.3520441595208614,0.0,0.07541920814405373,0.0,-6.55451644216423,0.0
15.018,1.3521818861129034,0.0,0.06230599873601381,0.0,-6.558671924722034,0.0
15.02,1.352293378059353,0.0,0.04918460465892621,0.0,-6.562701086718741,0.0
15.022,1.3523786192436114,0.0,0.03605527869998193,0.0,-6.566603782530719,0.0
15.024000000000001,1.3524375940549427,0.0,0.022918273935116168,0.0,-6.57037986895343,0.0
15.026,1.3524702873890482,0.0,0.009773843724335485,0.0,-6.5740292052054805,0.0
15.028,1.3524766846486291,0.0,-0.0033777582933023353,0.0,-6.577551652932701,0.0
15.030000000000001,1.3524567717439404,0.0,-0.016536278204376503,0.0,-6.5809470762120945,0.0
15.032,1.352410535093332,0.0,-0.02970146182613989,0.0,-6.5842153415558125,0.0
15.034,1.3523379616237878,0.0,-0.04287305471122291,0.0,-6.587356317915036,0.0
15.036,1.3522390387714445,0.0,-0.05605080215266464,0.0,-6.590369876683844,0.0
15.038,1.3521137544821085,0.0,-0.06923444918873795,0.0,-6.593255891703003,0.0
15.040000000000001,1.3519620972117612,0.0,-0.08242374060780486,0.0,-6.596014239263739,0.0
15.042,1.351784055927054,0.0,-0.09561842095326331,0.0,-6.5986447981114384,0.0
15.044,1.3515796201057895,0.0,-0.10881823452852313,0.0,-6.601147449449328,0.0
15.046000000000001,1.351348779737403,0.0,-0.12202292540177637,0.0,-6.60352207694208,0.0
15.048,1.3510915253234208,0.0,-0.13523223741107218,0.0,-6.605768566719392,0.0
15.05,1.3508078478779215,0.0,-0.14844591416918812,0.0,-6.607886807379518,0.0
15.052,1.3504977389279786,0.0,-0.1616636990685045,0.0,-6.609876689992715,0.0
15.054,1.350161190514097,0.0,-0.1748853352861035,0.0,-6.611738108104727,0.0
15.056000000000001,1.3497981951906388,0.0,-0.1881105657885723,0.0,-6.613470957740108,0.0
15.058,1.349408746026241,0.0,-0.20133913333702927,0.0,-6.615075137405604,0.0
15.06,1.348992836604215,0.0,-0.21457078049215478,0.0,-6.616550548093416,0.0
15.062000000000001,1.3485504610229537,0.0,-0.2278052496190169,0.0,-6.617897093284449,0.0
15.064,1.3480816138963052,0.0,-0.2410422828922003,0.0,-6.619114678951497,0.0
15.066,1.3475862903539573,0.0,-0.25428162230073037,0.0,-6.620203213562402,0.0
15.068,1.3470644860418024,0.0,-0.26752300965300135,0.0,-6.621162608083129,0.0
15.07,1.3465161971222905,0.0,-0.28076618658192587,0.0,-6.621992775980838,0.0
15.072000000000001,1.3459414202747773,0.0,-0.29401089454978957,0.0,-6.622693633226864,0.0
15.074,1.3453401526958635,0.0,-0.3072568748533291,0.0,-6.623265098299687,0.0
15.076,1.344712392099714,0.0,-0.32050386862878866,0.0,-6.6237070921878205,0.0
15.078000000000001,1.3440581367183766,0.0,-0.33375161685690274,0.0,-6.624019538392674,0.0
15.08,1.3433773853020947,0.0,-0.3469998603678598,0.0,-6.62420236293137,0.0
15.082,1.34267013711959,0.0,-0.3602483398464855,0.0,-6.624255494339473,0.0
15.084,1.3419363919583642,0.0,-0.3734967958371129,0.0,-6.624178863673746,0.0
15.086,1.341176150124958,0.0,-0.38674496874879594,0.0,-6.62397240451476,0.0
15.088000000000001,1.3403894124452314,0.0,-0.39999259886021327,0.0,-6.62363605296955,0.0
15.09,1.3395761802646122,0.0,-0.413239426324785,0.0,-6.623169747674151,0.0
15.092,1.3387364554483405,0.0,-0.4264851911757778,0.0,-6.622573429796131,0.0
15.094000000000001,1.337870240381704,0.0,-0.4397296333313264,0.0,-6.621847043037038,0.0
15.096,1.336977537970271,0.0,-0.4529724925994413,0.0,-6.6209905336348385,0.0
15.098,1.3360583516400935,0.0,-0.4662135086832321,0.0,-6.620003850366268,0.0
15.1,1.3351126853379236,0.0,-0.47945242118581805,0.0,-6.618886944549165,0.0
15.102,1.3341405435313962,0.0,-0.49268896961558106,0.0,-6.617639770044715,0.0
15.104000000000001,1.333141931209229,0.0,-0.505922893391087,0.0,-6.616262283259716,0.0
15.106,1.332116853881377,0.0,-0.5191539318463464,0.0,-6.614754443148685,0.0
15.108,1.3310653175792193,0.0,-0.5323818242357445,0.0,-6.61311621121605,0.0
15.11,1.3299873288556916,0.0,-0.5456063097392896,0.0,-6.611347551518156,0.0
15.112,1.3288828947854439,0.0,-0.5588271274676576,0.0,-6.609448430665337,0.0
15.114,1.3277520229649704,0.0,-0.5720440164672569,0.0,-6.607418817823859,0.0
15.116,1.3265947215127345,0.0,-0.5852567157253868,0.0,-6.605258684717868,0.0
15.118,1.325410999069273,0.0,-0.5984649641754181,0.0,-6.602968005631223,0.0
15.120000000000001,1.3242008647973142,0.0,-0.611668500701765,0.0,-6.600546757409367,0.0
15.122,1.3229643283818533,0.0,-0.6248670641451813,0.0,-6.597994919461058,0.0
15.124,1.3217014000302532,0.0,-0.6380603933077176,0.0,-6.595312473760132,0.0
15.126,1.3204120904722993,0.0,-0.6512482269580028,0.0,-6.5924994048471355,0.0
15.128,1.3190964109602685,0.0,-0.6644303038363141,0.0,-6.5895556998309655,0.0
15.13,1.3177543732689876,0.0,-0.6776063626596749,0.0,-6.586481348390465,0.0
15.132,1.316385989695867,0.0,-0.6907761421270365,0.0,-6.583276342775918,0.0
15.134,1.314991273060926,0.0,-0.7039393809244878,0.0,-6.579940677810514,0.0
15.136000000000001,1.3135702367068303,0.0,-0.7170958177302532,0.0,-6.57647435089181,0.0
15.138,1.312122894498885,0.0,-0.7302451912199908,0.0,-6.57287736199306,0.0
15.14,1.3106492608250422,0.0,-0.7433872400718821,0.0,-6.5691497136645465,0.0
15.142,1.309149350595899,0.0,-0.7565217029717244,0.0,-6.56529141103489,0.0
15.144,1.3076231792446575,0.0,-0.7696483186182359,0.0,-6.5613024618122,0.0
15.146,1.3060707627271146,0.0,-0.782766825728068,0.0,-6.557182876285311,0.0
15.148,1.3044921175216104,0.0,-0.7958769630410312,0.0,-6.552932667324871,0.0
15.15,1.3028872606289736,0.0,-0.808978469325303,0.0,-6.548551850384397,0.0
15.152000000000001,1.3012562095724616,0.0,-0.8220710833825504,0.0,-6.544040443501301,0.0
15.154,1.299598982397702,0.0,-0.835154544053038,0.0,-6.5393984672979,0.0
15.156,1.2979155976725854,0.0,-0.8482285902209434,0.0,-6.534625944982251,0.0
15.158,1.296206074487199,0.0,-0.8612929608193646,0.0,-6.529722902349104,0.0
15.16,1.294470432453697,0.0,-0.8743473948356588,0.0,-6.524689367780633,0.0
15.162,1.2927086917062114,0.0,-0.8873916313164741,0.0,-6.519525372247268,0.0
15.164,1.2909208729007158,0.0,-0.9004254093729873,0.0,-6.514230949308379,0.0
15.166,1.2891069972148865,0.0,-0.9134484681861255,0.0,-6.50880613511292,0.0
15.168000000000001,1.2872670863479647,0.0,-0.926460547011704,0.0,-6.503250968400054,0.0
15.17,1.2854011625206094,0.0,-0.9394613851855435,0.0,-6.497565490499745,0.0
15.172,1.2835092484747115,0.0,-0.9524507221288013,0.0,-6.491749745333198,0.0
15.174,1.281591367473242,0.0,-0.9654282973529836,0.0,-6.485803779413396,0.0
15.176,1.279647543300043,0.0,-0.9783938504652993,0.0,-6.479727641845422,0.0
15.178,1.2776778002596532,0.0,-0.991347121173675,0.0,-6.473521384326893,0.0
15.18,1.2756821631770772,0.0,-1.0042878492921095,0.0,-6.467185061148184,0.0
15.182,1.2736606573975968,0.0,-1.0172157747456925,0.0,-6.4607187291927755,0.0
15.184000000000001,1.2716133087865127,0.0,-1.0301306375759567,0.0,-6.454122447937344,0.0
15.186,1.2695401437289358,0.0,-1.0430321779458982,0.0,-6.447396279452015,0.0
15.188,1.2674411891295123,0.0,-1.05592013614533,0.0,-6.440540288400374,0.0
15.19,1.2653164724121901,0.0,-1.068794252595903,0.0,-6.433554542039593,0.0
15.192,1.263166021519925,0.0,-1.081654267856459,0.0,-6.426439110220341,0.0
15.194,1.260989864914427,0.0,-1.0944999226280516,0.0,-6.419194065386819,0.0
15.196,1.2587880315758428,0.0,-1.1073309577592978,0.0,-6.411819482576548,0.0
15.198,1.256560551002486,0.0,-1.120147114251403,0.0,-6.404315439420334,0.0
15.200000000000001,1.254307453210494,0.0,-1.132948133263507,0.0,-6.396682016141919,0.0
15.202,1.252028768733541,0.0,-1.1457337561177097,0.0,-6.388919295557856,0.0
15.204,1.2497245286224716,0.0,-1.1585037243044165,0.0,-6.381027363077061,0.0
15.206,1.247394764444996,0.0,-1.1712577794873635,0.0,-6.373006306700583,0.0
15.208,1.2450395082853007,0.0,-1.1839956635089601,0.0,-6.36485621702105,0.0
15.21,1.2426587927437216,0.0,-1.1967171183953116,0.0,-6.35657718722233,0.0
15.212,1.2402526509363412,0.0,-1.2094218863615422,0.0,-6.3481693130788965,0.0
15.214,1.2378211164946202,0.0,-1.2221097098169165,0.0,-6.339632692955322,0.0
15.216000000000001,1.2353642235650086,0.0,-1.2347803313699757,0.0,-6.330967427805658,0.0
15.218,1.2328820068085375,0.0,-1.24743349383376,0.0,-6.3221736211727455,0.0
15.22,1.230374501400389,0.0,-1.2600689402310412,0.0,-6.313251379187436,0.0
15.222,1.227841743029504,0.0,-1.272686413799363,0.0,-6.304200810567924,0.0
15.224,1.2252837678981106,0.0,-1.2852856579963694,0.0,-6.295022026618782,0.0
15.226,1.2227006127213162,0.0,-1.2978664165048222,0.0,-6.285715141230225,0.0
15.228,1.2200923147266183,0.0,-1.3104284332379041,0.0,-6.27628027087703,0.0
15.23,1.2174589116534544,0.0,-1.3229714523443357,0.0,-6.266717534617639,0.0
15.232000000000001,1.2148004417527332,0.0,-1.3354952182134943,0.0,-6.257027054093119,0.0
15.234,1.2121169437863406,0.0,-1.3479994754806228,0.0,-6.247208953526066,0.0
15.236,1.2094084570266266,0.0,-1.3604839690320483,0.0,-6.23726335971939,0.0
15.238,1.2066750212559336,0.0,-1.3729484440102053,0.0,-6.227190402055265,0.0
15.24,1.203916676766043,0.0,-1.3853926458189283,0.0,-6.216990212493739,0.0
15.242,1.201133464357663,0.0,-1.3978163201285496,0.0,-6.206662925571506,0.0
15.244,1.1983254253399063,0.0,-1.410219212880992,0.0,-6.196208678400612,0.0
15.246,1.195492601529704,0.0,-1.4226010702950533,0.0,-6.18562761066691,0.0
15.248000000000001,1.1926350352512856,0.0,-1.434961638871419,0.0,-6.174919864628761,0.0
15.25,1.1897527693355912,0.0,-1.4473006653978615,0.0,-6.164085585115456,0.0
15.252,1.1868458471196806,0.0,-1.4596178969544402,0.0,-6.153124919525615,0.0
15.254,1.183914312446175,0.0,-1.4719130809185004,0.0,-6.142038017825702,0.0
15.256,1.1809582096626268,0.0,-1.4841859649699485,0.0,-6.130825032548248,0.0
15.258000000000001,1.177977583620919,0.0,-1.4964362970963165,0.0,-6.119486118790177,0.0
15.26,1.1749724796766652,0.0,-1.508663825597839,0.0,-6.108021434211124,0.0
15.262,1.1719429436885391,0.0,-1.5208682990927045,0.0,-6.096431139031459,0.0
15.264000000000001,1.1688890220176733,0.0,-1.5330494665220469,0.0,-6.084715396030587,0.0
15.266,1.165810761526989,0.0,-1.5452070771551139,0.0,-6.072874370544946,0.0
15.268,1.1627082095805281,0.0,-1.5573408805944224,0.0,-6.060908230466018,0.0
15.27,1.1595814140427874,0.0,-1.5694506267808226,0.0,-6.048817146238326,0.0
15.272,1.1564304232780582,0.0,-1.5815360659985507,0.0,-6.036601290857448,0.0
15.274000000000001,1.1532552861496916,0.0,-1.5935969488804569,0.0,-6.024260839867721,0.0
15.276,1.1500560520194438,0.0,-1.6056330264129535,0.0,-6.011795971360259,0.0
15.278,1.1468327707467172,0.0,-1.6176440499412539,0.0,-5.999206865970535,0.0
15.280000000000001,1.1435854926878835,0.0,-1.6296297711743097,0.0,-5.986493706876286,0.0
15.282,1.1403142686955061,0.0,-1.6415899421900448,0.0,-5.973656679795002,0.0
15.284,1.137019150117642,0.0,-1.6535243154402792,0.0,-5.960695972981722,0.0
15.286,1.133700188797049,0.0,-1.6654326437559357,0.0,-5.9476117772264425,0.0
15.288,1.1303574370704397,0.0,-1.6773146803520493,0.0,-5.934404285851704,0.0
15.290000000000001,1.1269909477677207,0.0,-1.6891701788327946,0.0,-5.921073694710093,0.0
15.292,1.1236007742111953,0.0,-1.7009988931965763,0.0,-5.90762020218161,0.0
15.294,1.1201869702147558,0.0,-1.7128005778411437,0.0,-5.894044009170969,0.0
15.296000000000001,1.116749590083118,0.0,-1.7245749875685012,0.0,-5.880345319105055,0.0
15.298,1.1132886886109614,0.0,-1.7363218775901026,0.0,-5.866524337930003,0.0
15.3,1.1098043210821533,0.0,-1.7480410035317349,0.0,-5.85258127410859,0.0
15.302,1.106296543268873,0.0,-1.759732121438683,0.0,-5.838516338617227,0.0
15.304,1.1027654114307845,0.0,-1.7713949877806934,0.0,-5.824329744943125,0.0
15.306000000000001,1.0992109823141976,0.0,-1.7830293594569604,0.0,-5.810021709081406,0.0
15.308,1.095633313151188,0.0,-1.794634993801172,0.0,-5.795592449532051,0.0
15.31,1.0920324616587085,0.0,-1.806211648586576,0.0,-5.781042187296776,0.0
15.312000000000001,1.0884084860377456,0.0,-1.8177590820308476,0.0,-5.766371145876102,0.0
15.314,1.084761444972384,0.0,-1.8292770528012143,0.0,-5.751579551266031,0.0
15.316,1.081091397628919,0.0,-1.8407653200193896,0.0,-5.736667631954917,0.0
15.318,1.0773984036549638,0.0,-1.852223643266497,0.0,-5.721635618920284,0.0
15.32,1.0736825231784801,0.0,-1.863651782588175,0.0,-5.70648374562535,0.0
15.322000000000001,1.0699438168068887,0.0,-1.875049498499418,0.0,-5.691212248015839,0.0
15.324,1.0661823456261068,0.0,-1.8864165519895904,0.0,-5.675821364516505,0.0
15.326,1.0623981711995756,0.0,-1.8977527045274365,0.0,-5.66031133602759,0.0
15.328000000000001,1.058591355567341,0.0,-1.9090577180659023,0.0,-5.6446824059215075,0.0
15.33,1.0547619612450343,0.0,-1.9203313550471994,0.0,-5.6289348200390785,0.0
15.332,1.0509100512229104,0.0,-1.9315733784076907,0.0,-5.613068826686021,0.0
15.334,1.0470356889648715,0.0,-1.9427835515827538,0.0,-5.597084676629357,0.0
15.336,1.0431389384074212,0.0,-1.9539616385118346,0.0,-5.580982623093519,0.0
15.338000000000001,1.039219863958694,0.0,-1.965107403643224,0.0,-5.564762921756763,0.0
15.34,1.0352785304974168,0.0,-1.9762206119390255,0.0,-5.548425830747297,0.0
15.342,1.031315003371859,0.0,-1.9873010288800763,0.0,-5.531971610639337,0.0
15.344000000000001,1.0273293483988084,0.0,-1.998348420470808,0.0,-5.5154005244492685,0.0
15.346,1.0233216318625324,0.0,-2.0093625532440678,0.0,-5.498712837631746,0.0
15.348,1.0192919205136777,0.0,-2.020343194266122,0.0,-5.481908818075505,0.0
15.35,1.0152402815682446,0.0,-2.03129011114137,0.0,-5.464988736099498,0.0
15.352,1.0111667827064572,0.0,-2.04220307201735,0.0,-5.44795286444857,0.0
15.354000000000001,1.0070714920717163,0.0,-2.0530818455894564,0.0,-5.430801478289483,0.0
15.356,1.002954478269482,0.0,-2.063926201105839,0.0,-5.413534855206619,0.0
15.358,0.9988158103661459,0.0,-2.0747359083722623,0.0,-5.396153275197655,0.0
15.36,0.9946555578879265,0.0,-2.085510737756896,0.0,-5.378657020669299,0.0
15.362,0.9904737908197617,0.0,-2.096250460195081,0.0,-5.361046376433025,0.0
15.364,0.986270579604118,0.0,-2.106954847194244,0.0,-5.343321629700439,0.0
15.366,0.9820459951399005,0.0,-2.1176236708385705,0.0,-5.325483070079057,0.0
15.368,0.977800108781236,0.0,-2.128256703793915,0.0,-5.3075309895675495,0.0
15.370000000000001,0.9735329923363627,0.0,-2.1388537193124524,0.0,-5.289465682551414,0.0
15.372,0.9692447180663947,0.0,-2.149414491237576,0.0,-5.271287445798123,0.0
15.374,0.9649353586841951,0.0,-2.1599387940085313,0.0,-5.252996578452705,0.0
15.376,0.960604987353124,0.0,-2.1704264026652695,0.0,-5.234593382032804,0.0
15.378,0.9562536776858598,0.0,-2.180877092853151,0.0,-5.216078160424026,0.0
15.38,0.9518815037431931,0.0,-2.191290640827636,0.0,-5.197451219875173,0.0
15.382,0.9474885400327916,0.0,-2.2016668234590444,0.0,-5.1787128689933395,0.0
15.384,0.9430748615079395,0.0,-2.212005418237309,0.0,-5.159863418738879,0.0
15.386000000000001,0.9386405435663491,0.0,-2.222306203276573,0.0,-5.140903182420692,0.0
15.388,0.934185662048852,0.0,-2.2325689573199834,0.0,-5.121832475690973,0.0
15.39,0.9297102932381622,0.0,-2.242793459744337,0.0,-5.1026516165402676,0.0
15.392,0.9252145138576247,0.0,-2.252979490564695,0.0,-5.08336092529245,0.0
15.394,0.9206984010698815,0.0,-2.263126830439159,0.0,-5.06396072459934,0.0
15.396,0.9161620324756351,0.0,-2.2732352606734105,0.0,-5.044451339435737,0.0
15.398,0.911605486112324,0.0,-2.283304563225399,0.0,-5.024833097094053,0.0
15.4,0.9070288404527928,0.0,-2.2933345207100193,0.0,-5.005106327178929,0.0
15.402000000000001,0.9024321744040258,0.0,-2.3033249164036222,0.0,-4.985271361602105,0.0
15.404,0.8978155673057665,0.0,-2.31327553424873,0.0,-4.965328534576792,0.0
15.406,0.8931790989292023,0.0,-2.3231861588585856,0.0,-4.945278182612324,0.0
15.408,0.8885228494756449,0.0,-2.3330565755217023,0.0,-4.9251206445087705,0.0
15.41,0.8838468995751161,0.0,-2.3428865702065345,0.0,-4.9048562613511395,0.0
15.412,0.8791513302850429,0.0,-2.3526759295659456,0.0,-4.884485376504049,0.0
15.414,0.8744362230888566,0.0,-2.3624244409418003,0.0,-4.864008335605959,0.0
15.416,0.8697016598945978,0.0,-2.372131892369542,0.0,-4.843425486563438,0.0
15.418000000000001,0.8649477230335372,0.0,-2.3817980725826877,0.0,-4.822737179545479,0.0
15.42,0.8601744952588015,0.0,-2.3914227710173077,0.0,-4.801943766977833,0.0
15.422,0.8553820597439071,0.0,-2.401005777816634,0.0,-4.781045603536926,0.0
15.424,0.8505705000814043,0.0,-2.410546883835438,0.0,-4.760043046144269,0.0
15.426,0.8457399002813875,0.0,-2.4200458806446337,0.0,-4.738936453960245,0.0
15.428,0.8408903447701125,0.0,-2.429502560535646,0.0,-4.717726188378383,0.0
15.43,0.8360219183885288,0.0,-2.4389167165249135,0.0,-4.6964126130192385,0.0
15.432,0.8311347063908079,0.0,-2.4482881423583693,0.0,-4.674996093724247,0.0
15.434000000000001,0.8262287944428955,0.0,-2.457616632515842,0.0,-4.653476998549684,0.0
15.436,0.8213042686210659,0.0,-2.4669019822154428,0.0,-4.6318556977606145,0.0
15.438,0.8163612154103813,0.0,-2.4761439874180713,0.0,-4.610132563824429,0.0
15.44,0.8113997217032695,0.0,-2.4853424448317036,0.0,-4.588307971404877,0.0
15.442,0.8064198747979575,0.0,-2.494497151915889,0.0,-4.566382297355478,0.0
15.444,0.801421762397032,0.0,-2.5036079068860158,0.0,-4.544355920713466,0.0
15.446,0.7964054726058557,0.0,-2.512674508717776,0.0,-4.5222292226930945,0.0
15.448,0.7913710939311098,0.0,-2.5216967571514113,0.0,-4.500002586679501,0.0
15.450000000000001,0.7863187152791931,0.0,-2.530674452696151,0.0,-4.477676398221912,0.0
15.452,0.7812484259547464,0.0,-2.5396073966344264,0.0,-4.455251045027418,0.0
15.454,0.7761603156590368,0.0,-2.5484953910262935,0.0,-4.432726916954089,0.0
15.456,0.7710544744884618,0.0,-2.557338238713612,0.0,-4.410104406004649,0.0
15.458,0.7659309929329173,0.0,-2.5661357433244416,0.0,-4.3873839063195055,0.0
15.46,0.7607899618742869,0.0,-2.574887709277201,0.0,-4.364565814170336,0.0
15.462,0.7556314725847894,0.0,-2.58359394178503,0.0,-4.3416505279530195,0.0
15.464,0.750455616725453,0.0,-2.5922542468599294,0.0,-4.318638448181137,0.0
15.466000000000001,0.7452624863444458,0.0,-2.6008684313170884,0.0,-4.295529977478806,0.0
15.468,0.7400521738755326,0.0,-2.6094363027789966,0.0,-4.2723255205740935,0.0
15.47,0.7348247721363885,0.0,-2.617957669679754,0.0,-4.249025484291769,0.0
15.472,0.7295803743270394,0.0,-2.626432341269143,0.0,-4.2256302775466095,0.0
15.474,0.7243190740281578,0.0,-2.634860127616917,0.0,-4.202140311336075,0.0
15.476,0.7190409651994885,0.0,-2.643240839616847,0.0,-4.178555998733529,0.0
15.478,0.7137461421781348,0.0,-2.65157428899096,0.0,-4.154877754880842,0.0
15.48,0.7084346996769241,0.0,-2.659860288293627,0.0,-4.131105996981346,0.0
15.482000000000001,0.7031067327827568,0.0,-2.668098650915659,0.0,-4.107241144292702,0.0
15.484,0.6977623369549127,0.0,-2.6762891910884297,0.0,-4.083283618119561,0.0
15.486,0.6924016080233373,0.0,-2.684431723887999,0.0,-4.059233841806143,0.0
15.488,0.6870246421870119,0.0,-2.6925260652391003,0.0,-4.035092240729178,0.0
15.49,0.6816315360121891,0.0,-2.700572031919284,0.0,-4.01085924229023,0.0
15.492,0.6762223864307114,0.0,-2.7085694415629225,0.0,-3.9865352759083903,0.0
15.494,0.6707972907383175,0.0,-2.716518112665198,0.0,-3.9621207730129187,0.0
15.496,0.6653563465928571,0.0,-2.7244178645862083,0.0,-3.937616167035444,0.0
15.498000000000001,0.6598996520126177,0.0,-2.7322685175548704,0.0,-3.9130218934026813,0.0
15.5,0.6544273053745574,0.0,-2.7400698926729476,0.0,-3.88833838952871,0.0
15.502,0.6489394054125266,0.0,-2.7478218119190436,0.0,-3.86356609480719,0.0
15.504,0.6434360512155756,0.0,-2.7555240981524785,0.0,-3.83870545060397,0.0
15.506,0.6379173422261244,0.0,-2.7631765751173036,0.0,-3.813756900249056,0.0
15.508000000000001,0.6323833782382169,0.0,-2.770779067446189,0.0,-3.788720889028956,0.0
15.51,0.6268342593957665,0.0,-2.7783314006642903,0.0,-3.7635978641789842,0.0
15.512,0.6212700861907056,0.0,-2.785833401193226,0.0,-3.738388274875113,0.0
15.514000000000001,0.6156909594612493,0.0,-2.7932848963548627,0.0,-3.71309257222635,0.0
15.516,0.6100969803900669,0.0,-2.8006857143752146,0.0,-3.687711209266671,0.0
15.518,0.6044882505024493,0.0,-2.8080356843883036,0.0,-3.6622446409469416,0.0
15.52,0.598864871664508,0.0,-2.8153346364399607,0.0,-3.6366933241269708,0.0
15.522,0.5932269460813763,0.0,-2.8225824014916094,0.0,-3.611057717567567,0.0
15.524000000000001,0.5875745762953078,0.0,-2.8297788114241307,0.0,-3.5853382819221187,0.0
15.526,0.5819078651839101,0.0,-2.8369236990415576,0.0,-3.559535479728785,0.0
15.528,0.5762269159582181,0.0,-2.8440168980749156,0.0,-3.533649775401951,0.0
15.530000000000001,0.5705318321609033,0.0,-2.8510582431859017,0.0,-3.507681635224289,0.0
15.532,0.5648227176643794,0.0,-2.858047569970634,0.0,-3.481631527338346,0.0
15.534,0.5590996766689122,0.0,-2.8649847149633945,0.0,-3.4554999217381446,0.0
15.536,0.553362813700757,0.0,-2.871869515640294,0.0,-3.429287290260893,0.0
15.538,0.5476122336103014,0.0,-2.878701810422928,0.0,-3.402994106578726,0.0
15.540000000000001,0.5418480415701021,0.0,-2.885481438682098,0.0,-3.376620846189943,0.0
15.542,0.5360703430730607,0.0,-2.892208240741388,0.0,-3.3501679864108835,0.0
15.544,0.5302792439304375,0.0,-2.898882057880858,0.0,-3.323636006367048,0.0
15.546000000000001,0.5244748502700117,0.0,-2.905502732340591,0.0,-3.2970253869848847,0.0
15.548,0.5186572685340803,0.0,-2.9120701073243453,0.0,-3.270336610982829,0.0
15.55,0.5128266054776057,0.0,-2.918584027003071,0.0,-3.2435701628630227,0.0
15.552,0.5069829681662079,0.0,-2.9250443365185212,0.0,-3.2167265289023064,0.0
15.554,0.5011264639742512,0.0,-2.9314508819867755,0.0,-3.1898061971436453,0.0
15.556000000000001,0.49525720058290834,0.0,-2.9378035105017353,0.0,-3.1628096573874362,0.0
15.558,0.4893752859781846,0.0,-2.9441020701386544,0.0,-3.135737401182634,0.0
15.56,0.4834808284489207,0.0,-2.950346409957654,0.0,-3.1085899218177655,0.0
15.562000000000001,0.4775739365848888,0.0,-2.9565363800071265,0.0,-3.081367714312369,0.0
15.564,0.4716547192747336,0.0,-2.9626718313272655,0.0,-3.054071275407713,0.0
15.566,0.4657232857040643,0.0,-2.968752615953424,0.0,-3.026701103558201,0.0
15.568,0.4597797453533917,0.0,-2.974778586919595,0.0,-2.999257698922061,0.0
15.57,0.45382420799615725,0.0,-2.9807495982617853,0.0,-2.971741563352444,0.0
15.572000000000001,0.4478567836967454,0.0,-2.98666550502138,0.0,-2.944153200388448,0.0
15.574,0.4418775828084491,0.0,-2.9925261632485167,0.0,-2.9164931152459124,0.0
15.576,0.4358867159714205,0.0,-2.9983314300054635,0.0,-2.8887618148081375,0.0
15.578000000000001,0.4298842941107114,0.0,-3.0040811633698783,0.0,-2.8609598076170184,0.0
15.58,0.4238704284341708,0.0,-3.009775222438179,0.0,-2.833087603863502,0.0
15.582,0.41784523043043303,0.0,-3.015413467328808,0.0,-2.8051457153784636,0.0
15.584,0.41180881186690077,0.0,-3.0209957591854772,0.0,-2.777134655623551,0.0
15.586,0.40576128478762147,0.0,-3.0265219601804745,0.0,-2.7490549396815274,0.0
15.588000000000001,0.3997027615112969,0.0,-3.0319919335178476,0.0,-2.720907084247223,0.0
15.59,0.3936333546291854,0.0,-3.037405543436632,0.0,-2.692691607617989,0.0
15.592,0.3875531770030008,0.0,-3.042762655214081,0.0,-2.664409029684119,0.0
15.594000000000001,0.38146234176290067,0.0,-3.0480631351687806,0.0,-2.636059871919692,0.0
15.596,0.3753609623053317,0.0,-3.053306850663863,0.0,-2.6076446573727265,0.0
15.598,0.36924915229096744,0.0,-3.0584936701101237,0.0,-2.579163910655781,0.0
15.6,0.3631270256426393,0.0,-3.063623462969117,0.0,-2.5506181579364933,0.0
15.602,0.3569946965431621,0.0,-3.0686960997563086,0.0,-2.5220079269276394,0.0
15.604000000000001,0.35085227943329356,0.0,-3.0737114520441065,0.0,-2.4933337468777985,0.0
15.606,0.34469988900958703,0.0,-3.0786693924649424,0.0,-2.4645961485615238,0.0
15.608,0.33853764022224825,0.0,-3.0835697947143283,0.0,-2.435795664269514,0.0
15.610000000000001,0.3323656482730265,0.0,-3.088412533553868,0.0,-2.4069328277989492,0.0
15.612,0.32618402861310913,0.0,-3.0931974848142345,0.0,-2.378008174443832,0.0
15.614,0.3199928969409108,0.0,-3.0979245253982084,0.0,-2.3490222409848274,0.0
15.616,0.31379236920000575,0.0,-3.102593533283577,0.0,-2.3199755656797665,0.0
15.618,0.30758256157689545,0.0,-3.1072043875261475,0.0,-2.290868688253381,0.0
15.620000000000001,0.3013635904989292,0.0,-3.1117569682626,0.0,-2.261702149887733,0.0
15.622,0.2951355726320594,0.0,-3.11625115671346,0.0,-2.2324764932118764,0.0
15.624,0.2888986248787516,0.0,-3.1206868351859205,0.0,-2.203192262292231,0.0
15.626,0.28265286437573767,0.0,-3.125063887076758,0.0,-2.1738500026222147,0.0
15.628,0.27639840849186365,0.0,-3.129382196875151,0.0,-2.144450261112317,0.0
15.63,0.27013537482592304,0.0,-3.133641650165501,0.0,-2.1149935860800957,0.0
15.632,0.26386388120444293,0.0,-3.1378421336302353,0.0,-2.0854805272399415,0.0
15.634,0.25758404567945464,0.0,-3.141983535052625,0.0,-2.0559116356927727,0.0
15.636000000000001,0.2512959865263605,0.0,-3.146065743319491,0.0,-2.026287463916165,0.0
15.638,0.2449998222416426,0.0,-3.1500886484240023,0.0,-1.9966085657537418,0.0
15.64,0.23869567154072907,0.0,-3.154052141468352,0.0,-1.9668754964052892,0.0
15.642,0.2323836533557015,0.0,-3.1579561146664954,0.0,-1.9370888124161263,0.0
15.644,0.22606388683309958,0.0,-3.1618004613468136,0.0,-1.9072490716669188,0.0
15.646,0.2197364913317101,0.0,-3.1655850759547683,0.0,-1.87735683336342,0.0
15.648,0.21340158642030996,0.0,-3.169309854055549,0.0,-1.847412658025981,0.0
15.65,0.2070592918753924,0.0,-3.1729746923367044,0.0,-1.8174171074789838,0.0
15.652000000000001,0.20070972767899276,0.0,-3.17657948861071,0.0,-1.787370744840727,0.0
15.654,0.1943530140163629,0.0,-3.180124141817574,0.0,-1.757274134512604,0.0
15.656,0.1879892712737454,0.0,-3.1836085520273882,0.0,-1.7271278421687333,0.0
15.658,0.18161862003614127,0.0,-3.1870326204428348,0.0,-1.6969324347455612,0.0
15.66,0.1752411810849701,0.0,-3.1903962494017484,0.0,-1.6666884804309436,0.0
15.662,0.16885707539586972,0.0,-3.193699342379561,0.0,-1.6363965486538854,0.0
15.664,0.1624664241363874,0.0,-3.1969418039918014,0.0,-1.6060572100737571,0.0
15.666,0.15606934866366604,0.0,-3.2001235399965466,0.0,-1.575671036569485,0.0
15.668000000000001,0.1496659705222295,0.0,-3.2032444572968295,0.0,-1.5452386012292012,0.0
15.67,0.14325641144161716,0.0,-3.206304463943067,0.0,-1.5147604783391735,0.0
15.672,0.13684079333411847,0.0,-3.2093034691354423,0.0,-1.4842372433732056,0.0
15.674,0.13041923829250182,0.0,-3.2122413832262504,0.0,-1.4536694729820019,0.0
15.676,0.12399186858763545,0.0,-3.215118117722272,0.0,-1.4230577449820134,0.0
15.678,0.11755880666624867,0.0,-3.217933585287066,0.0,-1.3924026383449446,0.0
15.68,0.11112017514858516,0.0,-3.2206876997432796,0.0,-1.3617047331867416,0.0
15.682,0.10467609682606131,0.0,-3.2233803760749358,0.0,-1.3309646107565967,0.0
15.684000000000001,0.09822669465896233,0.0,-3.2260115304296804,0.0,-1.3001828534261268,0.0
15.686,0.09177209177414392,0.0,-3.2285810801210046,0.0,-1.2693600446785736,0.0
15.688,0.08531241146262529,0.0,-3.2310889436304815,0.0,-1.2384967690974773,0.0
15.69,0.0788477771773345,0.0,-3.233535040609931,0.0,-1.2075936123560733,0.0
15.692,0.07237831253068196,0.0,-3.2359192918836097,0.0,-1.1766511612058599,0.0
15.694,0.0659041412922868,0.0,-3.238241619450341,0.0,-1.1456700034658918,0.0
15.696,0.059425387386594156,0.0,-3.2405019464856397,0.0,-1.1146507280115452,0.0
15.698,0.0529421748904988,0.0,-3.242700197343832,0.0,-1.0835939247633073,0.0
15.700000000000001,0.04645462803100616,0.0,-3.2448362975601115,0.0,-1.0525001846757394,0.0
15.702,0.0399628711829003,0.0,-3.246910173852605,0.0,-1.0213700997264645,0.0
15.704,0.03346702886630233,0.0,-3.2489217541244133,0.0,-0.9902042629046284,0.0
15.706,0.026967225744382567,0.0,-3.250870967465613,0.0,-0.9590032682000863,0.0
15.708,0.02046358662090047,0.0,-3.252757744155256,0.0,-0.9277677105917623,0.0
15.71,0.01395623643790886,0.0,-3.254582015663328,0.0,-0.8964981860367871,0.0
15.712,0.007445300273285932,0.0,-3.2563437146527,0.0,-0.8651952914588048,0.0
15.714,0.0009309033384317614,0.0,-3.2580427749810466,0.0,-0.8338596247370644,0.0
15.716000000000001,-0.00558682902420743,0.0,-3.259679131702747,0.0,-0.8024917846946751,0.0
15.718,-0.012107771343450336,0.0,-3.261252721070762,0.0,-0.7710923710876497,0.0
15.72,-0.01863179802186381,0.0,-3.262763480538486,0.0,-0.7396619845931117,0.0
15.722,-0.025158783338081345,0.0,-3.2642113487615805,0.0,-0.7082012267982908,0.0
15.724,-0.03168860144929365,0.0,-3.265596265599783,0.0,-0.6767107001886824,0.0
15.726,-0.03822112639357435,0.0,-3.266918172118688,0.0,-0.6451910081369963,0.0
15.728,-0.044756232092367176,0.0,-3.268177010591515,0.0,-0.6136427548913201,0.0
15.73,-0.051293792352871403,0.0,-3.2693727245008457,0.0,-0.582066545563768,0.0
15.732000000000001,-0.057833680870441176,0.0,-3.270505258540341,0.0,-0.550462986119056,0.0
15.734,-0.0643757712310304,0.0,-3.2715745586164284,0.0,-0.5188326833628516,0.0
15.736,-0.07091993691365175,0.0,-3.272580571849989,0.0,-0.48717624493004724,0.0
15.738,-0.07746605129273317,0.0,-3.2735232465779824,0.0,-0.4554942792735275,0.0
15.74,-0.08401398764063625,0.0,-3.2744025323550896,0.0,-0.4237873956521415,0.0
15.742,-0.09056361913000872,0.0,-3.2752183799553003,0.0,-0.39205620411947806,0.0
15.744,-0.09711481883629863,0.0,-3.2759707413734995,0.0,-0.3603013155118467,0.0
15.746,-0.10366745974016597,0.0,-3.2766595698270184,0.0,-0.32852334143675255,0.0
15.748000000000001,-0.11022141472990805,0.0,-3.277284819757164,0.0,-0.2967228942612983,0.0
15.75,-0.11677655660392985,0.0,-3.2778464468307233,0.0,-0.2649005871003606,0.0
15.752,-0.12333275807322867,0.0,-3.2783444079414594,0.0,-0.23305703380469145,0.0
15.754,-0.12988989176377486,0.0,-3.278778661211553,0.0,-0.20119284894952094,0.0
15.756,-0.1364478302190448,0.0,-3.2791491659930605,0.0,-0.1693086478224084,0.0
15.758000000000001,-0.14300644590244982,0.0,-3.279455882869306,0.0,-0.13740504641160012,0.0
15.76,-0.14956561119976866,0.0,-3.2796987736562877,0.0,-0.10548266139435758,0.0
15.762,-0.15612519842168823,0.0,-3.2798778014040333,0.0,-0.07354211012475897,0.0
15.764000000000001,-0.16268507980619884,0.0,-3.279992930397949,0.0,-0.041584010622196854,0.0
15.766,-0.16924512752109827,0.0,-3.280044126160134,0.0,-0.009608981559344976,0.0
15.768,-0.17580521366649768,0.0,-3.2800313554506744,0.0,0.02238235774989361,0.0
15.77,-0.18236521027722544,0.0,-3.279954586268919,0.0,0.0543893873619441,0.0
15.772,-0.18892498932538052,0.0,-3.2798137878547196,0.0,0.08641148671585519,0.0
15.774000000000001,-0.19548442272278307,0.0,-3.279608930689659,0.0,0.11844803464509746,0.0
15.776,-0.2020433823234275,0.0,-3.2793399864982495,0.0,0.15049840938937897,0.0
15.778,-0.20860173992604344,0.0,-3.279006928249107,0.0,0.18256198860699735,0.0
15.780000000000001,-0.2151593672765111,0.0,-3.2786097301561,0.0,0.21463814938648085,0.0
15.782,-0.22171613607038462,0.0,-3.2781483676794863,0.0,0.24672626825876898,0.0
15.784,-0.22827191795540716,0.0,-3.277622817527003,0.0,0.2788257212093552,0.0
15.786,-0.23482658453398542,0.0,-3.2770330576549505,0.0,0.31093588369023917,0.0
15.788,-0.2413800073656569,0.0,-3.2763790672692563,0.0,0.3430561306318466,0.0
15.790000000000001,-0.24793205796966353,0.0,-3.2756608268264915,0.0,0.37518583645547965,0.0
15.792,-0.25448260782736937,0.0,-3.2748783180348866,0.0,0.4073243750850071,0.0
15.794,-0.26103152838485016,0.0,-3.2740315238553106,0.0,0.43947111995940236,0.0
15.796000000000001,-0.2675786910553245,0.0,-3.2731204285022297,0.0,0.47162544404451423,0.0
15.798,-0.274123967221695,0.0,-3.2721450174446454,0.0,0.5037867198453775,0.0
15.8,-0.28066722823907825,0.0,-3.2711052774069933,0.0,0.535954319418481,0.0
15.802,-0.2872083454372958,0.0,-3.2700011963700333,0.0,0.568127614383847,0.0
15.804,-0.2937471901233564,0.0,-3.2688327635717234,0.0,0.6003059759370707,0.0
15.806000000000001,-0.3002836335840446,0.0,-3.267599969508028,0.0,0.6324887748618961,0.0
15.808,-0.30681754708835374,0.0,-3.266302805933763,0.0,0.6646753815420249,0.0
15.81,-0.3133488018900878,0.0,-3.26494126586335,0.0,0.6968651659737672,0.0
15.812000000000001,-0.3198772692302985,0.0,-3.263515343571612,0.0,0.7290574977778853,0.0
15.814,-0.3264028203398895,0.0,-3.262025034594477,0.0,0.7612517462122661,0.0
15.816,-0.3329253264420569,0.0,-3.260470335729731,0.0,0.7934472801837947,0.0
15.818,-0.3394446587548853,0.0,-3.258851245037668,0.0,0.8256434682609979,0.0
15.82,-0.34596068849384376,0.0,-3.2571677618417807,0.0,0.8578396786862057,0.0
15.822000000000001,-0.3524732868742907,0.0,-3.2554198867293955,0.0,0.8900352793877532,0.0
15.824,-0.35898232511402367,0.0,-3.2536076215522876,0.0,0.9222296379924204,0.0
15.826,-0.36548767443583996,0.0,-3.2517309694272587,0.0,0.9544221218379267,0.0
15.828000000000001,-0.3719892060699946,0.0,-3.24978993473673,0.0,0.9866120979849222,0.0
15.83,-0.37848679125680396,0.0,-3.2477845231292517,0.0,1.0187989332297103,0.0
15.832,-0.3849803012491491,0.0,-3.245714741520044,0.0,1.0509819941164746,0.0
15.834,-0.3914696073149766,0.0,-3.243580598091483,0.0,1.0831606469495063,0.0
15.836,-0.39795458073990747,0.0,-3.2413821022935587,0.0,1.1153342578059644,0.0
15.838000000000001,-0.4044350928296991,0.0,-3.2391192648443274,0.0,1.14750219254792,0.0
15.84,-0.41091101491281373,0.0,-3.2367920977303326,0.0,1.1796638168349345,0.0
15.842,-0.41738221834298617,0.0,-3.2344006142069732,0.0,1.2118184961366358,0.0
15.844000000000001,-0.4238485745016904,0.0,-3.2319448287989108,0.0,1.2439655957448035,0.0
15.846,-0.4303099548007499,0.0,-3.229424757300374,0.0,1.2761044807861701,0.0
15.848,-0.43676623068484627,0.0,-3.226840416775491,0.0,1.3082345162347258,0.0
15.85,-0.44321727363402913,0.0,-3.224191825558604,0.0,1.3403550669240345,0.0
15.852,-0.449662955166328,0.0,-3.221479003254495,0.0,1.3724654975600616,0.0
15.854000000000001,-0.45610314684022163,0.0,-3.2187019707386653,0.0,1.4045651727333008,0.0
15.856,-0.46253772025721107,0.0,-3.215860750157543,0.0,1.4366534569314235,0.0
15.858,-0.4689665470643818,0.0,-3.2129553649286615,0.0,1.4687297145518765,0.0
15.860000000000001,-0.47538949895692517,0.0,-3.20998583974084,0.0,1.5007933099142876,0.0
15.862,-0.4818064476806513,0.0,-3.206952200554339,0.0,1.5328436072728313,0.0
15.864,-0.4882172650346031,0.0,-3.2038544746009476,0.0,1.5648799708291068,0.0
15.866,-0.49462182287351814,0.0,-3.200692690384116,0.0,1.5969017647442596,0.0
15.868,-0.5010199931104526,0.0,-3.197466877678975,0.0,1.628908353151925,0.0
15.870000000000001,-0.5074116477192553,0.0,-3.1941770675324284,0.0,1.6608991001704205,0.0
15.872,-0.5137966587371392,0.0,-3.1908232922631425,0.0,1.6928733699154388,0.0
15.874,-0.520174898267248,0.0,-3.187405585461539,0.0,1.7248305265127166,0.0
15.876,-0.5265462384811772,0.0,-3.1839239819897585,0.0,1.7567699341104843,0.0
15.878,-0.5329105516214881,0.0,-3.1803785179816417,0.0,1.7886909568918918,0.0
15.88,-0.5392677100043218,0.0,-3.176769230842583,0.0,1.8205929590879264,0.0
15.882,-0.5456175860218612,0.0,-3.1730961592494875,0.0,1.852475304989592,0.0
15.884,-0.5519600521449545,0.0,-3.169359343150579,0.0,1.8843373589608952,0.0
15.886000000000001,-0.5582949809255779,0.0,-3.1655588237653007,0.0,1.9161784854510295,0.0
15.888,-0.5646222449994571,0.0,-3.1616946435840667,0.0,1.9479980490073672,0.0
15.89,-0.5709417170885297,0.0,-3.1577668463681237,0.0,1.9797954142876586,0.0
15.892,-0.5772532700035563,0.0,-3.153775477149257,0.0,2.0115699460729823,0.0
15.894,-0.5835567766466313,0.0,-3.1497205822295533,0.0,2.0433210092801932,0.0
15.896,-0.5898521100137041,0.0,-3.145602209181141,0.0,2.0750479689744386,0.0
15.898,-0.5961391431971366,0.0,-3.1414204068458504,0.0,2.1067501903818577,0.0
15.9,-0.6024177493882756,0.0,-3.137175225334875,0.0,2.138427038902361,0.0
15.902000000000001,-0.608687801879918,0.0,-3.1328667160284462,0.0,2.170077880121875,0.0
15.904,-0.6149491740689305,0.0,-3.1284949315754025,0.0,2.2017020798253837,0.0
15.906,-0.6212017394587054,0.0,-3.12405992589283,0.0,2.2332990040091283,0.0
15.908,-0.6274453716617674,0.0,-3.1195617541655785,0.0,2.264868018893596,0.0
15.91,-0.633679944402278,0.0,-3.115000472845822,0.0,2.296408490935984,0.0
15.912,-0.6399053315185504,0.0,-3.1103761396525895,0.0,2.32791978684273,0.0
15.914,-0.6461214069656017,0.0,-3.105688813571235,0.0,2.3594012735822383,0.0
15.916,-0.6523280448177161,0.0,-3.1009385548528825,0.0,2.39085231839766,0.0
15.918000000000001,-0.6585251192709052,0.0,-3.0961254250139145,0.0,2.422272288819161,0.0
15.92,-0.6647125046455077,0.0,-3.0912494868353306,0.0,2.453660552676915,0.0
15.922,-0.6708900753886887,0.0,-3.0863108043621605,0.0,2.4850164781135735,0.0
15.924,-0.6770577060769377,0.0,-3.0813094429028522,0.0,2.5163394335967513,0.0
15.926,-0.6832152714186623,0.0,-3.0762454690285463,0.0,2.5476287879319948,0.0
15.928,-0.6893626462566458,0.0,-3.0711189505724503,0.0,2.578883910275072,0.0
15.93,-0.6954997055705996,0.0,-3.065929956629103,0.0,2.610104170144745,0.0
15.932,-0.701626324479713,0.0,-3.060678557553599,0.0,2.6412889374355384,0.0
15.934000000000001,-0.7077423782451081,0.0,-3.055364824960901,0.0,2.672437582430032,0.0
15.936,-0.7138477422724239,0.0,-3.0499888317249733,0.0,2.7035494758118133,0.0
15.938,-0.7199422921143062,0.0,-3.044550651978006,0.0,2.7346239886779653,0.0
15.94,-0.7260259034728938,0.0,-3.0390503611095996,0.0,2.7656604925515285,0.0
15.942,-0.7320984522024,0.0,-3.0334880357658305,0.0,2.796658359394469,0.0
15.944,-0.7381598143115566,0.0,-3.027863753848433,0.0,2.8276169616199405,0.0
15.946,-0.7442098659661547,0.0,-3.0221775945138547,0.0,2.858535672105056,0.0
15.948,-0.7502484834915704,0.0,-3.016429638172292,0.0,2.8894138642035796,0.0
15.950000000000001,-0.7562755433752537,0.0,-3.0106199664867477,0.0,2.9202509117584463,0.0
15.952,-0.7622909222692036,0.0,-3.004748662372068,0.0,2.951046189114207,0.0
15.954,-0.7682944969925386,0.0,-2.998815809993862,0.0,2.981799071129978,0.0
15.956,-0.7742861445339194,0.0,-2.99282149476753,0.0,3.012508933191634,0.0
15.958,-0.7802657420541252,0.0,-2.9867658033571267,0.0,3.0431751512247964,0.0
15.96,-0.7862331668884722,0.0,-2.9806488236743434,0.0,3.07379710170702,0.0
15.962,-0.7921882965493855,0.0,-2.9744706448773153,0.0,3.1043741616807714,0.0
15.964,-0.7981310087288137,0.0,-2.968231357369559,0.0,3.1349057087656087,0.0
15.966000000000001,-0.8040611813007943,0.0,-2.96193105279872,0.0,3.165391121171136,0.0
15.968,-0.8099786923238662,0.0,-2.9555698240554666,0.0,3.1958297777091893,0.0
15.97,-0.8158834200436288,0.0,-2.9491477652721896,0.0,3.226221057806775,0.0
15.972,-0.8217752428951496,0.0,-2.942664971821844,0.0,3.256564341518234,0.0
15.974,-0.8276540395055189,0.0,-2.9361215403165923,0.0,3.286859009538179,0.0
15.976,-0.8335196886962524,0.0,-2.929517568606603,0.0,3.3171044432136423,0.0
15.978,-0.8393720694858391,0.0,-2.9228531557786397,0.0,3.347300024556989,0.0
15.98,-0.8452110610921425,0.0,-2.916128402154818,0.0,3.377445136258079,0.0
15.982000000000001,-0.8510365429349384,0.0,-2.909343409291132,0.0,3.4075391616971347,0.0
15.984,-0.8568483946383124,0.0,-2.9024982799761645,0.0,3.437581484956893,0.0
15.986,-0.8626464960331947,0.0,-2.8955931182295735,0.0,3.4675714908354847,0.0
15.988,-0.8684307271597486,0.0,-2.888628029300742,0.0,3.4975085648585384,0.0
15.99,-0.8742009682699008,0.0,-2.881603119667216,0.0,3.5273920932920575,0.0
15.992,-0.8799570998297237,0.0,-2.8745184970333058,0.0,3.557221463154507,0.0
15.994,-0.8856990025219507,0.0,-2.8673742703284852,0.0,3.58699606222962,0.0
15.996,-0.8914265572483989,0.0,-2.8601705497058885,0.0,3.616715279078716,0.0
15.998000000000001,-0.8971396451323949,0.0,-2.8529074465407587,0.0,3.646378503053043,0.0
16.0,-0.9028381475212371,0.0,-2.8455850734288415,0.0,3.675985124306332,0.0
16.002,-0.9085219459886527,0.0,-2.8382035441847324,0.0,3.705534533807301,0.0
16.004,-0.9141909223372157,0.0,-2.830762973840268,0.0,3.7350261233519992,0.0
16.006,-0.9198449586007608,0.0,-2.823263478642877,0.0,3.764459285576101,0.0
16.008,-0.9254839370468325,0.0,-2.815705176053871,0.0,3.79383341396742,0.0
16.01,-0.9311077401791373,0.0,-2.8080881847466803,0.0,3.8231479028784223,0.0
16.012,-0.9367162507399031,0.0,-2.8004126246052103,0.0,3.8524021475382826,0.0
16.014,-0.9423093517123616,0.0,-2.7926786167219815,0.0,3.8815955440655774,0.0
16.016000000000002,-0.9478869263231363,0.0,-2.784886283396377,0.0,3.91072748948049,0.0
16.018,-0.9534488580446374,0.0,-2.7770357481328527,0.0,3.9397973817170677,0.0
16.02,-0.9589950305974876,0.0,-2.7691271356390734,0.0,3.9688046196356437,0.0
16.022000000000002,-0.9645253279529532,0.0,-2.76116057182401,0.0,3.997748603035291,0.0
16.024,-0.9700396343352822,0.0,-2.7531361837961335,0.0,4.0266287326658,0.0
16.026,-0.9755378342241647,0.0,-2.745054099861419,0.0,4.055444410240298,0.0
16.028,-0.9810198123570891,0.0,-2.736914449521452,0.0,4.084195038447342,0.0
16.03,-0.9864854537317594,0.0,-2.7287173634714317,0.0,4.112880020963325,0.0
16.032,-0.9919346436084088,0.0,-2.7204629735982846,0.0,4.141498762464349,0.0
16.034,-0.9973672675122865,0.0,-2.7121514129784945,0.0,4.170050668639025,0.0
16.036,-1.002783211235975,0.0,-2.7037828158761603,0.0,4.198535146200368,0.0
16.038,-1.0081823608417435,0.0,-2.695357317740959,0.0,4.226951602897924,0.0
16.04,-1.013564602663979,0.0,-2.686875055205968,0.0,4.255299447530266,0.0
16.042,-1.0189298233114927,0.0,-2.6783361660856513,0.0,4.283578089956878,0.0
16.044,-1.0242779096699015,0.0,-2.6697407893736798,0.0,4.311786941110432,0.0
16.046,-1.029608748904006,0.0,-2.661089065240751,0.0,4.339925413009048,0.0
16.048000000000002,-1.034922228460122,0.0,-2.652381135032428,0.0,4.3679929187683175,0.0
16.05,-1.040218236068405,0.0,-2.643617141266979,0.0,4.395988872613303,0.0
16.052,-1.0454966597452515,0.0,-2.634797227633044,0.0,4.423912689890946,0.0
16.054000000000002,-1.0507573877955787,0.0,-2.6259215389874826,0.0,4.451763787081833,0.0
16.056,-1.0560003088151833,0.0,-2.616990221353049,0.0,4.4795415818124065,0.0
16.058,-1.0612253116930885,0.0,-2.6080034219160577,0.0,4.507245492867101,0.0
16.06,-1.0664322856138437,0.0,-2.598961289024102,0.0,4.534874940200243,0.0
16.062,-1.0716211200598686,0.0,-2.5898639721836574,0.0,4.562429344948205,0.0
16.064,-1.0767917048137041,0.0,-2.5807116220578243,0.0,4.589908129441042,0.0
16.066,-1.0819439299604208,0.0,-2.5715043904637476,0.0,4.617310717215017,0.0
16.068,-1.0870776858898679,0.0,-2.5622424303703015,0.0,4.644636533024238,0.0
16.07,-1.0921928632989562,0.0,-2.552925895895666,0.0,4.671885002852529,0.0
16.072,-1.0972893531940062,0.0,-2.5435549423047714,0.0,4.699055553925614,0.0
16.074,-1.10236704689302,0.0,-2.5341297260068263,0.0,4.7261476147229295,0.0
16.076,-1.1074258360279126,0.0,-2.524650404552913,0.0,4.753160614989226,0.0
16.078,-1.112465612546888,0.0,-2.515117136633252,0.0,4.780093985746937,0.0
16.080000000000002,-1.1174862687166611,0.0,-2.5055300820747513,0.0,4.806947159307743,0.0
16.082,-1.1224876971247104,0.0,-2.4958894018384403,0.0,4.833719569284304,0.0
16.084,-1.1274697906815918,0.0,-2.4861952580167643,0.0,4.860410650602321,0.0
16.086000000000002,-1.1324324426231844,0.0,-2.476447813830983,0.0,4.887019839512263,0.0
16.088,-1.1373755465128874,0.0,-2.46664723362861,0.0,4.913546573600804,0.0
16.09,-1.1422989962439687,0.0,-2.456793682880549,0.0,4.939990291803116,0.0
16.092,-1.1472026860417417,0.0,-2.4468873281785055,0.0,4.966350434414229,0.0
16.094,-1.152086510465829,0.0,-2.436928337232206,0.0,4.99262644310087,0.0
16.096,-1.1569503644123662,0.0,-2.4269168788667153,0.0,5.018817760912987,0.0
16.098,-1.1617941431162833,0.0,-2.4168531230195374,0.0,5.044923832295697,0.0
16.1,-1.1666177421534714,0.0,-2.406737240737932,0.0,5.0709441031006355,0.0
16.102,-1.171421057443024,0.0,-2.3965694041760384,0.0,5.096878020597697,0.0
16.104,-1.1762039852494621,0.0,-2.3863497865919943,0.0,5.122725033486715,0.0
16.106,-1.180966422184926,0.0,-2.3760785623451017,0.0,5.148484591908956,0.0
16.108,-1.1857082652113557,0.0,-2.3657559068929555,0.0,5.1741561474585716,0.0
16.11,-1.1904294116427052,0.0,-2.355381996788508,0.0,5.199739153194228,0.0
16.112000000000002,-1.195129759147148,0.0,-2.3449570096770644,0.0,5.225233063650716,0.0
16.114,-1.1998092057492082,0.0,-2.334481124293444,0.0,5.250637334850149,0.0
16.116,-1.2044676498319897,0.0,-2.3239545204588716,0.0,5.2759514243137025,0.0
16.118000000000002,-1.2091049901393223,0.0,-2.3133773790780245,0.0,5.301174791072928,0.0
16.12,-1.2137211257779112,0.0,-2.30274988213603,0.0,5.326306895681066,0.0
16.122,-1.2183159562195103,0.0,-2.2920722126953774,0.0,5.351347200224527,0.0
16.124,-1.2228893813030872,0.0,-2.2813445548928057,0.0,5.37629516833431,0.0
16.126,-1.2274413012369552,0.0,-2.2705670939362386,0.0,5.40115026519727,0.0
16.128,-1.2319716166008903,0.0,-2.2597400161017145,0.0,5.425911957567293,0.0
16.13,-1.236480228348307,0.0,-2.2488635087301305,0.0,5.45057971377682,0.0
16.132,-1.2409670378083715,0.0,-2.237937760224116,0.0,5.475153003748021,0.0
16.134,-1.2454319466880714,0.0,-2.2269629600449647,0.0,5.499631299003754,0.0
16.136,-1.2498748570744167,0.0,-2.215939298709208,0.0,5.524014072679238,0.0
16.138,-1.2542956714364937,0.0,-2.2048669677854993,0.0,5.548300799532941,0.0
16.14,-1.2586942926275555,0.0,-2.1937461598913988,0.0,5.572490955957667,0.0
16.142,-1.263070623887164,0.0,-2.182577068689964,0.0,5.596584019991942,0.0
16.144000000000002,-1.2674245688432313,0.0,-2.1713598888865797,0.0,5.620579471330855,0.0
16.146,-1.271756031514116,0.0,-2.1600948162255666,0.0,5.644476791337205,0.0
16.148,-1.2760649163107187,0.0,-2.1487820474868133,0.0,5.66827546305266,0.0
16.15,-1.2803511280385234,0.0,-2.137421780482452,0.0,5.691974971208618,0.0
16.152,-1.2846145718996764,0.0,-2.1260142140534355,0.0,5.715574802237298,0.0
16.154,-1.2888551534950154,0.0,-2.1145595480661767,0.0,5.739074444282549,0.0
16.156,-1.2930727788261382,0.0,-2.1030579834090872,0.0,5.762473387210889,0.0
16.158,-1.2972673542974544,0.0,-2.0915097219890497,0.0,5.78577112262248,0.0
16.16,-1.3014387867181787,0.0,-2.0799149667280847,0.0,5.808967143861762,0.0
16.162,-1.3055869833043998,0.0,-2.068273921559709,0.0,5.832060946028528,0.0
16.164,-1.3097118516810906,0.0,-2.0565867914254605,0.0,5.855052025988687,0.0
16.166,-1.313813299884073,0.0,-2.044853782271484,0.0,5.877939882384769,0.0
16.168,-1.3178912363620996,0.0,-2.0330751010447363,0.0,5.900724015647114,0.0
16.17,-1.3219455699788112,0.0,-2.021250955689539,0.0,5.923403928004346,0.0
16.172,-1.3259762100147092,0.0,-2.009381555144004,0.0,5.9459791234939745,0.0
16.174,-1.329983066169184,0.0,-1.9974671093362961,0.0,5.968449107973294,0.0
16.176000000000002,-1.3339660485624736,0.0,-1.985507829181013,0.0,5.990813389129913,0.0
16.178,-1.337925067737593,0.0,-1.9735039265756604,0.0,6.01307147649212,0.0
16.18,-1.3418600346623661,0.0,-1.961455614396715,0.0,6.0352228814398625,0.0
16.182,-1.3457708607313374,0.0,-1.9493631064960768,0.0,6.057267117215011,0.0
16.184,-1.3496574577677307,0.0,-1.9372266176972692,0.0,6.079203698931948,0.0
16.186,-1.3535197380253678,0.0,-1.9250463637917652,0.0,6.101032143587914,0.0
16.188,-1.3573576141906418,0.0,-1.9128225615350718,0.0,6.122751970073677,0.0
16.19,-1.3611709993844026,0.0,-1.9005554286430761,0.0,6.144362699183713,0.0
16.192,-1.3649598071638847,0.0,-1.8882451837881575,0.0,6.165863853626649,0.0
16.194,-1.3687239515246363,0.0,-1.875892046595321,0.0,6.187254958035712,0.0
16.196,-1.3724633469024028,0.0,-1.8634962376383686,0.0,6.208535538978932,0.0
16.198,-1.3761779081750058,0.0,-1.851057978436084,0.0,6.229705124969329,0.0
16.2,-1.379867550664269,0.0,-1.8385774914481903,0.0,6.250763246475383,0.0
16.202,-1.3835321901378574,0.0,-1.826055000071572,0.0,6.271709435931019,0.0
16.204,-1.3871717428111625,0.0,-1.813490728636271,0.0,6.292543227745853,0.0
16.206,-1.390786125349177,0.0,-1.8008849024014837,0.0,6.313264158315418,0.0
16.208000000000002,-1.3943752548683386,0.0,-1.7882377475516227,0.0,6.333871766031187,0.0
16.21,-1.3979390489383623,0.0,-1.775549491192353,0.0,6.354365591290577,0.0
16.212,-1.4014774255840963,0.0,-1.7628203613465332,0.0,6.374745176507061,0.0
16.214,-1.404990303287356,0.0,-1.7500505869501262,0.0,6.3950100661202125,0.0
16.216,-1.4084776009887396,0.0,-1.7372403978481825,0.0,6.415159806605609,0.0
16.218,-1.411939238089425,0.0,-1.7243900247908197,0.0,6.435193946484668,0.0
16.22,-1.4153751344530083,0.0,-1.7114996994289962,0.0,6.455112036334732,0.0
16.222,-1.4187852104072887,0.0,-1.698569654310429,0.0,6.474913628798839,0.0
16.224,-1.4221693867460248,0.0,-1.6856001228756041,0.0,6.494598278595354,0.0
16.226,-1.425527584730775,0.0,-1.6725913394533576,0.0,6.514165542528098,0.0
16.228,-1.428859726092636,0.0,-1.6595435392568478,0.0,6.533614979495897,0.0
16.23,-1.4321657330339959,0.0,-1.6464569583793953,0.0,6.552946150502215,0.0
16.232,-1.4354455282303213,0.0,-1.6333318337901361,0.0,6.572158618665019,0.0
16.234,-1.4386990348318949,0.0,-1.6201684033298278,0.0,6.59125194922635,0.0
16.236,-1.4419261764655182,0.0,-1.6069669057067404,0.0,6.610225709561711,0.0
16.238,-1.4451268772363033,0.0,-1.5937275804921214,0.0,6.629079469189985,0.0
16.240000000000002,-1.44830106172936,0.0,-1.5804506681160517,0.0,6.647812799782746,0.0
16.242,-1.4514486550114978,0.0,-1.5671364098631728,0.0,6.666425275173694,0.0
16.244,-1.4545695826329659,0.0,-1.5537850478682023,0.0,6.6849164713682905,0.0
16.246,-1.4576637706291105,0.0,-1.5403968251117541,0.0,6.7032859665529445,0.0
16.248,-1.4607311455221013,0.0,-1.5269719854157942,0.0,6.721533341104618,0.0
16.25,-1.4637716343225688,0.0,-1.513510773439422,0.0,6.739658177599906,0.0
16.252,-1.4667851645313106,0.0,-1.5000134346743126,0.0,6.757660060824541,0.0
16.254,-1.4697716641409355,0.0,-1.4864802154403511,0.0,6.77553857778256,0.0
16.256,-1.4727310616375078,0.0,-1.4729113628812325,0.0,6.793293317705447,0.0
16.258,-1.4756632860022008,0.0,-1.4593071249599563,0.0,6.810923872061388,0.0
16.26,-1.4785682667129405,0.0,-1.445667750454272,0.0,6.828429834564455,0.0
16.262,-1.4814459337460026,0.0,-1.4319934889523376,0.0,6.84581080118352,0.0
16.264,-1.4842962175776595,0.0,-1.4182845908480444,0.0,6.863066370151507,0.0
16.266000000000002,-1.4871190491857766,0.0,-1.404541307336523,0.0,6.880196141974326,0.0
16.268,-1.4899143600513818,0.0,-1.3907638904097466,0.0,6.89719971943968,0.0
16.27,-1.4926820821603064,0.0,-1.3769525928516897,0.0,6.914076707626306,0.0
16.272000000000002,-1.4954221480047318,0.0,-1.3631076682338925,0.0,6.9308267139126665,0.0
16.274,-1.498134490584755,0.0,-1.3492293709108991,0.0,6.947449347985761,0.0
16.276,-1.5008190434099724,0.0,-1.3353179560154955,0.0,6.963944221850075,0.0
16.278,-1.5034757405010182,0.0,-1.321373679454158,0.0,6.9803109498362605,0.0
16.28,-1.5061045163911158,0.0,-1.3073967979023209,0.0,6.99654914860991,0.0
16.282,-1.508705306127581,0.0,-1.2933875687998833,0.0,7.012658437180053,0.0
16.284,-1.5112780452733938,0.0,-1.279346250346237,0.0,7.028638436908085,0.0
16.286,-1.5138226699086847,0.0,-1.265273101495716,0.0,7.044488771516196,0.0
16.288,-1.5163391166322324,0.0,-1.2511683819529102,0.0,7.060209067095872,0.0
16.29,-1.5188273225629851,0.0,-1.2370323521677573,0.0,7.07579895211657,0.0
16.292,-1.521287225341523,0.0,-1.2228652733309424,0.0,7.09125805743403,0.0
16.294,-1.5237187631315428,0.0,-1.208667407369043,0.0,7.106586016298753,0.0
16.296,-1.5261218746213345,0.0,-1.1944390169396895,0.0,7.121782464364444,0.0
16.298000000000002,-1.52849649902523,0.0,-1.1801803654267946,0.0,7.136847039696297,0.0
16.3,-1.5308425760850408,0.0,-1.1658917169357907,0.0,7.151779382779216,0.0
16.302,-1.5331600460715196,0.0,-1.1515733362886216,0.0,7.166579136526225,0.0
16.304000000000002,-1.535448849785768,0.0,-1.1372254890190407,0.0,7.1812459462865235,0.0
16.306,-1.5377089285606593,0.0,-1.1228484413676583,0.0,7.195779459853702,0.0
16.308,-1.5399402242622602,0.0,-1.108442460277001,0.0,7.210179327473913,0.0
16.31,-1.5421426792912152,0.0,-1.094007813386667,0.0,7.224445201853869,0.0
16.312,-1.5443162365841496,0.0,-1.0795447690283266,0.0,7.238576738168947,0.0
16.314,-1.5464608396150175,0.0,-1.0650535962209646,0.0,7.252573594070975,0.0
16.316,-1.5485764323965165,0.0,-1.0505345646656388,0.0,7.266435429696455,0.0
16.318,-1.550662959481419,0.0,-1.0359879447406657,0.0,7.28016190767428,0.0
16.32,-1.5527203659639188,0.0,-1.0214140074966762,0.0,7.293752693133557,0.0
16.322,-1.554748597480987,0.0,-1.0068130246514646,0.0,7.307207453711512,0.0
16.324,-1.5567476002136984,0.0,-0.9921852685850137,0.0,7.320525859561228,0.0
16.326,-1.5587173208885263,0.0,-0.9775310123346195,0.0,7.333707583359191,0.0
16.328,-1.5606577067786902,0.0,-0.9628505295895528,0.0,7.346752300313196,0.0
16.330000000000002,-1.5625687057054318,0.0,-0.9481440946861545,0.0,7.359659688169831,0.0
16.332,-1.5644502660393007,0.0,-0.9334119826027993,0.0,7.372429427221995,0.0
16.334,-1.5663023367014497,0.0,-0.9186544689546519,0.0,7.385061200316554,0.0
16.336000000000002,-1.568124867164896,0.0,-0.9038718299885984,0.0,7.397554692861754,0.0
16.338,-1.5699178074557636,0.0,-0.8890643425782858,0.0,7.409909592834542,0.0
16.34,-1.5716811081545599,0.0,-0.8742322842186873,0.0,7.422125590788143,0.0
16.342,-1.5734147203973965,0.0,-0.8593759330211359,0.0,7.434202379859275,0.0
16.344,-1.5751185958772211,0.0,-0.8444955677080774,0.0,7.446139655775466,0.0
16.346,-1.5767926868450266,0.0,-0.8295914676079533,0.0,7.457937116862242,0.0
16.348,-1.5784369461110672,0.0,-0.8146639126499515,0.0,7.469594464050365,0.0
16.35,-1.5800513270460586,0.0,-0.7997131833587134,0.0,7.4811114008830195,0.0
16.352,-1.581635783582344,0.0,-0.7847395608492727,0.0,7.4924876335227655,0.0
16.354,-1.5831902702150946,0.0,-0.7697433268216404,0.0,7.503722870758741,0.0
16.356,-1.5847147420034593,0.0,-0.7547247635556167,0.0,7.51481682401358,0.0
16.358,-1.5862091545717174,0.0,-0.7396841539055654,0.0,7.525769207350327,0.0
16.36,-1.5876734641104282,0.0,-0.7246217812950787,0.0,7.536579737479381,0.0
16.362000000000002,-1.5891076273775697,0.0,-0.7095379297116018,0.0,7.547248133765393,0.0
16.364,-1.590511601699645,0.0,-0.6944328837012876,0.0,7.5577741182339375,0.0
16.366,-1.5918853449728096,0.0,-0.6793069283634989,0.0,7.568157415578391,0.0
16.368000000000002,-1.5932288156639687,0.0,-0.6641603493455127,0.0,7.578397753166592,0.0
16.37,-1.5945419728118542,0.0,-0.6489934328373386,0.0,7.588494861047388,0.0
16.372,-1.5958247760281288,0.0,-0.6338064655660542,0.0,7.598448471957428,0.0
16.374,-1.5970771854984358,0.0,-0.6185997347906196,0.0,7.608258321327573,0.0
16.376,-1.5982991619834677,0.0,-0.6033735282964091,0.0,7.617924147289463,0.0
16.378,-1.5994906668200017,0.0,-0.5881281343899012,0.0,7.627445690681885,0.0
16.38,-1.600651661921955,0.0,-0.5728638418930859,0.0,7.636822695057313,0.0
16.382,-1.6017821097813925,0.0,-0.5575809401382035,0.0,7.646054906688116,0.0
16.384,-1.6028819734695496,0.0,-0.5422797189622244,0.0,7.655142074572925,0.0
16.386,-1.6039512166378391,0.0,-0.5269604687013402,0.0,7.664083950442899,0.0
16.388,-1.6049898035188412,0.0,-0.5116234801855433,0.0,7.672880288767899,0.0
16.39,-1.60599769892728,0.0,-0.4962690447332161,0.0,7.681530846762584,0.0
16.392,-1.6069748682610063,0.0,-0.48089745414546325,0.0,7.690035384392615,0.0
16.394000000000002,-1.607921277501948,0.0,-0.4655090007007763,0.0,7.698393664380589,0.0
16.396,-1.6088368932170616,0.0,-0.45010397714943956,0.0,7.706605452212081,0.0
16.398,-1.6097216825592737,0.0,-0.4346826767079486,0.0,7.714670516141596,0.0
16.4,-1.6105756132684064,0.0,-0.41924539305354114,0.0,7.722588627198437,0.0
16.402,-1.6113986536720923,0.0,-0.4037924203185663,0.0,7.730359559192555,0.0
16.404,-1.6121907726866733,0.0,-0.38832405308511836,0.0,7.737983088720253,0.0
16.406,-1.6129519398181065,0.0,-0.3728405863791572,0.0,7.745458995170046,0.0
16.408,-1.6136821251628413,0.0,-0.3573423156650942,0.0,7.752787060728277,0.0
16.41,-1.614381299408684,0.0,-0.34182953684024053,0.0,7.7599670703846915,0.0
16.412,-1.6150494338356682,0.0,-0.3263025462290446,0.0,7.766998811938102,0.0
16.414,-1.6156865003168983,0.0,-0.31076164057751815,0.0,7.773882076001863,0.0
16.416,-1.616292471319384,0.0,-0.29520711704777836,0.0,7.780616656009288,0.0
16.418,-1.6168673199048758,0.0,-0.2796392732121002,0.0,7.787202348219177,0.0
16.42,-1.6174110197306713,0.0,-0.2640584070474361,0.0,7.793638951721091,0.0
16.422,-1.6179235450504217,0.0,-0.24846481692979996,0.0,7.799926268440663,0.0
16.424,-1.6184048707149254,0.0,-0.2328588016284383,0.0,7.806064103144886,0.0
16.426000000000002,-1.618854972172909,0.0,-0.21724066030019246,0.0,7.812052263447315,0.0
16.428,-1.6192738254717927,0.0,-0.20161069248397773,0.0,7.817890559813135,0.0
16.43,-1.6196614072584545,0.0,-0.18596919809477128,0.0,7.823578805564364,0.0
16.432,-1.6200176947799718,0.0,-0.1703164774180959,0.0,7.829116816884813,0.0
16.434,-1.6203426658843614,0.0,-0.15465283110421535,0.0,7.834504412825111,0.0
16.436,-1.6206362990212957,0.0,-0.13897856016249738,0.0,7.839741415307576,0.0
16.438,-1.6208985732428258,0.0,-0.1232939659554877,0.0,7.844827649131176,0.0
16.44,-1.6211294682040733,0.0,-0.10759935019332988,0.0,7.849762941976271,0.0
16.442,-1.6213289641639235,0.0,-0.09189501492792096,0.0,7.854547124409412,0.0
16.444,-1.6214970419857007,0.0,-0.07618126254708434,0.0,7.8591800298880505,0.0
16.446,-1.6216336831378393,0.0,-0.060458395768833634,0.0,7.863661494765207,0.0
16.448,-1.6217388696945323,0.0,-0.04472671763562763,0.0,7.867991358294028,0.0
16.45,-1.6218125843363786,0.0,-0.02898653150851524,0.0,7.872169462632365,0.0
16.452,-1.6218548103510129,0.0,-0.013238141061244574,0.0,7.876195652847277,0.0
16.454,-1.621865531633724,0.0,0.002518149725381058,0.0,7.88006977691941,0.0
16.456,-1.6218447326880667,0.0,0.018282036569513826,0.0,7.883791685747447,0.0
16.458000000000002,-1.6217923986264533,0.0,0.034053214894024436,0.0,7.887361233152373,0.0
16.46,-1.6217085151707413,0.0,0.049831379832300515,0.0,7.890778275881762,0.0
16.462,-1.621593068652808,0.0,0.06561622623415528,0.0,7.894042673613996,0.0
16.464,-1.6214460460151083,0.0,0.08140744867174379,0.0,7.897154288962423,0.0
16.466,-1.6212674348112248,0.0,0.09720474144538599,0.0,7.9001129874794405,0.0
16.468,-1.6210572232064082,0.0,0.11300779858937277,0.0,7.90291863766054,0.0
16.47,-1.620815399978099,0.0,0.1288163138780087,0.0,7.905571110948303,0.0
16.472,-1.6205419545164463,0.0,0.1446299808314599,0.0,7.9080702817363475,0.0
16.474,-1.6202368768248097,0.0,0.16044849272148037,0.0,7.9104160273731505,0.0
16.476,-1.6199001575202452,0.0,0.17627154257763233,0.0,7.912608228165925,0.0
16.478,-1.6195317878339879,0.0,0.19209882319302915,0.0,7.914646767384346,0.0
16.48,-1.6191317596119206,0.0,0.20793002713021208,0.0,7.916531531264256,0.0
16.482,-1.6187000653150219,0.0,0.22376484672726535,0.0,7.91826240901132,0.0
16.484,-1.618236698019819,0.0,0.23960297410358125,0.0,7.9198392928046255,0.0
16.486,-1.6177416514188125,0.0,0.25544410116588634,0.0,7.92126207780019,0.0
16.488,-1.617214919820895,0.0,0.27128791961425003,0.0,7.922530662134453,0.0
16.490000000000002,-1.6166564981517613,0.0,0.28713412094799784,0.0,7.9236449469276975,0.0
16.492,-1.6160663819543055,0.0,0.30298239647160585,0.0,7.924604836287395,0.0
16.494,-1.6154445673889999,0.0,0.3188324373008577,0.0,7.925410237311529,0.0
16.496,-1.6147910512342725,0.0,0.3346839343686233,0.0,7.926061060091824,0.0
16.498,-1.6141058308868588,0.0,0.3505365784310555,0.0,7.926557217716946,0.0
16.5,-1.6133889043621579,0.0,0.3663900600733807,0.0,7.926898626275616,0.0
16.502,-1.6126402702945626,0.0,0.3822440697160832,0.0,7.927085204859714,0.0
16.504,-1.6118599279377803,0.0,0.39809829762086113,0.0,7.927116875567248,0.0
16.506,-1.6110478771651604,0.0,0.4139524338964651,0.0,7.9269935635053645,0.0
16.508,-1.610204118469971,0.0,0.4298061685050236,0.0,7.926715196793195,0.0
16.51,-1.6093286529657016,0.0,0.4456591912678941,0.0,7.926281706564737,0.0
16.512,-1.608421482386336,0.0,0.4615111918716398,0.0,7.925693026971602,0.0
16.514,-1.6074826090866143,0.0,0.4773618598742264,0.0,7.9249490951857755,0.0
16.516000000000002,-1.6065120360422787,0.0,0.49321088471101004,0.0,7.924049851402247,0.0
16.518,-1.6055097668503309,0.0,0.5090579557006095,0.0,7.922995238841647,0.0
16.52,-1.604475805729235,0.0,0.5249027620512654,0.0,7.9217852037527745,0.0
16.522000000000002,-1.6034101575191468,0.0,0.5407449928667212,0.0,7.920419695415086,0.0
16.524,-1.6023128276821192,0.0,0.5565843371522348,0.0,7.918898666141151,0.0
16.526,-1.6011838223022827,0.0,0.5724204838208014,0.0,7.91722207127899,0.0
16.528,-1.6000231480860272,0.0,0.5882531216991487,0.0,7.915389869214401,0.0
16.53,-1.5988308123621777,0.0,0.6040819395337662,0.0,7.91340202137324,0.0
16.532,-1.5976068230821387,0.0,0.6199066259970357,0.0,7.911258492223573,0.0
16.534,-1.5963511888200352,0.0,0.6357268696933706,0.0,7.9089592492778324,0.0
16.536,-1.5950639187728473,0.0,0.6515423591652553,0.0,7.906504263094893,0.0
16.538,-1.5937450227605319,0.0,0.667352782899263,0.0,7.903893507282097,0.0
16.54,-1.5923945112261157,0.0,0.6831578293323347,0.0,7.90112695849719,0.0
16.542,-1.5910123952358042,0.0,0.6989571868577018,0.0,7.898204596450246,0.0
16.544,-1.5895986864790528,0.0,0.71475054383107,0.0,7.895126403905497,0.0
16.546,-1.5881533972686332,0.0,0.7305375885767793,0.0,7.891892366683093,0.0
16.548000000000002,-1.5866765405406977,0.0,0.7463180093938685,0.0,7.88850247366085,0.0
16.55,-1.5851681298548208,0.0,0.7620914945621388,0.0,7.8849567167758945,0.0
16.552,-1.5836281793940368,0.0,0.777857732348328,0.0,7.881255091026291,0.0
16.554000000000002,-1.5820567039648423,0.0,0.793616411012307,0.0,7.877397594472522,0.0
16.556,-1.5804537189972303,0.0,0.8093672188130312,0.0,7.873384228239053,0.0
16.558,-1.5788192405446593,0.0,0.8251098440148437,0.0,7.869214996515669,0.0
16.56,-1.5771532852840557,0.0,0.8408439748935117,0.0,7.864889906558901,0.0
16.562,-1.575455870515769,0.0,0.8565692997424311,0.0,7.860408968693278,0.0
16.564,-1.5737270141635589,0.0,0.8722855068785659,0.0,7.855772196312651,0.0
16.566,-1.5719667347745023,0.0,0.8879922846488879,0.0,7.85097960588125,0.0
16.568,-1.5701750515189528,0.0,0.9036893214363465,0.0,7.8460312169348985,0.0
16.57,-1.5683519841904636,0.0,0.9193763056659561,0.0,7.84092705208206,0.0
16.572,-1.566497553205683,0.0,0.9350529258110991,0.0,7.835667137004811,0.0
16.574,-1.564611779604255,0.0,0.9507188703996208,0.0,7.830251500459774,0.0
16.576,-1.5626946850487278,0.0,0.9663738280198046,0.0,7.824680174279086,0.0
16.578,-1.560746291824389,0.0,0.9820174873268259,0.0,7.818953193371099,0.0
16.580000000000002,-1.558766622839146,0.0,0.997649537048727,0.0,7.813070595721193,0.0
16.582,-1.556755701623382,0.0,1.0132696659925238,0.0,7.807032422392509,0.0
16.584,-1.5547135523297677,0.0,1.0288775630505371,0.0,7.800838717526502,0.0
16.586000000000002,-1.5526401997331127,0.0,1.0444729172063758,0.0,7.794489528343625,0.0
16.588,-1.5505356692301588,0.0,1.060055417541166,0.0,7.787984905143765,0.0
16.59,-1.548399986839378,0.0,1.0756247532397663,0.0,7.781324901306719,0.0
16.592,-1.546233179200767,0.0,1.0911806135968485,0.0,7.774509573292601,0.0
16.594,-1.5440352735756142,0.0,1.1067226880231116,0.0,7.767538980642161,0.0
16.596,-1.541806297846272,0.0,1.1222506660513645,0.0,7.7604131859770895,0.0
16.598,-1.5395462805159026,0.0,1.137764237342744,0.0,7.753132255000226,0.0
16.6,-1.5372552507081985,0.0,1.1532630916929456,0.0,7.74569625649565,0.0
16.602,-1.5349332381671377,0.0,1.1687469190382171,0.0,7.7381052623288715,0.0
16.604,-1.5325802732566673,0.0,1.1842154094616915,0.0,7.730359347446776,0.0
16.606,-1.5301963869604136,0.0,1.1996682531995029,0.0,7.722458589877616,0.0
16.608,-1.527781610881396,0.0,1.215105140646774,0.0,7.714403070731017,0.0
16.61,-1.5253359772416544,0.0,1.2305257623640764,0.0,7.706192874197661,0.0
16.612000000000002,-1.5228595188819425,0.0,1.2459298090834203,0.0,7.6978280875491665,0.0
16.614,-1.5203522692613836,0.0,1.2613169717143633,0.0,7.689308801137848,0.0
16.616,-1.5178142624570896,0.0,1.2766869413503255,0.0,7.680635108396305,0.0
16.618000000000002,-1.51524553316379,0.0,1.2920394092746936,0.0,7.671807105837029,0.0
16.62,-1.5126461166934793,0.0,1.3073740669668132,0.0,7.662824893052078,0.0
16.622,-1.5100160489749654,0.0,1.3226906061084396,0.0,7.6536885727123645,0.0
16.624,-1.5073553665534947,0.0,1.3379887185897,0.0,7.644398250567199,0.0
16.626,-1.5046641065903155,0.0,1.3532680965153219,0.0,7.6349540354436085,0.0
16.628,-1.5019423068622588,0.0,1.3685284322106905,0.0,7.625356039245688,0.0
16.63,-1.4991900057612622,0.0,1.3837694182281735,0.0,7.615604376953741,0.0
16.632,-1.4964072422939416,0.0,1.3989907473531034,0.0,7.605699166623567,0.0
16.634,-1.493594056081101,0.0,1.4141921126099954,0.0,7.595640529385508,0.0
16.636,-1.4907504873572441,0.0,1.4293732072687506,0.0,7.5854285894435,0.0
16.638,-1.4878765769700828,0.0,1.4445337248507497,0.0,7.575063474074069,0.0
16.64,-1.4849723663800458,0.0,1.459673359134927,0.0,7.564545313625347,0.0
16.642,-1.4820378976597186,0.0,1.4747918041640764,0.0,7.553874241515782,0.0
16.644000000000002,-1.4790732134933513,0.0,1.4898887542508306,0.0,7.543050394233112,0.0
16.646,-1.4760783571762912,0.0,1.5049639039838631,0.0,7.5320739113330335,0.0
16.648,-1.4730533726144162,0.0,1.5200169482340746,0.0,7.52094493543785,0.0
16.65,-1.4699983043235818,0.0,1.5350475821606513,0.0,7.509663612235167,0.0
16.652,-1.4669131974290213,0.0,1.5500555012172674,0.0,7.498230090476399,0.0
16.654,-1.4637980976647917,0.0,1.5650404011580186,0.0,7.4866445219754185,0.0
16.656,-1.4606530513731046,0.0,1.5800019780438326,0.0,7.474907061606764,0.0
16.658,-1.457478105503744,0.0,1.5949399282484222,0.0,7.463017867304169,0.0
16.66,-1.454273307613444,0.0,1.6098539484643535,0.0,7.450977100058911,0.0
16.662,-1.4510387058652134,0.0,1.6247437357093033,0.0,7.438784923917957,0.0
16.664,-1.4477743490276898,0.0,1.6396089873321182,0.0,7.42644150598219,0.0
16.666,-1.444480286474511,0.0,1.6544494010187603,0.0,7.413947016404711,0.0
16.668,-1.4411565681835656,0.0,1.669264674798687,0.0,7.4013016283886355,0.0
16.67,-1.4378032447363427,0.0,1.6840545070507902,0.0,7.388505518185284,0.0
16.672,-1.4344203673172329,0.0,1.6988185965094353,0.0,7.375558865092147,0.0
16.674,-1.4310079877127837,0.0,1.7135566422707025,0.0,7.362461851450676,0.0
16.676000000000002,-1.4275661583109749,0.0,1.7282683437984174,0.0,7.3492146626441315,0.0
16.678,-1.424094932100523,0.0,1.7429534009300738,0.0,7.335817487095532,0.0
16.68,-1.4205943626700546,0.0,1.757611513883188,0.0,7.322270516265075,0.0
16.682,-1.417064504207388,0.0,1.772242383261186,0.0,7.308573944647968,0.0
16.684,-1.4135054114987384,0.0,1.7868457100595403,0.0,7.294727969771959,0.0
16.686,-1.4099171399279435,0.0,1.8014211956717627,0.0,7.280732792194907,0.0
16.688,-1.406299745475652,0.0,1.815968541895509,0.0,7.2665886155022195,0.0
16.69,-1.4026532847184907,0.0,1.8304874509387012,0.0,7.2522956463041846,0.0
16.692,-1.3989778148282779,0.0,1.8449776254254115,0.0,7.237854094233462,0.0
16.694,-1.395273393571145,0.0,1.859438768402066,0.0,7.22326417194221,0.0
16.696,-1.391540079306703,0.0,1.873870583343413,0.0,7.208526095099374,0.0
16.698,-1.387777930987192,0.0,1.8882727741585073,0.0,7.193640082387895,0.0
16.7,-1.3839870081565964,0.0,1.9026450451967816,0.0,7.1786063555017625,0.0
16.702,-1.3801673709497353,0.0,1.9169871012541324,0.0,7.163425139142968,0.0
16.704,-1.376319080091412,0.0,1.9312986475787772,0.0,7.14809666101867,0.0
16.706,-1.3724421968954543,0.0,1.9455793898774145,0.0,7.13262115183791,0.0
16.708000000000002,-1.3685367832638091,0.0,1.959829034321186,0.0,7.1169988453085455,0.0
16.71,-1.3646029016856491,0.0,1.974047287551509,0.0,7.101229978134212,0.0
16.712,-1.3606406152363506,0.0,1.9882338566863345,0.0,7.0853147900107425,0.0
16.714,-1.3566499875765843,0.0,2.002388449325953,0.0,7.0692535236230505,0.0
16.716,-1.352631082951329,0.0,2.0165107735590326,0.0,7.053046424641677,0.0
16.718,-1.3485839661889087,0.0,2.0306005379684944,0.0,7.036693741719415,0.0
16.72,-1.3445087026999591,0.0,2.044657451637638,0.0,7.020195726487656,0.0
16.722,-1.340405358476463,0.0,2.0586812241559334,0.0,7.003552633552982,0.0
16.724,-1.3362740000907132,0.0,2.072671565625035,0.0,6.986764720493461,0.0
16.726,-1.3321146946942675,0.0,2.0866281866647665,0.0,6.9698322478548995,0.0
16.728,-1.3279275100169226,0.0,2.1005507984190093,0.0,6.952755479147156,0.0
16.73,-1.323712514365678,0.0,2.114439112561558,0.0,6.935534680840406,0.0
16.732,-1.3194697766236225,0.0,2.1282928413021907,0.0,6.918170122361069,0.0
16.734,-1.3151993662489077,0.0,2.14211169739243,0.0,6.9006620760881,0.0
16.736,-1.3109013532736327,0.0,2.1558953941315004,0.0,6.883010817348876,0.0
16.738,-1.3065758083027332,0.0,2.1696436453722754,0.0,6.86521662441512,0.0
16.740000000000002,-1.30222280251288,0.0,2.1833561655271083,0.0,6.847279778498828,0.0
16.742,-1.2978424076513688,0.0,2.1970326695736713,0.0,6.829200563748165,0.0
16.744,-1.2934346960349705,0.0,2.210672873060867,0.0,6.81097926724317,0.0
16.746,-1.2889997405487676,0.0,2.224276492114727,0.0,6.792616178991409,0.0
16.748,-1.2845376146450076,0.0,2.2378432434442237,0.0,6.774111591923676,0.0
16.75,-1.280048392341955,0.0,2.251372844347047,0.0,6.755465801889686,0.0
16.752,-1.275532148222663,0.0,2.2648650127155627,0.0,6.7366791076534085,0.0
16.754,-1.2709889574337931,0.0,2.278319467042599,0.0,6.717751810888605,0.0
16.756,-1.2664188956844602,0.0,2.2917359264271076,0.0,6.6986842161744535,0.0
16.758,-1.2618220392449264,0.0,2.3051141105802313,0.0,6.679476630990534,0.0
16.76,-1.2571984649454213,0.0,2.318453739830944,0.0,6.660129365712324,0.0
16.762,-1.2525482501749166,0.0,2.331754535131799,0.0,6.6406427336065015,0.0
16.764,-1.2478714728798277,0.0,2.3450162180648353,0.0,6.621017050825929,0.0
16.766000000000002,-1.2431682115627636,0.0,2.358238510847299,0.0,6.6012526364048245,0.0
16.768,-1.2384385452813065,0.0,2.371421136337259,0.0,6.581349812254051,0.0
16.77,-1.2336825536466287,0.0,2.3845638180396,0.0,6.561308903155712,0.0
16.772000000000002,-1.2289003168222496,0.0,2.3976662801116193,0.0,6.541130236758319,0.0
16.774,-1.22409191552274,0.0,2.4107282473687106,0.0,6.520814143571732,0.0
16.776,-1.2192574310123543,0.0,2.4237494452902073,0.0,6.500360956961789,0.0
16.778,-1.2143969451037184,0.0,2.436729600025024,0.0,6.4797710131451485,0.0
16.78,-1.209510540156503,0.0,2.449668438397316,0.0,6.459044651184077,0.0
16.782,-1.204598299076049,0.0,2.462565687912203,0.0,6.438182212981,0.0
16.784,-1.1996603053119876,0.0,2.4754210767614873,0.0,6.417184043273043,0.0
16.786,-1.194696642856873,0.0,2.4882343338292743,0.0,6.3960504896266,0.0
16.788,-1.1897073962448106,0.0,2.5010051886975857,0.0,6.374781902431884,0.0
16.79,-1.1846926505500404,0.0,2.513733371652046,0.0,6.353378634897264,0.0
16.792,-1.1796524913854978,0.0,2.526418613687568,0.0,6.3318410430435055,0.0
16.794,-1.1745870049014455,0.0,2.5390606465138306,0.0,6.310169485698305,0.0
16.796,-1.169496277783986,0.0,2.5516592025610363,0.0,6.288364324490288,0.0
16.798000000000002,-1.164380397253633,0.0,2.5642140149854384,0.0,6.266425923843279,0.0
16.8,-1.1592394510638753,0.0,2.5767248176748843,0.0,6.244354650970496,0.0
16.802,-1.1540735274996894,0.0,2.5891913452544384,0.0,6.222150875868538,0.0
16.804000000000002,-1.148882715376035,0.0,2.6016133330919935,0.0,6.199814971311281,0.0
16.806,-1.1436671040364221,0.0,2.6139905173036833,0.0,6.177347312844067,0.0
16.808,-1.1384267833513497,0.0,2.6263226347595574,0.0,6.154748278777349,0.0
16.81,-1.1331618437168272,0.0,2.6386094230890262,0.0,6.1320182501806535,0.0
16.812,-1.127872376052823,0.0,2.6508506206864326,0.0,6.109157610876249,0.0
16.814,-1.1225584718018011,0.0,2.663045966716397,0.0,6.086166747433161,0.0
16.816,-1.117220222927068,0.0,2.6751952011195335,0.0,6.063046049160378,0.0
16.818,-1.111857721911277,0.0,2.6872980646177878,0.0,6.039795908100707,0.0
16.82,-1.1064710617548783,0.0,2.6993542987198644,0.0,6.016416719024405,0.0
16.822,-1.1010603359744782,0.0,2.711363645726807,0.0,5.992908879422394,0.0
16.824,-1.095625638601311,0.0,2.7233258487373004,0.0,5.969272789499963,0.0
16.826,-1.0901670641796102,0.0,2.7352406516531436,0.0,5.945508852170015,0.0
16.828,-1.0846847077649813,0.0,2.7471077991847057,0.0,5.921617473046316,0.0
16.830000000000002,-1.0791786649227961,0.0,2.7589270368562797,0.0,5.8975990604368365,0.0
16.832,-1.0736490317265854,0.0,2.770698111011401,0.0,5.8734540253370575,0.0
16.834,-1.0680959047563339,0.0,2.782420768818358,0.0,5.8491827814228605,0.0
16.836000000000002,-1.0625193810968878,0.0,2.7940947582754085,0.0,5.824785745043886,0.0
16.838,-1.0569195583362618,0.0,2.8057198282161764,0.0,5.800263335216449,0.0
16.84,-1.0512965345639453,0.0,2.8172957283150155,0.0,5.775615973616446,0.0
16.842,-1.045650408369244,0.0,2.828822209092269,0.0,5.7508440845724,0.0
16.844,-1.0399812788395524,0.0,2.8402990219196185,0.0,5.72594809505819,0.0
16.846,-1.034289245558723,0.0,2.8517259190252235,0.0,5.700928434686211,0.0
16.848,-1.0285744086052342,0.0,2.8631026534992103,0.0,5.675785535699637,0.0
16.85,-1.0228368685505282,0.0,2.8744289792988,0.0,5.650519832965397,0.0
16.852,-1.0170767264572884,0.0,2.885704651253506,0.0,5.625131763966922,0.0
16.854,-1.011294083877635,0.0,2.896929425070478,0.0,5.5996217687964736,0.0
16.856,-1.0054890428513816,0.0,2.9081030573396665,0.0,5.573990290147772,0.0
16.858,-0.9996617059043329,0.0,2.9192253055389017,0.0,5.548237773308773,0.0
16.86,-0.9938121760463879,0.0,2.9302959280392824,0.0,5.522364666153586,0.0
16.862000000000002,-0.9879405567698153,0.0,2.941314684110218,0.0,5.496371419135145,0.0
16.864,-0.9820469520474716,0.0,2.9522813339245415,0.0,5.47025848527761,0.0
16.866,-0.9761314663309303,0.0,2.963195638563753,0.0,5.444026320168376,0.0
16.868000000000002,-0.9701942045486803,0.0,2.9740573600231035,0.0,5.417675381950374,0.0
16.87,-0.9642352721043589,0.0,2.9848662612165704,0.0,5.3912061313145125,0.0
16.872,-0.9582547748747959,0.0,2.995622105982163,0.0,5.364619031491289,0.0
16.874,-0.9522528192082347,0.0,3.006324659086846,0.0,5.337914548243154,0.0
16.876,-0.9462295119224426,0.0,3.016973686231655,0.0,5.311093149856396,0.0
16.878,-0.9401849603028753,0.0,3.0275689540566595,0.0,5.284155307133244,0.0
16.88,-0.9341192721007269,0.0,3.0381102301461147,0.0,5.257101493383464,0.0
16.882,-0.9280325555311034,0.0,3.0485972830333425,0.0,5.229932184416486,0.0
16.884,-0.9219249192710914,0.0,3.0590298822057815,0.0,5.2026478585330596,0.0
16.886,-0.9157964724578237,0.0,3.0694077981099825,0.0,5.175248996516893,0.0
16.888,-0.9096473246865777,0.0,3.079730802156545,0.0,5.147736081626418,0.0
16.89,-0.9034775860088609,0.0,3.089998666725017,0.0,5.120109599586501,0.0
16.892,-0.897287366930449,0.0,3.100211165168859,0.0,5.092370038579924,0.0
16.894000000000002,-0.891076778409402,0.0,3.1103680718203934,0.0,5.064517889238767,0.0
16.896,-0.8848459318541733,0.0,3.1204691619955858,0.0,5.036553644636191,0.0
16.898,-0.878594939121566,0.0,3.1305142119990315,0.0,5.008477800277533,0.0
16.9,-0.872323912514792,0.0,3.1405029991287425,0.0,4.980290854091851,0.0
16.902,-0.8660329647814478,0.0,3.150435301681039,0.0,4.951993306423088,0.0
16.904,-0.8597222091115984,0.0,3.160310898955242,0.0,4.923585660021713,0.0
16.906,-0.85339175913564,0.0,3.1701295712586672,0.0,4.89506842003536,0.0
16.908,-0.8470417289223532,0.0,3.179891099911299,0.0,4.866442094000314,0.0
16.91,-0.840672232976893,0.0,3.1895952672505286,0.0,4.8377071918327115,0.0
16.912,-0.8342833862386865,0.0,3.1992418566359984,0.0,4.8088642258192955,0.0
16.914,-0.8278753040794059,0.0,3.2088306524543038,0.0,4.779913710608534,0.0
16.916,-0.8214481023009811,0.0,3.2183614401235987,0.0,4.750856163201886,0.0
16.918,-0.8150018971334079,0.0,3.227834006098478,0.0,4.721692102944141,0.0
16.92,-0.8085368052327429,0.0,3.2372481378745435,0.0,4.692422051514595,0.0
16.922,-0.802052943679038,0.0,3.246603623993041,0.0,4.66304653291795,0.0
16.924,-0.7955504299741708,0.0,3.2559002540455984,0.0,4.63356607347473,0.0
16.926000000000002,-0.7890293820398143,0.0,3.2651378186787565,0.0,4.603981201812316,0.0
16.928,-0.7824899182152883,0.0,3.2743161095986015,0.0,4.574292448855445,0.0
16.93,-0.7759321572554163,0.0,3.2834349195753934,0.0,4.544500347816723,0.0
16.932,-0.7693562183284237,0.0,3.2924940424480775,0.0,4.514605434187311,0.0
16.934,-0.7627622210137756,0.0,3.3014932731288718,0.0,4.484608245727341,0.0
16.936,-0.7561502853000559,0.0,3.3104324076077436,0.0,4.4545093224564996,0.0
16.938,-0.7495205315827882,0.0,3.319311242956954,0.0,4.424309206644351,0.0
16.94,-0.7428730806622326,0.0,3.328129577335584,0.0,4.3940084428005255,0.0
16.942,-0.7362080537412835,0.0,3.3368872099939124,0.0,4.363607577665384,0.0
16.944,-0.729525572423208,0.0,3.3455839412779635,0.0,4.333107160199925,0.0
16.946,-0.7228257587094703,0.0,3.354219572633904,0.0,4.302507741576087,0.0
16.948,-0.7161087349976043,0.0,3.3627939066123753,0.0,4.271809875167269,0.0
16.95,-0.709374624078868,0.0,3.371306746873031,0.0,4.241014116537832,0.0
16.952,-0.7026235491361001,0.0,3.3797578981888297,0.0,4.2101210234335245,0.0
16.954,-0.6958556337415072,0.0,3.3881471664503464,0.0,4.179131155771589,0.0
16.956,-0.6890710018543622,0.0,3.3964743586702024,0.0,4.148045075630448,0.0
16.958000000000002,-0.6822697778187752,0.0,3.4047392829873337,0.0,4.116863347239705,0.0
16.96,-0.6754520863615157,0.0,3.412941748671208,0.0,4.085586536970393,0.0
16.962,-0.6686180525896124,0.0,3.421081566126238,0.0,4.054215213324183,0.0
16.964,-0.6617678019881704,0.0,3.429158546895943,0.0,4.0227499469235815,0.0
16.966,-0.654901460418053,0.0,3.4371725036672056,0.0,3.9911913105015033,0.0
16.968,-0.6480191541136365,0.0,3.445123250274444,0.0,3.9595398788911735,0.0
16.97,-0.6411210096804323,0.0,3.45301060170388,0.0,3.927796229015404,0.0
16.972,-0.6342071540928588,0.0,3.460834374097629,0.0,3.8959609398765602,0.0
16.974,-0.6272777146918899,0.0,3.46859438475788,0.0,3.8640345925459476,0.0
16.976,-0.6203328191827091,0.0,3.4762904521510483,0.0,3.832017770153218,0.0
16.978,-0.6133725956323999,0.0,3.483922395911859,0.0,3.7999110578759354,0.0
16.98,-0.6063971724676377,0.0,3.491490036847394,0.0,3.767715042929138,0.0
16.982,-0.5994066784722639,0.0,3.4989931969412447,0.0,3.735430314554357,0.0
16.984,-0.5924012427850058,0.0,3.5064316993574653,0.0,3.7030574640092944,0.0
16.986,-0.5853809948970796,0.0,3.5138053684446335,0.0,3.6705970845569524,0.0
16.988,-0.5783460646497929,0.0,3.521114029739871,0.0,3.638049771454763,0.0
16.990000000000002,-0.571296582232188,0.0,3.5283575099728037,0.0,3.605416121943884,0.0
16.992,-0.5642326781786741,0.0,3.5355356370694846,0.0,3.5726967352384493,0.0
16.994,-0.5571544833666097,0.0,3.542648240156368,0.0,3.5398922125145744,0.0
16.996,-0.5500621290138726,0.0,3.549695149564228,0.0,3.507003156899301,0.0
16.998,-0.542955746676473,0.0,3.5566761968320404,0.0,3.474030173459726,0.0
17.0,-0.5358354682461641,0.0,3.563591214710806,0.0,3.4409738691921254,0.0
17.002,-0.5287014259479496,0.0,3.57044003716748,0.0,3.407834853010579,0.0
17.004,-0.5215537523376664,0.0,3.577222499388755,0.0,3.3746137357359434,0.0
17.006,-0.5143925802996266,0.0,3.5839384377848074,0.0,3.3413111300850926,0.0
17.008,-0.5072180430440243,0.0,3.5905876899931934,0.0,3.307927650659061,0.0
17.01,-0.5000302741045604,0.0,3.5971700948825363,0.0,3.274463913932183,0.0
17.012,-0.49282940733599867,0.0,3.6036854925562394,0.0,3.24092053824092,0.0
17.014,-0.48561557691162366,0.0,3.6101337243562646,0.0,3.207298143772209,0.0
17.016000000000002,-0.4783889173207822,0.0,3.6165146328667963,0.0,3.1735973525522017,0.0
17.018,-0.4711495633664784,0.0,3.6228280619178443,0.0,3.1398187884352478,0.0
17.02,-0.46389765016273676,0.0,3.6290738565890033,0.0,3.105963077091781,0.0
17.022000000000002,-0.4566333131321816,0.0,3.635251863213005,0.0,3.072030845997213,0.0
17.024,-0.449356688003551,0.0,3.6413619293792987,0.0,3.0380227244205162,0.0
17.026,-0.4420679108090973,0.0,3.6474039039376924,0.0,3.0039393434122625,0.0
17.028,-0.43476711788215755,0.0,3.6533776370018343,0.0,2.9697813357934577,0.0
17.03,-0.4274544458545268,0.0,3.6592829799528075,0.0,2.9355493361434393,0.0
17.032,-0.4201300316540153,0.0,3.6651197854425672,0.0,2.9012439807886334,0.0
17.034,-0.41279401250181974,0.0,3.6708879073974856,0.0,2.866865907790431,0.0
17.036,-0.4054465259100073,0.0,3.6765872010217855,0.0,2.832415756933583,0.0
17.038,-0.39808770967897905,0.0,3.6822175228009493,0.0,2.7978941697144997,0.0
17.04,-0.39071770189488175,0.0,3.6877787305051615,0.0,2.763301789329293,0.0
17.042,-0.383336640926998,0.0,3.6932706831927082,0.0,2.728639260661712,0.0
17.044,-0.3759446654252508,0.0,3.6986932412132907,0.0,2.6939072302716136,0.0
17.046,-0.36854191431753364,0.0,3.7040462662114177,0.0,2.6591063463825986,0.0
17.048000000000002,-0.36112852680714147,0.0,3.709329621129709,0.0,2.6242372588701204,0.0
17.05,-0.35370464237025545,0.0,3.714543170212132,0.0,2.5893006192498396,0.0
17.052,-0.346270400753192,0.0,3.7196867790073562,0.0,2.5542970806648597,0.0
17.054000000000002,-0.3388259419698753,0.0,3.724760314371952,0.0,2.5192272978740093,0.0
17.056,-0.3313714062992418,0.0,3.7297636444735875,0.0,2.484091927239797,0.0
17.058,-0.3239069342825427,0.0,3.7346966387942757,0.0,2.44889162671588,0.0
17.06,-0.316432666720748,0.0,3.7395591681335114,0.0,2.4136270558350006,0.0
17.062,-0.3089487446719332,0.0,3.744351104611417,0.0,2.378298875696838,0.0
17.064,-0.3014553094486099,0.0,3.749072321671863,0.0,2.3429077489555894,0.0
17.066,-0.2939525026150516,0.0,3.7537226940855937,0.0,2.3074543398075145,0.0
17.068,-0.28644046598466094,0.0,3.7583020979532726,0.0,2.2719393139786748,0.0
17.07,-0.27891934161734294,0.0,3.7628104107085174,0.0,2.2363633387126964,0.0
17.072,-0.27138927181675143,0.0,3.7672475111209636,0.0,2.200727082757917,0.0
17.074,-0.2638503991276992,0.0,3.7716132792992245,0.0,2.165031216355313,0.0
17.076,-0.25630286633343996,0.0,3.775907596693868,0.0,2.1292764112258,0.0
17.078,-0.24874681645295768,0.0,3.780130346100396,0.0,2.093463340557573,0.0
17.080000000000002,-0.24118239273829795,0.0,3.7842814116621364,0.0,2.05759267899363,0.0
17.082,-0.23360973867189386,0.0,3.788360678873138,0.0,2.0216651026192682,0.0
17.084,-0.22602899796383727,0.0,3.7923680345810515,0.0,1.9856812889493125,0.0
17.086000000000002,-0.21844031454913218,0.0,3.796303366989994,0.0,1.949641916915252,0.0
17.088,-0.2108438325850644,0.0,3.8001665656633303,0.0,1.9135476668529214,0.0
17.09,-0.20323969644839468,0.0,3.8039575215265033,0.0,1.8773992204893384,0.0
17.092,-0.19562805073268075,0.0,3.8076761268697874,0.0,1.841197260930148,0.0
17.094,-0.18800904024550802,0.0,3.8113222753510487,0.0,1.8049424726466192,0.0
17.096,-0.18038281000585038,0.0,3.8148958619984166,0.0,1.7686355414632642,0.0
17.098,-0.17274950524117882,0.0,3.8183967832130437,0.0,1.7322771545442417,0.0
17.1,-0.1651092713847992,0.0,3.8218249367717356,0.0,1.6958680003808477,0.0
17.102,-0.15746225407312284,0.0,3.825180221829579,0.0,1.6594087687786816,0.0
17.104,-0.1498085991428336,0.0,3.8284625389225955,0.0,1.622900150844309,0.0
17.106,-0.14214845262814746,0.0,3.831671789970308,0.0,1.5863428389723595,0.0
17.108,-0.13448196075813035,0.0,3.834807878278283,0.0,1.5497375268328977,0.0
17.11,-0.1268092699537744,0.0,3.837870708540716,0.0,1.5130849093576317,0.0
17.112000000000002,-0.11913052682530502,0.0,3.8408601868429164,0.0,1.4763856827272195,0.0
17.114,-0.11144587816942104,0.0,3.843776220663773,0.0,1.4396405443582458,0.0
17.116,-0.10375547096643072,0.0,3.846618718878252,0.0,1.4028501928896997,0.0
17.118000000000002,-0.0960594523774817,0.0,3.8493875917598084,0.0,1.3660153281698872,0.0
17.12,-0.08835796974184901,0.0,3.8520827509827718,0.0,1.3291366512436227,0.0
17.122,-0.08065117057398133,0.0,3.8547041096247665,0.0,1.2922148643382507,0.0
17.124,-0.07293920256079187,0.0,3.8572515821690403,0.0,1.2552506708508366,0.0
17.126,-0.06522221355880725,0.0,3.859725084506793,0.0,1.218244775334667,0.0
17.128,-0.05750035159138672,0.0,3.8621245339394696,0.0,1.1811978834860812,0.0
17.13,-0.04977376484587457,0.0,3.86444984918104,0.0,1.14411070213098,0.0
17.132,-0.04204260167073531,0.0,3.8667009503602587,0.0,1.1069839392112368,0.0
17.134,-0.03430701057280922,0.0,3.8688777590228485,0.0,1.0698183037716884,0.0
17.136,-0.026567140214388867,0.0,3.870980198133729,0.0,1.0326145059462526,0.0
17.138,-0.018823139410415954,0.0,3.8730081920791597,0.0,0.9953732569446234,0.0
17.14,-0.011075157125661574,0.0,3.8749616666688826,0.0,0.9580952690388729,0.0
17.142,-0.003323342471852108,0.0,3.8768405491382363,0.0,0.9207812555497928,0.0
17.144000000000002,0.004432155295221658,0.0,3.8786447681502407,0.0,0.8834319308331411,0.0
17.146,0.01219118677847426,0.0,3.8803742537976476,0.0,0.8460480102664709,0.0
17.148,0.01995360244247475,0.0,3.882028937604973,0.0,0.8086302102350859,0.0
17.150000000000002,0.027719252616287226,0.0,3.8836087525305105,0.0,0.7711792481185121,0.0
17.152,0.03548798749625249,0.0,3.8851136329682783,0.0,0.7336958422772499,0.0
17.154,0.043259657149012046,0.0,3.8865435147499983,0.0,0.6961807120383463,0.0
17.156,0.05103411151428503,0.0,3.8878983351469976,0.0,0.6586345776821567,0.0
17.158,0.058811200407787,0.0,3.8891780328721084,0.0,0.621058160428412,0.0
17.16,0.0665907735240645,0.0,3.890382548081523,0.0,0.583452182422689,0.0
17.162,0.07437268043947169,0.0,3.891511822376648,0.0,0.5458173667221853,0.0
17.164,0.0821567706149745,0.0,3.8925657988059004,0.0,0.5081544372823225,0.0
17.166,0.08994289339908425,0.0,3.893544421866492,0.0,0.4704641189427166,0.0
17.168,0.097730898030782,0.0,3.894447637506191,0.0,0.4327471374131857,0.0
17.17,0.10552063364239644,0.0,3.895275393125044,0.0,0.3950042192599782,0.0
17.172,0.11331194926247225,0.0,3.8960276375770704,0.0,0.3572360918920372,0.0
17.174,0.12110469381876784,0.0,3.8967043211719417,0.0,0.319443483546636,0.0
17.176000000000002,0.1288987161410803,0.0,3.897305395676623,0.0,0.28162712327583894,0.0
17.178,0.13669386496419927,0.0,3.897830814316979,0.0,0.2437877409323378,0.0
17.18,0.1444899889308515,0.0,3.898280531779378,0.0,0.20592606715531692,0.0
17.182,0.15228693659458564,0.0,3.898654504212237,0.0,0.16804283335661252,0.0
17.184,0.16008455642273567,0.0,3.8989526892275532,0.0,0.13013877170647536,0.0
17.186,0.16788269679924914,0.0,3.899175045902421,0.0,0.09221461511998952,0.0
17.188,0.1756812060277693,0.0,3.89932153478049,0.0,0.05427109724224499,0.0
17.19,0.183479932334482,0.0,3.899392117873422,0.0,0.01630895243465169,0.0
17.192,0.1912787238710279,0.0,3.8993867586623034,0.0,-0.021671084239070604,0.0
17.194,0.19907742871751807,0.0,3.899305422099041,0.0,-0.059668277027416505,0.0
17.196,0.20687589488545213,0.0,3.899148074607719,0.0,-0.09768188950514611,0.0
17.198,0.21467397032057542,0.0,3.898914684085936,0.0,-0.13571118458704778,0.0
17.2,0.2224715029059787,0.0,3.898605219906107,0.0,-0.17375542454289183,0.0
17.202,0.23026834046496097,0.0,3.8982196529167426,0.0,-0.21181387101122984,0.0
17.204,0.23806433076395742,0.0,3.8977579554436943,0.0,-0.24988578501352632,0.0
17.206,0.24585932151557108,0.0,3.8972201012913747,0.0,-0.28797042696879405,0.0
17.208000000000002,0.25365316038150604,0.0,3.896606065743948,0.0,-0.3260670567077635,0.0
17.21,0.26144569497544007,0.0,3.895915825566503,0.0,-0.3641749334867571,0.0
17.212,0.2692367728661383,0.0,3.8951493590061665,0.0,-0.4022933160027504,0.0
17.214,0.27702624158031774,0.0,3.8943066457932227,0.0,-0.4404214624072237,0.0
17.216,0.284813948605653,0.0,3.8933876671421856,0.0,-0.478558630320704,0.0
17.218,0.29259974139369493,0.0,3.892392405752854,0.0,-0.5167040768468969,0.0
17.22,0.3003834673629302,0.0,3.891320845811311,0.0,-0.5548570585875073,0.0
17.222,0.30816497390166736,0.0,3.8901729729909387,0.0,-0.5930168316562204,0.0
17.224,0.31594410837104964,0.0,3.8889487744533637,0.0,-0.6311826516933079,0.0
17.226,0.32372071810805786,0.0,3.8876482388493914,0.0,-0.6693537738801975,0.0
17.228,0.3314946504284641,0.0,3.8862713563199094,0.0,-0.7075294529537984,0.0
17.23,0.33926575262978803,0.0,3.884818118496768,0.0,-0.7457089432208587,0.0
17.232,0.34703387199430485,0.0,3.883288518503626,0.0,-0.7838914985725682,0.0
17.234,0.35479885579206727,0.0,3.881682550956754,0.0,-0.8220763724992504,0.0
17.236,0.362560551283803,0.0,3.880000211965836,0.0,-0.8602628181044399,0.0
17.238,0.3703188057239917,0.0,3.8782414991347243,0.0,-0.8984500881198532,0.0
17.240000000000002,0.37807346636381467,0.0,3.8764064115621597,0.0,-0.9366374349197388,0.0
17.242,0.3858243804541217,0.0,3.8744949498424903,0.0,-0.9748241105353176,0.0
17.244,0.3935713952484473,0.0,3.8725071160663314,0.0,-1.0130093666694746,0.0
17.246,0.40131435800602894,0.0,3.870442913821204,0.0,-1.051192454711466,0.0
17.248,0.4090531159947765,0.0,3.868302348192148,0.0,-1.089372625751392,0.0
17.25,0.41678751649423074,0.0,3.866085425762324,0.0,-1.1275491305946237,0.0
17.252,0.42451740679863437,0.0,3.863792154613541,0.0,-1.165721219776789,0.0
17.254,0.43224263421990544,0.0,3.861422544326793,0.0,-1.2038881435782902,0.0
17.256,0.43996304609054937,0.0,3.8589766059827797,0.0,-1.24204915203851,0.0
17.258,0.44767848976680685,0.0,3.8564543521623245,0.0,-1.2802034949712104,0.0
17.26,0.455388812631569,0.0,3.853855796946841,0.0,-1.318350421978769,0.0
17.262,0.4630938620973528,0.0,3.8511809559187515,0.0,-1.35648918246673,0.0
17.264,0.47079348560939155,0.0,3.8484298461618334,0.0,-1.3946190256589297,0.0
17.266000000000002,0.47848753064855054,0.0,3.8456024862616,0.0,-1.4327392006117612,0.0
17.268,0.4861758447343678,0.0,3.842698896305608,0.0,-1.4708489562290636,0.0
17.27,0.4938582754280835,0.0,3.839719097883732,0.0,-1.5089475412769682,0.0
17.272000000000002,0.5015346703356208,0.0,3.836663114088449,0.0,-1.5470342043985048,0.0
17.274,0.5092048771105522,0.0,3.833530969515065,0.0,-1.5851081941281424,0.0
17.276,0.5168687434571945,0.0,3.8303226902619,0.0,-1.6231687589069792,0.0
17.278,0.5245261171335144,0.0,3.827038303930493,0.0,-1.6612151470969958,0.0
17.28,0.5321768459542345,0.0,3.823677839625705,0.0,-1.6992466069963101,0.0
17.282,0.5398207777937408,0.0,3.8202413279558693,0.0,-1.7372623868534545,0.0
17.284,0.5474577605891772,0.0,3.8167288010328493,0.0,-1.7752617348825868,0.0
17.286,0.5550876423434261,0.0,3.813140292472088,0.0,-1.8132438992781466,0.0
17.288,0.5627102711280322,0.0,3.809475837392693,0.0,-1.851208128229227,0.0
17.29,0.5703254950863542,0.0,3.805735472417341,0.0,-1.889153669935093,0.0
17.292,0.5779331624364886,0.0,3.8019192356723006,0.0,-1.9270797726195745,0.0
17.294,0.5855331214742504,0.0,3.7980271667873704,0.0,-1.9649856845457427,0.0
17.296,0.5931252205762552,0.0,3.794059306895754,0.0,-2.002870654031102,0.0
17.298000000000002,0.6007093082028991,0.0,3.7900156986339426,0.0,-2.0407339294622773,0.0
17.3,0.6082852329012828,0.0,3.7858963861416215,0.0,-2.0785747593094337,0.0
17.302,0.6158528433083617,0.0,3.781701415061391,0.0,-2.116392392141826,0.0
17.304000000000002,0.623411988153867,0.0,3.7774308325386126,0.0,-2.1541860766422136,0.0
17.306,0.6309625162632866,0.0,3.7730846872211736,0.0,-2.1919550616215795,0.0
17.308,0.6385042765609433,0.0,3.768663029259181,0.0,-2.229698596034346,0.0
17.31,0.6460371180729617,0.0,3.7641659103046745,0.0,-2.267415928993036,0.0
17.312,0.6535608899302484,0.0,3.7595933835113167,0.0,-2.305106309783008,0.0
17.314,0.6610754413715182,0.0,3.7549455035340116,0.0,-2.3427689878774336,0.0
17.316,0.6685806217463205,0.0,3.7502223265284997,0.0,-2.3804032129522747,0.0
17.318,0.6760762805180179,0.0,3.745423910150959,0.0,-2.418008234901033,0.0
17.32,0.6835622672667475,0.0,3.740550313557568,0.0,-2.4555833038494166,0.0
17.322,0.691038431692508,0.0,3.735601597403983,0.0,-2.493127670170651,0.0
17.324,0.698504623618072,0.0,3.7305778238448775,0.0,-2.53064058449991,0.0
17.326,0.7059606929920197,0.0,3.7254790565333775,0.0,-2.568121297749369,0.0
17.328,0.7134064898917597,0.0,3.720305360620479,0.0,-2.605569061123196,0.0
17.330000000000002,0.7208418645265,0.0,3.7150568027544684,0.0,-2.6429831261323073,0.0
17.332,0.7282666672402177,0.0,3.7097334510803033,0.0,-2.6803627446091145,0.0
17.334,0.7356807485146767,0.0,3.704335375238948,0.0,-2.717707168722521,0.0
17.336000000000002,0.7430839589724534,0.0,3.69886264636665,0.0,-2.7550156509929726,0.0
17.338,0.7504761493798436,0.0,3.693315337094288,0.0,-2.7922874443069103,0.0
17.34,0.7578571706499354,0.0,3.687693521546566,0.0,-2.8295218019320627,0.0
17.342,0.765226873845547,0.0,3.681997275341263,0.0,-2.866717977532077,0.0
17.344,0.7725851101822476,0.0,3.676226675588404,0.0,-2.903875225181565,0.0
17.346,0.7799317310312486,0.0,3.6703818008895026,0.0,-2.940992799380501,0.0
17.348,0.787266587922525,0.0,3.664462731336575,0.0,-2.978069955069798,0.0
17.35,0.7945895325477139,0.0,3.6584695485113095,0.0,-3.015105947645756,0.0
17.352,0.8019004167630697,0.0,3.6524023354841675,0.0,-3.052100032974806,0.0
17.354,0.8091990925925104,0.0,3.646261176813362,0.0,-3.0890514674087273,0.0
17.356,0.8164854122305695,0.0,3.640046158543895,0.0,-3.125959507799383,0.0
17.358,0.8237592280452863,0.0,3.633757368206616,0.0,-3.1628234115131617,0.0
17.36,0.8310203925813168,0.0,3.627394894817052,0.0,-3.1996424364465352,0.0
17.362000000000002,0.8382687585628198,0.0,3.620958828874402,0.0,-3.236415841040487,0.0
17.364,0.8455041788964012,0.0,3.6144492623604627,0.0,-3.2731428842952504,0.0
17.366,0.8527265066741568,0.0,3.607866288738409,0.0,-3.3098228257855324,0.0
17.368000000000002,0.8599355951765569,0.0,3.601210002951722,0.0,-3.3464549256749665,0.0
17.37,0.8671312978754365,0.0,3.594480501422946,0.0,-3.383038444731094,0.0
17.372,0.874313468436977,0.0,3.5876778820524544,0.0,-3.4195726443403105,0.0
17.374,0.8814819607246258,0.0,3.5808022442172285,0.0,-3.456056786522508,0.0
17.376,0.8886366288020718,0.0,3.5738536887695513,0.0,-3.492490133946,0.0
17.378,0.8957773269361589,0.0,3.5668323180357318,0.0,-3.5288719499421566,0.0
17.38,0.9029039095998573,0.0,3.5597382358147427,0.0,-3.565201498520315,0.0
17.382,0.9100162314752409,0.0,3.5525715473768105,0.0,-3.601478044382747,0.0
17.384,0.9171141474563478,0.0,3.5453323594620985,0.0,-3.6377008529390324,0.0
17.386,0.9241975126522003,0.0,3.5380207802791985,0.0,-3.6738691903212533,0.0
17.388,0.931266182389715,0.0,3.5306369195036877,0.0,-3.709982323398632,0.0
17.39,0.9383200122165596,0.0,3.523180888276731,0.0,-3.746039519791906,0.0
17.392,0.9453588579042141,0.0,3.5156527992034134,0.0,-3.7820400478887573,0.0
17.394000000000002,0.952382575450822,0.0,3.508052766351279,0.0,-3.817983176858165,0.0
17.396,0.959391021084087,0.0,3.5003809052487735,0.0,-3.8538681766650136,0.0
17.398,0.9663840512642653,0.0,3.4926373328835743,0.0,-3.889694318085187,0.0
17.400000000000002,0.9733615226870554,0.0,3.484822167700962,0.0,-3.9254608727201408,0.0
17.402,0.9803232922864374,0.0,3.4769355296022617,0.0,-3.961167113011236,0.0
17.404,0.9872692172377143,0.0,3.4689775399429807,0.0,-3.9968123122551074,0.0
17.406,0.9941991549603311,0.0,3.4609483215311942,0.0,-4.0323957446178955,0.0
17.408,1.0011129631208113,0.0,3.4528479986257494,0.0,-4.067916685150103,0.0
17.41,1.008010499635612,0.0,3.444676696934536,0.0,-4.103374409801023,0.0
17.412,1.0148916226740967,0.0,3.4364345436125765,0.0,-4.138768195433789,0.0
17.414,1.0217561906613544,0.0,3.428121667260291,0.0,-4.174097319839637,0.0
17.416,1.0286040622811157,0.0,3.419738197921569,0.0,-4.209361061752692,0.0
17.418,1.0354350964786643,0.0,3.4112842670818506,0.0,-4.2445587008647,0.0
17.42,1.0422491524636943,0.0,3.402760007666224,0.0,-4.279689517839531,0.0
17.422,1.0490460897131657,0.0,3.3941655540374898,0.0,-4.314752794327648,0.0
17.424,1.0558257679742025,0.0,3.385501041994157,0.0,-4.349747812980821,0.0
17.426000000000002,1.0625880472669895,0.0,3.376766608768368,0.0,-4.384673857466842,0.0
17.428,1.0693327878875656,0.0,3.3679623930239595,0.0,-4.419530212483694,0.0
17.43,1.0760598504107595,0.0,3.359088534854288,0.0,-4.454316163774482,0.0
17.432,1.0827690956930043,0.0,3.3501451757801823,0.0,-4.489030998141748,0.0
17.434,1.0894603848752205,0.0,3.3411324587477607,0.0,-4.523674003462126,0.0
17.436,1.096133579385582,0.0,3.3320505281263966,0.0,-4.558244468700423,0.0
17.438,1.1027885409424851,0.0,3.3228995297063415,0.0,-4.5927416839247375,0.0
17.44,1.1094251315573167,0.0,3.3136796106966093,0.0,-4.627164940320564,0.0
17.442,1.1160432135372644,0.0,3.3043909197227586,0.0,-4.661513530205115,0.0
17.444,1.1226426494882162,0.0,3.2950336068245285,0.0,-4.695786747042098,0.0
17.446,1.12922330231756,0.0,3.285607823453549,0.0,-4.729983885456021,0.0
17.448,1.1357850352369356,0.0,3.27611372247113,0.0,-4.764104241246212,0.0
17.45,1.1423277117651742,0.0,3.2665514581456954,0.0,-4.798147111401857,0.0
17.452,1.1488511957310408,0.0,3.2569211861505107,0.0,-4.832111794115995,0.0
17.454,1.1553553512760164,0.0,3.2472230635612807,0.0,-4.865997588799748,0.0
17.456,1.161840042857166,0.0,3.2374572488536124,0.0,-4.899803796096992,0.0
17.458000000000002,1.1683051352499132,0.0,3.2276239019005666,0.0,-4.933529717898561,0.0
17.46,1.1747504935507627,0.0,3.217723183970258,0.0,-4.967174657356164,0.0
17.462,1.181175983180209,0.0,3.2077552577231314,0.0,-5.000737918897313,0.0
17.464,1.187581469885437,0.0,3.197720287209515,0.0,-5.034218808239151,0.0
17.466,1.1939668197431308,0.0,3.18761843786699,0.0,-5.067616632402853,0.0
17.468,1.2003318991622132,0.0,3.177449876517808,0.0,-5.1009306997276855,0.0
17.47,1.2066765748866362,0.0,3.1672147713662184,0.0,-5.134160319885332,0.0
17.472,1.2130007139981687,0.0,3.1569132919957292,0.0,-5.167304803894209,0.0
17.474,1.2193041839190832,0.0,3.1465456093665196,0.0,-5.20036346413327,0.0
17.476,1.2255868524149778,0.0,3.1361118958125873,0.0,-5.233335614356514,0.0
17.478,1.2318485875974907,0.0,3.1256123250390404,0.0,-5.266220569706959,0.0
17.48,1.2380892579270164,0.0,3.1150470721193244,0.0,-5.299017646730603,0.0
17.482,1.2443087322154662,0.0,3.10441631349239,0.0,-5.3317261633906545,0.0
17.484,1.250506879629019,0.0,3.0937202269597734,0.0,-5.3643454390817045,0.0
17.486,1.2566835696907792,0.0,3.082958991682849,0.0,-5.396874794643413,0.0
17.488,1.26283867228356,0.0,3.0721327881798035,0.0,-5.429313552374883,0.0
17.490000000000002,1.2689720576525754,0.0,3.0612417983227354,0.0,-5.461661036048547,0.0
17.492,1.2750835964080771,0.0,3.0502862053348228,0.0,-5.493916570923769,0.0
17.494,1.281173159528169,0.0,3.039266193787117,0.0,-5.5260794837614045,0.0
17.496,1.2872406183614236,0.0,3.0281819495956697,0.0,-5.55814910283731,0.0
17.498,1.2932858446295983,0.0,3.017033660018439,0.0,-5.590124757956402,0.0
17.5,1.2993087104302756,0.0,3.0058215136522852,0.0,-5.622005780466307,0.0
17.502,1.305309088239607,0.0,2.9945457004297444,0.0,-5.653791503271577,0.0
17.504,1.311286850914914,0.0,2.983206411616035,0.0,-5.685481260847164,0.0
17.506,1.3172418716973773,0.0,2.9718038398058373,0.0,-5.7170743892523435,0.0
17.508,1.323174024214715,0.0,2.9603381789200887,0.0,-5.748570226144628,0.0
17.51,1.3290831824838079,0.0,2.9488096242027915,0.0,-5.779968110793375,0.0
17.512,1.3349692209133188,0.0,2.9372183722178504,0.0,-5.811267384093382,0.0
17.514,1.3408320143063917,0.0,2.9255646208456625,0.0,-5.842467388578926,0.0
17.516000000000002,1.3466714378632196,0.0,2.91384856927997,0.0,-5.873567468437093,0.0
17.518,1.3524873671836901,0.0,2.902070418024468,0.0,-5.904566969521547,0.0
17.52,1.3582796782700262,0.0,2.890230368889433,0.0,-5.935465239366265,0.0
17.522000000000002,1.364048247529375,0.0,2.8783286249883817,0.0,-5.966261627199033,0.0
17.524,1.3697929517763918,0.0,2.866365390734707,0.0,-5.996955483954886,0.0
17.526,1.3755136682358566,0.0,2.8543408718382137,0.0,-6.027546162289757,0.0
17.528,1.3812102745452803,0.0,2.8422552753016257,0.0,-6.058033016594082,0.0
17.53,1.3868826487574697,0.0,2.8301088094171383,0.0,-6.088415403006172,0.0
17.532,1.3925306693430746,0.0,2.8179016837629693,0.0,-6.118692679425517,0.0
17.534,1.3981542151932116,0.0,2.805634109199707,0.0,-6.148864205526506,0.0
17.536,1.4037531656220072,0.0,2.7933062978667857,0.0,-6.178929342771715,0.0
17.538,1.4093274003690897,0.0,2.7809184631790345,0.0,-6.208887454424934,0.0
17.54,1.4148767996022409,0.0,2.768470819822822,0.0,-6.238737905565076,0.0
17.542,1.4204012439198772,0.0,2.755963583752553,0.0,-6.268480063099141,0.0
17.544,1.42590061435356,0.0,2.743396972187038,0.0,-6.298113295775399,0.0
17.546,1.4313747923705784,0.0,2.730771203605683,0.0,-6.327636974196917,0.0
17.548000000000002,1.4368236598764441,0.0,2.7180864977447934,0.0,-6.357050470834665,0.0
17.55,1.442247099217345,0.0,2.7053430755939862,0.0,-6.386353160040385,0.0
17.552,1.4476449931827498,0.0,2.692541159392152,0.0,-6.415544418060284,0.0
17.554000000000002,1.4530172250078424,0.0,2.6796809726238093,0.0,-6.444623623047842,0.0
17.556,1.4583636783759912,0.0,2.666762740015309,0.0,-6.473590155076784,0.0
17.558,1.463684237421284,0.0,2.653786687530866,0.0,-6.502443396154438,0.0
17.56,1.4689787867309685,0.0,2.6407530423687318,0.0,-6.531182730234587,0.0
17.562,1.4742472113479073,0.0,2.6276620329573404,0.0,-6.559807543230404,0.0
17.564,1.4794893967730418,0.0,2.6145138889513206,0.0,-6.58831722302745,0.0
17.566,1.4847052289678655,0.0,2.601308841227514,0.0,-6.616711159496738,0.0
17.568,1.4898945943568433,0.0,2.5880471218810177,0.0,-6.644988744507497,0.0
17.57,1.4950573798298288,0.0,2.5747289642212254,0.0,-6.673149371939948,0.0
17.572,1.5001934727445054,0.0,2.561354602767751,0.0,-6.701192437698221,0.0
17.574,1.5053027609288276,0.0,2.5479242732463,0.0,-6.729117339723269,0.0
17.576,1.5103851326833708,0.0,2.5344382125847322,0.0,-6.756923478005305,0.0
17.578,1.5154404767837895,0.0,2.520896658908806,0.0,-6.7846102545968465,0.0
17.580000000000002,1.520468682483184,0.0,2.5072998515381,0.0,-6.812177073625246,0.0
17.582,1.5254696395144665,0.0,2.4936480309818947,0.0,-6.8396233413052565,0.0
17.584,1.5304432380927577,0.0,2.4799414389349472,0.0,-6.866948465951746,0.0
17.586000000000002,1.5353893689177704,0.0,2.4661803182732047,0.0,-6.894151857992389,0.0
17.588,1.5403079231761172,0.0,2.4523649130497276,0.0,-6.921232929979897,0.0
17.59,1.5451987925437118,0.0,2.438495468490264,0.0,-6.948191096604839,0.0
17.592,1.5500618691880834,0.0,2.424572230989059,0.0,-6.975025774707933,0.0
17.594,1.5548970457707276,0.0,2.410595448104469,0.0,-7.001736383292593,0.0
17.596,1.5597042154493734,0.0,2.396565368554808,0.0,-7.0283223435370035,0.0
17.598,1.5644832718803863,0.0,2.3824822422137086,0.0,-7.0547830788069525,0.0
17.6,1.5692341092210256,0.0,2.368346320105901,0.0,-7.081118014667888,0.0
17.602,1.5739566221317216,0.0,2.3541578544028408,0.0,-7.107326578897081,0.0
17.604,1.5786507057784234,0.0,2.339917098418115,0.0,-7.133408201496182,0.0
17.606,1.5833162558348228,0.0,2.325624306603144,0.0,-7.159362314703134,0.0
17.608,1.5879531684846475,0.0,2.311279734542623,0.0,-7.185188353004436,0.0
17.61,1.5925613404239394,0.0,2.296883638949971,0.0,-7.210885753147379,0.0
17.612000000000002,1.597140668863293,0.0,2.282436277662842,0.0,-7.236453954152041,0.0
17.614,1.6016910515300755,0.0,2.2679379096386367,0.0,-7.2618923973232,0.0
17.616,1.6062123866707132,0.0,2.253388794949755,0.0,-7.28720052626263,0.0
17.618000000000002,1.610704573052869,0.0,2.23878919477916,0.0,-7.3123777868808,0.0
17.62,1.6151675099676768,0.0,2.224139371415676,0.0,-7.337423627408906,0.0
17.622,1.6196010972319654,0.0,2.209439588249284,0.0,-7.362337498410847,0.0
17.624,1.6240052351904324,0.0,2.194690109766521,0.0,-7.387118852794924,0.0
17.626,1.6283798247178551,0.0,2.179891201545701,0.0,-7.4117671458258005,0.0
17.628,1.6327247672212162,0.0,2.1650431302523927,0.0,-7.436281835135933,0.0
17.63,1.6370399646419511,0.0,2.150146163634373,0.0,-7.4606623807377535,0.0
17.632,1.641325319458064,0.0,2.135200570517031,0.0,-7.484908245035096,0.0
17.634,1.645580734686262,0.0,2.120206620798618,0.0,-7.509018892834739,0.0
17.636,1.6498061138841382,0.0,2.1051645854452867,0.0,-7.53299379135824,0.0
17.638,1.6540013611522895,0.0,2.0900747364863,0.0,-7.556832410253415,0.0
17.64,1.6581663811363883,0.0,2.0749373470093313,0.0,-7.58053422160557,0.0
17.642,1.6623010790293788,0.0,2.059752691155295,0.0,-7.6040986999494455,0.0
17.644000000000002,1.666405360573528,0.0,2.044521044113597,0.0,-7.627525322280346,0.0
17.646,1.6704791320625074,0.0,2.029242682117259,0.0,-7.650813568065469,0.0
17.648,1.6745223003435123,0.0,2.013917882437811,0.0,-7.673962919255452,0.0
17.650000000000002,1.6785347728193232,0.0,1.9985469233803665,0.0,-7.696972860295604,0.0
17.652,1.6825164574503213,0.0,1.983130084278792,0.0,-7.71984287813688,0.0
17.654,1.6864672627566186,0.0,1.9676676454903874,0.0,-7.742572462247543,0.0
17.656,1.690387097820047,0.0,1.952159888391039,0.0,-7.765161104624005,0.0
17.658,1.6942758722862126,0.0,1.9366070953700794,0.0,-7.787608299802082,0.0
17.66,1.6981334963664894,0.0,1.9210095498252953,0.0,-7.809913544867896,0.0
17.662,1.7019598808400762,0.0,1.90536753615764,0.0,-7.832076339469154,0.0
17.664,1.7057549370559553,0.0,1.8896813397662797,0.0,-7.854096185825887,0.0
17.666,1.7095185769348986,0.0,1.8739512470433546,0.0,-7.875972588741472,0.0
17.668,1.7132507129714662,0.0,1.8581775453687588,0.0,-7.8977050556136055,0.0
17.67,1.7169512582359596,0.0,1.842360523104985,0.0,-7.919293096445054,0.0
17.672,1.720620126376371,0.0,1.8265004695919587,0.0,-7.940736223854393,0.0
17.674,1.7242572316203473,0.0,1.8105976751417434,0.0,-7.962033953086819,0.0
17.676000000000002,1.7278624887771448,0.0,1.7946524310331993,0.0,-7.983185802024948,0.0
17.678,1.7314358132395142,0.0,1.778665029506878,0.0,-8.004191291199227,0.0
17.68,1.734977120985665,0.0,1.7626357637595371,0.0,-8.02504994379878,0.0
17.682,1.7384863285811438,0.0,1.7465649279389126,0.0,-8.045761285681824,0.0
17.684,1.741963353180752,0.0,1.730452817138295,0.0,-8.066324845386287,0.0
17.686,1.745408112530384,0.0,1.7142997273913674,0.0,-8.086740154139992,0.0
17.688,1.7488205249689728,0.0,1.6981059556665024,0.0,-8.107006745871477,0.0
17.69,1.75220050943031,0.0,1.6818717998615302,0.0,-8.127124157220114,0.0
17.692,1.7555479854448932,0.0,1.6655975587983636,0.0,-8.147091927546366,0.0
17.694,1.7588628731417992,0.0,1.6492835322173849,0.0,-8.166909598942247,0.0
17.696,1.7621450932505045,0.0,1.6329300207720263,0.0,-8.186576716241472,0.0
17.698,1.7653945671026703,0.0,1.6165373260234608,0.0,-8.206092827029396,0.0
17.7,1.7686112166340138,0.0,1.6001057504347724,0.0,-8.225457481653521,0.0
17.702,1.7717949643860698,0.0,1.5836355973656047,0.0,-8.244670233233325,0.0
17.704,1.7749457335079701,0.0,1.567127171066662,0.0,-8.263730637670225,0.0
17.706,1.7780634477582538,0.0,1.5505807766739508,0.0,-8.282638253657773,0.0
17.708000000000002,1.7811480315065993,0.0,1.5339967202033686,0.0,-8.301392642691333,0.0
17.71,1.78419940973559,0.0,1.5173753085450126,0.0,-8.319993369078041,0.0
17.712,1.7872175080424693,0.0,1.5007168494574914,0.0,-8.338439999946695,0.0
17.714,1.7902022526408579,0.0,1.484021651562354,0.0,-8.356732105257406,0.0
17.716,1.7931535703624812,0.0,1.4672900243383622,0.0,-8.374869257811374,0.0
17.718,1.7960713886588648,0.0,1.4505222781158809,0.0,-8.392851033260468,0.0
17.72,1.7989556356030438,0.0,1.4337187240711116,0.0,-8.41067701011687,0.0
17.722,1.8018062398912604,0.0,1.4168796742202836,0.0,-8.428346769762754,0.0
17.724,1.8046231308446037,0.0,1.4000054414140908,0.0,-8.445859896459528,0.0
17.726,1.8074062384107101,0.0,1.3830963393317361,0.0,-8.463215977357534,0.0
17.728,1.8101554931654005,0.0,1.3661526824751973,0.0,-8.480414602505359,0.0
17.73,1.8128708263142939,0.0,1.3491747861636143,0.0,-8.497455364859011,0.0
17.732,1.815552169694483,0.0,1.3321629665271335,0.0,-8.514337860291498,0.0
17.734,1.818199455776125,0.0,1.3151175405012607,0.0,-8.531061687601918,0.0
17.736,1.8208126176640345,0.0,1.2980388258210496,0.0,-8.547626448524552,0.0
17.738,1.823391589099304,0.0,1.2809271410150616,0.0,-8.564031747738179,0.0
17.740000000000002,1.8259363044608747,0.0,1.2637828053995186,0.0,-8.580277192875073,0.0
17.742,1.8284466987670809,0.0,1.2466061390725862,0.0,-8.59636239452987,0.0
17.744,1.8309227076772525,0.0,1.229397462908103,0.0,-8.612286966268826,0.0
17.746,1.8333642674932307,0.0,1.2121570985498513,0.0,-8.628050524638525,0.0
17.748,1.8357713151609116,0.0,1.194885368405504,0.0,-8.643652689174809,0.0
17.75,1.8381437882717557,0.0,1.177582595640751,0.0,-8.659093082411491,0.0
17.752,1.8404816250643223,0.0,1.160249104173097,0.0,-8.674371329889267,0.0
17.754,1.842784764425742,0.0,1.1428852186660343,0.0,-8.689487060164232,0.0
17.756,1.8450531458932133,0.0,1.125491264522922,0.0,-8.704439904816606,0.0
17.758,1.8472867096554817,0.0,1.1080675678808696,0.0,-8.719229498459326,0.0
17.76,1.8494853965542983,0.0,1.0906144556047221,0.0,-8.733855478746568,0.0
17.762,1.8516491480858561,0.0,1.0731322552810232,0.0,-8.74831748638211,0.0
17.764,1.8537779064022426,0.0,1.0556212952118542,0.0,-8.762615165127869,0.0
17.766000000000002,1.8558716143128657,0.0,1.0380819044086207,0.0,-8.776748161812234,0.0
17.768,1.8579302152858492,0.0,1.0205144125861123,0.0,-8.790716126338266,0.0
17.77,1.8599536534494532,0.0,1.0029191501561454,0.0,-8.804518711692072,0.0
17.772000000000002,1.8619418735934554,0.0,0.9852964482214753,0.0,-8.818155573950936,0.0
17.774,1.8638948211705155,0.0,0.9676466385696604,0.0,-8.831626372291375,0.0
17.776,1.8658124422975515,0.0,0.9499700536668014,0.0,-8.844930768997282,0.0
17.778,1.86769468375709,0.0,0.9322670266512589,0.0,-8.858068429467954,0.0
17.78,1.8695414929986032,0.0,0.9145378913274735,0.0,-8.871039022226016,0.0
17.782,1.8713528181398233,0.0,0.8967829821597967,0.0,-8.883842218925246,0.0
17.784,1.8731286079680747,0.0,0.879002634266048,0.0,-8.896477694358541,0.0
17.786,1.8748688119415684,0.0,0.861197183411287,0.0,-8.908945126465644,0.0
17.788,1.8765733801906717,0.0,0.843366966001714,0.0,-8.921244196340743,0.0
17.79,1.8782422635192157,0.0,0.8255123190780064,0.0,-8.933374588240342,0.0
17.792,1.8798754134057403,0.0,0.8076335803091889,0.0,-8.945335989590745,0.0
17.794,1.8814727820047368,0.0,0.7897310879863442,0.0,-8.957128090995552,0.0
17.796,1.8830343221479047,0.0,0.7718051810160773,0.0,-8.968750586243251,0.0
17.798000000000002,1.884559987345369,0.0,0.7538561989141966,0.0,-8.980203172314615,0.0
17.8,1.8860497317868754,0.0,0.7358844817995243,0.0,-8.991485549389932,0.0
17.802,1.8875035103430196,0.0,0.7178903703871425,0.0,-9.002597420856524,0.0
17.804000000000002,1.888921278566416,0.0,0.6998742059821741,0.0,-9.013538493315863,0.0
17.806,1.890302992692867,0.0,0.6818363304734065,0.0,-9.024308476590733,0.0
17.808,1.891648609642538,0.0,0.6637770863266377,0.0,-9.034907083732447,0.0
17.81,1.8929580870210927,0.0,0.6456968165784456,0.0,-9.04533403102781,0.0
17.812,1.894231383120839,0.0,0.627595864829476,0.0,-9.055589038006223,0.0
17.814,1.8954684569218374,0.0,0.6094745752381846,0.0,-9.065671827446502,0.0
17.816,1.8966692680930226,0.0,0.5913332925141265,0.0,-9.075582125383889,0.0
17.818,1.8978337769932963,0.0,0.573172361911524,0.0,-9.085319661116792,0.0
17.82,1.898961944672601,0.0,0.5549921292227926,0.0,-9.094884167213525,0.0
17.822,1.9000537328730007,0.0,0.5367929407719363,0.0,-9.104275379519054,0.0
17.824,1.9011091040297357,0.0,0.5185751434078976,0.0,-9.113493037161644,0.0
17.826,1.9021280212722573,0.0,0.5003390844981923,0.0,-9.122536882559343,0.0
17.828,1.9031104484252712,0.0,0.48208511192211606,0.0,-9.131406661426595,0.0
17.830000000000002,1.904056350009748,0.0,0.46381357406420454,0.0,-9.140102122780661,0.0
17.832,1.9049656912439197,0.0,0.4455248198078281,0.0,-9.148623018947898,0.0
17.834,1.905838438044285,0.0,0.42721919852821233,0.0,-9.156969105570258,0.0
17.836000000000002,1.9066745570265804,0.0,0.40889706008600785,0.0,-9.165140141611449,0.0
17.838,1.9074740155067367,0.0,0.3905587548206997,0.0,-9.173135889363094,0.0
17.84,1.908236781501844,0.0,0.37220463354376787,0.0,-9.18095611445098,0.0
17.842,1.9089628237310778,0.0,0.3538350475321012,0.0,-9.188600585841046,0.0
17.844,1.9096521116166305,0.0,0.33545034852137157,0.0,-9.196069075845413,0.0
17.846,1.910304615284613,0.0,0.31705088869927456,0.0,-9.203361360128307,0.0
17.848,1.9109203055659647,0.0,0.2986370206987616,0.0,-9.21047721771201,0.0
17.85,1.9114991539973276,0.0,0.2802090975913762,0.0,-9.217416430982613,0.0
17.852,1.912041132821919,0.0,0.2617674728806105,0.0,-9.224178785695777,0.0
17.854,1.9125462149903902,0.0,0.24331250049495173,0.0,-9.230764070982461,0.0
17.856,1.913014374161671,0.0,0.22484453478133506,0.0,-9.23717207935452,0.0
17.858,1.9134455847037943,0.0,0.20636393049828597,0.0,-9.243402606710255,0.0
17.86,1.913839821694718,0.0,0.18787104280908273,0.0,-9.249455452339953,0.0
17.862000000000002,1.9141970609231254,0.0,0.16936622727502665,0.0,-9.25533041893129,0.0
17.864,1.9145172788892142,0.0,0.15084983984870132,0.0,-9.2610273125747,0.0
17.866,1.9148004528054745,0.0,0.13232223686710265,0.0,-9.266545942768689,0.0
17.868000000000002,1.9150465605974474,0.0,0.11378377504472693,0.0,-9.27188612242508,0.0
17.87,1.9152555809044753,0.0,0.0952348114669492,0.0,-9.277047667874168,0.0
17.872,1.9154274930804365,0.0,0.07667570358297135,0.0,-9.282030398869848,0.0
17.874,1.9155622771944663,0.0,0.058106809199089365,0.0,-9.286834138594651,0.0
17.876,1.9156599140316626,0.0,0.039528486471741564,0.0,-9.291458713664735,0.0
17.878,1.9157203850937832,0.0,0.020941093900876256,0.0,-9.295903954134753,0.0
17.88,1.9157436725999208,0.0,0.0023449903227099056,0.0,-9.300169693502761,0.0
17.882,1.915729759487173,0.0,-0.016259465096954945,0.0,-9.304255768714983,0.0
17.884,1.9156786294112909,0.0,-0.03487191286956942,0.0,-9.30816202017048,0.0
17.886,1.915590266747322,0.0,-0.053491993190930454,0.0,-9.311888291725872,0.0
17.888,1.9154646565902291,0.0,-0.07211934594803907,0.0,-9.315434430699877,0.0
17.89,1.9153017847555092,0.0,-0.09075361072581956,0.0,-9.318800287877826,0.0
17.892,1.9151016377797796,0.0,-0.1093944268144173,0.0,-9.321985717516128,0.0
17.894000000000002,1.9148642029213698,0.0,-0.1280414332159356,0.0,-9.324990577346673,0.0
17.896,1.9145894681608875,0.0,-0.14669426865132995,0.0,-9.327814728581108,0.0
17.898,1.9142774222017722,0.0,-0.16535257156755276,0.0,-9.330458035915118,0.0
17.900000000000002,1.9139280544708368,0.0,-0.1840159801444659,0.0,-9.332920367532614,0.0
17.902,1.9135413551188005,0.0,-0.20268413230160937,0.0,-9.335201595109806,0.0
17.904,1.9131173150207947,0.0,-0.2213566657055528,0.0,-9.337301593819332,0.0
17.906,1.9126559257768632,0.0,-0.24003321777664974,0.0,-9.339220242334159,0.0
17.908,1.912157179712451,0.0,-0.258713425696134,0.0,-9.340957422831561,0.0
17.91,1.9116210698788731,0.0,-0.27739692641304053,0.0,-9.342513020996916,0.0
17.912,1.911047590053779,0.0,-0.2960833566512876,0.0,-9.343886926027553,0.0
17.914,1.9104367347415792,0.0,-0.3147723529167922,0.0,-9.345079030636393,0.0
17.916,1.909788499173893,0.0,-0.333463551504296,0.0,-9.346089231055641,0.0
17.918,1.9091028793099503,0.0,-0.35215658850461723,0.0,-9.346917427040355,0.0
17.92,1.9083798718369993,0.0,-0.3708510998116109,0.0,-9.347563521871955,0.0
17.922,1.9076194741706909,0.0,-0.3895467211291627,0.0,-9.34802742236165,0.0
17.924,1.9068216844554573,0.0,-0.40824308797831454,0.0,-9.348309038853847,0.0
17.926000000000002,1.9059865015648563,0.0,-0.4269398357044223,0.0,-9.348408285229421,0.0
17.928,1.9051139251019342,0.0,-0.44563659948402357,0.0,-9.34832507890898,0.0
17.93,1.9042039553995396,0.0,-0.4643330143321284,0.0,-9.348059340856008,0.0
17.932,1.9032565935206511,0.0,-0.4830287151091906,0.0,-9.347610995579993,0.0
17.934,1.9022718412586697,0.0,-0.5017233365282905,0.0,-9.346979971139442,0.0
17.936,1.9012497011377234,0.0,-0.5204165131619976,0.0,-9.34616619914486,0.0
17.938,1.9001901764129179,0.0,-0.5391078794498358,0.0,-9.345169614761618,0.0
17.94,1.8990932710706094,0.0,-0.5577970697051884,0.0,-9.34399015671281,0.0
17.942,1.8979589898286537,0.0,-0.5764837181223539,0.0,-9.342627767281996,0.0
17.944,1.8967873381366214,0.0,-0.595167458783881,0.0,-9.341082392315887,0.0
17.946,1.8955783221760323,0.0,-0.6138479256674871,0.0,-9.33935398122697,0.0
17.948,1.8943319488605477,0.0,-0.6325247526532821,0.0,-9.337442486996064,0.0
17.95,1.8930482258361583,0.0,-0.651197573530969,0.0,-9.335347866174788,0.0
17.952,1.8917271614813571,0.0,-0.6698660220069257,0.0,-9.333070078887976,0.0
17.954,1.8903687649073102,0.0,-0.6885297317112653,0.0,-9.330609088836036,0.0
17.956,1.8889730459579834,0.0,-0.7071883362051994,0.0,-9.327964863297188,0.0
17.958000000000002,1.887540015210293,0.0,-0.725841468987986,0.0,-9.325137373129715,0.0
17.96,1.8860696839742084,0.0,-0.7444887635041806,0.0,-9.322126592774055,0.0
17.962,1.8845620642928576,0.0,-0.7631298531508642,0.0,-9.318932500254887,0.0
17.964,1.8830171689426154,0.0,-0.7817643712847226,0.0,-9.31555507718311,0.0
17.966,1.8814350114331746,0.0,-0.8003919512293118,0.0,-9.311994308757773,0.0
17.968,1.8798156060076228,0.0,-0.819012226281995,0.0,-9.308250183767969,0.0
17.97,1.8781589676424577,0.0,-0.8376248297214854,0.0,-9.30432269459455,0.0
17.972,1.8764651120476346,0.0,-0.8562293948148212,0.0,-9.300211837211876,0.0
17.974,1.8747340556665881,0.0,-0.8748255548244943,0.0,-9.295917611189484,0.0
17.976,1.8729658156762183,0.0,-0.8934129430158209,0.0,-9.291440019693614,0.0
17.978,1.8711604099868835,0.0,-0.9119911926640794,0.0,-9.286779069488732,0.0
17.98,1.8693178572423934,0.0,-0.9305599370614968,0.0,-9.281934770939026,0.0
17.982,1.8674381768199313,0.0,-0.9491188095248068,0.0,-9.276907138009648,0.0
17.984,1.865521388830019,0.0,-0.9676674434022479,0.0,-9.27169618826809,0.0
17.986,1.8635675141164558,0.0,-0.9862054720807057,0.0,-9.26630194288542,0.0
17.988,1.8615765742562116,0.0,-1.0047325289931035,0.0,-9.26072442663737,0.0
17.990000000000002,1.8595485915593342,0.0,-1.0232482476255496,0.0,-9.254963667905443,0.0
17.992,1.8574835890688628,0.0,-1.0417522615243449,0.0,-9.249019698677998,0.0
17.994,1.855381590560655,0.0,-1.0602442043035523,0.0,-9.242892554551066,0.0
17.996,1.8532426205432744,0.0,-1.0787237096519768,0.0,-9.236582274729294,0.0
17.998,1.8510667042578224,0.0,-1.0971904113404698,0.0,-9.230088902026727,0.0
18.0,1.8488538676777817,0.0,-1.115643943229033,0.0,-9.223412482867564,0.0
18.002,1.8466041375088036,0.0,-1.1340839392742457,0.0,-9.216553067286753,0.0
18.004,1.8443175411885384,0.0,-1.15251003353628,0.0,-9.20951070893066,0.0
18.006,1.8419941068864027,0.0,-1.1709218601862108,0.0,-9.202285465057527,0.0
18.008,1.8396338635033487,0.0,-1.1893190535133031,0.0,-9.194877396537912,0.0
18.01,1.8372368406716248,0.0,-1.2077012479321743,0.0,-9.187286567855086,0.0
18.012,1.8348030687545265,0.0,-1.2260680779899622,0.0,-9.179513047105349,0.0
18.014,1.832332578846117,0.0,-1.2444191783736107,0.0,-9.171556905998257,0.0
18.016000000000002,1.8298254027709282,0.0,-1.2627541839171859,0.0,-9.163418219856725,0.0
18.018,1.8272815730836867,0.0,-1.2810727296088933,0.0,-9.15509706761722,0.0
18.02,1.8247011230689691,0.0,-1.2993744505985139,0.0,-9.146593531829671,0.0
18.022000000000002,1.822084086740886,0.0,-1.3176589822045426,0.0,-9.13790769865748,0.0
18.024,1.8194304988427428,0.0,-1.3359259599213549,0.0,-9.129039657877403,0.0
18.026,1.8167403948466785,0.0,-1.3541750194264934,0.0,-9.119989502879347,0.0
18.028,1.8140138109532753,0.0,-1.372405796587953,0.0,-9.110757330666063,0.0
18.03,1.8112507840911836,0.0,-1.3906179274713453,0.0,-9.10134324185283,0.0
18.032,1.8084513519167327,0.0,-1.4088110483470364,0.0,-9.091747340667103,0.0
18.034,1.8056155528134883,0.0,-1.4269847956975488,0.0,-9.08196973494795,0.0
18.036,1.802743425891825,0.0,-1.4451388062247221,0.0,-9.072010536145502,0.0
18.038,1.7998350109885195,0.0,-1.463272716856732,0.0,-9.061869859320472,0.0
18.04,1.79689034866623,0.0,-1.4813861647556603,0.0,-9.05154782314324,0.0
18.042,1.7939094802130562,0.0,-1.4994787873245108,0.0,-9.04104454989323,0.0
18.044,1.7908924476420574,0.0,-1.5175502222143644,0.0,-9.030360165458074,0.0
18.046,1.7878392936907186,0.0,-1.535600107331803,0.0,-9.019494799332607,0.0
18.048000000000002,1.7847500618204661,0.0,-1.5536280808459177,0.0,-9.008448584618005,0.0
18.05,1.7816247962161178,0.0,-1.5716337811956074,0.0,-8.997221658020674,0.0
18.052,1.7784635417853276,0.0,-1.5896168470968441,0.0,-8.98581415985109,0.0
18.054000000000002,1.7752663441580354,0.0,-1.6075769175498262,0.0,-8.974226234022645,0.0
18.056,1.7720332496859061,0.0,-1.625513631846093,0.0,-8.962458028050438,0.0
18.058,1.7687643054417017,0.0,-1.6434266295759294,0.0,-8.950509693049797,0.0
18.06,1.7654595592187223,0.0,-1.6613155506353368,0.0,-8.938381383735033,0.0
18.062,1.7621190595301417,0.0,-1.6791800352334556,0.0,-8.92607325841779,0.0
18.064,1.7587428556084175,0.0,-1.6970197238995324,0.0,-8.913585479005674,0.0
18.066,1.755330997404607,0.0,-1.7148342574903088,0.0,-8.900918211000453,0.0
18.068,1.7518835355877138,0.0,-1.732623277197151,0.0,-8.888071623496433,0.0
18.07,1.7484005215440537,0.0,-1.7503864245530343,0.0,-8.87504588917883,0.0
18.072,1.7448820073764943,0.0,-1.7681233414400654,0.0,-8.861841184321667,0.0
18.074,1.741328045903789,0.0,-1.7858336700964565,0.0,-8.848457688786025,0.0
18.076,1.7377386906598697,0.0,-1.8035170531236426,0.0,-8.8348955860181,0.0
18.078,1.73411399589308,0.0,-1.8211731334936196,0.0,-8.821155063047014,0.0
18.080000000000002,1.730454016565436,0.0,-1.8388015545560514,0.0,-8.807236310482745,0.0
18.082,1.7267588083519068,0.0,-1.85640196004523,0.0,-8.793139522514082,0.0
18.084,1.7230284276395675,0.0,-1.8739739940875741,0.0,-8.778864896906091,0.0
18.086000000000002,1.7192629315268468,0.0,-1.8915173012085762,0.0,-8.764412634997926,0.0
18.088,1.7154623778227358,0.0,-1.909031526339895,0.0,-8.74978294170047,0.0
18.09,1.7116268250459323,0.0,-1.9265163148266653,0.0,-8.734976025493717,0.0
18.092,1.707756332424024,0.0,-1.9439713124345488,0.0,-8.719992098424285,0.0
18.094,1.7038509598926543,0.0,-1.9613961653568106,0.0,-8.70483137610285,0.0
18.096,1.699910768094645,0.0,-1.9787905202214953,0.0,-8.689494077701378,0.0
18.098,1.6959358183791093,0.0,-1.99615402409861,0.0,-8.673980425950337,0.0
18.1,1.691926172800573,0.0,-2.013486324507176,0.0,-8.658290647135885,0.0
18.102,1.6878818941180798,0.0,-2.0307870694222867,0.0,-8.64242497109703,0.0
18.104,1.6838030457942639,0.0,-2.048055907282262,0.0,-8.626383631222584,0.0
18.106,1.6796896919943924,0.0,-2.0652924869958325,0.0,-8.610166864448042,0.0
18.108,1.6755418975854648,0.0,-2.082496457949029,0.0,-8.593774911252625,0.0
18.11,1.671359728135207,0.0,-2.09966747001247,0.0,-8.577208015655938,0.0
18.112000000000002,1.6671432499111112,0.0,-2.116805173548346,0.0,-8.560466425214734,0.0
18.114,1.6628925298794621,0.0,-2.1339092194174416,0.0,-8.54355039101967,0.0
18.116,1.658607635704319,0.0,-2.1509792589862573,0.0,-8.526460167691834,0.0
18.118000000000002,1.654288635746476,0.0,-2.1680149441341423,0.0,-8.509196013379185,0.0
18.12,1.6499355990624758,0.0,-2.185015927260155,0.0,-8.491758189753174,0.0
18.122,1.6455485954035183,0.0,-2.201981861290302,0.0,-8.474146962004971,0.0
18.124,1.6411276952144243,0.0,-2.21891239968446,0.0,-8.456362598841851,0.0
18.126,1.6366729696325415,0.0,-2.2358071964434885,0.0,-8.438405372483357,0.0
18.128,1.6321844904867127,0.0,-2.2526659061160315,0.0,-8.420275558657703,0.0
18.13,1.6276623302960855,0.0,-2.269488183805859,0.0,-8.40197343659752,0.0
18.132,1.6231065622690466,0.0,-2.2862736851786774,0.0,-8.383499289036076,0.0
18.134,1.6185172603021054,0.0,-2.303022066469079,0.0,-8.364853402203295,0.0
18.136,1.613894498978705,0.0,-2.319732984487687,0.0,-8.346036065821465,0.0
18.138,1.6092383535680783,0.0,-2.3364060966280893,0.0,-8.327047573101119,0.0
18.14,1.6045489000241282,0.0,-2.353041060873613,0.0,-8.307888220736972,0.0
18.142,1.5998262149841482,0.0,-2.3696375358046207,0.0,-8.288558308903243,0.0
18.144000000000002,1.5950703757676767,0.0,-2.3861951806052693,0.0,-8.269058141249456,0.0
18.146,1.5902814603752975,0.0,-2.4027136550704085,0.0,-8.249388024896056,0.0
18.148,1.585459547487357,0.0,-2.4191926196127014,0.0,-8.229548270429625,0.0
18.150000000000002,1.5806047164627761,0.0,-2.435631735269367,0.0,-8.209539191898523,0.0
18.152,1.5757170473377717,0.0,-2.45203066370918,0.0,-8.189361106808091,0.0
18.154,1.570796620824568,0.0,-2.4683890672394297,0.0,-8.16901433611584,0.0
18.156,1.5658435183101411,0.0,-2.484706608812744,0.0,-8.14849920422675,0.0
18.158,1.5608578218548999,0.0,-2.5009829520340277,0.0,-8.12781603898828,0.0
18.16,1.5558396141914033,0.0,-2.517217761167271,0.0,-8.106965171685541,0.0
18.162,1.5507889787230171,0.0,-2.533410701142463,0.0,-8.085946937036185,0.0
18.164,1.545705999522552,0.0,-2.5495614375625393,0.0,-8.064761673185211,0.0
18.166,1.5405907613309642,0.0,-2.5656696367100396,0.0,-8.04340972170002,0.0
18.168,1.5354433495559376,0.0,-2.581734965554139,0.0,-8.021891427564956,0.0
18.17,1.5302638502705148,0.0,-2.5977570917574138,0.0,-8.00020713917606,0.0
18.172,1.525052350211767,0.0,-2.6137356836824925,0.0,-7.97835720833594,0.0
18.174,1.5198089367792813,0.0,-2.629670410399158,0.0,-7.956341990247893,0.0
18.176000000000002,1.5145336980338027,0.0,-2.645560941690976,0.0,-7.934161843510648,0.0
18.178,1.5092267226958143,0.0,-2.6614069480620204,0.0,-7.911817130112848,0.0
18.18,1.5038881001440392,0.0,-2.677208100743803,0.0,-7.88930821542718,0.0
18.182,1.498517920414004,0.0,-2.692964071701963,0.0,-7.866635468204757,0.0
18.184,1.4931162741965833,0.0,-2.708674533642964,0.0,-7.843799260569414,0.0
18.186,1.4876832528364912,0.0,-2.7243391600208855,0.0,-7.820799968011751,0.0
18.188,1.4822189483307622,0.0,-2.739957625044199,0.0,-7.797637969383146,0.0
18.19,1.4767234533272546,0.0,-2.7555296036824344,0.0,-7.774313646889819,0.0
18.192,1.4711968611231478,0.0,-2.7710547716728104,0.0,-7.750827386086892,0.0
18.194,1.4656392656633372,0.0,-2.7865328055270995,0.0,-7.7271795758719755,0.0
18.196,1.460050761538943,0.0,-2.8019633825381316,0.0,-7.703370608479236,0.0
18.198,1.4544314439857111,0.0,-2.8173461807865348,0.0,-7.679400879473004,0.0
18.2,1.4487814088824154,0.0,-2.832680879147442,0.0,-7.655270787741363,0.0
18.202,1.44310075274928,0.0,-2.847967157297081,0.0,-7.6309807354898105,0.0
18.204,1.437389572746387,0.0,-2.86320469571935,0.0,-7.606531128234864,0.0
18.206,1.4316479666720399,0.0,-2.8783931757124916,0.0,-7.581922374797437,0.0
18.208000000000002,1.4258760329610953,0.0,-2.8935322793957585,0.0,-7.5571548872961065,0.0
18.21,1.4200738706833844,0.0,-2.9086216897158352,0.0,-7.532229081140705,0.0
18.212,1.4142415795419816,0.0,-2.923661090453585,0.0,-7.507145375025298,0.0
18.214,1.408379259871572,0.0,-2.9386501662305147,0.0,-7.481904190921535,0.0
18.216,1.4024870126367297,0.0,-2.953588602515392,0.0,-7.45650595407162,0.0
18.218,1.3965649394302992,0.0,-2.9684760856305923,0.0,-7.43095109298172,0.0
18.22,1.3906131424715606,0.0,-2.983312302758905,0.0,-7.405240039414432,0.0
18.222,1.3846317246045743,0.0,-2.998096941949869,0.0,-7.379373228381991,0.0
18.224,1.3786207892964573,0.0,-3.0128296921262216,0.0,-7.3533510981392,0.0
18.226,1.3725804406355737,0.0,-3.027510243090518,0.0,-7.327174090175969,0.0
18.228,1.366510783329787,0.0,-3.0421382855315424,0.0,-7.300842649210093,0.0
18.23,1.3604119227047518,0.0,-3.0567135110306007,0.0,-7.274357223180224,0.0
18.232,1.354283964702002,0.0,-3.071235612068228,0.0,-7.247718263237916,0.0
18.234,1.3481270158772158,0.0,-3.0857042820304454,0.0,-7.220926223740445,0.0
18.236,1.341941183398419,0.0,-3.1001192152151202,0.0,-7.193981562243355,0.0
18.238,1.3357265750440934,0.0,-3.1144801068384895,0.0,-7.166884739492562,0.0
18.240000000000002,1.3294832992013554,0.0,-3.1287866530414927,0.0,-7.139636219416764,0.0
18.242,1.32321146486417,0.0,-3.1430385508959624,0.0,-7.112236469120006,0.0
18.244,1.3169111816313621,0.0,-3.1572354984112474,0.0,-7.084685958873326,0.0
18.246,1.3105825597048137,0.0,-3.17137719454035,0.0,-7.056985162107221,0.0
18.248,1.3042257098875438,0.0,-3.185463339186316,0.0,-7.02913455540358,0.0
18.25,1.2978407435818282,0.0,-3.199493633208443,0.0,-7.001134618487791,0.0
18.252,1.2914277727872656,0.0,-3.213467778428629,0.0,-6.972985834220594,0.0
18.254,1.2849869100988094,0.0,-3.227385477637682,0.0,-6.944688688589775,0.0
18.256,1.2785182687049004,0.0,-3.2412464346014156,0.0,-6.9162436707022925,0.0
18.258,1.272021962385435,0.0,-3.2550503540670412,0.0,-6.88765127277568,0.0
18.26,1.2654981055098296,0.0,-3.2687969417693044,0.0,-6.858911990129846,0.0
18.262,1.258946813035059,0.0,-3.282485904436644,0.0,-6.830026321178761,0.0
18.264,1.2523682005036427,0.0,-3.296116949797414,0.0,-6.8009947674219,0.0
18.266000000000002,1.2457623840416063,0.0,-3.3096897865861106,0.0,-6.77181783343557,0.0
18.268,1.2391294803565374,0.0,-3.323204124549365,0.0,-6.742496026864635,0.0
18.27,1.2324696067354823,0.0,-3.3366596744522266,0.0,-6.713029858413547,0.0
18.272000000000002,1.2257828810429208,0.0,-3.3500561480842235,0.0,-6.683419841837685,0.0
18.274,1.2190694217187914,0.0,-3.3633932582653143,0.0,-6.653666493934929,0.0
18.276,1.2123293477762898,0.0,-3.376670718852211,0.0,-6.623770334536213,0.0
18.278,1.2055627787998797,0.0,-3.3898882447442777,0.0,-6.593731886497014,0.0
18.28,1.1987698349431668,0.0,-3.40304555188962,0.0,-6.563551675688209,0.0
18.282,1.1919506369268407,0.0,-3.416142357291037,0.0,-6.533230230987241,0.0
18.284,1.1851053060364796,0.0,-3.4291783790121575,0.0,-6.502768084268667,0.0
18.286,1.1782339641205044,0.0,-3.4421533361832966,0.0,-6.472165770395338,0.0
18.288,1.1713367335880016,0.0,-3.4550669490074655,0.0,-6.44142382720901,0.0
18.29,1.164413737406553,0.0,-3.467918938766379,0.0,-6.410542795520971,0.0
18.292,1.1574650991000928,0.0,-3.480709027826331,0.0,-6.379523219102763,0.0
18.294,1.1504909427467669,0.0,-3.493436939644054,0.0,-6.348365644676932,0.0
18.296,1.1434913929766664,0.0,-3.506102398772743,0.0,-6.317070621907178,0.0
18.298000000000002,1.1364665749697112,0.0,-3.5187051308678052,0.0,-6.285638703389198,0.0
18.3,1.1294166144534004,0.0,-3.531244862692751,0.0,-6.254070444640889,0.0
18.302,1.1223416377005715,0.0,-3.5437213221250863,0.0,-6.2223664040926145,0.0
18.304000000000002,1.115241771527188,0.0,-3.55613423816208,0.0,-6.190527143077561,0.0
18.306,1.1081171432901178,0.0,-3.568483340926524,0.0,-6.158553225822061,0.0
18.308,1.1009678808848526,0.0,-3.5807683616725496,0.0,-6.126445219435642,0.0
18.31,1.093794112743216,0.0,-3.592989032791419,0.0,-6.094203693901008,0.0
18.312,1.0865959678311075,0.0,-3.6051450878172226,0.0,-6.061829222064168,0.0
18.314,1.0793735756462461,0.0,-3.6172362614325433,0.0,-6.029322379624578,0.0
18.316,1.0721270662157971,0.0,-3.629262289474266,0.0,-5.996683745124714,0.0
18.318,1.0648565700940806,0.0,-3.6412229089392105,0.0,-5.963913899940037,0.0
18.32,1.0575622183603304,0.0,-3.653117857989659,0.0,-5.931013428269151,0.0
18.322,1.0502441426162137,0.0,-3.6649468759592216,0.0,-5.897982917122893,0.0
18.324,1.0429024749835667,0.0,-3.676709703358315,0.0,-5.864822956314367,0.0
18.326,1.0355373481020582,0.0,-3.688406081879713,0.0,-5.831534138448658,0.0
18.328,1.0281488951267508,0.0,-3.70003575440425,0.0,-5.79811705891209,0.0
18.330000000000002,1.0207372497257372,0.0,-3.71159846500631,0.0,-5.764572315861763,0.0
18.332,1.013302546077839,0.0,-3.723093958959257,0.0,-5.730900510215429,0.0
18.334,1.0058449188700531,0.0,-3.73452198274114,0.0,-5.697102245640165,0.0
18.336000000000002,0.9983645032952232,0.0,-3.745882284040074,0.0,-5.66317812854209,0.0
18.338,0.9908614350496393,0.0,-3.757174611759657,0.0,-5.629128768055721,0.0
18.34,0.9833358503305146,0.0,-3.7683987160245462,0.0,-5.594954776032788,0.0
18.342,0.9757878858336372,0.0,-3.779554348185742,0.0,-5.560656767031812,0.0
18.344,0.9682176787508125,0.0,-3.790641260826131,0.0,-5.5262353583067485,0.0
18.346,0.9606253667674941,0.0,-3.8016592077657214,0.0,-5.491691169796443,0.0
18.348,0.9530110880602153,0.0,-3.812607944067127,0.0,-5.4570248241132155,0.0
18.35,0.9453749812941382,0.0,-3.82348722604085,0.0,-5.4222369465319336,0.0
18.352,0.937717185620576,0.0,-3.8342968112505633,0.0,-5.387328164978974,0.0
18.354,0.9300378406744582,0.0,-3.8450364585184382,0.0,-5.352299110020912,0.0
18.356,0.9223370865717677,0.0,-3.855705927930451,0.0,-5.317150414853072,0.0
18.358,0.9146150639070985,0.0,-3.866304980841529,0.0,-5.28188271528862,0.0
18.36,0.9068719137510235,0.0,-3.8768333798808796,0.0,-5.246496649746787,0.0
18.362000000000002,0.8991077776475789,0.0,-3.8872908889571507,0.0,-5.210992859241604,0.0
18.364,0.8913227976117237,0.0,-3.897677273263561,0.0,-5.175371987370524,0.0
18.366,0.8835171161267441,0.0,-3.9079922992831113,0.0,-5.1396346803027875,0.0
18.368000000000002,0.8756908761416259,0.0,-3.918235734793739,0.0,-5.103781586767615,0.0
18.37,0.867844221068552,0.0,-3.9284073488733333,0.0,-5.0678133580429865,0.0
18.372,0.8599772947802062,0.0,-3.938506911904923,0.0,-5.031730647943509,0.0
18.374,0.8520902416072106,0.0,-3.9485341955816793,0.0,-4.995534112808896,0.0
18.376,0.84418320633546,0.0,-3.9584889729119963,0.0,-4.95922441149196,0.0
18.378,0.8362563342035908,0.0,-3.968371018224389,0.0,-4.922802205347226,0.0
18.38,0.8283097709001805,0.0,-3.978180107172658,0.0,-4.886268158218278,0.0
18.382,0.8203436625611827,0.0,-3.9879160167407637,0.0,-4.849622936426205,0.0
18.384,0.8123581557672879,0.0,-3.997578525247727,0.0,-4.812867208757679,0.0
18.386,0.8043533975411562,0.0,-4.00716741235265,0.0,-4.776001646452437,0.0
18.388,0.796329535344826,0.0,-4.016682459059526,0.0,-4.739026923191583,0.0
18.39,0.7882867170769774,0.0,-4.026123447722132,0.0,-4.701943715085186,0.0
18.392,0.7802250910702043,0.0,-4.03549016204892,0.0,-4.664752700659924,0.0
18.394000000000002,0.7721448060883239,0.0,-4.044782387107795,0.0,-4.627454560846898,0.0
18.396,0.7640460113236939,0.0,-4.05399990933088,0.0,-4.590049978969463,0.0
18.398,0.7559288563943868,0.0,-4.063142516519378,0.0,-4.552539640730393,0.0
18.400000000000002,0.7477934913415399,0.0,-4.072209997848236,0.0,-4.5149242341998495,0.0
18.402,0.7396400666265617,0.0,-4.081202143870882,0.0,-4.477204449802684,0.0
18.404,0.7314687331283464,0.0,-4.09011874652398,0.0,-4.4393809803057644,0.0
18.406,0.7232796421405397,0.0,-4.098959599132037,0.0,-4.401454520805529,0.0
18.408,0.7150729453687211,0.0,-4.107724496412106,0.0,-4.363425768715151,0.0
18.41,0.7068487949277181,0.0,-4.116413234478279,0.0,-4.325295423752306,0.0
18.412,0.6986073433386508,0.0,-4.125025610846475,0.0,-4.287064187925671,0.0
18.414,0.690348743526214,0.0,-4.1335614244388825,0.0,-4.2487327655225355,0.0
18.416,0.6820731488158884,0.0,-4.1420204755885,0.0,-4.210301863096061,0.0
18.418,0.6737807129310341,0.0,-4.1504025660437245,0.0,-4.171772189451987,0.0
18.42,0.6654715899900819,0.0,-4.158707498972822,0.0,-4.133144455635794,0.0
18.422,0.6571459345037833,0.0,-4.166935078968299,0.0,-4.094419374920117,0.0
18.424,0.6488039013721953,0.0,-4.175085112051501,0.0,-4.055597662790935,0.0
18.426000000000002,0.6404456458819142,0.0,-4.183157405676931,0.0,-4.016680036934886,0.0
18.428,0.63207132370323,0.0,-4.191151768736624,0.0,-3.9776672172262364,0.0
18.43,0.6236810908871676,0.0,-4.199068011564572,0.0,-3.938559925713286,0.0
18.432000000000002,0.6152751038626242,0.0,-4.206905945941044,0.0,-3.8993588866052336,0.0
18.434,0.6068535194335689,0.0,-4.214665385096801,0.0,-3.860064826259314,0.0
18.436,0.5984164947759727,0.0,-4.222346143717523,0.0,-3.820678473166672,0.0
18.438,0.5899641874350049,0.0,-4.229948037947985,0.0,-3.7812005579394743,0.0
18.44,0.5814967553220679,0.0,-4.237470885396293,0.0,-3.7416318132972584,0.0
18.442,0.5730143567119094,0.0,-4.2449145051380714,0.0,-3.701972974053629,0.0
18.444,0.5645171502396541,0.0,-4.252278717720656,0.0,-3.6622247771025846,0.0
18.446,0.5560052948978166,0.0,-4.259563345167273,0.0,-3.6223879614047294,0.0
18.448,0.5474789500334397,0.0,-4.266768210981074,0.0,-3.5824632679740818,0.0
18.45,0.5389382753450359,0.0,-4.273893140149326,0.0,-3.5424514398639424,0.0
18.452,0.5303834308796554,0.0,-4.280937959147421,0.0,-3.5023532221533538,0.0
18.454,0.5218145770299336,0.0,-4.287902495942901,0.0,-3.462169361933448,0.0
18.456,0.5132318745310761,0.0,-4.294786579999497,0.0,-3.4219006082935035,0.0
18.458000000000002,0.5046354844578187,0.0,-4.301590042281133,0.0,-3.381547712306875,0.0
18.46,0.49602556822152266,0.0,-4.308312715255813,0.0,-3.3411114270175384,0.0
18.462,0.48740228756706344,0.0,-4.314954432899616,0.0,-3.300592507425677,0.0
18.464,0.4787658045698669,0.0,-4.3215150307005565,0.0,-3.2599917104739395,0.0
18.466,0.47011628163283975,0.0,-4.327994345662484,0.0,-3.219309795033197,0.0
18.468,0.46145388148344674,0.0,-4.334392216308854,0.0,-3.1785475218889854,0.0
18.47,0.45277876717049786,0.0,-4.3407084826866456,0.0,-3.13770565372657,0.0
18.472,0.4440911020611969,0.0,-4.346942986370089,0.0,-3.096784955117241,0.0
18.474,0.43539104983811067,0.0,-4.353095570464403,0.0,-3.055786192504216,0.0
18.476,0.42667877449601993,0.0,-4.359166079609586,0.0,-3.0147101341879923,0.0
18.478,0.41795444033887263,0.0,-4.365154359984084,0.0,-2.9735575503121603,0.0
18.48,0.4092182119768035,0.0,-4.371060259308412,0.0,-2.932329212849531,0.0
18.482,0.4004702543228764,0.0,-4.376883626848901,0.0,-2.8910258955869423,0.0
18.484,0.3917107325900877,0.0,-4.382624313421246,0.0,-2.8496483741112955,0.0
18.486,0.38293981228829216,0.0,-4.38828217139408,0.0,-2.8081974257952145,0.0
18.488,0.3741576592209951,0.0,-4.393857054692589,0.0,-2.766673829782066,0.0
18.490000000000002,0.3653644394823346,0.0,-4.39934881880198,0.0,-2.7250783669718723,0.0
18.492,0.35656031945391536,0.0,-4.404757320771003,0.0,-2.683411820006512,0.0
18.494,0.34774546580164917,0.0,-4.410082419215435,0.0,-2.6416749732549487,0.0
18.496,0.3389200454726614,0.0,-4.415323974321506,0.0,-2.59986861279876,0.0
18.498,0.3300842256921168,0.0,-4.42048184784931,0.0,-2.5579935264172824,0.0
18.5,0.32123817396011195,0.0,-4.425555903136171,0.0,-2.516050503573059,0.0
18.502,0.31238205804848895,0.0,-4.430546005100011,0.0,-2.4740403353969107,0.0
18.504,0.30351604599762755,0.0,-4.43545202024269,0.0,-2.431963814672895,0.0
18.506,0.2946403061133746,0.0,-4.44027381665325,0.0,-2.3898217358239093,0.0
18.508,0.28575500696376577,0.0,-4.4450112640112245,0.0,-2.347614894896305,0.0
18.51,0.27686031737587,0.0,-4.449664233589858,0.0,-2.305344089545067,0.0
18.512,0.26795640643269997,0.0,-4.45423259825926,0.0,-2.2630101190193144,0.0
18.514,0.25904344346984204,0.0,-4.458716232489661,0.0,-2.220613784146442,0.0
18.516000000000002,0.25012159807235373,0.0,-4.463115012354508,0.0,-2.1781558873175473,0.0
18.518,0.24119104007158335,0.0,-4.467428815533554,0.0,-2.135637232472459,0.0
18.52,0.2322519395418672,0.0,-4.471657521315995,0.0,-2.093058625084194,0.0
18.522000000000002,0.22330446679733706,0.0,-4.475801010603496,0.0,-2.050420872143916,0.0
18.524,0.21434879238879292,0.0,-4.479859165913172,0.0,-2.0077247821462136,0.0
18.526,0.20538508710029602,0.0,-4.483831871380659,0.0,-1.9649711650730228,0.0
18.528,0.196413521946044,0.0,-4.487719012763013,0.0,-1.9221608323788977,0.0
18.53,0.18743426816708225,0.0,-4.49152047744167,0.0,-1.879294596975488,0.0
18.532,0.17844749722810987,0.0,-4.495236154425312,0.0,-1.8363732732164628,0.0
18.534,0.169453380814121,0.0,-4.498865934352786,0.0,-1.7933976768816393,0.0
18.536,0.16045209082724313,0.0,-4.502409709495891,0.0,-1.7503686251620467,0.0
18.538,0.15144379938342475,0.0,-4.505867373762206,0.0,-1.7072869366442611,0.0
18.54,0.1424286788091321,0.0,-4.509238822697878,0.0,-1.6641534312947779,0.0
18.542,0.13340690163809824,0.0,-4.512523953490355,0.0,-1.6209689304446286,0.0
18.544,0.12437864060806685,0.0,-4.515722664971085,0.0,-1.5777342567739598,0.0
18.546,0.11534406865747261,0.0,-4.5188348576182165,0.0,-1.5344502342963096,0.0
18.548000000000002,0.1063033589221011,0.0,-4.521860433559257,0.0,-1.4911176883427695,0.0
18.55,0.09725668473188977,0.0,-4.524799296573664,0.0,-1.447737445546823,0.0
18.552,0.08820421960751929,0.0,-4.5276513520954635,0.0,-1.404310333828167,0.0
18.554000000000002,0.07914613725714545,0.0,-4.530416507215794,0.0,-1.3608371823772019,0.0
18.556,0.07008261157311187,0.0,-4.533094670685424,0.0,-1.3173188216394214,0.0
18.558,0.06101381662859893,0.0,-4.535685752917256,0.0,-1.2737560832994927,0.0
18.56,0.051939926674267736,0.0,-4.538189665988797,0.0,-1.2301498002652989,0.0
18.562,0.04286111613495769,0.0,-4.540606323644574,0.0,-1.186500806652238,0.0
18.564,0.03377755960639415,0.0,-4.5429356412985324,0.0,-1.142809937767559,0.0
18.566,0.024689431851759158,0.0,-4.545177536036421,0.0,-1.0990780300940366,0.0
18.568,0.015596907798374807,0.0,-4.547331926618121,0.0,-1.0553059212741744,0.0
18.57,0.006500162534455551,0.0,-4.549398733479924,0.0,-1.0114944500947407,0.0
18.572,-0.0026006286944232453,0.0,-4.551377878736841,0.0,-0.9676444564699225,0.0
18.574,-0.011705290488582135,0.0,-4.553269286184832,0.0,-0.9237567814258024,0.0
18.576,-0.02081364729757224,0.0,-4.555072881302991,0.0,-0.8798322670844474,0.0
18.578,-0.029925523423631948,0.0,-4.556788591255747,0.0,-0.835871756647407,0.0
18.580000000000002,-0.0390407430250304,0.0,-4.5584163448950035,0.0,-0.7918760943797469,0.0
18.582,-0.04815913011934142,0.0,-4.559956072762234,0.0,-0.7478461255944125,0.0
18.584,-0.0572805085870014,0.0,-4.561407707090575,0.0,-0.7037826966352148,0.0
18.586000000000002,-0.06640470217459168,0.0,-4.562771181806876,0.0,-0.6596866548611385,0.0
18.588,-0.07553153449819852,0.0,-4.564046432533694,0.0,-0.6155588486302692,0.0
18.59,-0.08466082904690954,0.0,-4.565233396591296,0.0,-0.5714001272830527,0.0
18.592,-0.09379240918609334,0.0,-4.566332012999599,0.0,-0.5272113411265973,0.0
18.594,-0.10292609816091856,0.0,-4.567342222480082,0.0,-0.48299334141780964,0.0
18.596,-0.11206171909964087,0.0,-4.568263967457675,0.0,-0.4387469803476456,0.0
18.598,-0.12119909501711514,0.0,-4.569097192062615,0.0,-0.3944731110242653,0.0
18.6,-0.13033804881816352,0.0,-4.5698418421322575,0.0,-0.3501725874568784,0.0
18.602,-0.13947840330096187,0.0,-4.570497865212857,0.0,-0.3058462645394934,0.0
18.604,-0.14861998116048908,0.0,-4.571065210561336,0.0,-0.26149499803435605,0.0
18.606,-0.1577626049919943,0.0,-4.571543829146996,0.0,-0.21711964455528965,0.0
18.608,-0.16690609729431968,0.0,-4.57193367365319,0.0,-0.1727210615517355,0.0
18.61,-0.1760502804734342,0.0,-4.572234698479013,0.0,-0.12830010729175612,0.0
18.612000000000002,-0.18519497684583663,0.0,-4.572446859740882,0.0,-0.08385764084567116,0.0
18.614,-0.19434000864188886,0.0,-4.572570115274158,0.0,-0.03939452207002059,0.0
18.616,-0.20348519800943204,0.0,-4.572604424634675,0.0,0.005088388409851929,0.0
18.618000000000002,-0.21263036701712634,0.0,-4.5725497491002844,0.0,0.04959022921587575,0.0
18.62,-0.22177533765786622,0.0,-4.572406051672324,0.0,0.09411013823371217,0.0
18.622,-0.23091993185231804,0.0,-4.572173297077084,0.0,0.13864725262980648,0.0
18.624,-0.24006397145232664,0.0,-4.571851451767226,0.0,0.18320070886781836,0.0
18.626,-0.24920727824434075,0.0,-4.571440483923182,0.0,0.22776964272514244,0.0
18.628,-0.2583496739528982,0.0,-4.570940363454493,0.0,0.2723531893097345,0.0
18.63,-0.2674909802441161,0.0,-4.570351062001143,0.0,0.3169504830769634,0.0
18.632,-0.2766310187291227,0.0,-4.569672552934838,0.0,0.3615606578461903,0.0
18.634,-0.2857696109674784,0.0,-4.568904811360276,0.0,0.4061828468173,0.0
18.636,-0.294906578470746,0.0,-4.568047814116355,0.0,0.4508161825879652,0.0
18.638,-0.3040417427058569,0.0,-4.567101539777369,0.0,0.49545979716992883,0.0
18.64,-0.3131749250986277,0.0,-4.5660659686541605,0.0,0.5401128220060167,0.0
18.642,-0.3223059470372634,0.0,-4.564941082795239,0.0,0.5847743879871043,0.0
18.644000000000002,-0.33143462987580474,0.0,-4.563726865987867,0.0,0.6294436254688102,0.0
18.646,-0.3405607949375769,0.0,-4.5624233037591235,0.0,0.674119664288203,0.0
18.648,-0.34968426351870047,0.0,-4.561030383376921,0.0,0.7188016337808238,0.0
18.650000000000002,-0.3588048568916171,0.0,-4.5595480938509745,0.0,0.763488662797784,0.0
18.652,-0.3679223963084719,0.0,-4.557976425933782,0.0,0.8081798797221723,0.0
18.654,-0.37703670300470243,0.0,-4.556315372121519,0.0,0.8528744124864771,0.0
18.656,-0.38614759820246863,0.0,-4.554564926654938,0.0,0.897571388589239,0.0
18.658,-0.39525490311418626,0.0,-4.552725085520203,0.0,0.9422699351122179,0.0
18.66,-0.4043584389459018,0.0,-4.550795846449742,0.0,0.9869691787367861,0.0
18.662,-0.4134580269009611,0.0,-4.548777208922983,0.0,1.0316682457617776,0.0
18.664,-0.4225534881834023,0.0,-4.546669174167131,0.0,1.0763662621199797,0.0
18.666,-0.4316446440014223,0.0,-4.544471745157886,0.0,1.1210623533950055,0.0
18.668,-0.4407313155709618,0.0,-4.542184926620103,0.0,1.165755644838744,0.0
18.67,-0.44981332411917613,0.0,-4.539808725028449,0.0,1.210445261388268,0.0
18.672,-0.4588904908878324,0.0,-4.537343148608042,0.0,1.2551303276823722,0.0
18.674,-0.46796263713698666,0.0,-4.534788207334982,0.0,1.299809968079513,0.0
18.676000000000002,-0.4770295841483838,0.0,-4.532143912936921,0.0,1.3444833066743764,0.0
18.678,-0.48609115322893226,0.0,-4.529410278893583,0.0,1.3891494673148288,0.0
18.68,-0.49514716571431067,0.0,-4.526587320437213,0.0,1.4338075736195226,0.0
18.682000000000002,-0.5041974429723719,0.0,-4.523675054553048,0.0,1.478456748994511,0.0
18.684,-0.5132418064066916,0.0,-4.520673499979711,0.0,1.5230961166505845,0.0
18.686,-0.5222800774601064,0.0,-4.517582677209572,0.0,1.5677247996205557,0.0
18.688,-0.5313120776181763,0.0,-4.514402608489107,0.0,1.6123419207761893,0.0
18.69,-0.5403376284127244,0.0,-4.511133317819189,0.0,1.6569466028455082,0.0
18.692,-0.5493565514252997,0.0,-4.507774830955373,0.0,1.701537968429741,0.0
18.694,-0.5583686682907182,0.0,-4.50432717540813,0.0,1.7461151400206458,0.0
18.696,-0.5673738007006152,0.0,-4.500790380443019,0.0,1.7906772400179134,0.0
18.698,-0.5763717704068536,0.0,-4.497164477080903,0.0,1.835223390745858,0.0
18.7,-0.5853623992251383,0.0,-4.493449498098042,0.0,1.8797527144711295,0.0
18.702,-0.5943455090384956,0.0,-4.489645478026194,0.0,1.9242643334197762,0.0
18.704,-0.6033209218006845,0.0,-4.485752453152739,0.0,1.9687573697939713,0.0
18.706,-0.6122884595398811,0.0,-4.481770461520612,0.0,2.0132309457900943,0.0
18.708000000000002,-0.6212479443620883,0.0,-4.47769954292836,0.0,2.057684183615471,0.0
18.71,-0.6301991984546184,0.0,-4.473539738930108,0.0,2.1021162055054687,0.0
18.712,-0.6391420440896913,0.0,-4.469291092835449,0.0,2.1465261337411827,0.0
18.714,-0.6480763036278863,0.0,-4.464953649709359,0.0,2.190913090666393,0.0
18.716,-0.6570017995216969,0.0,-4.460527456372035,0.0,2.235276198705055,0.0
18.718,-0.6659183543189261,0.0,-4.456012561398777,0.0,2.279614580377984,0.0
18.72,-0.6748257906663685,0.0,-4.451409015119686,0.0,2.323927358320992,0.0
18.722,-0.6837239313132188,0.0,-4.446716869619472,0.0,2.36821365530166,0.0
18.724,-0.6926125991145531,0.0,-4.441936178737182,0.0,2.412472594236482,0.0
18.726,-0.701491617034936,0.0,-4.437066998065838,0.0,2.4567032982086463,0.0
18.728,-0.7103608081518304,0.0,-4.43210938495214,0.0,2.500904890484834,0.0
18.73,-0.7192199956591445,0.0,-4.427063398496055,0.0,2.545076494532714,0.0
18.732,-0.7280690028707687,0.0,-4.421929099550384,0.0,2.589217234038399,0.0
18.734,-0.7369076532240513,0.0,-4.416706550720321,0.0,2.633326232923588,0.0
18.736,-0.7457357702832601,0.0,-4.411395816362995,0.0,2.677402615362661,0.0
18.738,-0.7545531777431852,0.0,-4.405996962586875,0.0,2.721445505800486,0.0
18.740000000000002,-0.7633596994325433,0.0,-4.400510057251301,0.0,2.765454028969225,0.0
18.742,-0.7721551593175187,0.0,-4.394935169965829,0.0,2.8094273099058498,0.0
18.744,-0.7809393815052936,0.0,-4.389272372089611,0.0,2.853364473969602,0.0
18.746,-0.7897121902475027,0.0,-4.38352173673075,0.0,2.8972646468590817,0.0
18.748,-0.7984734099437744,0.0,-4.377683338745583,0.0,2.9411269546297794,0.0
18.75,-0.8072228651451124,0.0,-4.371757254738023,0.0,2.984950523710818,0.0
18.752,-0.8159603805575595,0.0,-4.365743563058672,0.0,3.028734480923106,0.0
18.754,-0.824685781045592,0.0,-4.3596423438041,0.0,3.0724779534961604,0.0
18.756,-0.8333988916355818,0.0,-4.353453678816019,0.0,3.116180069085269,0.0
18.758,-0.8420995375193718,0.0,-4.3471776516803695,0.0,3.1598399557892334,0.0
18.76,-0.8507875440577332,0.0,-4.340814347726412,0.0,3.2034567421675133,0.0
18.762,-0.8594627367837553,0.0,-4.334363854025891,0.0,3.247029557257065,0.0
18.764,-0.8681249414064954,0.0,-4.32782625939191,0.0,3.2905575305904606,0.0
18.766000000000002,-0.8767739838143649,0.0,-4.321201654378015,0.0,3.334039792212722,0.0
18.768,-0.8854096900785782,0.0,-4.314490131277163,0.0,3.3774754726984564,0.0
18.77,-0.8940318864567175,0.0,-4.307691784120588,0.0,3.4208637031695845,0.0
18.772000000000002,-0.9026403993961778,0.0,-4.300806708676705,0.0,3.464203615312479,0.0
18.774,-0.9112350555375447,0.0,-4.293835002450047,0.0,3.507494341394777,0.0
18.776,-0.9198156817182301,0.0,-4.286776764679946,0.0,3.5507350142834815,0.0
18.778,-0.9283821049758322,0.0,-4.279632096339412,0.0,3.5939247674617003,0.0
18.78,-0.93693415255164,0.0,-4.272401100133844,0.0,3.6370627350461073,0.0
18.782,-0.9454716518940574,0.0,-4.26508388049978,0.0,3.6801480518040135,0.0
18.784,-0.9539944306620926,0.0,-4.257680543603569,0.0,3.72317985317077,0.0
18.786,-0.9625023167288554,0.0,-4.25019119733996,0.0,3.766157275267221,0.0
18.788,-0.9709951381849177,0.0,-4.242615951330815,0.0,3.809079454916473,0.0
18.79,-0.979472723341862,0.0,-4.234954916923594,0.0,3.8519455296616245,0.0
18.792,-0.98793490073569,0.0,-4.227208207189935,0.0,3.894754637782788,0.0
18.794,-0.996381499130242,0.0,-4.21937593692419,0.0,3.937505918314182,0.0
18.796,-1.004812347520671,0.0,-4.211458222641884,0.0,3.9801985110615012,0.0
18.798000000000002,-1.0132272751369178,0.0,-4.20345518257809,0.0,4.02283155661931,0.0
18.8,-1.02162611144706,0.0,-4.195366936685951,0.0,4.0654041963877905,0.0
18.802,-1.0300086861608375,0.0,-4.187193606634948,0.0,4.1079155725903975,0.0
18.804000000000002,-1.0383748292330588,0.0,-4.1789353158092615,0.0,4.150364828290927,0.0
18.806,-1.046724370866932,0.0,-4.170592189306177,0.0,4.192751107410204,0.0
18.808,-1.055057141517653,0.0,-4.162164353934178,0.0,4.23507355474406,0.0
18.81,-1.063372971895717,0.0,-4.153651938211299,0.0,4.277331315979963,0.0
18.812,-1.0716716929703773,0.0,-4.14505507236328,0.0,4.3195235377143595,0.0
18.814,-1.079953135973004,0.0,-4.136373888321781,0.0,4.3616493674695285,0.0
18.816,-1.0882171324005752,0.0,-4.127608519722447,0.0,4.403707953711131,0.0
18.818,-1.096463514019056,0.0,-4.118759101903002,0.0,4.4456984458651725,0.0
18.82,-1.1046921128667082,0.0,-4.109825771901449,0.0,4.487619994334645,0.0
18.822,-1.1129027612576472,0.0,-4.100808668453892,0.0,4.529471750517411,0.0
18.824,-1.1210952917851438,0.0,-4.091707931992653,0.0,4.571252866822817,0.0
18.826,-1.129269537324989,0.0,-4.082523704644251,0.0,4.612962496688628,0.0
18.828,-1.1374253310389713,0.0,-4.073256130227226,0.0,4.654599794598529,0.0
18.830000000000002,-1.1455625063781671,0.0,-4.063905354250138,0.0,4.696163916098715,0.0
18.832,-1.1536808970863588,0.0,-4.054471523909377,0.0,4.7376540178151005,0.0
18.834,-1.1617803372034334,0.0,-4.044954788086958,0.0,4.779069257470471,0.0
18.836000000000002,-1.1698606610687257,0.0,-4.035355297348336,0.0,4.820408793901331,0.0
18.838,-1.1779217033243434,0.0,-4.025673203940216,0.0,4.8616717870747,0.0
18.84,-1.18596329891862,0.0,-4.015908661788158,0.0,4.902857398105533,0.0
18.842,-1.1939852831093645,0.0,-4.0060618264943955,0.0,4.943964789273137,0.0
18.844,-1.2019874914673172,0.0,-3.99613285533536,0.0,4.984993124038637,0.0
18.846,-1.2099697598793917,0.0,-3.98612190725943,0.0,5.025941567061364,0.0
18.848,-1.217931924552106,0.0,-3.976029142884404,0.0,5.066809284216217,0.0
18.85,-1.2258738220148957,0.0,-3.9658547244950824,0.0,5.107595442610409,0.0
18.852,-1.2337952891233521,0.0,-3.9555988160409083,0.0,5.148299210599879,0.0
18.854,-1.2416961630627077,0.0,-3.9452615831332496,0.0,5.18891975780693,0.0
18.856,-1.2495762813510607,0.0,-3.934843193042961,0.0,5.22945625513659,0.0
18.858,-1.2574354818426732,0.0,-3.9243438146978473,0.0,5.269907874793299,0.0
18.86,-1.2652736027313547,0.0,-3.9137636186799365,0.0,5.3102737902980985,0.0
18.862000000000002,-1.2730904825537428,0.0,-3.903102777222865,0.0,5.350553176505263,0.0
18.864,-1.2808859601925178,0.0,-3.892361464209323,0.0,5.390745209618619,0.0
18.866,-1.2886598748798463,0.0,-3.8815398551681217,0.0,5.430849067209042,0.0
18.868000000000002,-1.296412066200584,0.0,-3.8706381272715644,0.0,5.470863928230724,0.0
18.87,-1.304142374095535,0.0,-3.859656459332706,0.0,5.510788973037738,0.0
18.872,-1.3118506388648055,0.0,-3.848595031802425,0.0,5.550623383401109,0.0
18.874,-1.3195367011710382,0.0,-3.8374540267666246,0.0,5.590366342525257,0.0
18.876,-1.3272004020426569,0.0,-3.8262336279433944,0.0,5.630017035064521,0.0
18.878,-1.3348415828771492,0.0,-3.8149340206800426,0.0,5.669574647139875,0.0
18.88,-1.3424600854443514,0.0,-3.8035553919501264,0.0,5.709038366355669,0.0
18.882,-1.3500557518896676,0.0,-3.79209793035049,0.0,5.748407381816044,0.0
18.884,-1.3576284247372945,0.0,-3.7805618260982996,0.0,5.787680884141361,0.0
18.886,-1.3651779468934793,0.0,-3.7689472710279457,0.0,5.826858065484851,0.0
18.888,-1.3727041616497913,0.0,-3.7572544585879144,0.0,5.8659381195493,0.0
18.89,-1.380206912686256,0.0,-3.7454835838377916,0.0,5.904920241603065,0.0
18.892,-1.3876860440746663,0.0,-3.733634843444996,0.0,5.943803628496987,0.0
18.894000000000002,-1.3951414002817537,0.0,-3.7217084356816463,0.0,5.982587478680617,0.0
18.896,-1.4025728261723716,0.0,-3.709704560421387,0.0,6.0212709922184855,0.0
18.898,-1.4099801670127206,0.0,-3.6976234191361077,0.0,6.059853370806616,0.0
18.900000000000002,-1.4173632684735753,0.0,-3.6854652148926004,0.0,6.098333817789049,0.0
18.902,-1.4247219766333894,0.0,-3.673230152349387,0.0,6.136711538173744,0.0
18.904,-1.432056137981558,0.0,-3.6609184377532364,0.0,6.174985738649301,0.0
18.906,-1.4393655994215417,0.0,-3.648530278935864,0.0,6.213155627600983,0.0
18.908,-1.4466502082740726,0.0,-3.6360658853104657,0.0,6.251220415127163,0.0
18.91,-1.4539098122802163,0.0,-3.6235254678684385,0.0,6.2891793130550315,0.0
18.912,-1.4611442596046664,0.0,-3.6109092391756556,0.0,6.327031534957536,0.0
18.914,-1.4683533988388087,0.0,-3.5982174133691087,0.0,6.364776296169111,0.0
18.916,-1.4755370790038356,0.0,-3.5854502061534044,0.0,6.402412813801687,0.0
18.918,-1.4826951495539493,0.0,-3.5726078347970787,0.0,6.43994030676118,0.0
18.92,-1.4898274603794595,0.0,-3.559690518129017,0.0,6.477357995763413,0.0
18.922,-1.4969338618098251,0.0,-3.546698476534987,0.0,6.514665103349791,0.0
18.924,-1.504014204616896,0.0,-3.5336319319537015,0.0,6.551860853904001,0.0
18.926000000000002,-1.5110683400179397,0.0,-3.5204911078732732,0.0,6.5889444736676035,0.0
18.928,-1.5180961196787115,0.0,-3.5072762293275233,0.0,6.625915190755866,0.0
18.93,-1.5250973957166223,0.0,-3.4939875228920707,0.0,6.662772235174122,0.0
18.932000000000002,-1.5320720207037397,0.0,-3.4806252166806866,0.0,6.6995148388332355,0.0
18.934,-1.5390198476698933,0.0,-3.4671895403413986,0.0,6.736142235565661,0.0
18.936,-1.545940730105761,0.0,-3.453680725052593,0.0,6.772653661141396,0.0
18.938,-1.5528345219658957,0.0,-3.440099003519188,0.0,6.809048353283612,0.0
18.94,-1.559701077671793,0.0,-3.426444609968663,0.0,6.845325551684532,0.0
18.942,-1.5665402521149006,0.0,-3.4127177801471804,0.0,6.8814844980210195,0.0
18.944,-1.5733519006596746,0.0,-3.3989187513155468,0.0,6.9175244359703845,0.0
18.946,-1.580135879146637,0.0,-3.385047762245139,0.0,6.953444611226246,0.0
18.948,-1.5868920438953151,0.0,-3.3711050532140003,0.0,6.989244271513763,0.0
18.95,-1.5936202517073292,0.0,-3.357090866002616,0.0,7.024922666605645,0.0
18.952,-1.600320359869369,0.0,-3.3430054438898402,0.0,7.060479048337617,0.0
18.954,-1.606992226156114,0.0,-3.3288490316489185,0.0,7.095912670623569,0.0
18.956,-1.6136357088333444,0.0,-3.3146218755430406,0.0,7.131222789471729,0.0
18.958000000000002,-1.6202506666608432,0.0,-3.300324223321292,0.0,7.16640866299975,0.0
18.96,-1.6268369588953409,0.0,-3.285956324214474,0.0,7.201469551450023,0.0
18.962,-1.6333944452935398,0.0,-3.271518428930693,0.0,7.236404717205428,0.0
18.964,-1.6399229861150335,0.0,-3.257010789651137,0.0,7.271213424804528,0.0
18.966,-1.6464224421252254,0.0,-3.2424336600257964,0.0,7.305894940956785,0.0
18.968,-1.652892674598284,0.0,-3.2277872951690596,0.0,7.3404485345579555,0.0
18.97,-1.6593335453200877,0.0,-3.213071951655274,0.0,7.374873476705477,0.0
18.972,-1.6657449165911216,0.0,-3.19828788751438,0.0,7.409169040713559,0.0
18.974,-1.6721266512293496,0.0,-3.1834353622275313,0.0,7.44333450212821,0.0
18.976,-1.6784786125731872,0.0,-3.1685146367224495,0.0,7.477369138742764,0.0
18.978,-1.6848006644843185,0.0,-3.1535259733690815,0.0,7.511272230612599,0.0
18.98,-1.6910926713506054,0.0,-3.138469635974991,0.0,7.545043060070378,0.0
18.982,-1.6973544980889772,0.0,-3.1233458897807336,0.0,7.578680911741171,0.0
18.984,-1.703586010148276,0.0,-3.108155001455314,0.0,7.612185072557359,0.0
18.986,-1.7097870735120846,0.0,-3.092897239091598,0.0,7.645554831773451,0.0
18.988,-1.7159575547015937,0.0,-3.0775728722016114,0.0,7.6787894809811394,0.0
18.990000000000002,-1.7220973207784602,0.0,-3.0621821717117683,0.0,7.711888314124286,0.0
18.992,-1.7282062393475672,0.0,-3.0467254099583356,0.0,7.744850627513426,0.0
18.994,-1.7342841785599046,0.0,-3.0312028606825008,0.0,7.777675719840893,0.0
18.996,-1.7403310071153366,0.0,-3.015614799025699,0.0,7.810362892195391,0.0
18.998,-1.7463465942654235,0.0,-2.9999615015247287,0.0,7.842911448076829,0.0
19.0,-1.7523308098161363,0.0,-2.984243246107118,0.0,7.875320693410598,0.0
19.002,-1.7582835241307433,0.0,-2.9684603120859534,0.0,7.907589936562808,0.0
19.004,-1.7642046081325102,0.0,-2.9526129801551617,0.0,7.939718488354509,0.0
19.006,-1.7700939333074404,0.0,-2.9367015323846366,0.0,7.971705662076136,0.0
19.008,-1.7759513717070767,0.0,-2.920726252215135,0.0,8.003550773502315,0.0
19.01,-1.7817767959512187,0.0,-2.9046874244533383,0.0,8.035253140906205,0.0
19.012,-1.787570079230586,0.0,-2.88858533526703,0.0,8.066812085073577,0.0
19.014,-1.7933310953096468,0.0,-2.8724202721797414,0.0,8.098226929317775,0.0
19.016000000000002,-1.7990597185292576,0.0,-2.8561925240658605,0.0,8.129496999493693,0.0
19.018,-1.8047558238093437,0.0,-2.8399023811455955,0.0,8.16062162401196,0.0
19.02,-1.8104192866516464,0.0,-2.8235501349796537,0.0,8.191600133853509,0.0
19.022000000000002,-1.8160499831423418,0.0,-2.807136078464285,0.0,8.222431862583461,0.0
19.024,-1.8216477899547259,0.0,-2.7906605058260094,0.0,8.253116146365379,0.0
19.026,-1.827212584351894,0.0,-2.774123712616357,0.0,8.283652323975492,0.0
19.028,-1.8327442441893536,0.0,-2.7575259957067053,0.0,8.314039736816587,0.0
19.03,-1.838242647917682,0.0,-2.740867653282966,0.0,8.344277728932145,0.0
19.032,-1.8437076745851195,0.0,-2.72414898484036,0.0,8.374365647020134,0.0
19.034,-1.8491392038402021,0.0,-2.7073702911780524,0.0,8.404302840447036,0.0
19.036,-1.8545371159343884,0.0,-2.690531874393706,0.0,8.434088661261852,0.0
19.038,-1.859901291724594,0.0,-2.6736340378783088,0.0,8.463722464209608,0.0
19.04,-1.8652316126758302,0.0,-2.656677086310563,0.0,8.493203606745455,0.0
19.042,-1.8705279608637555,0.0,-2.6396613256515136,0.0,8.522531449048296,0.0
19.044,-1.8757902189771807,0.0,-2.6225870631392807,0.0,8.551705354034153,0.0
19.046,-1.881018270320714,0.0,-2.605454607283233,0.0,8.580724687370353,0.0
19.048000000000002,-1.8862119988172408,0.0,-2.5882642678586727,0.0,8.609588817488783,0.0
19.05,-1.8913712890104326,0.0,-2.5710163559013446,0.0,8.638297115599336,0.0
19.052,-1.8964960260673156,0.0,-2.5537111837017026,0.0,8.66684895570369,0.0
19.054000000000002,-1.9015860957807513,0.0,-2.5363490647993627,0.0,8.695243714608614,0.0
19.056,-1.9066413845718806,0.0,-2.518930313977685,0.0,8.723480771939082,0.0
19.058,-1.911661779492695,0.0,-2.5014552472577756,0.0,8.751559510152127,0.0
19.06,-1.9166471682284467,0.0,-2.483924181893044,0.0,8.779479314549773,0.0
19.062,-1.9215974391001303,0.0,-2.4663374363634096,0.0,8.807239573292401,0.0
19.064,-1.9265124810668979,0.0,-2.448695330369688,0.0,8.834839677411772,0.0
19.066,-1.9313921837285495,0.0,-2.4309981848276303,0.0,8.86227902082445,0.0
19.068,-1.9362364373279068,0.0,-2.4132463218623528,0.0,8.889557000344613,0.0
19.07,-1.9410451327532432,0.0,-2.395440064802429,0.0,8.91667301569716,0.0
19.072,-1.9458181615407042,0.0,-2.3775797381740045,0.0,8.94362646953084,0.0
19.074,-1.9505554158766796,0.0,-2.3596656676949928,0.0,8.970416767431038,0.0
19.076,-1.9552567886001602,0.0,-2.3416981802692773,0.0,8.99704331793256,0.0
19.078,-1.959922173205155,0.0,-2.3236776039805953,0.0,9.023505532532745,0.0
19.080000000000002,-1.9645514638429937,0.0,-2.305604268086802,0.0,9.049802825703924,0.0
19.082,-1.9691445553246907,0.0,-2.2874785030138245,0.0,9.075934614906275,0.0
19.084,-1.9737013431232888,0.0,-2.2693006403496114,0.0,9.101900320600565,0.0
19.086000000000002,-1.978221723376166,0.0,-2.251071012838179,0.0,9.127699366260678,0.0
19.088,-1.9827055928873212,0.0,-2.2327899543736285,0.0,9.153331178386075,0.0
19.09,-1.9871528491296917,0.0,-2.2144577999940327,0.0,9.17879518651441,0.0
19.092,-1.9915633902474392,0.0,-2.1960748858752743,0.0,9.204090823234004,0.0
19.094,-1.9959371150582135,0.0,-2.1776415493250023,0.0,9.22921752419621,0.0
19.096,-2.0002739230553828,0.0,-2.159158128776578,0.0,9.25417472812758,0.0
19.098,-2.0045737144103253,0.0,-2.140624963782735,0.0,9.278961876842425,0.0
19.1,-2.0088363899746424,0.0,-2.122042395009448,0.0,9.303578415254924,0.0
19.102,-2.013061851282341,0.0,-2.1034107642299382,0.0,9.328023791391052,0.0
19.104,-2.01725000055211,0.0,-2.0847304143180674,0.0,9.352297456401127,0.0
19.106,-2.02140074068948,0.0,-2.066001689242296,0.0,9.376398864571616,0.0
19.108,-2.025513975288985,0.0,-2.0472249340594546,0.0,9.400327473337054,0.0
19.11,-2.0295896086363756,0.0,-2.0284004949082552,0.0,9.424082743292209,0.0
19.112000000000002,-2.033627545710764,0.0,-2.00952871900302,0.0,9.447664138203885,0.0
19.114,-2.037627692186723,0.0,-1.9906099546275406,0.0,9.471071125022506,0.0
19.116,-2.0415899544364953,0.0,-1.9716445511283291,0.0,9.494303173894323,0.0
19.118000000000002,-2.0455142395320665,0.0,-1.95263285890843,0.0,9.517359758172848,0.0
19.12,-2.0494004552472616,0.0,-1.9335752294210566,0.0,9.540240354430466,0.0
19.122,-2.0532485100598796,0.0,-1.9144720151629238,0.0,9.562944442470243,0.0
19.124,-2.057058313153732,0.0,-1.8953235696680284,0.0,9.585471505337237,0.0
19.126,-2.060829774420748,0.0,-1.8761302475008965,0.0,9.607821029330184,0.0
19.128,-2.0645628044629913,0.0,-1.8568924042503205,0.0,9.62999250401268,0.0
19.13,-2.068257314594737,0.0,-1.8376103965225963,0.0,9.651985422224772,0.0
19.132,-2.0719132168444867,0.0,-1.8182845819350562,0.0,9.673799280094162,0.0
19.134,-2.0755304239569683,0.0,-1.7989153191095384,0.0,9.695433577047337,0.0
19.136,-2.079108849395157,0.0,-1.779502967665726,0.0,9.716887815820883,0.0
19.138,-2.0826484073422713,0.0,-1.7600478882144097,0.0,9.738161502472629,0.0
19.14,-2.0861490127037183,0.0,-1.7405504423510638,0.0,9.759254146392518,0.0
19.142,-2.0896105811090897,0.0,-1.7210109926489443,0.0,9.780165260313819,0.0
19.144000000000002,-2.0930330289141015,0.0,-1.701429902652458,0.0,9.800894360323989,0.0
19.146,-2.096416273202493,0.0,-1.681807536870663,0.0,9.82144096587533,0.0
19.148,-2.099760231788012,0.0,-1.6621442607701502,0.0,9.841804599796177,0.0
19.150000000000002,-2.1030648232162856,0.0,-1.6424404407684974,0.0,9.861984788301424,0.0
19.152,-2.106329966766706,0.0,-1.6226964442275549,0.0,9.881981061003149,0.0
19.154,-2.1095555824543437,0.0,-1.6029126394464477,0.0,9.90179295092143,0.0
19.156,-2.1127415910317935,0.0,-1.5830893956548737,0.0,9.921419994494771,0.0
19.158,-2.1158879139910427,0.0,-1.5632270830061634,0.0,9.940861731590699,0.0
19.16,-2.1189944735652775,0.0,-1.5433260725706681,0.0,9.960117705515959,0.0
19.162,-2.122061192730763,0.0,-1.5233867363284839,0.0,9.979187463027246,0.0
19.164,-2.1250879952086232,0.0,-1.5034094471627673,0.0,9.998070554341302,0.0
19.166,-2.128074805466632,0.0,-1.4833945788528693,0.0,10.016766533145088,0.0
19.168,-2.131021548721031,0.0,-1.4633425060671588,0.0,10.035274956606187,0.0
19.17,-2.133928150938269,0.0,-1.4432536043562787,0.0,10.053595385382732,0.0
19.172,-2.1367945388367704,0.0,-1.4231282501460554,0.0,10.07172738363349,0.0
19.174,-2.1396206398886926,0.0,-1.4029668207304253,0.0,10.089670519027969,0.0
19.176000000000002,-2.1424063823216404,0.0,-1.3827696942644656,0.0,10.10742436275623,0.0
19.178,-2.1451516951203717,0.0,-1.3625372497574426,0.0,10.12498848953869,0.0
19.18,-2.1478565080285277,0.0,-1.342269867065512,0.0,10.1423624776361,0.0
19.182000000000002,-2.150520751550293,0.0,-1.3219679268848599,0.0,10.159545908859082,0.0
19.184,-2.153144356952076,0.0,-1.3016318107444909,0.0,10.176538368577855,0.0
19.186,-2.155727256264179,0.0,-1.281261900999037,0.0,10.193339445731896,0.0
19.188,-2.158269382282429,0.0,-1.260858580821706,0.0,10.209948732839385,0.0
19.19,-2.1607706685698194,0.0,-1.2404222341970181,0.0,10.22636582600674,0.0
19.192,-2.1632310494580977,0.0,-1.2199532459138829,0.0,10.242590324937815,0.0
19.194,-2.165650460049406,0.0,-1.199452001557997,0.0,10.258621832943513,0.0
19.196,-2.168028836217848,0.0,-1.1789188875048544,0.0,10.274459956950889,0.0
19.198,-2.1703661146110487,0.0,-1.1583542909125706,0.0,10.290104307512275,0.0
19.2,-2.1726622326517404,0.0,-1.137758599714425,0.0,10.305554498814582,0.0
19.202,-2.1749171285392896,0.0,-1.1171322026116448,0.0,10.320810148688262,0.0
19.204,-2.177130741251212,0.0,-1.0964754890663495,0.0,10.335870878616186,0.0
19.206,-2.179303010544717,0.0,-1.0757888492938288,0.0,10.350736313742793,0.0
19.208000000000002,-2.1814338769581942,0.0,-1.0550726742554506,0.0,10.365406082882828,0.0
19.21,-2.1835232818126795,0.0,-1.0343273556513741,0.0,10.379879818530029,0.0
19.212,-2.1855711672133573,0.0,-1.013553285912986,0.0,10.394157156866038,0.0
19.214,-2.1875774760509956,0.0,-0.9927508581956133,0.0,10.408237737768927,0.0
19.216,-2.189542152003389,0.0,-0.9719204663711916,0.0,10.422121204821764,0.0
19.218,-2.1914651395367812,0.0,-0.9510625050207772,0.0,10.435807205321147,0.0
19.22,-2.1933463839072913,0.0,-0.9301773694270462,0.0,10.449295390285696,0.0
19.222,-2.1951858311622967,0.0,-0.9092654555669074,0.0,10.46258541446437,0.0
19.224,-2.1969834281418112,0.0,-0.8883271601041027,0.0,10.475676936344724,0.0
19.226,-2.198739122479858,0.0,-0.8673628803816535,0.0,10.488569618161202,0.0
19.228,-2.2004528626058266,0.0,-0.846373014414257,0.0,10.501263125903312,0.0
19.23,-2.20212459774579,0.0,-0.8253579608810048,0.0,10.513757129323615,0.0
19.232,-2.2037542779238475,0.0,-0.8043181191176121,0.0,10.52605130194585,0.0
19.234,-2.2053418539634166,0.0,-0.7832538891089683,0.0,10.538145321072841,0.0
19.236,-2.206887277488525,0.0,-0.7621656714816403,0.0,10.550038867794322,0.0
19.238,-2.2083905009250904,0.0,-0.741053867496222,0.0,10.561731626994797,0.0
19.240000000000002,-2.2098514775021822,0.0,-0.7199188790396343,0.0,10.573223287361289,0.0
19.242,-2.211270161253259,0.0,-0.6987611086177522,0.0,10.584513541390919,0.0
19.244,-2.2126465070174053,0.0,-0.677580959347537,0.0,10.595602085398575,0.0
19.246,-2.2139804704405486,0.0,-0.6563788349495311,0.0,10.606488619524416,0.0
19.248,-2.215272007976652,0.0,-0.6351551397400955,0.0,10.61717284774129,0.0
19.25,-2.2165210768888937,0.0,-0.6139102786240137,0.0,10.627654477862054,0.0
19.252,-2.217727635250852,0.0,-0.5926446570863905,0.0,10.637933221547,0.0
19.254,-2.218891641947651,0.0,-0.5713586811851914,0.0,10.64800879431103,0.0
19.256,-2.2200130566770877,0.0,-0.5500527575435945,0.0,10.65788091553072,0.0
19.258,-2.221091839950772,0.0,-0.5287272933420543,0.0,10.667549308451544,0.0
19.26,-2.222127953095225,0.0,-0.5073826963106243,0.0,10.677013700194822,0.0
19.262,-2.223121358252965,0.0,-0.4860193747214417,0.0,10.686273821764562,0.0
19.264,-2.224072018383596,0.0,-0.46463773738053954,0.0,10.69532940805449,0.0
19.266000000000002,-2.2249798972648627,0.0,-0.4432381936203028,0.0,10.704180197854747,0.0
19.268,-2.225844959493688,0.0,-0.42182115329173775,0.0,10.712825933858554,0.0
19.27,-2.226667170487214,0.0,-0.400387026756417,0.0,10.721266362668965,0.0
19.272000000000002,-2.2274464964838088,0.0,-0.3789362248788962,0.0,10.72950123480534,0.0
19.274,-2.2281829045440635,0.0,-0.3574691590187701,0.0,10.737530304709864,0.0
19.276,-2.2288763625517816,0.0,-0.33598624102275176,0.0,10.745353330753996,0.0
19.278,-2.2295268392149374,0.0,-0.31448788321691123,0.0,10.752970075244765,0.0
19.28,-2.2301343040666306,0.0,-0.29297449839872924,0.0,10.760380304431067,0.0
19.282,-2.230698727466021,0.0,-0.27144649982931096,0.0,10.76758378850982,0.0
19.284,-2.2312200805992477,0.0,-0.24990430122541477,0.0,10.774580301632117,0.0
19.286,-2.231698335480333,0.0,-0.22834831675143322,0.0,10.781369621909276,0.0
19.288,-2.2321334649520677,0.0,-0.20677896101171028,0.0,10.787951531418749,0.0
19.29,-2.2325254426868835,0.0,-0.18519664904235947,0.0,10.794325816210065,0.0
19.292,-2.2328742431877147,0.0,-0.1636017963033833,0.0,10.800492266310663,0.0
19.294,-2.2331798417888264,0.0,-0.14199481867095626,0.0,10.806450675731517,0.0
19.296,-2.23344221465665,0.0,-0.1203761324290331,0.0,10.812200842472947,0.0
19.298000000000002,-2.2336613387905837,0.0,-0.09874615426160879,0.0,10.817742568530125,0.0
19.3,-2.2338371920237887,0.0,-0.07710530124479328,0.0,10.823075659898572,0.0
19.302,-2.2339697530239615,0.0,-0.055453990838596035,0.0,10.82819992657963,0.0
19.304000000000002,-2.234059001294098,0.0,-0.03379264087897821,0.0,10.833115182585829,0.0
19.306,-2.2341049171732363,0.0,-0.01212166957007027,0.0,10.837821245946104,0.0
19.308,-2.234107481837181,0.0,0.00955850452428575,0.0,10.842317938711073,0.0
19.31,-2.234066677299219,0.0,0.031247462488304928,0.0,10.846605086958112,0.0
19.312,-2.2339824864108135,0.0,0.05294478506242345,0.0,10.85068252079645,0.0
19.314,-2.2338548928622854,0.0,0.0746500526512266,0.0,10.854550074372082,0.0
19.316,-2.233683881183474,0.0,0.09636284533177275,0.0,10.85820758587273,0.0
19.318,-2.233469436744385,0.0,0.11808274286143619,0.0,10.861654897532603,0.0
19.32,-2.2332115457558244,0.0,0.13980932468611024,0.0,10.864891855637172,0.0
19.322,-2.2329101952700094,0.0,0.16154216994838444,0.0,10.867918310527836,0.0
19.324,-2.2325653731811683,0.0,0.18328085749559073,0.0,10.870734116606481,0.0
19.326,-2.232177068226123,0.0,0.2050249658878591,0.0,10.873339132340003,0.0
19.328,-2.2317452699848594,0.0,0.22677407340632175,0.0,10.875733220264731,0.0
19.330000000000002,-2.231269968881068,0.0,0.2485277580613624,0.0,10.87791624699079,0.0
19.332,-2.230751156182686,0.0,0.27028559760052145,0.0,10.879888083206346,0.0
19.334,-2.23018882400241,0.0,0.29204716951690257,0.0,10.88164860368183,0.0
19.336000000000002,-2.2295829652981975,0.0,0.31381205105723653,0.0,10.883197687274036,0.0
19.338,-2.228933573873753,0.0,0.33557981922998636,0.0,10.884535216930159,0.0
19.34,-2.2282406443789977,0.0,0.3573500508136037,0.0,10.88566107969175,0.0
19.342,-2.2275041723105167,0.0,0.3791223223647914,0.0,10.886575166698611,0.0
19.344,-2.226724154011994,0.0,0.4008962102266327,0.0,10.88727737319257,0.0
19.346,-2.22590058667464,0.0,0.4226712905366943,0.0,10.887767598521211,0.0
19.348,-2.2250334683375854,0.0,0.44444713923545287,0.0,10.888045746141534,0.0
19.35,-2.2241227978882656,0.0,0.4662233320744458,0.0,10.888111723623485,0.0
19.352,-2.2231685750628083,0.0,0.4879994446242564,0.0,10.887965442653469,0.0
19.354,-2.2221708004463614,0.0,0.5097750522831701,0.0,10.887606819037725,0.0
19.356,-2.2211294754734436,0.0,0.5315497302851725,0.0,10.88703577270567,0.0
19.358,-2.22004460242827,0.0,0.5533230537081281,0.0,10.88625222771313,0.0
19.36,-2.21891618444504,0.0,0.5750945974822836,0.0,10.885256112245512,0.0
19.362000000000002,-2.2177442255082407,0.0,0.5968639363982828,0.0,10.884047358620897,0.0
19.364,-2.21652873045291,0.0,0.6186306451155406,0.0,10.882625903293022,0.0
19.366,-2.215269704964886,0.0,0.6403942981705877,0.0,10.880991686854204,0.0
19.368000000000002,-2.2139671555810527,0.0,0.6621544699852817,0.0,10.87914465403821,0.0
19.37,-2.21262108968956,0.0,0.6839107348749833,0.0,10.877084753722997,0.0
19.372,-2.2112315155300215,0.0,0.7056626670570989,0.0,10.8748119389334,0.0
19.374,-2.2097984421937156,0.0,0.7274098406590918,0.0,10.872326166843747,0.0
19.376,-2.20832187962374,0.0,0.7491518297270665,0.0,10.86962739878037,0.0
19.378,-2.206801838615181,0.0,0.7708882082337934,0.0,10.866715600224035,0.0
19.38,-2.2052383308152415,0.0,0.792618550087266,0.0,10.863590740812327,0.0
19.382,-2.2036313687233617,0.0,0.8143424291389465,0.0,10.860252794341893,0.0
19.384,-2.2019809656913476,0.0,0.8360594191918428,0.0,10.856701738770727,0.0
19.386,-2.2002871359234204,0.0,0.8577690940092499,0.0,10.85293755622017,0.0
19.388,-2.198549894476313,0.0,0.8794710273228368,0.0,10.848960232977015,0.0
19.39,-2.196769257259326,0.0,0.9011647928409073,0.0,10.84476975949548,0.0
19.392,-2.194945241034353,0.0,0.9228499642569487,0.0,10.840366130399033,0.0
19.394000000000002,-2.1930778634159047,0.0,0.9445261152578994,0.0,10.835749344482196,0.0
19.396,-2.1911671428711363,0.0,0.9661928195322516,0.0,10.83091940471233,0.0
19.398,-2.1892130987197977,0.0,0.9878496507788144,0.0,10.82587631823115,0.0
19.400000000000002,-2.1872157511342283,0.0,1.0094961827148217,0.0,10.82062009635634,0.0
19.402,-2.1851751211393178,0.0,1.0311319890842157,0.0,10.815150754583046,0.0
19.404,-2.1830912306124213,0.0,1.0527566436662108,0.0,10.809468312585198,0.0
19.406,-2.180964102283296,0.0,1.0743697202835503,0.0,10.803572794216848,0.0
19.408,-2.178793759734011,0.0,1.0959707928107971,0.0,10.797464227513421,0.0
19.41,-2.176580227398825,0.0,1.1175594351827671,0.0,10.79114264469282,0.0
19.412,-2.1743235305640534,0.0,1.1391352214029646,0.0,10.78460808215648,0.0
19.414,-2.1720236953679297,0.0,1.1606977255518813,0.0,10.777860580490366,0.0
19.416,-2.169680748800452,0.0,1.1822465217952616,0.0,10.77090018446588,0.0
19.418,-2.1672947187031806,0.0,1.2037811843927184,0.0,10.76372694304064,0.0
19.42,-2.1648656337690686,0.0,1.2253012877058622,0.0,10.756340909359258,0.0
19.422,-2.1623935235422347,0.0,1.2468064062067805,0.0,10.748742140753967,0.0
19.424,-2.1598784184177293,0.0,1.2682961144864822,0.0,10.740930698745164,0.0
19.426000000000002,-2.157320349641294,0.0,1.2897699872632065,0.0,10.732906649041928,0.0
19.428,-2.1547193493091075,0.0,1.3112275993907279,0.0,10.724670061542426,0.0
19.43,-2.1520754503675015,0.0,1.3326685258668107,0.0,10.716221010334259,0.0
19.432000000000002,-2.149388686612645,0.0,1.3540923418416853,0.0,10.7075595736946,0.0
19.434,-2.146659092690266,0.0,1.3754986226261874,0.0,10.69868583409049,0.0
19.436,-2.143886704095289,0.0,1.3968869437003821,0.0,10.6895998781788,0.0
19.438,-2.141071557171508,0.0,1.4182568807218023,0.0,10.680301796806296,0.0
19.44,-2.138213689111207,0.0,1.439608009533933,0.0,10.670791685009466,0.0
19.442,-2.1353131379548196,0.0,1.4609399061743162,0.0,10.661069642014526,0.0
19.444,-2.1323699425904734,0.0,1.4822521468833423,0.0,10.651135771236941,0.0
19.446,-2.129384142753611,0.0,1.503544308112387,0.0,10.640990180281209,0.0
19.448,-2.126355779026569,0.0,1.5248159665321186,0.0,10.630632980940467,0.0
19.45,-2.1232848928381,0.0,1.5460666990410858,0.0,10.62006428919591,0.0
19.452,-2.1201715264629217,0.0,1.5672960827740205,0.0,10.609284225216225,0.0
19.454,-2.117015723021269,0.0,1.5885036951099731,0.0,10.59829291335705,0.0
19.456,-2.113817526478336,0.0,1.6096891136810973,0.0,10.587090482160011,0.0
19.458000000000002,-2.110576981643798,0.0,1.6308519163807806,0.0,10.57567706435202,0.0
19.46,-2.1072941341712914,0.0,1.651991681371947,0.0,10.564052796844392,0.0
19.462,-2.1039690305578276,0.0,1.673107987095662,0.0,10.552217820731716,0.0
19.464,-2.100601718143275,0.0,1.6942004122792294,0.0,10.540172281290955,0.0
19.466,-2.097192245109729,0.0,1.7152685359448205,0.0,10.527916327980078,0.0
19.468,-2.093740660480965,0.0,1.7363119374175697,0.0,10.51545011443702,0.0
19.47,-2.0902470141217764,0.0,1.757330196334166,0.0,10.502773798478179,0.0
19.472,-2.0867113567373683,0.0,1.7783228926511085,0.0,10.4898875420971,0.0
19.474,-2.0831337398727165,0.0,1.799289606652994,0.0,10.476791511462993,0.0
19.476,-2.0795142159118933,0.0,1.8202299189609292,0.0,10.463485876919144,0.0
19.478,-2.075852838077366,0.0,1.8411434105409827,0.0,10.449970812981158,0.0
19.48,-2.072149660429343,0.0,1.8620296627122899,0.0,10.43624649833541,0.0
19.482,-2.0684047378650163,0.0,1.88288825715563,0.0,10.422313115837037,0.0
19.484,-2.0646181261178405,0.0,1.9037187759216925,0.0,10.408170852508087,0.0
19.486,-2.060789881756831,0.0,1.9245208014391755,0.0,10.393819899535695,0.0
19.488,-2.0569200621857204,0.0,1.9452939165235144,0.0,10.379260452269717,0.0
19.490000000000002,-2.0530087256422274,0.0,1.9660377043849744,0.0,10.364492710220775,0.0
19.492,-2.049055931197263,0.0,1.986751748636897,0.0,10.34951687705801,0.0
19.494,-2.0450617387540855,0.0,2.0074356333042225,0.0,10.334333160606688,0.0
19.496,-2.041026209047489,0.0,2.0280889428316597,0.0,10.318941772845832,0.0
19.498,-2.0369494036429394,0.0,2.0487112620920946,0.0,10.30334292990571,0.0
19.5,-2.032831384935762,0.0,2.0693021763946238,0.0,10.28753685206544,0.0
19.502,-2.0286722161501802,0.0,2.0898612714932483,0.0,10.271523763750048,0.0
19.504,-2.0244719613384636,0.0,2.1103881335949284,0.0,10.255303893527914,0.0
19.506,-2.0202306853800307,0.0,2.1308823493678046,0.0,10.238877474108012,0.0
19.508,-2.0159484539804633,0.0,2.1513435059497015,0.0,10.222244742336807,0.0
19.51,-2.0116253336706182,0.0,2.171771190956179,0.0,10.205405939195506,0.0
19.512,-2.0072613918056326,0.0,2.192164992488888,0.0,10.188361309796868,0.0
19.514,-2.0028566965639327,0.0,2.2125244991438993,0.0,10.17111110338203,0.0
19.516000000000002,-1.9984113169462538,0.0,2.232849300019892,0.0,10.15365557331733,0.0
19.518,-1.9939253227746445,0.0,2.253138984726303,0.0,10.135994977091084,0.0
19.52,-1.9893987846913874,0.0,2.2733931433917958,0.0,10.118129576309991,0.0
19.522000000000002,-1.9848317741580048,0.0,2.293611366672263,0.0,10.100059636695862,0.0
19.524,-1.9802243634541727,0.0,2.3137932457591557,0.0,10.08178542808198,0.0
19.526,-1.9755766256766265,0.0,2.3339383723877623,0.0,10.063307224409392,0.0
19.528,-1.9708886347380892,0.0,2.354046338845328,0.0,10.044625303723297,0.0
19.53,-1.9661604653661322,0.0,2.3741167379793517,0.0,10.02573994816912,0.0
19.532,-1.961392193102115,0.0,2.394149163205529,0.0,10.00665144398891,0.0
19.534,-1.9565838942999407,0.0,2.4141432085163235,0.0,9.987360081516977,0.0
19.536,-1.951735646124955,0.0,2.434098468488928,0.0,9.967866155176077,0.0
19.538,-1.9468475265527776,0.0,2.4540145382933645,0.0,9.948169963473315,0.0
19.54,-1.9419196143680677,0.0,2.4738910137008494,0.0,9.928271808995783,0.0
19.542,-1.9369519891633238,0.0,2.4937274910918816,0.0,9.908171998406292,0.0
19.544,-1.931944731337718,0.0,2.5135235674641656,0.0,9.88787084243925,0.0
19.546,-1.9268979220957527,0.0,2.533278840441133,0.0,9.867368655895797,0.0
19.548000000000002,-1.9218116434460595,0.0,2.5529929082798497,0.0,9.846665757639483,0.0
19.55,-1.9166859782001406,0.0,2.5726653698790742,0.0,9.825762470591757,0.0
19.552,-1.9115210099710271,0.0,2.592295824787552,0.0,9.804659121727006,0.0
19.554000000000002,-1.9063168231719856,0.0,2.6118838732120606,0.0,9.78335604206787,0.0
19.556,-1.9010735030152588,0.0,2.6314291160252803,0.0,9.761853566680626,0.0
19.558,-1.8957911355106178,0.0,2.650931154774248,0.0,9.740152034669794,0.0
19.56,-1.8904698074640764,0.0,2.6703895916881826,0.0,9.718251789173411,0.0
19.562,-1.8851096064764907,0.0,2.6898040296866403,0.0,9.696153177357795,0.0
19.564,-1.8797106209422005,0.0,2.7091740723874684,0.0,9.673856550412482,0.0
19.566,-1.8742729400476053,0.0,2.7284993241149196,0.0,9.651362263544875,0.0
19.568,-1.8687966537697134,0.0,2.747779389907759,0.0,9.62867067597477,0.0
19.57,-1.8632818528747728,0.0,2.7670138755270806,0.0,9.605782150929185,0.0
19.572,-1.8577286289167516,0.0,2.786202387464525,0.0,9.582697055636588,0.0
19.574,-1.852137074235899,0.0,2.8053445329501905,0.0,9.559415761321413,0.0
19.576,-1.8465072819572752,0.0,2.8244399199605486,0.0,9.535938643198445,0.0
19.578,-1.8408393459892363,0.0,2.8434881572264907,0.0,9.512266080467008,0.0
19.580000000000002,-1.8351333610218872,0.0,2.862488854241376,0.0,9.488398456304994,0.0
19.582,-1.8293894225256133,0.0,2.881441621268771,0.0,9.464336157863222,0.0
19.584,-1.8236076267494687,0.0,2.900346069350603,0.0,9.440079576259164,0.0
19.586000000000002,-1.81778807071963,0.0,2.9192018103150263,0.0,9.415629106570936,0.0
19.588,-1.81193085223788,0.0,2.938008456784128,0.0,9.39098514783144,0.0
19.59,-1.8060360698799016,0.0,2.956765622182189,0.0,9.36614810302161,0.0
19.592,-1.800103822993737,0.0,2.975472920743333,0.0,9.341118379064442,0.0
19.594,-1.794134211698136,0.0,2.9941299675195,0.0,9.315896386818451,0.0
19.596,-1.7881273368809494,0.0,3.0127363783881873,0.0,9.290482541071382,0.0
19.598,-1.7820833001974097,0.0,3.0312917700604762,0.0,9.26487726053336,0.0
19.6,-1.7760022040684786,0.0,3.0497957600888204,0.0,9.239080967830379,0.0
19.602,-1.7698841516792247,0.0,3.0682479668746545,0.0,9.213094089497845,0.0
19.604,-1.7637292469769983,0.0,3.086648009676568,0.0,9.186917055973288,0.0
19.606,-1.7575375946697782,0.0,3.10499550861789,0.0,9.160550301589767,0.0
19.608,-1.7513093002244562,0.0,3.123290084694417,0.0,9.13399426456901,0.0
19.61,-1.7450444698650116,0.0,3.14153135978239,0.0,9.107249387014068,0.0
19.612000000000002,-1.738743210570819,0.0,3.159718956646046,0.0,9.080316114902518,0.0
19.614,-1.732405630074824,0.0,3.177852498945441,0.0,9.053194898079104,0.0
19.616,-1.7260318368617344,0.0,3.1959316112442435,0.0,9.02588619024842,0.0
19.618000000000002,-1.7196219401662178,0.0,3.2139559190173843,0.0,8.998390448967609,0.0
19.62,-1.7131760499711066,0.0,3.2319250486586646,0.0,8.970708135639079,0.0
19.622,-1.7066942770054776,0.0,3.24983862748865,0.0,8.942839715502688,0.0
19.624,-1.7001767327428767,0.0,3.2676962837620986,0.0,8.914785657628508,0.0
19.626,-1.6936235293993567,0.0,3.2854976466758496,0.0,8.8865464349088,0.0
19.628,-1.6870347799316705,0.0,3.3032423463762255,0.0,8.858122524050625,0.0
19.63,-1.6804105980352901,0.0,3.3209300139668567,0.0,8.829514405567709,0.0
19.632,-1.673751098142507,0.0,3.3385602815162314,0.0,8.800722563772638,0.0
19.634,-1.6670563954205693,0.0,3.356132782065086,0.0,8.771747486769204,0.0
19.636,-1.6603266057695993,0.0,3.373647149634317,0.0,8.742589666443783,0.0
19.638,-1.6535618458207018,0.0,3.391103019232338,0.0,8.713249598457525,0.0
19.64,-1.646762232934004,0.0,3.408500026862575,0.0,8.683727782238256,0.0
19.642,-1.6399278851965924,0.0,3.4258378095311497,0.0,8.654024720971895,0.0
19.644000000000002,-1.6330589214205204,0.0,3.443116005254333,0.0,8.624140921594178,0.0
19.646,-1.626155461140861,0.0,3.4603342530658487,0.0,8.594076894782566,0.0
19.648,-1.6192176246135264,0.0,3.477492193024671,0.0,8.563833154947137,0.0
19.650000000000002,-1.6122455328132927,0.0,3.494589466222296,0.0,8.533410220222336,0.0
19.652,-1.6052393074317468,0.0,3.5116257147901195,0.0,8.502808612458386,0.0
19.654,-1.5981990708751344,0.0,3.528600581907033,0.0,8.472028857212273,0.0
19.656,-1.5911249462622867,0.0,3.545513711806736,0.0,8.441071483739032,0.0
19.658,-1.5840170574225332,0.0,3.56236474978508,0.0,8.409937024982984,0.0
19.66,-1.576875528893541,0.0,3.5791533422074817,0.0,8.378626017568633,0.0
19.662,-1.5697004859191481,0.0,3.5958791365163383,0.0,8.347139001791515,0.0
19.664,-1.5624920544472243,0.0,3.612541781238297,0.0,8.315476521609177,0.0
19.666,-1.5552503611275195,0.0,3.629140925991524,0.0,8.283639124632074,0.0
19.668,-1.5479755333094496,0.0,3.64567622149305,0.0,8.251627362114187,0.0
19.67,-1.5406676990398573,0.0,3.6621473195661323,0.0,8.219441788943508,0.0
19.672,-1.5333269870608717,0.0,3.678553873147319,0.0,8.187082963632973,0.0
19.674,-1.525953526807595,0.0,3.6948955362938847,0.0,8.154551448310603,0.0
19.676000000000002,-1.5185474484058876,0.0,3.7111719641909637,0.0,8.121847808710063,0.0
19.678,-1.5111088826701298,0.0,3.727382813158705,0.0,8.088972614161126,0.0
19.68,-1.5036379611009223,0.0,3.7435277406595073,0.0,8.055926437579844,0.0
19.682000000000002,-1.4961348158827539,0.0,3.759606405305252,0.0,8.022709855458562,0.0
19.684,-1.4885995798817848,0.0,3.775618466864276,0.0,7.989323447856438,0.0
19.686,-1.481032386643438,0.0,3.7915635862686647,0.0,7.9557677983891,0.0
19.688,-1.4734333703901161,0.0,3.8074414256212603,0.0,7.922043494218844,0.0
19.69,-1.4658026660188137,0.0,3.823251648202817,0.0,7.8881511260443675,0.0
19.692,-1.4581404090988557,0.0,3.8389939184788657,0.0,7.854091288091041,0.0
19.694,-1.4504467358693691,0.0,3.854667902107054,0.0,7.819864578099997,0.0
19.696,-1.4427217832369819,0.0,3.8702732659439967,0.0,7.785471597318201,0.0
19.698,-1.434965688773439,0.0,3.8858096780522184,0.0,7.750912950488159,0.0
19.7,-1.4271785907131012,0.0,3.901276807707324,0.0,7.716189245837083,0.0
19.702,-1.4193606279505957,0.0,3.916674325404769,0.0,7.681301095066731,0.0
19.704,-1.4115119400383331,0.0,3.9320019028668787,0.0,7.6462491133426305,0.0
19.706,-1.4036326671840214,0.0,3.9472592130498154,0.0,7.611033919283282,0.0
19.708000000000002,-1.3957229502482162,0.0,3.9624459301504205,0.0,7.575656134949529,0.0
19.71,-1.3877829307418728,0.0,3.9775617296130172,0.0,7.540116385833886,0.0
19.712,-1.3798127508237512,0.0,3.9926062881364337,0.0,7.504415300849251,0.0
19.714,-1.3718125532980072,0.0,4.007579283680641,0.0,7.468553512318401,0.0
19.716,-1.3637824816115571,0.0,4.022480395473749,0.0,7.4325316559624754,0.0
19.718,-1.3557226798516395,0.0,4.037309304018606,0.0,7.396350370890335,0.0
19.72,-1.3476332927431671,0.0,4.052065691099727,0.0,7.3600102995869765,0.0
19.722,-1.3395144656461828,0.0,4.066749239789982,0.0,7.323512087902377,0.0
19.724,-1.331366344553371,0.0,4.081359634457167,0.0,7.286856385040616,0.0
19.726,-1.3231890760872986,0.0,4.09589656077096,0.0,7.250043843547739,0.0
19.728,-1.3149828074978998,0.0,4.110359705709449,0.0,7.213075119300722,0.0
19.73,-1.3067476866598784,0.0,4.124748757565721,0.0,7.175950871496057,0.0
19.732,-1.298483862069991,0.0,4.1390634059546345,0.0,7.138671762637783,0.0
19.734,-1.290191482844425,0.0,4.153303341819385,0.0,7.101238458525937,0.0
19.736,-1.2818706987162267,0.0,4.167468257437909,0.0,7.063651628245232,0.0
19.738,-1.2735216600324675,0.0,4.18155784642973,0.0,7.025911944152521,0.0
19.740000000000002,-1.265144517751644,0.0,4.195571803762318,0.0,6.98802008186533,0.0
19.742,-1.2567394234410068,0.0,4.209509825757568,0.0,6.949976720250039,0.0
19.744,-1.2483065292737605,0.0,4.2233716100984084,0.0,6.911782541409496,0.0
19.746,-1.2398459880263788,0.0,4.237156855835202,0.0,6.873438230671108,0.0
19.748,-1.2313579530758894,0.0,4.250865263392139,0.0,6.834944476574817,0.0
19.75,-1.222842578397091,0.0,4.264496534573687,0.0,6.796301970860748,0.0
19.752,-1.214300018559762,0.0,4.27805037257103,0.0,6.757511408456792,0.0
19.754,-1.2057304287259045,0.0,4.291526481968386,0.0,6.718573487466374,0.0
19.756,-1.1971339646469974,0.0,4.30492456874928,0.0,6.679488909156224,0.0
19.758,-1.18851078266109,0.0,4.318244340303006,0.0,6.640258377943426,0.0
19.76,-1.1798610396900864,0.0,4.331485505430775,0.0,6.6008826013833195,0.0
19.762,-1.1711848932368691,0.0,4.344647774352026,0.0,6.5613622901566675,0.0
19.764,-1.162482501382432,0.0,4.35773085871073,0.0,6.521698158056848,0.0
19.766000000000002,-1.1537540227830498,0.0,4.3707344715815335,0.0,6.481890921977219,0.0
19.768,-1.144999616667441,0.0,4.383658327475924,0.0,6.441941301898414,0.0
19.77,-1.1362194428338592,0.0,4.39650214234843,0.0,6.401850020875339,0.0
19.772000000000002,-1.127413661647158,0.0,4.409265633602807,0.0,6.361617805024013,0.0
19.774,-1.1185824340359862,0.0,4.421948520098016,0.0,6.3212453835089955,0.0
19.776,-1.109725921489772,0.0,4.4345505221544474,0.0,6.280733488529861,0.0
19.778,-1.1008442860558494,0.0,4.447071361559888,0.0,6.24008285530829,0.0
19.78,-1.0919376903364766,0.0,4.459510761575625,0.0,6.19929422207467,0.0
19.782,-1.0830062974859975,0.0,4.471868446942283,0.0,6.158368330055342,0.0
19.784,-1.0740502712077036,0.0,4.484144143886043,0.0,6.117305923458455,0.0
19.786,-1.0650697757509566,0.0,4.496337580124451,0.0,6.076107749461031,0.0
19.788,-1.0560649759082328,0.0,4.508448484872311,0.0,6.034774558195624,0.0
19.79,-1.0470360370120304,0.0,4.520476588847687,0.0,5.9933071027363765,0.0
19.792,-1.0379831249318905,0.0,4.532421624277749,0.0,5.95170613908557,0.0
19.794,-1.0289064060714737,0.0,4.544283324904469,0.0,5.909972426160429,0.0
19.796,-1.019806047365348,0.0,4.556061425990671,0.0,5.868106725778581,0.0
19.798000000000002,-1.0106822162760456,0.0,4.567755664325686,0.0,5.826109802644754,0.0
19.8,-1.0015350807910322,0.0,4.57936577823107,0.0,5.783982424337056,0.0
19.802,-0.992364809419535,0.0,4.590891507566479,0.0,5.741725361292599,0.0
19.804000000000002,-0.9831715711895632,0.0,4.602332593735228,0.0,5.699339386793996,0.0
19.806,-0.9739555356447712,0.0,4.613688779690034,0.0,5.656825276955127,0.0
19.808,-0.9647168728413231,0.0,4.6249598099386935,0.0,5.614183810706901,0.0
19.81,-0.9554557533448242,0.0,4.636145430549664,0.0,5.571415769783325,0.0
19.812,-0.9461723482271611,0.0,4.647245389157665,0.0,5.528521938707122,0.0
19.814,-0.9368668290634109,0.0,4.658259434969213,0.0,5.485503104775693,0.0
19.816,-0.9275393679286607,0.0,4.6691873187681745,0.0,5.442360058046616,0.0
19.818,-0.9181901373948037,0.0,4.680028792921344,0.0,5.399093591323069,0.0
19.82,-0.9088193105274712,0.0,4.690783611383769,0.0,5.355704500139826,0.0
19.822,-0.8994270608827469,0.0,4.701451529704353,0.0,5.3121935827482885,0.0
19.824,-0.8900135625040028,0.0,4.712032305031215,0.0,5.26856164010203,0.0
19.826,-0.8805789899188028,0.0,4.722525696116977,0.0,5.224809475842662,0.0
19.828,-0.8711235181355047,0.0,4.732931463324311,0.0,5.180937896284296,0.0
19.830000000000002,-0.8616473226401415,0.0,4.7432493686311705,0.0,5.136947710399291,0.0
19.832,-0.8521505793932173,0.0,4.753479175636044,0.0,5.09283972980358,0.0
19.834,-0.8426334648263673,0.0,4.763620649563334,0.0,5.048614768741388,0.0
19.836000000000002,-0.8330961558391323,0.0,4.773673557268562,0.0,5.0042736440704365,0.0
19.838,-0.8235388297958004,0.0,4.7836376672434735,0.0,4.959817175247487,0.0
19.84,-0.8139616645219415,0.0,4.793512749621405,0.0,4.915246184312421,0.0
19.842,-0.8043648383012447,0.0,4.803298576182316,0.0,4.8705614958737335,0.0
19.844,-0.7947485298721723,0.0,4.81299492035795,0.0,4.82576393709316,0.0
19.846,-0.785112918424714,0.0,4.822601557236871,0.0,4.780854337670765,0.0
19.848,-0.7754581835969588,0.0,4.8321182635696305,0.0,4.735833529829168,0.0
19.85,-0.7657845054718757,0.0,4.841544817773688,0.0,4.690702348298736,0.0
19.852,-0.7560920645739273,0.0,4.85088099993846,0.0,4.645461630301994,0.0
19.854,-0.7463810418656899,0.0,4.860126591830316,0.0,4.600112215538048,0.0
19.856,-0.7366516187445264,0.0,4.869281376897489,0.0,4.55465494616725,0.0
19.858,-0.7269039770392637,0.0,4.87834514027493,0.0,4.509090666795872,0.0
19.86,-0.7171382990067058,0.0,4.887317668789306,0.0,4.463420224460023,0.0
19.862000000000002,-0.7073547673283547,0.0,4.896198750963722,0.0,4.417644468610492,0.0
19.864,-0.6975535651069658,0.0,4.904988177022588,0.0,4.371764251096848,0.0
19.866,-0.6877348758631079,0.0,4.913685738896423,0.0,4.325780426151526,0.0
19.868000000000002,-0.6778988835317801,0.0,4.9222912302265875,0.0,4.27969385037418,0.0
19.87,-0.6680457724590148,0.0,4.930804446369961,0.0,4.233505382715969,0.0
19.872,-0.6581757273984113,0.0,4.93922518440367,0.0,4.187215884463499,0.0
19.874,-0.6482889335076591,0.0,4.947553243129759,0.0,4.140826219222712,0.0
19.876,-0.6383855763451144,0.0,4.955788423079791,0.0,4.094337252903018,0.0
19.878,-0.6284658418663852,0.0,4.963930526519399,0.0,4.047749853701459,0.0
19.88,-0.6185299164207622,0.0,4.971979357452926,0.0,4.001064892086139,0.0
19.882,-0.6085779867477683,0.0,4.979934721627913,0.0,3.9542832407802013,0.0
19.884,-0.5986102399737817,0.0,4.987796426539523,0.0,3.9074057747461497,0.0
19.886,-0.5886268636083423,0.0,4.995564281435141,0.0,3.8604333711686643,0.0
19.888,-0.5786280455407548,0.0,5.003238097318716,0.0,3.8133669094388107,0.0
19.89,-0.5686139740366045,0.0,5.010817686955136,0.0,3.7662072711378305,0.0
19.892,-0.5585848377341338,0.0,5.018302864874662,0.0,3.7189553400202593,0.0
19.894000000000002,-0.5485408256407398,0.0,5.025693447377242,0.0,3.671612001997619,0.0
19.896,-0.5384821271295431,0.0,5.032989252536716,0.0,3.62417814512243,0.0
19.898,-0.5284089319356425,0.0,5.0401901002052245,0.0,3.5766546595707327,0.0
19.900000000000002,-0.518321430152666,0.0,5.047295812017358,0.0,3.529042437626007,0.0
19.902,-0.5082198122292361,0.0,5.054306211394338,0.0,3.4813423736626676,0.0
19.904,-0.49810426896527665,0.0,5.061221123548247,0.0,3.433555364128817,0.0
19.906,-0.48797499150855983,0.0,5.068040375486096,0.0,3.3856823075301117,0.0
19.908,-0.4778321713509786,0.0,5.074763796013978,0.0,3.337724104412326,0.0
19.91,-0.4676760003250777,0.0,5.08139121574107,0.0,3.2896816573451417,0.0
19.912,-0.457506670600327,0.0,5.0879224670837235,0.0,3.2415558709046897,0.0
19.914,-0.44732437467955405,0.0,5.09435738426944,0.0,3.193347651656862,0.0
19.916,-0.437129305395349,0.0,5.1006958033408045,0.0,3.1450579081404593,0.0
19.918,-0.4269216559063994,0.0,5.106937562159443,0.0,3.09668755085002,0.0
19.92,-0.416701619693797,0.0,5.113082500409935,0.0,3.0482374922184947,0.0
19.922,-0.4064693905575045,0.0,5.119130459603617,0.0,2.999708646600678,0.0
19.924,-0.39622516261258267,0.0,5.125081283082469,0.0,2.9511019302554926,0.0
19.926000000000002,-0.38596913028555735,0.0,5.130934816022884,0.0,2.902418261328928,0.0
19.928,-0.3757014883108643,0.0,5.136690905439374,0.0,2.8536585598373474,0.0
19.93,-0.3654224317269688,0.0,5.142349400188387,0.0,2.804823747649234,0.0
19.932000000000002,-0.3551321558727951,0.0,5.147910150971938,0.0,2.7559147484684052,0.0
19.934,-0.3448308563840647,0.0,5.15337301034124,0.0,2.7069324878167853,0.0
19.936,-0.33451872918949455,0.0,5.158737832700392,0.0,2.6578778930165052,0.0
19.938,-0.3241959705071539,0.0,5.1640044743098965,0.0,2.6087518931727463,0.0
19.94,-0.31386277684069863,0.0,5.169172793290268,0.0,2.5595554191559957,0.0
19.942,-0.30351934497578065,0.0,5.174242649625453,0.0,2.5102894035851246,0.0
19.944,-0.29316587197611754,0.0,5.179213905166426,0.0,2.460954780808845,0.0
19.946,-0.28280255517987146,0.0,5.1840864236345565,0.0,2.4115524868886267,0.0
19.948,-0.27242959219593915,0.0,5.18886007062502,0.0,2.362083459581185,0.0
19.95,-0.2620471809000829,0.0,5.193534713610209,0.0,2.312548638320202,0.0
19.952,-0.25165551943129116,0.0,5.19811022194303,0.0,2.26294896419914,0.0
19.954,-0.24125480618796283,0.0,5.20258646686022,0.0,2.213285379953194,0.0
19.956,-0.2308452398241033,0.0,5.206963321485624,0.0,2.1635588299413078,0.0
19.958000000000002,-0.22042701924558042,0.0,5.2112406608334165,0.0,2.113770260128454,0.0
19.96,-0.21000034360639133,0.0,5.215418361811271,0.0,2.063920618067967,0.0
19.962,-0.19956541230475416,0.0,5.21949630322357,0.0,2.0140108528830285,0.0
19.964000000000002,-0.18912242497942963,0.0,5.223474365774476,0.0,1.9640419152492457,0.0
19.966,-0.17867158150586782,0.0,5.227352432071042,0.0,1.9140147573763815,0.0
19.968,-0.16821308199236532,0.0,5.231130386626267,0.0,1.863930332990133,0.0
19.97,-0.15774712677630134,0.0,5.234808115862103,0.0,1.8137895973142717,0.0
19.972,-0.14727391642026577,0.0,5.238385508112439,0.0,1.763593507052267,0.0
19.974,-0.13679365170836807,0.0,5.241862453626006,0.0,1.7133430203697637,0.0
19.976,-0.12630653364220112,0.0,5.24523884456934,0.0,1.6630390968753976,0.0
19.978,-0.11581276343712177,0.0,5.248514575029625,0.0,1.6126826976031237,0.0
19.98,-0.10531254251844005,0.0,5.251689541017499,0.0,1.562274784994098,0.0
19.982,-0.0948060725174682,0.0,5.2547636404698945,0.0,1.5118163228778772,0.0
19.984,-0.084293555267699,0.0,5.257736773252779,0.0,1.461308276454235,0.0
19.986,-0.0737751928010639,0.0,5.260608841163849,0.0,1.410751612275349,0.0
19.988,-0.06325118734386302,0.0,5.263379747935266,0.0,1.3601472982264098,0.0
19.990000000000002,-0.05272174131301248,0.0,5.266049399236279,0.0,1.309496303507738,0.0
19.992,-0.04218705731220167,0.0,5.268617702675821,0.0,1.2587995986164722,0.0
19.994,-0.031647338127909215,0.0,5.271084567805116,0.0,1.2080581553275591,0.0
19.996,-0.021102786725566886,0.0,5.273449906120194,0.0,1.1572729466754546,0.0
19.998,-0.010553606245701576,0.0,5.275713631064402,0.0,1.106444946935709,0.0
20.0,-4.114813245135106e-15,0.0,5.277875658030852,0.0,1.0555751316061905,0.0
