time,pos1,pos2,vel1,vel2,acc1,acc2
0.0,0.0,0.0,0.0,0.0,0.0,0.0
0.002,7.539790618228295e-11,0.0,1.130965417699534e-07,0.0,0.00011309574801207813,0.0
0.004,6.031756294038392e-10,0.0,4.523766420358495e-07,0.0,0.00022618197102230794,0.0
0.006,2.0356748868650115e-09,0.0,1.0178117261711839e-06,0.0,0.0003392491445342276,0.0
0.008,4.825161198109819e-09,0.0,1.8093541714830551e-06,0.0,0.00045228774506212604,0.0
0.01,9.423785791251554e-09,0.0,2.8269373097389957e-06,0.0,0.000565288250636364,0.0
0.012,1.628354751526265e-08,0.0,4.070475430704385e-06,0.0,0.0006782411413086293,0.0
0.014,2.58562547603498e-08,0.0,5.539863786690284e-06,0.0,0.0007911368996571034,0.0
0.016,3.8593487388435075e-08,0.0,7.234978598111505e-06,0.0,0.0009039660112915205,0.0
0.018000000000000002,5.494655867576314e-08,0.0,9.155677060054668e-06,0.0,0.0010167189653580945,0.0
0.02,7.536647726965434e-08,0.0,1.1301797349855943e-05,0.0,0.0011293862550442904,0.0
0.022,1.0030390916142281e-07,0.0,1.3673158635688223e-05,0.0,0.001241958378083427,0.0
0.024,1.3020913967747802e-07,0.0,1.626956108615723e-05,0.0,0.0013544258372590744,0.0
0.026000000000000002,1.6553203549062665e-07,0.0,1.9090785880906238e-05,0.0,0.0014667791409092381,0.0
0.028,2.0672200665359316e-07,0.0,2.2136595222228957e-05,0.0,0.0015790088034303036,0.0
0.03,2.5422796865677294e-07,0.0,2.540673234769e-05,0.0,0.001691105345780713,0.0
0.032,3.0849830451223384e-07,0.0,2.8900921543752445e-05,0.0,0.0018030592959843623,0.0
0.034,3.6998082686597955e-07,0.0,3.261886816041188e-05,0.0,0.0019148611896336908,0.0
0.036000000000000004,4.3912274014048705e-07,0.0,3.6560258626836305e-05,0.0,0.002026501570392442,0.0
0.038,5.163706027095284e-07,0.0,4.0724760468011207e-05,0.0,0.0021379709904980762,0.0
0.04,6.021702891072894e-07,0.0,4.511202232238917e-05,0.0,0.0022492600112638114,0.0
0.042,6.96966952273788e-07,0.0,4.972167396054298e-05,0.0,0.00236035920358027,0.0
0.044,8.012049858386038e-07,0.0,5.455332630482179e-05,0.0,0.00247125914841671,0.0
0.046,9.153279864449259e-07,0.0,5.960657145000938e-05,0.0,0.0025819504373218245,0.0
0.048,1.0397787161159074e-06,0.0,6.48809826849832e-05,0.0,0.002692423672924073,0.0
0.05,1.1749990646653526e-06,0.0,7.037611451537408e-05,0.0,0.002802669469431545,0.0
0.052000000000000005,1.3214300121547114e-06,0.0,7.609150268722475e-05,0.0,0.0029126784531313117,0.0
0.054,1.4795115913983966e-06,0.0,8.202666421164686e-05,0.0,0.0030224412628882587,0.0
0.056,1.649682850519408e-06,0.0,8.81810973904749e-05,0.0,0.0031319485506433728,0.0
0.058,1.8323818155572628e-06,0.0,9.45542818429163e-05,0.0,0.0032411909819114624,0.0
0.06,2.0280454531302202e-06,0.0,0.00010114567853319618,0.0,0.0033501592362782918,0.0
0.062,2.2371096331537905e-06,0.0,0.00010795472979919601,0.0,0.003458844007897099,0.0
0.064,2.4600090916175126e-06,0.0,0.00011498085938208455,0.0,0.0035672360059844912,0.0
0.066,2.697177393421986e-06,0.0,0.00012222347245693978,0.0,0.0036753259553156787,0.0
0.068,2.949046895278138e-06,0.0,0.00012968195566436102,0.0,0.0037831045967190403,0.0
0.07,3.2160487086706988e-06,0.0,0.00013735567714306905,0.0,0.003890562687569993,0.0
0.07200000000000001,3.4986126628878665e-06,0.0,0.00014524398656349353,0.0,0.003997691002284137,0.0
0.074,3.7971672681191395e-06,0.0,0.0001533462151623459,0.0,0.00410448033280967,0.0
0.076,4.112139678623273e-06,0.0,0.0001616616757781766,0.0,0.004210921489119045,0.0
0.078,4.443955655968322e-06,0.0,0.00017018966288791405,0.0,0.004317005299699829,0.0
0.08,4.7930395323457685e-06,0.0,0.0001789294526443855,0.0,0.004422722612044774,0.0
0.082,5.159814173960644e-06,0.0,0.00018788030291481665,0.0,0.004528064293141067,0.0
0.084,5.544700944499651e-06,0.0,0.00019704145332030912,0.0,0.004633021229958719,0.0
0.08600000000000001,5.948119668679194e-06,0.0,0.00020641212527629365,0.0,0.004737584329938096,0.0
0.088,6.3704885958753176e-06,0.0,0.0002159915220339577,0.0,0.004841744521476572,0.0
0.09,6.812224363837452e-06,0.0,0.00022577882872264543,0.0,0.004945492754414252,0.0
0.092,7.2737419624879264e-06,0.0,0.00023577321239322794,0.0,0.00504882000051878,0.0
0.094,7.755454697809208e-06,0.0,0.00024597382206244245,0.0,0.005151717253969196,0.0
0.096,8.257774155820784e-06,0.0,0.00025637978875819807,0.0,0.005254175531838809,0.0
0.098,8.781110166647604e-06,0.0,0.0002669902255658466,0.0,0.005356185874577091,0.0
0.1,9.325870768682055e-06,0.0,0.0002778042276754157,0.0,0.005457739346490548,0.0
0.10200000000000001,9.892462172841328e-06,0.0,0.00028882087242980306,0.0,0.005558827036222553,0.0
0.10400000000000001,1.048128872692216e-05,0.0,0.0003000392193739289,0.0,0.0056594400572321365,0.0
0.106,1.1092752880054835e-05,0.0,0.00031145831030484554,0.0,0.005759569548271686,0.0
0.108,1.1727255147258344e-05,0.0,0.00032307716932280064,0.0,0.005859206673863553,0.0
0.11,1.238519407409863e-05,0.0,0.00033489480288325263,0.0,0.005958342624775539,0.0
0.112,1.306696620145184e-05,0.0,0.00034691019984983695,0.0,0.00605696861849525,0.0
0.114,1.3772966030374399e-05,0.0,0.00035912233154827784,0.0,0.006155075899703285,0.0
0.116,1.4503585987081912e-05,0.0,0.0003715301518212475,0.0,0.006252655740745242,0.0
0.11800000000000001,1.5259216388038707e-05,0.0,0.0003841325970841667,0.0,0.006349699442102522,0.0
0.12,1.6040245405159886e-05,0.0,0.0003969285863819462,0.0,0.006446198332861916,0.0
0.122,1.6847059031127872e-05,0.0,0.00040991702144666626,0.0,0.006542143771183959,0.0
0.124,1.7680041044825193e-05,0.0,0.0004230967867561912,0.0,0.006637527144769993,0.0
0.126,1.8539572976885403e-05,0.0,0.00043646674959371706,0.0,0.0067323398713279746,0.0
0.128,1.9426034075364133e-05,0.0,0.0004500257601082497,0.0,0.0068265733990369665,0.0
0.13,2.0339801271531903e-05,0.0,0.0004637726513760102,0.0,0.006920219207010305,0.0
0.132,2.128124914579077e-05,0.0,0.0004777062394627654,0.0,0.007013268805757425,0.0
0.134,2.2250749893716522e-05,0.0,0.0004918253234870816,0.0,0.007105713737644332,0.0
0.136,2.3248673292228236e-05,0.0,0.0005061286856844955,0.0,0.0071975455773526575,0.0
0.138,2.427538666588724e-05,0.0,0.0005206150914726048,0.0,0.007288755932337356,0.0
0.14,2.5331254853327012e-05,0.0,0.0005352832895170704,0.0,0.007379336443282931,0.0
0.14200000000000002,2.641664017381612e-05,0.0,0.0005501320117985311,0.0,0.007469278784558253,0.0
0.14400000000000002,2.753190239395584e-05,0.0,0.0005651599736804256,0.0,0.007558574664669885,0.0
0.146,2.8677398694514272e-05,0.0,0.00058036587397772,0.0,0.00764721582671395,0.0
0.148,2.9853483637399016e-05,0.0,0.0005957483950265382,0.0,0.007735194048826474,0.0
0.15,3.10605091327697e-05,0.0,0.0006113062027546895,0.0,0.00782250114463221,0.0
0.152,3.229882440629272e-05,0.0,0.0006270379467530945,0.0,0.007909128963691918,0.0
0.154,3.356877596653963e-05,0.0,0.0006429422603481032,0.0,0.007995069391948094,0.0
0.156,3.487070757253102e-05,0.0,0.000659017760674702,0.0,0.008080314352169094,0.0
0.158,3.620496020142781e-05,0.0,0.0006752630487506093,0.0,0.008164855804391673,0.0
0.16,3.7571872016371434e-05,0.0,0.0006916767095512527,0.0,0.0082486857463619,0.0
0.162,3.8971778334475074e-05,0.0,0.0007082573120856275,0.0,0.008331796213974412,0.0
0.164,4.0405011594967354e-05,0.0,0.000725003409473032,0.0,0.008414179281710052,0.0
0.166,4.187190132749034e-05,0.0,0.0007419135390206752,0.0,0.008495827063071764,0.0
0.168,4.337277412055382e-05,0.0,0.0007589862223021562,0.0,0.00857673171101885,0.0
0.17,4.4907953590147176e-05,0.0,0.0007762199652368102,0.0,0.008656885418399471,0.0
0.17200000000000001,4.647776034851098e-05,0.0,0.0007936132581699161,0.0,0.008736280418381417,0.0
0.17400000000000002,4.808251197306981e-05,0.0,0.0008111645759537661,0.0,0.008814908984881136,0.0
0.176,4.9722522975527965e-05,0.0,0.0008288723780295894,0.0,0.008892763432990974,0.0
0.178,5.13981047711302e-05,0.0,0.0008467351085103317,0.0,0.008969836119404618,0.0
0.18,5.310956564808834e-05,0.0,0.0008647511962642798,0.0,0.009046119442840735,0.0
0.182,5.4857210737176536e-05,0.0,0.0008829190549995342,0.0,0.009121605844464779,0.0
0.184,5.664134198149593e-05,0.0,0.0009012370833493238,0.0,0.00919628780830894,0.0
0.186,5.846225810641099e-05,0.0,0.0009197036649581568,0.0,0.009270157861690234,0.0
0.188,6.0320254589658964e-05,0.0,0.0009383171685688078,0.0,0.009343208575626698,0.0
0.19,6.221562363163391e-05,0.0,0.0009570759481101331,0.0,0.009415432565251677,0.0
0.192,6.414865412584759e-05,0.0,0.0009759783427857156,0.0,0.009486822490226206,0.0
0.194,6.611963162956803e-05,0.0,0.0009950226771633295,0.0,0.00955737105514941,0.0
0.196,6.812883833463829e-05,0.0,0.001014207261265226,0.0,0.009627071009966997,0.0
0.198,7.01765530384762e-05,0.0,0.0010335303906592339,0.0,0.009695915150377718,0.0
0.2,7.22630511152573e-05,0.0,0.0010529903465506688,0.0,0.009763896318237873,0.0
0.202,7.438860448728253e-05,0.0,0.0010725853958750524,0.0,0.009831007401963772,0.0
0.20400000000000001,7.655348159653191e-05,0.0,0.0010923137913916331,0.0,0.009897241336932185,0.0
0.20600000000000002,7.875794737640621e-05,0.0,0.0011121737717777053,0.0,0.009962591105878724,0.0
0.20800000000000002,8.100226322365806e-05,0.0,0.0011321635617237238,0.0,0.010027049739294169,0.0
0.21,8.328668697051392e-05,0.0,0.0011522813720292089,0.0,0.010090610315818696,0.0
0.212,8.561147285698908e-05,0.0,0.0011725253996994383,0.0,0.010153265962634031,0.0
0.214,8.797687150339605e-05,0.0,0.0011928938280429185,0.0,0.010215009855853423,0.0
0.216,9.038312988304958e-05,0.0,0.0012133848267696385,0.0,0.010275835220909546,0.0
0.218,9.28304912951682e-05,0.0,0.0012339965520900935,0.0,0.010335735332940202,0.0
0.22,9.531919533797515e-05,0.0,0.0012547271468150785,0.0,0.010394703517171868,0.0
0.222,9.784947788199928e-05,0.0,0.0012755747404562493,0.0,0.010452733149301044,0.0
0.224,0.00010042157104357785,0.0,0.0012965374493274398,0.0,0.010509817655873402,0.0
0.226,0.00010303570315856319,0.0,0.0013176133766467394,0.0,0.010565950514660697,0.0
0.228,0.00010569209875623345,0.0,0.0013388006126393193,0.0,0.010621125255035465,0.0
0.23,0.00010839097853341063,0.0,0.001360097234641007,0.0,0.010675335458343418,0.0
0.232,0.00011113255932878585,0.0,0.001381501307202603,0.0,0.010728574758273605,0.0
0.234,0.00011391705409745431,0.0,0.001403010882194937,0.0,0.010780836841226266,0.0
0.23600000000000002,0.00011674467188566095,0.0,0.0014246239989146535,0.0,0.010832115446678371,0.0
0.23800000000000002,0.00011961561780575852,0.0,0.0014463386841907324,0.0,0.010882404367546847,0.0
0.24,0.0001225300930113794,0.0,0.0014681529524917267,0.0,0.010931697450549453,0.0
0.242,0.0001254882946728226,0.0,0.0014900648060337262,0.0,0.010979988596563304,0.0
0.244,0.00012849041595265723,0.0,0.0015120722348890296,0.0,0.011027271760981023,0.0
0.246,0.0001315366459815445,0.0,0.0015341732170955336,0.0,0.011073540954064494,0.0
0.248,0.00013462716983427846,0.0,0.0015563657187668185,0.0,0.011118790241296219,0.0
0.25,0.00013776216850604843,0.0,0.0015786476942029428,0.0,0.011163013743728255,0.0
0.252,0.00014094181888892304,0.0,0.0016010170860019269,0.0,0.011206205638328703,0.0
0.254,0.00014416629374855848,0.0,0.0016234718251719308,0.0,0.011248360158325742,0.0
0.256,0.0001474357617011314,0.0,0.0016460098312441156,0.0,0.011289471593549217,0.0
0.258,0.0001507503871904982,0.0,0.001668629012386186,0.0,0.01132953429076972,0.0
0.26,0.0001541103304655825,0.0,0.0016913272655166107,0.0,0.011368542654035172,0.0
0.262,0.00015751574755799118,0.0,0.0017141024764195088,0.0,0.011406491145004907,0.0
0.264,0.0001609667902598613,0.0,0.0017369525198602063,0.0,0.011443374283281208,0.0
0.266,0.00016446360610193869,0.0,0.001759875259701452,0.0,0.011479186646738311,0.0
0.268,0.0001680063383318893,0.0,0.0017828685490202862,0.0,0.011513922871848832,0.0
0.27,0.00017159512589284533,0.0,0.0018059302302255633,0.0,0.011547577654007633,0.0
0.272,0.00017523010340218687,0.0,0.0018290581351761174,0.0,0.011580145747853094,0.0
0.274,0.00017891140113056084,0.0,0.0018522500852995697,0.0,0.011611621967585781,0.0
0.276,0.0001826391449811375,0.0,0.001875503891711767,0.0,0.01164200118728448,0.0
0.278,0.00018641345646910694,0.0,0.0018988173553368538,0.0,0.011671278341219626,0.0
0.28,0.0001902344527014167,0.0,0.001922188267027967,0.0,0.011699448424164049,0.0
0.28200000000000003,0.00019410224635675022,0.0,0.001945614407688547,0.0,0.01172650649170108,0.0
0.28400000000000003,0.00019801694566574997,0.0,0.0019690935483942682,0.0,0.011752447660529982,0.0
0.28600000000000003,0.00020197865439148394,0.0,0.001992623450515569,0.0,0.011777267108768653,0.0
0.28800000000000003,0.00020598747181015838,0.0,0.0020162018658407953,0.0,0.011800960076253695,0.0
0.29,0.00021004349269207706,0.0,0.002039826536699931,0.0,0.01182352186483767,0.0
0.292,0.0002141468072828492,0.0,0.0020634951960889288,0.0,0.011844947838683709,0.0
0.294,0.0002182975012848458,0.0,0.00208720556779462,0.0,0.011865233424557326,0.0
0.296,0.0002224956558389067,0.0,0.0021109553665202107,0.0,0.01188437411211547,0.0
0.298,0.00022674134750629992,0.0,0.002134742298011351,0.0,0.011902365454192827,0.0
0.3,0.00023103464825093242,0.0,0.0021585640591827754,0.0,0.011919203067085334,0.0
0.302,0.00023537562542181572,0.0,0.0021824183382455047,0.0,0.011934882630830847,0.0
0.304,0.0002397643417357864,0.0,0.0022063028148346106,0.0,0.011949399889487077,0.0
0.306,0.00024420085526048166,0.0,0.002230215160137527,0.0,0.011962750651406593,0.0
0.308,0.00024868521939757347,0.0,0.002254153037022918,0.0,0.0119749307895091,0.0
0.31,0.00025321748286626024,0.0,0.0022781141001700766,0.0,0.01198593624155077,0.0
0.312,0.0002577976896870177,0.0,0.0023020959961988674,0.0,0.011995763010390754,0.0
0.314,0.0002624258791656107,0.0,0.002326096363800197,0.0,0.012004407164254815,0.0
0.316,0.00026710208587736595,0.0,0.0023501128338670077,0.0,0.012011864836996044,0.0
0.318,0.0002718263396517075,0.0,0.002374143029625789,0.0,0.012018132228352718,0.0
0.32,0.00027659866555695625,0.0,0.0023981845667686054,0.0,0.012023205604203183,0.0
0.322,0.000281419083885393,0.0,0.0024222350535856303,0.0,0.012027081296817867,0.0
0.324,0.00028628761013858763,0.0,0.0024462920910981742,0.0,0.01202975570510831,0.0
0.326,0.0002912042550129956,0.0,0.0024703532731922212,0.0,0.012031225294873278,0.0
0.328,0.00029616902438582,0.0,0.00249441618675244,0.0,0.012031486599041888,0.0
0.33,0.0003011819193011443,0.0,0.0025184784117966885,0.0,0.012030536217913768,0.0
0.332,0.0003062429359563333,0.0,0.002542537521610994,0.0,0.012028370819396216,0.0
0.334,0.000311352065688705,0.0,0.002566591082885,0.0,0.012024987139238394,0.0
0.336,0.0003165092949624732,0.0,0.002590636655847885,0.0,0.012020381981262485,0.0
0.338,0.00032171460535596334,0.0,0.002614671794404731,0.0,0.012014552217591831,0.0
0.34,0.00032696797354910104,0.0,0.0026386940462733606,0.0,0.01200749478887605,0.0
0.342,0.0003322693713111745,0.0,0.0026627009531216047,0.0,0.011999206704513104,0.0
0.34400000000000003,0.0003376187654888725,0.0,0.002686690050705021,0.0,0.011989685042868313,0.0
0.34600000000000003,0.00034301611799459773,0.0,0.002710658869005047,0.0,0.011978926951490311,0.0
0.34800000000000003,0.0003484613857950566,0.0,0.0027346049323675767,0.0,0.011966929647323918,0.0
0.35000000000000003,0.0003539545209001282,0.0,0.0027585257596419665,0.0,0.011953690416919927,0.0
0.352,0.0003594954703520096,0.0,0.0027824188643204503,0.0,0.011939206616641808,0.0
0.354,0.00036508417621464216,0.0,0.0028062817546779762,0.0,0.011923475672869277,0.0
0.356,0.0003707205755634159,0.0,0.0028301119339124315,0.0,0.011906495082198806,0.0
0.358,0.0003764046004751574,0.0,0.0028539069002852776,0.0,0.011888262411640912,0.0
0.36,0.0003821361780183967,0.0,0.002877664147262576,0.0,0.01186877529881443,0.0
0.362,0.0003879152302439189,0.0,0.0029013811636563907,0.0,0.011848031452137512,0.0
0.364,0.00039374167417559705,0.0,0.0029250554337665814,0.0,0.011826028651015588,0.0
0.366,0.00039961542180151004,0.0,0.002948684437522956,0.0,0.011802764746026071,0.0
0.368,0.00040553638006534537,0.0,0.002972265650627805,0.0,0.01177823765909995,0.0
0.37,0.0004115044508580862,0.0,0.00299579654469878,0.0,0.011752445383700148,0.0
0.372,0.00041751953100998624,0.0,0.0030192745874121386,0.0,0.011725385984996735,0.0
0.374,0.00042358151228282995,0.0,0.0030426972426463297,0.0,0.01169705760003889,0.0
0.376,0.00042969028136247996,0.0,0.0030660619706259187,0.0,0.011667458437923705,0.0
0.378,0.00043584571985171526,0.0,0.0030893662280658514,0.0,0.011636586779961723,0.0
0.38,0.0004420477042633551,0.0,0.003112607468316046,0.0,0.011604440979839273,0.0
0.382,0.00044829610601367445,0.0,0.0031357831415063002,0.0,0.011571019463777553,0.0
0.384,0.0004545907914161088,0.0,0.0031588906946915197,0.0,0.01153632073068848,0.0
0.386,0.0004609316216752495,0.0,0.003181927571997251,0.0,0.011500343352327287,0.0
0.388,0.00046731845288113135,0.0,0.0032048912147655205,0.0,0.011463085973441844,0.0
0.39,0.00047375113600381163,0.0,0.0032277790617009643,0.0,0.01142454731191871,0.0
0.392,0.0004802295168882412,0.0,0.0032505885490172505,0.0,0.011384726158925933,0.0
0.394,0.00048675343624942973,0.0,0.00327331711058378,0.0,0.01134362137905253,0.0
0.396,0.0004933227296679035,0.0,0.0032959621780726672,0.0,0.011301231910444702,0.0
0.398,0.0004999372275854589,0.0,0.003318521181105986,0.0,0.011257556764938717,0.0
0.4,0.0005065967553012091,0.0,0.003340991547403284,0.0,0.011212595028190518,0.0
0.402,0.0005133011329679269,0.0,0.003363370702929342,0.0,0.011166345859802,0.0
0.404,0.0005200501755886834,0.0,0.003385656072042197,0.0,0.01111880849344396,0.0
0.406,0.0005268436930137825,0.0,0.003407845077641394,0.0,0.011069982236975718,0.0
0.40800000000000003,0.0005336814899379921,0.0,0.0034299351413164822,0.0,0.011019866472561417,0.0
0.41000000000000003,0.0005405633658980736,0.0,0.0034519236834957404,0.0,0.01096846065678296,0.0
0.41200000000000003,0.0005474891152706077,0.0,0.003473808123595119,0.0,0.01091576432074962,0.0
0.41400000000000003,0.0005544585272701186,0.0,0.003495585880167403,0.0,0.010861777070204252,0.0
0.41600000000000004,0.0005614713859474977,0.0,0.0035172543710515845,0.0,0.010806498585626212,0.0
0.418,0.000568527470188725,0.0,0.0035388110135224312,0.0,0.010749928622330828,0.0
0.42,0.0005756265537138911,0.0,0.00356025322444026,0.0,0.010692067010565534,0.0
0.422,0.0005827684050765173,0.0,0.0035815784204008922,0.0,0.010632913655602672,0.0
0.424,0.0005899527876631769,0.0,0.0036027840178857926,0.0,0.010572468537828802,0.0
0.426,0.0005971794596934173,0.0,0.003623867433412385,0.0,0.010510731712830703,0.0
0.428,0.0006044481742199826,0.0,0.0036448260836845375,0.0,0.01044770331147795,0.0
0.43,0.0006117586791293356,0.0,0.003665657385743205,0.0,0.010383383540002082,0.0
0.432,0.0006191107171424849,0.0,0.003686358757117232,0.0,0.010317772680072373,0.0
0.434,0.0006265040258161092,0.0,0.0037069276159742985,0.0,0.010250871088868177,0.0
0.436,0.0006339383375439881,0.0,0.0037273613812720133,0.0,0.010182679199147875,0.0
0.438,0.0006414133795587324,0.0,0.003747657472909132,0.0,0.01011319751931437,0.0
0.44,0.0006489288739338174,0.0,0.0037678133118769176,0.0,0.010042426633477177,0.0
0.442,0.0006564845375859199,0.0,0.0037878263204106036,0.0,0.009970367201511081,0.0
0.444,0.0006640800822775568,0.0,0.003807693922140987,0.0,0.009897019959111339,0.0
0.446,0.0006717152146200292,0.0,0.003827413542246118,0.0,0.009822385717845447,0.0
0.448,0.0006793896360766679,0.0,0.003846982607603095,0.0,0.009746465365201486,0.0
0.45,0.0006871030429663836,0.0,0.003866398546939952,0.0,0.00966925986463298,0.0
0.452,0.0006948551264675205,0.0,0.003885658790987628,0.0,0.009590770255600324,0.0
0.454,0.000702645572622014,0.0,0.0039047607726320228,0.0,0.009510997653608771,0.0
0.456,0.0007104740623398535,0.0,0.003923701927066122,0.0,0.009429943250242892,0.0
0.458,0.0007183402714038484,0.0,0.003942479691942183,0.0,0.009347608313197668,0.0
0.46,0.000726243870474698,0.0,0.003961091507523989,0.0,0.009263994186306026,0.0
0.462,0.0007341845250963687,0.0,0.0039795348168391465,0.0,0.009179102289562953,0.0
0.464,0.0007421618957017713,0.0,0.003997807065831432,0.0,0.009092934119146147,0.0
0.466,0.000750175637618749,0.0,0.004015905703513173,0.0,0.009005491247433122,0.0
0.468,0.0007582254010763642,0.0,0.004033828182117668,0.0,0.008916775323014933,0.0
0.47000000000000003,0.0007663108312114941,0.0,0.0040515719572516125,0.0,0.008826788070706321,0.0
0.47200000000000003,0.0007744315680757303,0.0,0.004069134488047568,0.0,0.008735531291552443,0.0
0.47400000000000003,0.0007825872466425814,0.0,0.004086513237316417,0.0,0.008643006862832092,0.0
0.47600000000000003,0.0007907774968149838,0.0,0.004103705671699833,0.0,0.008549216738057409,0.0
0.47800000000000004,0.0007990019434331151,0.0,0.004120709261822744,0.0,0.00845416294697013,0.0
0.48,0.0008072602062825127,0.0,0.004137521482445787,0.0,0.008357847595534333,0.0
0.482,0.0008155519001024987,0.0,0.004154139812617739,0.0,0.008260272865925672,0.0
0.484,0.0008238766345949071,0.0,0.00417056173582793,0.0,0.008161441016517147,0.0
0.486,0.0008322340144331186,0.0,0.004186784740158617,0.0,0.00806135438186134,0.0
0.488,0.000840623639271398,0.0,0.004202806318437326,0.0,0.00796001537266918,0.0
0.49,0.0008490451037545379,0.0,0.004218623968389142,0.0,0.007857426475785176,0.0
0.492,0.0008574979975278044,0.0,0.004234235192788948,0.0,0.0077535902541591975,0.0
0.494,0.0008659819052471912,0.0,0.00424963749961361,0.0,0.007648509346814682,0.0
0.496,0.0008744964065899738,0.0,0.00426482840219408,0.0,0.007542186468813409,0.0
0.498,0.0008830410762655703,0.0,0.004279805419367445,0.0,0.007434624411216718,0.0
0.5,0.0008916154840267066,0.0,0.004294566075628876,0.0,0.0073258260410432345,0.0
0.502,0.0009002191946808823,0.0,0.004309107901283501,0.0,0.007215794301223123,0.0
0.504,0.0009088517681021447,0.0,0.004323428432598181,0.0,0.007104532210548776,0.0
0.506,0.0009175127592431626,0.0,0.004337525211953178,0.0,0.006992042863622039,0.0
0.508,0.0009262017181476051,0.0,0.0043513957879937224,0.0,0.006878329430797915,0.0
0.51,0.0009349181899628231,0.0,0.004365037715781456,0.0,0.00676339515812477,0.0
0.512,0.0009436617149528329,0.0,0.004378448556945762,0.0,0.006647243367281022,0.0
0.514,0.0009524318285116032,0.0,0.00439162587983495,0.0,0.006529877455508324,0.0
0.516,0.0009612280611766453,0.0,0.004404567259667323,0.0,0.0064113008955412575,0.0
0.518,0.0009700499386429014,0.0,0.00441727027868208,0.0,0.006291517235533511,0.0
0.52,0.0009788969817769398,0.0,0.0044297325262900875,0.0,0.006170530098980549,0.0
0.522,0.000987768706631447,0.0,0.0044419515992244725,0.0,0.006048343184638789,0.0
0.524,0.0009966646244600232,0.0,0.004453925101691071,0.0,0.00592496026644128,0.0
0.526,0.0010055842417322788,0.0,0.004465650645518683,0.0,0.00580038519340986,0.0
0.528,0.00101452706014923,0.0,0.004477125850309168,0.0,0.005674621889563846,0.0
0.53,0.0010234925766589948,0.0,0.004488348343587347,0.0,0.005547674353825196,0.0
0.532,0.001032480283472787,0.0,0.0044993157609506985,0.0,0.005419546659920209,0.0
0.534,0.0010414896680812147,0.0,0.004510025746218878,0.0,0.005290242956277679,0.0
0.536,0.0010505202132708707,0.0,0.004520475951583013,0.0,0.0051597674659236295,0.0
0.538,0.0010595713971412258,0.0,0.004530664037754788,0.0,0.0050281244863725,0.0
0.54,0.0010686426931218198,0.0,0.004540587674115315,0.0,0.004895318389514858,0.0
0.542,0.0010777335699897466,0.0,0.004550244538863763,0.0,0.0047613536215016464,0.0
0.544,0.0010868434918874412,0.0,0.004559632319165768,0.0,0.0046262347026249295,0.0
0.546,0.0010959719183407598,0.0,0.004568748711301585,0.0,0.004489966227195163,0.0
0.548,0.0011051183042773561,0.0,0.004577591420814008,0.0,0.004352552863414995,0.0
0.55,0.0011142821000453566,0.0,0.004586158162656019,0.0,0.004213999353249575,0.0
0.552,0.001123462751432325,0.0,0.004594446661338181,0.0,0.004074310512293427,0.0
0.554,0.001132659699684527,0.0,0.004602454651075761,0.0,0.0039334912296338,0.0
0.556,0.001141872381526487,0.0,0.004610179875935578,0.0,0.0037915464677106096,0.0
0.558,0.0011511002291808355,0.0,0.004617620089982569,0.0,0.0036484812621728896,0.0
0.56,0.0011603426703884533,0.0,0.004624773057426049,0.0,0.003504300721731783,0.0
0.562,0.0011695991284289054,0.0,0.004631636552765693,0.0,0.0033590100280101115,0.0
0.5640000000000001,0.0011788690221411686,0.0,0.0046382083609372085,0.0,0.003212614435388445,0.0
0.5660000000000001,0.0011881517659446483,0.0,0.004644486277457691,0.0,0.003065119270847767,0.0
0.5680000000000001,0.0011974467698604861,0.0,0.004650468108570662,0.0,0.002916529933808691,0.0
0.5700000000000001,0.0012067534395331576,0.0,0.004656151671390788,0.0,0.0027668518959672213,0.0
0.5720000000000001,0.0012160711762523595,0.0,0.0046615347940482665,0.0,0.0026160907011271084,0.0
0.5740000000000001,0.0012253993769751844,0.0,0.004666615315832863,0.0,0.0024642519650287494,0.0
0.5760000000000001,0.0012347374343485834,0.0,0.00467139108733762,0.0,0.0023113413751746966,0.0
0.578,0.0012440847367321168,0.0,0.004675859970602197,0.0,0.0021573646906517113,0.0
0.58,0.0012534406682209905,0.0,0.004680019839255857,0.0,0.002002327741949429,0.0
0.582,0.0012628046086693764,0.0,0.004683868578660101,0.0,0.0018462364307756211,0.0
0.584,0.0012721759337140212,0.0,0.0046874040860508965,0.0,0.001689096729868042,0.0
0.586,0.001281554014798136,0.0,0.004690624270680565,0.0,0.0015309146828028728,0.0
0.588,0.00129093821919557,0.0,0.004693527053959251,0.0,0.0013716964037997926,0.0
0.59,0.0013003279100352687,0.0,0.004696110369596021,0.0,0.001211448077523658,0.0
0.592,0.001309722446326012,0.0,0.004698372163739546,0.0,0.0010501759588827722,0.0
0.594,0.0013191211829814344,0.0,0.004700310395118388,0.0,0.0008878863728238387,0.0
0.596,0.0013285234708453224,0.0,0.004701923035180866,0.0,0.0007245857141235049,0.0
0.598,0.0013379286567171966,0.0,0.004703208068234509,0.0,0.0005602804471765543,0.0
0.6,0.0013473360833781668,0.0,0.0047041634915850694,0.0,0.0003949771057807378,0.0
0.602,0.001356745089617068,0.0,0.004704787315675122,0.0,0.00022868229291827906,0.0
0.604,0.0013661550102568734,0.0,0.0047050775642222,0.0,6.140268053400448e-05,0.0
0.606,0.0013755651761813807,0.0,0.004705032274356509,0.0,-0.00010685499068982876,0.0
0.608,0.0013849749143621738,0.0,0.004704649496758159,0.0,-0.0002760839115620514,0.0
0.61,0.001394383547885862,0.0,0.0047039272957939615,0.0,-0.0004462772046144245,0.0
0.612,0.0014037903959815887,0.0,0.004702863749653747,0.0,-0.0006174279243367688,0.0
0.614,0.0014131947740488125,0.0,0.00470145695048621,0.0,-0.000789529057415448,0.0
0.616,0.0014225959936853612,0.0,0.004699705004534269,0.0,-0.0009625735229751003,0.0
0.618,0.0014319933627157555,0.0,0.00469760603226996,0.0,-0.0011365541728236873,0.0
0.62,0.0014413861852198009,0.0,0.004695158168528803,0.0,-0.001311463791700821,0.0
0.622,0.0014507737615614494,0.0,0.0046923595626437095,0.0,-0.0014872950975293809,0.0
0.624,0.0014601553884179273,0.0,0.004689208378578338,0.0,-0.0016640407416703626,0.0
0.626,0.00146953035880913,0.0,0.0046857027950599804,0.0,-0.0018416933091810255,0.0
0.628,0.0014788979621272803,0.0,0.004681841005711895,0.0,-0.002020245319076238,0.0
0.63,0.0014882574841668548,0.0,0.004677621219185138,0.0,-0.002199689224593157,0.0
0.632,0.001497608207154769,0.0,0.00467304165928984,0.0,-0.002380017413459031,0.0
0.634,0.0015069494097808259,0.0,0.004668100565125967,0.0,-0.0025612222081623044,0.0
0.636,0.001516280367228428,0.0,0.004662796191213512,0.0,-0.002743295866226911,0.0
0.638,0.0015256003512055456,0.0,0.004657126807622162,0.0,-0.002926230580489772,0.0
0.64,0.001534908629975945,0.0,0.004651090700100375,0.0,-0.0031100184793815084,0.0
0.642,0.001544204468390677,0.0,0.004644686170203927,0.0,-0.0032946516272103097,0.0
0.644,0.0015534871279198148,0.0,0.004637911535423849,0.0,-0.003480122024449024,0.0
0.646,0.0015627558666844589,0.0,0.0046307651293138324,0.0,-0.003666421608025389,0.0
0.648,0.0015720099394889828,0.0,0.004623245301617006,0.0,-0.0038535422516154253,0.0
0.65,0.001581248597853543,0.0,0.004615350418392157,0.0,-0.004041475765939997,0.0
0.652,0.0015904710900468317,0.0,0.004607078862139328,0.0,-0.004230213899064486,0.0
0.654,0.001599676661119088,0.0,0.004598429031924844,0.0,-0.004419748336701622,0.0
0.656,0.0016088645529353544,0.0,0.004589399343505697,0.0,-0.004610070702517422,0.0
0.658,0.001618034004208979,0.0,0.0045799882294533375,0.0,-0.004801172558440229,0.0
0.66,0.0016271842505353724,0.0,0.004570194139276838,0.0,-0.004993045404972885,0.0
0.662,0.0016363145244260018,0.0,0.004560015539545427,0.0,-0.005185680681507937,0.0
0.664,0.0016454240553426336,0.0,0.0045494509140103934,0.0,-0.005379069766645967,0.0
0.666,0.001654512069731823,0.0,0.0045384987637263514,0.0,-0.005573203978516988,0.0
0.668,0.0016635777910596356,0.0,0.004527157607171851,0.0,-0.005768074575104854,0.0
0.67,0.0016726204398466195,0.0,0.004515425980369355,0.0,-0.005963672754574783,0.0
0.672,0.00168163923370301,0.0,0.004503302437004532,0.0,-0.006159989655603829,0.0
0.674,0.0016906333873641763,0.0,0.004490785548544912,0.0,-0.006357016357714456,0.0
0.676,0.0016996021127263043,0.0,0.004477873904357851,0.0,-0.006554743881611094,0.0
0.678,0.0017085446188823093,0.0,0.004464566111827835,0.0,-0.006753163189519653,0.0
0.68,0.0017174601121579935,0.0,0.004450860796473086,0.0,-0.006952265185530113,0.0
0.682,0.0017263477961484233,0.0,0.004436756602061503,0.0,-0.007152040715941997,0.0
0.684,0.0017352068717545457,0.0,0.004422252190725878,0.0,-0.007352480569612856,0.0
0.686,0.0017440365372200387,0.0,0.0044073462430784405,0.0,-0.007553575478309751,0.0
0.6880000000000001,0.001752835988168373,0.0,0.004392037458324682,0.0,-0.007755316117063547,0.0
0.6900000000000001,0.0017616044176401225,0.0,0.004376324554376469,0.0,-0.007957693104526273,0.0
0.6920000000000001,0.001770341016130483,0.0,0.004360206267964443,0.0,-0.008160697003331307,0.0
0.6940000000000001,0.0017790449716270221,0.0,0.004343681354749701,0.0,-0.008364318320456483,0.0
0.6960000000000001,0.0017877154696476559,0.0,0.004326748589434725,0.0,-0.00856854750759014,0.0
0.6980000000000001,0.0017963516932788354,0.0,0.004309406765873611,0.0,-0.008773374961499953,0.0
0.7000000000000001,0.0018049528232139654,0.0,0.004291654697181524,0.0,-0.008978791024404707,0.0
0.7020000000000001,0.0018135180377920317,0.0,0.004273491215843435,0.0,-0.009184785984348898,0.0
0.704,0.001822046513036448,0.0,0.004254915173822087,0.0,-0.009391350075580136,0.0
0.706,0.0018305374226941248,0.0,0.004235925442665193,0.0,-0.009598473478929476,0.0
0.708,0.0018389899382747386,0.0,0.00421652091361192,0.0,-0.009806146322194396,0.0
0.71,0.0018474032290902234,0.0,0.004196700497698545,0.0,-0.010014358680524707,0.0
0.712,0.0018557764622944733,0.0,0.004176463125863366,0.0,-0.010223100576811228,0.0
0.714,0.001864108802923245,0.0,0.004155807749050836,0.0,-0.010432361982077152,0.0
0.716,0.0018723994139342786,0.0,0.0041347333383149,0.0,-0.01064213281587228,0.0
0.718,0.0018806474562476153,0.0,0.004113238884921551,0.0,-0.010852402946669885,0.0
0.72,0.001888852088786126,0.0,0.004091323400450572,0.0,-0.011063162192266385,0.0
0.722,0.0018970124685162397,0.0,0.004068985916896497,0.0,-0.011274400320183713,0.0
0.724,0.0019051277504888713,0.0,0.004046225486768754,0.0,-0.011486107048074354,0.0
0.726,0.0019131970878805541,0.0,0.004023041183191001,0.0,-0.011698272044129092,0.0
0.728,0.001921219632034764,0.0,0.003999432099999623,0.0,-0.011910884927487427,0.0
0.73,0.0019291945325034434,0.0,0.003975397351841443,0.0,-0.012123935268650621,0.0
0.732,0.0019371209370887214,0.0,0.0039509360742705675,0.0,-0.012337412589897456,0.0
0.734,0.0019449979918848197,0.0,0.003926047423844427,0.0,-0.012551306365702498,0.0
0.736,0.0019528248413201621,0.0,0.003900730578218949,0.0,-0.012765606023157109,0.0
0.738,0.001960600628199656,0.0,0.003874984736242911,0.0,-0.01298030094239292,0.0
0.74,0.001968324493747181,0.0,0.0038488091180514327,0.0,-0.013195380457007994,0.0
0.742,0.0019759955776482503,0.0,0.0038222029651586156,0.0,-0.013410833854495503,0.0
0.744,0.0019836130180928588,0.0,0.00379516554054932,0.0,-0.01362665037667493,0.0
0.746,0.00199117595181852,0.0,0.003767696128770073,0.0,-0.01384281922012587,0.0
0.748,0.0019986835141534752,0.0,0.0037397940360191294,0.0,-0.014059329536624284,0.0
0.75,0.0020061348390600898,0.0,0.0037114585902356272,0.0,-0.014276170433581283,0.0
0.752,0.002013529059178421,0.0,0.003682689141187875,0.0,-0.014493330974484415,0.0
0.754,0.002020865305869966,0.0,0.0036534850605607645,0.0,-0.014710800179341392,0.0
0.756,0.0020281427092615793,0.0,0.003623845742042277,0.0,-0.014928567025126276,0.0
0.758,0.002035360398289566,0.0,0.0035937706014091105,0.0,-0.015146620446228106,0.0
0.76,0.0020425175007439443,0.0,0.0035632590766113918,0.0,-0.01536494933490196,0.0
0.762,0.0020496131433128772,0.0,0.0035323106278564893,0.0,-0.015583542541722402,0.0
0.764,0.0020566464516272656,0.0,0.003500924737691931,0.0,-0.015802388876039297,0.0
0.766,0.0020636165503055176,0.0,0.0034691009110873836,0.0,-0.016021477106436085,0.0
0.768,0.002070522562998469,0.0,0.003436838675515729,0.0,-0.01624079596119026,0.0
0.77,0.00207736361243447,0.0,0.0034041375810332196,0.0,-0.01646033412873634,0.0
0.772,0.002084138820464635,0.0,0.0033709972003586872,0.0,-0.016680080258131065,0.0
0.774,0.0020908473081082428,0.0,0.003337417128951844,0.0,-0.016900022959520904,0.0
0.776,0.002097488195598297,0.0,0.003303396985090626,0.0,-0.017120150804611906,0.0
0.778,0.002104060602427241,0.0,0.0032689364099476037,0.0,-0.017340452327141744,0.0
0.78,0.002110563647392816,0.0,0.0032340350676654467,0.0,-0.017560916023354037,0.0
0.782,0.0021169964486440875,0.0,0.0031986926454314374,0.0,-0.01778153035247496,0.0
0.784,0.0021233581237275955,0.0,0.0031629088535510158,0.0,-0.01800228373719196,0.0
0.786,0.002129647789633674,0.0,0.003126683425520393,0.0,-0.018223164564134794,0.0
0.788,0.0021358645628428976,0.0,0.0030900161180981733,0.0,-0.01844416118435862,0.0
0.79,0.0021420075593726797,0.0,0.003052906711376026,0.0,-0.018665261913829362,0.0
0.792,0.0021480758948240098,0.0,0.0030153550088483595,0.0,-0.01888645503391117,0.0
0.794,0.0021540686844283238,0.0,0.0029773608374810577,0.0,-0.01910772879185597,0.0
0.796,0.00215998504309452,0.0,0.002938924047779202,0.0,-0.019329071401295216,0.0
0.798,0.0021658240854560994,0.0,0.002900044513853821,0.0,-0.019550471042733608,0.0
0.8,0.002171584925918447,0.0,0.0028607221334876398,0.0,-0.019771915864045017,0.0
0.802,0.00217726667870624,0.0,0.002820956828199861,0.0,-0.019993393980970314,0.0
0.804,0.0021828684579109814,0.0,0.002780748543309918,0.0,-0.020214893477617395,0.0
0.806,0.002188389377538668,0.0,0.002740097248000246,0.0,-0.020436402406963084,0.0
0.808,0.0021938285515575745,0.0,0.0026990029353780314,0.0,-0.02065790879135711,0.0
0.81,0.0021991850939461657,0.0,0.0026574656225359762,0.0,-0.020879400623027986,0.0
0.812,0.0022044581187411283,0.0,0.0026154853506120098,0.0,-0.021100865864591006,0.0
0.8140000000000001,0.0022096467400855167,0.0,0.00257306218484804,0.0,-0.02132229244955794,0.0
0.8160000000000001,0.0022147500722770243,0.0,0.0025301962146476054,0.0,-0.02154366828284891,0.0
0.8180000000000001,0.0022197672298163587,0.0,0.0024868875536325874,0.0,-0.02176498124130591,0.0
0.8200000000000001,0.002224697327455735,0.0,0.002443136339698817,0.0,-0.02198621917420846,0.0
0.8220000000000001,0.0022295394802474824,0.0,0.002398942735070707,0.0,-0.02220736990379092,0.0
0.8240000000000001,0.0022342928035927493,0.0,0.002354306926354817,0.0,-0.02242842122576174,0.0
0.8260000000000001,0.0022389564132903263,0.0,0.0023092291245923663,0.0,-0.022649360909824542,0.0
0.8280000000000001,0.0022435294255855613,0.0,0.002263709565310755,0.0,-0.022870176700200945,0.0
0.8300000000000001,0.0022480109572193857,0.0,0.0022177485085739666,0.0,-0.02309085631615526,0.0
0.8320000000000001,0.0022524001254774395,0.0,0.002171346239031996,0.0,-0.023311387452520836,0.0
0.834,0.0022566960482392853,0.0,0.00212450306596914,0.0,-0.02353175778022827,0.0
0.836,0.0022608978440277296,0.0,0.002077219323351313,0.0,-0.023751954946835255,0.0
0.838,0.0022650046320582323,0.0,0.0020294953698722267,0.0,-0.02397196657705817,0.0
0.84,0.002269015532288403,0.0,0.0019813315889985754,0.0,-0.024191780273305322,0.0
0.842,0.0022729296654676,0.0,0.0019327283890140947,0.0,-0.02441138361621188,0.0
0.844,0.0022767461531865954,0.0,0.0018836862030625619,0.0,-0.024630764165176497,0.0
0.846,0.0022804641179273487,0.0,0.0018342054891897688,0.0,-0.02484990945889939,0.0
0.848,0.0022840826831128443,0.0,0.0017842867303843294,0.0,-0.025068807015922262,0.0
0.85,0.002287600973157022,0.0,0.0017339304346175063,0.0,-0.025287444335169572,0.0
0.852,0.0022910181135147776,0.0,0.001683137134881856,0.0,-0.02550580889649156,0.0
0.854,0.0022943332307320476,0.0,0.0016319073892288758,0.0,-0.02572388816120861,0.0
0.856,0.0022975454524959546,0.0,0.0015802417808054806,0.0,-0.025941669572657377,0.0
0.858,0.0023006539076850484,0.0,0.00152814091788945,0.0,-0.02615914055673815,0.0
0.86,0.002303657726419586,0.0,0.0014756054339237351,0.0,-0.026376288522463938,0.0
0.862,0.0023065560401119103,0.0,0.0014226359875496959,0.0,-0.026593100862510786,0.0
0.864,0.0023093479815168663,0.0,0.0013692332626392117,0.0,-0.026809564953769762,0.0
0.866,0.002312032684782303,0.0,0.0013153979683257107,0.0,-0.027025668157900067,0.0
0.868,0.002314609285499621,0.0,0.001261130839034062,0.0,-0.027241397821883884,0.0
0.87,0.002317076920754387,0.0,0.0012064326345093976,0.0,-0.027456741278582254,0.0
0.872,0.0023194347291770013,0.0,0.00115130413984477,0.0,-0.027671685847292606,0.0
0.874,0.002321681850993421,0.0,0.0010957461655077454,0.0,-0.027886218834307336,0.0
0.876,0.0023238174280759308,0.0,0.0010397595473658414,0.0,-0.028100327533473936,0.0
0.878,0.0023258406039939764,0.0,0.0009833451467108562,0.0,-0.028313999226756252,0.0
0.88,0.002327750524065025,0.0,0.0009265038502820708,0.0,-0.028527221184797096,0.0
0.882,0.0023295463354054947,0.0,0.000869236570288345,0.0,-0.02873998066748198,0.0
0.884,0.002331227186981702,0.0,0.0008115442444290369,0.0,-0.02895226492450427,0.0
0.886,0.002332792229660873,0.0,0.0007534278359138582,0.0,-0.029164061195931255,0.0
0.888,0.002334240616262178,0.0,0.0006948883334815144,0.0,-0.02937535671277176,0.0
0.89,0.00233557150160781,0.0,0.0006359267514173053,0.0,-0.029586138697544513,0.0
0.892,0.0023367840425740903,0.0,0.0005765441295694871,0.0,-0.02979639436484796,0.0
0.894,0.0023378773981426143,0.0,0.0005167415333645776,0.0,-0.03000611092193103,0.0
0.896,0.00233885072945142,0.0,0.00045652005382145703,0.0,-0.030215275569265038,0.0
0.898,0.0023397031998461885,0.0,0.00039588080756437945,0.0,-0.03042387550111661,0.0
0.9,0.0023404339749314596,0.0,0.00033482493683477735,0.0,-0.03063189790612174,0.0
0.902,0.002341042222621889,0.0,0.0002733536095019702,0.0,-0.030839329967860762,0.0
0.904,0.0023415271131935005,0.0,0.000211468019072689,0.0,-0.031046158865434395,0.0
0.906,0.0023418878193349805,0.0,0.0001491693846994704,0.0,-0.03125237177404075,0.0
0.908,0.002342123516198969,0.0,8.645895118786131e-05,0.0,-0.03145795586555325,0.0
0.91,0.002342233381453379,0.0,2.3337989002520515e-05,0.0,-0.031662898309099526,0.0
0.912,0.0023422165953327118,0.0,-4.0192205727902254e-05,0.0,-0.03186718627164122,0.0
0.914,0.002342072340689398,0.0,-0.00010413031120698555,0.0,-0.03207080691855464,0.0
0.916,0.0023417998030451255,0.0,-0.00016847497996796013,0.0,-0.03227374741421229,0.0
0.918,0.0023413981706421924,0.0,-0.0002332248388722943,0.0,-0.032475994922565296,0.0
0.92,0.002340866634494844,0.0,-0.0002983784891094094,0.0,-0.03267753660772654,0.0
0.922,0.0023402043884406167,0.0,-0.00036393450619761573,0.0,-0.03287835963455472,0.0
0.924,0.0023394106291916832,0.0,-0.0004298914399861577,0.0,-0.033078451169239,0.0
0.926,0.00233848455638618,0.0,-0.00049624781465849,0.0,-0.033277798379884656,0.0
0.928,0.002337425372639542,0.0,-0.0005630021287366723,0.0,-0.03347638843709922,0.0
0.93,0.0023362322835958145,0.0,-0.000630152855086984,0.0,-0.033674208514579425,0.0
0.932,0.0023349044979789645,0.0,-0.0006976984409266555,0.0,-0.033871245789698856,0.0
0.934,0.0023334412276441617,0.0,-0.0007656373078318568,0.0,-0.03406748744409621,0.0
0.936,0.002331841687629061,0.0,-0.0008339678517467648,0.0,-0.03426292066426419,0.0
0.9380000000000001,0.0023301050962050507,0.0,-0.0009026884429939154,0.0,-0.034457532642139,0.0
0.9400000000000001,0.002328230674928487,0.0,-0.0009717974262856257,0.0,-0.0346513105756905,0.0
0.9420000000000001,0.0023262176486918995,0.0,-0.0010412931207366988,0.0,-0.03484424166951283,0.0
0.9440000000000001,0.002324065245775179,0.0,-0.0011111738198782252,0.0,-0.03503631313541562,0.0
0.9460000000000001,0.0023217726978967176,0.0,-0.0011814377916726385,0.0,-0.03522751219301573,0.0
0.9480000000000001,0.0023193392402645454,0.0,-0.0012520832785298964,0.0,-0.035417826070329395,0.0
0.9500000000000001,0.0023167641116274055,0.0,-0.001323108497324893,0.0,-0.035607242004365,0.0
0.9520000000000001,0.0023140465543258154,0.0,-0.0013945116394160064,0.0,-0.03579574724171612,0.0
0.9540000000000001,0.0023111858143430703,0.0,-0.0014662908706649094,0.0,-0.03598332903915517,0.0
0.9560000000000001,0.0023081811413562274,0.0,-0.0015384443314574638,0.0,-0.03616997466422721,0.0
0.9580000000000001,0.002305031788787025,0.0,-0.001610970136725916,0.0,-0.03635567139584439,0.0
0.96,0.002301737013852774,0.0,-0.0016838663759721735,0.0,-0.03654040652488055,0.0
0.962,0.00229829607761719,0.0,-0.0017571311132923715,0.0,-0.036724167354766274,0.0
0.964,0.002294708245041181,0.0,-0.001830762387402555,0.0,-0.03690694120208413,0.0
0.966,0.0022909727850335816,0.0,-0.0019047582116655656,0.0,-0.037088715397164296,0.0
0.968,0.002287088970501829,0.0,-0.00197911657411917,0.0,-0.03726947728468039,0.0
0.97,0.002283056078402589,0.0,-0.0020538354375053075,0.0,-0.03744921422424551,0.0
0.972,0.002278873389792308,0.0,-0.0021289127393005923,0.0,-0.03762791359100857,0.0
0.974,0.0022745401898777253,0.0,-0.0022043463917479564,0.0,-0.03780556277625067,0.0
0.976,0.0022700557680662937,0.0,-0.0022801342818895357,0.0,-0.03798214918798186,0.0
0.978,0.002265419418016562,0.0,-0.0023562742716007013,0.0,-0.038157660251537724,0.0
0.98,0.0022606304376884584,0.0,-0.0024327641976253315,0.0,-0.0383320834101764,0.0
0.982,0.002255688129393529,0.0,-0.0025096018716122236,0.0,-0.038505406125675455,0.0
0.984,0.002250591799845084,0.0,-0.002586785080152766,0.0,-0.038677615878928956,0.0
0.986,0.0022453407602082785,0.0,-0.0026643115848197264,0.0,-0.038848700170544447,0.0
0.988,0.0022399343261501037,0.0,-0.002742179122207331,0.0,-0.03901864652144017,0.0
0.99,0.002234371817889311,0.0,-0.002820385403972416,0.0,-0.03918744247344199,0.0
0.992,0.002228652560246236,0.0,-0.002898928116876899,0.0,-0.039355075589880564,0.0
0.994,0.0022227758826925525,0.0,-0.0029778049228313466,0.0,-0.03952153345618821,0.0
0.996,0.002216741119400924,0.0,-0.0030570134589398,0.0,-0.03968680368049589,0.0
0.998,0.002210547609294579,0.0,-0.0031365513375457505,0.0,-0.03985087389422998,0.0
1.0,0.0022041946960967753,0.0,-0.0032164161462793417,0.0,-0.04001373175270892,0.0
1.002,0.0021976817283801847,0.0,-0.0032966054481057333,0.0,-0.04017536493573978,0.0
1.004,0.002191008059616178,0.0,-0.003377116781374692,0.0,-0.04033576114821455,0.0
1.006,0.002184173048223989,0.0,-0.0034579476598713523,0.0,-0.04049490812070631,0.0
1.008,0.0021771760576198155,0.0,-0.0035390955728681634,0.0,-0.040652793610065144,0.0
1.01,0.0021700164562657664,0.0,-0.0036205579851780615,0.0,-0.04080940540001376,0.0
1.012,0.002162693617718748,0.0,-0.00370233233720878,0.0,-0.04096473130174291,0.0
1.014,0.0021552069206792054,0.0,-0.003784416045018422,0.0,-0.04111875915450656,0.0
1.016,0.0021475557490397727,0.0,-0.0038668065003721218,0.0,-0.041271476826216444,0.0
1.018,0.0021397394919337965,0.0,-0.003949501070800029,0.0,-0.041422872214036725,0.0
1.02,0.0021317575437837517,0.0,-0.00403249709965634,0.0,-0.041572933244977905,0.0
1.022,0.0021236093043495254,0.0,-0.004115791906179634,0.0,-0.04172164787649049,0.0
1.024,0.002115294178776599,0.0,-0.004199382785554303,0.0,-0.041869004097058266,0.0
1.026,0.0021068115776440802,0.0,-0.00428326700897326,0.0,-0.04201498992679108,0.0
1.028,0.0020981609170126355,0.0,-0.004367441823701732,0.0,-0.042159593418017095,0.0
1.03,0.00208934161847227,0.0,-0.0044519044531423435,0.0,-0.04230280265587473,0.0
1.032,0.0020803531091899935,0.0,-0.004536652096901257,0.0,-0.042444605758903874,0.0
1.034,0.0020711948219573418,0.0,-0.004621681930855656,0.0,-0.042584990879636714,0.0
1.036,0.0020618661952377716,0.0,-0.004706991107222234,0.0,-0.04272394620518788,0.0
1.038,0.002052366673213905,0.0,-0.004792576754627017,0.0,-0.04286145995784414,0.0
1.04,0.0020426957058346466,0.0,-0.004878435978176242,0.0,-0.04299752039565333,0.0
1.042,0.002032852748862145,0.0,-0.004964565859528508,0.0,-0.0431321158130127,0.0
1.044,0.0020228372639186235,0.0,-0.005050963456968047,0.0,-0.043265234541256685,0.0
1.046,0.0020126487185330422,0.0,-0.005137625805479185,0.0,-0.04339686494924388,0.0
1.048,0.0020022865861876377,0.0,-0.005224549916821971,0.0,-0.04352699544394331,0.0
1.05,0.0019917503463642793,0.0,-0.005311732779609004,0.0,-0.04365561447101998,0.0
1.052,0.001981039484590699,0.0,-0.005399171359383379,0.0,-0.04378271051541977,0.0
1.054,0.0019701534924865434,0.0,-0.005486862598697874,0.0,-0.04390827210195331,0.0
1.056,0.0019590918678092785,0.0,-0.005574803417195208,0.0,-0.04403228779587932,0.0
1.058,0.0019478541144999251,0.0,-0.005662990711689585,0.0,-0.044154746203486875,0.0
1.06,0.0019364397427286402,0.0,-0.005751421356249276,0.0,-0.044275635972676995,0.0
1.062,0.0019248482689401122,0.0,-0.005840092202280461,0.0,-0.04439494579354322,0.0
1.064,0.0019130792158988177,0.0,-0.005929000078612177,0.0,-0.04451266439895142,0.0
1.066,0.0019011321127340728,0.0,-0.006018141791582461,0.0,-0.044628780565118445,0.0
1.068,0.001889006494984944,0.0,-0.0061075141251256005,0.0,-0.04474328311219017,0.0
1.07,0.0018767019046449494,0.0,-0.006197113840860595,0.0,-0.04485616090481813,0.0
1.072,0.0018642178902066174,0.0,-0.006286937678180723,0.0,-0.04496740285273559,0.0
1.074,0.0018515540067058406,0.0,-0.0063769823543442915,0.0,-0.04507699791133221,0.0
1.076,0.0018387098157660465,0.0,-0.006467244564566542,0.0,-0.04518493508222794,0.0
1.078,0.0018256848856422064,0.0,-0.0065577209821126355,0.0,-0.04529120341384568,0.0
1.08,0.001812478791264624,0.0,-0.006648408258391874,0.0,-0.04539579200198289,0.0
1.082,0.0017990911142825696,0.0,-0.006739303023052996,0.0,-0.04549868999038205,0.0
1.084,0.0017855214431076885,0.0,-0.006830401884080658,0.0,-0.045599886571300034,0.0
1.086,0.0017717693729572468,0.0,-0.0069217014278929985,0.0,-0.04569937098607625,0.0
1.088,0.0017578345058971514,0.0,-0.0070131982194404086,0.0,-0.04579713252569965,0.0
1.09,0.0017437164508848008,0.0,-0.007104888802305368,0.0,-0.045893160531374384,0.0
1.092,0.0017294148238117045,0.0,-0.007196769698803459,0.0,-0.04598744439508438,0.0
1.094,0.0017149292475459297,0.0,-0.0072888374100854615,0.0,-0.046079973560156584,0.0
1.096,0.0017002593519743145,0.0,-0.007381088416240647,0.0,-0.04617073752182284,0.0
1.098,0.0016854047740445003,0.0,-0.0074735191764011,0.0,-0.04625972582778061,0.0
1.1,0.0016703651578067258,0.0,-0.007566126128847258,0.0,-0.046346928078752146,0.0
1.102,0.0016551401544554387,0.0,-0.007658905691114453,0.0,-0.046432333929042544,0.0
1.104,0.0016397294223706655,0.0,-0.007751854260100721,0.0,-0.04651593308709617,0.0
1.106,0.0016241326271591897,0.0,-0.007844968212175545,0.0,-0.04659771531605189,0.0
1.108,0.0016083494416954855,0.0,-0.007938243903289878,0.0,-0.046677670434296645,0.0
1.11,0.0015923795461624598,0.0,-0.00803167766908713,0.0,-0.0467557883160178,0.0
1.112,0.0015762226280919367,0.0,-0.008125265825015361,0.0,-0.04683205889175384,0.0
1.114,0.0015598783824049562,0.0,-0.008219004666440504,0.0,-0.04690647214894363,0.0
1.116,0.0015433465114518036,0.0,-0.008312890468760742,0.0,-0.0469790181324741,0.0
1.118,0.0015266267250518474,0.0,-0.008406919487521916,0.0,-0.04704968694522647,0.0
1.12,0.0015097187405331129,0.0,-0.008501087958534097,0.0,-0.047118468748620794,0.0
1.122,0.0014926222827716493,0.0,-0.008595392097989167,0.0,-0.04718535376315895,0.0
1.124,0.0014753370842306352,0.0,-0.008689828102579577,0.0,-0.047250332268966036,0.0
1.1260000000000001,0.001457862884999271,0.0,-0.008784392149618056,0.0,-0.04731339460633008,0.0
1.1280000000000001,0.001440199432831403,0.0,-0.008879080397158562,0.0,-0.04737453117624004,0.0
1.1300000000000001,0.001422346483183935,0.0,-0.008973888984118161,0.0,-0.04743373244092226,0.0
1.1320000000000001,0.0014043037992549623,0.0,-0.009068814030400048,0.0,-0.04749098892437495,0.0
1.1340000000000001,0.0013860711520216938,0.0,-0.009163851637017642,0.0,-0.047546291212901284,0.0
1.1360000000000001,0.0013676483202780879,0.0,-0.009258997886219722,0.0,-0.04759962995564039,0.0
1.1380000000000001,0.0013490350906722737,0.0,-0.009354248841616597,0.0,-0.04765099586509672,0.0
1.1400000000000001,0.001330231257743684,0.0,-0.00944960054830742,0.0,-0.04770037971766763,0.0
1.1420000000000001,0.001311236623959965,0.0,-0.009545049033008445,0.0,-0.04774777235416909,0.0
1.1440000000000001,0.0012920509997535986,0.0,-0.009640590304182434,0.0,-0.047793164680359504,0.0
1.1460000000000001,0.0012726742035582914,0.0,-0.009736220352169027,0.0,-0.04783654766746165,0.0
1.1480000000000001,0.0012531060618450854,0.0,-0.009831935149316216,0.0,-0.04787791235268286,0.0
1.1500000000000001,0.0012333464091582001,0.0,-0.009927730650112826,0.0,-0.04791724983973305,0.0
1.1520000000000001,0.0012133950881506347,0.0,-0.010023602791322018,0.0,-0.04795455129934102,0.0
1.154,0.0011932519496194716,0.0,-0.010119547492115877,0.0,-0.04798980796976859,0.0
1.156,0.0011729168525409209,0.0,-0.010215560654210979,0.0,-0.04802301115732292,0.0
1.158,0.0011523896641051129,0.0,-0.010311638162004958,0.0,-0.048054152236866696,0.0
1.16,0.0011316702597505787,0.0,-0.010407775882714177,0.0,-0.0480832226523263,0.0
1.162,0.0011107585231984883,0.0,-0.010503969666512318,0.0,-0.048110213917197976,0.0
1.164,0.0010896543464865836,0.0,-0.010600215346670053,0.0,-0.048135117615051834,0.0
1.166,0.0010683576300028602,0.0,-0.010696508739695696,0.0,-0.04815792540003381,0.0
1.168,0.0010468682825189308,0.0,-0.01079284564547683,0.0,-0.04817862899736545,0.0
1.17,0.0010251862212231463,0.0,-0.010889221847422983,0.0,-0.048197220203841644,0.0
1.172,0.001003311371753386,0.0,-0.010985633112609259,0.0,-0.04821369088832596,0.0
1.174,0.0009812436682296026,0.0,-0.011082075191920953,0.0,-0.04822803299224415,0.0
1.176,0.0009589830532860381,0.0,-0.011178543820199213,0.0,-0.04824023853007501,0.0
1.178,0.0009365294781031823,0.0,-0.011275034716387564,0.0,-0.048250299589839375,0.0
1.18,0.0009138829024394052,0.0,-0.011371543583679566,0.0,-0.04825820833358665,0.0
1.182,0.0008910432946623216,0.0,-0.011468066109667281,0.0,-0.04826395699787904,0.0
1.184,0.0008680106317798387,0.0,-0.011564597966490805,0.0,-0.048267537894273675,0.0
1.186,0.0008447848994709052,0.0,-0.011661134810988776,0.0,-0.04826894340980215,0.0
1.188,0.0008213660921159751,0.0,-0.01175767228484973,0.0,-0.04826816600744788,0.0
1.19,0.0007977542128271405,0.0,-0.011854206014764543,0.0,-0.04826519822662109,0.0
1.192,0.0007739492734779904,0.0,-0.011950731612579719,0.0,-0.04826003268363135,0.0
1.194,0.0007499512947331274,0.0,-0.012047244675451683,0.0,-0.048252662072157705,0.0
1.196,0.0007257603060774119,0.0,-0.012143740786001967,0.0,-0.048243079163716354,0.0
1.198,0.0007013763458448561,0.0,-0.012240215512473365,0.0,-0.048231276808125986,0.0
1.2,0.0006767994612472446,0.0,-0.012336664408887,0.0,-0.048217247933970496,0.0
1.202,0.0006520297084023994,0.0,-0.012433083015200307,0.0,-0.048200985549059314,0.0
1.204,0.0006270671523621696,0.0,-0.012529466857465947,0.0,-0.0481824827408851,0.0
1.206,0.0006019118671400604,0.0,-0.012625811447991636,0.0,-0.048161732677079024,0.0
1.208,0.0005765639357385824,0.0,-0.012722112285500853,0.0,-0.04813872860586342,0.0
1.21,0.0005510234501762394,0.0,-0.012818364855294515,0.0,-0.048113463856501844,0.0
1.212,0.0005252905115142299,0.0,-0.012914564629413447,0.0,-0.04808593183974654,0.0
1.214,0.0004993652298827852,0.0,-0.013010707066801866,0.0,-0.04805612604828331,0.0
1.216,0.00047324772450721783,0.0,-0.01310678761347164,0.0,-0.04802404005717377,0.0
1.218,0.0004469381237336012,0.0,-0.013202801702667527,0.0,-0.04798966752429478,0.0
1.22,0.00042043656505415825,0.0,-0.013298744755033199,0.0,-0.047953002190775425,0.0
1.222,0.0003937431951322764,0.0,-0.013394612178778215,0.0,-0.04791403788143104,0.0
1.224,0.0003668581698272282,0.0,-0.013490399369845784,0.0,-0.04787276850519477,0.0
1.226,0.000339781654218516,0.0,-0.013586101712081494,0.0,-0.04782918805554611,0.0
1.228,0.00031251382262991725,0.0,-0.013681714577402764,0.0,-0.04778329061093699,0.0
1.23,0.00028505485865315067,0.0,-0.013777233325969258,0.0,-0.04773507033521464,0.0
1.232,0.00025740495517124107,0.0,-0.013872653306354074,0.0,-0.04768452147804223,0.0
1.234,0.00022956431438149997,0.0,-0.013967969855715799,0.0,-0.04763163837531607,0.0
1.236,0.0002015331478182027,0.0,-0.014063178299971398,0.0,-0.04757641544958047,0.0
1.238,0.00017331167637487705,0.0,-0.014158273953969909,0.0,-0.04751884721043934,0.0
1.24,0.0001449001303262858,0.0,-0.014253252121666978,0.0,-0.04745892825496525,0.0
1.242,0.00011629874935001744,0.0,-0.01434810809630022,0.0,-0.04739665326810527,0.0
1.244,8.750778254776673e-05,0.0,-0.01444283716056532,0.0,-0.04733201702308412,0.0
1.246,5.852748846622136e-05,0.0,-0.014537434586793069,0.0,-0.04726501438180426,0.0
1.248,2.93581351176346e-05,0.0,-0.014631895637127027,0.0,-0.04719564029524307,0.0
1.25,7.175664838754022e-19,0.0,-0.014726215563702153,0.0,-0.0471238898038469,0.0
1.252,-2.9546629883088885e-05,0.0,-0.014820389608824066,0.0,-0.047049758037922426,0.0
1.254,-5.928145800297473e-05,0.0,-0.014914413005149183,0.0,-0.04697324021802464,0.0
1.256,-8.92041782868195e-05,0.0,-0.015008280975865613,0.0,-0.04689433165534201,0.0
1.258,-0.00011931447509883461,0.0,-0.015101988734874795,0.0,-0.04681302775207858,0.0
1.26,-0.00014961202322191024,0.0,-0.015195531486973902,0.0,-0.04672932400183277,0.0
1.262,-0.0001800964878395684,0.0,-0.015288904428039006,0.0,-0.046643215989973494,0.0
1.264,-0.00021076752451832623,0.0,-0.015382102745209009,0.0,-0.046554699394012654,0.0
1.266,-0.00024162477919038446,0.0,-0.01547512161707027,0.0,-0.046463769983975015,0.0
1.268,-0.00027266788813672945,0.0,-0.015567956213842054,0.0,-0.04637042362276442,0.0
1.27,-0.0003038964779705629,0.0,-0.015660601697562566,0.0,-0.046274656266527325,0.0
1.272,-0.0003353101656211484,0.0,-0.01575305322227589,0.0,-0.04617646396501272,0.0
1.274,-0.00036690855831798927,0.0,-0.01584530593421948,0.0,-0.04607584286192922,0.0
1.276,-0.0003986912535754243,0.0,-0.015937354972012468,0.0,-0.04597278919529854,0.0
1.278,-0.0004306578391775593,0.0,-0.01602919546684465,0.0,-0.04586729929780612,0.0
1.28,-0.0004628078931636191,0.0,-0.01612082254266613,0.0,-0.045759369597148186,0.0
1.282,-0.0004951409838136365,0.0,-0.016212231316377713,0.0,-0.045648996616375725,0.0
1.284,-0.0005276566696345666,0.0,-0.01630341689802193,0.0,-0.045536176974234996,0.0
1.286,-0.0005603544993467403,0.0,-0.016394374390974777,0.0,-0.04542090738550498,0.0
1.288,-0.0005932340118707456,0.0,-0.01648509889213817,0.0,-0.045303184661331146,0.0
1.29,-0.000626294736314649,0.0,-0.01657558549213288,0.0,-0.04518300570955627,0.0
1.292,-0.0006595361919616512,0.0,-0.016665829275492407,0.0,-0.045060367535047524,0.0
1.294,-0.0006929578882580824,0.0,-0.016755825320857225,0.0,-0.044935267240020484,0.0
1.296,-0.0007265593248018341,0.0,-0.016845568701169884,0.0,-0.04480770202435945,0.0
1.298,-0.0007603399913311383,0.0,-0.016935054483870633,0.0,-0.044677669185934715,0.0
1.3,-0.0007942993677137785,0.0,-0.017024277731093704,0.0,-0.04454516612091597,0.0
1.302,-0.0008284369239366541,0.0,-0.01711323349986422,0.0,-0.044410190324082624,0.0
1.304,-0.000862752120095781,0.0,-0.01720191684229575,0.0,-0.04427273938913049,0.0
1.306,-0.0008972444063866446,0.0,-0.017290322805788398,0.0,-0.04413281100897507,0.0
1.308,-0.0009319132230949948,0.0,-0.017378446433227588,0.0,-0.043990402976051154,0.0
1.31,-0.0009667580005879909,0.0,-0.017466282763183367,0.0,-0.043845513182609194,0.0
1.312,-0.001001778159305796,0.0,-0.017553826830110357,0.0,-0.04369813962100791,0.0
1.314,-0.0010369731097535223,0.0,-0.01764107366454823,0.0,-0.04354828038400354,0.0
1.316,-0.0010723422524936245,0.0,-0.017728018293322812,0.0,-0.04339593366503526,0.0
1.318,-0.0011078849781386536,0.0,-0.01781465573974774,0.0,-0.04324109775850744,0.0
1.32,-0.001143600667344454,0.0,-0.017900981023826645,0.0,-0.04308377106006781,0.0
1.322,-0.001179488690803728,0.0,-0.017986989162455926,0.0,-0.04292395206688255,0.0
1.324,-0.001215548409240033,0.0,-0.01807267516962805,0.0,-0.04276163937790724,0.0
1.326,-0.0012517791734021856,0.0,-0.01815803405663543,0.0,-0.04259683169415451,0.0
1.328,-0.0012881803240590466,0.0,-0.01824306083227476,0.0,-0.042429527818958056,0.0
1.33,-0.0013247511919947563,0.0,-0.018327750503051958,0.0,-0.04225972665823272,0.0
1.332,-0.0013614910980043354,0.0,-0.018412098073387548,0.0,-0.04208742722073111,0.0
1.334,-0.0013983993528897437,0.0,-0.018496098545822633,0.0,-0.04191262861829645,0.0
1.336,-0.0014354752574563033,0.0,-0.018579746921225264,0.0,-0.04173533006611181,0.0
1.338,-0.0014727181025095853,0.0,-0.01866303819899745,0.0,-0.04155553088294537,0.0
1.34,-0.0015101271688526586,0.0,-0.01874596737728248,0.0,-0.04137323049139226,0.0
1.342,-0.0015477017272838042,0.0,-0.01882852945317288,0.0,-0.04118842841811236,0.0
1.344,-0.0015854410385946012,0.0,-0.018910719422918762,0.0,-0.041001124294064634,0.0
1.346,-0.00162334435356847,0.0,-0.018992532282136626,0.0,-0.04081131785473726,0.0
1.348,-0.0016614109129795948,0.0,-0.019073963026018683,0.0,-0.040619008940374485,0.0
1.35,-0.001699639947592306,0.0,-0.019155006649542578,0.0,-0.04042419749619913,0.0
1.352,-0.0017380306781608374,0.0,-0.019235658147681547,0.0,-0.04022688357263185,0.0
1.354,-0.0017765823154295532,0.0,-0.019315912515615055,0.0,-0.04002706732550595,0.0
1.356,-0.0018152940601335443,0.0,-0.019395764748939816,0.0,-0.03982474901627884,0.0
1.358,-0.0018541651029997043,0.0,-0.01947520984388127,0.0,-0.03961992901223933,0.0
1.36,-0.001893194624748168,0.0,-0.019554242797505422,0.0,-0.03941260778671133,0.0
1.362,-0.0019323817960942328,0.0,-0.019632858607931132,0.0,-0.03920278591925318,0.0
1.364,-0.001971725777750651,0.0,-0.019711052274542774,0.0,-0.03899046409585375,0.0
1.366,-0.002011225720430398,0.0,-0.01978881879820328,0.0,-0.03877564310912399,0.0
1.368,-0.0020508807648498234,0.0,-0.019866153181467613,0.0,-0.038558323858484955,0.0
1.37,-0.002090690041732265,0.0,-0.019943050428796516,0.0,-0.038338507350351714,0.0
1.372,-0.0021306526718120546,0.0,-0.020019505546770698,0.0,-0.038116194698313434,0.0
1.374,-0.0021707677658389978,0.0,-0.0200955135443054,0.0,-0.03789138712330928,0.0
1.3760000000000001,-0.002211034424583231,0.0,-0.020171069432865205,0.0,-0.037664085953800684,0.0
1.3780000000000001,-0.0022514517388405614,0.0,-0.020246168226679302,0.0,-0.037434292625939204,0.0
1.3800000000000001,-0.0022920187894381865,0.0,-0.020320804942957,0.0,-0.03720200868373085,0.0
1.3820000000000001,-0.0023327346472408936,0.0,-0.020394974602103606,0.0,-0.03696723577919588,0.0
1.3840000000000001,-0.002373598373157645,0.0,-0.02046867222793662,0.0,-0.036729975672525166,0.0
1.3860000000000001,-0.002414609018148643,0.0,-0.020541892847902216,0.0,-0.03649023023223195,0.0
1.3880000000000001,-0.0024557656232327796,0.0,-0.02061463149329204,0.0,-0.03624800143529996,0.0
1.3900000000000001,-0.0024970672194955684,0.0,-0.02068688319946031,0.0,-0.036003291367327286,0.0
1.3920000000000001,-0.0025385128280974627,0.0,-0.02075864300604114,0.0,-0.035756102222666314,0.0
1.3940000000000001,-0.0025801014602826575,0.0,-0.02082990595716625,0.0,-0.035506436304559345,0.0
1.3960000000000001,-0.002621832117388281,0.0,-0.02090066710168283,0.0,-0.03525429602527051,0.0
1.3980000000000001,-0.0026637037908540558,0.0,-0.020970921493371722,0.0,-0.03499968390621314,0.0
1.4000000000000001,-0.0027057154622323856,0.0,-0.02104066419116586,0.0,-0.03474260257807342,0.0
1.4020000000000001,-0.002747866103198868,0.0,-0.021109890259368918,0.0,-0.034483054780929764,0.0
1.4040000000000001,-0.002790154675563268,0.0,-0.021178594767874204,0.0,-0.034221043364367834,0.0
1.4060000000000001,-0.0028325801312808997,0.0,-0.02124677279238381,0.0,-0.033956571287592045,0.0
1.408,-0.0028751414124644796,0.0,-0.021314419414627927,0.0,-0.033689641619532154,0.0
1.41,-0.0029178374513964054,0.0,-0.021381529722584468,0.0,-0.0334202575389462,0.0
1.412,-0.002960667170541441,0.0,-0.02144809881069871,0.0,-0.03314842233451924,0.0
1.414,-0.0030036294825599072,0.0,-0.02151412178010334,0.0,-0.03287413940495769,0.0
1.416,-0.0030467232903212504,0.0,-0.02157959373883855,0.0,-0.03259741225907967,0.0
1.418,-0.003089947486918097,0.0,-0.02164450980207234,0.0,-0.03231824451590101,0.0
1.42,-0.0031333009556807137,0.0,-0.021708865092321027,0.0,-0.03203663990471728,0.0
1.422,-0.0031767825701919414,0.0,-0.021772654739669856,0.0,-0.03175260226518126,0.0
1.424,-0.0032203911943025324,0.0,-0.02183587388199379,0.0,-0.0314661355473766,0.0
1.426,-0.003264125682146975,0.0,-0.02189851766517845,0.0,-0.031177243811886888,0.0
1.428,-0.0033079848781597094,0.0,-0.021960581243341184,0.0,-0.030885931229860816,0.0
1.43,-0.003351967617091845,0.0,-0.022022059779052253,0.0,-0.030592202083072652,0.0
1.432,-0.0033960727240282536,0.0,-0.022082948443556148,0.0,-0.030296060763979036,0.0
1.434,-0.0034402990144051567,0.0,-0.022143242416992972,0.0,-0.0299975117757711,0.0
1.436,-0.003484645294028145,0.0,-0.02220293688862001,0.0,-0.029696559732422294,0.0
1.438,-0.0035291103590906142,0.0,-0.0222620270570333,0.0,-0.029393209358732318,0.0
1.44,-0.0035736929961926885,0.0,-0.022320508130389355,0.0,-0.02908746549036633,0.0
1.442,-0.0036183919823605365,0.0,-0.022378375326626895,0.0,-0.028779333073890235,0.0
1.444,-0.0036632060850661854,0.0,-0.022435623873688706,0.0,-0.028468817166801375,0.0
1.446,-0.003708134062247722,0.0,-0.022492249009743528,0.0,-0.028155922937555197,0.0
1.448,-0.003753174662329995,0.0,-0.022548245983407978,0.0,-0.027840655665587234,0.0
1.45,-0.003798326624245709,0.0,-0.02260361005396855,0.0,-0.027523020741331315,0.0
1.452,-0.003843588677457005,0.0,-0.022658336491603606,0.0,-0.027203023666232826,0.0
1.454,-0.0038889595419774495,0.0,-0.022712420577605436,0.0,-0.026880670052758196,0.0
1.456,-0.003934437928394501,0.0,-0.022765857604602258,0.0,-0.026555965624399627,0.0
1.458,-0.003980022537892383,0.0,-0.022818642876780315,0.0,-0.026228916215675843,0.0
1.46,-0.004025712062275454,0.0,-0.022870771710105937,0.0,-0.02589952777212809,0.0
1.462,-0.004071505183991947,0.0,-0.022922239432547523,0.0,-0.025567806350312236,0.0
1.464,-0.004117400576158239,0.0,-0.02297304138429758,0.0,-0.025233758117786047,0.0
1.466,-0.004163396902583487,0.0,-0.023023172917994755,0.0,-0.02489738935309261,0.0
1.468,-0.004209492817794767,0.0,-0.023072629398945714,0.0,-0.02455870644573878,0.0
1.47,-0.004255686967062611,0.0,-0.0231214062053471,0.0,-0.0242177158961699,0.0
1.472,-0.004301977986427033,0.0,-0.02316949872850736,0.0,-0.023874424315739568,0.0
1.474,-0.004348364502723942,0.0,-0.02321690237306851,0.0,-0.023528838426675486,0.0
1.476,-0.004394845133612066,0.0,-0.023263612557227885,0.0,-0.023180965062040586,0.0
1.478,-0.004441418487600255,0.0,-0.023309624712959727,0.0,-0.02283081116568993,0.0
1.48,-0.004488083164075285,0.0,-0.023354934286236768,0.0,-0.022478383792223087,0.0
1.482,-0.0045348377533300415,0.0,-0.023399536737251616,0.0,-0.022123690106932464,0.0
1.484,-0.004581680836592214,0.0,-0.023443427540638117,0.0,-0.021766737385746575,0.0
1.486,-0.004628610986053375,0.0,-0.023486602185692557,0.0,-0.021407533015169695,0.0
1.488,-0.004675626764898546,0.0,-0.02352905617659475,0.0,-0.021046084492216323,0.0
1.49,-0.004722726727336168,0.0,-0.023570785032629018,0.0,-0.020682399424341903,0.0
1.492,-0.004769909418628545,0.0,-0.023611784288404936,0.0,-0.020316485529368655,0.0
1.494,-0.004817173375122703,0.0,-0.023652049494078054,0.0,-0.01994835063540727,0.0
1.496,-0.004864517124281715,0.0,-0.02369157621557034,0.0,-0.01957800268077395,0.0
1.498,-0.0049119391847164415,0.0,-0.023730360034790544,0.0,-0.019205449713903287,0.0
1.5,-0.004959438066217741,0.0,-0.023768396549854326,0.0,-0.01883069989325635,0.0
1.502,-0.0050070122697890825,0.0,-0.023805681375304203,0.0,-0.018453761487224815,0.0
1.504,-0.0050546602876796335,0.0,-0.023842210142329345,0.0,-0.01807464287403021,0.0
1.506,-0.005102380603417775,0.0,-0.02387797849898508,0.0,-0.017693352541618905,0.0
1.508,-0.005150171691845036,0.0,-0.023912982110412283,0.0,-0.017309899087552892,0.0
1.51,-0.005198032019150512,0.0,-0.023947216659056463,0.0,-0.01692429121889552,0.0
1.512,-0.005245960042905659,0.0,-0.023980677844886673,0.0,-0.016536537752093607,0.0
1.514,-0.0052939542120995905,0.0,-0.024013361385614124,0.0,-0.01614664761285426,0.0
1.516,-0.005342012967174758,0.0,-0.024045263016910606,0.0,-0.015754629836017976,0.0
1.518,-0.005390134740063103,0.0,-0.024076378492626605,0.0,-0.015360493565426764,0.0
1.52,-0.005438317954222628,0.0,-0.024106703585009197,0.0,-0.014964248053788189,0.0
1.522,-0.0054865610246744075,0.0,-0.0241362340849196,0.0,-0.014565902662534616,0.0
1.524,-0.0055348623580400306,0.0,-0.024164965802050527,0.0,-0.014165466861678487,0.0
1.526,-0.00558322035257949,0.0,-0.02419289456514314,0.0,-0.013762950229662542,0.0
1.528,-0.005631633398229481,0.0,-0.024220016222203808,0.0,-0.0133583624532062,0.0
1.53,-0.00568009987664217,0.0,-0.024246326640720493,0.0,-0.012951713327146903,0.0
1.532,-0.0057286181612243485,0.0,-0.0242718217078788,0.0,-0.012543012754277626,0.0
1.534,-0.005777186617177067,0.0,-0.024296497330777732,0.0,-0.012132270745179294,0.0
1.536,-0.005825803601535655,0.0,-0.02432034943664511,0.0,-0.011719497418049354,0.0
1.538,-0.005874467463210216,0.0,-0.024343373973052612,0.0,-0.01130470299852538,0.0
1.54,-0.005923176543026516,0.0,-0.024365566908130496,0.0,-0.010887897819504666,0.0
1.542,-0.005971929173767321,0.0,-0.024386924230781905,0.0,-0.010469092320958953,0.0
1.544,-0.006020723680214149,0.0,-0.024407441950896853,0.0,-0.010048297049745122,0.0
1.546,-0.006069558379189469,0.0,-0.024427116099565778,0.0,-0.009625522659411079,0.0
1.548,-0.006118431579599302,0.0,-0.024445942729292743,0.0,-0.009200779909997542,0.0
1.55,-0.00616734158247628,0.0,-0.024463917914208242,0.0,-0.008774079667834889,0.0
1.552,-0.006216286681023084,0.0,-0.024481037750281508,0.0,-0.008345432905336271,0.0
1.554,-0.006265265160656363,0.0,-0.024497298355532535,0.0,-0.007914850700785528,0.0
1.556,-0.006314275299051023,0.0,-0.024512695870243566,0.0,-0.007482344238121268,0.0
1.558,-0.006363315366184977,0.0,-0.024527226457170186,0.0,-0.007047924806716135,0.0
1.56,-0.006412383624384297,0.0,-0.02454088630175199,0.0,-0.006611603801151847,0.0
1.562,-0.006461478328368798,0.0,-0.024553671612322737,0.0,-0.006173392720989643,0.0
1.564,-0.006510597725298021,0.0,-0.024565578620320105,0.0,-0.005733303170536504,0.0
1.566,-0.006559740054817675,0.0,-0.02457660358049492,0.0,-0.005291346858606674,0.0
1.568,-0.00660890354910644,0.0,-0.024586742771119954,0.0,-0.004847535598279176,0.0
1.57,-0.006658086432923257,0.0,-0.02459599249419819,0.0,-0.004401881306650264,0.0
1.572,-0.006707286923654962,0.0,-0.02460434907567062,0.0,-0.003954396004582195,0.0
1.574,-0.006756503231364386,0.0,-0.024611808865623516,0.0,-0.003505091816447113,0.0
1.576,-0.006805733558838857,0.0,-0.02461836823849516,0.0,-0.0030539809698664627,0.0
1.578,-0.006854976101639091,0.0,-0.024624023593282134,0.0,-0.00260107579544655,0.0
1.58,-0.006904229048148546,0.0,-0.024628771353744985,0.0,-0.0021463887265088244,0.0
1.582,-0.0069534905796231165,0.0,-0.024632607968613402,0.0,-0.0016899322988168305,0.0
1.584,-0.007002758870241309,0.0,-0.024635529911790778,0.0,-0.001231719150297704,0.0
1.586,-0.007052032087154773,0.0,-0.024637533682558325,0.0,-0.0007717620207601042,0.0
1.588,-0.007101308390539271,0.0,-0.024638615805778488,0.0,-0.0003100737516072427,0.0
1.59,-0.007150585933646041,0.0,-0.0246387728320979,0.0,0.0001533327144541824,0.0
1.592,-0.0071998628628535686,0.0,-0.024638001338149636,0.0,0.000618444333709646,0.0
1.594,-0.007249137317719759,0.0,-0.02463629792675498,0.0,0.0010852479617365282,0.0
1.596,-0.0072984074310345065,0.0,-0.024633659227124512,0.0,0.0015537303537084338,0.0
1.598,-0.0073476713288727,0.0,-0.02463008189505858,0.0,0.00202387816470416,0.0
1.6,-0.007396927130647579,0.0,-0.024625562613147262,0.0,0.0024956779500201337,0.0
1.602,-0.007446172949164511,0.0,-0.024620098090969524,0.0,0.0029691161654881795,0.0
1.604,-0.00749540689067518,0.0,-0.024613685065291893,0.0,0.003444179167796914,0.0
1.606,-0.0075446270549321655,0.0,-0.024606320300266347,0.0,0.003920853214818144,0.0
1.608,-0.007593831535243887,0.0,-0.024598000587627702,0.0,0.004399124465936814,0.0
1.61,-0.007643018418529991,0.0,-0.024588722746890203,0.0,0.004878978982385859,0.0
1.612,-0.00769218578537708,0.0,-0.024578483625543497,0.0,0.005360402727585138,0.0
1.614,-0.007741331710094898,0.0,-0.024567280099247905,0.0,0.005843381567485026,0.0
1.616,-0.007790454260772825,0.0,-0.02455510907202905,0.0,0.006327901270913573,0.0
1.618,-0.007839551499336819,0.0,-0.02454196747647171,0.0,0.006813947509928642,0.0
1.62,-0.00788862148160673,0.0,-0.024527852273913048,0.0,0.007301505860174057,0.0
1.622,-0.00793766225735401,0.0,-0.02451276045463502,0.0,0.007790561801240305,0.0
1.624,-0.007986671870359755,0.0,-0.024496689038056154,0.0,0.008281100717028887,0.0
1.6260000000000001,-0.00803564835847321,0.0,-0.024479635072922584,0.0,0.008773107896121568,0.0
1.6280000000000001,-0.008084589753670587,0.0,-0.02446159563749828,0.0,0.009266568532153595,0.0
1.6300000000000001,-0.008133494082114322,0.0,-0.024442567839754542,0.0,0.009761467724191487,0.0
1.6320000000000001,-0.00818235936421264,0.0,-0.024422548817558835,0.0,0.01025779047711433,0.0
1.6340000000000001,-0.008231183614679553,0.0,-0.024401535738862695,0.0,0.010755521702000136,0.0
1.6360000000000001,-0.008279964842595229,0.0,-0.02437952580188902,0.0,0.011254646216515875,0.0
1.6380000000000001,-0.008328701051466696,0.0,-0.02435651623531839,0.0,0.011755148745312229,0.0
1.6400000000000001,-0.008377390239288969,0.0,-0.024332504298474836,0.0,0.012257013920421916,0.0
1.6420000000000001,-0.008426030398606494,0.0,-0.02430748728151057,0.0,0.012760226281662644,0.0
1.6440000000000001,-0.008474619516575016,0.0,-0.02428146250559006,0.0,0.0132647702770443,0.0
1.6460000000000001,-0.00852315557502376,0.0,-0.024254427323073216,0.0,0.01377063026317997,0.0
1.6480000000000001,-0.008571636550518033,0.0,-0.02422637911769774,0.0,0.014277790505701632,0.0
1.6500000000000001,-0.008620060414422138,0.0,-0.024197315304760755,0.0,0.014786235179679419,0.0
1.6520000000000001,-0.008668425132962686,0.0,-0.02416723333129943,0.0,0.015295948370045498,0.0
1.6540000000000001,-0.008716728667292242,0.0,-0.024136130676270857,0.0,0.015806914072021762,0.0
1.6560000000000001,-0.008764968973553377,0.0,-0.024104004850731005,0.0,0.016319116191552248,0.0
1.6580000000000001,-0.008813144002942993,0.0,-0.024070853398012904,0.0,0.016832538545738684,0.0
1.6600000000000001,-0.008861251701777111,0.0,-0.02403667389390385,0.0,0.017347164863281146,0.0
1.6620000000000001,-0.008909290011555899,0.0,-0.02400146394682178,0.0,0.017862978784922025,0.0
1.6640000000000001,-0.008957256869029163,0.0,-0.02396522119799068,0.0,0.018379963863894955,0.0
1.666,-0.00900515020626209,0.0,-0.023927943321615273,0.0,0.01889810356637664,0.0
1.668,-0.009052967950701422,0.0,-0.023889628025054538,0.0,0.019417381271944124,0.0
1.67,-0.009100708025241898,0.0,-0.023850273048994567,0.0,0.019937780274034755,0.0
1.672,-0.009148368348293107,0.0,-0.023809876167620325,0.0,0.020459283780411223,0.0
1.674,-0.009195946833846653,0.0,-0.023768435188786487,0.0,0.02098187491363033,0.0
1.676,-0.009243441391543657,0.0,-0.02372594795418748,0.0,0.02150553671151538,0.0
1.678,-0.009290849926742607,0.0,-0.023682412339526403,0.0,0.022030252127633133,0.0
1.68,-0.009338170340587544,0.0,-0.023637826254683074,0.0,0.02255600403177445,0.0
1.682,-0.009385400530076596,0.0,-0.023592187643881123,0.0,0.023082775210439062,0.0
1.684,-0.009432538388130813,0.0,-0.02354549448585401,0.0,0.02361054836732432,0.0
1.686,-0.009479581803663362,0.0,-0.02349774479401026,0.0,0.024139306123817636,0.0
1.688,-0.009526528661649034,0.0,-0.023448936616597475,0.0,0.024669031019493165,0.0
1.69,-0.009573376843194087,0.0,-0.023399068036865533,0.0,0.02519970551261229,0.0
1.692,-0.009620124225606437,0.0,-0.02334813717322865,0.0,0.02573131198062844,0.0
1.694,-0.009666768682466105,0.0,-0.023296142179426542,0.0,0.026263832720694782,0.0
1.696,-0.009713308083696063,0.0,-0.023243081244684494,0.0,0.026797249950177023,0.0
1.698,-0.009759740295633335,0.0,-0.023188952593872422,0.0,0.027331545807169205,0.0
1.7,-0.009806063181100484,0.0,-0.023133754487662847,0.0,0.02786670235101403,0.0
1.702,-0.00985227459947734,0.0,-0.02307748522268798,0.0,0.028402701562826434,0.0
1.704,-0.009898372406773086,0.0,-0.023020143131695564,0.0,0.028939525346021407,0.0
1.706,-0.009944354455698646,0.0,-0.022961726583703785,0.0,0.02947715552684539,0.0
1.708,-0.009990218595739385,0.0,-0.02290223398415501,0.0,0.03001557385491198,0.0
1.71,-0.010035962673228094,0.0,-0.022841663775068605,0.0,0.030554762003740514,0.0
1.712,-0.010081584531418313,0.0,-0.02278001443519255,0.0,0.031094701571299475,0.0
1.714,-0.01012708201055793,0.0,-0.02271728448015397,0.0,0.0316353740805528,0.0
1.716,-0.010172452947963097,0.0,-0.02265347246260857,0.0,0.032176760980010696,0.0
1.718,-0.010217695178092422,0.0,-0.022588576972389078,0.0,0.03271884364428343,0.0
1.72,-0.010262806532621476,0.0,-0.022522596636652417,0.0,0.033261603374639445,0.0
1.722,-0.010307784840517599,0.0,-0.022455530120025876,0.0,0.03380502139956694,0.0
1.724,-0.010352627928114975,0.0,-0.022387376124752004,0.0,0.034349078875339265,0.0
1.726,-0.010397333619190003,0.0,-0.022318133390832617,0.0,0.03489375688658363,0.0
1.728,-0.010441899735036968,0.0,-0.02224780069617141,0.0,0.035439036446853964,0.0
1.73,-0.010486324094543975,0.0,-0.0221763768567156,0.0,0.03598489849920701,0.0
1.732,-0.0105306045142692,0.0,-0.022103860726596238,0.0,0.03653132391678267,0.0
1.734,-0.01057473880851737,0.0,-0.02203025119826758,0.0,0.037078293503386865,0.0
1.736,-0.010618724789416552,0.0,-0.021955547202645108,0.0,0.03762578799407916,0.0
1.738,-0.010662560266995235,0.0,-0.021879747709242447,0.0,0.03817378805576324,0.0
1.74,-0.010706243049259634,0.0,-0.021802851726307016,0.0,0.03872227428778134,0.0
1.742,-0.010749770942271317,0.0,-0.02172485830095469,0.0,0.03927122722251186,0.0
1.744,-0.010793141750225051,0.0,-0.021645766519303014,0.0,0.03982062732597076,0.0
1.746,-0.010836353275526957,0.0,-0.02156557550660338,0.0,0.04037045499841639,0.0
1.748,-0.010879403318872903,0.0,-0.021484284427371863,0.0,0.04092069057495805,0.0
1.75,-0.010922289679327152,0.0,-0.021401892485519006,0.0,0.04147131432616742,0.0
1.752,-0.010965010154401305,0.0,-0.02131839892447823,0.0,0.0420223064586942,0.0
1.754,-0.011007562540133449,0.0,-0.02123380302733305,0.0,0.04257364711588458,0.0
1.756,-0.011049944631167588,0.0,-0.021148104116943102,0.0,0.04312531637840343,0.0
1.758,-0.011092154220833341,0.0,-0.021061301556068793,0.0,0.04367729426486011,0.0
1.76,-0.011134189101225838,0.0,-0.02097339474749489,0.0,0.04422956073243699,0.0
1.762,-0.011176047063285913,0.0,-0.02088438313415269,0.0,0.04478209567752205,0.0
1.764,-0.011217725896880503,0.0,-0.020794266199240994,0.0,0.045334878936344344,0.0
1.766,-0.011259223390883323,0.0,-0.020703043466345716,0.0,0.04588789028561334,0.0
1.768,-0.011300537333255726,0.0,-0.02061071449955839,0.0,0.04644110944316071,0.0
1.77,-0.011341665511127863,0.0,-0.0205172789035932,0.0,0.04699451606858631,0.0
1.772,-0.011382605710880038,0.0,-0.020422736323902856,0.0,0.04754808976390691,0.0
1.774,-0.011423355718224285,0.0,-0.02032708644679301,0.0,0.048101810074208516,0.0
1.776,-0.0114639133182862,0.0,-0.02023032899953558,0.0,0.04865565648830132,0.0
1.778,-0.011504276295686983,0.0,-0.020132463750480584,0.0,0.04920960843937873,0.0
1.78,-0.011544442434625697,0.0,-0.020033490509166724,0.0,0.04976364530567877,0.0
1.782,-0.011584409518961778,0.0,-0.019933409126430573,0.0,0.05031774641114958,0.0
1.784,-0.011624175332297714,0.0,-0.019832219494514608,0.0,0.0508718910261169,0.0
1.786,-0.011663737658061965,0.0,-0.019729921547173686,0.0,0.05142605836795572,0.0
1.788,-0.01170309427959211,0.0,-0.019626515259780337,0.0,0.051980227601764475,0.0
1.79,-0.011742242980218181,0.0,-0.019522000649428526,0.0,0.05253437784104289,0.0
1.792,-0.0117811815433462,0.0,-0.019416377775036336,0.0,0.053088488148372,0.0
1.794,-0.011819907752541933,0.0,-0.019309646737446996,0.0,0.05364253753609813,0.0
1.796,-0.011858419391614833,0.0,-0.01920180767952874,0.0,0.05419650496701931,0.0
1.798,-0.011896714244702214,0.0,-0.019092860786273105,0.0,0.05475036935507531,0.0
1.8,-0.011934790096353568,0.0,-0.0189828062848921,0.0,0.05530410956603987,0.0
1.802,-0.011972644731615108,0.0,-0.01887164444491375,0.0,0.055857704418216594,0.0
1.804,-0.012010275936114504,0.0,-0.018759375578276394,0.0,0.0564111326831374,0.0
1.806,-0.01204768149614579,0.0,-0.018646000039421403,0.0,0.05696437308626426,0.0
1.808,-0.012084859198754455,0.0,-0.018531518225384798,0.0,0.057517404307693365,0.0
1.81,-0.012121806831822738,0.0,-0.018415930575887144,0.0,0.05807020498286255,0.0
1.812,-0.012158522184155073,0.0,-0.018299237573422243,0.0,0.05862275370326146,0.0
1.814,-0.012195003045563731,0.0,-0.01818143974334418,0.0,0.059175029017144824,0.0
1.816,-0.012231247206954619,0.0,-0.018062537653953242,0.0,0.05972700943024782,0.0
1.818,-0.012267252460413266,0.0,-0.01794253191658016,0.0,0.060278673406505175,0.0
1.82,-0.012303016599290954,0.0,-0.017821423185669,0.0,0.06082999936877223,0.0
1.822,-0.012338537418291043,0.0,-0.017699212158858526,0.0,0.06138096569954962,0.0
1.824,-0.012373812713555433,0.0,-0.017575899577062338,0.0,0.061931550741709696,0.0
1.826,-0.012408840282751186,0.0,-0.017451486224547258,0.0,0.0624817327992264,0.0
1.828,-0.012443617925157312,0.0,-0.017325972929010475,0.0,0.06303149013790749,0.0
1.83,-0.01247814344175171,0.0,-0.017199360561655132,0.0,0.06358080098612964,0.0
1.832,-0.012512414635298268,0.0,-0.017071650037264356,0.0,0.06412964353557621,0.0
1.834,-0.012546429310434063,0.0,-0.016942842314274065,0.0,0.06467799594197701,0.0
1.836,-0.012580185273756764,0.0,-0.016812938394844018,0.0,0.06522583632585162,0.0
1.838,-0.012613680333912143,0.0,-0.016681939324927567,0.0,0.06577314277325455,0.0
1.84,-0.012646912301681718,0.0,-0.016549846194339704,0.0,0.06631989333652341,0.0
1.842,-0.01267987899007057,0.0,-0.01641666013682392,0.0,0.06686606603502926,0.0
1.844,-0.012712578214395242,0.0,-0.01628238233011728,0.0,0.06741163885592957,0.0
1.846,-0.012745007792371796,0.0,-0.016147013996014137,0.0,0.06795658975492379,0.0
1.848,-0.012777165544203996,0.0,-0.016010556400428203,0.0,0.06850089665701146,0.0
1.85,-0.012809049292671596,0.0,-0.01587301085345333,0.0,0.06904453745725214,0.0
1.852,-0.012840656863218787,0.0,-0.015734378709422524,0.0,0.06958749002152859,0.0
1.854,-0.012871986084042686,0.0,-0.015594661366965608,0.0,0.07012973218731157,0.0
1.856,-0.012903034786182032,0.0,-0.01545386026906514,0.0,0.07067124176442781,0.0
1.858,-0.012933800803605924,0.0,-0.015311976903111112,0.0,0.07121199653582937,0.0
1.86,-0.012964281973302686,0.0,-0.015169012800953823,0.0,0.07175197425836606,0.0
1.862,-0.012994476135368855,0.0,-0.015024969538955346,0.0,0.0722911526635598,0.0
1.864,-0.013024381133098239,0.0,-0.014879848738039316,0.0,0.07282950945838151,0.0
1.866,-0.013053994813071098,0.0,-0.014733652063739411,0.0,0.07336702232602967,0.0
1.868,-0.013083315025243408,0.0,-0.014586381226246,0.0,0.07390366892671175,0.0
1.87,-0.013112339623036217,0.0,-0.014438037980451414,0.0,0.07443942689842735,0.0
1.872,-0.013141066463425107,0.0,-0.014288624125993443,0.0,0.07497427385775404,0.0
1.874,-0.013169493407029706,0.0,-0.014138141507297572,0.0,0.0755081874006345,0.0
1.8760000000000001,-0.013197618318203312,0.0,-0.013986592013617363,0.0,0.07604114510316647,0.0
1.8780000000000001,-0.013225439065122602,0.0,-0.013833977579073386,0.0,0.07657312452239462,0.0
1.8800000000000001,-0.013252953519877379,0.0,-0.013680300182690425,0.0,0.07710410319710434,0.0
1.8820000000000001,-0.013280159558560446,0.0,-0.013525561848433381,0.0,0.07763405864861773,0.0
1.8840000000000001,-0.013307055061357488,0.0,-0.01336976464524128,0.0,0.07816296838159127,0.0
1.8860000000000001,-0.013333637912637083,0.0,-0.013212910687059862,0.0,0.07869080988481586,0.0
1.8880000000000001,-0.013359906001040726,0.0,-0.013055002132872395,0.0,0.07921756063201883,0.0
1.8900000000000001,-0.013385857219572934,0.0,-0.012896041186729174,0.0,0.07974319808266728,0.0
1.8920000000000001,-0.013411489465691432,0.0,-0.012736030097775125,0.0,0.08026769968277413,0.0
1.8940000000000001,-0.013436800641397335,0.0,-0.012574971160275918,0.0,0.08079104286570542,0.0
1.8960000000000001,-0.013461788653325443,0.0,-0.012412866713642506,0.0,0.08131320505298976,0.0
1.8980000000000001,-0.013486451412834532,0.0,-0.012249719142453847,0.0,0.08183416365512969,0.0
1.9000000000000001,-0.013510786836097728,0.0,-0.012085530876478331,0.0,0.08235389607241438,0.0
1.9020000000000001,-0.013534792844192898,0.0,-0.01192030439069329,0.0,0.0828723796957346,0.0
1.9040000000000001,-0.013558467363193091,0.0,-0.011754042205303007,0.0,0.08338959190739918,0.0
1.9060000000000001,-0.013581808324257,0.0,-0.011586746885754961,0.0,0.08390551008195332,0.0
1.9080000000000001,-0.013604813663719472,0.0,-0.011418421042754714,0.0,0.08442011158699828,0.0
1.9100000000000001,-0.013627481323182027,0.0,-0.011249067332278855,0.0,0.08493337378401307,0.0
1.9120000000000001,-0.013649809249603436,0.0,-0.01107868845558648,0.0,0.08544527402917773,0.0
1.9140000000000001,-0.01367179539539026,0.0,-0.010907287159228844,0.0,0.08595578967419813,0.0
1.9160000000000001,-0.01369343771848747,0.0,-0.010734866235057665,0.0,0.08646489806713212,0.0
1.9180000000000001,-0.013714734182469048,0.0,-0.010561428520231488,0.0,0.08697257655321768,0.0
1.92,-0.013735682756628596,0.0,-0.010386976897220518,0.0,0.08747880247570226,0.0
1.922,-0.013756281416069984,0.0,-0.010211514293809728,0.0,0.08798355317667399,0.0
1.924,-0.013776528141797962,0.0,-0.010035043683100351,0.0,0.08848680599789377,0.0
1.926,-0.01379642092080879,0.0,-0.00985756808350982,0.0,0.0889885382816292,0.0
1.928,-0.013815957746180895,0.0,-0.009679090558769783,0.0,0.08948872737148994,0.0
1.93,-0.013835136617165462,0.0,-0.009499614217922635,0.0,0.08998735061326428,0.0
1.932,-0.013853955539277074,0.0,-0.009319142215316349,0.0,0.09048438535575715,0.0
1.934,-0.01387241252438431,0.0,-0.009137677750597473,0.0,0.09097980895162967,0.0
1.936,-0.013890505590800338,0.0,-0.00895522406870278,0.0,0.0914735987582394,0.0
1.938,-0.013908232763373475,0.0,-0.008771784459848886,0.0,0.09196573213848248,0.0
1.94,-0.013925592073577749,0.0,-0.00858736225952042,0.0,0.09245618646163668,0.0
1.942,-0.013942581559603394,0.0,-0.00840196084845626,0.0,0.0929449391042059,0.0
1.944,-0.013959199266447392,0.0,-0.00821558365263445,0.0,0.09343196745076554,0.0
1.946,-0.01397544324600389,0.0,-0.008028234143255077,0.0,0.09391724889480924,0.0
1.948,-0.013991311557154643,0.0,-0.007839915836721636,0.0,0.09440076083959666,0.0
1.95,-0.014006802265859397,0.0,-0.007650632294620546,0.0,0.0948824806990027,0.0
1.952,-0.014021913445246238,0.0,-0.007460387123699247,0.0,0.09536238589836697,0.0
1.954,-0.014036643175701899,0.0,-0.00726918397584228,0.0,0.09584045387534526,0.0
1.956,-0.014050989544961983,0.0,-0.0070770265480459005,0.0,0.09631666208076133,0.0
1.958,-0.014064950648201175,0.0,-0.006883918582390726,0.0,0.09679098797946013,0.0
1.96,-0.014078524588123397,0.0,-0.006689863866013057,0.0,0.09726340905116165,0.0
1.962,-0.014091709475051851,0.0,-0.006494866231074134,0.0,0.09773390279131572,0.0
1.964,-0.01410450342701909,0.0,-0.006298929554727873,0.0,0.09820244671195803,0.0
1.966,-0.014116904569856904,0.0,-0.006102057759086744,0.0,0.09866901834256676,0.0
1.968,-0.014128911037286265,0.0,-0.005904254811186187,0.0,0.09913359523091986,0.0
1.97,-0.014140520971007094,0.0,-0.005705524722947041,0.0,0.09959615494395356,0.0
1.972,-0.014151732520788008,0.0,-0.005505871551136434,0.0,0.10005667506862133,0.0
1.974,-0.014162543844555979,0.0,-0.005305299397326744,0.0,0.10051513321275393,0.0
1.976,-0.01417295310848588,0.0,-0.005103812407853212,0.0,0.10097150700591964,0.0
1.978,-0.014182958487089992,0.0,-0.004901414773769437,0.0,0.1014257741002856,0.0
1.98,-0.014192558163307379,0.0,-0.004698110730801406,0.0,0.10187791217147979,0.0
1.982,-0.014201750328593183,0.0,-0.004493904559299574,0.0,0.1023278989194536,0.0
1.984,-0.014210533183007846,0.0,-0.004288800584189543,0.0,0.1027757120693446,0.0
1.986,-0.01421890493530618,0.0,-0.004082803174920709,0.0,0.10322132937234066,0.0
1.988,-0.014226863803026386,0.0,-0.003875916745413344,0.0,0.10366472860654384,0.0
1.99,-0.014234408012578918,0.0,-0.003668145754003793,0.0,0.10410588757783529,0.0
1.992,-0.014241535799335276,0.0,-0.0034594947033882335,0.0,0.10454478412074036,0.0
1.994,-0.014248245407716674,0.0,-0.0032499681405643906,0.0,0.10498139609929437,0.0
1.996,-0.014254535091282576,0.0,-0.0030395706567717257,0.0,0.10541570140790849,0.0
1.998,-0.014260403112819089,0.0,-0.0028283068874296793,0.0,0.10584767797223642,0.0
2.0,-0.014265847744427308,0.0,-0.00261618151207451,0.0,0.10627730375004102,0.0
2.0020000000000002,-0.014270867267611455,0.0,-0.002403199254294105,0.0,0.10670455673206147,0.0
2.004,-0.014275459973366935,0.0,-0.0021893648816611547,0.0,0.10712941494288086,0.0
2.0060000000000002,-0.01427962416226822,0.0,-0.001974683205664622,0.0,0.10755185644179369,0.0
2.008,-0.014283358144556606,0.0,-0.0017591590816394952,0.0,0.1079718593236738,0.0
2.0100000000000002,-0.014286660240227858,0.0,-0.0015427974086945854,0.0,0.10838940171984282,0.0
2.012,-0.014289528779119667,0.0,-0.0013256031296390094,0.0,0.10880446179893802,0.0
2.0140000000000002,-0.014291962100998994,0.0,-0.0011075812309065177,0.0,0.10921701776778112,0.0
2.016,-0.014293958555649203,0.0,-0.0008887367424783663,0.0,0.10962704787224659,0.0
2.0180000000000002,-0.014295516502957116,0.0,-0.0006690747378041723,0.0,0.11003453039813052,0.0
2.02,-0.01429663431299985,0.0,-0.0004486003337214224,0.0,0.11043944367201913,0.0
2.0220000000000002,-0.014297310366131527,0.0,-0.00022731869037286023,0.0,0.11084176606215759,0.0
2.024,-0.014297543053069782,0.0,-5.2350111224269e-06,0.0,0.11124147597931859,0.0
2.0260000000000002,-0.01429733077498213,0.0,0.00021764545753087325,0.0,0.11163855187767135,0.0
2.028,-0.014296671943572132,0.0,0.00044131742604036454,0.0,0.1120329722556496,0.0
2.0300000000000002,-0.014295564981165442,0.0,0.0006657755619012586,0.0,0.11242471565682056,0.0
2.032,-0.01429400832079559,0.0,0.0008910144897417548,0.0,0.11281376067075308,0.0
2.0340000000000003,-0.014292000406289642,0.0,0.0011170287914159978,0.0,0.11320008593388599,0.0
2.036,-0.01428953969235364,0.0,0.0013438130060984908,0.0,0.11358367013039564,0.0
2.0380000000000003,-0.014286624644657903,0.0,0.0015713616303806056,0.0,0.11396449199306422,0.0
2.04,-0.014283253739922043,0.0,0.0017996691183685513,0.0,0.11434253030414668,0.0
2.0420000000000003,-0.014279425465999866,0.0,0.00202872988178341,0.0,0.11471776389623854,0.0
2.044,-0.014275138321964061,0.0,0.0022585382900622442,0.0,0.11509017165314206,0.0
2.0460000000000003,-0.014270390818190606,0.0,0.002489088670461912,0.0,0.1154597325107334,0.0
2.048,-0.014265181476443081,0.0,0.002720375308163629,0.0,0.11582642545782826,0.0
2.05,-0.014259508829956682,0.0,0.0029523924463800335,0.0,0.116190229537048,0.0
2.052,-0.014253371423522052,0.0,0.0031851342864635517,0.0,0.11655112384568464,0.0
2.054,-0.014246767813568916,0.0,0.00341859498801636,0.0,0.11690908753656551,0.0
2.056,-0.014239696568249442,0.0,0.003652768669002833,0.0,0.11726409981891806,0.0
2.058,-0.014232156267521407,0.0,0.003887649405862696,0.0,0.11761613995923298,0.0
2.06,-0.014224145503231138,0.0,0.004123231233626868,0.0,0.11796518728212786,0.0
2.062,-0.014215662879196221,0.0,0.004359508146034028,0.0,0.11831122117120924,0.0
2.064,-0.01420670701128795,0.0,0.00459647409565009,0.0,0.11865422106993509,0.0
2.066,-0.014197276527513564,0.0,0.004834122993988256,0.0,0.11899416648247554,0.0
2.068,-0.014187370068098218,0.0,0.005072448711631662,0.0,0.11933103697457394,0.0
2.07,-0.014176986285566745,0.0,0.005311445078356987,0.0,0.11966481217440603,0.0
2.072,-0.014166123844825105,0.0,0.005551105883260646,0.0,0.11999547177343968,0.0
2.074,-0.01415478142324166,0.0,0.005791424874885823,0.0,0.12032299552729268,0.0
2.076,-0.014142957710728103,0.0,0.006032395761352005,0.0,0.12064736325659038,0.0
2.078,-0.014130651409820241,0.0,0.006274012210485343,0.0,0.1209685548478221,0.0
2.08,-0.01411786123575839,0.0,0.0065162678499518685,0.0,0.12128655025419714,0.0
2.082,-0.014104585916567571,0.0,0.006759156267391207,0.0,0.12160132949649907,0.0
2.084,-0.014090824193137452,0.0,0.0070026710105531,0.0,0.12191287266394014,0.0
2.086,-0.014076574819301994,0.0,0.00724680558743452,0.0,0.12222115991501344,0.0
2.088,-0.014061836561918773,0.0,0.007491553466419736,0.0,0.12252617147834542,0.0
2.09,-0.014046608200948104,0.0,0.007736908076420869,0.0,0.12282788765354591,0.0
2.092,-0.014030888529531816,0.0,0.007982862807021191,0.0,0.12312628881205856,0.0
2.094,-0.014014676354071815,0.0,0.008229411008619106,0.0,0.12342135539800883,0.0
2.096,-0.01399797049430824,0.0,0.008476545992574957,0.0,0.12371306792905183,0.0
2.098,-0.013980769783397441,0.0,0.008724261031358371,0.0,0.1240014069972182,0.0
2.1,-0.013963073067989575,0.0,0.00897254935869841,0.0,0.12428635326975973,0.0
2.102,-0.013944879208305993,0.0,0.00922140416973419,0.0,0.12456788748999245,0.0
2.104,-0.01392618707821619,0.0,0.009470818621168567,0.0,0.12484599047813992,0.0
2.106,-0.013906995565314596,0.0,0.009720785831422241,0.0,0.12512064313217394,0.0
2.108,-0.013887303570996915,0.0,0.009971298880790487,0.0,0.1253918264286549,0.0
2.11,-0.013867110010536293,0.0,0.010222350811600717,0.0,0.1256595214235698,0.0
2.112,-0.013846413813159032,0.0,0.010473934628372728,0.0,0.12592370925317015,0.0
2.114,-0.013825213922120076,0.0,0.010726043297979614,0.0,0.12618437113480702,0.0
2.116,-0.013803509294778133,0.0,0.010978669749811019,0.0,0.12644148836776578,0.0
2.118,-0.013781298902670481,0.0,0.011231806875937722,0.0,0.1266950423340986,0.0
2.12,-0.013758581731587425,0.0,0.011485447531278207,0.0,0.12694501449945614,0.0
2.122,-0.013735356781646446,0.0,0.011739584533766405,0.0,0.12719138641391659,0.0
2.124,-0.013711623067366027,0.0,0.011994210664521601,0.0,0.12743413971281464,0.0
2.126,-0.013687379617739057,0.0,0.012249318668019605,0.0,0.1276732561175673,0.0
2.128,-0.013662625476305978,0.0,0.012504901252266021,0.0,0.1279087174364993,0.0
2.13,-0.013637359701227552,0.0,0.012760951088970494,0.0,0.12814050556566584,0.0
2.132,-0.013611581365357261,0.0,0.013017460813723278,0.0,0.12836860248967444,0.0
2.134,-0.013585289556313402,0.0,0.013274423026173045,0.0,0.12859299028250457,0.0
2.136,-0.013558483376550731,0.0,0.013531830290206583,0.0,0.1288136511083256,0.0
2.138,-0.013531161943431859,0.0,0.013789675134129773,0.0,0.129030567222313,0.0
2.14,-0.013503324389298226,0.0,0.014047950050850579,0.0,0.12924372097146267,0.0
2.142,-0.01347496986154069,0.0,0.014306647498063386,0.0,0.12945309479540343,0.0
2.144,-0.013446097522669754,0.0,0.014565759898435348,0.0,0.12965867122720767,0.0
2.146,-0.013416706550385515,0.0,0.014825279639793585,0.0,0.12986043289419988,0.0
2.148,-0.01338679613764704,0.0,0.015085199075315046,0.0,0.1300583625187634,0.0
2.15,-0.013356365492741577,0.0,0.015345510523717016,0.0,0.13025244291914512,0.0
2.152,-0.013325413839353189,0.0,0.015606206269449968,0.0,0.1304426570102582,0.0
2.154,-0.013293940416631213,0.0,0.01586727856289128,0.0,0.13062898780448257,0.0
2.156,-0.013261944479258079,0.0,0.01612871962054152,0.0,0.13081141841246371,0.0
2.158,-0.013229425297516955,0.0,0.01639052162522121,0.0,0.13098993204390869,0.0
2.16,-0.013196382157358869,0.0,0.01665267672627029,0.0,0.13116451200838095,0.0
2.162,-0.013162814360469517,0.0,0.016915177039747997,0.0,0.1313351417160919,0.0
2.164,-0.013128721224335543,0.0,0.017178014648635616,0.0,0.13150180467869124,0.0
2.166,-0.013094102082310573,0.0,0.017441181603039625,0.0,0.1316644845100543,0.0
2.168,-0.01305895628368069,0.0,0.01770466992039732,0.0,0.13182316492706772,0.0
2.17,-0.013023283193729647,0.0,0.017968471585683148,0.0,0.1319778297504121,0.0
2.172,-0.012987082193803484,0.0,0.018232578551617667,0.0,0.13212846290534327,0.0
2.174,-0.012950352681374924,0.0,0.018496982738876934,0.0,0.13227504842247034,0.0
2.176,-0.012913094070107154,0.0,0.018761676036304475,0.0,0.13241757043853175,0.0
2.178,-0.012875305789917408,0.0,0.019026650301123743,0.0,0.132556013197169,0.0
2.18,-0.012836987287039834,0.0,0.01929189735915332,0.0,0.13269036104969756,0.0
2.182,-0.012798138024088218,0.0,0.019557409005022522,0.0,0.13282059845587557,0.0
2.184,-0.012758757480118057,0.0,0.019823177002389475,0.0,0.1329467099846701,0.0
2.186,-0.012718845150688373,0.0,0.020089193084159795,0.0,0.1330686803150205,0.0
2.188,-0.012678400547922897,0.0,0.020355448952707876,0.0,0.13318649423659962,0.0
2.19,-0.012637423200570983,0.0,0.020621936280098608,0.0,0.133300136650572,0.0
2.192,-0.01259591265406795,0.0,0.020888646708311545,0.0,0.13340959257034965,0.0
2.194,-0.012553868470595114,0.0,0.02115557184946564,0.0,0.1335148471223454,0.0
2.196,-0.012511290229139157,0.0,0.02142270328604661,0.0,0.13361588554672288,0.0
2.198,-0.012468177525551282,0.0,0.02169003257113465,0.0,0.13371269319814447,0.0
2.2,-0.012424529972605697,0.0,0.02195755122863461,0.0,0.1338052555465161,0.0
2.202,-0.012380347200057852,0.0,0.022225250753506703,0.0,0.13389355817772935,0.0
2.204,-0.012335628854701962,0.0,0.022493122611999858,0.0,0.1339775867944008,0.0
2.206,-0.0122903746004283,0.0,0.022761158241885352,0.0,0.13405732721660849,0.0
2.208,-0.012244584118279844,0.0,0.02302934905269289,0.0,0.13413276538262536,0.0
2.21,-0.01219825710650861,0.0,0.023297686425947223,0.0,0.13420388734965003,0.0
2.212,-0.012151393280631312,0.0,0.023566161715407354,0.0,0.13427067929453457,0.0
2.214,-0.012103992373484751,0.0,0.02383476624730603,0.0,0.13433312751450902,0.0
2.216,-0.012056054135280554,0.0,0.024103491320591655,0.0,0.13439121842790358,0.0
2.218,-0.01200757833365959,0.0,0.024372328207170665,0.0,0.1344449385748668,0.0
2.22,-0.011958564753745689,0.0,0.024641268152152535,0.0,0.1344942746180818,0.0
2.222,-0.011909013198199094,0.0,0.024910302374095007,0.0,0.1345392133434784,0.0
2.224,-0.011858923487269244,0.0,0.02517942206525173,0.0,0.13457974166094291,0.0
2.226,-0.011808295458847233,0.0,0.025448618391820416,0.0,0.13461584660502446,0.0
2.228,-0.011757128968517532,0.0,0.02571788249419337,0.0,0.13464751533563787,0.0
2.23,-0.011705423889609478,0.0,0.025987205487208478,0.0,0.134674735138764,0.0
2.232,-0.011653180113248016,0.0,0.026256578460402448,0.0,0.13469749342714613,0.0
2.234,-0.011600397548404197,0.0,0.026525992478264537,0.0,0.1347157777409838,0.0
2.236,-0.011547076121944841,0.0,0.026795438580492707,0.0,0.13472957574862274,0.0
2.238,-0.011493215778682007,0.0,0.027064907782250118,0.0,0.13473887524724168,0.0
2.24,-0.011438816481421692,0.0,0.027334391074423918,0.0,0.134743664163536,0.0
2.242,-0.011383878211012256,0.0,0.027603879423884422,0.0,0.13474393055439798,0.0
2.244,-0.011328400966392035,0.0,0.027873363773746787,0.0,0.1347396626075934,0.0
2.246,-0.01127238476463674,0.0,0.02814283504363293,0.0,0.13473084864243473,0.0
2.248,-0.011215829641006045,0.0,0.028412284129935714,0.0,0.13471747711045123,0.0
2.25,-0.011158735648989926,0.0,0.028681701906083518,0.0,0.1346995365960552,0.0
2.2520000000000002,-0.011101102860354166,0.0,0.028951079222807284,0.0,0.13467701581720476,0.0
2.254,-0.011042931365185608,0.0,0.029220406908407826,0.0,0.13464990362606316,0.0
2.2560000000000002,-0.010984221271936698,0.0,0.029489675769025035,0.0,0.13461818900965475,0.0
2.258,-0.010924972707469524,0.0,0.029758876588908245,0.0,0.13458186109051667,0.0
2.2600000000000002,-0.010865185817099336,0.0,0.030028000130688036,0.0,0.13454090912734779,0.0
2.262,-0.010804860764637512,0.0,0.03029703713564893,0.0,0.134495322515653,0.0
2.2640000000000002,-0.010743997732434006,0.0,0.030565978324003866,0.0,0.13444509078838507,0.0
2.266,-0.010682596921419173,0.0,0.030834814395169656,0.0,0.13439020361658155,0.0
2.2680000000000002,-0.010620658551145076,0.0,0.031103536028043898,0.0,0.13433065080999856,0.0
2.27,-0.010558182859826305,0.0,0.031372133881282786,0.0,0.13426642231774089,0.0
2.2720000000000002,-0.01049517010438013,0.0,0.03164059859358069,0.0,0.13419750822888799,0.0
2.274,-0.010431620560466174,0.0,0.031908920783950565,0.0,0.13412389877311637,0.0
2.2760000000000002,-0.010367534522525453,0.0,0.032177091052005974,0.0,0.13404558432131797,0.0
2.278,-0.010302912303818938,0.0,0.032445099978243824,0.0,0.13396255538621488,0.0
2.2800000000000002,-0.010237754236465495,0.0,0.032712938124328905,0.0,0.1338748026229699,0.0
2.282,-0.010172060671479247,0.0,0.0329805960333792,0.0,0.1337823168297935,0.0
2.2840000000000003,-0.010105831978806368,0.0,0.03324806423025281,0.0,0.1336850889485462,0.0
2.286,-0.010039068547361365,0.0,0.033515333221835544,0.0,0.13358311006533788,0.0
2.2880000000000003,-0.00997177078506269,0.0,0.03378239349733028,0.0,0.13347637141112229,0.0
2.29,-0.009903939118867854,0.0,0.03404923552854702,0.0,0.13336486436228798,0.0
2.2920000000000003,-0.009835573994807834,0.0,0.0343158497701947,0.0,0.1332485804412447,0.0
2.294,-0.009766675878021148,0.0,0.034582226660173285,0.0,0.1331275113170066,0.0
2.2960000000000003,-0.009697245252786979,0.0,0.034848356619868105,0.0,0.13300164880577,0.0
2.298,-0.009627282622558074,0.0,0.03511423005444436,0.0,0.1328709848714884,0.0
2.3000000000000003,-0.009556788509992767,0.0,0.0353798373531436,0.0,0.13273551162644226,0.0
2.302,-0.00948576345698666,0.0,0.03564516888958043,0.0,0.1325952213318052,0.0
2.3040000000000003,-0.009414208024703434,0.0,0.03591021502204149,0.0,0.13245010639820576,0.0
2.306,-0.00934212279360532,0.0,0.036174966093784344,0.0,0.1323001593862848,0.0
2.308,-0.009269508363482788,0.0,0.03643941243333847,0.0,0.13214537300724905,0.0
2.31,-0.009196365353483704,0.0,0.036703544354806786,0.0,0.13198574012341968,0.0
2.312,-0.009122694402141985,0.0,0.03696735215816824,0.0,0.1318212537487775,0.0
2.314,-0.009048496167405367,0.0,0.03723082612958206,0.0,0.13165190704950266,0.0
2.316,-0.008973771326662905,0.0,0.03749395654169233,0.0,0.13147769334451115,0.0
2.318,-0.008898520576771549,0.0,0.03775673365393435,0.0,0.13129860610598576,0.0
2.32,-0.008822744634082438,0.0,0.038019147712841164,0.0,0.131114638959904,0.0
2.322,-0.008746444234466183,0.0,0.03828118895235234,0.0,0.13092578568655983,0.0
2.324,-0.008669620133337932,0.0,0.03854284759412253,0.0,0.13073204022108273,0.0
2.326,-0.008592273105681468,0.0,0.03880411384783212,0.0,0.13053339665395067,0.0
2.328,-0.008514403946073036,0.0,0.039064977911497975,0.0,0.1303298492315001,0.0
2.33,-0.008436013468704158,0.0,0.03932542997178621,0.0,0.13012139235642986,0.0
2.332,-0.008357102507404164,0.0,0.03958546020432482,0.0,0.12990802058830175,0.0
2.334,-0.008277671915661847,0.0,0.039845058774018484,0.0,0.12968972864403575,0.0
2.336,-0.008197722566646755,0.0,0.04010421583536321,0.0,0.12946651139840126,0.0
2.338,-0.008117255353229484,0.0,0.040362921532763045,0.0,0.129238363884503,0.0
2.34,-0.008036271188001713,0.0,0.04062116600084677,0.0,0.12900528129426272,0.0
2.342,-0.007954771003295315,0.0,0.040878939364786496,0.0,0.12876725897889604,0.0
2.344,-0.007872755751201103,0.0,0.04113623174061606,0.0,0.12852429244938499,0.0
2.346,-0.007790226403586598,0.0,0.04139303323555181,0.0,0.12827637737694497,0.0
2.348,-0.007707183952113506,0.0,0.04164933394831288,0.0,0.12802350959348788,0.0
2.35,-0.007623629408254251,0.0,0.041905123969443556,0.0,0.1277656850920796,0.0
2.352,-0.007539563803308183,0.0,0.04216039338163545,0.0,0.12750290002739395,0.0
2.354,-0.007454988188416741,0.0,0.042415132260051794,0.0,0.12723515071615987,0.0
2.356,-0.007369903634578375,0.0,0.04266933067265156,0.0,0.12696243363760598,0.0
2.358,-0.0072843112326624725,0.0,0.04292297868051518,0.0,0.12668474543389835,0.0
2.36,-0.007198212093422973,0.0,0.04317606633817044,0.0,0.12640208291057492,0.0
2.362,-0.007111607347510939,0.0,0.043428583693920296,0.0,0.1261144430369737,0.0
2.364,-0.007024498145486827,0.0,0.043680520790170235,0.0,0.12582182294665692,0.0
2.366,-0.006936885657831906,0.0,0.04393186766375759,0.0,0.1255242199378301,0.0
2.368,-0.006848771074959071,0.0,0.04418261434628101,0.0,0.1252216314737558,0.0
2.37,-0.006760155607222939,0.0,0.04443275086443123,0.0,0.12491405518316244,0.0
2.372,-0.0066710404849294165,0.0,0.044682267240322045,0.0,0.12460148886064853,0.0
2.374,-0.006581426958344481,0.0,0.044931153491822765,0.0,0.12428393046708136,0.0
2.376,-0.006491316297702343,0.0,0.04517939963289096,0.0,0.12396137812999095,0.0
2.378,-0.00640070979321289,0.0,0.04542699567390637,0.0,0.12363383014395862,0.0
2.38,-0.006309608755068589,0.0,0.04567393162200513,0.0,0.12330128497100076,0.0
2.382,-0.006218014513450595,0.0,0.04592019748141526,0.0,0.12296374124094747,0.0
2.384,-0.006125928418534243,0.0,0.04616578325379245,0.0,0.1226211977518156,0.0
2.386,-0.006033351840493801,0.0,0.04641067893855707,0.0,0.12227365347017727,0.0
2.388,-0.005940286169506697,0.0,0.04665487453323138,0.0,0.12192110753152269,0.0
2.39,-0.005846732815756925,0.0,0.046898360033777925,0.0,0.12156355924061818,0.0
2.392,-0.005752693209437835,0.0,0.047141125434938175,0.0,0.12120100807185864,0.0
2.394,-0.005658168800754168,0.0,0.04738316073057258,0.0,0.12083345366961468,0.0
2.396,-0.005563161059923666,0.0,0.047624455914000316,0.0,0.12046089584857542,0.0
2.398,-0.00546767147717757,0.0,0.047865000978340774,0.0,0.12008333459408435,0.0
2.4,-0.005371701562760876,0.0,0.04810478591685476,0.0,0.1197007700624717,0.0
2.402,-0.005275252846931549,0.0,0.04834380072328722,0.0,0.1193132025813798,0.0
2.404,-0.0051783268799594166,0.0,0.04858203539220967,0.0,0.11892063265008493,0.0
2.406,-0.005080925232123931,0.0,0.04881947991936439,0.0,0.11852306093981169,0.0
2.408,-0.004983049493711684,0.0,0.049056124302008064,0.0,0.11812048829404409,0.0
2.41,-0.004884701275012868,0.0,0.04929195853925711,0.0,0.11771291572882936,0.0
2.412,-0.004785882206317419,0.0,0.04952697263243253,0.0,0.11730034443307827,0.0
2.414,-0.004686593937910012,0.0,0.04976115658540656,0.0,0.11688277576885797,0.0
2.416,-0.004586838140064828,0.0,0.04999450040494877,0.0,0.11646021127168116,0.0
2.418,-0.004486616503039233,0.0,0.05022699410107363,0.0,0.11603265265078841,0.0
2.42,-0.0043859307370671535,0.0,0.05045862768738777,0.0,0.11560010178942652,0.0
2.422,-0.004284782572351296,0.0,0.050689391181438816,0.0,0.11516256074511931,0.0
2.424,-0.004183173759055129,0.0,0.05091927460506376,0.0,0.11472003174993511,0.0
2.426,-0.004081106067293775,0.0,0.05114826798473867,0.0,0.11427251721074676,0.0
2.428,-0.003978581287124606,0.0,0.05137636135192815,0.0,0.113820019709488,0.0
2.43,-0.003875601228536653,0.0,0.05160354474343616,0.0,0.1133625420034021,0.0
2.432,-0.0037721677214397975,0.0,0.05182980820175649,0.0,0.11290008702528691,0.0
2.434,-0.0036682826156528604,0.0,0.05205514177542444,0.0,0.11243265788373275,0.0
2.436,-0.003563947780891389,0.0,0.052279535519368286,0.0,0.11196025786335638,0.0
2.438,-0.0034591651067542553,0.0,0.052502979495261975,0.0,0.111482890425027,0.0
2.44,-0.0033539365027100356,0.0,0.05272546377187739,0.0,0.11100055920608906,0.0
2.442,-0.0032482638980822795,0.0,0.05294697842543804,0.0,0.11051326802057726,0.0
2.444,-0.003142149242034473,0.0,0.05316751353997203,0.0,0.11002102085942816,0.0
2.446,-0.0030355945035538162,0.0,0.05338705920766673,0.0,0.10952382189068335,0.0
2.448,-0.0029286016714347727,0.0,0.053605605529222625,0.0,0.10902167545968934,0.0
2.45,-0.002821172754261501,0.0,0.053823142614208605,0.0,0.10851458608929013,0.0
2.452,-0.002713309780389993,0.0,0.054039660581416606,0.0,0.10800255848001546,0.0
2.454,-0.002605014797929003,0.0,0.05425514955921771,0.0,0.1074855975102613,0.0
2.456,-0.002496289874720762,0.0,0.05446959968591764,0.0,0.10696370823646681,0.0
2.458,-0.002387137098320562,0.0,0.05468300111011337,0.0,0.10643689589328349,0.0
2.46,-0.0022775585759760497,0.0,0.054895343991049256,0.0,0.1059051658937407,0.0
2.462,-0.002167556434605301,0.0,0.05510661849897448,0.0,0.10536852382940265,0.0
2.464,-0.002057132820774689,0.0,0.055316814815499854,0.0,0.10482697547052236,0.0
2.466,-0.0019462899006756063,0.0,0.05552592313395564,0.0,0.10428052676618729,0.0
2.468,-0.0018350298601009078,0.0,0.05573393365974903,0.0,0.10372918384446173,0.0
2.47,-0.0017233549044201183,0.0,0.05594083661072269,0.0,0.10317295301252019,0.0
2.472,-0.001611267258554442,0.0,0.0561466222175126,0.0,0.102611840756778,0.0
2.474,-0.0014987691669506214,0.0,0.05635128072390713,0.0,0.10204585374301342,0.0
2.476,-0.001385862893554509,0.0,0.056554802387205484,0.0,0.10147499881648639,0.0
2.478,-0.00127255072178341,0.0,0.056757177478577135,0.0,0.10089928300204848,0.0
2.48,-0.0011588349544982203,0.0,0.05695839628342076,0.0,0.10031871350424953,0.0
2.482,-0.0010447179139744095,0.0,0.05715844910172415,0.0,0.09973329770743648,0.0
2.484,-0.0009302019418727236,0.0,0.057357326248423345,0.0,0.0991430431758478,0.0
2.486,-0.0008152893992086472,0.0,0.05755501805376314,0.0,0.09854795765370003,0.0
2.488,-0.0006999826663216683,0.0,0.0577515148636566,0.0,0.0979480490652705,0.0
2.49,-0.0005842841428433778,0.0,0.05794680704004564,0.0,0.09734332551497196,0.0
2.492,-0.00046819624766529695,0.0,0.058140884961261,0.0,0.09673379528742361,0.0
2.494,-0.0003517214189054531,0.0,0.05833373902238308,0.0,0.09611946684751303,0.0
2.496,-0.00023486211387476526,0.0,0.05852535963560226,0.0,0.09550034884045518,0.0
2.498,-0.00011762080904225767,0.0,0.058715737230579865,0.0,0.09487645009184292,0.0
2.5,-5.740531871003218e-18,0.0,0.058904862254808614,0.0,0.09424777960769383,0.0
2.5020000000000002,0.00011799779857317845,0.0,0.05909272517397393,0.0,0.09361434657448796,0.0
2.504,0.0002363700529482635,0.0,0.05927931647231452,0.0,0.0929761603592027,0.0
2.5060000000000002,0.000355114210383571,0.0,0.0594646266529837,0.0,0.09233323050933921,0.0
2.508,0.0004742276991629228,0.0,0.05964864623841017,0.0,0.09168556675294412,0.0
2.5100000000000002,0.0005937079286346384,0.0,0.05983136577065947,0.0,0.091033178998624,0.0
2.512,0.0007135522892510426,0.0,0.06001277581179481,0.0,0.0903760773355552,0.0
2.5140000000000002,0.0008337581526089065,0.0,0.06019286694423836,0.0,0.08971427203348617,0.0
2.516,0.0009543228714904837,0.0,0.06037162977113228,0.0,0.08904777354273444,0.0
2.5180000000000002,0.0010752437799053979,0.0,0.06054905491670008,0.0,0.08837659249417676,0.0
2.52,0.0011965181931330366,0.0,0.0607251330266074,0.0,0.08770073969923439,0.0
2.5220000000000002,0.001318143407765885,0.0,0.060899854768323394,0.0,0.08702022614985086,0.0
2.524,0.0014401167017534468,0.0,0.06107321083148146,0.0,0.08633506301846432,0.0
2.5260000000000002,0.0015624353344470252,0.0,0.061245191928240496,0.0,0.08564526165797315,0.0
2.528,0.0016850965466450002,0.0,0.061415788793645495,0.0,0.08495083360169638,0.0
2.5300000000000002,0.0018080975606390515,0.0,0.06158499218598854,0.0,0.08425179056332696,0.0
2.532,0.0019314355802609686,0.0,0.061752792887169373,0.0,0.08354814443687933,0.0
2.5340000000000003,0.002055107790930315,0.0,0.06191918170305618,0.0,0.08283990729663018,0.0
2.536,0.002179111359702591,0.0,0.06208414946384571,0.0,0.08212709139705425,0.0
2.5380000000000003,0.002303443435318345,0.0,0.062247687024423924,0.0,0.08140970917275264,0.0
2.54,0.0024281011482528603,0.0,0.06240978526472599,0.0,0.08068777323837557,0.0
2.5420000000000003,0.0025530816107667323,0.0,0.06257043509009647,0.0,0.07996129638853823,0.0
2.544,0.002678381916956798,0.0,0.06272962743164885,0.0,0.07923029159773223,0.0
2.5460000000000003,0.002803999142808345,0.0,0.06288735324662562,0.0,0.07849477202022775,0.0
2.548,0.0029299303462474633,0.0,0.06304360351875728,0.0,0.07775475098997264,0.0
2.5500000000000003,0.0030561725671946014,0.0,0.063198369258622,0.0,0.0770102420204826,0.0
2.552,0.00318272282761836,0.0,0.06335164150400437,0.0,0.07626125880472791,0.0
2.5540000000000003,0.003309578131590566,0.0,0.06350341132025429,0.0,0.07550781521501032,0.0
2.556,0.003436735465341498,0.0,0.06365366980064543,0.0,0.07474992530283744,0.0
2.5580000000000003,0.0035641917973163206,0.0,0.06380240806673375,0.0,0.07398760329878759,0.0
2.56,0.003691944078231729,0.0,0.06394961726871505,0.0,0.07322086361237157,0.0
2.562,0.0038199892411338856,0.0,0.0640952885857832,0.0,0.07244972083188467,0.0
2.564,0.003948324201456616,0.0,0.06423941322648721,0.0,0.07167418972425502,0.0
2.566,0.004076945857080421,0.0,0.06438198242908842,0.0,0.07089428523488522,0.0
2.568,0.004205851088392456,0.0,0.06452298746191744,0.0,0.0701100224874861,0.0
2.57,0.004335036758346739,0.0,0.06466241962373029,0.0,0.06932141678390694,0.0
2.572,0.004464499712525686,0.0,0.06480027024406484,0.0,0.06852848360395594,0.0
2.574,0.004594236779201752,0.0,0.0649365306835963,0.0,0.06773123860521782,0.0
2.576,0.004724244769400286,0.0,0.06507119233449271,0.0,0.06692969762286224,0.0
2.578,0.004854520476962606,0.0,0.06520424662076979,0.0,0.06612387666944886,0.0
2.58,0.004985060678610362,0.0,0.0653356849986457,0.0,0.06531379193472227,0.0
2.582,0.0051158621340100284,0.0,0.065465498956895,0.0,0.06449945978540483,0.0
2.584,0.005246921585838588,0.0,0.06559368001720266,0.0,0.0636808967649794,0.0
2.586,0.00537823575984944,0.0,0.06572021973451697,0.0,0.0628581195934694,0.0
2.588,0.0055098013649396045,0.0,0.06584510969740279,0.0,0.06203114516720851,0.0
2.59,0.005641615093217015,0.0,0.06596834152839366,0.0,0.06119999055860789,0.0
2.592,0.005773673620069057,0.0,0.0660899068843439,0.0,0.060364673015914104,0.0
2.594,0.005905973604231278,0.0,0.0662097974567799,0.0,0.059525209962963524,0.0
2.596,0.006038511687857404,0.0,0.06632800497225115,0.0,0.05868161899892687,0.0
2.598,0.006171284496589452,0.0,0.06644452119268052,0.0,0.05783391789805131,0.0
2.6,0.006304288639629073,0.0,0.06655933791571429,0.0,0.05698212460939275,0.0
2.602,0.006437520709809058,0.0,0.06667244697507142,0.0,0.056126257256545124,0.0
2.604,0.0065709772836661726,0.0,0.06678384024089239,0.0,0.05526633413735987,0.0
2.606,0.006704654921514043,0.0,0.06689350962008733,0.0,0.05440237372366212,0.0
2.608,0.006838550167517302,0.0,0.06700144705668386,0.0,0.053534394660958266,0.0
2.61,0.006972659549765878,0.0,0.06710764453217391,0.0,0.0526624157681398,0.0
2.612,0.007106979580350601,0.0,0.06721209406586047,0.0,0.05178645603717716,0.0
2.614,0.007241506755438911,0.0,0.06731478771520318,0.0,0.050906534632811036,0.0
2.616,0.0073762375553516404,0.0,0.06741571757616374,0.0,0.05002267089223495,0.0
2.618,0.0075111684446403015,0.0,0.06751487578355037,0.0,0.04913488432477246,0.0
2.62,0.007646295872165237,0.0,0.06761225451136185,0.0,0.04824319461154722,0.0
2.622,0.007781616271174179,0.0,0.06770784597313065,0.0,0.04734762160514837,0.0
2.624,0.007917126059381786,0.0,0.06780164242226569,0.0,0.04644818532928779,0.0
2.626,0.008052821639049657,0.0,0.06789363615239402,0.0,0.0455449059784522,0.0
2.628,0.00818869939706723,0.0,0.06798381949770234,0.0,0.044637803917547875,0.0
2.63,0.008324755705033075,0.0,0.06807218483327705,0.0,0.043726899681540844,0.0
2.632,0.008460986919337153,0.0,0.06815872457544442,0.0,0.04281221397508891,0.0
2.634,0.008597389381243572,0.0,0.06824343118210932,0.0,0.04189376767216853,0.0
2.636,0.008733959416974186,0.0,0.06832629715309366,0.0,0.04097158181569431,0.0
2.638,0.00887069333779261,0.0,0.06840731503047365,0.0,0.04004567761713399,0.0
2.64,0.00900758744008918,0.0,0.06848647739891682,0.0,0.03911607645611529,0.0
2.642,0.009144638005466409,0.0,0.06856377688601768,0.0,0.03818279988002766,0.0
2.644,0.009281841300825303,0.0,0.068639206162633,0.0,0.03724586960361647,0.0
2.646,0.009419193578451956,0.0,0.06871275794321603,0.0,0.03630530750857355,0.0
2.648,0.009556691076105408,0.0,0.06878442498615002,0.0,0.035361135643117485,0.0
2.65,0.009694330017105552,0.0,0.06885420009408078,0.0,0.03441337622157165,0.0
2.652,0.00983210661042223,0.0,0.06892207611424854,0.0,0.03346205162393284,0.0
2.654,0.009970017050764482,0.0,0.06898804593881891,0.0,0.03250718439543651,0.0
2.656,0.010108057518671032,0.0,0.06905210250521276,0.0,0.03154879724611227,0.0
2.658,0.010246224180600855,0.0,0.06911423879643541,0.0,0.030586913050337103,0.0
2.66,0.010384513189024924,0.0,0.06917444784140503,0.0,0.029621554846378365,0.0
2.662,0.010522920682518058,0.0,0.06923272271527967,0.0,0.0286527458359348,0.0
2.664,0.010661442785852075,0.0,0.06928905653978394,0.0,0.027680509383666604,0.0
2.666,0.010800075610088965,0.0,0.06934344248353429,0.0,0.02670486901672374,0.0
2.668,0.010938815252675222,0.0,0.06939587376236357,0.0,0.025725848424264328,0.0
2.67,0.011077657797536335,0.0,0.06944634363964454,0.0,0.02474347145697048,0.0
2.672,0.011216599315172507,0.0,0.06949484542661245,0.0,0.02375776212655374,0.0
2.674,0.011355635862754428,0.0,0.0695413724826866,0.0,0.02276874460525849,0.0
2.676,0.011494763484220199,0.0,0.06958591821579088,0.0,0.021776443225355394,0.0
2.678,0.011633978210372362,0.0,0.06962847608267328,0.0,0.02078088247863294,0.0
2.68,0.011773276058976231,0.0,0.06966903958922455,0.0,0.01978208701587754,0.0
2.682,0.011912653034858159,0.0,0.06970760229079544,0.0,0.018780081646352753,0.0
2.684,0.012052105130005073,0.0,0.0697441577925134,0.0,0.017774891337267895,0.0
2.686,0.012191628323664017,0.0,0.06977869974959774,0.0,0.016766541213244793,0.0
2.688,0.01233121858244299,0.0,0.06981122186767395,0.0,0.015755056555773556,0.0
2.69,0.012470871860411792,0.0,0.06984171790308696,0.0,0.014740462802667054,0.0
2.692,0.012610584099204012,0.0,0.06987018166321313,0.0,0.01372278554750507,0.0
2.694,0.012750351228119123,0.0,0.06989660700677133,0.0,0.012702050539076637,0.0
2.696,0.0128901691642258,0.0,0.06992098784413278,0.0,0.011678283680811252,0.0
2.698,0.013030033812465239,0.0,0.0699433181376296,0.0,0.010651511030208935,0.0
2.7,0.013169941065755652,0.0,0.06996359190186266,0.0,0.009621758798260216,0.0
2.702,0.013309886805096803,0.0,0.06998180320400765,0.0,0.008589053348863868,0.0
2.704,0.013449866899675806,0.0,0.0699979461641206,0.0,0.007553421198234059,0.0
2.706,0.013589877206972892,0.0,0.07001201495544171,0.0,0.006514889014306149,0.0
2.708,0.013729913572868345,0.0,0.07002400380469831,0.0,0.0054734836161321465,0.0
2.71,0.013869971831749464,0.0,0.07003390699240644,0.0,0.0044292319732748275,0.0
2.712,0.014010047806618783,0.0,0.07004171885317127,0.0,0.003382161205190415,0.0
2.714,0.014150137309202285,0.0,0.07004743377598623,0.0,0.002332298580610126,0.0
2.716,0.014290236140058673,0.0,0.07005104620453101,0.0,0.0012796715169122869,0.0
2.718,0.014430340088688787,0.0,0.07005255063746813,0.0,0.00022430757949185032,0.0
2.72,0.01457044493364619,0.0,0.07005194162873842,0.0,-0.0008337655188807164,0.0
2.722,0.01471054644264772,0.0,0.07004921378785506,0.0,-0.0018945199187014178,0.0
2.724,0.014850640372685193,0.0,0.07004436178019646,0.0,-0.002957927614384931,0.0
2.726,0.014990722470137103,0.0,0.07003738032729774,0.0,-0.004023960454918582,0.0
2.728,0.015130788470881607,0.0,0.07002826420714091,0.0,-0.005092590144527218,0.0
2.73,0.015270834100409362,0.0,0.07001700825444365,0.0,-0.006163788243338769,0.0
2.732,0.015410855073937576,0.0,0.07000360736094706,0.0,-0.007237526168060282,0.0
2.734,0.015550847096524047,0.0,0.06998805647570164,0.0,-0.008313775192655443,0.0
2.736,0.015690805863182354,0.0,0.06997035060535212,0.0,-0.00939250644903264,0.0
2.738,0.015830727058997098,0.0,0.06995048481442086,0.0,-0.010473690927734425,0.0
2.74,0.015970606359240153,0.0,0.06992845422558994,0.0,-0.011557299478636596,0.0
2.742,0.016110439429486978,0.0,0.0699042540199818,0.0,-0.012643302811649104,0.0
2.744,0.016250221925734134,0.0,0.06987787943743842,0.0,-0.0137316714974276,0.0
2.746,0.01638994949451668,0.0,0.06984932577679913,0.0,-0.014822375968086055,0.0
2.748,0.016529617773026695,0.0,0.0698185883961769,0.0,-0.015915386517918753,0.0
2.75,0.016669222389231853,0.0,0.06978566271323351,0.0,-0.017010673304124646,0.0
2.7520000000000002,0.016808758961995053,0.0,0.0697505442054526,0.0,-0.018108206347541622,0.0
2.754,0.016948223101194152,0.0,0.06971322841041203,0.0,-0.01920795553338256,0.0
2.7560000000000002,0.01708761040784249,0.0,0.06967371092605423,0.0,-0.020309890611979214,0.0
2.758,0.017226916474209847,0.0,0.06963198741095519,0.0,-0.021413981199531015,0.0
2.7600000000000002,0.0173661368839441,0.0,0.06958805358459198,0.0,-0.0225201967788609,0.0
2.762,0.017505267212193112,0.0,0.06954190522760881,0.0,-0.02362850670017412,0.0
2.7640000000000002,0.01764430302572748,0.0,0.06949353818208148,0.0,-0.024738880181825393,0.0
2.766,0.017783239883063538,0.0,0.06944294835178023,0.0,-0.025851286311089947,0.0
2.7680000000000002,0.01792207333458718,0.0,0.06939013170243122,0.0,-0.026965694044941715,0.0
2.77,0.018060798922677816,0.0,0.06933508426197624,0.0,-0.028082072210834863,0.0
2.7720000000000002,0.018199412181833234,0.0,0.06927780212083116,0.0,-0.02920038950749325,0.0
2.774,0.018337908638794694,0.0,0.0692182814321424,0.0,-0.030320614505703683,0.0
2.7760000000000002,0.01847628381267278,0.0,0.06915651841204208,0.0,-0.03144271564911648,0.0
2.778,0.018614533215073437,0.0,0.06909250933990145,0.0,-0.03256666125504891,0.0
2.7800000000000002,0.01875265235022486,0.0,0.0690262505585829,0.0,-0.03369241951529704,0.0
2.782,0.018890636715104624,0.0,0.06895773847468993,0.0,-0.034819958496950756,0.0
2.7840000000000003,0.019028481799567534,0.0,0.06888696955881597,0.0,-0.035949246143216415,0.0
2.786,0.019166183086473696,0.0,0.06881394034579116,0.0,-0.037080250274242096,0.0
2.7880000000000003,0.019303736051817375,0.0,0.06873864743492783,0.0,-0.038212938587951314,0.0
2.79,0.01944113616485609,0.0,0.0686610874902639,0.0,-0.03934727866087956,0.0
2.7920000000000003,0.019578378888240454,0.0,0.06858125724080481,0.0,-0.04048323794901881,0.0
2.794,0.019715459678144136,0.0,0.06849915348076413,0.0,-0.04162078378866385,0.0
2.7960000000000003,0.019852373984394763,0.0,0.0684147730698016,0.0,-0.04275988339726837,0.0
2.798,0.019989117250604815,0.0,0.06832811293326019,0.0,-0.04390050387430196,0.0
2.8000000000000003,0.020125684914303468,0.0,0.06823917006240125,0.0,-0.045042612202116486,0.0
2.802,0.020262072407068357,0.0,0.0681479415146379,0.0,-0.04618617524681319,0.0
2.8040000000000003,0.02039827515465846,0.0,0.06805442441376641,0.0,-0.04733115975912046,0.0
2.806,0.020534288577146793,0.0,0.06795861595019634,0.0,-0.04847753237527158,0.0
2.8080000000000003,0.020670108089054135,0.0,0.06786051338117849,0.0,-0.04962525961789192,0.0
2.81,0.020805729099482608,0.0,0.06776011403103137,0.0,-0.05077430789688735,0.0
2.8120000000000003,0.0209411470122504,0.0,0.06765741529136551,0.0,-0.05192464351034243,0.0
2.814,0.02107635722602628,0.0,0.06755241462130647,0.0,-0.053076232645419066,0.0
2.816,0.02121135513446506,0.0,0.06744510954771558,0.0,-0.054229041379264056,0.0
2.818,0.021346136126343167,0.0,0.06733549766540914,0.0,-0.05538303567991955,0.0
2.82,0.0214806955856947,0.0,0.06722357663737574,0.0,-0.05653818140723803,0.0
2.822,0.02161502889194824,0.0,0.06710934419499166,0.0,-0.057694444313806076,0.0
2.824,0.021749131420063548,0.0,0.06699279813823453,0.0,-0.05885179004586802,0.0
2.826,0.021882998540669264,0.0,0.06687393633589497,0.0,-0.06001018414425939,0.0
2.828,0.02201662562020042,0.0,0.06675275672578672,0.0,-0.06116959204534067,0.0
2.83,0.022150008021037046,0.0,0.06662925731495434,0.0,-0.06232997908194128,0.0
2.832,0.022283141101642524,0.0,0.06650343617987955,0.0,-0.06349131048430329,0.0
2.834,0.02241602021670293,0.0,0.06637529146668528,0.0,-0.06465355138103432,0.0
2.836,0.022548640717266272,0.0,0.06624482139133829,0.0,-0.0658166668000616,0.0
2.838,0.02268099795088262,0.0,0.06611202423984917,0.0,-0.06698062166959487,0.0
2.84,0.02281308726174417,0.0,0.06597689836847112,0.0,-0.06814538081908997,0.0
2.842,0.02294490399082615,0.0,0.06583944220389623,0.0,-0.06931090898022144,0.0
2.844,0.02307644347602761,0.0,0.06569965424345042,0.0,-0.070477170787855,0.0
2.846,0.02320770105231322,0.0,0.0655575330552857,0.0,-0.07164413078103062,0.0
2.848,0.023338672051854796,0.0,0.06541307727857108,0.0,-0.07281175340394475,0.0
2.85,0.02346935180417381,0.0,0.06526628562368113,0.0,-0.07398000300694192,0.0
2.852,0.02359973563628367,0.0,0.06511715687238288,0.0,-0.07514884384750632,0.0
2.854,0.023729818872833024,0.0,0.06496568987802029,0.0,-0.07631824009126356,0.0
2.856,0.02385959683624883,0.0,0.0648118835656972,0.0,-0.07748815581298164,0.0
2.858,0.023989064846880275,0.0,0.0646557369324578,0.0,-0.07865855499758108,0.0
2.86,0.02411821822314256,0.0,0.0644972490474656,0.0,-0.07982940154114507,0.0
2.862,0.024247052281661654,0.0,0.06433641905217981,0.0,-0.08100065925193971,0.0
2.864,0.02437556233741877,0.0,0.06417324616053012,0.0,-0.08217229185143311,0.0
2.866,0.024503743703895645,0.0,0.06400772965908925,0.0,-0.0833442629753232,0.0
2.868,0.0246315916932199,0.0,0.06383986890724341,0.0,-0.08451653617456756,0.0
2.87,0.024759101616310963,0.0,0.06366966333736077,0.0,-0.08568907491641975,0.0
2.872,0.02488626878302604,0.0,0.06349711245495779,0.0,-0.08686184258546736,0.0
2.874,0.0250130885023067,0.0,0.06332221583886362,0.0,-0.08803480248467718,0.0
2.876,0.025139556082325584,0.0,0.06314497314138227,0.0,-0.08920791783644287,0.0
2.878,0.025265666830633617,0.0,0.06296538408845251,0.0,-0.09038115178363855,0.0
2.88,0.025391416054307284,0.0,0.06278344847980609,0.0,-0.09155446739067452,0.0
2.882,0.02551679906009651,0.0,0.06259916618912353,0.0,-0.09272782764455952,0.0
2.884,0.025641811154572616,0.0,0.06241253716418785,0.0,-0.0939011954559657,0.0
2.886,0.025766447644276793,0.0,0.0622235614270361,0.0,-0.0950745336602992,0.0
2.888,0.025890703835868598,0.0,0.062032239074108916,0.0,-0.09624780501877299,0.0
2.89,0.02601457503627506,0.0,0.0618385702763979,0.0,-0.09742097221948581,0.0
2.892,0.026138056552839788,0.0,0.06164255527959055,0.0,-0.09859399787850362,0.0
2.894,0.02626114369347271,0.0,0.06144419440421334,0.0,-0.0997668445409478,0.0
2.896,0.026383831766799603,0.0,0.061243488045772745,0.0,-0.10093947468208253,0.0
2.898,0.026506116082312493,0.0,0.061040436674893395,0.0,-0.10211185070841257,0.0
2.9,0.026627991950519788,0.0,0.06083504083745496,0.0,-0.10328393495877919,0.0
2.902,0.026749454683097116,0.0,0.06062730115472593,0.0,-0.10445568970546472,0.0
2.904,0.026870499593038017,0.0,0.06041721832349621,0.0,-0.10562707715529646,0.0
2.906,0.026991121994805377,0.0,0.06020479311620627,0.0,-0.10679805945076037,0.0
2.908,0.027111317204482593,0.0,0.05999002638107523,0.0,-0.10796859867111203,0.0
2.91,0.027231080539925515,0.0,0.05977291904222577,0.0,-0.1091386568334976,0.0
2.912,0.027350407320914094,0.0,0.05955347209980776,0.0,-0.11030819589407308,0.0
2.914,0.027469292869304853,0.0,0.05933168663011852,0.0,-0.11147717774913282,0.0
2.916,0.027587732509183054,0.0,0.059107563785721934,0.0,-0.11264556423623681,0.0
2.918,0.02770572156701554,0.0,0.058881104795564285,0.0,-0.11381331713534584,0.0
2.92,0.027823255371803406,0.0,0.05865231096508896,0.0,-0.11498039816995613,0.0
2.922,0.027940329255235347,0.0,0.05842118367634751,0.0,-0.11614676900824283,0.0
2.924,0.028056938551840754,0.0,0.05818772438810973,0.0,-0.11731239126420195,0.0
2.926,0.028173078599143482,0.0,0.05795193463597044,0.0,-0.11847722649880016,0.0
2.928,0.028288744737815348,0.0,0.05771381603245489,0.0,-0.1196412362211241,0.0
2.93,0.028403932311830374,0.0,0.05747337026712081,0.0,-0.1208043818895381,0.0
2.932,0.02851863666861869,0.0,0.0572305991066591,0.0,-0.12196662491284022,0.0
2.934,0.02863285315922115,0.0,0.056985504394991504,0.0,-0.12312792665142658,0.0
2.936,0.02874657713844363,0.0,0.056738088053366706,0.0,-0.12428824841845441,0.0
2.938,0.028859803965012032,0.0,0.056488352080453025,0.0,-0.12544755148101355,0.0
2.94,0.028972529001726977,0.0,0.0562362985524299,0.0,-0.12660579706129643,0.0
2.942,0.02908474761561915,0.0,0.055981929623076084,0.0,-0.12776294633777588,0.0
2.944,0.029196455178104323,0.0,0.055725247523856436,0.0,-0.12891896044638151,0.0
2.946,0.02930764706513908,0.0,0.05546625456400522,0.0,-0.13007380048168482,0.0
2.948,0.02941831865737624,0.0,0.05520495313060813,0.0,-0.1312274274980824,0.0
2.95,0.02952846534032077,0.0,0.05494134568868102,0.0,-0.13237980251098624,0.0
2.952,0.029638082504485564,0.0,0.054675434781247256,0.0,-0.13353088649801395,0.0
2.954,0.02974716554554774,0.0,0.054407223029411436,0.0,-0.13468064040018574,0.0
2.956,0.029855709864504695,0.0,0.05413671313243194,0.0,-0.13582902512312078,0.0
2.958,0.029963710867830628,0.0,0.053863907867790065,0.0,-0.13697600153824024,0.0
2.96,0.03007116396763286,0.0,0.053588810091257835,0.0,-0.13812153048396897,0.0
2.962,0.030178064581808734,0.0,0.053311422736962044,0.0,-0.13926557276694593,0.0
2.964,0.030284408134202148,0.0,0.05303174881744723,0.0,-0.1404080891632316,0.0
2.966,0.03039019005476066,0.0,0.052749791423735135,0.0,-0.1415490404195236,0.0
2.968,0.03049540577969226,0.0,0.05246555372538281,0.0,-0.14268838725437002,0.0
2.97,0.03060005075162277,0.0,0.05217903897053699,0.0,-0.14382609035939137,0.0
2.972,0.030704120419752852,0.0,0.05189025048598734,0.0,-0.14496211040049994,0.0
2.974,0.030807610240015486,0.0,0.05159919167721609,0.0,-0.14609640801912616,0.0
2.976,0.030910515675233292,0.0,0.05130586602844651,0.0,-0.14722894383344395,0.0
2.978,0.031012832195276195,0.0,0.051010277102687324,0.0,-0.14835967843960332,0.0
2.98,0.031114555277218854,0.0,0.050712428541776225,0.0,-0.1494885724129604,0.0
2.982,0.03121568040549859,0.0,0.05041232406641971,0.0,-0.15061558630931543,0.0
2.984,0.0313162030720729,0.0,0.05010996747623157,0.0,-0.15174068066614807,0.0
2.986,0.03141611877657757,0.0,0.04980536264976755,0.0,-0.15286381600386084,0.0
2.988,0.031515423026484385,0.0,0.04949851354455888,0.0,-0.15398495282701968,0.0
2.99,0.031614111337259256,0.0,0.0491894241971422,0.0,-0.1551040516256018,0.0
2.992,0.03171217923252011,0.0,0.048878098723088126,0.0,-0.15622107287624132,0.0
2.994,0.03180962224419517,0.0,0.04856454131702595,0.0,-0.15733597704348262,0.0
2.996,0.031906435912680914,0.0,0.04824875625266714,0.0,-0.15844872458103076,0.0
2.998,0.03200261578700043,0.0,0.04793074788282532,0.0,-0.15955927593300887,0.0
3.0,0.032098157424961436,0.0,0.047610520639434786,0.0,-0.16066759153521332,0.0
3.0020000000000002,0.032193056393314746,0.0,0.047288079033565064,0.0,-0.1617736318163763,0.0
3.004,0.03228730826791242,0.0,0.04696342765543454,0.0,-0.16287735719942587,0.0
3.0060000000000002,0.03238090863386614,0.0,0.04663657117442041,0.0,-0.1639787281027515,0.0
3.008,0.032473853085705454,0.0,0.0463075143390666,0.0,-0.16507770494146956,0.0
3.0100000000000002,0.032566137227536235,0.0,0.04597626197708888,0.0,-0.16617424812869333,0.0
3.012,0.0326577566731989,0.0,0.04564281899537788,0.0,-0.1672683180768021,0.0
3.0140000000000002,0.03274870704642687,0.0,0.04530719037999914,0.0,-0.16835987519871531,0.0
3.016,0.03283898398100484,0.0,0.04496938119619076,0.0,-0.1694488799091662,0.0
3.0180000000000002,0.03292858312092719,0.0,0.044629396588358364,0.0,-0.1705352926259801,0.0
3.02,0.033017500120556216,0.0,0.0442872417800679,0.0,-0.17161907377135116,0.0
3.0220000000000002,0.03310573064478055,0.0,0.04394292207403548,0.0,-0.17270018377312474,0.0
3.024,0.03319327036917334,0.0,0.043596442852114836,0.0,-0.17377858306607846,0.0
3.0260000000000002,0.03328011498015064,0.0,0.04324780957528196,0.0,-0.1748542320932079,0.0
3.028,0.033366260175129496,0.0,0.04289702778361776,0.0,-0.17592709130701137,0.0
3.0300000000000002,0.033451701662686247,0.0,0.042544103096287506,0.0,-0.17699712117077854,0.0
3.032,0.033536435162714595,0.0,0.04218904121151809,0.0,-0.1780642821598793,0.0
3.0340000000000003,0.03362045640658377,0.0,0.041831847906572295,0.0,-0.17912853476305596,0.0
3.036,0.03370376113729652,0.0,0.041472529037721195,0.0,-0.18018983948371514,0.0
3.0380000000000003,0.033786345109647134,0.0,0.041111090540213224,0.0,-0.18124815684122236,0.0
3.04,0.03386820409037931,0.0,0.04074753842824111,0.0,-0.18230344737219797,0.0
3.0420000000000003,0.03394933385834411,0.0,0.04038187879490574,0.0,-0.18335567163181554,0.0
3.044,0.03402973020465759,0.0,0.04001411781217849,0.0,-0.18440479019509862,0.0
3.0460000000000003,0.034109388932858684,0.0,0.039644261730859325,0.0,-0.18545076365822374,0.0
3.048,0.034188305859066605,0.0,0.039272316880533856,0.0,-0.18649355263981982,0.0
3.0500000000000003,0.03426647681213861,0.0,0.03889828966952666,0.0,-0.18753311778227327,0.0
3.052,0.03434389763382719,0.0,0.03852218658485312,0.0,-0.18856941975303004,0.0
3.0540000000000003,0.03442056417893759,0.0,0.038144014192167106,0.0,-0.18960241924590387,0.0
3.056,0.03449647231548493,0.0,0.037763779135707776,0.0,-0.19063207698238108,0.0
3.0580000000000003,0.03457161792485135,0.0,0.03738148813824217,0.0,-0.19165835371293016,0.0
3.06,0.03464599690194297,0.0,0.036997148001006834,0.0,-0.19268121021830925,0.0
3.0620000000000003,0.03471960515534688,0.0,0.03661076560364491,0.0,-0.19370060731087851,0.0
3.064,0.03479243860748772,0.0,0.03622234790414248,0.0,-0.19471650583590952,0.0
3.0660000000000003,0.03486449319478446,0.0,0.03583190193876072,0.0,-0.1957288666728998,0.0
3.068,0.03493576486780676,0.0,0.035439434821967,0.0,-0.1967376507368835,0.0
3.0700000000000003,0.03500624959143139,0.0,0.03504495374636149,0.0,-0.19774281897974866,0.0
3.072,0.03507594334499837,0.0,0.03464846598260297,0.0,-0.19874433239154993,0.0
3.074,0.03514484212246705,0.0,0.03424997887933065,0.0,-0.1997421520018263,0.0
3.076,0.035212941932571976,0.0,0.03384949986308401,0.0,-0.20073623888091763,0.0
3.078,0.03528023879897857,0.0,0.03344703643822039,0.0,-0.20172655414128116,0.0
3.08,0.03534672876043878,0.0,0.03304259618682848,0.0,-0.202713058938812,0.0
3.082,0.0354124078709463,0.0,0.03263618676864099,0.0,-0.20369571447416016,0.0
3.084,0.035477272199891954,0.0,0.032227815920943155,0.0,-0.20467448199405214,0.0
3.086,0.03554131783221851,0.0,0.03181749145848005,0.0,-0.2056493227926092,0.0
3.088,0.035604540868575715,0.0,0.03140522127335953,0.0,-0.20662019821267097,0.0
3.09,0.035666937425474714,0.0,0.030991013334954298,0.0,-0.207587069647114,0.0
3.092,0.03572850363544266,0.0,0.030574875689799795,0.0,-0.2085498985401763,0.0
3.094,0.035789235647176766,0.0,0.03015681646149106,0.0,-0.20950864638877745,0.0
3.096,0.0358491296256985,0.0,0.029736843850574977,0.0,-0.21046327474384352,0.0
3.098,0.035908181752507214,0.0,0.029314966134441844,0.0,-0.21141374521162837,0.0
3.1,0.035966388225733836,0.0,0.02889119166721263,0.0,-0.21236001945503866,0.0
3.102,0.03602374526029413,0.0,0.02846552887962529,0.0,-0.21330205919495585,0.0
3.104,0.03608024908804189,0.0,0.0280379862789164,0.0,-0.21423982621156207,0.0
3.106,0.036135895957921764,0.0,0.027608572448702132,0.0,-0.21517328234566277,0.0
3.108,0.03619068213612193,0.0,0.02717729604885495,0.0,-0.21610238950001215,0.0
3.11,0.036244603906226414,0.0,0.026744165815379296,0.0,-0.2170271096406362,0.0
3.112,0.03629765756936735,0.0,0.026309190560282646,0.0,-0.21794740479815888,0.0
3.114,0.0363498394443767,0.0,0.025872379171445817,0.0,-0.21886323706912506,0.0
3.116,0.03640114586793802,0.0,0.02543374061248947,0.0,-0.21977456861732592,0.0
3.118,0.03645157319473771,0.0,0.02499328392263838,0.0,-0.22068136167512298,0.0
3.12,0.036501117797616105,0.0,0.024551018216582697,0.0,-0.22158357854477273,0.0
3.122,0.03654977606771825,0.0,0.024106952684337307,0.0,-0.22248118159975017,0.0
3.124,0.03659754441464446,0.0,0.023661096591097736,0.0,-0.22337413328607333,0.0
3.126,0.03664441926660046,0.0,0.02321345927709391,0.0,-0.22426239612362647,0.0
3.128,0.036690397070547415,0.0,0.02276405015744077,0.0,-0.22514593270748445,0.0
3.13,0.036735474292351376,0.0,0.022312878721987065,0.0,-0.2260247057092344,0.0
3.132,0.0367796474169328,0.0,0.021859954535160674,0.0,-0.22689867787829984,0.0
3.134,0.03682291294841536,0.0,0.02140528723581176,0.0,-0.22776781204326185,0.0
3.136,0.03686526741027478,0.0,0.020948886537052847,0.0,-0.2286320711131823,0.0
3.138,0.036906707345487115,0.0,0.02049076222609696,0.0,-0.2294914180789238,0.0
3.14,0.03694722931667682,0.0,0.02003092416409245,0.0,-0.23034581601447165,0.0
3.142,0.03698682990626442,0.0,0.01956938228595553,0.0,-0.2311952280782533,0.0
3.144,0.03702550571661394,0.0,0.01910614660019971,0.0,-0.23203961751445892,0.0
3.146,0.037063253370179815,0.0,0.01864122718876382,0.0,-0.23287894765435901,0.0
3.148,0.037100069509653714,0.0,0.0181746342068354,0.0,-0.2337131819176245,0.0
3.15,0.03713595079811072,0.0,0.017706377882673555,0.0,-0.23454228381364223,0.0
3.152,0.0371708939191554,0.0,0.01723646851742739,0.0,-0.23536621694283383,0.0
3.154,0.03720489557706733,0.0,0.01676491648495363,0.0,-0.23618494499796916,0.0
3.156,0.03723795249694637,0.0,0.01629173223162942,0.0,-0.2369984317654838,0.0
3.158,0.03727006142485748,0.0,0.015816926276164687,0.0,-0.23780664112679112,0.0
3.16,0.03730121912797523,0.0,0.015340509209410049,0.0,-0.2386095370595968,0.0
3.162,0.037331422394727864,0.0,0.014862491694163914,0.0,-0.23940708363920954,0.0
3.164,0.03736066803494101,0.0,0.014382884464974792,0.0,-0.24019924503985354,0.0
3.166,0.03738895287998095,0.0,0.013901698327943145,0.0,-0.24098598553597714,0.0
3.168,0.03741627378289761,0.0,0.013418944160518817,0.0,-0.24176726950356275,0.0
3.17,0.037442627618566926,0.0,0.012934632911297643,0.0,-0.2425430614214331,0.0
3.172,0.03746801128383306,0.0,0.012448775599813297,0.0,-0.24331332587255902,0.0
3.174,0.03749242169764994,0.0,0.011961383316328702,0.0,-0.24407802754536334,0.0
3.176,0.037515855801222645,0.0,0.011472467221622968,0.0,-0.24483713123502568,0.0
3.178,0.03753831055814811,0.0,0.010982038546777597,0.0,-0.24559060184478368,0.0
3.18,0.03755978295455556,0.0,0.010490108592957872,0.0,-0.24633840438723525,0.0
3.182,0.03758026999924644,0.0,0.009996688731193883,0.0,-0.24708050398563683,0.0
3.184,0.03759976872383394,0.0,0.009501790402157019,0.0,-0.24781686587520282,0.0
3.186,0.03761827618288206,0.0,0.009005425115935821,0.0,-0.24854745540440049,0.0
3.188,0.037635789454044215,0.0,0.008507604451806849,0.0,-0.24927223803624682,0.0
3.19,0.03765230563820132,0.0,0.008008340058005726,0.0,-0.24999117934959958,0.0
3.192,0.03766782185959959,0.0,0.007507643651492882,0.0,-0.250704245040451,0.0
3.194,0.03768233526598762,0.0,0.007005527017718768,0.0,-0.25141140092321657,0.0
3.196,0.037695843028753236,0.0,0.0065020020103853035,0.0,-0.2521126129320235,0.0
3.198,0.03770834234305974,0.0,0.005997080551205909,0.0,-0.2528078471219968,0.0
3.2,0.037719830427981646,0.0,0.005490774629660973,0.0,-0.25349706967054453,0.0
3.202,0.03773030452663998,0.0,0.004983096302753426,0.0,-0.2541802468786392,0.0
3.204,0.03773976190633711,0.0,0.004474057694758921,0.0,-0.25485734517210024,0.0
3.206,0.037748199858691,0.0,0.003963670996976278,0.0,-0.25552833110287065,0.0
3.208,0.03775561569976907,0.0,0.0034519484674726646,0.0,-0.2561931713502957,0.0
3.21,0.037762006770221346,0.0,0.0029389024308283246,0.0,-0.25685183272239587,0.0
3.212,0.037767370435413374,0.0,0.0024245452778775232,0.0,-0.257504282157141,0.0
3.214,0.037771704085558404,0.0,0.0019088894654481076,0.0,-0.25815048672371904,0.0
3.216,0.03777500513584909,0.0,0.0013919475160965693,0.0,-0.25879041362380584,0.0
3.218,0.037777271026588725,0.0,0.0008737320178432255,0.0,-0.25942403019282967,0.0
3.22,0.037778499223321896,0.0,0.00035425562390197646,0.0,-0.26005130390123643,0.0
3.222,0.03777868721696453,0.0,-0.00016646894758945083,0.0,-0.2606722023557491,0.0
3.224,0.03777783252393361,0.0,-0.0006884289138447096,0.0,-0.261286693300629,0.0
3.226,0.03777593268627601,0.0,-0.0012116114277043386,0.0,-0.2618947446189303,0.0
3.228,0.03777298527179713,0.0,-0.0017360035779150143,0.0,-0.26249632433375575,0.0
3.23,0.037768987874188746,0.0,-0.0022615923894101844,0.0,-0.26309140060950703,0.0
3.232,0.03776393811315629,0.0,-0.0027883648235951485,0.0,-0.26367994175313497,0.0
3.234,0.037757833634545726,0.0,-0.003316307778631962,0.0,-0.2642619162153851,0.0
3.236,0.03775067211046965,0.0,-0.0038454080897297495,0.0,-0.2648372925920424,0.0
3.238,0.037742451239433004,0.0,-0.004375652529434542,0.0,-0.26540603962517173,0.0
3.24,0.037733168746458025,0.0,-0.004907027807924364,0.0,-0.2659681262043571,0.0
3.242,0.03772282238320869,0.0,-0.005439520573304768,0.0,-0.2665235213679366,0.0
3.244,0.03771140992811463,0.0,-0.005973117411907945,0.0,-0.26707219430423634,0.0
3.246,0.03769892918649431,0.0,-0.0065078048485932155,0.0,-0.26761411435279914,0.0
3.248,0.03768537799067771,0.0,-0.007043569347051946,0.0,-0.2681492510056134,0.0
3.25,0.03767075420012835,0.0,-0.007580397310112213,0.0,-0.26867757390833596,0.0
3.2520000000000002,0.03765505570156467,0.0,-0.008118275080048837,0.0,-0.2691990528615145,0.0
3.254,0.03763828040908088,0.0,-0.008657188938892894,0.0,-0.2697136578218049,0.0
3.2560000000000002,0.037620426264267114,0.0,-0.00919712510874645,0.0,-0.2702213589031874,0.0
3.258,0.0376014912363289,0.0,-0.009738069752097872,0.0,-0.2707221263781779,0.0
3.2600000000000002,0.03758147332220628,0.0,-0.010280008972139543,0.0,-0.2712159306790373,0.0
3.262,0.03756037054669179,0.0,-0.010822928813089664,0.0,-0.2717027423989777,0.0
3.2640000000000002,0.0375381809625483,0.0,-0.011366815260514834,0.0,-0.2721825322933641,0.0
3.266,0.03751490265062596,0.0,-0.01191165424165496,0.0,-0.2726552712809143,0.0
3.2680000000000002,0.037490533719978424,0.0,-0.012457431625752479,0.0,-0.27312093044489505,0.0
3.27,0.03746507230797866,0.0,-0.013004133224381171,0.0,-0.27357948103431395,0.0
3.2720000000000002,0.03743851658043381,0.0,-0.013551744791780115,0.0,-0.27403089446510936,0.0
3.274,0.03741086473169959,0.0,-0.014100252025188175,0.0,-0.27447514232133574,0.0
3.2760000000000002,0.03738211498479407,0.0,-0.0146496405651809,0.0,-0.2749121963563461,0.0
3.278,0.03735226559151042,0.0,-0.015199895996011348,0.0,-0.27534202849397094,0.0
3.2800000000000002,0.03732131483252937,0.0,-0.015751003845951725,0.0,-0.2757646108296932,0.0
3.282,0.03728926101753088,0.0,-0.016302949587637228,0.0,-0.2761799156318195,0.0
3.2840000000000003,0.03725610248530487,0.0,-0.016855718638414292,0.0,-0.2765879153426489,0.0
3.286,0.03722183760386168,0.0,-0.017409296360688067,0.0,-0.27698858257963643,0.0
3.2880000000000003,0.037186464770541376,0.0,-0.01796366806227556,0.0,-0.27738189013655384,0.0
3.29,0.037149982412122765,0.0,-0.018518818996757804,0.0,-0.2777678109846459,0.0
3.2920000000000003,0.037112388984931445,0.0,-0.019074734363837376,0.0,-0.27814631827378444,0.0
3.294,0.03707368297494708,0.0,-0.01963139930969592,0.0,-0.27851738533361525,0.0
3.2960000000000003,0.03703386289791027,0.0,-0.02018879892735534,0.0,-0.2788809856747057,0.0
3.298,0.036992927299428456,0.0,-0.020746918257039962,0.0,-0.27923709298968363,0.0
3.3000000000000003,0.03695087475508107,0.0,-0.021305742286543163,0.0,-0.2795856811543761,0.0
3.302,0.036907703870524104,0.0,-0.021865255951593304,0.0,-0.27992672422894144,0.0
3.3040000000000003,0.03686341328159382,0.0,-0.02242544413622516,0.0,-0.2802601964589991,0.0
3.306,0.036818001654409876,0.0,-0.022986291673150323,0.0,-0.2805860722767537,0.0
3.3080000000000003,0.03677146768547742,0.0,-0.02354778334413291,0.0,-0.2809043263021167,0.0
3.31,0.03672381010178874,0.0,-0.024109903880365317,0.0,-0.2812149333438224,0.0
3.3120000000000003,0.03667502766092401,0.0,-0.02467263796284735,0.0,-0.28151786840054044,0.0
3.314,0.0366251191511513,0.0,-0.025235970222766413,0.0,-0.2818131066619836,0.0
3.3160000000000003,0.03657408339152571,0.0,-0.02579988524188208,0.0,-0.2821006235100119,0.0
3.318,0.03652191923198807,0.0,-0.026364367552909964,0.0,-0.28238039451973174,0.0
3.3200000000000003,0.03646862555346234,0.0,-0.026929401639910804,0.0,-0.28265239546059073,0.0
3.322,0.036414201267952834,0.0,-0.027494971938678683,0.0,-0.2829166022974684,0.0
3.3240000000000003,0.036358645318640144,0.0,-0.028061062837134436,0.0,-0.28317299119176226,0.0
3.326,0.03630195667997653,0.0,-0.0286276586757188,0.0,-0.2834215385024687,0.0
3.3280000000000003,0.03624413435778056,0.0,-0.02919474374778929,0.0,-0.28366222078726094,0.0
3.33,0.0361851773893309,0.0,-0.029762302300017765,0.0,-0.2838950148035601,0.0
3.332,0.03612508484345913,0.0,-0.030330318532792066,0.0,-0.28411989750960404,0.0
3.334,0.036063855820642005,0.0,-0.030898776600618287,0.0,-0.2843368460655094,0.0
3.336,0.03600148945309293,0.0,-0.0314676606125249,0.0,-0.2845458378343304,0.0
3.338,0.0359379849048522,0.0,-0.03203695463247106,0.0,-0.28474685038311204,0.0
3.34,0.03587334137187714,0.0,-0.032606642679754175,0.0,-0.28493986148393885,0.0
3.342,0.03580755808213066,0.0,-0.03317670872942223,0.0,-0.28512484911497865,0.0
3.344,0.03574063429566946,0.0,-0.033747136712686324,0.0,-0.2853017914615214,0.0
3.346,0.03567256930473136,0.0,-0.03431791051733635,0.0,-0.2854706669170133,0.0
3.348,0.035603362433821714,0.0,-0.03488901398815748,0.0,-0.2856314540840859,0.0
3.35,0.035533013039798875,0.0,-0.035460430927350996,0.0,-0.2857841317755799,0.0
3.352,0.0354615205119591,0.0,-0.03603214509495413,0.0,-0.285928679015564,0.0
3.354,0.03538888427212032,0.0,-0.036604140209265085,0.0,-0.2860650750403492,0.0
3.356,0.035315103774705335,0.0,-0.037176399947267055,0.0,-0.2861932992994973,0.0
3.358,0.03524017850682385,0.0,-0.037748907945056934,0.0,-0.28631333145682425,0.0
3.36,0.03516410798835391,0.0,-0.03832164779827439,0.0,-0.2864251513913989,0.0
3.362,0.035086891772022503,0.0,-0.038894603062532784,0.0,-0.2865287391985362,0.0
3.364,0.035008529443484905,0.0,-0.03946775725385364,0.0,-0.28662407519078453,0.0
3.366,0.0349290206214036,0.0,-0.04004109384910169,0.0,-0.2867111398989086,0.0
3.368,0.03484836495752625,0.0,-0.04061459628642164,0.0,-0.2867899140728667,0.0
3.37,0.03476656213676244,0.0,-0.04118824796567894,0.0,-0.2868603786827823,0.0
3.372,0.03468361187726006,0.0,-0.041762032248899364,0.0,-0.28692251491991033,0.0
3.374,0.03459951393048033,0.0,-0.04233593246071386,0.0,-0.2869763041975983,0.0
3.376,0.0345142680812722,0.0,-0.04290993188880281,0.0,-0.2870217281522413,0.0
3.378,0.03442787414794599,0.0,-0.043484013784342745,0.0,-0.2870587686442323,0.0
3.38,0.03434033198234568,0.0,-0.04405816136245634,0.0,-0.287087407758906,0.0
3.382,0.03425164146992066,0.0,-0.044632357802662656,0.0,-0.28710762780747745,0.0
3.384,0.034161802529796614,0.0,-0.04520658624932919,0.0,-0.28711941132797486,0.0
3.386,0.034070815114845145,0.0,-0.045780829812127985,0.0,-0.2871227410861674,0.0
3.388,0.03397867921175296,0.0,-0.04635507156649023,0.0,-0.2871176000764861,0.0
3.39,0.03388539484108967,0.0,-0.0469292945540661,0.0,-0.28710397152294004,0.0
3.392,0.03379096205737493,0.0,-0.047503481783184,0.0,-0.2870818388800254,0.0
3.394,0.033695380949144864,0.0,-0.04807761622931211,0.0,-0.2870511858336312,0.0
3.396,0.03359865163901696,0.0,-0.04865168083552301,0.0,-0.2870119963019353,0.0
3.398,0.03350077428375457,0.0,-0.04922565851295871,0.0,-0.2869642544362985,0.0
3.4,0.03340174907433048,0.0,-0.04979953214129733,0.0,-0.28690794462215025,0.0
3.402,0.03330157623598897,0.0,-0.05037328456922335,0.0,-0.2868430514798683,0.0
3.404,0.03320025602830774,0.0,-0.05094689861489696,0.0,-0.2867695598656542,0.0
3.406,0.033097788745258136,0.0,-0.05152035706642803,0.0,-0.2866874548724004,0.0
3.408,0.03299417471526511,0.0,-0.0520936426823489,0.0,-0.2865967218305532,0.0
3.41,0.0328894143012656,0.0,-0.05266673819209165,0.0,-0.28649734630896817,0.0
3.412,0.0327835079007664,0.0,-0.05323962629646491,0.0,-0.2863893141157603,0.0
3.414,0.03267645594590092,0.0,-0.0538122896681338,0.0,-0.2862726112991474,0.0
3.416,0.03256825890348506,0.0,-0.05438471095210001,0.0,-0.28614722414828775,0.0
3.418,0.03245891727507183,0.0,-0.05495687276618605,0.0,-0.286013139194111,0.0
3.42,0.032348431597005546,0.0,-0.05552875770151789,0.0,-0.2858703432101429,0.0
3.422,0.032236802440474395,0.0,-0.05610034832301266,0.0,-0.2857188232133237,0.0
3.424,0.032124030411562685,0.0,-0.056671627169864645,0.0,-0.2855585664648207,0.0
3.426,0.032010116151301546,0.0,-0.05724257675603602,0.0,-0.2853895604708331,0.0
3.428,0.03189506033571902,0.0,-0.05781317957074675,0.0,-0.28521179298339167,0.0
3.43,0.031778863675889016,0.0,-0.05838341807896762,0.0,-0.28502525200115125,0.0
3.432,0.03166152691797947,0.0,-0.058953274721913404,0.0,-0.2848299257701775,0.0
3.434,0.03154305084329906,0.0,-0.059522731917539845,0.0,-0.28462580278472555,0.0
3.436,0.031423436268343555,0.0,-0.060091772061039286,0.0,-0.2844128717880142,0.0
3.438,0.03130268404484053,0.0,-0.06066037752534083,0.0,-0.284191121772991,0.0
3.44,0.031180795059793723,0.0,-0.061228530661609104,0.0,-0.28396054198309356,0.0
3.442,0.03105777023552576,0.0,-0.06179621379974734,0.0,-0.2837211219130015,0.0
3.444,0.030933610529720316,0.0,-0.06236340924889969,0.0,-0.2834728513093828,0.0
3.446,0.030808316935463105,0.0,-0.06293009929795654,0.0,-0.2832157201716344,0.0
3.448,0.030681890481282025,0.0,-0.06349626621605978,0.0,-0.28294971875261443,0.0
3.45,0.030554332231185803,0.0,-0.06406189225311189,0.0,-0.2826748375593679,0.0
3.452,0.030425643284702406,0.0,-0.06462695964028345,0.0,-0.28239106735384684,0.0
3.454,0.030295824776915555,0.0,-0.06519145059052517,0.0,-0.28209839915362145,0.0
3.456,0.030164877878501042,0.0,-0.06575534729907838,0.0,-0.2817968242325865,0.0
3.458,0.030032803795761336,0.0,-0.06631863194398971,0.0,-0.2814863341216592,0.0
3.46,0.029899603770659613,0.0,-0.06688128668662496,0.0,-0.28116692060947085,0.0
3.462,0.02976527908085252,0.0,-0.06744329367218574,0.0,-0.2808385757430511,0.0
3.464,0.029629831039722204,0.0,-0.06800463503022602,0.0,-0.28050129182850614,0.0
3.466,0.029493260996406676,0.0,-0.06856529287517249,0.0,-0.2801550614316878,0.0
3.468,0.02935557033583004,0.0,-0.06912524930684302,0.0,-0.27979987737885825,0.0
3.47,0.029216760478730685,0.0,-0.06968448641096969,0.0,-0.2794357327573447,0.0
3.472,0.029076832881689434,0.0,-0.07024298625972017,0.0,-0.27906262091618983,0.0
3.474,0.028935789037155744,0.0,-0.070800730912223,0.0,-0.2786805354667924,0.0
3.476,0.028793630473473417,0.0,-0.07135770241509214,0.0,-0.2782894702835421,0.0
3.478,0.0286503587549051,0.0,-0.07191388280295408,0.0,-0.2778894195044473,0.0
3.48,0.028505975481655895,0.0,-0.07246925409897499,0.0,-0.27748037753175503,0.0
3.482,0.02836048228989536,0.0,-0.07302379831539092,0.0,-0.27706233903256317,0.0
3.484,0.02821388085177928,0.0,-0.07357749745403674,0.0,-0.2766352989394263,0.0
3.486,0.02806617287546952,0.0,-0.07413033350687917,0.0,-0.27619925245095345,0.0
3.488,0.027917360105153662,0.0,-0.07468228845654795,0.0,-0.27575419503239945,0.0
3.49,0.02776744432106276,0.0,-0.07523334427687098,0.0,-0.27530012241624685,0.0
3.492,0.02761642733948859,0.0,-0.07578348293340864,0.0,-0.27483703060278275,0.0
3.494,0.027464311012799593,0.0,-0.07633268638399043,0.0,-0.2743649158606663,0.0
3.496,0.027311097229456013,0.0,-0.07688093657925134,0.0,-0.27388377472749087,0.0
3.498,0.027156787914023317,0.0,-0.07742821546317175,0.0,-0.27339360401033497,0.0
3.5,0.02700138502718549,0.0,-0.07797450497361544,0.0,-0.2728944007863105,0.0
3.5020000000000002,0.026844890565756188,0.0,-0.07851978704287156,0.0,-0.27238616240309854,0.0
3.504,0.026687306562689847,0.0,-0.0790640435981949,0.0,-0.2718688864794814,0.0
3.5060000000000002,0.026528635087090822,0.0,-0.07960725656234999,0.0,-0.27134257090586444,0.0
3.508,0.026368878244221926,0.0,-0.08014940785415405,0.0,-0.2708072138447913,0.0
3.5100000000000002,0.026208038175512084,0.0,-0.08069047938902162,0.0,-0.27026281373145256,0.0
3.512,0.026046117058562093,0.0,-0.08123045307951103,0.0,-0.26970936927418354,0.0
3.5140000000000002,0.025883117107150074,0.0,-0.08176931083587101,0.0,-0.2691468794549573,0.0
3.516,0.025719040571235658,0.0,-0.08230703456658756,0.0,-0.2685753435298691,0.0
3.5180000000000002,0.025553889736962595,0.0,-0.08284360617893426,0.0,-0.2679947610296117,0.0
3.52,0.02538766692666107,0.0,-0.0833790075795203,0.0,-0.26740513175994546,0.0
3.5220000000000002,0.025220374498848085,0.0,-0.08391322067484239,0.0,-0.26680645580215706,0.0
3.524,0.025052014848227264,0.0,-0.08444622737183559,0.0,-0.26619873351351336,0.0
3.5260000000000002,0.024882590405687695,0.0,-0.08497800957842555,0.0,-0.26558196552770724,0.0
3.528,0.02471210363830095,0.0,-0.0855085492040824,0.0,-0.2649561527552924,0.0
3.5300000000000002,0.024540557049317655,0.0,-0.08603782816037477,0.0,-0.2643212963841137,0.0
3.532,0.024367953178162934,0.0,-0.08656582836152393,0.0,-0.26367739787972866,0.0
3.5340000000000003,0.024194294600430103,0.0,-0.0870925317249612,0.0,-0.2630244589858188,0.0
3.536,0.024019583927874184,0.0,-0.08761792017188284,0.0,-0.26236248172459664,0.0
3.5380000000000003,0.023843823808403317,0.0,-0.08814197562780925,0.0,-0.26169146839720026,0.0
3.54,0.0236670169260701,0.0,-0.08866468002314162,0.0,-0.26101142158408513,0.0
3.5420000000000003,0.023489166001060772,0.0,-0.08918601529372222,0.0,-0.26032234414540206,0.0
3.544,0.023310273789684022,0.0,-0.08970596338139332,0.0,-0.2596242392213712,0.0
3.5460000000000003,0.023130343084358348,0.0,-0.09022450623455838,0.0,-0.25891711023264624,0.0
3.548,0.022949376713598597,0.0,-0.0907416258087422,0.0,-0.2582009608806716,0.0
3.5500000000000003,0.022767377542000724,0.0,-0.09125730406715439,0.0,-0.2574757951480289,0.0
3.552,0.02258434847022637,0.0,-0.09177152298125037,0.0,-0.25674161729877865,0.0
3.5540000000000003,0.022400292434985283,0.0,-0.09228426453129612,0.0,-0.2559984318787901,0.0
3.556,0.022215212409017665,0.0,-0.0927955107069308,0.0,-0.25524624371606697,0.0
3.5580000000000003,0.022029111401074396,0.0,-0.09330524350773245,0.0,-0.25448505792106024,0.0
3.56,0.021841992455896866,0.0,-0.09381344494378259,0.0,-0.25371487988697655,0.0
3.5620000000000003,0.02165385865419524,0.0,-0.09432009703623223,0.0,-0.25293571529007597,0.0
3.564,0.021464713112626068,0.0,-0.09482518181786781,0.0,-0.2521475700899636,0.0
3.5660000000000003,0.021274558983767917,0.0,-0.09532868133367917,0.0,-0.2513504505298688,0.0
3.568,0.021083399456097007,0.0,-0.09583057764142577,0.0,-0.2505443631369221,0.0
3.5700000000000003,0.020891237753960488,0.0,-0.09633085281220621,0.0,-0.2497293147224166,0.0
3.572,0.020698077137549793,0.0,-0.09682948893102526,0.0,-0.24890531238206803,0.0
3.5740000000000003,0.020503920902871762,0.0,-0.0973264680973644,0.0,-0.24807236349626044,0.0
3.576,0.020308772381719374,0.0,-0.09782177242575041,0.0,-0.24723047573028722,0.0
3.5780000000000003,0.02011263494164097,0.0,-0.09831538404632603,0.0,-0.2463796570345817,0.0
3.58,0.019915511985908744,0.0,-0.09880728510541982,0.0,-0.2455199156449414,0.0
3.5820000000000003,0.019717406953485256,0.0,-0.0992974577661178,0.0,-0.2446512600827399,0.0
3.584,0.01951832331898997,0.0,-0.09978588420883416,0.0,-0.24377369915513536,0.0
3.586,0.019318264592663496,0.0,-0.10027254663188369,0.0,-0.24288724195526504,0.0
3.588,0.01911723432033143,0.0,-0.10075742725205361,0.0,-0.2419918978624354,0.0
3.59,0.01891523608336706,0.0,-0.10124050830517557,0.0,-0.24108767654230295,0.0
3.592,0.018712273498652305,0.0,-0.10172177204669962,0.0,-0.2401745879470435,0.0
3.594,0.018508350218538097,0.0,-0.10220120075226645,0.0,-0.2392526423155164,0.0
3.596,0.018303469930803392,0.0,-0.1026787767182816,0.0,-0.23832185017341834,0.0
3.598,0.018097636358613306,0.0,-0.1031544822624885,0.0,-0.23738222233342993,0.0
3.6,0.017890853260475348,0.0,-0.10362829972454356,0.0,-0.2364337698953502,0.0
3.602,0.017683124430195627,0.0,-0.10410021146658952,0.0,-0.2354765042462277,0.0
3.604,0.017474453696832697,0.0,-0.10457019987383102,0.0,-0.23451043706047697,0.0
3.606,0.017264844924651468,0.0,-0.10503824735510857,0.0,-0.23353558029999227,0.0
3.608,0.01705430201307482,0.0,-0.10550433634347436,0.0,-0.23255194621424713,0.0
3.61,0.016842828896634826,0.0,-0.10596844929676712,0.0,-0.2315595473403883,0.0
3.612,0.016630429544922887,0.0,-0.1064305686981874,0.0,-0.23055839650332216,0.0
3.614,0.016417107962537886,0.0,-0.1068906770568736,0.0,-0.22954850681578742,0.0
3.616,0.01620286818903403,0.0,-0.10734875690847763,0.0,-0.22852989167842375,0.0
3.618,0.015987714298867466,0.0,-0.10780479081574013,0.0,-0.2275025647798307,0.0
3.62,0.015771650401340966,0.0,-0.1082587613690675,0.0,-0.2264665400966145,0.0
3.622,0.01555468064054867,0.0,-0.10871065118710688,0.0,-0.2254218318934318,0.0
3.624,0.01533680919531847,0.0,-0.10916044291732326,0.0,-0.2243684547230182,0.0
3.626,0.015118040279154,0.0,-0.10960811923657496,0.0,-0.22330642342621249,0.0
3.628,0.014898378140175587,0.0,-0.1100536628516901,0.0,-0.2222357531319718,0.0
3.63,0.014677827061059169,0.0,-0.11049705650004281,0.0,-0.22115645925737387,0.0
3.632,0.01445639135897494,0.0,-0.1109382829501298,0.0,-0.220068557507615,0.0
3.634,0.01423407538552473,0.0,-0.11137732500214567,0.0,-0.21897206387599782,0.0
3.636,0.014010883526677472,0.0,-0.11181416548856044,0.0,-0.21786699464390724,0.0
3.638,0.013786820202704731,0.0,-0.11224878727469426,0.0,-0.21675336638078274,0.0
3.64,0.013561889868113864,0.0,-0.11268117325929466,0.0,-0.21563119594407637,0.0
3.642,0.013336097011580816,0.0,-0.11311130637511203,0.0,-0.21450050047920483,0.0
3.644,0.013109446155881811,0.0,-0.11353916958947521,0.0,-0.2133612974194941,0.0
3.646,0.012881941857823091,0.0,-0.11396474590486777,0.0,-0.2122136044861094,0.0
3.648,0.012653588708170299,0.0,-0.11438801835950349,0.0,-0.21105743968798202,0.0
3.65,0.0124243913315767,0.0,-0.11480897002790123,0.0,-0.2098928213217254,0.0
3.652,0.0121943543865094,0.0,-0.11522758402146142,0.0,-0.2087197679715393,0.0
3.654,0.011963482565175668,0.0,-0.11564384348903954,0.0,-0.2075382985091102,0.0
3.656,0.01173178059344681,0.0,-0.11605773161752271,0.0,-0.206348432093497,0.0
3.658,0.011499253230782162,0.0,-0.11646923163240261,0.0,-0.20515018817101321,0.0
3.66,0.011265905270150764,0.0,-0.11687832679835132,0.0,-0.2039435864750952,0.0
3.662,0.011031741537952722,0.0,-0.11728500041979453,0.0,-0.2027286470261646,0.0
3.664,0.010796766893938976,0.0,-0.11768923584148581,0.0,-0.20150539013148033,0.0
3.666,0.010560986231130411,0.0,-0.11809101644907957,0.0,-0.20027383638498336,0.0
3.668,0.010324404475734881,0.0,-0.11849032566970515,0.0,-0.19903400666712787,0.0
3.67,0.010087026587064377,0.0,-0.11888714697253872,0.0,-0.1977859221447099,0.0
3.672,0.009848857557449662,0.0,-0.11928146386937659,0.0,-0.19652960427068,0.0
3.674,0.00960990241215516,0.0,-0.11967325991520666,0.0,-0.1952650747839536,0.0
3.676,0.009370166209291392,0.0,-0.12006251870878064,0.0,-0.19399235570920587,0.0
3.678,0.009129654039727216,0.0,-0.12044922389318521,0.0,-0.192711469356662,0.0
3.68,0.008888371027000422,0.0,-0.12083335915641279,0.0,-0.19142243832187633,0.0
3.682,0.008646322327227703,0.0,-0.12121490823193196,0.0,-0.1901252854855045,0.0
3.684,0.008403513129012503,0.0,-0.12159385489925782,0.0,-0.1888200340130616,0.0
3.686,0.008159948653353073,0.0,-0.12197018298452064,0.0,-0.18750670735467828,0.0
3.688,0.007915634153547959,0.0,-0.12234387636103594,0.0,-0.18618532924484005,0.0
3.69,0.00767057491510177,0.0,-0.12271491894987183,0.0,-0.1848559237021253,0.0
3.692,0.007424776255628486,0.0,-0.12308329472041775,0.0,-0.1835185150289266,0.0
3.694,0.007178243524754606,0.0,-0.12344898769095143,0.0,-0.18217312781116834,0.0
3.696,0.0069309821040206224,0.0,-0.12381198192920591,0.0,-0.18081978691801273,0.0
3.698,0.006682997406781902,0.0,-0.12417226155293508,0.0,-0.17945851750155878,0.0
3.7,0.006434294878107451,0.0,-0.12452981073048014,0.0,-0.17808934499652737,0.0
3.702,0.006184879994678901,0.0,-0.12488461368133386,0.0,-0.17671229511994438,0.0
3.704,0.0059347582646869105,0.0,-0.12523665467670533,0.0,-0.17532739387080654,0.0
3.706,0.005683935227727895,0.0,-0.12558591804008293,0.0,-0.17393466752974635,0.0
3.708,0.005432416454698275,0.0,-0.125932388147798,0.0,-0.17253414265868028,0.0
3.71,0.005180207547688587,0.0,-0.12627604942958656,0.0,-0.17112584610045306,0.0
3.712,0.004927314139875934,0.0,-0.1266168863691511,0.0,-0.16970980497847035,0.0
3.714,0.004673741895415849,0.0,-0.12695488350472078,0.0,-0.1682860466963247,0.0
3.716,0.004419496509332051,0.0,-0.12729002542961237,0.0,-0.16685459893740703,0.0
3.718,0.004164583707406436,0.0,-0.1276222967927883,0.0,-0.16541548966451652,0.0
3.72,0.003909009246066501,0.0,-0.12795168229941614,0.0,-0.1639687471194534,0.0
3.722,0.003652778912273101,0.0,-0.1282781667114254,0.0,-0.16251439982261023,0.0
3.724,0.0033958985234057346,0.0,-0.12860173484806486,0.0,-0.16105247657254704,0.0
3.726,0.003138373927147707,0.0,-0.12892237158645808,0.0,-0.15958300644556203,0.0
3.728,0.002880211001369652,0.0,-0.1292400618621588,0.0,-0.1581060187952511,0.0
3.73,0.002621415654012476,0.0,-0.12955479066970438,0.0,-0.15662154325206049,0.0
3.732,0.0023619938229682,0.0,-0.12986654306317022,0.0,-0.15512960972282472,0.0
3.734,0.002101951475961063,0.0,-0.13017530415672074,0.0,-0.15363024839030365,0.0
3.736,0.0018412946104260596,0.0,-0.13048105912516195,0.0,-0.15212348971270134,0.0
3.738,0.0015800292533878395,0.0,-0.13078379320449085,0.0,-0.1506093644231846,0.0
3.74,0.001318161461337133,0.0,-0.13108349169244565,0.0,-0.14908790352938425,0.0
3.742,0.0010556973201070875,0.0,-0.13138013994905381,0.0,-0.14755913831289325,0.0
3.744,0.000792642944747958,0.0,-0.13167372339717942,0.0,-0.14602310032875254,0.0
3.746,0.0005290044794012578,0.0,-0.1319642275230697,0.0,-0.14447982140493043,0.0
3.748,0.0002647880971717953,0.0,-0.13225163787690025,0.0,-0.14292933364178761,0.0
3.75,1.937429506463586e-17,0.0,-0.1325359400733194,0.0,-0.1413716694115408,0.0
3.7520000000000002,-0.00026535358146821734,0.0,-0.13281711979199134,0.0,-0.13980686135770848,0.0
3.754,-0.0005312663880114836,0.0,-0.13309516277813804,0.0,-0.13823494239455653,0.0
3.7560000000000002,-0.0007977321319650819,0.0,-0.13337005484308032,0.0,-0.13665594570652612,0.0
3.758,-0.0010647444973535052,0.0,-0.1336417818647776,0.0,-0.13506990474765845,0.0
3.7600000000000002,-0.0013322971400239714,0.0,-0.13391032978836642,0.0,-0.1334768532410101,0.0
3.762,-0.0016003836877818785,0.0,-0.1341756846266981,0.0,-0.13187682517805416,0.0
3.7640000000000002,-0.001868997740526489,0.0,-0.13443783246087473,0.0,-0.1302698548180777,0.0
3.766,-0.0021381328703876826,0.0,-0.13469675944078416,0.0,-0.12865597668756978,0.0
3.7680000000000002,-0.0024077826218647236,0.0,-0.13495245178563414,0.0,-0.12703522557959485,0.0
3.77,-0.0026779405119646783,0.0,-0.13520489578448436,0.0,-0.1254076365531656,0.0
3.7720000000000002,-0.00294860003034331,0.0,-0.13545407779677812,0.0,-0.12377324493259824,0.0
3.774,-0.0032197546394460938,0.0,-0.13569998425287214,0.0,-0.12213208630686409,0.0
3.7760000000000002,-0.0034913977746502895,0.0,-0.13594260165456495,0.0,-0.12048419652893308,0.0
3.778,-0.0037635228444089165,0.0,-0.13618191657562473,0.0,-0.11882961171510145,0.0
3.7800000000000002,-0.004036123230394942,0.0,-0.1364179156623149,0.0,-0.11716836824431712,0.0
3.782,-0.004309192287646506,0.0,-0.13665058563391877,0.0,-0.1155005027574952,0.0
3.7840000000000003,-0.004582723344714156,0.0,-0.1368799132832632,0.0,-0.11382605215681897,0.0
3.786,-0.0048567097038076795,0.0,-0.13710588547723956,0.0,-0.11214505360504035,0.0
3.7880000000000003,-0.005131144640945542,0.0,-0.13732848915732526,0.0,-0.11045754452476228,0.0
3.79,-0.005406021406103784,0.0,-0.1375477113401017,0.0,-0.10876356259772146,0.0
3.7920000000000003,-0.005681333223367448,0.0,-0.13776353911777267,0.0,-0.10706314576405282,0.0
3.794,-0.005957073291081925,0.0,-0.1379759596586797,0.0,-0.10535633222155238,0.0
3.7960000000000003,-0.006233234782005962,0.0,-0.13818496020781712,0.0,-0.10364316042492683,0.0
3.798,-0.006509810843465085,0.0,-0.1383905280873449,0.0,-0.10192366908503787,0.0
3.8000000000000003,-0.006786794597507112,0.0,-0.13859265069710025,0.0,-0.10019789716813164,0.0
3.802,-0.007064179141057262,0.0,-0.13879131551510762,0.0,-0.09846588389506725,0.0
3.8040000000000003,-0.007341957546075789,0.0,-0.13898651009808724,0.0,-0.09672766874052746,0.0
3.806,-0.007620122859715124,0.0,-0.13917822208196165,0.0,-0.09498329143223014,0.0
3.8080000000000003,-0.007898668104479464,0.0,-0.13936643918236138,0.0,-0.09323279195012123,0.0
3.81,-0.008177586278384285,0.0,-0.13955114919512832,0.0,-0.0914762105255658,0.0
3.8120000000000003,-0.008456870355117479,0.0,-0.13973233999681778,0.0,-0.08971358764052698,0.0
3.814,-0.00873651328420089,0.0,-0.13990999954519903,0.0,-0.08794496402673899,0.0
3.8160000000000003,-0.009016507991153921,0.0,-0.14008411587975383,0.0,-0.08617038066486485,0.0
3.818,-0.009296847377656669,0.0,-0.14025467712217346,0.0,-0.08438987878365511,0.0
3.8200000000000003,-0.009577524321715629,0.0,-0.14042167147685405,0.0,-0.0826034998590867,0.0
3.822,-0.009858531677828818,0.0,-0.1405850872313903,0.0,-0.08081128561350398,0.0
3.8240000000000003,-0.010139862277153343,0.0,-0.1407449127570672,0.0,-0.07901327801474109,0.0
3.826,-0.01042150892767287,0.0,-0.14090113650935004,0.0,-0.07720951927524262,0.0
3.8280000000000003,-0.0107034644143667,0.0,-0.14105374702837303,0.0,-0.07540005185117177,0.0
3.83,-0.010985721499379172,0.0,-0.14120273293942562,0.0,-0.07358491844151338,0.0
3.8320000000000003,-0.011268272922191154,0.0,-0.14134808295343732,0.0,-0.0717641619871615,0.0
3.834,-0.011551111399791028,0.0,-0.14148978586746042,0.0,-0.06993782567000763,0.0
3.8360000000000003,-0.011834229626848197,0.0,-0.14162783056515146,0.0,-0.0681059529120102,0.0
3.838,-0.012117620275885983,0.0,-0.14176220601725,0.0,-0.06626858737426561,0.0
3.84,-0.01240127599745697,0.0,-0.14189290128205623,0.0,-0.06442577295606078,0.0
3.842,-0.012685189420318196,0.0,-0.14201990550590635,0.0,-0.06257755379392432,0.0
3.844,-0.012969353151607802,0.0,-0.14214320792364593,0.0,-0.0607239742606661,0.0
3.846,-0.013253759777022627,0.0,-0.14226279785910179,0.0,-0.05886507896440758,0.0
3.848,-0.013538401860996233,0.0,-0.14237866472555136,0.0,-0.057000912747607504,0.0
3.85,-0.013823271946878974,0.0,-0.14249079802619055,0.0,-0.05513152068607134,0.0
3.852,-0.014108362557117511,0.0,-0.14259918735459945,0.0,-0.05325694808796243,0.0
3.854,-0.014393666193436832,0.0,-0.1427038223952059,0.0,-0.05137724049279352,0.0
3.856,-0.01467917533702161,0.0,-0.1428046929237474,0.0,-0.04949244367042109,0.0
3.858,-0.0149648824487,0.0,-0.14290178880773058,0.0,-0.04760260362002067,0.0
3.86,-0.015250779969127284,0.0,-0.14299510000688873,0.0,-0.0457077665690606,0.0
3.862,-0.015536860318970565,0.0,-0.14308461657363786,0.0,-0.04380797897226718,0.0
3.864,-0.015823115899095106,0.0,-0.14317032865352952,0.0,-0.041903287510575524,0.0
3.866,-0.016109539090750802,0.0,-0.14325222648570266,0.0,-0.039993739090078195,0.0
3.868,-0.01639612225575948,0.0,-0.14333030040333247,0.0,-0.038079380840964974,0.0
3.87,-0.016682857736704127,0.0,-0.14340454083407797,0.0,-0.036160260116448115,0.0
3.872,-0.0169697378571175,0.0,-0.14347493830052652,0.0,-0.03423642449168887,0.0
3.874,-0.01725675492167314,0.0,-0.14354148342063702,0.0,-0.032307921762705916,0.0
3.876,-0.01754390121637622,0.0,-0.1436041669081802,0.0,-0.030374799945282152,0.0
3.878,-0.017831169008755372,0.0,-0.14366297957317734,0.0,-0.02843710727386288,0.0
3.88,-0.018118550548056143,0.0,-0.14371791232233622,0.0,-0.026494892200440698,0.0
3.882,-0.01840603806543456,0.0,-0.1437689561594852,0.0,-0.024548203393436593,0.0
3.884,-0.018693623774151506,0.0,-0.14381610218600524,0.0,-0.022597089736574344,0.0
3.886,-0.01898129986976891,0.0,-0.1438593416012588,0.0,-0.0206416003277394,0.0
3.888,-0.019269058530345374,0.0,-0.14389866570301746,0.0,-0.01868178447783944,0.0
3.89,-0.019556891916634112,0.0,-0.14393406588788665,0.0,-0.01671769170964732,0.0
3.892,-0.01984479217228071,0.0,-0.14396553365172815,0.0,-0.014749371756641927,0.0
3.894,-0.020132751424021832,0.0,-0.14399306059008074,0.0,-0.012776874561841678,0.0
3.896,-0.020420761781885496,0.0,-0.14401663839857737,0.0,-0.010800250276623402,0.0
3.898,-0.020708815339391447,0.0,-0.1440362588733614,0.0,-0.008819549259539483,0.0
3.9,-0.02099690417375228,0.0,-0.1440519139114994,0.0,-0.006834822075126867,0.0
3.902,-0.02128502034607637,0.0,-0.14406359551139197,0.0,-0.0048461194927012785,0.0
3.904,-0.021573155901570194,0.0,-0.14407129577318226,0.0,-0.0028534924851540133,0.0
3.906,-0.021861302869742975,0.0,-0.14407500689916156,0.0,-0.0008569922277295305,0.0
3.908,-0.022149453264610604,0.0,-0.14407472119417308,0.0,0.001143329903193796,0.0
3.91,-0.022437599084901852,0.0,-0.14407043106601292,0.0,0.0031474223313410488,0.0
3.912,-0.022725732314264262,0.0,-0.14406212902582852,0.0,0.005155233281778471,0.0
3.914,-0.023013844921471457,0.0,-0.1440498076885148,0.0,0.007166710782163077,0.0
3.916,-0.023301928860630625,0.0,-0.14403345977310789,0.0,0.009181802663996042,0.0
3.918,-0.023589976071391894,0.0,-0.1440130781031758,0.0,0.011200456563891042,0.0
3.92,-0.023877978479156993,0.0,-0.14398865560720733,0.0,0.013222619924840834,0.0
3.922,-0.024165927995290236,0.0,-0.14396018531899768,0.0,0.015248239997501273,0.0
3.924,-0.0244538165173288,0.0,-0.14392766037803217,0.0,0.017277263841473545,0.0
3.926,-0.024741635929195132,0.0,-0.1438910740298669,0.0,0.019309638326602985,0.0
3.928,-0.025029378101409035,0.0,-0.14385041962650666,0.0,0.021345310134278567,0.0
3.93,-0.025317034891301222,0.0,-0.14380569062678109,0.0,0.023384225758744437,0.0
3.932,-0.025604598143226902,0.0,-0.14375688059671746,0.0,0.025426331508414196,0.0
3.934,-0.025892059688781225,0.0,-0.14370398320991062,0.0,0.027471573507200447,0.0
3.936,-0.026179411347014018,0.0,-0.14364699224789135,0.0,0.029519897695842234,0.0
3.938,-0.02646664492464681,0.0,-0.14358590160049073,0.0,0.0315712498332498,0.0
3.94,-0.026753752216288992,0.0,-0.14352070526620286,0.0,0.03362557549784653,0.0
3.942,-0.0270407250046562,0.0,-0.14345139735254442,0.0,0.0356828200889287,0.0
3.944,-0.02732755506078834,0.0,-0.1433779720764113,0.0,0.037742928828024436,0.0
3.946,-0.027614234144268862,0.0,-0.14330042376443303,0.0,0.0398058467602648,0.0
3.948,-0.02790075400344422,0.0,-0.14321874685332417,0.0,0.041871518755757314,0.0
3.95,-0.028187106375645067,0.0,-0.143132935890233,0.0,0.0439398895109753,0.0
3.952,-0.028473282987406673,0.0,-0.1430429855330872,0.0,0.04601090355014309,0.0
3.954,-0.02875927555469163,0.0,-0.14294889055093707,0.0,0.04808450522664043,0.0
3.956,-0.02904507578311163,0.0,-0.14285064582429602,0.0,0.05016063872440213,0.0
3.958,-0.029330675368151468,0.0,-0.1427482463454777,0.0,0.052239248059336274,0.0
3.96,-0.02961606599539249,0.0,-0.14264168721893075,0.0,0.05432027708074061,0.0
3.962,-0.029901239340737486,0.0,-0.14253096366157064,0.0,0.056403669472731344,0.0
3.964,-0.030186187070635542,0.0,-0.14241607100310888,0.0,0.058489368755674453,0.0
3.966,-0.03047090084230858,0.0,-0.14229700468637835,0.0,0.06057731828763108,0.0
3.968,-0.03075537230397723,0.0,-0.14217376026765732,0.0,0.0626674612658005,0.0
3.97,-0.031039593095088743,0.0,-0.142046333416989,0.0,0.06475974072798024,0.0
3.972,-0.03132355484654411,0.0,-0.14191471991849933,0.0,0.0668540995540223,0.0
3.974,-0.031607249180927256,0.0,-0.14177891567071133,0.0,0.06895048046730731,0.0
3.976,-0.03189066771273363,0.0,-0.14163891668685638,0.0,0.07104882603621651,0.0
3.978,-0.03217380204860026,0.0,-0.14149471909518274,0.0,0.07314907867561574,0.0
3.98,-0.032456643787535655,0.0,-0.14134631913926166,0.0,0.07525118064834227,0.0
3.982,-0.032739184521151384,0.0,-0.14119371317828894,0.0,0.0773550740667045,0.0
3.984,-0.03302141583389295,0.0,-0.1410368976873856,0.0,0.07946070089397983,0.0
3.986,-0.03330332930327263,0.0,-0.1408758692578933,0.0,0.08156800294592892,0.0
3.988,-0.03358491650010146,0.0,-0.14071062459766898,0.0,0.08367692189230574,0.0
3.99,-0.03386616898872325,0.0,-0.1405411605313745,0.0,0.08578739925838538,0.0
3.992,-0.03414707832724807,0.0,-0.14036747400076438,0.0,0.08789937642648951,0.0
3.994,-0.03442763606778693,0.0,-0.14018956206497016,0.0,0.09001279463752357,0.0
3.996,-0.034707833756686436,0.0,-0.1400074219007819,0.0,0.0921275949925156,0.0
3.998,-0.03498766293476502,0.0,-0.13982105080292592,0.0,0.09424371845416968,0.0
4.0,-0.03526711513754838,0.0,-0.13963044618434048,0.0,0.09636110584841459,0.0
4.002,-0.0355461818955068,0.0,-0.13943560557644713,0.0,0.09847969786597024,0.0
4.0040000000000004,-0.03582485473429211,0.0,-0.13923652662942002,0.0,0.10059943506391245,0.0
4.006,-0.03610312517497523,0.0,-0.13903320711245168,0.0,0.1027202578672447,0.0
4.008,-0.03638098473428497,0.0,-0.13882564491401486,0.0,0.10484210657048243,0.0
4.01,-0.036658424924846326,0.0,-0.13861383804212316,0.0,0.10696492133923405,0.0
4.0120000000000005,-0.036935437255420395,0.0,-0.13839778462458593,0.0,0.10908864221179858,0.0
4.014,-0.03721201323114351,0.0,-0.1381774829092623,0.0,0.11121320910075758,0.0
4.016,-0.03748814435376828,0.0,-0.13795293126431035,0.0,0.11333856179458542,0.0
4.018,-0.03776382212190404,0.0,-0.1377241281784341,0.0,0.11546463995925606,0.0
4.0200000000000005,-0.03803903803125839,0.0,-0.1374910722611267,0.0,0.1175913831398613,0.0
4.022,-0.0383137835748786,0.0,-0.13725376224291083,0.0,0.11971873076222998,0.0
4.024,-0.0385880502433946,0.0,-0.13701219697557515,0.0,0.1218466221345611,0.0
4.026,-0.038861829525260995,0.0,-0.13676637543240855,0.0,0.12397499644905241,0.0
4.0280000000000005,-0.039135112907001016,0.0,-0.13651629670842977,0.0,0.12610379278354591,0.0
4.03,-0.03940789187344947,0.0,-0.13626196002061514,0.0,0.1282329501031676,0.0
4.032,-0.039680157907997574,0.0,-0.13600336470812197,0.0,0.130362407261984,0.0
4.034,-0.03995190249283709,0.0,-0.135740510232509,0.0,0.13249210300465658,0.0
4.0360000000000005,-0.04022311710920561,0.0,-0.1354733961779538,0.0,0.13462197596810566,0.0
4.038,-0.040493793237631664,0.0,-0.13520202225146638,0.0,0.13675196468317663,0.0
4.04,-0.04076392235818083,0.0,-0.13492638828310002,0.0,0.13888200757631528,0.0
4.042,-0.041033495950702194,0.0,-0.13464649422615774,0.0,0.14101204297124906,0.0
4.0440000000000005,-0.04130250549507486,0.0,-0.13436234015739645,0.0,0.14314200909066993,0.0
4.046,-0.041570942471454785,0.0,-0.13407392627722767,0.0,0.14527184405792276,0.0
4.048,-0.04183879836052285,0.0,-0.1337812529099137,0.0,0.1474014858987057,0.0
4.05,-0.04210606464373238,0.0,-0.13348432050376197,0.0,0.14953087254276787,0.0
4.0520000000000005,-0.04237273280355763,0.0,-0.13318312963131473,0.0,0.1516599418256175,0.0
4.054,-0.04263879432374209,0.0,-0.13287768098953617,0.0,0.1537886314902311,0.0
4.056,-0.042904240689547846,0.0,-0.13256797539999582,0.0,0.15591687918877228,0.0
4.058,-0.04316906338800496,0.0,-0.1322540138090479,0.0,0.1580446224843144,0.0
4.0600000000000005,-0.04343325390816121,0.0,-0.13193579728800814,0.0,0.160171798852567,0.0
4.062,-0.0436968037413318,0.0,-0.13161332703332718,0.0,0.16229834568360524,0.0
4.064,-0.043959704381350405,0.0,-0.13128660436675935,0.0,0.16442420028361193,0.0
4.066,-0.044221947324819544,0.0,-0.13095563073552907,0.0,0.16654929987661643,0.0
4.0680000000000005,-0.04448352407136189,0.0,-0.13062040771249336,0.0,0.1686735816062434,0.0
4.07,-0.04474442612387138,0.0,-0.13028093699630114,0.0,0.1707969825374626,0.0
4.072,-0.04500464498876526,0.0,-0.12993722041154868,0.0,0.17291943965834738,0.0
4.074,-0.04526417217623614,0.0,-0.12958925990893116,0.0,0.17504088988183766,0.0
4.0760000000000005,-0.04552299920050426,0.0,-0.1292370575653916,0.0,0.17716127004750465,0.0
4.078,-0.04578111758006986,0.0,-0.12888061558426617,0.0,0.1792805169233202,0.0
4.08,-0.046038518837966634,0.0,-0.1285199362954247,0.0,0.18139856720743658,0.0
4.082,-0.04629519450201456,0.0,-0.12815502215540941,0.0,0.18351535752996417,0.0
4.0840000000000005,-0.04655113610507366,0.0,-0.12778587574756836,0.0,0.1856308244547584,0.0
4.086,-0.046806335185297074,0.0,-0.1274124997821877,0.0,0.18774490448120343,0.0
4.088,-0.04706078328638607,0.0,-0.12703489709661675,0.0,0.189857534046015,0.0
4.09,-0.04731447195784355,0.0,-0.12665307065539297,0.0,0.191968649525032,0.0
4.0920000000000005,-0.04756739275522897,0.0,-0.12626702355036135,0.0,0.19407818723502274,0.0
4.094,-0.047819537240412505,0.0,-0.12587675900079132,0.0,0.1961860834354878,0.0
4.096,-0.04807089698183074,0.0,-0.12548228035348863,0.0,0.19829227433047625,0.0
4.098,-0.048321463554741366,0.0,-0.12508359108290507,0.0,0.20039669607039812,0.0
4.1,-0.04857122854147874,0.0,-0.12468069479124369,0.0,0.20249928475384465,0.0
4.102,-0.04882018353170958,0.0,-0.12427359520856034,0.0,0.20459997642941358,0.0
4.104,-0.04906832012268822,0.0,-0.1238622961928631,0.0,0.20669870709753102,0.0
4.106,-0.04931562991951347,0.0,-0.12344680173020489,0.0,0.20879541271229224,0.0
4.108,-0.04956210453538427,0.0,-0.1230271159347756,0.0,0.21089002918329144,0.0
4.11,-0.04980773559185619,0.0,-0.1226032430489887,0.0,0.21298249237746397,0.0
4.112,-0.05005251471909765,0.0,-0.12217518744356533,0.0,0.21507273812092614,0.0
4.114,-0.050296433556147185,0.0,-0.12174295361761332,0.0,0.21716070220082828,0.0
4.116,-0.05053948375116987,0.0,-0.1213065461987037,0.0,0.21924632036720199,0.0
4.118,-0.05078165696171468,0.0,-0.12086596994294274,0.0,0.22132952833481773,0.0
4.12,-0.0510229448549708,0.0,-0.12042122973504181,0.0,0.22341026178503717,0.0
4.122,-0.05126333910802608,0.0,-0.11997233058838046,0.0,0.22548845636768444,0.0
4.124,-0.05150283140812364,0.0,-0.11951927764506885,0.0,0.22756404770290573,0.0
4.126,-0.05174141345291967,0.0,-0.11906207617600491,0.0,0.22963697138304084,0.0
4.128,-0.0519790769507408,0.0,-0.11860073158092857,0.0,0.23170716297449312,0.0
4.13,-0.052215813620842204,0.0,-0.1181352493884708,0.0,0.23377455801960947,0.0
4.132,-0.05245161519366521,0.0,-0.11766563525620059,0.0,0.23583909203855727,0.0
4.134,-0.0526864734110954,0.0,-0.11719189497066679,0.0,0.23790070053120907,0.0
4.136,-0.052920380026719976,0.0,-0.11671403444743839,0.0,0.239959318979023,0.0
4.138,-0.053153326806086844,0.0,-0.11623205973113714,0.0,0.24201488284694045,0.0
4.14,-0.05338530552696203,0.0,-0.1157459769954702,0.0,0.24406732758527244,0.0
4.142,-0.05361630797958818,0.0,-0.1152557925432571,0.0,0.24611658863159763,0.0
4.144,-0.05384632596694248,0.0,-0.11476151280645375,0.0,0.24816260141265759,0.0
4.146,-0.0540753513049954,0.0,-0.1142631443461714,0.0,0.2502053013462626,0.0
4.148,-0.05430337582296878,0.0,-0.11376069385269319,0.0,0.2522446238431934,0.0
4.15,-0.05453039136359424,0.0,-0.11325416814548565,0.0,0.25428050430910965,0.0
4.152,-0.054756389783371225,0.0,-0.11274357417320885,0.0,0.25631287814645565,0.0
4.154,-0.05498136295282601,0.0,-0.11222891901371826,0.0,0.2583416807563803,0.0
4.156,-0.05520530275676972,0.0,-0.1117102098740673,0.0,0.2603668475406482,0.0
4.158,-0.05542820109455683,0.0,-0.11118745409050332,0.0,0.2623883139035591,0.0
4.16,-0.05565004988034325,0.0,-0.1106606591284616,0.0,0.2644060152538661,0.0
4.162,-0.05587084104334518,0.0,-0.1101298325825532,0.0,0.26641988700670327,0.0
4.164,-0.05609056652809713,0.0,-0.10959498217655116,0.0,0.2684298645855087,0.0
4.166,-0.05630921829471047,0.0,-0.10905611576337139,0.0,0.270435883423955,0.0
4.168,-0.05652678831913106,0.0,-0.10851324132505173,0.0,0.272437878967874,0.0
4.17,-0.05674326859339842,0.0,-0.10796636697272345,0.0,0.27443578667719853,0.0
4.172,-0.05695865112590317,0.0,-0.10741550094658257,0.0,0.2764295420278915,0.0
4.174,-0.05717292794164551,0.0,-0.10686065161585542,0.0,0.2784190805138863,0.0
4.176,-0.057386091082492846,0.0,-0.10630182747876141,0.0,0.28040433764902306,0.0
4.178,-0.057598132607438186,0.0,-0.10573903716247013,0.0,0.28238524896899475,0.0
4.18,-0.05780904459285773,0.0,-0.1051722894230566,0.0,0.284361750033288,0.0
4.182,-0.058018819132768816,0.0,-0.10460159314545095,0.0,0.28633377642713165,0.0
4.184,-0.05822744833908711,0.0,-0.10402695734338682,0.0,0.28830126376343834,0.0
4.186,-0.0584349243418848,0.0,-0.10344839115934136,0.0,0.29026414768476255,0.0
4.188,-0.058641239289647686,0.0,-0.1028659038644759,0.0,0.2922223638652464,0.0
4.19,-0.05884638534953251,0.0,-0.10227950485856989,0.0,0.2941758480125755,0.0
4.192,-0.059050354707624,0.0,-0.10168920366995304,0.0,0.29612453586993065,0.0
4.194,-0.05925313956919216,0.0,-0.1010950099554308,0.0,0.29806836321794844,0.0
4.196,-0.05945473215894902,0.0,-0.10049693350020852,0.0,0.30000726587667725,0.0
4.198,-0.05965512472130545,0.0,-0.09989498421781003,0.0,0.30194117970753875,0.0
4.2,-0.059854309520627216,0.0,-0.09928917214999451,0.0,0.30387004061528344,0.0
4.202,-0.060052278841492175,0.0,-0.09867950746666546,0.0,0.3057937845499621,0.0
4.204,-0.06024902498894594,0.0,-0.09806600046577975,0.0,0.3077123475088839,0.0
4.206,-0.06044454028875806,0.0,-0.0974486615732505,0.0,0.30962566553858384,0.0
4.208,-0.060638817087677536,0.0,-0.09682750134284754,0.0,0.3115336747367866,0.0
4.21,-0.06083184775368898,0.0,-0.09620253045609181,0.0,0.31343631125437915,0.0
4.212,-0.061023624676267575,0.0,-0.09557375972214788,0.0,0.31533351129737575,0.0
4.214,-0.061214140266634486,0.0,-0.09494120007771098,0.0,0.3172252111288909,0.0
4.216,-0.061403386958011404,0.0,-0.09430486258689291,0.0,0.31911134707110533,0.0
4.218,-0.061591357205875864,0.0,-0.09366475844109887,0.0,0.3209918555072448,0.0
4.22,-0.06177804348821533,0.0,-0.09302089895890542,0.0,0.322866672883549,0.0
4.222,-0.06196343830578149,0.0,-0.09237329558593181,0.0,0.3247357357112467,0.0
4.224,-0.06214753418234408,0.0,-0.09172195989470885,0.0,0.3265989805685281,0.0
4.226,-0.062330323664944856,0.0,-0.09106690358454167,0.0,0.32845634410252356,0.0
4.228,-0.06251179932415078,0.0,-0.09040813848137047,0.0,0.33030776303127785,0.0
4.23,-0.06269195375430721,0.0,-0.08974567653762745,0.0,0.33215317414572654,0.0
4.232,-0.06287077957379063,0.0,-0.08907952983208822,0.0,0.3339925143116724,0.0
4.234,-0.0630482694252615,0.0,-0.08840971056971991,0.0,0.3358257204717665,0.0
4.236,-0.06322441597591613,0.0,-0.08773623108152606,0.0,0.3376527296474833,0.0
4.238,-0.06339921191773888,0.0,-0.08705910382438653,0.0,0.33947347894110047,0.0
4.24,-0.06357264996775336,0.0,-0.08637834138089487,0.0,0.3412879055376756,0.0
4.242,-0.06374472286827415,0.0,-0.0856939564591894,0.0,0.3430959467070288,0.0
4.244,-0.06391542338715751,0.0,-0.08500596189278241,0.0,0.3448975398057208,0.0
4.246,-0.06408474431805189,0.0,-0.08431437064038513,0.0,0.34669262227903025,0.0
4.248,-0.06425267848064813,0.0,-0.08361919578572789,0.0,0.3484811316629355,0.0
4.25,-0.06441921872092952,0.0,-0.08292045053737618,0.0,0.35026300558609424,0.0
4.252,-0.06458435791142117,0.0,-0.08221814822854415,0.0,0.3520381817718226,0.0
4.2540000000000004,-0.06474808895143909,0.0,-0.0815123023169027,0.0,0.3538065980400753,0.0
4.256,-0.0649104047673388,0.0,-0.0808029263843853,0.0,0.3555681923094217,0.0
4.258,-0.06507129831276397,0.0,-0.08009003413698702,0.0,0.35732290259903077,0.0
4.26,-0.06523076256889399,0.0,-0.07937363940456342,0.0,0.3590706670306441,0.0
4.2620000000000005,-0.06538879054469181,0.0,-0.07865375614062123,0.0,0.3608114238305594,0.0
4.264,-0.0655453752771507,0.0,-0.07793039842210944,0.0,0.3625451113316043,0.0
4.266,-0.0657005098315412,0.0,-0.07720358044920247,0.0,0.36427166797511745,0.0
4.268,-0.06585418730165728,0.0,-0.07647331654508215,0.0,0.36599103231292435,0.0
4.2700000000000005,-0.06600640081006201,0.0,-0.07573962115571423,0.0,0.36770314300931417,0.0
4.272,-0.06615714350833295,0.0,-0.07500250884962253,0.0,0.3694079388430142,0.0
4.274,-0.0663064085773072,0.0,-0.0742619943176564,0.0,0.3711053587091688,0.0
4.276,-0.06645418922732559,0.0,-0.07351809237275782,0.0,0.37279534162130984,0.0
4.2780000000000005,-0.06660047869847681,0.0,-0.07277081794972057,0.0,0.37447782671333446,0.0
4.28,-0.06674527026084064,0.0,-0.07202018610494977,0.0,0.3761527532414738,0.0
4.282,-0.06688855721473122,0.0,-0.07126621201621325,0.0,0.3778200605862689,0.0
4.284,-0.06703033289093938,0.0,-0.07050891098239209,0.0,0.37947968825453937,0.0
4.2860000000000005,-0.06717059065097455,0.0,-0.06974829842322555,0.0,0.3811315758813547,0.0
4.288,-0.0673093238873063,0.0,-0.06898438987905336,0.0,0.3827756632320011,0.0
4.29,-0.06744652602360521,0.0,-0.0682172010105529,0.0,0.38441189020395056,0.0
4.292,-0.06758219051498343,0.0,-0.06744674759847219,0.0,0.38604019682882845,0.0
4.2940000000000005,-0.06771631084823446,0.0,-0.06667304554336018,0.0,0.3876605232743769,0.0
4.296,-0.06784888054207228,0.0,-0.0658961108652934,0.0,0.3892728098464178,0.0
4.298,-0.06797989314737053,0.0,-0.06511595970359628,0.0,0.39087699699081846,0.0
4.3,-0.06810934224740044,0.0,-0.06433260831656004,0.0,0.39247302529544975,0.0
4.3020000000000005,-0.06823722145806857,0.0,-0.06354607308115628,0.0,0.3940608354921468,0.0
4.304,-0.0683635244281538,0.0,-0.06275637049274785,0.0,0.39564036845866557,0.0
4.306,-0.06848824483954391,0.0,-0.06196351716479456,0.0,0.39721156522064005,0.0
4.308,-0.06861137640747147,0.0,-0.06116752982855492,0.0,0.398774366953537,0.0
4.3100000000000005,-0.06873291288074919,0.0,-0.06036842533278498,0.0,0.4003287149846086,0.0
4.312,-0.06885284804200434,0.0,-0.05956622064343378,0.0,0.4018745507948407,0.0
4.314,-0.06897117570791314,0.0,-0.058760932843332114,0.0,0.40341181602090564,0.0
4.316,-0.06908788972943414,0.0,-0.05795257913188049,0.0,0.4049404524571074,0.0
4.3180000000000005,-0.06920298399204099,0.0,-0.05714117682473121,0.0,0.40646040205732653,0.0
4.32,-0.06931645241595447,0.0,-0.05632674335346817,0.0,0.407971606936962,0.0
4.322,-0.06942828895637435,0.0,-0.05550929626528143,0.0,0.4094740093748739,0.0
4.324,-0.06953848760371005,0.0,-0.0546888532226376,0.0,0.4109675518153215,0.0
4.3260000000000005,-0.06964704238381098,0.0,-0.053865432002947744,0.0,0.4124521768698993,0.0
4.328,-0.06975394735819594,0.0,-0.05303905049823173,0.0,0.41392782731946987,0.0
4.33,-0.0698591966242822,0.0,-0.0522097267147759,0.0,0.4153944461160976,0.0
4.332,-0.06996278431561348,0.0,-0.05137747877278995,0.0,0.4168519763849764,0.0
4.3340000000000005,-0.0700647046020877,0.0,-0.05054232490605788,0.0,0.41830036142635774,0.0
4.336,-0.07016495169018343,0.0,-0.049704283461588304,0.0,0.4197395447174707,0.0
4.338,-0.07026351982318628,0.0,-0.04886337289925499,0.0,0.4211694699144494,0.0
4.34,-0.07036040328141427,0.0,-0.04801961179143958,0.0,0.4225900808542483,0.0
4.3420000000000005,-0.07045559638244227,0.0,-0.04717301882266703,0.0,0.4240013215565585,0.0
4.344,-0.07054909348132604,0.0,-0.04632361278923952,0.0,0.4254031362257202,0.0
4.346,-0.07064088897082545,0.0,-0.04547141259886339,0.0,0.4267954692526357,0.0
4.348,-0.07073097728162686,0.0,-0.04461643727027535,0.0,0.42817826521667435,0.0
4.3500000000000005,-0.07081935288256491,0.0,-0.04375870593286267,0.0,0.4295514688875792,0.0
4.352,-0.07090601028084312,0.0,-0.04289823782628305,0.0,0.430915025227364,0.0
4.354,-0.0709909440222545,0.0,-0.042035052300074434,0.0,0.4322688793922178,0.0
4.356,-0.07107414869140058,0.0,-0.04116916881326726,0.0,0.4336129767343951,0.0
4.358,-0.07115561891191015,0.0,-0.04030060693398982,0.0,0.4349472628041102,0.0
4.36,-0.07123534934665705,0.0,-0.039429386339070165,0.0,0.4362716833514253,0.0
4.362,-0.07131333469797706,0.0,-0.03855552681363566,0.0,0.437586184328134,0.0
4.364,-0.0713895697078842,0.0,-0.037679048250705886,0.0,0.43889071188964596,0.0
4.366,-0.07146404915828615,0.0,-0.03679997065078477,0.0,0.4401852123968636,0.0
4.368,-0.07153676787119871,0.0,-0.03591831412144671,0.0,0.4414696324180581,0.0
4.37,-0.07160772070895946,0.0,-0.03503409887692251,0.0,0.4427439187307372,0.0
4.372,-0.07167690257444088,0.0,-0.034147345237675326,0.0,0.4440080183235179,0.0
4.374,-0.07174430841126217,0.0,-0.033258073629979,0.0,0.4452618783979867,0.0
4.376,-0.07180993320400061,0.0,-0.03236630458548938,0.0,0.4465054463705616,0.0
4.378,-0.07187377197840171,0.0,-0.03147205874081406,0.0,0.4477386698743459,0.0
4.38,-0.07193581980158884,0.0,-0.030575356837075237,0.0,0.4489614967609832,0.0
4.382,-0.07199607178227177,0.0,-0.029676219719472045,0.0,0.4501738751025048,0.0
4.384,-0.07205452307095442,0.0,-0.028774668336837023,0.0,0.4513757531931745,0.0
4.386,-0.0721111688601415,0.0,-0.027870723741192316,0.0,0.4525670795513263,0.0
4.388,-0.07216600438454474,0.0,-0.026964407087295875,0.0,0.453747802921205,0.0
4.39,-0.07221902492128761,0.0,-0.026055739632190364,0.0,0.4549178722747946,0.0
4.392,-0.0722702257901097,0.0,-0.025144742734744912,0.0,0.4560772368136483,0.0
4.394,-0.07231960235356964,0.0,-0.024231437855195402,0.0,0.45722584597070953,0.0
4.396,-0.0723671500172476,0.0,-0.023315846554677964,0.0,0.45836364941213326,0.0
4.398,-0.07241286422994651,0.0,-0.02239799049476202,0.0,0.4594905970390994,0.0
4.4,-0.07245674048389253,0.0,-0.021477891436977422,0.0,0.4606066389896242,0.0
4.402,-0.07249877431493434,0.0,-0.02055557124234164,0.0,0.46171172564036206,0.0
4.404,-0.07253896130274182,0.0,-0.019631051870876732,0.0,0.4628058076084116,0.0
4.406,-0.07257729707100347,0.0,-0.018704355381129238,0.0,0.46388883575310874,0.0
4.408,-0.07261377728762303,0.0,-0.017775503929682995,0.0,0.46496076117781926,0.0
4.41,-0.072648397664915,0.0,-0.016844519770670585,0.0,0.4660215352317241,0.0
4.412,-0.07268115395979931,0.0,-0.015911425255277913,0.0,0.4670711095116033,0.0
4.414,-0.07271204197399489,0.0,-0.014976242831248581,0.0,0.468109435863612,0.0
4.416,-0.0727410575542123,0.0,-0.014038995042382381,0.0,0.4691364663850527,0.0
4.418,-0.07276819659234532,0.0,-0.013099704528033853,0.0,0.47015215342614014,0.0
4.42,-0.0727934550256616,0.0,-0.012158394022600733,0.0,0.47115644959176717,0.0
4.422,-0.07281682883699218,0.0,-0.011215086355015523,0.0,0.4721493077432584,0.0
4.424,-0.07283831405492013,0.0,-0.010269804448229822,0.0,0.4731306810001233,0.0
4.426,-0.07285790675396787,0.0,-0.00932257131869757,0.0,0.4741005227418003,0.0
4.428,-0.07287560305478397,0.0,-0.008373410075851448,0.0,0.4750587866094008,0.0
4.43,-0.07289139912432831,0.0,-0.007422343921579137,0.0,0.47600542650744276,0.0
4.432,-0.07290529117605651,0.0,-0.006469396149693791,0.0,0.47694039660558124,0.0
4.434,-0.07291727547010345,0.0,-0.005514590145404619,0.0,0.47786365134033204,0.0
4.436,-0.07292734831346524,0.0,-0.00455794938477758,0.0,0.4787751454167931,0.0
4.438,-0.07293550606018061,0.0,-0.003599497434199017,0.0,0.47967483381035614,0.0
4.44,-0.07294174511151087,0.0,-0.0026392579498324825,0.0,0.48056267176841483,0.0
4.442,-0.07294606191611903,0.0,-0.0016772546770743267,0.0,0.48143861481206657,0.0
4.444,-0.07294845297024767,0.0,-0.0007135114500025699,0.0,0.48230261873780955,0.0
4.446,-0.0729489148178957,0.0,0.00025194780917424386,0.0,0.4831546396192327,0.0
4.448,-0.07294744405099413,0.0,0.001219099090673914,0.0,0.48399463380870045,0.0
4.45,-0.07294403730958071,0.0,0.002187918297697107,0.0,0.48482255793903,0.0
4.452,-0.07293869128197326,0.0,0.0031583812469940034,0.0,0.4856383689251657,0.0
4.454,-0.0729314027049421,0.0,0.004130463669427528,0.0,0.4864420239658448,0.0
4.456,-0.07292216836388123,0.0,0.005104141210543589,0.0,0.4872334805452576,0.0
4.458,-0.0729109850929784,0.0,0.006079389431142258,0.0,0.48801269643470085,0.0
4.46,-0.07289784977538406,0.0,0.007056183807855741,0.0,0.4887796296942275,0.0
4.462,-0.07288275934337904,0.0,0.008034499733726108,0.0,0.48953423867428686,0.0
4.464,-0.07286571077854116,0.0,0.009014312518788786,0.0,0.49027648201736035,0.0
4.466,-0.07284670111191084,0.0,0.009995597390655524,0.0,0.49100631865958944,0.0
4.468,-0.07282572742415502,0.0,0.010978329495107346,0.0,0.4917237078323995,0.0
4.47,-0.07280278684573055,0.0,0.011962483896684153,0.0,0.4924286090641146,0.0
4.472,-0.07277787655704585,0.0,0.01294803557928105,0.0,0.49312098218156714,0.0
4.474,-0.07275099378862175,0.0,0.013934959446745596,0.0,0.4938007873116994,0.0
4.476,-0.07272213582125094,0.0,0.01492323032348173,0.0,0.49446798488316124,0.0
4.478,-0.07269129998615617,0.0,0.015912822955053738,0.0,0.4951225356278978,0.0
4.48,-0.07265848366514753,0.0,0.01690371200879369,0.0,0.49576440058273247,0.0
4.482,-0.07262368429077805,0.0,0.017895872074413482,0.0,0.4963935410909416,0.0
4.484,-0.07258689934649847,0.0,0.01888927766462009,0.0,0.497009918803824,0.0
4.486,-0.07254812636681063,0.0,0.01988390321573199,0.0,0.49761349568226215,0.0
4.488,-0.07250736293741956,0.0,0.020879723088300654,0.0,0.4982042339982768,0.0
4.49,-0.07246460669538451,0.0,0.021876711567733027,0.0,0.49878209633657344,0.0
4.492,-0.07241985532926849,0.0,0.022874842864920482,0.0,0.49934704559608445,0.0
4.494,-0.07237310657928668,0.0,0.023874091116867675,0.0,0.4998990449915006,0.0
4.496,-0.07232435823745371,0.0,0.02487443038732509,0.0,0.5004380580547979,0.0
4.498,-0.07227360814772936,0.0,0.025875834667425622,0.0,0.500964048636755,0.0
4.5,-0.07222085420616324,0.0,0.026878277876324526,0.0,0.501476980908466,0.0
4.502,-0.07216609436103809,0.0,0.027881733861840473,0.0,0.5019768193628432,0.0
4.5040000000000004,-0.07210932661301182,0.0,0.028886176401101367,0.0,0.5024635288161137,0.0
4.506,-0.07205054901525826,0.0,0.02989157920119105,0.0,0.5029370744093076,0.0
4.508,-0.07198975967360649,0.0,0.03089791589980289,0.0,0.5033974216097403,0.0
4.51,-0.07192695674667919,0.0,0.03190516006589099,0.0,0.5038445362124856,0.0
4.5120000000000005,-0.0718621384460292,0.0,0.03291328520032997,0.0,0.5042783843418415,0.0
4.514,-0.0717953030362752,0.0,0.03392226473657211,0.0,0.5046989324527882,0.0
4.516,-0.0717264488352358,0.0,0.0349320720413126,0.0,0.5051061473324393,0.0
4.518,-0.07165557421406245,0.0,0.03594268041515378,0.0,0.5054999961014838,0.0
4.5200000000000005,-0.0715826775973709,0.0,0.03695406309327456,0.0,0.505880446215621,0.0
4.522,-0.07150775746337146,0.0,0.03796619324610032,0.0,0.5062474654669864,0.0
4.524,-0.0714308123439977,0.0,0.038979043979979845,0.0,0.5066010219855722,0.0
4.526,-0.07135184082503411,0.0,0.03999258833785944,0.0,0.5069410842406362,0.0
4.5280000000000005,-0.07127084154624205,0.0,0.0410067992999658,0.0,0.5072676210421061,0.0
4.53,-0.07118781320148461,0.0,0.042021649784485915,0.0,0.5075806015419718,0.0
4.532,-0.07110275453884994,0.0,0.04303711264825499,0.0,0.5078799952356741,0.0
4.534,-0.07101566436077333,0.0,0.04405316068744337,0.0,0.5081657719634807,0.0
4.5360000000000005,-0.07092654152415778,0.0,0.045069766638248326,0.0,0.5084379019118571,0.0
4.538,-0.0708353849404933,0.0,0.04608690317758657,0.0,0.5086963556148274,0.0
4.54,-0.07074219357597489,0.0,0.04710454292379163,0.0,0.5089411039553272,0.0
4.542,-0.07064696645161868,0.0,0.048122658437313615,0.0,0.5091721181665485,0.0
4.5440000000000005,-0.07054970264337732,0.0,0.049141222221420394,0.0,0.5093893698332758,0.0
4.546,-0.07045040128225351,0.0,0.050160206722901064,0.0,0.5095928308932121,0.0
4.548,-0.07034906155441224,0.0,0.05117958433277517,0.0,0.5097824736382998,0.0
4.55,-0.07024568270129165,0.0,0.05219932738700115,0.0,0.5099582707160291,0.0
4.5520000000000005,-0.07014026401971242,0.0,0.05321940816718943,0.0,0.5101201951307408,0.0
4.554,-0.07003280486198572,0.0,0.05423979890131622,0.0,0.5102682202449178,0.0
4.556,-0.06992330463601996,0.0,0.05526047176444209,0.0,0.5104023197804699,0.0
4.558,-0.06981176280542559,0.0,0.056281398879432454,0.0,0.5105224678200081,0.0
4.5600000000000005,-0.06969817888961893,0.0,0.05730255231767985,0.0,0.5106286388081117,0.0
4.562,-0.0695825524639245,0.0,0.05832390409982782,0.0,0.5107208075525844,0.0
4.564,-0.06946488315967554,0.0,0.05934542619650088,0.0,0.5107989492257035,0.0
4.566,-0.06934517066431355,0.0,0.0603670905290333,0.0,0.5108630393654578,0.0
4.5680000000000005,-0.06922341472148591,0.0,0.061388868970202334,0.0,0.5109130538767793,0.0
4.57,-0.06909961513114254,0.0,0.062410733344962374,0.0,0.5109489690327623,0.0
4.572,-0.0689737717496307,0.0,0.06343265543118332,0.0,0.5109707614758771,0.0
4.574,-0.06884588448978819,0.0,0.06445460696039082,0.0,0.5109784082191702,0.0
4.5760000000000005,-0.06871595332103551,0.0,0.06547655961850847,0.0,0.5109718866474595,0.0
4.578,-0.06858397826946652,0.0,0.06649848504660097,0.0,0.5109511745185172,0.0
4.58,-0.06844995941793691,0.0,0.0675203548416237,0.0,0.5109162499642442,0.0
4.582,-0.06831389690615211,0.0,0.06854214055717057,0.0,0.5108670914918356,0.0
4.5840000000000005,-0.06817579093075288,0.0,0.06956381370422675,0.0,0.5108036779849359,0.0
4.586,-0.06803564174540044,0.0,0.07058534575192013,0.0,0.510725988704786,0.0
4.588,-0.06789344966085857,0.0,0.0716067081282817,0.0,0.5106340032913581,0.0
4.59,-0.06774921504507557,0.0,0.07262787222100123,0.0,0.5105277017644841,0.0
4.5920000000000005,-0.06760293832326406,0.0,0.07364880937818948,0.0,0.5104070645249721,0.0
4.594,-0.06745461997797945,0.0,0.07466949090913952,0.0,0.510272072355714,0.0
4.596,-0.0673042605491967,0.0,0.07568988808509441,0.0,0.5101227064227839,0.0
4.598,-0.06715186063438568,0.0,0.07670997214001296,0.0,0.5099589482765254,0.0
4.6000000000000005,-0.06699742088858485,0.0,0.07772971427134061,0.0,0.5097807798526299,0.0
4.602,-0.06684094202447406,0.0,0.07874908564077829,0.0,0.5095881834732061,0.0
4.604,-0.06668242481244445,0.0,0.07976805737506053,0.0,0.5093811418478364,0.0
4.606,-0.06652187008066819,0.0,0.08078660056672882,0.0,0.5091596380746273,0.0
4.6080000000000005,-0.06635927871516578,0.0,0.08180468627491037,0.0,0.5089236556412461,0.0
4.61,-0.0661946516598725,0.0,0.08282228552609723,0.0,0.5086731784259514,0.0
4.612,-0.06602798991670232,0.0,0.08383936931493047,0.0,0.5084081906986091,0.0
4.614,-0.06585929454561132,0.0,0.08485590860498296,0.0,0.5081286771217023,0.0
4.616,-0.06568856666465879,0.0,0.08587187432954596,0.0,0.5078346227513288,0.0
4.618,-0.06551580745006688,0.0,0.08688723739241806,0.0,0.507526013038188,0.0
4.62,-0.06534101813627947,0.0,0.08790196866869268,0.0,0.5072028338285608,0.0
4.622,-0.06516420001601785,0.0,0.0889160390055541,0.0,0.5068650713652737,0.0
4.624,-0.06498535444033629,0.0,0.0899294192230691,0.0,0.5065127122886582,0.0
4.626,-0.06480448281867537,0.0,0.09094208011498359,0.0,0.5061457436374959,0.0
4.628,-0.06462158661891404,0.0,0.09195399244951932,0.0,0.5057641528499556,0.0
4.63,-0.0644366673674194,0.0,0.09296512697017564,0.0,0.5053679277645178,0.0
4.632,-0.06424972664909573,0.0,0.0939754543965294,0.0,0.5049570566208911,0.0
4.634,-0.06406076610743126,0.0,0.09498494542503975,0.0,0.504531528060915,0.0
4.636,-0.06386978744454413,0.0,0.09599357072985021,0.0,0.5040913311294566,0.0
4.638,-0.06367679242122548,0.0,0.09700130096359988,0.0,0.5036364552752912,0.0
4.64,-0.0634817828569821,0.0,0.09800810675822935,0.0,0.5031668903519766,0.0
4.642,-0.06328476063007686,0.0,0.09901395872579223,0.0,0.5026826266187142,0.0
4.644,-0.06308572767756791,0.0,0.10001882745926574,0.0,0.5021836547412013,0.0
4.646,-0.06288468599534572,0.0,0.10102268353336691,0.0,0.5016699657924714,0.0
4.648,-0.06268163763816888,0.0,0.10202549750536628,0.0,0.5011415512537224,0.0
4.65,-0.062476584719698094,0.0,0.10302723991590651,0.0,0.5005984030151369,0.0
4.652,-0.06226952941252922,0.0,0.10402788128981819,0.0,0.5000405133766913,0.0
4.654,-0.06206047394822309,0.0,0.10502739213694434,0.0,0.4994678750489494,0.0
4.656,-0.061849420617335275,0.0,0.10602574295295966,0.0,0.4988804811538512,0.0
4.658,-0.06163637176944348,0.0,0.10702290422019518,0.0,0.4982783252254869,0.0
4.66,-0.061421329813173546,0.0,0.1080188464084617,0.0,0.49766140121086133,0.0
4.662,-0.06120429721622335,0.0,0.10901353997587875,0.0,0.4970297034706464,0.0
4.664,-0.060985276505385606,0.0,0.11000695536970113,0.0,0.49638322677992325,0.0
4.666,-0.06076427026656847,0.0,0.1109990630271494,0.0,0.4957219663289123,0.0
4.668,-0.0605412811448156,0.0,0.11198983337623844,0.0,0.49504591772369505,0.0
4.67,-0.06031631184432256,0.0,0.11297923683661361,0.0,0.49435507698691894,0.0
4.672,-0.06008936512845346,0.0,0.11396724382038213,0.0,0.49364944055849636,0.0
4.674,-0.059860443819755034,0.0,0.11495382473294927,0.0,0.4929290052962903,0.0
4.676,-0.05962955079996934,0.0,0.11593894997385326,0.0,0.49219376847678875,0.0
4.678,-0.05939668901004436,0.0,0.11692258993760578,0.0,0.49144372779576706,0.0
4.68,-0.059161861450143446,0.0,0.1179047150145295,0.0,0.4906788813689407,0.0
4.682,-0.058925071179652636,0.0,0.1188852955915996,0.0,0.48989922773260425,0.0
4.684,-0.058686321317187165,0.0,0.11986430205328301,0.0,0.4891047658442627,0.0
4.686,-0.0584456150405946,0.0,0.12084170478238523,0.0,0.48829549508324527,0.0
4.688,-0.05820295558695809,0.0,0.12181747416089234,0.0,0.48747141525131366,0.0
4.69,-0.05795834625259675,0.0,0.12279158057081706,0.0,0.48663252657325545,0.0
4.692,-0.0577117903930653,0.0,0.1237639943950442,0.0,0.4857788296974682,0.0
4.694,-0.057463291423150764,0.0,0.12473468601818047,0.0,0.4849103256965279,0.0
4.696,-0.057212852816868665,0.0,0.12570362582740205,0.0,0.48402701606775067,0.0
4.698,-0.056960478107456684,0.0,0.12667078421330566,0.0,0.48312890273373904,0.0
4.7,-0.05670617088736774,0.0,0.12763613157075673,0.0,0.4822159880429205,0.0
4.702,-0.056449934808259494,0.0,0.1285996382997462,0.0,0.4812882747700685,0.0
4.704,-0.056191773580983984,0.0,0.12956127480624036,0.0,0.48034576611681745,0.0
4.706,-0.05593169097557449,0.0,0.13052101150303644,0.0,0.4793884657121613,0.0
4.708,-0.055669690821231466,0.0,0.1314788188106165,0.0,0.478416377612946,0.0
4.71,-0.05540577700630576,0.0,0.1324346671580055,0.0,0.477429506304343,0.0
4.712,-0.05513995347828093,0.0,0.13338852698362716,0.0,0.4764278567003163,0.0
4.714,-0.054872224243753424,0.0,0.13434036873616284,0.0,0.47541143414407494,0.0
4.716,-0.05460259336841195,0.0,0.13529016287540807,0.0,0.474380244408517,0.0
4.718,-0.05433106497701317,0.0,0.13623787987313624,0.0,0.47333429369665464,0.0
4.72,-0.05405764325335772,0.0,0.13718349021395637,0.0,0.4722735886420346,0.0
4.722,-0.05378233244026338,0.0,0.13812696439617603,0.0,0.471198136309143,0.0
4.724,-0.05350513683953718,0.0,0.13906827293266186,0.0,0.47010794419379903,0.0
4.726,-0.05322606081194481,0.0,0.1400073863517048,0.0,0.4690030202235349,0.0
4.728,-0.05294510877717928,0.0,0.14094427519788288,0.0,0.4678833727579661,0.0
4.73,-0.052662285213827625,0.0,0.14187891003292524,0.0,0.4667490105891494,0.0
4.732,-0.05237759465933555,0.0,0.14281126143657763,0.0,0.46559994294192647,0.0
4.734,-0.05209104170997034,0.0,0.1437413000074694,0.0,0.46443617947425647,0.0
4.736,-0.05180263102078247,0.0,0.14466899636397873,0.0,0.4632577302775373,0.0
4.738,-0.05151236730556514,0.0,0.1455943211451008,0.0,0.4620646058769138,0.0
4.74,-0.05122025533681249,0.0,0.14651724501131372,0.0,0.46085681723157457,0.0
4.742,-0.050926299945675206,0.0,0.1474377386454497,0.0,0.45963437573503474,0.0
4.744,-0.0506305060219152,0.0,0.14835577275356215,0.0,0.4583972932154069,0.0
4.746,-0.05033287851385861,0.0,0.14927131806579527,0.0,0.4571455819356637,0.0
4.748,-0.050033422428346415,0.0,0.15018434533725386,0.0,0.45587925459388134,0.0
4.75,-0.0497321428306835,0.0,0.15109482534887514,0.0,0.45459832432347513,0.0
4.752,-0.04942904484458641,0.0,0.15200272890829813,0.0,0.45330280469342177,0.0
4.7540000000000004,-0.04912413365212891,0.0,0.15290802685073596,0.0,0.45199270970846916,0.0
4.756,-0.04881741449368632,0.0,0.1538106900398463,0.0,0.45066805380933517,0.0
4.758,-0.048508892667877064,0.0,0.15471068936860544,0.0,0.44932885187288896,0.0
4.76,-0.048198573531504,0.0,0.15560799576017875,0.0,0.4479751192123281,0.0
4.7620000000000005,-0.04788646249949234,0.0,0.15650258016879556,0.0,0.4466068715773339,0.0
4.764,-0.04757256504482739,0.0,0.15739441358061973,0.0,0.44522412515422305,0.0
4.766,-0.04725688669848924,0.0,0.15828346701462584,0.0,0.4438268965660791,0.0
4.768,-0.04693943304938652,0.0,0.15916971152347076,0.0,0.44241520287287706,0.0
4.7700000000000005,-0.04662020974428807,0.0,0.1600531181943689,0.0,0.44098906157159184,0.0
4.772,-0.04629922248775336,0.0,0.1609336581499648,0.0,0.43954849059629775,0.0
4.774,-0.045976477042059906,0.0,0.1618113025492093,0.0,0.43809350831824956,0.0
4.776,-0.0456519792271308,0.0,0.16268602258823195,0.0,0.4366241335459588,0.0
4.7780000000000005,-0.04532573492045851,0.0,0.1635577895012179,0.0,0.43514038552524903,0.0
4.78,-0.04499775005702876,0.0,0.1644265745612799,0.0,0.43364228393930604,0.0
4.782,-0.044668030629241046,0.0,0.1652923490813354,0.0,0.4321298489087093,0.0
4.784,-0.044336582686828704,0.0,0.16615508441498036,0.0,0.43060310099145527,0.0
4.7860000000000005,-0.04400341233677623,0.0,0.1670147519573641,0.0,0.429062061182964,0.0
4.788,-0.04366852574323583,0.0,0.16787132314606384,0.0,0.42750675091607826,0.0
4.79,-0.04333192912744144,0.0,0.16872476946195994,0.0,0.425937192061045,0.0
4.792,-0.04299362876762092,0.0,0.16957506243011108,0.0,0.42435340692548457,0.0
4.7940000000000005,-0.04265363099890709,0.0,0.17042217362062853,0.0,0.4227554182543497,0.0
4.796,-0.04231194221324715,0.0,0.17126607464954996,0.0,0.42114324922987256,0.0
4.798,-0.04196856885930921,0.0,0.17210673717971553,0.0,0.41951692347149294,0.0
4.8,-0.04162351744238829,0.0,0.17294413292164115,0.0,0.4178764650357807,0.0
4.8020000000000005,-0.04127679452430984,0.0,0.17377823363439324,0.0,0.4162218984163401,0.0
4.804,-0.04092840672333213,0.0,0.1746090111264617,0.0,0.4145532485437067,0.0
4.806,-0.04057836071404635,0.0,0.17543643725663446,0.0,0.4128705407852259,0.0
4.808,-0.0402266632272748,0.0,0.17626048393487143,0.0,0.4111738009449205,0.0
4.8100000000000005,-0.039873321049967964,0.0,0.17708112312317703,0.0,0.40946305526334686,0.0
4.812,-0.039518341025099935,0.0,0.17789832683647233,0.0,0.4077383304174388,0.0
4.814,-0.03916173005156092,0.0,0.1787120671434694,0.0,0.40599965352033407,0.0
4.816,-0.03880349508404934,0.0,0.1795223161675424,0.0,0.40424705212119255,0.0
4.8180000000000005,-0.03844364313296132,0.0,0.18032904608759992,0.0,0.4024805542049992,0.0
4.82,-0.03808218126427918,0.0,0.18113222913895546,0.0,0.4007001881923562,0.0
4.822,-0.037719116599457495,0.0,0.1819318376141994,0.0,0.3989059829392604,0.0
4.824,-0.03735445631530737,0.0,0.18272784386406973,0.0,0.39709796773686556,0.0
4.8260000000000005,-0.036988207643879584,0.0,0.18352022029832177,0.0,0.3952761723112368,0.0
4.828,-0.03662037787234605,0.0,0.18430893938659673,0.0,0.39344062682309067,0.0
4.83,-0.03625097434287839,0.0,0.18509397365929267,0.0,0.39159136186751764,0.0
4.832,-0.03588000445252607,0.0,0.18587529570843148,0.0,0.3897284084736976,0.0
4.8340000000000005,-0.03550747565309193,0.0,0.186652878188528,0.0,0.38785179810459824,0.0
4.836,-0.03513339545100734,0.0,0.1874266938174547,0.0,0.3859615626566669,0.0
4.838,-0.03475777140720304,0.0,0.188196715377312,0.0,0.3840577344594972,0.0
4.84,-0.034380611136980904,0.0,0.18896291571529164,0.0,0.3821403462754953,0.0
4.8420000000000005,-0.034001922309882485,0.0,0.18972526774454318,0.0,0.3802094312995259,0.0
4.844,-0.03362171264955672,0.0,0.1904837444450369,0.0,0.3782650231585498,0.0
4.846,-0.033239989933624696,0.0,0.19123831886443002,0.0,0.376307155911243,0.0
4.848,-0.03285676199354391,0.0,0.1919889641189279,0.0,0.37433586404760677,0.0
4.8500000000000005,-0.03247203671446989,0.0,0.19273565339414755,0.0,0.37235118248856325,0.0
4.852,-0.032085822035117645,0.0,0.1934783599459769,0.0,0.3703531465855432,0.0
4.854,-0.03169812594761859,0.0,0.19421705710143833,0.0,0.3683417921200477,0.0
4.856,-0.03130895649737852,0.0,0.1949517182595465,0.0,0.36631715530321096,0.0
4.8580000000000005,-0.030918321782932346,0.0,0.19568231689216775,0.0,0.364279272775342,0.0
4.86,-0.03052622995579808,0.0,0.19640882654487704,0.0,0.3622281816054581,0.0
4.862,-0.030132689220327795,0.0,0.1971312208378167,0.0,0.3601639192907993,0.0
4.864,-0.02973770783355809,0.0,0.19784947346655074,0.0,0.3580865237563351,0.0
4.866,-0.029341294105058317,0.0,0.1985635582029206,0.0,0.3559960333542558,0.0
4.868,-0.02894345639677688,0.0,0.19927344889589937,0.0,0.3538924868634503,0.0
4.87,-0.02854420312288725,0.0,0.1999791194724428,0.0,0.35177592348897724,0.0
4.872,-0.028143542749629415,0.0,0.20068054393834361,0.0,0.34964638286150873,0.0
4.874,-0.027741483795152545,0.0,0.201377696379081,0.0,0.3475039050367763,0.0
4.876,-0.027338034829354305,0.0,0.20207055096067011,0.0,0.3453485304949949,0.0
4.878,-0.026933204473719496,0.0,0.20275908193050973,0.0,0.3431803001402795,0.0
4.88,-0.026527001401155634,0.0,0.20344326361823128,0.0,0.3409992553000415,0.0
4.882,-0.026119434335828154,0.0,0.20412307043654343,0.0,0.33880543772437843,0.0
4.884,-0.02571051205299301,0.0,0.20479847688207756,0.0,0.33659888958544704,0.0
4.886,-0.025300243378829152,0.0,0.2054694575362297,0.0,0.3343796534768305,0.0
4.888,-0.02488863719026637,0.0,0.20613598706600514,0.0,0.33214777241287685,0.0
4.89,-0.02447570241481446,0.0,0.20679804022485776,0.0,0.32990328982804196,0.0
4.892,-0.024061448030388986,0.0,0.20745559185353007,0.0,0.32764624957620814,0.0
4.894,-0.02364588306513649,0.0,0.20810861688089044,0.0,0.3253766959299975,0.0
4.896,-0.023229016597256517,0.0,0.20875709032477144,0.0,0.32309467358006344,0.0
4.898,-0.022810857754823426,0.0,0.20940098729280407,0.0,0.32080022763437666,0.0
4.9,-0.022391415715605534,0.0,0.2100402829832525,0.0,0.31849340361749334,0.0
4.902,-0.021970699706884186,0.0,0.21067495268584457,0.0,0.3161742474698195,0.0
4.904,-0.021548719005268224,0.0,0.21130497178260557,0.0,0.3138428055468445,0.0
4.906,-0.021125482936509753,0.0,0.2119303157486856,0.0,0.3114991246183798,0.0
4.908,-0.020701000875316605,0.0,0.21255096015318853,0.0,0.30914325186777436,0.0
4.91,-0.020275282245164214,0.0,0.21316688065999692,0.0,0.30677523489112357,0.0
4.912,-0.019848336518104345,0.0,0.2137780530285984,0.0,0.3043951216964567,0.0
4.914,-0.01942017321457363,0.0,0.21438445311490756,0.0,0.3020029607029199,0.0
4.916,-0.018990801903199454,0.0,0.21498605687208824,0.0,0.2995988007399396,0.0
4.918,-0.01856023220060588,0.0,0.21558284035137143,0.0,0.2971826910463838,0.0
4.92,-0.018128473771214817,0.0,0.2161747797028758,0.0,0.29475468126969184,0.0
4.922,-0.0176955363270487,0.0,0.21676185117642238,0.0,0.29231482146500926,0.0
4.924,-0.017261429627529756,0.0,0.21734403112234954,0.0,0.28986316209429996,0.0
4.926,-0.016826163479278834,0.0,0.21792129599232524,0.0,0.28739975402545204,0.0
4.928,-0.016389747735910957,0.0,0.21849362234015873,0.0,0.2849246485313611,0.0
4.93,-0.015952192297830875,0.0,0.21906098682260938,0.0,0.28243789728901036,0.0
4.932,-0.01551350711202589,0.0,0.21962336620019396,0.0,0.279939552378531,0.0
4.934,-0.015073702171858772,0.0,0.2201807373379909,0.0,0.27742966628226023,0.0
4.936,-0.014632787516855964,0.0,0.22073307720644578,0.0,0.2749082918837678,0.0
4.938,-0.014190773232497301,0.0,0.22128036288217137,0.0,0.27237548246688836,0.0
4.94,-0.013747669450002402,0.0,0.2218225715487478,0.0,0.26983129171473025,0.0
4.942,-0.013303486346116555,0.0,0.222359680497519,0.0,0.267275773708679,0.0
4.944,-0.012858234142893476,0.0,0.22289166712839006,0.0,0.26470898292737793,0.0
4.946,-0.01241192310747799,0.0,0.22341850895061932,0.0,0.2621309742457055,0.0
4.948,-0.011964563551886088,0.0,0.22394018358361073,0.0,0.25954180293373336,0.0
4.95,-0.011516165832785094,0.0,0.22445666875770162,0.0,0.2569415246556823,0.0
4.952,-0.011066740351269127,0.0,0.2249679423149521,0.0,0.2543301954688461,0.0
4.954,-0.010616297552636109,0.0,0.22547398220992854,0.0,0.2517078718225221,0.0
4.956,-0.010164847926161522,0.0,0.22597476651048742,0.0,0.24907461055691807,0.0
4.958,-0.00971240200487167,0.0,0.22647027339855483,0.0,0.24643046890205347,0.0
4.96,-0.009258970365313804,0.0,0.2269604811709065,0.0,0.24377550447663865,0.0
4.962,-0.008804563627326295,0.0,0.22744536823994319,0.0,0.24110977528695066,0.0
4.964,-0.00834919245380611,0.0,0.22792491313446492,0.0,0.23843333972568947,0.0
4.966,-0.00789286755047655,0.0,0.22839909450044182,0.0,0.2357462565708329,0.0
4.968,-0.00743559966565019,0.0,0.22886789110178526,0.0,0.23304858498445918,0.0
4.97,-0.006977399589993529,0.0,0.2293312818211134,0.0,0.23034038451157635,0.0
4.972,-0.006518278156288318,0.0,0.22978924566051662,0.0,0.22762171507892826,0.0
4.974,-0.006058246239192511,0.0,0.23024176174231906,0.0,0.22489263699379536,0.0
4.976,-0.005597314754998058,0.0,0.23068880930983934,0.0,0.22215321094277277,0.0
4.978,-0.005135494661388643,0.0,0.23113036772814766,0.0,0.21940349799054487,0.0
4.98,-0.004672796957195759,0.0,0.23156641648482026,0.0,0.2166435595786464,0.0
4.982,-0.004209232682152611,0.0,0.23199693519069226,0.0,0.21387345752420703,0.0
4.984,-0.0037448129166465236,0.0,0.232421903580608,0.0,0.21109325401868373,0.0
4.986,-0.003279548781470663,0.0,0.2328413015141676,0.0,0.20830301162658582,0.0
4.988,-0.0028134514375734534,0.0,0.23325510897647256,0.0,0.20550279328418197,0.0
4.99,-0.0023465320858074936,0.0,0.23366330607886712,0.0,0.20269266229820165,0.0
4.992,-0.0018788019666753366,0.0,0.23406587305967863,0.0,0.1998726823445139,0.0
4.994,-0.0014102723600752827,0.0,0.23446279028495431,0.0,0.1970429174668026,0.0
4.996,-0.0009409545850455394,0.0,0.23485403824919532,0.0,0.19420343207522897,0.0
4.998,-0.0004708599995062465,0.0,0.2352395975760882,0.0,0.1913542909450771,0.0
5.0,-4.592425496802574e-17,0.0,0.23561944901923446,0.0,0.18849555921538785,0.0
5.002,0.0004716139785679772,0.0,0.2359935734628762,0.0,0.18562730238758537,0.0
5.0040000000000004,0.0009439704631926333,0.0,0.23636195192261977,0.0,0.18274958632408614,0.0
5.006,0.001417057943031408,0.0,0.23672456554615556,0.0,0.17986247724690246,0.0
5.008,0.0018908648696705202,0.0,0.2370813956139771,0.0,0.17696604173622202,0.0
5.01,0.002365379657389905,0.0,0.23743242354009478,0.0,0.174060346728991,0.0
5.0120000000000005,0.002840590683432301,0.0,0.2377776308727491,0.0,0.17114545951746896,0.0
5.014,0.0033164862882710724,0.0,0.23811699929511818,0.0,0.16822144774778727,0.0
5.016,0.003793054775881976,0.0,0.2384505106260259,0.0,0.16528837941848115,0.0
5.018,0.004270284414014477,0.0,0.23877814682064413,0.0,0.16234632287902012,0.0
5.0200000000000005,0.004748163434465487,0.0,0.2390998899711934,0.0,0.159395346828321,0.0
5.022,0.005226680033353481,0.0,0.23941572230764013,0.0,0.15643552031325447,0.0
5.024,0.005705822371395866,0.0,0.23972562619839136,0.0,0.15346691272712903,0.0
5.026,0.006185578574185209,0.0,0.24002958415098577,0.0,0.15048959380817842,0.0
5.0280000000000005,0.00666593673246953,0.0,0.24032757881278238,0.0,0.14750363363801988,0.0
5.03,0.007146884902431287,0.0,0.24061959297164515,0.0,0.14450910264011863,0.0
5.032,0.007628411105970244,0.0,0.24090560955662593,0.0,0.14150607157822337,0.0
5.034,0.008110503330985853,0.0,0.24118561163864286,0.0,0.1384946115548028,0.0
5.0360000000000005,0.008593149531662007,0.0,0.2414595824311565,0.0,0.13547479400946327,0.0
5.038,0.009076337628752276,0.0,0.24172750529084222,0.0,0.1324466907173605,0.0
5.04,0.00956005550986736,0.0,0.2419893637182601,0.0,0.12941037378759426,0.0
5.042,0.010044291029763855,0.0,0.242245141358521,0.0,0.1263659156615909,0.0
5.0440000000000005,0.010529032010633693,0.0,0.24249482200194983,0.0,0.12331338911147946,0.0
5.046,0.011014266242394688,0.0,0.24273838958474447,0.0,0.1202528672384566,0.0
5.048,0.011499981482983998,0.0,0.24297582818963345,0.0,0.11718442347113048,0.0
5.05,0.011986165458651143,0.0,0.2432071220465284,0.0,0.11410813156386414,0.0
5.0520000000000005,0.012472805864253358,0.0,0.24343225553317413,0.0,0.11102406559510067,0.0
5.054,0.012959890363551392,0.0,0.24365121317579475,0.0,0.10793229996568235,0.0
5.056,0.013447406589507464,0.0,0.243863979649737,0.0,0.10483290939715363,0.0
5.058,0.013935342144584487,0.0,0.24407053978011048,0.0,0.10172596893005159,0.0
5.0600000000000005,0.014423684601045884,0.0,0.244270878542423,0.0,0.09861155392219045,0.0
5.062,0.0149124215012565,0.0,0.24446498106321393,0.0,0.09548974004693536,0.0
5.064,0.015401540357986344,0.0,0.2446528326206836,0.0,0.09236060329145544,0.0
5.066,0.01589102865471382,0.0,0.24483441864531888,0.0,0.08922421995497617,0.0
5.0680000000000005,0.016380873845931294,0.0,0.24500972472051571,0.0,0.08608066664701448,0.0
5.07,0.016871063357450995,0.0,0.24517873658319786,0.0,0.08293002028560789,0.0
5.072,0.017361584586713056,0.0,0.24534144012443224,0.0,0.07977235809552706,0.0
5.074,0.017852424903094723,0.0,0.24549782139004056,0.0,0.07660775760647742,0.0
5.0760000000000005,0.018343571648220168,0.0,0.2456478665812074,0.0,0.0734362966512942,0.0
5.078,0.018835012136271263,0.0,0.2457915620550845,0.0,0.0702580533641274,0.0
5.08,0.01932673365430117,0.0,0.2459288943253917,0.0,0.06707310617860619,0.0
5.082,0.019818723462547403,0.0,0.24605985006301423,0.0,0.06388153382600306,0.0
5.0840000000000005,0.02031096879474723,0.0,0.2461844160965959,0.0,0.06068341533338001,0.0
5.086,0.020803456858452432,0.0,0.2463025794131286,0.0,0.057478830021735094,0.0
5.088,0.021296174835348656,0.0,0.246414327158539,0.0,0.05426785750411717,0.0
5.09,0.02178910988157245,0.0,0.24651964663827017,0.0,0.05105057768375132,0.0
5.0920000000000005,0.022282249128031454,0.0,0.24661852531786024,0.0,0.04782707075214149,0.0
5.094,0.0227755796807244,0.0,0.24671095082351688,0.0,0.044597417187170835,0.0
5.096,0.023269088621064138,0.0,0.24679691094268863,0.0,0.0413616977511794,0.0
5.098,0.023762763006199932,0.0,0.24687639362463126,0.0,0.038119993489043075,0.0
5.1000000000000005,0.02425658986934218,0.0,0.24694938698097138,0.0,0.03487238572623386,0.0
5.102,0.02475055622008636,0.0,0.24701587928626562,0.0,0.0316189560668825,0.0
5.104,0.025244649044741465,0.0,0.24707585897855566,0.0,0.028359786391807418,0.0
5.106,0.025738855306656174,0.0,0.24712931465992,0.0,0.0250949588565563,0.0
5.1080000000000005,0.02623316194654801,0.0,0.2471762350970213,0.0,0.021824555889425196,0.0
5.11,0.02672755588283231,0.0,0.24721660922164987,0.0,0.01854866018947432,0.0
5.112,0.02722202401195411,0.0,0.24725042613126325,0.0,0.015267354724523285,0.0
5.114,0.027716553208719293,0.0,0.2472776750895218,0.0,0.011980722729146825,0.0
5.1160000000000005,0.028211130326628055,0.0,0.24729834552681995,0.0,0.008688847702652547,0.0
5.118,0.028705742198207523,0.0,0.24731242704081388,0.0,0.005391813407061408,0.0
5.12,0.029200375635348868,0.0,0.2473199093969448,0.0,0.002089703865054776,0.0
5.122,0.029695017429642007,0.0,0.2473207825289583,0.0,-0.0012173966420651328,0.0
5.124,0.030189654352713105,0.0,0.24731503653941944,0.0,-0.004529403576436747,0.0
5.126,0.03068427315656285,0.0,0.24730266170022372,0.0,-0.007846232145709064,0.0
5.128,0.03117886057390499,0.0,0.24728364845310433,0.0,-0.011167797305115662,0.0
5.13,0.031673403318507445,0.0,0.2472579874101344,0.0,-0.01449401375956999,0.0
5.132,0.032167888085532954,0.0,0.2472256693542261,0.0,-0.017824795965760004,0.0
5.134,0.03266230155188162,0.0,0.2471866852396244,0.0,-0.021160058134258503,0.0
5.136,0.033156630376532756,0.0,0.24714102619239775,0.0,-0.02449971423163233,0.0
5.138,0.03365086120089108,0.0,0.24708868351092353,0.0,-0.02784367798258361,0.0
5.14,0.034144980649130414,0.0,0.24702964866636973,0.0,-0.03119186287207712,0.0
5.142,0.0346389753285403,0.0,0.24696391330317263,0.0,-0.03454418214749047,0.0
5.144,0.03513283182987229,0.0,0.24689146923950933,0.0,-0.037900548820765406,0.0
5.146,0.035626536727688944,0.0,0.24681230846776678,0.0,-0.04126087567058023,0.0
5.148,0.03612007658071199,0.0,0.2467264231550059,0.0,-0.04462507524451953,0.0
5.15,0.03661343793217272,0.0,0.24663380564342166,0.0,-0.04799305986126212,0.0
5.152,0.03710660731016129,0.0,0.24653444845079933,0.0,-0.051364741612765,0.0
5.154,0.0375995712279804,0.0,0.24642834427096424,0.0,-0.05474003236647956,0.0
5.156,0.03809231618449649,0.0,0.24631548597423028,0.0,-0.05811884376755458,0.0
5.158,0.038584828664493656,0.0,0.24619586660784093,0.0,-0.061501087241060126,0.0
5.16,0.03907709513902725,0.0,0.24606947939640814,0.0,-0.06488667399421255,0.0
5.162,0.03956910206578011,0.0,0.24593631774234523,0.0,-0.06827551501862103,0.0
5.164,0.040060835889417876,0.0,0.24579637522629602,0.0,-0.07166752109253019,0.0
5.166,0.040552283041946406,0.0,0.24564964560755925,0.0,-0.07506260278308077,0.0
5.168,0.04104342994306813,0.0,0.24549612282450908,0.0,-0.07846067044856514,0.0
5.17,0.041534263000542686,0.0,0.2453358009950094,0.0,-0.08186163424071655,0.0
5.172,0.04202476861054491,0.0,0.24516867441682566,0.0,-0.08526540410698233,0.0
5.174,0.04251493315802561,0.0,0.24499473756803072,0.0,-0.08867188979281909,0.0
5.176,0.04300474301707184,0.0,0.2448139851074065,0.0,-0.09208100084398874,0.0
5.178,0.04349418455126978,0.0,0.24462641187484133,0.0,-0.09549264660887424,0.0
5.18,0.043983244114066664,0.0,0.24443201289172212,0.0,-0.09890673624079224,0.0
5.182,0.04447190804913463,0.0,0.24423078336132198,0.0,-0.10232317870032279,0.0
5.184,0.04496016269073359,0.0,0.24402271866918454,0.0,-0.10574188275763399,0.0
5.186,0.045447994364078134,0.0,0.2438078143835008,0.0,-0.10916275699483874,0.0
5.188,0.04593538938570184,0.0,0.24358606625548365,0.0,-0.11258570980833596,0.0
5.19,0.046422334063824226,0.0,0.24335747021973722,0.0,-0.116010649411174,0.0
5.192,0.046908814698717174,0.0,0.24312202239462077,0.0,-0.11943748383541167,0.0
5.194,0.04739481758307389,0.0,0.24287971908260847,0.0,-0.12286612093450236,0.0
5.196,0.047880329002376744,0.0,0.24263055677064432,0.0,-0.1262964683856717,0.0
5.198,0.0483653352352671,0.0,0.24237453213049157,0.0,-0.12972843369231263,0.0
5.2,0.04884982255391395,0.0,0.2421116420190795,0.0,-0.1331619241863751,0.0
5.202,0.04933377722438661,0.0,0.2418418834788422,0.0,-0.13659684703078792,0.0
5.204,0.04981718550702469,0.0,0.241565253738055,0.0,-0.1400331092218636,0.0
5.206,0.05030003365681066,0.0,0.24128175021116532,0.0,-0.14347061759172478,0.0
5.208,0.050782307923741804,0.0,0.24099137049911845,0.0,-0.14690927881072996,0.0
5.21,0.0512639945532046,0.0,0.24069411238967892,0.0,-0.15034899938991877,0.0
5.212,0.05174507978634792,0.0,0.2403899738577459,0.0,-0.15378968568345197,0.0
5.214,0.05222554986045818,0.0,0.24007895306566546,0.0,-0.15723124389106882,0.0
5.216,0.052705391009333226,0.0,0.2397610483635369,0.0,-0.16067358006053775,0.0
5.218,0.05318458946366009,0.0,0.2394362582895134,0.0,-0.16411660009013837,0.0
5.22,0.05366313145139004,0.0,0.239104581570099,0.0,-0.16756020973112695,0.0
5.222,0.054141003198116155,0.0,0.23876601712044024,0.0,-0.17100431459022278,0.0
5.224,0.05461819092745018,0.0,0.23842056404461312,0.0,-0.1744488201320922,0.0
5.226,0.05509468086140167,0.0,0.23806822163590366,0.0,-0.17789363168185332,0.0
5.228,0.05557045922075621,0.0,0.23770898937708532,0.0,-0.18133865442757574,0.0
5.23,0.056045512225454286,0.0,0.2373428669406906,0.0,-0.18478379342278842,0.0
5.232,0.05651982609497145,0.0,0.2369698541892773,0.0,-0.1882289535890001,0.0
5.234,0.05699338704869892,0.0,0.23658995117568984,0.0,-0.1916740397182265,0.0
5.236,0.05746618130632397,0.0,0.2362031581433163,0.0,-0.19511895647551727,0.0
5.238,0.05793819508821158,0.0,0.23580947552633932,0.0,-0.19856360840149723,0.0
5.24,0.058409414615785554,0.0,0.23540890394998273,0.0,-0.20200789991490514,0.0
5.242,0.05887982611191189,0.0,0.23500144423075264,0.0,-0.2054517353151531,0.0
5.244,0.05934941580128109,0.0,0.23458709737667321,0.0,-0.20889501878488054,0.0
5.246,0.059818169910791134,0.0,0.23416586458751848,0.0,-0.2123376543925158,0.0
5.248,0.060286074669931404,0.0,0.2337377472550376,0.0,-0.21577954609484948,0.0
5.25,0.060753116311167296,0.0,0.23330274696317518,0.0,-0.21922059773961358,0.0
5.252,0.06121928107032434,0.0,0.2328608654882878,0.0,-0.22266071306806143,0.0
5.2540000000000004,0.06168455518697352,0.0,0.23241210479935334,0.0,-0.2260997957175596,0.0
5.256,0.062148924904816036,0.0,0.2319564670581773,0.0,-0.229537749224178,0.0
5.258,0.06261237647207037,0.0,0.23149395461959144,0.0,-0.23297447702530083,0.0
5.26,0.06307489614185723,0.0,0.23102457003165006,0.0,-0.23640988246222405,0.0
5.2620000000000005,0.06353647017258743,0.0,0.23054831603581805,0.0,-0.2398438687827792,0.0
5.264,0.06399708482834768,0.0,0.23006519556715652,0.0,-0.2432763391439423,0.0
5.266,0.06445672637928895,0.0,0.2295752117545009,0.0,-0.24670719661446835,0.0
5.268,0.06491538110201375,0.0,0.22907836792063518,0.0,-0.25013634417751673,0.0
5.2700000000000005,0.06537303527996434,0.0,0.22857466758246053,0.0,-0.25356368473329116,0.0
5.272,0.06582967520381058,0.0,0.22806411445115857,0.0,-0.25698912110167615,0.0
5.274,0.0662852871718397,0.0,0.22754671243234886,0.0,-0.2604125560248933,0.0
5.276,0.06673985749034414,0.0,0.22702246562624265,0.0,-0.2638338921701455,0.0
5.2780000000000005,0.06719337247401215,0.0,0.22649137832778882,0.0,-0.2672530321322845,0.0
5.28,0.06764581844631601,0.0,0.2259534550268173,0.0,-0.27066987843646495,0.0
5.282,0.06809718173990317,0.0,0.22540870040817484,0.0,-0.27408433354082207,0.0
5.284,0.0685474486969858,0.0,0.22485711935185684,0.0,-0.2774962998391418,0.0
5.2860000000000005,0.06899660566973138,0.0,0.2242987169331329,0.0,-0.2809056796635412,0.0
5.288,0.06944463902065302,0.0,0.2237334984226683,0.0,-0.2843123752871499,0.0
5.29,0.06989153512300068,0.0,0.223161469286639,0.0,-0.2877162889268021,0.0
5.292,0.0703372803611526,0.0,0.22258263518684063,0.0,-0.29111732274573227,0.0
5.2940000000000005,0.07078186113100625,0.0,0.22199700198079392,0.0,-0.29451537885627255,0.0
5.296,0.07122526384036953,0.0,0.22140457572184402,0.0,-0.2979103593225523,0.0
5.298,0.07166747490935339,0.0,0.22080536265925332,0.0,-0.3013021661632137,0.0
5.3,0.07210848077076315,0.0,0.2201993692382903,0.0,-0.3046907013541204,0.0
5.3020000000000005,0.07254826787049087,0.0,0.21958660210031195,0.0,-0.30807586683107635,0.0
5.304,0.07298682266790721,0.0,0.21896706808284186,0.0,-0.31145756449254586,0.0
5.306,0.07342413163625408,0.0,0.21834077421964201,0.0,-0.31483569620238017,0.0
5.308,0.07386018126303752,0.0,0.2177077277407783,0.0,-0.31821016379255174,0.0
5.3100000000000005,0.07429495805042005,0.0,0.2170679360726824,0.0,-0.3215808690658867,0.0
5.312,0.07472844851561303,0.0,0.21642140683820782,0.0,-0.3249477137987991,0.0
5.314,0.07516063919127038,0.0,0.2157681478566787,0.0,-0.3283105997440421,0.0
5.316,0.07559151662588111,0.0,0.21510816714393527,0.0,-0.3316694286334503,0.0
5.3180000000000005,0.07602106738416259,0.0,0.21444147291237264,0.0,-0.33502410218069234,0.0
5.32,0.0764492780474532,0.0,0.21376807357097455,0.0,-0.3383745220840223,0.0
5.322,0.07687613521410597,0.0,0.21308797772534177,0.0,-0.3417205900290412,0.0
5.324,0.07730162549988208,0.0,0.2124011941777135,0.0,-0.34506220769146123,0.0
5.3260000000000005,0.07772573553834378,0.0,0.2117077319269851,0.0,-0.3483992767398688,0.0
5.328,0.07814845198124734,0.0,0.21100760016872044,0.0,-0.3517316988384914,0.0
5.33,0.07856976149893731,0.0,0.21030080829515618,0.0,-0.35505937564997714,0.0
5.332,0.07898965078073922,0.0,0.20958736589520302,0.0,-0.35838220883816585,0.0
5.3340000000000005,0.0794081065353534,0.0,0.20886728275444028,0.0,-0.3617001000708736,0.0
5.336,0.0798251154912471,0.0,0.2081405688551067,0.0,-0.36501295102266457,0.0
5.338,0.08024066439704956,0.0,0.20740723437608133,0.0,-0.3683206633776525,0.0
5.34,0.08065474002194414,0.0,0.20666728969286355,0.0,-0.3716231388322796,0.0
5.3420000000000005,0.08106732915606192,0.0,0.205920745377545,0.0,-0.3749202790981127,0.0
5.344,0.08147841861087435,0.0,0.20516761219877766,0.0,-0.3782119859046341,0.0
5.346,0.08188799521958703,0.0,0.20440790112173324,0.0,-0.38149816100204503,0.0
5.348,0.08229604583753238,0.0,0.20364162330806054,0.0,-0.38477870616406407,0.0
5.3500000000000005,0.08270255734256272,0.0,0.20286879011583422,0.0,-0.3880535231907316,0.0
5.352,0.08310751663544212,0.0,0.20208941309950207,0.0,-0.39132251391120876,0.0
5.354,0.0835109106402407,0.0,0.20130350400982042,0.0,-0.39458558018659873,0.0
5.356,0.08391272630472604,0.0,0.20051107479378957,0.0,-0.3978426239127495,0.0
5.3580000000000005,0.08431295060075611,0.0,0.19971213759458087,0.0,-0.40109354702307004,0.0
5.36,0.08471157052467079,0.0,0.19890670475145963,0.0,-0.40433825149134184,0.0
5.362,0.08510857309768506,0.0,0.1980947887997001,0.0,-0.4075766393345446,0.0
5.364,0.08550394536628016,0.0,0.1972764024704974,0.0,-0.41080861261567103,0.0
5.3660000000000005,0.08589767440259592,0.0,0.1964515586908717,0.0,-0.4140340734465534,0.0
5.368,0.08628974730482103,0.0,0.19562027058356987,0.0,-0.41725292399067787,0.0
5.37,0.08668015119758621,0.0,0.19478255146695633,0.0,-0.4204650664660258,0.0
5.372,0.08706887323235411,0.0,0.193938414854903,0.0,-0.4236704031478915,0.0
5.3740000000000006,0.08745590058781073,0.0,0.19308787445667144,0.0,-0.426868836371716,0.0
5.376,0.08784122047025542,0.0,0.19223094417679065,0.0,-0.43006026853591495,0.0
5.378,0.08822482011399213,0.0,0.1913676381149265,0.0,-0.4332446021047174,0.0
5.38,0.08860668678171915,0.0,0.1904979705657486,0.0,-0.43642173961099706,0.0
5.382,0.08898680776491888,0.0,0.18962195601878987,0.0,-0.43959158365910883,0.0
5.384,0.08936517038424775,0.0,0.18873960915829974,0.0,-0.4427540369277293,0.0
5.386,0.08974176198992473,0.0,0.187850944863096,0.0,-0.44590900217268686,0.0
5.388,0.09011656996212139,0.0,0.18695597820640297,0.0,-0.4490563822298145,0.0
5.39,0.09048958171134991,0.0,0.18605472445569166,0.0,-0.45219608001778233,0.0
5.392,0.09086078467885159,0.0,0.18514719907251032,0.0,-0.45532799854094386,0.0
5.394,0.09123016633698434,0.0,0.18423341771231116,0.0,-0.4584520408921741,0.0
5.396,0.0915977141896112,0.0,0.18331339622426907,0.0,-0.4615681102557209,0.0
5.398,0.09196341577248696,0.0,0.18238715065109684,0.0,-0.46467610991004504,0.0
5.4,0.0923272586536454,0.0,0.18145469722885316,0.0,-0.46777594323066973,0.0
5.402,0.09268923043378498,0.0,0.18051605238674817,0.0,-0.4708675136930181,0.0
5.404,0.09304931874665623,0.0,0.17957123274693704,0.0,-0.4739507248752731,0.0
5.406,0.09340751125944649,0.0,0.178620255124314,0.0,-0.4770254804612163,0.0
5.408,0.09376379567316566,0.0,0.17766313652629734,0.0,-0.48009168424307935,0.0
5.41,0.09411815972303035,0.0,0.1766998941526112,0.0,-0.483149240124387,0.0
5.412,0.09447059117884918,0.0,0.17573054539505792,0.0,-0.4861980521228129,0.0
5.414,0.0948210778454061,0.0,0.17475510783728837,0.0,-0.48923802437302366,0.0
5.416,0.09516960756284425,0.0,0.17377359925456393,0.0,-0.4922690611295304,0.0
5.418,0.09551616820704802,0.0,0.17278603761351688,0.0,-0.49529106676952905,0.0
5.42,0.09586074769002693,0.0,0.17179244107189806,0.0,-0.4983039457957621,0.0
5.422,0.09620333396029666,0.0,0.17079282797832546,0.0,-0.501307602839358,0.0
5.424,0.09654391500326086,0.0,0.1697872168720237,0.0,-0.5043019426626829,0.0
5.426,0.09688247884159176,0.0,0.16877562648256017,0.0,-0.5072868701621844,0.0
5.428,0.09721901353561112,0.0,0.16775807572957196,0.0,-0.5102622903712452,0.0
5.43,0.09755350718366969,0.0,0.1667345837224902,0.0,-0.5132281084630252,0.0
5.432,0.09788594792252692,0.0,0.16570516976025698,0.0,-0.5161842297533126,0.0
5.434,0.09821632392772867,0.0,0.16466985333103995,0.0,-0.5191305597033598,0.0
5.436,0.09854462341398687,0.0,0.16362865411193425,0.0,-0.522067003922742,0.0
5.438,0.09887083463555606,0.0,0.16258159196866598,0.0,-0.5249934681721924,0.0
5.44,0.09919494588661067,0.0,0.16152868695528572,0.0,-0.5279098583664492,0.0
5.442,0.099516945501621,0.0,0.16046995931385938,0.0,-0.5308160805770932,0.0
5.444,0.09983682185572966,0.0,0.15940542947414946,0.0,-0.5337120410353959,0.0
5.446,0.10015456336512596,0.0,0.15833511805329414,0.0,-0.5365976461351554,0.0
5.448,0.10047015848742086,0.0,0.15725904585547834,0.0,-0.539472802435537,0.0
5.45,0.10078359572201981,0.0,0.1561772338716033,0.0,-0.5423374166639054,0.0
5.452,0.10109486361049719,0.0,0.15508970327894261,0.0,-0.5451913957186709,0.0
5.454,0.10140395073696773,0.0,0.1539964754408004,0.0,-0.5480346466721163,0.0
5.456,0.10171084572845866,0.0,0.15289757190615963,0.0,-0.5508670767732339,0.0
5.458,0.10201553725528018,0.0,0.1517930144093273,0.0,-0.5536885934505518,0.0
5.46,0.1023180140313965,0.0,0.1506828248695704,0.0,-0.5564991043149714,0.0
5.462,0.1026182648147949,0.0,0.14956702539074979,0.0,-0.5592985171625899,0.0
5.464,0.10291627840785483,0.0,0.14844563826094553,0.0,-0.5620867399775297,0.0
5.466,0.10321204365771533,0.0,0.14731868595208186,0.0,-0.5648636809347558,0.0
5.468,0.10350554945664324,0.0,0.14618619111953723,0.0,-0.5676292484029076,0.0
5.47,0.10379678474239919,0.0,0.14504817660175762,0.0,-0.5703833509471129,0.0
5.472,0.1040857384986035,0.0,0.1439046654198595,0.0,-0.5731258973318069,0.0
5.474,0.10437239975510082,0.0,0.14275568077723017,0.0,-0.5758567965235456,0.0
5.476,0.10465675758832467,0.0,0.14160124605911792,0.0,-0.5785759576938223,0.0
5.478,0.10493880112166072,0.0,0.1404413848322209,0.0,-0.5812832902218776,0.0
5.48,0.10521851952580896,0.0,0.13927612084426957,0.0,-0.5839787036975043,0.0
5.482,0.10549590201914538,0.0,0.1381054780236018,0.0,-0.5866621079238538,0.0
5.484,0.10577093786808317,0.0,0.13692948047873266,0.0,-0.5893334129202423,0.0
5.486,0.10604361638743229,0.0,0.13574815249792052,0.0,-0.591992528924947,0.0
5.488,0.10631392694075865,0.0,0.13456151854872553,0.0,-0.5946393663980049,0.0
5.49,0.10658185894074194,0.0,0.13336960327756484,0.0,-0.5972738360240031,0.0
5.492,0.10684740184953347,0.0,0.13217243150925836,0.0,-0.5998958487148749,0.0
5.494,0.10711054517911212,0.0,0.13097002824657242,0.0,-0.6025053156126853,0.0
5.496,0.10737127849163983,0.0,0.12976241866975768,0.0,-0.6051021480924141,0.0
5.498,0.10762959139981604,0.0,0.12854962813607956,0.0,-0.6076862577647382,0.0
5.5,0.1078854735672315,0.0,0.1273316821793433,0.0,-0.6102575564788107,0.0
5.502,0.10813891470872064,0.0,0.12610860650941533,0.0,-0.6128159563250342,0.0
5.5040000000000004,0.10838990459071342,0.0,0.12488042701173745,0.0,-0.6153613696378324,0.0
5.506,0.10863843303158556,0.0,0.12364716974683757,0.0,-0.6178937089984144,0.0
5.508,0.10888448990200883,0.0,0.12240886094983025,0.0,-0.620412887237543,0.0
5.51,0.1091280651252991,0.0,0.12116552702991851,0.0,-0.6229188174382893,0.0
5.5120000000000005,0.10936914867776461,0.0,0.11991719456988287,0.0,-0.6254114129387935,0.0
5.514,0.10960773058905199,0.0,0.1186638903255719,0.0,-0.6278905873350114,0.0
5.516,0.10984380094249242,0.0,0.11740564122538086,0.0,-0.630356254483467,0.0
5.518,0.11007734987544598,0.0,0.11614247436972955,0.0,-0.6328083285039937,0.0
5.5200000000000005,0.11030836757964521,0.0,0.11487441703053211,0.0,-0.6352467237824749,0.0
5.522,0.11053684430153726,0.0,0.11360149665066385,0.0,-0.6376713549735757,0.0
5.524,0.11076277034262583,0.0,0.1123237408434179,0.0,-0.640082137003479,0.0
5.526,0.11098613605981102,0.0,0.11104117739196315,0.0,-0.642478985072607,0.0
5.5280000000000005,0.11120693186572883,0.0,0.10975383424878919,0.0,-0.6448618146583474,0.0
5.53,0.11142514822908885,0.0,0.1084617395351535,0.0,-0.6472305415177647,0.0
5.532,0.11164077567501167,0.0,0.10716492154051606,0.0,-0.6495850816903183,0.0
5.534,0.11185380478536452,0.0,0.10586340872197383,0.0,-0.6519253515005673,0.0
5.5360000000000005,0.11206422619909609,0.0,0.10455722970368678,0.0,-0.6542512675608746,0.0
5.538,0.11227203061256963,0.0,0.10324641327630099,0.0,-0.6565627467741006,0.0
5.54,0.1124772087798959,0.0,0.10193098839636418,0.0,-0.6588597063363006,0.0
5.542,0.11267975151326423,0.0,0.10061098418573548,0.0,-0.6611420637394112,0.0
5.5440000000000005,0.11287964968327246,0.0,0.09928642993099215,0.0,-0.6634097367739323,0.0
5.546,0.1130768942192556,0.0,0.09795735508283096,0.0,-0.6656626435316015,0.0
5.548,0.11327147610961397,0.0,0.09662378925546036,0.0,-0.6679007024080712,0.0
5.55,0.11346338640213907,0.0,0.09528576222599187,0.0,-0.6701238321055701,0.0
5.5520000000000005,0.11365261620433924,0.0,0.09394330393382326,0.0,-0.672331951635567,0.0
5.554,0.1138391566837631,0.0,0.09259644448001876,0.0,-0.6745249803214224,0.0
5.556,0.11402299906832272,0.0,0.09124521412668196,0.0,-0.6767028378010409,0.0
5.558,0.11420413464661489,0.0,0.08988964329632285,0.0,-0.6788654440295145,0.0
5.5600000000000005,0.11438255476824136,0.0,0.0885297625712218,0.0,-0.6810127192817601,0.0
5.562,0.1145582508441274,0.0,0.08716560269278881,0.0,-0.683144584155148,0.0
5.564,0.11473121434683999,0.0,0.08579719456091311,0.0,-0.6852609595721333,0.0
5.566,0.1149014368109037,0.0,0.08442456923331215,0.0,-0.6873617667828715,0.0
5.5680000000000005,0.1150689098331159,0.0,0.08304775792487276,0.0,-0.6894469273678339,0.0
5.57,0.11523362507286017,0.0,0.08166679200698926,0.0,-0.6915163632404121,0.0
5.572,0.11539557425241893,0.0,0.08028170300689413,0.0,-0.6935699966495211,0.0
5.574,0.11555474915728438,0.0,0.0788925226069834,0.0,-0.6956077501821948,0.0
5.5760000000000005,0.11571114163646817,0.0,0.07749928264413866,0.0,-0.6976295467661712,0.0
5.578,0.11586474360280942,0.0,0.07610201510904474,0.0,-0.6996353096724733,0.0
5.58,0.116015547033282,0.0,0.07470075214549743,0.0,-0.7016249625179869,0.0
5.582,0.11616354396929984,0.0,0.07329552604971129,0.0,-0.7035984292680252,0.0
5.5840000000000005,0.11630872651702126,0.0,0.07188636926961865,0.0,-0.7055556342388929,0.0
5.586,0.11645108684765143,0.0,0.07047331440416921,0.0,-0.707496502100435,0.0
5.588,0.11659061719774383,0.0,0.06905639420261418,0.0,-0.7094209578785899,0.0
5.59,0.11672730986950035,0.0,0.06763564156379578,0.0,-0.7113289269579259,0.0
5.5920000000000005,0.11686115723106942,0.0,0.06621108953542584,0.0,-0.7132203350841756,0.0
5.594,0.11699215171684302,0.0,0.06478277131336288,0.0,-0.7150951083667576,0.0
5.596,0.11712028582775261,0.0,0.06335072024087941,0.0,-0.7169531732813001,0.0
5.598,0.11724555213156294,0.0,0.06191496980792878,0.0,-0.7187944566721494,0.0
5.6000000000000005,0.11736794326316476,0.0,0.06047555365040389,0.0,-0.720618885754873,0.0
5.602,0.11748745192486573,0.0,0.059032505549396236,0.0,-0.7224263881187525,0.0
5.604,0.1176040708866805,0.0,0.05758585943043992,0.0,-0.7242168917292783,0.0
5.606,0.11771779298661848,0.0,0.05613564936276076,0.0,-0.7259903249306245,0.0
5.6080000000000005,0.1178286111309707,0.0,0.054681909558515054,0.0,-0.7277466164481248,0.0
5.61,0.11793651829459462,0.0,0.05322467437202665,0.0,-0.729485695390733,0.0
5.612,0.11804150752119798,0.0,0.05176397829901437,0.0,-0.731207491253485,0.0
5.614,0.11814357192362075,0.0,0.05029985597581932,0.0,-0.7329119339199446,0.0
5.6160000000000005,0.11824270468411553,0.0,0.048832342178623867,0.0,-0.7345989536646442,0.0
5.618,0.11833889905462636,0.0,0.04736147182267144,0.0,-0.7362684811555162,0.0
5.62,0.11843214835706632,0.0,0.045887279961471086,0.0,-0.7379204474563206,0.0
5.622,0.11852244598359302,0.0,0.04440980178600751,0.0,-0.739554784029057,0.0
5.6240000000000006,0.11860978539688291,0.0,0.042929072623940634,0.0,-0.7411714227363757,0.0
5.626,0.11869416013040372,0.0,0.04144512793880403,0.0,-0.7427702958439714,0.0
5.628,0.11877556378868545,0.0,0.03995800332919327,0.0,-0.7443513360229784,0.0
5.63,0.11885399004758974,0.0,0.03846773452795472,0.0,-0.7459144763523508,0.0
5.632,0.11892943265457744,0.0,0.03697435740136709,0.0,-0.7474596503212334,0.0
5.634,0.11900188542897465,0.0,0.03547790794831753,0.0,-0.7489867918313285,0.0
5.636,0.11907134226223727,0.0,0.0339784222994785,0.0,-0.7504958351992478,0.0
5.638,0.11913779711821357,0.0,0.032475936716469145,0.0,-0.751986715158862,0.0
5.64,0.11920124403340532,0.0,0.030970487591022722,0.0,-0.7534593668636362,0.0
5.642,0.11926167711722721,0.0,0.02946211144414352,0.0,-0.7549137258889588,0.0
5.644,0.11931909055226442,0.0,0.027950844925262792,0.0,-0.7563497282344572,0.0
5.646,0.11937347859452878,0.0,0.026436724811384715,0.0,-0.7577673103263124,0.0
5.648,0.11942483557371296,0.0,0.02491978800623326,0.0,-0.7591664090195551,0.0
5.65,0.11947315589344315,0.0,0.02340007153939042,0.0,-0.7605469616003596,0.0
5.652,0.11951843403152969,0.0,0.021877612565436057,0.0,-0.7619089057883193,0.0
5.654,0.11956066454021654,0.0,0.02035244836307231,0.0,-0.7632521797387266,0.0
5.656,0.11959984204642828,0.0,0.018824616334254217,0.0,-0.7645767220448284,0.0
5.658,0.11963596125201612,0.0,0.01729415400330992,0.0,-0.7658824717400825,0.0
5.66,0.11966901693400135,0.0,0.015761099016060258,0.0,-0.7671693683003952,0.0
5.662,0.11969900394481776,0.0,0.014225489138928252,0.0,-0.7684373516463594,0.0
5.664,0.11972591721255192,0.0,0.012687362258049766,0.0,-0.7696863621454743,0.0
5.666,0.11974975174118145,0.0,0.011146756378375873,0.0,-0.7709163406143578,0.0
5.668,0.11977050261081215,0.0,0.009603709622776624,0.0,-0.7721272283209496,0.0
5.67,0.11978816497791263,0.0,0.008058260231129814,0.0,-0.7733189669867045,0.0
5.672,0.1198027340755474,0.0,0.006510446559416176,0.0,-0.7744914987887724,0.0
5.674,0.11981420521360849,0.0,0.004960307078803933,0.0,-0.7756447663621732,0.0
5.676,0.11982257377904448,0.0,0.0034078803747333644,0.0,-0.7767787128019532,0.0
5.678,0.11982783523608848,0.0,0.0018532051459911048,0.0,-0.7778932816653417,0.0
5.68,0.11982998512648367,0.0,0.00029632020378600465,0.0,-0.7789884169738872,0.0
5.682,0.1198290190697073,0.0,-0.0012627355291834827,0.0,-0.7800640632155901,0.0
5.684,0.11982493276319281,0.0,-0.002823923019659731,0.0,-0.7811201653470176,0.0
5.686,0.11981772198254984,0.0,-0.004387203124771942,0.0,-0.7821566687954172,0.0
5.688,0.1198073825817826,0.0,-0.005952536592975101,0.0,-0.7831735194608107,0.0
5.69,0.11979391049350636,0.0,-0.007519884064999337,0.0,-0.7841706637180824,0.0
5.692,0.11977730172916176,0.0,-0.009089206074799398,0.0,-0.7851480484190524,0.0
5.694,0.11975755237922757,0.0,-0.010660463050514116,0.0,-0.7861056208945446,0.0
5.696,0.11973465861343127,0.0,-0.012233615315424023,0.0,-0.7870433289564372,0.0
5.698,0.11970861668095786,0.0,-0.013808623088917359,0.0,-0.7879611208997077,0.0
5.7,0.11967942291065663,0.0,-0.015385446487453706,0.0,-0.7888589455044593,0.0
5.702,0.11964707371124611,0.0,-0.016964045525543058,0.0,-0.7897367520379467,0.0
5.704,0.11961156557151685,0.0,-0.018544380116717593,0.0,-0.7905944902565795,0.0
5.706,0.11957289506053258,0.0,-0.020126410074513677,0.0,-0.7914321104079217,0.0
5.708,0.11953105882782918,0.0,-0.021710095113454002,0.0,-0.7922495632326756,0.0
5.71,0.11948605360361153,0.0,-0.02329539485003907,0.0,-0.7930467999666564,0.0
5.712,0.11943787619894881,0.0,-0.024882268803737208,0.0,-0.7938237723427535,0.0
5.714,0.11938652350596742,0.0,-0.02647067639798234,0.0,-0.7945804325928817,0.0
5.716,0.11933199249804213,0.0,-0.02806057696116953,0.0,-0.7953167334499175,0.0
5.718,0.11927428022998514,0.0,-0.029651929727665477,0.0,-0.7960326281496289,0.0
5.72,0.119213383838233,0.0,-0.03124469383881185,0.0,-0.7967280704325883,0.0
5.722,0.1191493005410319,0.0,-0.032838828343938364,0.0,-0.797403014546075,0.0
5.724,0.1190820276386204,0.0,-0.03443429220137589,0.0,-0.7980574152459652,0.0
5.726,0.11901156251341066,0.0,-0.036031044279478924,0.0,-0.7986912277986123,0.0
5.728,0.11893790263016714,0.0,-0.03762904335764669,0.0,-0.7993044079827119,0.0
5.73,0.11886104553618375,0.0,-0.039228248127348576,0.0,-0.7998969120911558,0.0
5.732,0.11878098886145845,0.0,-0.04082861719315547,0.0,-0.8004686969328734,0.0
5.734,0.11869773031886605,0.0,-0.04243010907377481,0.0,-0.8010197198346611,0.0
5.736,0.11861126770432906,0.0,-0.04403268220308647,0.0,-0.8015499386430003,0.0
5.738,0.118521598896986,0.0,-0.04563629493118502,0.0,-0.8020593117258589,0.0
5.74,0.1184287218593584,0.0,-0.04724090552542224,0.0,-0.8025477979744846,0.0
5.742,0.11833263463751473,0.0,-0.04884647217145889,0.0,-0.8030153568051841,0.0
5.744,0.11823333536123289,0.0,-0.050452952974314805,0.0,-0.8034619481610876,0.0
5.746,0.11813082224416079,0.0,-0.0520603059594234,0.0,-0.8038875325139044,0.0
5.748,0.11802509358397399,0.0,-0.05366848907369135,0.0,-0.8042920708656612,0.0
5.75,0.11791614776253194,0.0,-0.05527746018656242,0.0,-0.8046755247504312,0.0
5.752,0.1178039832460317,0.0,-0.05688717709108133,0.0,-0.8050378562360481,0.0
5.7540000000000004,0.11768859858515973,0.0,-0.05849759750496428,0.0,-0.8053790279258071,0.0
5.756,0.11756999241524164,0.0,-0.06010867907166912,0.0,-0.8056990029601541,0.0
5.758,0.11744816345638934,0.0,-0.06172037936147557,0.0,-0.8059977450183611,0.0
5.76,0.11732311051364663,0.0,-0.06333265587255972,0.0,-0.8062752183201876,0.0
5.7620000000000005,0.11719483247713194,0.0,-0.0649454660320814,0.0,-0.8065313876275293,0.0
5.764,0.11706332832217967,0.0,-0.06655876719726533,0.0,-0.8067662182460533,0.0
5.766,0.1169285971094787,0.0,-0.06817251665649451,0.0,-0.8069796760268216,0.0
5.768,0.11679063798520913,0.0,-0.0697866716304002,0.0,-0.8071717273678971,0.0
5.7700000000000005,0.11664945018117658,0.0,-0.07140118927295869,0.0,-0.80734233921594,0.0
5.772,0.1165050330149445,0.0,-0.07301602667258772,0.0,-0.8074914790677888,0.0
5.774,0.11635738588996407,0.0,-0.07463114085325259,0.0,-0.807619114972028,0.0
5.776,0.11620650829570228,0.0,-0.07624648877556649,0.0,-0.8077252155305419,0.0
5.7780000000000005,0.1160523998077671,0.0,-0.0778620273379032,0.0,-0.8078097499000549,0.0
5.78,0.1158950600880312,0.0,-0.0794777133775039,0.0,-0.8078726877936571,0.0
5.782,0.11573448888475285,0.0,-0.08109350367159504,0.0,-0.8079139994823173,0.0
5.784,0.11557068603269502,0.0,-0.08270935493850382,0.0,-0.8079336557963817,0.0
5.7860000000000005,0.11540365145324191,0.0,-0.08432522383877925,0.0,-0.8079316281270577,0.0
5.788,0.11523338515451371,0.0,-0.08594106697631365,0.0,-0.8079078884278849,0.0
5.79,0.11505988723147836,0.0,-0.08755684089947002,0.0,-0.8078624092161902,0.0
5.792,0.11488315786606164,0.0,-0.08917250210221209,0.0,-0.8077951635745314,0.0
5.7940000000000005,0.11470319732725484,0.0,-0.09078800702523515,0.0,-0.8077061251521233,0.0
5.796,0.11452000597122033,0.0,-0.09240331205709909,0.0,-0.8075952681662527,0.0
5.798,0.11433358424139445,0.0,-0.09401837353536928,0.0,-0.8074625674036767,0.0
5.8,0.11414393266858841,0.0,-0.09563314774775461,0.0,-0.8073079982220074,0.0
5.8020000000000005,0.11395105187108698,0.0,-0.09724759093325189,0.0,-0.8071315365510829,0.0
5.804,0.1137549425547446,0.0,-0.09886165928328963,0.0,-0.8069331588943218,0.0
5.806,0.11355560551307974,0.0,-0.10047530894287815,0.0,-0.8067128423300666,0.0
5.808,0.11335304162736595,0.0,-0.10208849601176134,0.0,-0.8064705645129071,0.0
5.8100000000000005,0.1131472518667218,0.0,-0.10370117654556993,0.0,-0.8062063036749958,0.0
5.812,0.11293823728819768,0.0,-0.10531330655697549,0.0,-0.8059200386273414,0.0
5.814,0.1127259990368607,0.0,-0.10692484201685354,0.0,-0.8056117487610945,0.0
5.816,0.11251053834587699,0.0,-0.10853573885544249,0.0,-0.8052814140488137,0.0
5.8180000000000005,0.11229185653659178,0.0,-0.11014595296350876,0.0,-0.8049290150457169,0.0
5.82,0.11206995501860739,0.0,-0.11175544019351188,0.0,-0.8045545328909213,0.0
5.822,0.1118448352898587,0.0,-0.11336415636077454,0.0,-0.8041579493086657,0.0
5.824,0.11161649893668582,0.0,-0.11497205724465512,0.0,-0.803739246609517,0.0
5.8260000000000005,0.11138494763390518,0.0,-0.11657909858972046,0.0,-0.8032984076915629,0.0
5.828,0.1111501831448781,0.0,-0.11818523610692039,0.0,-0.8028354160415911,0.0
5.83,0.11091220732157643,0.0,-0.11979042547476967,0.0,-0.8023502557362494,0.0
5.832,0.11067102210464648,0.0,-0.12139462234052666,0.0,-0.8018429114431939,0.0
5.8340000000000005,0.11042662952347017,0.0,-0.12299778232137804,0.0,-0.8013133684222199,0.0
5.836,0.11017903169622463,0.0,-0.12459986100561976,0.0,-0.8007616125263802,0.0
5.838,0.10992823082993786,0.0,-0.1262008139538516,0.0,-0.8001876302030837,0.0
5.84,0.10967422922054336,0.0,-0.12780059670016203,0.0,-0.7995914084951818,0.0
5.8420000000000005,0.10941702925293209,0.0,-0.12939916475332233,0.0,-0.7989729350420389,0.0
5.844,0.1091566334010019,0.0,-0.13099647359797817,0.0,-0.798332198080587,0.0
5.846,0.1088930442277043,0.0,-0.13259247869584911,0.0,-0.7976691864463635,0.0
5.848,0.10862626438508931,0.0,-0.13418713548692485,0.0,-0.7969838895745366,0.0
5.8500000000000005,0.10835629661434762,0.0,-0.13578039939066675,0.0,-0.7962762975009101,0.0
5.852,0.10808314374585092,0.0,-0.13737222580720615,0.0,-0.7955464008629186,0.0
5.854,0.1078068086991886,0.0,-0.138962570118555,0.0,-0.7947941909006018,0.0
5.856,0.10752729448320317,0.0,-0.14055138768980757,0.0,-0.7940196594575639,0.0
5.8580000000000005,0.10724460419602283,0.0,-0.14213863387035022,0.0,-0.7932227989819207,0.0
5.86,0.10695874102509202,0.0,-0.1437242639950692,0.0,-0.7924036025272272,0.0
5.862,0.1066697082471985,0.0,-0.14530823338556575,0.0,-0.7915620637533886,0.0
5.864,0.10637750922849938,0.0,-0.14689049735136753,0.0,-0.7906981769275606,0.0
5.8660000000000005,0.10608214742454335,0.0,-0.14847101119114534,0.0,-0.7898119369250254,0.0
5.868,0.10578362638029243,0.0,-0.15004973019392642,0.0,-0.7889033392300624,0.0
5.87,0.10548194973013848,0.0,-0.1516266096403194,0.0,-0.7879723799367915,0.0
5.872,0.10517712119791975,0.0,-0.15320160480373057,0.0,-0.7870190557500066,0.0
5.8740000000000006,0.10486914459693382,0.0,-0.15477467095158787,0.0,-0.7860433639859941,0.0
5.876,0.1045580238299486,0.0,-0.15634576334656203,0.0,-0.7850453025733309,0.0
5.878,0.1042437628892101,0.0,-0.1579148372477958,0.0,-0.7840248700536687,0.0
5.88,0.10392636585644874,0.0,-0.1594818479121283,0.0,-0.7829820655825013,0.0
5.882000000000001,0.10360583690288219,0.0,-0.16104675059532514,0.0,-0.7819168889299144,0.0
5.884,0.10328218028921747,0.0,-0.16260950055330428,0.0,-0.7808293404813252,0.0
5.886,0.10295540036564772,0.0,-0.1641700530433733,0.0,-0.7797194212381934,0.0
5.888,0.10262550157184948,0.0,-0.16572836332545868,0.0,-0.7785871328187286,0.0
5.89,0.10229248843697557,0.0,-0.1672843866633403,0.0,-0.7774324774585725,0.0
5.892,0.10195636557964645,0.0,-0.16883807832588807,0.0,-0.7762554580114693,0.0
5.894,0.10161713770793893,0.0,-0.17038939358829625,0.0,-0.7750560779499187,0.0
5.896,0.10127480961937181,0.0,-0.17193828773332523,0.0,-0.7738343413658081,0.0
5.898,0.10092938620088983,0.0,-0.17348471605253823,0.0,-0.7725902529710346,0.0
5.9,0.10058087242884454,0.0,-0.17502863384754408,0.0,-0.7713238180981055,0.0
5.902,0.10022927336897398,0.0,-0.17656999643123455,0.0,-0.7700350427007271,0.0
5.904,0.09987459417637726,0.0,-0.17810875912903346,0.0,-0.7687239333543683,0.0
5.906,0.09951684009548942,0.0,-0.17964487728013695,0.0,-0.7673904972568162,0.0
5.908,0.09915601646005202,0.0,-0.18117830623875994,0.0,-0.7660347422287096,0.0
5.91,0.09879212869308271,0.0,-0.18270900137538032,0.0,-0.7646566767140602,0.0
5.912,0.09842518230684036,0.0,-0.18423691807798945,0.0,-0.7632563097807501,0.0
5.914,0.09805518290278946,0.0,-0.1857620117533381,0.0,-0.7618336511210184,0.0
5.916,0.09768213617156098,0.0,-0.18728423782818737,0.0,-0.7603887110519283,0.0
5.918,0.09730604789291204,0.0,-0.18880355175055455,0.0,-0.7589215005158203,0.0
5.92,0.09692692393568068,0.0,-0.19031990899097034,0.0,-0.7574320310807403,0.0
5.922,0.0965447702577406,0.0,-0.19183326504372666,0.0,-0.7559203149408611,0.0
5.924,0.0961595929059519,0.0,-0.19334357542813063,0.0,-0.7543863649168787,0.0
5.926,0.09577139801611051,0.0,-0.19485079568975608,0.0,-0.7528301944563984,0.0
5.928,0.09538019181289342,0.0,-0.19635488140170085,0.0,-0.7512518176342953,0.0
5.93,0.09498598060980303,0.0,-0.19785578816583949,0.0,-0.7496512491530659,0.0
5.932,0.09458877080910784,0.0,-0.19935347161408068,0.0,-0.7480285043431563,0.0
5.934,0.09418856890178237,0.0,-0.2008478874096188,0.0,-0.7463835991632815,0.0
5.936,0.09378538146744153,0.0,-0.2023389912481976,0.0,-0.7447165502007137,0.0
5.938,0.09337921517427543,0.0,-0.20382673885936292,0.0,-0.7430273746715672,0.0
5.94,0.09297007677898007,0.0,-0.20531108600772244,0.0,-0.7413160904210577,0.0
5.942,0.0925579731266866,0.0,-0.20679198849420213,0.0,-0.7395827159237499,0.0
5.944,0.09214291115088648,0.0,-0.208269402157308,0.0,-0.7378272702837807,0.0
5.946,0.09172489787335572,0.0,-0.2097432828743837,0.0,-0.7360497732350714,0.0
5.948,0.09130394040407537,0.0,-0.2112135865628716,0.0,-0.7342502451415183,0.0
5.95,0.09088004594115148,0.0,-0.21268026918156913,0.0,-0.732428706997174,0.0
5.952,0.09045322177072909,0.0,-0.21414328673189487,0.0,-0.7305851804263945,0.0
5.954,0.09002347526690709,0.0,-0.21560259525914588,0.0,-0.7287196876839881,0.0
5.956,0.08959081389164861,0.0,-0.21705815085375954,0.0,-0.7268322516553327,0.0
5.958,0.08915524519469026,0.0,-0.21850990965257325,0.0,-0.7249228958564856,0.0
5.96,0.08871677681344706,0.0,-0.21995782784008885,0.0,-0.7229916444342663,0.0
5.962,0.0882754164729164,0.0,-0.22140186164973213,0.0,-0.7210385221663298,0.0
5.964,0.08783117198557858,0.0,-0.22284196736511594,0.0,-0.719063554461216,0.0
5.966,0.08738405125129636,0.0,-0.2242781013212984,0.0,-0.717066767358391,0.0
5.968,0.08693406225720898,0.0,-0.22571021990605022,0.0,-0.7150481875282559,0.0
5.97,0.08648121307762664,0.0,-0.22713827956111307,0.0,-0.7130078422721514,0.0
5.972,0.0860255118739209,0.0,-0.22856223678346255,0.0,-0.7109457595223379,0.0
5.974,0.08556696689441355,0.0,-0.22998204812656814,0.0,-0.7088619678419626,0.0
5.976,0.08510558647426142,0.0,-0.2313976702016583,0.0,-0.7067564964250026,0.0
5.978,0.08464137903534004,0.0,-0.23280905967897975,0.0,-0.7046293750961942,0.0
5.98,0.08417435308612482,0.0,-0.2342161732890587,0.0,-0.7024806343109475,0.0
5.982,0.08370451722156863,0.0,-0.23561896782396266,0.0,-0.7003103051552364,0.0
5.984,0.08323188012297739,0.0,-0.2370174001385625,0.0,-0.6981184193454744,0.0
5.986,0.08275645055788355,0.0,-0.238411427151792,0.0,-0.695905009228374,0.0
5.988,0.08227823737991638,0.0,-0.23980100584790848,0.0,-0.6936701077807843,0.0
5.99,0.08179724952867087,0.0,-0.2411860932777521,0.0,-0.6914137486095191,0.0
5.992,0.08131349602957211,0.0,-0.24256664656000743,0.0,-0.6891359659511538,0.0
5.994,0.08082698599373889,0.0,-0.24394262288246216,0.0,-0.6868367946718154,0.0
5.996,0.08033772861784473,0.0,-0.2453139795032643,0.0,-0.6845162702669538,0.0
5.998,0.07984573318397532,0.0,-0.24668067375218214,0.0,-0.6821744288610903,0.0
6.0,0.07935100905948393,0.0,-0.24804266303186268,0.0,-0.6798113072075489,0.0
6.002,0.07885356569684467,0.0,-0.24939990481908744,0.0,-0.6774269426881738,0.0
6.0040000000000004,0.07835341263350278,0.0,-0.25075235666603096,0.0,-0.6750213733130267,0.0
6.006,0.07785055949172322,0.0,-0.2520999762015139,0.0,-0.6725946377200671,0.0
6.008,0.0773450159784349,0.0,-0.25344272113226246,0.0,-0.6701467751748097,0.0
6.01,0.07683679188507514,0.0,-0.25478054924415955,0.0,-0.6676778255699747,0.0
6.0120000000000005,0.0763258970874284,0.0,-0.2561134184035019,0.0,-0.6651878294251048,0.0
6.014,0.075812341545466,0.0,-0.2574412865582502,0.0,-0.6626768278861825,0.0
6.016,0.0752961353031799,0.0,-0.2587641117392844,0.0,-0.6601448627252116,0.0
6.018,0.07477728848841667,0.0,-0.2600818520616538,0.0,-0.6575919763397937,0.0
6.0200000000000005,0.07425581131270731,0.0,-0.2613944657258287,0.0,-0.6550182117526799,0.0
6.022,0.07373171407109597,0.0,-0.26270191101894796,0.0,-0.6524236126113101,0.0
6.024,0.0732050071419641,0.0,-0.26400414631607166,0.0,-0.6498082231873249,0.0
6.026,0.07267570098685482,0.0,-0.26530113008142536,0.0,-0.6471720883760732,0.0
6.0280000000000005,0.07214380615029178,0.0,-0.26659282086964975,0.0,-0.6445152536960855,0.0
6.03,0.07160933325959878,0.0,-0.2678791773270442,0.0,-0.6418377652885471,0.0
6.032,0.0710722930247136,0.0,-0.2691601581928136,0.0,-0.6391396699167355,0.0
6.034,0.07053269623800197,0.0,-0.2704357223003107,0.0,-0.6364210149654546,0.0
6.0360000000000005,0.0699905537740675,0.0,-0.27170582857827935,0.0,-0.6336818484404402,0.0
6.038,0.06944587658956022,0.0,-0.27297043605209415,0.0,-0.6309222189677561,0.0
6.04,0.06889867572298185,0.0,-0.27422950384500205,0.0,-0.6281421757931676,0.0
6.042,0.0683489622944883,0.0,-0.27548299117936137,0.0,-0.6253417687814924,0.0
6.0440000000000005,0.06779674750569054,0.0,-0.2767308573778785,0.0,-0.6225210484159431,0.0
6.046,0.0672420426394534,0.0,-0.2779730618648429,0.0,-0.6196800657974489,0.0
6.048,0.06668485905968992,0.0,-0.27920956416736437,0.0,-0.6168188726439523,0.0
6.05,0.06612520821115528,0.0,-0.2804403239166042,0.0,-0.6139375212896965,0.0
6.0520000000000005,0.06556310161923705,0.0,-0.2816653008490089,0.0,-0.6110360646844896,0.0
6.054,0.06499855088974396,0.0,-0.28288445480753815,0.0,-0.6081145563929553,0.0
6.056,0.06443156770869136,0.0,-0.2840977457428954,0.0,-0.6051730505937616,0.0
6.058,0.06386216384208399,0.0,-0.2853051337147555,0.0,-0.60221160207883,0.0
6.0600000000000005,0.06329035113569721,0.0,-0.2865065788929897,0.0,-0.5992302662525316,0.0
6.062,0.06271614151485604,0.0,-0.28770204155888857,0.0,-0.5962290991308661,0.0
6.064,0.06213954698420994,0.0,-0.28889148210638693,0.0,-0.5932081573406144,0.0
6.066,0.06156057962750695,0.0,-0.2900748610432827,0.0,-0.5901674981184813,0.0
6.0680000000000005,0.06097925160736446,0.0,-0.2912521389924566,0.0,-0.5871071793102167,0.0
6.07,0.060395575165038476,0.0,-0.2924232766930888,0.0,-0.5840272593697227,0.0
6.072,0.05980956262018926,0.0,-0.2935882350018747,0.0,-0.5809277973581367,0.0
6.074,0.05922122637064475,0.0,-0.2947469748942385,0.0,-0.577808852942898,0.0
6.0760000000000005,0.058630578892162326,0.0,-0.2958994574655458,0.0,-0.5746704863968004,0.0
6.078,0.05803763273818827,0.0,-0.2970456439323101,0.0,-0.571512758597027,0.0
6.08,0.0574424005396131,0.0,-0.2981854956334048,0.0,-0.5683357310241586,0.0
6.082,0.05684489500452641,0.0,-0.29931897403126634,0.0,-0.5651394657611739,0.0
6.0840000000000005,0.056245128917967915,0.0,-0.30044604071309944,0.0,-0.5619240254924253,0.0
6.086,0.055643115141678474,0.0,-0.30156665739207583,0.0,-0.5586894735026078,0.0
6.088,0.05503886661384431,0.0,-0.30268078590853825,0.0,-0.5554358736756884,0.0
6.09,0.054432396348843226,0.0,-0.30378838823119503,0.0,-0.5521632904938396,0.0
6.0920000000000005,0.05382371743698608,0.0,-0.30488942645831674,0.0,-0.5488717890363443,0.0
6.094,0.0532128430442572,0.0,-0.3059838628189272,0.0,-0.5455614349784865,0.0
6.096,0.05259978641205052,0.0,-0.3070716596739971,0.0,-0.5422322945904189,0.0
6.098,0.05198456085690532,0.0,-0.30815277951763115,0.0,-0.5388844347360184,0.0
6.1000000000000005,0.05136717977023807,0.0,-0.3092271849782552,0.0,-0.5355179228717197,0.0
6.102,0.05074765661807444,0.0,-0.31029483881979725,0.0,-0.5321328270453414,0.0
6.104,0.05012600494077442,0.0,-0.3113557039428738,0.0,-0.5287292158948721,0.0
6.106,0.04950223835275952,0.0,-0.31240974338596533,0.0,-0.5253071586472621,0.0
6.1080000000000005,0.04887637054223525,0.0,-0.31345692032659483,0.0,-0.521866725117184,0.0
6.11,0.048248415270912705,0.0,-0.3144971980825002,0.0,-0.5184079857057844,0.0
6.112,0.04761838637372565,0.0,-0.3155305401128081,0.0,-0.5149310113994051,0.0
6.114,0.04698629775854745,0.0,-0.31655691001920144,0.0,-0.5114358737682997,0.0
6.1160000000000005,0.04635216340590412,0.0,-0.3175762715470875,0.0,-0.5079226449653227,0.0
6.118,0.04571599736868754,0.0,-0.3185885885867585,0.0,-0.5043913977246157,0.0
6.12,0.04507781377186178,0.0,-0.31959382517455714,0.0,-0.5008422053602505,0.0
6.122,0.04443762681217166,0.0,-0.3205919454940324,0.0,-0.4972751417648795,0.0
6.1240000000000006,0.04379545075784653,0.0,-0.3215829138770966,0.0,-0.4936902814083547,0.0
6.126,0.04315129994830323,0.0,-0.32256669480517625,0.0,-0.49008769933633817,0.0
6.128,0.04250518879384462,0.0,-0.3235432529103653,0.0,-0.4864674711688819,0.0
6.13,0.04185713177535799,0.0,-0.3245125529765705,0.0,-0.4828296730990035,0.0
6.132000000000001,0.04120714344400956,0.0,-0.3254745599406571,0.0,-0.47917438189123407,0.0
6.134,0.0405552384209393,0.0,-0.32642923889358766,0.0,-0.4755016748801646,0.0
6.136,0.03990143139694883,0.0,-0.32737655508156477,0.0,-0.4718116299689469,0.0
6.138,0.03924573713219164,0.0,-0.32831647390716406,0.0,-0.46810432562780524,0.0
6.140000000000001,0.03858817045585851,0.0,-0.3292489609304675,0.0,-0.46437984089251383,0.0
6.142,0.037928746265862325,0.0,-0.3301739818701922,0.0,-0.46063825536286834,0.0
6.144,0.03726747952851822,0.0,-0.3310915026048183,0.0,-0.4568796492011252,0.0
6.146,0.036604385278223975,0.0,-0.3320014891737114,0.0,-0.4531041031304377,0.0
6.148,0.035939478617136755,0.0,-0.3329039077782431,0.0,-0.4493116984332672,0.0
6.15,0.035272774714847584,0.0,-0.333798724782908,0.0,-0.4455025169497767,0.0
6.152,0.03460428880805591,0.0,-0.3346859067164367,0.0,-0.4416766410762205,0.0
6.154,0.03393403620023709,0.0,-0.3355654202729076,0.0,-0.4378341537632878,0.0
6.156,0.03326203226131254,0.0,-0.3364372323128534,0.0,-0.433975138514459,0.0
6.158,0.032588292427314994,0.0,-0.3373013098643658,0.0,-0.43009967938432736,0.0
6.16,0.031912832200053254,0.0,-0.3381576201241939,0.0,-0.42620786097691454,0.0
6.162,0.031235667146772315,0.0,-0.33900613045884403,0.0,-0.42229976844395467,0.0
6.164,0.030556812899813757,0.0,-0.3398468084056722,0.0,-0.4183754874831753,0.0
6.166,0.029876285156272185,0.0,-0.3406796216739745,0.0,-0.41443510433655106,0.0
6.168,0.029194099677652227,0.0,-0.3415045381460725,0.0,-0.4104787057885563,0.0
6.17,0.028510272289518485,0.0,-0.34232152587839904,0.0,-0.40650637916437227,0.0
6.172,0.027824818881148163,0.0,-0.34313055310257645,0.0,-0.4025182123281057,0.0
6.174,0.027137755405178904,0.0,-0.3439315882264925,0.0,-0.39851429368097413,0.0
6.176,0.026449097877256127,0.0,-0.3447245998353724,0.0,-0.3944947121594855,0.0
6.178,0.02575886237567586,0.0,-0.34550955669284883,0.0,-0.3904595572335855,0.0
6.18,0.025067065041027795,0.0,-0.3462864277420261,0.0,-0.38640891890480294,0.0
6.182,0.024373722075834582,0.0,-0.3470551821065421,0.0,-0.38234288770436764,0.0
6.184,0.023678849744191665,0.0,-0.34781578909162386,0.0,-0.3782615546913287,0.0
6.186,0.022982464371400065,0.0,-0.3485682181851439,0.0,-0.3741650114506251,0.0
6.188,0.02228458234360204,0.0,-0.34931243905866866,0.0,-0.37005335009117035,0.0
6.19,0.021585220107411915,0.0,-0.35004842156850513,0.0,-0.36592666324390366,0.0
6.192,0.020884394169546513,0.0,-0.3507761357567416,0.0,-0.3617850440598347,0.0
6.194,0.0201821210964511,0.0,-0.3514955518522877,0.0,-0.35762858620805704,0.0
6.196,0.0194784175139257,0.0,-0.3522066402719073,0.0,-0.35345738387376036,0.0
6.198,0.018773300106747565,0.0,-0.3529093716212494,0.0,-0.34927153175621445,0.0
6.2,0.018066785618294442,0.0,-0.35360371669587315,0.0,-0.34507112506675497,0.0
6.202,0.017358890850160676,0.0,-0.3542896464822713,0.0,-0.3408562595267207,0.0
6.204,0.016649632661776357,0.0,-0.35496713215888775,0.0,-0.3366270313654066,0.0
6.206,0.015939027970021627,0.0,-0.35563614509713115,0.0,-0.33238353731798176,0.0
6.208,0.015227093748840764,0.0,-0.3562966568623838,0.0,-0.32812587462340315,0.0
6.21,0.01451384702885172,0.0,-0.35694863921500913,0.0,-0.3238541410222976,0.0
6.212,0.013799304896956152,0.0,-0.3575920641113509,0.0,-0.3195684347548421,0.0
6.214,0.013083484495945706,0.0,-0.3582269037047318,0.0,-0.3152688545586179,0.0
6.216,0.012366403024109107,0.0,-0.358853130346444,0.0,-0.31095549966646496,0.0
6.218,0.011648077734832177,0.0,-0.35947071658674,0.0,-0.3066284698042898,0.0
6.22,0.010928525936200953,0.0,-0.3600796351758147,0.0,-0.3022878651888875,0.0
6.222,0.010207764990600077,0.0,-0.36067985906478633,0.0,-0.2979337865257318,0.0
6.224,0.00948581231431098,0.0,-0.3612713614066698,0.0,-0.2935663350067585,0.0
6.226,0.008762685377105589,0.0,-0.3618541155573495,0.0,-0.28918561230811873,0.0
6.228,0.00803840170184039,0.0,-0.36242809507654394,0.0,-0.28479172058792984,0.0
6.23,0.00731297886404831,0.0,-0.36299327372876816,0.0,-0.2803847624840088,0.0
6.232,0.006586434491527649,0.0,-0.3635496254842904,0.0,-0.2759648411115833,0.0
6.234,0.005858786263929107,0.0,-0.364097124520085,0.0,-0.271532060060988,0.0
6.236,0.005130051912342204,0.0,-0.3646357452207804,0.0,-0.2670865233953518,0.0
6.238,0.004400249218878495,0.0,-0.3651654621796018,0.0,-0.26262833564826255,0.0
6.24,0.0036693960162544857,0.0,-0.36568625019931,0.0,-0.25815760182142433,0.0
6.242,0.002937510187370069,0.0,-0.3661980842931356,0.0,-0.2536744273822856,0.0
6.244,0.002204609664887432,0.0,-0.3667009396857078,0.0,-0.24917891826166338,0.0
6.246,0.0014707124308078535,0.0,-0.36719479181397907,0.0,-0.24467118085135234,0.0
6.248,0.0007358365160456157,0.0,-0.36767961632814367,0.0,-0.24015132200171146,0.0
6.25,8.969581048442529e-17,0.0,-0.3681553890925538,0.0,-0.23561944901923504,0.0
6.252,-0.0007367789898727144,0.0,-0.3686220861866287,0.0,-0.23107566966411705,0.0
6.2540000000000004,-0.0014744822784917083,0.0,-0.3690796839057597,0.0,-0.22652009214779162,0.0
6.256,-0.0022130916435825244,0.0,-0.36952815876220935,0.0,-0.22195282513046838,0.0
6.258,-0.0029525888161139845,0.0,-0.3699674874860086,0.0,-0.21737397771863465,0.0
6.26,-0.003692955480732436,0.0,-0.3703976470258446,0.0,-0.2127836594625669,0.0
6.2620000000000005,-0.004434173276202042,0.0,-0.3708186145499474,0.0,-0.2081819803538012,0.0
6.264,-0.005176223795842653,0.0,-0.3712303674469687,0.0,-0.20356905082261487,0.0
6.266,-0.0059190885879733595,0.0,-0.3716328833268575,0.0,-0.1989449817354685,0.0
6.268,-0.006662749156354918,0.0,-0.3720261400217303,0.0,-0.194309884392451,0.0
6.2700000000000005,-0.007407186960635457,0.0,-0.37241011558673454,0.0,-0.18966387052470052,0.0
6.272,-0.008152383416796373,0.0,-0.37278478830090944,0.0,-0.18500705229181974,0.0
6.274,-0.008898319897602782,0.0,-0.3731501366680393,0.0,-0.18033954227925897,0.0
6.276,-0.009644977733051783,0.0,-0.3735061394175031,0.0,-0.17566145349570916,0.0
6.2780000000000005,-0.01039233821082658,0.0,-0.3738527755051184,0.0,-0.17097289937045346,0.0
6.28,-0.011140382576748086,0.0,-0.37419002411397945,0.0,-0.16627399375073154,0.0
6.282,-0.011889092035232179,0.0,-0.3745178646552909,0.0,-0.16156485089906383,0.0
6.284,-0.012638447749745674,0.0,-0.37483627676919534,0.0,-0.15684558549058003,0.0
6.2860000000000005,-0.013388430843265567,0.0,-0.3751452403255964,0.0,-0.15211631261032302,0.0
6.288,-0.014139022398738566,0.0,-0.3754447354249747,0.0,-0.14737714775054722,0.0
6.29,-0.014890203459543604,0.0,-0.3757347423992011,0.0,-0.14262820680799396,0.0
6.292,-0.015641955029955933,0.0,-0.3760152418123416,0.0,-0.13786960608115267,0.0
6.2940000000000005,-0.016394258075611824,0.0,-0.3762862144614591,0.0,-0.1331014622675152,0.0
6.296,-0.017147093523974512,0.0,-0.3765476413774076,0.0,-0.12832389246081718,0.0
6.298,-0.017900442264804205,0.0,-0.376799503825623,0.0,-0.12353701414825044,0.0
6.3,-0.018654285150626938,0.0,-0.3770417833069066,0.0,-0.1187409452076785,0.0
6.3020000000000005,-0.01940860299720664,0.0,-0.3772744615582037,0.0,-0.11393580390482809,0.0
6.304,-0.020163376584017387,0.0,-0.3774975205533765,0.0,-0.10912170889047487,0.0
6.306,-0.02091858665471853,0.0,-0.3777109425039715,0.0,-0.1042987791976078,0.0
6.308,-0.021674213917631364,0.0,-0.3779147098599811,0.0,-0.09946713423857897,0.0
6.3100000000000005,-0.02243023904621625,0.0,-0.3781088053105992,0.0,-0.09462689380224726,0.0
6.312,-0.02318664267955098,0.0,-0.37829321178497183,0.0,-0.08977817805110963,0.0
6.314,-0.02394340542281297,0.0,-0.37846791245294104,0.0,-0.08492110751840445,0.0
6.316,-0.02470050784776041,0.0,-0.37863289072578377,0.0,-0.08005580310521723,0.0
6.3180000000000005,-0.025457930493216326,0.0,-0.3787881302569443,0.0,-0.07518238607756428,0.0
6.32,-0.026215653865552874,0.0,-0.3789336149427617,0.0,-0.07030097806347035,0.0
6.322,-0.026973658439178417,0.0,-0.37906932892319073,0.0,-0.06541170105002514,0.0
6.324,-0.027731924657025925,0.0,-0.3791952565825165,0.0,-0.06051467738042676,0.0
6.3260000000000005,-0.028490432931041906,0.0,-0.37931138255006486,0.0,-0.05561002975101856,0.0
6.328,-0.029249163642676306,0.0,-0.3794176917009041,0.0,-0.05069788120831545,0.0
6.33,-0.03000809714337636,0.0,-0.379514169156544,0.0,-0.045778355146000566,0.0
6.332,-0.03076721375507907,0.0,-0.3796008002856261,0.0,-0.040851575301927734,0.0
6.3340000000000005,-0.031526493770706945,0.0,-0.37967757070460906,0.0,-0.035917665755098166,0.0
6.336,-0.0322859174546622,0.0,-0.37974446627844854,0.0,-0.030976750922643764,0.0
6.338,-0.03304546504332764,0.0,-0.3798014731212699,0.0,-0.026028955556763017,0.0
6.34,-0.03380511674556348,0.0,-0.37984857759703555,0.0,-0.021074404741679348,0.0
6.3420000000000005,-0.03456485274320854,0.0,-0.37988576632020543,0.0,-0.01611322389056749,0.0
6.344,-0.03532465319158079,0.0,-0.37991302615639266,0.0,-0.011145538742479644,0.0
6.346,-0.03608449821998192,0.0,-0.37993034422301153,0.0,-0.006171475359242479,0.0
6.348,-0.036844367932200535,0.0,-0.3799377078899202,0.0,-0.0011911601223581203,0.0
6.3500000000000005,-0.037604242407018436,0.0,-0.37993510478005676,0.0,0.0037952802701179678,0.0
6.352,-0.03836410169871535,0.0,-0.3799225227700699,0.0,0.008787718806692796,0.0
6.354,-0.03912392583758009,0.0,-0.3798999499909417,0.0,0.013786028165598652,0.0
6.356,-0.03988369483041776,0.0,-0.3798673748286051,0.0,0.018790080717932423,0.0
6.3580000000000005,-0.040643388661061076,0.0,-0.37982478592455615,0.0,0.02379974853082653,0.0
6.36,-0.04140298729088099,0.0,-0.3797721721764574,0.0,0.028814903370619344,0.0
6.362,-0.04216247065930124,0.0,-0.3797095227387368,0.0,0.03383541670605458,0.0
6.364,-0.04292181868431145,0.0,-0.37963682702318013,0.0,0.03886115971147494,0.0
6.3660000000000005,-0.04368101126298314,0.0,-0.3795540746995157,0.0,0.0438920032700402,0.0
6.368,-0.04444002827198418,0.0,-0.3794612556959946,0.0,0.04892781797693657,0.0
6.37,-0.04519884956809921,0.0,-0.3793583601999626,0.0,0.053968474142631034,0.0
6.372,-0.045957454988747704,0.0,-0.379245378658426,0.0,0.05901384179611355,0.0
6.3740000000000006,-0.04671582435250193,0.0,-0.3791223017786129,0.0,0.06406379068814189,0.0
6.376,-0.04747393745960984,0.0,-0.3789891205285245,0.0,0.06911819029452335,0.0
6.378,-0.048231774092516055,0.0,-0.37884582613748335,0.0,0.07417690981938768,0.0
6.38,-0.048989314016387224,0.0,-0.3786924100966716,0.0,0.07923981819849288,0.0
6.382000000000001,-0.0497465369796331,0.0,-0.3785288641596668,0.0,0.084306784102506,0.0
6.384,-0.050503422714433394,0.0,-0.37835518034296683,0.0,0.08937767594032658,0.0
6.386,-0.051259950937265736,0.0,-0.3781713509265104,0.0,0.09445236186242109,0.0
6.388,-0.052016101349429446,0.0,-0.3779773684541919,0.0,0.09953070976413336,0.0
6.390000000000001,-0.05277185363757858,0.0,-0.3777732257343659,0.0,0.10461258728906114,0.0
6.392,-0.053527187474245196,0.0,-0.37755891584035106,0.0,0.10969786183236954,0.0
6.394,-0.05428208251837693,0.0,-0.37733443211091877,0.0,0.11478640054420644,0.0
6.396,-0.055036518415862275,0.0,-0.3770997681507843,0.0,0.11987807033303724,0.0
6.398000000000001,-0.055790474800067574,0.0,-0.37685491783108344,0.0,0.12497273786906316,0.0
6.4,-0.05654393129236665,0.0,-0.3765998752898478,0.0,0.13007026958759352,0.0
6.402,-0.05729686750267673,0.0,-0.37633463493247055,0.0,0.13517053169246407,0.0
6.404,-0.05804926302999508,0.0,-0.3760591914321649,0.0,0.1402733901594642,0.0
6.406,-0.0588010974629316,0.0,-0.375773539730419,0.0,0.14537871073974026,0.0
6.408,-0.05955235038025029,0.0,-0.3754776750374388,0.0,0.15048635896326376,0.0
6.41,-0.0603030013514011,0.0,-0.3751715928325907,0.0,0.15559620014223596,0.0
6.412,-0.061053029937065836,0.0,-0.37485528886482955,0.0,0.16070809937459438,0.0
6.414,-0.061802415689691595,0.0,-0.37452875915312756,0.0,0.1658219215474367,0.0
6.416,-0.06255113815403579,0.0,-0.3741919999868888,0.0,0.170937531340527,0.0
6.418,-0.06329917686770392,0.0,-0.3738450079263634,0.0,0.17605479322975798,0.0
6.42,-0.06404651136169316,0.0,-0.3734877798030511,0.0,0.18117357149065513,0.0
6.422,-0.06479312116093679,0.0,-0.3731203127200963,0.0,0.18629373020189116,0.0
6.424,-0.06553898578484484,0.0,-0.3727426040526819,0.0,0.1914151332487781,0.0
6.426,-0.06628408474785054,0.0,-0.37235465144840946,0.0,0.19653764432680343,0.0
6.428,-0.06702839755995457,0.0,-0.3719564528276772,0.0,0.20166112694515367,0.0
6.43,-0.06777190372727304,0.0,-0.37154800638404717,0.0,0.20678544443026922,0.0
6.432,-0.0685145827525811,0.0,-0.3711293105846093,0.0,0.2119104599293714,0.0
6.434,-0.06925641413586196,0.0,-0.37070036417033553,0.0,0.21703603641403094,0.0
6.436,-0.06999737737485638,0.0,-0.3702611661564261,0.0,0.22216203668374468,0.0
6.438,-0.07073745196560811,0.0,-0.36981171583265304,0.0,0.22728832336948537,0.0
6.44,-0.07147661740301776,0.0,-0.36935201276368973,0.0,0.23241475893731708,0.0
6.442,-0.07221485318138689,0.0,-0.36888205678944225,0.0,0.2375412056919435,0.0
6.444,-0.07295213879497596,0.0,-0.36840184802536274,0.0,0.24266752578035852,0.0
6.446,-0.07368845373854965,0.0,-0.3679113868627665,0.0,0.24779358119541117,0.0
6.448,-0.07442377750793336,0.0,-0.36741067396913213,0.0,0.25291923377945336,0.0
6.45,-0.07515808960056229,0.0,-0.36689971028840224,0.0,0.25804434522793934,0.0
6.452,-0.07589136951603637,0.0,-0.366378497041273,0.0,0.2631687770930691,0.0
6.454,-0.07662359675667527,0.0,-0.3658470357254742,0.0,0.2682923907874374,0.0
6.456,-0.07735475082806997,0.0,-0.3653053281160494,0.0,0.27341504758766166,0.0
6.458,-0.07808481123963959,0.0,-0.36475337626562043,0.0,0.2785366086380505,0.0
6.46,-0.07881375750518574,0.0,-0.36419118250465077,0.0,0.2836569349542593,0.0
6.462,-0.07954156914345048,0.0,-0.3636187494416964,0.0,0.2887758874269745,0.0
6.464,-0.08026822567866992,0.0,-0.363036079963656,0.0,0.29389332682557107,0.0
6.466,-0.08099370664113235,0.0,-0.36244317723600683,0.0,0.29900911380180595,0.0
6.468,-0.08171799156773735,0.0,-0.36184004470303616,0.0,0.30412310889352157,0.0
6.47,-0.08244106000255058,0.0,-0.36122668608806796,0.0,0.3092351725283246,0.0
6.472,-0.08316289149736408,0.0,-0.36060310539367746,0.0,0.31434516502730414,0.0
6.474,-0.08388346561225397,0.0,-0.3599693069019018,0.0,0.31945294660873935,0.0
6.476,-0.0846027619161415,0.0,-0.35932529517443945,0.0,0.32455837739183097,0.0
6.478,-0.08532075998734923,0.0,-0.3586710750528489,0.0,0.3296613174004054,0.0
6.48,-0.0860374394141648,0.0,-0.35800665165873097,0.0,0.33476162656667374,0.0
6.482,-0.08675277979539778,0.0,-0.35733203039391204,0.0,0.33985916473494726,0.0
6.484,-0.08746676074094172,0.0,-0.3566472169406148,0.0,0.34495379166539375,0.0
6.486,-0.08817936187233666,0.0,-0.355952217261621,0.0,0.3500453670378001,0.0
6.488,-0.08889056282332747,0.0,-0.35524703760043164,0.0,0.3551337504553089,0.0
6.49,-0.08960034324042726,0.0,-0.35453168448141437,0.0,0.36021880144819735,0.0
6.492,-0.09030868278347841,0.0,-0.3538061647099465,0.0,0.3653003794776397,0.0
6.494,-0.09101556112621663,0.0,-0.3530704853725476,0.0,0.3703783439394984,0.0
6.496,-0.09172095795683055,0.0,-0.3523246538370091,0.0,0.3754525541680849,0.0
6.498,-0.09242485297852561,0.0,-0.3515686777525122,0.0,0.3805228694399564,0.0
6.5,-0.09312722591008862,0.0,-0.3508025650497378,0.0,0.3855891489777216,0.0
6.502,-0.09382805648644792,0.0,-0.35002632394097427,0.0,0.3906512519538168,0.0
6.5040000000000004,-0.09452732445923857,0.0,-0.3492399629202116,0.0,0.3957090374943254,0.0
6.506,-0.09522500959736488,0.0,-0.3484434907632311,0.0,0.4007623646827788,0.0
6.508,-0.095921091687566,0.0,-0.34763691652768475,0.0,0.405811092563986,0.0
6.51,-0.09661555053497652,0.0,-0.346820249553173,0.0,0.410855080147829,0.0
6.5120000000000005,-0.09730836596369401,0.0,-0.3459934994613054,0.0,0.4158941864131144,0.0
6.514,-0.09799951781733998,0.0,-0.3451566761557643,0.0,0.42092827031137964,0.0
6.516,-0.09868898595962582,0.0,-0.3443097898223516,0.0,0.4259571907707405,0.0
6.518,-0.09937675027491631,0.0,-0.3434528509290347,0.0,0.43098080669972383,0.0
6.5200000000000005,-0.10006279066879571,0.0,-0.3425858702259778,0.0,0.43599897699112455,0.0
6.522,-0.10074708706862935,0.0,-0.3417088587455741,0.0,0.441011560525833,0.0
6.524,-0.10142961942412976,0.0,-0.3408218278024639,0.0,0.4460184161766988,0.0
6.526,-0.1021103677079222,0.0,-0.3399247889935443,0.0,0.4510194028123954,0.0
6.5280000000000005,-0.10278931191610685,0.0,-0.33901775419797847,0.0,0.45601437930126454,0.0
6.53,-0.10346643206882425,0.0,-0.3381007355771897,0.0,0.46100320451518717,0.0
6.532,-0.10414170821082144,0.0,-0.3371737455748487,0.0,0.4659857373334651,0.0
6.534,-0.10481512041201385,0.0,-0.3362367969168591,0.0,0.4709618366466737,0.0
6.5360000000000005,-0.10548664876805121,0.0,-0.33528990261132813,0.0,0.47593136136055025,0.0
6.538,-0.10615627340088125,0.0,-0.3343330759485341,0.0,0.48089417039987004,0.0
6.54,-0.10682397445931567,0.0,-0.3333663305008808,0.0,0.48585012271234007,0.0
6.542,-0.10748973211959141,0.0,-0.33238968012285397,0.0,0.49079907727246663,0.0
6.5440000000000005,-0.1081535265859381,0.0,-0.3314031389509568,0.0,0.4957408930854702,0.0
6.546,-0.10881533809113898,0.0,-0.3304067214036506,0.0,0.5006754291911566,0.0
6.548,-0.10947514689709666,0.0,-0.3294004421812786,0.0,0.5056025446678274,0.0
6.55,-0.11013293329539574,0.0,-0.32838431626598624,0.0,0.5105220986361735,0.0
6.5520000000000005,-0.11078867760786812,0.0,-0.32735835892162957,0.0,0.5154339502631902,0.0
6.554,-0.11144236018715384,0.0,-0.32632258569368344,0.0,0.5203379587660648,0.0
6.556,-0.11209396141726537,0.0,-0.32527701240913537,0.0,0.525233983416094,0.0
6.558,-0.11274346171415182,0.0,-0.3242216551763698,0.0,0.5301218835426041,0.0
6.5600000000000005,-0.11339084152625917,0.0,-0.3231565303850541,0.0,0.5350015185368466,0.0
6.562,-0.11403608133509424,0.0,-0.32208165470600697,0.0,0.5398727478559251,0.0
6.564,-0.11467916165578619,0.0,-0.3209970450910645,0.0,0.5447354310267094,0.0
6.566,-0.11532006303764997,0.0,-0.31990271877293386,0.0,0.5495894276497671,0.0
6.5680000000000005,-0.11595876606474548,0.0,-0.31879869326504645,0.0,0.554434597403268,0.0
6.57,-0.11659525135643996,0.0,-0.3176849863613963,0.0,0.5592708000469159,0.0
6.572,-0.11722949956797041,0.0,-0.31656161613637096,0.0,0.5640978954258877,0.0
6.574,-0.1178614913910012,0.0,-0.31542860094458197,0.0,0.5689157434747372,0.0
6.5760000000000005,-0.11849120755418806,0.0,-0.3142859594206751,0.0,0.5737242042213535,0.0
6.578,-0.11911862882373289,0.0,-0.3131337104791497,0.0,0.5785231377908545,0.0
6.58,-0.11974373600394926,0.0,-0.3119718733141481,0.0,0.5833124044095641,0.0
6.582,-0.12036650993781654,0.0,-0.3108004673992605,0.0,0.5880918644089085,0.0
6.5840000000000005,-0.12098693150754196,0.0,-0.3096195124873014,0.0,0.5928613782293786,0.0
6.586,-0.1216049816351163,0.0,-0.3084290286100952,0.0,0.597620806424445,0.0
6.588,-0.1222206412828729,0.0,-0.3072290360782433,0.0,0.602370009664506,0.0
6.59,-0.12283389145404591,0.0,-0.30601955548088283,0.0,0.6071088487408328,0.0
6.5920000000000005,-0.1234447131933251,0.0,-0.30480060768544737,0.0,0.611837184569492,0.0
6.594,-0.12405308758741336,0.0,-0.30357221383740907,0.0,0.6165548781952956,0.0
6.596,-0.12465899576558216,0.0,-0.3023343953600197,0.0,0.6212617907957376,0.0
6.598,-0.12526241890022805,0.0,-0.30108717395403706,0.0,0.6259577836849443,0.0
6.6000000000000005,-0.12586333820742535,0.0,-0.2998305715974536,0.0,0.6306427183175988,0.0
6.602,-0.12646173494748117,0.0,-0.29856461054520866,0.0,0.6353164562928907,0.0
6.604,-0.1270575904254905,0.0,-0.2972893133288923,0.0,0.639978859358467,0.0
6.606,-0.12765088599188637,0.0,-0.29600470275645174,0.0,0.644629789414352,0.0
6.6080000000000005,-0.12824160304299567,0.0,-0.2947108019118733,0.0,0.6492691085169155,0.0
6.61,-0.12882972302158638,0.0,-0.29340763415487825,0.0,0.6538966788827786,0.0
6.612,-0.12941522741742406,0.0,-0.29209522312058356,0.0,0.6585123628927962,0.0
6.614,-0.12999809776781773,0.0,-0.29077359271918246,0.0,0.6631160230959612,0.0
6.6160000000000005,-0.1305783156581731,0.0,-0.2894427671355946,0.0,0.6677075222133716,0.0
6.618,-0.13115586272253899,0.0,-0.2881027708291248,0.0,0.6722867231421487,0.0
6.62,-0.131730720644157,0.0,-0.28675362853310477,0.0,0.6768534889593845,0.0
6.622,-0.13230287115601017,0.0,-0.28539536525452547,0.0,0.6814076829260884,0.0
6.6240000000000006,-0.13287229604136777,0.0,-0.28402800627367186,0.0,0.6859491684911063,0.0
6.626,-0.13343897713433298,0.0,-0.2826515771437388,0.0,0.6904778092950666,0.0
6.628,-0.13400289632038764,0.0,-0.28126610369044625,0.0,0.6949934691743114,0.0
6.63,-0.13456403553693824,0.0,-0.2798716120116389,0.0,0.6994960121648379,0.0
6.632000000000001,-0.13512237677385772,0.0,-0.2784681284768902,0.0,0.703985302506216,0.0
6.634,-0.1356779020740296,0.0,-0.2770556797270872,0.0,0.7084612046455251,0.0
6.636,-0.13623059353389108,0.0,-0.27563429267400896,0.0,0.7129235832412909,0.0
6.638,-0.13678043330397213,0.0,-0.27420399449990707,0.0,0.7173723031673936,0.0
6.640000000000001,-0.13732740358943912,0.0,-0.2727648126570614,0.0,0.7218072295170186,0.0
6.642,-0.13787148665063007,0.0,-0.2713167748673502,0.0,0.7262282276065428,0.0
6.644,-0.13841266480359848,0.0,-0.2698599091217851,0.0,0.7306351629794987,0.0
6.646,-0.138950920420647,0.0,-0.2683942436800658,0.0,0.7350279014104572,0.0
6.648000000000001,-0.13948623593086723,0.0,-0.26691980707010404,0.0,0.739406308908969,0.0
6.65,-0.1400185938206733,0.0,-0.2654366280875573,0.0,0.7437702517234599,0.0
6.652,-0.14054797663433827,0.0,-0.2639447357953446,0.0,0.7481195963451509,0.0
6.654,-0.14107436697452866,0.0,-0.2624441595231526,0.0,0.7524542095119748,0.0
6.656000000000001,-0.14159774750283585,0.0,-0.26093492886694586,0.0,0.7567739582124661,0.0
6.658,-0.14211810094030924,0.0,-0.2594170736884566,0.0,0.7610787096896742,0.0
6.66,-0.1426354100679868,0.0,-0.2578906241146746,0.0,0.76536833144506,0.0
6.662,-0.14314965772742624,0.0,-0.2563556105373215,0.0,0.7696426912424035,0.0
6.664,-0.14366082682123166,0.0,-0.25481206361233016,0.0,0.773901657111677,0.0
6.666,-0.14416890031358426,0.0,-0.25326001425929995,0.0,0.7781450973529616,0.0
6.668,-0.14467386123076637,0.0,-0.25169949366095973,0.0,0.7823728805403104,0.0
6.67,-0.14517569266168878,0.0,-0.25013053326261336,0.0,0.7865848755256453,0.0
6.672,-0.14567437775841577,0.0,-0.24855316477157618,0.0,0.790780951442642,0.0
6.674,-0.14616989973668684,0.0,-0.2469674201566145,0.0,0.7949609777105919,0.0
6.676,-0.1466622418764404,0.0,-0.24537333164736633,0.0,0.7991248240382858,0.0
6.678,-0.14715138752233417,0.0,-0.24377093173376047,0.0,0.8032723604278755,0.0
6.68,-0.1476373200842664,0.0,-0.24216025316542114,0.0,0.8074034571787508,0.0
6.682,-0.14812002303789298,0.0,-0.24054132895107705,0.0,0.8115179848913832,0.0
6.684,-0.14859947992514574,0.0,-0.23891419235795153,0.0,0.8156158144711894,0.0
6.686,-0.14907567435474983,0.0,-0.23727887691114538,0.0,0.8196968171323924,0.0
6.688,-0.14954859000273693,0.0,-0.2356354163930239,0.0,0.8237608644018498,0.0
6.69,-0.15001821061296156,0.0,-0.23398384484257662,0.0,0.8278078281229188,0.0
6.692,-0.1504845199976102,0.0,-0.23232419655479514,0.0,0.8318375804592633,0.0
6.694,-0.15094750203771692,0.0,-0.23065650608001187,0.0,0.8358499938987252,0.0
6.696,-0.15140714068366987,0.0,-0.22898080822326217,0.0,0.8398449412571183,0.0
6.698,-0.15186341995572236,0.0,-0.22729713804361368,0.0,0.8438222956820767,0.0
6.7,-0.1523163239444986,0.0,-0.22560553085350743,0.0,0.8477819306568527,0.0
6.702,-0.1527658368115005,0.0,-0.22390602221807937,0.0,0.8517237200041394,0.0
6.704,-0.1532119427896131,0.0,-0.2221986479544734,0.0,0.8556475378898829,0.0
6.706,-0.1536546261836065,0.0,-0.22048344413115922,0.0,0.8595532588270708,0.0
6.708,-0.1540938713706386,0.0,-0.21876044706722872,0.0,0.8634407576795364,0.0
6.71,-0.15452966280075536,0.0,-0.21702969333169364,0.0,0.8673099096657454,0.0
6.712,-0.1549619849973908,0.0,-0.21529121974276716,0.0,0.8711605903625892,0.0
6.714,-0.15539082255786327,0.0,-0.2135450633671508,0.0,0.8749926757091483,0.0
6.716,-0.15581616015387234,0.0,-0.21179126151930272,0.0,0.8788060420104742,0.0
6.718,-0.1562379825319944,0.0,-0.210029851760698,0.0,0.8826005659413588,0.0
6.72,-0.15665627451417447,0.0,-0.20826087189909295,0.0,0.8863761245500841,0.0
6.722,-0.15707102099821904,0.0,-0.2064843599877697,0.0,0.8901325952621821,0.0
6.724,-0.1574822069582856,0.0,-0.20470035432478,0.0,0.8938698558841783,0.0
6.726,-0.1578898174453729,0.0,-0.20290889345217467,0.0,0.8975877846073418,0.0
6.728,-0.15829383758780594,0.0,-0.20111001615523924,0.0,0.9012862600114018,0.0
6.73,-0.15869425259172404,0.0,-0.19930376146170317,0.0,0.9049651610682927,0.0
6.732,-0.15909104774156277,0.0,-0.1974901686409604,0.0,0.9086243671458591,0.0
6.734,-0.15948420840053779,0.0,-0.19566927720327043,0.0,0.912263758011574,0.0
6.736,-0.159873720011126,0.0,-0.19384112689895094,0.0,0.9158832138362517,0.0
6.738,-0.16025956809554376,0.0,-0.19200575771757583,0.0,0.9194826151977336,0.0
6.74,-0.16064173825622516,0.0,-0.19016320988715152,0.0,0.9230618430845855,0.0
6.742,-0.16102021617629805,0.0,-0.18831352387329509,0.0,0.9266207788997792,0.0
6.744,-0.16139498762005897,0.0,-0.18645674037839602,0.0,0.9301593044643763,0.0
6.746,-0.16176603843344475,0.0,-0.1845929003407847,0.0,0.9336773020211829,0.0
6.748,-0.162133354544504,0.0,-0.18272204493388106,0.0,0.9371746542384153,0.0
6.75,-0.16249692196386725,0.0,-0.18084421556533606,0.0,0.940651244213362,0.0
6.752,-0.16285672678521318,0.0,-0.17895945387617795,0.0,0.9441069554760113,0.0
6.7540000000000004,-0.1632127551857355,0.0,-0.17706780173993816,0.0,0.9475416719926987,0.0
6.756,-0.16356499342660646,0.0,-0.17516930126177732,0.0,0.9509552781697296,0.0
6.758,-0.16391342785344007,0.0,-0.17326399477759621,0.0,0.9543476588570069,0.0
6.76,-0.1642580448967515,0.0,-0.17135192485315492,0.0,0.957718699351628,0.0
6.7620000000000005,-0.16459883107241724,0.0,-0.16943313428316353,0.0,0.9610682854015037,0.0
6.764,-0.16493577298213075,0.0,-0.16750766609038656,0.0,0.9643963032089368,0.0
6.766,-0.1652688573138586,0.0,-0.16557556352472522,0.0,0.967702639434216,0.0
6.768,-0.16559807084229336,0.0,-0.16363687006230074,0.0,0.9709871811991885,0.0
6.7700000000000005,-0.16592340042930584,0.0,-0.16169162940452167,0.0,0.974249816090834,0.0
6.772,-0.16624483302439355,0.0,-0.1597398854771588,0.0,0.9774904321648099,0.0
6.774,-0.1665623556651292,0.0,-0.15778168242940005,0.0,0.9807089179490085,0.0
6.776,-0.16687595547760697,0.0,-0.15581706463289796,0.0,0.9839051624470995,0.0
6.7780000000000005,-0.16718561967688564,0.0,-0.1538460766808236,0.0,0.9870790551420505,0.0
6.78,-0.16749133556743082,0.0,-0.15186876338689942,0.0,0.99023048599965,0.0
6.782,-0.16779309054355596,0.0,-0.14988516978442656,0.0,0.9933593454720274,0.0
6.784,-0.16809087208985932,0.0,-0.14789534112531685,0.0,0.9964655245011406,0.0
6.7860000000000005,-0.16838466778166114,0.0,-0.14589932287910412,0.0,0.9995489145222752,0.0
6.788,-0.16867446528543698,0.0,-0.1438971607319567,0.0,1.00260940746752,0.0
6.79,-0.16896025235925136,0.0,-0.1418889005856748,0.0,1.005646895769248,0.0
6.792,-0.1692420168531864,0.0,-0.13987458855669646,0.0,1.0086612723635628,0.0
6.7940000000000005,-0.16951974670977157,0.0,-0.13785427097507516,0.0,1.0116524306937642,0.0
6.796,-0.16979342996440872,0.0,-0.135827994383472,0.0,1.014620264713775,0.0
6.798,-0.170063054745797,0.0,-0.1337958055361254,0.0,1.017564668891579,0.0
6.8,-0.17032860927635454,0.0,-0.13175775139782234,0.0,1.0204855382126343,0.0
6.8020000000000005,-0.1705900818726392,0.0,-0.12971387914285404,0.0,1.0233827681832903,0.0
6.804,-0.1708474609457655,0.0,-0.12766423615397982,0.0,1.0262562548341743,0.0
6.806,-0.17110073500182132,0.0,-0.12560887002137067,0.0,1.029105894723583,0.0
6.808,-0.17134989264228156,0.0,-0.12354782854154601,0.0,1.0319315849408623,0.0
6.8100000000000005,-0.17159492256441947,0.0,-0.12148115971631718,0.0,1.0347332231097641,0.0
6.812,-0.17183581356171615,0.0,-0.11940891175170928,0.0,1.0375107073918013,0.0
6.814,-0.17207255452426828,0.0,-0.11733113305688547,0.0,1.0402639364895925,0.0
6.816,-0.17230513443919315,0.0,-0.1152478722430551,0.0,1.0429928096501924,0.0
6.8180000000000005,-0.17253354239103158,0.0,-0.11315917812239093,0.0,1.0456972266684066,0.0
6.82,-0.17275776756214847,0.0,-0.11106509970692541,0.0,1.048377087890098,0.0
6.822,-0.17297779923313217,0.0,-0.10896568620744104,0.0,1.0510322942154922,0.0
6.824,-0.17319362678319006,0.0,-0.10686098703236878,0.0,1.0536627471024456,0.0
6.8260000000000005,-0.1734052396905436,0.0,-0.10475105178665595,0.0,1.056268348569734,0.0
6.828,-0.17361262753281895,0.0,-0.10263593027065933,0.0,1.0588490012002911,0.0
6.83,-0.17381577998743813,0.0,-0.10051567247899228,0.0,1.0614046081444795,0.0
6.832,-0.17401468683200533,0.0,-0.09839032859940497,0.0,1.0639350731233062,0.0
6.8340000000000005,-0.17420933794469265,0.0,-0.0962599490116261,0.0,1.0664403004316578,0.0
6.836,-0.17439972330462256,0.0,-0.09412458428622263,0.0,1.0689201949415028,0.0
6.838,-0.1745858329922484,0.0,-0.09198428518343779,0.0,1.071374662105092,0.0
6.84,-0.17476765718973303,0.0,-0.08983910265202288,0.0,1.0738036079581474,0.0
6.8420000000000005,-0.17494518618132407,0.0,-0.08768908782807616,0.0,1.0762069391230276,0.0
6.844,-0.17511841035372774,0.0,-0.08553429203386033,0.0,1.07858456281189,0.0
6.846,-0.17528732019648005,0.0,-0.08337476677662302,0.0,1.0809363868298374,0.0
6.848,-0.17545190630231547,0.0,-0.08121056374740135,0.0,1.083262319578054,0.0
6.8500000000000005,-0.17561215936753344,0.0,-0.07904173481983613,0.0,1.0855622700569205,0.0
6.852,-0.17576807019236196,0.0,-0.07686833204896551,0.0,1.087836147869121,0.0
6.854,-0.1759196296813199,0.0,-0.07469040767001281,0.0,1.0900838632227436,0.0
6.856,-0.17606682884357544,0.0,-0.07250801409718338,0.0,1.0923053269343506,0.0
6.8580000000000005,-0.17620965879330347,0.0,-0.07032120392243069,0.0,1.0945004504320548,0.0
6.86,-0.17634811075003906,0.0,-0.06813002991424871,0.0,1.0966691457585593,0.0
6.862,-0.17648217603903013,0.0,-0.06593454501641804,0.0,1.0988113255742127,0.0
6.864,-0.17661184609158634,0.0,-0.0637348023467862,0.0,1.1009269031600204,0.0
6.8660000000000005,-0.17673711244542606,0.0,-0.061530855196009274,0.0,1.1030157924206654,0.0
6.868,-0.17685796674502066,0.0,-0.059322757026312435,0.0,1.1050779078874977,0.0
6.87,-0.17697440074193663,0.0,-0.05711056147022914,0.0,1.107113164721522,0.0
6.872,-0.17708640629517464,0.0,-0.054894322329333854,0.0,1.1091214787163681,0.0
6.8740000000000006,-0.1771939753715066,0.0,-0.052674093572983506,0.0,1.1111027663012387,0.0
6.876,-0.1772971000458098,0.0,-0.05044992933703699,0.0,1.113056944543856,0.0
6.878,-0.17739577250139874,0.0,-0.048221883922578396,0.0,1.1149839311533831,0.0
6.88,-0.17748998503035415,0.0,-0.04599001179462483,0.0,1.1168836444833379,0.0
6.882000000000001,-0.17757973003384978,0.0,-0.04375436758084437,0.0,1.1187560035344863,0.0
6.884,-0.17766500002247615,0.0,-0.04151500607025393,0.0,1.1206009279577243,0.0
6.886,-0.1777457876165621,0.0,-0.03927198221191132,0.0,1.1224183380569468,0.0
6.888,-0.17782208554649362,0.0,-0.03702535111361757,0.0,1.124208154791895,0.0
6.890000000000001,-0.17789388665302994,0.0,-0.03477516804058802,0.0,1.1259702997809975,0.0
6.892,-0.17796118388761695,0.0,-0.0325214884141513,0.0,1.1277046953041845,0.0
6.894,-0.17802397031269826,0.0,-0.03026436781040115,0.0,1.1294112643057024,0.0
6.896,-0.17808223910202334,0.0,-0.02800386195888418,0.0,1.1310899303968964,0.0
6.898000000000001,-0.17813598354095309,0.0,-0.025740026741248496,0.0,1.1327406178589925,0.0
6.9,-0.17818519702676255,0.0,-0.023472918189912387,0.0,1.1343632516458482,0.0
6.902,-0.1782298730689415,0.0,-0.02120259248671144,0.0,1.1359577573867052,0.0
6.904,-0.17827000528949147,0.0,-0.01892910596154039,0.0,1.1375240613889137,0.0
6.906000000000001,-0.1783055874232209,0.0,-0.016652515091003628,0.0,1.1390620906406437,0.0
6.908,-0.1783366133180367,0.0,-0.014372876497044579,0.0,1.140571772813581,0.0
6.91,-0.17836307693523423,0.0,-0.012090246945579156,0.0,1.1420530362656098,0.0
6.912,-0.1783849723497832,0.0,-0.009804683345114237,0.0,1.1435058100434778,0.0
6.914,-0.17840229375061206,0.0,-0.00751624274537855,0.0,1.1449300238854394,0.0
6.916,-0.1784150354408885,0.0,-0.005224982335924236,0.0,1.1463256082238928,0.0
6.918,-0.17842319183829816,0.0,-0.00293095944474709,0.0,1.1476924941879916,0.0
6.92,-0.17842675747532002,0.0,-0.0006342315368857085,0.0,1.1490306136062447,0.0
6.922,-0.1784257269994987,0.0,0.0016651437869846936,0.0,1.1503398990091014,0.0
6.924,-0.17842009517371504,0.0,0.003967108791949031,0.0,1.1516202836315135,0.0
6.926,-0.17840985687645242,0.0,0.0062716056102703616,0.0,1.1528717014154846,0.0
6.928,-0.17839500710206163,0.0,0.00857857624280331,0.0,1.1540940870126062,0.0
6.93,-0.17837554096102162,0.0,0.010887962560422182,0.0,1.155287375786569,0.0
6.932,-0.1783514536801988,0.0,0.013199706305438076,0.0,1.1564515038156633,0.0
6.934,-0.1783227406031021,0.0,0.01551374909303526,0.0,1.157586407895259,0.0
6.936,-0.1782893971901359,0.0,0.01783003241271274,0.0,1.1586920255402726,0.0
6.938,-0.1782514190188503,0.0,0.02014849762971449,0.0,1.1597682949876107,0.0
6.94,-0.17820880178418777,0.0,0.022469085986490486,0.0,1.1608151551986026,0.0
6.942,-0.17816154129872774,0.0,0.024791738604128283,0.0,1.1618325458614087,0.0
6.944,-0.17810963349292724,0.0,0.027116396483832052,0.0,1.1628204073934216,0.0
6.946,-0.17805307441535997,0.0,0.02944300050836384,0.0,1.1637786809436372,0.0
6.948,-0.1779918602329509,0.0,0.03177149144352376,0.0,1.1647073083950181,0.0
6.95,-0.17792598723120936,0.0,0.034101809939608804,0.0,1.1656062323668324,0.0
6.952,-0.17785545181445853,0.0,0.03643389653289289,0.0,1.1664753962169816,0.0
6.954,-0.1777802505060614,0.0,0.03876769164711105,0.0,1.167314744044304,0.0
6.956,-0.17770037994864513,0.0,0.04110313559493402,0.0,1.1681242206908633,0.0
6.958,-0.17761583690432134,0.0,0.04344016857946341,0.0,1.1689037717442203,0.0
6.96,-0.1775266182549038,0.0,0.04577873069572169,0.0,1.1696533435396828,0.0
6.962,-0.17743272100212268,0.0,0.04811876193215641,0.0,1.170372883162541,0.0
6.964,-0.1773341422678371,0.0,0.05046020217213271,0.0,1.171062338450283,0.0
6.966,-0.17723087929424305,0.0,0.05280299119544464,0.0,1.1717216579947898,0.0
6.968,-0.1771229294440791,0.0,0.0551470686798312,0.0,1.1723507911445186,0.0
6.97,-0.17701029020082928,0.0,0.057492374202481746,0.0,1.172949688006658,0.0
6.972,-0.17689295916892261,0.0,0.059838847241562215,0.0,1.1735182994492728,0.0
6.974,-0.17677093407392955,0.0,0.06218642717773559,0.0,1.1740565771034264,0.0
6.976,-0.1766442127627551,0.0,0.06453505329569673,0.0,1.1745644733652836,0.0
6.978,-0.1765127932038301,0.0,0.06688466478569309,0.0,1.175041941398198,0.0
6.98,-0.17637667348729746,0.0,0.06923520074507425,0.0,1.1754889351347773,0.0
6.982,-0.17623585182519746,0.0,0.07158660017982107,0.0,1.17590540927893,0.0
6.984,-0.17609032655164858,0.0,0.07393880200609532,0.0,1.176291319307897,0.0
6.986,-0.17594009612302494,0.0,0.07629174505179302,0.0,1.1766466214742566,0.0
6.988,-0.1757851591181324,0.0,0.0786453680580876,0.0,1.1769712728079178,0.0
6.99,-0.17562551423837958,0.0,0.08099960968099275,0.0,1.1772652311180902,0.0
6.992,-0.1754611603079473,0.0,0.08335440849291992,0.0,1.177528454995235,0.0
6.994,-0.1752920962739532,0.0,0.08570970298424932,0.0,1.1777609038129968,0.0
6.996,-0.17511832120661552,0.0,0.0880654315648883,0.0,1.177962537730119,0.0
6.998,-0.17493983429941176,0.0,0.09042153256584838,0.0,1.1781333176923323,0.0
7.0,-0.17475663486923448,0.0,0.09277794424082592,0.0,1.1782732054342318,0.0
7.002,-0.17456872235654536,0.0,0.09513460476777201,0.0,1.1783821634811287,0.0
7.0040000000000004,-0.1743760963255245,0.0,0.09749145225048236,0.0,1.178460155150885,0.0
7.006,-0.17417875646421732,0.0,0.09984842472018066,0.0,1.1785071445557271,0.0
7.008,-0.17397670258467748,0.0,0.1022054601371159,0.0,1.1785230966040403,0.0
7.01,-0.17376993462310866,0.0,0.10456249639214493,0.0,1.1785079770021432,0.0
7.0120000000000005,-0.1735584526400001,0.0,0.1069194713083433,0.0,1.1784617522560414,0.0
7.014,-0.17334225682026172,0.0,0.10927632264259443,0.0,1.17838438967316,0.0
7.016,-0.1731213474733546,0.0,0.11163298808720154,0.0,1.1782758573640608,0.0
7.018,-0.17289572503341852,0.0,0.1139894052714916,0.0,1.1781361242441346,0.0
7.0200000000000005,-0.17266539005939563,0.0,0.11634551176343359,0.0,1.1779651600352712,0.0
7.022,-0.17243034323515277,0.0,0.11870124507124315,0.0,1.1777629352675165,0.0
7.024,-0.17219058536959883,0.0,0.12105654264500564,0.0,1.1775294212807035,0.0
7.026,-0.1719461173967986,0.0,0.12341134187830205,0.0,1.1772645902260632,0.0
7.0280000000000005,-0.17169694037608552,0.0,0.12576558010982375,0.0,1.1769684150678172,0.0
7.03,-0.17144305549216918,0.0,0.1281191946250047,0.0,1.1766408695847486,0.0
7.032,-0.17118446405523946,0.0,0.13047212265765729,0.0,1.1762819283717485,0.0
7.034,-0.17092116750106978,0.0,0.13282430139159623,0.0,1.1758915668413514,0.0
7.0360000000000005,-0.17065316739111405,0.0,0.13517566796228161,0.0,1.1754697612252378,0.0
7.038,-0.1703804654126027,0.0,0.13752615945845603,0.0,1.1750164885757268,0.0
7.04,-0.1701030633786332,0.0,0.13987571292379297,0.0,1.1745317267672353,0.0
7.042,-0.16982096322826043,0.0,0.142224265358532,0.0,1.174015454497733,0.0
7.0440000000000005,-0.16953416702657975,0.0,0.14457175372113962,0.0,1.1734676512901585,0.0
7.046,-0.16924267696481074,0.0,0.14691811492994944,0.0,1.1728882974938275,0.0
7.048,-0.16894649536037493,0.0,0.14926328586482301,0.0,1.1722773742858137,0.0
7.05,-0.16864562465697136,0.0,0.15160720336880332,0.0,1.1716348636723106,0.0
7.0520000000000005,-0.16834006742464774,0.0,0.15394980424978066,0.0,1.1709607484899671,0.0
7.054,-0.16802982635987046,0.0,0.15629102528214536,0.0,1.170255012407211,0.0
7.056,-0.16771490428558927,0.0,0.1586308032084577,0.0,1.169517639925544,0.0
7.058,-0.1673953041512985,0.0,0.16096907474111966,0.0,1.168748616380814,0.0
7.0600000000000005,-0.16707102903309723,0.0,0.16330577656403567,0.0,1.1679479279444744,0.0
7.062,-0.16674208213374342,0.0,0.16564084533429108,0.0,1.1671155616248106,0.0
7.064,-0.1664084667827068,0.0,0.16797421768382434,0.0,1.1662515052681575,0.0
7.066,-0.1660701864362159,0.0,0.17030583022111012,0.0,1.1653557475600782,0.0
7.0680000000000005,-0.16572724467730549,0.0,0.17263561953283002,0.0,1.1644282780265436,0.0
7.07,-0.16537964521585696,0.0,0.17496352218555838,0.0,1.1634690870350675,0.0
7.072,-0.16502739188863683,0.0,0.17728947472745238,0.0,1.1624781657958345,0.0
7.074,-0.16467048865933326,0.0,0.1796134136899265,0.0,1.1614555063628031,0.0
7.0760000000000005,-0.16430893961858528,0.0,0.18193527558935574,0.0,1.1604011016347782,0.0
7.078,-0.16394274898401534,0.0,0.18425499692874756,0.0,1.1593149453564826,0.0
7.08,-0.1635719211002493,0.0,0.18657251419945645,0.0,1.1581970321195751,0.0
7.082,-0.16319646043894231,0.0,0.1888877638828604,0.0,1.1570473573636788,0.0
7.0840000000000005,-0.162816371598794,0.0,0.19120068245207147,0.0,1.1558659173773616,0.0
7.086,-0.1624316593055655,0.0,0.19351120637362396,0.0,1.1546527092991132,0.0
7.088,-0.1620423284120902,0.0,0.19581927210918,0.0,1.1534077311182893,0.0
7.09,-0.1616483838982805,0.0,0.19812481611723662,0.0,1.152130981676032,0.0
7.0920000000000005,-0.16124983087113473,0.0,0.20042777485482108,0.0,1.1508224606661792,0.0
7.094,-0.16084667456473656,0.0,0.2027280847792032,0.0,1.1494821686361392,0.0
7.096,-0.1604389203402541,0.0,0.2050256823496005,0.0,1.1481101069877528,0.0
7.098,-0.16002657368593248,0.0,0.2073205040288938,0.0,1.146706277978119,0.0
7.1000000000000005,-0.15960964021708704,0.0,0.20961248628532952,0.0,1.14527068472042,0.0
7.102,-0.15918812567608984,0.0,0.21190156559423717,0.0,1.1438033311847027,0.0
7.104,-0.15876203593235272,0.0,0.2141876784397484,0.0,1.1423042221986448,0.0
7.106,-0.15833137698231042,0.0,0.21647076131650256,0.0,1.1407733634483082,0.0
7.1080000000000005,-0.15789615494939474,0.0,0.21875075073137745,0.0,1.1392107614788471,0.0
7.11,-0.15745637608401244,0.0,0.22102758320519036,0.0,1.137616423695226,0.0
7.112,-0.15701204676351085,0.0,0.2233011952744395,0.0,1.1359903583628743,0.0
7.114,-0.15656317349214902,0.0,0.22557152349300735,0.0,1.134332574608359,0.0
7.1160000000000005,-0.15610976290105788,0.0,0.22783850443389725,0.0,1.13264308242,0.0
7.118,-0.1556518217482029,0.0,0.23010207469094696,0.0,1.1309218926484905,0.0
7.12,-0.1551893569183397,0.0,0.23236217088055844,0.0,1.1291690170074753,0.0
7.122,-0.15472237542296588,0.0,0.2346187296434289,0.0,1.1273844680741094,0.0
7.1240000000000006,-0.15425088440027307,0.0,0.23687168764626923,0.0,1.1255682592896061,0.0
7.126,-0.1537748911150916,0.0,0.23912098158353878,0.0,1.123720404959746,0.0
7.128,-0.15329440295883417,0.0,0.24136654817917205,0.0,1.121840920255372,0.0
7.13,-0.15280942744943343,0.0,0.24360832418831502,0.0,1.1199298212128552,0.0
7.132000000000001,-0.15231997223128038,0.0,0.24584624639904798,0.0,1.1179871247345488,0.0
7.134,-0.15182604507515537,0.0,0.24808025163412217,0.0,1.1160128485892062,0.0
7.136,-0.15132765387815592,0.0,0.2503102767526973,0.0,1.1140070114123777,0.0
7.138,-0.15082480666362505,0.0,0.25253625865206586,0.0,1.1119696327067985,0.0
7.140000000000001,-0.15031751158106968,0.0,0.25475813426940047,0.0,1.1099007328427262,0.0
7.142,-0.1498057769060837,0.0,0.25697584058347156,0.0,1.1078003330582915,0.0
7.144,-0.14928961104025767,0.0,0.2591893146164044,0.0,1.1056684554597815,0.0
7.146,-0.14876902251109522,0.0,0.26139849343539795,0.0,1.1035051230219453,0.0
7.148000000000001,-0.1482440199719173,0.0,0.2636033141544751,0.0,1.1013103595882343,0.0
7.15,-0.1477146122017698,0.0,0.2658037139362102,0.0,1.0990841898710557,0.0
7.152,-0.14718080810532339,0.0,0.2679996299934715,0.0,1.0968266394519763,0.0
7.154,-0.1466426167127703,0.0,0.27019099959116427,0.0,1.0945377347819105,0.0
7.156000000000001,-0.14610004717972028,0.0,0.2723777600479603,0.0,1.0922175031812935,0.0
7.158,-0.14555310878709055,0.0,0.2745598487380439,0.0,1.0898659728402202,0.0
7.16,-0.1450018109409931,0.0,0.2767372030928476,0.0,1.087483172818565,0.0
7.162,-0.14444616317261721,0.0,0.2789097606027977,0.0,1.0850691330460704,0.0
7.164000000000001,-0.1438861751381122,0.0,0.28107745881904606,0.0,1.0826238843224318,0.0
7.166,-0.1433218566184627,0.0,0.28324023535521325,0.0,1.0801474583173367,0.0
7.168,-0.1427532175193611,0.0,0.2853980278891343,0.0,1.0776398875704862,0.0
7.17,-0.14218026787108015,0.0,0.2875507741645874,0.0,1.0751012054916078,0.0
7.172,-0.14160301782833576,0.0,0.2896984119930459,0.0,1.0725314463604174,0.0
7.174,-0.14102147767015336,0.0,0.2918408792554089,0.0,1.0699306453265864,0.0
7.176,-0.14043565779972486,0.0,0.29397811390374523,0.0,1.067298838409661,0.0
7.178,-0.13984556874426624,0.0,0.2961100539630318,0.0,1.0646360624989764,0.0
7.18,-0.13925122115486752,0.0,0.2982366375328981,0.0,1.0619423553535252,0.0
7.182,-0.13865262580634505,0.0,0.30035780278935675,0.0,1.0592177556018336,0.0
7.184,-0.13804979359708494,0.0,0.3024734879865468,0.0,1.0564623027417832,0.0
7.186,-0.1374427355488843,0.0,0.30458363145847644,0.0,1.0536760371404195,0.0
7.188,-0.13683146280679284,0.0,0.3066881716207517,0.0,1.050859000033753,0.0
7.19,-0.13621598663894338,0.0,0.30878704697232595,0.0,1.0480112335264988,0.0
7.192,-0.1355963184363896,0.0,0.310880196097221,0.0,1.0451327805918467,0.0
7.194,-0.1349724697129272,0.0,0.3129675576662828,0.0,1.0422236850711397,0.0
7.196,-0.13434445210492427,0.0,0.3150490704389011,0.0,1.0392839916735963,0.0
7.198,-0.1337122773711383,0.0,0.31712467326475724,0.0,1.0363137459759537,0.0
7.2,-0.13307595739253705,0.0,0.3191943050855491,0.0,1.033312994422128,0.0
7.202,-0.13243550417211147,0.0,0.321257904936729,0.0,1.0302817843228262,0.0
7.204,-0.13179092983468493,0.0,0.32331541194924174,0.0,1.0272201638551344,0.0
7.206,-0.1311422466267234,0.0,0.32536676535124764,0.0,1.024128182062101,0.0
7.208,-0.13048946691613747,0.0,0.32741190446986057,0.0,1.0210058888522768,0.0
7.21,-0.12983260319208353,0.0,0.32945076873287493,0.0,1.0178533349992414,0.0
7.212,-0.12917166806475874,0.0,0.3314832976705011,0.0,1.0146705721410907,0.0
7.214,-0.1285066742651976,0.0,0.3335094309170856,0.0,1.0114576527799293,0.0
7.216,-0.1278376346450602,0.0,0.3355291082128429,0.0,1.0082146302813118,0.0
7.218,-0.1271645621764175,0.0,0.3375422694055851,0.0,1.0049415588736625,0.0
7.22,-0.12648746995153726,0.0,0.3395488544524402,0.0,1.0016384936476936,0.0
7.222,-0.12580637118266172,0.0,0.3415488034215803,0.0,0.9983054905557727,0.0
7.224,-0.12512127920178487,0.0,0.34354205649394204,0.0,0.9949426064112836,0.0
7.226,-0.12443220746042298,0.0,0.3455285539649533,0.0,0.9915498988879441,0.0
7.228,-0.1237391695293877,0.0,0.34750823624624394,0.0,0.9881274265191329,0.0
7.23,-0.12304217909854767,0.0,0.34948104386737494,0.0,0.9846752486971504,0.0
7.232,-0.12234124997659454,0.0,0.35144691747754586,0.0,0.9811934256724926,0.0
7.234,-0.1216363960908007,0.0,0.3534057978473155,0.0,0.9776820185530813,0.0
7.236,-0.12092763148677278,0.0,0.3553576258703185,0.0,0.9741410893034631,0.0
7.238,-0.1202149703282074,0.0,0.3573023425649711,0.0,0.9705707007440114,0.0
7.24,-0.11949842689663767,0.0,0.3592398890761867,0.0,0.9669709165500793,0.0
7.242,-0.11877801559117931,0.0,0.36117020667708205,0.0,0.96334180125114,0.0
7.244,-0.11805375092827065,0.0,0.3630932367706902,0.0,0.9596834202298917,0.0
7.246,-0.11732564754141428,0.0,0.36500892089165865,0.0,0.9559958397213614,0.0
7.248,-0.11659372018091037,0.0,0.36691720070795586,0.0,0.9522791268119635,0.0
7.25,-0.11585798371358681,0.0,0.3688180180225778,0.0,0.9485333494385316,0.0
7.252,-0.11511845312253072,0.0,0.37071131477523994,0.0,0.9447585763873536,0.0
7.2540000000000004,-0.11437514350681117,0.0,0.37259703304408054,0.0,0.9409548772931524,0.0
7.256,-0.1136280700812015,0.0,0.3744751150473528,0.0,0.9371223226380604,0.0
7.258,-0.1128772481758955,0.0,0.3763455031451252,0.0,0.933260983750554,0.0
7.26,-0.11212269323622573,0.0,0.37820813984096335,0.0,0.9293709328043934,0.0
7.2620000000000005,-0.11136442082237055,0.0,0.3800629677836298,0.0,0.9254522428174976,0.0
7.264,-0.11060244660906585,0.0,0.38190992976876226,0.0,0.9215049876508357,0.0
7.266,-0.10983678638530738,0.0,0.38374896874056386,0.0,0.9175292420072649,0.0
7.268,-0.10906745605405312,0.0,0.38558002779348327,0.0,0.9135250814303622,0.0
7.2700000000000005,-0.10829447163191876,0.0,0.3874030501738994,0.0,0.9094925823032096,0.0
7.272,-0.10751784924887563,0.0,0.3892179792817924,0.0,0.9054318218471925,0.0
7.274,-0.10673760514794012,0.0,0.3910247586724222,0.0,0.9013428781207409,0.0
7.276,-0.10595375568485971,0.0,0.39282333205800546,0.0,0.8972258300180498,0.0
7.2780000000000005,-0.10516631732780077,0.0,0.39461364330937826,0.0,0.8930807572678016,0.0
7.28,-0.10437530665702807,0.0,0.3963956364576673,0.0,0.8889077404318384,0.0
7.282,-0.1035807403645806,0.0,0.3981692556959586,0.0,0.8847068609038075,0.0
7.284,-0.10278263525394969,0.0,0.39993444538095274,0.0,0.8804782009078158,0.0
7.2860000000000005,-0.1019810082397477,0.0,0.401691150034629,0.0,0.8762218434970235,0.0
7.288,-0.10117587634737678,0.0,0.4034393143458994,0.0,0.8719378725522358,0.0
7.29,-0.10036725671269134,0.0,0.40517888317226786,0.0,0.8676263727804527,0.0
7.292,-0.0995551665816632,0.0,0.40690980154147244,0.0,0.8632874297134271,0.0
7.2940000000000005,-0.0987396233100346,0.0,0.4086320146531428,0.0,0.8589211297061525,0.0
7.296,-0.09792064436297707,0.0,0.4103454678804372,0.0,0.8545275599353755,0.0
7.298,-0.09709824731474043,0.0,0.41205010677168913,0.0,0.8501068083980483,0.0
7.3,-0.09627244984830177,0.0,0.41374587705204346,0.0,0.8456589639097769,0.0
7.3020000000000005,-0.09544326975500803,0.0,0.41543272462509745,0.0,0.841184116103227,0.0
7.304,-0.09461072493422082,0.0,0.4171105955745257,0.0,0.8366823554265361,0.0
7.306,-0.09377483339295305,0.0,0.41877943616571306,0.0,0.8321537731416759,0.0
7.308,-0.09293561324550195,0.0,0.42043919284738446,0.0,0.8275984613227886,0.0
7.3100000000000005,-0.0920930827130845,0.0,0.4220898122532207,0.0,0.8230165128545303,0.0
7.312,-0.09124726012346328,0.0,0.42373124120348143,0.0,0.8184080214303562,0.0
7.314,-0.0903981639105731,0.0,0.42536342670662025,0.0,0.8137730815508043,0.0
7.316,-0.0895458126141405,0.0,0.4269863159609,0.0,0.8091117885217336,0.0
7.3180000000000005,-0.08869022487930617,0.0,0.42859985635599646,0.0,0.8044242384525736,0.0
7.32,-0.08783141945623874,0.0,0.43020399547460625,0.0,0.799710528254518,0.0
7.322,-0.0869694151997451,0.0,0.43179868109405123,0.0,0.794970755638697,0.0
7.324,-0.08610423106888423,0.0,0.4333838611878707,0.0,0.7902050191143597,0.0
7.3260000000000005,-0.08523588612656718,0.0,0.43495948392742306,0.0,0.7854134179869758,0.0
7.328,-0.08436439953916763,0.0,0.4365254976834661,0.0,0.7805960523563906,0.0
7.33,-0.08348979057611257,0.0,0.43808185102775676,0.0,0.7757530231148624,0.0
7.332,-0.08261207860948634,0.0,0.4396284927346222,0.0,0.7708844319451692,0.0
7.3340000000000005,-0.08173128311361819,0.0,0.4411653717825483,0.0,0.765990381318618,0.0
7.336,-0.08084742366467682,0.0,0.44269243735574715,0.0,0.7610709744930872,0.0
7.338,-0.07996051994025556,0.0,0.4442096388457318,0.0,0.7561263155110105,0.0
7.34,-0.07907059171895404,0.0,0.4457169258528858,0.0,0.7511565091973362,0.0
7.3420000000000005,-0.07817765887996302,0.0,0.44721424818802047,0.0,0.7461616611574982,0.0
7.344,-0.0772817414026391,0.0,0.4487015558739375,0.0,0.7411418777753238,0.0
7.346,-0.07638285936608086,0.0,0.4501787991469826,0.0,0.736097266210946,0.0
7.348,-0.0754810329486972,0.0,0.45164592845859863,0.0,0.7310279343986632,0.0
7.3500000000000005,-0.07457628242777982,0.0,0.45310289447686647,0.0,0.7259339910448193,0.0
7.352,-0.07366862817906626,0.0,0.4545496480880502,0.0,0.7208155456256239,0.0
7.354,-0.07275809067630017,0.0,0.45598614039813734,0.0,0.7156727083849501,0.0
7.356,-0.07184469049079481,0.0,0.45741232273436466,0.0,0.7105055903321474,0.0
7.3580000000000005,-0.07092844829098315,0.0,0.45882814664675636,0.0,0.705314303239771,0.0
7.36,-0.07000938484197873,0.0,0.4602335639096367,0.0,0.700098959641367,0.0
7.362,-0.06908752100511614,0.0,0.4616285265231621,0.0,0.6948596728291377,0.0
7.364,-0.06816287773750598,0.0,0.46301298671482594,0.0,0.6895965568516815,0.0
7.3660000000000005,-0.06723547609157256,0.0,0.46438689694097685,0.0,0.6843097265116307,0.0
7.368,-0.06630533721459936,0.0,0.4657502098883176,0.0,0.6789992973633265,0.0
7.37,-0.0653724823482649,0.0,0.4671028784754101,0.0,0.6736653857104364,0.0
7.372,-0.06443693282817539,0.0,0.4684448558541731,0.0,0.668308108603544,0.0
7.3740000000000006,-0.06349871008340074,0.0,0.46977609541136905,0.0,0.6629275838377551,0.0
7.376,-0.06255783563600043,0.0,0.4710965507700937,0.0,0.6575239299502402,0.0
7.378,-0.061614331100550986,0.0,0.47240617579125677,0.0,0.652097266217779,0.0
7.38,-0.060668218183665926,0.0,0.47370492457506097,0.0,0.6466477126542581,0.0
7.382000000000001,-0.05971951868351997,0.0,0.47499275146246966,0.0,0.6411753900081862,0.0
7.384,-0.05876825448936387,0.0,0.47626961103667587,0.0,0.6356804197601518,0.0
7.386,-0.05781444758103651,0.0,0.47753545812456594,0.0,0.6301629241202567,0.0
7.388,-0.056858120028480855,0.0,0.47879024779817064,0.0,0.6246230260255696,0.0
7.390000000000001,-0.05589929399124601,0.0,0.4800339353761237,0.0,0.6190608491374918,0.0
7.392,-0.05493799171800081,0.0,0.4812664764250983,0.0,0.6134765178391853,0.0
7.394,-0.053974235546026664,0.0,0.4824878267612589,0.0,0.6078701572328751,0.0
7.396,-0.053008047900725455,0.0,0.48369794245168757,0.0,0.602241893137232,0.0
7.398000000000001,-0.052039451295110006,0.0,0.4848967798158204,0.0,0.596591852084652,0.0
7.4,-0.051068468329302785,0.0,0.4860842954268683,0.0,0.5909201613185753,0.0
7.402,-0.050095121690024946,0.0,0.4872604461132375,0.0,0.5852269487907442,0.0
7.404,-0.049119434150082276,0.0,0.4884251889599458,0.0,0.5795123431584401,0.0
7.406000000000001,-0.04814142856785491,0.0,0.4895784813100266,0.0,0.573776473781733,0.0
7.408,-0.04716112788677698,0.0,0.49072028076593477,0.0,0.56801947072067,0.0
7.41,-0.04617855513481786,0.0,0.49185054519094207,0.0,0.562241464732468,0.0
7.412,-0.04519373342395628,0.0,0.49296923271053195,0.0,0.5564425872686565,0.0
7.414000000000001,-0.04420668594965874,0.0,0.4940763017137803,0.0,0.5506229704722431,0.0
7.416,-0.04321743599034888,0.0,0.4951717108547382,0.0,0.5447827471748194,0.0
7.418,-0.042226006906873934,0.0,0.49625541905380827,0.0,0.5389220508936454,0.0
7.42,-0.041232422141975734,0.0,0.49732738549910815,0.0,0.5330410158287535,0.0
7.422000000000001,-0.04023670521974745,0.0,0.49838756964783937,0.0,0.5271397768599657,0.0
7.424,-0.039238879745102595,0.0,0.4994359312276354,0.0,0.5212184695439761,0.0
7.426,-0.03823896940322291,0.0,0.5004724302379223,0.0,0.515277230111304,0.0
7.428,-0.037236997959021904,0.0,0.5014970269512553,0.0,0.5093161954633352,0.0
7.43,-0.0362329892565909,0.0,0.5025096819146633,0.0,0.5033355031692524,0.0
7.432,-0.035226967218653704,0.0,0.5035103559509766,0.0,0.49733529146301414,0.0
7.434,-0.034218955846011555,0.0,0.5044990101601562,0.0,0.4913156992402692,0.0
7.436,-0.03320897921698538,0.0,0.5054756059206148,0.0,0.4852768660552501,0.0
7.438,-0.03219706148686264,0.0,0.5064401048905274,0.0,0.479218932117689,0.0
7.44,-0.031183226887329954,0.0,0.5073924690091444,0.0,0.4731420382896435,0.0
7.442,-0.030167499725918357,0.0,0.5083326604980857,0.0,0.4670463260823936,0.0
7.444,-0.029149904385427132,0.0,0.5092606418626446,0.0,0.4609319376532035,0.0
7.446,-0.02813046532336384,0.0,0.5101763758930695,0.0,0.4547990158021778,0.0
7.448,-0.02710920707136662,0.0,0.5110798256658511,0.0,0.44864770396900383,0.0
7.45,-0.02608615423463549,0.0,0.5119709545449944,0.0,0.4424781462297452,0.0
7.452,-0.025061331491353922,0.0,0.5128497261832913,0.0,0.43629048729357045,0.0
7.454,-0.024034763592107745,0.0,0.5137161045235827,0.0,0.4300848724994606,0.0
7.456,-0.02300647535930821,0.0,0.5145700538000141,0.0,0.42386144781293755,0.0
7.458,-0.0219764916866052,0.0,0.5154115385392852,0.0,0.41762035982272727,0.0
7.46,-0.020944837538302345,0.0,0.5162405235618942,0.0,0.41136175573742995,0.0
7.462,-0.01991153794876523,0.0,0.5170569739833744,0.0,0.4050857833821432,0.0
7.464,-0.018876618021834556,0.0,0.5178608552155217,0.0,0.39879259119510957,0.0
7.466,-0.017840102930230098,0.0,0.5186521329676188,0.0,0.3924823282243055,0.0
7.468,-0.016802017914952394,0.0,0.5194307732476523,0.0,0.38615514412400825,0.0
7.47,-0.015762388284688494,0.0,0.5201967423635201,0.0,0.37981118915138534,0.0
7.472,-0.014721239415208007,0.0,0.5209500069242345,0.0,0.3734506141630187,0.0
7.474,-0.01367859674876114,0.0,0.5216905338411169,0.0,0.3670735706114364,0.0
7.476,-0.012634485793469928,0.0,0.5224182903289881,0.0,0.3606802105415976,0.0
7.478,-0.011588932122725267,0.0,0.5231332439073472,0.0,0.35427068658740835,0.0
7.48,-0.010541961374570414,0.0,0.5238353624015479,0.0,0.3478451519681494,0.0
7.482,-0.009493599251093315,0.0,0.5245246139439644,0.0,0.34140376048495374,0.0
7.484,-0.008443871517809195,0.0,0.5252009669751518,0.0,0.33494666651721877,0.0
7.486,-0.007392804003040779,0.0,0.5258643902450001,0.0,0.3284740250190001,0.0
7.488,-0.006340422597302968,0.0,0.5265148528138784,0.0,0.32198599151542623,0.0
7.49,-0.005286753252677738,0.0,0.5271523240537744,0.0,0.3154827220990501,0.0
7.492,-0.004231821982191289,0.0,0.5277767736494247,0.0,0.3089643734262085,0.0
7.494,-0.0031756548591844107,0.0,0.52838817159944,0.0,0.30243110271333484,0.0
7.496,-0.002118278016688111,0.0,0.5289864882174211,0.0,0.29588306773330003,0.0
7.498,-0.0010597176467902814,0.0,0.5295716941330666,0.0,0.289320426811693,0.0
7.5,-1.5499436051708687e-16,0.0,0.5301437602932776,0.0,0.2827433388230824,0.0
7.502,0.0010608486153827058,0.0,0.5307026579632488,0.0,0.2761519631873018,0.0
7.5040000000000004,0.002122801833909079,0.0,0.5312483587275577,0.0,0.2695464598656706,0.0
7.506,0.003185833233618426,0.0,0.5317808344912418,0.0,0.2629269893572239,0.0
7.508,0.004249916336683894,0.0,0.5323000574808723,0.0,0.2562937126948964,0.0
7.51,0.005315024610051181,0.0,0.5328060002456156,0.0,0.24964679144174,0.0
7.5120000000000005,0.006381131466090815,0.0,0.5332986356582932,0.0,0.2429863876870527,0.0
7.514,0.0074482102632412225,0.0,0.533777936916426,0.0,0.23631266404256057,0.0
7.516,0.008516234306662204,0.0,0.534243877543279,0.0,0.22962578363852953,0.0
7.518,0.009585176848885943,0.0,0.5346964313888922,0.0,0.22292591011988808,0.0
7.5200000000000005,0.010655011090474585,0.0,0.5351355726311079,0.0,0.21621320764230423,0.0
7.522,0.011725710180672356,0.0,0.5355612757765861,0.0,0.20948784086829164,0.0
7.524,0.01279724721806646,0.0,0.5359735156618158,0.0,0.20274997496325622,0.0
7.526,0.013869595251250007,0.0,0.5363722674541168,0.0,0.19599977559152526,0.0
7.5280000000000005,0.01494272727948015,0.0,0.5367575066526329,0.0,0.18923740891240154,0.0
7.53,0.016016616253344954,0.0,0.5371292090893175,0.0,0.1824630415761583,0.0
7.532,0.017091235075432303,0.0,0.5374873509299135,0.0,0.17567684072001669,0.0
7.534,0.018166556600993887,0.0,0.5378319086749205,0.0,0.168878973964149,0.0
7.5360000000000005,0.01924255363861873,0.0,0.5381628591605592,0.0,0.16206960940761728,0.0
7.538,0.020319198950904026,0.0,0.5384801795597228,0.0,0.15524891562432486,0.0
7.54,0.02139646525513251,0.0,0.5387838473829247,0.0,0.14841706165892046,0.0
7.542,0.0224743252239433,0.0,0.5390738404792343,0.0,0.14157421702274053,0.0
7.5440000000000005,0.02355275148601604,0.0,0.5393501370372075,0.0,0.13472055168966146,0.0
7.546,0.024631716626745438,0.0,0.5396127155858066,0.0,0.12785623609200855,0.0
7.548,0.025711193188926073,0.0,0.5398615549953137,0.0,0.12098144111639528,0.0
7.55,0.026791153673434393,0.0,0.5400966344782347,0.0,0.11409633809957548,0.0
7.5520000000000005,0.027871570539917116,0.0,0.5403179335901964,0.0,0.10720109882424964,0.0
7.554,0.028952416207473766,0.0,0.5405254322308326,0.0,0.10029589551490509,0.0
7.556,0.03003366305534794,0.0,0.5407191106446652,0.0,0.0933809008335951,0.0
7.558,0.03111528342362009,0.0,0.5408989494219731,0.0,0.08645628787570336,0.0
7.5600000000000005,0.032197249613895494,0.0,0.541064929499657,0.0,0.07952223016573559,0.0
7.562,0.033279533890001274,0.0,0.5412170321620914,0.0,0.07257890165304745,0.0
7.564,0.03436210847868077,0.0,0.5413552390419714,0.0,0.06562647670758595,0.0
7.566,0.03544494557029396,0.0,0.5414795321211483,0.0,0.058665130115586245,0.0
7.5680000000000005,0.036528017319512135,0.0,0.5415898937314592,0.0,0.051695037075302014,0.0
7.57,0.037611295846020895,0.0,0.5416863065555457,0.0,0.04471637319267638,0.0
7.572,0.03869475323522489,0.0,0.5417687536276656,0.0,0.037729314476998205,0.0
7.574,0.03977836153894656,0.0,0.5418372183344952,0.0,0.030734037336591524,0.0
7.5760000000000005,0.04086209277613855,0.0,0.5418916844159221,0.0,0.023730718574412946,0.0
7.578,0.04194591893358182,0.0,0.5419321359658318,0.0,0.016719535383736106,0.0
7.58,0.04302981196660511,0.0,0.5419585574328823,0.0,0.009700665343694292,0.0
7.582,0.04411374379978605,0.0,0.5419709336212726,0.0,0.002674286414936111,0.0
7.5840000000000005,0.045197686327669885,0.0,0.5419692496915001,0.0,-0.004359423064836054,0.0
7.586,0.04628161141547749,0.0,0.5419534911611111,0.0,-0.011400284385263859,0.0
7.588,0.04736549089982256,0.0,0.5419236439054429,0.0,-0.018448118467794372,0.0
7.59,0.04844929658943005,0.0,0.5418796941583521,0.0,-0.025502745870154997,0.0
7.5920000000000005,0.04953300026584956,0.0,0.541821628512942,0.0,-0.03256398679079825,0.0
7.594,0.05061657368417744,0.0,0.5417494339222731,0.0,-0.03963166107341054,0.0
7.596,0.05169998857377598,0.0,0.5416630977000706,0.0,-0.046705588211403304,0.0
7.598,0.05278321663899842,0.0,0.5415626075214179,0.0,-0.053785587352449815,0.0
7.6000000000000005,0.053866229559907844,0.0,0.5414479514234467,0.0,-0.06087147730298481,0.0
7.602,0.0549489989930042,0.0,0.5413191178060125,0.0,-0.06796307653276173,0.0
7.604,0.05603149657195271,0.0,0.5411760954323638,0.0,-0.07506020317942452,0.0
7.606,0.05711369390830599,0.0,0.541018873429803,0.0,-0.08216267505304276,0.0
7.6080000000000005,0.058195562592239666,0.0,0.540847441290335,0.0,-0.08927030964073757,0.0
7.61,0.0592770741932733,0.0,0.5406617888713112,0.0,-0.09638292411122029,0.0
7.612,0.06035820026101232,0.0,0.5404619063960582,0.0,-0.10350033531946873,0.0
7.614,0.061438912325871564,0.0,0.5402477844545043,0.0,-0.11062235981128982,0.0
7.6160000000000005,0.0625191818998158,0.0,0.54001941400379,0.0,-0.11774881382799834,0.0
7.618,0.06359898047708953,0.0,0.5397767863688746,0.0,-0.12487951331102942,0.0
7.62,0.0646782795349556,0.0,0.5395198932431312,0.0,-0.13201427390661236,0.0
7.622,0.06575705053443459,0.0,0.5392487266889298,0.0,-0.1391529109704564,0.0
7.6240000000000006,0.06683526492103921,0.0,0.5389632791382175,0.0,-0.14629523957240653,0.0
7.626,0.06791289412551675,0.0,0.5386635433930826,0.0,-0.15344107450115757,0.0
7.628,0.06898990956458857,0.0,0.5383495126263143,0.0,-0.1605902302689532,0.0
7.63,0.07006628264169507,0.0,0.538021180381948,0.0,-0.16774252111632515,0.0
7.632000000000001,0.07114198474773406,0.0,0.5376785405758076,0.0,-0.17489776101679516,0.0
7.634,0.07221698726180731,0.0,0.5373215874960324,0.0,-0.18205576368163306,0.0
7.636,0.07329126155196784,0.0,0.5369503158035966,0.0,-0.18921634256462672,0.0
7.638,0.07436477897596089,0.0,0.5365647205328224,0.0,-0.1963793108668127,0.0
7.640000000000001,0.0754375108819778,0.0,0.5361647970918755,0.0,-0.20354448154129945,0.0
7.642,0.0765094286093954,0.0,0.5357505412632634,0.0,-0.21071166729799545,0.0
7.644,0.07758050348953534,0.0,0.5353219492043092,0.0,-0.2178806806084786,0.0
7.646,0.07865070684640552,0.0,0.5348790174476301,0.0,-0.2250513337107477,0.0
7.648000000000001,0.07972000999745767,0.0,0.5344217429015943,0.0,-0.232223438614088,0.0
7.65,0.08078838425433414,0.0,0.5339501228507775,0.0,-0.23939680710386813,0.0
7.652,0.08185580092362307,0.0,0.5334641549564056,0.0,-0.2465712507463988,0.0
7.654,0.08292223130761425,0.0,0.5329638372567842,0.0,-0.2537465808937998,0.0
7.656000000000001,0.08398764670504934,0.0,0.5324491681677271,0.0,-0.26092260868883455,0.0
7.658,0.08505201841188009,0.0,0.5319201464829669,0.0,-0.26809914506980176,0.0
7.66,0.08611531772202341,0.0,0.5313767713745607,0.0,-0.27527600077541126,0.0
7.662,0.08717751592812105,0.0,0.5308190423932821,0.0,-0.282452986349696,0.0
7.664000000000001,0.08823858432229324,0.0,0.530246959469009,0.0,-0.28962991214688655,0.0
7.666,0.08929849419689928,0.0,0.5296605229110959,0.0,-0.2968065883363381,0.0
7.668,0.09035721684529927,0.0,0.5290597334087387,0.0,-0.3039828249074695,0.0
7.67,0.09141472356260882,0.0,0.5284445920313318,0.0,-0.3111584316746593,0.0
7.672000000000001,0.09247098564646651,0.0,0.5278151002288092,0.0,-0.31833321828223216,0.0
7.674,0.0935259743977865,0.0,0.527171259831986,0.0,-0.32550699420935075,0.0
7.676,0.09457966112153084,0.0,0.5265130730528761,0.0,-0.33267956877504423,0.0
7.678,0.09563201712746341,0.0,0.5258405424850144,0.0,-0.3398507511431171,0.0
7.68,0.09668301373091985,0.0,0.5251536711037565,0.0,-0.3470203503271719,0.0
7.682,0.09773262225356642,0.0,0.5244524622665793,0.0,-0.35418817519556073,0.0
7.684,0.09878081402416669,0.0,0.5237369197133633,0.0,-0.3613540344763942,0.0
7.686,0.09982756037934876,0.0,0.5230070475666674,0.0,-0.36851773676256006,0.0
7.688,0.10087283266436593,0.0,0.5222628503319985,0.0,-0.37567909051670006,0.0
7.69,0.10191660223386918,0.0,0.5215043328980606,0.0,-0.38283790407627305,0.0
7.692,0.10295884045266536,0.0,0.5207315005370087,0.0,-0.38999398565852433,0.0
7.694,0.10399951869649424,0.0,0.5199443589046744,0.0,-0.39714714336559037,0.0
7.696,0.10503860835278755,0.0,0.5191429140407997,0.0,-0.40429718518948266,0.0
7.698,0.10607608082144354,0.0,0.5183271723692455,0.0,-0.4114439190171833,0.0
7.7,0.1071119075155901,0.0,0.5174971406982012,0.0,-0.4185871526356678,0.0
7.702,0.10814605986235634,0.0,0.5166528262203792,0.0,-0.4257266937369892,0.0
7.704,0.10917850930364323,0.0,0.515794236513195,0.0,-0.4328623499233611,0.0
7.706,0.11020922729688959,0.0,0.5149213795389485,0.0,-0.4399939287122132,0.0
7.708,0.11123818531584444,0.0,0.5140342636449838,0.0,-0.4471212375412952,0.0
7.71,0.11226535485133593,0.0,0.5131328975638464,0.0,-0.45424408377376235,0.0
7.712,0.11329070741204478,0.0,0.5122172904134229,0.0,-0.4613622747032961,0.0
7.714,0.1143142145252709,0.0,0.5112874516970806,0.0,-0.468475617559182,0.0
7.716,0.11533584773770635,0.0,0.5103433913037879,0.0,-0.4755839195114382,0.0
7.718,0.11635557861620902,0.0,0.5093851195082258,0.0,-0.4826869876759502,0.0
7.72,0.11737337874856991,0.0,0.5084126469708964,0.0,-0.4897846291195697,0.0
7.722,0.11838921974428754,0.0,0.5074259847382113,0.0,-0.49687665086526417,0.0
7.724,0.11940307323533861,0.0,0.5064251442425773,0.0,-0.5039628598972486,0.0
7.726,0.12041491087695266,0.0,0.505410137302464,0.0,-0.5110430631661463,0.0
7.728,0.1214247043483797,0.0,0.5043809761224732,0.0,-0.5181170675941077,0.0
7.73,0.12243242535366768,0.0,0.5033376732933823,0.0,-0.5251846800800017,0.0
7.732,0.12343804562243034,0.0,0.5022802417921933,0.0,-0.5322457075045457,0.0
7.734,0.12444153691062171,0.0,0.50120869498216,0.0,-0.5392999567354844,0.0
7.736,0.12544287100131057,0.0,0.5001230466128073,0.0,-0.5463472346327761,0.0
7.738,0.12644201970544916,0.0,0.4990233108199461,0.0,-0.553387348053741,0.0
7.74,0.12743895486264795,0.0,0.49790950212566965,0.0,-0.5604201038582589,0.0
7.742,0.12843364834194762,0.0,0.4967816354383462,0.0,-0.5674453089139493,0.0
7.744,0.12942607204259352,0.0,0.49563972605259343,0.0,-0.5744627701013774,0.0
7.746,0.13041619789480477,0.0,0.4944837896492537,0.0,-0.5814722943192232,0.0
7.748,0.13140399786054804,0.0,0.4933138422953493,0.0,-0.5884736884894933,0.0
7.75,0.13238944393431237,0.0,0.49212990044402827,0.0,-0.5954667595627386,0.0
7.752,0.13337250814387713,0.0,0.490931980934507,0.0,-0.6024513145232336,0.0
7.7540000000000004,0.13435316255108692,0.0,0.48972010099199537,0.0,-0.6094271603942074,0.0
7.756,0.13533137925262176,0.0,0.48849427822761327,0.0,-0.6163941042430474,0.0
7.758,0.1363071303807719,0.0,0.4872545306382949,0.0,-0.6233519531865385,0.0
7.76,0.1372803881042046,0.0,0.4860008766066914,0.0,-0.6303005143960517,0.0
7.7620000000000005,0.1382511246287405,0.0,0.4847333349010477,0.0,-0.6372395951028071,0.0
7.764,0.1392193121981204,0.0,0.4834519246750853,0.0,-0.6441690026030692,0.0
7.766,0.1401849230947785,0.0,0.482156665467863,0.0,-0.6510885442633991,0.0
7.768,0.1411479296406117,0.0,0.4808475772036324,0.0,-0.657998027525877,0.0
7.7700000000000005,0.14210830419775247,0.0,0.4795246801916786,0.0,-0.6648972599133616,0.0
7.772,0.14306601916933456,0.0,0.47818799512615784,0.0,-0.6717860490346982,0.0
7.774,0.14402104700026513,0.0,0.47683754308591964,0.0,-0.6786642025899801,0.0
7.776,0.1449733601779952,0.0,0.47547334553431364,0.0,-0.6855315283758027,0.0
7.7780000000000005,0.14592293123328512,0.0,0.4740954243189989,0.0,-0.6923878342904864,0.0
7.78,0.1468697327409745,0.0,0.4727038016717318,0.0,-0.699232928339337,0.0
7.782,0.14781373732075237,0.0,0.47129850020814334,0.0,-0.7060666186399128,0.0
7.784,0.1487549176379209,0.0,0.4698795429275163,0.0,-0.7128887134272491,0.0
7.7860000000000005,0.1496932464041648,0.0,0.46844695321254026,0.0,-0.7196990210591306,0.0
7.788,0.1506286963783167,0.0,0.467000754829063,0.0,-0.7264973500213392,0.0
7.79,0.1515612403671258,0.0,0.46554097192582544,0.0,-0.7332835089329292,0.0
7.792,0.152490851226019,0.0,0.46406762903419696,0.0,-0.7400573065514546,0.0
7.7940000000000005,0.15341750185987074,0.0,0.46258075106788454,0.0,-0.7468185517782655,0.0
7.796,0.15434116522376315,0.0,0.46108036332264757,0.0,-0.7535670536637359,0.0
7.798,0.15526181432375227,0.0,0.45956649147599005,0.0,-0.7603026214125441,0.0
7.8,0.1561794222176301,0.0,0.45803916158684976,0.0,-0.767025064388927,0.0
7.8020000000000005,0.15709396201568934,0.0,0.45649840009526754,0.0,-0.7737341921219586,0.0
7.804,0.15800540688148196,0.0,0.4549442338220611,0.0,-0.7804298143107882,0.0
7.806,0.15891373003258197,0.0,0.4533766899684753,0.0,-0.7871117408299163,0.0
7.808,0.1598189047413478,0.0,0.4517957961158224,0.0,-0.7937797817344712,0.0
7.8100000000000005,0.16072090433567854,0.0,0.45020158022512335,0.0,-0.8004337472654466,0.0
7.812,0.16161970219977514,0.0,0.44859407063672524,0.0,-0.8070734478549808,0.0
7.814,0.16251527177489786,0.0,0.446973296069917,0.0,-0.8136986941316142,0.0
7.816,0.1634075865601258,0.0,0.44533928562252556,0.0,-0.8203092969255648,0.0
7.8180000000000005,0.1642966201131102,0.0,0.4436920687705156,0.0,-0.8269050672739676,0.0
7.82,0.16518234605083199,0.0,0.44203167536756593,0.0,-0.8334858164261458,0.0
7.822,0.16606473805035854,0.0,0.4403581356446362,0.0,-0.8400513558488869,0.0
7.824,0.16694376984959383,0.0,0.43867148020953595,0.0,-0.8466014972316682,0.0
7.8260000000000005,0.16781941524803673,0.0,0.43697174004646216,0.0,-0.8531360524919565,0.0
7.828,0.16869164810752646,0.0,0.4352589465155538,0.0,-0.8596548337804093,0.0
7.83,0.1695604423530022,0.0,0.43353313135240146,0.0,-0.8661576534861953,0.0
7.832,0.1704257719732464,0.0,0.43179432666758144,0.0,-0.8726443242421917,0.0
7.8340000000000005,0.17128761102163964,0.0,0.43004256494615095,0.0,-0.8791146589302757,0.0
7.836,0.1721459336169047,0.0,0.42827787904715325,0.0,-0.8855684706865447,0.0
7.838,0.17300071394385635,0.0,0.42650030220310187,0.0,-0.8920055729065779,0.0
7.84,0.17385192625414891,0.0,0.4247098680194507,0.0,-0.898425779250692,0.0
7.8420000000000005,0.1746995448670184,0.0,0.42290661047406813,0.0,-0.9048289036491601,0.0
7.844,0.17554354417002926,0.0,0.42109056391668614,0.0,-0.9112147603074702,0.0
7.846,0.17638389861981607,0.0,0.4192617630683479,0.0,-0.9175831637115532,0.0
7.848,0.17722058274282806,0.0,0.41742024302083525,0.0,-0.9239339286330358,0.0
7.8500000000000005,0.17805357113606674,0.0,0.4155660392361016,0.0,-0.9302668701344479,0.0
7.852,0.178882838467827,0.0,0.4136991875456791,0.0,-0.9365818035744622,0.0
7.854,0.1797083594784376,0.0,0.4118197241500786,0.0,-0.9428785446131358,0.0
7.856,0.18053010898099472,0.0,0.4099276856181905,0.0,-0.9491569092171019,0.0
7.8580000000000005,0.18134806186210276,0.0,0.40802310888665383,0.0,-0.9554167136648267,0.0
7.86,0.18216219308260295,0.0,0.4061060312592447,0.0,-0.9616577745517747,0.0
7.862,0.18297247767831434,0.0,0.40417649040621656,0.0,-0.9678799087956788,0.0
7.864,0.18377889076075984,0.0,0.4022345243636685,0.0,-0.9740829336416988,0.0
7.8660000000000005,0.18458140751790192,0.0,0.4002801715328712,0.0,-0.9802666666676608,0.0
7.868,0.1853800032148686,0.0,0.3983134706796075,0.0,-0.9864309257892299,0.0
7.87,0.18617465319468351,0.0,0.3963344609334864,0.0,-0.9925755292651155,0.0
7.872,0.1869653328789942,0.0,0.3943431817872479,0.0,-0.9987002957022753,0.0
7.8740000000000006,0.18775201776879485,0.0,0.39233967309607,0.0,-1.004805044061077,0.0
7.876,0.18853468344515212,0.0,0.39032397507685035,0.0,-1.0108895936604936,0.0
7.878,0.18931330556992723,0.0,0.3882961283074877,0.0,-1.0169537641832744,0.0
7.88,0.19008785988649918,0.0,0.3862561737261427,0.0,-1.0229973756811301,0.0
7.882000000000001,0.19085832222048127,0.0,0.3842041526305034,0.0,-1.0290202485798747,0.0
7.884,0.19162466848044118,0.0,0.3821401066770283,0.0,-1.035022203684599,0.0
7.886,0.192386874658619,0.0,0.3800640778801773,0.0,-1.041003062184835,0.0
7.888,0.19314491683163929,0.0,0.37797610861164865,0.0,-1.0469626456596803,0.0
7.890000000000001,0.193898771161229,0.0,0.3758762415995809,0.0,-1.0529007760829763,0.0
7.892,0.1946484138949236,0.0,0.37376451992777676,0.0,-1.0588172758283947,0.0
7.894,0.19539382136678463,0.0,0.3716409870348763,0.0,-1.064711967674629,0.0
7.896,0.19613496999810276,0.0,0.3695056867135616,0.0,-1.0705846748104713,0.0
7.898000000000001,0.1968718362981092,0.0,0.36735866310971543,0.0,-1.0764352208399621,0.0
7.9,0.19760439686467796,0.0,0.3651999607215982,0.0,-1.08226342978748,0.0
7.902,0.19833262838503132,0.0,0.36302962439899705,0.0,-1.0880691261028563,0.0
7.904,0.19905650763644328,0.0,0.3608476993423649,0.0,-1.0938521346664856,0.0
7.906000000000001,0.19977601148693744,0.0,0.3586542311019637,0.0,-1.0996122807943947,0.0
7.908,0.20049111689598734,0.0,0.35644926557698214,0.0,-1.1053493902433418,0.0
7.91,0.2012018009152126,0.0,0.3542328490146519,0.0,-1.1110632892158854,0.0
7.912,0.20190804068907608,0.0,0.3520050280093447,0.0,-1.1167538043654721,0.0
7.914000000000001,0.20260981345557438,0.0,0.34976584950167505,0.0,-1.122420762801473,0.0
7.916,0.20330709654693072,0.0,0.3475153607775786,0.0,-1.128063992094251,0.0
7.918,0.20399986739028614,0.0,0.3452536094673803,0.0,-1.1336833202802188,0.0
7.92,0.20468810350838423,0.0,0.34298064354486846,0.0,-1.1392785758668504,0.0
7.922000000000001,0.20537178252026092,0.0,0.34069651132633294,0.0,-1.144849587837747,0.0
7.924,0.20605088214192346,0.0,0.3384012614696279,0.0,-1.1503961856576137,0.0
7.926,0.2067253801870385,0.0,0.3360949429731808,0.0,-1.1559181992773246,0.0
7.928,0.20739525456760735,0.0,0.33377760517503574,0.0,-1.161415459138886,0.0
7.930000000000001,0.20806048329464769,0.0,0.33144929775185045,0.0,-1.166887796180463,0.0
7.932,0.20872104447886702,0.0,0.32911007071791115,0.0,-1.1723350418413432,0.0
7.934,0.20937691633133845,0.0,0.3267599744241205,0.0,-1.1777570280669294,0.0
7.936,0.2100280771641737,0.0,0.3243990595569748,0.0,-1.1831535873137144,0.0
7.938,0.21067450539119062,0.0,0.32202737713754875,0.0,-1.1885245525542207,0.0
7.94,0.211316179528585,0.0,0.31964497852044366,0.0,-1.193869757281982,0.0
7.942,0.21195307819559156,0.0,0.31725191539276043,0.0,-1.1991890355164412,0.0
7.944,0.2125851801151538,0.0,0.31484823977301907,0.0,-1.2044822218079339,0.0
7.946,0.21321246411458075,0.0,0.3124340040101127,0.0,-1.2097491512425669,0.0
7.948,0.21383490912621017,0.0,0.31000926078221497,0.0,-1.2149896594471594,0.0
7.95,0.2144524941880635,0.0,0.30757406309570684,0.0,-1.2202035825941249,0.0
7.952,0.21506519844450223,0.0,0.3051284642840747,0.0,-1.2253907574063692,0.0
7.954,0.21567300114688198,0.0,0.30267251800679873,0.0,-1.2305510211621833,0.0
7.956,0.21627588165420158,0.0,0.3002062782482493,0.0,-1.2356842117000946,0.0
7.958,0.21687381943375264,0.0,0.2977297993165528,0.0,-1.2407901674237385,0.0
7.96,0.2174667940617656,0.0,0.2952431358424616,0.0,-1.2458687273067013,0.0
7.962,0.2180547852240551,0.0,0.29274634277820105,0.0,-1.250919730897371,0.0
7.964,0.21863777271665974,0.0,0.2902394753963268,0.0,-1.2559430183237472,0.0
7.966,0.2192157364464826,0.0,0.28772258928855443,0.0,-1.2609384302982622,0.0
7.968,0.21978865643192932,0.0,0.28519574036458106,0.0,-1.2659058081225982,0.0
7.97,0.22035651280354096,0.0,0.28265898485091245,0.0,-1.2708449936924604,0.0
7.972,0.22091928580462786,0.0,0.2801123792896635,0.0,-1.2757558295023699,0.0
7.974,0.22147695579189852,0.0,0.2775559805373585,0.0,-1.2806381586504265,0.0
7.976,0.22202950323608928,0.0,0.27498984576371294,0.0,-1.2854918248430793,0.0
7.978,0.2225769087225866,0.0,0.27241403245042456,0.0,-1.2903166723998516,0.0
7.98,0.22311915295205254,0.0,0.2698285983899272,0.0,-1.2951125462580941,0.0
7.982,0.2236562167410428,0.0,0.267233601684164,0.0,-1.2998792919776887,0.0
7.984,0.22418808102262552,0.0,0.2646291007433322,0.0,-1.3046167557457637,0.0
7.986,0.2247147268469973,0.0,0.26201515428461747,0.0,-1.3093247843813978,0.0
7.988,0.22523613538209417,0.0,0.2593918213309375,0.0,-1.3140032253402862,0.0
7.99,0.22575228791420282,0.0,0.25675916120965603,0.0,-1.3186519267194208,0.0
7.992,0.2262631658485679,0.0,0.25411723355129956,0.0,-1.3232707372617418,0.0
7.994,0.22676875070999802,0.0,0.2514660982882531,0.0,-1.3278595063607932,0.0
7.996,0.22726902414346664,0.0,0.24880581565346616,0.0,-1.332418084065336,0.0
7.998,0.22776396791471223,0.0,0.24613644617913127,0.0,-1.3369463210839696,0.0
8.0,0.22825356391083684,0.0,0.24345805069535448,0.0,-1.3414440687897486,0.0
8.002,0.2287377941408987,0.0,0.24077069032883314,0.0,-1.3459111792247522,0.0
8.004,0.22921664073650497,0.0,0.23807442650150795,0.0,-1.3503475051046696,0.0
8.006,0.22969008595240148,0.0,0.23536932092920457,0.0,-1.3547528998233676,0.0
8.008000000000001,0.23015811216705773,0.0,0.23265543562028496,0.0,-1.359127217457422,0.0
8.01,0.2306207018832513,0.0,0.2299328328742715,0.0,-1.3634703127706618,0.0
8.012,0.23107783772864982,0.0,0.22720157528046203,0.0,-1.3677820412186918,0.0
8.014,0.2315295024563866,0.0,0.22446172571655523,0.0,-1.3720622589533769,0.0
8.016,0.23197567894563953,0.0,0.22171334734723674,0.0,-1.3763108228273626,0.0
8.018,0.2324163502021996,0.0,0.21895650362279362,0.0,-1.3805275903985106,0.0
8.02,0.23285149935904384,0.0,0.2161912582776828,0.0,-1.3847124199343905,0.0
8.022,0.2332811096769017,0.0,0.2134176753291085,0.0,-1.3888651704167156,0.0
8.024000000000001,0.23370516454481768,0.0,0.21063581907559967,0.0,-1.3929857015457618,0.0
8.026,0.23412364748071343,0.0,0.20784575409556239,0.0,-1.3970738737447876,0.0
8.028,0.23453654213194725,0.0,0.20504754524582375,0.0,-1.4011295481644437,0.0
8.03,0.23494383227586657,0.0,0.20224125766018636,0.0,-1.405152586687131,0.0
8.032,0.23534550182036404,0.0,0.19942695674794472,0.0,-1.4091428519313969,0.0
8.034,0.23574153480442367,0.0,0.19660470819242237,0.0,-1.4131002072562584,0.0
8.036,0.2361319153986693,0.0,0.1937745779494808,0.0,-1.4170245167655526,0.0
8.038,0.23651662790590855,0.0,0.19093663224601942,0.0,-1.4209156453122607,0.0
8.040000000000001,0.23689565676167154,0.0,0.18809093757848477,0.0,-1.4247734585027922,0.0
8.042,0.23726898653475,0.0,0.18523756071135394,0.0,-1.4285978227012845,0.0
8.044,0.23763660192773187,0.0,0.18237656867560803,0.0,-1.4323886050338743,0.0
8.046,0.23799848777753144,0.0,0.17950802876721866,0.0,-1.4361456733929365,0.0
8.048,0.2383546290559195,0.0,0.1766320085455926,0.0,-1.43986889644134,0.0
8.05,0.23870501087004706,0.0,0.17374857583204933,0.0,-1.4435581436166445,0.0
8.052,0.23904961846296838,0.0,0.17085779870824863,0.0,-1.4472132851353166,0.0
8.054,0.23938843721416103,0.0,0.16795974551463105,0.0,-1.4508341919969214,0.0
8.056000000000001,0.23972145264004,0.0,0.16505448484885746,0.0,-1.4544207359882697,0.0
8.058,0.24004865039447149,0.0,0.16214208556422444,0.0,-1.4579727896875805,0.0
8.06,0.24037001626928353,0.0,0.15922261676807117,0.0,-1.4614902264686203,0.0
8.062,0.24068553619477037,0.0,0.15629614782019854,0.0,-1.4649729205047977,0.0
8.064,0.240995196240198,0.0,0.15336274833124922,0.0,-1.468420746773283,0.0
8.066,0.24129898261430255,0.0,0.15042248816111065,0.0,-1.4718335810590697,0.0
8.068,0.24159688166578777,0.0,0.14747543741728908,0.0,-1.475211299959041,0.0
8.07,0.2418888798838194,0.0,0.14452166645327547,0.0,-1.4785537808860214,0.0
8.072000000000001,0.2421749638985141,0.0,0.14156124586692215,0.0,-1.4818609020727869,0.0
8.074,0.24245512048142714,0.0,0.13859424649879248,0.0,-1.4851325425760753,0.0
8.076,0.24272933654603723,0.0,0.13562073943050085,0.0,-1.4883685822805868,0.0
8.078,0.24299759914822436,0.0,0.13264079598307763,0.0,-1.4915689019029215,0.0
8.08,0.24325989548675062,0.0,0.12965448771526172,0.0,-1.4947333829955751,0.0
8.082,0.24351621290373004,0.0,0.1266618864218689,0.0,-1.4978619079508209,0.0
8.084,0.24376653888510189,0.0,0.123663064132079,0.0,-1.5009543600046529,0.0
8.086,0.2440108610610968,0.0,0.12065809310774855,0.0,-1.5040106232406736,0.0
8.088000000000001,0.2442491672067001,0.0,0.11764704584172248,0.0,-1.5070305825939585,0.0
8.09,0.24448144524211218,0.0,0.11462999505612081,0.0,-1.510014123854912,0.0
8.092,0.24470768323320627,0.0,0.11160701370061799,0.0,-1.5129611336731148,0.0
8.094,0.24492786939198002,0.0,0.10857817495073524,0.0,-1.5158714995611147,0.0
8.096,0.24514199207700768,0.0,0.10554355220609424,0.0,-1.5187451098982465,0.0
8.098,0.24535003979388448,0.0,0.10250321908869436,0.0,-1.5215818539343877,0.0
8.1,0.2455520011956708,0.0,0.09945724944116155,0.0,-1.5243816217937198,0.0
8.102,0.24574786508333185,0.0,0.0964057173249896,0.0,-1.5271443044784707,0.0
8.104000000000001,0.24593762040617279,0.0,0.0933486970187931,0.0,-1.5298697938726147,0.0
8.106,0.24612125626227155,0.0,0.09028626301653384,0.0,-1.5325579827455744,0.0
8.108,0.2462987618989085,0.0,0.08721849002573769,0.0,-1.5352087647558998,0.0
8.11,0.2464701267129903,0.0,0.08414545296573854,0.0,-1.5378220344549025,0.0
8.112,0.24663534025147354,0.0,0.08106722696584795,0.0,-1.5403976872903162,0.0
8.114,0.246794392211781,0.0,0.07798388736360438,0.0,-1.5429356196098754,0.0
8.116,0.24694727244221773,0.0,0.0748955097029391,0.0,-1.5454357286649285,0.0
8.118,0.24709397094238164,0.0,0.07180216973236969,0.0,-1.5478979126140024,0.0
8.120000000000001,0.2472344778635704,0.0,0.06870394340319319,0.0,-1.5503220705263439,0.0
8.122,0.2473687835091857,0.0,0.06560090686765438,0.0,-1.55270810238545,0.0
8.124,0.24749687833513326,0.0,0.06249313647710734,0.0,-1.5550559090925764,0.0
8.126,0.24761875295021887,0.0,0.05938070878019178,0.0,-1.5573653924702142,0.0
8.128,0.2477343981165415,0.0,0.05626370052096947,0.0,-1.5596364552655588,0.0
8.13,0.2478438047498821,0.0,0.053142188637086835,0.0,-1.5618690011539438,0.0
8.132,0.24794696392008875,0.0,0.05001625025790869,0.0,-1.5640629347422605,0.0
8.134,0.24804386685145877,0.0,0.04688596270264496,0.0,-1.5662181615723614,0.0
8.136000000000001,0.248134504923116,0.0,0.043751403478490804,0.0,-1.5683345881244235,0.0
8.138,0.24821886966938492,0.0,0.04061265027873989,0.0,-1.5704121218203038,0.0
8.14,0.24829695278016145,0.0,0.03746978098088881,0.0,-1.572450671026877,0.0
8.142,0.24836874610127893,0.0,0.03432287364477045,0.0,-1.5744501450593245,0.0
8.144,0.2484342416348712,0.0,0.031172006510611784,0.0,-1.5764104541844446,0.0
8.146,0.24849343153973133,0.0,0.028017257997174118,0.0,-1.578331509623887,0.0
8.148,0.24854630813166675,0.0,0.024858706699809052,0.0,-1.5802132235574087,0.0
8.15,0.24859286388385077,0.0,0.02169643138854333,0.0,-1.5820555091260906,0.0
8.152000000000001,0.24863309142716977,0.0,0.01853051100616429,0.0,-1.5838582804355217,0.0
8.154,0.24866698355056666,0.0,0.015361024666280976,0.0,-1.5856214525589736,0.0
8.156,0.24869453320138116,0.0,0.012188051651378796,0.0,-1.5873449415405527,0.0
8.158,0.2487157334856848,0.0,0.009011671410890529,0.0,-1.5890286643983127,0.0
8.16,0.24873057766861362,0.0,0.005831963559227313,0.0,-1.5906725391273677,0.0
8.162,0.24873905917469563,0.0,0.0026490078738371572,0.0,-1.592276484702958,0.0
8.164,0.24874117158817532,0.0,-0.0005371157067650748,0.0,-1.593840421083508,0.0
8.166,0.24873690865333337,0.0,-0.0037263270849737795,0.0,-1.595364269213658,0.0
8.168000000000001,0.2487262642748033,0.0,-0.006918546006056937,0.0,-1.5968479510272666,0.0
8.17,0.24870923251788377,0.0,-0.010113692060132885,0.0,-1.5982913894503887,0.0
8.172,0.24868580760884607,0.0,-0.013311684684189286,0.0,-1.5996945084042458,0.0
8.174,0.24865598393523985,0.0,-0.016512443164026794,0.0,-1.601057232808143,0.0
8.176,0.2486197560461918,0.0,-0.019715886636312296,0.0,-1.6023794885823948,0.0
8.178,0.24857711865270335,0.0,-0.022921934090534064,0.0,-1.603661202651195,0.0
8.18,0.24852806662794225,0.0,-0.026130504371044104,0.0,-1.6049023029454872,0.0
8.182,0.24847259500753108,0.0,-0.029341516179070028,0.0,-1.6061027184058017,0.0
8.184000000000001,0.24841069898983117,0.0,-0.03255488807472548,0.0,-1.607262378985058,0.0
8.186,0.24834237393622335,0.0,-0.0357705384790448,0.0,-1.60838121565136,0.0
8.188,0.2482676153713836,0.0,-0.038988385676022766,0.0,-1.6094591603907566,0.0
8.19,0.24818641898355526,0.0,-0.04220834781463744,0.0,-1.6104961462099745,0.0
8.192,0.24809878062481705,0.0,-0.045430342910912296,0.0,-1.6114921071391357,0.0
8.194,0.24800469631134686,0.0,-0.04865428884994996,0.0,-1.6124469782344408,0.0
8.196,0.24790416222368178,0.0,-0.05188010338799367,0.0,-1.6133606955808322,0.0
8.198,0.24779717470697318,0.0,-0.0551077041544944,0.0,-1.6142331962946315,0.0
8.2,0.24768373027123902,0.0,-0.05833700865416013,0.0,-1.6150644185261487,0.0
8.202,0.24756382559161044,0.0,-0.0615679342690448,0.0,-1.6158543014622708,0.0
8.204,0.2474374575085755,0.0,-0.06480039826061018,0.0,-1.6166027853290181,0.0
8.206,0.24730462302821887,0.0,-0.0680343177718046,0.0,-1.6173098113940827,0.0
8.208,0.247165319322455,0.0,-0.07126960982916919,0.0,-1.6179753219693347,0.0
8.21,0.24701954372926072,0.0,-0.0745061913449059,0.0,-1.6185992604133068,0.0
8.212,0.24686729375290073,0.0,-0.07774397911898237,0.0,-1.619181571133649,0.0
8.214,0.24670856706415029,0.0,-0.08098288984123991,0.0,-1.6197221995895645,0.0
8.216,0.24654336150051345,0.0,-0.08422284009348216,0.0,-1.6202210922942066,0.0
8.218,0.2463716750664368,0.0,-0.08746374635160448,0.0,-1.6206781968170683,0.0
8.22,0.24619350593351946,0.0,-0.09070552498769255,0.0,-1.6210934617863235,0.0
8.222,0.24600885244071832,0.0,-0.093948092272149,0.0,-1.621466836891161,0.0
8.224,0.24581771309454928,0.0,-0.09719136437582472,0.0,-1.621798272884083,0.0
8.226,0.2456200865692844,0.0,-0.10043525737213382,0.0,-1.622087721583175,0.0
8.228,0.2454159717071449,0.0,-0.10367968723919418,0.0,-1.622335135874356,0.0
8.23,0.24520536751848854,0.0,-0.10692456986197191,0.0,-1.6225404697135963,0.0
8.232,0.24498827318199531,0.0,-0.11016982103440796,0.0,-1.6227036781291118,0.0
8.234,0.2447646880448459,0.0,-0.1134153564615829,0.0,-1.622824717223531,0.0
8.236,0.2445346116228981,0.0,-0.11666109176185394,0.0,-1.6229035441760307,0.0
8.238,0.24429804360085858,0.0,-0.11990694246900835,0.0,-1.6229401172444538,0.0
8.24,0.2440549838324482,0.0,-0.12315282403444316,0.0,-1.6229343957673903,0.0
8.242,0.243805432340566,0.0,-0.12639865182930582,0.0,-1.6228863401662368,0.0
8.244,0.24354938931744768,0.0,-0.1296443411466712,0.0,-1.622795911947229,0.0
8.246,0.24328685512481793,0.0,-0.13288980720371985,0.0,-1.6226630737034415,0.0
8.248,0.24301783029404253,0.0,-0.13613496514389795,0.0,-1.6224877891167684,0.0
8.25,0.24274231552627087,0.0,-0.1393797300391149,0.0,-1.6222700229598674,0.0
8.252,0.24246031169257934,0.0,-0.14262401689191123,0.0,-1.6220097410980854,0.0
8.254,0.24217181983410657,0.0,-0.14586774063765207,0.0,-1.6217069104913475,0.0
8.256,0.24187684116218525,0.0,-0.14911081614672567,0.0,-1.6213614991960268,0.0
8.258000000000001,0.24157537705847093,0.0,-0.1523531582267239,0.0,-1.6209734763667782,0.0
8.26,0.24126742907506518,0.0,-0.15559468162464796,0.0,-1.620542812258353,0.0
8.262,0.2409529989346335,0.0,-0.15883530102911694,0.0,-1.620069478227377,0.0
8.264,0.24063208853052162,0.0,-0.16207493107255722,0.0,-1.619553446734108,0.0
8.266,0.2403046999268636,0.0,-0.16531348633343235,0.0,-1.6189946913441575,0.0
8.268,0.2399708353586903,0.0,-0.16855088133843016,0.0,-1.6183931867301955,0.0
8.27,0.23963049723202806,0.0,-0.17178703056469918,0.0,-1.6177489086736139,0.0
8.272,0.23928368812399653,0.0,-0.17502184844206517,0.0,-1.6170618340661689,0.0
8.274000000000001,0.23893041078290156,0.0,-0.17825524935524245,0.0,-1.6163319409115975,0.0
8.276,0.23857066812832303,0.0,-0.1814871476460661,0.0,-1.6155592083271997,0.0
8.278,0.23820446325119732,0.0,-0.18471745761572733,0.0,-1.6147436165453932,0.0
8.28,0.23783179941389834,0.0,-0.1879460935269897,0.0,-1.6138851469152453,0.0
8.282,0.23745268005030992,0.0,-0.1911729696064418,0.0,-1.612983781903968,0.0
8.284,0.23706710876589782,0.0,-0.19439800004671923,0.0,-1.61203950509839,0.0
8.286,0.23667508933777467,0.0,-0.19762109900875202,0.0,-1.6110523012063998,0.0
8.288,0.23627662571476013,0.0,-0.20084218062401493,0.0,-1.610022156058352,0.0
8.290000000000001,0.23587172201743953,0.0,-0.20406115899676056,0.0,-1.6089490566084623,0.0
8.292,0.23546038253821483,0.0,-0.20727794820627463,0.0,-1.6078329909361528,0.0
8.294,0.23504261174135183,0.0,-0.21049246230913496,0.0,-1.6066739482473806,0.0
8.296,0.23461841426302507,0.0,-0.21370461534144983,0.0,-1.6054719188759377,0.0
8.298,0.23418779491135386,0.0,-0.21691432132113514,0.0,-1.6042268942847118,0.0
8.3,0.2337507586664401,0.0,-0.22012149425014937,0.0,-1.6029388670669378,0.0
8.302,0.23330731068039476,0.0,-0.2233260481167757,0.0,-1.6016078309473942,0.0
8.304,0.2328574562773633,0.0,-0.2265278968978835,0.0,-1.6002337807835858,0.0
8.306000000000001,0.23240120095354813,0.0,-0.22972695456118436,0.0,-1.5988167125669013,0.0
8.308,0.23193855037722325,0.0,-0.2329231350675073,0.0,-1.597356623423729,0.0
8.31,0.23146951038874528,0.0,-0.23611635237307704,0.0,-1.5958535116165473,0.0
8.312,0.2309940870005623,0.0,-0.23930652043177109,0.0,-1.5943073765449944,0.0
8.314,0.23051228639721374,0.0,-0.24249355319741323,0.0,-1.592718218746891,0.0
8.316,0.2300241149353306,0.0,-0.24567736462603507,0.0,-1.5910860398992535,0.0
8.318,0.22952957914362762,0.0,-0.24885786867816245,0.0,-1.5894108428192615,0.0
8.32,0.2290286857228911,0.0,-0.25203497932110325,0.0,-1.5876926314652011,0.0
8.322000000000001,0.22852144154596507,0.0,-0.2552086105312168,0.0,-1.5859314109373832,0.0
8.324,0.22800785365773008,0.0,-0.25837867629620614,0.0,-1.584127187479027,0.0
8.326,0.22748792927507613,0.0,-0.261545090617413,0.0,-1.5822799684771058,0.0
8.328,0.22696167578687865,0.0,-0.26470776751208025,0.0,-1.5803897624631933,0.0
8.33,0.2264291007539558,0.0,-0.26786662101568276,0.0,-1.5784565791142222,0.0
8.332,0.22589021190903916,0.0,-0.27102156518417386,0.0,-1.576480429253289,0.0
8.334,0.22534501715672403,0.0,-0.2741725140963083,0.0,-1.5744613248503603,0.0
8.336,0.224793524573423,0.0,-0.27731938185593263,0.0,-1.5723992790229848,0.0
8.338000000000001,0.22423574240731495,0.0,-0.2804620825942704,0.0,-1.5702943060369723,0.0
8.34,0.22367167907828708,0.0,-0.28360053047222494,0.0,-1.5681464213070344,0.0
8.342,0.22310134317787203,0.0,-0.28673463968268575,0.0,-1.5659556413973927,0.0
8.344,0.2225247434691842,0.0,-0.2898643244528112,0.0,-1.5637219840223737,0.0
8.346,0.22194188888684613,0.0,-0.29298949904634847,0.0,-1.5614454680469505,0.0
8.348,0.22135278853691548,0.0,-0.29611007776591863,0.0,-1.5591261134872738,0.0
8.35,0.22075745169680375,0.0,-0.29922597495532693,0.0,-1.556763941511162,0.0
8.352,0.22015588781519058,0.0,-0.3023371050018726,0.0,-1.554358974438557,0.0
8.354000000000001,0.2195481065119369,0.0,-0.305443382338641,0.0,-1.5519112357419664,0.0
8.356,0.21893411757798972,0.0,-0.30854472144681494,0.0,-1.5494207500468589,0.0
8.358,0.21831393097528182,0.0,-0.3116410368579908,0.0,-1.5468875431320268,0.0
8.36,0.2176875568366343,0.0,-0.3147322431564585,0.0,-1.54431164192995,0.0
8.362,0.21705500546563972,0.0,-0.31781825498155036,0.0,-1.5416930745270674,0.0
8.364,0.21641628733655974,0.0,-0.3208989870299045,0.0,-1.5390318701640955,0.0
8.366,0.21577141309420192,0.0,-0.32397435405780356,0.0,-1.5363280592362516,0.0
8.368,0.21512039355379833,0.0,-0.32704427088347976,0.0,-1.5335816732934717,0.0
8.370000000000001,0.21446323970088232,0.0,-0.330108652389413,0.0,-1.530792745040609,0.0
8.372,0.21379996269115617,0.0,-0.33316741352464885,0.0,-1.5279613083375823,0.0
8.374,0.21313057385035403,0.0,-0.33622046930711363,0.0,-1.5250873981994952,0.0
8.376,0.21245508467410534,0.0,-0.3392677348259106,0.0,-1.522171050796744,0.0
8.378,0.2117735068277863,0.0,-0.34230912524364815,0.0,-1.5192123034550655,0.0
8.38,0.21108585214637393,0.0,-0.3453445557987347,0.0,-1.5162111946555816,0.0
8.382,0.21039213263429074,0.0,-0.3483739418076965,0.0,-1.5131677640347956,0.0
8.384,0.20969236046524464,0.0,-0.3513971986674945,0.0,-1.5100820523845568,0.0
8.386000000000001,0.20898654798206873,0.0,-0.3544142418578222,0.0,-1.5069541016520098,0.0
8.388,0.208274707696552,0.0,-0.3574249869434228,0.0,-1.5037839549395002,0.0
8.39,0.20755685228926501,0.0,-0.36042934957640743,0.0,-1.5005716565044398,0.0
8.392,0.20683299460938917,0.0,-0.36342724549854055,0.0,-1.4973172517591822,0.0
8.394,0.20610314767452453,0.0,-0.36641859054358894,0.0,-1.4940207872707922,0.0
8.396,0.20536732467051547,0.0,-0.3694033006395872,0.0,-1.490682310760881,0.0
8.398,0.20462553895125155,0.0,-0.3723812918111756,0.0,-1.4873018711053234,0.0
8.4,0.20387780403847378,0.0,-0.37535248018190487,0.0,-1.4838795183339877,0.0
8.402000000000001,0.2031241336215766,0.0,-0.3783167819765324,0.0,-1.4804153036304355,0.0
8.404,0.20236454155740205,0.0,-0.3812741135233366,0.0,-1.4769092793315761,0.0
8.406,0.20159904187002833,0.0,-0.38422439125642865,0.0,-1.473361498927286,0.0
8.408,0.20082764875056,0.0,-0.38716753171804413,0.0,-1.469772017060024,0.0
8.41,0.20005037655690472,0.0,-0.3901034515608635,0.0,-1.466140889524376,0.0
8.412,0.19926723981355438,0.0,-0.3930320675503026,0.0,-1.4624681732666098,0.0
8.414,0.19847825321135498,0.0,-0.39595329656682043,0.0,-1.4587539263841685,0.0
8.416,0.19768343160727334,0.0,-0.39886705560822844,0.0,-1.454998208125136,0.0
8.418000000000001,0.19688279002416226,0.0,-0.4017732617919798,0.0,-1.4512010788876903,0.0
8.42,0.19607634365052057,0.0,-0.40467183235746584,0.0,-1.4473626002195206,0.0
8.422,0.1952641078402385,0.0,-0.4075626846683422,0.0,-1.4434828348171638,0.0
8.424,0.19444609811235997,0.0,-0.41044573621478203,0.0,-1.4395618465254163,0.0
8.426,0.19362233015081276,0.0,-0.4133209046158194,0.0,-1.4355997003365788,0.0
8.428,0.19279281980416216,0.0,-0.4161881076216007,0.0,-1.4315964623898072,0.0
8.43,0.1919575830853374,0.0,-0.419047263115704,0.0,-1.4275521999703216,0.0
8.432,0.19111663617136423,0.0,-0.42189828911742777,0.0,-1.4234669815086358,0.0
8.434000000000001,0.1902699954030939,0.0,-0.42474110378406976,0.0,-1.4193408765797626,0.0
8.436,0.18941767728492298,0.0,-0.42757562541322164,0.0,-1.4151739559023628,0.0
8.438,0.1885596984845093,0.0,-0.43040177244506167,0.0,-1.4109662913378658,0.0
8.44,0.1876960758324878,0.0,-0.4332194634646245,0.0,-1.4067179558895841,0.0
8.442,0.1868268263221744,0.0,-0.43602861720410085,0.0,-1.4024290237017583,0.0
8.444,0.1859519671092733,0.0,-0.4388291525451039,0.0,-1.3980995700586072,0.0
8.446,0.1850715155115744,0.0,-0.44162098852095466,0.0,-1.3937296713833263,0.0
8.448,0.18418548900864512,0.0,-0.4444040443189638,0.0,-1.3893194052370434,0.0
8.45,0.18329390524152517,0.0,-0.44717823928269473,0.0,-1.3848688503177864,0.0
8.452,0.18239678201240628,0.0,-0.4499434929142497,0.0,-1.380378086459362,0.0
8.454,0.18149413728431688,0.0,-0.4526997248765295,0.0,-1.375847194630252,0.0
8.456,0.1805859891807989,0.0,-0.45544685499550075,0.0,-1.371276256932466,0.0
8.458,0.17967235598557355,0.0,-0.4581848032624775,0.0,-1.3666653566003224,0.0
8.46,0.1787532561422145,0.0,-0.46091348983636565,0.0,-1.3620145779992643,0.0
8.462,0.17782870825380837,0.0,-0.46363283504593295,0.0,-1.3573240066246006,0.0
8.464,0.17689873108261048,0.0,-0.4663427593920717,0.0,-1.3525937291002146,0.0
8.466,0.175963343549703,0.0,-0.4690431835500423,0.0,-1.3478238331772763,0.0
8.468,0.1750225647346387,0.0,-0.47173402837174083,0.0,-1.3430144077328738,0.0
8.47,0.17407641387509007,0.0,-0.4744152148879371,0.0,-1.3381655427686638,0.0
8.472,0.17312491036648706,0.0,-0.4770866643105265,0.0,-1.333277329409454,0.0
8.474,0.17216807376165116,0.0,-0.47974829803478336,0.0,-1.3283498599017616,0.0
8.476,0.17120592377043,0.0,-0.48240003764158895,0.0,-1.3233832276123618,0.0
8.478,0.1702384802593218,0.0,-0.48504180489967663,0.0,-1.3183775270267806,0.0
8.48,0.16926576325109577,0.0,-0.48767352176787493,0.0,-1.313332853747756,0.0
8.482,0.16828779292441406,0.0,-0.49029511039732543,0.0,-1.308249304493699,0.0
8.484,0.16730458961343977,0.0,-0.4929064931337292,0.0,-1.3031269770970753,0.0
8.486,0.1663161738074494,0.0,-0.4955075925195601,0.0,-1.2979659705028008,0.0
8.488,0.16532256615043825,0.0,-0.49809833129628883,0.0,-1.292766384766595,0.0
8.49,0.1643237874407133,0.0,-0.5006786324066165,0.0,-1.287528321053257,0.0
8.492,0.16331985863049608,0.0,-0.503248418996675,0.0,-1.28225188163499,0.0
8.494,0.16231080082551047,0.0,-0.5058076144182465,0.0,-1.2769371698896352,0.0
8.496,0.16129663528456725,0.0,-0.5083561422309782,0.0,-1.2715842902988856,0.0
8.498,0.160277383419151,0.0,-0.5108939262045759,0.0,-1.2661933484464978,0.0
8.5,0.1592530667929921,0.0,-0.5134208903210206,0.0,-1.2607644510164235,0.0
8.502,0.1582237071216451,0.0,-0.5159369587767548,0.0,-1.2552977057909636,0.0
8.504,0.15718932627205529,0.0,-0.5184420559848817,0.0,-1.2497932216488523,0.0
8.506,0.1561499462621212,0.0,-0.5209361065773631,0.0,-1.2442511085633148,0.0
8.508000000000001,0.1551055892602588,0.0,-0.5234190354071936,0.0,-1.238671477600121,0.0
8.51,0.15405627758495538,0.0,-0.5258907675505912,0.0,-1.2330544409155824,0.0
8.512,0.1530020337043183,0.0,-0.52835122830918,0.0,-1.22740011175451,0.0
8.514,0.1519428802356278,0.0,-0.5308003432121542,0.0,-1.2217086044481869,0.0
8.516,0.15087883994487214,0.0,-0.5332380380184634,0.0,-1.215980034412242,0.0
8.518,0.1498099357462951,0.0,-0.5356642387189609,0.0,-1.210214518144578,0.0
8.52,0.14873619070192243,0.0,-0.5380788715385812,0.0,-1.2044121732231812,0.0
8.522,0.1476576280210928,0.0,-0.5404818629384972,0.0,-1.1985731183039474,0.0
8.524000000000001,0.14657427105998672,0.0,-0.5428731396182634,0.0,-1.192697473118491,0.0
8.526,0.14548614332114546,0.0,-0.5452526285179726,0.0,-1.186785358471889,0.0
8.528,0.1443932684529854,0.0,-0.5476202568204033,0.0,-1.1808368962403974,0.0
8.53,0.14329567024931608,0.0,-0.5499759519531499,0.0,-1.1748522093691771,0.0
8.532,0.14219337264884205,0.0,-0.5523196415907703,0.0,-1.1688314218699252,0.0
8.534,0.1410863997346724,0.0,-0.5546512536569056,0.0,-1.1627746588185415,0.0
8.536,0.13997477573381814,0.0,-0.5569707163264109,0.0,-1.156682046352721,0.0
8.538,0.13885852501668505,0.0,-0.5592779580274808,0.0,-1.1505537116695146,0.0
8.540000000000001,0.13773767209656998,0.0,-0.5615729074437575,0.0,-1.144389783022901,0.0
8.542,0.13661224162914512,0.0,-0.563855493516445,0.0,-1.1381903897212862,0.0
8.544,0.1354822584119388,0.0,-0.5661256454464224,0.0,-1.1319556621249758,0.0
8.546,0.134347747383819,0.0,-0.5683832926963311,0.0,-1.1256857316436568,0.0
8.548,0.1332087336244612,0.0,-0.5706283649926889,0.0,-1.1193807307337833,0.0
8.55,0.13206524235382694,0.0,-0.5728607923279605,0.0,-1.1130407928960175,0.0
8.552,0.13091729893162274,0.0,-0.5750805049626588,0.0,-1.1066660526725527,0.0
8.554,0.1297649288567626,0.0,-0.577287433427424,0.0,-1.100256645644449,0.0
8.556000000000001,0.12860815776683004,0.0,-0.5794815085250897,0.0,-1.0938127084289615,0.0
8.558,0.12744701143752873,0.0,-0.5816626613327586,0.0,-1.0873343786767966,0.0
8.56,0.12628151578212987,0.0,-0.58383082320387,0.0,-1.080821795069343,0.0
8.562,0.12511169685092294,0.0,-0.5859859257702487,0.0,-1.0742750973159163,0.0
8.564,0.12393758083065044,0.0,-0.5881279009441696,0.0,-1.0676944261509043,0.0
8.566,0.12275919404395054,0.0,-0.5902566809203941,0.0,-1.061079923330953,0.0
8.568,0.12157656294878781,0.0,-0.5923721981782175,0.0,-1.0544317316320773,0.0
8.57,0.12038971413787941,0.0,-0.5944743854835082,0.0,-1.0477499948467393,0.0
8.572000000000001,0.11919867433812507,0.0,-0.5965631758907292,0.0,-1.0410348577809418,0.0
8.574,0.1180034704100253,0.0,-0.5986385027449663,0.0,-1.0342864662512476,0.0
8.576,0.11680412934709469,0.0,-0.6007002996839527,0.0,-1.027504967081766,0.0
8.578,0.115600678275285,0.0,-0.6027485006400632,0.0,-1.0206905081011866,0.0
8.58,0.11439314445237728,0.0,-0.6047830398423473,0.0,-1.0138432381396316,0.0
8.582,0.11318155526740499,0.0,-0.6068038518185005,0.0,-1.0069633070256785,0.0
8.584,0.11196593824004221,0.0,-0.6088108713968754,0.0,-1.0000508655831737,0.0
8.586,0.11074632102000243,0.0,-0.6108040337084688,0.0,-0.9931060656281055,0.0
8.588000000000001,0.1095227313864354,0.0,-0.6127832741888951,0.0,-0.9861290599654562,0.0
8.59,0.10829519724731335,0.0,-0.6147485285803639,0.0,-0.979120002385985,0.0
8.592,0.10706374663881327,0.0,-0.6166997329336542,0.0,-0.9720790476629875,0.0
8.594,0.10582840772470391,0.0,-0.6186368236100662,0.0,-0.9650063515490704,0.0
8.596,0.10458920879571573,0.0,-0.6205597372833869,0.0,-0.9579020707728244,0.0
8.598,0.10334617826892012,0.0,-0.6224684109418296,0.0,-0.9507663630355438,0.0
8.6,0.10209934468709601,0.0,-0.6243627818899802,0.0,-0.943599387007867,0.0
8.602,0.10084873671809258,0.0,-0.6262427877507367,0.0,-0.9364013023263877,0.0
8.604000000000001,0.09959438315419585,0.0,-0.6281083664672289,0.0,-0.9291722695902818,0.0
8.606,0.09833631291148386,0.0,-0.6299594563047453,0.0,-0.9219124503578642,0.0
8.608,0.09707455502917658,0.0,-0.6317959958526514,0.0,-0.9146220071431059,0.0
8.61,0.09580913866899705,0.0,-0.6336179240262854,0.0,-0.9073011034122116,0.0
8.612,0.0945400931144998,0.0,-0.6354251800688779,0.0,-0.8999499035800002,0.0
8.614,0.0932674477704328,0.0,-0.6372177035534254,0.0,-0.8925685730064756,0.0
8.616,0.09199123216206279,0.0,-0.6389954343845894,0.0,-0.8851572779931749,0.0
8.618,0.09071147593451233,0.0,-0.6407583128005767,0.0,-0.8777161857795828,0.0
8.620000000000001,0.08942820885209513,0.0,-0.6425062793750035,0.0,-0.8702454645395263,0.0
8.622,0.08814146079764067,0.0,-0.6442392750187658,0.0,-0.8627452833775024,0.0
8.624,0.08685126177181508,0.0,-0.6459572409818991,0.0,-0.8552158123249771,0.0
8.626,0.08555764189244741,0.0,-0.6476601188554211,0.0,-0.8476572223367098,0.0
8.628,0.08426063139383856,0.0,-0.649347850573184,0.0,-0.8400696852869707,0.0
8.63,0.08296026062607999,0.0,-0.6510203784137018,0.0,-0.8324533739658084,0.0
8.632,0.08165656005436,0.0,-0.6526776450019804,0.0,-0.8248084620752391,0.0
8.634,0.08034956025826616,0.0,-0.6543195933113428,0.0,-0.8171351242254057,0.0
8.636000000000001,0.07903929193109221,0.0,-0.6559461666652332,0.0,-0.8094335359307598,0.0
8.638,0.0777257858791335,0.0,-0.6575573087390254,0.0,-0.801703873606167,0.0
8.64,0.0764090730209774,0.0,-0.659152963561826,0.0,-0.7939463145629785,0.0
8.642,0.0750891843868054,0.0,-0.6607330755182476,0.0,-0.786161037005165,0.0
8.644,0.07376615111766238,0.0,-0.6622975893502119,0.0,-0.7783482200252502,0.0
8.646,0.07244000446476001,0.0,-0.6638464501587005,0.0,-0.7705080436004407,0.0
8.648,0.07111077578874377,0.0,-0.6653796034055358,0.0,-0.7626406885885344,0.0
8.65,0.06977849655897114,0.0,-0.6668969949151331,0.0,-0.7547463367238887,0.0
8.652000000000001,0.06844319835278975,0.0,-0.6683985708762487,0.0,-0.7468251706133822,0.0
8.654,0.06710491285480377,0.0,-0.66988427784372,0.0,-0.7388773737323017,0.0
8.656,0.06576367185613743,0.0,-0.6713540627402043,0.0,-0.7309031304202052,0.0
8.658,0.0644195072537041,0.0,-0.6728078728578938,0.0,-0.722902625876812,0.0
8.66,0.06307245104945805,0.0,-0.6742456558602418,0.0,-0.7148760461577846,0.0
8.662,0.06172253534965683,0.0,-0.6756673597836615,0.0,-0.7068235781705657,0.0
8.664,0.06036979236411071,0.0,-0.6770729330392294,0.0,-0.6987454096701355,0.0
8.666,0.059014254405428956,0.0,-0.6784623244143797,0.0,-0.6906417292547413,0.0
8.668000000000001,0.05765595388827004,0.0,-0.6798354830745796,0.0,-0.6825127263616453,0.0
8.67,0.05629492332858599,0.0,-0.6811923585650036,0.0,-0.6743585912628319,0.0
8.672,0.054931195342847704,0.0,-0.68253290081221,0.0,-0.6661795150605959,0.0
8.674,0.05356480264730183,0.0,-0.6838570601257775,0.0,-0.6579756896833118,0.0
8.676,0.05219577805717977,0.0,-0.6851647871999745,0.0,-0.6497473078809112,0.0
8.678,0.05082415448594816,0.0,-0.6864560331153793,0.0,-0.6414945632206042,0.0
8.68,0.04944996494452081,0.0,-0.6877307493405203,0.0,-0.6332176500823623,0.0
8.682,0.04807324254048326,0.0,-0.6889888877334974,0.0,-0.6249167636544704,0.0
8.684000000000001,0.046694020477316855,0.0,-0.6902304005435891,0.0,-0.6165920999290724,0.0
8.686,0.04531233205361192,0.0,-0.6914552404128584,0.0,-0.6082438556976428,0.0
8.688,0.04392821066227751,0.0,-0.6926633603777487,0.0,-0.5998722285464344,0.0
8.69,0.0425416897897581,0.0,-0.6938547138706642,0.0,-0.5914774168519593,0.0
8.692,0.04115280301523211,0.0,-0.6950292547215513,0.0,-0.5830596197763558,0.0
8.694,0.03976158400982217,0.0,-0.6961869371594608,0.0,-0.574619037262821,0.0
8.696,0.03836806653579242,0.0,-0.6973277158141065,0.0,-0.5661558700309578,0.0
8.698,0.03697228444574264,0.0,-0.6984515457174161,0.0,-0.5576703195720978,0.0
8.700000000000001,0.03557427168180726,0.0,-0.6995583823050665,0.0,-0.5491625881446471,0.0
8.702,0.03417406227484826,0.0,-0.7006481814180123,0.0,-0.5406328787693917,0.0
8.704,0.03277169034362927,0.0,-0.701720899304014,0.0,-0.5320813952246779,0.0
8.706,0.03136719009402127,0.0,-0.702776492619136,0.0,-0.5235083420417853,0.0
8.708,0.029960595818165583,0.0,-0.7038149184292587,0.0,-0.5149139245000294,0.0
8.71,0.028551941893664678,0.0,-0.7048361342115628,0.0,-0.5062983486220296,0.0
8.712,0.02714126278275415,0.0,-0.7058400978560133,0.0,-0.4976618211688573,0.0
8.714,0.025728593031472655,0.0,-0.7068267676668347,0.0,-0.48900454963516465,0.0
8.716,0.02431396726883892,0.0,-0.7077961023639663,0.0,-0.4803267422443508,0.0
8.718,0.022897420206010852,0.0,-0.7087480610845225,0.0,-0.4716286079436146,0.0
8.72,0.021478986635456773,0.0,-0.7096826033842295,0.0,-0.4629103563990735,0.0
8.722,0.020058701430113728,0.0,-0.7105996892388603,0.0,-0.4541721979907989,0.0
8.724,0.018636599542542997,0.0,-0.7114992790456605,0.0,-0.4454143438078294,0.0
8.726,0.01721271600409169,0.0,-0.7123813336247554,0.0,-0.4366370056432134,0.0
8.728,0.01578708592404267,0.0,-0.7132458142205579,0.0,-0.42784039598897666,0.0
8.73,0.014359744488761464,0.0,-0.71409268250316,0.0,-0.41902472803106455,0.0
8.732,0.01293072696085063,0.0,-0.7149219005697142,0.0,-0.4101902156443245,0.0
8.734,0.01150006867828618,0.0,-0.7157334309458087,0.0,-0.4013370733873724,0.0
8.736,0.010067805053565382,0.0,-0.7165272365868276,0.0,-0.39246551649752426,0.0
8.738,0.008633971572846873,0.0,-0.7173032808793026,0.0,-0.38357576088567313,0.0
8.74,0.00719860379507787,0.0,-0.7180615276422603,0.0,-0.3746680231310827,0.0
8.742,0.005761737351137985,0.0,-0.718801941128546,0.0,-0.3657425204762763,0.0
8.744,0.004323407942966223,0.0,-0.7195244860261507,0.0,-0.356799470821817,0.0
8.746,0.002883651342686315,0.0,-0.7202291274595211,0.0,-0.34783909272107205,0.0
8.748,0.0014425033917396341,0.0,-0.7209158309908571,0.0,-0.338861605375018,0.0
8.75,2.46125303969263e-16,0.0,-0.7215845626214055,0.0,-0.32986722862692985,0.0
8.752,-0.001443822855097333,0.0,-0.7222352887927366,0.0,-0.3208561829571434,0.0
8.754,-0.0028889291294431053,0.0,-0.7228679763880136,0.0,-0.3118286894777334,0.0
8.756,-0.00433528271313911,0.0,-0.7234825927332529,0.0,-0.3027849699271691,0.0
8.758000000000001,-0.005782847431380244,0.0,-0.724079105598568,0.0,-0.2937252466650074,0.0
8.76,-0.007231587045346755,0.0,-0.7246574831994083,0.0,-0.28464974266650667,0.0
8.762,-0.008681465253099234,0.0,-0.7252176941977865,0.0,-0.27555868151721974,0.0
8.764,-0.010132445690465756,0.0,-0.7257597077034902,0.0,-0.26645228740763094,0.0
8.766,-0.011584491931947894,0.0,-0.7262834932752904,0.0,-0.25733078512766805,0.0
8.768,-0.013037567491608578,0.0,-0.7267890209221306,0.0,-0.2481944000613249,0.0
8.77,-0.014491635823982867,0.0,-0.7272762611043133,0.0,-0.23904335818113215,0.0
8.772,-0.01594666032498081,0.0,-0.7277451847346699,0.0,-0.22987788604267417,0.0
8.774000000000001,-0.01740260433278855,0.0,-0.7281957631797215,0.0,-0.22069821077911056,0.0
8.776,-0.01885943112877988,0.0,-0.7286279682608272,0.0,-0.21150456009562685,0.0
8.778,-0.020317103938430236,0.0,-0.7290417722553258,0.0,-0.20229716226386413,0.0
8.78,-0.021775585932222504,0.0,-0.7294371478976597,0.0,-0.193076246116395,0.0
8.782,-0.023234840226570613,0.0,-0.7298140683804939,0.0,-0.18384204104108198,0.0
8.784,-0.024694829884729888,0.0,-0.7301725073558186,0.0,-0.17459477697551343,0.0
8.786,-0.026155517917719848,0.0,-0.7305124389360449,0.0,-0.16533468440135654,0.0
8.788,-0.02761686728524928,0.0,-0.7308338376950866,0.0,-0.15606199433868942,0.0
8.790000000000001,-0.02907884089663408,0.0,-0.7311366786694311,0.0,-0.14677693834037397,0.0
8.792,-0.03054140161172657,0.0,-0.7314209373591992,0.0,-0.13747974848635056,0.0
8.794,-0.03200451224184695,0.0,-0.7316865897291952,0.0,-0.12817065737791425,0.0
8.796,-0.03346813555070642,0.0,-0.7319336122099412,0.0,-0.11884989813203745,0.0
8.798,-0.03493223425534897,0.0,-0.7321619816987051,0.0,-0.10951770437556929,0.0
8.8,-0.03639677102707453,0.0,-0.732371675560513,0.0,-0.10017431023954831,0.0
8.802,-0.037861708492384745,0.0,-0.7325626716291521,0.0,-0.09081995035336546,0.0
8.804,-0.03932700923392054,0.0,-0.7327349482081634,0.0,-0.08145485983897294,0.0
8.806000000000001,-0.04079263579139732,0.0,-0.7328884840718177,0.0,-0.07207927430510508,0.0
8.808,-0.04225855066255066,0.0,-0.7330232584660867,0.0,-0.06269342984142479,0.0
8.81,-0.04372471630408358,0.0,-0.7331392511095963,0.0,-0.05329756301265559,0.0
8.812,-0.04519109513260576,0.0,-0.733236442194573,0.0,-0.04389191085275934,0.0
8.814,-0.04665764952558975,0.0,-0.7333148123877745,0.0,-0.03447671085899995,0.0
8.816,-0.04812434182231388,0.0,-0.7333743428314127,0.0,-0.025052200986087236,0.0
8.818,-0.04959113432481708,0.0,-0.7334150151440605,0.0,-0.015618619640238363,0.0
8.82,-0.05105798929885567,0.0,-0.7334368114215498,0.0,-0.006176205673222135,0.0
8.822000000000001,-0.0525248689748525,0.0,-0.7334397142378573,0.0,0.003274801623553869,0.0
8.824,-0.05399173554885724,0.0,-0.7334237066459763,0.0,0.012734162525032178,0.0
8.826,-0.05545855118350947,0.0,-0.7333887721787796,0.0,0.022201636878518838,0.0
8.828,-0.0569252780089868,0.0,-0.733334894849868,0.0,0.03167698410960407,0.0
8.83,-0.0583918781239868,0.0,-0.733262059154407,0.0,0.04115996322830873,0.0
8.832,-0.05985831359666938,0.0,-0.7331702500699538,0.0,0.050650332834978495,0.0
8.834,-0.06132454646563665,0.0,-0.7330594530572684,0.0,0.06014785112642651,0.0
8.836,-0.0627905387408983,0.0,-0.7329296540611167,0.0,0.06965227590198741,0.0
8.838000000000001,-0.06425625240483505,0.0,-0.7327808395110573,0.0,0.07916336456956563,0.0
8.84,-0.06572164941317216,0.0,-0.7326129963222203,0.0,0.08868087415175169,0.0
8.842,-0.06718669169595451,0.0,-0.7324261118960702,0.0,0.09820456129195598,0.0
8.844,-0.0686513411585127,0.0,-0.7322201741211587,0.0,0.10773418226048892,0.0
8.846,-0.0701155596824463,0.0,-0.7319951713738656,0.0,0.11726949296075773,0.0
8.848,-0.07157930912659297,0.0,-0.731751092519125,0.0,0.12681024893537668,0.0
8.85,-0.07304255132800938,0.0,-0.7314879269111417,0.0,0.13635620537236004,0.0
8.852,-0.07450524810295353,0.0,-0.7312056643940932,0.0,0.1459071171113283,0.0
8.854000000000001,-0.07596736124785933,0.0,-0.7309042953028223,0.0,0.15546273864967058,0.0
8.856,-0.07742885254032147,0.0,-0.7305838104635134,0.0,0.16502282414877828,0.0
8.858,-0.07888968374008314,0.0,-0.7302442011943581,0.0,0.1745871274403038,0.0
8.86,-0.08034981659000824,0.0,-0.7298854593062116,0.0,0.184155402032322,0.0
8.862,-0.08180921281708674,0.0,-0.7295075771032277,0.0,0.19372740111571518,0.0
8.864,-0.08326783413340064,0.0,-0.7291105473834939,0.0,0.20330287757030407,0.0
8.866,-0.08472564223712657,0.0,-0.7286943634396424,0.0,0.21288158397122564,0.0
8.868,-0.0861825988135236,0.0,-0.728259019059454,0.0,0.2224632725952173,0.0
8.870000000000001,-0.08763866553591881,0.0,-0.7278045085264501,0.0,0.23204769542689424,0.0
8.872,-0.08909380406670266,0.0,-0.7273308266204694,0.0,0.24163460416509353,0.0
8.874,-0.0905479760583251,0.0,-0.7268379686182332,0.0,0.2512237502292319,0.0
8.876,-0.09200114315428275,0.0,-0.7263259302938986,0.0,0.26081488476560666,0.0
8.878,-0.09345326699012257,0.0,-0.7257947079195971,0.0,0.27040775865381234,0.0
8.88,-0.09490430919443113,0.0,-0.7252442982659635,0.0,0.2800021225130679,0.0
8.882,-0.09635423138983515,0.0,-0.7246746986026487,0.0,0.28959772670862277,0.0
8.884,-0.09780299519400322,0.0,-0.7240859066988211,0.0,0.29919432135817714,0.0
8.886000000000001,-0.09925056222063906,0.0,-0.7234779208236568,0.0,0.308791656338249,0.0
8.888,-0.10069689408048521,0.0,-0.722850739746815,0.0,0.31838948129062034,0.0
8.89,-0.10214195238232841,0.0,-0.7222043627388984,0.0,0.3279875456287942,0.0
8.892,-0.10358569873398989,0.0,-0.7215387895719103,0.0,0.3375855985443612,0.0
8.894,-0.10502809474334766,0.0,-0.7208540205196807,0.0,0.34718338901358303,0.0
8.896,-0.10646910201931964,0.0,-0.7201500563583031,0.0,0.35678066580371814,0.0
8.898,-0.10790868217288241,0.0,-0.719426898366538,0.0,0.36637717747959475,0.0
8.9,-0.10934679681807519,0.0,-0.7186845483262112,0.0,0.37597267241008564,0.0
8.902000000000001,-0.11078340757300117,0.0,-0.7179230085226038,0.0,0.38556689877457456,0.0
8.904,-0.1122184760608379,0.0,-0.7171422817448222,0.0,0.39515960456948657,0.0
8.906,-0.1136519639108483,0.0,-0.7163423712861554,0.0,0.4047505376148279,0.0
8.908,-0.11508383275938223,0.0,-0.7155232809444259,0.0,0.4143394455606689,0.0
8.91,-0.11651404425089415,0.0,-0.7146850150223181,0.0,0.4239260758937384,0.0
8.912,-0.1179425600389459,0.0,-0.7138275783277025,0.0,0.4335101759439267,0.0
8.914,-0.11936934178722057,0.0,-0.7129509761739415,0.0,0.44309149289086464,0.0
8.916,-0.1207943511705367,0.0,-0.712055214380181,0.0,0.4526697737705129,0.0
8.918000000000001,-0.12221754987585512,0.0,-0.7111402992716345,0.0,0.4622447654817062,0.0
8.92,-0.12363889960328948,0.0,-0.7102062376798521,0.0,0.47181621479272756,0.0
8.922,-0.12505836206713283,0.0,-0.7092530369429649,0.0,0.48138386834799685,0.0
8.924,-0.12647589899684958,0.0,-0.7082807049059436,0.0,0.49094747267453026,0.0
8.926,-0.1278914721381129,0.0,-0.7072892499208063,0.0,0.5005067741887121,0.0
8.928,-0.12930504325379724,0.0,-0.706278680846852,0.0,0.5100615192027707,0.0
8.93,-0.13071657412500726,0.0,-0.7052490070508504,0.0,0.5196114539315014,0.0
8.932,-0.13212602655209058,0.0,-0.704200238407232,0.0,0.5291563244988906,0.0
8.934000000000001,-0.13353336235564864,0.0,-0.7031323852982669,0.0,0.5386958769447294,0.0
8.936,-0.1349385433775553,0.0,-0.7020454586142246,0.0,0.5482298572312853,0.0
8.938,-0.13634153148197609,0.0,-0.7009394697535193,0.0,0.5577580112499855,0.0
8.94,-0.1377422885563777,0.0,-0.6998144306228509,0.0,0.5672800848280364,0.0
8.942,-0.13914077651255258,0.0,-0.6986703536373204,0.0,0.576795823735154,0.0
8.944,-0.1405369572876288,0.0,-0.6975072517205435,0.0,0.586304973690199,0.0
8.946,-0.14193079284509041,0.0,-0.696325138304744,0.0,0.595807280367886,0.0
8.948,-0.1433222451757974,0.0,-0.6951240273308317,0.0,0.6053024894055008,0.0
8.950000000000001,-0.14471127629899838,0.0,-0.6939039332484755,0.0,0.6147903464095676,0.0
8.952,-0.14609784826334632,0.0,-0.6926648710161608,0.0,0.6242705969625469,0.0
8.954,-0.14748192314792957,0.0,-0.6914068561012161,0.0,0.6337429866296413,0.0
8.956,-0.14886346306326953,0.0,-0.6901299044798624,0.0,0.6432072609653792,0.0
8.958,-0.15024243015235647,0.0,-0.6888340326372087,0.0,0.6526631655204649,0.0
8.96,-0.15161878659165615,0.0,-0.687519257567265,0.0,0.6621104458484346,0.0
8.962,-0.15299249459213096,0.0,-0.686185596772925,0.0,0.6715488475124176,0.0
8.964,-0.15436351640026108,0.0,-0.6848330682659393,0.0,0.6809781160919017,0.0
8.966,-0.155731814299055,0.0,-0.6834616905668799,0.0,0.6903979971894334,0.0
8.968,-0.15709735060907512,0.0,-0.6820714827050823,0.0,0.6998082364374243,0.0
8.97,-0.15846008768944814,0.0,-0.6806624642185841,0.0,0.7092085795048629,0.0
8.972,-0.15981998793888574,0.0,-0.6792346551540432,0.0,0.7185987721040976,0.0
8.974,-0.16117701379670407,0.0,-0.6777880760666399,0.0,0.7279785599976203,0.0
8.976,-0.1625311277438354,0.0,-0.6763227480199777,0.0,0.7373476890048013,0.0
8.978,-0.16388229230384743,0.0,-0.6748386925859583,0.0,0.7467059050086811,0.0
8.98,-0.16523047004396274,0.0,-0.6733359318446448,0.0,0.7560529539627712,0.0
8.982,-0.16657562357606825,0.0,-0.6718144883841222,0.0,0.7653885818977891,0.0
8.984,-0.16791771555773877,0.0,-0.6702743853003257,0.0,0.7747125349284971,0.0
8.986,-0.1692567086932467,0.0,-0.6687156461968743,0.0,0.7840245592604523,0.0
8.988,-0.1705925657345765,0.0,-0.6671382951848825,0.0,0.7933244011967928,0.0
8.99,-0.17192524948244783,0.0,-0.6655423568827487,0.0,0.8026118071450914,0.0
8.992,-0.1732547227873204,0.0,-0.6639278564159504,0.0,0.8118865236240882,0.0
8.994,-0.1745809485504118,0.0,-0.6622948194168106,0.0,0.8211482972705175,0.0
8.996,-0.17590388972471377,0.0,-0.6606432720242523,0.0,0.8303968748459316,0.0
8.998,-0.17722350931599845,0.0,-0.658973240883549,0.0,0.8396320032434589,0.0
9.0,-0.17853977038383853,0.0,-0.6572847531460463,0.0,0.8488534294946646,0.0
9.002,-0.17985263604261223,0.0,-0.6555778364688861,0.0,0.8580609007763129,0.0
9.004,-0.18116206946251778,0.0,-0.6538525190147055,0.0,0.8672541644171998,0.0
9.006,-0.18246803387058672,0.0,-0.6521088294513235,0.0,0.8764329679049836,0.0
9.008000000000001,-0.18377049255168812,0.0,-0.650346796951422,0.0,0.885597058892958,0.0
9.01,-0.1850694088495413,0.0,-0.6485664511922056,0.0,0.8947461852068912,0.0
9.012,-0.18636474616772675,0.0,-0.646767822355045,0.0,0.903880094851856,0.0
9.014,-0.18765646797068813,0.0,-0.6449509411251215,0.0,0.9129985360190056,0.0
9.016,-0.18894453778474715,0.0,-0.6431158386910348,0.0,0.9221012570924454,0.0
9.018,-0.1902289191991008,0.0,-0.6412625467444271,0.0,0.9311880066559827,0.0
9.02,-0.19150957586683454,0.0,-0.6393910974795626,0.0,0.9402585335000015,0.0
9.022,-0.1927864715059264,0.0,-0.6375015235929097,0.0,0.9493125866282727,0.0
9.024000000000001,-0.1940595699002466,0.0,-0.6355938582827149,0.0,0.9583499152647423,0.0
9.026,-0.19532883490056313,0.0,-0.6336681352485504,0.0,0.9673702688603668,0.0
9.028,-0.19659423042554697,0.0,-0.63172438869085,0.0,0.9763733970999495,0.0
9.03,-0.19785572046276662,0.0,-0.6297626533104437,0.0,0.9853590499089131,0.0
9.032,-0.199113269069696,0.0,-0.627782964308059,0.0,0.9943269774601655,0.0
9.034,-0.20036684037470717,0.0,-0.6257853573838286,0.0,1.0032769301808702,0.0
9.036,-0.20161639857807137,0.0,-0.6237698687367703,0.0,1.0122086587592767,0.0
9.038,-0.20286190795295916,0.0,-0.6217365350642554,0.0,1.0211219141515566,0.0
9.040000000000001,-0.20410333284643106,0.0,-0.619685393561473,0.0,1.0300164475885698,0.0
9.042,-0.20534063768043517,0.0,-0.61761648192087,0.0,1.0388920105826955,0.0
9.044,-0.20657378695280407,0.0,-0.6155298383315774,0.0,1.0477483549346578,0.0
9.046,-0.20780274523824122,0.0,-0.6134255014788363,0.0,1.056585232740284,0.0
9.048,-0.20902747718932044,0.0,-0.6113035105433878,0.0,1.0654023963973656,0.0
9.05,-0.21024794753746703,0.0,-0.6091639052008793,0.0,1.074199598612387,0.0
9.052,-0.21146412109395454,0.0,-0.6070067256212259,0.0,1.082976592407382,0.0
9.054,-0.21267596275089162,0.0,-0.6048320124679747,0.0,1.0917331311267162,0.0
9.056000000000001,-0.21388343748220465,0.0,-0.6026398068976604,0.0,1.100468968443852,0.0
9.058,-0.21508651034462553,0.0,-0.6004301505591361,0.0,1.109183858368153,0.0
9.06,-0.2162851464786782,0.0,-0.59820308559289,0.0,1.1178775552516866,0.0
9.062,-0.21747931110965504,0.0,-0.595958654630364,0.0,1.1265498137959618,0.0
9.064,-0.21866896954860535,0.0,-0.5936969007932358,0.0,1.1352003890587556,0.0
9.066,-0.21985408719330873,0.0,-0.5914178676927101,0.0,1.1438290364608439,0.0
9.068,-0.2210346295292561,0.0,-0.5891215994287815,0.0,1.152435511792786,0.0
9.07,-0.22221056213062915,0.0,-0.5868081405894835,0.0,1.1610195712217113,0.0
9.072000000000001,-0.2233818506612704,0.0,-0.5844775362501374,0.0,1.1695809712980387,0.0
9.074,-0.22454846087565977,0.0,-0.5821298319725754,0.0,1.178119468962253,0.0
9.076,-0.22571035861988992,0.0,-0.579765073804346,0.0,1.1866348215516782,0.0
9.078,-0.22686750983262738,0.0,-0.5773833082779346,0.0,1.1951267868071507,0.0
9.08,-0.2280198805460963,0.0,-0.5749845824099159,0.0,1.2035951228798725,0.0
9.082,-0.22916743688702976,0.0,-0.5725689437001646,0.0,1.2120395883380215,0.0
9.084,-0.2303101450776463,0.0,-0.5701364401309892,0.0,1.220459942173564,0.0
9.086,-0.23144797143661236,0.0,-0.567687120166281,0.0,1.2288559438089643,0.0
9.088000000000001,-0.23258088238000063,0.0,-0.5652210327506557,0.0,1.2372273531038729,0.0
9.09,-0.2337088444222531,0.0,-0.5627382273085675,0.0,1.2455739303618567,0.0
9.092,-0.23483182417714193,0.0,-0.5602387537434076,0.0,1.2538954363371173,0.0
9.094,-0.23594978835872144,0.0,-0.5577226624366107,0.0,1.2621916322411535,0.0
9.096,-0.23706270378228875,0.0,-0.5551900042467178,0.0,1.2704622797494922,0.0
9.098,-0.2381705373653326,0.0,-0.5526408305084552,0.0,1.2787071410083408,0.0
9.1,-0.23927325612848613,0.0,-0.5500751930317799,0.0,1.2869259786412726,0.0
9.102,-0.24037082719647948,0.0,-0.5474931441009139,0.0,1.2951185557559217,0.0
9.104000000000001,-0.24146321779908206,0.0,-0.5448947364733795,0.0,1.303284635950605,0.0
9.106,-0.24255039527205102,0.0,-0.5422800233790063,0.0,1.3114239833209986,0.0
9.108,-0.24363232705807755,0.0,-0.539649058518922,0.0,1.3195363624668044,0.0
9.11,-0.24470898070771982,0.0,-0.5370018960645608,0.0,1.3276215384983245,0.0
9.112,-0.24578032388035606,0.0,-0.5343385906565988,0.0,1.3356792770431933,0.0
9.114,-0.24684632434510723,0.0,-0.5316591974039534,0.0,1.3437093442528887,0.0
9.116,-0.24790694998178217,0.0,-0.528963771882702,0.0,1.35171150680942,0.0
9.118,-0.2489621687818098,0.0,-0.5262523701350179,0.0,1.3596855319319214,0.0
9.120000000000001,-0.2500119488491662,0.0,-0.5235250486680995,0.0,1.367631187383223,0.0
9.122,-0.25105625840130624,0.0,-0.5207818644530702,0.0,1.375548241476452,0.0
9.124,-0.2520950657700919,0.0,-0.5180228749238657,0.0,1.3834364630816278,0.0
9.126,-0.2531283394027121,0.0,-0.5152481379761268,0.0,1.3912956216321912,0.0
9.128,-0.25415604786261103,0.0,-0.5124577119660512,0.0,1.3991254871316074,0.0
9.13,-0.25517815983040215,0.0,-0.5096516557092596,0.0,1.4069258301598748,0.0
9.132,-0.2561946441047891,0.0,-0.506830028479631,0.0,1.414696421880082,0.0
9.134,-0.25720546960348234,0.0,-0.5039928900081235,0.0,1.4224370340449497,0.0
9.136000000000001,-0.25821060536410856,0.0,-0.501140300481601,0.0,1.4301474390033195,0.0
9.138,-0.2592100205451228,0.0,-0.49827232054162796,0.0,1.4378274097066743,0.0
9.14,-0.26020368442671976,0.0,-0.4953890112832494,0.0,1.445476719715656,0.0
9.142,-0.26119156641173147,0.0,-0.492490434253792,0.0,1.4530951432064934,0.0
9.144,-0.26217363602654287,0.0,-0.48957665145158474,0.0,1.460682454977566,0.0
9.146,-0.26314986292197917,0.0,-0.48664772532475437,0.0,1.4682384304557683,0.0
9.148,-0.26412021687421305,0.0,-0.4837037187699307,0.0,1.4757628457030254,0.0
9.15,-0.26508466778565937,0.0,-0.48074469513097584,0.0,1.4832554774227302,0.0
9.152000000000001,-0.2660431856858646,0.0,-0.4777707181977039,0.0,1.4907161029661382,0.0
9.154,-0.2669957407324001,0.0,-0.4747818522045738,0.0,1.4981445003388054,0.0
9.156,-0.2679423032117515,0.0,-0.47177816182936727,0.0,1.5055404482070036,0.0
9.158,-0.26888284354019937,0.0,-0.4687597121918757,0.0,1.512903725904077,0.0
9.16,-0.2698173322647077,0.0,-0.46572656885254304,0.0,1.5202341134368629,0.0
9.162,-0.27074574006379887,0.0,-0.4626787978111273,0.0,1.5275313914920203,0.0
9.164,-0.27166803774843273,0.0,-0.45961646550532775,0.0,1.5347953414423998,0.0
9.166,-0.2725841962628835,0.0,-0.4565396388094003,0.0,1.5420257453533979,0.0
9.168000000000001,-0.2734941866856078,0.0,-0.4534483850327762,0.0,1.5492223859892575,0.0
9.17,-0.27439798023011314,0.0,-0.4503427719186638,0.0,1.5563850468193765,0.0
9.172,-0.27529554824583136,0.0,-0.44722286764259866,0.0,1.5635135120246666,0.0
9.174,-0.27618686221897015,0.0,-0.44408874081106625,0.0,1.5706075665037436,0.0
9.176,-0.27707189377338626,0.0,-0.44094046046000324,0.0,1.5776669958793024,0.0
9.178,-0.27795061467143123,0.0,-0.43777809605339535,0.0,1.584691586504281,0.0
9.18,-0.27882299681481343,0.0,-0.4346017174817775,0.0,1.5916811254681609,0.0
9.182,-0.27968901224544906,0.0,-0.43141139506075943,0.0,1.5986354006031933,0.0
9.184000000000001,-0.2805486331463074,0.0,-0.4282071995295452,0.0,1.6055542004905838,0.0
9.186,-0.2814018318422584,0.0,-0.42498920204942237,0.0,1.6124373144667072,0.0
9.188,-0.28224858080091747,0.0,-0.4217574742022386,0.0,1.619284532629309,0.0
9.19,-0.2830888526334805,0.0,-0.4185120879888888,0.0,1.6260956458436353,0.0
9.192,-0.28392262009556507,0.0,-0.41525311582775515,0.0,1.632870445748627,0.0
9.194,-0.2847498560880404,0.0,-0.4119806305531707,0.0,1.6396087247630242,0.0
9.196,-0.28557053365785856,0.0,-0.4086947054138455,0.0,1.6463102760915005,0.0
9.198,-0.28638462599888426,0.0,-0.4053954140712828,0.0,1.6529748937307853,0.0
9.200000000000001,-0.28719210645271515,0.0,-0.4020828305981994,0.0,1.6596023724757267,0.0
9.202,-0.28799294850950236,0.0,-0.39875702947692904,0.0,1.6661925079253597,0.0
9.204,-0.2887871258087751,0.0,-0.39541808559777425,0.0,1.6727450964890227,0.0
9.206,-0.28957461214024394,0.0,-0.39206607425742984,0.0,1.679259935392306,0.0
9.208,-0.29035538144462236,0.0,-0.3887010711572992,0.0,1.6857368226831593,0.0
9.21,-0.29112940781442764,0.0,-0.3853231524018717,0.0,1.692175557237843,0.0
9.212,-0.2918966654947878,0.0,-0.3819323944970512,0.0,1.6985759387669372,0.0
9.214,-0.29265712888424433,0.0,-0.3785288743484735,0.0,1.7049377678213256,0.0
9.216000000000001,-0.2934107725355466,0.0,-0.37511266925983505,0.0,1.7112608457981233,0.0
9.218,-0.294157571156448,0.0,-0.3716838569311865,0.0,1.7175449749466254,0.0
9.22,-0.2948974996104989,0.0,-0.36824251545721587,0.0,1.7237899583742433,0.0
9.222,-0.29563053291782954,0.0,-0.3647887233255428,0.0,1.729995600052367,0.0
9.224,-0.29635664625593955,0.0,-0.3613225594149656,0.0,1.7361617048222897,0.0
9.226,-0.297075814960474,0.0,-0.3578441029937325,0.0,1.7422880784010375,0.0
9.228,-0.29778801452600256,0.0,-0.35435343371777717,0.0,1.7483745273872264,0.0
9.23,-0.2984932206067945,0.0,-0.35085063162894203,0.0,1.7544208592669075,0.0
9.232,-0.2991914090175851,0.0,-0.34733577715321534,0.0,1.7604268824193394,0.0
9.234,-0.29988255573434636,0.0,-0.34380895109891835,0.0,1.7663924061228107,0.0
9.236,-0.30056663689504665,0.0,-0.3402702346549174,0.0,1.7723172405603889,0.0
9.238,-0.30124362880040984,0.0,-0.33671970938881046,0.0,1.7782011968256626,0.0
9.24,-0.301913507914675,0.0,-0.33315745724507784,0.0,1.7840440869285095,0.0
9.242,-0.30257625086634343,0.0,-0.32958356054326915,0.0,1.7898457238007663,0.0
9.244,-0.30323183444892937,0.0,-0.3259981019761439,0.0,1.795605921301937,0.0
9.246,-0.30388023562170546,0.0,-0.3224011646078021,0.0,1.8013244942248736,0.0
9.248,-0.3045214315104406,0.0,-0.31879283187183066,0.0,1.807001258301399,0.0
9.25,-0.30515539940814024,0.0,-0.3151731875693986,0.0,1.81263603020797,0.0
9.252,-0.30578211677577727,0.0,-0.3115423158673805,0.0,1.818228627571258,0.0
9.254,-0.30640156124302226,0.0,-0.307900301296443,0.0,1.8237788689737497,0.0
9.256,-0.30701371060897054,0.0,-0.30424722874911925,0.0,1.8292865739593271,0.0
9.258000000000001,-0.3076185428428618,0.0,-0.3005831834778965,0.0,1.8347515630387887,0.0
9.26,-0.3082160360847985,0.0,-0.29690825109326874,0.0,1.8401736576953902,0.0
9.262,-0.30880616864646226,0.0,-0.29322251756177886,0.0,1.8455526803903561,0.0
9.264,-0.30938891901182014,0.0,-0.2895260692040749,0.0,1.8508884545683375,0.0
9.266,-0.30996426583783526,0.0,-0.28581899269291483,0.0,1.856180804662907,0.0
9.268,-0.31053218795516435,0.0,-0.2821013750512116,0.0,1.8614295561019565,0.0
9.27,-0.31109266436885935,0.0,-0.27837330365001556,0.0,1.8666345353131453,0.0
9.272,-0.3116456742590617,0.0,-0.27463486620651245,0.0,1.8717955697292927,0.0
9.274000000000001,-0.31219119698169073,0.0,-0.2708861507820205,0.0,1.8769124877937329,0.0
9.276,-0.3127292120691304,0.0,-0.2671272457799563,0.0,1.881985118965671,0.0
9.278,-0.31325969923091346,0.0,-0.2633582399437897,0.0,1.8870132937255264,0.0
9.28,-0.31378263835439624,0.0,-0.25957922235501485,0.0,1.8919968435802081,0.0
9.282,-0.3142980095054359,0.0,-0.2557902824310706,0.0,1.8969356010684257,0.0
9.284,-0.3148057929290576,0.0,-0.2519915099232899,0.0,1.9018293997659201,0.0
9.286,-0.31530596905012115,0.0,-0.24818299491481297,0.0,1.9066780742907121,0.0
9.288,-0.31579851847398416,0.0,-0.2443648278184895,0.0,1.9114814603083214,0.0
9.290000000000001,-0.31628342198715653,0.0,-0.2405370993747942,0.0,1.9162393945369345,0.0
9.292,-0.31676066055795515,0.0,-0.23669990064970842,0.0,1.9209517147525763,0.0
9.294,-0.3172302153371534,0.0,-0.23285332303259126,0.0,1.9256182597942622,0.0
9.296,-0.317692067658624,0.0,-0.2289974582340675,0.0,1.9302388695690897,0.0
9.298,-0.3181461990399816,0.0,-0.2251323982838615,0.0,1.934813385057356,0.0
9.3,-0.31859259118321626,0.0,-0.22125823552867635,0.0,1.9393416483175965,0.0
9.302,-0.3190312259753269,0.0,-0.2173750626300071,0.0,1.943823502491647,0.0
9.304,-0.31946208548894967,0.0,-0.2134829725619724,0.0,1.9482587918096639,0.0
9.306000000000001,-0.31988515198297834,0.0,-0.20958205860914625,0.0,1.9526473615950968,0.0
9.308,-0.3203004079031847,0.0,-0.20567241436435815,0.0,1.9569890582696694,0.0
9.31,-0.3207078358828335,0.0,-0.20175413372648382,0.0,1.961283729358329,0.0
9.312,-0.32110741874329024,0.0,-0.1978273108982525,0.0,1.96553122349414,0.0
9.314,-0.3214991394946291,0.0,-0.19389204038400432,0.0,1.9697313904232048,0.0
9.316,-0.3218829813362317,0.0,-0.1899484169874781,0.0,1.9738840810095026,0.0
9.318,-0.3222589276573848,0.0,-0.18599653580956313,0.0,1.9779891472397415,0.0
9.32,-0.32262696203787294,0.0,-0.1820364922460399,0.0,1.982046442228182,0.0
9.322000000000001,-0.32298706824856455,0.0,-0.1780683819853374,0.0,1.9860558202214043,0.0
9.324,-0.32333923025199557,0.0,-0.17409230100625508,0.0,1.990017136603083,0.0
9.326,-0.323683432202949,0.0,-0.17010834557567278,0.0,1.9939302478987289,0.0
9.328,-0.324019658449026,0.0,-0.16611661224629615,0.0,1.9977950117803682,0.0
9.33,-0.3243478935312194,0.0,-0.16211719785430523,0.0,2.0016112870712743,0.0
9.332,-0.32466812218447383,0.0,-0.15811019951710664,0.0,2.005378933750566,0.0
9.334,-0.324980329338249,0.0,-0.15409571463097788,0.0,2.009097812957878,0.0
9.336,-0.32528450011707416,0.0,-0.15007384086874703,0.0,2.0127677869979475,0.0
9.338000000000001,-0.3255806198410987,0.0,-0.1460446761774723,0.0,2.0163887193451853,0.0
9.34,-0.32586867402663794,0.0,-0.1420083187760897,0.0,2.019960474648221,0.0
9.342,-0.3261486483867159,0.0,-0.13796486715305134,0.0,2.0234829187344365,0.0
9.344,-0.3264205288316001,0.0,-0.13391442006398352,0.0,2.0269559186144352,0.0
9.346,-0.3266843014693355,0.0,-0.1298570765292931,0.0,2.0303793424865284,0.0
9.348,-0.3269399526062699,0.0,-0.12579293583180723,0.0,2.03375305974115,0.0
9.35,-0.32718746874757704,0.0,-0.1217220975143766,0.0,2.037076940965274,0.0
9.352,-0.3274268365977754,0.0,-0.11764466137746907,0.0,2.040350857946801,0.0
9.354000000000001,-0.32765804306123897,0.0,-0.11356072747678078,0.0,2.04357468367889,0.0
9.356,-0.32788107524270665,0.0,-0.10947039612081269,0.0,2.0467482923642946,0.0
9.358,-0.3280959204477858,0.0,-0.10537376786843553,0.0,2.049871559419661,0.0
9.36,-0.3283025661834485,0.0,-0.10127094352649249,0.0,2.0529443614797653,0.0
9.362,-0.32850100015852807,0.0,-0.09716202414730353,0.0,2.055966576401795,0.0
9.364,-0.3286912102842047,0.0,-0.09304711102627748,0.0,2.058938083269507,0.0
9.366,-0.32887318467449067,0.0,-0.08892630569941391,0.0,2.061858762397433,0.0
9.368,-0.3290469116467093,0.0,-0.08479970994084327,0.0,2.064728495335031,0.0
9.370000000000001,-0.3292123797219676,0.0,-0.08066742576036748,0.0,2.067547164870784,0.0
9.372,-0.3293695776256263,0.0,-0.0765295554009691,0.0,2.070314655036304,0.0
9.374,-0.3295184942877629,0.0,-0.07238620133631213,0.0,2.0730308511103894,0.0
9.376,-0.3296591188436309,0.0,-0.06823746626826416,0.0,2.075695639623048,0.0
9.378,-0.32979144063411375,0.0,-0.06408345312436649,0.0,2.078308908359506,0.0
9.38,-0.3299154492061734,0.0,-0.05992426505534023,0.0,2.0808705463641677,0.0
9.382,-0.3300311343132944,0.0,-0.055760005432555264,0.0,2.083380443944559,0.0
9.384,-0.33013848591592265,0.0,-0.05159077784549115,0.0,2.0858384926752414,0.0
9.386000000000001,-0.3302374941818989,0.0,-0.047416686099216926,0.0,2.088244585401678,0.0
9.388,-0.33032814948688743,0.0,-0.04323783421183665,0.0,2.090598616244089,0.0
9.39,-0.3304104424147999,0.0,-0.03905432641192406,0.0,2.0929004806012745,0.0
9.392,-0.3304843637582132,0.0,-0.0348662671359973,0.0,2.0951500751543817,0.0
9.394,-0.33054990451878324,0.0,-0.03067376102589417,0.0,2.097347297870684,0.0
9.396,-0.3306070559076527,0.0,-0.02647691292625829,0.0,2.0994920480072814,0.0
9.398,-0.3306558093458541,0.0,-0.022275827881914366,0.0,2.101584226114806,0.0
9.4,-0.3306961564647078,0.0,-0.018070611135283264,0.0,2.103623734041087,0.0
9.402000000000001,-0.33072808910621443,0.0,-0.013861368123798887,0.0,2.1056104749347657,0.0
9.404,-0.3307515993234421,0.0,-0.00964820447729408,0.0,2.1075443532489055,0.0
9.406,-0.33076667938090915,0.0,-0.005431226015379195,0.0,2.109425274744556,0.0
9.408,-0.3307733217549605,0.0,-0.0012105387448434757,0.0,2.111253146494281,0.0
9.41,-0.3307715191341396,0.0,0.0030137511429952912,0.0,2.113027876885669,0.0
9.412,-0.3307612644195551,0.0,0.007241537274903509,0.0,2.1147493756248,0.0
9.414,-0.33074255072524167,0.0,0.011472713098381077,0.0,2.1164175537396797,0.0
9.416,-0.3307153713785161,0.0,0.015707171884317625,0.0,2.1180323235836536,0.0
9.418000000000001,-0.3306797199203276,0.0,0.019944806729631698,0.0,2.119593598838773,0.0
9.42,-0.3306355901056039,0.0,0.024185510559925433,0.0,2.121101294519136,0.0
9.422,-0.33058297590358954,0.0,0.02842917613219384,0.0,2.1225553269742043,0.0
9.424,-0.3305218714981828,0.0,0.03267569603743316,0.0,2.1239556138920634,0.0
9.426,-0.33045227128826243,0.0,0.03692496270339292,0.0,2.1253020743026823,0.0
9.428,-0.3303741698880137,0.0,0.041176868397197336,0.0,2.126594628581106,0.0
9.43,-0.3302875621272455,0.0,0.045431305228080296,0.0,2.1278331984506424,0.0
9.432,-0.330192443051704,0.0,0.04968816515007923,0.0,2.1290177069860032,0.0
9.434000000000001,-0.33008880792338013,0.0,0.05394733996472603,0.0,2.130148078616412,0.0
9.436,-0.32997665222081224,0.0,0.05820872132376807,0.0,2.131224239128678,0.0
9.438,-0.3298559716393825,0.0,0.062472200731895536,0.0,2.132246115670247,0.0
9.44,-0.3297267620916086,0.0,0.06673766954944446,0.0,2.133213636752199,0.0
9.442,-0.32958901970742954,0.0,0.07100501899515146,0.0,2.1341267322522333,0.0
9.444,-0.32944274083448627,0.0,0.07527414014886841,0.0,2.1349853334176023,0.0
9.446,-0.3292879220383967,0.0,0.07954492395431355,0.0,2.135789372868022,0.0
9.448,-0.3291245601030248,0.0,0.0838172612218288,0.0,2.136538784598549,0.0
9.450000000000001,-0.32895265203074503,0.0,0.08809104263111746,0.0,2.137233503982409,0.0
9.452,-0.3287721950427019,0.0,0.09236615873399821,0.0,2.1378734677738143,0.0
9.454,-0.3285831865790595,0.0,0.09664249995721112,0.0,2.1384586141107222,0.0
9.456,-0.3283856242992538,0.0,0.1009199566051254,0.0,2.1389888825175793,0.0
9.458,-0.32817950608223007,0.0,0.10519841886257178,0.0,2.1394642139080187,0.0
9.46,-0.3279648300266824,0.0,0.10947777679758773,0.0,2.1398845505875275,0.0
9.462,-0.3277415944512829,0.0,0.11375792036421574,0.0,2.1402498362560785,0.0
9.464,-0.327509797894907,0.0,0.11803873940530388,0.0,2.140560016010726,0.0
9.466000000000001,-0.3272694391168534,0.0,0.1223201236552846,0.0,2.1408150363481693,0.0
9.468,-0.3270205170970584,0.0,0.12660196274298532,0.0,2.1410148451672777,0.0
9.47,-0.32676303103630344,0.0,0.13088414619444474,0.0,2.141159391771584,0.0
9.472,-0.32649698035641866,0.0,0.1351665634357031,0.0,2.141248626871739,0.0
9.474,-0.3262223647004795,0.0,0.13944910379564318,0.0,2.141282502587935,0.0
9.476,-0.3259391839329986,0.0,0.14373165650879077,0.0,2.1412609724522875,0.0
9.478,-0.32564743814011166,0.0,0.14801411071814946,0.0,2.1411839914111863,0.0
9.48,-0.3253471276297571,0.0,0.15229635547804118,0.0,2.141051515827614,0.0
9.482,-0.3250382529318517,0.0,0.1565782797569201,0.0,2.1408635034834194,0.0
9.484,-0.32472081479845816,0.0,0.16085977244023703,0.0,2.1406199135815642,0.0
9.486,-0.32439481420394883,0.0,0.16514072233326532,0.0,2.140320706748323,0.0
9.488,-0.3240602523451647,0.0,0.16942101816394728,0.0,2.139965845035466,0.0
9.49,-0.32371713064156415,0.0,0.17370054858577413,0.0,2.1395552919223846,0.0
9.492,-0.32336545073537126,0.0,0.1779792021806128,0.0,2.1390890123181903,0.0
9.494,-0.32300521449171626,0.0,0.18225686746158049,0.0,2.1385669725637837,0.0
9.496,-0.3226364239987681,0.0,0.18653343287591795,0.0,2.137989140433872,0.0
9.498,-0.3222590815678663,0.0,0.19080878680783953,0.0,2.13735548513897,0.0
9.5,-0.32187318973364115,0.0,0.1950828175814296,0.0,2.136665977327339,0.0
9.502,-0.3214787512541335,0.0,0.19935541346349955,0.0,2.135920589086918,0.0
9.504,-0.32107576911090546,0.0,0.20362646266647783,0.0,2.1351192939471955,0.0
9.506,-0.32066424650914543,0.0,0.20789585335130412,0.0,2.1342620668810524,0.0
9.508000000000001,-0.3202441868777697,0.0,0.21216347363029958,0.0,2.133348884306574,0.0
9.51,-0.3198155938695162,0.0,0.21642921157006823,0.0,2.1323797240888167,0.0
9.512,-0.31937847136103226,0.0,0.2206929551944018,0.0,2.1313545655415376,0.0
9.514,-0.3189328234529589,0.0,0.22495459248715738,0.0,2.130273389428897,0.0
9.516,-0.31847865447000573,0.0,0.2292140113951875,0.0,2.1291361779671116,0.0
9.518,-0.31801596896102496,0.0,0.2334710998312122,0.0,2.127942914826082,0.0
9.52,-0.317544771699074,0.0,0.23772574567675553,0.0,2.126693585130969,0.0
9.522,-0.31706506768147563,0.0,0.24197783678505447,0.0,2.1253881754637467,0.0
9.524000000000001,-0.3165768621298728,0.0,0.24622726098395886,0.0,2.1240266738647113,0.0
9.526,-0.31608016049027554,0.0,0.2504739060788586,0.0,2.1226090698339517,0.0
9.528,-0.3155749684331025,0.0,0.254717659855614,0.0,2.121135354332783,0.0
9.53,-0.31506129185321885,0.0,0.25895841008345843,0.0,2.1196055197851495,0.0
9.532,-0.31453913686996415,0.0,0.2631960445179486,0.0,2.1180195600789755,0.0
9.534,-0.31400850982717904,0.0,0.2674304509038734,0.0,2.116377470567498,0.0
9.536,-0.3134694172932231,0.0,0.2716615169781945,0.0,2.1146792480705403,0.0
9.538,-0.31292186606098604,0.0,0.2758891304729899,0.0,2.112924890875762,0.0
9.540000000000001,-0.31236586314789716,0.0,0.28011317911837263,0.0,2.111114398739872,0.0
9.542,-0.31180141579592496,0.0,0.28433355064543947,0.0,2.109247772889792,0.0
9.544,-0.31122853147157126,0.0,0.28855013278922076,0.0,2.10732501602379,0.0
9.546,-0.3106472178658628,0.0,0.292762813291604,0.0,2.1053461323125813,0.0
9.548,-0.3100574828943312,0.0,0.2969714799043061,0.0,2.1033111274003713,0.0
9.55,-0.3094593346969953,0.0,0.30117602039178926,0.0,2.101220008405891,0.0
9.552,-0.308852781638328,0.0,0.305376322534237,0.0,2.099072783923363,0.0
9.554,-0.3082378323072232,0.0,0.30957227413050387,0.0,2.0968694640234458,0.0
9.556000000000001,-0.3076144955169568,0.0,0.3137637630010536,0.0,2.0946100602541393,0.0
9.558,-0.30698278030514015,0.0,0.3179506769909243,0.0,2.0922945856416515,0.0
9.56,-0.3063426959336661,0.0,0.3221329039726943,0.0,2.0899230546912158,0.0
9.562,-0.3056942518886537,0.0,0.3263103318494198,0.0,2.0874954833878907,0.0
9.564,-0.3050374578803816,0.0,0.3304828485576203,0.0,2.085011889197297,0.0
9.566,-0.3043723238432209,0.0,0.3346503420702178,0.0,2.0824722910663382,0.0
9.568,-0.3036988599355575,0.0,0.3388127003995106,0.0,2.0798767094238686,0.0
9.57,-0.30301707653970983,0.0,0.34296981160014584,0.0,2.0772251661813215,0.0
9.572000000000001,-0.3023269842618435,0.0,0.3471215637720678,0.0,2.0745176847333116,0.0
9.574,-0.3016285939318766,0.0,0.3512678450634936,0.0,2.07175428995819,0.0
9.576,-0.30092191660337764,0.0,0.35540854367389285,0.0,2.0689350082185465,0.0
9.578,-0.3002069635534674,0.0,0.3595435478569222,0.0,2.066059867361721,0.0
9.58,-0.29948374628269575,0.0,0.3636727459234491,0.0,2.0631288967201904,0.0
9.582,-0.2987522765149377,0.0,0.3677960262444635,0.0,2.0601421271120266,0.0
9.584,-0.2980125661972606,0.0,0.37191327725408807,0.0,2.057099590841217,0.0
9.586,-0.2972646274997972,0.0,0.3760243874525459,0.0,2.0540013216979953,0.0
9.588000000000001,-0.29650847281561293,0.0,0.3801292454091184,0.0,2.050847354959136,0.0
9.59,-0.295744114760563,0.0,0.3842277397651271,0.0,2.0476377273881896,0.0
9.592,-0.29497156617314385,0.0,0.3883197592369161,0.0,2.0443724772356795,0.0
9.594,-0.29419084011434393,0.0,0.39240519261880635,0.0,2.0410516442392876,0.0
9.596,-0.29340194986748047,0.0,0.3964839287860931,0.0,2.037675269623958,0.0
9.598,-0.2926049089380382,0.0,0.40055585669799987,0.0,2.0342433961020006,0.0
9.6,-0.2917997310534968,0.0,0.40462086540066244,0.0,2.030756067873133,0.0
9.602,-0.29098643016315323,0.0,0.40867884403011184,0.0,2.0272133306244826,0.0
9.604000000000001,-0.2901650204379411,0.0,0.41272968181523234,0.0,2.023615231530566,0.0
9.606,-0.2893355162702411,0.0,0.41677326808074444,0.0,2.019961819253216,0.0
9.608,-0.288497932273684,0.0,0.4208094922501909,0.0,2.016253143941459,0.0
9.61,-0.2876522832829567,0.0,0.42483824384887714,0.0,2.012489257231396,0.0
9.612,-0.28679858435358485,0.0,0.42885941250689874,0.0,2.008670212245967,0.0
9.614,-0.2859368507617325,0.0,0.4328728879620553,0.0,2.0047960635947737,0.0
9.616,-0.2850670980039756,0.0,0.4368785600628638,0.0,2.0008668673737806,0.0
9.618,-0.28418934179707855,0.0,0.44087631877152456,0.0,1.996882681165006,0.0
9.620000000000001,-0.28330359807776734,0.0,0.4448660541668793,0.0,1.9928435640361963,0.0
9.622,-0.2824098830024906,0.0,0.44884765644739055,0.0,1.9887495765404242,0.0
9.624,-0.28150821294717665,0.0,0.45282101593412094,0.0,1.9846007807156598,0.0
9.626,-0.28059860450698865,0.0,0.4567860230736815,0.0,1.9803972400843213,0.0
9.628,-0.2796810744960664,0.0,0.4607425684412241,0.0,1.976139019652749,0.0
9.63,-0.27875563994727,0.0,0.4646905427433878,0.0,1.9718261859106794,0.0
9.632,-0.2778223181119124,0.0,0.46862983682127424,0.0,1.9674588068306522,0.0
9.634,-0.2768811264594855,0.0,0.4725603416534209,0.0,1.9630369518673774,0.0
9.636000000000001,-0.27593208267738606,0.0,0.476481948358748,0.0,1.9585606919570893,0.0
9.638,-0.2749752046706303,0.0,0.4803945481995287,0.0,1.954030099516834,0.0
9.64,-0.2740105105615614,0.0,0.4842980325843621,0.0,1.9494452484437124,0.0
9.642,-0.2730380186895619,0.0,0.48819229307109857,0.0,1.9448062141141385,0.0
9.644,-0.27205774761073936,0.0,0.4920772213698504,0.0,1.9401130733829497,0.0
9.646,-0.27106971609763336,0.0,0.4959527093458893,0.0,1.9353659045826184,0.0
9.648,-0.2700739431388925,0.0,0.4998186490226403,0.0,1.9305647875223004,0.0
9.65,-0.26907044793895657,0.0,0.5036749325846279,0.0,1.9257098034869011,0.0
9.652000000000001,-0.26805924991773467,0.0,0.5075214523804131,0.0,1.9208010352361087,0.0
9.654,-0.26704036871027276,0.0,0.5113581009255508,0.0,1.9158385670033657,0.0
9.656,-0.26601382416641334,0.0,0.5151847709055424,0.0,1.9108224844947919,0.0
9.658,-0.26497963635045924,0.0,0.5190013551787641,0.0,1.9057528748881143,0.0
9.66,-0.2639378255408176,0.0,0.522807746779428,0.0,1.9006298268314927,0.0
9.662,-0.2628884122296515,0.0,0.5266038389205041,0.0,1.8954534304423665,0.0
9.664,-0.26183141712251656,0.0,0.5303895249966658,0.0,1.8902237773062225,0.0
9.666,-0.2607668611379931,0.0,0.5341646985872323,0.0,1.8849409604753269,0.0
9.668000000000001,-0.2596947654073165,0.0,0.5379292534590876,0.0,1.8796050744674375,0.0
9.67,-0.25861515127400214,0.0,0.5416830835696053,0.0,1.8742162152644786,0.0
9.672,-0.2575280402934497,0.0,0.5454260830696118,0.0,1.8687744803111035,0.0
9.674,-0.2564334542325707,0.0,0.5491581463062534,0.0,1.8632799685133636,0.0
9.676,-0.25533141506937407,0.0,0.5528791678259793,0.0,1.8577327802371508,0.0
9.678,-0.25422194499258227,0.0,0.5565890423774043,0.0,1.8521330173067931,0.0
9.68,-0.25310506640121244,0.0,0.560287664914258,0.0,1.846480783003453,0.0
9.682,-0.2519808019041654,0.0,0.5639749305982937,0.0,1.8407761820635633,0.0
9.684000000000001,-0.2508491743198103,0.0,0.5676507348021841,0.0,1.8350193206772258,0.0
9.686,-0.24971020667555754,0.0,0.5713149731124332,0.0,1.8292103064865435,0.0
9.688,-0.24856392220742604,0.0,0.574967541332289,0.0,1.8233492485839116,0.0
9.69,-0.24741034435961198,0.0,0.5786083354846219,0.0,1.8174362575103078,0.0
9.692,-0.24624949678404093,0.0,0.5822372518148418,0.0,1.8114714452534852,0.0
9.694,-0.2450814033399247,0.0,0.5858541867937717,0.0,1.8054549252461827,0.0
9.696,-0.24390608809330608,0.0,0.5894590371205438,0.0,1.7993868123642602,0.0
9.698,-0.24272357531659597,0.0,0.5930516997254907,0.0,1.7932672229247881,0.0
9.700000000000001,-0.2415338894881129,0.0,0.5966320717730141,0.0,1.7870962746841348,0.0
9.702,-0.2403370552916136,0.0,0.6002000506644561,0.0,1.7808740868360018,0.0
9.704,-0.23913309761580404,0.0,0.6037555340410063,0.0,1.7746007800093473,0.0
9.706,-0.23792204155387514,0.0,0.607298419786519,0.0,1.7682764762664283,0.0
9.708,-0.23670391240299818,0.0,0.6108286060304241,0.0,1.76190129910062,0.0
9.71,-0.23547873566384106,0.0,0.6143459911505578,0.0,1.7554753734343405,0.0
9.712,-0.23424653704006504,0.0,0.6178504737760281,0.0,1.748998825616859,0.0
9.714,-0.23300734243781726,0.0,0.6213419527900745,0.0,1.7424717834220722,0.0
9.716000000000001,-0.2317611779652242,0.0,0.6248203273328993,0.0,1.735894376046282,0.0
9.718,-0.23050806993187262,0.0,0.6282854968045174,0.0,1.7292667341058907,0.0
9.72,-0.2292480448482847,0.0,0.6317373608676032,0.0,1.7225889896350604,0.0
9.722,-0.22798112942539547,0.0,0.6351758194503048,0.0,1.7158612760833747,0.0
9.724,-0.22670735057401245,0.0,0.6386007727490924,0.0,1.7090837283133973,0.0
9.726,-0.2254267354042822,0.0,0.6420121212315653,0.0,1.7022564825982542,0.0
9.728,-0.2241393112251425,0.0,0.6454097656392772,0.0,1.6953796766191374,0.0
9.73,-0.22284510554376924,0.0,0.6487936069905581,0.0,1.6884534494627652,0.0
9.732,-0.22154414606502593,0.0,0.6521635465833047,0.0,1.6814779416188492,0.0
9.734,-0.22023646069089492,0.0,0.6555194859978034,0.0,1.6744532949774573,0.0
9.736,-0.21892207751991474,0.0,0.6588613270995141,0.0,1.6673796528263942,0.0
9.738,-0.2176010248466089,0.0,0.6621889720418613,0.0,1.6602571598485354,0.0
9.74,-0.21627333116089764,0.0,0.665502323269042,0.0,1.653085962119052,0.0
9.742,-0.2149390251475237,0.0,0.6688012835187837,0.0,1.64586620710271,0.0
9.744,-0.2135981356854584,0.0,0.672085755825131,0.0,1.6385980436510474,0.0
9.746,-0.21225069184730372,0.0,0.675355643521223,0.0,1.6312816219995279,0.0
9.748,-0.21089672289869751,0.0,0.678610850242042,0.0,1.6239170937646956,0.0
9.75,-0.20953625829769987,0.0,0.6818512799271914,0.0,1.616504611941225,0.0
9.752,-0.20816932769418756,0.0,0.6850768368236322,0.0,1.6090443308990023,0.0
9.754,-0.20679596092923377,0.0,0.6882874254884384,0.0,1.6015364063801198,0.0
9.756,-0.2054161880344823,0.0,0.6914829507915445,0.0,1.5939809954958304,0.0
9.758000000000001,-0.20403003923152485,0.0,0.6946633179184675,0.0,1.5863782567235114,0.0
9.76,-0.20263754493126415,0.0,0.6978284323730425,0.0,1.578728349903542,0.0
9.762,-0.2012387357332719,0.0,0.7009781999801523,0.0,1.5710314362361426,0.0
9.764,-0.19983364242515045,0.0,0.7041125268884292,0.0,1.563287678278229,0.0
9.766,-0.19842229598187397,0.0,0.707231319572983,0.0,1.5554972399401412,0.0
9.768,-0.19700472756514387,0.0,0.7103344848380836,0.0,1.5476602864824478,0.0
9.77,-0.19558096852271833,0.0,0.7134219298198742,0.0,1.539776984512594,0.0
9.772,-0.19415105038774733,0.0,0.7164935619890626,0.0,1.531847501981574,0.0
9.774000000000001,-0.19271500487810542,0.0,0.719549289153592,0.0,1.5238720081805828,0.0
9.776,-0.19127286389571213,0.0,0.7225890194613264,0.0,1.515850673737591,0.0
9.778,-0.18982465952584573,0.0,0.725612661402725,0.0,1.507783670613873,0.0
9.78,-0.18837042403646312,0.0,0.7286201238134918,0.0,1.499671172100565,0.0
9.782,-0.18691018987749794,0.0,0.7316113158772489,0.0,1.4915133528150886,0.0
9.784,-0.1854439896801699,0.0,0.7345861471281697,0.0,1.4833103886976307,0.0
9.786,-0.1839718562562772,0.0,0.7375445274536276,0.0,1.4750624570075241,0.0
9.788,-0.18249382259748523,0.0,0.740486367096838,0.0,1.4667697363195935,0.0
9.790000000000001,-0.18100992187461767,0.0,0.743411576659471,0.0,1.4584324065205116,0.0
9.792,-0.17952018743693438,0.0,0.7463200671042793,0.0,1.450050648805071,0.0
9.794,-0.1780246528114033,0.0,0.7492117497577166,0.0,1.4416246456724133,0.0
9.796,-0.17652335170197786,0.0,0.7520865363125278,0.0,1.4331545809222854,0.0
9.798,-0.1750163179888521,0.0,0.7549443388303643,0.0,1.4246406396511564,0.0
9.8,-0.1735035857277322,0.0,0.7577850697443526,0.0,1.4160830082484257,0.0
9.802,-0.17198518914908123,0.0,0.7606086418616932,0.0,1.4074818743924662,0.0
9.804,-0.17046116265736944,0.0,0.7634149683662332,0.0,1.398837427046694,0.0
9.806000000000001,-0.16893154083032394,0.0,0.7662039628210225,0.0,1.390149856455627,0.0
9.808,-0.16739635841816428,0.0,0.7689755391708777,0.0,1.3814193541408533,0.0
9.81,-0.1658556503428333,0.0,0.7717296117449377,0.0,1.3726461128969702,0.0
9.812,-0.16430945169723346,0.0,0.7744660952591931,0.0,1.3638303267875374,0.0
9.814,-0.16275779774444193,0.0,0.7771849048190345,0.0,1.3549721911409134,0.0
9.816,-0.16120072391693682,0.0,0.7798859559217645,0.0,1.346071902546137,0.0
9.818,-0.1596382658158077,0.0,0.7825691644591221,0.0,1.3371296588487183,0.0
9.82,-0.15807045920996074,0.0,0.7852344467197944,0.0,1.3281456591463878,0.0
9.822000000000001,-0.1564973400353291,0.0,0.7878817193919082,0.0,1.3191201037848705,0.0
9.824,-0.15491894439406817,0.0,0.7905108995655258,0.0,1.3100531943535632,0.0
9.826,-0.15333530855374464,0.0,0.7931219047351352,0.0,1.3009451336811697,0.0
9.828,-0.15174646894653893,0.0,0.7957146528021041,0.0,1.2917961258314068,0.0
9.83,-0.15015246216840708,0.0,0.7982890620771775,0.0,1.282606376098466,0.0
9.832,-0.14855332497828383,0.0,0.8008450512828985,0.0,1.2733760910027097,0.0
9.834,-0.1469490942972402,0.0,0.8033825395560801,0.0,1.2641054782860932,0.0
9.836,-0.14533980720765524,0.0,0.8059014464502408,0.0,1.2547947469076626,0.0
9.838000000000001,-0.1437255009523855,0.0,0.808401691938025,0.0,1.2454441070390343,0.0
9.84,-0.14210621293392112,0.0,0.810883196413629,0.0,1.2360537700597858,0.0
9.842,-0.1404819807135369,0.0,0.8133458806952184,0.0,1.226623948552813,0.0
9.844,-0.13885284201044987,0.0,0.8157896660273157,0.0,1.2171548562997163,0.0
9.846,-0.1372188347009551,0.0,0.8182144740832097,0.0,1.2076467082760542,0.0
9.848,-0.13557999681757382,0.0,0.8206202269673243,0.0,1.1980997206466593,0.0
9.85,-0.1339363665481852,0.0,0.8230068472175988,0.0,1.1885141107608548,0.0
9.852,-0.13228798223515362,0.0,0.8253742578078562,0.0,1.1788900971476337,0.0
9.854000000000001,-0.13063488237446147,0.0,0.8277223821501486,0.0,1.169227899510867,0.0
9.856,-0.12897710561482686,0.0,0.8300511440971067,0.0,1.1595277387244134,0.0
9.858,-0.12731469075681534,0.0,0.8323604679442806,0.0,1.1497898368271877,0.0
9.86,-0.12564767675196614,0.0,0.834650278432448,0.0,1.140014417018309,0.0
9.862,-0.12397610270187644,0.0,0.836920500749956,0.0,1.1302017036519916,0.0
9.864,-0.12230000785732939,0.0,0.8391710605349976,0.0,1.1203519222326899,0.0
9.866,-0.12061943161737507,0.0,0.8414018838779254,0.0,1.1104652994099569,0.0
9.868,-0.11893441352842649,0.0,0.8436128973235356,0.0,1.1005420629733846,0.0
9.870000000000001,-0.11724499328335426,0.0,0.8458040278733352,0.0,1.0905824418475305,0.0
9.872,-0.11555121072056741,0.0,0.8479752029878104,0.0,1.0805866660867545,0.0
9.874,-0.11385310582308951,0.0,0.8501263505886862,0.0,1.07055496687002,0.0
9.876,-0.1121507187176424,0.0,0.85225739906116,0.0,1.0604875764957367,0.0
9.878,-0.11044408967370738,0.0,0.8543682772561474,0.0,1.0503847283764571,0.0
9.88,-0.10873325910259996,0.0,0.8564589144924935,0.0,1.0402466570336535,0.0
9.882,-0.10701826755652812,0.0,0.8585292405591913,0.0,1.030073598092383,0.0
9.884,-0.10529915572764638,0.0,0.8605791857175881,0.0,1.0198657882759274,0.0
9.886000000000001,-0.1035759644471159,0.0,0.8626086807035659,0.0,1.009623465400456,0.0
9.888,-0.10184873468414979,0.0,0.8646176567297286,0.0,0.9993468683695989,0.0
9.89,-0.10011750754505243,0.0,0.8666060454875747,0.0,0.9890362371689725,0.0
9.892,-0.09838232427227453,0.0,0.8685737791496415,0.0,0.9786918128607979,0.0
9.894,-0.09664322624342514,0.0,0.8705207903716773,0.0,0.9683138375782494,0.0
9.896,-0.09490025497032928,0.0,0.8724470122947493,0.0,0.9579025545200737,0.0
9.898,-0.09315345209803777,0.0,0.8743523785473889,0.0,0.9474582079449131,0.0
9.9,-0.09140285940385265,0.0,0.8762368232477022,0.0,0.9369810431657173,0.0
9.902000000000001,-0.08964851879635219,0.0,0.8781002810054679,0.0,0.9264713065441447,0.0
9.904,-0.08789047231440161,0.0,0.8799426869242304,0.0,0.9159292454848722,0.0
9.906,-0.08612876212615987,0.0,0.8817639766033868,0.0,0.9053551084298741,0.0
9.908,-0.0843634305280945,0.0,0.8835640861402451,0.0,0.8947491448527418,0.0
9.91,-0.08259451994397386,0.0,0.8853429521320929,0.0,0.8841116052528637,0.0
9.912,-0.08082207292387371,0.0,0.8871005116782328,0.0,0.8734427411496806,0.0
9.914,-0.07904613214316755,0.0,0.8888367023820223,0.0,0.8627428050768404,0.0
9.916,-0.07726674040151266,0.0,0.8905514623528991,0.0,0.8520120505763182,0.0
9.918000000000001,-0.07548394062184216,0.0,0.8922447302083851,0.0,0.8412507321925655,0.0
9.92,-0.0736977758493495,0.0,0.8939164450760854,0.0,0.8304591054666091,0.0
9.922,-0.07190828925044844,0.0,0.8955665465956887,0.0,0.8196374269299938,0.0
9.924,-0.07011552411177495,0.0,0.8971949749209204,0.0,0.8087859540989712,0.0
9.926,-0.0683195238391265,0.0,0.8988016707215295,0.0,0.7979049454683056,0.0
9.928,-0.06652033195645626,0.0,0.900386575185219,0.0,0.7869946605054028,0.0
9.93,-0.06471799210481724,0.0,0.901949630019597,0.0,0.7760553596441311,0.0
9.932,-0.06291254804132324,0.0,0.9034907774541043,0.0,0.7650873042787363,0.0
9.934000000000001,-0.061104043638109506,0.0,0.9050099602419213,0.0,0.7540907567577494,0.0
9.936,-0.059292522881279654,0.0,0.9065071216618747,0.0,0.7430659803778032,0.0
9.938,-0.05747802986984857,0.0,0.9079822055203309,0.0,0.7320132393774186,0.0
9.94,-0.055660608814694444,0.0,0.9094351561530659,0.0,0.7209327989308396,0.0
9.942,-0.053840304037487755,0.0,0.9108659184271384,0.0,0.7098249251417215,0.0
9.944,-0.052017159969635955,0.0,0.912274437742736,0.0,0.698689885036908,0.0
9.946,-0.05019122115121143,0.0,0.9136606600350174,0.0,0.6875279465601006,0.0
9.948,-0.04836253222987591,0.0,0.9150245317759439,0.0,0.6763393785654979,0.0
9.950000000000001,-0.04653113795981142,0.0,0.916365999976088,0.0,0.6651244508114711,0.0
9.952,-0.044697083200643965,0.0,0.9176850121864342,0.0,0.6538834339541859,0.0
9.954,-0.04286041291634265,0.0,0.9189815165001809,0.0,0.6426165995410689,0.0
9.956,-0.04102117217416084,0.0,0.9202554615544972,0.0,0.6313242200045253,0.0
9.958,-0.03917940614352166,0.0,0.921506796532304,0.0,0.6200065686553079,0.0
9.96,-0.037335160094940416,0.0,0.9227354711640131,0.0,0.6086639196761068,0.0
9.962,-0.03548847939892264,0.0,0.9239414357292678,0.0,0.5972965481149833,0.0
9.964,-0.03363940952486001,0.0,0.9251246410586704,0.0,0.585904729878783,0.0
9.966000000000001,-0.03178799603993453,0.0,0.9262850385354876,0.0,0.5744887417265946,0.0
9.968,-0.029934284608007553,0.0,0.9274225800973505,0.0,0.563048861263109,0.0
9.97,-0.02807832098850553,0.0,0.9285372182379429,0.0,0.5515853669319504,0.0
9.972,-0.026220151035315286,0.0,0.9296289060086651,0.0,0.5400985380090604,0.0
9.974,-0.024359820695656547,0.0,0.9306975970203003,0.0,0.5285886545959371,0.0
9.976,-0.022497376008970626,0.0,0.9317432454446513,0.0,0.5170559976129642,0.0
9.978,-0.020632863105792865,0.0,0.9327658060161759,0.0,0.5055008487926363,0.0
9.98,-0.018766328206621722,0.0,0.9337652340336042,0.0,0.49392349067275587,0.0
9.982000000000001,-0.016897817620795234,0.0,0.9347414853615412,0.0,0.4823242065896686,0.0
9.984,-0.015027377745360317,0.0,0.9356945164320551,0.0,0.4707032806714505,0.0
9.986,-0.013155055063917728,0.0,0.9366242842462614,0.0,0.4590609978309349,0.0
9.988,-0.011280896145510222,0.0,0.9375307463758744,0.0,0.44739764375900337,0.0
9.99,-0.009404947643454625,0.0,0.9384138609647673,0.0,0.43571350491752053,0.0
9.992,-0.007527256294211882,0.0,0.9392735867304991,0.0,0.4240088685324995,0.0
9.994,-0.005647868916232872,0.0,0.9401098829658402,0.0,0.41228402258710983,0.0
9.996,-0.0037668324088024722,0.0,0.9409227095402795,0.0,0.4005392558146683,0.0
9.998,-0.001884193750893939,0.0,0.9417120269015152,0.0,0.38877485769168807,0.0
10.0,-3.6739403974420594e-16,0.0,0.9424777960769378,0.0,0.3769911184307775,0.0
10.002,0.0018857017083187921,0.0,0.9432199783259263,0.0,0.3651883288390985,0.0
10.004,0.0037728641539281197,0.0,0.9439385340930896,0.0,0.35336677994831317,0.0
10.006,0.005661440025615369,0.0,0.9446334240562283,0.0,0.34152676348228167,0.0
10.008000000000001,0.007551381921566865,0.0,0.9453046094773242,0.0,0.3296685719947137,0.0
10.01,0.00944264235055837,0.0,0.9459520522045638,0.0,0.3177924988619983,0.0
10.012,0.011335173733151311,0.0,0.9465757146743521,0.0,0.30589883827599385,0.0
10.014,0.013228928402880733,0.0,0.9471755599132948,0.0,0.29398788523686775,0.0
10.016,0.01512385860746999,0.0,0.9477515515401872,0.0,0.2820599355457612,0.0
10.018,0.01701991651002374,0.0,0.9483036537679672,0.0,0.27011528579758814,0.0
10.02,0.018917054190252885,0.0,0.9488318314056693,0.0,0.2581542333736271,0.0
10.022,0.020815223645691217,0.0,0.9493360498603538,0.0,0.2461770764341613,0.0
10.024000000000001,0.02271437679291177,0.0,0.9498162751390236,0.0,0.23418411391111643,0.0
10.026,0.024614465468758846,0.0,0.9502724738505222,0.0,0.2221756455005941,0.0
10.028,0.026515441431585258,0.0,0.9507046132074258,0.0,0.2101519716553692,0.0
10.03,0.028417256362480773,0.0,0.9511126610279038,0.0,0.19811339357743635,0.0
10.032,0.030319861866525966,0.0,0.9514965857375808,0.0,0.1860602132103931,0.0
10.034,0.032223209474030526,0.0,0.9518563563713673,0.0,0.17399273323191541,0.0
10.036,0.034127250641790105,0.0,0.9521919425752855,0.0,0.16191125704611176,0.0
10.038,0.03603193675434771,0.0,0.9525033146082723,0.0,0.14981608877584396,0.0
10.040000000000001,0.03793721912524809,0.0,0.9527904433439713,0.0,0.1377075332550869,0.0
10.042,0.03984304899830868,0.0,0.953053300272502,0.0,0.12558589602117948,0.0
10.044,0.04174937754889542,0.0,0.9532918575022192,0.0,0.11345148330703965,0.0
10.046,0.04365615588518978,0.0,0.953506087761452,0.0,0.10130460203343009,0.0
10.048,0.045563335049481846,0.0,0.953695964400227,0.0,0.0891455598010536,0.0
10.05,0.0474708660194413,0.0,0.9538614613919756,0.0,0.07697466488278588,0.0
10.052,0.04937869970941955,0.0,0.9540025533352227,0.0,0.06479222621570253,0.0
10.054,0.05128678697174331,0.0,0.9541192154552632,0.0,0.05259855339315732,0.0
10.056000000000001,0.05319507859800687,0.0,0.9542114236058129,0.0,0.04039395665686455,0.0
10.058,0.05510352532038003,0.0,0.9542791542706535,0.0,0.028178746888875433,0.0
10.06,0.05701207781291996,0.0,0.9543223845652499,0.0,0.015953235603524643,0.0
10.062,0.05892068669287446,0.0,0.9543410922383595,0.0,0.003717734939428024,0.0
10.064,0.06082930252200921,0.0,0.9543352556736155,0.0,-0.008527442348679285,0.0
10.066,0.06273787580791974,0.0,0.9543048538911016,0.0,-0.020781982898010795,0.0
10.068,0.0646463570053604,0.0,0.9542498665489005,0.0,-0.03304557274591119,0.0
10.07,0.0665546965175783,0.0,0.9541702739446334,0.0,-0.045317897338075,0.0
10.072000000000001,0.06846284469763851,0.0,0.9540660570169749,0.0,-0.05759864153671552,0.0
10.074,0.07037075184976639,0.0,0.9539371973471548,0.0,-0.06988748962884551,0.0
10.076,0.07227836823069445,0.0,0.9537836771604384,0.0,-0.08218412533459639,0.0
10.078,0.0741856440509925,0.0,0.9536054793275954,0.0,-0.09448823181543124,0.0
10.08,0.07609252947644293,0.0,0.9534025873663389,0.0,-0.10679949168265561,0.0
10.082,0.07799897462936664,0.0,0.9531749854427622,0.0,-0.11911758700561399,0.0
10.084,0.07990492958999963,0.0,0.9529226583727447,0.0,-0.1314421993202185,0.0
10.086,0.08181034439785205,0.0,0.9526455916233433,0.0,-0.14377300963736991,0.0
10.088000000000001,0.08371516905306722,0.0,0.9523437713141705,0.0,-0.15610969845138306,0.0
10.09,0.08561935351779482,0.0,0.9520171842187449,0.0,-0.16845194574850866,0.0
10.092,0.08752284771756848,0.0,0.9516658177658343,0.0,-0.1807994310154899,0.0
10.094,0.08942560154267293,0.0,0.9512896600407691,0.0,-0.19315183324805457,0.0
10.096,0.09132756484953562,0.0,0.9508886997867464,0.0,-0.20550883095957306,0.0
10.098,0.09322868746210126,0.0,0.9504629264061096,0.0,-0.21787010218960867,0.0
10.1,0.0951289191732239,0.0,0.9500123299616129,0.0,-0.2302353245125898,0.0
10.102,0.09702820974606213,0.0,0.9495369011776623,0.0,-0.24260417504650403,0.0
10.104000000000001,0.09892650891546606,0.0,0.9490366314415455,0.0,-0.2549763304615466,0.0
10.106,0.10082376638937948,0.0,0.9485115128046337,0.0,-0.2673514669888726,0.0
10.108,0.10271993185024736,0.0,0.9479615379835721,0.0,-0.2797292604293873,0.0
10.11,0.10461495495640433,0.0,0.9473867003614477,0.0,-0.29210938616242044,0.0
10.112,0.10650878534350919,0.0,0.9467869939889346,0.0,-0.30449151915470457,0.0
10.114,0.1084013726259281,0.0,0.9461624135854304,0.0,-0.31687533396902334,0.0
10.116,0.11029266639816859,0.0,0.9455129545401623,0.0,-0.3292605047731986,0.0
10.118,0.11218261623629501,0.0,0.9448386129132774,0.0,-0.3416467053489587,0.0
10.120000000000001,0.11407117169934305,0.0,0.9441393854369187,0.0,-0.3540336091008117,0.0
10.122,0.11595828233074862,0.0,0.9434152695162743,0.0,-0.36642088906500997,0.0
10.124,0.11784389765977878,0.0,0.9426662632306092,0.0,-0.37880821791854147,0.0
10.126,0.11972796720295371,0.0,0.941892365334283,0.0,-0.39119526798806165,0.0
10.128,0.12161044046549015,0.0,0.9410935752577363,0.0,-0.40358171125897635,0.0
10.13,0.12349126694272924,0.0,0.9402698931084712,0.0,-0.4159672193844247,0.0
10.132,0.1253703961215792,0.0,0.9394213196720005,0.0,-0.42835146369436544,0.0
10.134,0.12724777748196212,0.0,0.9385478564127824,0.0,-0.44073411520469813,0.0
10.136000000000001,0.12912336049825046,0.0,0.9376495054751349,0.0,-0.45311484462631885,0.0
10.138,0.1309970946407192,0.0,0.9367262696841316,0.0,-0.4654933223742867,0.0
10.14,0.1328689293770012,0.0,0.9357781525464682,0.0,-0.47786921857701736,0.0
10.142,0.13473881417352476,0.0,0.9348051582513284,0.0,-0.4902422030853621,0.0
10.144,0.13660669849699383,0.0,0.9338072916711998,0.0,-0.5026119454819786,0.0
10.146,0.13847253181581937,0.0,0.9327845583627066,0.0,-0.5149781150903803,0.0
10.148,0.14033626360159787,0.0,0.9317369645673869,0.0,-0.527340380984304,0.0
10.15,0.1421978433305723,0.0,0.9306645172124712,0.0,-0.5396984119969717,0.0
10.152000000000001,0.1440572204850911,0.0,0.929567223911634,0.0,-0.5520518767303358,0.0
10.154,0.14591434455507996,0.0,0.9284450929657249,0.0,-0.5644004435644274,0.0
10.156,0.1477691650395165,0.0,0.9272981333634768,0.0,-0.576743780666716,0.0
10.158,0.1496216314478933,0.0,0.9261263547822004,0.0,-0.5890815560014091,0.0
10.16,0.15147169330170332,0.0,0.9249297675884468,0.0,-0.6014134373388987,0.0
10.162,0.15331930013590808,0.0,0.9237083828386645,0.0,-0.6137390922651046,0.0
10.164,0.1551644015004203,0.0,0.9224622122798212,0.0,-0.6260581881909146,0.0
10.166,0.15700694696158918,0.0,0.921191268350009,0.0,-0.6383703923616526,0.0
10.168000000000001,0.15884688610367734,0.0,0.9198955641790361,0.0,-0.6506753718664947,0.0
10.17,0.16068416853034326,0.0,0.9185751135889916,0.0,-0.6629727936479286,0.0
10.172,0.16251874386614665,0.0,0.9172299310947779,0.0,-0.6752623245113718,0.0
10.174,0.16435056175800916,0.0,0.9158600319046534,0.0,-0.6875436311344976,0.0
10.176,0.1661795718767362,0.0,0.9144654319207106,0.0,-0.6998163800769762,0.0
10.178,0.16800572391848126,0.0,0.9130461477393792,0.0,-0.7120802377898361,0.0
10.18,0.16982896760625846,0.0,0.911602196651871,0.0,-0.7243348706251558,0.0
10.182,0.17164925269143594,0.0,0.9101335966446191,0.0,-0.7365799448456316,0.0
10.184000000000001,0.17346652895522754,0.0,0.9086403663997009,0.0,-0.7488151266341427,0.0
10.186,0.17528074621019532,0.0,0.907122525295228,0.0,-0.761040082103391,0.0
10.188,0.17709185430175536,0.0,0.9055800934057199,0.0,-0.7732544773055753,0.0
10.19,0.17889980310967,0.0,0.90401309150246,0.0,-0.7854579782419725,0.0
10.192,0.18070454254956284,0.0,0.9024215410538214,0.0,-0.7976502508726875,0.0
10.194,0.18250602257441426,0.0,0.9008054642255805,0.0,-0.8098309611262701,0.0
10.196,0.18430419317607255,0.0,0.8991648838812033,0.0,-0.8219997749094474,0.0
10.198,0.18609900438676483,0.0,0.8974998235821064,0.0,-0.8341563581168618,0.0
10.200000000000001,0.1878904062806002,0.0,0.8958103075879086,0.0,-0.8463003766407603,0.0
10.202,0.18967834897507754,0.0,0.8940963608566544,0.0,-0.8584314963807224,0.0
10.204,0.19146278263261401,0.0,0.8923580090449967,0.0,-0.8705493832535375,0.0
10.206,0.19324365746203176,0.0,0.8905952785084046,0.0,-0.8826537032028002,0.0
10.208,0.19502092372009486,0.0,0.888808196301293,0.0,-0.8947441222088581,0.0
10.21,0.1967945317130089,0.0,0.8869967901771755,0.0,-0.9068203062985094,0.0
10.212,0.19856443179794125,0.0,0.8851610885887699,0.0,-0.9188819215548469,0.0
10.214,0.2003305743845415,0.0,0.8833011206880879,0.0,-0.9309286341271126,0.0
10.216000000000001,0.2020929099364503,0.0,0.8814169163265091,0.0,-0.9429601102404803,0.0
10.218,0.2038513889728221,0.0,0.8795085060548273,0.0,-0.9549760162059339,0.0
10.22,0.2056059620698463,0.0,0.8775759211232677,0.0,-0.9669760184301478,0.0
10.222,0.2073565798622588,0.0,0.8756191934815022,0.0,-0.9789597834253064,0.0
10.224,0.20910319304487113,0.0,0.8736383557786166,0.0,-0.9909269778190488,0.0
10.226,0.21084575237408276,0.0,0.8716334413630812,0.0,-1.0028772683643081,0.0
10.228,0.21258420866940517,0.0,0.8696044842826786,0.0,-1.0148103219492353,0.0
10.23,0.21431851281498793,0.0,0.8675515192844183,0.0,-1.0267258056071442,0.0
10.232000000000001,0.21604861576113304,0.0,0.8654745818144307,0.0,-1.0386233865263883,0.0
10.234,0.21777446852581617,0.0,0.8633737080178437,0.0,-1.0505027320602789,0.0
10.236,0.2194960221962249,0.0,0.861248934738604,0.0,-1.0623635097371442,0.0
10.238,0.22121322793025722,0.0,0.8591002995193378,0.0,-1.0742053872701056,0.0
10.24,0.22292603695806612,0.0,0.8569278406011198,0.0,-1.0860280325671918,0.0
10.242,0.22463440058356932,0.0,0.8547315969232739,0.0,-1.0978311137412082,0.0
10.244,0.2263382701859767,0.0,0.8525116081231235,0.0,-1.109614299119747,0.0
10.246,0.22803759722131717,0.0,0.8502679145357204,0.0,-1.1213772572551892,0.0
10.248,0.22973233322395376,0.0,0.8480005571935691,0.0,-1.1331196569346391,0.0
10.25,0.2314224298081159,0.0,0.845709577826303,0.0,-1.1448411671899867,0.0
10.252,0.23310783866941437,0.0,0.843395018860363,0.0,-1.1565414573078507,0.0
10.254,0.23478851158636754,0.0,0.8410569234186366,0.0,-1.1682201968396124,0.0
10.256,0.236464400421928,0.0,0.8386953353200751,0.0,-1.1798770556114555,0.0
10.258000000000001,0.2381354571249968,0.0,0.8363102990793013,0.0,-1.1915117037343315,0.0
10.26,0.23980163373195013,0.0,0.8339018599061839,0.0,-1.2031238116140177,0.0
10.262,0.24146288236816354,0.0,0.8314700637053831,0.0,-1.2147130499611625,0.0
10.264,0.24311915524952546,0.0,0.8290149570758956,0.0,-1.226279089801266,0.0
10.266,0.24477040468396793,0.0,0.8265365873105459,0.0,-1.237821602484791,0.0
10.268,0.24641658307297454,0.0,0.8240350023954935,0.0,-1.2493402596971157,0.0
10.27,0.2480576429131094,0.0,0.8215102510096767,0.0,-1.260834733468647,0.0
10.272,0.2496935367975361,0.0,0.8189623825242581,0.0,-1.2723046961848685,0.0
10.274000000000001,0.25132421741752864,0.0,0.8163914470020476,0.0,-1.2837498205963411,0.0
10.276,0.25294963756399347,0.0,0.813797495196894,0.0,-1.2951697798287882,0.0
10.278,0.2545697501289886,0.0,0.8111805785530498,0.0,-1.3065642473931707,0.0
10.28,0.25618450810723203,0.0,0.808540749204534,0.0,-1.317932897195689,0.0
10.282,0.2577938645976251,0.0,0.8058780599744434,0.0,-1.3292754035479033,0.0
10.284,0.25939777280475823,0.0,0.8031925643742678,0.0,-1.3405914411767395,0.0
10.286,0.2609961860404274,0.0,0.8004843166031662,0.0,-1.3518806852345688,0.0
10.288,0.2625890577251489,0.0,0.7977533715472181,0.0,-1.3631428113092963,0.0
10.290000000000001,0.2641763413896633,0.0,0.7949997847786702,0.0,-1.374377495434371,0.0
10.292,0.26575799067644745,0.0,0.7922236125551404,0.0,-1.3855844140988653,0.0
10.294,0.2673339593412271,0.0,0.7894249118188051,0.0,-1.3967632442575666,0.0
10.296,0.26890420125447434,0.0,0.7866037401955748,0.0,-1.407913663340971,0.0
10.298,0.27046867040292427,0.0,0.7837601559942222,0.0,-1.4190353492654146,0.0
10.3,0.2720273208910656,0.0,0.7808942182055231,0.0,-1.4301279804430422,0.0
10.302,0.2735801069426543,0.0,0.7780059865013375,0.0,-1.441191235791929,0.0
10.304,0.2751269829022119,0.0,0.7750955212336834,0.0,-1.4522247947461218,0.0
10.306000000000001,0.276667903236521,0.0,0.7721628834338012,0.0,-1.4632283372656507,0.0
10.308,0.27820282253612455,0.0,0.7692081348111751,0.0,-1.4742015438465903,0.0
10.31,0.2797316955168272,0.0,0.7662313377525338,0.0,-1.4851440955311328,0.0
10.312,0.2812544770211798,0.0,0.7632325553208467,0.0,-1.4960556739175614,0.0
10.314,0.2827711220199823,0.0,0.7602118512542678,0.0,-1.5069359611703501,0.0
10.316,0.28428158561376554,0.0,0.7571692899650879,0.0,-1.5177846400301354,0.0
10.318,0.28578582303428435,0.0,0.7541049365386431,0.0,-1.5286013938237633,0.0
10.32,0.2872837896460063,0.0,0.7510188567321979,0.0,-1.5393859064743292,0.0
10.322000000000001,0.2887754409475911,0.0,0.7479111169738293,0.0,-1.550137862511146,0.0
10.324,0.290260732573376,0.0,0.744781784361264,0.0,-1.560856947079771,0.0
10.326,0.29173962029486006,0.0,0.7416309266606923,0.0,-1.5715428459520377,0.0
10.328,0.29321206002217143,0.0,0.738458612305598,0.0,-1.5821952455359602,0.0
10.33,0.29467800780556097,0.0,0.7352649103954875,0.0,-1.592813832885855,0.0
10.332,0.2961374198368568,0.0,0.7320498906946974,0.0,-1.6033982957121735,0.0
10.334,0.29759025245094806,0.0,0.7288136236310887,0.0,-1.6139483223915672,0.0
10.336,0.2990364621272537,0.0,0.7255561802947655,0.0,-1.6244636019768437,0.0
10.338000000000001,0.3004760054911825,0.0,0.7222776324367671,0.0,-1.6349438242068794,0.0
10.34,0.3019088393156015,0.0,0.7189780524677284,0.0,-1.6453886795165902,0.0
10.342,0.30333492052229977,0.0,0.715657513456511,0.0,-1.65579785904689,0.0
10.344,0.30475420618344057,0.0,0.7123160891288369,0.0,-1.6661710546545654,0.0
10.346,0.3061666535230257,0.0,0.7089538538658667,0.0,-1.6765079589222525,0.0
10.348,0.30757221991834177,0.0,0.705570882702786,0.0,-1.6868082651682934,0.0
10.35,0.30897086290141446,0.0,0.7021672513273487,0.0,-1.697071667456654,0.0
10.352,0.3103625401604591,0.0,0.6987430360783965,0.0,-1.7072978606068328,0.0
10.354000000000001,0.3117472095413194,0.0,0.6952983139443774,0.0,-1.71748654020369,0.0
10.356,0.31312482904891326,0.0,0.6918331625618193,0.0,-1.7276374026073331,0.0
10.358,0.314495356848675,0.0,0.6883476602137795,0.0,-1.737750144962998,0.0
10.36,0.31585875126798096,0.0,0.6848418858283115,0.0,-1.7478244652108006,0.0
10.362,0.31721497079759875,0.0,0.6813159189768282,0.0,-1.7578600620956955,0.0
10.364,0.3185639740930991,0.0,0.6777698398725491,0.0,-1.7678566351771454,0.0
10.366,0.31990571997629413,0.0,0.6742037293688319,0.0,-1.7778138848390161,0.0
10.368,0.32124016743665956,0.0,0.6706176689575224,0.0,-1.7877315122993465,0.0
10.370000000000001,0.32256727563274995,0.0,0.6670117407672939,0.0,-1.7976092196200908,0.0
10.372,0.32388700389361724,0.0,0.6633860275619364,0.0,-1.80744670971689,0.0
10.374,0.3251993117202285,0.0,0.6597406127386317,0.0,-1.8172436863688424,0.0
10.376,0.32650415878686667,0.0,0.6560755803262243,0.0,-1.8269998542281725,0.0
10.378,0.3278015049425466,0.0,0.652391014983437,0.0,-1.8367149188300131,0.0
10.38,0.32909131021240906,0.0,0.6486870019970988,0.0,-1.8463885866020358,0.0
10.382,0.330373534799124,0.0,0.6449636272803276,0.0,-1.856020564874163,0.0
10.384,0.33164813908428725,0.0,0.6412209773706878,0.0,-1.865610561888247,0.0
10.386000000000001,0.3329150836298075,0.0,0.6374591394283532,0.0,-1.8751582868076777,0.0
10.388,0.3341743291792956,0.0,0.6336782012342184,0.0,-1.8846634497270263,0.0
10.39,0.3354258366594537,0.0,0.6298782511879915,0.0,-1.8941257616816936,0.0
10.392,0.33666956718144203,0.0,0.6260593783063018,0.0,-1.9035449346574103,0.0
10.394,0.3379054820422737,0.0,0.6222216722207063,0.0,-1.912920681599949,0.0
10.396,0.3391335427261671,0.0,0.618365223175781,0.0,-1.9222527164245344,0.0
10.398,0.3403537109059262,0.0,0.6144901220270927,0.0,-1.9315407540254772,0.0
10.4,0.34156594844430255,0.0,0.6105964602391962,0.0,-1.940784510285674,0.0
10.402000000000001,0.3427702173953502,0.0,0.6066843298836156,0.0,-1.949983702086078,0.0
10.404,0.3439664800057844,0.0,0.6027538236367824,0.0,-1.959138047315191,0.0
10.406,0.3451546987163338,0.0,0.5988050347779504,0.0,-1.9682472648785432,0.0
10.408,0.34633483616308264,0.0,0.5948380571871194,0.0,-1.9773110747080862,0.0
10.41,0.34750685517881874,0.0,0.5908529853428918,0.0,-1.9863291977716524,0.0
10.412,0.3486707187943662,0.0,0.5868499143203524,0.0,-1.995301356082313,0.0
10.414,0.3498263902399202,0.0,0.582828939788896,0.0,-2.0042272727077632,0.0
10.416,0.3509738329463801,0.0,0.578790158010037,0.0,-2.013106671779692,0.0
10.418000000000001,0.35211301054666755,0.0,0.5747336658352138,0.0,-2.0219392785030803,0.0
10.42,0.3532438868770462,0.0,0.570659560703571,0.0,-2.03072481916549,0.0
10.422,0.354366425978446,0.0,0.5665679406396661,0.0,-2.039463021146428,0.0
10.424,0.3554805920977578,0.0,0.5624589042512675,0.0,-2.0481536129264786,0.0
10.426,0.35658634968915576,0.0,0.5583325507269878,0.0,-2.056796324096673,0.0
10.428,0.35768366341538244,0.0,0.5541889798340383,0.0,-2.0653908853675693,0.0
10.43,0.3587724981490531,0.0,0.550028291915852,0.0,-2.0739370285785186,0.0
10.432,0.3598528189739469,0.0,0.5458505878897344,0.0,-2.0824344867068207,0.0
10.434000000000001,0.36092459118628695,0.0,0.5416559692445,0.0,-2.090882993876812,0.0
10.436,0.3619877802960243,0.0,0.5374445380380676,0.0,-2.0992822853690076,0.0
10.438,0.3630423520281149,0.0,0.5332163968950302,0.0,-2.1076320976291916,0.0
10.44,0.3640882723237851,0.0,0.5289716490042362,0.0,-2.1159321682774332,0.0
10.442,0.365125507341802,0.0,0.524710398116305,0.0,-2.1241822361171665,0.0
10.444,0.36615402345972903,0.0,0.5204327485411653,0.0,-2.1323820411441443,0.0
10.446,0.3671737872751819,0.0,0.5161388051455433,0.0,-2.1405313245554365,0.0
10.448,0.36818476560708,0.0,0.51182867335043,0.0,-2.1486298287583896,0.0
10.450000000000001,0.36918692549688653,0.0,0.5075024591285519,0.0,-2.156677297379518,0.0
10.452,0.3701802342098455,0.0,0.5031602690018122,0.0,-2.1646734752733825,0.0
10.454,0.3711646592362242,0.0,0.4988022100386624,0.0,-2.1726181085315313,0.0
10.456,0.3721401682925255,0.0,0.49442838985155924,0.0,-2.1805109444912083,0.0
10.458,0.3731067293227231,0.0,0.4900389165942817,0.0,-2.1883517317442727,0.0
10.46,0.3740643104994682,0.0,0.485633898959319,0.0,-2.196140220145893,0.0
10.462,0.37501288022530377,0.0,0.4812134461751919,0.0,-2.203876160823319,0.0
10.464,0.3759524071338694,0.0,0.4767776680037546,0.0,-2.2115593061846055,0.0
10.466000000000001,0.37688286009109745,0.0,0.4723266747375069,0.0,-2.2191894099272673,0.0
10.468,0.37780420819640637,0.0,0.46786057719685487,0.0,-2.2267662270469324,0.0
10.47,0.37871642078389095,0.0,0.4633794867273555,0.0,-2.234289513845994,0.0
10.472,0.3796194674234971,0.0,0.4588835151969679,0.0,-2.241759027942143,0.0
10.474,0.3805133179222036,0.0,0.45437277499324263,0.0,-2.2491745282769755,0.0
10.476,0.38139794232518454,0.0,0.4498473790205333,0.0,-2.2565357751244686,0.0
10.478,0.3822733109169756,0.0,0.4453074406971613,0.0,-2.263842530099494,0.0
10.48,0.38313939422263166,0.0,0.44075307395255736,0.0,-2.2710945561662834,0.0
10.482000000000001,0.3839961630088741,0.0,0.4361843932244111,0.0,-2.278291617646822,0.0
10.484,0.38484358828523485,0.0,0.43160151345579106,0.0,-2.285433480229239,0.0
10.486,0.3856816413052004,0.0,0.4270045500921916,0.0,-2.2925199109762127,0.0
10.488,0.38651029356733335,0.0,0.42239361907867734,0.0,-2.2995506783332043,0.0
10.49,0.3873295168164068,0.0,0.41776883685687505,0.0,-2.3065255521368204,0.0
10.492,0.3881392830445173,0.0,0.4131303203620489,0.0,-2.3134443036230152,0.0
10.494,0.38893956449219863,0.0,0.4084781870201043,0.0,-2.3203067054353173,0.0
10.496,0.38973033364952986,0.0,0.4038125547445749,0.0,-2.3271125316330252,0.0
10.498,0.3905115632572296,0.0,0.3991335419336239,0.0,-2.333861557699309,0.0
10.5,0.39128322630775436,0.0,0.39444126746697816,0.0,-2.3405535605493655,0.0
10.502,0.3920452960463791,0.0,0.3897358507028909,0.0,-2.347188318538442,0.0
10.504,0.3927977459722788,0.0,0.38501741147505386,0.0,-2.3537656114698877,0.0
10.506,0.3935405498396026,0.0,0.38028607008949067,0.0,-2.36028522060316,0.0
10.508000000000001,0.394273681658536,0.0,0.37554194732146107,0.0,-2.3667469286617515,0.0
10.51,0.39499711569636076,0.0,0.37078516441231707,0.0,-2.3731505198411256,0.0
10.512,0.395710826478509,0.0,0.3660158430663403,0.0,-2.379495779816603,0.0
10.514,0.39641478878960423,0.0,0.3612341054475944,0.0,-2.385782495751178,0.0
10.516,0.397108977674504,0.0,0.35644007417670637,0.0,-2.3920104563033573,0.0
10.518,0.3977933684393249,0.0,0.3516338723276954,0.0,-2.3981794516348685,0.0
10.52,0.3984679366524719,0.0,0.346815623424718,0.0,-2.4042892734184353,0.0
10.522,0.39913265814565313,0.0,0.34198545143882736,0.0,-2.4103397148454397,0.0
10.524000000000001,0.3997875090148887,0.0,0.3371434807847294,0.0,-2.4163305706335567,0.0
10.526,0.40043246562151324,0.0,0.3322898363174931,0.0,-2.4222616370343575,0.0
10.528,0.40106750459317314,0.0,0.32742464332924337,0.0,-2.4281327118408913,0.0
10.53,0.4016926028248111,0.0,0.32254802754587114,0.0,-2.433943594395173,0.0
10.532,0.4023077374796502,0.0,0.31766011512367315,0.0,-2.439694085595691,0.0
10.534,0.4029128859901646,0.0,0.31276103264602706,0.0,-2.445383987904819,0.0
10.536,0.40350802605904496,0.0,0.3078509071200134,0.0,-2.451013105356218,0.0
10.538,0.4040931356601607,0.0,0.3029298659730225,0.0,-2.4565812435622076,0.0
10.540000000000001,0.4046681930395056,0.0,0.29799803704937267,0.0,-2.4620882097210375,0.0
10.542,0.40523317671614456,0.0,0.29305554860688204,0.0,-2.4675338126241813,0.0
10.544,0.40578806548314883,0.0,0.28810252931342284,0.0,-2.472917862663554,0.0
10.546,0.40633283840852275,0.0,0.2831391082434936,0.0,-2.478240171838678,0.0
10.548,0.40686747483612634,0.0,0.2781654148747183,0.0,-2.4835005537638395,0.0
10.55,0.40739195438658543,0.0,0.27318157908440005,0.0,-2.4886988236751493,0.0
10.552,0.40790625695819854,0.0,0.26818773114598665,0.0,-2.493834798437612,0.0
10.554,0.4084103627278348,0.0,0.263184001725556,0.0,-2.498908296552132,0.0
10.556000000000001,0.408904252151821,0.0,0.2581705218782981,0.0,-2.5039191381624404,0.0
10.558,0.40938790596682445,0.0,0.25314742304495347,0.0,-2.508867145062028,0.0
10.56,0.40986130519072733,0.0,0.24811483704823498,0.0,-2.513752140701012,0.0
10.562,0.4103244311234908,0.0,0.24307289608926974,0.0,-2.5185739501929323,0.0
10.564,0.41077726534801445,0.0,0.2380217327439702,0.0,-2.5233324003215563,0.0
10.566,0.41121978973098433,0.0,0.23296147995944452,0.0,-2.528027319547572,0.0
10.568,0.41165198642371587,0.0,0.22789227105035462,0.0,-2.532658538015285,0.0
10.57,0.41207383786298707,0.0,0.2228142396952586,0.0,-2.5372258875592526,0.0
10.572000000000001,0.4124853267718638,0.0,0.21772751993297043,0.0,-2.5417292017108557,0.0
10.574,0.4128864361605165,0.0,0.21263224615887122,0.0,-2.5461683157048403,0.0
10.576,0.41327714932703186,0.0,0.2075285531212022,0.0,-2.5505430664858215,0.0
10.578,0.41365744985820857,0.0,0.2024165759173996,0.0,-2.5548532927146823,0.0
10.58,0.41402732163035677,0.0,0.19729644999030294,0.0,-2.55909883477503,0.0
10.582,0.41438674881007515,0.0,0.1921683111244929,0.0,-2.5632795347794652,0.0
10.584,0.41473571585503194,0.0,0.18703229544248762,0.0,-2.5673952365759307,0.0
10.586,0.4150742075147301,0.0,0.18188853940098204,0.0,-2.571445785753939,0.0
10.588000000000001,0.4154022088312674,0.0,0.17673717978708364,0.0,-2.575431029650759,0.0
10.59,0.41571970514008516,0.0,0.17157835371450472,0.0,-2.5793508173575628,0.0
10.592,0.4160266820707136,0.0,0.16641219861974027,0.0,-2.5832049997255364,0.0
10.594,0.41632312554750145,0.0,0.1612388522582673,0.0,-2.586993429371899,0.0
10.596,0.4166090217903449,0.0,0.15605845270067664,0.0,-2.590715960685925,0.0
10.598,0.4168843573154005,0.0,0.15087113832884394,0.0,-2.594372449834852,0.0
10.6,0.41714911893579526,0.0,0.14567704783205135,0.0,-2.5979627547698025,0.0
10.602,0.4174032937623248,0.0,0.1404763202030947,0.0,-2.601486735231612,0.0
10.604000000000001,0.41764686920414396,0.0,0.13526909473441026,0.0,-2.604944252756613,0.0
10.606,0.4178798329694482,0.0,0.13005551101415472,0.0,-2.608335170682375,0.0
10.608,0.41810217306614694,0.0,0.12483570892226818,0.0,-2.611659354153395,0.0
10.61,0.41831387780252705,0.0,0.1196098286265828,0.0,-2.6149166701267075,0.0
10.612,0.4185149357879086,0.0,0.11437801057880315,0.0,-2.6181069873774967,0.0
10.614,0.41870533593329123,0.0,0.10914039551062252,0.0,-2.6212301765045862,0.0
10.616,0.41888506745199044,0.0,0.10389712442969551,0.0,-2.6242861099359307,0.0
10.618,0.4190541198602688,0.0,0.09864833861565789,0.0,-2.627274661934042,0.0
10.620000000000001,0.41921248297795216,0.0,0.09339417961614431,0.0,-2.6301957086013292,0.0
10.622,0.419360146929043,0.0,0.088134789242764,0.0,-2.633049127885432,0.0
10.624,0.41949710214232044,0.0,0.08287030956706389,0.0,-2.6358347995844684,0.0
10.626,0.4196233393519334,0.0,0.07760088291651664,0.0,-2.6385526053522335,0.0
10.628,0.419738849597984,0.0,0.07232665187044048,0.0,-2.641202428703358,0.0
10.63,0.41984362422710153,0.0,0.06704775925596275,0.0,-2.6437841550183876,0.0
10.632,0.41993765489300733,0.0,0.0617643481439346,0.0,-2.6462976715488247,0.0
10.634,0.4200209335570723,0.0,0.05647656184483319,0.0,-2.6487428674221225,0.0
10.636000000000001,0.42009345248886165,0.0,0.051184543904686415,0.0,-2.65111963364659,0.0
10.638,0.4201552042666741,0.0,0.04588843810095193,0.0,-2.653427863116277,0.0
10.64,0.420206181778069,0.0,0.04058838843838117,0.0,-2.6556674506157885,0.0
10.642,0.4202463782203864,0.0,0.03528453914493197,0.0,-2.6578382928250277,0.0
10.644,0.42027578710125574,0.0,0.029977034667553717,0.0,-2.6599402883239254,0.0
10.646,0.4202944022390969,0.0,0.02466601966811136,0.0,-2.6619733375970513,0.0
10.648,0.42030221776361115,0.0,0.019351639019167432,0.0,-2.663937343038228,0.0
10.65,0.4202992281162618,0.0,0.01403403779981304,0.0,-2.665832208955046,0.0
10.652000000000001,0.420285428050748,0.0,0.008713361291499433,0.0,-2.667657841573347,0.0
10.654,0.42026081263346565,0.0,0.0033897549738293765,0.0,-2.6694141490416277,0.0
10.656,0.42022537724396236,0.0,-0.0019366354796626012,0.0,-2.6711010414354113,0.0
10.658,0.42017911757537957,0.0,-0.007265664205701801,0.0,-2.672718430761532,0.0
10.66,0.4201220296348882,0.0,-0.012597185155532384,0.0,-2.674266230962394,0.0
10.662,0.42005410974411206,0.0,-0.017931052099129038,0.0,-2.6757443579201308,0.0
10.664,0.4199753545395441,0.0,-0.023267118629457066,0.0,-2.6771527294607527,0.0
10.666,0.41988576097295055,0.0,-0.028605238166741577,0.0,-2.678491265358197,0.0
10.668000000000001,0.4197853263117684,0.0,-0.03394526396271651,0.0,-2.6797598873383413,0.0
10.67,0.41967404813949044,0.0,-0.039287049104894015,0.0,-2.680958519082941,0.0
10.672,0.41955192435604155,0.0,-0.04463044652090408,0.0,-2.682087086233533,0.0
10.674,0.419418953178147,0.0,-0.04997530898270691,0.0,-2.683145516395243,0.0
10.676,0.41927513313968784,0.0,-0.05532148911098851,0.0,-2.684133739140573,0.0
10.678,0.41912046309204987,0.0,-0.060668839379391076,0.0,-2.6850516860130917,0.0
10.68,0.4189549422044603,0.0,-0.0660172121188886,0.0,-2.6858992905310934,0.0
10.682,0.41877856996431556,0.0,-0.07136645952210986,0.0,-2.686676488191183,0.0
10.684000000000001,0.4185913461775,0.0,-0.07671643364765952,0.0,-2.687383216471797,0.0
10.686,0.41839327096869383,0.0,-0.08206698642447725,0.0,-2.6880194148366736,0.0
10.688,0.41818434478167116,0.0,-0.08741796965620512,0.0,-2.6885850247382606,0.0
10.69,0.417964568379589,0.0,-0.09276923502552516,0.0,-2.689079989621048,0.0
10.692,0.41773394284526527,0.0,-0.09812063409856206,0.0,-2.689504254924861,0.0
10.694,0.41749246958144876,0.0,-0.10347201832923644,0.0,-2.6898577680880775,0.0
10.696,0.41724015031107636,0.0,-0.10882323906366341,0.0,-2.690140478550781,0.0
10.698,0.4169769870775232,0.0,-0.11417414754455939,0.0,-2.6903523377578664,0.0
10.700000000000001,0.41670298224484004,0.0,-0.11952459491562523,0.0,-2.6904932991620694,0.0
10.702,0.4164181384979857,0.0,-0.12487443222594849,0.0,-2.690563318226943,0.0
10.704,0.41612245884303983,0.0,-0.1302235104344727,0.0,-2.6905623524297626,0.0
10.706,0.41581594660741905,0.0,-0.13557168041434184,0.0,-2.690490361264382,0.0
10.708,0.4154986054400699,0.0,-0.14091879295740223,0.0,-2.6903473062440098,0.0
10.71,0.4151704393116611,0.0,-0.14626469877859438,0.0,-2.69013315090394,0.0
10.712,0.41483145251476095,0.0,-0.15160924852041108,0.0,-2.6898478608042025,0.0
10.714,0.41448164966400664,0.0,-0.15695229275735925,0.0,-2.6894914035321715,0.0
10.716000000000001,0.41412103569626196,0.0,-0.1622936820003923,0.0,-2.689063748705086,0.0
10.718,0.4137496158707674,0.0,-0.1676332667013843,0.0,-2.688564867972529,0.0
10.72,0.41336739576927617,0.0,-0.17297089725760856,0.0,-2.6879947350188256,0.0
10.722,0.41297438129618524,0.0,-0.17830642401618538,0.0,-2.6873533255653963,0.0
10.724,0.4125705786786504,0.0,-0.18363969727859078,0.0,-2.6866406173730195,0.0
10.726,0.41215599446669665,0.0,-0.18897056730511536,0.0,-2.685856590244063,0.0
10.728,0.41173063553331524,0.0,-0.19429888431936562,0.0,-2.6850012260246237,0.0
10.73,0.41129450907454956,0.0,-0.19962449851276948,0.0,-2.684074508606615,0.0
10.732000000000001,0.4108476226095745,0.0,-0.20494726004905858,0.0,-2.683076423929789,0.0
10.734,0.41038998398076393,0.0,-0.21026701906876516,0.0,-2.6820069599837,0.0
10.736,0.4099216013537436,0.0,-0.21558362569378453,0.0,-2.6808661068095816,0.0
10.738,0.4094424832174437,0.0,-0.22089693003181018,0.0,-2.6796538565021946,0.0
10.74,0.4089526383841298,0.0,-0.22620678218092413,0.0,-2.6783702032115713,0.0
10.742,0.40845207598943223,0.0,-0.23151303223407388,0.0,-2.6770151431447218,0.0
10.744,0.4079408054923611,0.0,-0.23681553028361546,0.0,-2.6755886745672695,0.0
10.746,0.40741883667531015,0.0,-0.24211412642585434,0.0,-2.6740907978050066,0.0
10.748000000000001,0.40688617964405527,0.0,-0.2474086707655589,0.0,-2.672521515245412,0.0
10.75,0.4063428448277364,0.0,-0.2526990134205083,0.0,-2.6708808313390713,0.0
10.752,0.4057888429788332,0.0,-0.2579850045260476,0.0,-2.669168752601061,0.0
10.754,0.4052241851731301,0.0,-0.2632664942396042,0.0,-2.6673852876122437,0.0
10.756,0.40464888280966843,0.0,-0.26854333274526826,0.0,-2.6655304470205103,0.0
10.758000000000001,0.4040629476106919,0.0,-0.27381537025831615,0.0,-2.663604243541954,0.0
10.76,0.4034663916215793,0.0,-0.279082457029777,0.0,-2.661606691961982,0.0
10.762,0.4028592272107657,0.0,-0.28434444335099984,0.0,-2.659537809136342,0.0
10.764,0.4022414670696583,0.0,-0.28960117955818765,0.0,-2.6573976139921167,0.0
10.766,0.40161312421253353,0.0,-0.29485251603699175,0.0,-2.6551861275286073,0.0
10.768,0.4009742119764359,0.0,-0.30009830322703673,0.0,-2.6529033728182077,0.0
10.77,0.40032474402105306,0.0,-0.305338391626518,0.0,-2.6505493750071505,0.0
10.772,0.3996647343285886,0.0,-0.31057263179676703,0.0,-2.6481241613162263,0.0
10.774000000000001,0.3989941972036245,0.0,-0.3158008743668035,0.0,-2.645627761041432,0.0
10.776,0.3983131472729695,0.0,-0.3210229700379162,0.0,-2.6430602055545385,0.0
10.778,0.397621599485499,0.0,-0.3262387695882493,0.0,-2.6404215283036003,0.0
10.78,0.3969195691119855,0.0,-0.3314481238773485,0.0,-2.637711764813401,0.0
10.782,0.39620707174491593,0.0,-0.33665088385076797,0.0,-2.6349309526858216,0.0
10.784,0.395484123298302,0.0,-0.3418469005446194,0.0,-2.6320791316001535,0.0
10.786,0.394750740007478,0.0,-0.3470360250901617,0.0,-2.62915634331334,0.0
10.788,0.3940069384288859,0.0,-0.3522181087183888,0.0,-2.6261626316601356,0.0
10.790000000000001,0.393252735439857,0.0,-0.35739300276458774,0.0,-2.623098042553234,0.0
10.792,0.39248814823837586,0.0,-0.3625605586729266,0.0,-2.6199626239832905,0.0
10.794,0.391713194342837,0.0,-0.3677206280010466,0.0,-2.616756426018895,0.0
10.796,0.39092789159179203,0.0,-0.37287306242461365,0.0,-2.61347950080648,0.0
10.798,0.390132258143683,0.0,-0.3780177137419323,0.0,-2.610131902570151,0.0
10.8,0.3893263124765721,0.0,-0.38315443387848297,0.0,-2.6067136876114683,0.0
10.802,0.38851007338785215,0.0,-0.38828307489153413,0.0,-2.6032249143091324,0.0
10.804,0.38768355999395027,0.0,-0.39340348897471544,0.0,-2.5996656431186165,0.0
10.806000000000001,0.38684679173002656,0.0,-0.3985155284625781,0.0,-2.5960359365717487,0.0
10.808,0.38599978834965387,0.0,-0.4036190458351806,0.0,-2.592335859276196,0.0
10.81,0.3851425699244904,0.0,-0.4087138937226755,0.0,-2.588565477914892,0.0
10.812,0.3842751568439459,0.0,-0.4137999249098585,0.0,-2.5847248612454177,0.0
10.814,0.38339756981482914,0.0,-0.41887699234076825,0.0,-2.580814080099265,0.0
10.816,0.3825098298609943,0.0,-0.4239449491232344,0.0,-2.576833207381094,0.0
10.818,0.38161195832296957,0.0,-0.4290036485334559,0.0,-2.5727823180678735,0.0
10.82,0.38070397685757795,0.0,-0.4340529440205813,0.0,-2.568661489207973,0.0
10.822000000000001,0.3797859074375493,0.0,-0.4390926892112505,0.0,-2.5644707999201892,0.0
10.824,0.3788577723511208,0.0,-0.44412273791417106,0.0,-2.560210331392703,0.0
10.826,0.37791959420162247,0.0,-0.4491429441246916,0.0,-2.555880166881948,0.0
10.828,0.37697139590706585,0.0,-0.45415316202932016,0.0,-2.5514803917114657,0.0
10.83,0.3760132006996986,0.0,-0.4591532460103443,0.0,-2.5470110932705974,0.0
10.832,0.37504503212557944,0.0,-0.4641430506503139,0.0,-2.5424723610132323,0.0
10.834,0.3740669140441144,0.0,-0.469122430736637,0.0,-2.5378642864563754,0.0
10.836,0.3730788706275986,0.0,-0.4740912412661229,0.0,-2.533186963178704,0.0
10.838000000000001,0.37208092636074497,0.0,-0.47904933744950656,0.0,-2.528440486819053,0.0
10.84,0.3710731060402009,0.0,-0.4839965747160004,0.0,-2.5236249550748235,0.0
10.842,0.37005543477405195,0.0,-0.4889328087178413,0.0,-2.5187404677003093,0.0
10.844,0.3690279379813241,0.0,-0.49385789533479973,0.0,-2.513787126504993,0.0
10.846,0.3679906413914634,0.0,-0.4987716906787357,0.0,-2.508765035351727,0.0
10.848,0.3669435710438176,0.0,-0.503674051098101,0.0,-2.50367430015489,0.0
10.85,0.36588675328709896,0.0,-0.5085648331824701,0.0,-2.4985150288784523,0.0
10.852,0.364820214778837,0.0,-0.5134438937670649,0.0,-2.493287331533956,0.0
10.854000000000001,0.3637439824848296,0.0,-0.5183110899372503,0.0,-2.487991320178481,0.0
10.856,0.3626580836785724,0.0,-0.5231662790330467,0.0,-2.4826271089124825,0.0
10.858,0.3615625459406832,0.0,-0.5280093186536507,0.0,-2.4771948138775906,0.0
10.86,0.36045739715832326,0.0,-0.5328400666618882,0.0,-2.471694553254371,0.0
10.862,0.35934266552458793,0.0,-0.5376583811887732,0.0,-2.4661264472599176,0.0
10.864,0.35821837953791485,0.0,-0.5424641206379217,0.0,-2.4604906181455246,0.0
10.866,0.3570845680014586,0.0,-0.5472571436900824,0.0,-2.454787190194157,0.0
10.868,0.35594126002246357,0.0,-0.5520373093076034,0.0,-2.4490162897179126,0.0
10.870000000000001,0.3547884850116323,0.0,-0.5568044767388881,0.0,-2.443178045055437,0.0
10.872,0.35362627268247504,0.0,-0.5615585055228656,0.0,-2.4372725865692226,0.0
10.874,0.35245465305065077,0.0,-0.5662992554934619,0.0,-2.431300046642856,0.0
10.876,0.3512736564333042,0.0,-0.5710265867840251,0.0,-2.425260559678226,0.0
10.878,0.35008331344838345,0.0,-0.5757403598317995,0.0,-2.419154262092617,0.0
10.88,0.3488836550139563,0.0,-0.5804404353823389,0.0,-2.412981292315778,0.0
10.882,0.34767471234751085,0.0,-0.5851266744939497,0.0,-2.4067417907868958,0.0
10.884,0.34645651696524477,0.0,-0.5897989385421235,0.0,-2.4004358999514954,0.0
10.886000000000001,0.34522910068135243,0.0,-0.5944570892239374,0.0,-2.394063764258317,0.0
10.888,0.3439924956072942,0.0,-0.5991009885624722,0.0,-2.387625530156075,0.0
10.89,0.3427467341510548,0.0,-0.6037304989112298,0.0,-2.3811213460901555,0.0
10.892,0.34149184901640606,0.0,-0.6083454829584884,0.0,-2.374551362499317,0.0
10.894,0.340227873202131,0.0,-0.6129458037317527,0.0,-2.3679157318121735,0.0
10.896,0.3389548400012759,0.0,-0.6175313246020662,0.0,-2.361214608443813,0.0
10.898,0.33767278300035786,0.0,-0.622101909288426,0.0,-2.354448148792159,0.0
10.9,0.3363817360785802,0.0,-0.6266574218621428,0.0,-2.3476165112343703,0.0
10.902000000000001,0.33508173340703784,0.0,-0.6311977267511782,0.0,-2.340719856123166,0.0
10.904,0.33377280944790744,0.0,-0.6357226887445021,0.0,-2.33375834578305,0.0
10.906,0.33245499895362574,0.0,-0.6402321729964395,0.0,-2.326732144506479,0.0
10.908,0.3311283369660697,0.0,-0.6447260450309785,0.0,-2.3196414185499954,0.0
10.91,0.3297928588157105,0.0,-0.6492041707461148,0.0,-2.3124863361302372,0.0
10.912,0.3284486001207734,0.0,-0.6536664164181428,0.0,-2.305267067419942,0.0
10.914,0.3270955967863769,0.0,-0.6581126487059635,0.0,-2.297983784543838,0.0
10.916,0.325733885003664,0.0,-0.6625427346553914,0.0,-2.2906366615744793,0.0
10.918000000000001,0.3243635012489293,0.0,-0.6669565417034166,0.0,-2.283225874528036,0.0
10.92,0.32298448228273524,0.0,-0.6713539376824756,0.0,-2.2757516013600205,0.0
10.922,0.3215968651490011,0.0,-0.6757347908247557,0.0,-2.268214021960851,0.0
10.924,0.32020068717412054,0.0,-0.6800989697663818,0.0,-2.260613318151551,0.0
10.926,0.3187959859660201,0.0,-0.6844463435517318,0.0,-2.2529496736791246,0.0
10.928,0.3173827994132577,0.0,-0.6887767816376028,0.0,-2.245223274212126,0.0
10.93,0.31596116568407306,0.0,-0.6930901538974759,0.0,-2.2374343073359597,0.0
10.932,0.3145311232254449,0.0,-0.6973863306257215,0.0,-2.2295829625482018,0.0
10.934000000000001,0.31309271076214246,0.0,-0.7016651825417841,0.0,-2.2216694312538805,0.0
10.936,0.3116459672957587,0.0,-0.7059265807943818,0.0,-2.2136939067606383,0.0
10.938,0.31019093210373444,0.0,-0.7101703969656943,0.0,-2.2056565842738336,0.0
10.94,0.3087276447383824,0.0,-0.7143965030755072,0.0,-2.197557660891631,0.0
10.942,0.3072561450258873,0.0,-0.7186047715853947,0.0,-2.1893973355999448,0.0
10.944,0.3057764730653112,0.0,-0.7227950754028397,0.0,-2.181175809267397,0.0
10.946,0.30428866922758024,0.0,-0.7269672878853786,0.0,-2.1728932846401645,0.0
10.948,0.30279277415445993,0.0,-0.7311212828447272,0.0,-2.164549966336741,0.0
10.950000000000001,0.3012888287575321,0.0,-0.7352569345508775,0.0,-2.15614606084271,0.0
10.952,0.299776874217157,0.0,-0.739374117736187,0.0,-2.147681776505407,0.0
10.954,0.29825695198141033,0.0,-0.7434727075995036,0.0,-2.1391573235284445,0.0
10.956,0.29672910376504846,0.0,-0.7475525798101765,0.0,-2.130572913966366,0.0
10.958,0.29519337154842085,0.0,-0.75161361051217,0.0,-2.1219287617190075,0.0
10.96,0.29364979757640647,0.0,-0.7556556763280742,0.0,-2.1132250825259744,0.0
10.962,0.29209842435732564,0.0,-0.7596786543631512,0.0,-2.1044620939609624,0.0
10.964,0.2905392946618407,0.0,-0.7636824222093629,0.0,-2.095640015426019,0.0
10.966000000000001,0.2889724515218602,0.0,-0.7676668579493608,0.0,-2.0867590681457964,0.0
10.968,0.28739793822942256,0.0,-0.7716318401604891,0.0,-2.0778194751616867,0.0
10.97,0.28581579833557097,0.0,-0.7755772479187711,0.0,-2.0688214613258924,0.0
10.972,0.28422607564923086,0.0,-0.7795029608028575,0.0,-2.0597652532955015,0.0
10.974,0.28262881423606057,0.0,-0.7834088588980013,0.0,-2.050651079526395,0.0
10.976,0.2810240584173116,0.0,-0.7872948227999759,0.0,-2.041479170267202,0.0
10.978,0.27941185276866626,0.0,-0.791160733619008,0.0,-2.0322497575531115,0.0
10.98,0.2777922421190693,0.0,-0.7950064729836974,0.0,-2.022963075199639,0.0
10.982000000000001,0.2761652715495566,0.0,-0.7988319230448968,0.0,-2.0136193587963636,0.0
10.984,0.27453098639207507,0.0,-0.8026369664795902,0.0,-2.0042188457006085,0.0
10.986,0.27288943222827167,0.0,-0.8064214864947945,0.0,-1.994761775030927,0.0
10.988,0.2712406548883177,0.0,-0.8101853668313573,0.0,-1.9852483876607803,0.0
10.99,0.26958470044967486,0.0,-0.8139284917678432,0.0,-1.9756789262118768,0.0
10.992,0.2679216152358909,0.0,-0.8176507461243231,0.0,-1.9660536350476596,0.0
10.994,0.26625144581536686,0.0,-0.8213520152661916,0.0,-1.956372760266628,0.0
10.996,0.26457423900011723,0.0,-0.8250321851079674,0.0,-1.9466365496956026,0.0
10.998000000000001,0.2628900418445314,0.0,-0.8286911421170488,0.0,-1.9368452528829874,0.0
11.0,0.2611989016441177,0.0,-0.8323287733174872,0.0,-1.9269991210919222,0.0
11.002,0.25950086593423666,0.0,-0.8359449662937324,0.0,-1.9170984072933572,0.0
11.004,0.25779598248883934,0.0,-0.8395396091943478,0.0,-1.9071433661591528,0.0
11.006,0.2560842993191788,0.0,-0.8431125907357396,0.0,-1.8971342540550054,0.0
11.008000000000001,0.25436586467253103,0.0,-0.8466638002058359,0.0,-1.887071329033423,0.0
11.01,0.2526407270308954,0.0,-0.8501931274677729,0.0,-1.8769548508265694,0.0
11.012,0.25090893510968726,0.0,-0.8537004629635649,0.0,-1.8667850808390472,0.0
11.014,0.2491705378564343,0.0,-0.8571856977177343,0.0,-1.8565622821406984,0.0
11.016,0.2474255844494442,0.0,-0.8606487233409611,0.0,-1.8462867194592252,0.0
11.018,0.24567412429649046,0.0,-0.8640894320336697,0.0,-1.8359586591729034,0.0
11.02,0.24391620703346345,0.0,-0.8675077165896456,0.0,-1.825578369303085,0.0
11.022,0.2421518825230272,0.0,-0.8709034703996111,0.0,-1.8151461195067211,0.0
11.024000000000001,0.24038120085327205,0.0,-0.8742765874547728,0.0,-1.8046621810688528,0.0
11.026,0.23860421233635043,0.0,-0.8776269623503749,0.0,-1.79412682689499,0.0
11.028,0.2368209675071028,0.0,-0.8809544902892279,0.0,-1.7835403315034237,0.0
11.03,0.23503151712169065,0.0,-0.8842590670852046,0.0,-1.7729029710175692,0.0
11.032,0.23323591215620046,0.0,-0.8875405891667443,0.0,-1.7622150231581244,0.0
11.034,0.23143420380526028,0.0,-0.8907989535803125,0.0,-1.7514767672352989,0.0
11.036,0.22962644348063438,0.0,-0.8940340579938573,0.0,-1.7406884841408972,0.0
11.038,0.22781268280981223,0.0,-0.8972458007002583,0.0,-1.7298504563403614,0.0
11.040000000000001,0.2259929736345983,0.0,-0.9004340806207218,0.0,-1.7189629678648057,0.0
11.042,0.22416736800968604,0.0,-0.9035987973081954,0.0,-1.70802630430295,0.0
11.044,0.22233591820122084,0.0,-0.9067398509507464,0.0,-1.697040752792977,0.0
11.046,0.2204986766853709,0.0,-0.9098571423749132,0.0,-1.6860066020144244,0.0
11.048,0.21865569614686825,0.0,-0.9129505730490651,0.0,-1.6749241421798922,0.0
11.05,0.21680702947756936,0.0,-0.9160200450867023,0.0,-1.6637936650268528,0.0
11.052,0.214952729774981,0.0,-0.9190654612497791,0.0,-1.6526154638092487,0.0
11.054,0.21309285034079256,0.0,-0.9220867249519864,0.0,-1.641389833289116,0.0
11.056000000000001,0.2112274446794064,0.0,-0.9250837402620077,0.0,-1.6301170697281855,0.0
11.058,0.20935656649644938,0.0,-0.9280564119067691,0.0,-1.6187974708793615,0.0
11.06,0.20748026969727845,0.0,-0.9310046452746756,0.0,-1.6074313359781596,0.0
11.062,0.2055986083854905,0.0,-0.9339283464187974,0.0,-1.5960189657341506,0.0
11.064,0.20371163686140722,0.0,-0.9368274220600796,0.0,-1.5845606623222561,0.0
11.066,0.20181940962057063,0.0,-0.9397017795904875,0.0,-1.5730567293740896,0.0
11.068,0.19992198135221984,0.0,-0.9425513270761654,0.0,-1.5615074719691795,0.0
11.07,0.19801940693775974,0.0,-0.9453759732605632,0.0,-1.54991319662613,0.0
11.072000000000001,0.19611174144923538,0.0,-0.9481756275675348,0.0,-1.5382742112938113,0.0
11.074,0.19419904014778638,0.0,-0.9509502001044248,0.0,-1.526590825342418,0.0
11.076,0.19228135848209482,0.0,-0.9536996016651457,0.0,-1.514863349554474,0.0
11.078,0.1903587520868457,0.0,-0.9564237437331926,0.0,-1.5030920961159102,0.0
11.08,0.1884312767811401,0.0,-0.9591225384847089,0.0,-1.4912773786068438,0.0
11.082,0.18649898856695563,0.0,-0.9617958987914415,0.0,-1.4794195119926319,0.0
11.084,0.18456194362755207,0.0,-0.9644437382237547,0.0,-1.467518812614588,0.0
11.086,0.18262019832589266,0.0,-0.9670659710535806,0.0,-1.45557559818078,0.0
11.088000000000001,0.18067380920306267,0.0,-0.9696625122573513,0.0,-1.4435901877568043,0.0
11.09,0.1787228329766703,0.0,-0.9722332775189201,0.0,-1.4315629017564415,0.0
11.092,0.1767673265392414,0.0,-0.974778183232461,0.0,-1.419494061932267,0.0
11.094,0.1748073469566213,0.0,-0.9772971465053328,0.0,-1.4073839913662936,0.0
11.096,0.17284295146634943,0.0,-0.9797900851609412,0.0,-1.3952330144604381,0.0
11.098,0.1708741974760487,0.0,-0.9822569177415597,0.0,-1.3830414569270735,0.0
11.1,0.16890114256179414,0.0,-0.9846975635111391,0.0,-1.3708096457794363,0.0
11.102,0.166923844466476,0.0,-0.987111942458103,0.0,-1.3585379093220005,0.0
11.104000000000001,0.16494236109816843,0.0,-0.9894999752980964,0.0,-1.3462265771408686,0.0
11.106,0.16295675052848002,0.0,-0.991861583476735,0.0,-1.3338759800940472,0.0
11.108,0.16096707099089658,0.0,-0.9941966891723283,0.0,-1.321486450301661,0.0
11.11,0.15897338087914067,0.0,-0.9965052152985587,0.0,-1.309058321136266,0.0
11.112,0.15697573874548038,0.0,-0.9987870855071832,0.0,-1.296591927212837,0.0
11.114,0.15497420329909078,0.0,-1.0010422241906523,0.0,-1.2840876043790708,0.0
11.116,0.1529688334043573,0.0,-1.0032705564847575,0.0,-1.2715456897053254,0.0
11.118,0.15095968807919852,0.0,-1.005472008271237,0.0,-1.258966521474664,0.0
11.120000000000001,0.14894682649338525,0.0,-1.007646506180346,0.0,-1.2463504391728752,0.0
11.122,0.14693030796684442,0.0,-1.0097939775934215,0.0,-1.2336977834783813,0.0
11.124,0.1449101919679557,0.0,-1.0119143506454222,0.0,-1.2210088962520977,0.0
11.126,0.142886538111858,0.0,-1.0140075542274307,0.0,-1.2082841205273451,0.0
11.128,0.14085940615872802,0.0,-1.0160735179891507,0.0,-1.195523800499575,0.0
11.13,0.13882885601207565,0.0,-1.0181121723413658,0.0,-1.182728281516195,0.0
11.132,0.13679494771701883,0.0,-1.0201234484583819,0.0,-1.1698979100662568,0.0
11.134,0.1347577414585535,0.0,-1.0221072782804494,0.0,-1.1570330337700994,0.0
11.136000000000001,0.13271729755983122,0.0,-1.0240635945161518,0.0,-1.1441340013690404,0.0
11.138,0.13067367648041775,0.0,-1.0259923306447718,0.0,-1.1312011627149319,0.0
11.14,0.12862693881454632,0.0,-1.0278934209186519,0.0,-1.1182348687596768,0.0
11.142,0.12657714528938768,0.0,-1.0297668003654912,0.0,-1.1052354715448416,0.0
11.144,0.12452435676327059,0.0,-1.0316124047906723,0.0,-1.0922033241909515,0.0
11.146,0.12246863422395543,0.0,-1.0334301707795048,0.0,-1.079138780887105,0.0
11.148,0.1204100387868519,0.0,-1.0352200356994945,0.0,-1.066042196880234,0.0
11.15,0.11834863169325484,0.0,-1.0369819377025593,0.0,-1.052913928464465,0.0
11.152000000000001,0.1162844743085798,0.0,-1.0387158157272274,0.0,-1.0397543329704733,0.0
11.154,0.11421762812058193,0.0,-1.0404216095008114,0.0,-1.0265637687547204,0.0
11.156,0.11214815473757062,0.0,-1.0420992595415661,0.0,-1.013342595188657,0.0
11.158,0.11007611588663298,0.0,-1.0437487071607987,0.0,-1.000091172647974,0.0
11.16,0.10800157341183228,0.0,-1.0453698944649854,0.0,-0.9868098625016858,0.0
11.162,0.10592458927242204,0.0,-1.0469627643578303,0.0,-0.9734990271013028,0.0
11.164,0.10384522554104254,0.0,-1.0485272605423253,0.0,-0.9601590297698863,0.0
11.166,0.10176354440191179,0.0,-1.0500633275227722,0.0,-0.9467902347910573,0.0
11.168000000000001,0.09967960814902425,0.0,-1.0515709106067817,0.0,-0.9333930073980474,0.0
11.17,0.09759347918434108,0.0,-1.0530499559072395,0.0,-0.9199677137626854,0.0
11.172,0.09550522001595149,0.0,-1.054500410344273,0.0,-0.9065147209841956,0.0
11.174,0.09341489325628471,0.0,-1.0559222216471504,0.0,-0.8930343970783023,0.0
11.176,0.09132256162024782,0.0,-1.0573153383561997,0.0,-0.8795271109658631,0.0
11.178,0.08922828792342954,0.0,-1.0586797098246625,0.0,-0.8659932324619041,0.0
11.18,0.08713213508024482,0.0,-1.0600152862205483,0.0,-0.8524331322642766,0.0
11.182,0.08503416610210066,0.0,-1.0613220185284569,0.0,-0.838847181942437,0.0
11.184000000000001,0.08293444409556136,0.0,-1.0625998585513625,0.0,-0.8252357539262144,0.0
11.186,0.08083303226049887,0.0,-1.0638487589123893,0.0,-0.8115992214944755,0.0
11.188,0.07872999388823886,0.0,-1.0650686730565506,0.0,-0.7979379587637533,0.0
11.19,0.07662539235971794,0.0,-1.0662595552524625,0.0,-0.7842523406769382,0.0
11.192,0.07451929114361522,0.0,-1.067421360594037,0.0,-0.7705427429917955,0.0
11.194,0.07241175379450222,0.0,-1.0685540450021416,0.0,-0.7568095422695937,0.0
11.196,0.07030284395097446,0.0,-1.0696575652262321,0.0,-0.7430531158636057,0.0
11.198,0.06819262533377986,0.0,-1.070731878845975,0.0,-0.7292738419075787,0.0
11.200000000000001,0.06608116174395495,0.0,-1.0717769442728187,0.0,-0.7154720993042513,0.0
11.202,0.06396851706095437,0.0,-1.0727927207515517,0.0,-0.7016482677138104,0.0
11.204,0.06185475524075151,0.0,-1.0737791683618436,0.0,-0.687802727542165,0.0
11.206,0.059739940313990325,0.0,-1.0747362480197342,0.0,-0.6739358599295281,0.0
11.208,0.057624136384072114,0.0,-1.0756639214791197,0.0,-0.6600480467385816,0.0
11.21,0.055507407625287025,0.0,-1.0765621513332004,0.0,-0.6461396705429159,0.0
11.212,0.05338981828091788,0.0,-1.0774309010159009,0.0,-0.6322111146152821,0.0
11.214,0.05127143266134268,0.0,-1.078270134803271,0.0,-0.6182627629158287,0.0
11.216000000000001,0.04915231514214777,0.0,-1.0790798178148497,0.0,-0.6042950000803974,0.0
11.218,0.04703253016222436,0.0,-1.0798599160150086,0.0,-0.5903082114087054,0.0
11.22,0.04491214222186282,0.0,-1.0806103962142704,0.0,-0.5763027828524979,0.0
11.222,0.04279121588085848,0.0,-1.0813312260705896,0.0,-0.5622791010037764,0.0
11.224,0.04066981575659309,0.0,-1.0820223740906194,0.0,-0.5482375530828499,0.0
11.226,0.03854800652213542,0.0,-1.0826838096309388,0.0,-0.5341785269265111,0.0
11.228,0.03642585290432495,0.0,-1.0833155028992623,0.0,-0.5201024109760881,0.0
11.23,0.034303419681852694,0.0,-1.0839174249556147,0.0,-0.5060095942654692,0.0
11.232000000000001,0.032180771683351754,0.0,-1.0844895477134853,0.0,-0.49190046640918744,0.0
11.234,0.030057973785481317,0.0,-1.0850318439409452,0.0,-0.477775417590446,0.0
11.236,0.027935090910983423,0.0,-1.085544287261752,0.0,-0.46363483854896576,0.0
11.238,0.025812188026791583,0.0,-1.086026852156405,0.0,-0.4494791205691541,0.0
11.24,0.02368933014207572,0.0,-1.086479513963197,0.0,-0.43530865546785674,0.0
11.242,0.021566582306332408,0.0,-1.0869022488792195,0.0,-0.42112383558239225,0.0
11.244,0.01944400960744886,0.0,-1.0872950339613485,0.0,-0.40692505375840865,0.0
11.246,0.01732167716976659,0.0,-1.087657847127204,0.0,-0.39271270333772523,0.0
11.248000000000001,0.015199650152156383,0.0,-1.0879906671560755,0.0,-0.3784871781462469,0.0
11.25,0.013077993746078296,0.0,-1.0882934736898222,0.0,-0.36424887248176485,0.0
11.252,0.010956773173639788,0.0,-1.08856624723375,0.0,-0.3499981811017382,0.0
11.254,0.00883605368566701,0.0,-1.0888089691574527,0.0,-0.3357354992111571,0.0
11.256,0.00671590055975229,0.0,-1.089021621695629,0.0,-0.32146122245023345,0.0
11.258000000000001,0.004596379098322214,0.0,-1.0892041879488745,0.0,-0.3071757468822268,0.0
11.26,0.0024775546266895127,0.0,-1.089356651884435,0.0,-0.29287946898114764,0.0
11.262,0.00035949249110340045,0.0,-1.0894789983369493,0.0,-0.27857278561944465,0.0
11.264,-0.001757741943186496,0.0,-1.0895712130091415,0.0,-0.26425609405577555,0.0
11.266,-0.0038740832938914255,0.0,-1.0896332824725075,0.0,-0.24992979192259665,0.0
11.268,-0.0059894661636157535,0.0,-1.0896651941679543,0.0,-0.23559427721394074,0.0
11.27,-0.008103825141821182,0.0,-1.0896669364064255,0.0,-0.22124994827297415,0.0
11.272,-0.010217094806775896,0.0,-1.0896384983694853,0.0,-0.20689720377963952,0.0
11.274000000000001,-0.01232920972749985,0.0,-1.0895798701098895,0.0,-0.19253644273832463,0.0
11.276,-0.014440104465722123,0.0,-1.0894910425521114,0.0,-0.17816806446543287,0.0
11.278,-0.0165497135778397,0.0,-1.0893720074928528,0.0,-0.16379246857694071,0.0
11.28,-0.018657971616861904,0.0,-1.0892227576015172,0.0,-0.14941005497604237,0.0
11.282,-0.02076481313437804,0.0,-1.0890432864206623,0.0,-0.13502122384062654,0.0
11.284,-0.022870172682503315,0.0,-1.088833588366416,0.0,-0.12062637561089473,0.0
11.286,-0.02497398481584038,0.0,-1.0885936587288716,0.0,-0.10622591097686213,0.0
11.288,-0.027076184093441147,0.0,-1.0883234936724464,0.0,-0.09182023086584828,0.0
11.290000000000001,-0.02917670508075611,0.0,-1.088023090236221,0.0,-0.07740973643004578,0.0
11.292,-0.031275482351597245,0.0,-1.0876924463342401,0.0,-0.06299482903398532,0.0
11.294,-0.03337245049010103,0.0,-1.0873315607557923,0.0,-0.04857591024199184,0.0
11.296,-0.03546754409267747,0.0,-1.086940433165657,0.0,-0.03415338180572808,0.0
11.298,-0.037560697769982464,0.0,-1.0865190641043239,0.0,-0.01972764565156749,0.0
11.3,-0.03965184614886111,0.0,-1.0860674549881866,0.0,-0.0052991038681601405,0.0
11.302,-0.041740923874320476,0.0,-1.0855856081096984,0.0,0.009131841306215246,0.0
11.304,-0.043827865611487896,0.0,-1.0850735266375127,0.0,0.023564787496206434,0.0
11.306000000000001,-0.045912606047562685,0.0,-1.0845312146165815,0.0,0.03799933220190911,0.0
11.308,-0.047995079893780344,0.0,-1.0839586769682374,0.0,0.052435072811481506,0.0
11.31,-0.050075221887375745,0.0,-1.0833559194902311,0.0,0.06687160661376239,0.0
11.312,-0.052152966793532214,0.0,-1.0827229488567613,0.0,0.08130853081079929,0.0
11.314,-0.054228249407351464,0.0,-1.0820597726184533,0.0,0.09574544253053216,0.0
11.316,-0.05630100455580185,0.0,-1.0813663992023257,0.0,0.11018193883933464,0.0
11.318,-0.0583711670996804,0.0,-1.0806428379117194,0.0,0.12461761675465877,0.0
11.32,-0.06043867193557433,0.0,-1.0798890989262016,0.0,0.13905207325769167,0.0
11.322000000000001,-0.06250345399780907,0.0,-1.079105193301437,0.0,0.1534849053059183,0.0
11.324,-0.06456544826040866,0.0,-1.0782911329690383,0.0,0.16791570984578677,0.0
11.326,-0.06662458973905662,0.0,-1.0774469307363728,0.0,0.18234408382538472,0.0
11.328,-0.06868081349303277,0.0,-1.076572600286361,0.0,0.19676962420695907,0.0
11.33,-0.07073405462719529,0.0,-1.0756681561772226,0.0,0.21119192797975056,0.0
11.332,-0.07278424829390162,0.0,-1.0747336138422179,0.0,0.22561059217243154,0.0
11.334,-0.0748313296949816,0.0,-1.073768989589341,0.0,0.24002521386589434,0.0
11.336,-0.07687523408368425,0.0,-1.072774300600989,0.0,0.25443539020588357,0.0
11.338000000000001,-0.07891589676662061,0.0,-1.0717495649336133,0.0,0.26884071841560053,0.0
11.34,-0.08095325310571595,0.0,-1.0706948015173254,0.0,0.28324079580838557,0.0
11.342,-0.08298723852016116,0.0,-1.0696100301554852,0.0,0.297635219800407,0.0
11.344,-0.08501778848834847,0.0,-1.0684952715242575,0.0,0.3120235879232437,0.0
11.346,-0.0870448385498269,0.0,-1.0673505471721363,0.0,0.32640549783662404,0.0
11.348,-0.08906832430723516,0.0,-1.0661758795194456,0.0,0.34078054734100754,0.0
11.35,-0.09108818142824728,0.0,-1.064971291857809,0.0,0.35514833439027327,0.0
11.352,-0.09310434564751612,0.0,-1.0637368083495853,0.0,0.3695084571043997,0.0
11.354000000000001,-0.09511675276860318,0.0,-1.0624724540272872,0.0,0.38386051378205793,0.0
11.356,-0.0971253386659187,0.0,-1.061178254792959,0.0,0.39820410291328834,0.0
11.358,-0.0991300392866622,0.0,-1.0598542374175297,0.0,0.4125388231921896,0.0
11.36,-0.10113079065273711,0.0,-1.0585004295401466,0.0,0.42686427352943856,0.0
11.362,-0.10312752886270962,0.0,-1.0571168596674556,0.0,0.4411800530651232,0.0
11.364,-0.10512019009370574,0.0,-1.055703557172887,0.0,0.4554857611811636,0.0
11.366,-0.10710871060335939,0.0,-1.0542605522958823,0.0,0.4697809975140865,0.0
11.368,-0.10909302673173245,0.0,-1.0527878761411038,0.0,0.48406536196762906,0.0
11.370000000000001,-0.1110730749032307,0.0,-1.0512855606776246,0.0,0.4983384547253108,0.0
11.372,-0.11304879162852752,0.0,-1.0497536387380733,0.0,0.5125998762630762,0.0
11.374,-0.11502011350648547,0.0,-1.0481921440177568,0.0,0.526849227361936,0.0
11.376,-0.1169869772260621,0.0,-1.0466011110737652,0.0,0.5410861091204963,0.0
11.378,-0.11894931956823303,0.0,-1.0449805753240238,0.0,0.5553101229676349,0.0
11.38,-0.12090707740789272,0.0,-1.043330573046344,0.0,0.5695208706750169,0.0
11.382,-0.12286018771576586,0.0,-1.0416511413774256,0.0,0.5837179543697044,0.0
11.384,-0.12480858756031639,0.0,-1.0399423183118357,0.0,0.5979009765467574,0.0
11.386000000000001,-0.126752214109641,0.0,-1.0382041427009663,0.0,0.6120695400817349,0.0
11.388,-0.12869100463337288,0.0,-1.0364366542519556,0.0,0.6262232482432762,0.0
11.39,-0.13062489650458298,0.0,-1.034639893526576,0.0,0.6403617047056845,0.0
11.392,-0.13255382720165715,0.0,-1.0328139019401172,0.0,0.6544845135613396,0.0
11.394,-0.13447773431021287,0.0,-1.0309587217601994,0.0,0.6685912793334066,0.0
11.396,-0.13639655552495716,0.0,-1.029074396105609,0.0,0.6826816069881408,0.0
11.398,-0.13831022865159007,0.0,-1.0271609689450618,0.0,0.6967551019475204,0.0
11.4,-0.14021869160868322,0.0,-1.0252184850959611,0.0,0.71081137010172,0.0
11.402000000000001,-0.14212188242954998,0.0,-1.0232469902231227,0.0,0.7248500178215288,0.0
11.404,-0.14401973926412454,0.0,-1.021246530837474,0.0,0.7388706519708469,0.0
11.406,-0.14591220038083605,0.0,-1.0192171542947115,0.0,0.7528728799191599,0.0
11.408,-0.1477992041684674,0.0,-1.0171589087939557,0.0,0.7668563095539062,0.0
11.41,-0.1496806891380293,0.0,-1.0150718433763457,0.0,0.7808205492929738,0.0
11.412,-0.15155659392461115,0.0,-1.0129560079236373,0.0,0.7947652080970395,0.0
11.414,-0.15342685728924232,0.0,-1.0108114531567516,0.0,0.808689895481987,0.0
11.416,-0.15529141812074776,0.0,-1.008638230634297,0.0,0.8225942215313102,0.0
11.418000000000001,-0.15715021543759197,0.0,-1.006436392751078,0.0,0.8364777969084279,0.0
11.42,-0.15900318838971977,0.0,-1.0042059927365672,0.0,0.850340232869001,0.0
11.422,-0.16085027626041812,0.0,-1.0019470846533296,0.0,0.8641811412733982,0.0
11.424,-0.16269141846812188,0.0,-0.9996597233954678,0.0,0.8780001345987885,0.0
11.426,-0.16452655456828144,0.0,-0.9973439646869775,0.0,0.8917968259516693,0.0
11.428,-0.16635562425516012,0.0,-0.9949998650801369,0.0,0.9055708290799184,0.0
11.43,-0.1681785673636796,0.0,-0.9926274819538204,0.0,0.9193217583851901,0.0
11.432,-0.16999532387123653,0.0,-0.9902268735118027,0.0,0.9330492289351281,0.0
11.434000000000001,-0.1718058338995131,0.0,-0.987798098781046,0.0,0.9467528564755333,0.0
11.436,-0.17361003771629263,0.0,-0.9853412176099425,0.0,0.9604322574425871,0.0
11.438,-0.17540787573727085,0.0,-0.9828562906665331,0.0,0.9740870489750596,0.0
11.44,-0.17719928852784986,0.0,-0.9803433794367107,0.0,0.9877168489263912,0.0
11.442,-0.17898421680494703,0.0,-0.9778025462223745,0.0,1.0013212758769092,0.0
11.444,-0.1807626014387795,0.0,-0.975233854139581,0.0,1.014899949145866,0.0
11.446,-0.1825343834546576,0.0,-0.9726373671166515,0.0,1.0284524888035642,0.0
11.448,-0.18429950403477213,0.0,-0.9700131498922504,0.0,1.0419785156834482,0.0
11.450000000000001,-0.18605790451996854,0.0,-0.9673612680134518,0.0,1.0554776513941022,0.0
11.452,-0.18780952641151785,0.0,-0.9646817878337741,0.0,1.0689495183312538,0.0
11.454,-0.18955431137290535,0.0,-0.9619747765111579,0.0,1.0823937396899017,0.0
11.456,-0.19129220123156737,0.0,-0.9592403020059795,0.0,1.0958099394760934,0.0
11.458,-0.19302313798067552,0.0,-0.9564784330789653,0.0,1.1091977425190498,0.0
11.46,-0.19474706378087628,0.0,-0.9536892392891394,0.0,1.12255677448298,0.0
11.462,-0.19646392096204435,0.0,-0.9508727909917074,0.0,1.1358866618790113,0.0
11.464,-0.1981736520250312,0.0,-0.948029159335923,0.0,1.149187032077097,0.0
11.466000000000001,-0.19987619964339573,0.0,-0.9451584162629392,0.0,1.1624575133177983,0.0
11.468,-0.20157150666514181,0.0,-0.9422606345036197,0.0,1.1756977347241402,0.0
11.47,-0.20325951611444876,0.0,-0.939335887576322,0.0,1.1889073263134236,0.0
11.472,-0.20494017119338642,0.0,-0.9363842497846732,0.0,1.2020859190089312,0.0
11.474,-0.2066134152836403,0.0,-0.9334057962152889,0.0,1.2152331446517335,0.0
11.476,-0.20827919194821515,0.0,-0.9304006027354994,0.0,1.2283486360123363,0.0
11.478,-0.20993744493314376,0.0,-0.9273687459910261,0.0,1.2414320268023842,0.0
11.48,-0.2115881181691901,0.0,-0.924310303403633,0.0,1.2544829516863425,0.0
11.482000000000001,-0.21323115577353705,0.0,-0.9212253531687664,0.0,1.2675010462930678,0.0
11.484,-0.21486650205147229,0.0,-0.9181139742531677,0.0,1.2804859472273824,0.0
11.486,-0.21649410149808704,0.0,-0.9149762463924193,0.0,1.2934372920817623,0.0
11.488,-0.2181138987999272,0.0,-0.911812250088546,0.0,1.3063547194476761,0.0
11.49,-0.21972583883668517,0.0,-0.9086220666074989,0.0,1.3192378689272504,0.0
11.492,-0.22132986668285096,0.0,-0.9054057779766852,0.0,1.3320863811446346,0.0
11.494,-0.22292592760937358,0.0,-0.9021634669824347,0.0,1.3448998977574649,0.0
11.496,-0.224513967085316,0.0,-0.8988952171674436,0.0,1.357678061468296,0.0
11.498000000000001,-0.22609393077949444,0.0,-0.8956011128282135,0.0,1.3704205160359157,0.0
11.5,-0.22766576456211957,0.0,-0.8922812390124436,0.0,1.3831269062867046,0.0
11.502,-0.22922941450643305,0.0,-0.888935681516399,0.0,1.3957968781259684,0.0
11.504,-0.23078482689032567,0.0,-0.8855645268822769,0.0,1.4084300785491368,0.0
11.506,-0.23233194819796563,0.0,-0.8821678623955084,0.0,1.4210261556530757,0.0
11.508000000000001,-0.23387072512140378,0.0,-0.8787457760820778,0.0,1.4335847586472141,0.0
11.51,-0.23540110456218322,0.0,-0.8752983567057884,0.0,1.44610553786474,0.0
11.512,-0.23692303363294212,0.0,-0.871825693765503,0.0,1.4585881447737483,0.0
11.514000000000001,-0.23843645965900195,0.0,-0.8683278774923823,0.0,1.4710322319882931,0.0
11.516,-0.23994133017995073,0.0,-0.8648049988470847,0.0,1.483437453279425,0.0
11.518,-0.24143759295123393,0.0,-0.8612571495169221,0.0,1.4958034635862956,0.0
11.52,-0.24292519594571377,0.0,-0.8576844219130356,0.0,1.5081299190270345,0.0
11.522,-0.2444040873552446,0.0,-0.8540869091674995,0.0,1.5204164769097732,0.0
11.524000000000001,-0.24587421559222353,0.0,-0.8504647051304409,0.0,1.5326627957434842,0.0
11.526,-0.24733552929114552,0.0,-0.8468179043671101,0.0,1.544868535248879,0.0
11.528,-0.24878797731014918,0.0,-0.8431466021549254,0.0,1.557033356369252,0.0
11.53,-0.25023150873254824,0.0,-0.8394508944805221,0.0,1.5691569212812142,0.0
11.532,-0.25166607286836795,0.0,-0.8357308780367348,0.0,1.581238893405505,0.0
11.534,-0.25309161925586127,0.0,-0.8319866502196006,0.0,1.593278937417641,0.0
11.536,-0.2545080976630264,0.0,-0.8282183091253061,0.0,1.6052767192586088,0.0
11.538,-0.2559154580891174,0.0,-0.8244259535471153,0.0,1.617231906145515,0.0
11.540000000000001,-0.2573136507661389,0.0,-0.8206096829722961,0.0,1.6291441665821216,0.0
11.542,-0.25870262616034084,0.0,-0.8167695975789997,0.0,1.6410131703694129,0.0
11.544,-0.26008233497370714,0.0,-0.812905798233116,0.0,1.652838588616123,0.0
11.546,-0.26145272814542614,0.0,-0.8090183864851347,0.0,1.6646200937491362,0.0
11.548,-0.26281375685336933,0.0,-0.805107464566937,0.0,1.6763573595239774,0.0
11.55,-0.2641653725155415,0.0,-0.80117313538862,0.0,1.6880500610350913,0.0
11.552,-0.265507526791546,0.0,-0.7972155025352473,0.0,1.6996978747262514,0.0
11.554,-0.2668401715840278,0.0,-0.7932346702635955,0.0,1.711300478400832,0.0
11.556000000000001,-0.26816325904010896,0.0,-0.789230743498899,0.0,1.7228575512320126,0.0
11.558,-0.269476741552821,0.0,-0.7852038278315421,0.0,1.734368773772994,0.0
11.56,-0.27078057176253156,0.0,-0.7811540295137357,0.0,1.7458338279671848,0.0
11.562,-0.2720747025583507,0.0,-0.7770814554561901,0.0,1.757252397158234,0.0
11.564,-0.27335908707954704,0.0,-0.7729862132247365,0.0,1.7686241661001745,0.0
11.566,-0.27463367871693717,0.0,-0.7688684110369537,0.0,1.7799488209673668,0.0
11.568,-0.27589843111428125,0.0,-0.76472815775876,0.0,1.7912260493645022,0.0
11.57,-0.2771532981696654,0.0,-0.760565562900968,0.0,1.8024555403365419,0.0
11.572000000000001,-0.2783982340368715,0.0,-0.7563807366158564,0.0,1.8136369843785427,0.0
11.574,-0.27963319312674456,0.0,-0.752173789693686,0.0,1.8247700734455137,0.0
11.576,-0.28085813010855337,0.0,-0.7479448335591933,0.0,1.8358545009622194,0.0
11.578,-0.2820729999113277,0.0,-0.7436939802681114,0.0,1.8468899618328205,0.0
11.58,-0.28327775772521707,0.0,-0.7394213425035774,0.0,1.8578761524507057,0.0
11.582,-0.28447235900280154,0.0,-0.7351270335726338,0.0,1.8688127707079571,0.0
11.584,-0.28565675946042807,0.0,-0.7308111674026105,0.0,1.8796995160050458,0.0
11.586,-0.2868309150795234,0.0,-0.7264738585375301,0.0,1.8905360892603504,0.0
11.588000000000001,-0.28799478210789453,0.0,-0.7221152221344994,0.0,1.9013221929196027,0.0
11.59,-0.2891483170610293,0.0,-0.7177353739600634,0.0,1.912057530965346,0.0
11.592,-0.29029147672338523,0.0,-0.7133344303865277,0.0,1.922741808926336,0.0
11.594,-0.2914242181496659,0.0,-0.7089125083883036,0.0,1.9333747338868312,0.0
11.596,-0.29254649866609533,0.0,-0.7044697255381759,0.0,1.9439560144959218,0.0
11.598,-0.29365827587167564,0.0,-0.7000062000036037,0.0,1.9544853609767172,0.0
11.6,-0.29475950763944136,0.0,-0.6955220505429663,0.0,1.9649624851355385,0.0
11.602,-0.2958501521177061,0.0,-0.6910173965017928,0.0,1.9753871003710735,0.0
11.604000000000001,-0.2969301677312917,0.0,-0.6864923578089952,0.0,1.985758921683397,0.0
11.606,-0.29799951318275714,0.0,-0.6819470549730579,0.0,1.9960776656830181,0.0
11.608,-0.2990581474536173,0.0,-0.6773816090782029,0.0,2.0063430505998756,0.0
11.61,-0.3001060298055413,0.0,-0.6727961417805849,0.0,2.016554796292161,0.0
11.612,-0.3011431197815656,0.0,-0.6681907753043724,0.0,2.0267126242553166,0.0
11.614,-0.3021693772072658,0.0,-0.6635656324379304,0.0,2.036816257630687,0.0
11.616,-0.30318476219194856,0.0,-0.6589208365298822,0.0,2.0468654212143775,0.0
11.618,-0.3041892351298183,0.0,-0.6542565114851921,0.0,2.0568598414659207,0.0
11.620000000000001,-0.3051827567011358,0.0,-0.6495727817612484,0.0,2.0667992465168954,0.0
11.622,-0.3061652878733711,0.0,-0.6448697723638969,0.0,2.0766833661795197,0.0
11.624,-0.3071367899023482,0.0,-0.6401476088434574,0.0,2.0865119319552132,0.0
11.626,-0.30809722433337194,0.0,-0.635406417290755,0.0,2.0962846770430104,0.0
11.628,-0.30904655300235745,0.0,-0.630646324333083,0.0,2.106001336348039,0.0
11.63,-0.3099847380369375,0.0,-0.6258674571301965,0.0,2.1156616464898264,0.0
11.632,-0.31091174185756926,0.0,-0.621069943370258,0.0,2.1252653458106248,0.0
11.634,-0.31182752717862994,0.0,-0.6162539112657611,0.0,2.134812174383674,0.0
11.636000000000001,-0.31273205700949747,0.0,-0.6114194895494709,0.0,2.1443018740213557,0.0
11.638,-0.31362529465562683,0.0,-0.6065668074703123,0.0,2.1537341882833316,0.0
11.64,-0.31450720371961827,0.0,-0.6016959947892424,0.0,2.1631088624846515,0.0
11.642,-0.3153777481022626,0.0,-0.5968071817751528,0.0,2.1724256437036793,0.0
11.644,-0.3162368920036021,0.0,-0.5919004992006606,0.0,2.1816842807901753,0.0
11.646,-0.3170845999239486,0.0,-0.5869760783380047,0.0,2.190884524373052,0.0
11.648,-0.31792083666492077,0.0,-0.5820340509548187,0.0,2.2000261268683015,0.0
11.65,-0.3187455673304562,0.0,-0.5770745493099334,0.0,2.209108842486757,0.0
11.652000000000001,-0.3195587573278155,0.0,-0.5720977061491769,0.0,2.2181324272417764,0.0
11.654,-0.3203603723685783,0.0,-0.5671036547011307,0.0,2.227096638956918,0.0
11.656,-0.32115037846963046,0.0,-0.5620925286728669,0.0,2.2360012372735514,0.0
11.658,-0.3219287419541363,0.0,-0.557064462245708,0.0,2.2448459836583528,0.0
11.66,-0.32269542945250657,0.0,-0.5520195900709145,0.0,2.2536306414108203,0.0
11.662,-0.32345040790335133,0.0,-0.5469580472654133,0.0,2.2623549756706494,0.0
11.664,-0.3241936445544246,0.0,-0.5418799694074713,0.0,2.2710187534250954,0.0
11.666,-0.32492510696356186,0.0,-0.5367854925323566,0.0,2.2796217435162847,0.0
11.668000000000001,-0.32564476299960077,0.0,-0.5316747531280115,0.0,2.288163716648408,0.0
11.67,-0.3263525808432936,0.0,-0.5265478881306982,0.0,2.2966444453948713,0.0
11.672,-0.32704852898821973,0.0,-0.5214050349205771,0.0,2.3050637042054802,0.0
11.674,-0.32773257624166563,0.0,-0.5162463313173923,0.0,2.3134212694133525,0.0
11.676,-0.3284046917255214,0.0,-0.5110719155759841,0.0,2.3217169192420255,0.0
11.678,-0.3290648448771404,0.0,-0.5058819263819466,0.0,2.3299504338122445,0.0
11.68,-0.32971300545020943,0.0,-0.5006765028471449,0.0,2.33812159514889,0.0
11.682,-0.33034914351559924,0.0,-0.49545578450527594,0.0,2.3462301871877544,0.0
11.684000000000001,-0.3309732294622012,0.0,-0.4902199113074217,0.0,2.3542759957822215,0.0
11.686,-0.33158523399776174,0.0,-0.4849690236175665,0.0,2.362258808709954,0.0
11.688,-0.33218512814970014,0.0,-0.4797032622080928,0.0,2.3701784156794843,0.0
11.69,-0.3327728832659178,0.0,-0.47442276825530705,0.0,2.378034608336716,0.0
11.692,-0.3333484710155974,0.0,-0.46912768333489036,0.0,2.385827180271419,0.0
11.694,-0.33391186338998974,0.0,-0.4638181494173984,0.0,2.3935559270235904,0.0
11.696,-0.3344630327031909,0.0,-0.45849430886370357,0.0,2.401220646089798,0.0
11.698,-0.33500195159290963,0.0,-0.4531563044204293,0.0,2.408821136929459,0.0
11.700000000000001,-0.3355285930212224,0.0,-0.44780427921540134,0.0,2.4163572009710177,0.0
11.702,-0.33604293027531423,0.0,-0.4424383767530691,0.0,2.423828641618051,0.0
11.704,-0.33654493696822346,0.0,-0.4370587409098664,0.0,2.431235264255432,0.0
11.706,-0.33703458703955036,0.0,-0.43166551592967595,0.0,2.438576876255187,0.0
11.708,-0.33751185475618195,0.0,-0.4262588464191451,0.0,2.4458532869825524,0.0
11.71,-0.3379767147129854,0.0,-0.42083887734309694,0.0,2.4530643078017573,0.0
11.712,-0.3384291418335027,0.0,-0.4154057540198759,0.0,2.4602097520818558,0.0
11.714,-0.33886911137062875,0.0,-0.40995962211667836,0.0,2.467289435202457,0.0
11.716000000000001,-0.3392965989072799,0.0,-0.4045006276449128,0.0,2.474303174559367,0.0
11.718,-0.3397115803570509,0.0,-0.3990289169555094,0.0,2.4812507895701894,0.0
11.72,-0.34011403196486345,0.0,-0.39354463673422085,0.0,2.48813210167987,0.0
11.722,-0.3405039303075996,0.0,-0.38804793399695,0.0,2.4949469343661157,0.0
11.724,-0.340881252294728,0.0,-0.38253895608500793,0.0,2.5016951131448217,0.0
11.726,-0.34124597516891564,0.0,-0.37701785066042104,0.0,2.508376465575359,0.0
11.728,-0.34159807650663154,0.0,-0.37148476570118694,0.0,2.5149908212658354,0.0
11.73,-0.3419375342187372,0.0,-0.36593984949652086,0.0,2.5215380118782935,0.0
11.732000000000001,-0.3422643265510674,0.0,-0.3603832506421236,0.0,2.5280178711337955,0.0
11.734,-0.3425784320849968,0.0,-0.35481511803542587,0.0,2.5344302348174614,0.0
11.736,-0.3428798297380025,0.0,-0.3492356008707631,0.0,2.540774940783497,0.0
11.738,-0.34316849876420424,0.0,-0.34364484863467404,0.0,2.547051828960009,0.0
11.74,-0.3434444187549048,0.0,-0.3380430111010352,0.0,2.553260741353916,0.0
11.742,-0.3437075696391118,0.0,-0.3324302383263083,0.0,2.5594015220556616,0.0
11.744,-0.34395793168405053,0.0,-0.3268066806447136,0.0,2.5654740172439205,0.0
11.746,-0.3441954854956664,0.0,-0.32117248866339826,0.0,2.5714780751902353,0.0
11.748000000000001,-0.344420212019114,0.0,-0.3155278132576331,0.0,2.577413546263536,0.0
11.75,-0.3446320925392365,0.0,-0.30987280556596425,0.0,2.5832802829346373,0.0
11.752,-0.34483110868103395,0.0,-0.30420761698535465,0.0,2.589078139780651,0.0
11.754,-0.3450172424101183,0.0,-0.2985323991663596,0.0,2.5948069734893053,0.0
11.756,-0.3451904760331591,0.0,-0.2928473040082322,0.0,2.600466642863231,0.0
11.758000000000001,-0.3453507921983168,0.0,-0.2871524836540822,0.0,2.6060570088241346,0.0
11.76,-0.34549817389566473,0.0,-0.28144809048598596,0.0,2.611577934416927,0.0
11.762,-0.34563260445759986,0.0,-0.27573427712008847,0.0,2.6170292848137913,0.0
11.764000000000001,-0.34575406755924265,0.0,-0.2700111964017316,0.0,2.6224109273181306,0.0
11.766,-0.3458625472188236,0.0,-0.26427900140055727,0.0,2.6277227313684866,0.0
11.768,-0.3459580277980606,0.0,-0.2585378454055633,0.0,2.6329645685423873,0.0
11.77,-0.3460404940025246,0.0,-0.25278788192023527,0.0,2.6381363125600825,0.0
11.772,-0.34610993088199116,0.0,-0.24702926465758623,0.0,2.6432378392882576,0.0
11.774000000000001,-0.3461663238307843,0.0,-0.24126214753525965,0.0,2.6482690267436255,0.0
11.776,-0.34620965858810604,0.0,-0.2354866846705817,0.0,2.6532297550964827,0.0
11.778,-0.34623992123835506,0.0,-0.22970303037560819,0.0,2.65811990667418,0.0
11.78,-0.34625709821143535,0.0,-0.22391133915220707,0.0,2.6629393659645104,0.0
11.782,-0.346261176283051,0.0,-0.21811176568707275,0.0,2.6676880196190424,0.0
11.784,-0.34625214257499093,0.0,-0.21230446484679583,0.0,2.6723657564563625,0.0
11.786,-0.34622998455540266,0.0,-0.20648959167288786,0.0,2.676972467465249,0.0
11.788,-0.34619469003905184,0.0,-0.2006673013767981,0.0,2.6815080458077922,0.0
11.790000000000001,-0.3461462471875735,0.0,-0.19483774933496456,0.0,2.6859723868224004,0.0
11.792,-0.34608464450970977,0.0,-0.18900109108382113,0.0,2.690365388026769,0.0
11.794,-0.3460098708615353,0.0,-0.18315748231480045,0.0,2.694686949120763,0.0
11.796,-0.34592191544667455,0.0,-0.17730707886937433,0.0,2.6989369719892147,0.0
11.798,-0.34582076781650317,0.0,-0.17145003673402154,0.0,2.7031153607046736,0.0
11.8,-0.34570641787034007,0.0,-0.16558651203527458,0.0,2.707222021530038,0.0
11.802,-0.34557885585562836,0.0,-0.15971666103468113,0.0,2.7112568629211644,0.0
11.804,-0.3454380723681038,0.0,-0.15384064012380133,0.0,2.715219795529379,0.0
11.806000000000001,-0.34528405835195014,0.0,-0.14795860581921683,0.0,2.7191107322038874,0.0
11.808,-0.3451168050999474,0.0,-0.14207071475750624,0.0,2.7229295879941637,0.0
11.81,-0.3449363042536018,0.0,-0.13617712369021298,0.0,2.7266762801522226,0.0
11.812,-0.3447425478032715,0.0,-0.13027798947885566,0.0,2.7303507281348343,0.0
11.814,-0.34453552808827315,0.0,-0.12437346908986852,0.0,2.7339528536056608,0.0
11.816,-0.3443152377969845,0.0,-0.11846371958960596,0.0,2.7374825804373204,0.0
11.818,-0.3440816699669291,0.0,-0.1125488981392988,0.0,2.7409398347133687,0.0
11.82,-0.34383481798485094,0.0,-0.1066291619900091,0.0,2.744324544730218,0.0
11.822000000000001,-0.34357467558678145,0.0,-0.10070466847762223,0.0,2.7476366409989716,0.0
11.824,-0.3433012368580885,0.0,-0.09477557501779581,0.0,2.750876056247176,0.0
11.826,-0.3430144962335184,0.0,-0.0888420391009048,0.0,2.754042725420532,0.0
11.828,-0.3427144484972236,0.0,-0.08290421828704884,0.0,2.7571365856844623,0.0
11.83,-0.34240108878278214,0.0,-0.07696227020093464,0.0,2.7601575764257085,0.0
11.832,-0.3420744125731997,0.0,-0.07101635252691378,0.0,2.763105639253725,0.0
11.834,-0.34173441570090746,0.0,-0.06506662300388365,0.0,2.765980718002111,0.0
11.836,-0.34138109434774,0.0,-0.059113239420245836,0.0,2.768782758729904,0.0
11.838000000000001,-0.3410144450449095,0.0,-0.05315635960888136,0.0,2.771511709722809,0.0
11.84,-0.34063446467296327,0.0,-0.04719614144208907,0.0,2.774167521494361,0.0
11.842,-0.3402411504617295,0.0,-0.04123274282652317,0.0,2.77675014678701,0.0
11.844,-0.3398344999902556,0.0,-0.03526632169817431,0.0,2.779259540573119,0.0
11.846,-0.3394145111867296,0.0,-0.029297036017285047,0.0,2.7816956600559086,0.0
11.848,-0.33898118232839447,0.0,-0.023325043763330305,0.0,2.7840584646702937,0.0
11.85,-0.3385345120414479,0.0,-0.0173505029299542,0.0,2.786347916083679,0.0
11.852,-0.3380744993009307,0.0,-0.011373571519908185,0.0,2.7885639781966556,0.0
11.854000000000001,-0.3376011434306052,0.0,-0.005394407540026902,0.0,2.7907066171436257,0.0
11.856,-0.3371144441028218,0.0,0.0005868310038323332,0.0,2.792775801293361,0.0
11.858,-0.33661440133836973,0.0,0.006569986111854803,0.0,2.7947715012494743,0.0
11.86,-0.33610101550632476,0.0,0.012554899795265098,0.0,2.796693689850815,0.0
11.862,-0.3355742873238749,0.0,0.018541414081450117,0.0,2.79854234217181,0.0
11.864,-0.3350342178561439,0.0,0.024529371018918653,0.0,2.800317435522688,0.0
11.866,-0.33448080851599704,0.0,0.030518612682399804,0.0,2.802018949449664,0.0
11.868,-0.33391406106383703,0.0,0.03650898117787761,0.0,2.8036468657350464,0.0
11.870000000000001,-0.3333339776073901,0.0,0.04250031864760795,0.0,2.8052011683972338,0.0
11.872,-0.3327405606014783,0.0,0.04849246727516918,0.0,2.8066818436906753,0.0
11.874,-0.3321338128477797,0.0,0.05448526929050909,0.0,2.8080888801057364,0.0
11.876,-0.33151373749458174,0.0,0.060478566974947925,0.0,2.8094222683684857,0.0
11.878,-0.3308803380365152,0.0,0.06647220266624243,0.0,2.8106820014404197,0.0
11.88,-0.3302336183142854,0.0,0.07246601876358286,0.0,2.811868074518096,0.0
11.882,-0.32957358251438523,0.0,0.07845985773263003,0.0,2.8129804850327025,0.0
11.884,-0.3289002351687984,0.0,0.0844535621105495,0.0,2.8140192326495446,0.0
11.886000000000001,-0.32821358115469396,0.0,0.09044697451100317,0.0,2.8149843192674573,0.0
11.888,-0.3275136256941069,0.0,0.09643993762917655,0.0,2.8158757490181436,0.0
11.89,-0.3268003743536045,0.0,0.1024322942468065,0.0,2.8166935282654375,0.0
11.892,-0.3260738330439498,0.0,0.10842388723713786,0.0,2.817437665604482,0.0
11.894,-0.32533400801974177,0.0,0.11441455957000411,0.0,2.8181081718608545,0.0
11.896,-0.32458090587905625,0.0,0.12040415431674074,0.0,2.8187050600895787,0.0
11.898,-0.32381453356306755,0.0,0.1263925146552358,0.0,2.8192283455741043,0.0
11.9,-0.3230348983556579,0.0,0.13237948387491213,0.0,2.8196780458251793,0.0
11.902000000000001,-0.3222420078830226,0.0,0.13836490538169158,0.0,2.820054180579654,0.0
11.904,-0.32143587011325875,0.0,0.14434862270298682,0.0,2.8203567717992226,0.0
11.906,-0.32061649335594045,0.0,0.15033047949269007,0.0,2.8205858436690745,0.0
11.908,-0.31978388626169024,0.0,0.15631031953611207,0.0,2.8207414225964684,0.0
11.91,-0.3189380578217298,0.0,0.1622879867549815,0.0,2.820823537209252,0.0
11.912,-0.31807901736742866,0.0,0.16826332521237278,0.0,2.820832218354277,0.0
11.914,-0.3172067745698362,0.0,0.17423617911767258,0.0,2.820767499095769,0.0
11.916,-0.316321339439199,0.0,0.18020639283153939,0.0,2.8206294147135926,0.0
11.918000000000001,-0.315422722324478,0.0,0.18617381087082216,0.0,2.820418002701467,0.0
11.92,-0.3145109339128442,0.0,0.19213827791348898,0.0,2.8201333027650866,0.0
11.922,-0.3135859852291646,0.0,0.19809963880361003,0.0,2.8197753568201844,0.0
11.924,-0.31264788763548523,0.0,0.20405773855619147,0.0,2.8193442089905036,0.0
11.926,-0.31169665283048925,0.0,0.21001242236218529,0.0,2.8188399056057087,0.0
11.928,-0.31073229284895787,0.0,0.21596353559331,0.0,2.818262495199207,0.0
11.93,-0.30975482006121213,0.0,0.22191092380700553,0.0,2.817612028505917,0.0
11.932,-0.3087642471725406,0.0,0.22785443275132006,0.0,2.8168885584599335,0.0
11.934000000000001,-0.30776058722262756,0.0,0.23379390836977398,0.0,2.816092140192146,0.0
11.936,-0.3067438535849599,0.0,0.23972919680625004,0.0,2.8152228310277674,0.0
11.938,-0.3057140599662238,0.0,0.24566014440987632,0.0,2.8142806904837845,0.0
11.94,-0.3046712204056984,0.0,0.2515865977398586,0.0,2.813265780266351,0.0
11.942,-0.3036153492746259,0.0,0.2575084035703673,0.0,2.8121781642680874,0.0
11.944,-0.3025464612755858,0.0,0.2634254088953539,0.0,2.8110179085653284,0.0
11.946,-0.3014645714418436,0.0,0.26933746093339983,0.0,2.8097850814152694,0.0
11.948,-0.30036969513669703,0.0,0.27524440713255727,0.0,2.8084797532530636,0.0
11.950000000000001,-0.2992618480528104,0.0,0.2811460951751471,0.0,2.8071019966888326,0.0
11.952,-0.29814104621153853,0.0,0.2870423729825613,0.0,2.80565188650461,0.0
11.954,-0.2970073059622308,0.0,0.29293308872012036,0.0,2.8041294996511934,0.0
11.956,-0.29586064398154444,0.0,0.2988180908017797,0.0,2.802534915244967,0.0
11.958,-0.2947010772727211,0.0,0.3046972278949881,0.0,2.8008682145645847,0.0
11.96,-0.2935286231648774,0.0,0.31057034892541147,0.0,2.799129481047649,0.0
11.962,-0.29234329931226755,0.0,0.3164373030817102,0.0,2.7973188002872647,0.0
11.964,-0.2911451236935399,0.0,0.3222979398203056,0.0,2.7954362600285485,0.0
11.966000000000001,-0.2899341146109897,0.0,0.32815210887009405,0.0,2.7934819501650554,0.0
11.968,-0.2887102906897919,0.0,0.3339996602371932,0.0,2.791455962735137,0.0
11.97,-0.2874736708772253,0.0,0.33984044420967385,0.0,2.7893583919182166,0.0
11.972,-0.28622427444189336,0.0,0.3456743113622415,0.0,2.7871893340310137,0.0
11.974,-0.2849621209729219,0.0,0.35150111256096744,0.0,2.7849488875236665,0.0
11.976,-0.28368723037916,0.0,0.3573206989679495,0.0,2.7826371529758127,0.0
11.978,-0.2823996228883612,0.0,0.3631329220459992,0.0,2.7802542330925815,0.0
11.98,-0.28109931904635177,0.0,0.3689376335633208,0.0,2.777800232700505,0.0
11.982000000000001,-0.2797863397162018,0.0,0.3747346855981434,0.0,2.7752752587433864,0.0
11.984,-0.27846070607737483,0.0,0.3805239305433562,0.0,2.7726794202780742,0.0
11.986,-0.2771224396248626,0.0,0.38630522111119264,0.0,2.7700128284701595,0.0
11.988,-0.2757715621683292,0.0,0.39207841033776647,0.0,2.767275596589638,0.0
11.99,-0.27440809583122056,0.0,0.3978433515877521,0.0,2.7644678400064504,0.0
11.992,-0.2730320630498839,0.0,0.4035998985589293,0.0,2.761589676186001,0.0
11.994,-0.2716434865726655,0.0,0.40934790528678155,0.0,2.7586412246845686,0.0
11.996,-0.27024238945899776,0.0,0.41508722614907434,0.0,2.7556226071446646,0.0
11.998000000000001,-0.2688287950784862,0.0,0.4208177158703874,0.0,2.7525339472903263,0.0
12.0,-0.2674027271099761,0.0,0.42653922952666723,0.0,2.7493753709223223,0.0
12.002,-0.2659642095406097,0.0,0.4322516225497698,0.0,2.746147005913296,0.0
12.004,-0.26451326666488395,0.0,0.43795475073194573,0.0,2.7428489822028546,0.0
12.006,-0.2630499230836819,0.0,0.44364847023037646,0.0,2.739481431792557,0.0
12.008000000000001,-0.2615742037033092,0.0,0.4493326375716319,0.0,2.7360444887408635,0.0
12.01,-0.26008613373451317,0.0,0.4550071096561584,0.0,2.732538289158002,0.0
12.012,-0.2585857386914865,0.0,0.46067174376275105,0.0,2.7289629712007515,0.0
12.014000000000001,-0.2570730443908766,0.0,0.4663263975529779,0.0,2.7253186750671894,0.0
12.016,-0.25554807695077275,0.0,0.4719709290756108,0.0,2.721605542991356,0.0
12.018,-0.25401086278968144,0.0,0.4776051967710757,0.0,2.717823719237819,0.0
12.02,-0.2524614286255064,0.0,0.4832290594758131,0.0,2.7139733500962326,0.0
12.022,-0.2508998014744993,0.0,0.4888423764267005,0.0,2.71005458387576,0.0
12.024000000000001,-0.24932600865022078,0.0,0.4944450072653989,0.0,2.7060675708994957,0.0
12.026,-0.24774007776247814,0.0,0.5000368120427214,0.0,2.7020124634987672,0.0
12.028,-0.24614203671625326,0.0,0.5056176512229883,0.0,2.697889416007386,0.0
12.030000000000001,-0.24453191371063168,0.0,0.5111873856883294,0.0,2.693698584755846,0.0
12.032,-0.24290973723771492,0.0,0.5167458767430088,0.0,2.6894401280654447,0.0
12.034,-0.24127553608151608,0.0,0.5222929861177317,0.0,2.6851142062423143,0.0
12.036,-0.23962933931686606,0.0,0.5278285759738965,0.0,2.6807209815714463,0.0
12.038,-0.23797117630828588,0.0,0.5333525089078917,0.0,2.676260618310568,0.0
12.040000000000001,-0.23630107670887174,0.0,0.538864647955314,0.0,2.6717332826840368,0.0
12.042,-0.23461907045915684,0.0,0.5443648565952134,0.0,2.6671391428766063,0.0
12.044,-0.23292518778596452,0.0,0.549852998754319,0.0,2.6624783690271525,0.0
12.046,-0.23121945920126363,0.0,0.5553289388112101,0.0,2.6577511332223414,0.0
12.048,-0.22950191550099672,0.0,0.560792541600533,0.0,2.6529576094902043,0.0
12.05,-0.22777258776391993,0.0,0.5662436724171238,0.0,2.6480979737936923,0.0
12.052,-0.22603150735041605,0.0,0.571682197020189,0.0,2.6431724040241207,0.0
12.054,-0.22427870590130256,0.0,0.5771079816374336,0.0,2.638181079994559,0.0
12.056000000000001,-0.22251421533664204,0.0,0.582520892969155,0.0,2.633124183433196,0.0
12.058,-0.22073806785453037,0.0,0.5879207981923489,0.0,2.6280018979765942,0.0
12.06,-0.21895029592987614,0.0,0.5933075649647999,0.0,2.6228144091628844,0.0
12.062,-0.21715093231318625,0.0,0.5986810614291145,0.0,2.6175619044249423,0.0
12.064,-0.2153400100293196,0.0,0.6040411562167942,0.0,2.6122445730834354,0.0
12.066,-0.21351756237625574,0.0,0.6093877184522327,0.0,2.6068626063398708,0.0
12.068,-0.21168362292383766,0.0,0.6147206177567331,0.0,2.601416197269538,0.0
12.07,-0.20983822551250872,0.0,0.6200397242525082,0.0,2.5959055408143925,0.0
12.072000000000001,-0.20798140425205175,0.0,0.625344908566625,0.0,2.59033083377591,0.0
12.074,-0.20611319352030774,0.0,0.6306360418349682,0.0,2.584692274807847,0.0
12.076,-0.2042336279618841,0.0,0.6359129957061864,0.0,2.5789900644089294,0.0
12.078,-0.20234274248687514,0.0,0.6411756423455612,0.0,2.5732244049155515,0.0
12.08,-0.20044057226953813,0.0,0.6464238544389688,0.0,2.5673955004942863,0.0
12.082,-0.198527152747004,0.0,0.6516575051966809,0.0,2.5615035571344924,0.0
12.084,-0.19660251961794384,0.0,0.656876468357268,0.0,2.555548782640725,0.0
12.086,-0.1946667088412404,0.0,0.6620806181914316,0.0,2.5495313866251514,0.0
12.088000000000001,-0.19271975663466104,0.0,0.6672698295057993,0.0,2.543451580499914,0.0
12.09,-0.19076169947350682,0.0,0.6724439776467336,0.0,2.537309577469405,0.0
12.092,-0.1887925740892573,0.0,0.6776029385041199,0.0,2.5311055925224815,0.0
12.094,-0.1868124174682191,0.0,0.6827465885150975,0.0,2.5248398424246616,0.0
12.096,-0.18482126685014544,0.0,0.687874804667826,0.0,2.518512545710201,0.0
12.098,-0.1828191597268695,0.0,0.6929874645051752,0.0,2.5121239226741703,0.0
12.1,-0.1808061338409157,0.0,0.6980844461284335,0.0,2.5056741953644415,0.0
12.102,-0.17878222718410128,0.0,0.7031656282009935,0.0,2.499163587573604,0.0
12.104000000000001,-0.17674747799614662,0.0,0.7082308899519862,0.0,2.4925923248308712,0.0
12.106,-0.17470192476326094,0.0,0.7132801111799246,0.0,2.485960634393887,0.0
12.108,-0.17264560621672015,0.0,0.7183131722563337,0.0,2.4792687452404722,0.0
12.11,-0.17057856133146018,0.0,0.7233299541292982,0.0,2.4725168880603845,0.0
12.112,-0.16850082932462151,0.0,0.7283303383271025,0.0,2.465705295246884,0.0
12.114,-0.16641244965413468,0.0,0.7333142069617049,0.0,2.458834200888424,0.0
12.116,-0.16431346201725816,0.0,0.7382814427323181,0.0,2.451903840760128,0.0
12.118,-0.16220390634912474,0.0,0.7432319289289071,0.0,2.444914452315275,0.0
12.120000000000001,-0.1600838228212882,0.0,0.7481655494356585,0.0,2.437866274676764,0.0
12.122,-0.15795325184024997,0.0,0.7530821887344538,0.0,2.4307595486284654,0.0
12.124,-0.15581223404597797,0.0,0.757981731908324,0.0,2.4235945166065296,0.0
12.126,-0.15366081031043427,0.0,0.762864064644842,0.0,2.4163714226906863,0.0
12.128,-0.15149902173607138,0.0,0.7677290732395523,0.0,2.4090905125954207,0.0
12.13,-0.14932690965434556,0.0,0.772576644599318,0.0,2.4017520336611597,0.0
12.132,-0.14714451562420838,0.0,0.7774066662456882,0.0,2.394356234845375,0.0
12.134,-0.1449518814305878,0.0,0.7822190263182373,0.0,2.3869033667136064,0.0
12.136000000000001,-0.1427490490828803,0.0,0.7870136135778543,0.0,2.379393681430509,0.0
12.138,-0.14053606081341993,0.0,0.7917903174100376,0.0,2.371827432750776,0.0
12.14,-0.13831295907593938,0.0,0.7965490278281705,0.0,2.3642048760100165,0.0
12.142,-0.13607978654404615,0.0,0.8012896354767249,0.0,2.3565262681156676,0.0
12.144,-0.13383658610965418,0.0,0.8060120316345363,0.0,2.3487918675376895,0.0
12.146,-0.1315834008814538,0.0,0.8107161082179328,0.0,2.341001934299418,0.0
12.148,-0.12932027418333816,0.0,0.8154017577839486,0.0,2.3331567299681857,0.0
12.15,-0.1270472495528352,0.0,0.820068873533468,0.0,2.325256517645976,0.0
12.152000000000001,-0.12476437073954572,0.0,0.8247173493143294,0.0,2.317301561960045,0.0
12.154,-0.1224716817035574,0.0,0.8293470796244377,0.0,2.3092921290534525,0.0
12.156,-0.12016922661385498,0.0,0.8339579596148512,0.0,2.301228486575537,0.0
12.158,-0.11785704984674086,0.0,0.8385498850928103,0.0,2.2931109036724084,0.0
12.16,-0.11553519598421977,0.0,0.8431227525247926,0.0,2.2849396509772943,0.0
12.162,-0.11320370981241196,0.0,0.847676459039497,0.0,2.2767150006009413,0.0
12.164,-0.11086263631993176,0.0,0.8522109024308323,0.0,2.268437226121893,0.0
12.166,-0.10851202069626853,0.0,0.8567259811608857,0.0,2.260106602576737,0.0
12.168000000000001,-0.10615190833017282,0.0,0.8612215943628374,0.0,2.2517234064503393,0.0
12.17,-0.10378234480802734,0.0,0.8656976418438646,0.0,2.2432879156660217,0.0
12.172,-0.10140337591219492,0.0,0.8701540240880672,0.0,2.2348004095756,0.0
12.174,-0.09901504761940688,0.0,0.8745906422592602,0.0,2.2262611689495793,0.0
12.176,-0.09661740609908451,0.0,0.8790073982038811,0.0,2.2176704759670463,0.0
12.178,-0.09421049771171619,0.0,0.8834041944537323,0.0,2.209028614205778,0.0
12.18,-0.09179436900718213,0.0,0.8877809342288102,0.0,2.200335868632097,0.0
12.182,-0.08936906672309075,0.0,0.8921375214400566,0.0,2.191592525590775,0.0
12.184000000000001,-0.0869346377831193,0.0,0.8964738606920805,0.0,2.1827988727949164,0.0
12.186,-0.08449112929533356,0.0,0.9007898572858748,0.0,2.1739551993157376,0.0
12.188,-0.0820385885505042,0.0,0.9050854172215136,0.0,2.1650617955723273,0.0
12.19,-0.07957706302043144,0.0,0.9093604472007849,0.0,2.1561189533213923,0.0
12.192,-0.07710660035624223,0.0,0.9136148546298541,0.0,2.1471269656469,0.0
12.194,-0.07462724838670509,0.0,0.917848547621847,0.0,2.138086126949746,0.0
12.196,-0.07213905511652635,0.0,0.9220614349994432,0.0,2.1289967329373454,0.0
12.198,-0.0696420687246346,0.0,0.9262534262974423,0.0,2.1198590806131503,0.0
12.200000000000001,-0.0671363375624833,0.0,0.9304244317652804,0.0,2.1106734682662105,0.0
12.202,-0.06462191015233196,0.0,0.9345743623695286,0.0,2.1014401954606443,0.0
12.204,-0.06209883518550782,0.0,0.938703129796414,0.0,2.0921595630249956,0.0
12.206,-0.05956716152070893,0.0,0.9428106464542129,0.0,2.0828318730417488,0.0
12.208,-0.05702693818224572,0.0,0.9468968254757324,0.0,2.073457428836571,0.0
12.21,-0.054478214358324145,0.0,0.9509615807206763,0.0,2.064036534967697,0.0
12.212,-0.05192103939929846,0.0,0.9550048267780336,0.0,2.054569497215185,0.0
12.214,-0.04935546281592154,0.0,0.9590264789684337,0.0,2.0450566225701334,0.0
12.216000000000001,-0.046781534277606285,0.0,0.9630264533464534,0.0,2.035498219223925,0.0
12.218,-0.04419930361066585,0.0,0.9670046667029197,0.0,2.025894596557365,0.0
12.22,-0.041608820796549206,0.0,0.9709610365671877,0.0,2.016246065129792,0.0
12.222,-0.039010135970094506,0.0,0.9748954812093646,0.0,2.006552936668221,0.0
12.224,-0.03640329941774309,0.0,0.9788079196425468,0.0,1.9968155240563334,0.0
12.226,-0.03378836157578505,0.0,0.9826982716249895,0.0,1.9870341413235542,0.0
12.228,-0.031165373028575832,0.0,0.9865664576622784,0.0,1.97720910363401,0.0
12.23,-0.02853438450675294,0.0,0.9904123990094734,0.0,1.9673407272754613,0.0
12.232000000000001,-0.02589544688546208,0.0,0.9942360176731992,0.0,1.95742932964825,0.0
12.234,-0.02324861118256949,0.0,0.998037236413729,0.0,1.9474752292541933,0.0
12.236,-0.020593928556853575,0.0,1.001815978747067,0.0,1.9374787456853424,0.0
12.238,-0.017931450306237662,0.0,1.0055721689469284,0.0,1.927440199612933,0.0
12.24,-0.01526122786596576,0.0,1.0093057320467822,0.0,1.9173599127760408,0.0
12.242,-0.012583312806816294,0.0,1.0130165938417957,0.0,1.907238207970418,0.0
12.244,-0.009897756833292054,0.0,1.016704680890789,0.0,1.897075409037175,0.0
12.246,-0.007204611781802123,0.0,1.0203699205181618,0.0,1.886871840851454,0.0
12.248000000000001,-0.004503929618862174,0.0,1.0240122408157646,0.0,1.8766278293111216,0.0
12.25,-0.0017957624392729854,0.0,1.0276315706447725,0.0,1.866343701325378,0.0
12.252,0.0009198375357088728,0.0,1.0312278396375256,0.0,1.8560197848033253,0.0
12.254,0.0036428179601761257,0.0,1.0348009781993195,0.0,1.8456564086425882,0.0
12.256,0.00637312636541662,0.0,1.038350917510203,0.0,1.8352539027177834,0.0
12.258000000000001,0.009110710161725682,0.0,1.0418775895267152,0.0,1.8248125978690908,0.0
12.26,0.011855516640247143,0.0,1.0453809269836143,0.0,1.8143328258906994,0.0
12.262,0.014607492974813785,0.0,1.0488608633955816,0.0,1.8038149195192392,0.0
12.264000000000001,0.01736658622377546,0.0,1.0523173330588775,0.0,1.7932592124222433,0.0
12.266,0.02013274333184073,0.0,1.0557502710529783,0.0,1.782666039186547,0.0
12.268,0.022905911131935713,0.0,1.0591596132422112,0.0,1.7720357353065945,0.0
12.27,0.02568603634703137,0.0,1.0625452962773088,0.0,1.7613686371728603,0.0
12.272,0.02847306559201046,0.0,1.0659072575969897,0.0,1.7506650820601017,0.0
12.274000000000001,0.03126694537550587,0.0,1.0692454354294663,0.0,1.7399254081156994,0.0
12.276,0.0340676221017599,0.0,1.072559768793953,0.0,1.7291499543479067,0.0
12.278,0.03687504207249115,0.0,1.0758501975021417,0.0,1.718339060614061,0.0
12.280000000000001,0.03968915148873761,0.0,1.0791166621596342,0.0,1.7074930676088556,0.0
12.282,0.042509896452727736,0.0,1.0823591041673577,0.0,1.6966123168525042,0.0
12.284,0.045337222969749486,0.0,1.0855774657229633,0.0,1.6856971506788945,0.0
12.286,0.04817107695000267,0.0,1.088771689822162,0.0,1.674747912223783,0.0
12.288,0.05101140421048328,0.0,1.0919417202600756,0.0,1.6637649454128685,0.0
12.290000000000001,0.0538581504768412,0.0,1.0950875016325177,0.0,1.652748594949938,0.0
12.292,0.05671126138525617,0.0,1.0982089793372745,0.0,1.641699206304939,0.0
12.294,0.05957068248432193,0.0,1.1013060995753527,0.0,1.630617125702004,0.0
12.296,0.06243635923690469,0.0,1.1043788093521791,0.0,1.6195027001075566,0.0
12.298,0.06530823702204097,0.0,1.107427056478806,0.0,1.6083562772182547,0.0
12.3,0.0681862611367979,0.0,1.1104507895730433,0.0,1.597178205449078,0.0
12.302,0.07107037679816589,0.0,1.1134499580606074,0.0,1.5859688339212443,0.0
12.304,0.07396052914494702,0.0,1.1164245121762164,0.0,1.5747285124501698,0.0
12.306000000000001,0.07685666323962392,0.0,1.1193744029646513,0.0,1.5634575915334639,0.0
12.308,0.07975872407025486,0.0,1.1222995822818032,0.0,1.5521564223388198,0.0
12.31,0.08266665655236607,0.0,1.1252000027956937,0.0,1.5408253566919103,0.0
12.312,0.08558040553082544,0.0,1.1280756179874423,0.0,1.5294647470643272,0.0
12.314,0.08849991578174937,0.0,1.1309263821522388,0.0,1.5180749465613952,0.0
12.316,0.09142513201437938,0.0,1.133752250400255,0.0,1.506656308910086,0.0
12.318,0.09435599887297891,0.0,1.136553178657548,0.0,1.4952091884468397,0.0
12.32,0.097292460938735,0.0,1.1393291236669318,0.0,1.4837339401053615,0.0
12.322000000000001,0.100234462731637,0.0,1.1420800429888087,0.0,1.4722309194044916,0.0
12.324,0.10318194871237851,0.0,1.144805895001981,0.0,1.4607004824359735,0.0
12.326,0.10613486328426239,0.0,1.1475066389044422,0.0,1.4491429858522076,0.0
12.328,0.10909315079507217,0.0,1.150182234714104,0.0,1.4375587868541198,0.0
12.33,0.11205675553900474,0.0,1.1528326432695555,0.0,1.4259482431787658,0.0
12.332,0.11502562175852968,0.0,1.1554578262307191,0.0,1.4143117130872453,0.0
12.334,0.11799969364631296,0.0,1.1580577460795383,0.0,1.4026495553523235,0.0
12.336,0.120978915347112,0.0,1.1606323661206102,0.0,1.3909621292461676,0.0
12.338000000000001,0.12396323095966466,0.0,1.1631816504817831,0.0,1.3792497945280977,0.0
12.34,0.12695258453859376,0.0,1.16570556411474,0.0,1.3675129114322657,0.0
12.342,0.12994692009631412,0.0,1.1682040727955478,0.0,1.3557518406553128,0.0
12.344,0.1329461816049165,0.0,1.1706771431251677,0.0,1.3439669433441124,0.0
12.346,0.13595031299808483,0.0,1.1731247425299562,0.0,1.332158581083372,0.0
12.348,0.13895925817297988,0.0,1.1755468392621145,0.0,1.320327115883354,0.0
12.35,0.14197296099214665,0.0,1.177943402400123,0.0,1.3084729101674994,0.0
12.352,0.14499136528542125,0.0,1.1803144018491514,0.0,1.296596326760051,0.0
12.354000000000001,0.14801441485181357,0.0,1.1826598083414166,0.0,1.2846977288737387,0.0
12.356,0.15104205346141816,0.0,1.184979593436535,0.0,1.2727774800973843,0.0
12.358,0.1540742248573163,0.0,1.1872737295218418,0.0,1.2608359443834927,0.0
12.36,0.15711087275745628,0.0,1.1895421898126568,0.0,1.2488734860359656,0.0
12.362,0.16015194085658016,0.0,1.1917849483525687,0.0,1.2368904696975582,0.0
12.364,0.16319737282809071,0.0,1.1940019800136312,0.0,1.224887260337656,0.0
12.366,0.16624711232596567,0.0,1.1961932604965801,0.0,1.2128642232397633,0.0
12.368,0.1693011029866587,0.0,1.1983587663310007,0.0,1.200821723989111,0.0
12.370000000000001,0.17235928843097748,0.0,1.2004984748754546,0.0,1.188760128460296,0.0
12.372,0.17542161226599023,0.0,1.2026123643175997,0.0,1.176679802804843,0.0
12.374,0.17848801808692275,0.0,1.20470041367427,0.0,1.1645811134387638,0.0
12.376,0.18155844947903613,0.0,1.2067626027915206,0.0,1.152464427030203,0.0
12.378,0.1846328500195393,0.0,1.2087989123446583,0.0,1.1403301104869465,0.0
12.38,0.1877111632794593,0.0,1.2108093238382263,0.0,1.1281785309440675,0.0
12.382,0.19079333282554262,0.0,1.2127938196059724,0.0,1.1160100557514725,0.0
12.384,0.19387930222214694,0.0,1.2147523828107871,0.0,1.103825052461458,0.0
12.386000000000001,0.1969690150331161,0.0,1.2166849974446015,0.0,1.091623888816336,0.0
12.388,0.20006241482367204,0.0,1.2185916483282662,0.0,1.0794069327359883,0.0
12.39,0.20315944516230847,0.0,1.220472321111408,0.0,1.0671745523054077,0.0
12.392,0.20626004962264913,0.0,1.2223270022722281,0.0,1.054927115762382,0.0
12.394,0.20936417178536534,0.0,1.224155679117317,0.0,1.04266499148491,0.0
12.396,0.21247175524001627,0.0,1.2259583397813905,0.0,1.0303885479789654,0.0
12.398,0.2155827435869522,0.0,1.2277349732270355,0.0,1.0180981538659621,0.0
12.4,0.21869708043919028,0.0,1.229485569244411,0.0,1.0057941778703556,0.0
12.402000000000001,0.221814709424274,0.0,1.2312101184509157,0.0,0.9934769888072827,0.0
12.404,0.2249355741861573,0.0,1.2329086122908333,0.0,0.9811469555701252,0.0
12.406,0.22805961838707622,0.0,1.2345810430349562,0.0,0.9688044471180877,0.0
12.408,0.23118678570940537,0.0,1.2362274037801593,0.0,0.9564498324638574,0.0
12.41,0.23431701985754078,0.0,1.237847688448969,0.0,0.944083480661148,0.0
12.412,0.23745026455974927,0.0,1.2394418917890833,0.0,0.9317057607923724,0.0
12.414,0.2405864635700352,0.0,1.2410100093728758,0.0,0.919317041956238,0.0
12.416,0.2437255606700096,0.0,1.242552037596869,0.0,0.9069176932553469,0.0
12.418000000000001,0.2468674996707323,0.0,1.2440679736811728,0.0,0.8945080837838754,0.0
12.42,0.25001222441456816,0.0,1.2455578156688953,0.0,0.8820885826152304,0.0
12.422,0.253159678777062,0.0,1.2470215624255419,0.0,0.8696595587895783,0.0
12.424,0.2563098066687489,0.0,1.2484592136383506,0.0,0.8572213813016942,0.0
12.426,0.25946255203704505,0.0,1.249870769815642,0.0,0.8447744190884181,0.0
12.428,0.26261785886805256,0.0,1.2512562322860985,0.0,0.8323190410165221,0.0
12.43,0.2657756711884242,0.0,1.2526156031980475,0.0,0.8198556158702749,0.0
12.432,0.26893593306720176,0.0,1.2539488855187024,0.0,0.8073845123391533,0.0
12.434000000000001,0.2720985886176397,0.0,1.255256083033371,0.0,0.7949060990055918,0.0
12.436,0.27526358199904366,0.0,1.2565372003446431,0.0,0.7824207443326731,0.0
12.438,0.27843085741860973,0.0,1.2577922428715516,0.0,0.7699288166518301,0.0
12.44,0.2816003591332308,0.0,1.2590212168486932,0.0,0.757430684150648,0.0
12.442,0.2847720314513429,0.0,1.2602241293253371,0.0,0.7449267148605444,0.0
12.444,0.28794581873472525,0.0,1.2614009881644914,0.0,0.7324172766445985,0.0
12.446,0.2911216654003259,0.0,1.262551802041946,0.0,0.7199027371853017,0.0
12.448,0.29429951592208403,0.0,1.2636765804452947,0.0,0.707383463972323,0.0
12.450000000000001,0.29747931483272216,0.0,1.2647753336729177,0.0,0.6948598242903599,0.0
12.452,0.30066100672555823,0.0,1.2658480728329389,0.0,0.6823321852069754,0.0
12.454,0.3038445362563276,0.0,1.2668948098421668,0.0,0.669800913560313,0.0
12.456,0.3070298481449475,0.0,1.2679155574249874,0.0,0.6572663759471293,0.0
12.458,0.3102168871773459,0.0,1.268910329112248,0.0,0.6447289387104961,0.0
12.46,0.3134055982072318,0.0,1.2698791392401,0.0,0.6321889679277879,0.0
12.462,0.316595926157889,0.0,1.2708220029488198,0.0,0.6196468293985483,0.0
12.464,0.31978781602396833,0.0,1.2717389361816058,0.0,0.6071028886323788,0.0
12.466000000000001,0.322981212873255,0.0,1.2726299556833363,0.0,0.5945575108369271,0.0
12.468,0.32617606184845,0.0,1.2734950789993087,0.0,0.5820110609058143,0.0
12.47,0.32937230816894886,0.0,1.2743343244739553,0.0,0.5694639034065794,0.0
12.472,0.33256989713259516,0.0,1.275147711249514,0.0,0.5569164025687302,0.0
12.474,0.3357687741174611,0.0,1.275935259264693,0.0,0.5443689222716835,0.0
12.476,0.33896888458359004,0.0,1.2766969892532922,0.0,0.5318218260328568,0.0
12.478,0.3421701740747598,0.0,1.277432922742805,0.0,0.5192754769956895,0.0
12.48,0.3453725882202407,0.0,1.2781430820529909,0.0,0.5067302379176887,0.0
12.482000000000001,0.3485760727365262,0.0,1.2788274902944228,0.0,0.49418647115856384,0.0
12.484,0.35178057342907715,0.0,1.279486171366998,0.0,0.481644538668356,0.0
12.486,0.3549860361940808,0.0,1.280119149958443,0.0,0.46910480197545246,0.0
12.488,0.3581924070201458,0.0,1.2807264515427625,0.0,0.45656762217492564,0.0
12.49,0.36139963199006603,0.0,1.2813081023786894,0.0,0.4440333599165475,0.0
12.492,0.3646076572825164,0.0,1.2818641295080868,0.0,0.43150237539309855,0.0
12.494,0.36781642917378293,0.0,1.2823945607543368,0.0,0.41897502832855904,0.0
12.496,0.37102589403948205,0.0,1.2828994247206964,0.0,0.40645167796633286,0.0
12.498000000000001,0.3742359983562521,0.0,1.283378750788627,0.0,0.39393268305757717,0.0
12.5,0.3774466887034664,0.0,1.2838325691160988,0.0,0.3814184018494757,0.0
12.502,0.380657911764937,0.0,1.2842609106358693,0.0,0.36890919207353745,0.0
12.504,0.38386961433059086,0.0,1.2846638070537335,0.0,0.3564054109340108,0.0
12.506,0.38708174329817585,0.0,1.2850412908467492,0.0,0.3439074150961905,0.0
12.508000000000001,0.39029424567492815,0.0,1.2853933952614351,0.0,0.3314155606748824,0.0
12.51,0.3935070685792554,0.0,1.2857201543119412,0.0,0.3189302032228103,0.0
12.512,0.3967201592424143,0.0,1.2860216027782019,0.0,0.3064516977190458,0.0
12.514000000000001,0.3999334650101661,0.0,1.2862977762040468,0.0,0.29398039855754166,0.0
12.516,0.40314693334443624,0.0,1.2865487108953033,0.0,0.28151665953565186,0.0
12.518,0.4063605118249879,0.0,1.2867744439178603,0.0,0.2690608338425988,0.0
12.52,0.4095741481510465,0.0,1.2869750130957134,0.0,0.25661327404814127,0.0
12.522,0.4127877901429664,0.0,1.2871504570089791,0.0,0.24417433209109723,0.0
12.524000000000001,0.4160013857438483,0.0,1.2873008149918928,0.0,0.23174435926803671,0.0
12.526,0.4192148830211849,0.0,1.2874261271307645,0.0,0.219323706221919,0.0
12.528,0.4224282301684862,0.0,1.287526434261932,0.0,0.2069127229307579,0.0
12.530000000000001,0.4256413755068939,0.0,1.287601777969664,0.0,0.19451175869639836,0.0
12.532,0.4288542674867972,0.0,1.2876522005840605,0.0,0.18212116213324603,0.0
12.534,0.43206685468945094,0.0,1.28767774517891,0.0,0.1697412811570274,0.0
12.536,0.43527908582856023,0.0,1.287678455569536,0.0,0.1573724629736722,0.0
12.538,0.43849090975189703,0.0,1.2876543763106048,0.0,0.1450150540680942,0.0
12.540000000000001,0.4417022754428726,0.0,1.2876055526939232,0.0,0.13266940019313847,0.0
12.542,0.4449131320221266,0.0,1.287532030746199,0.0,0.12033584635847436,0.0
12.544,0.44812342874911554,0.0,1.287433857226782,0.0,0.10801473681952108,0.0
12.546,0.45133311502366313,0.0,1.2873110796253835,0.0,0.09570641506649619,0.0
12.548,0.45454214038755014,0.0,1.2871637461597631,0.0,0.08341122381336001,0.0
12.55,0.45775045452604446,0.0,1.286991905773401,0.0,0.07112950498696592,0.0
12.552,0.46095800726947245,0.0,1.2867956081331355,0.0,0.05886159971607668,0.0
12.554,0.4641647485947648,0.0,1.286574903626789,0.0,0.046607848320498704,0.0
12.556000000000001,0.46737062862698053,0.0,1.286329843360755,0.0,0.03436859030029217,0.0
12.558,0.4705755976408477,0.0,1.286060479157574,0.0,0.0221441643249439,0.0
12.56,0.47377960606229386,0.0,1.2857668635534794,0.0,0.00993490822257967,0.0
12.562,0.4769826044699484,0.0,1.2854490497959208,0.0,-0.002258841030699024,0.0
12.564,0.4801845435966737,0.0,1.28510709184106,0.0,-0.014436747321572727,0.0
12.566,0.4833853743310503,0.0,1.2847410443512537,0.0,-0.026598475410091735,0.0
12.568,0.48658504771888356,0.0,1.2843509626925,0.0,-0.03874369094031192,0.0
12.57,0.4897835149647017,0.0,1.2839369029318692,0.0,-0.05087206045089389,0.0
12.572000000000001,0.4929807274332231,0.0,1.283498921834912,0.0,-0.06298325138558183,0.0
12.574,0.4961766366508395,0.0,1.2830370768630386,0.0,-0.07507693210372342,0.0
12.576,0.4993711943070965,0.0,1.2825514261708806,0.0,-0.08715277189075621,0.0
12.578,0.5025643522561273,0.0,1.2820420286036298,0.0,-0.09921044096851858,0.0
12.58,0.5057560625181456,0.0,1.2815089436943456,0.0,-0.11124961050578064,0.0
12.582,0.5089462772808552,0.0,1.2809522316612538,0.0,-0.12326995262840021,0.0
12.584,0.512134948900911,0.0,1.2803719534050126,0.0,-0.135271140429728,0.0
12.586,0.515322029905354,0.0,1.2797681705059554,0.0,-0.14725284798083915,0.0
12.588000000000001,0.5185074729930218,0.0,1.2791409452213205,0.0,-0.1592147503406963,0.0
12.59,0.521691231035973,0.0,1.2784903404824497,0.0,-0.17115652356633687,0.0
12.592,0.5248732570809063,0.0,1.277816419891967,0.0,-0.18307784472302008,0.0
12.594,0.5280535043505428,0.0,1.2771192477209397,0.0,-0.19497839189424226,0.0
12.596,0.5312319262450433,0.0,1.2763988889060094,0.0,-0.20685784419183928,0.0
12.598,0.5344084763433752,0.0,1.2756554090465104,0.0,-0.21871588176591583,0.0
12.6,0.5375831084047008,0.0,1.2748888744015612,0.0,-0.23055218581481607,0.0
12.602,0.5407557763697561,0.0,1.27409935188713,0.0,-0.24236643859504794,0.0
12.604000000000001,0.543926434362198,0.0,1.273286909073093,0.0,-0.2541583234310902,0.0
12.606,0.5470950366899676,0.0,1.2724516141802555,0.0,-0.2659275247252265,0.0
12.608,0.5502615378466483,0.0,1.2715935360773605,0.0,-0.2776737279673419,0.0
12.61,0.5534258925127796,0.0,1.2707127442780788,0.0,-0.28939661974454356,0.0
12.612,0.5565880555572235,0.0,1.269809308937965,0.0,-0.3010958877509902,0.0
12.614,0.5597479820384524,0.0,1.2688833008514127,0.0,-0.31277122079734176,0.0
12.616,0.5629056272058865,0.0,1.2679347914485695,0.0,-0.324422308820455,0.0
12.618,0.5660609465012019,0.0,1.2669638527922422,0.0,-0.33604884289289844,0.0
12.620000000000001,0.5692138955596141,0.0,1.265970557574784,0.0,-0.3476505152323941,0.0
12.622,0.5723644302111803,0.0,1.2649549791149504,0.0,-0.35922701921127814,0.0
12.624,0.5755125064820843,0.0,1.263917191354743,0.0,-0.3707780493659106,0.0
12.626,0.5786580805958972,0.0,1.2628572688562363,0.0,-0.3823033014059602,0.0
12.628,0.5818011089748593,0.0,1.261775286798373,0.0,-0.3938024722237568,0.0
12.63,0.5849415482411245,0.0,1.2606713209737523,0.0,-0.4052752599034747,0.0
12.632,0.5880793552180118,0.0,1.2595454477853887,0.0,-0.41672136373034874,0.0
12.634,0.5912144869312557,0.0,1.258397744243457,0.0,-0.4281404841998398,0.0
12.636000000000001,0.5943469006102219,0.0,1.2572282879620176,0.0,-0.43953232302667516,0.0
12.638,0.5974765536891381,0.0,1.2560371571557196,0.0,-0.4508965831539159,0.0
12.64,0.6006034038083176,0.0,1.254824430636484,0.0,-0.4622329687619746,0.0
12.642,0.6037274088153404,0.0,1.2535901878101794,0.0,-0.47354118527746036,0.0
12.644,0.6068485267662833,0.0,1.2523345086732551,0.0,-0.48482093938221676,0.0
12.646,0.6099667159268765,0.0,1.2510574738093867,0.0,-0.49607193902198754,0.0
12.648,0.6130819347736989,0.0,1.249759164386076,0.0,-0.5072938934153138,0.0
12.65,0.6161941419953552,0.0,1.2484396621512426,0.0,-0.5184865130622464,0.0
12.652000000000001,0.6193032964936198,0.0,1.2470990494298058,0.0,-0.5296495097529854,0.0
12.654,0.6224093573845999,0.0,1.245737409120235,0.0,-0.5407825965765293,0.0
12.656,0.6255122839998849,0.0,1.2443548246910854,0.0,-0.5518854879292695,0.0
12.658,0.6286120358876642,0.0,1.2429513801775243,0.0,-0.5629578995234537,0.0
12.66,0.6317085728138736,0.0,1.241527160177826,0.0,-0.5739995483957137,0.0
12.662,0.6348018547632933,0.0,1.2400822498498631,0.0,-0.58501015291542,0.0
12.664,0.6378918419406648,0.0,1.238616734907571,0.0,-0.5959894327930634,0.0
12.666,0.6409784947717938,0.0,1.2371307016173934,0.0,-0.6069371090885772,0.0
12.668000000000001,0.6440617739046286,0.0,1.235624236794722,0.0,-0.6178529042195465,0.0
12.67,0.6471416402103413,0.0,1.2340974278003127,0.0,-0.6287365419693823,0.0
12.672,0.650218054784416,0.0,1.2325503625366705,0.0,-0.6395877474955686,0.0
12.674,0.6532909789476795,0.0,1.2309831294444549,0.0,-0.6504062473375687,0.0
12.676,0.6563603742473891,0.0,1.2293958174988195,0.0,-0.6611917694250378,0.0
12.678,0.6594262024582419,0.0,1.2277885162057847,0.0,-0.671944043085617,0.0
12.68,0.6624884255834278,0.0,1.2261613155985565,0.0,-0.682662799052959,0.0
12.682,0.6655470058556548,0.0,1.2245143062338424,0.0,-0.6933477694745578,0.0
12.684000000000001,0.668601905738151,0.0,1.2228475791881626,0.0,-0.7039986879195166,0.0
12.686,0.6716530879256761,0.0,1.2211612260541251,0.0,-0.7146152893863044,0.0
12.688,0.6747005153455252,0.0,1.219455338936697,0.0,-0.7251973103104644,0.0
12.69,0.6777441511584948,0.0,1.217730010449464,0.0,-0.7357444885721841,0.0
12.692,0.6807839587598837,0.0,1.2159853337108588,0.0,-0.7462565635039232,0.0
12.694,0.6838199017804378,0.0,1.214221402340392,0.0,-0.7567332758978659,0.0
12.696,0.6868519440873183,0.0,1.2124383104548595,0.0,-0.7671743680133977,0.0
12.698,0.6898800497850525,0.0,1.210636152664527,0.0,-0.7775795835845144,0.0
12.700000000000001,0.6929041832164617,0.0,1.208815024069319,0.0,-0.787948667827118,0.0
12.702,0.6959243089635898,0.0,1.2069750202549814,0.0,-0.7982813674462741,0.0
12.704,0.6989403918486401,0.0,1.205116237289214,0.0,-0.8085774306435269,0.0
12.706,0.7019523969348515,0.0,1.2032387717178334,0.0,-0.8188366071238992,0.0
12.708,0.7049602895274294,0.0,1.201342720560867,0.0,-0.8290586481031227,0.0
12.71,0.7079640351744123,0.0,1.1994281813086765,0.0,-0.8392433063145848,0.0
12.712,0.7109635996675564,0.0,1.197495251918044,0.0,-0.849390336016329,0.0
12.714,0.7139589490432159,0.0,1.1955440308082492,0.0,-0.8594994929979869,0.0
12.716000000000001,0.7169500495831838,0.0,1.1935746168571395,0.0,-0.8695705345875859,0.0
12.718,0.7199368678155514,0.0,1.1915871093971822,0.0,-0.8796032196583631,0.0
12.72,0.7229193705155514,0.0,1.1895816082114945,0.0,-0.8895973086355092,0.0
12.722,0.7258975247063731,0.0,1.1875582135298826,0.0,-0.8995525635027903,0.0
12.724,0.7288712976599987,0.0,1.1855170260248418,0.0,-0.909468747809205,0.0
12.726,0.7318406568979974,0.0,1.1834581468075662,0.0,-0.9193456266754798,0.0
12.728,0.7348055701923282,0.0,1.1813816774239327,0.0,-0.9291829668005723,0.0
12.73,0.73776600556614,0.0,1.1792877198504705,0.0,-0.9389805364681059,0.0
12.732000000000001,0.7407219312945346,0.0,1.1771763764903307,0.0,-0.9487381055526922,0.0
12.734,0.7436733159053371,0.0,1.1750477501692413,0.0,-0.9584554455262195,0.0
12.736,0.7466201281798724,0.0,1.1729019441314283,0.0,-0.9681323294641383,0.0
12.738,0.7495623371536847,0.0,1.1707390620355642,0.0,-0.9777685320515529,0.0
12.74,0.7524999121173055,0.0,1.168559207950659,0.0,-0.987363829589405,0.0
12.742,0.7554328226169549,0.0,1.1663624863519895,0.0,-0.9969180000004323,0.0
12.744,0.7583610384552747,0.0,1.1641490021169734,0.0,-1.0064308228351921,0.0
12.746,0.7612845296920332,0.0,1.1619188605210578,0.0,-1.015902079277961,0.0
12.748000000000001,0.764203266644817,0.0,1.159672167233587,0.0,-1.0253315521525856,0.0
12.75,0.7671172198897187,0.0,1.1574090283136662,0.0,-1.0347190259282502,0.0
12.752,0.7700263602620274,0.0,1.1551295502059933,0.0,-1.0440642867252607,0.0
12.754,0.7729306588568625,0.0,1.152833839736733,0.0,-1.0533671223205507,0.0
12.756,0.7758300870298687,0.0,1.1505220041092998,0.0,-1.0626273221534654,0.0
12.758000000000001,0.7787246163978291,0.0,1.1481941509002078,0.0,-1.0718446773311263,0.0
12.76,0.7816142188393134,0.0,1.1458503880548692,0.0,-1.081018980633971,0.0
12.762,0.784498866495305,0.0,1.143490823883387,0.0,-1.090150026521119,0.0
12.764000000000001,0.7873785317698069,0.0,1.1411155670563486,0.0,-1.0992376111357125,0.0
12.766,0.7902531873304454,0.0,1.1387247266006055,0.0,-1.1082815323101567,0.0
12.768,0.7931228061090773,0.0,1.1363184118950302,0.0,-1.1172815895713744,0.0
12.77,0.7959873613023478,0.0,1.1338967326662943,0.0,-1.126237584145855,0.0
12.772,0.7988468263722841,0.0,1.1314597989846094,0.0,-1.1351493189647717,0.0
12.774000000000001,0.8017011750468421,0.0,1.1290077212594687,0.0,-1.1440165986689683,0.0
12.776,0.8045503813204633,0.0,1.126540610235386,0.0,-1.1528392296138759,0.0
12.778,0.8073944194546216,0.0,1.1240585769876075,0.0,-1.1616170198744322,0.0
12.780000000000001,0.8102332639783407,0.0,1.121561732917842,0.0,-1.170349779249813,0.0
12.782,0.8130668896887101,0.0,1.1190501897499787,0.0,-1.179037319268152,0.0
12.784,0.815895271651417,0.0,1.1165240595257506,0.0,-1.1876794531913235,0.0
12.786,0.8187183852012184,0.0,1.1139834546004634,0.0,-1.196275996019407,0.0
12.788,0.8215362059424415,0.0,1.111428487638665,0.0,-1.204826764495286,0.0
12.790000000000001,0.8243487097494566,0.0,1.1088592716098256,0.0,-1.2133315771090964,0.0
12.792,0.8271558727671411,0.0,1.1062759197840066,0.0,-1.2217902541026089,0.0
12.794,0.8299576714113458,0.0,1.103678545727516,0.0,-1.2302026174736094,0.0
12.796000000000001,0.8327540823693214,0.0,1.1010672632985814,0.0,-1.2385684909800811,0.0
12.798,0.8355450826001639,0.0,1.0984421866429854,0.0,-1.2468877001444523,0.0
12.8,0.8383306493352413,0.0,1.0958034301897113,0.0,-1.2551600722576952,0.0
12.802,0.8411107600785908,0.0,1.093151108646584,0.0,-1.26338543638339,0.0
12.804,0.8438853926073429,0.0,1.0904853369958822,0.0,-1.2715636233617462,0.0
12.806000000000001,0.8466545249720911,0.0,1.087806230489985,0.0,-1.2796944658134533,0.0
12.808,0.8494181354972816,0.0,1.0851139046469742,0.0,-1.287777798143585,0.0
12.81,0.8521762027815875,0.0,1.0824084752462526,0.0,-1.2958134565453654,0.0
12.812,0.8549287056982547,0.0,1.0796900583241469,0.0,-1.3038012790038762,0.0
12.814,0.8576756233954729,0.0,1.0769587701694938,0.0,-1.3117411052997552,0.0
12.816,0.8604169352966806,0.0,1.0742147273192741,0.0,-1.3196327770126621,0.0
12.818,0.863152621100919,0.0,1.0714580465541637,0.0,-1.3274761375248894,0.0
12.82,0.8658826607831414,0.0,1.0686888448941265,0.0,-1.335271032024789,0.0
12.822000000000001,0.8686070345945102,0.0,1.0659072395940106,0.0,-1.343017307510087,0.0
12.824,0.8713257230626962,0.0,1.0631133481391113,0.0,-1.3507148127912292,0.0
12.826,0.8740387069921688,0.0,1.0603072882407443,0.0,-1.3583633984946013,0.0
12.828,0.8767459674644529,0.0,1.0574891778318163,0.0,-1.3659629170656844,0.0
12.83,0.8794474858384154,0.0,1.0546591350623717,0.0,-1.3735132227721836,0.0
12.832,0.8821432437504895,0.0,1.0518172782951778,0.0,-1.3810141717070004,0.0
12.834,0.8848332231149306,0.0,1.0489637261012592,0.0,-1.3884656217912155,0.0
12.836,0.8875174061240501,0.0,1.0460985972554575,0.0,-1.3958674327769742,0.0
12.838000000000001,0.8901957752484189,0.0,1.0432220107319772,0.0,-1.4032194662502968,0.0
12.84,0.8928683132370887,0.0,1.0403340856999344,0.0,-1.4105215856338145,0.0
12.842,0.8955350031177896,0.0,1.0374349415188773,0.0,-1.4177736561895016,0.0
12.844,0.8981958281971019,0.0,1.034524697734374,0.0,-1.4249755450211583,0.0
12.846,0.9008507720606547,0.0,1.0316034740734852,0.0,-1.4321271210771036,0.0
12.848,0.9034998185732708,0.0,1.0286713904403473,0.0,-1.4392282551525206,0.0
12.85,0.9061429518791291,0.0,1.025728566911681,0.0,-1.4462788198919097,0.0
12.852,0.9087801564019146,0.0,1.022775123732324,0.0,-1.4532786897913994,0.0
12.854000000000001,0.9114114168449386,0.0,1.019811181310759,0.0,-1.460227741201009,0.0
12.856,0.9140367181912654,0.0,1.0168368602146423,0.0,-1.467125852326824,0.0
12.858,0.9166560457038347,0.0,1.0138522811663102,0.0,-1.4739729032331514,0.0
12.86,0.9192693849255423,0.0,1.010857565038324,0.0,-1.4807687758445087,0.0
12.862,0.9218767216793469,0.0,1.0078528328489773,0.0,-1.4875133539476355,0.0
12.864,0.924478042068337,0.0,1.0048382057578173,0.0,-1.4942065231933996,0.0
12.866,0.9270733324758046,0.0,1.001813805061166,0.0,-1.500848171098613,0.0
12.868,0.92966257956531,0.0,0.9987797521876222,0.0,-1.5074381870478462,0.0
12.870000000000001,0.9322457702807103,0.0,0.9957361686936034,0.0,-1.513976462295061,0.0
12.872,0.9348228918462103,0.0,0.9926831762588445,0.0,-1.520462889965276,0.0
12.874,0.9373939317663864,0.0,0.9896208966819187,0.0,-1.5268973650561113,0.0
12.876,0.9399588778261907,0.0,0.9865494518757547,0.0,-1.533279784439267,0.0
12.878,0.9425177180909732,0.0,0.9834689638631351,0.0,-1.5396100468619882,0.0
12.88,0.9450704409064528,0.0,0.980379554772252,0.0,-1.5458880529483057,0.0
12.882,0.9476170348987123,0.0,0.9772813468321863,0.0,-1.552113705200409,0.0
12.884,0.9501574889741795,0.0,0.9741744623684265,0.0,-1.5582869079998276,0.0
12.886000000000001,0.9526917923195644,0.0,0.9710590237984107,0.0,-1.5644075676085332,0.0
12.888,0.955219934401828,0.0,0.9679351536270244,0.0,-1.5704755921700269,0.0
12.89,0.957741904968117,0.0,0.9648029744421286,0.0,-1.5764908917103346,0.0
12.892,0.9602576940456884,0.0,0.961662608910079,0.0,-1.5824533781389138,0.0
12.894,0.9627672919418402,0.0,0.9585141797712362,0.0,-1.588362965249552,0.0
12.896,0.9652706892438022,0.0,0.9553578098355102,0.0,-1.5942195687210847,0.0
12.898,0.9677678768186434,0.0,0.952193621977873,0.0,-1.600023106118159,0.0
12.9,0.9702588458131614,0.0,0.949021739133886,0.0,-1.605773496891851,0.0
12.902000000000001,0.9727435876537498,0.0,0.9458422842952322,0.0,-1.6114706623802524,0.0
12.904,0.9752220940462646,0.0,0.9426553805052509,0.0,-1.6171145258089639,0.0
12.906,0.9776943569758925,0.0,0.939461150854447,0.0,-1.622705012291561,0.0
12.908,0.9801603687069709,0.0,0.9362597184760821,0.0,-1.6282420488298721,0.0
12.91,0.9826201217828476,0.0,0.9330512065416459,0.0,-1.6337255643143884,0.0
12.912,0.9850736090256837,0.0,0.9298357382564487,0.0,-1.6391554895243952,0.0
12.914,0.9875208235362762,0.0,0.9266134368551462,0.0,-1.6445317571281637,0.0
12.916,0.9899617586938594,0.0,0.9233844255972901,0.0,-1.6498543016830292,0.0
12.918000000000001,0.9923964081558934,0.0,0.9201488277628811,0.0,-1.6551230596354047,0.0
12.92,0.9948247658578449,0.0,0.9169067666479283,0.0,-1.660337969320717,0.0
12.922,0.9972468260129691,0.0,0.9136583655599899,0.0,-1.6654989709633097,0.0
12.924,0.99966258311205,0.0,0.9104037478137648,0.0,-1.670606006676207,0.0
12.926,1.0020720319231688,0.0,0.9071430367266407,0.0,-1.6756590204608741,0.0
12.928,1.0044751674914325,0.0,0.9038763556142702,0.0,-1.680657958206879,0.0
12.93,1.0068719851387042,0.0,0.9006038277861503,0.0,-1.6856027676914773,0.0
12.932,1.0092624804633321,0.0,0.8973255765411865,0.0,-1.6904933985791775,0.0
12.934000000000001,1.0116466493398417,0.0,0.8940417251632992,0.0,-1.695329802421154,0.0
12.936,1.014024487918642,0.0,0.8907523969170196,0.0,-1.700111932654625,0.0
12.938,1.0163959926257202,0.0,0.8874577150430429,0.0,-1.7048397446022536,0.0
12.94,1.0187611601623043,0.0,0.8841578027538736,0.0,-1.7095131954713085,0.0
12.942,1.0211199875045454,0.0,0.8808527832294117,0.0,-1.7141322443528872,0.0
12.944,1.023472471903161,0.0,0.8775427796125654,0.0,-1.7186968522210275,0.0
12.946,1.0258186108830873,0.0,0.874227915004874,0.0,-1.723206981931739,0.0
12.948,1.0281584022431267,0.0,0.8709083124621134,0.0,-1.727662598222004,0.0
12.950000000000001,1.0304918440555537,0.0,0.8675840949899518,0.0,-1.7320636677086452,0.0
12.952,1.032818934665743,0.0,0.8642553855395674,0.0,-1.7364101588871936,0.0
12.954,1.0351396726917783,0.0,0.8609223070032954,0.0,-1.7407020421306465,0.0
12.956,1.0374540570240383,0.0,0.8575849822102798,0.0,-1.7449392896881637,0.0
12.958,1.0397620868247943,0.0,0.8542435339221095,0.0,-1.7491218756837308,0.0
12.96,1.0420637615277748,0.0,0.8508980848285106,0.0,-1.7532497761146792,0.0
12.962,1.0443590808377363,0.0,0.8475487575429951,0.0,-1.7573229688502128,0.0
12.964,1.0466480447300213,0.0,0.8441956745985424,0.0,-1.761341433629829,0.0
12.966000000000001,1.0489306534501015,0.0,0.8408389584432824,0.0,-1.7653051520616778,0.0
12.968,1.0512069075131087,0.0,0.8374787314361919,0.0,-1.7692141076208572,0.0
12.97,1.0534768077033763,0.0,0.8341151158427696,0.0,-1.7730682856476618,0.0
12.972,1.0557403550739304,0.0,0.8307482338307965,0.0,-1.7768676733456754,0.0
12.974,1.057997550946024,0.0,0.8273782074659817,0.0,-1.7806122597799519,0.0
12.976,1.0602483969086085,0.0,0.8240051587077384,0.0,-1.784302035874971,0.0
12.978,1.062492894817834,0.0,0.8206292094048933,0.0,-1.787936994412624,0.0
12.98,1.0647310467965252,0.0,0.8172504812914287,0.0,-1.791517130030097,0.0
12.982000000000001,1.0669628552336416,0.0,0.8138690959822328,0.0,-1.7950424392176998,0.0
12.984,1.0691883227837378,0.0,0.8104851749688603,0.0,-1.7985129203166137,0.0
12.986,1.0714074523664172,0.0,0.8070988396152797,0.0,-1.8019285735166024,0.0
12.988,1.0736202471657559,0.0,0.8037102111536778,0.0,-1.805289400853608,0.0
12.99,1.0758267106297454,0.0,0.8003194106802259,0.0,-1.8085954062073215,0.0
12.992,1.0780268464696974,0.0,0.7969265591508774,0.0,-1.8118465952986855,0.0
12.994,1.0802206586596608,0.0,0.7935317773771765,0.0,-1.8150429756872963,0.0
12.996,1.082408151435823,0.0,0.7901351860220519,0.0,-1.8181845567687966,0.0
12.998000000000001,1.084589329295892,0.0,0.7867369055956643,0.0,-1.8212713497721424,0.0
13.0,1.086764196998475,0.0,0.7833370564512478,0.0,-1.824303367756823,0.0
13.002,1.0889327595624647,0.0,0.7799357587809037,0.0,-1.827280625610073,0.0
13.004,1.0910950222663804,0.0,0.7765331326115075,0.0,-1.8302031400439263,0.0
13.006,1.0932509906477328,0.0,0.773129297800548,0.0,-1.8330709295922614,0.0
13.008000000000001,1.095400670502365,0.0,0.7697243740320066,0.0,-1.8358840146077757,0.0
13.01,1.097544067883772,0.0,0.7663184808122487,0.0,-1.8386424172588904,0.0
13.012,1.0996811891024518,0.0,0.7629117374658996,0.0,-1.8413461615265887,0.0
13.014000000000001,1.1018120407251901,0.0,0.7595042631317835,0.0,-1.8439952732011875,0.0
13.016,1.1039366295743838,0.0,0.7560961767588227,0.0,-1.8465897798790487,0.0
13.018,1.106054962727333,0.0,0.7526875971019724,0.0,-1.8491297109592324,0.0
13.02,1.1081670475155219,0.0,0.749278642718169,0.0,-1.8516150976400754,0.0
13.022,1.1102728915239073,0.0,0.7458694319622621,0.0,-1.8540459729157255,0.0
13.024000000000001,1.1123725025901796,0.0,0.7424600829830124,0.0,-1.8564223715725712,0.0
13.026,1.1144658888040195,0.0,0.739050713719047,0.0,-1.8587443301856608,0.0
13.028,1.1165530585063577,0.0,0.735641441894859,0.0,-1.861011887115023,0.0
13.030000000000001,1.1186340202886096,0.0,0.7322323850168038,0.0,-1.86322508250193,0.0
13.032,1.1207087829919056,0.0,0.7288236603691159,0.0,-1.8653839582651195,0.0
13.034,1.1227773557063283,0.0,0.7254153850099397,0.0,-1.8674885580969143,0.0
13.036,1.124839747770107,0.0,0.7220076757673675,0.0,-1.86953892745932,0.0
13.038,1.1268959687688436,0.0,0.7186006492354793,0.0,-1.8715351135800498,0.0
13.040000000000001,1.128946028534692,0.0,0.7151944217704336,0.0,-1.8734771654484583,0.0
13.042,1.1309899371455587,0.0,0.7117891094865284,0.0,-1.8753651338114559,0.0
13.044,1.1330277049242792,0.0,0.708384828252299,0.0,-1.8771990711693323,0.0
13.046000000000001,1.1350593424377848,0.0,0.7049816936866241,0.0,-1.8789790317715411,0.0
13.048,1.1370848604962684,0.0,0.7015798211548466,0.0,-1.8807050716123959,0.0
13.05,1.1391042701523406,0.0,0.6981793257648905,0.0,-1.8823772484267467,0.0
13.052,1.1411175827001683,0.0,0.6947803223634361,0.0,-1.8839956216855356,0.0
13.054,1.1431248096746187,0.0,0.6913829255320622,0.0,-1.8855602525913577,0.0
13.056000000000001,1.1451259628503767,0.0,0.6879872495834235,0.0,-1.8870712040739204,0.0
13.058,1.1471210542410748,0.0,0.6845934085574473,0.0,-1.8885285407854477,0.0
13.06,1.1491100960984058,0.0,0.6812015162175163,0.0,-1.8899323290960441,0.0
13.062,1.1510931009112093,0.0,0.677811686046717,0.0,-1.8912826370889808,0.0
13.064,1.153070081404588,0.0,0.6744240312440519,0.0,-1.892579534555917,0.0
13.066,1.1550410505389743,0.0,0.6710386647206938,0.0,-1.8938230929920978,0.0
13.068,1.157006021509221,0.0,0.6676556990962476,0.0,-1.895013385591448,0.0
13.07,1.1589650077436704,0.0,0.664275246695027,0.0,-1.8961504872416324,0.0
13.072000000000001,1.1609180229032063,0.0,0.6608974195423487,0.0,-1.8972344745190688,0.0
13.074,1.162865080880318,0.0,0.657522329360847,0.0,-1.8982654256838463,0.0
13.076,1.1648061957981433,0.0,0.654150087566775,0.0,-1.8992434206746294,0.0
13.078,1.1667413820094987,0.0,0.6507808052663739,0.0,-1.900168541103467,0.0
13.08,1.16867065409592,0.0,0.6474145932522128,0.0,-1.9010408702505739,0.0
13.082,1.1705940268666764,0.0,0.6440515619995585,0.0,-1.9018604930590248,0.0
13.084,1.172511515357782,0.0,0.6406918216627714,0.0,-1.9026274961294312,0.0
13.086,1.174423134831018,0.0,0.637335482071688,0.0,-1.9033419677145191,0.0
13.088000000000001,1.1763289007729043,0.0,0.6339826527280685,0.0,-1.9040039977136884,0.0
13.09,1.1782288288937124,0.0,0.6306334428020146,0.0,-1.904613677667481,0.0
13.092,1.1801229351264397,0.0,0.6272879611284279,0.0,-1.9051711007520278,0.0
13.094,1.1820112356257808,0.0,0.6239463162034786,0.0,-1.9056763617734098,0.0
13.096,1.1838937467671027,0.0,0.6206086161810719,0.0,-1.9061295571620003,0.0
13.098,1.1857704851453965,0.0,0.6172749688693987,0.0,-1.9065307849666961,0.0
13.1,1.1876414675742364,0.0,0.613945481727407,0.0,-1.9068801448491537,0.0
13.102,1.189506711084722,0.0,0.6106202618613478,0.0,-1.9071777380779475,0.0
13.104000000000001,1.191366232924416,0.0,0.6072994160213523,0.0,-1.907423667522651,0.0
13.106,1.1932200505562685,0.0,0.6039830505979824,0.0,-1.9076180376479117,0.0
13.108,1.1950681816575541,0.0,0.6006712716188249,0.0,-1.9077609545074157,0.0
13.11,1.196910644118769,0.0,0.5973641847451026,0.0,-1.907852525737861,0.0
13.112,1.1987474560425597,0.0,0.5940618952682802,0.0,-1.907892860552822,0.0
13.114,1.2005786357426005,0.0,0.590764508106733,0.0,-1.9078820697366095,0.0
13.116,1.2024042017425092,0.0,0.5874721278023876,0.0,-1.907820265638023,0.0
13.118,1.2042241727747216,0.0,0.5841848585174076,0.0,-1.9077075621641169,0.0
13.120000000000001,1.2060385677793737,0.0,0.5809028040308851,0.0,-1.9075440747738586,0.0
13.122,1.2078474059031774,0.0,0.5776260677355632,0.0,-1.9073299204717609,0.0
13.124,1.209650706498285,0.0,0.5743547526345416,0.0,-1.9070652178014724,0.0
13.126,1.2114484891211448,0.0,0.5710889613380857,0.0,-1.9067500868392866,0.0
13.128,1.2132407735313606,0.0,0.5678287960603239,0.0,-1.9063846491876333,0.0
13.13,1.2150275796905337,0.0,0.5645743586160914,0.0,-1.9059690279684904,0.0
13.132,1.2168089277610923,0.0,0.5613257504177113,0.0,-1.9055033478167789,0.0
13.134,1.2185848381051476,0.0,0.5580830724718322,0.0,-1.9049877348736683,0.0
13.136000000000001,1.2203553312832907,0.0,0.5548464253762659,0.0,-1.9044223167798702,0.0
13.138,1.222120428053433,0.0,0.551615909316861,0.0,-1.9038072226688572,0.0
13.14,1.2238801493696094,0.0,0.5483916240643661,0.0,-1.9031425831600504,0.0
13.142,1.2256345163807851,0.0,0.5451736689713627,0.0,-1.902428530351941,0.0
13.144,1.2273835504296613,0.0,0.54196214296917,0.0,-1.9016651978151753,0.0
13.146,1.2291272730514542,0.0,0.5387571445647876,0.0,-1.9008527205856023,0.0
13.148,1.2308657059726988,0.0,0.5355587718378675,0.0,-1.8999912351572434,0.0
13.15,1.232598871110022,0.0,0.5323671224376736,0.0,-1.8990808794752425,0.0
13.152000000000001,1.234326790568913,0.0,0.5291822935801082,0.0,-1.8981217929287633,0.0
13.154,1.236049486642497,0.0,0.5260043820447386,0.0,-1.897114116343828,0.0
13.156,1.2377669818103039,0.0,0.5228334841717965,0.0,-1.8960579919761185,0.0
13.158,1.2394792987370067,0.0,0.51966969585929,0.0,-1.894953563503744,0.0
13.16,1.2411864602711948,0.0,0.5165131125600417,0.0,-1.8938009760199321,0.0
13.162,1.2428884894440961,0.0,0.5133638292788417,0.0,-1.8926003760257109,0.0
13.164,1.2445854094683308,0.0,0.510221940569529,0.0,-1.8913519114225188,0.0
13.166,1.2462772437366423,0.0,0.5070875405321369,0.0,-1.8900557315047763,0.0
13.168000000000001,1.2479640158206167,0.0,0.5039607228100863,0.0,-1.8887119869524307,0.0
13.17,1.2496457494694109,0.0,0.5008415805873474,0.0,-1.8873208298234254,0.0
13.172,1.251322468608468,0.0,0.49773020658565287,0.0,-1.8858824135461616,0.0
13.174,1.2529941973382266,0.0,0.49462669306173024,0.0,-1.8843968929118784,0.0
13.176,1.254660959932823,0.0,0.4915311318045276,0.0,-1.8828644240670316,0.0
13.178,1.256322780838794,0.0,0.4884436141325147,0.0,-1.8812851645055908,0.0
13.18,1.257979684673768,0.0,0.48536423089095104,0.0,-1.8796592730613229,0.0
13.182,1.2596316962251586,0.0,0.4822930724492079,0.0,-1.877986909900016,0.0
13.184000000000001,1.261278840448839,0.0,0.4792302286980945,0.0,-1.8762682365116752,0.0
13.186,1.262921142467829,0.0,0.4761757890472215,0.0,-1.874503415702665,0.0
13.188,1.2645586275709608,0.0,0.47312984242235245,0.0,-1.8726926115878222,0.0
13.19,1.2661913212115516,0.0,0.47009247726285475,0.0,-1.8708359895825186,0.0
13.192,1.2678192490060662,0.0,0.46706378151904965,0.0,-1.8689337163946835,0.0
13.194,1.2694424367327692,0.0,0.46404384264970977,0.0,-1.866985960016805,0.0
13.196,1.2710609103303798,0.0,0.4610327476194958,0.0,-1.8649928897178658,0.0
13.198,1.2726746958967272,0.0,0.4580305828964476,0.0,-1.8629546760352547,0.0
13.200000000000001,1.2742838196873842,0.0,0.4550374344494906,0.0,-1.8608714907666324,0.0
13.202,1.275888308114303,0.0,0.45205338774597126,0.0,-1.858743506961784,0.0
13.204,1.2774881877444668,0.0,0.44907852774918783,0.0,-1.8565708989143699,0.0
13.206,1.279083485298491,0.0,0.4461129389159935,0.0,-1.8543538421537367,0.0
13.208,1.2806742276492769,0.0,0.443156705194377,0.0,-1.8520925134365847,0.0
13.21,1.2822604418206054,0.0,0.44020991002107823,0.0,-1.8497870907386902,0.0
13.212,1.2838421549857681,0.0,0.4372726363192413,0.0,-1.8474377532465258,0.0
13.214,1.2854193944661763,0.0,0.4343449664960584,0.0,-1.8450446813488763,0.0
13.216000000000001,1.2869921877299602,0.0,0.4314269824404735,0.0,-1.8426080566284146,0.0
13.218,1.2885605623905794,0.0,0.42851876552090695,0.0,-1.8401280618532465,0.0
13.22,1.2901245462054167,0.0,0.4256203965829344,0.0,-1.8376048809683914,0.0
13.222,1.2916841670743697,0.0,0.4227319559470962,0.0,-1.8350386990872785,0.0
13.224,1.2932394530384448,0.0,0.4198535234066467,0.0,-1.8324297024831622,0.0
13.226,1.2947904322783437,0.0,0.41698517822536385,0.0,-1.8297780785805238,0.0
13.228,1.2963371331130347,0.0,0.41412699913537354,0.0,-1.8270840159464563,0.0
13.23,1.297879583998348,0.0,0.41127906433498074,0.0,-1.8243477042819616,0.0
13.232000000000001,1.2994178135255319,0.0,0.4084414514865672,0.0,-1.821569334413288,0.0
13.234,1.3009518504198312,0.0,0.4056142377144635,0.0,-1.818749098283182,0.0
13.236,1.302481723539057,0.0,0.4027974996028766,0.0,-1.8158871889421213,0.0
13.238,1.30400746187214,0.0,0.39999131319382664,0.0,-1.812983800539526,0.0
13.24,1.3055290945376974,0.0,0.3971957539850972,0.0,-1.8100391283149242,0.0
13.242,1.3070466507825826,0.0,0.39441089692824916,0.0,-1.807053368589105,0.0
13.244,1.3085601599804404,0.0,0.39163681642661097,0.0,-1.8040267187552212,0.0
13.246,1.310069651630255,0.0,0.3888735863333205,0.0,-1.8009593772698744,0.0
13.248000000000001,1.3115751553548942,0.0,0.38612127994938017,0.0,-1.7978515436441644,0.0
13.25,1.3130767008996485,0.0,0.3833799700217373,0.0,-1.794703418434714,0.0
13.252,1.3145743181307794,0.0,0.38064972874139535,0.0,-1.7915152032346584,0.0
13.254,1.3160680370340399,0.0,0.3779306277415418,0.0,-1.7882871006646197,0.0
13.256,1.3175578877132201,0.0,0.3752227380956845,0.0,-1.7850193143636237,0.0
13.258000000000001,1.319043900388664,0.0,0.3725261303158571,0.0,-1.7817120489800333,0.0
13.26,1.3205261053958075,0.0,0.36984087435080115,0.0,-1.7783655101624127,0.0
13.262,1.322004533183695,0.0,0.3671670395841955,0.0,-1.774979904550383,0.0
13.264000000000001,1.323479214313499,0.0,0.3645046948329057,0.0,-1.771555439765455,0.0
13.266,1.3249501794570384,0.0,0.361853908345261,0.0,-1.768092324401834,0.0
13.268,1.3264174593952966,0.0,0.3592147477993342,0.0,-1.7645907680171717,0.0
13.27,1.327881085016926,0.0,0.3565872803012891,0.0,-1.7610509811233501,0.0
13.272,1.3293410873167655,0.0,0.35397157238371224,0.0,-1.7574731751771822,0.0
13.274000000000001,1.330797497394345,0.0,0.3513676900039835,0.0,-1.7538575625711155,0.0
13.276,1.3322503464523798,0.0,0.3487756985426729,0.0,-1.750204356623921,0.0
13.278,1.3336996657952898,0.0,0.34619566280195,0.0,-1.7465137715713184,0.0
13.280000000000001,1.3351454868276824,0.0,0.3436276470040409,0.0,-1.7427860225566314,0.0
13.282,1.3365878410528615,0.0,0.34107171478970466,0.0,-1.7390213256213887,0.0
13.284,1.338026760071316,0.0,0.3385279292166855,0.0,-1.7352198976958786,0.0
13.286,1.339462275579212,0.0,0.33599635275827294,0.0,-1.7313819565897444,0.0
13.288,1.340894419366888,0.0,0.3334770473018205,0.0,-1.727507720982504,0.0
13.290000000000001,1.3423232233173406,0.0,0.3309700741473174,0.0,-1.7235974104140661,0.0
13.292,1.343748719404703,0.0,0.32847549400598197,0.0,-1.7196512452752415,0.0
13.294,1.3451709396927498,0.0,0.32599336699886217,0.0,-1.7156694467981817,0.0
13.296000000000001,1.3465899163333577,0.0,0.3235237526554995,0.0,-1.7116522370468767,0.0
13.298,1.3480056815649932,0.0,0.3210667099125736,0.0,-1.7075998389075675,0.0
13.3,1.349418267711205,0.0,0.31862229711260437,0.0,-1.7035124760791516,0.0
13.302,1.3508277071790777,0.0,0.31619057200266076,0.0,-1.6993903730636064,0.0
13.304,1.352234032457729,0.0,0.31377159173309094,0.0,-1.6952337551563266,0.0
13.306000000000001,1.3536372761167685,0.0,0.3113654128563043,0.0,-1.6910428484365263,0.0
13.308,1.3550374708047768,0.0,0.3089720913255487,0.0,-1.6868178797575513,0.0
13.31,1.3564346492477823,0.0,0.3065916824937285,0.0,-1.682559076737207,0.0
13.312000000000001,1.357828844247717,0.0,0.3042242411122397,0.0,-1.6782666677480753,0.0
13.314,1.3592200886808958,0.0,0.30186982132983214,0.0,-1.6739408819077897,0.0
13.316,1.3606084154964853,0.0,0.2995284766915066,0.0,-1.6695819490693158,0.0
13.318,1.3619938577149575,0.0,0.29720026013742323,0.0,-1.665190099811216,0.0
13.32,1.3633764484265694,0.0,0.294885224001827,0.0,-1.6607655654278635,0.0
13.322000000000001,1.3647562207898147,0.0,0.29258342001203735,0.0,-1.6563085779197089,0.0
13.324,1.3661332080298938,0.0,0.2902948992874154,0.0,-1.6518193699834627,0.0
13.326,1.3675074434371792,0.0,0.28801971233839074,0.0,-1.647298175002299,0.0
13.328,1.3688789603656635,0.0,0.28575790906549153,0.0,-1.642745227036054,0.0
13.33,1.3702477922314322,0.0,0.28350953875840457,0.0,-1.6381607608113682,0.0
13.332,1.3716139725111196,0.0,0.28127465009507807,0.0,-1.6335450117118688,0.0
13.334,1.3729775347403588,0.0,0.2790532911408262,0.0,-1.628898215768314,0.0
13.336,1.3743385125122596,0.0,0.2768455093474686,0.0,-1.6242206096487046,0.0
13.338000000000001,1.3756969394758476,0.0,0.274651351552497,0.0,-1.6195124306484225,0.0
13.34,1.37705284933453,0.0,0.27247086397826575,0.0,-1.6147739166803432,0.0
13.342,1.3784062758445486,0.0,0.2703040922311868,0.0,-1.6100053062649025,0.0
13.344,1.3797572528134419,0.0,0.26815108130101495,0.0,-1.6052068385202458,0.0
13.346,1.381105814098498,0.0,0.2660118755600572,0.0,-1.60037875315223,0.0
13.348,1.382451993605206,0.0,0.2638865187625004,0.0,-1.5955212904445535,0.0
13.35,1.3837958252857194,0.0,0.2617750540437129,0.0,-1.59063469124878,0.0
13.352,1.3851373431373113,0.0,0.2596775239195897,0.0,-1.585719196974402,0.0
13.354000000000001,1.3864765812008215,0.0,0.2575939702859072,0.0,-1.5807750495788795,0.0
13.356,1.3878135735591186,0.0,0.2555244344177293,0.0,-1.5758024915576745,0.0
13.358,1.389148354335563,0.0,0.2534689569688037,0.0,-1.5708017659342548,0.0
13.36,1.390480957692442,0.0,0.251427577971022,0.0,-1.5657731162501543,0.0
13.362,1.3918114178294498,0.0,0.24940033683387475,0.0,-1.5607167865549487,0.0
13.364,1.393139768982128,0.0,0.2473872723439453,0.0,-1.5556330213962701,0.0
13.366,1.3944660454203273,0.0,0.24538842266442784,0.0,-1.5505220658098189,0.0
13.368,1.395790281446665,0.0,0.24340382533465532,0.0,-1.5453841653093208,0.0
13.370000000000001,1.397112511394981,0.0,0.24143351726968987,0.0,-1.5402195658765596,0.0
13.372,1.398432769628796,0.0,0.23947753475989475,0.0,-1.5350285139513282,0.0
13.374,1.3997510905397772,0.0,0.23753591347055975,0.0,-1.5298112564214184,0.0
13.376,1.4010675085461828,0.0,0.23560868844154542,0.0,-1.5245680406126016,0.0
13.378,1.4023820580913369,0.0,0.23369589408692887,0.0,-1.519299114278563,0.0
13.38,1.403694773642081,0.0,0.23179756419473507,0.0,-1.514004725590936,0.0
13.382,1.4050056896872407,0.0,0.22991373192661924,0.0,-1.5086851231292078,0.0
13.384,1.4063148407360848,0.0,0.22804442981761552,0.0,-1.5033405558706896,0.0
13.386000000000001,1.4076222613167912,0.0,0.22618968977591836,0.0,-1.4979712731805084,0.0
13.388,1.4089279859749073,0.0,0.22434954308266325,0.0,-1.492577524801541,0.0
13.39,1.4102320492718279,0.0,0.22252402039174723,0.0,-1.4871595608443675,0.0
13.392,1.4115344857832426,0.0,0.2207131517296695,0.0,-1.4817176317772538,0.0
13.394,1.4128353300976195,0.0,0.21891696649539377,0.0,-1.4762519884160659,0.0
13.396,1.4141346168146702,0.0,0.21713549346025335,0.0,-1.4707628819142688,0.0
13.398,1.4154323805438125,0.0,0.21536876076785433,0.0,-1.4652505637528652,0.0
13.4,1.4167286559026593,0.0,0.2136167959340297,0.0,-1.459715285730347,0.0
13.402000000000001,1.4180234775154732,0.0,0.21187962584679265,0.0,-1.4541572999526635,0.0
13.404,1.419316880011654,0.0,0.21015727676634416,0.0,-1.4485768588231878,0.0
13.406,1.420608898024211,0.0,0.20844977432506462,0.0,-1.442974215032638,0.0
13.408,1.4218995661882416,0.0,0.20675714352759306,0.0,-1.4373496215491304,0.0
13.41,1.4231889191394145,0.0,0.20507940875085123,0.0,-1.4317033316080336,0.0
13.412,1.4244769915124391,0.0,0.20341659374416332,0.0,-1.4260355987020406,0.0
13.414,1.4257638179395655,0.0,0.2017687216293611,0.0,-1.4203466765710822,0.0
13.416,1.4270494330490604,0.0,0.20013581490092336,0.0,-1.4146368191923329,0.0
13.418000000000001,1.4283338714636984,0.0,0.19851789542614556,0.0,-1.4089062807701798,0.0
13.42,1.429617167799239,0.0,0.1969149844453229,0.0,-1.4031553157262389,0.0
13.422,1.430899356662944,0.0,0.19532710257196367,0.0,-1.3973841786892902,0.0
13.424,1.4321804726520386,0.0,0.193754269793038,0.0,-1.391593124485353,0.0
13.426,1.433460550352237,0.0,0.1921965054692309,0.0,-1.385782408127635,0.0
13.428,1.4347396243362187,0.0,0.1906538283352347,0.0,-1.379952284806571,0.0
13.43,1.4360177291621383,0.0,0.1891262565000597,0.0,-1.374103009879839,0.0
13.432,1.4372948993721293,0.0,0.18761380744736372,0.0,-1.3682348388623582,0.0
13.434000000000001,1.438571169490799,0.0,0.18611649803582153,0.0,-1.3623480274163684,0.0
13.436,1.4398465740237556,0.0,0.18463434449952193,0.0,-1.356442831341461,0.0
13.438,1.4411211474560945,0.0,0.18316736244833987,0.0,-1.350519506564587,0.0
13.44,1.4423949242509255,0.0,0.18171556686840412,0.0,-1.3445783091301713,0.0
13.442,1.4436679388478881,0.0,0.1802789721225455,0.0,-1.338619495190153,0.0
13.444,1.4449402256616657,0.0,0.17885759195077283,0.0,-1.3326433209940682,0.0
13.446,1.4462118190805002,0.0,0.17745143947078484,0.0,-1.3266500428791521,0.0
13.448,1.4474827534647319,0.0,0.1760605271784944,0.0,-1.3206399172603973,0.0
13.450000000000001,1.4487530631453083,0.0,0.17468486694858865,0.0,-1.3146132006207205,0.0
13.452,1.450022782422327,0.0,0.1733244700351067,0.0,-1.3085701495010416,0.0
13.454,1.4512919455635593,0.0,0.17197934707203577,0.0,-1.3025110204904369,0.0
13.456,1.452560586802994,0.0,0.17064950807394763,0.0,-1.2964360702162767,0.0
13.458,1.4538287403393668,0.0,0.16933496243662882,0.0,-1.2903455553343668,0.0
13.46,1.4550964403347069,0.0,0.1680357189377772,0.0,-1.2842397325191524,0.0
13.462,1.4563637209128808,0.0,0.1667517857376824,0.0,-1.2781188584538814,0.0
13.464,1.4576306161581467,0.0,0.16548317037995547,0.0,-1.2719831898207943,0.0
13.466000000000001,1.4588971601137009,0.0,0.16422987979226988,0.0,-1.2658329832913469,0.0
13.468,1.4601633867802224,0.0,0.16299192028712822,0.0,-1.2596684955164474,0.0
13.47,1.4614293301144547,0.0,0.16176929756264863,0.0,-1.2534899831166373,0.0
13.472,1.462695024027748,0.0,0.1605620167033997,0.0,-1.2472977026724525,0.0
13.474,1.4639605023846405,0.0,0.15937008218121002,0.0,-1.2410919107145673,0.0
13.476,1.465225799001409,0.0,0.15819349785605197,0.0,-1.2348728637141846,0.0
13.478,1.4664909476446562,0.0,0.15703226697691486,0.0,-1.228640818073285,0.0
13.48,1.4677559820298878,0.0,0.155886392182719,0.0,-1.2223960301149595,0.0
13.482000000000001,1.4690209358200859,0.0,0.1547558755032417,0.0,-1.2161387560737416,0.0
13.484,1.4702858426242953,0.0,0.15364071836007692,0.0,-1.209869252085975,0.0
13.486,1.4715507359962132,0.0,0.15254092156760007,0.0,-1.20358777418015,0.0
13.488,1.472815649432781,0.0,0.15145648533398381,0.0,-1.1972945782673374,0.0
13.49,1.4740806163727853,0.0,0.1503874092622146,0.0,-1.1909899201315686,0.0
13.492,1.4753456701954473,0.0,0.14933369235113397,0.0,-1.1846740554202704,0.0
13.494,1.4766108442190373,0.0,0.14829533299651199,0.0,-1.1783472396347145,0.0
13.496,1.4778761716994804,0.0,0.14727232899213077,0.0,-1.172009728120456,0.0
13.498000000000001,1.4791416858289625,0.0,0.14626467753090955,0.0,-1.1656617760578605,0.0
13.5,1.4804074197345645,0.0,0.14527237520603947,0.0,-1.1593036384526088,0.0
13.502,1.4816734064768637,0.0,0.14429541801212414,0.0,-1.152935570126159,0.0
13.504,1.4829396790485736,0.0,0.14333380134638285,0.0,-1.146557825706377,0.0
13.506,1.48420627037317,0.0,0.14238752000984367,0.0,-1.140170659618056,0.0
13.508000000000001,1.485473213303527,0.0,0.14145656820856994,0.0,-1.1337743260735231,0.0
13.51,1.4867405406205492,0.0,0.14054093955490704,0.0,-1.1273690790632616,0.0
13.512,1.4880082850318281,0.0,0.13964062706875063,0.0,-1.1209551723465045,0.0
13.514000000000001,1.489276479170281,0.0,0.13875562317884294,0.0,-1.1145328594419548,0.0
13.516,1.4905451555928055,0.0,0.1378859197240826,0.0,-1.108102393618427,0.0
13.518,1.4918143467789504,0.0,0.13703150795486402,0.0,-1.1016640278855578,0.0
13.52,1.4930840851295548,0.0,0.13619237853443128,0.0,-1.0952180149845565,0.0
13.522,1.4943544029654408,0.0,0.13536852154025114,0.0,-1.0887646073789083,0.0
13.524000000000001,1.4956253325260684,0.0,0.13455992646542908,0.0,-1.0823040572452185,0.0
13.526,1.4968969059682145,0.0,0.13376658222011234,0.0,-1.0758366164639768,0.0
13.528,1.4981691553646757,0.0,0.13298847713295298,0.0,-1.069362536610386,0.0
13.530000000000001,1.4994421127029287,0.0,0.13222559895255637,0.0,-1.062882068945231,0.0
13.532,1.5007158098838367,0.0,0.13147793484897236,0.0,-1.0563954644057523,0.0
13.534,1.5019902787203545,0.0,0.13074547141520915,0.0,-1.049902973596549,0.0
13.536,1.5032655509362163,0.0,0.13002819466875432,0.0,-1.0434048467805286,0.0
13.538,1.5045416581646525,0.0,0.1293260900531203,0.0,-1.0369013338698325,0.0
13.540000000000001,1.5058186319471043,0.0,0.12863914243942565,0.0,-1.030392684416869,0.0
13.542,1.5070965037319373,0.0,0.12796733612797967,0.0,-1.023879147605305,0.0
13.544,1.5083753048731765,0.0,0.12731065484989507,0.0,-1.0173609722411108,0.0
13.546000000000001,1.5096550666292246,0.0,0.12666908176871966,0.0,-1.0108384067436371,0.0
13.548,1.5109358201615994,0.0,0.12604259948209046,0.0,-1.004311699136726,0.0
13.55,1.512217596533692,0.0,0.12543119002340936,0.0,-0.9977810970397984,0.0
13.552,1.513500426709483,0.0,0.12483483486352914,0.0,-0.9912468476590794,0.0
13.554,1.5147843415523212,0.0,0.12425351491247899,0.0,-0.9847091977787451,0.0
13.556000000000001,1.516069371823668,0.0,0.12368721052118958,0.0,-0.9781683937521538,0.0
13.558,1.5173555481818655,0.0,0.12313590148325332,0.0,-0.9716246814931019,0.0
13.56,1.518642901180909,0.0,0.12259956703669284,0.0,-0.9650783064670727,0.0
13.562000000000001,1.519931461269212,0.0,0.12207818586576086,0.0,-0.9585295136825968,0.0
13.564,1.5212212587884006,0.0,0.12157173610275784,0.0,-0.9519785476825958,0.0
13.566,1.5225123239720908,0.0,0.12108019532985026,0.0,-0.9454256525356862,0.0
13.568,1.5238046869446826,0.0,0.12060354058094042,0.0,-0.9388710718276708,0.0
13.57,1.5250983777201708,0.0,0.12014174834353691,0.0,-0.9323150486529351,0.0
13.572000000000001,1.5263934262009262,0.0,0.11969479456063281,0.0,-0.9257578256059341,0.0
13.574,1.5276898621765342,0.0,0.11926265463263941,0.0,-0.9191996447726966,0.0
13.576,1.5289877153225924,0.0,0.11884530341929783,0.0,-0.9126407477223384,0.0
13.578,1.5302870151995414,0.0,0.11844271524164007,0.0,-0.9060813754986823,0.0
13.58,1.5315877912514972,0.0,0.11805486388395708,0.0,-0.8995217686118326,0.0
13.582,1.532890072805082,0.0,0.11768172259578191,0.0,-0.8929621670298231,0.0
13.584,1.5341938890682705,0.0,0.11732326409390298,0.0,-0.8864028101703005,0.0
13.586,1.5354992691292322,0.0,0.11697946056437947,0.0,-0.8798439368922024,0.0
13.588000000000001,1.5368062419551984,0.0,0.11665028366459795,0.0,-0.8732857854875511,0.0
13.59,1.5381148363913024,0.0,0.11633570452532171,0.0,-0.8667285936732062,0.0
13.592,1.5394250811594816,0.0,0.11603569375278966,0.0,-0.8601725985826816,0.0
13.594,1.5407370048573135,0.0,0.11575022143079394,0.0,-0.8536180367580144,0.0
13.596,1.5420506359569224,0.0,0.11547925712280971,0.0,-0.8470651441416063,0.0
13.598,1.5433660028038625,0.0,0.11522276987413538,0.0,-0.8405141560682372,0.0
13.6,1.5446831336160036,0.0,0.11498072821403194,0.0,-0.8339653072569485,0.0
13.602,1.5460020564824373,0.0,0.11475310015790063,0.0,-0.8274188318030574,0.0
13.604000000000001,1.5473227993623908,0.0,0.1145398532094768,0.0,-0.8208749631702276,0.0
13.606,1.5486453900841266,0.0,0.11434095436302993,0.0,-0.8143339341825223,0.0
13.608,1.549969856343884,0.0,0.11415637010558966,0.0,-0.8077959770165137,0.0
13.61,1.5512962257047838,0.0,0.11398606641918563,0.0,-0.8012613231934564,0.0
13.612,1.5526245255957811,0.0,0.11383000878310723,0.0,-0.7947302035714293,0.0
13.614,1.5539547833106042,0.0,0.11368816217618183,0.0,-0.7882028483376287,0.0
13.616,1.555287026006686,0.0,0.11356049107905963,0.0,-0.7816794870005971,0.0
13.618,1.5566212807041537,0.0,0.11344695947653693,0.0,-0.7751603483825402,0.0
13.620000000000001,1.5579575742847573,0.0,0.11334753085986693,0.0,-0.7686456606116717,0.0
13.622,1.5592959334908538,0.0,0.11326216822911228,0.0,-0.7621356511146202,0.0
13.624,1.5606363849243903,0.0,0.11319083409550212,0.0,-0.7556305466088001,0.0
13.626,1.5619789550458838,0.0,0.11313349048381582,0.0,-0.7491305730949868,0.0
13.628,1.5633236701733981,0.0,0.11309009893475563,0.0,-0.7426359558496995,0.0
13.63,1.5646705564815666,0.0,0.11306062050737942,0.0,-0.7361469194178472,0.0
13.632,1.5660196400005706,0.0,0.11304501578150539,0.0,-0.7296636876052853,0.0
13.634,1.5673709466151875,0.0,0.11304324486017026,0.0,-0.7231864834714414,0.0
13.636000000000001,1.5687245020637768,0.0,0.11305526737207305,0.0,-0.7167155293220087,0.0
13.638,1.570080331937313,0.0,0.11308104247404693,0.0,-0.710251046701666,0.0
13.64,1.5714384616784527,0.0,0.11312052885356094,0.0,-0.7037932563867912,0.0
13.642,1.5727989165805312,0.0,0.11317368473120792,0.0,-0.697342378378337,0.0
13.644,1.5741617217866417,0.0,0.11324046786322917,0.0,-0.6908986318946306,0.0
13.646,1.575526902288685,0.0,0.1133208355440537,0.0,-0.684462235364266,0.0
13.648,1.5768944829264302,0.0,0.11341474460883572,0.0,-0.6780334064190577,0.0
13.65,1.5782644883865928,0.0,0.1135221514360315,0.0,-0.6716123618869696,0.0
13.652000000000001,1.5796369432019104,0.0,0.11364301194996784,0.0,-0.6651993177851848,0.0
13.654,1.5810118717502344,0.0,0.1137772816234458,0.0,-0.6587944893131791,0.0
13.656,1.5823892982536147,0.0,0.11392491548033379,0.0,-0.6523980908457447,0.0
13.658,1.5837692467774154,0.0,0.11408586809820942,0.0,-0.6460103359262455,0.0
13.66,1.5851517412294138,0.0,0.11426009361097755,0.0,-0.6396314372597192,0.0
13.662,1.5865368053589302,0.0,0.11444754571154137,0.0,-0.6332616067062256,0.0
13.664,1.5879244627559403,0.0,0.11464817765444946,0.0,-0.6269010552740479,0.0
13.666,1.5893147368502207,0.0,0.1148619422585867,0.0,-0.6205499931130373,0.0
13.668000000000001,1.590707650910477,0.0,0.11508879190985999,0.0,-0.6142086295080358,0.0
13.67,1.5921032280435061,0.0,0.11532867856391538,0.0,-0.6078771728722668,0.0
13.672,1.593501491193348,0.0,0.11558155374884604,0.0,-0.6015558307408129,0.0
13.674,1.5949024631404471,0.0,0.11584736856793643,0.0,-0.5952448097641442,0.0
13.676,1.5963061665008302,0.0,0.11612607370240502,0.0,-0.5889443157016447,0.0
13.678,1.5977126237252786,0.0,0.11641761941415907,0.0,-0.5826545534152783,0.0
13.68,1.5991218570985302,0.0,0.11672195554858422,0.0,-0.5763757268632091,0.0
13.682,1.600533888738468,0.0,0.11703903153731299,0.0,-0.5701080390935174,0.0
13.684000000000001,1.601948740595321,0.0,0.11736879640103659,0.0,-0.56385169223795,0.0
13.686,1.6033664344508802,0.0,0.11771119875230562,0.0,-0.5576068875057282,0.0
13.688,1.6047869919177316,0.0,0.11806618679836922,0.0,-0.5513738251773562,0.0
13.69,1.6062104344384556,0.0,0.1184337083439958,0.0,-0.5451527045986109,0.0
13.692,1.6076367832848975,0.0,0.118813710794332,0.0,-0.5389437241743594,0.0
13.694,1.6090660595573876,0.0,0.1192061411577624,0.0,-0.5327470813626536,0.0
13.696,1.610498284184007,0.0,0.11961094604877875,0.0,-0.5265629726687265,0.0
13.698,1.6119334779198502,0.0,0.12002807169087026,0.0,-0.5203915936390856,0.0
13.700000000000001,1.6133716613462794,0.0,0.1204574639194137,0.0,-0.5142331388556582,0.0
13.702,1.6148128548702183,0.0,0.12089906818458729,0.0,-0.5080878019299873,0.0
13.704,1.6162570787234365,0.0,0.12135282955428739,0.0,-0.5019557754974283,0.0
13.706,1.61770435296183,0.0,0.12181869271705925,0.0,-0.4958372512114972,0.0
13.708,1.6191546974647448,0.0,0.12229660198504133,0.0,-0.4897324197381624,0.0
13.71,1.62060813193427,0.0,0.12278650129691504,0.0,-0.48364147075024855,0.0
13.712,1.6220646758945616,0.0,0.12328833422086982,0.0,-0.4775645929218764,0.0
13.714,1.6235243486911815,0.0,0.12380204395757954,0.0,-0.4715019739229182,0.0
13.716000000000001,1.6249871694904077,0.0,0.12432757334318278,0.0,-0.4654538004135743,0.0
13.718,1.6264531572786145,0.0,0.12486486485228954,0.0,-0.45942025803897557,0.0
13.72,1.6279223308615909,0.0,0.1254138606009686,0.0,-0.45340153142373574,0.0
13.722,1.629394708863921,0.0,0.12597450234978524,0.0,-0.4473978041667358,0.0
13.724,1.630870309728349,0.0,0.12654673150680862,0.0,-0.4414092588358174,0.0
13.726,1.6323491517151607,0.0,0.1271304891306625,0.0,-0.43543607696258124,0.0
13.728,1.6338312529015586,0.0,0.1277257159335599,0.0,-0.4294784390372405,0.0
13.73,1.6353166311810718,0.0,0.1283323522843633,0.0,-0.42353652450348095,0.0
13.732000000000001,1.6368053042629491,0.0,0.1289503382116547,0.0,-0.4176105117534613,0.0
13.734,1.6382972896715708,0.0,0.12957961340679613,0.0,-0.41170057812277133,0.0
13.736,1.6397926047458842,0.0,0.13022011722702836,0.0,-0.4058068998854951,0.0
13.738,1.6412912666388126,0.0,0.13087178869855481,0.0,-0.3999296522493199,0.0
13.74,1.6427932923166995,0.0,0.13153456651964213,0.0,-0.394069009350657,0.0
13.742,1.6442986985587644,0.0,0.1322083890637345,0.0,-0.38822514424989657,0.0
13.744,1.6458075019565477,0.0,0.1328931943825692,0.0,-0.3823982289266371,0.0
13.746,1.647319718913378,0.0,0.13358892020930968,0.0,-0.37658843427500366,0.0
13.748000000000001,1.648835365643842,0.0,0.13429550396167067,0.0,-0.3707959300990139,0.0
13.75,1.6503544581732654,0.0,0.13501288274506695,0.0,-0.3650208851080017,0.0
13.752,1.6518770123372088,0.0,0.13574099335577405,0.0,-0.35926346691204686,0.0
13.754,1.6534030437809553,0.0,0.1364797722840712,0.0,-0.3535238420175926,0.0
13.756,1.654932567959028,0.0,0.1372291557174205,0.0,-0.3478021758229016,0.0
13.758000000000001,1.6564656001346922,0.0,0.13798907954363726,0.0,-0.3420986326137859,0.0
13.76,1.6580021553794968,0.0,0.13875947935407557,0.0,-0.33641337555923884,0.0
13.762,1.6595422485727922,0.0,0.13954029044681238,0.0,-0.33074656670718827,0.0
13.764000000000001,1.661085894401284,0.0,0.14033144782985596,0.0,-0.3250983669802881,0.0
13.766,1.6626331073585654,0.0,0.1411328862243285,0.0,-0.3194689361717656,0.0
13.768,1.6641839017447,0.0,0.14194454006770163,0.0,-0.31385843294129556,0.0
13.77,1.665738291665772,0.0,0.14276634351699913,0.0,-0.30826701481099517,0.0
13.772,1.6672962910334739,0.0,0.14359823045202563,0.0,-0.30269483816140585,0.0
13.774000000000001,1.6688579135646824,0.0,0.1444401344785915,0.0,-0.29714205822755513,0.0
13.776,1.6704231727810521,0.0,0.14529198893175638,0.0,-0.29160882909509034,0.0
13.778,1.6719920820086314,0.0,0.14615372687907213,0.0,-0.28609530369640795,0.0
13.780000000000001,1.6735646543774638,0.0,0.1470252811238293,0.0,-0.28060163380692305,0.0
13.782,1.675140902821213,0.0,0.14790658420830632,0.0,-0.2751279700413563,0.0
13.784,1.6767208400767846,0.0,0.14879756841704184,0.0,-0.2696744618499966,0.0
13.786,1.6783044786839696,0.0,0.14969816578009293,0.0,-0.264241257515169,0.0
13.788,1.6798918309851,0.0,0.15060830807630826,0.0,-0.258828504147641,0.0
13.790000000000001,1.6814829091246957,0.0,0.1515279268366076,0.0,-0.25343634768312695,0.0
13.792,1.6830777250491105,0.0,0.15245695334725035,0.0,-0.24806493287884984,0.0
13.794,1.6846762905062533,0.0,0.15339531865314937,0.0,-0.24271440331012267,0.0
13.796000000000001,1.6862786170452209,0.0,0.1543429535611338,0.0,-0.23738490136705673,0.0
13.798,1.6878847160160155,0.0,0.15529978864325972,0.0,-0.23207656825124923,0.0
13.8,1.6894945985692509,0.0,0.15626575424011374,0.0,-0.2267895439725688,0.0
13.802,1.6911082756558355,0.0,0.1572407804641095,0.0,-0.22152396734599164,0.0
13.804,1.6927257580267057,0.0,0.15822479720279975,0.0,-0.21627997598845466,0.0
13.806000000000001,1.6943470562325642,0.0,0.15921773412219808,0.0,-0.2110577063158491,0.0
13.808,1.6959721806235863,0.0,0.16021952067007994,0.0,-0.20585729353997864,0.0
13.81,1.6976011413491885,0.0,0.16123008607931866,0.0,-0.20067887166562554,0.0
13.812000000000001,1.6992339483577792,0.0,0.16224935937120594,0.0,-0.19552257348765684,0.0
13.814,1.7008706113965,0.0,0.1632772693587744,0.0,-0.19038853058818483,0.0
13.816,1.7025111400110267,0.0,0.1643137446501387,0.0,-0.1852768733337937,0.0
13.818,1.7041555435453268,0.0,0.16535871365182353,0.0,-0.1801877308728172,0.0
13.82,1.7058038311414554,0.0,0.16641210457210381,0.0,-0.1751212311326375,0.0
13.822000000000001,1.7074560117393551,0.0,0.16747384542434673,0.0,-0.17007750081712558,0.0
13.824,1.7091120940766573,0.0,0.16854386403035337,0.0,-0.16505666540404762,0.0
13.826,1.7107720866885046,0.0,0.16962208802370332,0.0,-0.160058849142572,0.0
13.828,1.712435997907359,0.0,0.1707084448531067,0.0,-0.15508417505083655,0.0
13.83,1.7141038358628609,0.0,0.17180286178575815,0.0,-0.15013276491352384,0.0
13.832,1.7157756084816413,0.0,0.17290526591067812,0.0,-0.1452047392795745,0.0
13.834,1.7174513234871986,0.0,0.17401558414207996,0.0,-0.1403002174598837,0.0
13.836,1.719130988399742,0.0,0.17513374322272368,0.0,-0.13541931752508649,0.0
13.838000000000001,1.7208146105360578,0.0,0.1762596697272686,0.0,-0.13056215630338863,0.0
13.84,1.7225021970093992,0.0,0.17739329006564158,0.0,-0.12572884937847262,0.0
13.842,1.7241937547293666,0.0,0.1785345304863969,0.0,-0.12091951108740087,0.0
13.844,1.7258892904017982,0.0,0.17968331708007207,0.0,-0.11613425451870985,0.0
13.846,1.727588810528678,0.0,0.18083957578256393,0.0,-0.11137319151035754,0.0
13.848,1.7292923214080442,0.0,0.18200323237848443,0.0,-0.10663643264792694,0.0
13.85,1.730999829133914,0.0,0.1831742125045277,0.0,-0.10192408726275498,0.0
13.852,1.7327113395962122,0.0,0.18435244165284087,0.0,-0.09723626343017885,0.0
13.854000000000001,1.7344268584807196,0.0,0.18553784517438787,0.0,-0.09257306796781004,0.0
13.856,1.736146391268992,0.0,0.186730348282315,0.0,-0.0879346064338849,0.0
13.858,1.7378699432383522,0.0,0.18792987605532763,0.0,-0.08332098312564026,0.0
13.86,1.7395975194618285,0.0,0.18913635344104368,0.0,-0.07873230107779605,0.0
13.862,1.7413291248081466,0.0,0.19034970525937495,0.0,-0.07416866206105069,0.0
13.864,1.743064763941697,0.0,0.1915698562058868,0.0,-0.069630166580642,0.0
13.866,1.74480444132254,0.0,0.19279673085516985,0.0,-0.065116913874984,0.0
13.868,1.7465481612063887,0.0,0.19403025366420285,0.0,-0.060629001914307756,0.0
13.870000000000001,1.7482959276446417,0.0,0.19527034897572,0.0,-0.056166527399446387,0.0
13.872,1.7500477444843776,0.0,0.19651694102157846,0.0,-0.05172958576058986,0.0
13.874,1.7518036153683891,0.0,0.197769953926119,0.0,-0.04731827115613971,0.0
13.876,1.7535635437352264,0.0,0.19902931170953336,0.0,-0.04293267647162072,0.0
13.878,1.7553275328192357,0.0,0.2002949382912289,0.0,-0.03857289331859959,0.0
13.88,1.7570955856506,0.0,0.20156675749317493,0.0,-0.03423901203377211,0.0
13.882,1.7588677050554118,0.0,0.2028446930432794,0.0,-0.02993112167796544,0.0
13.884,1.760643893655752,0.0,0.2041286685787409,0.0,-0.025649310035273876,0.0
13.886000000000001,1.7624241538697343,0.0,0.2054186076493964,0.0,-0.021393663612271407,0.0
13.888,1.7642084879116298,0.0,0.20671443372108594,0.0,-0.017164267637228114,0.0
13.89,1.7659968977919516,0.0,0.2080160701790011,0.0,-0.012961206059405483,0.0
13.892,1.767789385317534,0.0,0.2093234403310299,0.0,-0.008784561548404068,0.0
13.894,1.7695859520916841,0.0,0.2106364674111132,0.0,-0.0046344154935548665,0.0
13.896,1.771386599514268,0.0,0.21195507458257934,0.0,-0.0005108480034083374,0.0
13.898,1.7731913287818701,0.0,0.21327918494149672,0.0,0.0035860620947694155,0.0
13.9,1.7750001408878953,0.0,0.21460872151999844,0.0,0.007656237255428799,0.0
13.902000000000001,1.7768130366227737,0.0,0.21594360728964002,0.0,0.01169960121509872,0.0
13.904,1.7786300165740347,0.0,0.21728376516470654,0.0,0.015716078992713434,0.0
13.906,1.7804510811265515,0.0,0.2186291180055734,0.0,0.019705596889891652,0.0
13.908,1.7822762304626563,0.0,0.21997958862199873,0.0,0.023668082491085707,0.0
13.91,1.7841054645623526,0.0,0.22133509977648025,0.0,0.0276034646638203,0.0
13.912,1.7859387832034874,0.0,0.22269557418754432,0.0,0.03151167355872292,0.0
13.914,1.787776185961949,0.0,0.22406093453308884,0.0,0.035392640609594295,0.0
13.916,1.7896176722118886,0.0,0.2254311034536729,0.0,0.03924629853339118,0.0
13.918000000000001,1.791463241125919,0.0,0.22680600355584318,0.0,0.04307258133015923,0.0
13.92,1.793312891675341,0.0,0.22818555741541968,0.0,0.04687142428291102,0.0
13.922,1.7951666226303793,0.0,0.22956968758081403,0.0,0.050642763957462644,0.0
13.924,1.7970244325604,0.0,0.23095831657630228,0.0,0.054386538202182755,0.0
13.926,1.7988863198342,0.0,0.23235136690534053,0.0,0.0581026861477113,0.0
13.928,1.8007522826202311,0.0,0.23374876105382825,0.0,0.06179114820662873,0.0
13.93,1.8026223188868513,0.0,0.23515042149339788,0.0,0.0654518660730537,0.0
13.932,1.8044964264026393,0.0,0.23655627068469542,0.0,0.06908478272221324,0.0
13.934000000000001,1.806374602736647,0.0,0.2379662310806453,0.0,0.07268984240991311,0.0
13.936,1.8082568452586756,0.0,0.2393802251297022,0.0,0.07626699067198145,0.0
13.938,1.8101431511396142,0.0,0.24079817527914643,0.0,0.07981617432369753,0.0
13.94,1.8120335173517086,0.0,0.24222000397829857,0.0,0.08333734145908162,0.0
13.942,1.813927940668884,0.0,0.24364563368179543,0.0,0.08683044145020113,0.0
13.944,1.815826417667072,0.0,0.24507498685281215,0.0,0.09029542494639597,0.0
13.946,1.8177289447245282,0.0,0.24650798596631673,0.0,0.09373224387344231,0.0
13.948,1.8196355180221861,0.0,0.24794455351229006,0.0,0.09714085143270534,0.0
13.950000000000001,1.8215461335439873,0.0,0.24938461199895384,0.0,0.10052120210016108,0.0
13.952,1.823460787077238,0.0,0.2508280839559839,0.0,0.10387325162545208,0.0
13.954,1.8253794742129823,0.0,0.25227489193772645,0.0,0.10719695703082283,0.0
13.956,1.827302190346347,0.0,0.25372495852639865,0.0,0.11049227661004402,0.0
13.958,1.8292289306769491,0.0,0.2551782063352958,0.0,0.11375916992727414,0.0
13.96,1.8311596902092493,0.0,0.2566345580119671,0.0,0.11699759781584262,0.0
13.962,1.83309446375297,0.0,0.25809393624141247,0.0,0.12020752237701854,0.0
13.964,1.8350332459234795,0.0,0.2595562637492491,0.0,0.12338890697870275,0.0
13.966000000000001,1.8369760311422068,0.0,0.2610214633048923,0.0,0.12654171625407867,0.0
13.968,1.838922813637076,0.0,0.26248945772470944,0.0,0.12966591610018763,0.0
13.97,1.8408735874428803,0.0,0.26396016987517534,0.0,0.13276147367652924,0.0
13.972,1.8428283464017736,0.0,0.2654335226760173,0.0,0.13582835740345667,0.0
13.974,1.8447870841636649,0.0,0.2669094391033652,0.0,0.138866536960718,0.0
13.976,1.846749794186698,0.0,0.26838784219286776,0.0,0.14187598328576773,0.0
13.978,1.8487164697376701,0.0,0.26986865504282076,0.0,0.14485666857214619,0.0
13.98,1.8506871038925334,0.0,0.27135180081728744,0.0,0.14780856626774103,0.0
13.982000000000001,1.852661689536839,0.0,0.27283720274919643,0.0,0.15073165107303604,0.0
13.984,1.8546402193662164,0.0,0.2743247841434432,0.0,0.1536258989392842,0.0
13.986,1.8566226858868817,0.0,0.27581446837998397,0.0,0.1564912870666525,0.0
13.988,1.8586090814160858,0.0,0.27730617891690895,0.0,0.15932779390229085,0.0
13.99,1.860599398082671,0.0,0.2787998392935184,0.0,0.16213539913835984,0.0
13.992,1.8625936278275208,0.0,0.28029537313338077,0.0,0.16491408371003297,0.0
13.994,1.864591762404119,0.0,0.2817927041473928,0.0,0.16766382979339933,0.0
13.996,1.8665937933790597,0.0,0.2832917561368265,0.0,0.1703846208033758,0.0
13.998000000000001,1.8685997121325493,0.0,0.28479245299635203,0.0,0.17307644139152017,0.0
14.0,1.8706095098589899,0.0,0.28629471871707046,0.0,0.17573927744378437,0.0
14.002,1.8726231775674944,0.0,0.2877984773895386,0.0,0.17837311607831563,0.0
14.004,1.8746407060824353,0.0,0.2893036532067579,0.0,0.18097794564307795,0.0
14.006,1.8766620860440255,0.0,0.2908101704671886,0.0,0.18355375571350624,0.0
14.008000000000001,1.8786873079088544,0.0,0.2923179535777242,0.0,0.18610053709010027,0.0
14.01,1.8807163619504812,0.0,0.29382692705667124,0.0,0.1886182817959443,0.0
14.012,1.8827492382600242,0.0,0.2953370155367265,0.0,0.1911069830742126,0.0
14.014000000000001,1.884785926746717,0.0,0.296848143767915,0.0,0.19356663538558888,0.0
14.016,1.886826417138525,0.0,0.2983602366205521,0.0,0.19599723440566885,0.0
14.018,1.8888706989827455,0.0,0.2998732190881653,0.0,0.19839877702230185,0.0
14.02,1.8909187616466054,0.0,0.30138701629043246,0.0,0.20077126133287831,0.0
14.022,1.892970594317887,0.0,0.3029015534760904,0.0,0.20311468664159793,0.0
14.024000000000001,1.8950261860055442,0.0,0.30441675602583224,0.0,0.20542905345664197,0.0
14.026,1.8970855255403283,0.0,0.3059325494552097,0.0,0.2077143634873458,0.0
14.028,1.8991486015754357,0.0,0.30744885941750716,0.0,0.20997061964129432,0.0
14.030000000000001,1.9012154025871355,0.0,0.3089656117066124,0.0,0.21219782602138876,0.0
14.032,1.9032859168754295,0.0,0.3104827322598828,0.0,0.2143959879228527,0.0
14.034,1.9053601325647018,0.0,0.3120001471609822,0.0,0.216565111830202,0.0
14.036,1.9074380376043836,0.0,0.313517782642721,0.0,0.21870520541416105,0.0
14.038,1.909519619769625,0.0,0.3150355650898842,0.0,0.22081627752854854,0.0
14.040000000000001,1.911604866661974,0.0,0.31655342104203954,0.0,0.22289833820708072,0.0
14.042,1.913693765710031,0.0,0.3180712771963326,0.0,0.2249513986601857,0.0
14.044,1.91578630417019,0.0,0.3195890604102902,0.0,0.22697547127170575,0.0
14.046000000000001,1.9178824691272869,0.0,0.3211066977045844,0.0,0.22897056959561746,0.0
14.048,1.9199822474953143,0.0,0.32262411626579746,0.0,0.230936708352668,0.0
14.05,1.9220856260181494,0.0,0.324141243449182,0.0,0.23287390342698278,0.0
14.052,1.924192591270235,0.0,0.32565800678139295,0.0,0.23478217186261624,0.0
14.054,1.926303129657337,0.0,0.32717433396321727,0.0,0.23666153186005995,0.0
14.056000000000001,1.928417227417237,0.0,0.3286901528722888,0.0,0.23851200277273077,0.0
14.058,1.930534870620503,0.0,0.330205391565789,0.0,0.2403336051033716,0.0
14.06,1.9326560451711807,0.0,0.3317199782831401,0.0,0.24212636050047598,0.0
14.062000000000001,1.9347807368075847,0.0,0.3332338414486739,0.0,0.243890291754581,0.0
14.064,1.936908931103031,0.0,0.3347469096742948,0.0,0.24562542279456917,0.0
14.066,1.9390406134665998,0.0,0.33625911176214623,0.0,0.24733177868395845,0.0
14.068,1.9411757691438793,0.0,0.3377703767072217,0.0,0.2490093856170823,0.0
14.07,1.9433143832177802,0.0,0.33928063370001066,0.0,0.2506582709152512,0.0
14.072000000000001,1.945456440609259,0.0,0.34078981212909193,0.0,0.2522784630229035,0.0
14.074,1.9476019260781445,0.0,0.3422978415837431,0.0,0.25386999150366285,0.0
14.076,1.949750824223897,0.0,0.34380465185651576,0.0,0.2554328870364153,0.0
14.078000000000001,1.9519031194864171,0.0,0.3453101729458051,0.0,0.2569671814112716,0.0
14.08,1.9540587961468352,0.0,0.3468143350584132,0.0,0.2584729075255473,0.0
14.082,1.9562178383283322,0.0,0.3483170686120738,0.0,0.25995009937967817,0.0
14.084,1.9583802299969268,0.0,0.3498183042380001,0.0,0.2613987920730968,0.0
14.086,1.9605459549623174,0.0,0.3513179727833853,0.0,0.2628190218000797,0.0
14.088000000000001,1.9627149968786821,0.0,0.3528160053139031,0.0,0.26421082584552946,0.0
14.09,1.9648873392455262,0.0,0.35431233311619803,0.0,0.265574242580739,0.0
14.092,1.9670629654085017,0.0,0.35580688770034863,0.0,0.26690931145910896,0.0
14.094,1.969241858560251,0.0,0.3572996008023308,0.0,0.2682160730118247,0.0
14.096,1.9714240017412632,0.0,0.35879040438646287,0.0,0.2694945688435062,0.0
14.098,1.973609377840689,0.0,0.36027923064781064,0.0,0.27074484162778806,0.0
14.1,1.9757979695972367,0.0,0.3617660120146246,0.0,0.27196693510289344,0.0
14.102,1.9779897596000133,0.0,0.3632506811507342,0.0,0.2731608940671664,0.0
14.104000000000001,1.9801847302893802,0.0,0.3647331709579128,0.0,0.27432676437454095,0.0
14.106,1.98238286395785,0.0,0.36621341457826473,0.0,0.2754645929299885,0.0
14.108,1.9845841427509368,0.0,0.3676913453965678,0.0,0.27657442768494067,0.0
14.11,1.9867885486680494,0.0,0.3691668970426122,0.0,0.27765631763264836,0.0
14.112,1.9889960635633928,0.0,0.37064000339352743,0.0,0.2787103128035302,0.0
14.114,1.991206669146822,0.0,0.37211059857608114,0.0,0.2797364642604587,0.0
14.116,1.9934203469847724,0.0,0.37357861696897815,0.0,0.2807348240940288,0.0
14.118,1.9956370785011417,0.0,0.37504399320513193,0.0,0.28170544541778453,0.0
14.120000000000001,1.997856844978215,0.0,0.3765066621739299,0.0,0.28264838236339945,0.0
14.122,2.0000796275575436,0.0,0.37796655902346743,0.0,0.28356369007584903,0.0
14.124,2.0023054072409048,0.0,0.37942361916279943,0.0,0.2844514247085164,0.0
14.126,2.004534164891179,0.0,0.3808777782641186,0.0,0.28531164341826953,0.0
14.128,2.0067658812333096,0.0,0.38232897226499496,0.0,0.28614440436052974,0.0
14.13,2.0090005368552033,0.0,0.38377713737052194,0.0,0.286949766684275,0.0
14.132,2.0112381122086895,0.0,0.3852222100554984,0.0,0.28772779052701863,0.0
14.134,2.0134785876104453,0.0,0.38666412706658004,0.0,0.2884785370097552,0.0
14.136000000000001,2.015721943242948,0.0,0.38810282542440544,0.0,0.2892020682318756,0.0
14.138,2.017968159155406,0.0,0.38953824242571344,0.0,0.2898984472660538,0.0
14.14,2.02021721526475,0.0,0.3909703156454574,0.0,0.2905677381530734,0.0
14.142,2.0224690913565215,0.0,0.39239898293886577,0.0,0.29121000589667057,0.0
14.144,2.024723767085924,0.0,0.39382418244353135,0.0,0.2918253164582725,0.0
14.146,2.0269812219786987,0.0,0.3952458525814526,0.0,0.29241373675179144,0.0
14.148,2.029241435432161,0.0,0.39666393206107,0.0,0.29297533463830594,0.0
14.15,2.0315043867161435,0.0,0.39807835987928564,0.0,0.2935101789207703,0.0
14.152000000000001,2.033770054973977,0.0,0.39948907532346795,0.0,0.2940183393386527,0.0
14.154,2.0360384192234817,0.0,0.400896017973422,0.0,0.2944998865625494,0.0
14.156,2.03830945835794,0.0,0.40229912770337645,0.0,0.29495489218881327,0.0
14.158,2.040583151147096,0.0,0.40369834468392163,0.0,0.2953834287340738,0.0
14.16,2.042859476238144,0.0,0.40509360938395644,0.0,0.29578556962980107,0.0
14.162,2.045138412156746,0.0,0.4064848625725822,0.0,0.29616138921676427,0.0
14.164,2.0474199373080015,0.0,0.40787204532102517,0.0,0.29651096273955013,0.0
14.166,2.0497040299774674,0.0,0.4092550990045129,0.0,0.29683436634099153,0.0
14.168000000000001,2.0519906683321825,0.0,0.4106339653041348,0.0,0.2971316770565541,0.0
14.17,2.0542798304216494,0.0,0.4120085862086899,0.0,0.29740297280876193,0.0
14.172,2.0565714941788893,0.0,0.41337890401652533,0.0,0.2976483324015161,0.0
14.174,2.0588656374214174,0.0,0.41474486133734145,0.0,0.2978678355144533,0.0
14.176,2.061162237852312,0.0,0.4161064010939979,0.0,0.29806156269723133,0.0
14.178,2.0634612730612023,0.0,0.41746346652428135,0.0,0.29822959536380694,0.0
14.18,2.065762720525331,0.0,0.41881600118266826,0.0,0.29837201578667344,0.0
14.182,2.068066557610568,0.0,0.42016394894207565,0.0,0.29848890709109255,0.0
14.184000000000001,2.0703727615724525,0.0,0.4215072539955774,0.0,0.29858035324928206,0.0
14.186,2.072681309557234,0.0,0.4228458608581187,0.0,0.29864643907458005,0.0
14.188,2.07499217860292,0.0,0.4241797143682071,0.0,0.298687250215598,0.0
14.19,2.0773053456403168,0.0,0.42550875968957136,0.0,0.2987028731503097,0.0
14.192,2.0796207874940937,0.0,0.4268329423128398,0.0,0.2986933951801697,0.0
14.194,2.081938480883803,0.0,0.4281522080571506,0.0,0.2986589044241707,0.0
14.196,2.0842584024249806,0.0,0.42946650307179035,0.0,0.29859948981287043,0.0
14.198,2.0865805286301686,0.0,0.43077577383778126,0.0,0.29851524108242666,0.0
14.200000000000001,2.088904835910002,0.0,0.43207996716947206,0.0,0.2984062487685766,0.0
14.202,2.091231300574244,0.0,0.43337903021609625,0.0,0.2982726042006204,0.0
14.204,2.093559898832898,0.0,0.43467291046333073,0.0,0.2981143994953463,0.0
14.206,2.095890606797235,0.0,0.4359615557348039,0.0,0.2979317275509717,0.0
14.208,2.0982234004808853,0.0,0.4372449141936169,0.0,0.29772468204103786,0.0
14.21,2.1005582558009315,0.0,0.4385229343438374,0.0,0.2974933574082724,0.0
14.212,2.10289514857894,0.0,0.4397955650319687,0.0,0.29723784885847426,0.0
14.214,2.1052340545420964,0.0,0.4410627554484035,0.0,0.2969582523543258,0.0
14.216000000000001,2.107574949324249,0.0,0.4423244551288661,0.0,0.29665466460921125,0.0
14.218,2.1099178084670127,0.0,0.44358061395581455,0.0,0.29632718308100303,0.0
14.22,2.112262607420859,0.0,0.4448311821598656,0.0,0.2959759059658444,0.0
14.222,2.1146093215461907,0.0,0.4460761103211527,0.0,0.29560093219189604,0.0
14.224,2.1169579261144538,0.0,0.4473153493707004,0.0,0.29520236141305495,0.0
14.226,2.119308396309217,0.0,0.44854885059176386,0.0,0.2947802940026826,0.0
14.228,2.121660707227285,0.0,0.449776565621154,0.0,0.29433483104728064,0.0
14.23,2.1240148338797864,0.0,0.45099844645055104,0.0,0.2938660743401731,0.0
14.232000000000001,2.126370751193275,0.0,0.4522144454277809,0.0,0.2933741263751565,0.0
14.234,2.1287284340108323,0.0,0.45342451525809,0.0,0.2928590903401415,0.0
14.236,2.131087857093188,0.0,0.4546286090053996,0.0,0.29232107011075126,0.0
14.238,2.133448995119805,0.0,0.45582668009352856,0.0,0.2917601702439408,0.0
14.24,2.1358118226900085,0.0,0.4570186823074217,0.0,0.29117649597157264,0.0
14.242,2.1381763143240855,0.0,0.4582045697943248,0.0,0.29057015319397295,0.0
14.244,2.140542444464398,0.0,0.45938429706496825,0.0,0.28994124847349356,0.0
14.246,2.142910187476505,0.0,0.46055781899472786,0.0,0.28928988902803,0.0
14.248000000000001,2.145279517650266,0.0,0.4617250908247588,0.0,0.28861618272455036,0.0
14.25,2.147650409200972,0.0,0.4628860681631112,0.0,0.2879202380725827,0.0
14.252,2.15002283627047,0.0,0.4640407069858348,0.0,0.28720216421769823,0.0
14.254,2.1523967729282507,0.0,0.4651889636380551,0.0,0.28646207093499937,0.0
14.256,2.1547721931726027,0.0,0.46633079483504175,0.0,0.28570006862256025,0.0
14.258000000000001,2.1571490709317476,0.0,0.4674661576632444,0.0,0.2849162682948473,0.0
14.26,2.159527380064901,0.0,0.4685950095813176,0.0,0.2841107815761985,0.0
14.262,2.1619070943634844,0.0,0.46971730842113085,0.0,0.2832837206941723,0.0
14.264000000000001,2.1642881875521844,0.0,0.47083301238874337,0.0,0.28243519847299464,0.0
14.266,2.1666706332901193,0.0,0.47194208006538846,0.0,0.28156532832691133,0.0
14.268,2.1690544051719343,0.0,0.4730444704083997,0.0,0.28067422425360805,0.0
14.27,2.171439476728994,0.0,0.47414014275216,0.0,0.2797620008274921,0.0
14.272,2.1738258214304413,0.0,0.4752290568089912,0.0,0.27882877319312144,0.0
14.274000000000001,2.176213412684374,0.0,0.4763111726700645,0.0,0.277874657058497,0.0
14.276,2.1786022238389675,0.0,0.47738645080624925,0.0,0.2768997686883989,0.0
14.278,2.1809922281836176,0.0,0.47845485206898647,0.0,0.27590422489769684,0.0
14.280000000000001,2.183383398950051,0.0,0.47951633769111446,0.0,0.2748881430446666,0.0
14.282,2.1857757093135004,0.0,0.4805708692876649,0.0,0.2738516410242538,0.0
14.284,2.1881691323938073,0.0,0.4816184088566919,0.0,0.27279483726139075,0.0
14.286,2.1905636412565537,0.0,0.4826589187800131,0.0,0.2717178507042686,0.0
14.288,2.1929592089142558,0.0,0.48369236182399156,0.0,0.270620800817554,0.0
14.290000000000001,2.19535580832744,0.0,0.4847187011402545,0.0,0.2695038075757017,0.0
14.292,2.197753412405804,0.0,0.4857379002664219,0.0,0.2683669914561748,0.0
14.294,2.200151994009379,0.0,0.48674992312680593,0.0,0.2672104734326726,0.0
14.296000000000001,2.202551525949619,0.0,0.4877547340330819,0.0,0.26603437496839644,0.0
14.298,2.2049519809906055,0.0,0.488752297684954,0.0,0.26483881800921716,0.0
14.3,2.207353331850123,0.0,0.489742579170796,0.0,0.26362392497694753,0.0
14.302,2.209755551200852,0.0,0.4907255439682754,0.0,0.26238981876250084,0.0
14.304,2.2121586116714815,0.0,0.49170115794495617,0.0,0.26113662271912697,0.0
14.306000000000001,2.214562485847846,0.0,0.49266938735887056,0.0,0.2598644606555973,0.0
14.308,2.216967146274092,0.0,0.49363019885910053,0.0,0.2585734568293814,0.0
14.31,2.2193725654537926,0.0,0.4945835594863162,0.0,0.2572637359398441,0.0
14.312000000000001,2.2217787158511118,0.0,0.49552943667329985,0.0,0.25593542312140916,0.0
14.314,2.2241855698919073,0.0,0.49646779824545145,0.0,0.25458864393676583,0.0
14.316,2.226593099964945,0.0,0.4973986124212826,0.0,0.2532235243699709,0.0
14.318,2.2290012784229334,0.0,0.4983218478128822,0.0,0.251840190819697,0.0
14.32,2.231410077583766,0.0,0.49923747342636987,0.0,0.250438770092318,0.0
14.322000000000001,2.233819469731601,0.0,0.5001454586623147,0.0,0.24901938939510693,0.0
14.324,2.236229427118005,0.0,0.5010457733161624,0.0,0.24758217632938773,0.0
14.326,2.2386399219631365,0.0,0.5019383875786086,0.0,0.24612725888365378,0.0
14.328000000000001,2.2410509264568144,0.0,0.5028232720359966,0.0,0.24465476542675918,0.0
14.33,2.2434624127597185,0.0,0.5037003976706491,0.0,0.24316482470102235,0.0
14.332,2.2458743530044964,0.0,0.5045697358612173,0.0,0.2416575658154027,0.0
14.334,2.2482867192969063,0.0,0.5054312583829881,0.0,0.24013311823861316,0.0
14.336,2.2506994837169505,0.0,0.5062849374081863,0.0,0.23859161179228683,0.0
14.338000000000001,2.253112618320024,0.0,0.5071307455062549,0.0,0.2370331766440889,0.0
14.34,2.2555260951380314,0.0,0.5079686556440994,0.0,0.2354579433008796,0.0
14.342,2.2579398861805178,0.0,0.5087986411863545,0.0,0.23386604260185107,0.0
14.344,2.2603539634358367,0.0,0.5096206758955768,0.0,0.23225760571163223,0.0
14.346,2.262768298872244,0.0,0.510434733932471,0.0,0.23063276411346745,0.0
14.348,2.265182864439056,0.0,0.5112407898560517,0.0,0.2289916496023287,0.0
14.35,2.267597632067738,0.0,0.5120388186238296,0.0,0.22733439427809043,0.0
14.352,2.270012573673107,0.0,0.5128287955919314,0.0,0.2256611305386123,0.0
14.354000000000001,2.272427661154372,0.0,0.513610696515256,0.0,0.22397199107295018,0.0
14.356,2.274842866396335,0.0,0.5143844975475601,0.0,0.22226710885444628,0.0
14.358,2.2772581612704723,0.0,0.5151501752415565,0.0,0.22054661713390894,0.0
14.36,2.279673517636073,0.0,0.5159077065489834,0.0,0.21881064943275524,0.0
14.362,2.282088907341363,0.0,0.5166570688206564,0.0,0.21705933953615653,0.0
14.364,2.2845043022246307,0.0,0.5173982398064992,0.0,0.21529282148619855,0.0
14.366,2.2869196741153313,0.0,0.518131197655559,0.0,0.2135112295750537,0.0
14.368,2.2893349948352206,0.0,0.5188559209160112,0.0,0.21171469833812928,0.0
14.370000000000001,2.291750236199463,0.0,0.5195723885351204,0.0,0.20990336254724362,0.0
14.372,2.2941653700177667,0.0,0.5202805798592096,0.0,0.20807735720379206,0.0
14.374,2.296580368095458,0.0,0.520980474633597,0.0,0.2062368175319455,0.0
14.376,2.298995202234637,0.0,0.5216720530025192,0.0,0.2043818789718066,0.0
14.378,2.3014098442352595,0.0,0.5223552955090417,0.0,0.20251267717261562,0.0
14.38,2.3038242658962647,0.0,0.5230301830949213,0.0,0.20062934798594012,0.0
14.382,2.3062384390166537,0.0,0.5236966971004952,0.0,0.19873202745888796,0.0
14.384,2.308652335396626,0.0,0.5243548192645257,0.0,0.19682085182729991,0.0
14.386000000000001,2.311065926838688,0.0,0.5250045317240158,0.0,0.19489595750894734,0.0
14.388,2.3134791851486938,0.0,0.5256458170140339,0.0,0.19295748109682148,0.0
14.39,2.315892082137025,0.0,0.5262786580675036,0.0,0.1910055593522771,0.0
14.392,2.318304589619631,0.0,0.5269030382149752,0.0,0.1890403291983353,0.0
14.394,2.3207166794191534,0.0,0.5275189411843886,0.0,0.18706192771288793,0.0
14.396,2.323128323365993,0.0,0.5281263511008106,0.0,0.18507049212198656,0.0
14.398,2.325539493299428,0.0,0.5287252524861531,0.0,0.183066159793073,0.0
14.4,2.327950161068691,0.0,0.5293156302588709,0.0,0.18104906822826916,0.0
14.402000000000001,2.3303602985340373,0.0,0.5298974697336609,0.0,0.1790193550576638,0.0
14.404,2.3327698775678654,0.0,0.5304707566211145,0.0,0.17697715803258274,0.0
14.406,2.335178870055773,0.0,0.5310354770273765,0.0,0.17492261501890177,0.0
14.408,2.3375872478976274,0.0,0.5315916174537693,0.0,0.1728558639903764,0.0
14.41,2.339994983008679,0.0,0.5321391647964155,0.0,0.17077704302192137,0.0
14.412,2.342402047320586,0.0,0.5326781063458164,0.0,0.1686862902829951,0.0
14.414,2.3448084127825286,0.0,0.5332084297864538,0.0,0.1665837440309026,0.0
14.416,2.347214051362255,0.0,0.5337301231963265,0.0,0.1644695426041704,0.0
14.418000000000001,2.3496189350471517,0.0,0.5342431750465108,0.0,0.16234382441591783,0.0
14.42,2.352023035845315,0.0,0.5347475742006733,0.0,0.16020672794722285,0.0
14.422,2.354426325786588,0.0,0.5352433099145933,0.0,0.1580583917405366,0.0
14.424,2.3568287769236433,0.0,0.5357303718356394,0.0,0.15589895439307233,0.0
14.426,2.3592303613330374,0.0,0.5362087500022473,0.0,0.15372855455021872,0.0
14.428,2.3616310511162517,0.0,0.5366784348433714,0.0,0.15154733089898936,0.0
14.43,2.364030818400715,0.0,0.5371394171779373,0.0,0.1493554221614799,0.0
14.432,2.366429635340926,0.0,0.537591688214249,0.0,0.14715296708827602,0.0
14.434000000000001,2.36882747411941,0.0,0.5380352395493992,0.0,0.14494010445199207,0.0
14.436,2.371224306947805,0.0,0.5384700631686459,0.0,0.14271697304072573,0.0
14.438,2.3736201060679183,0.0,0.5388961514448033,0.0,0.1404837116515456,0.0
14.44,2.3760148437526762,0.0,0.5393134971375815,0.0,0.13824045908407384,0.0
14.442,2.378408492307287,0.0,0.5397220933929164,0.0,0.13598735413392316,0.0
14.444,2.380801024070116,0.0,0.5401219337423054,0.0,0.13372453558636138,0.0
14.446,2.383192411413822,0.0,0.5405130121020973,0.0,0.131452142209797,0.0
14.448,2.385582626746345,0.0,0.5408953227727861,0.0,0.1291703127493769,0.0
14.450000000000001,2.3879716425119004,0.0,0.5412688604382753,0.0,0.12687918592061487,0.0
14.452,2.390359431192027,0.0,0.5416336201651379,0.0,0.12457890040297592,0.0
14.454,2.392745965306566,0.0,0.5419895974018385,0.0,0.12226959483353983,0.0
14.456,2.395131217414701,0.0,0.5423367879779635,0.0,0.11995140780062236,0.0
14.458,2.397515160115918,0.0,0.5426751881034356,0.0,0.11762447783748059,0.0
14.46,2.399897766051064,0.0,0.543004794367674,0.0,0.11528894341595297,0.0
14.462,2.4022790079032625,0.0,0.5433256037387915,0.0,0.1129449429402376,0.0
14.464,2.404658858399003,0.0,0.5436376135627277,0.0,0.1105926147405224,0.0
14.466000000000001,2.407037290309033,0.0,0.5439408215624084,0.0,0.1082320970668233,0.0
14.468,2.409414276449413,0.0,0.5442352258368478,0.0,0.10586352808268878,0.0
14.47,2.411789789682481,0.0,0.5445208248602804,0.0,0.10348704585898166,0.0
14.472,2.414163802917782,0.0,0.5447976174812215,0.0,0.10110278836774295,0.0
14.474,2.4165362891131292,0.0,0.5450656029215674,0.0,0.0987108934759165,0.0
14.476,2.4189072212754836,0.0,0.545324780775642,0.0,0.09631149893929475,0.0
14.478,2.421276572461988,0.0,0.5455751510092498,0.0,0.09390474239630076,0.0
14.48,2.423644315780871,0.0,0.5458167139586892,0.0,0.09149076136193246,0.0
14.482000000000001,2.426010424392476,0.0,0.5460494703297811,0.0,0.08906969322161296,0.0
14.484,2.428374871510126,0.0,0.5462734211968566,0.0,0.0866416752251799,0.0
14.486,2.43073763040115,0.0,0.5464885680017485,0.0,0.08420684448077709,0.0
14.488,2.4330986743877845,0.0,0.5466949125527429,0.0,0.08176533794886442,0.0
14.49,2.4354579768481344,0.0,0.5468924570235452,0.0,0.0793172924361848,0.0
14.492,2.437815511217077,0.0,0.5470812039522075,0.0,0.07686284458981701,0.0
14.494,2.44017125098727,0.0,0.547261156240052,0.0,0.07440213089114733,0.0
14.496,2.442525169709958,0.0,0.547432317150583,0.0,0.07193528765003038,0.0
14.498000000000001,2.4448772409960235,0.0,0.5475946903083746,0.0,0.06946245099876924,0.0
14.5,2.4472274385168293,0.0,0.5477482796979363,0.0,0.06698375688629393,0.0
14.502,2.4495757360051527,0.0,0.5478930896626009,0.0,0.06449934107226452,0.0
14.504,2.451922107256095,0.0,0.5480291249033478,0.0,0.06200933912124007,0.0
14.506,2.454266526127995,0.0,0.5481563904776446,0.0,0.05951388639685112,0.0
14.508000000000001,2.456608966543319,0.0,0.5482748917982714,0.0,0.057013118056002676,0.0
14.51,2.4589494024895626,0.0,0.5483846346321154,0.0,0.054507169043119474,0.0
14.512,2.4612878080201446,0.0,0.5484856250989655,0.0,0.05199617408438367,0.0
14.514000000000001,2.4636241572552966,0.0,0.5485778696702928,0.0,0.04948026768202035,0.0
14.516,2.465958424382933,0.0,0.5486613751680005,0.0,0.04695958410861206,0.0
14.518,2.468290583659558,0.0,0.5487361487631736,0.0,0.04443425740141149,0.0
14.52,2.470620609411087,0.0,0.5488021979748309,0.0,0.041904421356736665,0.0
14.522,2.472948476033793,0.0,0.5488595306686208,0.0,0.0393702095242881,0.0
14.524000000000001,2.475274157995084,0.0,0.5489081550555402,0.0,0.036831755201644,0.0
14.526,2.4775976298344338,0.0,0.5489480796906274,0.0,0.03428919142861708,0.0
14.528,2.479918866164195,0.0,0.5489793134716283,0.0,0.03174265098178097,0.0
14.530000000000001,2.482237841670446,0.0,0.5490018656376809,0.0,0.029192266368935293,0.0
14.532,2.4845545311138864,0.0,0.5490157457679536,0.0,0.026638169823601288,0.0
14.534,2.4868689093306013,0.0,0.5490209637802893,0.0,0.024080493299622086,0.0
14.536,2.4891809512329663,0.0,0.5490175299298296,0.0,0.0215193684656807,0.0
14.538,2.4914906318104144,0.0,0.5490054548076265,0.0,0.01895492669995691,0.0
14.540000000000001,2.493797926130312,0.0,0.5489847493392399,0.0,0.01638729908471065,0.0
14.542,2.4961028093387534,0.0,0.5489554247833397,0.0,0.013816616400964654,0.0
14.544,2.4984052566613895,0.0,0.5489174927302454,0.0,0.011243009123181213,0.0
14.546000000000001,2.5007052434041985,0.0,0.5488709651005287,0.0,0.008666607414014982,0.0
14.548,2.5030027449543466,0.0,0.5488158541435252,0.0,0.006087541119002227,0.0
14.55,2.5052977367809426,0.0,0.5487521724359037,0.0,0.0035059397613760312,0.0
14.552,2.507590194435847,0.0,0.5486799328801629,0.0,0.0009219325368691189,0.0
14.554,2.509880093554477,0.0,0.5485991487031461,0.0,-0.0016643516914723877,0.0
14.556000000000001,2.512167409856547,0.0,0.5485098334545578,0.0,-0.004252784398388443,0.0
14.558,2.514452119146894,0.0,0.5484120010054354,0.0,-0.006843237401553015,0.0
14.56,2.516734197316215,0.0,0.548305665546622,0.0,-0.009435582866610781,0.0
14.562000000000001,2.5190136203418727,0.0,0.5481908415872381,0.0,-0.012029693312251455,0.0
14.564,2.521290364288569,0.0,0.5480675439531343,0.0,-0.014625441615158774,0.0
14.566,2.523564405309245,0.0,0.5479357877853114,0.0,-0.017222701015102315,0.0
14.568,2.5258357196456878,0.0,0.5477955885383766,0.0,-0.019821345119773848,0.0
14.57,2.528104283629366,0.0,0.5476469619789367,0.0,-0.02242124790977379,0.0
14.572000000000001,2.5303700736821355,0.0,0.5474899241840061,0.0,-0.025022283743474705,0.0
14.574,2.5326330663169903,0.0,0.5473244915394136,0.0,-0.0276243273618898,0.0
14.576,2.5348932381387534,0.0,0.5471506807381711,0.0,-0.030227253893462203,0.0
14.578000000000001,2.5371505658448585,0.0,0.5469685087788486,0.0,-0.03283093885890481,0.0
14.58,2.5394050262259995,0.0,0.5467779929639331,0.0,-0.03543525817590165,0.0
14.582,2.541656596166928,0.0,0.5465791508981799,0.0,-0.038040088163905195,0.0
14.584,2.543905252647058,0.0,0.546372000486951,0.0,-0.04064530554874207,0.0
14.586,2.5461509727412484,0.0,0.5461565599345365,0.0,-0.04325078746734656,0.0
14.588000000000001,2.548393733620461,0.0,0.545932847742485,0.0,-0.04585641147235131,0.0
14.59,2.5506335125524533,0.0,0.545700882707891,0.0,-0.04846205553668087,0.0
14.592,2.5528702869024658,0.0,0.5454606839217059,0.0,-0.05106759805812139,0.0
14.594,2.5551040341339024,0.0,0.5452122707670214,0.0,-0.05367291786384509,0.0
14.596,2.557334731808973,0.0,0.5449556629173441,0.0,-0.056277894214881996,0.0
14.598,2.559562357589437,0.0,0.5446908803348411,0.0,-0.0588824068106269,0.0
14.6,2.561786889237146,0.0,0.5444179432686445,0.0,-0.06148633579318996,0.0
14.602,2.5640083046148074,0.0,0.5441368722530442,0.0,-0.06408956175185715,0.0
14.604000000000001,2.566226581686553,0.0,0.5438476881057562,0.0,-0.06669196572738656,0.0
14.606,2.568441698518662,0.0,0.5435504119261325,0.0,-0.06929342921639248,0.0
14.608,2.5706536332801013,0.0,0.5432450650933942,0.0,-0.071893834175553,0.0
14.61,2.572862364243238,0.0,0.5429316692648201,0.0,-0.07449306302592734,0.0
14.612,2.5750678697844145,0.0,0.5426102463739596,0.0,-0.07709099865712965,0.0
14.614,2.5772701283845945,0.0,0.5422808186288212,0.0,-0.07968752443153149,0.0
14.616,2.5794691186299463,0.0,0.5419434085100369,0.0,-0.08228252418837478,0.0
14.618,2.5816648192125022,0.0,0.541598038769049,0.0,-0.08487588224793413,0.0
14.620000000000001,2.583857208930684,0.0,0.5412447324262706,0.0,-0.08746748341552701,0.0
14.622,2.586046266689959,0.0,0.5408835127692349,0.0,-0.09005721298558927,0.0
14.624,2.5882319715034114,0.0,0.5405144033507346,0.0,-0.09264495674567397,0.0
14.626,2.5904143024923028,0.0,0.54013742798697,0.0,-0.09523060098038832,0.0
14.628,2.5925932388866753,0.0,0.5397526107556737,0.0,-0.09781403247535703,0.0
14.63,2.5947687600259215,0.0,0.5393599759942214,0.0,-0.10039513852109533,0.0
14.632,2.5969408453593115,0.0,0.5389595482977563,0.0,-0.10297380691685026,0.0
14.634,2.599109474446609,0.0,0.5385513525172739,0.0,-0.10554992597445528,0.0
14.636000000000001,2.601274626958569,0.0,0.5381354137577468,0.0,-0.10812338452207076,0.0
14.638,2.6034362826775053,0.0,0.5377117573761793,0.0,-0.11069407190794478,0.0
14.64,2.60559442149783,0.0,0.5372804089797201,0.0,-0.11326187800413451,0.0
14.642,2.6077490234266048,0.0,0.5368413944236992,0.0,-0.11582669321016215,0.0
14.644,2.6099000685840226,0.0,0.536394739809718,0.0,-0.1183884084566314,0.0
14.646,2.6120475372039573,0.0,0.5359404714837045,0.0,-0.1209469152088426,0.0
14.648,2.6141914096344867,0.0,0.5354786160339584,0.0,-0.12350210547035739,0.0
14.65,2.6163316663383815,0.0,0.5350092002891842,0.0,-0.12605387178649496,0.0
14.652000000000001,2.618468287893604,0.0,0.5345322513165548,0.0,-0.1286021072478209,0.0
14.654,2.620601254993813,0.0,0.5340477964197059,0.0,-0.1311467054935841,0.0
14.656,2.6227305484488697,0.0,0.5335558631367878,0.0,-0.13368756071515936,0.0
14.658,2.624856149185272,0.0,0.5330564792384667,0.0,-0.13622456765935131,0.0
14.66,2.6269780382466954,0.0,0.5325496727259323,0.0,-0.13875762163178817,0.0
14.662,2.629096196794381,0.0,0.5320354718289125,0.0,-0.14128661850013663,0.0
14.664,2.6312106061076883,0.0,0.5315139050036561,0.0,-0.14381145469743972,0.0
14.666,2.6333212475844947,0.0,0.5309850009309296,0.0,-0.1463320272252735,0.0
14.668000000000001,2.6354281027416584,0.0,0.5304487885140015,0.0,-0.1488482336569284,0.0
14.67,2.6375311532154435,0.0,0.5299052968766288,0.0,-0.1513599721405373,0.0
14.672,2.6396303807620347,0.0,0.5293545553610005,0.0,-0.15386714140222674,0.0
14.674,2.6417257672578573,0.0,0.5287965935257424,0.0,-0.1563696407490925,0.0
14.676,2.6438172947000775,0.0,0.5282314411438546,0.0,-0.1588673700722738,0.0
14.678,2.645904945207028,0.0,0.5276591282006631,0.0,-0.16136022984993198,0.0
14.68,2.6479887010185426,0.0,0.5270796848917968,0.0,-0.1638481211501423,0.0
14.682,2.6500685444964467,0.0,0.5264931416211004,0.0,-0.16633094563385237,0.0
14.684000000000001,2.6521444581249205,0.0,0.5258995289985927,0.0,-0.16880860555771793,0.0
14.686,2.6542164245108983,0.0,0.5252988778383985,0.0,-0.17128100377692523,0.0
14.688,2.6562844263844094,0.0,0.5246912191566813,0.0,-0.17374804374794883,0.0
14.69,2.6583484465990503,0.0,0.524076584169553,0.0,-0.1762096295313481,0.0
14.692,2.6604084681322973,0.0,0.5234550042910155,0.0,-0.17866566579444632,0.0
14.694,2.6624644740858465,0.0,0.5228265111308608,0.0,-0.18111605781394746,0.0
14.696,2.6645164476860344,0.0,0.5221911364925997,0.0,-0.1835607114786284,0.0
14.698,2.6665643722841748,0.0,0.5215489123713452,0.0,-0.18599953329189028,0.0
14.700000000000001,2.6686082313569,0.0,0.5208998709517305,0.0,-0.18843243037431273,0.0
14.702,2.670648008506474,0.0,0.520244044605815,0.0,-0.19085931046612442,0.0
14.704,2.6726836874611712,0.0,0.5195814658909593,0.0,-0.19328008192970758,0.0
14.706,2.674715252075571,0.0,0.5189121675477384,0.0,-0.19569465375199296,0.0
14.708,2.676742686330924,0.0,0.5182361824978083,0.0,-0.19810293554687197,0.0
14.71,2.6787659743354024,0.0,0.5175535438418045,0.0,-0.20050483755749865,0.0
14.712,2.680785100324468,0.0,0.5168642848572137,0.0,-0.20290027065862715,0.0
14.714,2.6828000486611168,0.0,0.5161684389962703,0.0,-0.20528914635885037,0.0
14.716000000000001,2.684810803836241,0.0,0.515466039883796,0.0,-0.20767137680284053,0.0
14.718,2.6868173504688566,0.0,0.5147571213151029,0.0,-0.21004687477351125,0.0
14.72,2.688819673306424,0.0,0.5140417172538416,0.0,-0.21241555369417692,0.0
14.722,2.690817757225077,0.0,0.5133198618298894,0.0,-0.21477732763061708,0.0
14.724,2.692811587229986,0.0,0.512591589337171,0.0,-0.2171321112932058,0.0
14.726,2.6948011484555003,0.0,0.5118569342315658,0.0,-0.2194798200388446,0.0
14.728,2.6967864261654997,0.0,0.511115931128731,0.0,-0.22182036987300052,0.0
14.73,2.6987674057535593,0.0,0.5103686148019864,0.0,-0.22415367745161008,0.0
14.732000000000001,2.7007440727433156,0.0,0.5096150201801257,0.0,-0.2264796600830251,0.0
14.734,2.7027164127885506,0.0,0.5088551823453097,0.0,-0.22879823572979327,0.0
14.736,2.70468441167354,0.0,0.5080891365308922,0.0,-0.23110932301054093,0.0
14.738,2.7066480553132175,0.0,0.5073169181192649,0.0,-0.23341284120171038,0.0
14.74,2.708607329753421,0.0,0.5065385626397158,0.0,-0.23570871023931575,0.0
14.742,2.710562221171073,0.0,0.5057541057662601,0.0,-0.2379968507206128,0.0
14.744,2.7125127158744076,0.0,0.5049635833154917,0.0,-0.2402771839057691,0.0
14.746,2.7144588003031718,0.0,0.5041670312444114,0.0,-0.24254963171948055,0.0
14.748000000000001,2.7164004610287855,0.0,0.5033644856482826,0.0,-0.24481411675251394,0.0
14.75,2.7183376847545504,0.0,0.5025559827584544,0.0,-0.24707056226326518,0.0
14.752,2.720270458315829,0.0,0.5017415589402052,0.0,-0.2493188921792455,0.0
14.754,2.7221987686802005,0.0,0.5009212506905741,0.0,-0.2515590310985024,0.0
14.756,2.7241226029476486,0.0,0.5000950946362027,0.0,-0.253790904291076,0.0
14.758000000000001,2.7260419483506713,0.0,0.49926312753116964,0.0,-0.2560144377003043,0.0
14.76,2.727956792254487,0.0,0.4984253862548188,0.0,-0.258229557944203,0.0
14.762,2.729867122157173,0.0,0.4975819078095838,0.0,-0.2604361923167297,0.0
14.764000000000001,2.7317729256897576,0.0,0.4967327293188497,0.0,-0.26263426878902035,0.0
14.766,2.7336741906163953,0.0,0.49587788802476207,0.0,-0.2648237160105997,0.0
14.768,2.7355709048344874,0.0,0.49501742128606174,0.0,-0.26700446331055505,0.0
14.77,2.7374630563747857,0.0,0.49415136657592157,0.0,-0.2691764406986362,0.0
14.772,2.7393506334015036,0.0,0.4932797614797978,0.0,-0.2713395788663492,0.0
14.774000000000001,2.7412336242124646,0.0,0.49240264369321685,0.0,-0.2734938091880119,0.0
14.776,2.7431120172391417,0.0,0.4915200510196588,0.0,-0.2756390637217203,0.0
14.778,2.7449858010467776,0.0,0.49063202136836614,0.0,-0.27777527521033,0.0
14.780000000000001,2.746854964334489,0.0,0.4897385927521787,0.0,-0.27990237708237636,0.0
14.782,2.74871949593531,0.0,0.48883980328537846,0.0,-0.2820203034529294,0.0
14.784,2.7505793848163242,0.0,0.4879356911815128,0.0,-0.2841289891244845,0.0
14.786,2.75243462007865,0.0,0.48702629475124853,0.0,-0.28622836958767855,0.0
14.788,2.754285190957572,0.0,0.48611165240019955,0.0,-0.28831838102211677,0.0
14.790000000000001,2.7561310868225757,0.0,0.4851918026267677,0.0,-0.2903989602970649,0.0
14.792,2.7579722971773712,0.0,0.48426678401998124,0.0,-0.2924700449720977,0.0
14.794,2.7598088116599846,0.0,0.4833366352573454,0.0,-0.29453157329779456,0.0
14.796000000000001,2.761640620042747,0.0,0.4824013951026773,0.0,-0.2965834842162707,0.0
14.798,2.7634677122323223,0.0,0.4814611024039721,0.0,-0.2986257173617567,0.0
14.8,2.765290078269819,0.0,0.48051579609119854,0.0,-0.30065821306114604,0.0
14.802,2.7671077083306517,0.0,0.47956551517422996,0.0,-0.3026809123343934,0.0
14.804,2.7689205927246987,0.0,0.4786102987406152,0.0,-0.30469375689502964,0.0
14.806000000000001,2.770728721896232,0.0,0.4776501859534811,0.0,-0.30669668915050396,0.0
14.808,2.772532086423928,0.0,0.47668521604937386,0.0,-0.30868965220255395,0.0
14.81,2.774330677020864,0.0,0.47571542833610975,0.0,-0.31067258984751694,0.0
14.812000000000001,2.776124484534503,0.0,0.4747408621906508,0.0,-0.31264544657660376,0.0
14.814,2.777913499946663,0.0,0.47376155705696976,0.0,-0.31460816757613563,0.0
14.816,2.779697714373513,0.0,0.47277755244388225,0.0,-0.3165606987277364,0.0
14.818,2.7814771190655283,0.0,0.47178888792295787,0.0,-0.3185029866084854,0.0
14.82,2.783251705407442,0.0,0.4707956031263748,0.0,-0.3204349784910424,0.0
14.822000000000001,2.7850214649181986,0.0,0.46979773774478484,0.0,-0.32235662234369356,0.0
14.824,2.7867863892509357,0.0,0.46879533152520714,0.0,-0.3242678668304294,0.0
14.826,2.7885464701928853,0.0,0.4677884242689009,0.0,-0.3261686613109066,0.0
14.828000000000001,2.790301699665336,0.0,0.46677705582925555,0.0,-0.3280589558404249,0.0
14.83,2.7920520697235442,0.0,0.46576126610967405,0.0,-0.3299387011698283,0.0
14.832,2.7937975725566804,0.0,0.46474109506146344,0.0,-0.3318078487454041,0.0
14.834,2.7955382004877496,0.0,0.4637165826817253,0.0,-0.3336663507087094,0.0
14.836,2.7972739459734624,0.0,0.46268776901127456,0.0,-0.3355141598963705,0.0
14.838000000000001,2.7990048016041786,0.0,0.46165469413253213,0.0,-0.33735122983984,0.0
14.84,2.800730760103808,0.0,0.4606173981674222,0.0,-0.3391775147651377,0.0
14.842,2.802451814329699,0.0,0.4595759212752881,0.0,-0.3409929695925308,0.0
14.844000000000001,2.8041679572725053,0.0,0.45853030365082864,0.0,-0.342797549936155,0.0
14.846,2.8058791820560836,0.0,0.45748058552198767,0.0,-0.34459121210363564,0.0
14.848,2.8075854819374007,0.0,0.45642680714789363,0.0,-0.34637391309568444,0.0
14.85,2.8092868503063406,0.0,0.4553690088168003,0.0,-0.34814561060558086,0.0
14.852,2.8109832806856363,0.0,0.4543072308439895,0.0,-0.3499062630186961,0.0
14.854000000000001,2.8126747667306766,0.0,0.4532415135697417,0.0,-0.3516558294119396,0.0
14.856,2.814361302229386,0.0,0.4521718973572587,0.0,-0.35339426955316244,0.0
14.858,2.81604288110206,0.0,0.4510984225906254,0.0,-0.355121543900558,0.0
14.86,2.817719497401206,0.0,0.4500211296727649,0.0,-0.3568376136019783,0.0
14.862,2.819391145311401,0.0,0.4489400590233711,0.0,-0.35854244049425177,0.0
14.864,2.8210578191491034,0.0,0.4478552510769091,0.0,-0.3602359871024539,0.0
14.866,2.8227195133624536,0.0,0.4467667462805668,0.0,-0.3619182166390973,0.0
14.868,2.8243762225311513,0.0,0.4456745850922258,0.0,-0.36358909300337766,0.0
14.870000000000001,2.8260279413662115,0.0,0.444578807978454,0.0,-0.36524858078027883,0.0
14.872,2.827674664709791,0.0,0.44347945541248873,0.0,-0.36689664523970766,0.0
14.874,2.829316387535027,0.0,0.4423765678722156,0.0,-0.3685332523355793,0.0
14.876,2.830953104945741,0.0,0.4412701858382035,0.0,-0.3701583687048349,0.0
14.878,2.8325848121763366,0.0,0.4401603497916721,0.0,-0.37177196166648474,0.0
14.88,2.834211504591522,0.0,0.4390471002125078,0.0,-0.37337399922053605,0.0
14.882,2.8358331776860943,0.0,0.43793047757729525,0.0,-0.37496445004695056,0.0
14.884,2.8374498270847197,0.0,0.43681052235734713,0.0,-0.3765432835045346,0.0
14.886000000000001,2.8390614485417074,0.0,0.43568727501671284,0.0,-0.37811046962979245,0.0
14.888,2.8406680379407883,0.0,0.4345607760102093,0.0,-0.3796659791357665,0.0
14.89,2.8422695912947966,0.0,0.433431065781512,0.0,-0.38120978341078826,0.0
14.892,2.8438661047455254,0.0,0.4322981847611446,0.0,-0.38274185451727516,0.0
14.894,2.845457574563433,0.0,0.4311621733645682,0.0,-0.38426216519043155,0.0
14.896,2.8470439971473156,0.0,0.43002307199025697,0.0,-0.38577068883689813,0.0
14.898,2.8486253690241408,0.0,0.42888092101774505,0.0,-0.3872673995334437,0.0
14.9,2.8502016868487594,0.0,0.4277357608056979,0.0,-0.3887522720255526,0.0
14.902000000000001,2.8517729474035716,0.0,0.42658763169003483,0.0,-0.39022528172599885,0.0
14.904,2.8533391475983043,0.0,0.4254365739819817,0.0,-0.391686404713385,0.0
14.906,2.8549002844697227,0.0,0.42428262796619715,0.0,-0.39313561773067157,0.0
14.908,2.8564563551813,0.0,0.423125833898874,0.0,-0.39457289818360686,0.0
14.91,2.8580073570229576,0.0,0.4219662320058467,0.0,-0.39599822413919944,0.0
14.912,2.8595532874107485,0.0,0.4208038624807299,0.0,-0.39741157432410856,0.0
14.914,2.8610941438865756,0.0,0.4196387654830308,0.0,-0.3988129281230073,0.0
14.916,2.8626299241178343,0.0,0.41847098113629905,0.0,-0.40020226557691996,0.0
14.918000000000001,2.864160625897164,0.0,0.4173005495262678,0.0,-0.4015795673815353,0.0
14.92,2.8656862471420266,0.0,0.41612751069903564,0.0,-0.402944814885442,0.0
14.922,2.8672067858945014,0.0,0.4149519046591764,0.0,-0.40429799008840844,0.0
14.924,2.868722240320866,0.0,0.4137737713679592,0.0,-0.4056390756395424,0.0
14.926,2.870232608711278,0.0,0.41259315074151404,0.0,-0.40696805483547815,0.0
14.928,2.8717378894794736,0.0,0.4114100826490044,0.0,-0.40828491161850927,0.0
14.93,2.8732380811623743,0.0,0.4102246069108436,0.0,-0.40958963057469044,0.0
14.932,2.874733182419753,0.0,0.40903676329689387,0.0,-0.410882196931899,0.0
14.934000000000001,2.8762231920339008,0.0,0.4078465915246775,0.0,-0.41216259655789145,0.0
14.936,2.877708108909238,0.0,0.4066541312576011,0.0,-0.4134308159582776,0.0
14.938,2.8791879320719342,0.0,0.4054594221032016,0.0,-0.41468684227452496,0.0
14.94,2.8806626606695995,0.0,0.4042625036113629,0.0,-0.41593066328188544,0.0
14.942,2.8821322939708582,0.0,0.40306341527256984,0.0,-0.4171622673872944,0.0
14.944,2.8835968313650002,0.0,0.40186219651619554,0.0,-0.41838164362728014,0.0
14.946,2.8850562723615445,0.0,0.4006588867087505,0.0,-0.4195887816657684,0.0
14.948,2.886510616589951,0.0,0.3994535251521315,0.0,-0.4207836717919423,0.0
14.950000000000001,2.887959863799117,0.0,0.3982461510819651,0.0,-0.4219663049179866,0.0
14.952,2.8894040138570536,0.0,0.3970368036658789,0.0,-0.42313667257687865,0.0
14.954,2.890843066750455,0.0,0.3958255220017787,0.0,-0.4242947669200795,0.0
14.956,2.8922770225842993,0.0,0.39461234511622295,0.0,-0.4254405807152497,0.0
14.958,2.893705881581459,0.0,0.39339731196268235,0.0,-0.4265741073439125,0.0
14.96,2.8951296440822327,0.0,0.3921804614199482,0.0,-0.4276953407990713,0.0
14.962,2.896548310543972,0.0,0.3909618322904149,0.0,-0.4288042756828239,0.0
14.964,2.897961881540664,0.0,0.389741463298455,0.0,-0.429900907203945,0.0
14.966000000000001,2.8993703577624497,0.0,0.38851939308882383,0.0,-0.43098523117541737,0.0
14.968,2.900773740015266,0.0,0.3872956602249493,0.0,-0.4320572440119491,0.0
14.97,2.902172029220348,0.0,0.38607030318741725,0.0,-0.43311694272748014,0.0
14.972,2.903565226413812,0.0,0.384843360372295,0.0,-0.4341643249326082,0.0
14.974,2.9049533327462247,0.0,0.3836148700895613,0.0,-0.4351993888320566,0.0
14.976,2.906336349482135,0.0,0.3823848705615347,0.0,-0.43622213322204223,0.0
14.978,2.9077142779996272,0.0,0.3811533999212868,0.0,-0.4372325574876753,0.0
14.98,2.9090871197898722,0.0,0.3799204962110707,0.0,-0.4382306616002886,0.0
14.982000000000001,2.9104548764566505,0.0,0.3786861973808062,0.0,-0.43921644611476907,0.0
14.984,2.911817549715923,0.0,0.37745054128648725,0.0,-0.4401899121668379,0.0
14.986,2.9131751413953006,0.0,0.37621356568870695,0.0,-0.4411510614703233,0.0
14.988,2.9145276534336437,0.0,0.37497530825109243,0.0,-0.4420998963143982,0.0
14.99,2.9158750878805444,0.0,0.37373580653881994,0.0,-0.4430364195607821,0.0
14.992,2.917217446895838,0.0,0.37249509801711933,0.0,-0.4439606346409296,0.0
14.994,2.918554732749165,0.0,0.3712532200497726,0.0,-0.44487254555319705,0.0
14.996,2.919886947819428,0.0,0.37001020989765626,0.0,-0.44577215685996346,0.0
14.998000000000001,2.921214094594345,0.0,0.36876610471726035,0.0,-0.4466594736847429,0.0
15.0,2.9225361756699413,0.0,0.3675209415592543,0.0,-0.4475345017092569,0.0
15.002,2.9238531937500443,0.0,0.3662747573670199,0.0,-0.44839724717050117,0.0
15.004,2.9251651516457833,0.0,0.3650275889752569,0.0,-0.4492477168577724,0.0
15.006,2.926472052275087,0.0,0.3637794731085359,0.0,-0.45008591810966553,0.0
15.008000000000001,2.9277738986621777,0.0,0.3625304463799016,0.0,-0.45091185881106605,0.0
15.01,2.9290706939370645,0.0,0.36128054528947495,0.0,-0.45172554739009724,0.0
15.012,2.930362441335014,0.0,0.3600298062230676,0.0,-0.45252699281505787,0.0
15.014000000000001,2.931649144196037,0.0,0.358778265450817,0.0,-0.4533162045913304,0.0
15.016,2.9329308059643733,0.0,0.3575259591258256,0.0,-0.4540931927582624,0.0
15.018,2.934207430187941,0.0,0.3562729232828093,0.0,-0.4548579678860256,0.0
15.02,2.9354790205178656,0.0,0.3550191938367431,0.0,-0.45561054107246196,0.0
15.022,2.936745580707877,0.0,0.35376480658157866,0.0,-0.45635092393989724,0.0
15.024000000000001,2.9380071146138134,0.0,0.35250979718889064,0.0,-0.45707912863191835,0.0
15.026,2.9392636261930867,0.0,0.3512542012065969,0.0,-0.4577951678101653,0.0
15.028,2.9405151195041204,0.0,0.3499980540576697,0.0,-0.4584990546510611,0.0
15.030000000000001,2.9417615987058303,0.0,0.3487413910388436,0.0,-0.45919080284254965,0.0
15.032,2.943003068057053,0.0,0.3474842473193701,0.0,-0.45987042658079225,0.0
15.034,2.9442395319160024,0.0,0.3462266579397626,0.0,-0.46053794056684705,0.0
15.036,2.9454709947397446,0.0,0.34496865781052943,0.0,-0.46119336000333827,0.0
15.038,2.946697461083572,0.0,0.34371028171100226,0.0,-0.4618367005910938,0.0
15.040000000000001,2.947918935600549,0.0,0.3424515642880599,0.0,-0.4624679785257623,0.0
15.042,2.949135423040832,0.0,0.341192540054974,0.0,-0.4630872104944064,0.0
15.044,2.9503469282512187,0.0,0.3399332433901763,0.0,-0.4636944136720937,0.0
15.046000000000001,2.9515534561744667,0.0,0.3386737085361396,0.0,-0.4642896057184494,0.0
15.048,2.9527550118488537,0.0,0.3374139695981355,0.0,-0.4648728047741923,0.0
15.05,2.953951600407481,0.0,0.3361540605431478,0.0,-0.4654440294576521,0.0
15.052,2.9551432270777687,0.0,0.33489401519870643,0.0,-0.4660032988612821,0.0
15.054,2.9563298971808543,0.0,0.33363386725176947,0.0,-0.46655063254812257,0.0
15.056000000000001,2.9575116161310357,0.0,0.3323736502475908,0.0,-0.46708605054828023,0.0
15.058,2.958688389435159,0.0,0.33111339758864056,0.0,-0.467609573355356,0.0
15.06,2.9598602226920665,0.0,0.32985314253349807,0.0,-0.468121221922888,0.0
15.062000000000001,2.9610271215919712,0.0,0.32859291819578995,0.0,-0.468621017660739,0.0
15.064,2.9621890919158798,0.0,0.3273327575431372,0.0,-0.4691089824315024,0.0
15.066,2.963346139535021,0.0,0.3260726933960783,0.0,-0.4695851385468775,0.0
15.068,2.964498270410236,0.0,0.32481275842704743,0.0,-0.47004950876400475,0.0
15.07,2.9656454905913936,0.0,0.3235529851593476,0.0,-0.47050211628182015,0.0
15.072000000000001,2.9667878062167548,0.0,0.32229340596615846,0.0,-0.4709429847373796,0.0
15.074,2.967925223512398,0.0,0.32103405306951993,0.0,-0.4713721382021553,0.0
15.076,2.9690577487916476,0.0,0.3197749585393356,0.0,-0.4717896011783259,0.0
15.078000000000001,2.9701853884544236,0.0,0.31851615429243696,0.0,-0.47219539859505916,0.0
15.08,2.9713081489866524,0.0,0.31725767209159034,0.0,-0.4725895558047555,0.0
15.082,2.9724260369596154,0.0,0.31599954354460325,0.0,-0.4729720985793091,0.0
15.084,2.973539059029434,0.0,0.3147418001033162,0.0,-0.473343053106315,0.0
15.086,2.9746472219363533,0.0,0.3134844730627751,0.0,-0.4737024459853065,0.0
15.088000000000001,2.9757505325042364,0.0,0.3122275935602285,0.0,-0.4740503042239298,0.0
15.09,2.976848997639787,0.0,0.31097119257435923,0.0,-0.47438665523414625,0.0
15.092,2.977942624332147,0.0,0.3097153009242558,0.0,-0.47471152682838574,0.0
15.094000000000001,2.9790314196520815,0.0,0.30845994926869275,0.0,-0.47502494721572075,0.0
15.096,2.980115390751446,0.0,0.3072051681051976,0.0,-0.4753269449980003,0.0
15.098,2.9811945448625834,0.0,0.30595098776922164,0.0,-0.47561754916598487,0.0
15.1,2.982268889297651,0.0,0.30469743843334635,0.0,-0.4758967890954516,0.0
15.102,2.983338431448012,0.0,0.30344455010644533,0.0,-0.47616469454332017,0.0
15.104000000000001,2.984403178783618,0.0,0.30219235263290056,0.0,-0.4764212956437253,0.0
15.106,2.985463138852349,0.0,0.3009408756918277,0.0,-0.47666662290410877,0.0
15.108,2.9865183192794604,0.0,0.29969014879627065,0.0,-0.47690070720128097,0.0
15.11,2.9875687277668392,0.0,0.29844020129249743,0.0,-0.477123579777486,0.0
15.112,2.988614372092449,0.0,0.2971910623592315,0.0,-0.477335272236445,0.0
15.114,2.989655260109684,0.0,0.2959427610069132,0.0,-0.47753581653938265,0.0
15.116,2.990691399746716,0.0,0.2946953260770037,0.0,-0.4777252450010624,0.0
15.118,2.9917227990058772,0.0,0.29344878624127824,0.0,-0.47790359028579843,0.0
15.120000000000001,2.9927494659629956,0.0,0.29220317000114615,0.0,-0.4780708854034581,0.0
15.122,2.9937714087667864,0.0,0.290958505686963,0.0,-0.47822716370545154,0.0
15.124,2.9947886356381934,0.0,0.2897148214573759,0.0,-0.4783724588807208,0.0
15.126,2.9958011548697616,0.0,0.2884721452986931,0.0,-0.478506804951722,0.0
15.128,2.996808974824974,0.0,0.28723050502422975,0.0,-0.4786302362703722,0.0
15.13,2.997812103937621,0.0,0.28598992827371894,0.0,-0.47874278751403676,0.0
15.132,2.9988105507111897,0.0,0.28475044251266135,0.0,-0.4788444936814455,0.0
15.134,2.9998043237181564,0.0,0.2835120750317814,0.0,-0.47893539008865615,0.0
15.136000000000001,3.0007934315993934,0.0,0.2822748529464245,0.0,-0.4790155123649755,0.0
15.138,3.0017778830634634,0.0,0.28103880319602015,0.0,-0.47908489644890123,0.0
15.14,3.0027576868860577,0.0,0.2798039525434992,0.0,-0.47914357858402057,0.0
15.142,3.0037328519093074,0.0,0.27857032757476596,0.0,-0.4791915953149282,0.0
15.144,3.0047033870411046,0.0,0.277337954698202,0.0,-0.4792289834831364,0.0
15.146,3.0056693012544824,0.0,0.2761068601441476,0.0,-0.47925578022297466,0.0
15.148,3.0066306035869577,0.0,0.2748770699644031,0.0,-0.4792720229574692,0.0
15.15,3.0075873031399714,0.0,0.273648610031719,0.0,-0.4792777493942342,0.0
15.152000000000001,3.0085394090780424,0.0,0.27242150603941406,0.0,-0.47927299752135843,0.0
15.154,3.0094869306282996,0.0,0.27119578350083984,0.0,-0.4792578056032807,0.0
15.156,3.010429877079734,0.0,0.26997146774898634,0.0,-0.4792322121766451,0.0
15.158,3.0113682577826344,0.0,0.2687485839360248,0.0,-0.47919625604617483,0.0
15.16,3.0123020821477984,0.0,0.2675271570329681,0.0,-0.4791499762805495,0.0
15.162,3.0132313596460394,0.0,0.2663072118291772,0.0,-0.4790934122082263,0.0
15.164,3.014156099807415,0.0,0.26508877293206085,0.0,-0.4790266034133206,0.0
15.166,3.015076312220638,0.0,0.26387186476666563,0.0,-0.4789495897314535,0.0
15.168000000000001,3.0159920065324077,0.0,0.262656511575326,0.0,-0.47886241124557466,0.0
15.17,3.016903192446752,0.0,0.26144273741734314,0.0,-0.4787651082818321,0.0
15.172,3.0178098797243926,0.0,0.2602305661686333,0.0,-0.4786577214053931,0.0
15.174,3.0187120781820673,0.0,0.2590200215214322,0.0,-0.47854029141629356,0.0
15.176,3.0196097976918845,0.0,0.2578111269840093,0.0,-0.4784128593452654,0.0
15.178,3.0205030481807587,0.0,0.25660390588031357,0.0,-0.4782754664495597,0.0
15.18,3.021391839629584,0.0,0.25539838134981313,0.0,-0.47812815420880883,0.0
15.182,3.0222761820727415,0.0,0.25419457634714554,0.0,-0.47797096432082287,0.0
15.184000000000001,3.02315608559739,0.0,0.252992513641912,0.0,-0.4778039386974274,0.0
15.186,3.024031560342772,0.0,0.25179221581846256,0.0,-0.47762711946031466,0.0
15.188,3.0249026164996895,0.0,0.25059370527561686,0.0,-0.4774405489368282,0.0
15.19,3.025769264309701,0.0,0.24939700422655506,0.0,-0.4772442696558275,0.0
15.192,3.0266315140645634,0.0,0.24820213469855748,0.0,-0.47703832434349785,0.0
15.194,3.0274893761055983,0.0,0.24700911853286053,0.0,-0.4768227559191812,0.0
15.196,3.028342860822957,0.0,0.24581797738449274,0.0,-0.47659760749119856,0.0
15.198,3.0291919786551103,0.0,0.2446287327220999,0.0,-0.47636292235268124,0.0
15.200000000000001,3.0300367400880486,0.0,0.2434414058278638,0.0,-0.47611874397740006,0.0
15.202,3.030877155654721,0.0,0.24225601779736156,0.0,-0.47586511601561243,0.0
15.204,3.0317132359343995,0.0,0.24107258953943372,0.0,-0.47560208228986856,0.0
15.206,3.0325449915520126,0.0,0.239891141776111,0.0,-0.4753296867908546,0.0
15.208,3.033372433177485,0.0,0.23871169504254813,0.0,-0.4750479736732417,0.0
15.21,3.034195571525133,0.0,0.2375342696869429,0.0,-0.47475698725150695,0.0
15.212,3.0350144173529605,0.0,0.23635888587050233,0.0,-0.47445677199579706,0.0
15.214,3.035828981462117,0.0,0.2351855635673664,0.0,-0.4741473725277487,0.0
15.216000000000001,3.0366392746961397,0.0,0.2340143225646435,0.0,-0.4738288336163684,0.0
15.218,3.0374453079404238,0.0,0.23284518246234004,0.0,-0.4735012001738458,0.0
15.22,3.03824709212154,0.0,0.23167816267338392,0.0,-0.4731645172514252,0.0
15.222,3.039044638206536,0.0,0.2305132824236783,0.0,-0.4728188300352978,0.0
15.224,3.0398379572024163,0.0,0.22935056075207322,0.0,-0.4724641838424135,0.0
15.226,3.040627060155425,0.0,0.2281900165104385,0.0,-0.47210062411638704,0.0
15.228,3.041411958150442,0.0,0.22703166836372454,0.0,-0.47172819642335023,0.0
15.23,3.042192662310342,0.0,0.22587553479002614,0.0,-0.4713469464478566,0.0
15.232000000000001,3.042969183795383,0.0,0.22472163408065188,0.0,-0.4709569199887354,0.0
15.234,3.043741533802559,0.0,0.22356998434023445,0.0,-0.4705581629550003,0.0
15.236,3.0445097235649756,0.0,0.2224206034868418,0.0,-0.47015072136174413,0.0
15.238,3.045273764351193,0.0,0.2212735092521103,0.0,-0.4697346413260551,0.0
15.24,3.0460336674646995,0.0,0.22012871918133958,0.0,-0.4693099690628809,0.0
15.242,3.0467894442431542,0.0,0.21898625063369023,0.0,-0.46887675088101066,0.0
15.244,3.0475411060578796,0.0,0.217846120782324,0.0,-0.4684350331789411,0.0
15.246,3.048288664313159,0.0,0.21670834661457436,0.0,-0.4679848624408401,0.0
15.248000000000001,3.049032130445669,0.0,0.2155729449321454,0.0,-0.4675262852324787,0.0
15.25,3.049771515923858,0.0,0.21443993235130865,0.0,-0.4670593481971666,0.0
15.252,3.0505068322472986,0.0,0.21330932530311844,0.0,-0.46658409805171797,0.0
15.254,3.0512380909461023,0.0,0.21218114003363847,0.0,-0.46610058158241374,0.0
15.256,3.051965303580295,0.0,0.21105539260418504,0.0,-0.46560884564097316,0.0
15.258000000000001,3.0526884817392257,0.0,0.20993209889158582,0.0,-0.4651089371405297,0.0
15.26,3.0534076370409404,0.0,0.20881127458841986,0.0,-0.46460090305162105,0.0
15.262,3.054122781131576,0.0,0.20769293520332738,0.0,-0.4640847903981932,0.0
15.264000000000001,3.054833925684729,0.0,0.2065770960613053,0.0,-0.4635606462536318,0.0
15.266,3.055541082400956,0.0,0.20546377230396418,0.0,-0.4630285177367236,0.0
15.268,3.0562442630070468,0.0,0.20435297888989562,0.0,-0.46248845200774047,0.0
15.27,3.056943479255519,0.0,0.20324473059496753,0.0,-0.46194049626444555,0.0
15.272,3.057638742923935,0.0,0.20213904201269933,0.0,-0.46138469773818397,0.0
15.274000000000001,3.058330065814417,0.0,0.2010359275545802,0.0,-0.4608211036898949,0.0
15.276,3.05901745975294,0.0,0.19993540145047742,0.0,-0.46024976140623314,0.0
15.278,3.059700936588859,0.0,0.19883747774895236,0.0,-0.4596707181955978,0.0
15.280000000000001,3.0603805081942146,0.0,0.19774217031773036,0.0,-0.45908402138429627,0.0
15.282,3.061056186463217,0.0,0.19664949284404165,0.0,-0.4584897183125962,0.0
15.284,3.0617279833116373,0.0,0.19555945883507295,0.0,-0.45788785633087886,0.0
15.286,3.0623959106762304,0.0,0.19447208161838161,0.0,-0.45727848279576444,0.0
15.288,3.0630599805141605,0.0,0.19338737434233633,0.0,-0.45666164506624707,0.0
15.290000000000001,3.0637202048024266,0.0,0.1923053499765695,0.0,-0.45603739049987047,0.0
15.292,3.0643765955373,0.0,0.19122602131245,0.0,-0.4554057664488918,0.0
15.294,3.0650291647336987,0.0,0.1901494009635564,0.0,-0.4547668202564852,0.0
15.296000000000001,3.065677924424717,0.0,0.18907550136614837,0.0,-0.45412059925289905,0.0
15.298,3.066322886660959,0.0,0.1880043347797072,0.0,-0.4534671507517297,0.0
15.3,3.066964063510067,0.0,0.1869359132873876,0.0,-0.45280652204609234,0.0
15.302,3.067601467056066,0.0,0.18587024879661715,0.0,-0.4521387604049144,0.0
15.304,3.0682351093989086,0.0,0.18480735303955043,0.0,-0.4514639130691481,0.0
15.306000000000001,3.0688650026538484,0.0,0.1837472375736849,0.0,-0.4507820272480759,0.0
15.308,3.0694911589508918,0.0,0.18268991378237834,0.0,-0.45009315011559387,0.0
15.31,3.0701135904343033,0.0,0.1816353928754367,0.0,-0.4493973288064925,0.0
15.312000000000001,3.070732309261985,0.0,0.18058368588969775,0.0,-0.4486946104128158,0.0
15.314,3.0713473276050283,0.0,0.17953480368959038,0.0,-0.44798504198013195,0.0
15.316,3.071958657647033,0.0,0.1784887569678153,0.0,-0.44726867050398633,0.0
15.318,3.0725663115837367,0.0,0.17744555624585723,0.0,-0.4465455429261539,0.0
15.32,3.073170301622343,0.0,0.17640521187470393,0.0,-0.44581570613111277,0.0
15.322000000000001,3.073770639981074,0.0,0.1753677340354296,0.0,-0.4450792069423928,0.0
15.324,3.074367338888627,0.0,0.17433313273985368,0.0,-0.4443360921190076,0.0
15.326,3.0749604105835875,0.0,0.1733014178312322,0.0,-0.44358640835192575,0.0
15.328000000000001,3.075549867313976,0.0,0.17227259898489217,0.0,-0.44283020226047776,0.0
15.33,3.076135721336738,0.0,0.1712466857089074,0.0,-0.44206752038882874,0.0
15.332,3.0767179849171553,0.0,0.17022368734483748,0.0,-0.44129840920250535,0.0
15.334,3.077296670328406,0.0,0.16920361306838522,0.0,-0.4405229150848676,0.0
15.336,3.0778717898510184,0.0,0.1681864718901317,0.0,-0.43974108433364817,0.0
15.338000000000001,3.0784433557723534,0.0,0.16717227265625578,0.0,-0.43895296315751225,0.0
15.34,3.0790113803861665,0.0,0.16616102404926647,0.0,-0.43815859767256526,0.0
15.342,3.0795758759920018,0.0,0.16515273458876845,0.0,-0.43735803389903216,0.0
15.344000000000001,3.080136854894803,0.0,0.16414741263218327,0.0,-0.4365513177577551,0.0
15.346,3.08069432940436,0.0,0.16314506637554047,0.0,-0.4357384950668866,0.0
15.348,3.081248311834833,0.0,0.16214570385424526,0.0,-0.43491961153849507,0.0
15.35,3.081798814504263,0.0,0.16114933294387143,0.0,-0.43409471277524786,0.0
15.352,3.0823458497341107,0.0,0.16015596136094618,0.0,-0.43326384426707076,0.0
15.354000000000001,3.08288942984874,0.0,0.15916559666376925,0.0,-0.43242705138786885,0.0
15.356,3.0834295671749907,0.0,0.1581782462532185,0.0,-0.4315843793922333,0.0
15.358,3.0839662740416305,0.0,0.15719391737359378,0.0,-0.43073587341221686,0.0
15.36,3.0844995627790266,0.0,0.15621261711340695,0.0,-0.429881578454022,0.0
15.362,3.0850294457184932,0.0,0.15523435240630723,0.0,-0.4290215393948902,0.0
15.364,3.0855559351919757,0.0,0.15425913003185981,0.0,-0.42815580097983874,0.0
15.366,3.0860790435315453,0.0,0.15328695661645195,0.0,-0.4272844078184963,0.0
15.368,3.086598783068971,0.0,0.15231783863414106,0.0,-0.4264074043819538,0.0
15.370000000000001,3.0871151661352,0.0,0.15135178240756839,0.0,-0.42552483499967353,0.0
15.372,3.0876282050599655,0.0,0.15038879410885203,0.0,-0.42463674385635525,0.0
15.374,3.088137912171379,0.0,0.1494288797604233,0.0,-0.42374317498880865,0.0
15.376,3.0886442997953902,0.0,0.14847204523605442,0.0,-0.4228441722830044,0.0
15.378,3.0891473802554796,0.0,0.14751829626165078,0.0,-0.42193977947089867,0.0
15.38,3.0896471658721123,0.0,0.1465676384162785,0.0,-0.4210300401275326,0.0
15.382,3.0901436689623694,0.0,0.1456200771330688,0.0,-0.4201149976679897,0.0
15.384,3.090636901839523,0.0,0.14467561770014598,0.0,-0.41919469534442605,0.0
15.386000000000001,3.0911268768126248,0.0,0.14373426526159624,0.0,-0.41826917624312104,0.0
15.388,3.091613606186045,0.0,0.1427960248184492,0.0,-0.4173384832815912,0.0
15.39,3.0920971022591237,0.0,0.1418609012296333,0.0,-0.4164026592056543,0.0
15.392,3.0925773773257306,0.0,0.1409288992129478,0.0,-0.41546174658655965,0.0
15.394,3.0930544436738407,0.0,0.14000002334608036,0.0,-0.414515787818175,0.0
15.396,3.0935283135852103,0.0,0.13907427806756884,0.0,-0.4135648251141021,0.0
15.398,3.093998999334866,0.0,0.13815166767785442,0.0,-0.4126089005049575,0.0
15.4,3.094466513190874,0.0,0.13723219634022948,0.0,-0.4116480558354737,0.0
15.402000000000001,3.0949308674137557,0.0,0.13631586808194712,0.0,-0.41068233276191674,0.0
15.404,3.0953920742563135,0.0,0.1354026867951506,0.0,-0.40971177274917964,0.0
15.406,3.095850145963091,0.0,0.13449265623799342,0.0,-0.40873641706822234,0.0
15.408,3.096305094770074,0.0,0.1335857800356509,0.0,-0.4077563067933284,0.0
15.41,3.0967569329043254,0.0,0.13268206168135802,0.0,-0.4067714827994607,0.0
15.412,3.0972056725835553,0.0,0.13178150453752446,0.0,-0.4057819857596838,0.0
15.414,3.0976513260158827,0.0,0.1308841118367218,0.0,-0.4047878561424747,0.0
15.416,3.0980939053993426,0.0,0.12998988668282804,0.0,-0.4037891342092404,0.0
15.418000000000001,3.0985334229216255,0.0,0.12909883205208375,0.0,-0.40278586001173045,0.0
15.42,3.0989698907596783,0.0,0.12821095079418157,0.0,-0.40177807338953003,0.0
15.422,3.099403321079415,0.0,0.12732624563335687,0.0,-0.4007658139675402,0.0
15.424,3.099833726035323,0.0,0.12644471916951183,0.0,-0.3997491211535543,0.0
15.426,3.100261117770136,0.0,0.12556637387931854,0.0,-0.3987280341357988,0.0
15.428,3.1006855084145633,0.0,0.12469121211729982,0.0,-0.3977025918804862,0.0
15.43,3.101106910086877,0.0,0.12381923611702725,0.0,-0.3966728331294991,0.0
15.432,3.1015253348926564,0.0,0.12295044799218367,0.0,-0.39563879639797594,0.0
15.434000000000001,3.101940794924428,0.0,0.12208484973774457,0.0,-0.3946005199720143,0.0
15.436,3.1023533022614354,0.0,0.1212224432310863,0.0,-0.39355804190630295,0.0
15.438,3.1027628689691666,0.0,0.12036323023316925,0.0,-0.3925114000219675,0.0
15.44,3.103169507099255,0.0,0.11950721238966897,0.0,-0.391460631904186,0.0
15.442,3.103573228689025,0.0,0.11865439123215706,0.0,-0.39040577490006395,0.0
15.444,3.1039740457612455,0.0,0.117804768179267,0.0,-0.3893468661164188,0.0
15.446,3.1043719703239043,0.0,0.1169583445378381,0.0,-0.3882839424175602,0.0
15.448,3.1047670143698083,0.0,0.11611512150415117,0.0,-0.3872170404232529,0.0
15.450000000000001,3.1051591898763977,0.0,0.1152751001650656,0.0,-0.3861461965065283,0.0
15.452,3.1055485088054193,0.0,0.11443828149923273,0.0,-0.3850714467916446,0.0
15.454,3.1059349831026686,0.0,0.11360466637829807,0.0,-0.3839928271520331,0.0
15.456,3.1063186246977463,0.0,0.11277425556807621,0.0,-0.3829103732082436,0.0
15.458,3.106699445503769,0.0,0.11194704972979334,0.0,-0.3818241203260005,0.0
15.46,3.1070774574170987,0.0,0.11112304942128073,0.0,-0.3807341036142197,0.0
15.462,3.107452672317157,0.0,0.11030225509818682,0.0,-0.3796403579230444,0.0
15.464,3.107825102066073,0.0,0.10948466711522872,0.0,-0.3785429178420084,0.0
15.466000000000001,3.108194758508575,0.0,0.1086702857273759,0.0,-0.3774418176980622,0.0
15.468,3.1085616534716087,0.0,0.10785911109113483,0.0,-0.37633709155383915,0.0
15.47,3.108925798764232,0.0,0.10705114326573326,0.0,-0.37522877320572984,0.0
15.472,3.1092872061772736,0.0,0.10624638221441836,0.0,-0.37411689618219673,0.0
15.474,3.109645887483211,0.0,0.10544482780564034,0.0,-0.37300149374191366,0.0
15.476,3.1100018544358825,0.0,0.10464647981436447,0.0,-0.3718825988721249,0.0
15.478,3.110355118770288,0.0,0.10385133792329276,0.0,-0.3707602442869141,0.0
15.48,3.1107056922024303,0.0,0.10305940172411163,0.0,-0.36963446242548326,0.0
15.482000000000001,3.111053586429018,0.0,0.10227067071879584,0.0,-0.3685052854506256,0.0
15.484,3.111398813127342,0.0,0.10148514432084003,0.0,-0.36737274524702956,0.0
15.486,3.1117413839550645,0.0,0.1007028218565474,0.0,-0.3662368734197159,0.0
15.488,3.1120813105499883,0.0,0.09992370256630224,0.0,-0.36509770129253993,0.0
15.49,3.1124186045299536,0.0,0.09914778560583964,0.0,-0.36395525990658273,0.0
15.492,3.1127532774925486,0.0,0.09837507004754795,0.0,-0.36280958001878094,0.0
15.494,3.1130853410150507,0.0,0.09760555488173214,0.0,-0.36166069210036217,0.0
15.496,3.1134148066541645,0.0,0.09683923901791379,0.0,-0.3605086263354907,0.0
15.498000000000001,3.1137416859459086,0.0,0.09607612128612766,0.0,-0.35935341261984505,0.0
15.5,3.114065990405427,0.0,0.09531620043820818,0.0,-0.3581950805592605,0.0
15.502,3.114387731526871,0.0,0.09455947514908607,0.0,-0.3570336594683802,0.0
15.504,3.1147069207831914,0.0,0.09380594401811052,0.0,-0.35586917836939147,0.0
15.506,3.115023569626045,0.0,0.09305560557031925,0.0,-0.35470166599071656,0.0
15.508000000000001,3.1153376894856297,0.0,0.09230845825777184,0.0,-0.3535311507657851,0.0
15.51,3.1156492917705534,0.0,0.09156450046086854,0.0,-0.3523576608318489,0.0
15.512,3.1159583878677033,0.0,0.09082373048961173,0.0,-0.35118122402875757,0.0
15.514000000000001,3.1162649891421323,0.0,0.09008614658498032,0.0,-0.3500018678978456,0.0
15.516,3.116569106936899,0.0,0.08935174692021185,0.0,-0.34881961968083375,0.0
15.518,3.1168707525729977,0.0,0.08862052960212521,0.0,-0.3476345063186953,0.0
15.52,3.1171699373492463,0.0,0.08789249267244707,0.0,-0.34644655445062833,0.0
15.522,3.1174666725421165,0.0,0.08716763410914567,0.0,-0.34525579041307153,0.0
15.524000000000001,3.1177609694057233,0.0,0.08644595182772116,0.0,-0.34406224023864257,0.0
15.526,3.1180528391716744,0.0,0.08572744368256584,0.0,-0.342865929655237,0.0
15.528,3.118342293048972,0.0,0.08501210746827939,0.0,-0.3416668840850899,0.0
15.530000000000001,3.1186293422239704,0.0,0.08429994092099989,0.0,-0.3404651286438594,0.0
15.532,3.118913997860242,0.0,0.08359094171972656,0.0,-0.33926068813980553,0.0
15.534,3.119196271098575,0.0,0.0828851074876595,0.0,-0.338053587072885,0.0
15.536,3.119476173056829,0.0,0.08218243579352905,0.0,-0.33684384963403247,0.0
15.538,3.11975371482987,0.0,0.08148292415295053,0.0,-0.33563149970438616,0.0
15.540000000000001,3.120028907489593,0.0,0.08078657002972148,0.0,-0.3344165608544644,0.0
15.542,3.1203017620847744,0.0,0.08009337083718536,0.0,-0.3331990563435686,0.0
15.544,3.120572289641054,0.0,0.0794033239395652,0.0,-0.33197900911905665,0.0
15.546000000000001,3.1208405011609015,0.0,0.07871642665329612,0.0,-0.3307564418157061,0.0
15.548,3.1211064076235813,0.0,0.07803267624835913,0.0,-0.3295313767550888,0.0
15.55,3.1213700199850805,0.0,0.07735206994962657,0.0,-0.32830383594504264,0.0
15.552,3.1216313491781107,0.0,0.07667460493819604,0.0,-0.3270738410790777,0.0
15.554,3.1218904061120463,0.0,0.07600027835274914,0.0,-0.3258414135359147,0.0
15.556000000000001,3.1221472016729552,0.0,0.0753290872908431,0.0,-0.32460657437893575,0.0
15.558,3.122401746723556,0.0,0.07466102881030623,0.0,-0.3233693443557764,0.0
15.56,3.122654052103189,0.0,0.07399609993053878,0.0,-0.3221297438979197,0.0
15.562000000000001,3.1229041286278134,0.0,0.07333429763387175,0.0,-0.3208877931203028,0.0
15.564,3.1231519870900684,0.0,0.07267561886688212,0.0,-0.3196435118209046,0.0
15.566,3.1233976382591644,0.0,0.07202006054176799,0.0,-0.31839691948054716,0.0
15.568,3.1236410928810217,0.0,0.07136761953763578,0.0,-0.3171480352624507,0.0
15.57,3.12388236167819,0.0,0.07071829270187736,0.0,-0.3158968780121003,0.0
15.572000000000001,3.1241214553498424,0.0,0.07007207685150267,0.0,-0.3146434662570167,0.0
15.574,3.1243583845719836,0.0,0.06942896877443665,0.0,-0.3133878182063932,0.0
15.576,3.1245931599972003,0.0,0.06878896523090831,0.0,-0.3121299517512139,0.0
15.578000000000001,3.1248257922549594,0.0,0.06815206295473854,0.0,-0.3108698844638401,0.0
15.58,3.1250562919514593,0.0,0.0675182586546906,0.0,-0.30960763359811866,0.0
15.582,3.125284669669757,0.0,0.06688754901580589,0.0,-0.3083432160892227,0.0
15.584,3.125510935969822,0.0,0.06625993070071225,0.0,-0.3070766485536005,0.0
15.586,3.125735101388579,0.0,0.06563540035096417,0.0,-0.30580794728900756,0.0
15.588000000000001,3.125957176439926,0.0,0.06501395458837811,0.0,-0.30453712827454466,0.0
15.59,3.1261771716148377,0.0,0.06439559001633872,0.0,-0.30326420717069963,0.0
15.592,3.12639509738144,0.0,0.06378030322112035,0.0,-0.30198919931942814,0.0
15.594000000000001,3.1266109641850424,0.0,0.06316809077322319,0.0,-0.30071211974429596,0.0
15.596,3.1268247824482907,0.0,0.062558949228675,0.0,-0.2994329831505915,0.0
15.598,3.127036562571152,0.0,0.061952875130346495,0.0,-0.29815180392558344,0.0
15.6,3.1272463149310736,0.0,0.061349865009287505,0.0,-0.2968685961386843,0.0
15.602,3.127454049883049,0.0,0.06074991538599779,0.0,-0.29558337354170156,0.0
15.604000000000001,3.12765977775972,0.0,0.0601530227717719,0.0,-0.29429614956914396,0.0
15.606,3.1278635088714575,0.0,0.05955918366998686,0.0,-0.2930069373385278,0.0
15.608,3.128065253506531,0.0,0.058968394577410016,0.0,-0.2917157496506717,0.0
15.610000000000001,3.1282650219311416,0.0,0.058380651985480994,0.0,-0.2904225989901385,0.0
15.612,3.1284628243895916,0.0,0.05779595238164765,0.0,-0.2891274975255969,0.0
15.614,3.1286586711043824,0.0,0.05721429225061588,0.0,-0.2878304571102726,0.0
15.616,3.1288525722763416,0.0,0.056635668075677284,0.0,-0.28653148928242417,0.0
15.618,3.1290445380847554,0.0,0.05606007633997589,0.0,-0.2852306052658279,0.0
15.620000000000001,3.1292345786875297,0.0,0.05548751352777467,0.0,-0.28392781597028177,0.0
15.622,3.1294227042212928,0.0,0.05491797612578338,0.0,-0.2826231319922205,0.0
15.624,3.129608924801542,0.0,0.05435146062439937,0.0,-0.2813165636152732,0.0
15.626,3.1297932505228574,0.0,0.05378796351898964,0.0,-0.28000812081085225,0.0
15.628,3.1299756914589056,0.0,0.053227481311155775,0.0,-0.2786978132389276,0.0
15.63,3.1301562576628066,0.0,0.05267001051001011,0.0,-0.27738565024852413,0.0
15.632,3.130334959167124,0.0,0.052115547633429536,0.0,-0.27607164087860164,0.0
15.634,3.1305118059841157,0.0,0.05156408920932094,0.0,-0.2747557938586988,0.0
15.636000000000001,3.130686808105885,0.0,0.0510156317768465,0.0,-0.2734381176097461,0.0
15.638,3.1308599755045723,0.0,0.05047017188770558,0.0,-0.27211862024485606,0.0
15.64,3.1310313181325125,0.0,0.04992770610737687,0.0,-0.2707973095701713,0.0
15.642,3.131200845922438,0.0,0.04938823101631719,0.0,-0.26947419308571174,0.0
15.644,3.131368568787657,0.0,0.048851743211266736,0.0,-0.2681492779862941,0.0
15.646,3.131534496622285,0.0,0.04831823930639773,0.0,-0.2668225711624073,0.0
15.648,3.1316986393013906,0.0,0.04778771593460994,0.0,-0.2654940792012208,0.0
15.65,3.1318610066812593,0.0,0.04726016974869374,0.0,-0.26416380838751224,0.0
15.652000000000001,3.132021608599546,0.0,0.046735597422606266,0.0,-0.2628317647047387,0.0
15.654,3.1321804548755092,0.0,0.04621399565262399,0.0,-0.26149795383605123,0.0
15.656,3.13233755531025,0.0,0.04569536115858102,0.0,-0.26016238116534907,0.0
15.658,3.132492919686907,0.0,0.04517969068505178,0.0,-0.2588250517784051,0.0
15.66,3.1326465577709093,0.0,0.04466698100255996,0.0,-0.2574859704639713,0.0
15.662,3.1327984793101677,0.0,0.04415722890875896,0.0,-0.25614514171497954,0.0
15.664,3.13294869403536,0.0,0.043650431229608024,0.0,-0.2548025697296691,0.0
15.666,3.133097211660124,0.0,0.04314658482056671,0.0,-0.25345825841286596,0.0
15.668000000000001,3.133244041881325,0.0,0.042645686567746116,0.0,-0.25211221137718154,0.0
15.67,3.133389194379327,0.0,0.042147733389085854,0.0,-0.2507644319442896,0.0
15.672,3.133532678818173,0.0,0.04165272223551272,0.0,-0.249414923146277,0.0
15.674,3.1336745048459167,0.0,0.041160650092095824,0.0,-0.24806368772691084,0.0
15.676,3.1338146820948705,0.0,0.04067151397917068,0.0,-0.24671072814301168,0.0
15.678,3.133953220181848,0.0,0.040185310953512264,0.0,-0.24535604656584986,0.0
15.68,3.1340901287084115,0.0,0.03970203810945639,0.0,-0.24399964488259526,0.0
15.682,3.134225417261179,0.0,0.03922169258001724,0.0,-0.24264152469771896,0.0
15.684000000000001,3.134359095412151,0.0,0.038744271538017724,0.0,-0.24128168733441593,0.0
15.686,3.1344911727188998,0.0,0.03826977219719946,0.0,-0.23992013383618055,0.0
15.688,3.134621658724876,0.0,0.037798191813331744,0.0,-0.23855686496833853,0.0
15.69,3.1347505629597507,0.0,0.03732952768531699,0.0,-0.23719188121951743,0.0
15.692,3.134877894939664,0.0,0.036863777156266105,0.0,-0.2358251828032828,0.0
15.694,3.135003664167528,0.0,0.03640093761461076,0.0,-0.23445676965973972,0.0
15.696,3.1351278801333544,0.0,0.035941006495152354,0.0,-0.23308664145713892,0.0
15.698,3.135250552314537,0.0,0.03548398128016146,0.0,-0.23171479759354802,0.0
15.700000000000001,3.135371690176117,0.0,0.03502985950042807,0.0,-0.23034123719859398,0.0
15.702,3.1354913031712353,0.0,0.03457863873630652,0.0,-0.2289659591350325,0.0
15.704,3.135609400741281,0.0,0.03413031661879251,0.0,-0.22758896200064005,0.0
15.706,3.1357259923163405,0.0,0.033684890830546925,0.0,-0.22621024412987625,0.0
15.708,3.1358410873154567,0.0,0.03324235910691575,0.0,-0.22482980359570692,0.0
15.71,3.1359546951469612,0.0,0.03280271923699641,0.0,-0.22344763821144498,0.0
15.712,3.136066825208857,0.0,0.032365969064613295,0.0,-0.22206374553251843,0.0
15.714,3.136177486889062,0.0,0.03193210648935344,0.0,-0.22067812285844038,0.0
15.716000000000001,3.1362866895658743,0.0,0.031501129467557745,0.0,-0.21929076723456425,0.0
15.718,3.1363944426082004,0.0,0.031073036013305227,0.0,-0.21790167545412958,0.0
15.72,3.136500755375973,0.0,0.030647824199427846,0.0,-0.2165108440601105,0.0
15.722,3.136605637220452,0.0,0.030225492158455318,0.0,-0.21511826934725756,0.0
15.724,3.136709097484659,0.0,0.02980603808360708,0.0,-0.21372394736397007,0.0
15.726,3.1368111455036156,0.0,0.02938946022973576,0.0,-0.212327873914475,0.0
15.728,3.1369117906048443,0.0,0.028975756914278103,0.0,-0.21093004456067277,0.0
15.73,3.137011042108581,0.0,0.028564926518218365,0.0,-0.20953045462440006,0.0
15.732000000000001,3.137108909328289,0.0,0.02815696748699488,0.0,-0.20812909918933564,0.0
15.734,3.1372054015709465,0.0,0.02775187833144995,0.0,-0.20672597310320825,0.0
15.736,3.1373005281374438,0.0,0.027349657628712967,0.0,-0.2053210709798934,0.0
15.738,3.137394298322917,0.0,0.026950304023148408,0.0,-0.2039143872016292,0.0
15.74,3.137486721417271,0.0,0.026553816227210626,0.0,-0.20250591592103692,0.0
15.742,3.1375778067053655,0.0,0.026160193022382292,0.0,-0.20109565106353908,0.0
15.744,3.137667563467549,0.0,0.02576943325999764,0.0,-0.19968358632941813,0.0
15.746,3.13775600098003,0.0,0.02538153586215367,0.0,-0.1982697151960827,0.0
15.748000000000001,3.137843128515203,0.0,0.02499649982255104,0.0,-0.1968540309204188,0.0
15.75,3.13792895534212,0.0,0.024614324207351383,0.0,-0.1954365265409973,0.0
15.752,3.1380134907268764,0.0,0.024235008156020584,0.0,-0.19401719488038308,0.0
15.754,3.1380967439329632,0.0,0.02385855088215451,0.0,-0.19259602854755156,0.0
15.756,3.1381787242217563,0.0,0.023484951674305834,0.0,-0.19117301994013158,0.0
15.758000000000001,3.138259440852873,0.0,0.023114209896789063,0.0,-0.18974816124684823,0.0
15.76,3.1383389030845796,0.0,0.022746324990487815,0.0,-0.18832144444992516,0.0
15.762,3.13841712017425,0.0,0.022381296473644115,0.0,-0.18689286132742985,0.0
15.764000000000001,3.138494101378743,0.0,0.022019123942660174,0.0,-0.1854624034558053,0.0
15.766,3.138569855954879,0.0,0.021659807072828108,0.0,-0.18403006221222123,0.0
15.768,3.138644393159787,0.0,0.02130334561912721,0.0,-0.18259582877714384,0.0
15.77,3.1387177222513913,0.0,0.020949739416968583,0.0,-0.18115969413679048,0.0
15.772,3.1387898524888547,0.0,0.020598988382930825,0.0,-0.17972164908560403,0.0
15.774000000000001,3.1388607931329386,0.0,0.02025109251548621,0.0,-0.17828168422888527,0.0
15.776,3.138930553446501,0.0,0.01990605189573121,0.0,-0.17683978998526637,0.0
15.778,3.138999142694937,0.0,0.01956386668808944,0.0,-0.17539595658928753,0.0
15.780000000000001,3.139066570146572,0.0,0.019224537141029747,0.0,-0.17395017409404948,0.0
15.782,3.139132845073156,0.0,0.018888063587710092,0.0,-0.1725024323737444,0.0
15.784,3.1391979767503106,0.0,0.018554446446705442,0.0,-0.17105272112630343,0.0
15.786,3.139261974457897,0.0,0.018223686222651737,0.0,-0.16960102987612644,0.0
15.788,3.139324847480581,0.0,0.017895783506893165,0.0,-0.16814734797661451,0.0
15.790000000000001,3.139386605108208,0.0,0.017570738978142614,0.0,-0.16669166461293453,0.0
15.792,3.1394472566363074,0.0,0.017248553403116405,0.0,-0.1652339688046832,0.0
15.794,3.1395068113665205,0.0,0.016929227637148988,0.0,-0.16377424940861102,0.0
15.796000000000001,3.139565278607043,0.0,0.01661276262480154,0.0,-0.16231249512138524,0.0
15.798,3.139622667673162,0.0,0.01629915940048251,0.0,-0.160848694482265,0.0
15.8,3.1396789878876485,0.0,0.01598841908900675,0.0,-0.15938283587592045,0.0
15.802,3.1397342485812727,0.0,0.015680542906207573,0.0,-0.1579149075351828,0.0
15.804,3.1397884590932175,0.0,0.015375532159479654,0.0,-0.15644489754389534,0.0
15.806000000000001,3.1398416287716424,0.0,0.015073388248344439,0.0,-0.1549727938396201,0.0
15.808,3.1398937669740454,0.0,0.01477411266499734,0.0,-0.15349858421659096,0.0
15.81,3.1399448830678267,0.0,0.014477706994814888,0.0,-0.15202225632844324,0.0
15.812000000000001,3.1399949864307435,0.0,0.014184172916931054,0.0,-0.15054379769112303,0.0
15.814,3.140044086451366,0.0,0.013893512204682549,0.0,-0.14906319568576248,0.0
15.816,3.140092192529596,0.0,0.013605726726145703,0.0,-0.14758043756152117,0.0
15.818,3.1401393140771083,0.0,0.013320818444620934,0.0,-0.14609551043855104,0.0
15.82,3.140185460517881,0.0,0.01303878941908104,0.0,-0.14460840131082858,0.0
15.822000000000001,3.140230641288642,0.0,0.012759641804669987,0.0,-0.1431190970491549,0.0
15.824,3.1402748658394173,0.0,0.012483377853130568,0.0,-0.14162758440401518,0.0
15.826,3.1403181436339302,0.0,0.012209999913238328,0.0,-0.140133850008623,0.0
15.828000000000001,3.1403604841501984,0.0,0.011939510431248163,0.0,-0.13863788038178226,0.0
15.83,3.1404018968809573,0.0,0.011671911951285537,0.0,-0.13713966193092703,0.0
15.832,3.1404423913341675,0.0,0.011407207115778356,0.0,-0.13563918095511077,0.0
15.834,3.1404819770335095,0.0,0.011145398665824688,0.0,-0.1341364236479967,0.0
15.836,3.14052066351894,0.0,0.010886489441565611,0.0,-0.13263137610081346,0.0
15.838000000000001,3.1405584603471315,0.0,0.010630482382578592,0.0,-0.13112402430543615,0.0
15.84,3.140595377091959,0.0,0.010377380528212953,0.0,-0.12961435415744169,0.0
15.842,3.1406314233450745,0.0,0.010127187017921724,0.0,-0.12810235145907317,0.0
15.844000000000001,3.140666608716336,0.0,0.009879905091620301,0.0,-0.12658800192237024,0.0
15.846,3.1407009428343775,0.0,0.009635538089973167,0.0,-0.12507129117216967,0.0
15.848,3.140734435347062,0.0,0.009394089454710194,0.0,-0.12355220474922549,0.0
15.85,3.1407670959220457,0.0,0.009155562728938919,0.0,-0.1220307281132609,0.0
15.852,3.1407989342472398,0.0,0.008919961557384665,0.0,-0.12050684664607147,0.0
15.854000000000001,3.1408299600313243,0.0,0.008687289686686018,0.0,-0.1189805456546538,0.0
15.856,3.1408601830043033,0.0,0.008457550965637968,0.0,-0.11745181037424918,0.0
15.858,3.1408896129179755,0.0,0.008230749345447328,0.0,-0.11592062597152472,0.0
15.860000000000001,3.140918259546466,0.0,0.008006888879930509,0.0,-0.11438697754765914,0.0
15.862,3.140946132686692,0.0,0.007785973725770848,0.0,-0.11285085014154357,0.0
15.864,3.1409732421589918,0.0,0.007568008142690693,0.0,-0.11131222873279958,0.0
15.866,3.1409995978075385,0.0,0.007352996493669577,0.0,-0.10977109824503921,0.0
15.868,3.1410252095008535,0.0,0.0071409432450865885,0.0,-0.10822744354900285,0.0
15.870000000000001,3.141050087132442,0.0,0.006931852966921941,0.0,-0.10668124946563368,0.0
15.872,3.141074240621158,0.0,0.0067257303328987945,0.0,-0.10513250076937966,0.0
15.874,3.1410976799118226,0.0,0.006522580120601838,0.0,-0.10358118219127158,0.0
15.876,3.1411204149757257,0.0,0.006322407211640583,0.0,-0.1020272784221253,0.0
15.878,3.141142455811118,0.0,0.006125216591723949,0.0,-0.10047077411574527,0.0
15.88,3.141163812443745,0.0,0.005931013350809258,0.0,-0.0989116538921227,0.0
15.882,3.1411844949274323,0.0,0.005739802683144324,0.0,-0.09734990234055467,0.0
15.884,3.141204513344467,0.0,0.005551589887365223,0.0,-0.09578550402296977,0.0
15.886000000000001,3.1412238778062647,0.0,0.005366380366569768,0.0,-0.09421844347701813,0.0
15.888,3.1412425984538035,0.0,0.005184179628337803,0.0,-0.09264870521934682,0.0
15.89,3.1412606854581844,0.0,0.00500499328478804,0.0,-0.09107627374877351,0.0
15.892,3.1412781490211277,0.0,0.004828827052606191,0.0,-0.08950113354954656,0.0
15.894,3.141294999375528,0.0,0.004655686753033787,0.0,-0.08792326909450744,0.0
15.896,3.1413112467859534,0.0,0.004485578311885059,0.0,-0.08634266484835383,0.0
15.898,3.1413269015491805,0.0,0.004318507759517755,0.0,-0.08475930527084623,0.0
15.9,3.1413419739947126,0.0,0.004154481230824995,0.0,-0.08317317482003533,0.0
15.902000000000001,3.1413564744853,0.0,0.003993504965151983,0.0,-0.08158425795548574,0.0
15.904,3.1413704134174734,0.0,0.0038355853063044617,0.0,-0.07999253914152576,0.0
15.906,3.141383801222081,0.0,0.003680728702417081,0.0,-0.07839800285042113,0.0
15.908,3.141396648364757,0.0,0.0035289417059089704,0.0,-0.07680063356568648,0.0
15.91,3.1414089653465074,0.0,0.003380230973381995,0.0,-0.07520041578525716,0.0
15.912,3.1414207627042225,0.0,0.003234603265494854,0.0,-0.07359733402470332,0.0
15.914,3.1414320510111313,0.0,0.0030920654468828824,0.0,-0.07199137282057352,0.0
15.916,3.14144284087741,0.0,0.0029526244859766253,0.0,-0.0703825167334879,0.0
15.918000000000001,3.1414531429506916,0.0,0.0028162874548965052,0.0,-0.06877075035142835,0.0
15.92,3.1414629679165027,0.0,0.0026830615292580177,0.0,-0.06715605829302296,0.0
15.922,3.1414723264989313,0.0,0.002552953988023324,0.0,-0.0655384252106357,0.0
15.924,3.1414812294610037,0.0,0.0024259722133010302,0.0,-0.06391783579374068,0.0
15.926,3.141489687605269,0.0,0.0023021236901516625,0.0,-0.06229427477207489,0.0
15.928,3.1414977117743246,0.0,0.0021814160063662936,0.0,-0.06066772691885644,0.0
15.93,3.141505312851366,0.0,0.0020638568522645924,0.0,-0.05903817705398397,0.0
15.932,3.141512501760596,0.0,0.001949454020418742,0.0,-0.05740561004734524,0.0
15.934000000000001,3.1415192894678525,0.0,0.0018382154054323566,0.0,-0.055770010821923635,0.0
15.936,3.1415256869810606,0.0,0.00173014900365422,0.0,-0.05413136435708475,0.0
15.938,3.1415317053507974,0.0,0.001625262912914854,0.0,-0.05248965569172255,0.0
15.94,3.1415373556707604,0.0,0.001523565332224475,0.0,-0.05084486992751326,0.0
15.942,3.1415426490782905,0.0,0.001425064561477856,0.0,-0.0491969922320961,0.0
15.944,3.1415475967549162,0.0,0.0013297690011027268,0.0,-0.04754600784223633,0.0
15.946,3.1415522099268403,0.0,0.0012376871517871411,0.0,-0.045891902067054124,0.0
15.948,3.14155649986546,0.0,0.0011488276140855297,0.0,-0.04423466029117793,0.0
15.950000000000001,3.1415604778878423,0.0,0.0010631990880626912,0.0,-0.042574267977952475,0.0
15.952,3.141564155357298,0.0,0.0009808103729708876,0.0,-0.04091071067256885,0.0
15.954,3.1415675436838515,0.0,0.000901670366814606,0.0,-0.03924397400524105,0.0
15.956,3.1415706543247137,0.0,0.0008257880659588024,0.0,-0.03757404369440682,0.0
15.958,3.141573498784841,0.0,0.0007531725647401885,0.0,-0.03590090554981403,0.0
15.96,3.1415760886174393,0.0,0.0006838330550507783,0.0,-0.03422454547568591,0.0
15.962,3.1415784354244205,0.0,0.0006177788258671111,0.0,-0.03254494947387936,0.0
15.964,3.14158055085692,0.0,0.0005550192628160809,0.0,-0.030862103646990185,0.0
15.966000000000001,3.1415824466158524,0.0,0.0004955638477377587,0.0,-0.02917599420145213,0.0
15.968,3.141584134452293,0.0,0.0004394221581635495,0.0,-0.027486607450709803,0.0
15.97,3.1415856261680943,0.0,0.00038660386687341453,0.0,-0.02579392981825097,0.0
15.972,3.141586933616309,0.0,0.00033711874136532207,0.0,-0.024097947840730726,0.0
15.974,3.1415880687016946,0.0,0.00029097664335092356,0.0,-0.02239864817106066,0.0
15.976,3.141589043381221,0.0,0.0002481875282291797,0.0,-0.020696017581466067,0.0
15.978,3.14158986966455,0.0,0.0002087614445408985,0.0,-0.018990042966547032,0.0
15.98,3.141590559614501,0.0,0.00017270853343536336,0.0,-0.01728071134635381,0.0
15.982000000000001,3.1415911253475657,0.0,0.00014003902807677428,0.0,-0.015568009869408393,0.0
15.984,3.1415915790344027,0.0,0.00011076325308543044,0.0,-0.013851925815711742,0.0
15.986,3.1415919329002815,0.0,8.48916239391792e-05,0.0,-0.012132446599800537,0.0
15.988,3.14159219922559,0.0,6.243464638247892e-05,0.0,-0.010409559773735703,0.0
15.99,3.141592390346265,0.0,4.3402915786000285e-05,0.0,-0.008683253030116038,0.0
15.992,3.14159251865436,0.0,2.7807116542395227e-05,0.0,-0.006953514205009211,0.0
15.994,3.1415925965984086,0.0,1.565802140545516e-05,0.0,-0.005220331280991703,0.0
15.996,3.1415926366839884,0.0,6.966490857149016e-06,0.0,-0.0034836923900294385,0.0
15.998000000000001,3.141592651474129,0.0,1.743472422773287e-06,0.0,-0.0017435858164787943,0.0
16.0,3.141592653589793,0.0,0.0,0.0,0.0,0.0
16.002,3.141592653589793,0.0,0.0,0.0,0.0,0.0
16.004,3.141592653589793,0.0,0.0,0.0,0.0,0.0
16.006,3.141592653589793,0.0,0.0,0.0,0.0,0.0
16.008,3.141592653589793,0.0,0.0,0.0,0.0,0.0
16.01,3.141592653589793,0.0,0.0,0.0,0.0,0.0
16.012,3.141592653589793,0.0,0.0,0.0,0.0,0.0
16.014,3.141592653589793,0.0,0.0,0.0,0.0,0.0
16.016000000000002,3.141592653589793,0.0,0.0,0.0,0.0,0.0
16.018,3.141592653589793,0.0,0.0,0.0,0.0,0.0
16.02,3.141592653589793,0.0,0.0,0.0,0.0,0.0
16.022000000000002,3.141592653589793,0.0,0.0,0.0,0.0,0.0
16.024,3.141592653589793,0.0,0.0,0.0,0.0,0.0
16.026,3.141592653589793,0.0,0.0,0.0,0.0,0.0
16.028,3.141592653589793,0.0,0.0,0.0,0.0,0.0
16.03,3.141592653589793,0.0,0.0,0.0,0.0,0.0
16.032,3.141592653589793,0.0,0.0,0.0,0.0,0.0
16.034,3.141592653589793,0.0,0.0,0.0,0.0,0.0
16.036,3.141592653589793,0.0,0.0,0.0,0.0,0.0
16.038,3.141592653589793,0.0,0.0,0.0,0.0,0.0
16.04,3.141592653589793,0.0,0.0,0.0,0.0,0.0
16.042,3.141592653589793,0.0,0.0,0.0,0.0,0.0
16.044,3.141592653589793,0.0,0.0,0.0,0.0,0.0
16.046,3.141592653589793,0.0,0.0,0.0,0.0,0.0
16.048000000000002,3.141592653589793,0.0,0.0,0.0,0.0,0.0
16.05,3.141592653589793,0.0,0.0,0.0,0.0,0.0
16.052,3.141592653589793,0.0,0.0,0.0,0.0,0.0
16.054000000000002,3.141592653589793,0.0,0.0,0.0,0.0,0.0
16.056,3.141592653589793,0.0,0.0,0.0,0.0,0.0
16.058,3.141592653589793,0.0,0.0,0.0,0.0,0.0
16.06,3.141592653589793,0.0,0.0,0.0,0.0,0.0
16.062,3.141592653589793,0.0,0.0,0.0,0.0,0.0
16.064,3.141592653589793,0.0,0.0,0.0,0.0,0.0
16.066,3.141592653589793,0.0,0.0,0.0,0.0,0.0
16.068,3.141592653589793,0.0,0.0,0.0,0.0,0.0
16.07,3.141592653589793,0.0,0.0,0.0,0.0,0.0
16.072,3.141592653589793,0.0,0.0,0.0,0.0,0.0
16.074,3.141592653589793,0.0,0.0,0.0,0.0,0.0
16.076,3.141592653589793,0.0,0.0,0.0,0.0,0.0
16.078,3.141592653589793,0.0,0.0,0.0,0.0,0.0
16.080000000000002,3.141592653589793,0.0,0.0,0.0,0.0,0.0
16.082,3.141592653589793,0.0,0.0,0.0,0.0,0.0
16.084,3.141592653589793,0.0,0.0,0.0,0.0,0.0
16.086000000000002,3.141592653589793,0.0,0.0,0.0,0.0,0.0
16.088,3.141592653589793,0.0,0.0,0.0,0.0,0.0
16.09,3.141592653589793,0.0,0.0,0.0,0.0,0.0
16.092,3.141592653589793,0.0,0.0,0.0,0.0,0.0
16.094,3.141592653589793,0.0,0.0,0.0,0.0,0.0
16.096,3.141592653589793,0.0,0.0,0.0,0.0,0.0
16.098,3.141592653589793,0.0,0.0,0.0,0.0,0.0
16.1,3.141592653589793,0.0,0.0,0.0,0.0,0.0
16.102,3.141592653589793,0.0,0.0,0.0,0.0,0.0
16.104,3.141592653589793,0.0,0.0,0.0,0.0,0.0
16.106,3.141592653589793,0.0,0.0,0.0,0.0,0.0
16.108,3.141592653589793,0.0,0.0,0.0,0.0,0.0
16.11,3.141592653589793,0.0,0.0,0.0,0.0,0.0
16.112000000000002,3.141592653589793,0.0,0.0,0.0,0.0,0.0
16.114,3.141592653589793,0.0,0.0,0.0,0.0,0.0
16.116,3.141592653589793,0.0,0.0,0.0,0.0,0.0
16.118000000000002,3.141592653589793,0.0,0.0,0.0,0.0,0.0
16.12,3.141592653589793,0.0,0.0,0.0,0.0,0.0
16.122,3.141592653589793,0.0,0.0,0.0,0.0,0.0
16.124,3.141592653589793,0.0,0.0,0.0,0.0,0.0
16.126,3.141592653589793,0.0,0.0,0.0,0.0,0.0
16.128,3.141592653589793,0.0,0.0,0.0,0.0,0.0
16.13,3.141592653589793,0.0,0.0,0.0,0.0,0.0
16.132,3.141592653589793,0.0,0.0,0.0,0.0,0.0
16.134,3.141592653589793,0.0,0.0,0.0,0.0,0.0
16.136,3.141592653589793,0.0,0.0,0.0,0.0,0.0
16.138,3.141592653589793,0.0,0.0,0.0,0.0,0.0
16.14,3.141592653589793,0.0,0.0,0.0,0.0,0.0
16.142,3.141592653589793,0.0,0.0,0.0,0.0,0.0
16.144000000000002,3.141592653589793,0.0,0.0,0.0,0.0,0.0
16.146,3.141592653589793,0.0,0.0,0.0,0.0,0.0
16.148,3.141592653589793,0.0,0.0,0.0,0.0,0.0
16.15,3.141592653589793,0.0,0.0,0.0,0.0,0.0
16.152,3.141592653589793,0.0,0.0,0.0,0.0,0.0
16.154,3.141592653589793,0.0,0.0,0.0,0.0,0.0
16.156,3.141592653589793,0.0,0.0,0.0,0.0,0.0
16.158,3.141592653589793,0.0,0.0,0.0,0.0,0.0
16.16,3.141592653589793,0.0,0.0,0.0,0.0,0.0
16.162,3.141592653589793,0.0,0.0,0.0,0.0,0.0
16.164,3.141592653589793,0.0,0.0,0.0,0.0,0.0
16.166,3.141592653589793,0.0,0.0,0.0,0.0,0.0
16.168,3.141592653589793,0.0,0.0,0.0,0.0,0.0
16.17,3.141592653589793,0.0,0.0,0.0,0.0,0.0
16.172,3.141592653589793,0.0,0.0,0.0,0.0,0.0
16.174,3.141592653589793,0.0,0.0,0.0,0.0,0.0
16.176000000000002,3.141592653589793,0.0,0.0,0.0,0.0,0.0
16.178,3.141592653589793,0.0,0.0,0.0,0.0,0.0
16.18,3.141592653589793,0.0,0.0,0.0,0.0,0.0
16.182,3.141592653589793,0.0,0.0,0.0,0.0,0.0
16.184,3.141592653589793,0.0,0.0,0.0,0.0,0.0
16.186,3.141592653589793,0.0,0.0,0.0,0.0,0.0
16.188,3.141592653589793,0.0,0.0,0.0,0.0,0.0
16.19,3.141592653589793,0.0,0.0,0.0,0.0,0.0
16.192,3.141592653589793,0.0,0.0,0.0,0.0,0.0
16.194,3.141592653589793,0.0,0.0,0.0,0.0,0.0
16.196,3.141592653589793,0.0,0.0,0.0,0.0,0.0
16.198,3.141592653589793,0.0,0.0,0.0,0.0,0.0
16.2,3.141592653589793,0.0,0.0,0.0,0.0,0.0
16.202,3.141592653589793,0.0,0.0,0.0,0.0,0.0
16.204,3.141592653589793,0.0,0.0,0.0,0.0,0.0
16.206,3.141592653589793,0.0,0.0,0.0,0.0,0.0
16.208000000000002,3.141592653589793,0.0,0.0,0.0,0.0,0.0
16.21,3.141592653589793,0.0,0.0,0.0,0.0,0.0
16.212,3.141592653589793,0.0,0.0,0.0,0.0,0.0
16.214,3.141592653589793,0.0,0.0,0.0,0.0,0.0
16.216,3.141592653589793,0.0,0.0,0.0,0.0,0.0
16.218,3.141592653589793,0.0,0.0,0.0,0.0,0.0
16.22,3.141592653589793,0.0,0.0,0.0,0.0,0.0
16.222,3.141592653589793,0.0,0.0,0.0,0.0,0.0
16.224,3.141592653589793,0.0,0.0,0.0,0.0,0.0
16.226,3.141592653589793,0.0,0.0,0.0,0.0,0.0
16.228,3.141592653589793,0.0,0.0,0.0,0.0,0.0
16.23,3.141592653589793,0.0,0.0,0.0,0.0,0.0
16.232,3.141592653589793,0.0,0.0,0.0,0.0,0.0
16.234,3.141592653589793,0.0,0.0,0.0,0.0,0.0
16.236,3.141592653589793,0.0,0.0,0.0,0.0,0.0
16.238,3.141592653589793,0.0,0.0,0.0,0.0,0.0
16.240000000000002,3.141592653589793,0.0,0.0,0.0,0.0,0.0
16.242,3.141592653589793,0.0,0.0,0.0,0.0,0.0
16.244,3.141592653589793,0.0,0.0,0.0,0.0,0.0
16.246,3.141592653589793,0.0,0.0,0.0,0.0,0.0
16.248,3.141592653589793,0.0,0.0,0.0,0.0,0.0
16.25,3.141592653589793,0.0,0.0,0.0,0.0,0.0
16.252,3.141592653589793,0.0,0.0,0.0,0.0,0.0
16.254,3.141592653589793,0.0,0.0,0.0,0.0,0.0
16.256,3.141592653589793,0.0,0.0,0.0,0.0,0.0
16.258,3.141592653589793,0.0,0.0,0.0,0.0,0.0
16.26,3.141592653589793,0.0,0.0,0.0,0.0,0.0
16.262,3.141592653589793,0.0,0.0,0.0,0.0,0.0
16.264,3.141592653589793,0.0,0.0,0.0,0.0,0.0
16.266000000000002,3.141592653589793,0.0,0.0,0.0,0.0,0.0
16.268,3.141592653589793,0.0,0.0,0.0,0.0,0.0
16.27,3.141592653589793,0.0,0.0,0.0,0.0,0.0
16.272000000000002,3.141592653589793,0.0,0.0,0.0,0.0,0.0
16.274,3.141592653589793,0.0,0.0,0.0,0.0,0.0
16.276,3.141592653589793,0.0,0.0,0.0,0.0,0.0
16.278,3.141592653589793,0.0,0.0,0.0,0.0,0.0
16.28,3.141592653589793,0.0,0.0,0.0,0.0,0.0
16.282,3.141592653589793,0.0,0.0,0.0,0.0,0.0
16.284,3.141592653589793,0.0,0.0,0.0,0.0,0.0
16.286,3.141592653589793,0.0,0.0,0.0,0.0,0.0
16.288,3.141592653589793,0.0,0.0,0.0,0.0,0.0
16.29,3.141592653589793,0.0,0.0,0.0,0.0,0.0
16.292,3.141592653589793,0.0,0.0,0.0,0.0,0.0
16.294,3.141592653589793,0.0,0.0,0.0,0.0,0.0
16.296,3.141592653589793,0.0,0.0,0.0,0.0,0.0
16.298000000000002,3.141592653589793,0.0,0.0,0.0,0.0,0.0
16.3,3.141592653589793,0.0,0.0,0.0,0.0,0.0
16.302,3.141592653589793,0.0,0.0,0.0,0.0,0.0
16.304000000000002,3.141592653589793,0.0,0.0,0.0,0.0,0.0
16.306,3.141592653589793,0.0,0.0,0.0,0.0,0.0
16.308,3.141592653589793,0.0,0.0,0.0,0.0,0.0
16.31,3.141592653589793,0.0,0.0,0.0,0.0,0.0
16.312,3.141592653589793,0.0,0.0,0.0,0.0,0.0
16.314,3.141592653589793,0.0,0.0,0.0,0.0,0.0
16.316,3.141592653589793,0.0,0.0,0.0,0.0,0.0
16.318,3.141592653589793,0.0,0.0,0.0,0.0,0.0
16.32,3.141592653589793,0.0,0.0,0.0,0.0,0.0
16.322,3.141592653589793,0.0,0.0,0.0,0.0,0.0
16.324,3.141592653589793,0.0,0.0,0.0,0.0,0.0
16.326,3.141592653589793,0.0,0.0,0.0,0.0,0.0
16.328,3.141592653589793,0.0,0.0,0.0,0.0,0.0
16.330000000000002,3.141592653589793,0.0,0.0,0.0,0.0,0.0
16.332,3.141592653589793,0.0,0.0,0.0,0.0,0.0
16.334,3.141592653589793,0.0,0.0,0.0,0.0,0.0
16.336000000000002,3.141592653589793,0.0,0.0,0.0,0.0,0.0
16.338,3.141592653589793,0.0,0.0,0.0,0.0,0.0
16.34,3.141592653589793,0.0,0.0,0.0,0.0,0.0
16.342,3.141592653589793,0.0,0.0,0.0,0.0,0.0
16.344,3.141592653589793,0.0,0.0,0.0,0.0,0.0
16.346,3.141592653589793,0.0,0.0,0.0,0.0,0.0
16.348,3.141592653589793,0.0,0.0,0.0,0.0,0.0
16.35,3.141592653589793,0.0,0.0,0.0,0.0,0.0
16.352,3.141592653589793,0.0,0.0,0.0,0.0,0.0
16.354,3.141592653589793,0.0,0.0,0.0,0.0,0.0
16.356,3.141592653589793,0.0,0.0,0.0,0.0,0.0
16.358,3.141592653589793,0.0,0.0,0.0,0.0,0.0
16.36,3.141592653589793,0.0,0.0,0.0,0.0,0.0
16.362000000000002,3.141592653589793,0.0,0.0,0.0,0.0,0.0
16.364,3.141592653589793,0.0,0.0,0.0,0.0,0.0
16.366,3.141592653589793,0.0,0.0,0.0,0.0,0.0
16.368000000000002,3.141592653589793,0.0,0.0,0.0,0.0,0.0
16.37,3.141592653589793,0.0,0.0,0.0,0.0,0.0
16.372,3.141592653589793,0.0,0.0,0.0,0.0,0.0
16.374,3.141592653589793,0.0,0.0,0.0,0.0,0.0
16.376,3.141592653589793,0.0,0.0,0.0,0.0,0.0
16.378,3.141592653589793,0.0,0.0,0.0,0.0,0.0
16.38,3.141592653589793,0.0,0.0,0.0,0.0,0.0
16.382,3.141592653589793,0.0,0.0,0.0,0.0,0.0
16.384,3.141592653589793,0.0,0.0,0.0,0.0,0.0
16.386,3.141592653589793,0.0,0.0,0.0,0.0,0.0
16.388,3.141592653589793,0.0,0.0,0.0,0.0,0.0
16.39,3.141592653589793,0.0,0.0,0.0,0.0,0.0
16.392,3.141592653589793,0.0,0.0,0.0,0.0,0.0
16.394000000000002,3.141592653589793,0.0,0.0,0.0,0.0,0.0
16.396,3.141592653589793,0.0,0.0,0.0,0.0,0.0
16.398,3.141592653589793,0.0,0.0,0.0,0.0,0.0
16.4,3.141592653589793,0.0,0.0,0.0,0.0,0.0
16.402,3.141592653589793,0.0,0.0,0.0,0.0,0.0
16.404,3.141592653589793,0.0,0.0,0.0,0.0,0.0
16.406,3.141592653589793,0.0,0.0,0.0,0.0,0.0
16.408,3.141592653589793,0.0,0.0,0.0,0.0,0.0
16.41,3.141592653589793,0.0,0.0,0.0,0.0,0.0
16.412,3.141592653589793,0.0,0.0,0.0,0.0,0.0
16.414,3.141592653589793,0.0,0.0,0.0,0.0,0.0
16.416,3.141592653589793,0.0,0.0,0.0,0.0,0.0
16.418,3.141592653589793,0.0,0.0,0.0,0.0,0.0
16.42,3.141592653589793,0.0,0.0,0.0,0.0,0.0
16.422,3.141592653589793,0.0,0.0,0.0,0.0,0.0
16.424,3.141592653589793,0.0,0.0,0.0,0.0,0.0
16.426000000000002,3.141592653589793,0.0,0.0,0.0,0.0,0.0
16.428,3.141592653589793,0.0,0.0,0.0,0.0,0.0
16.43,3.141592653589793,0.0,0.0,0.0,0.0,0.0
16.432,3.141592653589793,0.0,0.0,0.0,0.0,0.0
16.434,3.141592653589793,0.0,0.0,0.0,0.0,0.0
16.436,3.141592653589793,0.0,0.0,0.0,0.0,0.0
16.438,3.141592653589793,0.0,0.0,0.0,0.0,0.0
16.44,3.141592653589793,0.0,0.0,0.0,0.0,0.0
16.442,3.141592653589793,0.0,0.0,0.0,0.0,0.0
16.444,3.141592653589793,0.0,0.0,0.0,0.0,0.0
16.446,3.141592653589793,0.0,0.0,0.0,0.0,0.0
16.448,3.141592653589793,0.0,0.0,0.0,0.0,0.0
16.45,3.141592653589793,0.0,0.0,0.0,0.0,0.0
16.452,3.141592653589793,0.0,0.0,0.0,0.0,0.0
16.454,3.141592653589793,0.0,0.0,0.0,0.0,0.0
16.456,3.141592653589793,0.0,0.0,0.0,0.0,0.0
16.458000000000002,3.141592653589793,0.0,0.0,0.0,0.0,0.0
16.46,3.141592653589793,0.0,0.0,0.0,0.0,0.0
16.462,3.141592653589793,0.0,0.0,0.0,0.0,0.0
16.464,3.141592653589793,0.0,0.0,0.0,0.0,0.0
16.466,3.141592653589793,0.0,0.0,0.0,0.0,0.0
16.468,3.141592653589793,0.0,0.0,0.0,0.0,0.0
16.47,3.141592653589793,0.0,0.0,0.0,0.0,0.0
16.472,3.141592653589793,0.0,0.0,0.0,0.0,0.0
16.474,3.141592653589793,0.0,0.0,0.0,0.0,0.0
16.476,3.141592653589793,0.0,0.0,0.0,0.0,0.0
16.478,3.141592653589793,0.0,0.0,0.0,0.0,0.0
16.48,3.141592653589793,0.0,0.0,0.0,0.0,0.0
16.482,3.141592653589793,0.0,0.0,0.0,0.0,0.0
16.484,3.141592653589793,0.0,0.0,0.0,0.0,0.0
16.486,3.141592653589793,0.0,0.0,0.0,0.0,0.0
16.488,3.141592653589793,0.0,0.0,0.0,0.0,0.0
16.490000000000002,3.141592653589793,0.0,0.0,0.0,0.0,0.0
16.492,3.141592653589793,0.0,0.0,0.0,0.0,0.0
16.494,3.141592653589793,0.0,0.0,0.0,0.0,0.0
16.496,3.141592653589793,0.0,0.0,0.0,0.0,0.0
16.498,3.141592653589793,0.0,0.0,0.0,0.0,0.0
16.5,3.141592653589793,0.0,0.0,0.0,0.0,0.0
16.502,3.141592653589793,0.0,0.0,0.0,0.0,0.0
16.504,3.141592653589793,0.0,0.0,0.0,0.0,0.0
16.506,3.141592653589793,0.0,0.0,0.0,0.0,0.0
16.508,3.141592653589793,0.0,0.0,0.0,0.0,0.0
16.51,3.141592653589793,0.0,0.0,0.0,0.0,0.0
16.512,3.141592653589793,0.0,0.0,0.0,0.0,0.0
16.514,3.141592653589793,0.0,0.0,0.0,0.0,0.0
16.516000000000002,3.141592653589793,0.0,0.0,0.0,0.0,0.0
16.518,3.141592653589793,0.0,0.0,0.0,0.0,0.0
16.52,3.141592653589793,0.0,0.0,0.0,0.0,0.0
16.522000000000002,3.141592653589793,0.0,0.0,0.0,0.0,0.0
16.524,3.141592653589793,0.0,0.0,0.0,0.0,0.0
16.526,3.141592653589793,0.0,0.0,0.0,0.0,0.0
16.528,3.141592653589793,0.0,0.0,0.0,0.0,0.0
16.53,3.141592653589793,0.0,0.0,0.0,0.0,0.0
16.532,3.141592653589793,0.0,0.0,0.0,0.0,0.0
16.534,3.141592653589793,0.0,0.0,0.0,0.0,0.0
16.536,3.141592653589793,0.0,0.0,0.0,0.0,0.0
16.538,3.141592653589793,0.0,0.0,0.0,0.0,0.0
16.54,3.141592653589793,0.0,0.0,0.0,0.0,0.0
16.542,3.141592653589793,0.0,0.0,0.0,0.0,0.0
16.544,3.141592653589793,0.0,0.0,0.0,0.0,0.0
16.546,3.141592653589793,0.0,0.0,0.0,0.0,0.0
16.548000000000002,3.141592653589793,0.0,0.0,0.0,0.0,0.0
16.55,3.141592653589793,0.0,0.0,0.0,0.0,0.0
16.552,3.141592653589793,0.0,0.0,0.0,0.0,0.0
16.554000000000002,3.141592653589793,0.0,0.0,0.0,0.0,0.0
16.556,3.141592653589793,0.0,0.0,0.0,0.0,0.0
16.558,3.141592653589793,0.0,0.0,0.0,0.0,0.0
16.56,3.141592653589793,0.0,0.0,0.0,0.0,0.0
16.562,3.141592653589793,0.0,0.0,0.0,0.0,0.0
16.564,3.141592653589793,0.0,0.0,0.0,0.0,0.0
16.566,3.141592653589793,0.0,0.0,0.0,0.0,0.0
16.568,3.141592653589793,0.0,0.0,0.0,0.0,0.0
16.57,3.141592653589793,0.0,0.0,0.0,0.0,0.0
16.572,3.141592653589793,0.0,0.0,0.0,0.0,0.0
16.574,3.141592653589793,0.0,0.0,0.0,0.0,0.0
16.576,3.141592653589793,0.0,0.0,0.0,0.0,0.0
16.578,3.141592653589793,0.0,0.0,0.0,0.0,0.0
16.580000000000002,3.141592653589793,0.0,0.0,0.0,0.0,0.0
16.582,3.141592653589793,0.0,0.0,0.0,0.0,0.0
16.584,3.141592653589793,0.0,0.0,0.0,0.0,0.0
16.586000000000002,3.141592653589793,0.0,0.0,0.0,0.0,0.0
16.588,3.141592653589793,0.0,0.0,0.0,0.0,0.0
16.59,3.141592653589793,0.0,0.0,0.0,0.0,0.0
16.592,3.141592653589793,0.0,0.0,0.0,0.0,0.0
16.594,3.141592653589793,0.0,0.0,0.0,0.0,0.0
16.596,3.141592653589793,0.0,0.0,0.0,0.0,0.0
16.598,3.141592653589793,0.0,0.0,0.0,0.0,0.0
16.6,3.141592653589793,0.0,0.0,0.0,0.0,0.0
16.602,3.141592653589793,0.0,0.0,0.0,0.0,0.0
16.604,3.141592653589793,0.0,0.0,0.0,0.0,0.0
16.606,3.141592653589793,0.0,0.0,0.0,0.0,0.0
16.608,3.141592653589793,0.0,0.0,0.0,0.0,0.0
16.61,3.141592653589793,0.0,0.0,0.0,0.0,0.0
16.612000000000002,3.141592653589793,0.0,0.0,0.0,0.0,0.0
16.614,3.141592653589793,0.0,0.0,0.0,0.0,0.0
16.616,3.141592653589793,0.0,0.0,0.0,0.0,0.0
16.618000000000002,3.141592653589793,0.0,0.0,0.0,0.0,0.0
16.62,3.141592653589793,0.0,0.0,0.0,0.0,0.0
16.622,3.141592653589793,0.0,0.0,0.0,0.0,0.0
16.624,3.141592653589793,0.0,0.0,0.0,0.0,0.0
16.626,3.141592653589793,0.0,0.0,0.0,0.0,0.0
16.628,3.141592653589793,0.0,0.0,0.0,0.0,0.0
16.63,3.141592653589793,0.0,0.0,0.0,0.0,0.0
16.632,3.141592653589793,0.0,0.0,0.0,0.0,0.0
16.634,3.141592653589793,0.0,0.0,0.0,0.0,0.0
16.636,3.141592653589793,0.0,0.0,0.0,0.0,0.0
16.638,3.141592653589793,0.0,0.0,0.0,0.0,0.0
16.64,3.141592653589793,0.0,0.0,0.0,0.0,0.0
16.642,3.141592653589793,0.0,0.0,0.0,0.0,0.0
16.644000000000002,3.141592653589793,0.0,0.0,0.0,0.0,0.0
16.646,3.141592653589793,0.0,0.0,0.0,0.0,0.0
16.648,3.141592653589793,0.0,0.0,0.0,0.0,0.0
16.65,3.141592653589793,0.0,0.0,0.0,0.0,0.0
16.652,3.141592653589793,0.0,0.0,0.0,0.0,0.0
16.654,3.141592653589793,0.0,0.0,0.0,0.0,0.0
16.656,3.141592653589793,0.0,0.0,0.0,0.0,0.0
16.658,3.141592653589793,0.0,0.0,0.0,0.0,0.0
16.66,3.141592653589793,0.0,0.0,0.0,0.0,0.0
16.662,3.141592653589793,0.0,0.0,0.0,0.0,0.0
16.664,3.141592653589793,0.0,0.0,0.0,0.0,0.0
16.666,3.141592653589793,0.0,0.0,0.0,0.0,0.0
16.668,3.141592653589793,0.0,0.0,0.0,0.0,0.0
16.67,3.141592653589793,0.0,0.0,0.0,0.0,0.0
16.672,3.141592653589793,0.0,0.0,0.0,0.0,0.0
16.674,3.141592653589793,0.0,0.0,0.0,0.0,0.0
16.676000000000002,3.141592653589793,0.0,0.0,0.0,0.0,0.0
16.678,3.141592653589793,0.0,0.0,0.0,0.0,0.0
16.68,3.141592653589793,0.0,0.0,0.0,0.0,0.0
16.682,3.141592653589793,0.0,0.0,0.0,0.0,0.0
16.684,3.141592653589793,0.0,0.0,0.0,0.0,0.0
16.686,3.141592653589793,0.0,0.0,0.0,0.0,0.0
16.688,3.141592653589793,0.0,0.0,0.0,0.0,0.0
16.69,3.141592653589793,0.0,0.0,0.0,0.0,0.0
16.692,3.141592653589793,0.0,0.0,0.0,0.0,0.0
16.694,3.141592653589793,0.0,0.0,0.0,0.0,0.0
16.696,3.141592653589793,0.0,0.0,0.0,0.0,0.0
16.698,3.141592653589793,0.0,0.0,0.0,0.0,0.0
16.7,3.141592653589793,0.0,0.0,0.0,0.0,0.0
16.702,3.141592653589793,0.0,0.0,0.0,0.0,0.0
16.704,3.141592653589793,0.0,0.0,0.0,0.0,0.0
16.706,3.141592653589793,0.0,0.0,0.0,0.0,0.0
16.708000000000002,3.141592653589793,0.0,0.0,0.0,0.0,0.0
16.71,3.141592653589793,0.0,0.0,0.0,0.0,0.0
16.712,3.141592653589793,0.0,0.0,0.0,0.0,0.0
16.714,3.141592653589793,0.0,0.0,0.0,0.0,0.0
16.716,3.141592653589793,0.0,0.0,0.0,0.0,0.0
16.718,3.141592653589793,0.0,0.0,0.0,0.0,0.0
16.72,3.141592653589793,0.0,0.0,0.0,0.0,0.0
16.722,3.141592653589793,0.0,0.0,0.0,0.0,0.0
16.724,3.141592653589793,0.0,0.0,0.0,0.0,0.0
16.726,3.141592653589793,0.0,0.0,0.0,0.0,0.0
16.728,3.141592653589793,0.0,0.0,0.0,0.0,0.0
16.73,3.141592653589793,0.0,0.0,0.0,0.0,0.0
16.732,3.141592653589793,0.0,0.0,0.0,0.0,0.0
16.734,3.141592653589793,0.0,0.0,0.0,0.0,0.0
16.736,3.141592653589793,0.0,0.0,0.0,0.0,0.0
16.738,3.141592653589793,0.0,0.0,0.0,0.0,0.0
16.740000000000002,3.141592653589793,0.0,0.0,0.0,0.0,0.0
16.742,3.141592653589793,0.0,0.0,0.0,0.0,0.0
16.744,3.141592653589793,0.0,0.0,0.0,0.0,0.0
16.746,3.141592653589793,0.0,0.0,0.0,0.0,0.0
16.748,3.141592653589793,0.0,0.0,0.0,0.0,0.0
16.75,3.141592653589793,0.0,0.0,0.0,0.0,0.0
16.752,3.141592653589793,0.0,0.0,0.0,0.0,0.0
16.754,3.141592653589793,0.0,0.0,0.0,0.0,0.0
16.756,3.141592653589793,0.0,0.0,0.0,0.0,0.0
16.758,3.141592653589793,0.0,0.0,0.0,0.0,0.0
16.76,3.141592653589793,0.0,0.0,0.0,0.0,0.0
16.762,3.141592653589793,0.0,0.0,0.0,0.0,0.0
16.764,3.141592653589793,0.0,0.0,0.0,0.0,0.0
16.766000000000002,3.141592653589793,0.0,0.0,0.0,0.0,0.0
16.768,3.141592653589793,0.0,0.0,0.0,0.0,0.0
16.77,3.141592653589793,0.0,0.0,0.0,0.0,0.0
16.772000000000002,3.141592653589793,0.0,0.0,0.0,0.0,0.0
16.774,3.141592653589793,0.0,0.0,0.0,0.0,0.0
16.776,3.141592653589793,0.0,0.0,0.0,0.0,0.0
16.778,3.141592653589793,0.0,0.0,0.0,0.0,0.0
16.78,3.141592653589793,0.0,0.0,0.0,0.0,0.0
16.782,3.141592653589793,0.0,0.0,0.0,0.0,0.0
16.784,3.141592653589793,0.0,0.0,0.0,0.0,0.0
16.786,3.141592653589793,0.0,0.0,0.0,0.0,0.0
16.788,3.141592653589793,0.0,0.0,0.0,0.0,0.0
16.79,3.141592653589793,0.0,0.0,0.0,0.0,0.0
16.792,3.141592653589793,0.0,0.0,0.0,0.0,0.0
16.794,3.141592653589793,0.0,0.0,0.0,0.0,0.0
16.796,3.141592653589793,0.0,0.0,0.0,0.0,0.0
16.798000000000002,3.141592653589793,0.0,0.0,0.0,0.0,0.0
16.8,3.141592653589793,0.0,0.0,0.0,0.0,0.0
16.802,3.141592653589793,0.0,0.0,0.0,0.0,0.0
16.804000000000002,3.141592653589793,0.0,0.0,0.0,0.0,0.0
16.806,3.141592653589793,0.0,0.0,0.0,0.0,0.0
16.808,3.141592653589793,0.0,0.0,0.0,0.0,0.0
16.81,3.141592653589793,0.0,0.0,0.0,0.0,0.0
16.812,3.141592653589793,0.0,0.0,0.0,0.0,0.0
16.814,3.141592653589793,0.0,0.0,0.0,0.0,0.0
16.816,3.141592653589793,0.0,0.0,0.0,0.0,0.0
16.818,3.141592653589793,0.0,0.0,0.0,0.0,0.0
16.82,3.141592653589793,0.0,0.0,0.0,0.0,0.0
16.822,3.141592653589793,0.0,0.0,0.0,0.0,0.0
16.824,3.141592653589793,0.0,0.0,0.0,0.0,0.0
16.826,3.141592653589793,0.0,0.0,0.0,0.0,0.0
16.828,3.141592653589793,0.0,0.0,0.0,0.0,0.0
16.830000000000002,3.141592653589793,0.0,0.0,0.0,0.0,0.0
16.832,3.141592653589793,0.0,0.0,0.0,0.0,0.0
16.834,3.141592653589793,0.0,0.0,0.0,0.0,0.0
16.836000000000002,3.141592653589793,0.0,0.0,0.0,0.0,0.0
16.838,3.141592653589793,0.0,0.0,0.0,0.0,0.0
16.84,3.141592653589793,0.0,0.0,0.0,0.0,0.0
16.842,3.141592653589793,0.0,0.0,0.0,0.0,0.0
16.844,3.141592653589793,0.0,0.0,0.0,0.0,0.0
16.846,3.141592653589793,0.0,0.0,0.0,0.0,0.0
16.848,3.141592653589793,0.0,0.0,0.0,0.0,0.0
16.85,3.141592653589793,0.0,0.0,0.0,0.0,0.0
16.852,3.141592653589793,0.0,0.0,0.0,0.0,0.0
16.854,3.141592653589793,0.0,0.0,0.0,0.0,0.0
16.856,3.141592653589793,0.0,0.0,0.0,0.0,0.0
16.858,3.141592653589793,0.0,0.0,0.0,0.0,0.0
16.86,3.141592653589793,0.0,0.0,0.0,0.0,0.0
16.862000000000002,3.141592653589793,0.0,0.0,0.0,0.0,0.0
16.864,3.141592653589793,0.0,0.0,0.0,0.0,0.0
16.866,3.141592653589793,0.0,0.0,0.0,0.0,0.0
16.868000000000002,3.141592653589793,0.0,0.0,0.0,0.0,0.0
16.87,3.141592653589793,0.0,0.0,0.0,0.0,0.0
16.872,3.141592653589793,0.0,0.0,0.0,0.0,0.0
16.874,3.141592653589793,0.0,0.0,0.0,0.0,0.0
16.876,3.141592653589793,0.0,0.0,0.0,0.0,0.0
16.878,3.141592653589793,0.0,0.0,0.0,0.0,0.0
16.88,3.141592653589793,0.0,0.0,0.0,0.0,0.0
16.882,3.141592653589793,0.0,0.0,0.0,0.0,0.0
16.884,3.141592653589793,0.0,0.0,0.0,0.0,0.0
16.886,3.141592653589793,0.0,0.0,0.0,0.0,0.0
16.888,3.141592653589793,0.0,0.0,0.0,0.0,0.0
16.89,3.141592653589793,0.0,0.0,0.0,0.0,0.0
16.892,3.141592653589793,0.0,0.0,0.0,0.0,0.0
16.894000000000002,3.141592653589793,0.0,0.0,0.0,0.0,0.0
16.896,3.141592653589793,0.0,0.0,0.0,0.0,0.0
16.898,3.141592653589793,0.0,0.0,0.0,0.0,0.0
16.9,3.141592653589793,0.0,0.0,0.0,0.0,0.0
16.902,3.141592653589793,0.0,0.0,0.0,0.0,0.0
16.904,3.141592653589793,0.0,0.0,0.0,0.0,0.0
16.906,3.141592653589793,0.0,0.0,0.0,0.0,0.0
16.908,3.141592653589793,0.0,0.0,0.0,0.0,0.0
16.91,3.141592653589793,0.0,0.0,0.0,0.0,0.0
16.912,3.141592653589793,0.0,0.0,0.0,0.0,0.0
16.914,3.141592653589793,0.0,0.0,0.0,0.0,0.0
16.916,3.141592653589793,0.0,0.0,0.0,0.0,0.0
16.918,3.141592653589793,0.0,0.0,0.0,0.0,0.0
16.92,3.141592653589793,0.0,0.0,0.0,0.0,0.0
16.922,3.141592653589793,0.0,0.0,0.0,0.0,0.0
16.924,3.141592653589793,0.0,0.0,0.0,0.0,0.0
16.926000000000002,3.141592653589793,0.0,0.0,0.0,0.0,0.0
16.928,3.141592653589793,0.0,0.0,0.0,0.0,0.0
16.93,3.141592653589793,0.0,0.0,0.0,0.0,0.0
16.932,3.141592653589793,0.0,0.0,0.0,0.0,0.0
16.934,3.141592653589793,0.0,0.0,0.0,0.0,0.0
16.936,3.141592653589793,0.0,0.0,0.0,0.0,0.0
16.938,3.141592653589793,0.0,0.0,0.0,0.0,0.0
16.94,3.141592653589793,0.0,0.0,0.0,0.0,0.0
16.942,3.141592653589793,0.0,0.0,0.0,0.0,0.0
16.944,3.141592653589793,0.0,0.0,0.0,0.0,0.0
16.946,3.141592653589793,0.0,0.0,0.0,0.0,0.0
16.948,3.141592653589793,0.0,0.0,0.0,0.0,0.0
16.95,3.141592653589793,0.0,0.0,0.0,0.0,0.0
16.952,3.141592653589793,0.0,0.0,0.0,0.0,0.0
16.954,3.141592653589793,0.0,0.0,0.0,0.0,0.0
16.956,3.141592653589793,0.0,0.0,0.0,0.0,0.0
16.958000000000002,3.141592653589793,0.0,0.0,0.0,0.0,0.0
16.96,3.141592653589793,0.0,0.0,0.0,0.0,0.0
16.962,3.141592653589793,0.0,0.0,0.0,0.0,0.0
16.964,3.141592653589793,0.0,0.0,0.0,0.0,0.0
16.966,3.141592653589793,0.0,0.0,0.0,0.0,0.0
16.968,3.141592653589793,0.0,0.0,0.0,0.0,0.0
16.97,3.141592653589793,0.0,0.0,0.0,0.0,0.0
16.972,3.141592653589793,0.0,0.0,0.0,0.0,0.0
16.974,3.141592653589793,0.0,0.0,0.0,0.0,0.0
16.976,3.141592653589793,0.0,0.0,0.0,0.0,0.0
16.978,3.141592653589793,0.0,0.0,0.0,0.0,0.0
16.98,3.141592653589793,0.0,0.0,0.0,0.0,0.0
16.982,3.141592653589793,0.0,0.0,0.0,0.0,0.0
16.984,3.141592653589793,0.0,0.0,0.0,0.0,0.0
16.986,3.141592653589793,0.0,0.0,0.0,0.0,0.0
16.988,3.141592653589793,0.0,0.0,0.0,0.0,0.0
16.990000000000002,3.141592653589793,0.0,0.0,0.0,0.0,0.0
16.992,3.141592653589793,0.0,0.0,0.0,0.0,0.0
16.994,3.141592653589793,0.0,0.0,0.0,0.0,0.0
16.996,3.141592653589793,0.0,0.0,0.0,0.0,0.0
16.998,3.141592653589793,0.0,0.0,0.0,0.0,0.0
17.0,3.141592653589793,0.0,0.0,0.0,0.0,0.0
17.002,3.141592653589793,0.0,0.0,0.0,0.0,0.0
17.004,3.141592653589793,0.0,0.0,0.0,0.0,0.0
17.006,3.141592653589793,0.0,0.0,0.0,0.0,0.0
17.008,3.141592653589793,0.0,0.0,0.0,0.0,0.0
17.01,3.141592653589793,0.0,0.0,0.0,0.0,0.0
17.012,3.141592653589793,0.0,0.0,0.0,0.0,0.0
17.014,3.141592653589793,0.0,0.0,0.0,0.0,0.0
17.016000000000002,3.141592653589793,0.0,0.0,0.0,0.0,0.0
17.018,3.141592653589793,0.0,0.0,0.0,0.0,0.0
17.02,3.141592653589793,0.0,0.0,0.0,0.0,0.0
17.022000000000002,3.141592653589793,0.0,0.0,0.0,0.0,0.0
17.024,3.141592653589793,0.0,0.0,0.0,0.0,0.0
17.026,3.141592653589793,0.0,0.0,0.0,0.0,0.0
17.028,3.141592653589793,0.0,0.0,0.0,0.0,0.0
17.03,3.141592653589793,0.0,0.0,0.0,0.0,0.0
17.032,3.141592653589793,0.0,0.0,0.0,0.0,0.0
17.034,3.141592653589793,0.0,0.0,0.0,0.0,0.0
17.036,3.141592653589793,0.0,0.0,0.0,0.0,0.0
17.038,3.141592653589793,0.0,0.0,0.0,0.0,0.0
17.04,3.141592653589793,0.0,0.0,0.0,0.0,0.0
17.042,3.141592653589793,0.0,0.0,0.0,0.0,0.0
17.044,3.141592653589793,0.0,0.0,0.0,0.0,0.0
17.046,3.141592653589793,0.0,0.0,0.0,0.0,0.0
17.048000000000002,3.141592653589793,0.0,0.0,0.0,0.0,0.0
17.05,3.141592653589793,0.0,0.0,0.0,0.0,0.0
17.052,3.141592653589793,0.0,0.0,0.0,0.0,0.0
17.054000000000002,3.141592653589793,0.0,0.0,0.0,0.0,0.0
17.056,3.141592653589793,0.0,0.0,0.0,0.0,0.0
17.058,3.141592653589793,0.0,0.0,0.0,0.0,0.0
17.06,3.141592653589793,0.0,0.0,0.0,0.0,0.0
17.062,3.141592653589793,0.0,0.0,0.0,0.0,0.0
17.064,3.141592653589793,0.0,0.0,0.0,0.0,0.0
17.066,3.141592653589793,0.0,0.0,0.0,0.0,0.0
17.068,3.141592653589793,0.0,0.0,0.0,0.0,0.0
17.07,3.141592653589793,0.0,0.0,0.0,0.0,0.0
17.072,3.141592653589793,0.0,0.0,0.0,0.0,0.0
17.074,3.141592653589793,0.0,0.0,0.0,0.0,0.0
17.076,3.141592653589793,0.0,0.0,0.0,0.0,0.0
17.078,3.141592653589793,0.0,0.0,0.0,0.0,0.0
17.080000000000002,3.141592653589793,0.0,0.0,0.0,0.0,0.0
17.082,3.141592653589793,0.0,0.0,0.0,0.0,0.0
17.084,3.141592653589793,0.0,0.0,0.0,0.0,0.0
17.086000000000002,3.141592653589793,0.0,0.0,0.0,0.0,0.0
17.088,3.141592653589793,0.0,0.0,0.0,0.0,0.0
17.09,3.141592653589793,0.0,0.0,0.0,0.0,0.0
17.092,3.141592653589793,0.0,0.0,0.0,0.0,0.0
17.094,3.141592653589793,0.0,0.0,0.0,0.0,0.0
17.096,3.141592653589793,0.0,0.0,0.0,0.0,0.0
17.098,3.141592653589793,0.0,0.0,0.0,0.0,0.0
17.1,3.141592653589793,0.0,0.0,0.0,0.0,0.0
17.102,3.141592653589793,0.0,0.0,0.0,0.0,0.0
17.104,3.141592653589793,0.0,0.0,0.0,0.0,0.0
17.106,3.141592653589793,0.0,0.0,0.0,0.0,0.0
17.108,3.141592653589793,0.0,0.0,0.0,0.0,0.0
17.11,3.141592653589793,0.0,0.0,0.0,0.0,0.0
17.112000000000002,3.141592653589793,0.0,0.0,0.0,0.0,0.0
17.114,3.141592653589793,0.0,0.0,0.0,0.0,0.0
17.116,3.141592653589793,0.0,0.0,0.0,0.0,0.0
17.118000000000002,3.141592653589793,0.0,0.0,0.0,0.0,0.0
17.12,3.141592653589793,0.0,0.0,0.0,0.0,0.0
17.122,3.141592653589793,0.0,0.0,0.0,0.0,0.0
17.124,3.141592653589793,0.0,0.0,0.0,0.0,0.0
17.126,3.141592653589793,0.0,0.0,0.0,0.0,0.0
17.128,3.141592653589793,0.0,0.0,0.0,0.0,0.0
17.13,3.141592653589793,0.0,0.0,0.0,0.0,0.0
17.132,3.141592653589793,0.0,0.0,0.0,0.0,0.0
17.134,3.141592653589793,0.0,0.0,0.0,0.0,0.0
17.136,3.141592653589793,0.0,0.0,0.0,0.0,0.0
17.138,3.141592653589793,0.0,0.0,0.0,0.0,0.0
17.14,3.141592653589793,0.0,0.0,0.0,0.0,0.0
17.142,3.141592653589793,0.0,0.0,0.0,0.0,0.0
17.144000000000002,3.141592653589793,0.0,0.0,0.0,0.0,0.0
17.146,3.141592653589793,0.0,0.0,0.0,0.0,0.0
17.148,3.141592653589793,0.0,0.0,0.0,0.0,0.0
17.150000000000002,3.141592653589793,0.0,0.0,0.0,0.0,0.0
17.152,3.141592653589793,0.0,0.0,0.0,0.0,0.0
17.154,3.141592653589793,0.0,0.0,0.0,0.0,0.0
17.156,3.141592653589793,0.0,0.0,0.0,0.0,0.0
17.158,3.141592653589793,0.0,0.0,0.0,0.0,0.0
17.16,3.141592653589793,0.0,0.0,0.0,0.0,0.0
17.162,3.141592653589793,0.0,0.0,0.0,0.0,0.0
17.164,3.141592653589793,0.0,0.0,0.0,0.0,0.0
17.166,3.141592653589793,0.0,0.0,0.0,0.0,0.0
17.168,3.141592653589793,0.0,0.0,0.0,0.0,0.0
17.17,3.141592653589793,0.0,0.0,0.0,0.0,0.0
17.172,3.141592653589793,0.0,0.0,0.0,0.0,0.0
17.174,3.141592653589793,0.0,0.0,0.0,0.0,0.0
17.176000000000002,3.141592653589793,0.0,0.0,0.0,0.0,0.0
17.178,3.141592653589793,0.0,0.0,0.0,0.0,0.0
17.18,3.141592653589793,0.0,0.0,0.0,0.0,0.0
17.182,3.141592653589793,0.0,0.0,0.0,0.0,0.0
17.184,3.141592653589793,0.0,0.0,0.0,0.0,0.0
17.186,3.141592653589793,0.0,0.0,0.0,0.0,0.0
17.188,3.141592653589793,0.0,0.0,0.0,0.0,0.0
17.19,3.141592653589793,0.0,0.0,0.0,0.0,0.0
17.192,3.141592653589793,0.0,0.0,0.0,0.0,0.0
17.194,3.141592653589793,0.0,0.0,0.0,0.0,0.0
17.196,3.141592653589793,0.0,0.0,0.0,0.0,0.0
17.198,3.141592653589793,0.0,0.0,0.0,0.0,0.0
17.2,3.141592653589793,0.0,0.0,0.0,0.0,0.0
17.202,3.141592653589793,0.0,0.0,0.0,0.0,0.0
17.204,3.141592653589793,0.0,0.0,0.0,0.0,0.0
17.206,3.141592653589793,0.0,0.0,0.0,0.0,0.0
17.208000000000002,3.141592653589793,0.0,0.0,0.0,0.0,0.0
17.21,3.141592653589793,0.0,0.0,0.0,0.0,0.0
17.212,3.141592653589793,0.0,0.0,0.0,0.0,0.0
17.214,3.141592653589793,0.0,0.0,0.0,0.0,0.0
17.216,3.141592653589793,0.0,0.0,0.0,0.0,0.0
17.218,3.141592653589793,0.0,0.0,0.0,0.0,0.0
17.22,3.141592653589793,0.0,0.0,0.0,0.0,0.0
17.222,3.141592653589793,0.0,0.0,0.0,0.0,0.0
17.224,3.141592653589793,0.0,0.0,0.0,0.0,0.0
17.226,3.141592653589793,0.0,0.0,0.0,0.0,0.0
17.228,3.141592653589793,0.0,0.0,0.0,0.0,0.0
17.23,3.141592653589793,0.0,0.0,0.0,0.0,0.0
17.232,3.141592653589793,0.0,0.0,0.0,0.0,0.0
17.234,3.141592653589793,0.0,0.0,0.0,0.0,0.0
17.236,3.141592653589793,0.0,0.0,0.0,0.0,0.0
17.238,3.141592653589793,0.0,0.0,0.0,0.0,0.0
17.240000000000002,3.141592653589793,0.0,0.0,0.0,0.0,0.0
17.242,3.141592653589793,0.0,0.0,0.0,0.0,0.0
17.244,3.141592653589793,0.0,0.0,0.0,0.0,0.0
17.246,3.141592653589793,0.0,0.0,0.0,0.0,0.0
17.248,3.141592653589793,0.0,0.0,0.0,0.0,0.0
17.25,3.141592653589793,0.0,0.0,0.0,0.0,0.0
17.252,3.141592653589793,0.0,0.0,0.0,0.0,0.0
17.254,3.141592653589793,0.0,0.0,0.0,0.0,0.0
17.256,3.141592653589793,0.0,0.0,0.0,0.0,0.0
17.258,3.141592653589793,0.0,0.0,0.0,0.0,0.0
17.26,3.141592653589793,0.0,0.0,0.0,0.0,0.0
17.262,3.141592653589793,0.0,0.0,0.0,0.0,0.0
17.264,3.141592653589793,0.0,0.0,0.0,0.0,0.0
17.266000000000002,3.141592653589793,0.0,0.0,0.0,0.0,0.0
17.268,3.141592653589793,0.0,0.0,0.0,0.0,0.0
17.27,3.141592653589793,0.0,0.0,0.0,0.0,0.0
17.272000000000002,3.141592653589793,0.0,0.0,0.0,0.0,0.0
17.274,3.141592653589793,0.0,0.0,0.0,0.0,0.0
17.276,3.141592653589793,0.0,0.0,0.0,0.0,0.0
17.278,3.141592653589793,0.0,0.0,0.0,0.0,0.0
17.28,3.141592653589793,0.0,0.0,0.0,0.0,0.0
17.282,3.141592653589793,0.0,0.0,0.0,0.0,0.0
17.284,3.141592653589793,0.0,0.0,0.0,0.0,0.0
17.286,3.141592653589793,0.0,0.0,0.0,0.0,0.0
17.288,3.141592653589793,0.0,0.0,0.0,0.0,0.0
17.29,3.141592653589793,0.0,0.0,0.0,0.0,0.0
17.292,3.141592653589793,0.0,0.0,0.0,0.0,0.0
17.294,3.141592653589793,0.0,0.0,0.0,0.0,0.0
17.296,3.141592653589793,0.0,0.0,0.0,0.0,0.0
17.298000000000002,3.141592653589793,0.0,0.0,0.0,0.0,0.0
17.3,3.141592653589793,0.0,0.0,0.0,0.0,0.0
17.302,3.141592653589793,0.0,0.0,0.0,0.0,0.0
17.304000000000002,3.141592653589793,0.0,0.0,0.0,0.0,0.0
17.306,3.141592653589793,0.0,0.0,0.0,0.0,0.0
17.308,3.141592653589793,0.0,0.0,0.0,0.0,0.0
17.31,3.141592653589793,0.0,0.0,0.0,0.0,0.0
17.312,3.141592653589793,0.0,0.0,0.0,0.0,0.0
17.314,3.141592653589793,0.0,0.0,0.0,0.0,0.0
17.316,3.141592653589793,0.0,0.0,0.0,0.0,0.0
17.318,3.141592653589793,0.0,0.0,0.0,0.0,0.0
17.32,3.141592653589793,0.0,0.0,0.0,0.0,0.0
17.322,3.141592653589793,0.0,0.0,0.0,0.0,0.0
17.324,3.141592653589793,0.0,0.0,0.0,0.0,0.0
17.326,3.141592653589793,0.0,0.0,0.0,0.0,0.0
17.328,3.141592653589793,0.0,0.0,0.0,0.0,0.0
17.330000000000002,3.141592653589793,0.0,0.0,0.0,0.0,0.0
17.332,3.141592653589793,0.0,0.0,0.0,0.0,0.0
17.334,3.141592653589793,0.0,0.0,0.0,0.0,0.0
17.336000000000002,3.141592653589793,0.0,0.0,0.0,0.0,0.0
17.338,3.141592653589793,0.0,0.0,0.0,0.0,0.0
17.34,3.141592653589793,0.0,0.0,0.0,0.0,0.0
17.342,3.141592653589793,0.0,0.0,0.0,0.0,0.0
17.344,3.141592653589793,0.0,0.0,0.0,0.0,0.0
17.346,3.141592653589793,0.0,0.0,0.0,0.0,0.0
17.348,3.141592653589793,0.0,0.0,0.0,0.0,0.0
17.35,3.141592653589793,0.0,0.0,0.0,0.0,0.0
17.352,3.141592653589793,0.0,0.0,0.0,0.0,0.0
17.354,3.141592653589793,0.0,0.0,0.0,0.0,0.0
17.356,3.141592653589793,0.0,0.0,0.0,0.0,0.0
17.358,3.141592653589793,0.0,0.0,0.0,0.0,0.0
17.36,3.141592653589793,0.0,0.0,0.0,0.0,0.0
17.362000000000002,3.141592653589793,0.0,0.0,0.0,0.0,0.0
17.364,3.141592653589793,0.0,0.0,0.0,0.0,0.0
17.366,3.141592653589793,0.0,0.0,0.0,0.0,0.0
17.368000000000002,3.141592653589793,0.0,0.0,0.0,0.0,0.0
17.37,3.141592653589793,0.0,0.0,0.0,0.0,0.0
17.372,3.141592653589793,0.0,0.0,0.0,0.0,0.0
17.374,3.141592653589793,0.0,0.0,0.0,0.0,0.0
17.376,3.141592653589793,0.0,0.0,0.0,0.0,0.0
17.378,3.141592653589793,0.0,0.0,0.0,0.0,0.0
17.38,3.141592653589793,0.0,0.0,0.0,0.0,0.0
17.382,3.141592653589793,0.0,0.0,0.0,0.0,0.0
17.384,3.141592653589793,0.0,0.0,0.0,0.0,0.0
17.386,3.141592653589793,0.0,0.0,0.0,0.0,0.0
17.388,3.141592653589793,0.0,0.0,0.0,0.0,0.0
17.39,3.141592653589793,0.0,0.0,0.0,0.0,0.0
17.392,3.141592653589793,0.0,0.0,0.0,0.0,0.0
17.394000000000002,3.141592653589793,0.0,0.0,0.0,0.0,0.0
17.396,3.141592653589793,0.0,0.0,0.0,0.0,0.0
17.398,3.141592653589793,0.0,0.0,0.0,0.0,0.0
17.400000000000002,3.141592653589793,0.0,0.0,0.0,0.0,0.0
17.402,3.141592653589793,0.0,0.0,0.0,0.0,0.0
17.404,3.141592653589793,0.0,0.0,0.0,0.0,0.0
17.406,3.141592653589793,0.0,0.0,0.0,0.0,0.0
17.408,3.141592653589793,0.0,0.0,0.0,0.0,0.0
17.41,3.141592653589793,0.0,0.0,0.0,0.0,0.0
17.412,3.141592653589793,0.0,0.0,0.0,0.0,0.0
17.414,3.141592653589793,0.0,0.0,0.0,0.0,0.0
17.416,3.141592653589793,0.0,0.0,0.0,0.0,0.0
17.418,3.141592653589793,0.0,0.0,0.0,0.0,0.0
17.42,3.141592653589793,0.0,0.0,0.0,0.0,0.0
17.422,3.141592653589793,0.0,0.0,0.0,0.0,0.0
17.424,3.141592653589793,0.0,0.0,0.0,0.0,0.0
17.426000000000002,3.141592653589793,0.0,0.0,0.0,0.0,0.0
17.428,3.141592653589793,0.0,0.0,0.0,0.0,0.0
17.43,3.141592653589793,0.0,0.0,0.0,0.0,0.0
17.432,3.141592653589793,0.0,0.0,0.0,0.0,0.0
17.434,3.141592653589793,0.0,0.0,0.0,0.0,0.0
17.436,3.141592653589793,0.0,0.0,0.0,0.0,0.0
17.438,3.141592653589793,0.0,0.0,0.0,0.0,0.0
17.44,3.141592653589793,0.0,0.0,0.0,0.0,0.0
17.442,3.141592653589793,0.0,0.0,0.0,0.0,0.0
17.444,3.141592653589793,0.0,0.0,0.0,0.0,0.0
17.446,3.141592653589793,0.0,0.0,0.0,0.0,0.0
17.448,3.141592653589793,0.0,0.0,0.0,0.0,0.0
17.45,3.141592653589793,0.0,0.0,0.0,0.0,0.0
17.452,3.141592653589793,0.0,0.0,0.0,0.0,0.0
17.454,3.141592653589793,0.0,0.0,0.0,0.0,0.0
17.456,3.141592653589793,0.0,0.0,0.0,0.0,0.0
17.458000000000002,3.141592653589793,0.0,0.0,0.0,0.0,0.0
17.46,3.141592653589793,0.0,0.0,0.0,0.0,0.0
17.462,3.141592653589793,0.0,0.0,0.0,0.0,0.0
17.464,3.141592653589793,0.0,0.0,0.0,0.0,0.0
17.466,3.141592653589793,0.0,0.0,0.0,0.0,0.0
17.468,3.141592653589793,0.0,0.0,0.0,0.0,0.0
17.47,3.141592653589793,0.0,0.0,0.0,0.0,0.0
17.472,3.141592653589793,0.0,0.0,0.0,0.0,0.0
17.474,3.141592653589793,0.0,0.0,0.0,0.0,0.0
17.476,3.141592653589793,0.0,0.0,0.0,0.0,0.0
17.478,3.141592653589793,0.0,0.0,0.0,0.0,0.0
17.48,3.141592653589793,0.0,0.0,0.0,0.0,0.0
17.482,3.141592653589793,0.0,0.0,0.0,0.0,0.0
17.484,3.141592653589793,0.0,0.0,0.0,0.0,0.0
17.486,3.141592653589793,0.0,0.0,0.0,0.0,0.0
17.488,3.141592653589793,0.0,0.0,0.0,0.0,0.0
17.490000000000002,3.141592653589793,0.0,0.0,0.0,0.0,0.0
17.492,3.141592653589793,0.0,0.0,0.0,0.0,0.0
17.494,3.141592653589793,0.0,0.0,0.0,0.0,0.0
17.496,3.141592653589793,0.0,0.0,0.0,0.0,0.0
17.498,3.141592653589793,0.0,0.0,0.0,0.0,0.0
17.5,3.141592653589793,0.0,0.0,0.0,0.0,0.0
17.502,3.141592653589793,0.0,0.0,0.0,0.0,0.0
17.504,3.141592653589793,0.0,0.0,0.0,0.0,0.0
17.506,3.141592653589793,0.0,0.0,0.0,0.0,0.0
17.508,3.141592653589793,0.0,0.0,0.0,0.0,0.0
17.51,3.141592653589793,0.0,0.0,0.0,0.0,0.0
17.512,3.141592653589793,0.0,0.0,0.0,0.0,0.0
17.514,3.141592653589793,0.0,0.0,0.0,0.0,0.0
17.516000000000002,3.141592653589793,0.0,0.0,0.0,0.0,0.0
17.518,3.141592653589793,0.0,0.0,0.0,0.0,0.0
17.52,3.141592653589793,0.0,0.0,0.0,0.0,0.0
17.522000000000002,3.141592653589793,0.0,0.0,0.0,0.0,0.0
17.524,3.141592653589793,0.0,0.0,0.0,0.0,0.0
17.526,3.141592653589793,0.0,0.0,0.0,0.0,0.0
17.528,3.141592653589793,0.0,0.0,0.0,0.0,0.0
17.53,3.141592653589793,0.0,0.0,0.0,0.0,0.0
17.532,3.141592653589793,0.0,0.0,0.0,0.0,0.0
17.534,3.141592653589793,0.0,0.0,0.0,0.0,0.0
17.536,3.141592653589793,0.0,0.0,0.0,0.0,0.0
17.538,3.141592653589793,0.0,0.0,0.0,0.0,0.0
17.54,3.141592653589793,0.0,0.0,0.0,0.0,0.0
17.542,3.141592653589793,0.0,0.0,0.0,0.0,0.0
17.544,3.141592653589793,0.0,0.0,0.0,0.0,0.0
17.546,3.141592653589793,0.0,0.0,0.0,0.0,0.0
17.548000000000002,3.141592653589793,0.0,0.0,0.0,0.0,0.0
17.55,3.141592653589793,0.0,0.0,0.0,0.0,0.0
17.552,3.141592653589793,0.0,0.0,0.0,0.0,0.0
17.554000000000002,3.141592653589793,0.0,0.0,0.0,0.0,0.0
17.556,3.141592653589793,0.0,0.0,0.0,0.0,0.0
17.558,3.141592653589793,0.0,0.0,0.0,0.0,0.0
17.56,3.141592653589793,0.0,0.0,0.0,0.0,0.0
17.562,3.141592653589793,0.0,0.0,0.0,0.0,0.0
17.564,3.141592653589793,0.0,0.0,0.0,0.0,0.0
17.566,3.141592653589793,0.0,0.0,0.0,0.0,0.0
17.568,3.141592653589793,0.0,0.0,0.0,0.0,0.0
17.57,3.141592653589793,0.0,0.0,0.0,0.0,0.0
17.572,3.141592653589793,0.0,0.0,0.0,0.0,0.0
17.574,3.141592653589793,0.0,0.0,0.0,0.0,0.0
17.576,3.141592653589793,0.0,0.0,0.0,0.0,0.0
17.578,3.141592653589793,0.0,0.0,0.0,0.0,0.0
17.580000000000002,3.141592653589793,0.0,0.0,0.0,0.0,0.0
17.582,3.141592653589793,0.0,0.0,0.0,0.0,0.0
17.584,3.141592653589793,0.0,0.0,0.0,0.0,0.0
17.586000000000002,3.141592653589793,0.0,0.0,0.0,0.0,0.0
17.588,3.141592653589793,0.0,0.0,0.0,0.0,0.0
17.59,3.141592653589793,0.0,0.0,0.0,0.0,0.0
17.592,3.141592653589793,0.0,0.0,0.0,0.0,0.0
17.594,3.141592653589793,0.0,0.0,0.0,0.0,0.0
17.596,3.141592653589793,0.0,0.0,0.0,0.0,0.0
17.598,3.141592653589793,0.0,0.0,0.0,0.0,0.0
17.6,3.141592653589793,0.0,0.0,0.0,0.0,0.0
17.602,3.141592653589793,0.0,0.0,0.0,0.0,0.0
17.604,3.141592653589793,0.0,0.0,0.0,0.0,0.0
17.606,3.141592653589793,0.0,0.0,0.0,0.0,0.0
17.608,3.141592653589793,0.0,0.0,0.0,0.0,0.0
17.61,3.141592653589793,0.0,0.0,0.0,0.0,0.0
17.612000000000002,3.141592653589793,0.0,0.0,0.0,0.0,0.0
17.614,3.141592653589793,0.0,0.0,0.0,0.0,0.0
17.616,3.141592653589793,0.0,0.0,0.0,0.0,0.0
17.618000000000002,3.141592653589793,0.0,0.0,0.0,0.0,0.0
17.62,3.141592653589793,0.0,0.0,0.0,0.0,0.0
17.622,3.141592653589793,0.0,0.0,0.0,0.0,0.0
17.624,3.141592653589793,0.0,0.0,0.0,0.0,0.0
17.626,3.141592653589793,0.0,0.0,0.0,0.0,0.0
17.628,3.141592653589793,0.0,0.0,0.0,0.0,0.0
17.63,3.141592653589793,0.0,0.0,0.0,0.0,0.0
17.632,3.141592653589793,0.0,0.0,0.0,0.0,0.0
17.634,3.141592653589793,0.0,0.0,0.0,0.0,0.0
17.636,3.141592653589793,0.0,0.0,0.0,0.0,0.0
17.638,3.141592653589793,0.0,0.0,0.0,0.0,0.0
17.64,3.141592653589793,0.0,0.0,0.0,0.0,0.0
17.642,3.141592653589793,0.0,0.0,0.0,0.0,0.0
17.644000000000002,3.141592653589793,0.0,0.0,0.0,0.0,0.0
17.646,3.141592653589793,0.0,0.0,0.0,0.0,0.0
17.648,3.141592653589793,0.0,0.0,0.0,0.0,0.0
17.650000000000002,3.141592653589793,0.0,0.0,0.0,0.0,0.0
17.652,3.141592653589793,0.0,0.0,0.0,0.0,0.0
17.654,3.141592653589793,0.0,0.0,0.0,0.0,0.0
17.656,3.141592653589793,0.0,0.0,0.0,0.0,0.0
17.658,3.141592653589793,0.0,0.0,0.0,0.0,0.0
17.66,3.141592653589793,0.0,0.0,0.0,0.0,0.0
17.662,3.141592653589793,0.0,0.0,0.0,0.0,0.0
17.664,3.141592653589793,0.0,0.0,0.0,0.0,0.0
17.666,3.141592653589793,0.0,0.0,0.0,0.0,0.0
17.668,3.141592653589793,0.0,0.0,0.0,0.0,0.0
17.67,3.141592653589793,0.0,0.0,0.0,0.0,0.0
17.672,3.141592653589793,0.0,0.0,0.0,0.0,0.0
17.674,3.141592653589793,0.0,0.0,0.0,0.0,0.0
17.676000000000002,3.141592653589793,0.0,0.0,0.0,0.0,0.0
17.678,3.141592653589793,0.0,0.0,0.0,0.0,0.0
17.68,3.141592653589793,0.0,0.0,0.0,0.0,0.0
17.682,3.141592653589793,0.0,0.0,0.0,0.0,0.0
17.684,3.141592653589793,0.0,0.0,0.0,0.0,0.0
17.686,3.141592653589793,0.0,0.0,0.0,0.0,0.0
17.688,3.141592653589793,0.0,0.0,0.0,0.0,0.0
17.69,3.141592653589793,0.0,0.0,0.0,0.0,0.0
17.692,3.141592653589793,0.0,0.0,0.0,0.0,0.0
17.694,3.141592653589793,0.0,0.0,0.0,0.0,0.0
17.696,3.141592653589793,0.0,0.0,0.0,0.0,0.0
17.698,3.141592653589793,0.0,0.0,0.0,0.0,0.0
17.7,3.141592653589793,0.0,0.0,0.0,0.0,0.0
17.702,3.141592653589793,0.0,0.0,0.0,0.0,0.0
17.704,3.141592653589793,0.0,0.0,0.0,0.0,0.0
17.706,3.141592653589793,0.0,0.0,0.0,0.0,0.0
17.708000000000002,3.141592653589793,0.0,0.0,0.0,0.0,0.0
17.71,3.141592653589793,0.0,0.0,0.0,0.0,0.0
17.712,3.141592653589793,0.0,0.0,0.0,0.0,0.0
17.714,3.141592653589793,0.0,0.0,0.0,0.0,0.0
17.716,3.141592653589793,0.0,0.0,0.0,0.0,0.0
17.718,3.141592653589793,0.0,0.0,0.0,0.0,0.0
17.72,3.141592653589793,0.0,0.0,0.0,0.0,0.0
17.722,3.141592653589793,0.0,0.0,0.0,0.0,0.0
17.724,3.141592653589793,0.0,0.0,0.0,0.0,0.0
17.726,3.141592653589793,0.0,0.0,0.0,0.0,0.0
17.728,3.141592653589793,0.0,0.0,0.0,0.0,0.0
17.73,3.141592653589793,0.0,0.0,0.0,0.0,0.0
17.732,3.141592653589793,0.0,0.0,0.0,0.0,0.0
17.734,3.141592653589793,0.0,0.0,0.0,0.0,0.0
17.736,3.141592653589793,0.0,0.0,0.0,0.0,0.0
17.738,3.141592653589793,0.0,0.0,0.0,0.0,0.0
17.740000000000002,3.141592653589793,0.0,0.0,0.0,0.0,0.0
17.742,3.141592653589793,0.0,0.0,0.0,0.0,0.0
17.744,3.141592653589793,0.0,0.0,0.0,0.0,0.0
17.746,3.141592653589793,0.0,0.0,0.0,0.0,0.0
17.748,3.141592653589793,0.0,0.0,0.0,0.0,0.0
17.75,3.141592653589793,0.0,0.0,0.0,0.0,0.0
17.752,3.141592653589793,0.0,0.0,0.0,0.0,0.0
17.754,3.141592653589793,0.0,0.0,0.0,0.0,0.0
17.756,3.141592653589793,0.0,0.0,0.0,0.0,0.0
17.758,3.141592653589793,0.0,0.0,0.0,0.0,0.0
17.76,3.141592653589793,0.0,0.0,0.0,0.0,0.0
17.762,3.141592653589793,0.0,0.0,0.0,0.0,0.0
17.764,3.141592653589793,0.0,0.0,0.0,0.0,0.0
17.766000000000002,3.141592653589793,0.0,0.0,0.0,0.0,0.0
17.768,3.141592653589793,0.0,0.0,0.0,0.0,0.0
17.77,3.141592653589793,0.0,0.0,0.0,0.0,0.0
17.772000000000002,3.141592653589793,0.0,0.0,0.0,0.0,0.0
17.774,3.141592653589793,0.0,0.0,0.0,0.0,0.0
17.776,3.141592653589793,0.0,0.0,0.0,0.0,0.0
17.778,3.141592653589793,0.0,0.0,0.0,0.0,0.0
17.78,3.141592653589793,0.0,0.0,0.0,0.0,0.0
17.782,3.141592653589793,0.0,0.0,0.0,0.0,0.0
17.784,3.141592653589793,0.0,0.0,0.0,0.0,0.0
17.786,3.141592653589793,0.0,0.0,0.0,0.0,0.0
17.788,3.141592653589793,0.0,0.0,0.0,0.0,0.0
17.79,3.141592653589793,0.0,0.0,0.0,0.0,0.0
17.792,3.141592653589793,0.0,0.0,0.0,0.0,0.0
17.794,3.141592653589793,0.0,0.0,0.0,0.0,0.0
17.796,3.141592653589793,0.0,0.0,0.0,0.0,0.0
17.798000000000002,3.141592653589793,0.0,0.0,0.0,0.0,0.0
17.8,3.141592653589793,0.0,0.0,0.0,0.0,0.0
17.802,3.141592653589793,0.0,0.0,0.0,0.0,0.0
17.804000000000002,3.141592653589793,0.0,0.0,0.0,0.0,0.0
17.806,3.141592653589793,0.0,0.0,0.0,0.0,0.0
17.808,3.141592653589793,0.0,0.0,0.0,0.0,0.0
17.81,3.141592653589793,0.0,0.0,0.0,0.0,0.0
17.812,3.141592653589793,0.0,0.0,0.0,0.0,0.0
17.814,3.141592653589793,0.0,0.0,0.0,0.0,0.0
17.816,3.141592653589793,0.0,0.0,0.0,0.0,0.0
17.818,3.141592653589793,0.0,0.0,0.0,0.0,0.0
17.82,3.141592653589793,0.0,0.0,0.0,0.0,0.0
17.822,3.141592653589793,0.0,0.0,0.0,0.0,0.0
17.824,3.141592653589793,0.0,0.0,0.0,0.0,0.0
17.826,3.141592653589793,0.0,0.0,0.0,0.0,0.0
17.828,3.141592653589793,0.0,0.0,0.0,0.0,0.0
17.830000000000002,3.141592653589793,0.0,0.0,0.0,0.0,0.0
17.832,3.141592653589793,0.0,0.0,0.0,0.0,0.0
17.834,3.141592653589793,0.0,0.0,0.0,0.0,0.0
17.836000000000002,3.141592653589793,0.0,0.0,0.0,0.0,0.0
17.838,3.141592653589793,0.0,0.0,0.0,0.0,0.0
17.84,3.141592653589793,0.0,0.0,0.0,0.0,0.0
17.842,3.141592653589793,0.0,0.0,0.0,0.0,0.0
17.844,3.141592653589793,0.0,0.0,0.0,0.0,0.0
17.846,3.141592653589793,0.0,0.0,0.0,0.0,0.0
17.848,3.141592653589793,0.0,0.0,0.0,0.0,0.0
17.85,3.141592653589793,0.0,0.0,0.0,0.0,0.0
17.852,3.141592653589793,0.0,0.0,0.0,0.0,0.0
17.854,3.141592653589793,0.0,0.0,0.0,0.0,0.0
17.856,3.141592653589793,0.0,0.0,0.0,0.0,0.0
17.858,3.141592653589793,0.0,0.0,0.0,0.0,0.0
17.86,3.141592653589793,0.0,0.0,0.0,0.0,0.0
17.862000000000002,3.141592653589793,0.0,0.0,0.0,0.0,0.0
17.864,3.141592653589793,0.0,0.0,0.0,0.0,0.0
17.866,3.141592653589793,0.0,0.0,0.0,0.0,0.0
17.868000000000002,3.141592653589793,0.0,0.0,0.0,0.0,0.0
17.87,3.141592653589793,0.0,0.0,0.0,0.0,0.0
17.872,3.141592653589793,0.0,0.0,0.0,0.0,0.0
17.874,3.141592653589793,0.0,0.0,0.0,0.0,0.0
17.876,3.141592653589793,0.0,0.0,0.0,0.0,0.0
17.878,3.141592653589793,0.0,0.0,0.0,0.0,0.0
17.88,3.141592653589793,0.0,0.0,0.0,0.0,0.0
17.882,3.141592653589793,0.0,0.0,0.0,0.0,0.0
17.884,3.141592653589793,0.0,0.0,0.0,0.0,0.0
17.886,3.141592653589793,0.0,0.0,0.0,0.0,0.0
17.888,3.141592653589793,0.0,0.0,0.0,0.0,0.0
17.89,3.141592653589793,0.0,0.0,0.0,0.0,0.0
17.892,3.141592653589793,0.0,0.0,0.0,0.0,0.0
17.894000000000002,3.141592653589793,0.0,0.0,0.0,0.0,0.0
17.896,3.141592653589793,0.0,0.0,0.0,0.0,0.0
17.898,3.141592653589793,0.0,0.0,0.0,0.0,0.0
17.900000000000002,3.141592653589793,0.0,0.0,0.0,0.0,0.0
17.902,3.141592653589793,0.0,0.0,0.0,0.0,0.0
17.904,3.141592653589793,0.0,0.0,0.0,0.0,0.0
17.906,3.141592653589793,0.0,0.0,0.0,0.0,0.0
17.908,3.141592653589793,0.0,0.0,0.0,0.0,0.0
17.91,3.141592653589793,0.0,0.0,0.0,0.0,0.0
17.912,3.141592653589793,0.0,0.0,0.0,0.0,0.0
17.914,3.141592653589793,0.0,0.0,0.0,0.0,0.0
17.916,3.141592653589793,0.0,0.0,0.0,0.0,0.0
17.918,3.141592653589793,0.0,0.0,0.0,0.0,0.0
17.92,3.141592653589793,0.0,0.0,0.0,0.0,0.0
17.922,3.141592653589793,0.0,0.0,0.0,0.0,0.0
17.924,3.141592653589793,0.0,0.0,0.0,0.0,0.0
17.926000000000002,3.141592653589793,0.0,0.0,0.0,0.0,0.0
17.928,3.141592653589793,0.0,0.0,0.0,0.0,0.0
17.93,3.141592653589793,0.0,0.0,0.0,0.0,0.0
17.932,3.141592653589793,0.0,0.0,0.0,0.0,0.0
17.934,3.141592653589793,0.0,0.0,0.0,0.0,0.0
17.936,3.141592653589793,0.0,0.0,0.0,0.0,0.0
17.938,3.141592653589793,0.0,0.0,0.0,0.0,0.0
17.94,3.141592653589793,0.0,0.0,0.0,0.0,0.0
17.942,3.141592653589793,0.0,0.0,0.0,0.0,0.0
17.944,3.141592653589793,0.0,0.0,0.0,0.0,0.0
17.946,3.141592653589793,0.0,0.0,0.0,0.0,0.0
17.948,3.141592653589793,0.0,0.0,0.0,0.0,0.0
17.95,3.141592653589793,0.0,0.0,0.0,0.0,0.0
17.952,3.141592653589793,0.0,0.0,0.0,0.0,0.0
17.954,3.141592653589793,0.0,0.0,0.0,0.0,0.0
17.956,3.141592653589793,0.0,0.0,0.0,0.0,0.0
17.958000000000002,3.141592653589793,0.0,0.0,0.0,0.0,0.0
17.96,3.141592653589793,0.0,0.0,0.0,0.0,0.0
17.962,3.141592653589793,0.0,0.0,0.0,0.0,0.0
17.964,3.141592653589793,0.0,0.0,0.0,0.0,0.0
17.966,3.141592653589793,0.0,0.0,0.0,0.0,0.0
17.968,3.141592653589793,0.0,0.0,0.0,0.0,0.0
17.97,3.141592653589793,0.0,0.0,0.0,0.0,0.0
17.972,3.141592653589793,0.0,0.0,0.0,0.0,0.0
17.974,3.141592653589793,0.0,0.0,0.0,0.0,0.0
17.976,3.141592653589793,0.0,0.0,0.0,0.0,0.0
17.978,3.141592653589793,0.0,0.0,0.0,0.0,0.0
17.98,3.141592653589793,0.0,0.0,0.0,0.0,0.0
17.982,3.141592653589793,0.0,0.0,0.0,0.0,0.0
17.984,3.141592653589793,0.0,0.0,0.0,0.0,0.0
17.986,3.141592653589793,0.0,0.0,0.0,0.0,0.0
17.988,3.141592653589793,0.0,0.0,0.0,0.0,0.0
17.990000000000002,3.141592653589793,0.0,0.0,0.0,0.0,0.0
17.992,3.141592653589793,0.0,0.0,0.0,0.0,0.0
17.994,3.141592653589793,0.0,0.0,0.0,0.0,0.0
17.996,3.141592653589793,0.0,0.0,0.0,0.0,0.0
17.998,3.141592653589793,0.0,0.0,0.0,0.0,0.0
18.0,3.141592653589793,0.0,0.0,0.0,0.0,0.0
18.002,3.141592653589793,0.0,0.0,0.0,0.0,0.0
18.004,3.141592653589793,0.0,0.0,0.0,0.0,0.0
18.006,3.141592653589793,0.0,0.0,0.0,0.0,0.0
18.008,3.141592653589793,0.0,0.0,0.0,0.0,0.0
18.01,3.141592653589793,0.0,0.0,0.0,0.0,0.0
18.012,3.141592653589793,0.0,0.0,0.0,0.0,0.0
18.014,3.141592653589793,0.0,0.0,0.0,0.0,0.0
18.016000000000002,3.141592653589793,0.0,0.0,0.0,0.0,0.0
18.018,3.141592653589793,0.0,0.0,0.0,0.0,0.0
18.02,3.141592653589793,0.0,0.0,0.0,0.0,0.0
18.022000000000002,3.141592653589793,0.0,0.0,0.0,0.0,0.0
18.024,3.141592653589793,0.0,0.0,0.0,0.0,0.0
18.026,3.141592653589793,0.0,0.0,0.0,0.0,0.0
18.028,3.141592653589793,0.0,0.0,0.0,0.0,0.0
18.03,3.141592653589793,0.0,0.0,0.0,0.0,0.0
18.032,3.141592653589793,0.0,0.0,0.0,0.0,0.0
18.034,3.141592653589793,0.0,0.0,0.0,0.0,0.0
18.036,3.141592653589793,0.0,0.0,0.0,0.0,0.0
18.038,3.141592653589793,0.0,0.0,0.0,0.0,0.0
18.04,3.141592653589793,0.0,0.0,0.0,0.0,0.0
18.042,3.141592653589793,0.0,0.0,0.0,0.0,0.0
18.044,3.141592653589793,0.0,0.0,0.0,0.0,0.0
18.046,3.141592653589793,0.0,0.0,0.0,0.0,0.0
18.048000000000002,3.141592653589793,0.0,0.0,0.0,0.0,0.0
18.05,3.141592653589793,0.0,0.0,0.0,0.0,0.0
18.052,3.141592653589793,0.0,0.0,0.0,0.0,0.0
18.054000000000002,3.141592653589793,0.0,0.0,0.0,0.0,0.0
18.056,3.141592653589793,0.0,0.0,0.0,0.0,0.0
18.058,3.141592653589793,0.0,0.0,0.0,0.0,0.0
18.06,3.141592653589793,0.0,0.0,0.0,0.0,0.0
18.062,3.141592653589793,0.0,0.0,0.0,0.0,0.0
18.064,3.141592653589793,0.0,0.0,0.0,0.0,0.0
18.066,3.141592653589793,0.0,0.0,0.0,0.0,0.0
18.068,3.141592653589793,0.0,0.0,0.0,0.0,0.0
18.07,3.141592653589793,0.0,0.0,0.0,0.0,0.0
18.072,3.141592653589793,0.0,0.0,0.0,0.0,0.0
18.074,3.141592653589793,0.0,0.0,0.0,0.0,0.0
18.076,3.141592653589793,0.0,0.0,0.0,0.0,0.0
18.078,3.141592653589793,0.0,0.0,0.0,0.0,0.0
18.080000000000002,3.141592653589793,0.0,0.0,0.0,0.0,0.0
18.082,3.141592653589793,0.0,0.0,0.0,0.0,0.0
18.084,3.141592653589793,0.0,0.0,0.0,0.0,0.0
18.086000000000002,3.141592653589793,0.0,0.0,0.0,0.0,0.0
18.088,3.141592653589793,0.0,0.0,0.0,0.0,0.0
18.09,3.141592653589793,0.0,0.0,0.0,0.0,0.0
18.092,3.141592653589793,0.0,0.0,0.0,0.0,0.0
18.094,3.141592653589793,0.0,0.0,0.0,0.0,0.0
18.096,3.141592653589793,0.0,0.0,0.0,0.0,0.0
18.098,3.141592653589793,0.0,0.0,0.0,0.0,0.0
18.1,3.141592653589793,0.0,0.0,0.0,0.0,0.0
18.102,3.141592653589793,0.0,0.0,0.0,0.0,0.0
18.104,3.141592653589793,0.0,0.0,0.0,0.0,0.0
18.106,3.141592653589793,0.0,0.0,0.0,0.0,0.0
18.108,3.141592653589793,0.0,0.0,0.0,0.0,0.0
18.11,3.141592653589793,0.0,0.0,0.0,0.0,0.0
18.112000000000002,3.141592653589793,0.0,0.0,0.0,0.0,0.0
18.114,3.141592653589793,0.0,0.0,0.0,0.0,0.0
18.116,3.141592653589793,0.0,0.0,0.0,0.0,0.0
18.118000000000002,3.141592653589793,0.0,0.0,0.0,0.0,0.0
18.12,3.141592653589793,0.0,0.0,0.0,0.0,0.0
18.122,3.141592653589793,0.0,0.0,0.0,0.0,0.0
18.124,3.141592653589793,0.0,0.0,0.0,0.0,0.0
18.126,3.141592653589793,0.0,0.0,0.0,0.0,0.0
18.128,3.141592653589793,0.0,0.0,0.0,0.0,0.0
18.13,3.141592653589793,0.0,0.0,0.0,0.0,0.0
18.132,3.141592653589793,0.0,0.0,0.0,0.0,0.0
18.134,3.141592653589793,0.0,0.0,0.0,0.0,0.0
18.136,3.141592653589793,0.0,0.0,0.0,0.0,0.0
18.138,3.141592653589793,0.0,0.0,0.0,0.0,0.0
18.14,3.141592653589793,0.0,0.0,0.0,0.0,0.0
18.142,3.141592653589793,0.0,0.0,0.0,0.0,0.0
18.144000000000002,3.141592653589793,0.0,0.0,0.0,0.0,0.0
18.146,3.141592653589793,0.0,0.0,0.0,0.0,0.0
18.148,3.141592653589793,0.0,0.0,0.0,0.0,0.0
18.150000000000002,3.141592653589793,0.0,0.0,0.0,0.0,0.0
18.152,3.141592653589793,0.0,0.0,0.0,0.0,0.0
18.154,3.141592653589793,0.0,0.0,0.0,0.0,0.0
18.156,3.141592653589793,0.0,0.0,0.0,0.0,0.0
18.158,3.141592653589793,0.0,0.0,0.0,0.0,0.0
18.16,3.141592653589793,0.0,0.0,0.0,0.0,0.0
18.162,3.141592653589793,0.0,0.0,0.0,0.0,0.0
18.164,3.141592653589793,0.0,0.0,0.0,0.0,0.0
18.166,3.141592653589793,0.0,0.0,0.0,0.0,0.0
18.168,3.141592653589793,0.0,0.0,0.0,0.0,0.0
18.17,3.141592653589793,0.0,0.0,0.0,0.0,0.0
18.172,3.141592653589793,0.0,0.0,0.0,0.0,0.0
18.174,3.141592653589793,0.0,0.0,0.0,0.0,0.0
18.176000000000002,3.141592653589793,0.0,0.0,0.0,0.0,0.0
18.178,3.141592653589793,0.0,0.0,0.0,0.0,0.0
18.18,3.141592653589793,0.0,0.0,0.0,0.0,0.0
18.182,3.141592653589793,0.0,0.0,0.0,0.0,0.0
18.184,3.141592653589793,0.0,0.0,0.0,0.0,0.0
18.186,3.141592653589793,0.0,0.0,0.0,0.0,0.0
18.188,3.141592653589793,0.0,0.0,0.0,0.0,0.0
18.19,3.141592653589793,0.0,0.0,0.0,0.0,0.0
18.192,3.141592653589793,0.0,0.0,0.0,0.0,0.0
18.194,3.141592653589793,0.0,0.0,0.0,0.0,0.0
18.196,3.141592653589793,0.0,0.0,0.0,0.0,0.0
18.198,3.141592653589793,0.0,0.0,0.0,0.0,0.0
18.2,3.141592653589793,0.0,0.0,0.0,0.0,0.0
18.202,3.141592653589793,0.0,0.0,0.0,0.0,0.0
18.204,3.141592653589793,0.0,0.0,0.0,0.0,0.0
18.206,3.141592653589793,0.0,0.0,0.0,0.0,0.0
18.208000000000002,3.141592653589793,0.0,0.0,0.0,0.0,0.0
18.21,3.141592653589793,0.0,0.0,0.0,0.0,0.0
18.212,3.141592653589793,0.0,0.0,0.0,0.0,0.0
18.214,3.141592653589793,0.0,0.0,0.0,0.0,0.0
18.216,3.141592653589793,0.0,0.0,0.0,0.0,0.0
18.218,3.141592653589793,0.0,0.0,0.0,0.0,0.0
18.22,3.141592653589793,0.0,0.0,0.0,0.0,0.0
18.222,3.141592653589793,0.0,0.0,0.0,0.0,0.0
18.224,3.141592653589793,0.0,0.0,0.0,0.0,0.0
18.226,3.141592653589793,0.0,0.0,0.0,0.0,0.0
18.228,3.141592653589793,0.0,0.0,0.0,0.0,0.0
18.23,3.141592653589793,0.0,0.0,0.0,0.0,0.0
18.232,3.141592653589793,0.0,0.0,0.0,0.0,0.0
18.234,3.141592653589793,0.0,0.0,0.0,0.0,0.0
18.236,3.141592653589793,0.0,0.0,0.0,0.0,0.0
18.238,3.141592653589793,0.0,0.0,0.0,0.0,0.0
18.240000000000002,3.141592653589793,0.0,0.0,0.0,0.0,0.0
18.242,3.141592653589793,0.0,0.0,0.0,0.0,0.0
18.244,3.141592653589793,0.0,0.0,0.0,0.0,0.0
18.246,3.141592653589793,0.0,0.0,0.0,0.0,0.0
18.248,3.141592653589793,0.0,0.0,0.0,0.0,0.0
18.25,3.141592653589793,0.0,0.0,0.0,0.0,0.0
18.252,3.141592653589793,0.0,0.0,0.0,0.0,0.0
18.254,3.141592653589793,0.0,0.0,0.0,0.0,0.0
18.256,3.141592653589793,0.0,0.0,0.0,0.0,0.0
18.258,3.141592653589793,0.0,0.0,0.0,0.0,0.0
18.26,3.141592653589793,0.0,0.0,0.0,0.0,0.0
18.262,3.141592653589793,0.0,0.0,0.0,0.0,0.0
18.264,3.141592653589793,0.0,0.0,0.0,0.0,0.0
18.266000000000002,3.141592653589793,0.0,0.0,0.0,0.0,0.0
18.268,3.141592653589793,0.0,0.0,0.0,0.0,0.0
18.27,3.141592653589793,0.0,0.0,0.0,0.0,0.0
18.272000000000002,3.141592653589793,0.0,0.0,0.0,0.0,0.0
18.274,3.141592653589793,0.0,0.0,0.0,0.0,0.0
18.276,3.141592653589793,0.0,0.0,0.0,0.0,0.0
18.278,3.141592653589793,0.0,0.0,0.0,0.0,0.0
18.28,3.141592653589793,0.0,0.0,0.0,0.0,0.0
18.282,3.141592653589793,0.0,0.0,0.0,0.0,0.0
18.284,3.141592653589793,0.0,0.0,0.0,0.0,0.0
18.286,3.141592653589793,0.0,0.0,0.0,0.0,0.0
18.288,3.141592653589793,0.0,0.0,0.0,0.0,0.0
18.29,3.141592653589793,0.0,0.0,0.0,0.0,0.0
18.292,3.141592653589793,0.0,0.0,0.0,0.0,0.0
18.294,3.141592653589793,0.0,0.0,0.0,0.0,0.0
18.296,3.141592653589793,0.0,0.0,0.0,0.0,0.0
18.298000000000002,3.141592653589793,0.0,0.0,0.0,0.0,0.0
18.3,3.141592653589793,0.0,0.0,0.0,0.0,0.0
18.302,3.141592653589793,0.0,0.0,0.0,0.0,0.0
18.304000000000002,3.141592653589793,0.0,0.0,0.0,0.0,0.0
18.306,3.141592653589793,0.0,0.0,0.0,0.0,0.0
18.308,3.141592653589793,0.0,0.0,0.0,0.0,0.0
18.31,3.141592653589793,0.0,0.0,0.0,0.0,0.0
18.312,3.141592653589793,0.0,0.0,0.0,0.0,0.0
18.314,3.141592653589793,0.0,0.0,0.0,0.0,0.0
18.316,3.141592653589793,0.0,0.0,0.0,0.0,0.0
18.318,3.141592653589793,0.0,0.0,0.0,0.0,0.0
18.32,3.141592653589793,0.0,0.0,0.0,0.0,0.0
18.322,3.141592653589793,0.0,0.0,0.0,0.0,0.0
18.324,3.141592653589793,0.0,0.0,0.0,0.0,0.0
18.326,3.141592653589793,0.0,0.0,0.0,0.0,0.0
18.328,3.141592653589793,0.0,0.0,0.0,0.0,0.0
18.330000000000002,3.141592653589793,0.0,0.0,0.0,0.0,0.0
18.332,3.141592653589793,0.0,0.0,0.0,0.0,0.0
18.334,3.141592653589793,0.0,0.0,0.0,0.0,0.0
18.336000000000002,3.141592653589793,0.0,0.0,0.0,0.0,0.0
18.338,3.141592653589793,0.0,0.0,0.0,0.0,0.0
18.34,3.141592653589793,0.0,0.0,0.0,0.0,0.0
18.342,3.141592653589793,0.0,0.0,0.0,0.0,0.0
18.344,3.141592653589793,0.0,0.0,0.0,0.0,0.0
18.346,3.141592653589793,0.0,0.0,0.0,0.0,0.0
18.348,3.141592653589793,0.0,0.0,0.0,0.0,0.0
18.35,3.141592653589793,0.0,0.0,0.0,0.0,0.0
18.352,3.141592653589793,0.0,0.0,0.0,0.0,0.0
18.354,3.141592653589793,0.0,0.0,0.0,0.0,0.0
18.356,3.141592653589793,0.0,0.0,0.0,0.0,0.0
18.358,3.141592653589793,0.0,0.0,0.0,0.0,0.0
18.36,3.141592653589793,0.0,0.0,0.0,0.0,0.0
18.362000000000002,3.141592653589793,0.0,0.0,0.0,0.0,0.0
18.364,3.141592653589793,0.0,0.0,0.0,0.0,0.0
18.366,3.141592653589793,0.0,0.0,0.0,0.0,0.0
18.368000000000002,3.141592653589793,0.0,0.0,0.0,0.0,0.0
18.37,3.141592653589793,0.0,0.0,0.0,0.0,0.0
18.372,3.141592653589793,0.0,0.0,0.0,0.0,0.0
18.374,3.141592653589793,0.0,0.0,0.0,0.0,0.0
18.376,3.141592653589793,0.0,0.0,0.0,0.0,0.0
18.378,3.141592653589793,0.0,0.0,0.0,0.0,0.0
18.38,3.141592653589793,0.0,0.0,0.0,0.0,0.0
18.382,3.141592653589793,0.0,0.0,0.0,0.0,0.0
18.384,3.141592653589793,0.0,0.0,0.0,0.0,0.0
18.386,3.141592653589793,0.0,0.0,0.0,0.0,0.0
18.388,3.141592653589793,0.0,0.0,0.0,0.0,0.0
18.39,3.141592653589793,0.0,0.0,0.0,0.0,0.0
18.392,3.141592653589793,0.0,0.0,0.0,0.0,0.0
18.394000000000002,3.141592653589793,0.0,0.0,0.0,0.0,0.0
18.396,3.141592653589793,0.0,0.0,0.0,0.0,0.0
18.398,3.141592653589793,0.0,0.0,0.0,0.0,0.0
18.400000000000002,3.141592653589793,0.0,0.0,0.0,0.0,0.0
18.402,3.141592653589793,0.0,0.0,0.0,0.0,0.0
18.404,3.141592653589793,0.0,0.0,0.0,0.0,0.0
18.406,3.141592653589793,0.0,0.0,0.0,0.0,0.0
18.408,3.141592653589793,0.0,0.0,0.0,0.0,0.0
18.41,3.141592653589793,0.0,0.0,0.0,0.0,0.0
18.412,3.141592653589793,0.0,0.0,0.0,0.0,0.0
18.414,3.141592653589793,0.0,0.0,0.0,0.0,0.0
18.416,3.141592653589793,0.0,0.0,0.0,0.0,0.0
18.418,3.141592653589793,0.0,0.0,0.0,0.0,0.0
18.42,3.141592653589793,0.0,0.0,0.0,0.0,0.0
18.422,3.141592653589793,0.0,0.0,0.0,0.0,0.0
18.424,3.141592653589793,0.0,0.0,0.0,0.0,0.0
18.426000000000002,3.141592653589793,0.0,0.0,0.0,0.0,0.0
18.428,3.141592653589793,0.0,0.0,0.0,0.0,0.0
18.43,3.141592653589793,0.0,0.0,0.0,0.0,0.0
18.432000000000002,3.141592653589793,0.0,0.0,0.0,0.0,0.0
18.434,3.141592653589793,0.0,0.0,0.0,0.0,0.0
18.436,3.141592653589793,0.0,0.0,0.0,0.0,0.0
18.438,3.141592653589793,0.0,0.0,0.0,0.0,0.0
18.44,3.141592653589793,0.0,0.0,0.0,0.0,0.0
18.442,3.141592653589793,0.0,0.0,0.0,0.0,0.0
18.444,3.141592653589793,0.0,0.0,0.0,0.0,0.0
18.446,3.141592653589793,0.0,0.0,0.0,0.0,0.0
18.448,3.141592653589793,0.0,0.0,0.0,0.0,0.0
18.45,3.141592653589793,0.0,0.0,0.0,0.0,0.0
18.452,3.141592653589793,0.0,0.0,0.0,0.0,0.0
18.454,3.141592653589793,0.0,0.0,0.0,0.0,0.0
18.456,3.141592653589793,0.0,0.0,0.0,0.0,0.0
18.458000000000002,3.141592653589793,0.0,0.0,0.0,0.0,0.0
18.46,3.141592653589793,0.0,0.0,0.0,0.0,0.0
18.462,3.141592653589793,0.0,0.0,0.0,0.0,0.0
18.464,3.141592653589793,0.0,0.0,0.0,0.0,0.0
18.466,3.141592653589793,0.0,0.0,0.0,0.0,0.0
18.468,3.141592653589793,0.0,0.0,0.0,0.0,0.0
18.47,3.141592653589793,0.0,0.0,0.0,0.0,0.0
18.472,3.141592653589793,0.0,0.0,0.0,0.0,0.0
18.474,3.141592653589793,0.0,0.0,0.0,0.0,0.0
18.476,3.141592653589793,0.0,0.0,0.0,0.0,0.0
18.478,3.141592653589793,0.0,0.0,0.0,0.0,0.0
18.48,3.141592653589793,0.0,0.0,0.0,0.0,0.0
18.482,3.141592653589793,0.0,0.0,0.0,0.0,0.0
18.484,3.141592653589793,0.0,0.0,0.0,0.0,0.0
18.486,3.141592653589793,0.0,0.0,0.0,0.0,0.0
18.488,3.141592653589793,0.0,0.0,0.0,0.0,0.0
18.490000000000002,3.141592653589793,0.0,0.0,0.0,0.0,0.0
18.492,3.141592653589793,0.0,0.0,0.0,0.0,0.0
18.494,3.141592653589793,0.0,0.0,0.0,0.0,0.0
18.496,3.141592653589793,0.0,0.0,0.0,0.0,0.0
18.498,3.141592653589793,0.0,0.0,0.0,0.0,0.0
18.5,3.141592653589793,0.0,0.0,0.0,0.0,0.0
18.502,3.141592653589793,0.0,0.0,0.0,0.0,0.0
18.504,3.141592653589793,0.0,0.0,0.0,0.0,0.0
18.506,3.141592653589793,0.0,0.0,0.0,0.0,0.0
18.508,3.141592653589793,0.0,0.0,0.0,0.0,0.0
18.51,3.141592653589793,0.0,0.0,0.0,0.0,0.0
18.512,3.141592653589793,0.0,0.0,0.0,0.0,0.0
18.514,3.141592653589793,0.0,0.0,0.0,0.0,0.0
18.516000000000002,3.141592653589793,0.0,0.0,0.0,0.0,0.0
18.518,3.141592653589793,0.0,0.0,0.0,0.0,0.0
18.52,3.141592653589793,0.0,0.0,0.0,0.0,0.0
18.522000000000002,3.141592653589793,0.0,0.0,0.0,0.0,0.0
18.524,3.141592653589793,0.0,0.0,0.0,0.0,0.0
18.526,3.141592653589793,0.0,0.0,0.0,0.0,0.0
18.528,3.141592653589793,0.0,0.0,0.0,0.0,0.0
18.53,3.141592653589793,0.0,0.0,0.0,0.0,0.0
18.532,3.141592653589793,0.0,0.0,0.0,0.0,0.0
18.534,3.141592653589793,0.0,0.0,0.0,0.0,0.0
18.536,3.141592653589793,0.0,0.0,0.0,0.0,0.0
18.538,3.141592653589793,0.0,0.0,0.0,0.0,0.0
18.54,3.141592653589793,0.0,0.0,0.0,0.0,0.0
18.542,3.141592653589793,0.0,0.0,0.0,0.0,0.0
18.544,3.141592653589793,0.0,0.0,0.0,0.0,0.0
18.546,3.141592653589793,0.0,0.0,0.0,0.0,0.0
18.548000000000002,3.141592653589793,0.0,0.0,0.0,0.0,0.0
18.55,3.141592653589793,0.0,0.0,0.0,0.0,0.0
18.552,3.141592653589793,0.0,0.0,0.0,0.0,0.0
18.554000000000002,3.141592653589793,0.0,0.0,0.0,0.0,0.0
18.556,3.141592653589793,0.0,0.0,0.0,0.0,0.0
18.558,3.141592653589793,0.0,0.0,0.0,0.0,0.0
18.56,3.141592653589793,0.0,0.0,0.0,0.0,0.0
18.562,3.141592653589793,0.0,0.0,0.0,0.0,0.0
18.564,3.141592653589793,0.0,0.0,0.0,0.0,0.0
18.566,3.141592653589793,0.0,0.0,0.0,0.0,0.0
18.568,3.141592653589793,0.0,0.0,0.0,0.0,0.0
18.57,3.141592653589793,0.0,0.0,0.0,0.0,0.0
18.572,3.141592653589793,0.0,0.0,0.0,0.0,0.0
18.574,3.141592653589793,0.0,0.0,0.0,0.0,0.0
18.576,3.141592653589793,0.0,0.0,0.0,0.0,0.0
18.578,3.141592653589793,0.0,0.0,0.0,0.0,0.0
18.580000000000002,3.141592653589793,0.0,0.0,0.0,0.0,0.0
18.582,3.141592653589793,0.0,0.0,0.0,0.0,0.0
18.584,3.141592653589793,0.0,0.0,0.0,0.0,0.0
18.586000000000002,3.141592653589793,0.0,0.0,0.0,0.0,0.0
18.588,3.141592653589793,0.0,0.0,0.0,0.0,0.0
18.59,3.141592653589793,0.0,0.0,0.0,0.0,0.0
18.592,3.141592653589793,0.0,0.0,0.0,0.0,0.0
18.594,3.141592653589793,0.0,0.0,0.0,0.0,0.0
18.596,3.141592653589793,0.0,0.0,0.0,0.0,0.0
18.598,3.141592653589793,0.0,0.0,0.0,0.0,0.0
18.6,3.141592653589793,0.0,0.0,0.0,0.0,0.0
18.602,3.141592653589793,0.0,0.0,0.0,0.0,0.0
18.604,3.141592653589793,0.0,0.0,0.0,0.0,0.0
18.606,3.141592653589793,0.0,0.0,0.0,0.0,0.0
18.608,3.141592653589793,0.0,0.0,0.0,0.0,0.0
18.61,3.141592653589793,0.0,0.0,0.0,0.0,0.0
18.612000000000002,3.141592653589793,0.0,0.0,0.0,0.0,0.0
18.614,3.141592653589793,0.0,0.0,0.0,0.0,0.0
18.616,3.141592653589793,0.0,0.0,0.0,0.0,0.0
18.618000000000002,3.141592653589793,0.0,0.0,0.0,0.0,0.0
18.62,3.141592653589793,0.0,0.0,0.0,0.0,0.0
18.622,3.141592653589793,0.0,0.0,0.0,0.0,0.0
18.624,3.141592653589793,0.0,0.0,0.0,0.0,0.0
18.626,3.141592653589793,0.0,0.0,0.0,0.0,0.0
18.628,3.141592653589793,0.0,0.0,0.0,0.0,0.0
18.63,3.141592653589793,0.0,0.0,0.0,0.0,0.0
18.632,3.141592653589793,0.0,0.0,0.0,0.0,0.0
18.634,3.141592653589793,0.0,0.0,0.0,0.0,0.0
18.636,3.141592653589793,0.0,0.0,0.0,0.0,0.0
18.638,3.141592653589793,0.0,0.0,0.0,0.0,0.0
18.64,3.141592653589793,0.0,0.0,0.0,0.0,0.0
18.642,3.141592653589793,0.0,0.0,0.0,0.0,0.0
18.644000000000002,3.141592653589793,0.0,0.0,0.0,0.0,0.0
18.646,3.141592653589793,0.0,0.0,0.0,0.0,0.0
18.648,3.141592653589793,0.0,0.0,0.0,0.0,0.0
18.650000000000002,3.141592653589793,0.0,0.0,0.0,0.0,0.0
18.652,3.141592653589793,0.0,0.0,0.0,0.0,0.0
18.654,3.141592653589793,0.0,0.0,0.0,0.0,0.0
18.656,3.141592653589793,0.0,0.0,0.0,0.0,0.0
18.658,3.141592653589793,0.0,0.0,0.0,0.0,0.0
18.66,3.141592653589793,0.0,0.0,0.0,0.0,0.0
18.662,3.141592653589793,0.0,0.0,0.0,0.0,0.0
18.664,3.141592653589793,0.0,0.0,0.0,0.0,0.0
18.666,3.141592653589793,0.0,0.0,0.0,0.0,0.0
18.668,3.141592653589793,0.0,0.0,0.0,0.0,0.0
18.67,3.141592653589793,0.0,0.0,0.0,0.0,0.0
18.672,3.141592653589793,0.0,0.0,0.0,0.0,0.0
18.674,3.141592653589793,0.0,0.0,0.0,0.0,0.0
18.676000000000002,3.141592653589793,0.0,0.0,0.0,0.0,0.0
18.678,3.141592653589793,0.0,0.0,0.0,0.0,0.0
18.68,3.141592653589793,0.0,0.0,0.0,0.0,0.0
18.682000000000002,3.141592653589793,0.0,0.0,0.0,0.0,0.0
18.684,3.141592653589793,0.0,0.0,0.0,0.0,0.0
18.686,3.141592653589793,0.0,0.0,0.0,0.0,0.0
18.688,3.141592653589793,0.0,0.0,0.0,0.0,0.0
18.69,3.141592653589793,0.0,0.0,0.0,0.0,0.0
18.692,3.141592653589793,0.0,0.0,0.0,0.0,0.0
18.694,3.141592653589793,0.0,0.0,0.0,0.0,0.0
18.696,3.141592653589793,0.0,0.0,0.0,0.0,0.0
18.698,3.141592653589793,0.0,0.0,0.0,0.0,0.0
18.7,3.141592653589793,0.0,0.0,0.0,0.0,0.0
18.702,3.141592653589793,0.0,0.0,0.0,0.0,0.0
18.704,3.141592653589793,0.0,0.0,0.0,0.0,0.0
18.706,3.141592653589793,0.0,0.0,0.0,0.0,0.0
18.708000000000002,3.141592653589793,0.0,0.0,0.0,0.0,0.0
18.71,3.141592653589793,0.0,0.0,0.0,0.0,0.0
18.712,3.141592653589793,0.0,0.0,0.0,0.0,0.0
18.714,3.141592653589793,0.0,0.0,0.0,0.0,0.0
18.716,3.141592653589793,0.0,0.0,0.0,0.0,0.0
18.718,3.141592653589793,0.0,0.0,0.0,0.0,0.0
18.72,3.141592653589793,0.0,0.0,0.0,0.0,0.0
18.722,3.141592653589793,0.0,0.0,0.0,0.0,0.0
18.724,3.141592653589793,0.0,0.0,0.0,0.0,0.0
18.726,3.141592653589793,0.0,0.0,0.0,0.0,0.0
18.728,3.141592653589793,0.0,0.0,0.0,0.0,0.0
18.73,3.141592653589793,0.0,0.0,0.0,0.0,0.0
18.732,3.141592653589793,0.0,0.0,0.0,0.0,0.0
18.734,3.141592653589793,0.0,0.0,0.0,0.0,0.0
18.736,3.141592653589793,0.0,0.0,0.0,0.0,0.0
18.738,3.141592653589793,0.0,0.0,0.0,0.0,0.0
18.740000000000002,3.141592653589793,0.0,0.0,0.0,0.0,0.0
18.742,3.141592653589793,0.0,0.0,0.0,0.0,0.0
18.744,3.141592653589793,0.0,0.0,0.0,0.0,0.0
18.746,3.141592653589793,0.0,0.0,0.0,0.0,0.0
18.748,3.141592653589793,0.0,0.0,0.0,0.0,0.0
18.75,3.141592653589793,0.0,0.0,0.0,0.0,0.0
18.752,3.141592653589793,0.0,0.0,0.0,0.0,0.0
18.754,3.141592653589793,0.0,0.0,0.0,0.0,0.0
18.756,3.141592653589793,0.0,0.0,0.0,0.0,0.0
18.758,3.141592653589793,0.0,0.0,0.0,0.0,0.0
18.76,3.141592653589793,0.0,0.0,0.0,0.0,0.0
18.762,3.141592653589793,0.0,0.0,0.0,0.0,0.0
18.764,3.141592653589793,0.0,0.0,0.0,0.0,0.0
18.766000000000002,3.141592653589793,0.0,0.0,0.0,0.0,0.0
18.768,3.141592653589793,0.0,0.0,0.0,0.0,0.0
18.77,3.141592653589793,0.0,0.0,0.0,0.0,0.0
18.772000000000002,3.141592653589793,0.0,0.0,0.0,0.0,0.0
18.774,3.141592653589793,0.0,0.0,0.0,0.0,0.0
18.776,3.141592653589793,0.0,0.0,0.0,0.0,0.0
18.778,3.141592653589793,0.0,0.0,0.0,0.0,0.0
18.78,3.141592653589793,0.0,0.0,0.0,0.0,0.0
18.782,3.141592653589793,0.0,0.0,0.0,0.0,0.0
18.784,3.141592653589793,0.0,0.0,0.0,0.0,0.0
18.786,3.141592653589793,0.0,0.0,0.0,0.0,0.0
18.788,3.141592653589793,0.0,0.0,0.0,0.0,0.0
18.79,3.141592653589793,0.0,0.0,0.0,0.0,0.0
18.792,3.141592653589793,0.0,0.0,0.0,0.0,0.0
18.794,3.141592653589793,0.0,0.0,0.0,0.0,0.0
18.796,3.141592653589793,0.0,0.0,0.0,0.0,0.0
18.798000000000002,3.141592653589793,0.0,0.0,0.0,0.0,0.0
18.8,3.141592653589793,0.0,0.0,0.0,0.0,0.0
18.802,3.141592653589793,0.0,0.0,0.0,0.0,0.0
18.804000000000002,3.141592653589793,0.0,0.0,0.0,0.0,0.0
18.806,3.141592653589793,0.0,0.0,0.0,0.0,0.0
18.808,3.141592653589793,0.0,0.0,0.0,0.0,0.0
18.81,3.141592653589793,0.0,0.0,0.0,0.0,0.0
18.812,3.141592653589793,0.0,0.0,0.0,0.0,0.0
18.814,3.141592653589793,0.0,0.0,0.0,0.0,0.0
18.816,3.141592653589793,0.0,0.0,0.0,0.0,0.0
18.818,3.141592653589793,0.0,0.0,0.0,0.0,0.0
18.82,3.141592653589793,0.0,0.0,0.0,0.0,0.0
18.822,3.141592653589793,0.0,0.0,0.0,0.0,0.0
18.824,3.141592653589793,0.0,0.0,0.0,0.0,0.0
18.826,3.141592653589793,0.0,0.0,0.0,0.0,0.0
18.828,3.141592653589793,0.0,0.0,0.0,0.0,0.0
18.830000000000002,3.141592653589793,0.0,0.0,0.0,0.0,0.0
18.832,3.141592653589793,0.0,0.0,0.0,0.0,0.0
18.834,3.141592653589793,0.0,0.0,0.0,0.0,0.0
18.836000000000002,3.141592653589793,0.0,0.0,0.0,0.0,0.0
18.838,3.141592653589793,0.0,0.0,0.0,0.0,0.0
18.84,3.141592653589793,0.0,0.0,0.0,0.0,0.0
18.842,3.141592653589793,0.0,0.0,0.0,0.0,0.0
18.844,3.141592653589793,0.0,0.0,0.0,0.0,0.0
18.846,3.141592653589793,0.0,0.0,0.0,0.0,0.0
18.848,3.141592653589793,0.0,0.0,0.0,0.0,0.0
18.85,3.141592653589793,0.0,0.0,0.0,0.0,0.0
18.852,3.141592653589793,0.0,0.0,0.0,0.0,0.0
18.854,3.141592653589793,0.0,0.0,0.0,0.0,0.0
18.856,3.141592653589793,0.0,0.0,0.0,0.0,0.0
18.858,3.141592653589793,0.0,0.0,0.0,0.0,0.0
18.86,3.141592653589793,0.0,0.0,0.0,0.0,0.0
18.862000000000002,3.141592653589793,0.0,0.0,0.0,0.0,0.0
18.864,3.141592653589793,0.0,0.0,0.0,0.0,0.0
18.866,3.141592653589793,0.0,0.0,0.0,0.0,0.0
18.868000000000002,3.141592653589793,0.0,0.0,0.0,0.0,0.0
18.87,3.141592653589793,0.0,0.0,0.0,0.0,0.0
18.872,3.141592653589793,0.0,0.0,0.0,0.0,0.0
18.874,3.141592653589793,0.0,0.0,0.0,0.0,0.0
18.876,3.141592653589793,0.0,0.0,0.0,0.0,0.0
18.878,3.141592653589793,0.0,0.0,0.0,0.0,0.0
18.88,3.141592653589793,0.0,0.0,0.0,0.0,0.0
18.882,3.141592653589793,0.0,0.0,0.0,0.0,0.0
18.884,3.141592653589793,0.0,0.0,0.0,0.0,0.0
18.886,3.141592653589793,0.0,0.0,0.0,0.0,0.0
18.888,3.141592653589793,0.0,0.0,0.0,0.0,0.0
18.89,3.141592653589793,0.0,0.0,0.0,0.0,0.0
18.892,3.141592653589793,0.0,0.0,0.0,0.0,0.0
18.894000000000002,3.141592653589793,0.0,0.0,0.0,0.0,0.0
18.896,3.141592653589793,0.0,0.0,0.0,0.0,0.0
18.898,3.141592653589793,0.0,0.0,0.0,0.0,0.0
18.900000000000002,3.141592653589793,0.0,0.0,0.0,0.0,0.0
18.902,3.141592653589793,0.0,0.0,0.0,0.0,0.0
18.904,3.141592653589793,0.0,0.0,0.0,0.0,0.0
18.906,3.141592653589793,0.0,0.0,0.0,0.0,0.0
18.908,3.141592653589793,0.0,0.0,0.0,0.0,0.0
18.91,3.141592653589793,0.0,0.0,0.0,0.0,0.0
18.912,3.141592653589793,0.0,0.0,0.0,0.0,0.0
18.914,3.141592653589793,0.0,0.0,0.0,0.0,0.0
18.916,3.141592653589793,0.0,0.0,0.0,0.0,0.0
18.918,3.141592653589793,0.0,0.0,0.0,0.0,0.0
18.92,3.141592653589793,0.0,0.0,0.0,0.0,0.0
18.922,3.141592653589793,0.0,0.0,0.0,0.0,0.0
18.924,3.141592653589793,0.0,0.0,0.0,0.0,0.0
18.926000000000002,3.141592653589793,0.0,0.0,0.0,0.0,0.0
18.928,3.141592653589793,0.0,0.0,0.0,0.0,0.0
18.93,3.141592653589793,0.0,0.0,0.0,0.0,0.0
18.932000000000002,3.141592653589793,0.0,0.0,0.0,0.0,0.0
18.934,3.141592653589793,0.0,0.0,0.0,0.0,0.0
18.936,3.141592653589793,0.0,0.0,0.0,0.0,0.0
18.938,3.141592653589793,0.0,0.0,0.0,0.0,0.0
18.94,3.141592653589793,0.0,0.0,0.0,0.0,0.0
18.942,3.141592653589793,0.0,0.0,0.0,0.0,0.0
18.944,3.141592653589793,0.0,0.0,0.0,0.0,0.0
18.946,3.141592653589793,0.0,0.0,0.0,0.0,0.0
18.948,3.141592653589793,0.0,0.0,0.0,0.0,0.0
18.95,3.141592653589793,0.0,0.0,0.0,0.0,0.0
18.952,3.141592653589793,0.0,0.0,0.0,0.0,0.0
18.954,3.141592653589793,0.0,0.0,0.0,0.0,0.0
18.956,3.141592653589793,0.0,0.0,0.0,0.0,0.0
18.958000000000002,3.141592653589793,0.0,0.0,0.0,0.0,0.0
18.96,3.141592653589793,0.0,0.0,0.0,0.0,0.0
18.962,3.141592653589793,0.0,0.0,0.0,0.0,0.0
18.964,3.141592653589793,0.0,0.0,0.0,0.0,0.0
18.966,3.141592653589793,0.0,0.0,0.0,0.0,0.0
18.968,3.141592653589793,0.0,0.0,0.0,0.0,0.0
18.97,3.141592653589793,0.0,0.0,0.0,0.0,0.0
18.972,3.141592653589793,0.0,0.0,0.0,0.0,0.0
18.974,3.141592653589793,0.0,0.0,0.0,0.0,0.0
18.976,3.141592653589793,0.0,0.0,0.0,0.0,0.0
18.978,3.141592653589793,0.0,0.0,0.0,0.0,0.0
18.98,3.141592653589793,0.0,0.0,0.0,0.0,0.0
18.982,3.141592653589793,0.0,0.0,0.0,0.0,0.0
18.984,3.141592653589793,0.0,0.0,0.0,0.0,0.0
18.986,3.141592653589793,0.0,0.0,0.0,0.0,0.0
18.988,3.141592653589793,0.0,0.0,0.0,0.0,0.0
18.990000000000002,3.141592653589793,0.0,0.0,0.0,0.0,0.0
18.992,3.141592653589793,0.0,0.0,0.0,0.0,0.0
18.994,3.141592653589793,0.0,0.0,0.0,0.0,0.0
18.996,3.141592653589793,0.0,0.0,0.0,0.0,0.0
18.998,3.141592653589793,0.0,0.0,0.0,0.0,0.0
19.0,3.141592653589793,0.0,0.0,0.0,0.0,0.0
19.002,3.141592653589793,0.0,0.0,0.0,0.0,0.0
19.004,3.141592653589793,0.0,0.0,0.0,0.0,0.0
19.006,3.141592653589793,0.0,0.0,0.0,0.0,0.0
19.008,3.141592653589793,0.0,0.0,0.0,0.0,0.0
19.01,3.141592653589793,0.0,0.0,0.0,0.0,0.0
19.012,3.141592653589793,0.0,0.0,0.0,0.0,0.0
19.014,3.141592653589793,0.0,0.0,0.0,0.0,0.0
19.016000000000002,3.141592653589793,0.0,0.0,0.0,0.0,0.0
19.018,3.141592653589793,0.0,0.0,0.0,0.0,0.0
19.02,3.141592653589793,0.0,0.0,0.0,0.0,0.0
19.022000000000002,3.141592653589793,0.0,0.0,0.0,0.0,0.0
19.024,3.141592653589793,0.0,0.0,0.0,0.0,0.0
19.026,3.141592653589793,0.0,0.0,0.0,0.0,0.0
19.028,3.141592653589793,0.0,0.0,0.0,0.0,0.0
19.03,3.141592653589793,0.0,0.0,0.0,0.0,0.0
19.032,3.141592653589793,0.0,0.0,0.0,0.0,0.0
19.034,3.141592653589793,0.0,0.0,0.0,0.0,0.0
19.036,3.141592653589793,0.0,0.0,0.0,0.0,0.0
19.038,3.141592653589793,0.0,0.0,0.0,0.0,0.0
19.04,3.141592653589793,0.0,0.0,0.0,0.0,0.0
19.042,3.141592653589793,0.0,0.0,0.0,0.0,0.0
19.044,3.141592653589793,0.0,0.0,0.0,0.0,0.0
19.046,3.141592653589793,0.0,0.0,0.0,0.0,0.0
19.048000000000002,3.141592653589793,0.0,0.0,0.0,0.0,0.0
19.05,3.141592653589793,0.0,0.0,0.0,0.0,0.0
19.052,3.141592653589793,0.0,0.0,0.0,0.0,0.0
19.054000000000002,3.141592653589793,0.0,0.0,0.0,0.0,0.0
19.056,3.141592653589793,0.0,0.0,0.0,0.0,0.0
19.058,3.141592653589793,0.0,0.0,0.0,0.0,0.0
19.06,3.141592653589793,0.0,0.0,0.0,0.0,0.0
19.062,3.141592653589793,0.0,0.0,0.0,0.0,0.0
19.064,3.141592653589793,0.0,0.0,0.0,0.0,0.0
19.066,3.141592653589793,0.0,0.0,0.0,0.0,0.0
19.068,3.141592653589793,0.0,0.0,0.0,0.0,0.0
19.07,3.141592653589793,0.0,0.0,0.0,0.0,0.0
19.072,3.141592653589793,0.0,0.0,0.0,0.0,0.0
19.074,3.141592653589793,0.0,0.0,0.0,0.0,0.0
19.076,3.141592653589793,0.0,0.0,0.0,0.0,0.0
19.078,3.141592653589793,0.0,0.0,0.0,0.0,0.0
19.080000000000002,3.141592653589793,0.0,0.0,0.0,0.0,0.0
19.082,3.141592653589793,0.0,0.0,0.0,0.0,0.0
19.084,3.141592653589793,0.0,0.0,0.0,0.0,0.0
19.086000000000002,3.141592653589793,0.0,0.0,0.0,0.0,0.0
19.088,3.141592653589793,0.0,0.0,0.0,0.0,0.0
19.09,3.141592653589793,0.0,0.0,0.0,0.0,0.0
19.092,3.141592653589793,0.0,0.0,0.0,0.0,0.0
19.094,3.141592653589793,0.0,0.0,0.0,0.0,0.0
19.096,3.141592653589793,0.0,0.0,0.0,0.0,0.0
19.098,3.141592653589793,0.0,0.0,0.0,0.0,0.0
19.1,3.141592653589793,0.0,0.0,0.0,0.0,0.0
19.102,3.141592653589793,0.0,0.0,0.0,0.0,0.0
19.104,3.141592653589793,0.0,0.0,0.0,0.0,0.0
19.106,3.141592653589793,0.0,0.0,0.0,0.0,0.0
19.108,3.141592653589793,0.0,0.0,0.0,0.0,0.0
19.11,3.141592653589793,0.0,0.0,0.0,0.0,0.0
19.112000000000002,3.141592653589793,0.0,0.0,0.0,0.0,0.0
19.114,3.141592653589793,0.0,0.0,0.0,0.0,0.0
19.116,3.141592653589793,0.0,0.0,0.0,0.0,0.0
19.118000000000002,3.141592653589793,0.0,0.0,0.0,0.0,0.0
19.12,3.141592653589793,0.0,0.0,0.0,0.0,0.0
19.122,3.141592653589793,0.0,0.0,0.0,0.0,0.0
19.124,3.141592653589793,0.0,0.0,0.0,0.0,0.0
19.126,3.141592653589793,0.0,0.0,0.0,0.0,0.0
19.128,3.141592653589793,0.0,0.0,0.0,0.0,0.0
19.13,3.141592653589793,0.0,0.0,0.0,0.0,0.0
19.132,3.141592653589793,0.0,0.0,0.0,0.0,0.0
19.134,3.141592653589793,0.0,0.0,0.0,0.0,0.0
19.136,3.141592653589793,0.0,0.0,0.0,0.0,0.0
19.138,3.141592653589793,0.0,0.0,0.0,0.0,0.0
19.14,3.141592653589793,0.0,0.0,0.0,0.0,0.0
19.142,3.141592653589793,0.0,0.0,0.0,0.0,0.0
19.144000000000002,3.141592653589793,0.0,0.0,0.0,0.0,0.0
19.146,3.141592653589793,0.0,0.0,0.0,0.0,0.0
19.148,3.141592653589793,0.0,0.0,0.0,0.0,0.0
19.150000000000002,3.141592653589793,0.0,0.0,0.0,0.0,0.0
19.152,3.141592653589793,0.0,0.0,0.0,0.0,0.0
19.154,3.141592653589793,0.0,0.0,0.0,0.0,0.0
19.156,3.141592653589793,0.0,0.0,0.0,0.0,0.0
19.158,3.141592653589793,0.0,0.0,0.0,0.0,0.0
19.16,3.141592653589793,0.0,0.0,0.0,0.0,0.0
19.162,3.141592653589793,0.0,0.0,0.0,0.0,0.0
19.164,3.141592653589793,0.0,0.0,0.0,0.0,0.0
19.166,3.141592653589793,0.0,0.0,0.0,0.0,0.0
19.168,3.141592653589793,0.0,0.0,0.0,0.0,0.0
19.17,3.141592653589793,0.0,0.0,0.0,0.0,0.0
19.172,3.141592653589793,0.0,0.0,0.0,0.0,0.0
19.174,3.141592653589793,0.0,0.0,0.0,0.0,0.0
19.176000000000002,3.141592653589793,0.0,0.0,0.0,0.0,0.0
19.178,3.141592653589793,0.0,0.0,0.0,0.0,0.0
19.18,3.141592653589793,0.0,0.0,0.0,0.0,0.0
19.182000000000002,3.141592653589793,0.0,0.0,0.0,0.0,0.0
19.184,3.141592653589793,0.0,0.0,0.0,0.0,0.0
19.186,3.141592653589793,0.0,0.0,0.0,0.0,0.0
19.188,3.141592653589793,0.0,0.0,0.0,0.0,0.0
19.19,3.141592653589793,0.0,0.0,0.0,0.0,0.0
19.192,3.141592653589793,0.0,0.0,0.0,0.0,0.0
19.194,3.141592653589793,0.0,0.0,0.0,0.0,0.0
19.196,3.141592653589793,0.0,0.0,0.0,0.0,0.0
19.198,3.141592653589793,0.0,0.0,0.0,0.0,0.0
19.2,3.141592653589793,0.0,0.0,0.0,0.0,0.0
19.202,3.141592653589793,0.0,0.0,0.0,0.0,0.0
19.204,3.141592653589793,0.0,0.0,0.0,0.0,0.0
19.206,3.141592653589793,0.0,0.0,0.0,0.0,0.0
19.208000000000002,3.141592653589793,0.0,0.0,0.0,0.0,0.0
19.21,3.141592653589793,0.0,0.0,0.0,0.0,0.0
19.212,3.141592653589793,0.0,0.0,0.0,0.0,0.0
19.214,3.141592653589793,0.0,0.0,0.0,0.0,0.0
19.216,3.141592653589793,0.0,0.0,0.0,0.0,0.0
19.218,3.141592653589793,0.0,0.0,0.0,0.0,0.0
19.22,3.141592653589793,0.0,0.0,0.0,0.0,0.0
19.222,3.141592653589793,0.0,0.0,0.0,0.0,0.0
19.224,3.141592653589793,0.0,0.0,0.0,0.0,0.0
19.226,3.141592653589793,0.0,0.0,0.0,0.0,0.0
19.228,3.141592653589793,0.0,0.0,0.0,0.0,0.0
19.23,3.141592653589793,0.0,0.0,0.0,0.0,0.0
19.232,3.141592653589793,0.0,0.0,0.0,0.0,0.0
19.234,3.141592653589793,0.0,0.0,0.0,0.0,0.0
19.236,3.141592653589793,0.0,0.0,0.0,0.0,0.0
19.238,3.141592653589793,0.0,0.0,0.0,0.0,0.0
19.240000000000002,3.141592653589793,0.0,0.0,0.0,0.0,0.0
19.242,3.141592653589793,0.0,0.0,0.0,0.0,0.0
19.244,3.141592653589793,0.0,0.0,0.0,0.0,0.0
19.246,3.141592653589793,0.0,0.0,0.0,0.0,0.0
19.248,3.141592653589793,0.0,0.0,0.0,0.0,0.0
19.25,3.141592653589793,0.0,0.0,0.0,0.0,0.0
19.252,3.141592653589793,0.0,0.0,0.0,0.0,0.0
19.254,3.141592653589793,0.0,0.0,0.0,0.0,0.0
19.256,3.141592653589793,0.0,0.0,0.0,0.0,0.0
19.258,3.141592653589793,0.0,0.0,0.0,0.0,0.0
19.26,3.141592653589793,0.0,0.0,0.0,0.0,0.0
19.262,3.141592653589793,0.0,0.0,0.0,0.0,0.0
19.264,3.141592653589793,0.0,0.0,0.0,0.0,0.0
19.266000000000002,3.141592653589793,0.0,0.0,0.0,0.0,0.0
19.268,3.141592653589793,0.0,0.0,0.0,0.0,0.0
19.27,3.141592653589793,0.0,0.0,0.0,0.0,0.0
19.272000000000002,3.141592653589793,0.0,0.0,0.0,0.0,0.0
19.274,3.141592653589793,0.0,0.0,0.0,0.0,0.0
19.276,3.141592653589793,0.0,0.0,0.0,0.0,0.0
19.278,3.141592653589793,0.0,0.0,0.0,0.0,0.0
19.28,3.141592653589793,0.0,0.0,0.0,0.0,0.0
19.282,3.141592653589793,0.0,0.0,0.0,0.0,0.0
19.284,3.141592653589793,0.0,0.0,0.0,0.0,0.0
19.286,3.141592653589793,0.0,0.0,0.0,0.0,0.0
19.288,3.141592653589793,0.0,0.0,0.0,0.0,0.0
19.29,3.141592653589793,0.0,0.0,0.0,0.0,0.0
19.292,3.141592653589793,0.0,0.0,0.0,0.0,0.0
19.294,3.141592653589793,0.0,0.0,0.0,0.0,0.0
19.296,3.141592653589793,0.0,0.0,0.0,0.0,0.0
19.298000000000002,3.141592653589793,0.0,0.0,0.0,0.0,0.0
19.3,3.141592653589793,0.0,0.0,0.0,0.0,0.0
19.302,3.141592653589793,0.0,0.0,0.0,0.0,0.0
19.304000000000002,3.141592653589793,0.0,0.0,0.0,0.0,0.0
19.306,3.141592653589793,0.0,0.0,0.0,0.0,0.0
19.308,3.141592653589793,0.0,0.0,0.0,0.0,0.0
19.31,3.141592653589793,0.0,0.0,0.0,0.0,0.0
19.312,3.141592653589793,0.0,0.0,0.0,0.0,0.0
19.314,3.141592653589793,0.0,0.0,0.0,0.0,0.0
19.316,3.141592653589793,0.0,0.0,0.0,0.0,0.0
19.318,3.141592653589793,0.0,0.0,0.0,0.0,0.0
19.32,3.141592653589793,0.0,0.0,0.0,0.0,0.0
19.322,3.141592653589793,0.0,0.0,0.0,0.0,0.0
19.324,3.141592653589793,0.0,0.0,0.0,0.0,0.0
19.326,3.141592653589793,0.0,0.0,0.0,0.0,0.0
19.328,3.141592653589793,0.0,0.0,0.0,0.0,0.0
19.330000000000002,3.141592653589793,0.0,0.0,0.0,0.0,0.0
19.332,3.141592653589793,0.0,0.0,0.0,0.0,0.0
19.334,3.141592653589793,0.0,0.0,0.0,0.0,0.0
19.336000000000002,3.141592653589793,0.0,0.0,0.0,0.0,0.0
19.338,3.141592653589793,0.0,0.0,0.0,0.0,0.0
19.34,3.141592653589793,0.0,0.0,0.0,0.0,0.0
19.342,3.141592653589793,0.0,0.0,0.0,0.0,0.0
19.344,3.141592653589793,0.0,0.0,0.0,0.0,0.0
19.346,3.141592653589793,0.0,0.0,0.0,0.0,0.0
19.348,3.141592653589793,0.0,0.0,0.0,0.0,0.0
19.35,3.141592653589793,0.0,0.0,0.0,0.0,0.0
19.352,3.141592653589793,0.0,0.0,0.0,0.0,0.0
19.354,3.141592653589793,0.0,0.0,0.0,0.0,0.0
19.356,3.141592653589793,0.0,0.0,0.0,0.0,0.0
19.358,3.141592653589793,0.0,0.0,0.0,0.0,0.0
19.36,3.141592653589793,0.0,0.0,0.0,0.0,0.0
19.362000000000002,3.141592653589793,0.0,0.0,0.0,0.0,0.0
19.364,3.141592653589793,0.0,0.0,0.0,0.0,0.0
19.366,3.141592653589793,0.0,0.0,0.0,0.0,0.0
19.368000000000002,3.141592653589793,0.0,0.0,0.0,0.0,0.0
19.37,3.141592653589793,0.0,0.0,0.0,0.0,0.0
19.372,3.141592653589793,0.0,0.0,0.0,0.0,0.0
19.374,3.141592653589793,0.0,0.0,0.0,0.0,0.0
19.376,3.141592653589793,0.0,0.0,0.0,0.0,0.0
19.378,3.141592653589793,0.0,0.0,0.0,0.0,0.0
19.38,3.141592653589793,0.0,0.0,0.0,0.0,0.0
19.382,3.141592653589793,0.0,0.0,0.0,0.0,0.0
19.384,3.141592653589793,0.0,0.0,0.0,0.0,0.0
19.386,3.141592653589793,0.0,0.0,0.0,0.0,0.0
19.388,3.141592653589793,0.0,0.0,0.0,0.0,0.0
19.39,3.141592653589793,0.0,0.0,0.0,0.0,0.0
19.392,3.141592653589793,0.0,0.0,0.0,0.0,0.0
19.394000000000002,3.141592653589793,0.0,0.0,0.0,0.0,0.0
19.396,3.141592653589793,0.0,0.0,0.0,0.0,0.0
19.398,3.141592653589793,0.0,0.0,0.0,0.0,0.0
19.400000000000002,3.141592653589793,0.0,0.0,0.0,0.0,0.0
19.402,3.141592653589793,0.0,0.0,0.0,0.0,0.0
19.404,3.141592653589793,0.0,0.0,0.0,0.0,0.0
19.406,3.141592653589793,0.0,0.0,0.0,0.0,0.0
19.408,3.141592653589793,0.0,0.0,0.0,0.0,0.0
19.41,3.141592653589793,0.0,0.0,0.0,0.0,0.0
19.412,3.141592653589793,0.0,0.0,0.0,0.0,0.0
19.414,3.141592653589793,0.0,0.0,0.0,0.0,0.0
19.416,3.141592653589793,0.0,0.0,0.0,0.0,0.0
19.418,3.141592653589793,0.0,0.0,0.0,0.0,0.0
19.42,3.141592653589793,0.0,0.0,0.0,0.0,0.0
19.422,3.141592653589793,0.0,0.0,0.0,0.0,0.0
19.424,3.141592653589793,0.0,0.0,0.0,0.0,0.0
19.426000000000002,3.141592653589793,0.0,0.0,0.0,0.0,0.0
19.428,3.141592653589793,0.0,0.0,0.0,0.0,0.0
19.43,3.141592653589793,0.0,0.0,0.0,0.0,0.0
19.432000000000002,3.141592653589793,0.0,0.0,0.0,0.0,0.0
19.434,3.141592653589793,0.0,0.0,0.0,0.0,0.0
19.436,3.141592653589793,0.0,0.0,0.0,0.0,0.0
19.438,3.141592653589793,0.0,0.0,0.0,0.0,0.0
19.44,3.141592653589793,0.0,0.0,0.0,0.0,0.0
19.442,3.141592653589793,0.0,0.0,0.0,0.0,0.0
19.444,3.141592653589793,0.0,0.0,0.0,0.0,0.0
19.446,3.141592653589793,0.0,0.0,0.0,0.0,0.0
19.448,3.141592653589793,0.0,0.0,0.0,0.0,0.0
19.45,3.141592653589793,0.0,0.0,0.0,0.0,0.0
19.452,3.141592653589793,0.0,0.0,0.0,0.0,0.0
19.454,3.141592653589793,0.0,0.0,0.0,0.0,0.0
19.456,3.141592653589793,0.0,0.0,0.0,0.0,0.0
19.458000000000002,3.141592653589793,0.0,0.0,0.0,0.0,0.0
19.46,3.141592653589793,0.0,0.0,0.0,0.0,0.0
19.462,3.141592653589793,0.0,0.0,0.0,0.0,0.0
19.464,3.141592653589793,0.0,0.0,0.0,0.0,0.0
19.466,3.141592653589793,0.0,0.0,0.0,0.0,0.0
19.468,3.141592653589793,0.0,0.0,0.0,0.0,0.0
19.47,3.141592653589793,0.0,0.0,0.0,0.0,0.0
19.472,3.141592653589793,0.0,0.0,0.0,0.0,0.0
19.474,3.141592653589793,0.0,0.0,0.0,0.0,0.0
19.476,3.141592653589793,0.0,0.0,0.0,0.0,0.0
19.478,3.141592653589793,0.0,0.0,0.0,0.0,0.0
19.48,3.141592653589793,0.0,0.0,0.0,0.0,0.0
19.482,3.141592653589793,0.0,0.0,0.0,0.0,0.0
19.484,3.141592653589793,0.0,0.0,0.0,0.0,0.0
19.486,3.141592653589793,0.0,0.0,0.0,0.0,0.0
19.488,3.141592653589793,0.0,0.0,0.0,0.0,0.0
19.490000000000002,3.141592653589793,0.0,0.0,0.0,0.0,0.0
19.492,3.141592653589793,0.0,0.0,0.0,0.0,0.0
19.494,3.141592653589793,0.0,0.0,0.0,0.0,0.0
19.496,3.141592653589793,0.0,0.0,0.0,0.0,0.0
19.498,3.141592653589793,0.0,0.0,0.0,0.0,0.0
19.5,3.141592653589793,0.0,0.0,0.0,0.0,0.0
19.502,3.141592653589793,0.0,0.0,0.0,0.0,0.0
19.504,3.141592653589793,0.0,0.0,0.0,0.0,0.0
19.506,3.141592653589793,0.0,0.0,0.0,0.0,0.0
19.508,3.141592653589793,0.0,0.0,0.0,0.0,0.0
19.51,3.141592653589793,0.0,0.0,0.0,0.0,0.0
19.512,3.141592653589793,0.0,0.0,0.0,0.0,0.0
19.514,3.141592653589793,0.0,0.0,0.0,0.0,0.0
19.516000000000002,3.141592653589793,0.0,0.0,0.0,0.0,0.0
19.518,3.141592653589793,0.0,0.0,0.0,0.0,0.0
19.52,3.141592653589793,0.0,0.0,0.0,0.0,0.0
19.522000000000002,3.141592653589793,0.0,0.0,0.0,0.0,0.0
19.524,3.141592653589793,0.0,0.0,0.0,0.0,0.0
19.526,3.141592653589793,0.0,0.0,0.0,0.0,0.0
19.528,3.141592653589793,0.0,0.0,0.0,0.0,0.0
19.53,3.141592653589793,0.0,0.0,0.0,0.0,0.0
19.532,3.141592653589793,0.0,0.0,0.0,0.0,0.0
19.534,3.141592653589793,0.0,0.0,0.0,0.0,0.0
19.536,3.141592653589793,0.0,0.0,0.0,0.0,0.0
19.538,3.141592653589793,0.0,0.0,0.0,0.0,0.0
19.54,3.141592653589793,0.0,0.0,0.0,0.0,0.0
19.542,3.141592653589793,0.0,0.0,0.0,0.0,0.0
19.544,3.141592653589793,0.0,0.0,0.0,0.0,0.0
19.546,3.141592653589793,0.0,0.0,0.0,0.0,0.0
19.548000000000002,3.141592653589793,0.0,0.0,0.0,0.0,0.0
19.55,3.141592653589793,0.0,0.0,0.0,0.0,0.0
19.552,3.141592653589793,0.0,0.0,0.0,0.0,0.0
19.554000000000002,3.141592653589793,0.0,0.0,0.0,0.0,0.0
19.556,3.141592653589793,0.0,0.0,0.0,0.0,0.0
19.558,3.141592653589793,0.0,0.0,0.0,0.0,0.0
19.56,3.141592653589793,0.0,0.0,0.0,0.0,0.0
19.562,3.141592653589793,0.0,0.0,0.0,0.0,0.0
19.564,3.141592653589793,0.0,0.0,0.0,0.0,0.0
19.566,3.141592653589793,0.0,0.0,0.0,0.0,0.0
19.568,3.141592653589793,0.0,0.0,0.0,0.0,0.0
19.57,3.141592653589793,0.0,0.0,0.0,0.0,0.0
19.572,3.141592653589793,0.0,0.0,0.0,0.0,0.0
19.574,3.141592653589793,0.0,0.0,0.0,0.0,0.0
19.576,3.141592653589793,0.0,0.0,0.0,0.0,0.0
19.578,3.141592653589793,0.0,0.0,0.0,0.0,0.0
19.580000000000002,3.141592653589793,0.0,0.0,0.0,0.0,0.0
19.582,3.141592653589793,0.0,0.0,0.0,0.0,0.0
19.584,3.141592653589793,0.0,0.0,0.0,0.0,0.0
19.586000000000002,3.141592653589793,0.0,0.0,0.0,0.0,0.0
19.588,3.141592653589793,0.0,0.0,0.0,0.0,0.0
19.59,3.141592653589793,0.0,0.0,0.0,0.0,0.0
19.592,3.141592653589793,0.0,0.0,0.0,0.0,0.0
19.594,3.141592653589793,0.0,0.0,0.0,0.0,0.0
19.596,3.141592653589793,0.0,0.0,0.0,0.0,0.0
19.598,3.141592653589793,0.0,0.0,0.0,0.0,0.0
19.6,3.141592653589793,0.0,0.0,0.0,0.0,0.0
19.602,3.141592653589793,0.0,0.0,0.0,0.0,0.0
19.604,3.141592653589793,0.0,0.0,0.0,0.0,0.0
19.606,3.141592653589793,0.0,0.0,0.0,0.0,0.0
19.608,3.141592653589793,0.0,0.0,0.0,0.0,0.0
19.61,3.141592653589793,0.0,0.0,0.0,0.0,0.0
19.612000000000002,3.141592653589793,0.0,0.0,0.0,0.0,0.0
19.614,3.141592653589793,0.0,0.0,0.0,0.0,0.0
19.616,3.141592653589793,0.0,0.0,0.0,0.0,0.0
19.618000000000002,3.141592653589793,0.0,0.0,0.0,0.0,0.0
19.62,3.141592653589793,0.0,0.0,0.0,0.0,0.0
19.622,3.141592653589793,0.0,0.0,0.0,0.0,0.0
19.624,3.141592653589793,0.0,0.0,0.0,0.0,0.0
19.626,3.141592653589793,0.0,0.0,0.0,0.0,0.0
19.628,3.141592653589793,0.0,0.0,0.0,0.0,0.0
19.63,3.141592653589793,0.0,0.0,0.0,0.0,0.0
19.632,3.141592653589793,0.0,0.0,0.0,0.0,0.0
19.634,3.141592653589793,0.0,0.0,0.0,0.0,0.0
19.636,3.141592653589793,0.0,0.0,0.0,0.0,0.0
19.638,3.141592653589793,0.0,0.0,0.0,0.0,0.0
19.64,3.141592653589793,0.0,0.0,0.0,0.0,0.0
19.642,3.141592653589793,0.0,0.0,0.0,0.0,0.0
19.644000000000002,3.141592653589793,0.0,0.0,0.0,0.0,0.0
19.646,3.141592653589793,0.0,0.0,0.0,0.0,0.0
19.648,3.141592653589793,0.0,0.0,0.0,0.0,0.0
19.650000000000002,3.141592653589793,0.0,0.0,0.0,0.0,0.0
19.652,3.141592653589793,0.0,0.0,0.0,0.0,0.0
19.654,3.141592653589793,0.0,0.0,0.0,0.0,0.0
19.656,3.141592653589793,0.0,0.0,0.0,0.0,0.0
19.658,3.141592653589793,0.0,0.0,0.0,0.0,0.0
19.66,3.141592653589793,0.0,0.0,0.0,0.0,0.0
19.662,3.141592653589793,0.0,0.0,0.0,0.0,0.0
19.664,3.141592653589793,0.0,0.0,0.0,0.0,0.0
19.666,3.141592653589793,0.0,0.0,0.0,0.0,0.0
19.668,3.141592653589793,0.0,0.0,0.0,0.0,0.0
19.67,3.141592653589793,0.0,0.0,0.0,0.0,0.0
19.672,3.141592653589793,0.0,0.0,0.0,0.0,0.0
19.674,3.141592653589793,0.0,0.0,0.0,0.0,0.0
19.676000000000002,3.141592653589793,0.0,0.0,0.0,0.0,0.0
19.678,3.141592653589793,0.0,0.0,0.0,0.0,0.0
19.68,3.141592653589793,0.0,0.0,0.0,0.0,0.0
19.682000000000002,3.141592653589793,0.0,0.0,0.0,0.0,0.0
19.684,3.141592653589793,0.0,0.0,0.0,0.0,0.0
19.686,3.141592653589793,0.0,0.0,0.0,0.0,0.0
19.688,3.141592653589793,0.0,0.0,0.0,0.0,0.0
19.69,3.141592653589793,0.0,0.0,0.0,0.0,0.0
19.692,3.141592653589793,0.0,0.0,0.0,0.0,0.0
19.694,3.141592653589793,0.0,0.0,0.0,0.0,0.0
19.696,3.141592653589793,0.0,0.0,0.0,0.0,0.0
19.698,3.141592653589793,0.0,0.0,0.0,0.0,0.0
19.7,3.141592653589793,0.0,0.0,0.0,0.0,0.0
19.702,3.141592653589793,0.0,0.0,0.0,0.0,0.0
19.704,3.141592653589793,0.0,0.0,0.0,0.0,0.0
19.706,3.141592653589793,0.0,0.0,0.0,0.0,0.0
19.708000000000002,3.141592653589793,0.0,0.0,0.0,0.0,0.0
19.71,3.141592653589793,0.0,0.0,0.0,0.0,0.0
19.712,3.141592653589793,0.0,0.0,0.0,0.0,0.0
19.714,3.141592653589793,0.0,0.0,0.0,0.0,0.0
19.716,3.141592653589793,0.0,0.0,0.0,0.0,0.0
19.718,3.141592653589793,0.0,0.0,0.0,0.0,0.0
19.72,3.141592653589793,0.0,0.0,0.0,0.0,0.0
19.722,3.141592653589793,0.0,0.0,0.0,0.0,0.0
19.724,3.141592653589793,0.0,0.0,0.0,0.0,0.0
19.726,3.141592653589793,0.0,0.0,0.0,0.0,0.0
19.728,3.141592653589793,0.0,0.0,0.0,0.0,0.0
19.73,3.141592653589793,0.0,0.0,0.0,0.0,0.0
19.732,3.141592653589793,0.0,0.0,0.0,0.0,0.0
19.734,3.141592653589793,0.0,0.0,0.0,0.0,0.0
19.736,3.141592653589793,0.0,0.0,0.0,0.0,0.0
19.738,3.141592653589793,0.0,0.0,0.0,0.0,0.0
19.740000000000002,3.141592653589793,0.0,0.0,0.0,0.0,0.0
19.742,3.141592653589793,0.0,0.0,0.0,0.0,0.0
19.744,3.141592653589793,0.0,0.0,0.0,0.0,0.0
19.746,3.141592653589793,0.0,0.0,0.0,0.0,0.0
19.748,3.141592653589793,0.0,0.0,0.0,0.0,0.0
19.75,3.141592653589793,0.0,0.0,0.0,0.0,0.0
19.752,3.141592653589793,0.0,0.0,0.0,0.0,0.0
19.754,3.141592653589793,0.0,0.0,0.0,0.0,0.0
19.756,3.141592653589793,0.0,0.0,0.0,0.0,0.0
19.758,3.141592653589793,0.0,0.0,0.0,0.0,0.0
19.76,3.141592653589793,0.0,0.0,0.0,0.0,0.0
19.762,3.141592653589793,0.0,0.0,0.0,0.0,0.0
19.764,3.141592653589793,0.0,0.0,0.0,0.0,0.0
19.766000000000002,3.141592653589793,0.0,0.0,0.0,0.0,0.0
19.768,3.141592653589793,0.0,0.0,0.0,0.0,0.0
19.77,3.141592653589793,0.0,0.0,0.0,0.0,0.0
19.772000000000002,3.141592653589793,0.0,0.0,0.0,0.0,0.0
19.774,3.141592653589793,0.0,0.0,0.0,0.0,0.0
19.776,3.141592653589793,0.0,0.0,0.0,0.0,0.0
19.778,3.141592653589793,0.0,0.0,0.0,0.0,0.0
19.78,3.141592653589793,0.0,0.0,0.0,0.0,0.0
19.782,3.141592653589793,0.0,0.0,0.0,0.0,0.0
19.784,3.141592653589793,0.0,0.0,0.0,0.0,0.0
19.786,3.141592653589793,0.0,0.0,0.0,0.0,0.0
19.788,3.141592653589793,0.0,0.0,0.0,0.0,0.0
19.79,3.141592653589793,0.0,0.0,0.0,0.0,0.0
19.792,3.141592653589793,0.0,0.0,0.0,0.0,0.0
19.794,3.141592653589793,0.0,0.0,0.0,0.0,0.0
19.796,3.141592653589793,0.0,0.0,0.0,0.0,0.0
19.798000000000002,3.141592653589793,0.0,0.0,0.0,0.0,0.0
19.8,3.141592653589793,0.0,0.0,0.0,0.0,0.0
19.802,3.141592653589793,0.0,0.0,0.0,0.0,0.0
19.804000000000002,3.141592653589793,0.0,0.0,0.0,0.0,0.0
19.806,3.141592653589793,0.0,0.0,0.0,0.0,0.0
19.808,3.141592653589793,0.0,0.0,0.0,0.0,0.0
19.81,3.141592653589793,0.0,0.0,0.0,0.0,0.0
19.812,3.141592653589793,0.0,0.0,0.0,0.0,0.0
19.814,3.141592653589793,0.0,0.0,0.0,0.0,0.0
19.816,3.141592653589793,0.0,0.0,0.0,0.0,0.0
19.818,3.141592653589793,0.0,0.0,0.0,0.0,0.0
19.82,3.141592653589793,0.0,0.0,0.0,0.0,0.0
19.822,3.141592653589793,0.0,0.0,0.0,0.0,0.0
19.824,3.141592653589793,0.0,0.0,0.0,0.0,0.0
19.826,3.141592653589793,0.0,0.0,0.0,0.0,0.0
19.828,3.141592653589793,0.0,0.0,0.0,0.0,0.0
19.830000000000002,3.141592653589793,0.0,0.0,0.0,0.0,0.0
19.832,3.141592653589793,0.0,0.0,0.0,0.0,0.0
19.834,3.141592653589793,0.0,0.0,0.0,0.0,0.0
19.836000000000002,3.141592653589793,0.0,0.0,0.0,0.0,0.0
19.838,3.141592653589793,0.0,0.0,0.0,0.0,0.0
19.84,3.141592653589793,0.0,0.0,0.0,0.0,0.0
19.842,3.141592653589793,0.0,0.0,0.0,0.0,0.0
19.844,3.141592653589793,0.0,0.0,0.0,0.0,0.0
19.846,3.141592653589793,0.0,0.0,0.0,0.0,0.0
19.848,3.141592653589793,0.0,0.0,0.0,0.0,0.0
19.85,3.141592653589793,0.0,0.0,0.0,0.0,0.0
19.852,3.141592653589793,0.0,0.0,0.0,0.0,0.0
19.854,3.141592653589793,0.0,0.0,0.0,0.0,0.0
19.856,3.141592653589793,0.0,0.0,0.0,0.0,0.0
19.858,3.141592653589793,0.0,0.0,0.0,0.0,0.0
19.86,3.141592653589793,0.0,0.0,0.0,0.0,0.0
19.862000000000002,3.141592653589793,0.0,0.0,0.0,0.0,0.0
19.864,3.141592653589793,0.0,0.0,0.0,0.0,0.0
19.866,3.141592653589793,0.0,0.0,0.0,0.0,0.0
19.868000000000002,3.141592653589793,0.0,0.0,0.0,0.0,0.0
19.87,3.141592653589793,0.0,0.0,0.0,0.0,0.0
19.872,3.141592653589793,0.0,0.0,0.0,0.0,0.0
19.874,3.141592653589793,0.0,0.0,0.0,0.0,0.0
19.876,3.141592653589793,0.0,0.0,0.0,0.0,0.0
19.878,3.141592653589793,0.0,0.0,0.0,0.0,0.0
19.88,3.141592653589793,0.0,0.0,0.0,0.0,0.0
19.882,3.141592653589793,0.0,0.0,0.0,0.0,0.0
19.884,3.141592653589793,0.0,0.0,0.0,0.0,0.0
19.886,3.141592653589793,0.0,0.0,0.0,0.0,0.0
19.888,3.141592653589793,0.0,0.0,0.0,0.0,0.0
19.89,3.141592653589793,0.0,0.0,0.0,0.0,0.0
19.892,3.141592653589793,0.0,0.0,0.0,0.0,0.0
19.894000000000002,3.141592653589793,0.0,0.0,0.0,0.0,0.0
19.896,3.141592653589793,0.0,0.0,0.0,0.0,0.0
19.898,3.141592653589793,0.0,0.0,0.0,0.0,0.0
19.900000000000002,3.141592653589793,0.0,0.0,0.0,0.0,0.0
19.902,3.141592653589793,0.0,0.0,0.0,0.0,0.0
19.904,3.141592653589793,0.0,0.0,0.0,0.0,0.0
19.906,3.141592653589793,0.0,0.0,0.0,0.0,0.0
19.908,3.141592653589793,0.0,0.0,0.0,0.0,0.0
19.91,3.141592653589793,0.0,0.0,0.0,0.0,0.0
19.912,3.141592653589793,0.0,0.0,0.0,0.0,0.0
19.914,3.141592653589793,0.0,0.0,0.0,0.0,0.0
19.916,3.141592653589793,0.0,0.0,0.0,0.0,0.0
19.918,3.141592653589793,0.0,0.0,0.0,0.0,0.0
19.92,3.141592653589793,0.0,0.0,0.0,0.0,0.0
19.922,3.141592653589793,0.0,0.0,0.0,0.0,0.0
19.924,3.141592653589793,0.0,0.0,0.0,0.0,0.0
19.926000000000002,3.141592653589793,0.0,0.0,0.0,0.0,0.0
19.928,3.141592653589793,0.0,0.0,0.0,0.0,0.0
19.93,3.141592653589793,0.0,0.0,0.0,0.0,0.0
19.932000000000002,3.141592653589793,0.0,0.0,0.0,0.0,0.0
19.934,3.141592653589793,0.0,0.0,0.0,0.0,0.0
19.936,3.141592653589793,0.0,0.0,0.0,0.0,0.0
19.938,3.141592653589793,0.0,0.0,0.0,0.0,0.0
19.94,3.141592653589793,0.0,0.0,0.0,0.0,0.0
19.942,3.141592653589793,0.0,0.0,0.0,0.0,0.0
19.944,3.141592653589793,0.0,0.0,0.0,0.0,0.0
19.946,3.141592653589793,0.0,0.0,0.0,0.0,0.0
19.948,3.141592653589793,0.0,0.0,0.0,0.0,0.0
19.95,3.141592653589793,0.0,0.0,0.0,0.0,0.0
19.952,3.141592653589793,0.0,0.0,0.0,0.0,0.0
19.954,3.141592653589793,0.0,0.0,0.0,0.0,0.0
19.956,3.141592653589793,0.0,0.0,0.0,0.0,0.0
19.958000000000002,3.141592653589793,0.0,0.0,0.0,0.0,0.0
19.96,3.141592653589793,0.0,0.0,0.0,0.0,0.0
19.962,3.141592653589793,0.0,0.0,0.0,0.0,0.0
19.964000000000002,3.141592653589793,0.0,0.0,0.0,0.0,0.0
19.966,3.141592653589793,0.0,0.0,0.0,0.0,0.0
19.968,3.141592653589793,0.0,0.0,0.0,0.0,0.0
19.97,3.141592653589793,0.0,0.0,0.0,0.0,0.0
19.972,3.141592653589793,0.0,0.0,0.0,0.0,0.0
19.974,3.141592653589793,0.0,0.0,0.0,0.0,0.0
19.976,3.141592653589793,0.0,0.0,0.0,0.0,0.0
19.978,3.141592653589793,0.0,0.0,0.0,0.0,0.0
19.98,3.141592653589793,0.0,0.0,0.0,0.0,0.0
19.982,3.141592653589793,0.0,0.0,0.0,0.0,0.0
19.984,3.141592653589793,0.0,0.0,0.0,0.0,0.0
19.986,3.141592653589793,0.0,0.0,0.0,0.0,0.0
19.988,3.141592653589793,0.0,0.0,0.0,0.0,0.0
19.990000000000002,3.141592653589793,0.0,0.0,0.0,0.0,0.0
19.992,3.141592653589793,0.0,0.0,0.0,0.0,0.0
19.994,3.141592653589793,0.0,0.0,0.0,0.0,0.0
19.996,3.141592653589793,0.0,0.0,0.0,0.0,0.0
19.998,3.141592653589793,0.0,0.0,0.0,0.0,0.0
20.0,3.141592653589793,0.0,0.0,0.0,0.0,0.0
