time,pos1,pos2,vel1,vel2,acc1,acc2
0.0,0.0,0.0,1.6964600329384885,0.0,0.0,0.0
0.002,0.0033929117065954625,0.0,1.6964474940268945,0.0,-0.012538884897726373,0.0
0.004,0.006785773257758115,0.0,1.6964098776124636,0.0,-0.025077449446641184,0.0
0.006,0.010178534499336547,0.0,1.696347184656234,0.0,-0.037615373307481215,0.0
0.008,0.013571145279742083,0.0,1.6962594167599065,0.0,-0.050152336160079615,0.0
0.01,0.016963555451230083,0.0,1.6961465761657943,0.0,-0.06268801771291338,0.0
0.012,0.02035571487118108,0.0,1.696008665756758,0.0,-0.07522209771264987,0.0
0.014,0.023747573403381815,0.0,1.6958456890561178,0.0,-0.08775425595369214,0.0
0.016,0.02713908091930604,0.0,1.695657650227549,0.0,-0.10028417228772288,0.0
0.018000000000000002,0.030530187299395106,0.0,1.6954445540749608,0.0,-0.11281152663324642,0.0
0.02,0.03392084243433831,0.0,1.6952064060423473,0.0,-0.1253359989851287,0.0
0.022,0.03731099622635287,0.0,1.694943212213631,0.0,-0.13785726942413487,0.0
0.024,0.04070059859046366,0.0,1.6946549793124772,0.0,-0.15037501812646434,0.0
0.026000000000000002,0.04408959945578243,0.0,1.694341714702098,0.0,-0.16288892537328237,0.0
0.028,0.04747794876678672,0.0,1.694003426385027,0.0,-0.17539867156024902,0.0
0.03,0.05086559648459829,0.0,1.6936401230028866,0.0,-0.18790393720704412,0.0
0.032,0.05425249258826101,0.0,1.6932518138361266,0.0,-0.20040440296688838,0.0
0.034,0.05763858707601821,0.0,1.6928385088037494,0.0,-0.21289974963606048,0.0
0.036000000000000004,0.06102382996658959,0.0,1.692400218463014,0.0,-0.22538965816340942,0.0
0.038,0.06440817130044732,0.0,1.6919369540091203,0.0,-0.2378738096598625,0.0
0.04,0.06779156114109168,0.0,1.6914487272748773,0.0,-0.2503518854079279,0.0
0.042,0.07117394957632583,0.0,1.6909355507303494,0.0,-0.2628235668711921,0.0
0.044,0.07455528671953002,0.0,1.690397437482484,0.0,-0.2752885357038113,0.0
0.046,0.07793552271093503,0.0,1.689834401274723,0.0,-0.2877464737599974,0.0
0.048,0.08131460771889455,0.0,1.689246456486591,0.0,-0.30019706310349714,0.0
0.05,0.08469249194115715,0.0,1.6886336181332675,0.0,-0.31263998601706533,0.0
0.052000000000000005,0.08806912560613699,0.0,1.6879959018651403,0.0,-0.32507492501193064,0.0
0.054,0.09144445897418382,0.0,1.6873333239673385,0.0,-0.3375015628372545,0.0
0.056,0.09481844233885206,0.0,1.6866459013592456,0.0,-0.3499195824895829,0.0
0.058,0.09819102602816865,0.0,1.6859336515939989,0.0,-0.3623286672222895,0.0
0.06,0.10156216040590013,0.0,1.6851965928579629,0.0,-0.37472850055501183,0.0
0.062,0.10493179587281862,0.0,1.6844347439701886,0.0,-0.3871187662830783,0.0
0.064,0.10829988286796648,0.0,1.683648124381853,0.0,-0.39949914848692736,0.0
0.066,0.11166637186992012,0.0,1.6828367541756803,0.0,-0.41186933154151695,0.0
0.068,0.11503121339805243,0.0,1.682000654065341,0.0,-0.42422900012572495,0.0
0.07,0.11839435801379405,0.0,1.6811398453948367,0.0,-0.4365778392317411,0.0
0.07200000000000001,0.12175575632189348,0.0,1.6802543501378633,0.0,-0.4489155341744472,0.0
0.074,0.1251153589716757,0.0,1.6793441908971574,0.0,-0.46124177060078914,0.0
0.076,0.12847311665829972,0.0,1.6784093909038202,0.0,-0.47355623449913775,0.0
0.078,0.1318289801240145,0.0,1.677449974016628,0.0,-0.48585861220863813,0.0
0.08,0.1351829001594136,0.0,1.67646596472132,0.0,-0.4981485904285498,0.0
0.082,0.13853482760468847,0.0,1.6754573881298696,0.0,-0.5104258562275741,0.0
0.084,0.14188471335088004,0.0,1.6744242699797343,0.0,-0.5226900970531707,0.0
0.08600000000000001,0.1452325083411292,0.0,1.6733666366330908,0.0,-0.5349410007408618,0.0
0.088,0.14857816357192496,0.0,1.6722845150760497,0.0,-0.5471782555235255,0.0
0.09,0.1519216300943521,0.0,1.6711779329178498,0.0,-0.5594015500406744,0.0
0.092,0.15526285901533615,0.0,1.6700469183900364,0.0,-0.571610573347724,0.0
0.094,0.1586018014988874,0.0,1.6688915003456213,0.0,-0.5838050149252463,0.0
0.096,0.1619384087673429,0.0,1.667711708258222,0.0,-0.5959845646882108,0.0
0.098,0.16527263210260676,0.0,1.6665075722211826,0.0,-0.6081489129952122,0.0
0.1,0.1686044228473889,0.0,1.665279122946681,0.0,-0.6202977506576841,0.0
0.10200000000000001,0.17193373240644155,0.0,1.6640263917648097,0.0,-0.632430768949097,0.0
0.10400000000000001,0.17526051224779426,0.0,1.6627494106226464,0.0,-0.6445476596141448,0.0
0.106,0.178584713903987,0.0,1.6614482120832985,0.0,-0.6566481148779143,0.0
0.108,0.18190628897330113,0.0,1.6601228293249366,0.0,-0.6687318274550401,0.0
0.11,0.18522518912098862,0.0,1.658773296139805,0.0,-0.6807984905588447,0.0
0.112,0.1885413660804991,0.0,1.657399646933214,0.0,-0.6928477979104624,0.0
0.114,0.19185477165470516,0.0,1.6560019167225177,0.0,-0.7048794437479486,0.0
0.116,0.19516535771712512,0.0,1.6545801411360679,0.0,-0.7168931228353709,0.0
0.11800000000000001,0.19847307621314425,0.0,1.6531343564121554,0.0,-0.7288885304718851,0.0
0.12,0.20177787916123335,0.0,1.6516645993979306,0.0,-0.7408653625007945,0.0
0.122,0.20507971865416555,0.0,1.6501709075483055,0.0,-0.7528233153185921,0.0
0.124,0.20837854686023055,0.0,1.6486533189248376,0.0,-0.7647620858839848,0.0
0.126,0.21167431602444697,0.0,1.6471118721945974,0.0,-0.7766813717269005,0.0
0.128,0.21496697846977197,0.0,1.6455466066290179,0.0,-0.788580870957478,0.0
0.13,0.21825648659830918,0.0,1.643957562102723,0.0,-0.8004602822750372,0.0
0.132,0.2215427928925135,0.0,1.6423447790923413,0.0,-0.8123193049770328,0.0
0.134,0.22482584991639415,0.0,1.6407082986753023,0.0,-0.8241576389679874,0.0
0.136,0.22810561031671495,0.0,1.6390481625286106,0.0,-0.8359749847684075,0.0
0.138,0.23138202682419245,0.0,1.6373644129276066,0.0,-0.8477710435236783,0.0
0.14,0.23465505225469088,0.0,1.6356570927447072,0.0,-0.85954551701294,0.0
0.14200000000000002,0.23792463951041562,0.0,1.6339262454481318,0.0,-0.8712981076579458,0.0
0.14400000000000002,0.24119074158110293,0.0,1.6321719151006042,0.0,-0.8830285185318956,0.0
0.146,0.24445331154520816,0.0,1.6303941463580442,0.0,-0.8947364533682541,0.0
0.148,0.24771230257109048,0.0,1.6285929844682365,0.0,-0.9064216165695456,0.0
0.15,0.25096766791819536,0.0,1.6267684752694844,0.0,-0.9180837132161274,0.0
0.152,0.2542193609382344,0.0,1.6249206651892458,0.0,-0.9297224490749447,0.0
0.154,0.2574673350763618,0.0,1.6230496012427507,0.0,-0.9413375306082608,0.0
0.156,0.26071154387234924,0.0,1.6211553310316014,0.0,-0.952928664982368,0.0
0.158,0.26395194096175656,0.0,1.6192379027423571,0.0,-0.9644955600762755,0.0
0.16,0.2671884800771004,0.0,1.617297365145099,0.0,-0.9760379244903747,0.0
0.162,0.2704211150490201,0.0,1.6153337675919786,0.0,-0.9875554675550835,0.0
0.164,0.2736497998074401,0.0,1.6133471600157487,0.0,-0.9990478993394647,0.0
0.166,0.2768744883827295,0.0,1.61133759292828,0.0,-1.0105149306598253,0.0
0.168,0.2800951349068592,0.0,1.6093051174190547,0.0,-1.0219562730882892,0.0
0.17,0.2833116936145555,0.0,1.6072497851536478,0.0,-1.0333716389613476,0.0
0.17200000000000001,0.2865241188444504,0.0,1.6051716483721905,0.0,-1.0447607413883864,0.0
0.17400000000000002,0.2897323650402296,0.0,1.603070759887815,0.0,-1.0561232942601868,0.0
0.176,0.2929363867517767,0.0,1.600947173085084,0.0,-1.0674590122574044,0.0
0.178,0.2961361386363146,0.0,1.5988009419184006,0.0,-1.0787676108590216,0.0
0.18,0.29933157545954353,0.0,1.5966321209104057,0.0,-1.0900488063507772,0.0
0.182,0.30252265209677565,0.0,1.5944407651503552,0.0,-1.1013023158335662,0.0
0.184,0.3057093235340672,0.0,1.5922269302924799,0.0,-1.1125278572318213,0.0
0.186,0.3088915448693462,0.0,1.589990672554332,0.0,-1.1237251493018612,0.0
0.188,0.312069271313538,0.0,1.587732048715112,0.0,-1.134893911640219,0.0
0.19,0.3152424581916864,0.0,1.585451116113981,0.0,-1.1460338646919397,0.0
0.192,0.3184110609440719,0.0,1.5831479326483535,0.0,-1.157144729758854,0.0
0.194,0.3215750351273271,0.0,1.580822556772177,0.0,-1.1682262290078247,0.0
0.196,0.3247343364155471,0.0,1.578475047494194,0.0,-1.1792780854789648,0.0
0.198,0.3278889206013983,0.0,1.5761054643761852,0.0,-1.1903000230938323,0.0
0.2,0.3310387435972217,0.0,1.5737138675312017,0.0,-1.2012917666635894,0.0
0.202,0.3341837614361346,0.0,1.571300317621775,0.0,-1.2122530418971444,0.0
0.20400000000000001,0.3373239302731272,0.0,1.5688648758581145,0.0,-1.2231835754092566,0.0
0.20600000000000002,0.34045920638615623,0.0,1.566407603996287,0.0,-1.2340830947286177,0.0
0.20800000000000002,0.3435895461772349,0.0,1.563928564336382,0.0,-1.2449513283059035,0.0
0.21,0.34671490617351913,0.0,1.5614278197206586,0.0,-1.2557880055217965,0.0
0.212,0.34983524302839003,0.0,1.5589054335316779,0.0,-1.2665928566949796,0.0
0.214,0.3529505135225324,0.0,1.5563614696904187,0.0,-1.277365613090101,0.0
0.216,0.35606067456501,0.0,1.5537959926543783,0.0,-1.2881060069257075,0.0
0.218,0.35916568319433634,0.0,1.5512090674156567,0.0,-1.2988137713821517,0.0
0.22,0.3622654965795422,0.0,1.5486007594990243,0.0,-1.3094886406094652,0.0
0.222,0.36536007202123905,0.0,1.5459711349599754,0.0,-1.3201303497352048,0.0
0.224,0.3684493669526783,0.0,1.5433202603827645,0.0,-1.3307386348722656,0.0
0.226,0.37153333894080703,0.0,1.54064820287843,0.0,-1.3413132331266646,0.0
0.228,0.3746119456873196,0.0,1.5379550300827973,0.0,-1.3518538826052935,0.0
0.23,0.3776851450297049,0.0,1.5352408101544717,0.0,-1.362360322423639,0.0
0.232,0.3807528949422904,0.0,1.5325056117728115,0.0,-1.3728322927134728,0.0
0.234,0.3838151535372811,0.0,1.5297495041358893,0.0,-1.38326953463051,0.0
0.23600000000000002,0.3868718790657955,0.0,1.526972556958436,0.0,-1.3936717903620344,0.0
0.23800000000000002,0.38992302991889605,0.0,1.5241748404697706,0.0,-1.404038803134491,0.0
0.24,0.39296856462861696,0.0,1.5213564254117122,0.0,-1.4143703172210496,0.0
0.242,0.39600844186898687,0.0,1.5185173830364822,0.0,-1.4246660779491311,0.0
0.244,0.3990426204570472,0.0,1.5156577851045856,0.0,-1.4349258317079037,0.0
0.246,0.4020710593538672,0.0,1.5127777038826817,0.0,-1.4451493259557457,0.0
0.248,0.4050937176655539,0.0,1.5098772121414372,0.0,-1.4553363092276743,0.0
0.25,0.4081105546442574,0.0,1.5069563831533666,0.0,-1.46548653114274,0.0
0.252,0.41112152968917315,0.0,1.504015290690655,0.0,-1.4755997424113894,0.0
0.254,0.41412660234753895,0.0,1.5010540090229705,0.0,-1.4856756948427912,0.0
0.256,0.41712573231562744,0.0,1.4980726129152568,0.0,-1.495714141352131,0.0
0.258,0.4201188794397344,0.0,1.495071177625516,0.0,-1.5057148359678685,0.0
0.26,0.42310600371716317,0.0,1.4920497789025733,0.0,-1.5156775338389608,0.0
0.262,0.42608706529720336,0.0,1.4890084929838308,0.0,-1.5256019912420526,0.0
0.264,0.42906202448210634,0.0,1.4859473965930015,0.0,-1.535487965588629,0.0
0.266,0.43203084172805517,0.0,1.4828665669378367,0.0,-1.5453352154321336,0.0
0.268,0.4349934776461305,0.0,1.4797660817078324,0.0,-1.55514350047505,0.0
0.27,0.4379498930032719,0.0,1.4766460190719242,0.0,-1.5649125815759508,0.0
0.272,0.4409000487232344,0.0,1.4735064576761683,0.0,-1.5746422207565054,0.0
0.274,0.4438439058875401,0.0,1.47034747664141,0.0,-1.5843321812084559,0.0
0.276,0.4467814257364258,0.0,1.4671691555609339,0.0,-1.5939822273005533,0.0
0.278,0.44971256966978523,0.0,1.4639715744981054,0.0,-1.6035921245854594,0.0
0.28,0.45263729924810703,0.0,1.4607548139839945,0.0,-1.6131616398066106,0.0
0.28200000000000003,0.4555555761934077,0.0,1.4575189550149876,0.0,-1.6226905409050436,0.0
0.28400000000000003,0.4584673623901597,0.0,1.454264079050386,0.0,-1.6321785970261857,0.0
0.28600000000000003,0.46137261988621514,0.0,1.4509902680099904,0.0,-1.641625578526606,0.0
0.28800000000000003,0.4642713108937242,0.0,1.4476976042716712,0.0,-1.6510312569807297,0.0
0.29,0.4671633977900488,0.0,1.4443861706689265,0.0,-1.6603954051875134,0.0
0.292,0.47004884311867134,0.0,1.4410560504884269,0.0,-1.669717797177083,0.0
0.294,0.4729276095900989,0.0,1.4377073274675454,0.0,-1.6789982082173325,0.0
0.296,0.4757996600827618,0.0,1.4343400857918767,0.0,-1.6882364148204854,0.0
0.298,0.4786649576439076,0.0,1.4309544100927407,0.0,-1.6974321947496156,0.0
0.3,0.4815234654904903,0.0,1.4275503854446754,0.0,-1.7065853270251305,0.0
0.302,0.48437514701005413,0.0,1.424128097362915,0.0,-1.7156955919312136,0.0
0.304,0.48721996576161214,0.0,1.4206876318008554,0.0,-1.7247627710222295,0.0
0.306,0.4900578854765204,0.0,1.4172290751475103,0.0,-1.733786647129088,0.0
0.308,0.49288887005934645,0.0,1.413752514224948,0.0,-1.7427670043655674,0.0
0.31,0.4957128835887329,0.0,1.4102580362857218,0.0,-1.751703628134601,0.0
0.312,0.49852989031825573,0.0,1.4067457290102845,0.0,-1.760596305134519,0.0
0.314,0.5013398546772777,0.0,1.4032156805043923,0.0,-1.7694448233652544,0.0
0.316,0.504142741271796,0.0,1.399667979296494,0.0,-1.7782489721345036,0.0
0.318,0.5069385148852854,0.0,1.3961027143351101,0.0,-1.7870085420638517,0.0
0.32,0.5097271404795356,0.0,1.3925199749862,0.0,-1.7957233250948512,0.0
0.322,0.5125085831954832,0.0,1.388919851030514,0.0,-1.804393114495063,0.0
0.324,0.5152828083540392,0.0,1.385302432660937,0.0,-1.8130177048640566,0.0
0.326,0.5180497814569102,0.0,1.3816678104798172,0.0,-1.8215968921393648,0.0
0.328,0.5208094681874146,0.0,1.3780160754962845,0.0,-1.8301304736024009,0.0
0.33,0.5235618344112937,0.0,1.3743473191235582,0.0,-1.8386182478843311,0.0
0.332,0.5263068461775169,0.0,1.3706616331762402,0.0,-1.8470600149719065,0.0
0.334,0.5290444697190821,0.0,1.3669591098675986,0.0,-1.8554555762132523,0.0
0.336,0.5317746714538105,0.0,1.3632398418068385,0.0,-1.863804734323614,0.0
0.338,0.5344974179851345,0.0,1.3595039219963632,0.0,-1.8721072933910607,0.0
0.34,0.5372126761028828,0.0,1.3557514438290226,0.0,-1.8803630588821485,0.0
0.342,0.5399204127840578,0.0,1.3519825010853495,0.0,-1.8885718376475356,0.0
0.34400000000000003,0.5426205951936083,0.0,1.3481971879307868,0.0,-1.896733437927559,0.0
0.34600000000000003,0.5453131906851969,0.0,1.3443955989129033,0.0,-1.9048476693577672,0.0
0.34800000000000003,0.5479981668019607,0.0,1.3405778289585963,0.0,-1.9129143429744044,0.0
0.35000000000000003,0.5506754912772677,0.0,1.3367439733712847,0.0,-1.9209332712198595,0.0
0.352,0.5533451320354669,0.0,1.3328941278280932,0.0,-1.9289042679480632,0.0
0.354,0.5560070571926332,0.0,1.3290283883770218,0.0,-1.9368271484298463,0.0
0.356,0.5586612350573057,0.0,1.3251468514341078,0.0,-1.9447017293582507,0.0
0.358,0.5613076341312213,0.0,1.3212496137805756,0.0,-1.952527828853799,0.0
0.36,0.5639462231100419,0.0,1.3173367725599776,0.0,-1.9603052664697156,0.0
0.362,0.5665769708840771,0.0,1.3134084252753215,0.0,-1.9680338631971073,0.0
0.364,0.5691998465389991,0.0,1.3094646697861907,0.0,-1.9757134414700979,0.0
0.366,0.5718148193565533,0.0,1.3055056043058548,0.0,-1.9833438251709135,0.0
0.368,0.5744218588152634,0.0,1.3015313273983642,0.0,-1.9909248396349302,0.0
0.37,0.577020934591129,0.0,1.2975419379756428,0.0,-1.9984563116556697,0.0
0.372,0.5796120165583194,0.0,1.2935375352945653,0.0,-2.005938069489755,0.0
0.374,0.5821950747898601,0.0,1.2895182189540249,0.0,-2.013369942861814,0.0
0.376,0.5847700795583137,0.0,1.2854840888919938,0.0,-2.020751762969345,0.0
0.378,0.5873370013364557,0.0,1.281435245382573,0.0,-2.028083362487529,0.0
0.38,0.5898958107979433,0.0,1.2773717890330314,0.0,-2.035364575574002,0.0
0.382,0.5924464788179787,0.0,1.273293820780835,0.0,-2.042595237873577,0.0
0.384,0.5949889764739674,0.0,1.2692014418906703,0.0,-2.0497751865229206,0.0
0.386,0.5975232750461683,0.0,1.2650947539514545,0.0,-2.056904260155184,0.0
0.388,0.6000493460183403,0.0,1.2609738588733381,0.0,-2.0639822989045866,0.0
0.39,0.6025671610783809,0.0,1.2568388588846984,0.0,-2.071009144410955,0.0
0.392,0.6050766921189608,0.0,1.2526898565291236,0.0,-2.0779846398242086,0.0
0.394,0.6075779112381499,0.0,1.2485269546623878,0.0,-2.0849086298088086,0.0
0.396,0.6100707907400393,0.0,1.244350256449419,0.0,-2.091780960548148,0.0
0.398,0.6125553031353573,0.0,1.2401598653612549,0.0,-2.0986014797489045,0.0
0.4,0.615031421142077,0.0,1.2359558851719936,0.0,-2.105370036645339,0.0
0.402,0.6174991176860207,0.0,1.2317384199557333,0.0,-2.112086482003551,0.0
0.404,0.6199583659014561,0.0,1.2275075740835042,0.0,-2.1187506681256814,0.0
0.406,0.6224091391316875,0.0,1.223263452220194,0.0,-2.125362448854074,0.0
0.40800000000000003,0.6248514109296402,0.0,1.2190061593214605,0.0,-2.131921679575383,0.0
0.41000000000000003,0.627285155058439,0.0,1.2147358006306417,0.0,-2.138428217224634,0.0
0.41200000000000003,0.6297103454919805,0.0,1.210452481675653,0.0,-2.14488192028924,0.0
0.41400000000000003,0.6321269564154989,0.0,1.20615630826588,0.0,-2.1512826488129657,0.0
0.41600000000000004,0.6345349622261265,0.0,1.2018473864890604,0.0,-2.1576302643998426,0.0
0.418,0.6369343375334464,0.0,1.1975258227081613,0.0,-2.1639246302180375,0.0
0.42,0.6393250571600404,0.0,1.193191723558245,0.0,-2.170165611003674,0.0
0.422,0.6417070961420301,0.0,1.1888451959433315,0.0,-2.176353073064602,0.0
0.424,0.6440804297296112,0.0,1.1844863470332494,0.0,-2.182486884284116,0.0
0.426,0.6464450333875822,0.0,1.1801152842604827,0.0,-2.188566914124632,0.0
0.428,0.6488008827958669,0.0,1.1757321153170086,0.0,-2.194593033631308,0.0
0.43,0.6511479538500295,0.0,1.1713369481511278,0.0,-2.2005651154356203,0.0
0.432,0.6534862226617852,0.0,1.166929890964289,0.0,-2.206483033758885,0.0
0.434,0.6558156655595017,0.0,1.1625110522079054,0.0,-2.212346664415736,0.0
0.436,0.6581362590886972,0.0,1.1580805405801649,0.0,-2.2181558848175476,0.0
0.438,0.6604479800125306,0.0,1.153638465022833,0.0,-2.2239105739758136,0.0
0.44,0.6627508053122849,0.0,1.1491849347180498,0.0,-2.22961061250547,0.0
0.442,0.6650447121878456,0.0,1.1447200590851183,0.0,-2.2352558826281737,0.0
0.444,0.6673296780581703,0.0,1.1402439477772899,0.0,-2.2408462681755257,0.0
0.446,0.6696056805617556,0.0,1.1357567106785391,0.0,-2.2463816545922493,0.0
0.448,0.6718726975570932,0.0,1.1312584579003366,0.0,-2.251861928939314,0.0
0.45,0.674130707123123,0.0,1.1267492997784108,0.0,-2.257286979897012,0.0
0.452,0.6763796875596775,0.0,1.122229346869509,0.0,-2.262656697767983,0.0
0.454,0.6786196173879212,0.0,1.1176987099481477,0.0,-2.267970974480188,0.0
0.456,0.680850475350783,0.0,1.1131575000033596,0.0,-2.2732297035898332,0.0
0.458,0.6830722404133812,0.0,1.1086058282354347,0.0,-2.278432780284244,0.0
0.46,0.6852848917634436,0.0,1.104043806052655,0.0,-2.2835801013846853,0.0
0.462,0.6874884088117195,0.0,1.099471545068023,0.0,-2.288671565349136,0.0
0.464,0.6896827711923864,0.0,1.0948891570959873,0.0,-2.293707072275007,0.0
0.466,0.6918679587634493,0.0,1.090296754149159,0.0,-2.2986865239018126,0.0
0.468,0.694043951607134,0.0,1.0856944484350264,0.0,-2.303609823613788,0.0
0.47000000000000003,0.696210730030273,0.0,1.0810823523526627,0.0,-2.308476876442457,0.0
0.47200000000000003,0.6983682745646865,0.0,1.076460578489428,0.0,-2.313287589069147,0.0
0.47400000000000003,0.7005165659675544,0.0,1.0718292396176685,0.0,-2.3180418698274567,0.0
0.47600000000000003,0.7026555852217835,0.0,1.0671884486914085,0.0,-2.322739628705666,0.0
0.47800000000000004,0.7047853135363681,0.0,1.0625383188430393,0.0,-2.327380777349099,0.0
0.48,0.7069057323467421,0.0,1.0578789633800023,0.0,-2.3319652290624355,0.0
0.482,0.7090168233151273,0.0,1.053210495781469,0.0,-2.3364928988119695,0.0
0.484,0.7111185683308724,0.0,1.048533029695014,0.0,-2.3409637032278146,0.0
0.486,0.713210949510787,0.0,1.0438466789332865,0.0,-2.3453775606060607,0.0
0.488,0.7152939491994681,0.0,1.0391515574706758,0.0,-2.3497343909108777,0.0
0.49,0.7173675499696207,0.0,1.034447779439973,0.0,-2.3540341157765656,0.0
0.492,0.719431734622371,0.0,1.0297354591290286,0.0,-2.3582766585095567,0.0
0.494,0.7214864861875732,0.0,1.0250147109774068,0.0,-2.362461944090361,0.0
0.496,0.723531787924109,0.0,1.020285649573035,0.0,-2.3665898991754633,0.0
0.498,0.7255676233201822,0.0,1.0155483896488497,0.0,-2.3706604520991656,0.0
0.5,0.7275939760936045,0.0,1.0108030460794406,0.0,-2.37467353287538,0.0
0.502,0.7296108301920754,0.0,1.0060497338776873,0.0,-2.3786290731993653,0.0
0.504,0.731618169793456,0.0,1.0012885681913963,0.0,-2.3825270064494184,0.0
0.506,0.7336159793060347,0.0,0.9965196642999343,0.0,-2.3863672676885046,0.0
0.508,0.7356042433687878,0.0,0.9917431376108545,0.0,-2.3901497936658416,0.0
0.51,0.737582946851632,0.0,0.9869591036565251,0.0,-2.3938745228184297,0.0
0.512,0.7395520748556704,0.0,0.9821676780907507,0.0,-2.3975413952725284,0.0
0.514,0.7415116127134327,0.0,0.9773689766853936,0.0,-2.401150352845083,0.0
0.516,0.7434615459891074,0.0,0.9725631153269896,0.0,-2.4047013390450935,0.0
0.518,0.7454018604787682,0.0,0.9677502100133643,0.0,-2.4081942990749408,0.0
0.52,0.7473325422105923,0.0,0.962930376850243,0.0,-2.4116291798316443,0.0
0.522,0.7492535774450739,0.0,0.9581037320478621,0.0,-2.4150059299080873,0.0
0.524,0.7511649526752295,0.0,0.9532703919175753,0.0,-2.418324499594171,0.0
0.526,0.7530666546267962,0.0,0.9484304728684582,0.0,-2.4215848408779275,0.0
0.528,0.7549586702584246,0.0,0.9435840914039113,0.0,-2.4247869074465744,0.0
0.53,0.7568409867618626,0.0,0.9387313641182613,0.0,-2.4279306546875197,0.0
0.532,0.7587135915621361,0.0,0.9338724076933584,0.0,-2.4310160396893123,0.0
0.534,0.7605764723177186,0.0,0.9290073388951745,0.0,-2.43404302124254,0.0
0.536,0.7624296169206973,0.0,0.9241362745703965,0.0,-2.437011559840676,0.0
0.538,0.7642730134969303,0.0,0.9192593316430214,0.0,-2.4399216176808682,0.0
0.54,0.7661066504061982,0.0,0.9143766271109482,0.0,-2.4427731586646817,0.0
0.542,0.7679305162423484,0.0,0.909488278042567,0.0,-2.4455661483987843,0.0
0.544,0.7697445998334331,0.0,0.9045944015733494,0.0,-2.448300554195579,0.0
0.546,0.7715488902418393,0.0,0.899695114902435,0.0,-2.450976345073788,0.0
0.548,0.7733433767644134,0.0,0.8947905352892207,0.0,-2.4535934917589755,0.0
0.55,0.7751280489325777,0.0,0.8898807800499439,0.0,-2.4561519666840277,0.0
0.552,0.7769028965124412,0.0,0.884965966554269,0.0,-2.4586517439895696,0.0
0.554,0.7786679095049026,0.0,0.8800462122218708,0.0,-2.461092799524339,0.0
0.556,0.7804230781457473,0.0,0.8751216345190187,0.0,-2.4634751108454975,0.0
0.558,0.782168392905737,0.0,0.8701923509551585,0.0,-2.465798657218896,0.0
0.56,0.7839038444906927,0.0,0.8652584790794964,0.0,-2.4680634196192845,0.0
0.562,0.7856294238415702,0.0,0.8603201364775789,0.0,-2.470269380730467,0.0
0.5640000000000001,0.7873451221345305,0.0,0.8553774407678766,0.0,-2.4724165249454084,0.0
0.5660000000000001,0.7890509307810012,0.0,0.8504305095983646,0.0,-2.474504838366281,0.0
0.5680000000000001,0.7907468414277328,0.0,0.8454794606431044,0.0,-2.476534308804467,0.0
0.5700000000000001,0.7924328459568472,0.0,0.8405244115988262,0.0,-2.4785049257804994,0.0
0.5720000000000001,0.7941089364858792,0.0,0.8355654801815089,0.0,-2.4804166805239563,0.0
0.5740000000000001,0.7957751053678123,0.0,0.8306027841229645,0.0,-2.482269565973298,0.0
0.5760000000000001,0.7974313451911061,0.0,0.8256364411674184,0.0,-2.4840635767756534,0.0
0.578,0.7990776487797191,0.0,0.8206665690680942,0.0,-2.485798709286553,0.0
0.58,0.8007140091931217,0.0,0.8156932855837956,0.0,-2.48747496156961,0.0
0.582,0.8023404197263051,0.0,0.8107167084754915,0.0,-2.489092333396144,0.0
0.584,0.803956873909781,0.0,0.8057369555029008,0.0,-2.490650826244757,0.0
0.586,0.8055633655095773,0.0,0.8007541444210787,0.0,-2.492150443300857,0.0
0.588,0.8071598885272242,0.0,0.7957683929770026,0.0,-2.4935911894561205,0.0
0.59,0.8087464371997344,0.0,0.7907798189061611,0.0,-2.494973071307912,0.0
0.592,0.8103230059995783,0.0,0.7857885399291428,0.0,-2.496296097158647,0.0
0.594,0.8118895896346489,0.0,0.7807946737482273,0.0,-2.497560277015098,0.0
0.596,0.8134461830482228,0.0,0.7757983380439761,0.0,-2.4987656225876558,0.0
0.598,0.8149927814189135,0.0,0.7707996504718281,0.0,-2.499912147289529,0.0
0.6,0.816529380160617,0.0,0.7657987286586928,0.0,-2.5009998662359,0.0
0.602,0.8180559749224517,0.0,0.7607956901995487,0.0,-2.50202879624302,0.0
0.604,0.8195725615886917,0.0,0.7557906526540403,0.0,-2.502998955827257,0.0
0.606,0.8210791362786918,0.0,0.7507837335430823,0.0,-2.5039103652040904,0.0
0.608,0.8225756953468073,0.0,0.7457750503454577,0.0,-2.5047630462870463,0.0
0.61,0.8240622353823059,0.0,0.7407647204944271,0.0,-2.5055570226865935,0.0
0.612,0.8255387532092735,0.0,0.7357528613743338,0.0,-2.5062923197089724,0.0
0.614,0.827005245886513,0.0,0.7307395903172131,0.0,-2.5069689643549826,0.0
0.616,0.8284617107074366,0.0,0.7257250245994062,0.0,-2.507586985318712,0.0
0.618,0.8299081451999498,0.0,0.7207092814381733,0.0,-2.508146412986214,0.0
0.62,0.8313445471263315,0.0,0.715692477988312,0.0,-2.508647279434137,0.0
0.622,0.8327709144831048,0.0,0.7106747313387769,0.0,-2.5090896184282934,0.0
0.624,0.8341872455009016,0.0,0.7056561585093032,0.0,-2.5094734654221855,0.0
0.626,0.8355935386443218,0.0,0.7006368764470327,0.0,-2.5097988575554724,0.0
0.628,0.836989792611784,0.0,0.6956170020231429,0.0,-2.5100658336523876,0.0
0.63,0.8383760063353698,0.0,0.69059665202948,0.0,-2.5102744342201033,0.0
0.632,0.8397521789806632,0.0,0.6855759431751937,0.0,-2.5104247014470453,0.0
0.634,0.8411183099465808,0.0,0.6805549920833776,0.0,-2.510516679201152,0.0
0.636,0.8424743988651963,0.0,0.6755339152877111,0.0,-2.510550413028086,0.0
0.638,0.8438204456015586,0.0,0.6705128292291062,0.0,-2.510525950149386,0.0
0.64,0.8451564502535028,0.0,0.6654918502523575,0.0,-2.51044333946058,0.0
0.642,0.846482413151455,0.0,0.6604710946027961,0.0,-2.510302631529233,0.0
0.644,0.8477983348582294,0.0,0.6554506784229476,0.0,-2.5101038785929513,0.0
0.646,0.8491042161688199,0.0,0.650430717749194,0.0,-2.509847134557332,0.0
0.648,0.8504000581101842,0.0,0.6454113285084403,0.0,-2.5095324549938636,0.0
0.65,0.851685861941021,0.0,0.6403926265147839,0.0,-2.509159897137771,0.0
0.652,0.8529616291515426,0.0,0.6353747274661901,0.0,-2.5087295198858146,0.0
0.654,0.8542273614632376,0.0,0.6303577469411707,0.0,-2.508241383794032,0.0
0.656,0.8554830608286297,0.0,0.6253418003954685,0.0,-2.507695551075433,0.0
0.658,0.8567287294310283,0.0,0.6203270031587451,0.0,-2.507092085597642,0.0
0.66,0.8579643696842737,0.0,0.6153134704312742,0.0,-2.5064310528804894,0.0
0.662,0.8591899842324743,0.0,0.6103013172806395,0.0,-2.5057125200935517,0.0
0.664,0.8604055759497383,0.0,0.6052906586384386,0.0,-2.50493655605364,0.0
0.666,0.8616111479398985,0.0,0.6002816092969893,0.0,-2.5041032312222393,0.0
0.668,0.8628067035362298,0.0,0.5952742839060445,0.0,-2.5032126177028964,0.0
0.67,0.8639922463011622,0.0,0.5902687969695106,0.0,-2.502264789238557,0.0
0.672,0.8651677800259842,0.0,0.5852652628421703,0.0,-2.5012598212088517,0.0
0.674,0.866333308730542,0.0,0.5802637957264127,0.0,-2.5001977906273316,0.0
0.676,0.8674888366629322,0.0,0.5752645096689685,0.0,-2.499078776138656,0.0
0.678,0.8686343682991856,0.0,0.5702675185576502,0.0,-2.497902858015725,0.0
0.68,0.8697699083429477,0.0,0.565272936118099,0.0,-2.4966701181567683,0.0
0.682,0.8708954617251499,0.0,0.5602808759105362,0.0,-2.4953806400823746,0.0
0.684,0.8720110336036759,0.0,0.5552914513265225,0.0,-2.4940345089324834,0.0
0.686,0.8731166293630219,0.0,0.5503047755857218,0.0,-2.492631811463314,0.0
0.6880000000000001,0.8742122546139479,0.0,0.5453209617326715,0.0,-2.491172636044256,0.0
0.6900000000000001,0.8752979151931259,0.0,0.5403401226335606,0.0,-2.4896570726547003,0.0
0.6920000000000001,0.8763736171627787,0.0,0.5353623709730113,0.0,-2.488085212880828,0.0
0.6940000000000001,0.8774393668103144,0.0,0.5303878192508693,0.0,-2.4864571499123462,0.0
0.6960000000000001,0.8784951706479532,0.0,0.5254165797790006,0.0,-2.484772978539176,0.0
0.6980000000000001,0.8795410354123487,0.0,0.5204487646780932,0.0,-2.4830327951480875,0.0
0.7000000000000001,0.8805769680642016,0.0,0.5154844858744686,0.0,-2.4812366977192912,0.0
0.7020000000000001,0.8816029757878685,0.0,0.5105238550968964,0.0,-2.479384785822977,0.0
0.704,0.882619065990963,0.0,0.5055669838734194,0.0,-2.477477160615805,0.0
0.706,0.8836252463039521,0.0,0.5006139835281828,0.0,-2.4755139248373457,0.0
0.708,0.8846215245797439,0.0,0.4956649651782732,0.0,-2.4734951828064755,0.0
0.71,0.8856079088932715,0.0,0.49072003973056366,0.0,-2.4714210404177193,0.0
0.712,0.8865844075410682,0.0,0.4857793178785648,0.0,-2.4692916051375478,0.0
0.714,0.887551029040839,0.0,0.48084291009928615,0.0,-2.467106986000625,0.0
0.716,0.8885077821310237,0.0,0.4759109266501021,0.0,-2.4648672936060065,0.0
0.718,0.8894546757703543,0.0,0.47098347756562847,0.0,-2.4625726401132937,0.0
0.72,0.8903917191374069,0.0,0.46606067265460466,0.0,-2.4602231392387344,0.0
0.722,0.8913189216301467,0.0,0.46114262149678337,0.0,-2.4578189062512785,0.0
0.724,0.8922362928654666,0.0,0.45622943343983086,0.0,-2.455360057968588,0.0
0.726,0.8931438426787203,0.0,0.4513212175962318,0.0,-2.4528467127529936,0.0
0.728,0.8940415811232485,0.0,0.44641808284020623,0.0,-2.4502789905074147,0.0
0.73,0.8949295184699,0.0,0.44152013780462995,0.0,-2.447657012671214,0.0
0.732,0.8958076652065452,0.0,0.43662749087796787,0.0,-2.444980902216026,0.0
0.734,0.8966760320375842,0.0,0.4317402502012126,0.0,-2.4422507836415224,0.0
0.736,0.8975346298834491,0.0,0.42685852366483273,0.0,-2.439466782971137,0.0
0.738,0.8983834698801008,0.0,0.42198241890573035,0.0,-2.436629027747747,0.0
0.74,0.8992225633785164,0.0,0.41711204330420537,0.0,-2.433737647029298,0.0
0.742,0.9000519219441755,0.0,0.4122475039809311,0.0,-2.4307927713843935,0.0
0.744,0.9008715573565368,0.0,0.4073889077939359,0.0,-2.42779453288783,0.0
0.746,0.9016814816085096,0.0,0.4025363613355963,0.0,-2.4247430651160897,0.0
0.748,0.9024817069059201,0.0,0.39768997092963887,0.0,-2.4216385031427876,0.0
0.75,0.9032722456669706,0.0,0.3928498426281485,0.0,-2.418480983534069,0.0
0.752,0.9040531105216935,0.0,0.38801608220858985,0.0,-2.4152706443439653,0.0
0.754,0.9048243143113991,0.0,0.383188795170835,0.0,-2.4120076251097022,0.0
0.756,0.9055858700881172,0.0,0.37836808673420264,0.0,-2.408692066846961,0.0
0.758,0.9063377911140336,0.0,0.3735540618345058,0.0,-2.4053241120451005,0.0
0.76,0.9070800908609192,0.0,0.3687468251211089,0.0,-2.4019039046623263,0.0
0.762,0.9078127830095553,0.0,0.3639464809539949,0.0,-2.3984315901208175,0.0
0.764,0.9085358814491511,0.0,0.359153133400843,0.0,-2.394907315301813,0.0
0.766,0.9092494002767562,0.0,0.35436688623411433,0.0,-2.3913312285406474,0.0
0.768,0.909953353796668,0.0,0.3495878429281508,0.0,-2.387703479621746,0.0
0.77,0.9106477565198317,0.0,0.344816106656279,0.0,-2.384024219773571,0.0
0.772,0.9113326231632357,0.0,0.34005178028792965,0.0,-2.380293601663531,0.0
0.774,0.9120079686493011,0.0,0.3352949663857637,0.0,-2.376511779392838,0.0
0.776,0.912673808105265,0.0,0.33054576720281037,0.0,-2.372678908491329,0.0
0.778,0.913330156862559,0.0,0.325804284679615,0.0,-2.368795145912234,0.0
0.78,0.9139770304561805,0.0,0.32107062044139706,0.0,-2.364860650026911,0.0
0.782,0.9146144446240599,0.0,0.31634487579522014,0.0,-2.360875580619531,0.0
0.784,0.9152424153064209,0.0,0.3116271517271705,0.0,-2.3568400988817197,0.0
0.786,0.9158609586451361,0.0,0.30691754889954853,0.0,-2.3527543674071616,0.0
0.788,0.9164700909830772,0.0,0.3022161676480702,0.0,-2.3486185501861545,0.0
0.79,0.9170698288634574,0.0,0.29752310797907816,0.0,-2.344432812600126,0.0
0.792,0.917660189029172,0.0,0.29283846956676574,0.0,-2.340197321416107,0.0
0.794,0.9182411884221294,0.0,0.2881623517504116,0.0,-2.335912244781158,0.0
0.796,0.9188128441825796,0.0,0.2834948535316244,0.0,-2.331577752216763,0.0
0.798,0.9193751736484359,0.0,0.27883607357160095,0.0,-2.327194014613173,0.0
0.8,0.9199281943545915,0.0,0.27418611018839256,0.0,-2.3227612042237094,0.0
0.802,0.9204719240322299,0.0,0.26954506135418627,0.0,-2.318279494659029,0.0
0.804,0.9210063806081312,0.0,0.2649130246925951,0.0,-2.3137490608813427,0.0
0.806,0.9215315822039716,0.0,0.2602900974759606,0.0,-2.3091700791986005,0.0
0.808,0.9220475471356185,0.0,0.2556763766226684,0.0,-2.3045427272586276,0.0
0.81,0.9225542939124202,0.0,0.2510719586944726,0.0,-2.299867184043223,0.0
0.812,0.9230518412364895,0.0,0.2464769398938353,0.0,-2.2951436298622196,0.0
0.8140000000000001,0.9235402080019823,0.0,0.24189141606127523,0.0,-2.2903722463474985,0.0
0.8160000000000001,0.924019413294372,0.0,0.23731548267273156,0.0,-2.2855532164469707,0.0
0.8180000000000001,0.9244894763897168,0.0,0.23274923483693516,0.0,-2.2806867244185094,0.0
0.8200000000000001,0.9249504167539225,0.0,0.2281927672927972,0.0,-2.275772955823852,0.0
0.8220000000000001,0.9254022540420017,0.0,0.2236461744068063,0.0,-2.2708120975224544,0.0
0.8240000000000001,0.9258450080973245,0.0,0.21910955017043965,0.0,-2.2658043376653123,0.0
0.8260000000000001,0.9262786989508676,0.0,0.2145829881975863,0.0,-2.260749865688738,0.0
0.8280000000000001,0.926703346820455,0.0,0.21006658172198228,0.0,-2.255648872308102,0.0
0.8300000000000001,0.9271189721099963,0.0,0.20556042359465937,0.0,-2.250501549511533,0.0
0.8320000000000001,0.9275255954087183,0.0,0.20106460628140516,0.0,-2.245308090553581,0.0
0.834,0.927923237490392,0.0,0.19657922186023757,0.0,-2.2400686899488416,0.0
0.836,0.9283119193125543,0.0,0.19210436201889014,0.0,-2.234783543465542,0.0
0.838,0.9286916620157261,0.0,0.1876401180523119,0.0,-2.229452848119089,0.0
0.84,0.9290624869226222,0.0,0.18318658086017936,0.0,-2.224076802165578,0.0
0.842,0.9294244155373599,0.0,0.17874384094442125,0.0,-2.2186556050952673,0.0
0.844,0.9297774695446609,0.0,0.17431198840675793,0.0,-2.2131894576260107,0.0
0.846,0.9301216708090473,0.0,0.16989111294625103,0.0,-2.2076785616966585,0.0
0.848,0.9304570413740357,0.0,0.16548130385686943,0.0,-2.2021231204604153,0.0
0.85,0.9307836034613225,0.0,0.16108265002506678,0.0,-2.196523338278166,0.0
0.852,0.9311013794699678,0.0,0.1566952399273726,0.0,-2.190879420711763,0.0
0.854,0.9314103919755734,0.0,0.15231916162799797,0.0,-2.185191574517278,0.0
0.856,0.9317106637294543,0.0,0.14795450277645278,0.0,-2.179460007638216,0.0
0.858,0.9320022176578087,0.0,0.14360135060517837,0.0,-2.1736849291986955,0.0
0.86,0.9322850768608799,0.0,0.13925979192719246,0.0,-2.167866549496592,0.0
0.862,0.9325592646121166,0.0,0.13492991313374952,0.0,-2.162005079996645,0.0
0.864,0.9328248043573255,0.0,0.13061180019201352,0.0,-2.156100733323534,0.0
0.866,0.9330817197138224,0.0,0.12630553864274452,0.0,-2.150153723254912,0.0
0.868,0.9333300344695757,0.0,0.12201121359800049,0.0,-2.144164264714413,0.0
0.87,0.9335697725823479,0.0,0.11772890973885164,0.0,-2.1381325737646173,0.0
0.872,0.9338009581788298,0.0,0.11345871131311003,0.0,-2.132058867599987,0.0
0.874,0.9340236155537737,0.0,0.10920070213307348,0.0,-2.125943364539769,0.0
0.876,0.9342377691691187,0.0,0.1049549655732816,0.0,-2.1197862840208543,0.0
0.878,0.9344434436531133,0.0,0.10072158456828884,0.0,-2.113587846590618,0.0
0.88,0.9346406637994331,0.0,0.09650064161045058,0.0,-2.1073482738997136,0.0
0.882,0.934829454566295,0.0,0.09229221874772342,0.0,-2.1010677886948423,0.0
0.884,0.9350098410755652,0.0,0.08809639758148091,0.0,-2.0947466148114846,0.0
0.886,0.9351818486118637,0.0,0.08391325926434245,0.0,-2.088384977166599,0.0
0.888,0.9353455026216664,0.0,0.07974288449801847,0.0,-2.081983101751294,0.0
0.89,0.9355008287123989,0.0,0.07558535353116902,0.0,-2.075541215623459,0.0
0.892,0.9356478526515298,0.0,0.07144074615727808,0.0,-2.0690595469003727,0.0
0.894,0.9357866003656576,0.0,0.06730914171254154,0.0,-2.0625383247512716,0.0
0.896,0.9359170979395941,0.0,0.06319061907377105,0.0,-2.0559777793898903,0.0
0.898,0.9360393716154439,0.0,0.059085256656312535,0.0,-2.0493781420669737,0.0
0.9,0.9361534477916786,0.0,0.05499313241197984,0.0,-2.04273964506275,0.0
0.902,0.9362593530222084,0.0,0.050914323827003394,0.0,-2.0360625216793853,0.0
0.904,0.936357114015449,0.0,0.04684890791999324,0.0,-2.029347006233391,0.0
0.906,0.9364467576333835,0.0,0.042796961239918385,0.0,-2.0225933340480178,0.0
0.908,0.9365283108906219,0.0,0.038758559864101205,0.0,-2.0158017414456078,0.0
0.91,0.9366018009534557,0.0,0.034733779396226516,0.0,-2.0089724657399213,0.0
0.912,0.9366672551389083,0.0,0.030722694964366914,0.0,-2.002105745228437,0.0
0.914,0.9367247009137817,0.0,0.026725381219022626,0.0,-1.9952018191846141,0.0
0.916,0.9367741658937,0.0,0.022741912331177117,0.0,-1.9882609278501342,0.0
0.918,0.9368156778421486,0.0,0.01877236199036897,0.0,-1.98128331242711,0.0
0.92,0.9368492646695077,0.0,0.014816803402778855,0.0,-1.9742692150702652,0.0
0.922,0.9368749544320865,0.0,0.010875309289331447,0.0,-1.9672188788790912,0.0
0.924,0.9368927753311478,0.0,0.0069479518838150844,0.0,-1.960132547889964,0.0
0.926,0.9369027557119345,0.0,0.00303480293101388,0.0,-1.9530104670682489,0.0
0.928,0.9369049240626873,0.0,-0.0008640663151402439,0.0,-1.9458528823003638,0.0
0.93,0.9368993090136634,0.0,-0.004748585093403146,0.0,-1.9386600403858238,0.0
0.932,0.9368859393361479,0.0,-0.008618683137035565,0.0,-1.931432189029256,0.0
0.934,0.9368648439414631,0.0,-0.012474290675606736,0.0,-1.9241695768323854,0.0
0.936,0.9368360518799748,0.0,-0.01631533843677918,0.0,-1.9168724532859978,0.0
0.9380000000000001,0.9367995923400937,0.0,-0.02014175764807946,0.0,-1.9095410687618737,0.0
0.9400000000000001,0.936755494647274,0.0,-0.023953480038652164,0.0,-1.902175674504698,0.0
0.9420000000000001,0.9367037882630092,0.0,-0.027750437840996955,0.0,-1.8947765226239446,0.0
0.9440000000000001,0.9366445027838219,0.0,-0.031532563792690815,0.0,-1.8873438660857302,0.0
0.9460000000000001,0.9365776679402538,0.0,-0.03529979113809256,0.0,-1.87987795870465,0.0
0.9480000000000001,0.9365033135958497,0.0,-0.039052053630032224,0.0,-1.8723790551355837,0.0
0.9500000000000001,0.9364214697461386,0.0,-0.042789285531482535,0.0,-1.8648474108654778,0.0
0.9520000000000001,0.9363321665176124,0.0,-0.046511421617215776,0.0,-1.8572832822051062,0.0
0.9540000000000001,0.9362354341666997,0.0,-0.05021839717544235,0.0,-1.8496869262807998,0.0
0.9560000000000001,0.9361313030787383,0.0,-0.05391014800943428,0.0,-1.8420586010261608,0.0
0.9580000000000001,0.9360198037669432,0.0,-0.05758661043913099,0.0,-1.8343985651737464,0.0
0.96,0.9359009668713708,0.0,-0.06124772130272871,0.0,-1.826707078246732,0.0
0.962,0.9357748231578824,0.0,-0.06489341795825437,0.0,-1.8189844005505522,0.0
0.964,0.9356414035171017,0.0,-0.06852363828512065,0.0,-1.8112307931645169,0.0
0.966,0.935500738963371,0.0,-0.07213832068566572,0.0,-1.8034465179334034,0.0
0.968,0.9353528606337038,0.0,-0.07573740408667556,0.0,-1.7956318374590343,0.0
0.97,0.9351977997867339,0.0,-0.07932082794089018,0.0,-1.7877870150918203,0.0
0.972,0.9350355878016631,0.0,-0.08288853222849174,0.0,-1.7799123149222924,0.0
0.974,0.9348662561772034,0.0,-0.08644045745857637,0.0,-1.7720080017726074,0.0
0.976,0.9346898365305192,0.0,-0.08997654467060967,0.0,-1.7640743411880322,0.0
0.978,0.934506360596164,0.0,-0.09349673543586279,0.0,-1.7561115994284109,0.0
0.98,0.934315860225016,0.0,-0.09700097185883505,0.0,-1.748120043459605,0.0
0.982,0.9341183673832094,0.0,-0.1004891965786554,0.0,-1.7400999409449183,0.0
0.984,0.9339139141510652,0.0,-0.10396135277047042,0.0,-1.7320515602364992,0.0
0.986,0.9337025327220163,0.0,-0.10741738414681234,0.0,-1.723975170366724,0.0
0.988,0.9334842554015328,0.0,-0.11085723495895111,0.0,-1.7158710410395615,0.0
0.99,0.9332591146060413,0.0,-0.11428084999822902,0.0,-1.7077394426219148,0.0
0.992,0.9330271428618453,0.0,-0.11768817459737796,0.0,-1.6995806461349474,0.0
0.994,0.9327883728040403,0.0,-0.12107915463181951,0.0,-1.6913949232453906,0.0
0.996,0.9325428371754271,0.0,-0.12445373652094638,0.0,-1.6831825462568286,0.0
0.998,0.9322905688254225,0.0,-0.12781186722938825,0.0,-1.6749437881009723,0.0
1.0,0.9320316007089681,0.0,-0.13115349426825917,0.0,-1.6666789223289054,0.0
1.002,0.9317659658854355,0.0,-0.13447856569638755,0.0,-1.6583882231023228,0.0
1.004,0.9314936975175301,0.0,-0.137787030121528,0.0,-1.650071965184745,0.0
1.006,0.9312148288701917,0.0,-0.1410788367015573,0.0,-1.6417304239327175,0.0
1.008,0.9309293933094933,0.0,-0.14435393514565042,0.0,-1.633363875286996,0.0
1.01,0.9306374243015375,0.0,-0.14761227571544083,0.0,-1.6249725957637078,0.0
1.012,0.9303389554113499,0.0,-0.15085380922616276,0.0,-1.6165568624455051,0.0
1.014,0.9300340203017714,0.0,-0.15407848704777416,0.0,-1.6081169529726989,0.0
1.016,0.9297226527323468,0.0,-0.15728626110606458,0.0,-1.5996531455343739,0.0
1.018,0.9294048865582133,0.0,-0.1604770838837422,0.0,-1.591165718859496,0.0
1.02,0.9290807557289842,0.0,-0.16365090842150654,0.0,-1.5826549522079962,0.0
1.022,0.9287502942876331,0.0,-0.1668076883190998,0.0,-1.5741211253618435,0.0
1.024,0.928413536369374,0.0,-0.169947377736343,0.0,-1.5655645186161058,0.0
1.026,0.9280705162005398,0.0,-0.1730699313941531,0.0,-1.5569854127699907,0.0
1.028,0.9277212680974607,0.0,-0.17617530457554142,0.0,-1.5483840891178784,0.0
1.03,0.9273658264653372,0.0,-0.1792634531265968,0.0,-1.5397608294403349,0.0
1.032,0.9270042257971136,0.0,-0.1823343334574472,0.0,-1.5311159159951175,0.0
1.034,0.92663650067235,0.0,-0.18538790254320608,0.0,-1.522449631508163,0.0
1.036,0.9262626857560894,0.0,-0.18842411792489888,0.0,-1.5137622591645636,0.0
1.038,0.9258828157977272,0.0,-0.19144293771037357,0.0,-1.5050540825995358,0.0
1.04,0.9254969256298744,0.0,-0.19444432057519073,0.0,-1.4963253858893668,0.0
1.042,0.9251050501672236,0.0,-0.19742822576349706,0.0,-1.487576453542358,0.0
1.044,0.9247072244054084,0.0,-0.20039461308888057,0.0,-1.4788075704897516,0.0
1.046,0.9243034834198666,0.0,-0.20334344293520684,0.0,-1.4700190220766496,0.0
1.048,0.9238938623646964,0.0,-0.2062746762574379,0.0,-1.46121109405292,0.0
1.05,0.9234783964715143,0.0,-0.20918827458243305,0.0,-1.452384072564088,0.0
1.052,0.9230571210483112,0.0,-0.2120842000097305,0.0,-1.443538244142225,0.0
1.054,0.9226300714783047,0.0,-0.2149624152123114,0.0,-1.4346738956968217,0.0
1.056,0.9221972832187929,0.0,-0.2178228834373459,0.0,-1.4257913145056502,0.0
1.058,0.921758791800005,0.0,-0.22066556850692043,0.0,-1.4168907882056236,0.0
1.06,0.92131463282395,0.0,-0.2234904348187463,0.0,-1.407972604783637,0.0
1.062,0.9208648419632655,0.0,-0.22629744734685148,0.0,-1.3990370525674058,0.0
1.064,0.9204094549600638,0.0,-0.22908657164225232,0.0,-1.3900844202162925,0.0
1.066,0.9199485076247785,0.0,-0.2318577738336075,0.0,-1.381114996712129,0.0
1.068,0.919482035835007,0.0,-0.23461102062785522,0.0,-1.372129071350023,0.0
1.07,0.9190100755343543,0.0,-0.23734627931082863,0.0,-1.363126933729163,0.0
1.072,0.9185326627312739,0.0,-0.24006351774785578,0.0,-1.354108873743615,0.0
1.074,0.9180498334979094,0.0,-0.24276270438434028,0.0,-1.345075181573109,0.0
1.076,0.9175616239689326,0.0,-0.24544380824632317,0.0,-1.3360261476738229,0.0
1.078,0.917068070340382,0.0,-0.24810679894102627,0.0,-1.3269620627691525,0.0
1.08,0.9165692088685002,0.0,-0.2507516466573783,0.0,-1.3178832178404827,0.0
1.082,0.9160650758685701,0.0,-0.25337832216652045,0.0,-1.3087899041179494,0.0
1.084,0.9155557077137493,0.0,-0.25598679682229536,0.0,-1.2996824130711946,0.0
1.086,0.9150411408339048,0.0,-0.2585770425617172,0.0,-1.2905610364001179,0.0
1.088,0.914521411714446,0.0,-0.26114903190542216,0.0,-1.2814260660256211,0.0
1.09,0.9139965568951567,0.0,-0.2637027379581014,0.0,-1.2722777940803482,0.0
1.092,0.9134666129690278,0.0,-0.2662381344089156,0.0,-1.2631165128994224,0.0
1.094,0.912931616581086,0.0,-0.2687551955318901,0.0,-1.253942515011176,0.0
1.096,0.9123916044272256,0.0,-0.27125389618629303,0.0,-1.24475609312788,0.0
1.098,0.9118466132530364,0.0,-0.2737342118169927,0.0,-1.2355575401364651,0.0
1.1,0.9112966798526326,0.0,-0.2761961184547983,0.0,-1.2263471490892435,0.0
1.102,0.9107418410674808,0.0,-0.2786395927167815,0.0,-1.2171252131946242,0.0
1.104,0.9101821337852266,0.0,-0.2810646118065788,0.0,-1.2078920258078285,0.0
1.106,0.9096175949385219,0.0,-0.2834711535146769,0.0,-1.1986478804216028,0.0
1.108,0.9090482615038503,0.0,-0.28585919621867706,0.0,-1.1893930706569233,0.0
1.11,0.908474170500353,0.0,-0.28822871888354307,0.0,-1.1801278902537076,0.0
1.112,0.9078953589886536,0.0,-0.2905797010618303,0.0,-1.1708526330615183,0.0
1.114,0.9073118640696827,0.0,-0.29291212289389457,0.0,-1.1615675930302658,0.0
1.116,0.906723722883503,0.0,-0.29522596510808413,0.0,-1.1522730642009158,0.0
1.118,0.9061309726081311,0.0,-0.29752120902091306,0.0,-1.142969340696186,0.0
1.12,0.9055336504583634,0.0,-0.2997978365372141,0.0,-1.1336567167112515,0.0
1.122,0.9049317936845976,0.0,-0.30205583015027554,0.0,-1.1243354865044444,0.0
1.124,0.9043254395716563,0.0,-0.3042951729419576,0.0,-1.1150059443879554,0.0
1.1260000000000001,0.90371462543761,0.0,-0.3065158485827913,0.0,-1.1056683847185396,0.0
1.1280000000000001,0.9030993886325993,0.0,-0.30871784133205726,0.0,-1.0963231018882125,0.0
1.1300000000000001,0.9024797665376573,0.0,-0.3109011360378484,0.0,-1.0869703903149586,0.0
1.1320000000000001,0.9018557965635322,0.0,-0.3130657181371116,0.0,-1.0776105444334343,0.0
1.1340000000000001,0.901227516149509,0.0,-0.3152115736556715,0.0,-1.0682438586856744,0.0
1.1360000000000001,0.9005949627622332,0.0,-0.31733868920823705,0.0,-1.058870627511802,0.0
1.1380000000000001,0.8999581738945307,0.0,-0.31944705199838774,0.0,-1.0494911453407372,0.0
1.1400000000000001,0.8993171870642327,0.0,-0.32153664981854146,0.0,-1.0401057065809094,0.0
1.1420000000000001,0.8986720398129957,0.0,-0.3236074710499053,0.0,-1.0307146056109748,0.0
1.1440000000000001,0.8980227697051253,0.0,-0.325659504662406,0.0,-1.0213181367705344,0.0
1.1460000000000001,0.8973694143263993,0.0,-0.3276927402146026,0.0,-1.011916594350857,0.0
1.1480000000000001,0.8967120112828887,0.0,-0.32970716785358073,0.0,-1.002510272585602,0.0
1.1500000000000001,0.8960505981997832,0.0,-0.3317027783148277,0.0,-0.9930994656415516,0.0
1.1520000000000001,0.8953852127202119,0.0,-0.33367956292209,0.0,-0.983684467609344,0.0
1.154,0.8947158925040695,0.0,-0.33563751358721156,0.0,-0.9742655724942123,0.0
1.156,0.8940426752268378,0.0,-0.33757662280995404,0.0,-0.9648430742067244,0.0
1.158,0.8933655985784125,0.0,-0.3394968836777972,0.0,-0.9554172665535358,0.0
1.16,0.8926847002619261,0.0,-0.3413982898657228,0.0,-0.9459884432281426,0.0
1.162,0.8920000179925743,0.0,-0.34328083563597867,0.0,-0.9365568978016368,0.0
1.164,0.8913115894964411,0.0,-0.3451445158378248,0.0,-0.9271229237134759,0.0
1.166,0.8906194525093244,0.0,-0.34698932590726056,0.0,-0.9176868142622526,0.0
1.168,0.889923644775565,0.0,-0.3488152618667341,0.0,-0.9082488625964729,0.0
1.17,0.8892242040468713,0.0,-0.3506223203248331,0.0,-0.8988093617053435,0.0
1.172,0.88852116808115,0.0,-0.35241049847595635,0.0,-0.8893686044095604,0.0
1.174,0.887814574641332,0.0,-0.3541797940999679,0.0,-0.8799268833521116,0.0
1.176,0.8871044614942044,0.0,-0.35593020556183214,0.0,-0.8704844909890823,0.0
1.178,0.8863908664092391,0.0,-0.3576617318112316,0.0,-0.861041719580472,0.0
1.18,0.8856738271574248,0.0,-0.35937437238216496,0.0,-0.8515988611810192,0.0
1.182,0.8849533815100974,0.0,-0.3610681273925272,0.0,-0.8421562076310307,0.0
1.184,0.8842295672377739,0.0,-0.3627429975436717,0.0,-0.8327140505472252,0.0
1.186,0.8835024221089857,0.0,-0.36439898411995475,0.0,-0.8232726813135836,0.0
1.188,0.8827719838891123,0.0,-0.3660360889882597,0.0,-0.8138323910722083,0.0
1.19,0.8820382903392181,0.0,-0.36765431459750497,0.0,-0.8043934707141954,0.0
1.192,0.8813013792148876,0.0,-0.3692536639781321,0.0,-0.794956210870511,0.0
1.194,0.8805612882650633,0.0,-0.3708341407415773,0.0,-0.7855209019028841,0.0
1.196,0.8798180552308843,0.0,-0.37239574907972306,0.0,-0.7760878338947067,0.0
1.198,0.8790717178445262,0.0,-0.37393849376433297,0.0,-0.7666572966419465,0.0
1.2,0.8783223138280415,0.0,-0.3754623801464675,0.0,-0.7572295796440691,0.0
1.202,0.8775698808922016,0.0,-0.3769674141558822,0.0,-0.747804972094972,0.0
1.204,0.8768144567353406,0.0,-0.3784536023004066,0.0,-0.7383837628739336,0.0
1.206,0.8760560790421992,0.0,-0.3799209516653076,0.0,-0.7289662405365682,0.0
1.208,0.8752947854827706,0.0,-0.38136946991263154,0.0,-0.7195526933058018,0.0
1.21,0.8745306137111478,0.0,-0.3827991652805305,0.0,-0.7101434090628509,0.0
1.212,0.8737636013643718,0.0,-0.38421004658256985,0.0,-0.7007386753382214,0.0
1.214,0.872993786061282,0.0,-0.3856021232070177,0.0,-0.6913387793027184,0.0
1.216,0.8722212054013668,0.0,-0.3869754051161166,0.0,-0.6819440077584686,0.0
1.218,0.8714458969636169,0.0,-0.3883299028453373,0.0,-0.6725546471299602,0.0
1.22,0.8706678983053794,0.0,-0.38966562750261435,0.0,-0.6631709834550904,0.0
1.222,0.8698872469612139,0.0,-0.39098259076756414,0.0,-0.6537933023762328,0.0
1.224,0.8691039804417499,0.0,-0.3922808048906843,0.0,-0.6444218891313189,0.0
1.226,0.8683181362325448,0.0,-0.39356028269253757,0.0,-0.6350570285449305,0.0
1.228,0.8675297517929466,0.0,-0.3948210375629142,0.0,-0.6256990050194146,0.0
1.23,0.8667388645549545,0.0,-0.39606308345997987,0.0,-0.6163481025260042,0.0
1.232,0.8659455119220842,0.0,-0.39728643490940385,0.0,-0.6070046045959646,0.0
1.234,0.8651497312682331,0.0,-0.3984911070034712,0.0,-0.5976687943117478,0.0
1.236,0.8643515599365477,0.0,-0.3996771154001749,0.0,-0.5883409542981688,0.0
1.238,0.8635510352382945,0.0,-0.4008444763222936,0.0,-0.5790213667135976,0.0
1.24,0.8627481944517297,0.0,-0.4019932065564482,0.0,-0.5697103132411636,0.0
1.242,0.8619430748209735,0.0,-0.4031233234521433,0.0,-0.5604080750799832,0.0
1.244,0.861135713554885,0.0,-0.4042348449207911,0.0,-0.5511149329364012,0.0
1.246,0.8603261478259394,0.0,-0.40532778943471526,0.0,-0.541831167015251,0.0
1.248,0.859514414769107,0.0,-0.4064021760261416,0.0,-0.5325570570111348,0.0
1.25,0.8587005514807349,0.0,-0.40745802428616673,0.0,-0.5232928820997174,0.0
1.252,0.8578845950174298,0.0,-0.4084953543637129,0.0,-0.5140389209290422,0.0
1.254,0.8570665823949435,0.0,-0.40951418696446334,0.0,-0.5047954516108657,0.0
1.256,0.8562465505870611,0.0,-0.41051454334978155,0.0,-0.49556275171201025,0.0
1.258,0.8554245365244897,0.0,-0.4114964453356123,0.0,-0.48634109824573846,0.0
1.26,0.854600577093751,0.0,-0.4124599152913663,0.0,-0.4771307676631411,0.0
1.262,0.8537747091360753,0.0,-0.413404976138787,0.0,-0.46793203584455356,0.0
1.264,0.8529469694462983,0.0,-0.4143316513508009,0.0,-0.45874517809098536,0.0
1.266,0.8521173947717593,0.0,-0.4152399649503497,0.0,-0.4495704691155742,0.0
1.268,0.8512860218112029,0.0,-0.4161299415092065,0.0,-0.44040818303506146,0.0
1.27,0.8504528872136822,0.0,-0.4170016061467748,0.0,-0.4312585933612827,0.0
1.272,0.8496180275774649,0.0,-0.4178549845288691,0.0,-0.4221219729926865,0.0
1.274,0.8487814794489418,0.0,-0.41869010286648056,0.0,-0.41299859420587126,0.0
1.276,0.8479432793215373,0.0,-0.4195069879145254,0.0,-0.40388872864714476,0.0
1.278,0.8471034636346237,0.0,-0.42030566697057403,0.0,-0.3947926473241067,0.0
1.28,0.8462620687724358,0.0,-0.4210861678735673,0.0,-0.38571062059724925,0.0
1.282,0.8454191310629908,0.0,-0.4218485190025119,0.0,-0.3766429181715869,0.0
1.284,0.8445746867770084,0.0,-0.4225927492751635,0.0,-0.36758980908830485,0.0
1.286,0.8437287721268361,0.0,-0.42331888814668783,0.0,-0.3585515617164303,0.0
1.288,0.8428814232653736,0.0,-0.424026965608311,0.0,-0.34952844374453174,0.0
1.29,0.842032676285004,0.0,-0.4247170121859481,0.0,-0.34052072217243323,0.0
1.292,0.841182567216525,0.0,-0.4253890589388181,0.0,-0.33152866330296427,0.0
1.294,0.840331132028083,0.0,-0.4260431374580427,0.0,-0.32255253273372264,0.0
1.296,0.8394784066241125,0.0,-0.4266792798652253,0.0,-0.3135925953488692,0.0
1.298,0.8386244268442746,0.0,-0.42729751881101896,0.0,-0.3046491153109455,0.0
1.3,0.8377692284624022,0.0,-0.427897887473672,0.0,-0.2957223560527139,0.0
1.302,0.8369128471854441,0.0,-0.4284804195575628,0.0,-0.2868125802690257,0.0
1.304,0.8360553186524167,0.0,-0.42904514929171383,0.0,-0.2779200499087151,0.0
1.306,0.8351966784333539,0.0,-0.42959211142829307,0.0,-0.2690450261665147,0.0
1.308,0.8343369620282642,0.0,-0.4301213412410974,0.0,-0.2601877694750059,0.0
1.31,0.8334762048660878,0.0,-0.4306328745240192,0.0,-0.2513485394965833,0.0
1.312,0.832614442303658,0.0,-0.43112674758949954,0.0,-0.24252759511545563,0.0
1.314,0.8317517096246664,0.0,-0.43160299726696216,0.0,-0.23372519442966944,0.0
1.316,0.8308880420386303,0.0,-0.43206166090123554,0.0,-0.22494159474316067,0.0
1.318,0.8300234746798627,0.0,-0.4325027763509537,0.0,-0.2161770525578327,0.0
1.32,0.8291580426064469,0.0,-0.4329263819869472,0.0,-0.20743182356566225,0.0
1.322,0.8282917807992144,0.0,-0.43333251669061307,0.0,-0.1987061626408334,0.0
1.324,0.8274247241607239,0.0,-0.43372121985227297,0.0,-0.19000032383189913,0.0
1.326,0.8265569075142462,0.0,-0.43409253136951326,0.0,-0.1813145603539743,0.0
1.328,0.8256883656027512,0.0,-0.43444649164551086,0.0,-0.17264912458094916,0.0
1.33,0.8248191330878979,0.0,-0.43478314158734266,0.0,-0.16400426803774115,0.0
1.332,0.8239492445490295,0.0,-0.43510252260427973,0.0,-0.15538024139257056,0.0
1.334,0.8230787344821687,0.0,-0.4354046766060669,0.0,-0.14677729444926269,0.0
1.336,0.8222076372990208,0.0,-0.43568964600118537,0.0,-0.13819567613959072,0.0
1.338,0.8213359873259758,0.0,-0.4359574736951022,0.0,-0.12963563451563243,0.0
1.34,0.8204638188031182,0.0,-0.4362082030885015,0.0,-0.12109741674217078,0.0
1.342,0.8195911658832371,0.0,-0.4364418780755046,0.0,-0.1125812690891157,0.0
1.344,0.8187180626308409,0.0,-0.4366585430418702,0.0,-0.10408743692396272,0.0
1.346,0.8178445430211772,0.0,-0.43685824286318425,0.0,-0.09561616470427803,0.0
1.348,0.8169706409392532,0.0,-0.4370410229030316,0.0,-0.08716769597021434,0.0
1.35,0.8160963901788636,0.0,-0.4372069290111531,0.0,-0.07874227333706274,0.0
1.352,0.8152218244416178,0.0,-0.43735600752159004,0.0,-0.07034013848782883,0.0
1.354,0.8143469773359753,0.0,-0.4374883052508103,0.0,-0.06196153216584732,0.0
1.356,0.8134718823762812,0.0,-0.43760386949582375,0.0,-0.05360669416742447,0.0
1.358,0.8125965729818083,0.0,-0.4377027480322784,0.0,-0.04527586333451317,0.0
1.36,0.8117210824758002,0.0,-0.43778498911254726,0.0,-0.03696927754742152,0.0
1.362,0.8108454440845214,0.0,-0.43785064146379465,0.0,-0.028687173717552028,0.0
1.364,0.8099696909363083,0.0,-0.43789975428603395,0.0,-0.020429787780176678,0.0
1.366,0.8090938560606263,0.0,-0.437932377250167,0.0,-0.012197354687242923,0.0
1.368,0.8082179723871302,0.0,-0.4379485604960091,0.0,-0.003990108400211856,0.0
1.37,0.8073420727447271,0.0,-0.4379483546303034,0.0,0.004191718117067866,0.0
1.372,0.8064661898606458,0.0,-0.437931810724716,0.0,0.012347892905452573,0.0
1.374,0.8055903563595085,0.0,-0.43789898031382174,0.0,0.020478185017565487,0.0
1.3760000000000001,0.8047146047624073,0.0,-0.4378499153930718,0.0,0.02858236452481644,0.0
1.3780000000000001,0.8038389674859835,0.0,-0.4377846684167506,0.0,0.0366602025244005,0.0
1.3800000000000001,0.8029634768415135,0.0,-0.43770329229591576,0.0,0.04471147114624663,0.0
1.3820000000000001,0.8020881650339957,0.0,-0.4376058403963274,0.0,0.05273594355994504,0.0
1.3840000000000001,0.8012130641612449,0.0,-0.43749236653636076,0.0,0.060733393981630135,0.0
1.3860000000000001,0.8003382062129879,0.0,-0.43736292498490614,0.0,0.06870359768083123,0.0
1.3880000000000001,0.7994636230699647,0.0,-0.43721757045925635,0.0,0.07664633098729201,0.0
1.3900000000000001,0.7985893465030345,0.0,-0.4370563581229782,0.0,0.08456137129774621,0.0
1.3920000000000001,0.7977154081722845,0.0,-0.4368793435837732,0.0,0.09244849708266445,0.0
1.3940000000000001,0.7968418396261447,0.0,-0.43668658289132134,0.0,0.1003074878929624,0.0
1.3960000000000001,0.7959686723005048,0.0,-0.4364781325351167,0.0,0.1081381243666697,0.0
1.3980000000000001,0.7950959375178382,0.0,-0.4362540494422824,0.0,0.11594018823556795,0.0
1.4000000000000001,0.7942236664863283,0.0,-0.4360143909753806,0.0,0.12371346233178926,0.0
1.4020000000000001,0.7933518902989987,0.0,-0.4357592149302026,0.0,0.1314577305943767,0.0
1.4040000000000001,0.7924806399328511,0.0,-0.43548857953354864,0.0,0.13917277807580786,0.0
1.4060000000000001,0.7916099462480044,0.0,-0.4352025434409967,0.0,0.14685839094848352,0.0
1.408,0.7907398399868393,0.0,-0.4349011657346532,0.0,0.15451435651117618,0.0
1.41,0.7898703517731469,0.0,-0.43458450592089637,0.0,0.16214046319544484,0.0
1.412,0.7890015121112843,0.0,-0.43425262392810215,0.0,0.16973650057200373,0.0
1.414,0.788133351385331,0.0,-0.4339055801043617,0.0,0.17730225935706145,0.0
1.416,0.7872658998582529,0.0,-0.43354343521518185,0.0,0.18483753141861814,0.0
1.418,0.7863991876710694,0.0,-0.4331662504411782,0.0,0.19234210978272182,0.0
1.42,0.785533244842025,0.0,-0.43277408737574846,0.0,0.19981578863969252,0.0
1.422,0.784668101265767,0.0,-0.4323670080227429,0.0,0.20725836335030023,0.0
1.424,0.7838037867125268,0.0,-0.43194507479411304,0.0,0.214669630451906,0.0
1.426,0.7829403308273049,0.0,-0.43150835050755415,0.0,0.22204938766457016,0.0
1.428,0.7820777631290635,0.0,-0.43105689838413486,0.0,0.22939743389710787,0.0
1.43,0.7812161130099204,0.0,-0.43059078204591017,0.0,0.2367135692531197,0.0
1.432,0.7803554097343514,0.0,-0.4301100655135303,0.0,0.24399759503696994,0.0
1.434,0.7794956824383934,0.0,-0.42961481320383005,0.0,0.25124931375973114,0.0
1.436,0.7786369601288559,0.0,-0.42910508992741014,0.0,0.25846852914509144,0.0
1.438,0.7777792716825355,0.0,-0.4285809608862072,0.0,0.2656550461352103,0.0
1.44,0.7769226458454357,0.0,-0.42804249167104935,0.0,0.27280867089654803,0.0
1.442,0.7760671112319909,0.0,-0.42748974825920294,0.0,0.27992921082564126,0.0
1.444,0.7752126963242976,0.0,-0.4269227970119077,0.0,0.28701647455484514,0.0
1.446,0.7743594294713467,0.0,-0.4263417046718954,0.0,0.29407027195803526,0.0
1.448,0.7735073388882658,0.0,-0.42574653836090653,0.0,0.30109041415626003,0.0
1.45,0.77265645265556,0.0,-0.42513736557718584,0.0,0.3080767135233633,0.0
1.452,0.7718067987183655,0.0,-0.42451425419297356,0.0,0.31502898369155263,0.0
1.454,0.770958404885701,0.0,-0.42387727245198314,0.0,0.3219470395569355,0.0
1.456,0.7701112988297284,0.0,-0.4232264889668658,0.0,0.32883069728501146,0.0
1.458,0.7692655080850183,0.0,-0.4225619727166696,0.0,0.3356797743161153,0.0
1.46,0.7684210600478178,0.0,-0.4218837930442809,0.0,0.3424940893708288,0.0
1.462,0.7675779819753278,0.0,-0.42119201965386155,0.0,0.34927346245534097,0.0
1.464,0.7667363009849806,0.0,-0.4204867226082706,0.0,0.3560177148667667,0.0
1.466,0.7658960440537266,0.0,-0.4197679723264765,0.0,0.3627266691984322,0.0
1.468,0.7650572380173248,0.0,-0.4190358395809626,0.0,0.3694001493450999,0.0
1.47,0.7642199095696376,0.0,-0.4182903954951143,0.0,0.37603798050816883,0.0
1.472,0.7633840852619311,0.0,-0.4175317115406058,0.0,0.38263998920081654,0.0
1.474,0.7625497915021835,0.0,-0.41675985953476746,0.0,0.38920600325310606,0.0
1.476,0.7617170545543935,0.0,-0.41597491163794853,0.0,0.3957358518170494,0.0
1.478,0.7608859005378995,0.0,-0.4151769403508686,0.0,0.4022293653716176,0.0
1.48,0.7600563554266989,0.0,-0.4143660185119575,0.0,0.40868637572772326,0.0
1.482,0.7592284450487777,0.0,-0.41354221929468765,0.0,0.41510671603314087,0.0
1.484,0.7584021950854425,0.0,-0.4127056162048956,0.0,0.4214902207773952,0.0
1.486,0.7575776310706568,0.0,-0.4118562830780915,0.0,0.4278367257966036,0.0
1.488,0.7567547783903871,0.0,-0.41099429407676447,0.0,0.4341460682782653,0.0
1.49,0.7559336622819488,0.0,-0.41011972368767147,0.0,0.4404180867660197,0.0
1.492,0.755114307833363,0.0,-0.4092326467191233,0.0,0.44665262116434423,0.0
1.494,0.7542967399827142,0.0,-0.40833313829825757,0.0,0.45284951274322105,0.0
1.496,0.7534809835175165,0.0,-0.40742127386830057,0.0,0.45900860414275124,0.0
1.498,0.7526670630740829,0.0,-0.4064971291858271,0.0,0.46512973937772184,0.0
1.5,0.7518550031369036,0.0,-0.40556078031800097,0.0,0.47121276384213495,0.0
1.502,0.7510448280380247,0.0,-0.4046123036398175,0.0,0.47725752431368373,0.0
1.504,0.7502365619564376,0.0,-0.4036517758313287,0.0,0.4832638689581856,0.0
1.506,0.7494302289174715,0.0,-0.4026792738748617,0.0,0.48923164733397206,0.0
1.508,0.748625852792189,0.0,-0.4016948750522331,0.0,0.495160710396227,0.0
1.51,0.7478234572967941,0.0,-0.4006986569419463,0.0,0.5010509105012844,0.0
1.512,0.7470230659920378,0.0,-0.3996906974163892,0.0,0.506902101410875,0.0
1.514,0.7462247022826362,0.0,-0.398671074639017,0.0,0.5127141382963283,0.0
1.516,0.7454283894166882,0.0,-0.3976398670615282,0.0,0.5184868777427328,0.0
1.518,0.744634150485105,0.0,-0.3965971534210352,0.0,0.5242201777530379,0.0
1.52,0.7438420084210393,0.0,-0.3955430127372218,0.0,0.5299138977521232,0.0
1.522,0.7430519859993249,0.0,-0.3944775243094984,0.0,0.5355678985908084,0.0
1.524,0.7422641058359191,0.0,-0.39340076771414356,0.0,0.5411820425498239,0.0
1.526,0.7414783903873525,0.0,-0.3923128228014412,0.0,0.5467561933437337,0.0
1.528,0.7406948619501832,0.0,-0.39121376969280947,0.0,0.552290216124803,0.0
1.53,0.739913542660458,0.0,-0.3901036887779203,0.0,0.5577839774868327,0.0
1.532,0.7391344544931782,0.0,-0.38898266071181387,0.0,0.5632373454689306,0.0
1.534,0.7383576192617722,0.0,-0.3878507664120047,0.0,0.568650189559246,0.0
1.536,0.7375830586175735,0.0,-0.3867080870555767,0.0,0.5740223806986537,0.0
1.538,0.7368107940493043,0.0,-0.38555470407627834,0.0,0.579353791284387,0.0
1.54,0.7360408468825642,0.0,-0.38439069916160284,0.0,0.5846442951736278,0.0
1.542,0.7352732382793281,0.0,-0.3832161542498666,0.0,0.5898937676870416,0.0
1.544,0.7345079892374442,0.0,-0.3820311515272795,0.0,0.5951020856122724,0.0
1.546,0.733745120590144,0.0,-0.38083577342500374,0.0,0.6002691272073838,0.0
1.548,0.7329846530055536,0.0,-0.37963010261621505,0.0,0.6053947722042532,0.0
1.55,0.732226606986214,0.0,-0.378414222013146,0.0,0.6104789018119176,0.0
1.552,0.7314710028686036,0.0,-0.3771882147641331,0.0,0.6155213987198704,0.0
1.554,0.7307178608226721,0.0,-0.3759521642506506,0.0,0.6205221471013089,0.0
1.556,0.7299672008513748,0.0,-0.37470615408433855,0.0,0.6254810326163367,0.0
1.558,0.7292190427902159,0.0,-0.37345026810402937,0.0,0.6303979424151102,0.0
1.56,0.7284734063067975,0.0,-0.37218459037276014,0.0,0.6352727651409427,0.0
1.562,0.727730310900374,0.0,-0.37090920517478754,0.0,0.6401053909333557,0.0
1.564,0.7269897759014126,0.0,-0.3696241970125899,0.0,0.6448957114310809,0.0
1.566,0.7262518204711594,0.0,-0.368329650603866,0.0,0.6496436197750182,0.0
1.568,0.7255164636012129,0.0,-0.3670256508785287,0.0,0.6543490106111336,0.0
1.57,0.7247837241131014,0.0,-0.365712282975691,0.0,0.6590117800933201,0.0
1.572,0.7240536206578695,0.0,-0.3643896322406483,0.0,0.6636318258861985,0.0
1.574,0.7233261717156658,0.0,-0.36305778422185425,0.0,0.6682090471678761,0.0
1.576,0.7226013955953431,0.0,-0.36171682466788857,0.0,0.6727433446326506,0.0
1.578,0.7218793104340585,0.0,-0.3603668395244265,0.0,0.6772346204936672,0.0
1.58,0.721159934196883,0.0,-0.359007914931194,0.0,0.6816827784855253,0.0
1.582,0.720443284676417,0.0,-0.35764013721892507,0.0,0.6860877238668317,0.0
1.584,0.7197293794924113,0.0,-0.3562635929063111,0.0,0.6904493634227102,0.0
1.586,0.7190182360913937,0.0,-0.3548783686969425,0.0,0.694767605467256,0.0
1.588,0.7183098717463019,0.0,-0.35348455147625346,0.0,0.6990423598459415,0.0
1.59,0.717604303556124,0.0,-0.3520822283084508,0.0,0.7032735379379711,0.0
1.592,0.7169015484455433,0.0,-0.35067148643344975,0.0,0.7074610526585878,0.0
1.594,0.7162016231645905,0.0,-0.3492524132637961,0.0,0.7116048184613264,0.0
1.596,0.7155045442883002,0.0,-0.34782509638158776,0.0,0.7157047513402194,0.0
1.598,0.7148103282163769,0.0,-0.3463896235353943,0.0,0.7197607688319481,0.0
1.6,0.7141189911728637,0.0,-0.34494608263716503,0.0,0.7237727900179488,0.0
1.602,0.7134305492058184,0.0,-0.34349456175914167,0.0,0.7277407355264623,0.0
1.604,0.7127450181869974,0.0,-0.34203514913076066,0.0,0.7316645275345368,0.0
1.606,0.7120624138115431,0.0,-0.34056793313555317,0.0,0.7355440897699801,0.0
1.608,0.71138275159768,0.0,-0.33909300230804357,0.0,0.7393793475132548,0.0
1.61,0.7107060468864141,0.0,-0.3376104453306397,0.0,0.7431702275993352,0.0
1.612,0.7100323148412423,0.0,-0.3361203510305244,0.0,0.7469166584194968,0.0
1.614,0.7093615704478645,0.0,-0.33462280837654074,0.0,0.7506185699230693,0.0
1.616,0.7086938285139035,0.0,-0.3331179064760719,0.0,0.7542758936191312,0.0
1.618,0.7080291036686323,0.0,-0.3316057345719237,0.0,0.7578885625781526,0.0
1.62,0.7073674103627043,0.0,-0.3300863820391966,0.0,0.7614565114335924,0.0
1.622,0.7067087628678945,0.0,-0.32855993838216074,0.0,0.7649796763834371,0.0
1.624,0.7060531752768413,0.0,-0.32702649323112554,0.0,0.7684579951916958,0.0
1.6260000000000001,0.7054006615027997,0.0,-0.32548613633930246,0.0,0.7718914071898373,0.0
1.6280000000000001,0.7047512352793983,0.0,-0.3239389575796738,0.0,0.7752798532781803,0.0
1.6300000000000001,0.7041049101604022,0.0,-0.3223850469418509,0.0,0.7786232759272291,0.0
1.6320000000000001,0.7034616995194836,0.0,-0.32082449452893136,0.0,0.7819216191789629,0.0
1.6340000000000001,0.7028216165499968,0.0,-0.31925739055435864,0.0,0.7851748286480661,0.0
1.6360000000000001,0.7021846742647624,0.0,-0.31768382533877026,0.0,0.7883828515231132,0.0
1.6380000000000001,0.7015508854958548,0.0,-0.31610388930685435,0.0,0.7915456365677014,0.0
1.6400000000000001,0.7009202628943977,0.0,-0.31451767298419514,0.0,0.7946631341215269,0.0
1.6420000000000001,0.700292818930365,0.0,-0.31292526699411954,0.0,0.7977352961014188,0.0
1.6440000000000001,0.6996685658923897,0.0,-0.3113267620545441,0.0,0.8007620760023089,0.0
1.6460000000000001,0.6990475158875756,0.0,-0.30972224897481543,0.0,0.8037434288981644,0.0
1.6480000000000001,0.6984296808413205,0.0,-0.30811181865255355,0.0,0.8066793114428539,0.0
1.6500000000000001,0.6978150724971405,0.0,-0.3064955620704902,0.0,0.8095696818709752,0.0
1.6520000000000001,0.6972037024165038,0.0,-0.30487357029330525,0.0,0.8124144999986223,0.0
1.6540000000000001,0.6965955819786701,0.0,-0.3032459344644657,0.0,0.8152137272241036,0.0
1.6560000000000001,0.6959907223805358,0.0,-0.301612745803058,0.0,0.8179673265286109,0.0
1.6580000000000001,0.6953891346364868,0.0,-0.29997409560062377,0.0,0.8206752624768315,0.0
1.6600000000000001,0.694790829578255,0.0,-0.29833007521799115,0.0,0.8233375012175137,0.0
1.6620000000000001,0.6941958178547851,0.0,-0.2966807760821051,0.0,0.8259540104839767,0.0
1.6640000000000001,0.6936041099321034,0.0,-0.29502628968286115,0.0,0.8285247595945717,0.0
1.666,0.6930157160931973,0.0,-0.2933667075699305,0.0,0.8310497194530865,0.0
1.668,0.6924306464378965,0.0,-0.2917021213495923,0.0,0.8335288625491071,0.0
1.67,0.6918489108827652,0.0,-0.29003262268156077,0.0,0.8359621629583159,0.0
1.672,0.6912705191609965,0.0,-0.2883583032758109,0.0,0.8383495963427485,0.0
1.674,0.6906954808223167,0.0,-0.2866792548894087,0.0,0.8406911399509918,0.0
1.676,0.690123805232893,0.0,-0.28499556932333614,0.0,0.8429867726183345,0.0
1.678,0.6895555015752495,0.0,-0.28330733841931666,0.0,0.8452364747668633,0.0
1.68,0.6889905788481889,0.0,-0.28161465405664393,0.0,0.8474402284055075,0.0
1.682,0.6884290458667202,0.0,-0.279917608149006,0.0,0.8495980171300339,0.0
1.684,0.6878709112619935,0.0,-0.2782162926413131,0.0,0.8517098261229866,0.0
1.686,0.6873161834812402,0.0,-0.2765107995065243,0.0,0.8537756421535796,0.0
1.688,0.6867648707877207,0.0,-0.27480122074247193,0.0,0.8557954535775312,0.0
1.69,0.6862169812606771,0.0,-0.27308764836869265,0.0,0.8577692503368535,0.0
1.692,0.6856725227952941,0.0,-0.27137017442325084,0.0,0.8596970239595847,0.0
1.694,0.6851315031026634,0.0,-0.2696488909595711,0.0,0.8615787675594733,0.0
1.696,0.6845939297097577,0.0,-0.26792389004326417,0.0,0.8634144758356089,0.0
1.698,0.6840598099594092,0.0,-0.2661952637489569,0.0,0.8652041450720009,0.0
1.7,0.6835291510102937,0.0,-0.2644631041571256,0.0,0.8669477731371074,0.0
1.702,0.6830019598369236,0.0,-0.26272750335092315,0.0,0.8686453594833092,0.0
1.704,0.6824782432296443,0.0,-0.260988553413016,0.0,0.8702969051463368,0.0
1.706,0.6819580077946397,0.0,-0.25924634642241623,0.0,0.871902412744641,0.0
1.708,0.6814412599539414,0.0,-0.2575009744513155,0.0,0.8734618864787151,0.0
1.71,0.6809280059454463,0.0,-0.2557525295619249,0.0,0.8749753321303643,0.0
1.712,0.6804182518229395,0.0,-0.25400110380330937,0.0,0.876442757061924,0.0
1.714,0.6799120034561238,0.0,-0.25224678920823057,0.0,0.8778641702154253,0.0
1.716,0.679409266530655,0.0,-0.25048967778998743,0.0,0.8792395821117123,0.0
1.718,0.6789100465481849,0.0,-0.2487298615392579,0.0,0.8805690048495034,0.0
1.72,0.678414348826409,0.0,-0.24696743242094657,0.0,0.8818524521044049,0.0
1.722,0.6779221784991213,0.0,-0.24520248237102965,0.0,0.8830899391278715,0.0
1.724,0.6774335405162759,0.0,-0.24343510329340654,0.0,0.8842814827461153,0.0
1.726,0.6769484396440529,0.0,-0.2416653870567505,0.0,0.8854271013589664,0.0
1.728,0.6764668804649339,0.0,-0.23989342549136114,0.0,0.886526814938676,0.0
1.73,0.6759888673777796,0.0,-0.2381193103860239,0.0,0.8875806450286772,0.0
1.732,0.6755144045979191,0.0,-0.23634313348486552,0.0,0.888588614742284,0.0
1.734,0.6750434961572389,0.0,-0.23456498648421886,0.0,0.8895507487613504,0.0
1.736,0.6745761459042838,0.0,-0.23278496102948537,0.0,0.8904670733348704,0.0
1.738,0.6741123575043615,0.0,-0.23100314871200134,0.0,0.8913376162775273,0.0
1.74,0.6736521344396534,0.0,-0.22921964106591144,0.0,0.8921624069681995,0.0
1.742,0.6731954800093328,0.0,-0.22743452956503707,0.0,0.8929414763484047,0.0
1.744,0.6727423973296881,0.0,-0.22564790561975748,0.0,0.8936748569207041,0.0
1.746,0.6722928893342528,0.0,-0.22385986057388624,0.0,0.8943625827470457,0.0
1.748,0.6718469587739418,0.0,-0.22207048570155485,0.0,0.8950046894470645,0.0
1.75,0.6714046082171949,0.0,-0.22027987220409992,0.0,0.8956012141963283,0.0
1.752,0.6709658400501236,0.0,-0.21848811120695139,0.0,0.8961521957245338,0.0
1.754,0.6705306564766675,0.0,-0.21669529375652852,0.0,0.896657674313653,0.0
1.756,0.6700990595187549,0.0,-0.21490151081713577,0.0,0.8971176917960263,0.0
1.758,0.6696710510164703,0.0,-0.21310685326786288,0.0,0.8975322915524091,0.0
1.76,0.6692466326282276,0.0,-0.21131141189949265,0.0,0.8979015185099648,0.0
1.762,0.66882580583095,0.0,-0.20951527741140902,0.0,0.8982254191402115,0.0
1.764,0.6684085719202562,0.0,-0.20771854040850843,0.0,0.8985040414569103,0.0
1.766,0.6679949320106521,0.0,-0.20592129139812204,0.0,0.8987374350139159,0.0
1.768,0.6675848870357287,0.0,-0.20412362078693227,0.0,0.8989256509029651,0.0
1.77,0.6671784377483673,0.0,-0.20232561887790418,0.0,0.8990687417514232,0.0
1.772,0.666775584720949,0.0,-0.20052737586721386,0.0,0.8991667617199779,0.0
1.774,0.6663763283455728,0.0,-0.19872898184118373,0.0,0.8992197665002801,0.0
1.776,0.6659806688342763,0.0,-0.1969305267732256,0.0,0.8992278133125433,0.0
1.778,0.6655886062192669,0.0,-0.1951321005207822,0.0,0.8991909609030834,0.0
1.78,0.6652001403531544,0.0,-0.1933337928222812,0.0,0.8991092695418179,0.0
1.782,0.6648152709091947,0.0,-0.1915356932940892,0.0,0.8989828010197083,0.0
1.784,0.6644339973815342,0.0,-0.18973789142747055,0.0,0.8988116186461585,0.0
1.786,0.6640563190854654,0.0,-0.18794047658555585,0.0,0.8985957872463598,0.0
1.788,0.6636822351576848,0.0,-0.18614353800031055,0.0,0.8983353731585904,0.0
1.79,0.6633117445565582,0.0,-0.18434716476951413,0.0,0.8980304442314639,0.0
1.792,0.6629448460623935,0.0,-0.18255144585374042,0.0,0.8976810698211278,0.0
1.794,0.6625815382777164,0.0,-0.18075647007334475,0.0,0.8972873207884146,0.0
1.796,0.6622218196275551,0.0,-0.1789623261054599,0.0,0.8968492694959437,0.0
1.798,0.6618656883597289,0.0,-0.17716910248099327,0.0,0.8963669898051747,0.0
1.8,0.6615131425451445,0.0,-0.17537688758163278,0.0,0.8958405570734116,0.0
1.802,0.6611641800780959,0.0,-0.17358576963685995,0.0,0.8952700481507608,0.0
1.804,0.6608187986765741,0.0,-0.1717958367209635,0.0,0.8946555413770334,0.0
1.806,0.6604769958825785,0.0,-0.17000717675006785,0.0,0.8939971165786109,0.0
1.808,0.660138769062437,0.0,-0.16821987747915876,0.0,0.8932948550652515,0.0
1.81,0.6598041154071311,0.0,-0.16643402649912276,0.0,0.892548839626855,0.0
1.812,0.6594730319326267,0.0,-0.16464971123378971,0.0,0.8917591545301793,0.0
1.814,0.6591455154802129,0.0,-0.1628670189369801,0.0,0.8909258855155016,0.0
1.816,0.6588215627168419,0.0,-0.16108603668956542,0.0,0.8900491197932465,0.0
1.818,0.6585011701354812,0.0,-0.1593068513965267,0.0,0.8891289460405483,0.0
1.82,0.6581843340554648,0.0,-0.15752954978402858,0.0,0.8881654543977829,0.0
1.822,0.6578710506228574,0.0,-0.1557542183964947,0.0,0.8871587364650404,0.0
1.824,0.6575613158108182,0.0,-0.15398094359369013,0.0,0.8861088852985546,0.0
1.826,0.657255125419974,0.0,-0.1522098115478162,0.0,0.8850159954070865,0.0
1.828,0.6569524750787971,0.0,-0.1504409082406055,0.0,0.8838801627482583,0.0
1.83,0.656653360243989,0.0,-0.14867431946043114,0.0,0.8827014847248436,0.0
1.832,0.6563577762008714,0.0,-0.1469101307994185,0.0,0.881480060181006,0.0
1.834,0.6560657180637788,0.0,-0.14514842765056485,0.0,0.880215989398496,0.0
1.836,0.6557771807764625,0.0,-0.14338929520487176,0.0,0.8789093740927978,0.0
1.838,0.6554921591124951,0.0,-0.14163281844847736,0.0,0.8775603174092321,0.0
1.84,0.6552106476756854,0.0,-0.13987908215980382,0.0,0.8761689239190107,0.0
1.842,0.6549326409004942,0.0,-0.1381281709067087,0.0,0.8747352996152483,0.0
1.844,0.6546581330524603,0.0,-0.13638016904364275,0.0,0.8732595519089195,0.0
1.846,0.6543871182286293,0.0,-0.1346351607088228,0.0,0.8717417896247853,0.0
1.848,0.6541195903579886,0.0,-0.13289322982140395,0.0,0.8701821229972561,0.0
1.85,0.653855543201909,0.0,-0.131154460078667,0.0,0.868580663666223,0.0
1.852,0.6535949703545906,0.0,-0.12941893495321166,0.0,0.8669375246728379,0.0
1.854,0.6533378652435159,0.0,-0.12768673769015604,0.0,0.8652528204552443,0.0
1.856,0.6530842211299066,0.0,-0.1259579513043505,0.0,0.8635266668442747,0.0
1.858,0.6528340311091874,0.0,-0.12423265857759269,0.0,0.8617591810590879,0.0
1.86,0.6525872881114543,0.0,-0.12251094205585861,0.0,0.8599504817027751,0.0
1.862,0.6523439849019501,0.0,-0.12079288404653787,0.0,0.8581006887579121,0.0
1.864,0.6521041140815438,0.0,-0.11907856661567812,0.0,0.8562099235820699,0.0
1.866,0.651867668087215,0.0,-0.11736807158524204,0.0,0.8542783089032839,0.0
1.868,0.6516346391925468,0.0,-0.11566148053036795,0.0,0.8523059688154703,0.0
1.87,0.6514050195082205,0.0,-0.11395887477664579,0.0,0.8502930287738107,0.0
1.872,0.6511788009825183,0.0,-0.1122603353973976,0.0,0.8482396155900817,0.0
1.874,0.6509559754018299,0.0,-0.11056594321096785,0.0,0.8461458574279439,0.0
1.8760000000000001,0.6507365343911664,0.0,-0.10887577877802751,0.0,0.8440118837981926,0.0
1.8780000000000001,0.6505204694146761,0.0,-0.10718992239888114,0.0,0.8418378255539556,0.0
1.8800000000000001,0.6503077717761709,0.0,-0.10550845411079013,0.0,0.8396238148858565,0.0
1.8820000000000001,0.6500984326196521,0.0,-0.103831453685301,0.0,0.83736998531713,0.0
1.8840000000000001,0.6498924429298464,0.0,-0.10215900062558436,0.0,0.8350764716986924,0.0
1.8860000000000001,0.649689793532745,0.0,-0.10049117416378628,0.0,0.8327434102041757,0.0
1.8880000000000001,0.6494904750961474,0.0,-0.09882805325838667,0.0,0.830370938324912,0.0
1.8900000000000001,0.649294478130213,0.0,-0.0971697165915692,0.0,0.8279591948648803,0.0
1.8920000000000001,0.6491017929880138,0.0,-0.09551624256660235,0.0,0.8255083199356111,0.0
1.8940000000000001,0.6489124098660978,0.0,-0.09386770930522603,0.0,0.8230184549510401,0.0
1.8960000000000001,0.6487263188050523,0.0,-0.09222419464505638,0.0,0.8204897426223352,0.0
1.8980000000000001,0.6485435096900763,0.0,-0.09058577613699254,0.0,0.8179223269526652,0.0
1.9000000000000001,0.6483639722515556,0.0,-0.08895253104264106,0.0,0.8153163532319412,0.0
1.9020000000000001,0.6481876960656436,0.0,-0.08732453633174647,0.0,0.8126719680315073,0.0
1.9040000000000001,0.6480146705548493,0.0,-0.08570186867963159,0.0,0.8099893191987886,0.0
1.9060000000000001,0.647844884988627,0.0,-0.08408460446465554,0.0,0.8072685558519109,0.0
1.9080000000000001,0.6476783284839733,0.0,-0.08247281976567256,0.0,0.8045098283742603,0.0
1.9100000000000001,0.647514990006029,0.0,-0.08086659035951127,0.0,0.8017132884090217,0.0
1.9120000000000001,0.6473548583686851,0.0,-0.07926599171845772,0.0,0.7988790888536612,0.0
1.9140000000000001,0.6471979222351946,0.0,-0.07767109900775349,0.0,0.7960073838543754,0.0
1.9160000000000001,0.6470441701187897,0.0,-0.07608198708310432,0.0,0.7930983288005005,0.0
1.9180000000000001,0.6468935903833023,0.0,-0.07449873048819738,0.0,0.790152080318878,0.0
1.92,0.6467461712437906,0.0,-0.07292140345223536,0.0,0.7871687962681858,0.0
1.922,0.6466019007671719,0.0,-0.07135007988747466,0.0,0.7841486357332214,0.0
1.924,0.6464607668728577,0.0,-0.06978483338678215,0.0,0.7810917590191551,0.0
1.926,0.6463227573333944,0.0,-0.06822573722119785,0.0,0.7779983276457361,0.0
1.928,0.6461878597751107,0.0,-0.0666728643375134,0.0,0.7748685043414664,0.0
1.93,0.6460560616787691,0.0,-0.06512628735585829,0.0,0.7717024530377251,0.0
1.932,0.6459273503802181,0.0,-0.0635860785673027,0.0,0.7685003388628702,0.0
1.934,0.645801713071057,0.0,-0.062052309931467764,0.0,0.7652623281362858,0.0
1.936,0.6456791367992989,0.0,-0.06052505307414874,0.0,0.7619885883623987,0.0
1.938,0.6455596084700409,0.0,-0.059004379284953556,0.0,0.7586792882246589,0.0
1.94,0.6454431148461388,0.0,-0.057490359514947686,0.0,0.7553345975794751,0.0
1.942,0.6453296425488873,0.0,-0.055983064374317215,0.0,0.7519546874501193,0.0
1.944,0.6452191780587029,0.0,-0.05448256413003982,0.0,0.7485397300205929,0.0
1.946,0.6451117077158143,0.0,-0.052988928703568305,0.0,0.7450898986294456,0.0
1.948,0.6450072177209532,0.0,-0.05150222766853052,0.0,0.7416053677635763,0.0
1.95,0.6449056941360555,0.0,-0.05002253024843634,0.0,0.7380863130519757,0.0
1.952,0.644807122884961,0.0,-0.04854990531440151,0.0,0.734532911259449,0.0
1.954,0.6447114897541217,0.0,-0.04708442138288138,0.0,0.730945340280295,0.0
1.956,0.6446187803933134,0.0,-0.04562614661341785,0.0,0.7273237791319438,0.0
1.958,0.6445289803163515,0.0,-0.044175148806401665,0.0,0.7236684079485729,0.0
1.96,0.644442074901812,0.0,-0.04273149540084187,0.0,0.7199794079746681,0.0
1.962,0.6443580493937556,0.0,-0.041295253472155236,0.0,0.7162569615585697,0.0
1.964,0.6442768889024575,0.0,-0.03986648972996282,0.0,0.7125012521459664,0.0
1.966,0.6441985784051423,0.0,-0.03844527051590202,0.0,0.7087124642733587,0.0
1.968,0.6441231027467192,0.0,-0.03703166180145301,0.0,0.7048907835614968,0.0
1.97,0.6440504466405289,0.0,-0.03562572918577395,0.0,0.7010363967087644,0.0
1.972,0.6439805946690856,0.0,-0.03422753789355559,0.0,0.6971494914845503,0.0
1.974,0.6439135312848319,0.0,-0.03283715277288457,0.0,0.6932302567225681,0.0
1.976,0.6438492408108916,0.0,-0.031454638293119785,0.0,0.6892788823141478,0.0
1.978,0.6437877074418311,0.0,-0.030080058542787336,0.0,0.6852955592014984,0.0
1.98,0.6437289152444218,0.0,-0.02871347722748213,0.0,0.6812804793709264,0.0
1.982,0.6436728481584089,0.0,-0.027354957667789115,0.0,0.677233835846032,0.0
1.984,0.6436194899972828,0.0,-0.026004562797214303,0.0,0.6731558226808647,0.0
1.986,0.6435688244490557,0.0,-0.024662355160130156,0.0,0.6690466349530446,0.0
1.988,0.6435208350770423,0.0,-0.02332839690973687,0.0,0.66490646875686,0.0
1.99,0.6434755053206435,0.0,-0.022002749806034505,0.0,0.6607355211963204,0.0
1.992,0.6434328184961351,0.0,-0.02068547521381192,0.0,0.6565339903781882,0.0
1.994,0.6433927577974599,0.0,-0.019376634100647327,0.0,0.6523020754049731,0.0
1.996,0.6433553062970253,0.0,-0.018076287034923144,0.0,0.6480399763678877,0.0
1.998,0.6433204469465014,0.0,-0.01678449418385808,0.0,0.6437478943397907,0.0
2.0,0.6432881625776281,0.0,-0.015501315311547914,0.0,0.639426031368073,0.0
2.0020000000000002,0.643258435903021,0.0,-0.014226809777026117,0.0,0.6350745904675383,0.0
2.004,0.6432312495169845,0.0,-0.012961036532334935,0.0,0.6306937756132338,0.0
2.0060000000000002,0.6432065858963274,0.0,-0.011704054120611207,0.0,0.6262837917332554,0.0
2.008,0.6431844274011825,0.0,-0.010455920674190655,0.0,0.6218448447015337,0.0
2.0100000000000002,0.6431647562758315,0.0,-0.009216693912718454,0.0,0.6173771413305628,0.0
2.012,0.6431475546495293,0.0,-0.00798643114128561,0.0,0.6128808893641376,0.0
2.0140000000000002,0.6431328045373377,0.0,-0.006765189248567671,0.0,0.6083562974700214,0.0
2.016,0.6431204878409595,0.0,-0.005553024704987919,0.0,0.6038035752326142,0.0
2.0180000000000002,0.6431105863495755,0.0,-0.004349993560890275,0.0,0.5992229331455733,0.0
2.02,0.6431030817406881,0.0,-0.003156151444728472,0.0,0.5946145826044168,0.0
2.0220000000000002,0.6430979555809654,0.0,-0.001971553561268602,0.0,0.5899787358990893,0.0
2.024,0.643095189327092,0.0,-0.0007962546898097611,0.0,0.5853156062065047,0.0
2.0260000000000002,0.6430947643266204,0.0,0.0003696908175844227,0.0,0.5806254075830567,0.0
2.028,0.643096661818828,0.0,0.0015262290378348364,0.0,0.5759083549571105,0.0
2.0300000000000002,0.6431008629355761,0.0,0.0026733064785872673,0.0,0.5711646641214445,0.0
2.032,0.6431073487021732,0.0,0.0038108700799285855,0.0,0.5663945517256999,0.0
2.0340000000000003,0.6431161000382426,0.0,0.00493886721609732,0.0,0.5615982352687627,0.0
2.036,0.6431270977585912,0.0,0.0060572456971713096,0.0,0.5567759330911528,0.0
2.0380000000000003,0.643140322574083,0.0,0.007165953770745914,0.0,0.551927864367363,0.0
2.04,0.643155755092517,0.0,0.008264940123592246,0.0,0.5470542490981867,0.0
2.0420000000000003,0.6431733758195055,0.0,0.009354153883303185,0.0,0.5421553081030066,0.0
2.044,0.6431931651593582,0.0,0.010433544619922519,0.0,0.537231263012071,0.0
2.0460000000000003,0.6432151034159694,0.0,0.011503062347559267,0.0,0.5322823362587276,0.0
2.048,0.6432391707937057,0.0,0.012562657525984011,0.0,0.5273087510716549,0.0
2.05,0.6432653473983018,0.0,0.013612281062216347,0.0,0.5223107314670357,0.0
2.052,0.6432936132377537,0.0,0.014651884312087415,0.0,0.5172885022407396,0.0
2.054,0.6433239482232203,0.0,0.015681419081793102,0.0,0.5122422889604628,0.0
2.056,0.6433563321699229,0.0,0.016700837629430865,0.0,0.5071723179578385,0.0
2.058,0.6433907447980539,0.0,0.01771009266651813,0.0,0.5020788163205391,0.0
2.06,0.6434271657336827,0.0,0.018709137359497197,0.0,0.4969620118843387,0.0
2.062,0.6434655745096676,0.0,0.01969792533122383,0.0,0.49182213322516577,0.0
2.064,0.6435059505665703,0.0,0.020676410662438638,0.0,0.4866594096511184,0.0
2.066,0.6435482732535733,0.0,0.021644547893223898,0.0,0.4814740711944709,0.0
2.068,0.6435925218294,0.0,0.022602292024444526,0.0,0.47626634860364137,0.0
2.07,0.6436386754632366,0.0,0.023549598519171155,0.0,0.4710364733351543,0.0
2.072,0.6436867132356598,0.0,0.024486423304089233,0.0,0.465784677545561,0.0
2.074,0.643736614139564,0.0,0.025412722770889906,0.0,0.4605111940833623,0.0
2.076,0.6437883570810929,0.0,0.026328453777647365,0.0,0.4552162564808796,0.0
2.078,0.6438419208805746,0.0,0.02723357365017709,0.0,0.44990009894613214,0.0
2.08,0.6438972842734569,0.0,0.028128040183379444,0.0,0.44456295635467347,0.0
2.082,0.6439544259112481,0.0,0.02901181164256672,0.0,0.43920506424142036,0.0
2.084,0.6440133243624586,0.0,0.029884846764773543,0.0,0.43382665879244764,0.0
2.086,0.6440739581135456,0.0,0.030747104760051214,0.0,0.42842797683677636,0.0
2.088,0.6441363055698599,0.0,0.03159854531274492,0.0,0.42300925583812954,0.0
2.09,0.6442003450565974,0.0,0.03243912858275477,0.0,0.41757073388667615,0.0
2.092,0.6442660548197497,0.0,0.03326881520678182,0.0,0.41211264969074884,0.0
2.094,0.6443334130270599,0.0,0.03408756629955356,0.0,0.40663524256855266,0.0
2.096,0.6444023977689791,0.0,0.034895343455038474,0.0,0.40113875243983826,0.0
2.098,0.6444729870596274,0.0,0.035692108747637674,0.0,0.3956234198175723,0.0
2.1,0.6445451588377542,0.0,0.036477824733365416,0.0,0.39008948579957725,0.0
2.102,0.6446188909677046,0.0,0.03725245445100894,0.0,0.3845371920601638,0.0
2.104,0.6446941612403839,0.0,0.03801596142327435,0.0,0.37896678084173174,0.0
2.106,0.6447709473742284,0.0,0.0387683096579125,0.0,0.3733784949463679,0.0
2.108,0.6448492270161756,0.0,0.03950946364883179,0.0,0.3677725777274116,0.0
2.11,0.6449289777426378,0.0,0.040239388377191765,0.0,0.3621492730810174,0.0
2.112,0.6450101770604781,0.0,0.04095804931247993,0.0,0.35650882543768525,0.0
2.114,0.6450928024079875,0.0,0.0416654124135708,0.0,0.35085147975379416,0.0
2.116,0.645176831155865,0.0,0.042361444129772496,0.0,0.3451774815030929,0.0
2.118,0.6452622406081994,0.0,0.04304611140184916,0.0,0.33948707666820144,0.0
2.12,0.6453490080034541,0.0,0.04371938166303346,0.0,0.333780511732075,0.0
2.122,0.6454371105154513,0.0,0.04438122284001572,0.0,0.3280580336694691,0.0
2.124,0.645526525254361,0.0,0.045031603353921645,0.0,0.32231988993837635,0.0
2.126,0.6456172292676916,0.0,0.04567049212126839,0.0,0.31656632847145555,0.0
2.128,0.6457091995412793,0.0,0.046297858554906146,0.0,0.3107975976674426,0.0
2.13,0.6458024130002843,0.0,0.04691367256494089,0.0,0.3050139463825548,0.0
2.132,0.6458968465101846,0.0,0.047517904559642554,0.0,0.29921562392185874,0.0
2.134,0.6459924768777732,0.0,0.04811052544633182,0.0,0.29340288003066206,0.0
2.136,0.6460892808521582,0.0,0.04869150663225352,0.0,0.287575964885848,0.0
2.138,0.6461872351257625,0.0,0.049260820025430085,0.0,0.28173512908723297,0.0
2.14,0.6462863163353266,0.0,0.04981843803550012,0.0,0.27588062364888605,0.0
2.142,0.6463865010629125,0.0,0.050364333574536846,0.0,0.27001269999045374,0.0
2.144,0.6464877658369097,0.0,0.050898480057850914,0.0,0.2641316099284563,0.0
2.146,0.6465900871330418,0.0,0.05142085140477626,0.0,0.2582376056675871,0.0
2.148,0.6466934413753762,0.0,0.05193142203943668,0.0,0.2523309397919834,0.0
2.15,0.6467978049373331,0.0,0.052430166891496266,0.0,0.2464118652565093,0.0
2.152,0.6469031541426997,0.0,0.052917061396892784,0.0,0.24048063537798917,0.0
2.154,0.6470094652666404,0.0,0.0533920814985519,0.0,0.234537503826481,0.0
2.156,0.6471167145367139,0.0,0.053855203647085625,0.0,0.2285827246164874,0.0
2.158,0.6472248781338881,0.0,0.05430640480147175,0.0,0.2226165520981952,0.0
2.16,0.6473339321935575,0.0,0.054745662429717123,0.0,0.2166392409486815,0.0
2.162,0.6474438528065632,0.0,0.0551729545095021,0.0,0.21065104616312147,0.0
2.164,0.6475546160202105,0.0,0.05558825952880864,0.0,0.20465222304598113,0.0
2.166,0.6476661978392928,0.0,0.05599155648652854,0.0,0.19864302720220323,0.0
2.168,0.6477785742271114,0.0,0.05638282489305779,0.0,0.19262371452838079,0.0
2.17,0.647891721106501,0.0,0.05676204477086888,0.0,0.1865945412039338,0.0
2.172,0.6480056143608544,0.0,0.057129196655069436,0.0,0.18055576368224713,0.0
2.174,0.6481202298351465,0.0,0.05748426159393982,0.0,0.17450763868184768,0.0
2.176,0.6482355433369632,0.0,0.057827221149455266,0.0,0.16845042317752373,0.0
2.178,0.6483515306375279,0.0,0.05815805739779001,0.0,0.16238437439147452,0.0
2.18,0.648468167472732,0.0,0.058476752929802256,0.0,0.15630974978442813,0.0
2.182,0.648585429544162,0.0,0.05878329085150247,0.0,0.1502268070467704,0.0
2.184,0.6487032925201338,0.0,0.059077654784504885,0.0,0.14413580408964963,0.0
2.186,0.6488217320367212,0.0,0.059359828866459075,0.0,0.13803699903609248,0.0
2.188,0.6489407236987903,0.0,0.05962979775146482,0.0,0.1319306502120949,0.0
2.19,0.6490602430810316,0.0,0.05988754661046969,0.0,0.12581701613773233,0.0
2.192,0.6491802657289957,0.0,0.06013306113164818,0.0,0.11969635551822563,0.0
2.194,0.6493007671601254,0.0,0.0603663275207631,0.0,0.11356892723505269,0.0
2.196,0.6494217228647947,0.0,0.060587332501508384,0.0,0.10743499033700382,0.0
2.198,0.6495431083073424,0.0,0.06079606331583587,0.0,0.10129480403127117,0.0
2.2,0.6496648989271093,0.0,0.0609925077242629,0.0,0.09514862767451032,0.0
2.202,0.6497870701394769,0.0,0.06117665400616168,0.0,0.08899672076391016,0.0
2.204,0.6499095973369036,0.0,0.06134849096003259,0.0,0.08283934292825247,0.0
2.206,0.6500324558899653,0.0,0.061508007903756545,0.0,0.07667675391897152,0.0
2.208,0.6501556211483923,0.0,0.0616551946748336,0.0,0.07050921360120582,0.0
2.21,0.6502790684421096,0.0,0.0617900416306002,0.0,0.06433698194486065,0.0
2.212,0.6504027730822777,0.0,0.061912539648429354,0.0,0.05816031901563571,0.0
2.214,0.6505267103623315,0.0,0.062022680125914276,0.0,0.05197948496609928,0.0
2.216,0.6506508555590216,0.0,0.06212045498103225,0.0,0.0457947400267093,0.0
2.218,0.6507751839334547,0.0,0.062205856652292724,0.0,0.03960634449687177,0.0
2.22,0.6508996707321361,0.0,0.062278878098864676,0.0,0.03341455873597203,0.0
2.222,0.6510242911880086,0.0,0.06233951280068861,0.0,0.027219643154423444,0.0
2.224,0.6511490205214978,0.0,0.06238775475856939,0.0,0.021021858204698398,0.0
2.226,0.6512738339415499,0.0,0.06242359849425183,0.0,0.014821464372374665,0.0
2.228,0.6513987066466771,0.0,0.06244703905047677,0.0,0.00861872216716441,0.0
2.23,0.6515236138259964,0.0,0.06245807199102171,0.0,0.0024138921139672392,0.0
2.232,0.6516485306602756,0.0,0.06245669340072135,0.0,-0.0037927652561149244,0.0
2.234,0.6517734323229715,0.0,0.06244289988547169,0.0,-0.010000989414711586,0.0
2.236,0.6518982939812739,0.0,0.06241668857221505,0.0,-0.016210519845165708,0.0
2.238,0.6520230907971486,0.0,0.06237805710890776,0.0,-0.022421096051481945,0.0
2.24,0.6521477979283771,0.0,0.062327003664470415,0.0,-0.02863245756728816,0.0
2.242,0.6522723905296006,0.0,0.062263526928718504,0.0,-0.03484434396478962,0.0
2.244,0.65239684375336,0.0,0.062187626112278016,0.0,-0.04105649486372559,0.0
2.246,0.6525211327511385,0.0,0.062099300946480085,0.0,-0.04726864994031714,0.0
2.248,0.652645232674403,0.0,0.06199855168323887,0.0,-0.05348054893622382,0.0
2.25,0.6527691186756435,0.0,0.06188537909491332,0.0,-0.059691931667477355,0.0
2.2520000000000002,0.6528927659094159,0.0,0.06175978447414798,0.0,-0.06590253803344087,0.0
2.254,0.6530161495333818,0.0,0.06162176963369781,0.0,-0.07211210802573503,0.0
2.2560000000000002,0.6531392447093478,0.0,0.06147133690623474,0.0,-0.07832038173718389,0.0
2.258,0.6532620266043055,0.0,0.06130848914413689,0.0,-0.08452709937073857,0.0
2.2600000000000002,0.653384470391471,0.0,0.06113322971925861,0.0,-0.09073200124841341,0.0
2.262,0.6535065512513232,0.0,0.06094556252268357,0.0,-0.09693482782020027,0.0
2.2640000000000002,0.6536282443726423,0.0,0.06074549196446033,0.0,-0.10313531967299577,0.0
2.266,0.6537495249535475,0.0,0.060533022973319306,0.0,-0.10933321753950545,0.0
2.2680000000000002,0.6538703682025336,0.0,0.06030816099637193,0.0,-0.11552826230716101,0.0
2.27,0.653990749339508,0.0,0.060070911998792775,0.0,-0.1217201950270089,0.0
2.2720000000000002,0.6541106435968255,0.0,0.05982128246348395,0.0,-0.1279087569226201,0.0
2.274,0.6542300262203254,0.0,0.059559279390719366,0.0,-0.13409368939897046,0.0
2.2760000000000002,0.6543488724703633,0.0,0.05928491029777522,0.0,-0.14027473405132665,0.0
2.278,0.6544671576228476,0.0,0.0589981832185385,0.0,-0.14645163267412015,0.0
2.2800000000000002,0.6545848569702687,0.0,0.05869910670310163,0.0,-0.15262412726981794,0.0
2.282,0.6547019458227348,0.0,0.05838768981733594,0.0,-0.15879196005777974,0.0
2.2840000000000003,0.6548183995090006,0.0,0.0580639421424507,0.0,-0.16495487348311705,0.0
2.286,0.6549341933774977,0.0,0.05772787377453098,0.0,-0.17111261022553081,0.0
2.2880000000000003,0.6550493027973656,0.0,0.057379495324060725,0.0,-0.1772649132081569,0.0
2.29,0.6551637031594773,0.0,0.05701881791542707,0.0,-0.1834115256063814,0.0
2.2920000000000003,0.655277369877469,0.0,0.05664585318640636,0.0,-0.18955219085667507,0.0
2.294,0.655390278388765,0.0,0.056260613287634265,0.0,-0.19568665266539026,0.0
2.2960000000000003,0.6555024041556036,0.0,0.0558631108820557,0.0,-0.2018146550175698,0.0
2.298,0.6556137226660603,0.0,0.055453359144360004,0.0,-0.20793594218573003,0.0
2.3000000000000003,0.655724209435072,0.0,0.05503137176039635,0.0,-0.21405025873864852,0.0
2.302,0.6558338400054574,0.0,0.054597162926573406,0.0,-0.2201573495501265,0.0
2.3040000000000003,0.655942589948938,0.0,0.054150747349238915,0.0,-0.2262569598077554,0.0
2.306,0.6560504348671579,0.0,0.053692140244045394,0.0,-0.23234883502165787,0.0
2.308,0.6561573503927006,0.0,0.05322135733529487,0.0,-0.23843272103323004,0.0
2.31,0.656263312190107,0.0,0.05273841485526748,0.0,-0.24450836402386733,0.0
2.312,0.6563682959568892,0.0,0.0522433295435345,0.0,-0.2505755105236673,0.0
2.314,0.6564722774245461,0.0,0.051736118646249885,0.0,-0.25663390742015246,0.0
2.316,0.656575232359574,0.0,0.0512167999154286,0.0,-0.2626833019669336,0.0
2.318,0.656677136564479,0.0,0.050685391608204844,0.0,-0.26872344179240765,0.0
2.32,0.6567779658787857,0.0,0.05014191248607419,0.0,-0.2747540749084073,0.0
2.322,0.6568776961800455,0.0,0.049586381814117175,0.0,-0.2807749497188601,0.0
2.324,0.6569763033848431,0.0,0.049018819360208465,0.0,-0.28678581502841693,0.0
2.326,0.6570737634498005,0.0,0.04843924539420408,0.0,-0.2927864200510833,0.0
2.328,0.6571700523725812,0.0,0.04784768068711687,0.0,-0.29877651441881925,0.0
2.33,0.6572651461928916,0.0,0.04724414651026948,0.0,-0.30475584819014423,0.0
2.332,0.6573590209934785,0.0,0.04662866463443471,0.0,-0.31072417185870044,0.0
2.334,0.6574516529011316,0.0,0.04600125732895488,0.0,-0.31668123636184176,0.0
2.336,0.6575430180876752,0.0,0.04536194736084792,0.0,-0.32262679308915615,0.0
2.338,0.6576330927709648,0.0,0.0447107579938924,0.0,-0.32856059389102027,0.0
2.34,0.6577218532158803,0.0,0.044047712987698495,0.0,-0.33448239108710803,0.0
2.342,0.6578092757353146,0.0,0.04337283659676028,0.0,-0.34039193747489566,0.0
2.344,0.6578953366911654,0.0,0.04268615356949268,0.0,-0.346288986338146,0.0
2.346,0.6579800124953185,0.0,0.04198768914724954,0.0,-0.3521732914553799,0.0
2.348,0.6580632796106356,0.0,0.041277469063325634,0.0,-0.3580446071083245,0.0
2.35,0.658145114551936,0.0,0.04055551954194159,0.0,-0.36390268809035686,0.0
2.352,0.6582254938869769,0.0,0.03982186729721421,0.0,-0.3697472897149059,0.0
2.354,0.6583043942374337,0.0,0.03907653953210444,0.0,-0.37557816782387615,0.0
2.356,0.6583817922798748,0.0,0.03831956393735547,0.0,-0.38139507879600354,0.0
2.358,0.6584576647467375,0.0,0.03755096869040797,0.0,-0.3871977795552406,0.0
2.36,0.6585319884272995,0.0,0.036770782454303874,0.0,-0.3929860275790879,0.0
2.362,0.6586047401686496,0.0,0.0359790343765683,0.0,-0.39875958090692937,0.0
2.364,0.6586758968766546,0.0,0.035175754088079936,0.0,-0.4045181981483328,0.0
2.366,0.6587454355169259,0.0,0.03436097170192032,0.0,-0.4102616384913436,0.0
2.368,0.6588133331157824,0.0,0.03353471781221029,0.0,-0.4159896617107484,0.0
2.37,0.6588795667612113,0.0,0.032697023492926525,0.0,-0.42170202817633007,0.0
2.372,0.6589441136038258,0.0,0.03184792029670558,0.0,-0.42739849886108294,0.0
2.374,0.6590069508578229,0.0,0.03098744025362693,0.0,-0.43307883534944197,0.0
2.376,0.6590680558019362,0.0,0.03011561586998318,0.0,-0.43874279984544684,0.0
2.378,0.659127405780386,0.0,0.029232480127033056,0.0,-0.4443901551809252,0.0
2.38,0.6591849782038308,0.0,0.0283380664797358,0.0,-0.4500206648236295,0.0
2.382,0.65924075055031,0.0,0.02743240885547349,0.0,-0.45563409288536416,0.0
2.384,0.6592947003661898,0.0,0.026515541652753716,0.0,-0.46123020413008337,0.0
2.386,0.6593468052671038,0.0,0.025587499739896713,0.0,-0.4668087639819766,0.0
2.388,0.6593970429388901,0.0,0.02464831845370785,0.0,-0.47236953853351943,0.0
2.39,0.6594453911385287,0.0,0.02369803359813205,0.0,-0.477912294553517,0.0
2.392,0.6594918276950728,0.0,0.022736681442894535,0.0,-0.48343679949510365,0.0
2.394,0.6595363305105797,0.0,0.021764298722122433,0.0,-0.4889428215037463,0.0
2.396,0.6595788775610386,0.0,0.020780922632953502,0.0,-0.49443012942519876,0.0
2.398,0.6596194468972948,0.0,0.019786590834126483,0.0,-0.4998984928134523,0.0
2.4,0.659658016645971,0.0,0.018781341444557953,0.0,-0.5053476819386454,0.0
2.402,0.6596945650103874,0.0,0.017765213041900818,0.0,-0.5107774677949672,0.0
2.404,0.6597290702714764,0.0,0.016738244661089696,0.0,-0.5161876221085182,0.0
2.406,0.6597615107886966,0.0,0.015700475792868096,0.0,-0.5215779173451632,0.0
2.408,0.6597918650009429,0.0,0.014651946382301495,0.0,-0.5269481267183452,0.0
2.41,0.659820111427453,0.0,0.01359269682727443,0.0,-0.5322980241968867,0.0
2.412,0.6598462286687121,0.0,0.012522767976972604,0.0,-0.5376273845127512,0.0
2.414,0.6598701954073533,0.0,0.01144220113034744,0.0,-0.5429359831687965,0.0
2.416,0.6598919904090573,0.0,0.010351038034567162,0.0,-0.548223596446487,0.0
2.418,0.6599115925234449,0.0,0.009249320883452705,0.0,-0.5534900014135873,0.0
2.42,0.6599289806849703,0.0,0.008137092315896599,0.0,-0.5587349759318267,0.0
2.422,0.6599441339138091,0.0,0.007014395414267238,0.0,-0.5639582986645418,0.0
2.424,0.6599570313167443,0.0,0.005881273702798728,0.0,-0.5691597490842824,0.0
2.426,0.6599676520880472,0.0,0.00473777114596402,0.0,-0.574339107480403,0.0
2.428,0.6599759755103568,0.0,0.0035839321468355556,0.0,-0.5794961549666144,0.0
2.43,0.6599819809555566,0.0,0.002419801545425704,0.0,-0.5846306734885203,0.0
2.432,0.6599856478856444,0.0,0.0012454246170196526,0.0,-0.5897424458311086,0.0
2.434,0.6599869558536029,0.0,6.084707048525928e-05,0.0,-0.5948312556262384,0.0
2.436,0.6599858845042652,0.0,-0.001133884953425257,0.0,-0.5998968873600743,0.0
2.438,0.6599824135751753,0.0,-0.002338724883793386,0.0,-0.604939126380511,0.0
2.44,0.659976522897449,0.0,-0.0035536257212634426,0.0,-0.6099577589045548,0.0
2.442,0.6599681923966269,0.0,-0.004778540039790002,0.0,-0.6149525720256885,0.0
2.444,0.6599574020935269,0.0,-0.0060134199883959405,0.0,-0.6199233537211941,0.0
2.446,0.6599441321050933,0.0,-0.007258217292949842,0.0,-0.6248698928594605,0.0
2.448,0.6599283626452391,0.0,-0.008512883257953352,0.0,-0.6297919792072456,0.0
2.45,0.6599100740256886,0.0,-0.009777368768346673,0.0,-0.6346894034369233,0.0
2.452,0.6598892466568149,0.0,-0.011051624291325668,0.0,-0.6395619571336855,0.0
2.454,0.6598658610484716,0.0,-0.012335599878175563,0.0,-0.6444094328027292,0.0
2.456,0.6598398978108254,0.0,-0.013629245166118742,0.0,-0.6492316238764004,0.0
2.458,0.6598113376551806,0.0,-0.014932509380174652,0.0,-0.6540283247213119,0.0
2.46,0.6597801613948018,0.0,-0.01624534133503569,0.0,-0.6587993306454281,0.0
2.462,0.6597463499457334,0.0,-0.017567689436958633,0.0,-0.6635444379051239,0.0
2.464,0.6597098843276137,0.0,-0.01889950168566612,0.0,-0.6682634437122019,0.0
2.466,0.659670745664487,0.0,-0.020240725676266946,0.0,-0.6729561462408895,0.0
2.468,0.6596289151856102,0.0,-0.02159130860118491,0.0,-0.6776223446347907,0.0
2.47,0.6595843742262563,0.0,-0.02295119725210787,0.0,-0.6822618390138206,0.0
2.472,0.6595371042285137,0.0,-0.024320338021943833,0.0,-0.6868744304810892,0.0
2.474,0.659487086742083,0.0,-0.025698676906797613,0.0,-0.6914599211297735,0.0
2.476,0.6594343034250669,0.0,-0.0270861595079549,0.0,-0.6960181140499363,0.0
2.478,0.6593787360447593,0.0,-0.028482731033884934,0.0,-0.7005488133353267,0.0
2.48,0.6593203664784276,0.0,-0.02988833630225307,0.0,-0.7050518240901367,0.0
2.482,0.6592591767140941,0.0,-0.03130291974194982,0.0,-0.7095269524357328,0.0
2.484,0.659195148851309,0.0,-0.032726425395130654,0.0,-0.7139740055173456,0.0
2.486,0.6591282651019242,0.0,-0.034158796919270595,0.0,-0.7183927915107315,0.0
2.488,0.6590585077908597,0.0,-0.035599977589233334,0.0,-0.7227831196287967,0.0
2.49,0.6589858593568656,0.0,-0.03704991029935034,0.0,-0.727144800128188,0.0
2.492,0.6589103023532833,0.0,-0.03850853756551503,0.0,-0.7314776443158453,0.0
2.494,0.6588318194487983,0.0,-0.039975801527291466,0.0,-0.7357814645555274,0.0
2.496,0.658750393428192,0.0,-0.041451643950032646,0.0,-0.7400560742742914,0.0
2.498,0.658666007193087,0.0,-0.042936006227015266,0.0,-0.7443012879689482,0.0
2.5,0.6585786437626905,0.0,-0.0444288293815836,0.0,-0.7485169212124698,0.0
2.5020000000000002,0.6584882862745304,0.0,-0.045930054069310444,0.0,-0.7527027906603738,0.0
2.504,0.6583949179851897,0.0,-0.0474396205801666,0.0,-0.7568587140570607,0.0
2.5060000000000002,0.6582985222710354,0.0,-0.048957468840706786,0.0,-0.7609845102421235,0.0
2.508,0.6581990826289423,0.0,-0.050483538416263296,0.0,-0.7650799991566095,0.0
2.5100000000000002,0.6580965826770149,0.0,-0.05201776851316037,0.0,-0.7691450018492674,0.0
2.512,0.6579910061553013,0.0,-0.05356009798092953,0.0,-0.7731793404827233,0.0
2.5140000000000002,0.6578823369265059,0.0,-0.05511046531454855,0.0,-0.7771828383396578,0.0
2.516,0.6577705589766961,0.0,-0.056668808656684444,0.0,-0.7811553198289134,0.0
2.5180000000000002,0.6576556564160041,0.0,-0.058235065799954355,0.0,-0.7850966104915876,0.0
2.52,0.6575376134793248,0.0,-0.059809174189194125,0.0,-0.7890065370070716,0.0
2.5220000000000002,0.6574164145270095,0.0,-0.06139107092374135,0.0,-0.792884927199063,0.0
2.524,0.6572920440455545,0.0,-0.06298069275973156,0.0,-0.7967316100415341,0.0
2.5260000000000002,0.6571644866482852,0.0,-0.0645779761124024,0.0,-0.8005464156646644,0.0
2.528,0.6570337270760352,0.0,-0.06618285705841276,0.0,-0.8043291753607289,0.0
2.5300000000000002,0.6568997501978218,0.0,-0.06779527133817481,0.0,-0.808079721589963,0.0
2.532,0.6567625410115152,0.0,-0.06941515435819134,0.0,-0.8117978879863645,0.0
2.5340000000000003,0.6566220846445048,0.0,-0.0710424411934143,0.0,-0.815483509363482,0.0
2.536,0.6564783663543601,0.0,-0.07267706658960515,0.0,-0.8191364217201438,0.0
2.5380000000000003,0.656331371529486,0.0,-0.07431896496571433,0.0,-0.8227564622461612,0.0
2.54,0.6561810856897738,0.0,-0.07596807041626685,0.0,-0.8263434693279814,0.0
2.5420000000000003,0.6560274944872491,0.0,-0.07762431671376252,0.0,-0.8298972825543112,0.0
2.544,0.6558705837067118,0.0,-0.0792876373110844,0.0,-0.8334177427216896,0.0
2.5460000000000003,0.6557103392663741,0.0,-0.08095796534392302,0.0,-0.8369046918400322,0.0
2.548,0.6555467472184917,0.0,-0.08263523363320391,0.0,-0.8403579731381199,0.0
2.5500000000000003,0.655379793749991,0.0,-0.0843193746875367,0.0,-0.8437774310690679,0.0
2.552,0.6552094651830921,0.0,-0.08601032070566328,0.0,-0.8471629113157296,0.0
2.5540000000000003,0.655035747975925,0.0,-0.08770800357892788,0.0,-0.8505142607960823,0.0
2.556,0.6548586287231419,0.0,-0.08941235489374816,0.0,-0.8538313276685536,0.0
2.5580000000000003,0.6546780941565261,0.0,-0.09112330593410495,0.0,-0.8571139613373214,0.0
2.56,0.6544941311455925,0.0,-0.09284078768403681,0.0,-0.8603620124575597,0.0
2.562,0.6543067266981859,0.0,-0.09456473083014855,0.0,-0.8635753329406527,0.0
2.564,0.6541158679610736,0.0,-0.0962950657641285,0.0,-0.866753775959362,0.0
2.566,0.6539215422205316,0.0,-0.09803172258527448,0.0,-0.8698971959529495,0.0
2.568,0.6537237369029282,0.0,-0.09977463110303542,0.0,-0.8730054486322677,0.0
2.57,0.6535224395753007,0.0,-0.10152372083955735,0.0,-0.8760783909847973,0.0
2.572,0.6533176379459263,0.0,-0.10327892103224134,0.0,-0.8791158812796482,0.0
2.574,0.6531093198648913,0.0,-0.10504016063631255,0.0,-0.8821177790725139,0.0
2.576,0.6528974733246503,0.0,-0.10680736832739962,0.0,-0.885083945210591,0.0
2.578,0.6526820864605852,0.0,-0.10858047250411867,0.0,-0.8880142418374438,0.0
2.58,0.6524631475515544,0.0,-0.11035940129067567,0.0,-0.8909085323978381,0.0
2.582,0.6522406450204414,0.0,-0.11214408253947011,0.0,-0.8937666816425218,0.0
2.584,0.6520145674346938,0.0,-0.11393444383371393,0.0,-0.8965885556329694,0.0
2.586,0.6517849035068595,0.0,-0.11573041249005456,0.0,-0.8993740217460751,0.0
2.588,0.6515516420951177,0.0,-0.11753191556121473,0.0,-0.9021229486788136,0.0
2.59,0.6513147722038045,0.0,-0.11933887983863406,0.0,-0.9048352064528449,0.0
2.592,0.6510742829839317,0.0,-0.12115123185512522,0.0,-0.907510666419084,0.0
2.594,0.6508301637337014,0.0,-0.12296889788753251,0.0,-0.910149201262217,0.0
2.596,0.6505824038990162,0.0,-0.12479180395941042,0.0,-0.9127506850051872,0.0
2.598,0.6503309930739831,0.0,-0.12661987584369994,0.0,-0.9153149930136222,0.0
2.6,0.6500759210014111,0.0,-0.1284530390654205,0.0,-0.917842002000226,0.0
2.602,0.6498171775733046,0.0,-0.13029121890436574,0.0,-0.920331590029118,0.0
2.604,0.6495547528313518,0.0,-0.13213434039781446,0.0,-0.9227836365201378,0.0
2.606,0.6492886369674068,0.0,-0.13398232834324397,0.0,-0.9251980222530958,0.0
2.608,0.6490188203239654,0.0,-0.13583510730105386,0.0,-0.9275746293719805,0.0
2.61,0.6487452933946384,0.0,-0.1376926015973,0.0,-0.9299133413891258,0.0
2.612,0.6484680468246161,0.0,-0.13955473532643564,0.0,-0.9322140431893273,0.0
2.614,0.6481870714111287,0.0,-0.14142143235405685,0.0,-0.9344766210339095,0.0
2.616,0.6479023581039027,0.0,-0.14329261631966442,0.0,-0.9367009625647627,0.0
2.618,0.6476138980056091,0.0,-0.14516821063942642,0.0,-0.938886956808314,0.0
2.62,0.6473216823723071,0.0,-0.1470481385089519,0.0,-0.9410344941794682,0.0
2.622,0.6470257026138834,0.0,-0.14893232290607006,0.0,-0.9431434664854917,0.0
2.624,0.6467259502944843,0.0,-0.1508206865936213,0.0,-0.9452137669298586,0.0
2.626,0.6464224171329436,0.0,-0.15271315212225245,0.0,-0.9472452901160449,0.0
2.628,0.6461150950032026,0.0,-0.15460964183322082,0.0,-0.9492379320512794,0.0
2.63,0.645803975934728,0.0,-0.15651007786120216,0.0,-0.9511915901502405,0.0
2.632,0.6454890521129212,0.0,-0.15841438213711642,0.0,-0.9531061632387234,0.0
2.634,0.6451703158795232,0.0,-0.16032247639094555,0.0,-0.954981551557238,0.0
2.636,0.6448477597330134,0.0,-0.16223428215457297,0.0,-0.9568176567645782,0.0
2.638,0.6445213763290032,0.0,-0.16414972076461865,0.0,-0.9586143819413333,0.0
2.64,0.6441911584806236,0.0,-0.16606871336528983,0.0,-0.9603716315933579,0.0
2.642,0.6438570991589077,0.0,-0.1679911809112336,0.0,-0.9620893116551927,0.0
2.644,0.6435191914931657,0.0,-0.16991704417039646,0.0,-0.9637673294934337,0.0
2.646,0.6431774287713571,0.0,-0.17184622372689393,0.0,-0.965405593910063,0.0
2.648,0.6428318044404538,0.0,-0.1737786399838841,0.0,-0.9670040151457233,0.0
2.65,0.6424823121068006,0.0,-0.1757142131664458,0.0,-0.9685625048829478,0.0
2.652,0.6421289455364673,0.0,-0.17765286332447,0.0,-0.970080976249345,0.0
2.654,0.6417716986555969,0.0,-0.17959451033554782,0.0,-0.9715593438207286,0.0
2.656,0.6414105655507474,0.0,-0.18153907390787538,0.0,-0.9729975236242093,0.0
2.658,0.6410455404692266,0.0,-0.18348647358315465,0.0,-0.9743954331412259,0.0
2.66,0.6406766178194236,0.0,-0.1854366287395091,0.0,-0.9757529913105396,0.0
2.662,0.6403037921711325,0.0,-0.1873894585943982,0.0,-0.9770701185311752,0.0
2.664,0.6399270582558705,0.0,-0.1893448822075436,0.0,-0.9783467366653112,0.0
2.666,0.6395464109671903,0.0,-0.1913028184838547,0.0,-0.9795827690411236,0.0
2.668,0.6391618453609875,0.0,-0.19326318617636795,0.0,-0.9807781404555853,0.0
2.67,0.6387733566558014,0.0,-0.19522590388918204,0.0,-0.9819327771772073,0.0
2.672,0.6383809402331088,0.0,-0.19719089008041066,0.0,-0.9830466069487422,0.0
2.674,0.6379845916376143,0.0,-0.19915806306512437,0.0,-0.9841195589898264,0.0
2.676,0.6375843065775328,0.0,-0.2011273410183158,0.0,-0.9851515639995856,0.0
2.678,0.6371800809248672,0.0,-0.2030986419778564,0.0,-0.9861425541591828,0.0
2.68,0.6367719107156784,0.0,-0.20507188384746333,0.0,-0.9870924631343188,0.0
2.682,0.6363597921503527,0.0,-0.20704698439967234,0.0,-0.9880012260776858,0.0
2.684,0.6359437215938589,0.0,-0.20902386127881412,0.0,-0.9888687796313702,0.0
2.686,0.6355236955760041,0.0,-0.2110024320039943,0.0,-0.9896950619292044,0.0
2.688,0.6350997107916785,0.0,-0.2129826139720796,0.0,-0.990480012599071,0.0
2.69,0.6346717641010995,0.0,-0.2149643244606876,0.0,-0.9912235727651567,0.0
2.692,0.6342398525300453,0.0,-0.21694748063118632,0.0,-0.9919256850501588,0.0
2.694,0.6338039732700856,0.0,-0.21893199953168377,0.0,-0.9925862935774348,0.0
2.696,0.6333641236788043,0.0,-0.2209177981000411,0.0,-0.9932053439731123,0.0
2.698,0.6329203012800175,0.0,-0.22290479316687517,0.0,-0.9937827833681412,0.0
2.7,0.6324725037639846,0.0,-0.22489290145857177,0.0,-0.9943185604002986,0.0
2.702,0.6320207289876143,0.0,-0.22688203960029873,0.0,-0.994812625216144,0.0
2.704,0.6315649749746634,0.0,-0.2288721241190296,0.0,-0.9952649294729239,0.0
2.706,0.6311052399159303,0.0,-0.23086307144656354,0.0,-0.9956754263404263,0.0
2.708,0.6306415221694428,0.0,-0.23285479792255492,0.0,-0.9960440705027852,0.0
2.71,0.6301738202606388,0.0,-0.23484721979753784,0.0,-0.9963708181602324,0.0
2.712,0.6297021328825418,0.0,-0.2368402532359703,0.0,-0.9966556270308059,0.0
2.714,0.62922645889593,0.0,-0.23883381431926154,0.0,-0.9968984563519974,0.0
2.716,0.6287467973294989,0.0,-0.24082781904881745,0.0,-0.9970992668823586,0.0
2.718,0.6282631473800192,0.0,-0.24282218334908373,0.0,-0.9972580209030526,0.0
2.72,0.6277755084124866,0.0,-0.24481682307059235,0.0,-0.9973746822193544,0.0
2.722,0.6272838799602681,0.0,-0.24681165399301153,0.0,-0.9974492161621045,0.0
2.724,0.626788261725238,0.0,-0.24880659182819656,0.0,-0.997481589589104,0.0
2.726,0.626288653577914,0.0,-0.2508015522232473,0.0,-0.9974717708864713,0.0
2.728,0.6257850555575803,0.0,-0.2527964507635664,0.0,-0.9974197299699347,0.0
2.73,0.6252774678724106,0.0,-0.2547912029759148,0.0,-0.9973254382860826,0.0
2.732,0.6247658908995799,0.0,-0.25678572433148383,0.0,-0.9971888688135617,0.0
2.734,0.6242503251853755,0.0,-0.2587799302489506,0.0,-0.9970099960642218,0.0
2.736,0.6237307714452958,0.0,-0.26077373609755294,0.0,-0.9967887960842114,0.0
2.738,0.6232072305641484,0.0,-0.2627670572001539,0.0,-0.9965252464550214,0.0
2.74,0.6226797035961384,0.0,-0.2647598088363176,0.0,-0.9962193262944794,0.0
2.742,0.6221481917649536,0.0,-0.26675190624537976,0.0,-0.995871016257691,0.0
2.744,0.6216126964638395,0.0,-0.26874326462952564,0.0,-0.9954802985379325,0.0
2.746,0.6210732192556727,0.0,-0.2707337991568636,0.0,-0.9950471568674877,0.0
2.748,0.6205297618730244,0.0,-0.2727234249645091,0.0,-0.99457157651844,0.0
2.75,0.6199823262182212,0.0,-0.2747120571616593,0.0,-0.9940535443034093,0.0
2.7520000000000002,0.6194309143633949,0.0,-0.27669961083268046,0.0,-0.9934930485762364,0.0
2.754,0.6188755285505323,0.0,-0.27868600104018587,0.0,-0.9928900792326212,0.0
2.7560000000000002,0.6183161711915135,0.0,-0.2806711428281241,0.0,-0.9922446277107047,0.0
2.758,0.6177528448681471,0.0,-0.28265495122486295,0.0,-0.9915566869916036,0.0
2.7600000000000002,0.6171855523321974,0.0,-0.2846373412462746,0.0,-0.9908262515998884,0.0
2.762,0.6166142965054077,0.0,-0.28661822789882513,0.0,-0.9900533176040185,0.0
2.7640000000000002,0.6160390804795146,0.0,-0.2885975261826622,0.0,-0.9892378826167163,0.0
2.766,0.6154599075162583,0.0,-0.29057515109470167,0.0,-0.9883799457952978,0.0
2.7680000000000002,0.6148767810473857,0.0,-0.29255101763172114,0.0,-0.9874795078419468,0.0
2.77,0.6142897046746483,0.0,-0.2945250407934455,0.0,-0.9865365710039422,0.0
2.7720000000000002,0.6136986821697918,0.0,-0.29649713558564134,0.0,-0.9855511390738281,0.0
2.774,0.6131037174745425,0.0,-0.2984672170232037,0.0,-0.9845232173895386,0.0
2.7760000000000002,0.6125048147005844,0.0,-0.30043520013325087,0.0,-0.9834528128344671,0.0
2.778,0.6119019781295332,0.0,-0.30240099995821235,0.0,-0.9823399338374865,0.0
2.7800000000000002,0.6112952122129016,0.0,-0.3043645315589216,0.0,-0.9811845903729164,0.0
2.782,0.6106845215720593,0.0,-0.3063257100177045,0.0,-0.9799867939604399,0.0
2.7840000000000003,0.610069910998188,0.0,-0.3082844504414733,0.0,-0.9787465576649677,0.0
2.786,0.6094513854522278,0.0,-0.31024066796481437,0.0,-0.9774638960964543,0.0
2.7880000000000003,0.6088289500648195,0.0,-0.31219427775307995,0.0,-0.976138825409658,0.0
2.79,0.6082026101362403,0.0,-0.3141451950054732,0.0,-0.9747713633038528,0.0
2.7920000000000003,0.6075723711363317,0.0,-0.3160933349581437,0.0,-0.9733615290224876,0.0
2.794,0.6069382387044244,0.0,-0.3180386128872702,0.0,-0.9719093433527956,0.0
2.7960000000000003,0.6063002186492532,0.0,-0.3199809441121488,0.0,-0.9704148286253489,0.0
2.798,0.6056583169488694,0.0,-0.3219202439982807,0.0,-0.9688780087135674,0.0
2.8000000000000003,0.6050125397505438,0.0,-0.32385642796045655,0.0,-0.9672989090331687,0.0
2.802,0.6043628933706666,0.0,-0.3257894114658385,0.0,-0.9656775565415756,0.0
2.8040000000000003,0.6037093842946378,0.0,-0.3277191100370464,0.0,-0.964013979737264,0.0
2.806,0.6030520191767552,0.0,-0.3296454392552369,0.0,-0.9623082086590653,0.0
2.8080000000000003,0.6023908048400919,0.0,-0.3315683147631855,0.0,-0.9605602748854145,0.0
2.81,0.6017257482763725,0.0,-0.33348765226835964,0.0,-0.9587702115335492,0.0
2.8120000000000003,0.6010568566458383,0.0,-0.3354033675460031,0.0,-0.9569380532586536,0.0
2.814,0.6003841372771108,0.0,-0.3373153764422058,0.0,-0.9550638362529584,0.0
2.816,0.5997075976670457,0.0,-0.3392235948769792,0.0,-0.9531475982447808,0.0
2.818,0.5990272454805812,0.0,-0.34112793884732495,0.0,-0.9511893784975178,0.0
2.82,0.5983430885505832,0.0,-0.34302832443030706,0.0,-0.9491892178085932,0.0
2.822,0.5976551348776799,0.0,-0.34492466778611736,0.0,-0.9471471585083424,0.0
2.824,0.5969633926300946,0.0,-0.3468168851611404,0.0,-0.9450632444588567,0.0
2.826,0.5962678701434676,0.0,-0.34870489289101453,0.0,-0.9429375210527691,0.0
2.828,0.5955685759206774,0.0,-0.350588607403694,0.0,-0.940770035211995,0.0
2.83,0.5948655186316509,0.0,-0.35246794522250546,0.0,-0.9385608353864174,0.0
2.832,0.594158707113171,0.0,-0.3543428229692008,0.0,-0.9363099715525238,0.0
2.834,0.5934481503686756,0.0,-0.35621315736701076,0.0,-0.9340174952119917,0.0
2.836,0.5927338575680527,0.0,-0.3580788652436933,0.0,-0.9316834593902239,0.0
2.838,0.5920158380474273,0.0,-0.3599398635345817,0.0,-0.9293079186348288,0.0
2.84,0.5912941013089434,0.0,-0.3617960692856225,0.0,-0.9268909290140575,0.0
2.842,0.5905686570205407,0.0,-0.36364739965641896,0.0,-0.9244325481151849,0.0
2.844,0.5898395150157231,0.0,-0.36549377192326743,0.0,-0.9219328350428413,0.0
2.846,0.5891066852933223,0.0,-0.36733510348218845,0.0,-0.9193918504172928,0.0
2.848,0.5883701780172566,0.0,-0.36917131185195656,0.0,-0.9168096563726744,0.0
2.85,0.5876300035162805,0.0,-0.3710023146771295,0.0,-0.9141863165551661,0.0
2.852,0.5868861722837319,0.0,-0.37282802973106666,0.0,-0.911521896121129,0.0
2.854,0.5861386949772698,0.0,-0.3746483749189465,0.0,-0.9088164617351786,0.0
2.856,0.5853875824186098,0.0,-0.3764632682807857,0.0,-0.9060700815682192,0.0
2.858,0.5846328455932486,0.0,-0.37827262799444794,0.0,-0.9032828252954183,0.0
2.86,0.5838744956501883,0.0,-0.38007637237864905,0.0,-0.9004547640941398,0.0
2.862,0.5831125439016487,0.0,-0.38187441989595783,0.0,-0.8975859706418197,0.0
2.864,0.5823470018227792,0.0,-0.38366668915579943,0.0,-0.8946765191137982,0.0
2.866,0.5815778810513609,0.0,-0.385453098917444,0.0,-0.8917264851810945,0.0
2.868,0.5808051933875038,0.0,-0.3872335680929968,0.0,-0.8887359460081401,0.0
2.87,0.5800289507933379,0.0,-0.38900801575038607,0.0,-0.885704980250453,0.0
2.872,0.5792491653927,0.0,-0.3907763611163387,0.0,-0.8826336680522722,0.0
2.874,0.5784658494708115,0.0,-0.39253852357935626,0.0,-0.8795220910441353,0.0
2.876,0.577679015473953,0.0,-0.3942944226926849,0.0,-0.8763703323404091,0.0
2.878,0.5768886760091303,0.0,-0.3960439781772851,0.0,-0.8731784765367663,0.0
2.88,0.5760948438437389,0.0,-0.3977871099247823,0.0,-0.8699466097076269,0.0
2.882,0.5752975319052165,0.0,-0.3995237380004326,0.0,-0.8666748194035281,0.0
2.884,0.5744967532806946,0.0,-0.40125378264606365,0.0,-0.8633631946484644,0.0
2.886,0.5736925212166419,0.0,-0.402977164283023,0.0,-0.8600118259371702,0.0
2.888,0.5728848491185032,0.0,-0.40469380351511663,0.0,-0.8566208052323532,0.0
2.89,0.5720737505503295,0.0,-0.4064036211315426,0.0,-0.8531902259618775,0.0
2.892,0.5712592392344067,0.0,-0.40810653810981523,0.0,-0.8497201830159045,0.0
2.894,0.5704413290508741,0.0,-0.40980247561869,0.0,-0.8462107727439777,0.0
2.896,0.5696200340373407,0.0,-0.4114913550210786,0.0,-0.842662092952064,0.0
2.898,0.5687953683884919,0.0,-0.41317309787695955,0.0,-0.8390742428995372,0.0
2.9,0.567967346455695,0.0,-0.4148476259462774,0.0,-0.8354473232961326,0.0
2.902,0.5671359827465938,0.0,-0.4165148611918491,0.0,-0.8317814362988248,0.0
2.904,0.5663012919247024,0.0,-0.41817472578224607,0.0,-0.8280766855086847,0.0
2.906,0.5654632888089882,0.0,-0.41982714209468464,0.0,-0.8243331759676698,0.0
2.908,0.5646219883734546,0.0,-0.4214720327179032,0.0,-0.8205510141553768,0.0
2.91,0.5637774057467122,0.0,-0.42310932045503585,0.0,-0.8167303079857353,0.0
2.912,0.5629295562115497,0.0,-0.4247389283264734,0.0,-0.8128711668036688,0.0
2.914,0.5620784552044946,0.0,-0.4263607795727256,0.0,-0.8089737013816938,0.0
2.916,0.5612241183153717,0.0,-0.4279747976572722,0.0,-0.8050380239164796,0.0
2.918,0.5603665612868521,0.0,-0.42958090626941015,0.0,-0.8010642480253514,0.0
2.92,0.5595058000140021,0.0,-0.43117902932708185,0.0,-0.7970524887427646,0.0
2.922,0.5586418505438192,0.0,-0.43276909097971994,0.0,-0.793002862516704,0.0
2.924,0.5577747290747693,0.0,-0.43435101561106043,0.0,-0.788915487205063,0.0
2.926,0.5569044519563139,0.0,-0.43592472784196207,0.0,-0.7847904820719575,0.0
2.928,0.5560310356884334,0.0,-0.43749015253321366,0.0,-0.7806279677840007,0.0
2.93,0.5551544969211439,0.0,-0.4390472147883398,0.0,-0.7764280664065262,0.0
2.932,0.5542748524540102,0.0,-0.4405958399563899,0.0,-0.7721909013997723,0.0
2.934,0.5533921192356505,0.0,-0.4421359536347234,0.0,-0.7679165976150097,0.0
2.936,0.5525063143632378,0.0,-0.44366748167179204,0.0,-0.7636052812906319,0.0
2.938,0.5516174550819949,0.0,-0.44519035016991043,0.0,-0.759257080048186,0.0
2.94,0.550725558784684,0.0,-0.44670448548800984,0.0,-0.7548721228883808,0.0
2.942,0.5498306430110897,0.0,-0.448209814244405,0.0,-0.7504505401870152,0.0
2.944,0.5489327254474996,0.0,-0.4497062633195311,0.0,-0.7459924636908939,0.0
2.946,0.548031823926175,0.0,-0.4511937598586848,0.0,-0.7414980265136759,0.0
2.948,0.5471279564248198,0.0,-0.4526722312747521,0.0,-0.736967363131686,0.0
2.95,0.546221141066042,0.0,-0.45414160525093394,0.0,-0.7324006093796709,0.0
2.952,0.5453113961168112,0.0,-0.4556018097434535,0.0,-0.7277979024465298,0.0
2.954,0.5443987399879088,0.0,-0.45705277298426245,0.0,-0.7231593808709762,0.0
2.956,0.5434831912333747,0.0,-0.45849442348373515,0.0,-0.7184851845371718,0.0
2.958,0.5425647685499466,0.0,-0.45992669003335945,0.0,-0.7137754546702999,0.0
2.96,0.5416434907764973,0.0,-0.46134950170840594,0.0,-0.7090303338321178,0.0
2.962,0.5407193768934615,0.0,-0.46276278787060643,0.0,-0.7042499659164304,0.0
2.964,0.5397924460222627,0.0,-0.46416647817080536,0.0,-0.6994344961445526,0.0
2.966,0.538862717424731,0.0,-0.46556050255161413,0.0,-0.6945840710607052,0.0
2.968,0.5379302105025178,0.0,-0.4669447912500524,0.0,-0.6896988385273775,0.0
2.97,0.536994944796503,0.0,-0.46831927480017865,0.0,-0.6847789477206339,0.0
2.972,0.5360569399862001,0.0,-0.4696838840357136,0.0,-0.6798245491253949,0.0
2.974,0.5351162158891526,0.0,-0.4710385500926523,0.0,-0.6748357945306567,0.0
2.976,0.5341727924603283,0.0,-0.4723832044118665,0.0,-0.6698128370246768,0.0
2.978,0.5332266897915049,0.0,-0.4737177787417033,0.0,-0.664755830990105,0.0
2.98,0.5322779281106557,0.0,-0.4750422051405607,0.0,-0.6596649320990965,0.0
2.982,0.531326527781323,0.0,-0.4763564159794712,0.0,-0.6545402973083416,0.0
2.984,0.5303725093019939,0.0,-0.4776603439446574,0.0,-0.6493820848540921,0.0
2.986,0.5294158933054647,0.0,-0.4789539220400908,0.0,-0.6441904542471183,0.0
2.988,0.5284567005582045,0.0,-0.48023708359003525,0.0,-0.6389655662676372,0.0
2.99,0.5274949519597107,0.0,-0.48150976224158126,0.0,-0.633707582960185,0.0
2.992,0.5265306685418627,0.0,-0.48277189196716586,0.0,-0.6284166676284642,0.0
2.994,0.5255638714682666,0.0,-0.4840234070670896,0.0,-0.6230929848301334,0.0
2.996,0.5245945820335984,0.0,-0.4852642421720178,0.0,-0.6177367003715639,0.0
2.998,0.52362282166294,0.0,-0.4864943322454753,0.0,-0.612347981302542,0.0
3.0,0.5226486119111124,0.0,-0.4877136125863195,0.0,-0.6069269959109569,0.0
3.0020000000000002,0.5216719744619998,0.0,-0.488922018831223,0.0,-0.6014739137174043,0.0
3.004,0.5206929311278744,0.0,-0.4901194869571265,0.0,-0.595988905469793,0.0
3.0060000000000002,0.5197115038487117,0.0,-0.4913059532836862,0.0,-0.5904721431378781,0.0
3.008,0.5187277146915038,0.0,-0.49248135447571817,0.0,-0.584923799907771,0.0
3.0100000000000002,0.5177415858495649,0.0,-0.49364562754562213,0.0,-0.5793440501763929,0.0
3.012,0.5167531396418356,0.0,-0.49479870985579827,0.0,-0.5737330695459084,0.0
3.0140000000000002,0.5157623985121794,0.0,-0.4959405391210484,0.0,-0.568091034818099,0.0
3.016,0.5147693850286764,0.0,-0.4970710534109758,0.0,-0.5624181239887065,0.0
3.0180000000000002,0.513774121882909,0.0,-0.4981901911523657,0.0,-0.5567145162417269,0.0
3.02,0.5127766318892496,0.0,-0.4992978911315497,0.0,-0.5509803919436871,0.0
3.0220000000000002,0.5117769379841338,0.0,-0.5003940924967751,0.0,-0.5452159326378434,0.0
3.024,0.5107750632253383,0.0,-0.501478734760546,0.0,-0.5394213210383786,0.0
3.0260000000000002,0.5097710307912481,0.0,-0.5025517578019605,0.0,-0.5335967410245375,0.0
3.028,0.5087648639801217,0.0,-0.5036131018690344,0.0,-0.5277423776347294,0.0
3.0300000000000002,0.5077565862093504,0.0,-0.5046627075810171,0.0,-0.5218584170605853,0.0
3.032,0.5067462210147141,0.0,-0.5057005159306878,0.0,-0.5159450466409906,0.0
3.0340000000000003,0.5057337920496318,0.0,-0.506726468286646,0.0,-0.5100024548560643,0.0
3.036,0.5047193230844074,0.0,-0.5077405063955867,0.0,-0.5040308313211086,0.0
3.0380000000000003,0.5037028380054711,0.0,-0.5087425723845684,0.0,-0.49803036678050616,0.0
3.04,0.5026843608146179,0.0,-0.509732608763259,0.0,-0.4920012531016117,0.0
3.0420000000000003,0.5016639156282373,0.0,-0.5107105584261806,0.0,-0.4859436832685563,0.0
3.044,0.5006415266765444,0.0,-0.5116763646549357,0.0,-0.4798578513760625,0.0
3.0460000000000003,0.4996172183028016,0.0,-0.5126299711204201,0.0,-0.4737439526231908,0.0
3.048,0.4985910149625389,0.0,-0.5135713218850284,0.0,-0.46760218330706205,0.0
3.0500000000000003,0.497562941222767,0.0,-0.5145003614048411,0.0,-0.4614327408165315,0.0
3.052,0.4965330217611901,0.0,-0.5154170345318039,0.0,-0.45523582362584514,0.0
3.0540000000000003,0.4955012813654105,0.0,-0.5163212865158899,0.0,-0.44901163128823895,0.0
3.056,0.4944677449321308,0.0,-0.5172130630072521,0.0,-0.4427603644295153,0.0
3.0580000000000003,0.49343243746635046,0.0,-0.518092310058365,0.0,-0.4364822247415655,0.0
3.06,0.4923953840805618,0.0,-0.5189589741261432,0.0,-0.4301774149758928,0.0
3.0620000000000003,0.49135660999393505,0.0,-0.5198130020740629,0.0,-0.42384613893704504,0.0
3.064,0.49031614053150646,0.0,-0.520654341174254,0.0,-0.4174886014760646,0.0
3.0660000000000003,0.489274001123357,0.0,-0.5214829391095901,0.0,-0.41110500848386944,0.0
3.068,0.4882302173037903,0.0,-0.5222987439757614,0.0,-0.4046955668846126,0.0
3.0700000000000003,0.48718481471050246,0.0,-0.5231017042833347,0.0,-0.3982604846289943,0.0
3.072,0.48613781908375353,0.0,-0.5238917689597979,0.0,-0.39179997068756256,0.0
3.074,0.48508925626552934,0.0,-0.5246688873515942,0.0,-0.3853142350439549,0.0
3.076,0.4840391521987015,0.0,-0.5254330092261434,0.0,-0.37880348868811087,0.0
3.078,0.4829875329261853,0.0,-0.5261840847738433,0.0,-0.37226794360946625,0.0
3.08,0.4819344245900899,0.0,-0.5269220646100654,0.0,-0.3657078127900937,0.0
3.082,0.4808798534308676,0.0,-0.5276468997771325,0.0,-0.35912331019781996,0.0
3.084,0.47982384578645604,0.0,-0.5283585417462848,0.0,-0.3525146507792978,0.0
3.086,0.47876642809142245,0.0,-0.5290569424196238,0.0,-0.34588205045307596,0.0
3.088,0.4777076268760948,0.0,-0.5297420541320589,0.0,-0.3392257261025843,0.0
3.09,0.47664746876569797,0.0,-0.5304138296532243,0.0,-0.3325458955691374,0.0
3.092,0.4755859804794813,0.0,-0.5310722221893878,0.0,-0.32584277764487446,0.0
3.094,0.4745231888298438,0.0,-0.5317171853853462,0.0,-0.31911659206567844,0.0
3.096,0.47345912072145335,0.0,-0.5323486733263075,0.0,-0.31236755950405193,0.0
3.098,0.4723938031503667,0.0,-0.5329666405397548,0.0,-0.3055959015619817,0.0
3.1,0.4713272632031413,0.0,-0.5335710419972982,0.0,-0.29880184076375005,0.0
3.102,0.47025952805594645,0.0,-0.5341618331165118,0.0,-0.2919856005487286,0.0
3.104,0.46919062497366726,0.0,-0.5347389697627599,0.0,-0.2851474052641233,0.0
3.106,0.4681205813090108,0.0,-0.535302408251001,0.0,-0.27828748015772564,0.0
3.108,0.46704942450160114,0.0,-0.535852105347584,0.0,-0.27140605137057705,0.0
3.11,0.4659771820770785,0.0,-0.5363880182720279,0.0,-0.2645033459296563,0.0
3.112,0.46490388164618834,0.0,-0.5369101046987848,0.0,-0.2575795917405046,0.0
3.114,0.4638295509038714,0.0,-0.5374183227589897,0.0,-0.2506350175798334,0.0
3.116,0.46275421762834734,0.0,-0.5379126310421971,0.0,-0.24366985308808808,0.0
3.118,0.4616779096801977,0.0,-0.5383929885981001,0.0,-0.2366843287620084,0.0
3.12,0.4606006550014423,0.0,-0.5388593549382343,0.0,-0.2296786759471321,0.0
3.122,0.4595224816146156,0.0,-0.5393116900376688,0.0,-0.22265312683028649,0.0
3.124,0.4584434176218356,0.0,-0.5397499543366828,0.0,-0.21560791443203342,0.0
3.126,0.45736349120387465,0.0,-0.5401741087424221,0.0,-0.2085432725991223,0.0
3.128,0.45628273061922153,0.0,-0.5405841146305482,0.0,-0.20145943599685778,0.0
3.13,0.4552011642031441,0.0,-0.5409799338468635,0.0,-0.19435664010149667,0.0
3.132,0.4541188203667472,0.0,-0.5413615287089275,0.0,-0.18723512119257868,0.0
3.134,0.45303572759602806,0.0,-0.5417288620076568,0.0,-0.18009511634524789,0.0
3.136,0.4519519144509257,0.0,-0.5420818970089074,0.0,-0.17293686342253045,0.0
3.138,0.45086740956437293,0.0,-0.542420597455042,0.0,-0.16576060106760981,0.0
3.14,0.44978224164133934,0.0,-0.5427449275664831,0.0,-0.15856656869605223,0.0
3.142,0.44869643945787396,0.0,-0.5430548520432521,0.0,-0.15135500648801326,0.0
3.144,0.4476100318601459,0.0,-0.543350336066486,0.0,-0.1441261553804224,0.0
3.146,0.44652304776347873,0.0,-0.5436313452999477,0.0,-0.13688025705913576,0.0
3.148,0.44543551615138505,0.0,-0.5438978458915144,0.0,-0.12961755395105812,0.0
3.15,0.44434746607459585,0.0,-0.5441498044746518,0.0,-0.12233828921625656,0.0
3.152,0.44325892665008904,0.0,-0.5443871881698696,0.0,-0.1150427067400317,0.0
3.154,0.4421699270601134,0.0,-0.5446099645861696,0.0,-0.1077310511249715,0.0
3.156,0.44108049655120873,0.0,-0.5448181018224691,0.0,-0.10040356768296876,0.0
3.158,0.43999066443322754,0.0,-0.5450115684690107,0.0,-0.09306050242723929,0.0
3.16,0.43890046007834815,0.0,-0.545190333608758,0.0,-0.08570210206428841,0.0
3.162,0.4378099129200899,0.0,-0.5453543668187757,0.0,-0.07832861398586721,0.0
3.164,0.43671905245232207,0.0,-0.5455036381715893,0.0,-0.07094028626090243,0.0
3.166,0.4356279082282734,0.0,-0.5456381182365322,0.0,-0.06353736762740458,0.0
3.168,0.4345365098595343,0.0,-0.5457577780810775,0.0,-0.05612010748433982,0.0
3.17,0.4334448870150624,0.0,-0.54586258927215,0.0,-0.04868875588350441,0.0
3.172,0.4323530694201804,0.0,-0.5459525238774235,0.0,-0.04124356352135161,0.0
3.174,0.4312610868555748,0.0,-0.5460275544666024,0.0,-0.03378478173081001,0.0
3.176,0.43016896915628755,0.0,-0.5460876541126877,0.0,-0.026312662473063964,0.0
3.178,0.42907674621071207,0.0,-0.5461327963932243,0.0,-0.01882745832933863,0.0
3.18,0.42798444795958057,0.0,-0.54616295539153,0.0,-0.011329422492637686,0.0
3.182,0.4268921043949518,0.0,-0.546178105697917,0.0,-0.0038188087594701603,0.0
3.184,0.42579974555919575,0.0,-0.546178222410885,0.0,0.0037041284784440354,0.0
3.186,0.4247074015439767,0.0,-0.5461632811383064,0.0,0.011239134242489235,0.0
3.188,0.423615102489232,0.0,-0.5461332579985898,0.0,0.018785952975499454,0.0
3.19,0.4225228785821517,0.0,-0.5460881296218307,0.0,0.026344328550104268,0.0
3.192,0.4214307600561522,0.0,-0.5460278731509424,0.0,0.033914004277115106,0.0
3.194,0.4203387771898512,0.0,-0.5459524662427702,0.0,0.041494722913918314,0.0
3.196,0.4192469603060364,0.0,-0.5458618870691929,0.0,0.04908622667290374,0.0
3.198,0.41815533977063746,0.0,-0.5457561143182015,0.0,0.056688257229887906,0.0
3.2,0.4170639459916898,0.0,-0.545635127194965,0.0,0.06430055573257787,0.0
3.202,0.4159728094183014,0.0,-0.5454989054228776,0.0,0.07192286280904692,0.0
3.204,0.41488196053961385,0.0,-0.5453474292445903,0.0,0.07955491857622687,0.0
3.206,0.4137914298837636,0.0,-0.5451806794230246,0.0,0.08719646264841863,0.0
3.208,0.41270124801683955,0.0,-0.544998637242369,0.0,0.09484723414583207,0.0
3.21,0.4116114455418409,0.0,-0.5448012845090577,0.0,0.10250697170311995,0.0
3.212,0.4105220530976303,0.0,-0.5445886035527342,0.0,0.11017541347795312,0.0
3.214,0.40943310135788785,0.0,-0.5443605772271979,0.0,0.11785229715959888,0.0
3.216,0.4083446210300603,0.0,-0.5441171889113283,0.0,0.12553735997752968,0.0
3.218,0.40725664285431123,0.0,-0.5438584225100014,0.0,0.13323033871002732,0.0
3.22,0.4061691976024676,0.0,-0.5435842624549784,0.0,0.14093096969282326,0.0
3.222,0.4050823160769655,0.0,-0.5432946937057863,0.0,0.14863898882774723,0.0
3.224,0.4039960291097935,0.0,-0.5429897017505725,0.0,0.15635413159139022,0.0
3.226,0.4029103675614344,0.0,-0.5426692726069519,0.0,0.1640761330437852,0.0
3.228,0.40182536231980465,0.0,-0.542333392822828,0.0,0.1718047278371116,0.0
3.23,0.40074104429919566,0.0,-0.5419820494771993,0.0,0.17953965022439078,0.0
3.232,0.39965744443920803,0.0,-0.5416152301809508,0.0,0.18728063406822232,0.0
3.234,0.3985745937036887,0.0,-0.541232923077626,0.0,0.19502741284951897,0.0
3.236,0.3974925230796628,0.0,-0.540835116844181,0.0,0.202779719676272,0.0
3.238,0.39641126357626955,0.0,-0.5404218006917205,0.0,0.2105372872923021,0.0
3.24,0.39533084622369,0.0,-0.5399929643662186,0.0,0.21829984808605252,0.0
3.242,0.39425130207207765,0.0,-0.5395485981492221,0.0,0.22606713409938345,0.0
3.244,0.39317266219048724,0.0,-0.5390886928585318,0.0,0.23383887703637635,0.0
3.246,0.3920949576658015,0.0,-0.5386132398488704,0.0,0.2416148082721543,0.0
3.248,0.391018219601655,0.0,-0.5381222310125333,0.0,0.24939465886172657,0.0
3.25,0.3899424791173608,0.0,-0.5376156587800183,0.0,0.2571781595488179,0.0
3.2520000000000002,0.38886776734683137,0.0,-0.5370935161206394,0.0,0.2649650407747354,0.0
3.254,0.3877941154375024,0.0,-0.5365557965431222,0.0,0.2727550326872333,0.0
3.2560000000000002,0.3867215545492504,0.0,-0.5360024940961842,0.0,0.2805478651494065,0.0
3.258,0.38565011585331616,0.0,-0.5354336033690943,0.0,0.28834326774855357,0.0
3.2600000000000002,0.38457983053121947,0.0,-0.5348491194922127,0.0,0.29614096980511356,0.0
3.262,0.38351072977367795,0.0,-0.5342490381375213,0.0,0.3039407003815534,0.0
3.2640000000000002,0.3824428447795236,0.0,-0.533633355519126,0.0,0.3117421882913004,0.0
3.266,0.3813762067546183,0.0,-0.5330020683937468,0.0,0.31954516210767153,0.0
3.2680000000000002,0.3803108469107658,0.0,-0.5323551740611909,0.0,0.3273493501728259,0.0
3.27,0.37924679646462817,0.0,-0.5316926703648048,0.0,0.3351544806067014,0.0
3.2720000000000002,0.3781840866366362,0.0,-0.5310145556919094,0.0,0.3429602813159846,0.0
3.274,0.37712274864990253,0.0,-0.5303208289742182,0.0,0.350766480003075,0.0
3.2760000000000002,0.37606281372913025,0.0,-0.5296114896882361,0.0,0.35857280417507753,0.0
3.278,0.3750043130995262,0.0,-0.5288865378556431,0.0,0.36637898115275835,0.0
3.2800000000000002,0.3739472779857062,0.0,-0.5281459740436554,0.0,0.37418473807957653,0.0
3.282,0.37289173961060756,0.0,-0.527389799365372,0.0,0.3819898019306547,0.0
3.2840000000000003,0.37183772919439473,0.0,-0.5266180154801027,0.0,0.38979389952180343,0.0
3.286,0.37078527795336713,0.0,-0.5258306245936777,0.0,0.3975967575185301,0.0
3.2880000000000003,0.3697344170988647,0.0,-0.5250276294587393,0.0,0.4053981024450731,0.0
3.29,0.3686851778361766,0.0,-0.5242090333750138,0.0,0.41319766069341324,0.0
3.2920000000000003,0.36763759136344465,0.0,-0.5233748401895689,0.0,0.4209951585323208,0.0
3.294,0.36659168887056875,0.0,-0.5225250542970521,0.0,0.4287903221163911,0.0
3.2960000000000003,0.36554750153811144,0.0,-0.5216596806399051,0.0,0.4365828774951024,0.0
3.298,0.364505060536204,0.0,-0.5207787247085709,0.0,0.44437255062184067,0.0
3.3000000000000003,0.3634643970234464,0.0,-0.5198821925416731,0.0,0.4521590673629917,0.0
3.302,0.362425542145815,0.0,-0.5189700907261824,0.0,0.459942153506974,0.0
3.3040000000000003,0.36138852703556257,0.0,-0.5180424263975623,0.0,0.46772153477331635,0.0
3.306,0.3603533828101232,0.0,-0.5170992072398997,0.0,0.47549693682172495,0.0
3.3080000000000003,0.35932014057101297,0.0,-0.5161404414860137,0.0,0.4832680852611642,0.0
3.31,0.3582888314027343,0.0,-0.5151661379175488,0.0,0.4910347056589201,0.0
3.3120000000000003,0.35725948637167754,0.0,-0.5141763058650488,0.0,0.4987965235496894,0.0
3.314,0.356232136525023,0.0,-0.5131709552080134,0.0,0.5065532644446591,0.0
3.3160000000000003,0.35520681288964145,0.0,-0.5121500963749362,0.0,0.5143046538406044,0.0
3.318,0.35418354647100075,0.0,-0.511113740343323,0.0,0.5220504172289461,0.0
3.3200000000000003,0.35316236825206193,0.0,-0.5100618986396954,0.0,0.5297902801048804,0.0
3.322,0.3521433091921852,0.0,-0.5089945833395734,0.0,0.5375239679764405,0.0
3.3240000000000003,0.3511264002260304,0.0,-0.50791180706744,0.0,0.5452512063736022,0.0
3.326,0.3501116722624603,0.0,-0.5068135829966889,0.0,0.552971720857373,0.0
3.3280000000000003,0.34909915618344045,0.0,-0.5056999248495528,0.0,0.5606852370288992,0.0
3.33,0.3480888828429442,0.0,-0.504570846897016,0.0,0.5683914805385449,0.0
3.332,0.3470808830658551,0.0,-0.5034263639587029,0.0,0.5760901770949943,0.0
3.334,0.346075187646867,0.0,-0.5022664914027557,0.0,0.5837810524743585,0.0
3.336,0.3450718273493903,0.0,-0.5010912451456901,0.0,0.591463832529254,0.0
3.338,0.3440708329044537,0.0,-0.49990064165223186,0.0,0.5991382431979075,0.0
3.34,0.3430722350096095,0.0,-0.49869469793513654,0.0,0.6068040105132447,0.0
3.342,0.3420760643278341,0.0,-0.497473431554992,0.0,0.6144608606119977,0.0
3.344,0.34108235148643834,0.0,-0.4962368606200022,0.0,0.6221085197437665,0.0
3.346,0.340091127075966,0.0,-0.49498500378575044,0.0,0.6297467142801451,0.0
3.348,0.3391024216491048,0.0,-0.4937178802549468,0.0,0.6373751707237801,0.0
3.35,0.3381162657195895,0.0,-0.4924355097771583,0.0,0.6449936157174694,0.0
3.352,0.33713268976110894,0.0,-0.4911379126485194,0.0,0.6526017760532397,0.0
3.354,0.33615172420621336,0.0,-0.4898251097114212,0.0,0.6601993786814335,0.0
3.356,0.33517339944522206,0.0,-0.48849712235419057,0.0,0.6677861507197747,0.0
3.358,0.3341977458251329,0.0,-0.48715397251074266,0.0,0.6753618194624457,0.0
3.36,0.33322479364852936,0.0,-0.48579568266022277,0.0,0.6829261123891566,0.0
3.362,0.3322545731724925,0.0,-0.4844222758266187,0.0,0.690478757174217,0.0
3.364,0.33128711460751153,0.0,-0.48303377557837257,0.0,0.6980194816955724,0.0
3.366,0.33032244811639266,0.0,-0.481630206027957,0.0,0.7055480140438937,0.0
3.368,0.3293606038131756,0.0,-0.48021159183144274,0.0,0.713064082531599,0.0
3.37,0.3284016117620434,0.0,-0.47877795818804725,0.0,0.7205674157019111,0.0
3.372,0.32744550197623906,0.0,-0.47732933083966345,0.0,0.7280577423378938,0.0
3.374,0.32649230441697774,0.0,-0.4758657360703698,0.0,0.7355347914714935,0.0
3.376,0.32554204899236605,0.0,-0.4743872007059252,0.0,0.742998292392552,0.0
3.378,0.32459476555631817,0.0,-0.47289375211324264,0.0,0.7504479746578367,0.0
3.38,0.32365048390747264,0.0,-0.47138541819984864,0.0,0.757883568100052,0.0
3.382,0.32270923378811256,0.0,-0.46986222741331934,0.0,0.7653048028368556,0.0
3.384,0.3217710448830885,0.0,-0.4683242087407041,0.0,0.7727114092798312,0.0
3.386,0.32083594681873534,0.0,-0.4667713917079263,0.0,0.7801031181435176,0.0
3.388,0.3199039691617993,0.0,-0.4652038063791719,0.0,0.7874796604543631,0.0
3.39,0.3189751414183599,0.0,-0.46362148335625325,0.0,0.7948407675597142,0.0
3.392,0.3180494930327566,0.0,-0.4620244537779599,0.0,0.802186171136777,0.0
3.394,0.31712705338651387,0.0,-0.46041274931938864,0.0,0.8095156032015869,0.0
3.396,0.31620785179727046,0.0,-0.4587864021912605,0.0,0.8168287961179432,0.0
3.398,0.31529191751770963,0.0,-0.45714544513921046,0.0,0.8241254826063553,0.0
3.4,0.3143792797344886,0.0,-0.45548991144307105,0.0,0.8314053957529723,0.0
3.402,0.3134699675671695,0.0,-0.453819834916128,0.0,0.8386682690185142,0.0
3.404,0.3125640100671587,0.0,-0.45213524990436393,0.0,0.845913836247151,0.0
3.406,0.31166143621663545,0.0,-0.45043619128568185,0.0,0.8531418316754421,0.0
3.408,0.31076227492749287,0.0,-0.44872269446911267,0.0,0.8603519899411951,0.0
3.41,0.3098665550402764,0.0,-0.44699479539400266,0.0,0.8675440460923534,0.0
3.412,0.30897430532312214,0.0,-0.4452525305291846,0.0,0.8747177355958601,0.0
3.414,0.3080855544706997,0.0,-0.44349593687213074,0.0,0.8818727943465208,0.0
3.416,0.30720033110315664,0.0,-0.44172505194808914,0.0,0.8890089586758319,0.0
3.418,0.30631866376506206,0.0,-0.43993991380920044,0.0,0.8961259653608185,0.0
3.42,0.305440580924356,0.0,-0.43814056103359855,0.0,0.9032235516328476,0.0
3.422,0.30456611097129493,0.0,-0.4363270327244916,0.0,0.9103014551864459,0.0
3.424,0.30369528221740705,0.0,-0.43449936850923104,0.0,0.917359414188062,0.0
3.426,0.30282812289444017,0.0,-0.4326576085383536,0.0,0.9243971672848816,0.0
3.428,0.3019646611533204,0.0,-0.43080179348461467,0.0,0.9314144536135607,0.0
3.43,0.3011049250631059,0.0,-0.4289319645419992,0.0,0.9384110128089906,0.0
3.432,0.30024894260994694,0.0,-0.4270481634247182,0.0,0.9453865850130303,0.0
3.434,0.29939674169604613,0.0,-0.4251504323661816,0.0,0.9523409108832317,0.0
3.436,0.2985483501386202,0.0,-0.4232388141179647,0.0,0.9592737316015392,0.0
3.438,0.29770379566886596,0.0,-0.42131335194874564,0.0,0.9661847888829846,0.0
3.44,0.29686310593092763,0.0,-0.41937408964323214,0.0,0.97307382498436,0.0
3.442,0.2960263084808624,0.0,-0.41742107150106855,0.0,0.9799405827128915,0.0
3.444,0.29519343078561694,0.0,-0.4154543423357305,0.0,0.9867848054348551,0.0
3.446,0.29436450022199556,0.0,-0.41347394747339083,0.0,0.9936062370842396,0.0
3.448,0.2935395440756407,0.0,-0.4114799327517814,0.0,1.0004046221713292,0.0
3.45,0.2927185895400072,0.0,-0.4094723445190297,0.0,1.0071797057913132,0.0
3.452,0.2919016637153453,0.0,-0.40745122963248187,0.0,1.013931233632857,0.0
3.454,0.2910887936076809,0.0,-0.40541663545750417,0.0,1.020658951986672,0.0
3.456,0.29028000612780375,0.0,-0.4033686098662733,0.0,1.0273626077540434,0.0
3.458,0.28947532809025284,0.0,-0.40130720123654545,0.0,1.034041948455364,0.0
3.46,0.2886747862123067,0.0,-0.3992324584504112,0.0,1.0406967222386379,0.0
3.462,0.28787840711297613,0.0,-0.3971444308930279,0.0,1.0473266778879777,0.0
3.464,0.2870862173120016,0.0,-0.39504316845134396,0.0,1.0539315648320473,0.0
3.466,0.28629824322884667,0.0,-0.39292872151279673,0.0,1.0605111331525472,0.0
3.468,0.28551451118170135,0.0,-0.39080114096400237,0.0,1.0670651335926196,0.0
3.47,0.28473504738648536,0.0,-0.38866047818941973,0.0,1.0735933175652654,0.0
3.472,0.28395987795585154,0.0,-0.38650678507000735,0.0,1.0800954371617397,0.0
3.474,0.28318902889819564,0.0,-0.3843401139818541,0.0,1.0865712451599259,0.0
3.476,0.28242252611666774,0.0,-0.3821605177948002,0.0,1.0930204950326738,0.0
3.478,0.28166039540818516,0.0,-0.3799680498710384,0.0,1.0994429409561397,0.0
3.48,0.2809026624624503,0.0,-0.37776276406369946,0.0,1.1058383378180916,0.0
3.482,0.28014935286096826,0.0,-0.37554471471541817,0.0,1.1122064412262072,0.0
3.484,0.27940049207607276,0.0,-0.37331395665688966,0.0,1.1185470075163133,0.0
3.486,0.278656105469947,0.0,-0.3710705452054,0.0,1.1248597937606672,0.0
3.488,0.2779162182936556,0.0,-0.36881453616334925,0.0,1.1311445577761514,0.0
3.49,0.27718085568617395,0.0,-0.3665459858167516,0.0,1.1374010581324843,0.0
3.492,0.2764500426734237,0.0,-0.36426495093372235,0.0,1.143629054160395,0.0
3.494,0.2757238041673084,0.0,-0.3619714887629463,0.0,1.1498283059597871,0.0
3.496,0.2750021649647559,0.0,-0.3596656570321346,0.0,1.155998574407858,0.0
3.498,0.27428514974676016,0.0,-0.3573475139464585,0.0,1.1621396211672137,0.0
3.5,0.2735727830774298,0.0,-0.35501711818697235,0.0,1.1682512086939507,0.0
3.5020000000000002,0.27286508940303505,0.0,-0.3526745289090169,0.0,1.1743331002457291,0.0
3.504,0.2721620930510642,0.0,-0.3503198057406129,0.0,1.1803850598897847,0.0
3.5060000000000002,0.2714638182292774,0.0,-0.34795300878082497,0.0,1.1864068525109697,0.0
3.508,0.27077028902476663,0.0,-0.34557419859812877,0.0,1.1923982438197211,0.0
3.5100000000000002,0.27008152940301977,0.0,-0.3431834362287434,0.0,1.1983590003600293,0.0
3.512,0.26939756320698505,0.0,-0.34078078317496313,0.0,1.2042888895173767,0.0
3.5140000000000002,0.26871841415614195,0.0,-0.33836630140345875,0.0,1.2101876795266528,0.0
3.516,0.26804410584557364,0.0,-0.33594005334357924,0.0,1.216055139480034,0.0
3.5180000000000002,0.2673746617450431,0.0,-0.33350210188562385,0.0,1.2218910393348474,0.0
3.52,0.2667101051980734,0.0,-0.3310525103791051,0.0,1.227695149921406,0.0
3.5220000000000002,0.2660504594210313,0.0,-0.3285913426309955,0.0,1.2334672429508151,0.0
3.524,0.2653957475022124,0.0,-0.3261186629039601,0.0,1.2392070910227537,0.0
3.5260000000000002,0.26474599240093366,0.0,-0.3236345359145661,0.0,1.2449144676332349,0.0
3.528,0.2641012169466266,0.0,-0.3211390268314882,0.0,1.2505891471823198,0.0
3.5300000000000002,0.26346144383793424,0.0,-0.31863220127368985,0.0,1.256230904981827,0.0
3.532,0.26282669564181355,0.0,-0.31611412530859384,0.0,1.261839517263,0.0
3.5340000000000003,0.26219699479263847,0.0,-0.31358486545023245,0.0,1.267414761184159,0.0
3.536,0.2615723635913118,0.0,-0.3110444886573895,0.0,1.2729564148383028,0.0
3.5380000000000003,0.260952824204374,0.0,-0.3084930623317212,0.0,1.278464257260705,0.0
3.54,0.26033839866312114,0.0,-0.3059306543158657,0.0,1.2839380684364725,0.0
3.5420000000000003,0.2597291088627258,0.0,-0.30335733289153266,0.0,1.2893776293080688,0.0
3.544,0.25912497656135836,0.0,-0.3007731667775862,0.0,1.2947827217828198,0.0
3.5460000000000003,0.25852602337931585,0.0,-0.2981782251281014,0.0,1.3001531287403862,0.0
3.548,0.25793227079815395,0.0,-0.29557257753041855,0.0,1.3054886340401977,0.0
3.5500000000000003,0.2573437401598231,0.0,-0.29295629400317014,0.0,1.3107890225288639,0.0
3.552,0.25676045266580544,0.0,-0.29032944499430535,0.0,1.3160540800475617,0.0
3.5540000000000003,0.25618242937625946,0.0,-0.28769210137908746,0.0,1.3212835934393854,0.0
3.556,0.25560969120916865,0.0,-0.2850443344580868,0.0,1.326477350556658,0.0
3.5580000000000003,0.2550422589394913,0.0,-0.28238621595515345,0.0,1.3316351402682254,0.0
3.56,0.2544801531983155,0.0,-0.27971781801537826,0.0,1.336756752466717,0.0
3.5620000000000003,0.25392339447202045,0.0,-0.277039213203036,0.0,1.3418419780757662,0.0
3.564,0.2533720031014401,0.0,-0.2743504744995173,0.0,1.3468906090572048,0.0
3.5660000000000003,0.25282599928102834,0.0,-0.2716516753012443,0.0,1.3519024384182365,0.0
3.568,0.2522854030580346,0.0,-0.2689428894175748,0.0,1.3568772602185526,0.0
3.5700000000000003,0.25175023433167715,0.0,-0.26622419106868794,0.0,1.361814869577438,0.0
3.572,0.2512205128523263,0.0,-0.2634956548834598,0.0,1.3667150626808342,0.0
3.5740000000000003,0.25069625822068664,0.0,-0.26075735589731935,0.0,1.3715776367883799,0.0
3.576,0.25017748988698657,0.0,-0.25800936955010045,0.0,1.3764023902404015,0.0
3.5780000000000003,0.24966422715017408,0.0,-0.2552517716838669,0.0,1.3811891224648796,0.0
3.58,0.2491564891571112,0.0,-0.25248463854073505,0.0,1.3859376339843914,0.0
3.5820000000000003,0.24865429490177787,0.0,-0.24970804676067426,0.0,1.3906477264230008,0.0
3.584,0.2481576632244781,0.0,-0.24692207337930078,0.0,1.3953192025131285,0.0
3.586,0.24766661281105087,0.0,-0.244126795825648,0.0,1.3999518661023853,0.0
3.588,0.2471811621920855,0.0,-0.2413222919199367,0.0,1.404545522160362,0.0
3.59,0.2467013297421419,0.0,-0.23850863987132065,0.0,1.409099976785397,0.0
3.592,0.24622713367897367,0.0,-0.23568591827562024,0.0,1.4136150372113065,0.0
3.594,0.24575859206275907,0.0,-0.23285420611304958,0.0,1.41809051181407,0.0
3.596,0.24529572279533296,0.0,-0.23001358274592154,0.0,1.4225262101184903,0.0
3.598,0.24483854361942578,0.0,-0.22716412791634705,0.0,1.426921942804817,0.0
3.6,0.24438707211790428,0.0,-0.22430592174391206,0.0,1.4312775217153368,0.0
3.602,0.24394132571302343,0.0,-0.22143904472335502,0.0,1.435592759860905,0.0
3.604,0.24350132166567304,0.0,-0.21856357772221435,0.0,1.4398674714274868,0.0
3.606,0.2430670770746376,0.0,-0.21567960197847907,0.0,1.4441014717826153,0.0
3.608,0.24263860887585825,0.0,-0.21278719909821403,0.0,1.4482945774818354,0.0
3.61,0.24221593384169626,0.0,-0.2098864510531826,0.0,1.452446606275114,0.0
3.612,0.24179906858020664,0.0,-0.20697744017844438,0.0,1.4565573771132074,0.0
3.614,0.24138802953441285,0.0,-0.2040602491699547,0.0,1.4606267101539832,0.0
3.616,0.2409828329815876,0.0,-0.20113496108213913,0.0,1.4646544267687198,0.0
3.618,0.24058349503253829,0.0,-0.19820165932546402,0.0,1.4686403495483598,0.0
3.62,0.2401900316308965,0.0,-0.19526042766398521,0.0,1.472584302309734,0.0
3.622,0.23980245855241633,0.0,-0.1923113502128988,0.0,1.4764861101017202,0.0
3.624,0.23942079140427028,0.0,-0.18935451143606108,0.0,1.480345599211413,0.0
3.626,0.23904504562435674,0.0,-0.18638999614351437,0.0,1.4841625971702048,0.0
3.628,0.2386752364806114,0.0,-0.18341788948898746,0.0,1.4879369327598582,0.0
3.63,0.23831137907031993,0.0,-0.18043827696739084,0.0,1.491668436018528,0.0
3.632,0.23795348831943866,0.0,-0.17745124441229537,0.0,1.4953569382467553,0.0
3.634,0.2376015789819207,0.0,-0.17445687799340615,0.0,1.4990022720134046,0.0
3.636,0.23725566563904574,0.0,-0.17145526421401586,0.0,1.5026042711615761,0.0
3.638,0.23691576269875603,0.0,-0.16844648990845257,0.0,1.506162770814472,0.0
3.64,0.23658188439499497,0.0,-0.1654306422395101,0.0,1.5096776073812324,0.0
3.642,0.23625404478705475,0.0,-0.16240780869587979,0.0,1.513148618562707,0.0
3.644,0.235932257758927,0.0,-0.15937807708954677,0.0,1.5165756433572224,0.0
3.646,0.2356165370186571,0.0,-0.15634153555320307,0.0,1.5199585220662768,0.0
3.648,0.23530689609770736,0.0,-0.15329827253762718,0.0,1.5232970963002108,0.0
3.65,0.23500334835032216,0.0,-0.15024837680906572,0.0,1.5265912089838345,0.0
3.652,0.23470590695290053,0.0,-0.14719193744659226,0.0,1.5298407043620141,0.0
3.654,0.23441458490337239,0.0,-0.14412904383947012,0.0,1.5330454280052137,0.0
3.656,0.2341293950205811,0.0,-0.14105978568448985,0.0,1.5362052268149984,0.0
3.658,0.23385034994367185,0.0,-0.13798425298330402,0.0,1.5393199490294958,0.0
3.66,0.23357746213148303,0.0,-0.13490253603974478,0.0,1.5423894442288228,0.0
3.662,0.23331074386194575,0.0,-0.1318147254571434,0.0,1.5454135633404489,0.0
3.664,0.23305020723148687,0.0,-0.12872091213561881,0.0,1.54839215864455,0.0
3.666,0.23279586415443937,0.0,-0.12562118726937488,0.0,1.5513250837792878,0.0
3.668,0.2325477263624553,0.0,-0.12251564234397688,0.0,1.554212193746068,0.0
3.67,0.23230580540392656,0.0,-0.11940436913362024,0.0,1.5570533449147483,0.0
3.672,0.2320701126434103,0.0,-0.11628745969838555,0.0,1.5598483950288082,0.0
3.674,0.23184065926106015,0.0,-0.11316500638149052,0.0,1.5625972032104634,0.0
3.676,0.2316174562520628,0.0,-0.11003710180652476,0.0,1.5652996299657531,0.0
3.678,0.23140051442607834,0.0,-0.10690383887467991,0.0,1.5679555371895773,0.0
3.68,0.23118984440669038,0.0,-0.10376531076195922,0.0,1.5705647881706888,0.0
3.682,0.23098545663085834,0.0,-0.10062161091639799,0.0,1.5731272475966376,0.0
3.684,0.23078736134837471,0.0,-0.09747283305524701,0.0,1.5756427815586904,0.0
3.686,0.23059556862133085,0.0,-0.09431907116217053,0.0,1.5781112575566838,0.0
3.688,0.23041008832358792,0.0,-0.09116041948441889,0.0,1.5805325445038396,0.0
3.69,0.2302309301402502,0.0,-0.08799697253000016,0.0,1.5829065127315491,0.0
3.692,0.23005810356714754,0.0,-0.08482882506483502,0.0,1.5852330339940996,0.0
3.694,0.22989161791032295,0.0,-0.08165607210991083,0.0,1.587511981473354,0.0
3.696,0.2297314822855246,0.0,-0.07847880893841919,0.0,1.5897432297833975,0.0
3.698,0.2295777056177044,0.0,-0.07529713107288855,0.0,1.5919266549751316,0.0
3.7,0.22943029664052159,0.0,-0.0721111342823012,0.0,1.594062134540831,0.0
3.702,0.22928926389585527,0.0,-0.0689209145792159,0.0,1.596149547418632,0.0
3.704,0.2291546157333164,0.0,-0.06572656821685913,0.0,1.5981887739970158,0.0
3.706,0.22902636030977194,0.0,-0.06252819168623058,0.0,1.6001796961192096,0.0
3.708,0.22890450558887157,0.0,-0.05932588171318365,0.0,1.6021221970875565,0.0
3.71,0.22878905934058089,0.0,-0.056119735255505454,0.0,1.6040161616678434,0.0
3.712,0.22868002914072,0.0,-0.05290984949998184,0.0,1.6058614760935797,0.0
3.714,0.228577422370509,0.0,-0.049696321859463155,0.0,1.6076580280702266,0.0
3.716,0.22848124621611943,0.0,-0.04647924996991193,0.0,1.6094057067793788,0.0
3.718,0.22839150766822966,0.0,-0.043258731687449536,0.0,1.6111044028829131,0.0
3.72,0.22830821352158745,0.0,-0.040034865085385785,0.0,1.6127540085270782,0.0
3.722,0.22823137037458063,0.0,-0.03680774845125728,0.0,1.6143544173465345,0.0
3.724,0.22816098462880952,0.0,-0.033577480283831784,0.0,1.615905524468363,0.0
3.726,0.22809706248866754,0.0,-0.030344159290132677,0.0,1.6174072265160147,0.0
3.728,0.22803960996092912,0.0,-0.02710788438243464,0.0,1.6188594216132148,0.0
3.73,0.22798863285434182,0.0,-0.023868754675262366,0.0,1.6202620093878224,0.0
3.732,0.22794413677922323,0.0,-0.020626869482375215,0.0,1.6216148909756456,0.0
3.734,0.22790612714706712,0.0,-0.0173823283137525,0.0,1.6229179690242026,0.0
3.736,0.22787460917015379,0.0,-0.014135230872562826,0.0,1.6241711476964378,0.0
3.738,0.22784958786116713,0.0,-0.010885677052130782,0.0,1.6253743326743906,0.0
3.74,0.22783106803281566,0.0,-0.007633766932891528,0.0,1.626527431162824,0.0
3.742,0.22781905429746277,0.0,-0.004379600779351872,0.0,1.6276303518927864,0.0
3.744,0.22781355106676118,0.0,-0.001123279037020336,0.0,1.6286830051251484,0.0
3.746,0.22781456255129512,0.0,0.0021350976706458746,0.0,1.6296853026540734,0.0
3.748,0.22782209276022564,0.0,0.0053954285453139406,0.0,1.630637157810448,0.0
3.75,0.22783614550094466,0.0,0.008657612616851662,0.0,1.6315384854652666,0.0
3.7520000000000002,0.2278567243787354,0.0,0.011921548746415211,0.0,1.6323892020329596,0.0
3.754,0.22788383279643631,0.0,0.01518713562953214,0.0,1.6331892254746814,0.0
3.7560000000000002,0.2279174739541151,0.0,0.018454271799203448,0.0,1.63393847530154,0.0
3.758,0.2279576508487433,0.0,0.02172285562900267,0.0,1.6346368725777918,0.0
3.7600000000000002,0.22800436627388568,0.0,0.024992785336193424,0.0,1.6352843399239714,0.0
3.762,0.228057622819386,0.0,0.028263958984830972,0.0,1.6358808015199835,0.0
3.7640000000000002,0.22811742287106515,0.0,0.03153627448889937,0.0,1.6364261831081461,0.0
3.766,0.2281837686104261,0.0,0.03480962961542891,0.0,1.636920411996174,0.0
3.7680000000000002,0.22825666201436048,0.0,0.03808392198763352,0.0,1.6373634170601246,0.0
3.77,0.22833610485486536,0.0,0.04135904908804938,0.0,1.6377551287472887,0.0
3.7720000000000002,0.22842209869876465,0.0,0.044634908261683454,0.0,1.638095479079034,0.0
3.774,0.22851464490743742,0.0,0.04791139671915917,0.0,1.6383844016535938,0.0
3.7760000000000002,0.22861374463655298,0.0,0.051188411539876966,0.0,1.6386218316488121,0.0
3.778,0.22871939883580983,0.0,0.05446584967517282,0.0,1.6388077058248398,0.0
3.7800000000000002,0.2288316082486836,0.0,0.057743607951491915,0.0,1.6389419625267752,0.0
3.782,0.2289503734121819,0.0,0.06102158307355046,0.0,1.639024541687253,0.0
3.7840000000000003,0.22907569465660182,0.0,0.0642996716275259,0.0,1.6390553848289964,0.0
3.786,0.22920757210529644,0.0,0.06757777008422916,0.0,1.6390344350673054,0.0
3.7880000000000003,0.2293460056744485,0.0,0.0708557748022978,0.0,1.6389616371124986,0.0
3.79,0.2294909950728485,0.0,0.07413358203138606,0.0,1.6388369372723066,0.0
3.7920000000000003,0.22964253980167992,0.0,0.07741108791536572,0.0,1.6386602834542174,0.0
3.794,0.22980063915430968,0.0,0.08068818849552209,0.0,1.6384316251677657,0.0
3.7960000000000003,0.22996529221608927,0.0,0.08396477971376506,0.0,1.6381509135267691,0.0
3.798,0.23013649786415624,0.0,0.0872407574158367,0.0,1.637818101251529,0.0
3.8000000000000003,0.23031425476724546,0.0,0.09051601735453207,0.0,1.637433142670964,0.0
3.802,0.23049856138550914,0.0,0.09379045519290785,0.0,1.6369959937246956,0.0
3.8040000000000003,0.23068941597033665,0.0,0.09706396650751892,0.0,1.6365066119650948,0.0
3.806,0.2308868165641874,0.0,0.10033644679163534,0.0,1.6359649565592649,0.0
3.8080000000000003,0.23109076100042675,0.0,0.10360779145847887,0.0,1.6353709882909755,0.0
3.81,0.2313012469031691,0.0,0.10687789584445592,0.0,1.634724669562551,0.0
3.8120000000000003,0.23151827168712757,0.0,0.11014665521240084,0.0,1.6340259643967043,0.0
3.814,0.23174183255746994,0.0,0.11341396475481212,0.0,1.63327483843832,0.0
3.8160000000000003,0.2319719265096813,0.0,0.11667971959710245,0.0,1.632471258956182,0.0
3.818,0.2322085503294339,0.0,0.11994381480084705,0.0,1.6316151948446582,0.0
3.8200000000000003,0.23245170059246106,0.0,0.12320614536704012,0.0,1.630706616625329,0.0
3.822,0.2327013736644407,0.0,0.12646660623934097,0.0,1.6297454964485614,0.0
3.8240000000000003,0.23295756570088338,0.0,0.12972509230734647,0.0,1.6287318080950388,0.0
3.826,0.23322027264702755,0.0,0.13298149840984236,0.0,1.6276655269772329,0.0
3.8280000000000003,0.2334894902377411,0.0,0.13623571933807374,0.0,1.6265466301408256,0.0
3.83,0.23376521399742906,0.0,0.13948764983900974,0.0,1.6253750962660851,0.0
3.8320000000000003,0.23404743923995017,0.0,0.14273718461861956,0.0,1.6241509056691776,0.0
3.834,0.23433616106853566,0.0,0.14598421834513792,0.0,1.622874040303443,0.0
3.8360000000000003,0.23463137437571827,0.0,0.14922864565234578,0.0,1.6215444837606037,0.0
3.838,0.23493307384326767,0.0,0.15247036114284596,0.0,1.620162221271932,0.0
3.84,0.23524125394212905,0.0,0.15570925939134717,0.0,1.6187272397093637,0.0
3.842,0.23555590893237255,0.0,0.1589452349479407,0.0,1.6172395275865534,0.0
3.844,0.23587703286314612,0.0,0.16217818234138823,0.0,1.615699075059888,0.0
3.846,0.23620461957263655,0.0,0.16540799608240814,0.0,1.6141058739294392,0.0
3.848,0.23653866268803814,0.0,0.16863457066696264,0.0,1.6124599176398673,0.0
3.85,0.2368791556255235,0.0,0.1718578005795512,0.0,1.6107612012812758,0.0
3.852,0.23722609159022573,0.0,0.1750775802964964,0.0,1.6090097215900119,0.0
3.854,0.23757946357622647,0.0,0.17829380428924194,0.0,1.6072054769494062,0.0
3.856,0.23793926436654664,0.0,0.18150636702764453,0.0,1.6053484673904803,0.0
3.858,0.23830548653314879,0.0,0.18471516298327414,0.0,1.6034386945925805,0.0
3.86,0.23867812243694178,0.0,0.18792008663270476,0.0,1.601476161883976,0.0
3.862,0.23905716422779832,0.0,0.19112103246081846,0.0,1.5994608742423864,0.0
3.864,0.23944260384456853,0.0,0.1943178949641013,0.0,1.597392838295484,0.0
3.866,0.2398344330151118,0.0,0.19751056865394578,0.0,1.5952720623213157,0.0
3.868,0.24023264325632782,0.0,0.20069894805995028,0.0,1.5930985562486888,0.0
3.87,0.240637225874196,0.0,0.2038829277332243,0.0,1.5908723316575004,0.0
3.872,0.24104817196382233,0.0,0.2070624022496858,0.0,1.588593401779017,0.0
3.874,0.24146547240949223,0.0,0.2102372662133678,0.0,1.5862617814960944,0.0
3.876,0.24188911788472992,0.0,0.2134074142597195,0.0,1.5838774873433525,0.0
3.878,0.24231909885236558,0.0,0.2165727410589161,0.0,1.581440537507296,0.0
3.88,0.2427554055646058,0.0,0.2197331413191494,0.0,1.5789509518263816,0.0
3.882,0.24319802806311475,0.0,0.22288850978994793,0.0,1.576408751791032,0.0
3.884,0.2436469561791007,0.0,0.22603874126546905,0.0,1.5738139605435983,0.0
3.886,0.2441021795334068,0.0,0.22918373058780744,0.0,1.5711666028782716,0.0
3.888,0.24456368753661104,0.0,0.23232337265029696,0.0,1.5684667052409411,0.0
3.89,0.24503146938913212,0.0,0.2354575624008175,0.0,1.5657142957289973,0.0
3.892,0.24550551408134194,0.0,0.23858619484509247,0.0,1.5629094040910858,0.0
3.894,0.245985810393685,0.0,0.24170916504999468,0.0,1.5600520617268077,0.0
3.896,0.24647234689680167,0.0,0.24482636814684505,0.0,1.5571423016863708,0.0
3.898,0.24696511195166457,0.0,0.24793769933471999,0.0,1.5541801586701762,0.0
3.9,0.24746409370971312,0.0,0.2510430538837391,0.0,1.5511656690283733,0.0
3.902,0.2479692801130013,0.0,0.2541423271383788,0.0,1.548098870760341,0.0
3.904,0.24848065889434984,0.0,0.2572354145207588,0.0,1.5449798035141296,0.0
3.906,0.2489982175775031,0.0,0.2603222115339443,0.0,1.5418085085858466,0.0
3.908,0.24952194347729587,0.0,0.26340261376523927,0.0,1.5385850289189922,0.0
3.91,0.25005182369982404,0.0,0.26647651688948426,0.0,1.535309409103735,0.0
3.912,0.25058784514262405,0.0,0.2695438166723433,0.0,1.5319816953761454,0.0
3.914,0.2511299944948571,0.0,0.2726044089735986,0.0,1.5286019356173695,0.0
3.916,0.2516782582375001,0.0,0.2756581897504385,0.0,1.5251701793527566,0.0
3.918,0.2522326226435453,0.0,0.2787050550607486,0.0,1.5216864777509256,0.0
3.92,0.25279307377820415,0.0,0.2817449010663885,0.0,1.5181508836227893,0.0
3.922,0.25335959749911807,0.0,0.28477762403648665,0.0,1.5145634514205175,0.0
3.924,0.25393217945657715,0.0,0.2878031203507133,0.0,1.5109242372364575,0.0
3.926,0.25451080509374346,0.0,0.29082128650256295,0.0,1.5072332988019912,0.0
3.928,0.25509545964688346,0.0,0.29383201910263024,0.0,1.5034906954863492,0.0
3.93,0.2556861281456042,0.0,0.2968352148818879,0.0,1.4996964882953665,0.0
3.932,0.2562827954130972,0.0,0.299830770694953,0.0,1.4958507398701948,0.0
3.934,0.2568854460663911,0.0,0.30281858352336,0.0,1.4919535144859468,0.0
3.936,0.25749406451660584,0.0,0.30579855047882576,0.0,1.4880048780503108,0.0
3.938,0.258108634969218,0.0,0.308770568806517,0.0,1.4840048981020895,0.0
3.94,0.2587291414243313,0.0,0.31173453588830213,0.0,1.479953643809707,0.0
3.942,0.2593555676769524,0.0,0.3146903492460208,0.0,1.4758511859696484,0.0
3.944,0.25998789731727323,0.0,0.3176379065447287,0.0,1.471697597004862,0.0
3.946,0.2606261137309627,0.0,0.3205771055959532,0.0,1.4674929509630947,0.0
3.948,0.26127020009946256,0.0,0.3235078443609403,0.0,1.4632373235151872,0.0
3.95,0.26192013940028847,0.0,0.3264300209539013,0.0,1.45893079195331,0.0
3.952,0.26257591440734035,0.0,0.32934353364524976,0.0,1.454573435189157,0.0
3.954,0.2632375076912178,0.0,0.3322482808648405,0.0,1.4501653337520746,0.0
3.956,0.26390490161954305,0.0,0.33514416120520296,0.0,1.4457065697871503,0.0
3.958,0.2645780783572881,0.0,0.33803107342477445,0.0,1.4411972270532407,0.0
3.96,0.2652570198671098,0.0,0.3409089164511151,0.0,1.4366373909209635,0.0
3.962,0.26594170790969285,0.0,0.3437775893841432,0.0,1.4320271483706137,0.0
3.964,0.2666321240440969,0.0,0.346636991499342,0.0,1.427366587990052,0.0
3.966,0.2673282496281106,0.0,0.34948702225097694,0.0,1.4226557999725267,0.0
3.968,0.2680300658186117,0.0,0.3523275812753023,0.0,1.4178948761144572,0.0
3.97,0.2687375535719368,0.0,0.3551585683937697,0.0,1.4130839098131451,0.0
3.972,0.269450693644252,0.0,0.3579798836162215,0.0,1.4082229960644659,0.0
3.974,0.2701694665919344,0.0,0.3607914271440891,0.0,1.4033122314604771,0.0
3.976,0.2708938527719583,0.0,0.3635930993735813,0.0,1.398351714186998,0.0
3.978,0.2716238323422884,0.0,0.36638480089887393,0.0,1.393341544021125,0.0
3.98,0.2723593852622769,0.0,0.3691664325152799,0.0,1.3882818223287114,0.0
3.982,0.2731004912930717,0.0,0.3719378952224366,0.0,1.3831726520617749,0.0
3.984,0.27384712999802696,0.0,0.37469909022746617,0.0,1.3780141377558737,0.0
3.986,0.27459928074312073,0.0,0.3774499189481437,0.0,1.3728063855274224,0.0
3.988,0.27535692269737955,0.0,0.38019028301605495,0.0,1.3675495030709643,0.0
3.99,0.27612003483331055,0.0,0.3829200842797533,0.0,1.362243599656378,0.0
3.992,0.2768885959273367,0.0,0.38563922480790225,0.0,1.356888786126056,0.0
3.994,0.2776625845602415,0.0,0.3883476068924207,0.0,1.3514851748920136,0.0
3.996,0.27844197911761787,0.0,0.39104513305161825,0.0,1.3460328799329613,0.0
3.998,0.27922675779032435,0.0,0.39373170603332974,0.0,1.3405320167913124,0.0
4.0,0.2800168985749477,0.0,0.39640722881802964,0.0,1.3349827025701622,0.0
4.002,0.2808123792742705,0.0,0.3990716046219619,0.0,1.329385055930191,0.0
4.0040000000000004,0.2816131774977466,0.0,0.4017247369002471,0.0,1.3237391970865373,0.0
4.006,0.2824192706619807,0.0,0.40436652934998346,0.0,1.3180452478056204,0.0
4.008,0.28323063599121645,0.0,0.40699688591335287,0.0,1.3123033314018977,0.0
4.01,0.28404725051783086,0.0,0.40961571078071374,0.0,1.3065135727345842,0.0
4.0120000000000005,0.2848690910828311,0.0,0.41222290839368303,0.0,1.3006760982043253,0.0
4.014,0.285696134336361,0.0,0.41481838344821453,0.0,1.294791035749819,0.0
4.016,0.28652835673821464,0.0,0.41740204089767946,0.0,1.2888585148443727,0.0
4.018,0.28736573455835174,0.0,0.4199737859559266,0.0,1.2828786664924339,0.0
4.0200000000000005,0.2882082438774235,0.0,0.4225335241003403,0.0,1.2768516232260594,0.0
4.022,0.2890558605873008,0.0,0.4250811610748918,0.0,1.2707775191013442,0.0
4.024,0.2899085603916125,0.0,0.4276166028931902,0.0,1.2646564896947805,0.0
4.026,0.29076631880628706,0.0,0.430139755841511,0.0,1.2584886720995978,0.0
4.0280000000000005,0.2916291111601005,0.0,0.43265052648183383,0.0,1.2522742049220275,0.0
4.03,0.29249691259523014,0.0,0.43514882165485463,0.0,1.2460132282775478,0.0
4.032,0.2933696980678171,0.0,0.43763454848301286,0.0,1.239705883787042,0.0
4.034,0.2942474423485304,0.0,0.44010761437348683,0.0,1.2333523145729488,0.0
4.0360000000000005,0.2951301200231429,0.0,0.4425679270212028,0.0,1.2269526652553275,0.0
4.038,0.29601770549310424,0.0,0.44501539441181626,0.0,1.220507081947918,0.0
4.04,0.2969101729761311,0.0,0.44744992482470325,0.0,1.2140157122541069,0.0
4.042,0.2978074965067948,0.0,0.4498714268359335,0.0,1.2074787052628706,0.0
4.0440000000000005,0.2987096499371179,0.0,0.45227980932123757,0.0,1.2008962115446722,0.0
4.046,0.2996166069371753,0.0,0.4546749814589611,0.0,1.1942683831473146,0.0
4.048,0.30052834099570425,0.0,0.45705685273302166,0.0,1.1875953735917217,0.0
4.05,0.30144482542071926,0.0,0.45942533293584953,0.0,1.1808773378676896,0.0
4.0520000000000005,0.3023660333401297,0.0,0.4617803321713184,0.0,1.1741144324295998,0.0
4.054,0.3032919377023646,0.0,0.4641217608576695,0.0,1.1673068151920776,0.0
4.056,0.30422251127701005,0.0,0.46644952973043374,0.0,1.1604546455255789,0.0
4.058,0.3051577266554405,0.0,0.46876354984533447,0.0,1.153558084251974,0.0
4.0600000000000005,0.3060975562514652,0.0,0.4710637325811852,0.0,1.1466172936400536,0.0
4.062,0.3070419723019753,0.0,0.47334998964277825,0.0,1.139632437401007,0.0
4.064,0.30799094686760187,0.0,0.4756222330637716,0.0,1.1326036806838284,0.0
4.066,0.3089444518333728,0.0,0.4778803752095508,0.0,1.1255311900707101,0.0
4.0680000000000005,0.30990245890938256,0.0,0.4801243287800996,0.0,1.1184151335723582,0.0
4.07,0.31086493963146034,0.0,0.48235400681284174,0.0,1.1112556806232974,0.0
4.072,0.3118318653618526,0.0,0.48456932268549596,0.0,1.1040530020770847,0.0
4.074,0.31280320728990174,0.0,0.48677019011889877,0.0,1.0968072702015235,0.0
4.0760000000000005,0.3137789364327389,0.0,0.4889565231798363,0.0,1.0895186586737964,0.0
4.078,0.3147590236359757,0.0,0.4911282362838504,0.0,1.082187342575583,0.0
4.08,0.31574343957440665,0.0,0.4932852441980478,0.0,1.0748134983881044,0.0
4.082,0.3167321547527142,0.0,0.49542746204389504,0.0,1.067397303987138,0.0
4.0840000000000005,0.31772513950618086,0.0,0.49755480530000035,0.0,1.0599389386379845,0.0
4.086,0.3187223640014054,0.0,0.499667189804885,0.0,1.0524385829904015,0.0
4.088,0.31972379823702557,0.0,0.5017645317597514,0.0,1.0448964190734675,0.0
4.09,0.32072941204444727,0.0,0.5038467477312374,0.0,1.0373126302904168,0.0
4.0920000000000005,0.32173917508857697,0.0,0.5059137546541547,0.0,1.0296874014134374,0.0
4.094,0.32275305686856054,0.0,0.5079654698342225,0.0,1.022020918578417,0.0
4.096,0.3237710267185296,0.0,0.5100018109507944,0.0,1.0143133692796307,0.0
4.098,0.32479305380835005,0.0,0.5120226960595664,0.0,1.0065649423644092,0.0
4.1,0.3258191071443769,0.0,0.5140280435952744,0.0,0.9987758280277569,0.0
4.102,0.3268491555702181,0.0,0.5160177723743917,0.0,0.9909462178069048,0.0
4.104,0.3278831677674958,0.0,0.5179918015978,0.0,0.983076304575867,0.0
4.106,0.3289211122566218,0.0,0.5199500508534622,0.0,0.9751662825398986,0.0
4.108,0.3299629573975739,0.0,0.5218924401190805,0.0,0.967216347229942,0.0
4.11,0.3310086713906766,0.0,0.5238188897647376,0.0,0.9592266954970363,0.0
4.112,0.3320582222773876,0.0,0.5257293205555349,0.0,0.9511975255066702,0.0
4.114,0.3331115779410946,0.0,0.5276236536542129,0.0,0.9431290367330876,0.0
4.116,0.3341687061079094,0.0,0.5295018106237673,0.0,0.9350214299535622,0.0
4.118,0.33522957434747236,0.0,0.5313637134300448,0.0,0.926874907242631,0.0
4.12,0.33629415007375907,0.0,0.5332092844443325,0.0,0.9186896719662896,0.0
4.122,0.33736240054589806,0.0,0.5350384464459381,0.0,0.9104659287761122,0.0
4.124,0.3384342928689851,0.0,0.5368511226247532,0.0,0.9022038836033784,0.0
4.126,0.33950979399490844,0.0,0.5386472365838062,0.0,0.8939037436531299,0.0
4.128,0.3405888707231772,0.0,0.5404267123418016,0.0,0.885565717398198,0.0
4.13,0.34167148970175687,0.0,0.5421894743356572,0.0,0.8771900145731673,0.0
4.132,0.342757617427906,0.0,0.5439354474230129,0.0,0.8687768461683365,0.0
4.134,0.34384722024902226,0.0,0.5456645568847432,0.0,0.8603264244235982,0.0
4.136,0.3449402643634893,0.0,0.5473767284274422,0.0,0.8518389628223234,0.0
4.138,0.34603671582153295,0.0,0.5490718881859142,0.0,0.84331467608515,0.0
4.14,0.34713654052607745,0.0,0.5507499627256326,0.0,0.8347537801637872,0.0
4.142,0.3482397042336126,0.0,0.552410879045204,0.0,0.826156492234734,0.0
4.144,0.3493461725550584,0.0,0.5540545645788038,0.0,0.8175230306930026,0.0
4.146,0.350455910956642,0.0,0.5556809471986119,0.0,0.8088536151457565,0.0
4.148,0.3515688847607754,0.0,0.5572899552172313,0.0,0.8001484664059357,0.0
4.15,0.35268505914693715,0.0,0.5588815173900891,0.0,0.7914078064858483,0.0
4.152,0.35380439915256245,0.0,0.5604555629178318,0.0,0.7826318585907062,0.0
4.154,0.35492686967393383,0.0,0.562012021448703,0.0,0.77382084711213,0.0
4.156,0.3560524354670813,0.0,0.5635508230809128,0.0,0.7649749976216103,0.0
4.158,0.3571810611486823,0.0,0.5650718983649864,0.0,0.756094536863942,0.0
4.16,0.35831271119696934,0.0,0.5665751783061057,0.0,0.7471796927506201,0.0
4.162,0.3594473499526427,0.0,0.5680605943664403,0.0,0.7382306943531689,0.0
4.164,0.36058494161978527,0.0,0.5695280784674532,0.0,0.7292477718964798,0.0
4.166,0.36172545026678465,0.0,0.5709775629922089,0.0,0.7202311567520674,0.0
4.168,0.3628688398272574,0.0,0.5724089807876522,0.0,0.711181081431335,0.0
4.17,0.3640150741009806,0.0,0.5738222651668878,0.0,0.7020977795787453,0.0
4.172,0.36516411675482424,0.0,0.5752173499114348,0.0,0.6929814859650139,0.0
4.174,0.36631593132369444,0.0,0.5765941692734758,0.0,0.6838324364802109,0.0
4.176,0.36747048121146997,0.0,0.5779526579780854,0.0,0.6746508681268912,0.0
4.178,0.36862772969195756,0.0,0.579292751225452,0.0,0.665437019013109,0.0
4.18,0.36978763990984087,0.0,0.5806143846930776,0.0,0.6561911283454676,0.0
4.182,0.3709501748816375,0.0,0.5819174945379726,0.0,0.6469134364220848,0.0
4.184,0.3721152974966597,0.0,0.583202017398827,0.0,0.6376041846255673,0.0
4.186,0.3732829705179807,0.0,0.5844678903981755,0.0,0.6282636154159006,0.0
4.188,0.3744531565834059,0.0,0.585715051144545,0.0,0.6188919723233305,0.0
4.19,0.37562581820644436,0.0,0.5869434377345857,0.0,0.6094894999412208,0.0
4.192,0.3768009177772873,0.0,0.5881529887551933,0.0,0.6000564439188578,0.0
4.194,0.37797841756379347,0.0,0.5893436432856097,0.0,0.5905930509542175,0.0
4.196,0.3791582797124743,0.0,0.5905153408995183,0.0,0.5810995687867097,0.0
4.198,0.38034046624948326,0.0,0.5916680216671149,0.0,0.5715762461898897,0.0
4.2,0.3815249390816131,0.0,0.5928016261571694,0.0,0.5620233329641375,0.0
4.202,0.3827116599972952,0.0,0.5939160954390759,0.0,0.5524410799292744,0.0
4.204,0.38390059066760074,0.0,0.595011371084879,0.0,0.5428297389171951,0.0
4.206,0.3850916926472508,0.0,0.5960873951712955,0.0,0.5331895627644181,0.0
4.208,0.3862849273756242,0.0,0.5971441102817102,0.0,0.5235208053046569,0.0
4.21,0.38748025617777687,0.0,0.5981814595081697,0.0,0.5138237213612916,0.0
4.212,0.38867764026545787,0.0,0.5991993864533481,0.0,0.5040985667398743,0.0
4.214,0.3898770407381347,0.0,0.6001978352325091,0.0,0.4943455982205497,0.0
4.216,0.3910784185840188,0.0,0.601176750475442,0.0,0.4845650735504954,0.0
4.218,0.3922817346810983,0.0,0.6021360773283937,0.0,0.47475725143626757,0.0
4.22,0.39348694979817056,0.0,0.6030757614559752,0.0,0.46492239153617937,0.0
4.222,0.39469402459588376,0.0,0.603995749043062,0.0,0.45506075445259364,0.0
4.224,0.3959029196277759,0.0,0.6048959867966691,0.0,0.4451726017242388,0.0
4.226,0.39711359534132373,0.0,0.6057764219478199,0.0,0.4352581958184387,0.0
4.228,0.39832601207899143,0.0,0.6066370022533962,0.0,0.4253178001233448,0.0
4.23,0.3995401300792848,0.0,0.6074776759979679,0.0,0.41535167894014,0.0
4.232,0.40075590947780704,0.0,0.6082983919956156,0.0,0.4053600974751994,0.0
4.234,0.4019733103083209,0.0,0.60909909959173,0.0,0.3953433218322251,0.0
4.236,0.4031922925038134,0.0,0.6098797486648015,0.0,0.385301619004347,0.0
4.238,0.4044128158975623,0.0,0.6106402896281884,0.0,0.3752352568662095,0.0
4.24,0.4056348402242078,0.0,0.6113806734318725,0.0,0.36514450416602473,0.0
4.242,0.4068583251208301,0.0,0.6121008515642012,0.0,0.35502963051756775,0.0
4.244,0.4080832301280233,0.0,0.6128007760536058,0.0,0.34489090639219555,0.0
4.246,0.40930951469098387,0.0,0.6134803994703139,0.0,0.33472860311078134,0.0
4.248,0.410537138160587,0.0,0.6141396749280346,0.0,0.32454299283568877,0.0
4.25,0.4117660597944837,0.0,0.6147785560856396,0.0,0.31433434856263376,0.0
4.252,0.41299623875818736,0.0,0.6153969971488158,0.0,0.3041029441125993,0.0
4.2540000000000004,0.4142276341261734,0.0,0.6159949528717126,0.0,0.29384905412365847,0.0
4.256,0.4154602048829721,0.0,0.6165723785585651,0.0,0.2835729540428371,0.0
4.258,0.41669390992427463,0.0,0.6171292300653036,0.0,0.27327492011787935,0.0
4.26,0.4179287080580393,0.0,0.6176654638011494,0.0,0.2629552293890278,0.0
4.2620000000000005,0.4191645580055962,0.0,0.6181810367301894,0.0,0.2526141596807725,0.0
4.264,0.42040141840275735,0.0,0.6186759063729366,0.0,0.24225198959358807,0.0
4.266,0.42163924780093653,0.0,0.6191500308078732,0.0,0.23186899849559917,0.0
4.268,0.4228780046682631,0.0,0.61960336867298,0.0,0.22146546651426025,0.0
4.2700000000000005,0.42411764739070273,0.0,0.6200358791672436,0.0,0.21104167452800782,0.0
4.272,0.42535813427318026,0.0,0.6204475220521533,0.0,0.20059790415787626,0.0
4.274,0.4265994235407088,0.0,0.6208382576531731,0.0,0.19013443775908556,0.0
4.276,0.42784147333951783,0.0,0.6212080468612082,0.0,0.17965155841261105,0.0
4.2780000000000005,0.4290842417381847,0.0,0.6215568511340421,0.0,0.16914954991673792,0.0
4.28,0.4303276867287689,0.0,0.6218846324977648,0.0,0.15862869677858882,0.0
4.282,0.4315717662279541,0.0,0.6221913535481844,0.0,0.14808928420559553,0.0
4.284,0.4328164380781845,0.0,0.6224769774522149,0.0,0.13753159809700488,0.0
4.2860000000000005,0.43406166004881247,0.0,0.6227414679492553,0.0,0.1269559250353044,0.0
4.288,0.4353073898372395,0.0,0.622984789352544,0.0,0.116362552277685,0.0
4.29,0.43655358507007247,0.0,0.6232069065505028,0.0,0.10575176774740769,0.0
4.292,0.43780020330426844,0.0,0.6234077850080577,0.0,0.09512386002522233,0.0
4.2940000000000005,0.4390472020282936,0.0,0.623587390767948,0.0,0.08447911834070365,0.0
4.296,0.4402945386632772,0.0,0.623745690452012,0.0,0.07381783256362184,0.0
4.298,0.44154217056417294,0.0,0.6238826512624611,0.0,0.06314029319523684,0.0
4.3,0.44279005502092056,0.0,0.623998240983134,0.0,0.05244679135960317,0.0
4.3020000000000005,0.44403814925961066,0.0,0.6240924279807333,0.0,0.041737618794847386,0.0
4.304,0.4452864104436492,0.0,0.6241651812060434,0.0,0.031013067844442244,0.0
4.306,0.4465347956749306,0.0,0.624216470195134,0.0,0.020273431448419754,0.0
4.308,0.44778326199500745,0.0,0.6242462650705455,0.0,0.009519003134591641,0.0
4.3100000000000005,0.44903176638626424,0.0,0.6242545365424523,0.0,-0.001249922990240293,0.0
4.312,0.45028026577309466,0.0,0.6242412559098162,0.0,-0.01203305224911666,0.0
4.314,0.45152871702307984,0.0,0.6242063950615131,0.0,-0.0228300894037593,0.0
4.316,0.45277707694816993,0.0,0.6241499264774526,0.0,-0.033640738663440084,0.0
4.3180000000000005,0.4540253023058679,0.0,0.6240718232296673,0.0,-0.044464703693853025,0.0
4.32,0.45527334980041,0.0,0.623972058983397,0.0,-0.05530168762599763,0.0
4.322,0.4565211760839617,0.0,0.6238506079981472,0.0,-0.06615139306513196,0.0
4.324,0.4577687377577995,0.0,0.6237074451287287,0.0,-0.0770135220996696,0.0
4.3260000000000005,0.45901599137350835,0.0,0.6235425458262867,0.0,-0.08788777631016276,0.0
4.328,0.4602628934341689,0.0,0.6233558861393049,0.0,-0.09877385677823025,0.0
4.33,0.46150940039556004,0.0,0.6231474427145971,0.0,-0.10967146409558992,0.0
4.332,0.4627554686673524,0.0,0.6229171927982724,0.0,-0.12058029837302697,0.0
4.3340000000000005,0.46400105461430985,0.0,0.6226651142366949,0.0,-0.1315000592494367,0.0
4.336,0.4652461145574876,0.0,0.6223911854774149,0.0,-0.1424304459008276,0.0
4.338,0.4664906047754403,0.0,0.6220953855700838,0.0,-0.1533711570494063,0.0
4.34,0.46773448150542385,0.0,0.6217776941673575,0.0,-0.1643218909726294,0.0
4.3420000000000005,0.46897770094460417,0.0,0.6214380915257727,0.0,-0.1752823455122905,0.0
4.344,0.47022021925126234,0.0,0.6210765585066115,0.0,-0.1862522180835936,0.0
4.346,0.4714619925460097,0.0,0.6206930765767433,0.0,-0.19723120568429836,0.0
4.348,0.4727029769129974,0.0,0.620287627809453,0.0,-0.20821900490383266,0.0
4.3500000000000005,0.47394312840112934,0.0,0.6198601948852462,0.0,-0.21921531193242388,0.0
4.352,0.47518240302527925,0.0,0.6194107610926417,0.0,-0.23021982257026202,0.0
4.354,0.4764207567675055,0.0,0.618939310328938,0.0,-0.24123223223666385,0.0
4.356,0.47765814557827174,0.0,0.6184458271009696,0.0,-0.2522522359792635,0.0
4.358,0.47889452537766425,0.0,0.617930296525839,0.0,-0.26327952848318686,0.0
4.36,0.4801298520566156,0.0,0.6173927043316337,0.0,-0.27431380408028444,0.0
4.362,0.4813640814781248,0.0,0.6168330368581233,0.0,-0.2853547567583175,0.0
4.364,0.482597169478483,0.0,0.6162512810574374,0.0,-0.2964020801702169,0.0
4.366,0.4838290718684992,0.0,0.6156474244947279,0.0,-0.30745546764331977,0.0
4.368,0.485059744434726,0.0,0.6150214553488089,0.0,-0.31851461218862354,0.0
4.37,0.48628914294068765,0.0,0.6143733624127825,0.0,-0.3295792065100347,0.0
4.372,0.48751722312810863,0.0,0.6137031350946409,0.0,-0.34064894301366994,0.0
4.374,0.48874394071814664,0.0,0.6130107634178552,0.0,-0.3517235138171395,0.0
4.376,0.48996925141262093,0.0,0.612296238021941,0.0,-0.36280261075883485,0.0
4.378,0.4911931108952454,0.0,0.6115595501630096,0.0,-0.37388592540723137,0.0
4.38,0.4924154748328656,0.0,0.6108006917142965,0.0,-0.38497314907023333,0.0
4.382,0.4936362988766893,0.0,0.6100196551666761,0.0,-0.3960639728044799,0.0
4.384,0.49485553866352544,0.0,0.6092164336291495,0.0,-0.40715808742468773,0.0
4.386,0.49607314981701756,0.0,0.6083910208293266,0.0,-0.418255183512981,0.0
4.388,0.49728908794888527,0.0,0.6075434111138751,0.0,-0.4293549514282817,0.0
4.39,0.4985033086601592,0.0,0.6066735994489612,0.0,-0.44045708131563455,0.0
4.392,0.4997157675424252,0.0,0.6057815814206662,0.0,-0.45156126311561184,0.0
4.394,0.5009264201790573,0.0,0.6048673532353886,0.0,-0.4626671865736481,0.0
4.396,0.502135222146466,0.0,0.603930911720223,0.0,-0.47377454124947505,0.0
4.398,0.5033421290153361,0.0,0.6029722543233202,0.0,-0.48488301652647864,0.0
4.4,0.5045470963518708,0.0,0.6019913791142346,0.0,-0.495992301621125,0.0
4.402,0.5057500797190322,0.0,0.6009882847842478,0.0,-0.5071020855923337,0.0
4.404,0.5069510346777887,0.0,0.5999629706466709,0.0,-0.5182120573509242,0.0
4.406,0.5081499167883571,0.0,0.5989154366371351,0.0,-0.5293219056690247,0.0
4.408,0.509346681611448,0.0,0.5978456833138568,0.0,-0.5404313191894858,0.0
4.41,0.5105412847095103,0.0,0.596753711857891,0.0,-0.5515399864353165,0.0
4.412,0.5117336816479795,0.0,0.5956395240733552,0.0,-0.5626475958191239,0.0
4.414,0.5129238279965225,0.0,0.5945031223876461,0.0,-0.5737538356525552,0.0
4.416,0.514111679330283,0.0,0.5933445098516298,0.0,-0.5848583941557317,0.0
4.418,0.5152971912311312,0.0,0.5921636901398164,0.0,-0.5959609594666926,0.0
4.42,0.5164803192889096,0.0,0.5909606675505129,0.0,-0.607061219650873,0.0
4.422,0.5176610191026824,0.0,0.5897354470059613,0.0,-0.618158862710541,0.0
4.424,0.518839246281981,0.0,0.5884880340524536,0.0,-0.6292535765942584,0.0
4.426,0.5200149564480528,0.0,0.5872184348604312,0.0,-0.6403450492063345,0.0
4.428,0.5211881052351128,0.0,0.5859266562245626,0.0,-0.6514329684163214,0.0
4.43,0.5223586482915873,0.0,0.5846127055638043,0.0,-0.6625170220684475,0.0
4.432,0.5235265412813663,0.0,0.5832765909214415,0.0,-0.6735968979911163,0.0
4.434,0.5246917398850497,0.0,0.5819183209651111,0.0,-0.6846722840063436,0.0
4.436,0.5258541998011982,0.0,0.5805379049868047,0.0,-0.695742867939271,0.0
4.438,0.5270138767475792,0.0,0.5791353529028512,0.0,-0.7068083376276064,0.0
4.44,0.5281707264624191,0.0,0.5777106752538845,0.0,-0.7178683809311275,0.0
4.442,0.529324704705648,0.0,0.5762638832047898,0.0,-0.7289226857411253,0.0
4.444,0.5304757672601503,0.0,0.5747949885446288,0.0,-0.7399709399899084,0.0
4.446,0.5316238699330139,0.0,0.5733040036865507,0.0,-0.751012831660275,0.0
4.448,0.5327689685567754,0.0,0.5717909416676794,0.0,-0.7620480487949752,0.0
4.45,0.5339110189906708,0.0,0.5702558161489879,0.0,-0.7730762795061977,0.0
4.452,0.5350499771218806,0.0,0.5686986414151451,0.0,-0.7840972119850393,0.0
4.454,0.5361857988667791,0.0,0.5671194323743524,0.0,-0.7951105345109892,0.0
4.456,0.5373184401721811,0.0,0.5655182045581537,0.0,-0.8061159354613908,0.0
4.458,0.5384478570165847,0.0,0.5638949741212361,0.0,-0.8171131033209006,0.0
4.46,0.5395740054114231,0.0,0.5622497578411993,0.0,-0.8281017266909885,0.0
4.462,0.5406968414023067,0.0,0.5605825731183169,0.0,-0.839081494299382,0.0
4.464,0.5418163210702692,0.0,0.5588934379752701,0.0,-0.8500520950095333,0.0
4.466,0.5429324005330105,0.0,0.5571823710568746,0.0,-0.8610132178300671,0.0
4.468,0.5440450359461435,0.0,0.5554493916297718,0.0,-0.8719645519242709,0.0
4.47,0.5451541835044351,0.0,0.5536945195821148,0.0,-0.8829057866195154,0.0
4.472,0.546259799443051,0.0,0.5519177754232292,0.0,-0.8938366114167322,0.0
4.474,0.5473618400387936,0.0,0.5501191802832611,0.0,-0.9047567159998211,0.0
4.476,0.5484602616113498,0.0,0.5482987559127934,0.0,-0.9156657902451423,0.0
4.478,0.5495550205245242,0.0,0.5464565246824585,0.0,-0.926563524230908,0.0
4.48,0.5506460731874863,0.0,0.5445925095825208,0.0,-0.9374496082466506,0.0
4.482,0.5517333760560009,0.0,0.5427067342224499,0.0,-0.948323732802609,0.0
4.484,0.5528168856336739,0.0,0.5407992228304627,0.0,-0.9591855886391859,0.0
4.486,0.5538965584731853,0.0,0.5388700002530586,0.0,-0.9700348667363516,0.0
4.488,0.5549723511775253,0.0,0.5369190919545297,0.0,-0.9808712583230421,0.0
4.49,0.5560442204012302,0.0,0.534946524016454,0.0,-0.9916944548865709,0.0
4.492,0.5571121228516166,0.0,0.5329523231371684,0.0,-1.00250414818202,0.0
4.494,0.5581760152900138,0.0,0.5309365166312233,0.0,-1.0133000302416402,0.0
4.496,0.559235854532997,0.0,0.5288991324288194,0.0,-1.0240817933842168,0.0
4.498,0.5602915974536148,0.0,0.5268401990752278,0.0,-1.0348491302244394,0.0
4.5,0.5613432009826232,0.0,0.5247597457301838,0.0,-1.0456017336822945,0.0
4.502,0.56239062210971,0.0,0.5226578021672712,0.0,-1.056339296992391,0.0
4.5040000000000004,0.5634338178847248,0.0,0.5205343987732807,0.0,-1.0670615137133361,0.0
4.506,0.5644727454189018,0.0,0.5183895665475567,0.0,-1.0777680777370422,0.0
4.508,0.5655073618860874,0.0,0.5162233371013158,0.0,-1.0884586832980954,0.0
4.51,0.5665376245239611,0.0,0.5140357426569568,0.0,-1.0991330249830458,0.0
4.5120000000000005,0.5675634906352585,0.0,0.5118268160473437,0.0,-1.1097907977397437,0.0
4.514,0.5685849175889887,0.0,0.5095965907150791,0.0,-1.1204316968866084,0.0
4.516,0.5696018628216577,0.0,0.5073451007117473,0.0,-1.1310554181219596,0.0
4.518,0.5706142838384813,0.0,0.50507238069715,0.0,-1.1416616575332632,0.0
4.5200000000000005,0.5716221382146036,0.0,0.502778465938515,0.0,-1.1522501116064292,0.0
4.522,0.572625383596309,0.0,0.5004633923096958,0.0,-1.1628204772350381,0.0
4.524,0.573623977702235,0.0,0.49812719629034063,0.0,-1.1733724517296142,0.0
4.526,0.5746178783245859,0.0,0.49576991496505224,0.0,-1.183905732826859,0.0
4.5280000000000005,0.5756070433303372,0.0,0.49339158602252625,0.0,-1.1944200186988572,0.0
4.53,0.5765914306624458,0.0,0.49099224775467226,0.0,-1.2049150079623,0.0
4.532,0.577570998341055,0.0,0.4885719390557131,0.0,-1.2153903996876791,0.0
4.534,0.5785457044646982,0.0,0.48613069942126913,0.0,-1.2258458934084795,0.0
4.5360000000000005,0.579515507211501,0.0,0.48366856894742183,0.0,-1.236281189130343,0.0
4.538,0.5804803648403787,0.0,0.48118558832976593,0.0,-1.2466959873402148,0.0
4.54,0.5814402356922397,0.0,0.4786817988624293,0.0,-1.2570899890155218,0.0
4.542,0.5823950781911762,0.0,0.47615724243708757,0.0,-1.2674628956332699,0.0
4.5440000000000005,0.583344850845662,0.0,0.4736119615419548,0.0,-1.2778144091791857,0.0
4.546,0.5842895122497406,0.0,0.47104599926076074,0.0,-1.288144232156784,0.0
4.548,0.5852290210842197,0.0,0.46845939927169894,0.0,-1.2984520675964968,0.0
4.55,0.5861633361178564,0.0,0.46585220584636866,0.0,-1.3087376190647104,0.0
4.5520000000000005,0.5870924162085442,0.0,0.4632244638486917,0.0,-1.3190005906728475,0.0
4.554,0.5880162203044931,0.0,0.4605762187338191,0.0,-1.32924068708637,0.0
4.556,0.5889347074454178,0.0,0.4579075165470038,0.0,-1.3394576135338512,0.0
4.558,0.5898478367637094,0.0,0.4552184039224741,0.0,-1.3496510758159412,0.0
4.5600000000000005,0.5907555674856177,0.0,0.4525089280822751,0.0,-1.3598207803143896,0.0
4.562,0.5916578589324214,0.0,0.44977913683510357,0.0,-1.369966434000987,0.0
4.564,0.5925546705216033,0.0,0.4470290785751124,0.0,-1.3800877444465471,0.0
4.566,0.5934459617680193,0.0,0.4442588022807064,0.0,-1.3901844198298443,0.0
4.5680000000000005,0.5943316922850647,0.0,0.4414683575133177,0.0,-1.4002561689465185,0.0
4.57,0.5952118217858396,0.0,0.43865779441616404,0.0,-1.4103027012179905,0.0
4.572,0.5960863100843121,0.0,0.43582716371298647,0.0,-1.4203237267003435,0.0
4.574,0.5969551170964768,0.0,0.4329765167067708,0.0,-1.430318956093196,0.0
4.5760000000000005,0.5978182028415121,0.0,0.43010590527845266,0.0,-1.4402881007485393,0.0
4.578,0.5986755274429348,0.0,0.4272153818856072,0.0,-1.4502308726795599,0.0
4.58,0.599527051129754,0.0,0.4243049995611107,0.0,-1.4601469845694748,0.0
4.582,0.6003727342376166,0.0,0.42137481191179776,0.0,-1.4700361497802892,0.0
4.5840000000000005,0.6012125372099582,0.0,0.41842487311709087,0.0,-1.4798980823615935,0.0
4.586,0.6020464205991424,0.0,0.4154552379276224,0.0,-1.4897324970592773,0.0
4.588,0.6028743450676063,0.0,0.41246596166382526,0.0,-1.4995391093242985,0.0
4.59,0.6036962713889947,0.0,0.4094571002145204,0.0,-1.5093176353213549,0.0
4.5920000000000005,0.6045121604492988,0.0,0.40642871003547615,0.0,-1.5190677919375983,0.0
4.594,0.6053219732479853,0.0,0.40338084814796116,0.0,-1.5287892967912677,0.0
4.596,0.6061256708991294,0.0,0.4003135721372646,0.0,-1.538481868240368,0.0
4.598,0.6069232146325383,0.0,0.39722694015121573,0.0,-1.5481452253912606,0.0
4.6000000000000005,0.6077145657948773,0.0,0.39412101089867263,0.0,-1.5577790881072877,0.0
4.602,0.6084996858507886,0.0,0.39099584364800677,0.0,-1.5673831770173194,0.0
4.604,0.6092785363840091,0.0,0.3878514982255565,0.0,-1.5769572135243317,0.0
4.606,0.6100510790984857,0.0,0.38468803501407306,0.0,-1.5865009198139333,0.0
4.6080000000000005,0.6108172758194856,0.0,0.3815055149511452,0.0,-1.5960140188628624,0.0
4.61,0.6115770884947045,0.0,0.3783039995276148,0.0,-1.605496234447475,0.0
4.612,0.6123304791953714,0.0,0.375083550785961,0.0,-1.6149472911522051,0.0
4.614,0.6130774101173523,0.0,0.3718442313186779,0.0,-1.62436691437801,0.0
4.616,0.6138178435822442,0.0,0.36858610426663674,0.0,-1.63375483035076,0.0
4.618,0.6145517420384752,0.0,0.3653092333174219,0.0,-1.6431107661296527,0.0
4.62,0.6152790680623923,0.0,0.3620136827036648,0.0,-1.652434449615541,0.0
4.622,0.6159997843593519,0.0,0.35869951720134113,0.0,-1.6617256095592998,0.0
4.624,0.6167138537648047,0.0,0.3553668021280697,0.0,-1.670983975570127,0.0
4.626,0.6174212392453768,0.0,0.3520156033413843,0.0,-1.6802092781238303,0.0
4.628,0.618121903899947,0.0,0.3486459872369974,0.0,-1.6894012485710714,0.0
4.63,0.6188158109607225,0.0,0.3452580207470355,0.0,-1.6985596191456205,0.0
4.632,0.6195029237943107,0.0,0.34185177133826716,0.0,-1.7076841229725606,0.0
4.634,0.6201832059027844,0.0,0.33842730701031304,0.0,-1.7167744940764562,0.0
4.636,0.6208566209247477,0.0,0.3349846962938417,0.0,-1.725830467389505,0.0
4.638,0.6215231326363952,0.0,0.3315240082487386,0.0,-1.7348517787596847,0.0
4.64,0.62218270495257,0.0,0.32804531246227164,0.0,-1.7438381649588348,0.0
4.642,0.6228353019278142,0.0,0.3245486790472347,0.0,-1.7527893636907288,0.0
4.644,0.6234808877574194,0.0,0.32103417864007827,0.0,-1.7617051135991106,0.0
4.646,0.6241194267784738,0.0,0.3175018823990144,0.0,-1.770585154275732,0.0
4.648,0.6247508834709001,0.0,0.31395186200212,0.0,-1.7794292262683122,0.0
4.65,0.6253752224584972,0.0,0.31038418964541054,0.0,-1.7882370710885185,0.0
4.652,0.6259924085099715,0.0,0.3067989380409131,0.0,-1.7970084312198649,0.0
4.654,0.6266024065399683,0.0,0.3031961804147039,0.0,-1.805743050125646,0.0
4.656,0.6272051816100968,0.0,0.2995759905049497,0.0,-1.8144406722567767,0.0
4.658,0.6278006989299535,0.0,0.2959384425599175,0.0,-1.823101043059657,0.0
4.66,0.6283889238581396,0.0,0.2922836113359848,0.0,-1.8317239089839532,0.0
4.662,0.6289698219032753,0.0,0.2886115720956168,0.0,-1.840309017490401,0.0
4.664,0.6295433587250108,0.0,0.2849224006053394,0.0,-1.8488561170585482,0.0
4.666,0.6301095001350311,0.0,0.2812161731336932,0.0,-1.8573649571944728,0.0
4.668,0.6306682120980593,0.0,0.2774929664491781,0.0,-1.8658352884384573,0.0
4.67,0.6312194607328525,0.0,0.27375285781816977,0.0,-1.8742668623726617,0.0
4.672,0.631763212313198,0.0,0.26999592500283076,0.0,-1.8826594316287464,0.0
4.674,0.6322994332689009,0.0,0.26622224625900354,0.0,-1.8910127498954576,0.0
4.676,0.6328280901867693,0.0,0.26243190033409575,0.0,-1.89932657192618,0.0
4.678,0.6333491498115966,0.0,0.2586249664649315,0.0,-1.9076006535464907,0.0
4.68,0.6338625790471379,0.0,0.2548015243756052,0.0,-1.9158347516616376,0.0
4.682,0.6343683449570812,0.0,0.2509616542753161,0.0,-1.924028624264004,0.0
4.684,0.634866414766016,0.0,0.2471054368561899,0.0,-1.9321820304405333,0.0
4.686,0.6353567558603977,0.0,0.24323295329107103,0.0,-1.9402947303801485,0.0
4.688,0.6358393357895065,0.0,0.239344285231321,0.0,-1.9483664853810925,0.0
4.69,0.6363141222664016,0.0,0.23543951480458641,0.0,-1.9563970578582779,0.0
4.692,0.6367810831688708,0.0,0.23151872461256912,0.0,-1.9643862113505572,0.0
4.694,0.6372401865403801,0.0,0.22758199772875387,0.0,-1.9723337105280208,0.0
4.696,0.6376914005910097,0.0,0.22362941769615396,0.0,-1.9802393211991933,0.0
4.698,0.638134693698395,0.0,0.21966106852501688,0.0,-1.9881028103182534,0.0
4.7,0.6385700344086573,0.0,0.21567703469053545,0.0,-1.9959239459921654,0.0
4.702,0.6389973914373299,0.0,0.2116774011305268,0.0,-2.0037024974878257,0.0
4.704,0.6394167336702841,0.0,0.20766225324310783,0.0,-2.0114382352391464,0.0
4.706,0.6398280301646448,0.0,0.20363167688435357,0.0,-2.0191309308541086,0.0
4.708,0.6402312501497053,0.0,0.19958575836594805,0.0,-2.026780357121766,0.0
4.71,0.6406263630278355,0.0,0.19552458445280713,0.0,-2.0343862880192476,0.0
4.712,0.6410133383753873,0.0,0.19144824236069719,0.0,-2.0419484987186967,0.0
4.714,0.641392145943592,0.0,0.18735681975384055,0.0,-2.0494667655941767,0.0
4.716,0.6417627556594563,0.0,0.1832504047425076,0.0,-2.056940866228538,0.0
4.718,0.6421251376266515,0.0,0.1791290858805834,0.0,-2.064370579420274,0.0
4.72,0.6424792621263986,0.0,0.17499295216313565,0.0,-2.071755685190305,0.0
4.722,0.6428250996183469,0.0,0.17084209302396264,0.0,-2.079095964788745,0.0
4.724,0.6431626207414504,0.0,0.16667659833313153,0.0,-2.0863912007016174,0.0
4.726,0.6434917963148381,0.0,0.1624965583944893,0.0,-2.093641176657563,0.0
4.728,0.6438125973386768,0.0,0.15830206394318247,0.0,-2.1008456776344673,0.0
4.73,0.6441249949950352,0.0,0.15409320614314237,0.0,-2.108004489866091,0.0
4.732,0.6444289606487343,0.0,0.14987007658457852,0.0,-2.11511740084862,0.0
4.734,0.6447244658482012,0.0,0.14563276728143287,0.0,-2.1221841993472284,0.0
4.736,0.6450114823263111,0.0,0.1413813706688476,0.0,-2.129204675402548,0.0
4.738,0.6452899820012302,0.0,0.13711597960059785,0.0,-2.13617862033715,0.0
4.74,0.6455599369772476,0.0,0.13283668734653292,0.0,-2.143105826761936,0.0
4.742,0.6458213195456057,0.0,0.1285435875899825,0.0,-2.14998608858254,0.0
4.744,0.6460741021853256,0.0,0.1242367744251654,0.0,-2.15681920100566,0.0
4.746,0.6463182575640265,0.0,0.11991634235457738,0.0,-2.1636049605453618,0.0
4.748,0.646553758538737,0.0,0.1155823862863819,0.0,-2.170343165029321,0.0
4.75,0.6467805781567055,0.0,0.11123500153176297,0.0,-2.1770336136050643,0.0
4.752,0.6469986896562052,0.0,0.1068742838022822,0.0,-2.183676106746147,0.0
4.7540000000000004,0.6472080664673292,0.0,0.10250032920722557,0.0,-2.190270446258281,0.0
4.756,0.6474086822127848,0.0,0.09811323425093454,0.0,-2.196816435285433,0.0
4.758,0.6476005107086806,0.0,0.0937130958301135,0.0,-2.2033138783158988,0.0
4.76,0.6477835259653107,0.0,0.08930001123114106,0.0,-2.2097625811883095,0.0
4.7620000000000005,0.6479577021879273,0.0,0.08487407812736403,0.0,-2.216162351097603,0.0
4.764,0.6481230137775137,0.0,0.08043539457638421,0.0,-2.2225129966009582,0.0
4.766,0.6482794353315522,0.0,0.07598405901731237,0.0,-2.2288143276237027,0.0
4.768,0.6484269416447812,0.0,0.07152017026804175,0.0,-2.235066155465145,0.0
4.7700000000000005,0.6485655077099521,0.0,0.06704382752248295,0.0,-2.2412682928044,0.0
4.772,0.6486951087185768,0.0,0.06255513034781285,0.0,-2.2474205537061325,0.0
4.774,0.6488157200616738,0.0,0.05805417868167834,0.0,-2.253522753626312,0.0
4.776,0.6489273173305045,0.0,0.05354107282942511,0.0,-2.259574709417869,0.0
4.7780000000000005,0.6490298763173062,0.0,0.0490159134612862,0.0,-2.2655762393363514,0.0
4.78,0.6491233730160195,0.0,0.04447880160958262,0.0,-2.2715271630455063,0.0
4.782,0.6492077836230088,0.0,0.03992983866589106,0.0,-2.277427301622843,0.0
4.784,0.6492830845377793,0.0,0.035369126378213656,0.0,-2.283276477565147,0.0
4.7860000000000005,0.6493492523636857,0.0,0.030796766848137314,0.0,-2.289074514793934,0.0
4.788,0.6494062639086372,0.0,0.02621286252797711,0.0,-2.294821238660883,0.0
4.79,0.6494540961857964,0.0,0.021617516217909583,0.0,-2.3005164759532097,0.0
4.792,0.6494927264142714,0.0,0.017010831063094867,0.0,-2.3061600548990118,0.0
4.7940000000000005,0.649522132019803,0.0,0.012392910550792502,0.0,-2.3117518051725496,0.0
4.796,0.6495422906354464,0.0,0.007763858507467414,0.0,-2.317291557899493,0.0
4.798,0.6495531801022466,0.0,0.003123779095871415,0.0,-2.322779145662137,0.0
4.8,0.6495547784699081,0.0,-0.0015272231878676323,0.0,-2.3282144025045524,0.0
4.8020000000000005,0.6495470639974578,0.0,-0.006189043517175974,0.0,-2.3335971639376947,0.0
4.804,0.6495300151539041,0.0,-0.01086157673796867,0.0,-2.338927266944475,0.0
4.806,0.6495036106188898,0.0,-0.015544717371609285,0.0,-2.344204549984795,0.0
4.808,0.6494678292833357,0.0,-0.020238359617857693,0.0,-2.349428853000508,0.0
4.8100000000000005,0.6494226502500824,0.0,-0.02494239735784831,0.0,-2.35460001742037,0.0
4.812,0.6493680528345245,0.0,-0.02965672415705628,0.0,-2.3597178861649066,0.0
4.814,0.6493040165652393,0.0,-0.034381233268301614,0.0,-2.364782303651276,0.0
4.816,0.6492305211846078,0.0,-0.039115817634733596,0.0,-2.36979311579805,0.0
4.8180000000000005,0.6491475466494326,0.0,-0.043860369892851025,0.0,-2.374750170029976,0.0
4.82,0.6490550731315465,0.0,-0.048614782375502374,0.0,-2.3796533152826655,0.0
4.822,0.6489530810184192,0.0,-0.05337894711492841,0.0,-2.384502402007267,0.0
4.824,0.6488415509137527,0.0,-0.05815275584579177,0.0,-2.389297282175073,0.0
4.8260000000000005,0.6487204636380752,0.0,-0.06293610000822153,0.0,-2.3940378092820804,0.0
4.828,0.6485898002293268,0.0,-0.06772887075086342,0.0,-2.398723838353511,0.0
4.83,0.6484495419434385,0.0,-0.07253095893394901,0.0,-2.403355225948283,0.0
4.832,0.6482996702549078,0.0,-0.07734225513236798,0.0,-2.4079318301634403,0.0
4.8340000000000005,0.6481401668573641,0.0,-0.08216264963874376,0.0,-2.4124535106385196,0.0
4.836,0.6479710136641321,0.0,-0.08699203246651904,0.0,-2.4169201285598834,0.0
4.838,0.647792192808786,0.0,-0.09183029335306903,0.0,-2.42133154666501,0.0
4.84,0.6476036866456986,0.0,-0.09667732176279467,0.0,-2.4256876292467213,0.0
4.8420000000000005,0.647405477750584,0.0,-0.10153300689024256,0.0,-2.4299882421573713,0.0
4.844,0.6471975489210346,0.0,-0.10639723766322001,0.0,-2.4342332528129784,0.0
4.846,0.6469798831770522,0.0,-0.11126990274594409,0.0,-2.438422530197336,0.0
4.848,0.6467524637615697,0.0,-0.11615089054216307,0.0,-2.442555944866034,0.0
4.8500000000000005,0.646515274140971,0.0,-0.12104008919831757,0.0,-2.4466333689504713,0.0
4.852,0.6462682980056024,0.0,-0.12593738660668174,0.0,-2.450654676161788,0.0
4.854,0.6460115192702766,0.0,-0.13084267040854317,0.0,-2.454619741794776,0.0
4.856,0.6457449220747715,0.0,-0.13575582799736066,0.0,-2.4585284427317204,0.0
4.8580000000000005,0.6454684907843246,0.0,-0.14067674652195353,0.0,-2.462380657446209,0.0
4.86,0.6451822099901166,0.0,-0.14560531288967568,0.0,-2.4661762660068725,0.0
4.862,0.6448860645097526,0.0,-0.15054141376962044,0.0,-2.469915150081099,0.0
4.864,0.6445800393877357,0.0,-0.1554849355958191,0.0,-2.4735971929386853,0.0
4.866,0.6442641198959321,0.0,-0.1604357645704447,0.0,-2.4772222794554377,0.0
4.868,0.6439382915340339,0.0,-0.16539378666703544,0.0,-2.4807902961167363,0.0
4.87,0.643602540030012,0.0,-0.17035888763370505,0.0,-2.484301131021029,0.0
4.872,0.6432568513405637,0.0,-0.17533095299638812,0.0,-2.4877546738833036,0.0
4.874,0.6429012116515531,0.0,-0.18030986806206334,0.0,-2.4911508160384805,0.0
4.876,0.6425356073784477,0.0,-0.1852955179220073,0.0,-2.494489450444785,0.0
4.878,0.6421600251667452,0.0,-0.19028778745503186,0.0,-2.49777047168704,0.0
4.88,0.6417744518923947,0.0,-0.1952865613307521,0.0,-2.5009937759799343,0.0
4.882,0.6413788746622134,0.0,-0.20029172401284515,0.0,-2.50415926117123,0.0
4.884,0.6409732808142936,0.0,-0.20530315976232294,0.0,-2.5072668267449165,0.0
4.886,0.6405576579184069,0.0,-0.2103207526407944,0.0,-2.510316373824317,0.0
4.888,0.6401319937763967,0.0,-0.2153443865137637,0.0,-2.513307805175148,0.0
4.89,0.6396962764225697,0.0,-0.22037394505391197,0.0,-2.516241025208532,0.0
4.892,0.6392504941240768,0.0,-0.22540931174438986,0.0,-2.519115939983941,0.0
4.894,0.6387946353812899,0.0,-0.23045036988211406,0.0,-2.5219324572121127,0.0
4.896,0.6383286889281702,0.0,-0.23549700258107858,0.0,-2.5246904862578985,0.0
4.898,0.6378526437326314,0.0,-0.24054909277566697,0.0,-2.5273899381430756,0.0
4.9,0.6373664889968943,0.0,-0.24560652322396334,0.0,-2.530030725549092,0.0
4.902,0.6368702141578388,0.0,-0.2506691765110702,0.0,-2.5326127628197703,0.0
4.904,0.6363638088873437,0.0,-0.255736935052453,0.0,-2.535135965963966,0.0
4.906,0.6358472630926234,0.0,-0.2608096810972547,0.0,-2.5376002526581574,0.0
4.908,0.635320566916558,0.0,-0.26588729673164746,0.0,-2.540005542249004,0.0
4.91,0.6347837107380159,0.0,-0.2709696638821583,0.0,-2.542351755755834,0.0
4.912,0.6342366851721686,0.0,-0.27605666431903925,0.0,-2.5446388158731,0.0
4.914,0.6336794810708007,0.0,-0.2811481796596007,0.0,-2.5468666469727674,0.0
4.916,0.6331120895226123,0.0,-0.28624409137158296,0.0,-2.5490351751066616,0.0
4.918,0.6325345018535157,0.0,-0.2913442807765038,0.0,-2.5511443280087542,0.0
4.92,0.6319467096269222,0.0,-0.2964486290530375,0.0,-2.553194035097408,0.0
4.922,0.6313487046440267,0.0,-0.30155701724038175,0.0,-2.5551842274775645,0.0
4.924,0.6307404789440818,0.0,-0.30666932624163423,0.0,-2.557114837942878,0.0
4.926,0.6301220248046678,0.0,-0.31178543682716375,0.0,-2.5589858009777995,0.0
4.928,0.6294933347419537,0.0,-0.3169052296380049,0.0,-2.560797052759611,0.0
4.93,0.6288544015109531,0.0,-0.32202858518924293,0.0,-2.562548531160408,0.0
4.932,0.6282052181057718,0.0,-0.3271553838734013,0.0,-2.564240175749022,0.0
4.934,0.6275457777598523,0.0,-0.3322855059638389,0.0,-2.565871927792901,0.0
4.936,0.6268760739462049,0.0,-0.3374188316181497,0.0,-2.5674437302599333,0.0
4.938,0.6261961003776381,0.0,-0.3425552408815687,0.0,-2.568955527820217,0.0
4.94,0.6255058510069793,0.0,-0.3476946136903727,0.0,-2.5704072668477815,0.0
4.942,0.6248053200272902,0.0,-0.35283682987528714,0.0,-2.5717988954222526,0.0
4.944,0.6240945018720732,0.0,-0.35798176916491187,0.0,-2.5731303633304696,0.0
4.946,0.6233733912154722,0.0,-0.3631293111891232,0.0,-2.574401622068044,0.0
4.948,0.622641982972468,0.0,-0.3682793354825037,0.0,-2.575612624840874,0.0
4.95,0.6219002722990653,0.0,-0.37343172148775117,0.0,-2.5767633265665957,0.0
4.952,0.6211482545924712,0.0,-0.37858634855912027,0.0,-2.5778536838759916,0.0
4.954,0.6203859254912703,0.0,-0.3837430959658349,0.0,-2.5788836551143417,0.0
4.956,0.6196132808755908,0.0,-0.38890184289553353,0.0,-2.579853200342722,0.0
4.958,0.6188303168672649,0.0,-0.394062468457682,0.0,-2.5807622813392483,0.0
4.96,0.6180370298299807,0.0,-0.3992248516870277,0.0,-2.581610861600275,0.0
4.962,0.6172334163694284,0.0,-0.4043888715470293,0.0,-2.582398906341531,0.0
4.964,0.6164194733334397,0.0,-0.4095544069333007,0.0,-2.583126382499213,0.0
4.966,0.6155951978121218,0.0,-0.4147213366770396,0.0,-2.583793258731011,0.0
4.968,0.6147605871379788,0.0,-0.41988953954848784,0.0,-2.5843995054170996,0.0
4.97,0.6139156388860332,0.0,-0.42505889426037347,0.0,-2.5849450946610655,0.0
4.972,0.6130603508739367,0.0,-0.4302292794713522,0.0,-2.5854300002907777,0.0
4.974,0.6121947211620753,0.0,-0.43540057378945807,0.0,-2.5858541978592164,0.0
4.976,0.6113187480536661,0.0,-0.44057265577556104,0.0,-2.5862176646452415,0.0
4.978,0.6104324300948486,0.0,-0.4457454039468153,0.0,-2.586520379654308,0.0
4.98,0.6095357660747696,0.0,-0.4509186967801126,0.0,-2.5867623236191317,0.0
4.982,0.6086287550256593,0.0,-0.45609241271553164,0.0,-2.586943479000298,0.0
4.984,0.607711396222901,0.0,-0.46126643015981095,0.0,-2.5870638299868225,0.0
4.986,0.606783689185096,0.0,-0.46644062748978854,0.0,-2.587123362496652,0.0
4.988,0.6058456336741174,0.0,-0.47161488305587357,0.0,-2.5871220641771187,0.0
4.99,0.6048972296951629,0.0,-0.4767890751854911,0.0,-2.587059924405336,0.0
4.992,0.6039384774967943,0.0,-0.4819630821865589,0.0,-2.5869369342885444,0.0
4.994,0.6029693775709741,0.0,-0.4871367823509344,0.0,-2.5867530866644044,0.0
4.996,0.6019899306530949,0.0,-0.4923100539578862,0.0,-2.5865083761012335,0.0
4.998,0.6010001377220006,0.0,-0.49748277527754264,0.0,-2.586202798898191,0.0
5.0,0.6000000000000001,0.0,-0.5026548245743664,0.0,-2.585836353085412,0.0
5.002,0.5989895189528771,0.0,-0.5078260801106117,0.0,-2.5854090384240846,0.0
5.0040000000000004,0.5979686962898891,0.0,-0.5129964201497876,0.0,-2.584920856406477,0.0
5.006,0.5969375339637639,0.0,-0.5181657229601121,0.0,-2.5843718102559086,0.0
5.008,0.5958960341706837,0.0,-0.523333866817986,0.0,-2.5837619049266687,0.0
5.01,0.5948441993502684,0.0,-0.5285007300114505,0.0,-2.5830911471038855,0.0
5.0120000000000005,0.5937820321855458,0.0,-0.5336661908436464,0.0,-2.5823595452033343,0.0
5.014,0.5927095356029206,0.0,-0.5388301276362718,0.0,-2.5815671093712025,0.0
5.016,0.5916267127721321,0.0,-0.543992418733054,0.0,-2.580713851483789,0.0
5.018,0.5905335671062071,0.0,-0.5491529425032016,0.0,-2.5797997851471637,0.0
5.0200000000000005,0.5894301022614056,0.0,-0.5543115773448634,0.0,-2.5788249256967632,0.0
5.022,0.5883163221371603,0.0,-0.5594682016885846,0.0,-2.5777892901969413,0.0
5.024,0.5871922308760064,0.0,-0.5646226940007741,0.0,-2.5766928974404584,0.0
5.026,0.5860578328635087,0.0,-0.5697749327871497,0.0,-2.5755357679479243,0.0
5.0280000000000005,0.5849131327281769,0.0,-0.5749247965962028,0.0,-2.574317923967185,0.0
5.03,0.5837581353413799,0.0,-0.5800721640226384,0.0,-2.573039389472658,0.0
5.032,0.5825928458172467,0.0,-0.5852169137108452,0.0,-2.571700190164612,0.0
5.034,0.5814172695125652,0.0,-0.5903589243583316,0.0,-2.570300353468394,0.0
5.0360000000000005,0.5802314120266723,0.0,-0.5954980747191889,0.0,-2.568839908533606,0.0
5.038,0.5790352792013378,0.0,-0.6006342436075197,0.0,-2.5673188862332275,0.0
5.04,0.5778288771206403,0.0,-0.6057673099009019,0.0,-2.565737319162684,0.0
5.042,0.5766122121108364,0.0,-0.6108971525438276,0.0,-2.564095241638861,0.0
5.0440000000000005,0.5753852907402235,0.0,-0.6160236505511433,0.0,-2.5623926896990676,0.0
5.046,0.5741481198189979,0.0,-0.6211466830114817,0.0,-2.560629701099951,0.0
5.048,0.5729007063991005,0.0,-0.6262661290907139,0.0,-2.5588063153163496,0.0
5.05,0.5716430577740604,0.0,-0.6313818680353792,0.0,-2.5569225735400964,0.0
5.0520000000000005,0.57037518147883,0.0,-0.6364937791761149,0.0,-2.5549785186787743,0.0
5.054,0.5690970852896146,0.0,-0.6416017419310817,0.0,-2.5529741953544156,0.0
5.056,0.5678087772236923,0.0,-0.6467056358094069,0.0,-2.550909649902143,0.0
5.058,0.5665102655392282,0.0,-0.6518053404145971,0.0,-2.548784930368768,0.0
5.0600000000000005,0.5652015587350838,0.0,-0.656900735447963,0.0,-2.54660008651133,0.0
5.062,0.5638826655506182,0.0,-0.6619917007120332,0.0,-2.5443551697955873,0.0
5.064,0.5625535949654799,0.0,-0.6670781161139829,0.0,-2.542050233394448,0.0
5.066,0.5612143561993963,0.0,-0.6721598616690343,0.0,-2.5396853321863584,0.0
5.0680000000000005,0.559864958711953,0.0,-0.6772368175038749,0.0,-2.5372605227536287,0.0
5.07,0.5585054122023687,0.0,-0.6823088638600515,0.0,-2.534775863380721,0.0
5.072,0.5571357266092611,0.0,-0.6873758810973889,0.0,-2.532231414052463,0.0
5.074,0.5557559121104071,0.0,-0.6924377496973749,0.0,-2.5296272364522325,0.0
5.0760000000000005,0.554365979122495,0.0,-0.6974943502665663,0.0,-2.5269633939600724,0.0
5.078,0.552965938300874,0.0,-0.7025455635399678,0.0,-2.524239951650767,0.0
5.08,0.5515558005392911,0.0,-0.7075912703844314,0.0,-2.521456976291854,0.0
5.082,0.5501355769696245,0.0,-0.7126313518020351,0.0,-2.518614536341591,0.0
5.0840000000000005,0.5487052789616097,0.0,-0.7176656889334645,0.0,-2.5157127019468697,0.0
5.086,0.5472649181225623,0.0,-0.7226941630613793,0.0,-2.5127515449410818,0.0
5.088,0.5458145062970848,0.0,-0.7277166556137951,0.0,-2.5097311388419232,0.0
5.09,0.5443540555667766,0.0,-0.7327330481674466,0.0,-2.506651558849152,0.0
5.0920000000000005,0.5428835782499316,0.0,-0.7377432224511467,0.0,-2.5035128818423,0.0
5.094,0.5414030869012326,0.0,-0.7427470603491405,0.0,-2.5003151863783257,0.0
5.096,0.5399125943114342,0.0,-0.7477444439044704,0.0,-2.4970585526892144,0.0
5.098,0.5384121135070437,0.0,-0.7527352553223124,0.0,-2.493743062679531,0.0
5.1000000000000005,0.5369016577499925,0.0,-0.757719376973323,0.0,-2.490368799923926,0.0
5.102,0.5353812405373053,0.0,-0.7626966913969698,0.0,-2.4869358496645804,0.0
5.104,0.5338508756007527,0.0,-0.7676670813048792,0.0,-2.4834442988086005,0.0
5.106,0.5323105769065092,0.0,-0.7726304295841484,0.0,-2.479894235925371,0.0
5.1080000000000005,0.5307603586547953,0.0,-0.7775866193006785,0.0,-2.4762857512438448,0.0
5.11,0.5292002352795203,0.0,-0.7825355337024789,0.0,-2.472618936649797,0.0
5.112,0.5276302214479107,0.0,-0.7874770562229916,0.0,-2.468893885683006,0.0
5.114,0.5260503320601391,0.0,-0.7924110704843856,0.0,-2.465110693534408,0.0
5.1160000000000005,0.5244605822489403,0.0,-0.7973374603008656,0.0,-2.4612694570431795,0.0
5.118,0.5228609873792296,0.0,-0.802256109681952,0.0,-2.457370274693792,0.0
5.12,0.5212515630477021,0.0,-0.8071669028357825,0.0,-2.4534132466129916,0.0
5.122,0.5196323250824363,0.0,-0.8120697241723889,0.0,-2.4493984745667423,0.0
5.124,0.5180032895424856,0.0,-0.8169644583069702,0.0,-2.4453260619571187,0.0
5.126,0.5163644727174652,0.0,-0.8218509900631632,0.0,-2.4411961138191463,0.0
5.128,0.514715891127133,0.0,-0.8267292044763018,0.0,-2.437008736817595,0.0
5.13,0.5130575615209604,0.0,-0.8315989867966819,0.0,-2.432764039243708,0.0
5.132,0.5113895008777011,0.0,-0.8364602224928012,0.0,-2.428462131011905,0.0
5.134,0.5097117264049498,0.0,-0.8413127972546123,0.0,-2.42410312365641,0.0
5.136,0.5080242555387002,0.0,-0.8461565969967434,0.0,-2.41968713032786,0.0
5.138,0.5063271059428863,0.0,-0.8509915078617476,0.0,-2.4152142657898237,0.0
5.14,0.504620295508928,0.0,-0.8558174162233075,0.0,-2.41068464641531,0.0
5.142,0.5029038423552619,0.0,-0.8606342086894682,0.0,-2.406098390183199,0.0
5.144,0.5011777648268749,0.0,-0.8654417721058227,0.0,-2.4014556166746486,0.0
5.146,0.49944208149482006,0.0,-0.8702399935587329,0.0,-2.396756447069423,0.0
5.148,0.4976968111557346,0.0,-0.8750287603785163,0.0,-2.392001004142195,0.0
5.15,0.495941972831348,0.0,-0.8798079601426301,0.0,-2.387189412258791,0.0
5.152,0.4941775857679878,0.0,-0.8845774806788477,0.0,-2.38232179737239,0.0
5.154,0.49240366943607,0.0,-0.8893372100684385,0.0,-2.377398287019668,0.0
5.156,0.49062024352959266,0.0,-0.8940870366493239,0.0,-2.3724190103168965,0.0
5.158,0.4888273279656188,0.0,-0.8988268490192345,0.0,-2.367384097955997,0.0
5.16,0.48702494288375486,0.0,-0.9035565360388511,0.0,-2.3622936822005514,0.0
5.162,0.4852131086456187,0.0,-0.9082759868349589,0.0,-2.3571478968817363,0.0
5.164,0.4833918458343065,0.0,-0.9129850908035635,0.0,-2.3519468773942496,0.0
5.166,0.48156117525384956,0.0,-0.9176837376130251,0.0,-2.346690760692155,0.0
5.168,0.4797211179286704,0.0,-0.922371817207161,0.0,-2.341379685284709,0.0
5.17,0.47787169510302285,0.0,-0.9270492198083653,0.0,-2.3360137912321037,0.0
5.172,0.47601292824043623,0.0,-0.9317158359206955,0.0,-2.3305932201412003,0.0
5.174,0.47414483902314625,0.0,-0.9363715563329711,0.0,-2.3251181151611826,0.0
5.176,0.4722674493515261,0.0,-0.9410162721218394,0.0,-2.319588620979196,0.0
5.178,0.47038078134350303,0.0,-0.9456498746548656,0.0,-2.3140048838158993,0.0
5.18,0.4684848573339765,0.0,-0.9502722555935806,0.0,-2.308367051421012,0.0
5.182,0.4665796998742254,0.0,-0.9548833068965444,0.0,-2.3026752730687754,0.0
5.184,0.4646653317313146,0.0,-0.959482920822381,0.0,-2.2969296995534068,0.0
5.186,0.4627417758874867,0.0,-0.9640709899328215,0.0,-2.2911304831844674,0.0
5.188,0.46080905553955553,0.0,-0.9686474070957289,0.0,-2.285277777782211,0.0
5.19,0.4588671940982907,0.0,-0.9732120654881133,0.0,-2.279371738672877,0.0
5.192,0.4569162151877974,0.0,-0.9777648585991354,0.0,-2.2734125226839415,0.0
5.194,0.4549561426448864,0.0,-0.9823056802331114,0.0,-2.267400288139315,0.0
5.196,0.4529870005184422,0.0,-0.9868344245124987,0.0,-2.2613351948544946,0.0
5.198,0.45100881306878354,0.0,-0.991350985880872,0.0,-2.2552174041316837,0.0
5.2,0.44902160476702113,0.0,-0.9958552591058901,0.0,-2.249047078754856,0.0
5.202,0.4470254002944002,0.0,-1.0003471392822625,0.0,-2.242824382984763,0.0
5.204,0.4450202245416492,0.0,-1.0048265218346886,0.0,-2.236549482553925,0.0
5.206,0.44300610260831275,0.0,-1.009293302520806,0.0,-2.2302225446615416,0.0
5.208,0.4409830598020883,0.0,-1.013747377434103,0.0,-2.2238437379684015,0.0
5.21,0.4389511216381448,0.0,-1.0181886430068574,0.0,-2.2174132325916944,0.0
5.212,0.43691031383844703,0.0,-1.022616996013026,0.0,-2.210931200099828,0.0
5.214,0.43486066233106524,0.0,-1.0270323335711575,0.0,-2.2043978135071574,0.0
5.216,0.43280219324949076,0.0,-1.03143455314726,0.0,-2.1978132472687224,0.0
5.218,0.4307349329319282,0.0,-1.0358235525576964,0.0,-2.191177677274875,0.0
5.22,0.4286589079205991,0.0,-1.040199229972037,0.0,-2.1844912808459243,0.0
5.222,0.4265741449610281,0.0,-1.044561483915923,0.0,-2.1777542367266918,0.0
5.224,0.42448067100133374,0.0,-1.0489102132738957,0.0,-2.170966725081065,0.0
5.226,0.422378513191501,0.0,-1.053245317292248,0.0,-2.164128927486464,0.0
5.228,0.4202676988826588,0.0,-1.057566695581834,0.0,-2.1572410269282933,0.0
5.23,0.4181482556263482,0.0,-1.0618742481208807,0.0,-2.150303207794349,0.0
5.232,0.4160202111737846,0.0,-1.0661678752577872,0.0,-2.143315655869173,0.0
5.234,0.41388359347511305,0.0,-1.0704474777139155,0.0,-2.1362785583283697,0.0
5.236,0.4117384306786602,0.0,-1.0747129565863665,0.0,-2.1291921037328745,0.0
5.238,0.4095847511301811,0.0,-1.0789642133507416,0.0,-2.122056482023193,0.0
5.24,0.40742258337209997,0.0,-1.0832011498638956,0.0,-2.1148718845135934,0.0
5.242,0.40525195614274145,0.0,-1.0874236683666862,0.0,-2.1076385038862346,0.0
5.244,0.40307289837556376,0.0,-1.0916316714866938,0.0,-2.100356534185296,0.0
5.246,0.4008854391983798,0.0,-1.0958250622409498,0.0,-2.0930261708110174,0.0
5.248,0.39868960793257946,0.0,-1.1000037440386272,0.0,-2.08564761051375,0.0
5.25,0.3964854340923364,0.0,-1.1041676206837552,0.0,-2.078221051387906,0.0
5.252,0.3942729473838211,0.0,-1.1083165963778845,0.0,-2.0707466928659235,0.0
5.2540000000000004,0.3920521777043998,0.0,-1.1124505757227683,0.0,-2.0632247357121485,0.0
5.256,0.3898231551418351,0.0,-1.1165694637230101,0.0,-2.055655382016712,0.0
5.258,0.3875859099734733,0.0,-1.1206731657887172,0.0,-2.0480388351893324,0.0
5.26,0.3853404726654339,0.0,-1.1247615877381312,0.0,-2.0403752999530975,0.0
5.2620000000000005,0.38308687387178775,0.0,-1.1288346358002492,0.0,-2.0326649823382024,0.0
5.264,0.38082514443373816,0.0,-1.1328922166174253,0.0,-2.02490808967566,0.0
5.266,0.3785553153787856,0.0,-1.1369342372479747,0.0,-2.017104830590943,0.0
5.268,0.37627741791989594,0.0,-1.1409606051687542,0.0,-2.0092554149976034,0.0
5.2700000000000005,0.37399148345466104,0.0,-1.1449712282777278,0.0,-2.001360054090866,0.0
5.272,0.3716975435644544,0.0,-1.1489660148965275,0.0,-1.9934189603411592,0.0
5.274,0.36939563001357945,0.0,-1.1529448737729946,0.0,-1.9854323474876194,0.0
5.276,0.367085774748416,0.0,-1.1569077140837145,0.0,-1.97740043053155,0.0
5.2780000000000005,0.3647680098965589,0.0,-1.160854445436531,0.0,-1.9693234257298515,0.0
5.28,0.36244236776595673,0.0,-1.1647849778730475,0.0,-1.9612015505884175,0.0
5.282,0.3601088808440358,0.0,-1.168699221871129,0.0,-1.9530350238554566,0.0
5.284,0.35776758179683066,0.0,-1.1725970883473686,0.0,-1.9448240655148314,0.0
5.2860000000000005,0.3554185034680988,0.0,-1.1764784886595645,0.0,-1.9365688967793067,0.0
5.288,0.3530616788784433,0.0,-1.1803433346091534,0.0,-1.9282697400838176,0.0
5.29,0.3506971412244157,0.0,-1.1841915384436659,0.0,-1.9199268190786314,0.0
5.292,0.34832492387762526,0.0,-1.1880230128591398,0.0,-1.911540358622538,0.0
5.2940000000000005,0.34594506038383677,0.0,-1.191837671002537,0.0,-1.9031105847759524,0.0
5.296,0.3435575844620723,0.0,-1.1956354264741287,0.0,-1.894637724794031,0.0
5.298,0.3411625300036951,0.0,-1.1994161933298901,0.0,-1.886122007119698,0.0
5.3,0.3387599310714986,0.0,-1.2031798860838667,0.0,-1.877563661376668,0.0
5.3020000000000005,0.3363498218987877,0.0,-1.2069264197105245,0.0,-1.8689629183624288,0.0
5.304,0.3339322368884592,0.0,-1.2106557096470876,0.0,-1.8603200100411985,0.0
5.306,0.33150721061206845,0.0,-1.2143676717958742,0.0,-1.8516351695368138,0.0
5.308,0.32907477780889866,0.0,-1.2180622225266045,0.0,-1.8429086311256095,0.0
5.3100000000000005,0.3266349733850248,0.0,-1.2217392786786947,0.0,-1.8341406302292673,0.0
5.312,0.32418783241237237,0.0,-1.225398757563546,0.0,-1.8253314034076114,0.0
5.314,0.3217333901277694,0.0,-1.22904057696681,0.0,-1.8164811883513823,0.0
5.316,0.31927168193199595,0.0,-1.2326646551506462,0.0,-1.8075902238749646,0.0
5.3180000000000005,0.3168027433888291,0.0,-1.2362709108559606,0.0,-1.7986587499090962,0.0
5.32,0.3143266102240865,0.0,-1.239859263304626,0.0,-1.7896870074935456,0.0
5.322,0.31184331832465595,0.0,-1.2434296322017042,0.0,-1.780675238769716,0.0
5.324,0.3093529037375317,0.0,-1.2469819377376317,0.0,-1.7716236869732775,0.0
5.3260000000000005,0.3068554026688383,0.0,-1.2505161005904066,0.0,-1.7625325964267091,0.0
5.328,0.3043508514828579,0.0,-1.2540320419277493,0.0,-1.7534022125318613,0.0
5.33,0.30183928670104265,0.0,-1.2575296834092602,0.0,-1.7442327817624261,0.0
5.332,0.2993207450010339,0.0,-1.2610089471885506,0.0,-1.7350245516564344,0.0
5.3340000000000005,0.296795263215667,0.0,-1.264469755915369,0.0,-1.725777770808668,0.0
5.336,0.2942628783319854,0.0,-1.2679120327376983,0.0,-1.7164926888630951,0.0
5.338,0.29172362749023206,0.0,-1.2713357013038564,0.0,-1.7071695565052178,0.0
5.34,0.2891775479828523,0.0,-1.2747406857645667,0.0,-1.697808625454422,0.0
5.3420000000000005,0.28662467725348506,0.0,-1.2781269107750197,0.0,-1.6884101484562866,0.0
5.344,0.2840650528959554,0.0,-1.2814943014969145,0.0,-1.6789743792748797,0.0
5.346,0.2814987126532548,0.0,-1.284842783600491,0.0,-1.6695015726849873,0.0
5.348,0.27892569441652376,0.0,-1.2881722832665448,0.0,-1.6599919844643338,0.0
5.3500000000000005,0.27634603622402865,0.0,-1.291482727188422,0.0,-1.6504458713857832,0.0
5.352,0.2737597762601382,0.0,-1.2947740425740017,0.0,-1.640863491209491,0.0
5.354,0.27116695285428605,0.0,-1.2980461571476658,0.0,-1.6312451026750319,0.0
5.356,0.2685676044799393,0.0,-1.3012989991522477,0.0,-1.621590965493493,0.0
5.3580000000000005,0.2659617697535588,0.0,-1.3045324973509707,0.0,-1.6119013403395521,0.0
5.36,0.26334948743356024,0.0,-1.3077465810293576,0.0,-1.6021764888435297,0.0
5.362,0.2607307964192606,0.0,-1.3109411799971473,0.0,-1.5924166735833687,0.0
5.364,0.2581057357498337,0.0,-1.3141162245901723,0.0,-1.582622158076651,0.0
5.3660000000000005,0.25547434460325147,0.0,-1.317271645672236,0.0,-1.572793206772526,0.0
5.368,0.25283666229523394,0.0,-1.3204073746369596,0.0,-1.562930085043671,0.0
5.37,0.25019272827817784,0.0,-1.3235233434096314,0.0,-1.553033059178152,0.0
5.372,0.2475425821400971,0.0,-1.3266194844490236,0.0,-1.5431023963713246,0.0
5.3740000000000006,0.2448862636035526,0.0,-1.3296957307491999,0.0,-1.5331383647176586,0.0
5.376,0.24222381252458355,0.0,-1.3327520158413015,0.0,-1.5231412332025838,0.0
5.378,0.2395552688916253,0.0,-1.3357882737953282,0.0,-1.5131112716942525,0.0
5.38,0.2368806728244334,0.0,-1.3388044392218914,0.0,-1.5030487509353143,0.0
5.382,0.23420006457300002,0.0,-1.3418004472739555,0.0,-1.492953942534655,0.0
5.384,0.2315134845164673,0.0,-1.3447762336485614,0.0,-1.4828271189591127,0.0
5.386,0.22882097316204056,0.0,-1.347731734588534,0.0,-1.4726685535251696,0.0
5.388,0.22612257114388873,0.0,-1.3506668868841762,0.0,-1.4624785203905901,0.0
5.39,0.22341831922205319,0.0,-1.3535816278749377,0.0,-1.4522572945460852,0.0
5.392,0.2207082582813438,0.0,-1.35647589545108,0.0,-1.4420051518068973,0.0
5.394,0.217992429330242,0.0,-1.3593496280553063,0.0,-1.4317223688044227,0.0
5.396,0.21527087349978558,0.0,-1.3622027646843968,0.0,-1.4214092229777302,0.0
5.398,0.21254363204246576,0.0,-1.3650352448908085,0.0,-1.4110659925651365,0.0
5.4,0.20981074633110958,0.0,-1.3678470087842687,0.0,-1.4006929565956918,0.0
5.402,0.2070722578577699,0.0,-1.3706379970333442,0.0,-1.3902903948807006,0.0
5.404,0.20432820823259948,0.0,-1.3734081508670002,0.0,-1.379858588005165,0.0
5.406,0.20157863918273133,0.0,-1.3761574120761404,0.0,-1.3693978173192325,0.0
5.408,0.19882359255115373,0.0,-1.3788857230151255,0.0,-1.35890836492963,0.0
5.41,0.1960631102955835,0.0,-1.3815930266032774,0.0,-1.3483905136910561,0.0
5.412,0.1932972344873305,0.0,-1.38427926632637,0.0,-1.337844547197558,0.0
5.414,0.19052600731016545,0.0,-1.3869443862380977,0.0,-1.327270749773879,0.0
5.416,0.18774947105918216,0.0,-1.3895883309615278,0.0,-1.3166694064668059,0.0
5.418,0.18496766813966115,0.0,-1.3922110456905337,0.0,-1.306040803036483,0.0
5.42,0.1821806410659192,0.0,-1.3948124761912184,0.0,-1.295385225947682,0.0
5.422,0.1793884324601687,0.0,-1.3973925688033102,0.0,-1.2847029623610866,0.0
5.424,0.1765910850513671,0.0,-1.3999512704415489,0.0,-1.2739943001245433,0.0
5.426,0.1737886416740699,0.0,-1.4024885285970452,0.0,-1.263259527764299,0.0
5.428,0.17098114526726876,0.0,-1.4050042913386382,0.0,-1.2524989344761814,0.0
5.43,0.16816863887323993,0.0,-1.40749850731422,0.0,-1.241712810116817,0.0
5.432,0.16535116563638236,0.0,-1.4099711257520502,0.0,-1.2309014451947786,0.0
5.434,0.16252876880206232,0.0,-1.4124220964620453,0.0,-1.2200651308617707,0.0
5.436,0.15970149171543774,0.0,-1.4148513698370664,0.0,-1.2092041589037152,0.0
5.438,0.1568693778202996,0.0,-1.4172588968541704,0.0,-1.1983188217319027,0.0
5.44,0.15403247065789716,0.0,-1.4196446290758573,0.0,-1.1874094123740584,0.0
5.442,0.15119081386577296,0.0,-1.4220085186512863,0.0,-1.1764762244654543,0.0
5.444,0.14834445117657893,0.0,-1.4243505183174934,0.0,-1.1655195522399326,0.0
5.446,0.1454934264169054,0.0,-1.4266705814005705,0.0,-1.1545396905209606,0.0
5.448,0.1426377835061,0.0,-1.428968661816839,0.0,-1.1435369347126618,0.0
5.45,0.13977756645508965,0.0,-1.4312447140740003,0.0,-1.1325115807908201,0.0
5.452,0.1369128193651904,0.0,-1.433498693272273,0.0,-1.1214639252938667,0.0
5.454,0.13404358642692438,0.0,-1.4357305551055082,0.0,-1.1103942653138485,0.0
5.456,0.13116991191883207,0.0,-1.4379402558622858,0.0,-1.0993028984873998,0.0
5.458,0.12829184020628312,0.0,-1.4401277524269962,0.0,-1.088190122986687,0.0
5.46,0.1254094157402789,0.0,-1.4422930022809033,0.0,-1.0770562375103139,0.0
5.462,0.12252268305626107,0.0,-1.444435963503186,0.0,-1.0659015412742483,0.0
5.464,0.11963168677291382,0.0,-1.4465565947719665,0.0,-1.05472633400272,0.0
5.466,0.11673647159096931,0.0,-1.4486548553653122,0.0,-1.0435309159191113,0.0
5.468,0.11383708229199747,0.0,-1.4507307051622327,0.0,-1.032315587736793,0.0
5.47,0.11093356373721139,0.0,-1.4527841046436456,0.0,-1.0210806506500145,0.0
5.472,0.10802596086625726,0.0,-1.45481501489333,0.0,-1.0098264063247118,0.0
5.474,0.10511431869601409,0.0,-1.456823397598861,0.0,-0.99855315688937,0.0
5.476,0.10219868231937715,0.0,-1.4588092150525254,0.0,-0.9872612049257962,0.0
5.478,0.09927909690405362,0.0,-1.4607724301522191,0.0,-0.9759508534599524,0.0
5.48,0.09635560769134721,0.0,-1.4627130064023288,0.0,-0.9646224059527155,0.0
5.482,0.0934282599949488,0.0,-1.4646309079145854,0.0,-0.9532761662906863,0.0
5.484,0.09049709919971496,0.0,-1.4665260994089144,0.0,-0.941912438776921,0.0
5.486,0.0875621707604533,0.0,-1.4683985462142561,0.0,-0.9305315281216895,0.0
5.488,0.08462352020070486,0.0,-1.4702482142693702,0.0,-0.9191337394332293,0.0
5.49,0.08168119311152319,0.0,-1.4720750701236232,0.0,-0.9077193782084606,0.0
5.492,0.07873523515025126,0.0,-1.4738790809377558,0.0,-0.896288750323712,0.0
5.494,0.0757856920392975,0.0,-1.475660214484634,0.0,-0.8848421620254148,0.0
5.496,0.07283260956491276,0.0,-1.4774184391499792,0.0,-0.873379919920813,0.0
5.498,0.06987603357596547,0.0,-1.4791537239330785,0.0,-0.861902330968658,0.0
5.5,0.06691600998270797,0.0,-1.480866038447481,0.0,-0.8504097024698565,0.0
5.502,0.06395258475555042,0.0,-1.4825553529216746,0.0,-0.8389023420581554,0.0
5.5040000000000004,0.060985803923831405,0.0,-1.484221638199737,0.0,-0.8273805576908042,0.0
5.506,0.058015713574588415,0.0,-1.4858648657419753,0.0,-0.8158446576392124,0.0
5.508,0.05504235985131659,0.0,-1.4874850076255481,0.0,-0.8042949504795562,0.0
5.51,0.05206578895274297,0.0,-1.4890820365450628,0.0,-0.7927317450834488,0.0
5.5120000000000005,0.04908604713158378,0.0,-1.4906559258131575,0.0,-0.7811553506085344,0.0
5.514,0.046103180693317404,0.0,-1.4922066493610613,0.0,-0.7695660764891457,0.0
5.516,0.04311723599493422,0.0,-1.4937341817391454,0.0,-0.7579642324268602,0.0
5.518,0.0401282594437084,0.0,-1.4952384981174407,0.0,-0.7463501283811509,0.0
5.5200000000000005,0.03713629749595067,0.0,-1.496719574286148,0.0,-0.7347240745599454,0.0
5.522,0.03414139665577571,0.0,-1.4981773866561237,0.0,-0.7230863814102535,0.0
5.524,0.031143603473851422,0.0,-1.4996119122593496,0.0,-0.7114373596087167,0.0
5.526,0.028142964546161244,0.0,-1.5010231287493836,0.0,-0.6997773200521931,0.0
5.5280000000000005,0.025139526512759323,0.0,-1.5024110144017886,0.0,-0.6881065738483432,0.0
5.53,0.02213333605652757,0.0,-1.503775548114547,0.0,-0.6764254323061838,0.0
5.532,0.0191244399019282,0.0,-1.5051167094084512,0.0,-0.664734206926656,0.0
5.534,0.016112884813758093,0.0,-1.5064344784274804,0.0,-0.6530332093931692,0.0
5.5360000000000005,0.013098717595902733,0.0,-1.5077288359391559,0.0,-0.641322751562168,0.0
5.538,0.010081985090091767,0.0,-1.5089997633348746,0.0,-0.6296031454536868,0.0
5.54,0.007062734174644222,0.0,-1.5102472426302316,0.0,-0.617874703241862,0.0
5.542,0.00404101176322544,0.0,-1.5114712564653159,0.0,-0.6061377372455088,0.0
5.5440000000000005,0.001016864803593709,0.0,-1.5126717881049903,0.0,-0.5943925599186283,0.0
5.546,-0.0020096597236437252,0.0,-1.5138488214391537,0.0,-0.582639483840978,0.0
5.548,-0.005038514806288261,0.0,-1.5150023409829818,0.0,-0.5708788217085626,0.0
5.55,-0.008069653401794736,0.0,-1.516132331877151,0.0,-0.5591108863241978,0.0
5.5520000000000005,-0.0111030284385281,0.0,-1.5172387798880425,0.0,-0.5473359905880092,0.0
5.554,-0.014138592817006638,0.0,-1.518321671407926,0.0,-0.5355544474879975,0.0
5.556,-0.017176299411163755,0.0,-1.519380993455128,0.0,-0.5237665700905145,0.0
5.558,-0.020216101069593925,0.0,-1.5204167336741783,0.0,-0.511972671530826,0.0
5.5600000000000005,-0.02325795061680847,0.0,-1.5214288803359381,0.0,-0.5001730650036054,0.0
5.562,-0.026301800854484168,0.0,-1.52241742233771,0.0,-0.48836806375348585,0.0
5.564,-0.029347604562720744,0.0,-1.5233823492033263,0.0,-0.4765579810655575,0.0
5.566,-0.03239531450129251,0.0,-1.5243236510832237,0.0,-0.4647431302558916,0.0
5.5680000000000005,-0.035444883410901275,0.0,-1.5252413187544938,0.0,-0.4529238246620749,0.0
5.57,-0.03849626401442766,0.0,-1.5261353436209162,0.0,-0.4411003776337278,0.0
5.572,-0.041549409018187836,0.0,-1.5270057177129739,0.0,-0.4292731025230244,0.0
5.574,-0.04460427111318636,0.0,-1.5278524336878496,0.0,-0.41744231267521403,0.0
5.5760000000000005,-0.04766080297637018,0.0,-1.528675484829403,0.0,-0.40560832141915204,0.0
5.578,-0.050718957271875496,0.0,-1.529474865048124,0.0,-0.393771442057847,0.0
5.58,-0.05377868665229107,0.0,-1.530250568881077,0.0,-0.38193198785895033,0.0
5.582,-0.05683994375990383,0.0,-1.5310025914918177,0.0,-0.37009027204532763,0.0
5.5840000000000005,-0.05990268122795724,0.0,-1.531730928670296,0.0,-0.35824660778556316,0.0
5.586,-0.0629668516818942,0.0,-1.5324355768327338,0.0,-0.34640130818454024,0.0
5.588,-0.06603240774062398,0.0,-1.5331165330214955,0.0,-0.3345546862739287,0.0
5.59,-0.06909930201776206,0.0,-1.5337737949049246,0.0,-0.32270705500277896,0.0
5.5920000000000005,-0.07216748712288967,0.0,-1.5344073607771735,0.0,-0.31085872722803437,0.0
5.594,-0.07523691566279661,0.0,-1.5350172295580076,0.0,-0.29901001570512736,0.0
5.596,-0.07830754024274304,0.0,-1.5356034007925943,0.0,-0.28716123307848784,0.0
5.598,-0.08137931346770194,0.0,-1.5361658746512712,0.0,-0.2753126918721471,0.0
5.6000000000000005,-0.08445218794361423,0.0,-1.5367046519292953,0.0,-0.2634647044802757,0.0
5.602,-0.08752611627863217,0.0,-1.537219734046575,0.0,-0.25161758315778937,0.0
5.604,-0.09060105108437512,0.0,-1.5377111230473803,0.0,-0.23977164001090115,0.0
5.606,-0.0936769449771751,0.0,-1.538178821600038,0.0,-0.22792718698771042,0.0
5.6080000000000005,-0.09675375057932467,0.0,-1.5386228329966052,0.0,-0.21608453586880724,0.0
5.61,-0.09983142052032125,0.0,-1.5390431611525233,0.0,-0.2042439982578655,0.0
5.612,-0.1029099074381189,0.0,-1.5394398106062577,0.0,-0.19240588557224364,0.0
5.614,-0.1059891639803712,0.0,-1.5398127865189146,0.0,-0.18057050903359245,0.0
5.6160000000000005,-0.10906914280567637,0.0,-1.5401620946738388,0.0,-0.16873817965848686,0.0
5.618,-0.1121497965848181,0.0,-1.540487741476197,0.0,-0.15690920824905735,0.0
5.62,-0.1152310780020161,0.0,-1.5407897339525363,0.0,-0.1450839053835984,0.0
5.622,-0.11831293975616153,0.0,-1.5410680797503296,0.0,-0.13326258140724467,0.0
5.6240000000000006,-0.12139533456206389,0.0,-1.541322787137499,0.0,-0.12144554642259336,0.0
5.626,-0.12447821515168328,0.0,-1.5415538650019212,0.0,-0.10963311028040595,0.0
5.628,-0.12756153427538025,0.0,-1.5417613228509146,0.0,-0.09782558257022955,0.0
5.63,-0.1306452447031465,0.0,-1.541945170810709,0.0,-0.08602327261111803,0.0
5.632,-0.13372929922584517,0.0,-1.5421054196258919,0.0,-0.07422648944229626,0.0
5.634,-0.136813650656449,0.0,-1.5422420806588446,0.0,-0.06243554181386951,0.0
5.636,-0.13989825183126606,0.0,-1.5423551658891492,0.0,-0.05065073817755211,0.0
5.638,-0.14298305561118657,0.0,-1.542444687912986,0.0,-0.03887238667735127,0.0
5.64,-0.14606801488290755,0.0,-1.542510659942508,0.0,-0.027100795140323097,0.0
5.642,-0.14915308256016613,0.0,-1.5425530958051978,0.0,-0.015336271067314222,0.0
5.644,-0.15223821158496553,0.0,-1.542572009943205,0.0,-0.003579121623727255,0.0
5.646,-0.15532335492881183,0.0,-1.5425674174126667,0.0,0.008170346369743842,0.0
5.648,-0.1584084655939354,0.0,-1.5425393338830116,0.0,0.01991182644630446,0.0
5.65,-0.1614934966145198,0.0,-1.542487775636237,0.0,0.031645012502290015,0.0
5.652,-0.16457840105791893,0.0,-1.542412759566179,0.0,0.043369598806327236,0.0
5.654,-0.1676631320258915,0.0,-1.542314303177755,0.0,0.055085280008564275,0.0
5.656,-0.1707476426558137,0.0,-1.5421924245861944,0.0,0.0667917511498008,0.0
5.658,-0.17383188612190448,0.0,-1.5420471425162456,0.0,0.07848870767067379,0.0
5.66,-0.17691581563643533,0.0,-1.541878476301368,0.0,0.09017584542075946,0.0
5.662,-0.17999938445095992,0.0,-1.5416864458829065,0.0,0.10185286066775728,0.0
5.664,-0.18308254585751643,0.0,-1.5414710718092453,0.0,0.11351945010654413,0.0
5.666,-0.1861652531898507,0.0,-1.5412323752349417,0.0,0.12517531086832612,0.0
5.668,-0.1892474598246166,0.0,-1.5409703779198494,0.0,0.13682014052967056,0.0
5.67,-0.19232911918259807,0.0,-1.5406851022282135,0.0,0.14845363712162163,0.0
5.672,-0.19541018472990931,0.0,-1.5403765711277568,0.0,0.1600754991387256,0.0
5.674,-0.19849060997920348,0.0,-1.5400448081887408,0.0,0.17168542554807958,0.0
5.676,-0.20157034849087319,0.0,-1.5396898375830146,0.0,0.18328311579833068,0.0
5.678,-0.2046493538742591,0.0,-1.5393116840830383,0.0,0.19486826982871808,0.0
5.68,-0.2077275797888436,0.0,-1.5389103730608982,0.0,0.20644058807801774,0.0
5.682,-0.2108049799454561,0.0,-1.538485930487294,0.0,0.2179997714935571,0.0
5.684,-0.21388150810745854,0.0,-1.5380383829305153,0.0,0.22954552154011926,0.0
5.686,-0.2169571180919518,0.0,-1.5375677575553977,0.0,0.2410775402089253,0.0
5.688,-0.2200317637709613,0.0,-1.5370740821222588,0.0,0.25259553002653057,0.0
5.69,-0.22310539907262553,0.0,-1.5365573849858238,0.0,0.2640991940637097,0.0
5.692,-0.22617797798238798,0.0,-1.5360176950941207,0.0,0.27558823594437387,0.0
5.694,-0.22924945454417867,0.0,-1.5354550419873725,0.0,0.2870623598543934,0.0
5.696,-0.232319782861601,0.0,-1.5348694557968594,0.0,0.2985212705504765,0.0
5.698,-0.23538891709911225,0.0,-1.5342609672437688,0.0,0.30996467336898037,0.0
5.7,-0.2384568114831955,0.0,-1.5336296076380318,0.0,0.32139227423469363,0.0
5.702,-0.24152342030354762,0.0,-1.5329754088771304,0.0,0.3328037796696682,0.0
5.704,-0.24458869791424265,0.0,-1.5322984034449012,0.0,0.3441988968019341,0.0
5.706,-0.2476525987349128,0.0,-1.5315986244103095,0.0,0.3555773333742963,0.0
5.708,-0.25071507725190534,0.0,-1.530876105426214,0.0,0.3669387977529998,0.0
5.71,-0.25377608801946117,0.0,-1.5301308807281093,0.0,0.37828299893648726,0.0
5.712,-0.2568355856608725,0.0,-1.5293629851328538,0.0,0.3896096465640505,0.0
5.714,-0.2598935248696473,0.0,-1.5285724540373793,0.0,0.40091845092450645,0.0
5.716,-0.26294986041066054,0.0,-1.527759323417384,0.0,0.4122091229648074,0.0
5.718,-0.2660045471213222,0.0,-1.5269236298260052,0.0,0.4234813742987036,0.0
5.72,-0.2690575399127228,0.0,-1.5260654103924822,0.0,0.4347349172152959,0.0
5.722,-0.2721087937707879,0.0,-1.525184702820789,0.0,0.445969464687644,0.0
5.724,-0.27515826375742003,0.0,-1.5242815453882663,0.0,0.45718473038127316,0.0
5.726,-0.27820590501165315,0.0,-1.5233559769442218,0.0,0.468380428662746,0.0
5.728,-0.28125167275079,0.0,-1.5224080369085216,0.0,0.4795562746081438,0.0
5.73,-0.28429552227154054,0.0,-1.521437765270167,0.0,0.4907119840115334,0.0
5.732,-0.2873374089511607,0.0,-1.520445202585839,0.0,0.5018472733934505,0.0
5.734,-0.2903772882485884,0.0,-1.5194303899784527,0.0,0.5129618600093081,0.0
5.736,-0.29341511570557094,0.0,-1.5183933691356641,0.0,0.524055461857822,0.0
5.738,-0.29645084694779633,0.0,-1.5173341823083835,0.0,0.535127797689388,0.0
5.74,-0.29948443768601146,0.0,-1.5162528723092619,0.0,0.5461785870144175,0.0
5.742,-0.3025158437171547,0.0,-1.5151494825111609,0.0,0.5572075501117135,0.0
5.744,-0.3055450209254655,0.0,-1.5140240568456134,0.0,0.5682144080367335,0.0
5.746,-0.30857192528360594,0.0,-1.5128766398012525,0.0,0.5791988826299102,0.0
5.748,-0.31159651285376855,0.0,-1.5117072764222435,0.0,0.590160696524869,0.0
5.75,-0.31461873978879074,0.0,-1.5105160123066805,0.0,0.6010995731566916,0.0
5.752,-0.31763856233325805,0.0,-1.5093028936049815,0.0,0.6120152367701,0.0
5.7540000000000004,-0.32065593682460913,0.0,-1.5080679670182557,0.0,0.6229074124276421,0.0
5.756,-0.3236708196942303,0.0,-1.5068112797966664,0.0,0.6337758260178229,0.0
5.758,-0.32668316746855885,0.0,-1.5055328797377663,0.0,0.6446202042632443,0.0
5.76,-0.3296929367701727,0.0,-1.5042328151848199,0.0,0.6554402747287034,0.0
5.7620000000000005,-0.33270008431888165,0.0,-1.5029111350251134,0.0,0.6662357658292508,0.0
5.764,-0.33570456693280976,0.0,-1.5015678886882498,0.0,0.6770064068382171,0.0
5.766,-0.33870634152948387,0.0,-1.5002031261444155,0.0,0.6877519278952503,0.0
5.768,-0.3417053651269099,0.0,-1.4988168979026466,0.0,0.698472060014285,0.0
5.7700000000000005,-0.3447015948446487,0.0,-1.4974092550090727,0.0,0.7091665350914831,0.0
5.772,-0.3476949879048882,0.0,-1.4959802490451375,0.0,0.7198350859131851,0.0
5.774,-0.35068550163351386,0.0,-1.4945299321258205,0.0,0.7304774461637777,0.0
5.776,-0.35367309346117337,0.0,-1.4930583568978242,0.0,0.7410933504335859,0.0
5.7780000000000005,-0.35665772092433884,0.0,-1.4915655765377576,0.0,0.7516825342266971,0.0
5.78,-0.35963934166636113,0.0,-1.490051644750305,0.0,0.7622447339687534,0.0
5.782,-0.36261791343853045,0.0,-1.488516615766367,0.0,0.7727796870147597,0.0
5.784,-0.3655933941011206,0.0,-1.4869605443412026,0.0,0.7832871316567942,0.0
5.7860000000000005,-0.3685657416244421,0.0,-1.485383485752539,0.0,0.7937668071317594,0.0
5.788,-0.3715349140898768,0.0,-1.483785495798682,0.0,0.8042184536290251,0.0
5.79,-0.3745008696909253,0.0,-1.482166630796597,0.0,0.8146418122981196,0.0
5.792,-0.37746356673424053,0.0,-1.4805269475799858,0.0,0.8250366252563358,0.0
5.7940000000000005,-0.38042296364065725,0.0,-1.4788665034973394,0.0,0.8354026355963209,0.0
5.796,-0.3833790189462167,0.0,-1.477185356409983,0.0,0.8457395873936214,0.0
5.798,-0.3863316913031972,0.0,-1.475483564690104,0.0,0.8560472257142286,0.0
5.8,-0.38928093948113074,0.0,-1.473761187218758,0.0,0.8663252966220721,0.0
5.8020000000000005,-0.3922267223678194,0.0,-1.4720182833838675,0.0,0.8765735471864758,0.0
5.804,-0.3951689989703415,0.0,-1.4702549130782085,0.0,0.8867917254895656,0.0
5.806,-0.3981077284160698,0.0,-1.468471136697372,0.0,0.8969795806337064,0.0
5.808,-0.40104286995366706,0.0,-1.4666670151377157,0.0,0.9071368627488351,0.0
5.8100000000000005,-0.40397438295408783,0.0,-1.464842609794309,0.0,0.917263322999786,0.0
5.812,-0.4069022269115727,0.0,-1.4629979825588446,0.0,0.9273587135936069,0.0
5.814,-0.40982636144464146,0.0,-1.4611331958175582,0.0,0.9374227877867964,0.0
5.816,-0.41274674629707975,0.0,-1.4592483124491138,0.0,0.9474552998925534,0.0
5.8180000000000005,-0.4156633413389217,0.0,-1.457343395822485,0.0,0.9574560052879578,0.0
5.82,-0.4185761065674252,0.0,-1.4554185097948271,0.0,0.9674246604211159,0.0
5.822,-0.4214850021080516,0.0,-1.4534737187093152,0.0,0.9773610228183129,0.0
5.824,-0.42438998821543095,0.0,-1.451509087392994,0.0,0.9872648510910665,0.0
5.8260000000000005,-0.42729102527433227,0.0,-1.449524681154589,0.0,0.997135904943215,0.0
5.828,-0.43018807380061685,0.0,-1.447520565782324,0.0,1.006973945177894,0.0
5.83,-0.4330810944422046,0.0,-1.4454968075417085,0.0,1.0167787337045557,0.0
5.832,-0.43597004798002054,0.0,-1.4434534731733222,0.0,1.0265500335458935,0.0
5.8340000000000005,-0.43885489532894495,0.0,-1.4413906298905776,0.0,1.0362876088447583,0.0
5.836,-0.441735597538753,0.0,-1.4393083453774813,0.0,1.0459912248710197,0.0
5.838,-0.4446121157950589,0.0,-1.4372066877863647,0.0,1.0556606480284119,0.0
5.84,-0.44748441142024775,0.0,-1.4350857257356107,0.0,1.0652956458613396,0.0
5.8420000000000005,-0.4503524458744068,0.0,-1.4329455283073667,0.0,1.0748959870616337,0.0
5.844,-0.45321618075624504,0.0,-1.4307861650452476,0.0,1.0844614414752587,0.0
5.846,-0.45607557780402275,0.0,-1.4286077059520128,0.0,1.0939917801090344,0.0
5.848,-0.4589305988964617,0.0,-1.426410221487241,0.0,1.103486775137267,0.0
5.8500000000000005,-0.4617812060536571,0.0,-1.4241937825649942,0.0,1.1129461999083512,0.0
5.852,-0.4646273614379845,0.0,-1.4219584605514524,0.0,1.1223698289513717,0.0
5.854,-0.46746902735500234,0.0,-1.419704327262556,0.0,1.1317574379826085,0.0
5.856,-0.47030616625434934,0.0,-1.4174314549616174,0.0,1.1411088039120618,0.0
5.8580000000000005,-0.4731387407306371,0.0,-1.415139916356929,0.0,1.1504237048498993,0.0
5.86,-0.47596671352433273,0.0,-1.4128297845993611,0.0,1.1597019201128604,0.0
5.862,-0.47879004752264936,0.0,-1.410501133279934,0.0,1.1689432302306706,0.0
5.864,-0.4816087057604197,0.0,-1.408154036427396,0.0,1.1781474169523534,0.0
5.8660000000000005,-0.4844226514209709,0.0,-1.405788568505766,0.0,1.1873142632525562,0.0
5.868,-0.48723184783698614,0.0,-1.4034048044118896,0.0,1.1964435533377822,0.0
5.87,-0.4900362584913782,0.0,-1.4010028194729576,0.0,1.2055350726526493,0.0
5.872,-0.4928358470181411,0.0,-1.3985826894440292,0.0,1.2145886078860495,0.0
5.8740000000000006,-0.49563057720320597,0.0,-1.3961444905055358,0.0,1.223603946977304,0.0
5.876,-0.4984204129852835,0.0,-1.393688299260777,0.0,1.2325808791222432,0.0
5.878,-0.501205318456717,0.0,-1.3912141927333999,0.0,1.241519194779297,0.0
5.88,-0.503985257864313,0.0,-1.3887222483648631,0.0,1.2504186856755015,0.0
5.882000000000001,-0.5067601956101786,0.0,-1.3862125440118986,0.0,1.2592791448124843,0.0
5.884,-0.5095300962525425,0.0,-1.3836851579439597,0.0,1.2681003664723822,0.0
5.886,-0.5122949245065879,0.0,-1.381140168840645,0.0,1.2768821462237727,0.0
5.888,-0.5150546452452637,0.0,-1.378577655789125,0.0,1.2856242809275098,0.0
5.89,-0.5178092235000978,0.0,-1.375997698281556,0.0,1.2943265687425312,0.0
5.892,-0.5205586244620067,0.0,-1.3734003762124674,0.0,1.3029888091316535,0.0
5.894,-0.523302813482094,0.0,-1.3707857698761605,0.0,1.3116108028672755,0.0
5.896,-0.5260417560724513,0.0,-1.368153959964073,0.0,1.320192352037091,0.0
5.898,-0.5287754179069477,0.0,-1.3655050275621479,0.0,1.3287332600497195,0.0
5.9,-0.5315037648220176,0.0,-1.3628390541481845,0.0,1.3372333316403175,0.0
5.902,-0.5342267628174365,0.0,-1.3601561215891842,0.0,1.3456923728761234,0.0
5.904,-0.5369443780571045,0.0,-1.3574563121386762,0.0,1.3541101911619904,0.0
5.906,-0.5396565768698126,0.0,-1.3547397084340356,0.0,1.362486595245861,0.0
5.908,-0.5423633257500085,0.0,-1.352006393493793,0.0,1.3708213952241926,0.0
5.91,-0.5450645913585537,0.0,-1.3492564507149387,0.0,1.379114402547337,0.0
5.912,-0.5477603405234821,0.0,-1.346489963870199,0.0,1.387365430024901,0.0
5.914,-0.5504505402407459,0.0,-1.343707017105317,0.0,1.3955742918310399,0.0
5.916,-0.5531351576749605,0.0,-1.3409076949363217,0.0,1.4037408035097068,0.0
5.918,-0.555814160160137,0.0,-1.3380920822467808,0.0,1.4118647819798644,0.0
5.92,-0.5584875152004241,0.0,-1.3352602642850406,0.0,1.4199460455406727,0.0
5.922,-0.5611551904708265,0.0,-1.332412326661467,0.0,1.4279844138765898,0.0
5.924,-0.5638171538179338,0.0,-1.3295483553456648,0.0,1.435979708062471,0.0
5.926,-0.5664733732606246,0.0,-1.326668436663701,0.0,1.443931750568572,0.0
5.928,-0.5691238169907895,0.0,-1.3237726572952944,0.0,1.4518403652655776,0.0
5.93,-0.5717684533740273,0.0,-1.320861104271025,0.0,1.459705377429512,0.0
5.932,-0.5744072509503487,0.0,-1.3179338649695052,0.0,1.4675266137466674,0.0
5.934,-0.5770401784348631,0.0,-1.3149910271145666,0.0,1.475303902318426,0.0
5.936,-0.5796672047184734,0.0,-1.312032678772414,0.0,1.4830370726660975,0.0
5.938,-0.5822882988685563,0.0,-1.3090589083487874,0.0,1.4907259557356705,0.0
5.94,-0.5849034301296357,0.0,-1.3060698045861046,0.0,1.4983703839025289,0.0
5.942,-0.5875125679240524,0.0,-1.3030654565606026,0.0,1.5059701909761138,0.0
5.944,-0.5901156818526334,0.0,-1.300045953679462,0.0,1.513525212204563,0.0
5.946,-0.5927127416953488,0.0,-1.2970113856779206,0.0,1.5210352842792894,0.0
5.948,-0.5953037174119649,0.0,-1.2939618426163861,0.0,1.5285002453395082,0.0
5.95,-0.5978885791426892,0.0,-1.290897414877543,0.0,1.5359199349767154,0.0
5.952,-0.6004672972088172,0.0,-1.2878181931634298,0.0,1.5432941942391447,0.0
5.954,-0.6030398421133646,0.0,-1.2847242684925289,0.0,1.5506228656361507,0.0
5.956,-0.6056061845416982,0.0,-1.2816157321968427,0.0,1.5579057931425515,0.0
5.958,-0.6081662953621576,0.0,-1.2784926759189552,0.0,1.5651428222029262,0.0
5.96,-0.6107201456266786,0.0,-1.2753551916090837,0.0,1.5723337997358826,0.0
5.962,-0.6132677065714018,0.0,-1.2722033715221333,0.0,1.5794785741382458,0.0
5.964,-0.6158089496172805,0.0,-1.2690373082147306,0.0,1.5865769952892226,0.0
5.966,-0.6183438463706779,0.0,-1.2658570945422658,0.0,1.5936289145545022,0.0
5.968,-0.6208723686239669,0.0,-1.2626628236558988,0.0,1.6006341847903323,0.0
5.97,-0.6233944883561147,0.0,-1.2594545889995903,0.0,1.6075926603475184,0.0
5.972,-0.6259101777332687,0.0,-1.2562324843070947,0.0,1.614504197075406,0.0
5.974,-0.628419409109327,0.0,-1.2529966035989732,0.0,1.6213686523257762,0.0
5.976,-0.6309221550265169,0.0,-1.249747041179573,0.0,1.6281858849567414,0.0
5.978,-0.6334183882159548,0.0,-1.2464838916340155,0.0,1.6349557553365512,0.0
5.98,-0.635908081598205,0.0,-1.2432072498251725,0.0,1.6416781253473718,0.0
5.982,-0.6383912082838326,0.0,-1.239917210890637,0.0,1.6483528583890037,0.0
5.984,-0.6408677415739503,0.0,-1.2366138702396823,0.0,1.6549798193825653,0.0
5.986,-0.6433376549607591,0.0,-1.2332973235502103,0.0,1.661558874774121,0.0
5.988,-0.6458009221280827,0.0,-1.2299676667657042,0.0,1.6680898925382606,0.0
5.99,-0.6482575169518908,0.0,-1.2266249960921713,0.0,1.6745727421816141,0.0
5.992,-0.6507074135008293,0.0,-1.2232694079950661,0.0,1.6810072947463566,0.0
5.994,-0.6531505860367302,0.0,-1.2199009991962182,0.0,1.687393422813625,0.0
5.996,-0.6555870090151247,0.0,-1.2165198666707595,0.0,1.6937310005069066,0.0
5.998,-0.6580166570857409,0.0,-1.2131261076440278,0.0,1.70001990349536,0.0
6.0,-0.660439505093009,0.0,-1.2097198195884717,0.0,1.7062600089971185,0.0
6.002,-0.6628555280765472,0.0,-1.2063011002205533,0.0,1.7124511957825113,0.0
6.0040000000000004,-0.6652647012716499,0.0,-1.2028700474976364,0.0,1.7185933441772554,0.0
6.006,-0.66766700010976,0.0,-1.1994267596148827,0.0,1.724686336065575,0.0
6.008,-0.6700624002189501,0.0,-1.1959713350021155,0.0,1.730730054893309,0.0
6.01,-0.6724508774243836,0.0,-1.1925038723207106,0.0,1.7367243856709318,0.0
6.0120000000000005,-0.6748324077487762,0.0,-1.1890244704604478,0.0,1.7426692149765457,0.0
6.014,-0.6772069674128453,0.0,-1.185533228536388,0.0,1.7485644309588018,0.0
6.016,-0.6795745328357652,0.0,-1.1820302458857166,0.0,1.7544099233398056,0.0
6.018,-0.6819350806356025,0.0,-1.1785156220646007,0.0,1.7602055834179384,0.0
6.0200000000000005,-0.684288587629754,0.0,-1.1749894568450299,0.0,1.765951304070648,0.0
6.022,-0.686635030835369,0.0,-1.1714518502116615,0.0,1.771646979757169,0.0
6.024,-0.6889743874697821,0.0,-1.167902902358651,0.0,1.7772925065212275,0.0
6.026,-0.6913066349509194,0.0,-1.1643427136864748,0.0,1.782887781993659,0.0
6.0280000000000005,-0.6936317508977139,0.0,-1.1607713847987589,0.0,1.7884327053949978,0.0
6.03,-0.6959497131305028,0.0,-1.1571890164991019,0.0,1.7939271775379957,0.0
6.032,-0.6982604996714311,0.0,-1.1535957097878777,0.0,1.7993711008301216,0.0
6.034,-0.7005640887448379,0.0,-1.1499915658590476,0.0,1.8047643792759798,0.0
6.0360000000000005,-0.702860458777641,0.0,-1.1463766860969686,0.0,1.8101069184796887,0.0
6.038,-0.7051495883997141,0.0,-1.142751172073188,0.0,1.8153986256472092,0.0
6.04,-0.7074314564442589,0.0,-1.1391151255432341,0.0,1.8206394095886262,0.0
6.042,-0.7097060419481693,0.0,-1.1354686484434109,0.0,1.8258291807203686,0.0
6.0440000000000005,-0.7119733241523919,0.0,-1.1318118428875779,0.0,1.8309678510673886,0.0
6.046,-0.7142332825022714,0.0,-1.1281448111639425,0.0,1.8360553342652728,0.0
6.048,-0.7164858966479046,0.0,-1.1244676557318196,0.0,1.841091545562332,0.0
6.05,-0.7187311464444738,0.0,-1.1207804792184206,0.0,1.8460764018216063,0.0
6.0520000000000005,-0.7209690119525817,0.0,-1.1170833844156076,0.0,1.8510098215228428,0.0
6.054,-0.7231994734385756,0.0,-1.1133764742766714,0.0,1.8558917247644064,0.0
6.056,-0.7254225113748682,0.0,-1.1096598519130816,0.0,1.8607220332651502,0.0
6.058,-0.7276381064402518,0.0,-1.1059336205912482,0.0,1.8655006703662278,0.0
6.0600000000000005,-0.7298462395202038,0.0,-1.102197883729275,0.0,1.8702275610328578,0.0
6.062,-0.732046891707184,0.0,-1.098452744893713,0.0,1.874902631856025,0.0
6.064,-0.734240044300934,0.0,-1.0946983077963035,0.0,1.8795258110541515,0.0
6.066,-0.7364256788087596,0.0,-1.0909346762907195,0.0,1.8840970284746976,0.0
6.0680000000000005,-0.7386037769458166,0.0,-1.087161954369307,0.0,1.8886162155957238,0.0
6.07,-0.7407743206353761,0.0,-1.0833802461598316,0.0,1.8930833055273761,0.0
6.072,-0.7429372920091009,0.0,-1.0795896559221991,0.0,1.8974982330133572,0.0
6.074,-0.7450926734073022,0.0,-1.0757902880451924,0.0,1.901860934432317,0.0
6.0760000000000005,-0.7472404473791963,0.0,-1.0719822470432052,0.0,1.9061713477992006,0.0
6.078,-0.7493805966831475,0.0,-1.0681656375529645,0.0,1.9104294127665378,0.0
6.08,-0.7515131042869161,0.0,-1.0643405643302495,0.0,1.9146350706256976,0.0
6.082,-0.753637953367891,0.0,-1.060507132246618,0.0,1.9187882643080747,0.0
6.0840000000000005,-0.7557551273133164,0.0,-1.0566654462861225,0.0,1.9228889383862242,0.0
6.086,-0.7578646097205116,0.0,-1.0528156115420353,0.0,1.9269370390749463,0.0
6.088,-0.7599663843970923,0.0,-1.0489577332135465,0.0,1.930932514232331,0.0
6.09,-0.7620604353611748,0.0,-1.045091916602495,0.0,1.9348753133607315,0.0
6.0920000000000005,-0.7641467468415799,0.0,-1.0412182671100605,0.0,1.9387653876076993,0.0
6.094,-0.7662253032780236,0.0,-1.037336890233492,0.0,1.9426026897668516,0.0
6.096,-0.7682960893213147,0.0,-1.0334478915627963,0.0,1.946387174278714,0.0
6.098,-0.7703590898335293,0.0,-1.029551376777455,0.0,1.9501187972314766,0.0
6.1000000000000005,-0.7724142898881908,0.0,-1.0256474516431215,0.0,1.9537975163617243,0.0
6.102,-0.774461674770434,0.0,-1.0217362220083333,0.0,1.957423291055096,0.0
6.104,-0.776501229977174,0.0,-1.0178177938012052,0.0,1.9609960823469108,0.0
6.106,-0.7785329412172581,0.0,-1.013892273026128,0.0,1.9645158529227253,0.0
6.1080000000000005,-0.7805567944116163,0.0,-1.0099597657604704,0.0,1.9679825671188458,0.0
6.11,-0.7825727756934029,0.0,-1.0060203781512838,0.0,1.9713961909227846,0.0
6.112,-0.784580871408133,0.0,-1.0020742164119865,0.0,1.9747566919736692,0.0
6.114,-0.7865810681138135,0.0,-0.9981213868190667,0.0,1.9780640395625944,0.0
6.1160000000000005,-0.7885733525810641,0.0,-0.9941619957087825,0.0,1.9813182046329243,0.0
6.118,-0.7905577117932318,0.0,-0.9901961494738529,0.0,1.9845191597805356,0.0
6.12,-0.7925341329465054,0.0,-0.9862239545601482,0.0,1.9876668792540233,0.0
6.122,-0.7945026034500156,0.0,-0.9822455174633904,0.0,1.9907613389548378,0.0
6.1240000000000006,-0.7964631109259307,0.0,-0.978260944725844,0.0,1.9938025164373778,0.0
6.126,-0.7984156432095477,0.0,-0.974270342933018,0.0,1.9967903909090294,0.0
6.128,-0.8003601883493752,0.0,-0.9702738187103448,0.0,1.999724943230152,0.0
6.13,-0.8022967346072095,0.0,-0.9662714787198918,0.0,2.0026061559140134,0.0
6.132000000000001,-0.8042252704582067,0.0,-0.9622634296570388,0.0,2.005434013126672,0.0
6.134,-0.80614578459094,0.0,-0.9582497782471895,0.0,2.0082085006868,0.0
6.136,-0.8080582659074648,0.0,-0.9542306312424511,0.0,2.0109296060654684,0.0
6.138,-0.8099627035233627,0.0,-0.9502060954183382,0.0,2.0135973183858686,0.0
6.140000000000001,-0.8118590867677883,0.0,-0.946176277570466,0.0,2.0162116284229805,0.0
6.142,-0.8137474051835034,0.0,-0.942141284511252,0.0,2.018772528603199,0.0
6.144,-0.8156276485269092,0.0,-0.9381012230666094,0.0,2.0212800130038953,0.0
6.146,-0.8174998067680697,0.0,-0.9340562000726426,0.0,2.0237340773529344,0.0
6.148,-0.8193638700907284,0.0,-0.9300063223723519,0.0,2.0261347190281382,0.0
6.15,-0.8212198288923201,0.0,-0.9259516968123302,0.0,2.0284819370566964,0.0
6.152,-0.8230676737839695,0.0,-0.9218924302394751,0.0,2.0307757321145186,0.0
6.154,-0.824907395590498,0.0,-0.9178286294976734,0.0,2.0330161065255528,0.0
6.156,-0.8267389853504058,0.0,-0.9137604014245262,0.0,2.0352030642610277,0.0
6.158,-0.8285624343158613,0.0,-0.9096878528480371,0.0,2.037336610938661,0.0
6.16,-0.8303777339526734,0.0,-0.9056110905833372,0.0,2.0394167538218007,0.0
6.162,-0.8321848759402686,0.0,-0.9015302214293791,0.0,2.041443501818534,0.0
6.164,-0.8339838521716513,0.0,-0.8974453521656577,0.0,2.0434168654807245,0.0
6.166,-0.8357746547533633,0.0,-0.8933565895489188,0.0,2.045336857003008,0.0
6.168,-0.8375572760054328,0.0,-0.8892640403098819,0.0,2.047203490221735,0.0
6.17,-0.8393317084613224,0.0,-0.8851678111499525,0.0,2.049016780613858,0.0
6.172,-0.8410979448678652,0.0,-0.8810680087379381,0.0,2.05077674529577,0.0
6.174,-0.8428559781851963,0.0,-0.8769647397067755,0.0,2.052483403022091,0.0
6.176,-0.8446058015866769,0.0,-0.8728581106502615,0.0,2.0541367741843986,0.0
6.178,-0.8463474084588156,0.0,-0.8687482281197672,0.0,2.0557368808099143,0.0
6.18,-0.8480807924011777,0.0,-0.8646351986209748,0.0,2.057283746560132,0.0
6.182,-0.8498059472262929,0.0,-0.8605191286106143,0.0,2.0587773967293974,0.0
6.184,-0.8515228669595503,0.0,-0.8564001244931964,0.0,2.0602178582434347,0.0
6.186,-0.8532315458390947,0.0,-0.852278292617745,0.0,2.0616051596578204,0.0
6.188,-0.8549319783157106,0.0,-0.8481537392745468,0.0,2.062939331156411,0.0
6.19,-0.856624159052702,0.0,-0.8440265706918916,0.0,2.0642204045497112,0.0
6.192,-0.8583080829257625,0.0,-0.8398968930328299,0.0,2.065448413273199,0.0
6.194,-0.8599837450228466,0.0,-0.8357648123919087,0.0,2.0666233923855932,0.0
6.196,-0.8616511406440255,0.0,-0.8316304347919439,0.0,2.067745378567076,0.0
6.198,-0.863310265301342,0.0,-0.8274938661807633,0.0,2.068814410117452,0.0
6.2,-0.8649611147186561,0.0,-0.8233552124279853,0.0,2.0698305269542763,0.0
6.202,-0.8666036848314866,0.0,-0.8192145793217706,0.0,2.070793770610908,0.0
6.204,-0.8682379717868449,0.0,-0.8150720725656011,0.0,2.071704184234532,0.0
6.206,-0.869863971943062,0.0,-0.8109277977750502,0.0,2.0725618125841194,0.0
6.208,-0.8714816818696077,0.0,-0.806781860474568,0.0,2.0733667020283395,0.0
6.21,-0.8730910983469089,0.0,-0.8026343660942584,0.0,2.0741189005434255,0.0
6.212,-0.8746922183661545,0.0,-0.7984854199666638,0.0,2.0748184577109785,0.0
6.214,-0.8762850391291009,0.0,-0.7943351273235579,0.0,2.0754654247157363,0.0
6.216,-0.8778695580478602,0.0,-0.7901835932927537,0.0,2.0760598543432742,0.0
6.218,-0.8794457727446964,0.0,-0.7860309228948843,0.0,2.07660180097767,0.0
6.22,-0.8810136810518039,0.0,-0.7818772210402201,0.0,2.0770913205991097,0.0
6.222,-0.8825732810110866,0.0,-0.77772259252548,0.0,2.077528470781453,0.0
6.224,-0.8841245708739217,0.0,-0.7735671420306454,0.0,2.0779133106897287,0.0
6.226,-0.885667549100931,0.0,-0.7694109741157721,0.0,2.078245901077609,0.0
6.228,-0.8872022143617323,0.0,-0.7652541932178255,0.0,2.078526304284801,0.0
6.23,-0.8887285655346912,0.0,-0.7610969036475055,0.0,2.0787545842344173,0.0
6.232,-0.8902466017066653,0.0,-0.7569392095860912,0.0,2.0789308064302796,0.0
6.234,-0.8917563221727434,0.0,-0.752781215082267,0.0,2.0790550379541726,0.0
6.236,-0.8932577264359772,0.0,-0.7486230240489861,0.0,2.079127347463067,0.0
6.238,-0.8947508142071052,0.0,-0.7444647402603064,0.0,2.0791478051862597,0.0
6.24,-0.8962355854042726,0.0,-0.7403064673482668,0.0,2.0791164829225,0.0
6.242,-0.8977120401527438,0.0,-0.7361483087997341,0.0,2.079033454037039,0.0
6.244,-0.8991801787846098,0.0,-0.7319903679532833,0.0,2.0788987934586456,0.0
6.246,-0.9006400018384872,0.0,-0.7278327479960691,0.0,2.078712577676565,0.0
6.248,-0.9020915100592124,0.0,-0.7236755519607136,0.0,2.078474884737436,0.0
6.25,-0.9035347043975314,0.0,-0.719518882722191,0.0,2.078185794242155,0.0
6.252,-0.9049695860097787,0.0,-0.7153628429947174,0.0,2.0778453873426823,0.0
6.2540000000000004,-0.9063961562575547,0.0,-0.7112075353286573,0.0,2.077453746738814,0.0
6.256,-0.9078144167073936,0.0,-0.707053062107436,0.0,2.077010956674907,0.0
6.258,-0.9092243691304273,0.0,-0.7028995255444429,0.0,2.076517102936532,0.0
6.26,-0.9106260155020407,0.0,-0.6987470276799578,0.0,2.075972272847102,0.0
6.2620000000000005,-0.9120193580015263,0.0,-0.6945956703780813,0.0,2.0753765552644516,0.0
6.264,-0.9134043990117225,0.0,-0.6904455553236695,0.0,2.0747300405773474,0.0
6.266,-0.9147811411186584,0.0,-0.6862967840192664,0.0,2.074032820701971,0.0
6.268,-0.9161495871111819,0.0,-0.6821494577820626,0.0,2.0732849890783456,0.0
6.2700000000000005,-0.917509739980588,0.0,-0.6780036777408451,0.0,2.0724866406667153,0.0
6.272,-0.9188616029202383,0.0,-0.6738595448329698,0.0,2.071637871943883,0.0
6.274,-0.920205179325175,0.0,-0.6697171598013172,0.0,2.070738780899481,0.0
6.276,-0.921540472791729,0.0,-0.6655766231912869,0.0,2.069789467032227,0.0
6.2780000000000005,-0.9228674871171227,0.0,-0.6614380353477669,0.0,2.0687900313460963,0.0
6.28,-0.9241862262990638,0.0,-0.657301496412144,0.0,2.067740576346475,0.0
6.282,-0.9254966945353378,0.0,-0.6531671063192894,0.0,2.066641206036252,0.0
6.284,-0.9267988962233901,0.0,-0.6490349647945752,0.0,2.065492025911862,0.0
6.2860000000000005,-0.9280928359599081,0.0,-0.6449051713508935,0.0,2.064293142959309,0.0
6.288,-0.9293785185403849,0.0,-0.6407778252856745,0.0,2.0630446656500827,0.0
6.29,-0.9306559489586939,0.0,-0.6366530256779281,0.0,2.061746703937108,0.0
6.292,-0.9319251324066449,0.0,-0.6325308713852762,0.0,2.0603993692505775,0.0
6.2940000000000005,-0.9331860742735395,0.0,-0.6284114610410045,0.0,2.059002774493779,0.0
6.296,-0.9344387801457175,0.0,-0.6242948930511314,0.0,2.0575570340388665,0.0
6.298,-0.9356832558061019,0.0,-0.6201812655914579,0.0,2.056062263722577,0.0
6.3,-0.9369195072337361,0.0,-0.6160706766046502,0.0,2.054518580841912,0.0
6.3020000000000005,-0.9381475406033124,0.0,-0.6119632237973277,0.0,2.0529261041497753,0.0
6.304,-0.9393673622846962,0.0,-0.6078590046371536,0.0,2.0512849538505464,0.0
6.306,-0.9405789788424486,0.0,-0.6037581163499295,0.0,2.049595251595628,0.0
6.308,-0.9417823970353375,0.0,-0.5996606559167126,0.0,2.047857120478943,0.0
6.3100000000000005,-0.9429776238158458,0.0,-0.595566720070932,0.0,2.0460706850323804,0.0
6.312,-0.9441646663296736,0.0,-0.5914764052955243,0.0,2.0442360712212113,0.0
6.314,-0.9453435319152332,0.0,-0.587389807820059,0.0,2.0423534064394318,0.0
6.316,-0.9465142281031413,0.0,-0.5833070236178997,0.0,2.0404228195050984,0.0
6.3180000000000005,-0.9476767626157028,0.0,-0.579228148403346,0.0,2.0384444406555815,0.0
6.32,-0.9488311433663881,0.0,-0.5751532776288166,0.0,2.0364184015428077,0.0
6.322,-0.9499773784593093,0.0,-0.5710825064820084,0.0,2.0343448352284312,0.0
6.324,-0.951115476188687,0.0,-0.5670159298830906,0.0,2.032223876178975,0.0
6.3260000000000005,-0.9522454450383129,0.0,-0.5629536424819024,0.0,2.030055660260938,0.0
6.328,-0.9533672936810035,0.0,-0.558895738655149,0.0,2.0278403247358225,0.0
6.33,-0.954481030978056,0.0,-0.5548423125036268,0.0,2.02557800825517,0.0
6.332,-0.9555866659786891,0.0,-0.5507934578494398,0.0,2.0232688508555,0.0
6.3340000000000005,-0.9566842079194862,0.0,-0.5467492682332361,0.0,2.0209129939532433,0.0
6.336,-0.9577736662238255,0.0,-0.5427098369114638,0.0,2.0185105803396244,0.0
6.338,-0.9588550505013144,0.0,-0.53867525685361,0.0,2.016061754175485,0.0
6.34,-0.9599283705472085,0.0,-0.5346456207394754,0.0,2.01356666098608,0.0
6.3420000000000005,-0.9609936363418323,0.0,-0.5306210209564544,0.0,2.0110254476558374,0.0
6.344,-0.9620508580499896,0.0,-0.5266015495968168,0.0,2.0084382624230566,0.0
6.346,-0.9631000460203716,0.0,-0.5225872984550038,0.0,2.0058052548745695,0.0
6.348,-0.9641412107849576,0.0,-0.5185783590249404,0.0,2.003126575940371,0.0
6.3500000000000005,-0.9651743630584138,0.0,-0.5145748224973499,0.0,2.0004023778881965,0.0
6.352,-0.9661995137374795,0.0,-0.5105767797570948,0.0,1.9976328143180697,0.0
6.354,-0.9672166739003578,0.0,-0.5065843213805008,0.0,1.9948180401567863,0.0
6.356,-0.9682258548060934,0.0,-0.5025975376327261,0.0,1.9919582116523895,0.0
6.3580000000000005,-0.9692270678939489,0.0,-0.4986165184651066,0.0,1.9890534863685672,0.0
6.36,-0.9702203247827713,0.0,-0.4946413535125504,0.0,1.9861040231790412,0.0
6.362,-0.9712056372703601,0.0,-0.4906721320909057,0.0,1.9831099822618916,0.0
6.364,-0.9721830173328252,0.0,-0.48670894319436553,0.0,1.9800715250938508,0.0
6.3660000000000005,-0.9731524771239424,0.0,-0.48275187549287873,0.0,1.9769888144445753,0.0
6.368,-0.9741140289744967,0.0,-0.4788010173295644,0.0,1.9738620143708225,0.0
6.37,-0.9750676853916348,0.0,-0.4748564567181488,0.0,1.970691290210664,0.0
6.372,-0.9760134590581986,0.0,-0.4709182813404006,0.0,1.9674768085775916,0.0
6.3740000000000006,-0.9769513628320583,0.0,-0.46698657854359205,0.0,1.9642187373546158,0.0
6.376,-0.9778814097454421,0.0,-0.46306143533797134,0.0,1.9609172456883326,0.0
6.378,-0.9788036130042587,0.0,-0.4591429383942259,0.0,1.9575725039829182,0.0
6.38,-0.97971798598742,0.0,-0.45523117404098945,0.0,1.95418468389413,0.0
6.382000000000001,-0.9806245422461474,0.0,-0.45132622826233076,0.0,1.9507539583232165,0.0
6.384,-0.9815232955032844,0.0,-0.44742818669528495,0.0,1.9472805014108387,0.0
6.386,-0.982414259652602,0.0,-0.4435371346273618,0.0,1.9437644885309193,0.0
6.388,-0.9832974487580917,0.0,-0.4396531569941009,0.0,1.940206096284462,0.0
6.390000000000001,-0.9841728770532641,0.0,-0.4357763383766131,0.0,1.9366055024933413,0.0
6.392,-0.9850405589404333,0.0,-0.4319067629991587,0.0,1.9329628861940524,0.0
6.394,-0.985900508990005,0.0,-0.4280445147267058,0.0,1.9292784276314046,0.0
6.396,-0.9867527419397534,0.0,-0.4241896770625374,0.0,1.9255523082522155,0.0
6.398000000000001,-0.9875972726940946,0.0,-0.42034233314583935,0.0,1.9217847106989163,0.0
6.4,-0.9884341163233583,0.0,-0.4165025657493292,0.0,1.9179758188031792,0.0
6.402,-0.9892632880630496,0.0,-0.41267045727687285,0.0,1.9141258175794515,0.0
6.404,-0.9900848033131115,0.0,-0.40884608976112885,0.0,1.9102348932184887,0.0
6.406,-0.9908986776371793,0.0,-0.4050295448612091,0.0,1.9063032330808567,0.0
6.408,-0.9917049267618315,0.0,-0.40122090386033205,0.0,1.9023310256903536,0.0
6.41,-0.9925035665758325,0.0,-0.39742024766352063,0.0,1.8983184607274524,0.0
6.412,-0.9932946131293798,0.0,-0.39362765679527695,0.0,1.894265729022662,0.0
6.414,-0.9940780826333357,0.0,-0.3898432113973018,0.0,1.8901730225498796,0.0
6.416,-0.9948539914584619,0.0,-0.3860669912262075,0.0,1.8860405344196938,0.0
6.418,-0.9956223561346461,0.0,-0.3822990756512576,0.0,1.8818684588726708,0.0
6.42,-0.9963831933501257,0.0,-0.37853954365211034,0.0,1.877656991272585,0.0
6.422,-0.997136519950706,0.0,-0.37478847381657515,0.0,1.8734063280996145,0.0
6.424,-0.9978823529389731,0.0,-0.3710459443383908,0.0,1.8691166669435204,0.0
6.426,-0.9986207094735056,0.0,-0.36731203301501814,0.0,1.8647882064967902,0.0
6.428,-0.9993516068680774,0.0,-0.3635868172454315,0.0,1.8604211465477225,0.0
6.43,-1.0000750625908632,0.0,-0.3598703740279354,0.0,1.8560156879735041,0.0
6.432,-1.0007910942636304,0.0,-0.35616277995800444,0.0,1.8515720327332557,0.0
6.434,-1.0014997196609299,0.0,-0.3524641112261136,0.0,1.8470903838610009,0.0
6.436,-1.0022009567092913,0.0,-0.34877444361560395,0.0,1.8425709454586772,0.0
6.438,-1.0028948234863986,0.0,-0.34509385250054847,0.0,1.8380139226890349,0.0
6.44,-1.0035813382202754,0.0,-0.3414224128436373,0.0,1.8334195217685556,0.0
6.442,-1.004260519288454,0.0,-0.33776019919408895,0.0,1.8287879499603297,0.0
6.444,-1.004932385217154,0.0,-0.3341072856855431,0.0,1.8241194155668783,0.0
6.446,-1.0055969546804429,0.0,-0.3304637460340111,0.0,1.8194141279229799,0.0
6.448,-1.0062542464994018,0.0,-0.32682965353580024,0.0,1.8146722973884204,0.0
6.45,-1.0069042796412815,0.0,-0.32320508106548756,0.0,1.809894135340763,0.0
6.452,-1.0075470732186593,0.0,-0.3195901010738774,0.0,1.805079854168039,0.0
6.454,-1.0081826464885892,0.0,-0.31598478558599463,0.0,1.8002296672614428,0.0
6.456,-1.0088110188517467,0.0,-0.31238920619908467,0.0,1.7953437890079726,0.0
6.458,-1.0094322098515736,0.0,-0.3088034340806308,0.0,1.7904224347830662,0.0
6.46,-1.0100462391734146,0.0,-0.3052275399663841,0.0,1.7854658209431822,0.0
6.462,-1.0106531266436531,0.0,-0.301661594158404,0.0,1.7804741648183504,0.0
6.464,-1.0112528922288404,0.0,-0.2981056665231235,0.0,1.7754476847047127,0.0
6.466,-1.0118455560348234,0.0,-0.29455982648942836,0.0,1.7703865998570338,0.0
6.468,-1.0124311383058688,0.0,-0.29102414304673624,0.0,1.765291130481153,0.0
6.47,-1.0130096594237794,0.0,-0.2874986847431102,0.0,1.760161497726434,0.0
6.472,-1.0135811399070136,0.0,-0.2839835196833799,0.0,1.7549979236781974,0.0
6.474,-1.0141456004097917,0.0,-0.2804787155272712,0.0,1.7498006313500702,0.0
6.476,-1.0147030617212098,0.0,-0.2769843394875636,0.0,1.7445698446763844,0.0
6.478,-1.015253544764339,0.0,-0.2735004583282524,0.0,1.7393057885044698,0.0
6.48,-1.015797070595329,0.0,-0.27002713836272885,0.0,1.7340086885869752,0.0
6.482,-1.0163336604025037,0.0,-0.2665644454519868,0.0,1.7286787715741476,0.0
6.484,-1.0168633355054544,0.0,-0.2631124450028221,0.0,1.7233162650060563,0.0
6.486,-1.0173861173541332,0.0,-0.2596712019660708,0.0,1.7179213973048457,0.0
6.488,-1.0179020275279327,0.0,-0.2562407808348462,0.0,1.7124943977668905,0.0
6.49,-1.0184110877347756,0.0,-0.2528212456428046,0.0,1.7070354965550019,0.0
6.492,-1.0189133198101885,0.0,-0.24941265996241457,0.0,1.7015449246905334,0.0
6.494,-1.0194087457163832,0.0,-0.24601508690324936,0.0,1.6960229140455172,0.0
6.496,-1.0198973875413235,0.0,-0.24262858911029384,0.0,1.6904696973347408,0.0
6.498,-1.0203792674977974,0.0,-0.23925322876227129,0.0,1.6848855081078238,0.0
6.5,-1.0208544079224864,0.0,-0.23588906756997385,0.0,1.6792705807412527,0.0
6.502,-1.0213228312750193,0.0,-0.23253616677462197,0.0,1.6736251504303765,0.0
6.5040000000000004,-1.02178456013704,0.0,-0.22919458714622876,0.0,1.667949453181415,0.0
6.506,-1.0222396172112578,0.0,-0.22586438898199934,0.0,1.6622437258034248,0.0
6.508,-1.0226880253205035,0.0,-0.22254563210471712,0.0,1.6565082059002223,0.0
6.51,-1.023129807406776,0.0,-0.21923837586117234,0.0,1.6507431318623071,0.0
6.5120000000000005,-1.0235649865302936,0.0,-0.21594267912059384,0.0,1.64494874285877,0.0
6.514,-1.0239935858685312,0.0,-0.2126586002731048,0.0,1.6391252788291435,0.0
6.516,-1.0244156287152653,0.0,-0.20938619722817842,0.0,1.6332729804752517,0.0
6.518,-1.0248311384796083,0.0,-0.2061255274131335,0.0,1.627392089253036,0.0
6.5200000000000005,-1.0252401386850445,0.0,-0.20287664777162628,0.0,1.6214828473643532,0.0
6.522,-1.0256426529684606,0.0,-0.19963961476217584,0.0,1.6155454977487684,0.0
6.524,-1.0260387050791728,0.0,-0.19641448435668585,0.0,1.6095802840752833,0.0
6.526,-1.0264283188779564,0.0,-0.19320131203900248,0.0,1.6035874507341061,0.0
6.5280000000000005,-1.0268115183360613,0.0,-0.1900001528034747,0.0,1.5975672428283265,0.0
6.53,-1.0271883275342377,0.0,-0.18681106115354285,0.0,1.591519906165647,0.0
6.532,-1.0275587706617513,0.0,-0.18363409110033024,0.0,1.5854456872500196,0.0
6.534,-1.0279228720153937,0.0,-0.18046929616126584,0.0,1.5793448332733158,0.0
6.5360000000000005,-1.0282806559984987,0.0,-0.17731672935871068,0.0,1.5732175921069476,0.0
6.538,-1.0286321471199473,0.0,-0.17417644321861603,0.0,1.5670642122934884,0.0
6.54,-1.0289773699931777,0.0,-0.1710484897691793,0.0,1.560884943038261,0.0
6.542,-1.029316349335182,0.0,-0.1679329205395329,0.0,1.554680034200889,0.0
6.5440000000000005,-1.0296491099655123,0.0,-0.16482978655844127,0.0,1.5484497362868654,0.0
6.546,-1.0299756768052772,0.0,-0.1617391383530219,0.0,1.542194300439094,0.0
6.548,-1.030296074876136,0.0,-0.15866102594747378,0.0,1.535913978429376,0.0
6.55,-1.0306103292992914,0.0,-0.15559549886183133,0.0,1.5296090226499184,0.0
6.5520000000000005,-1.0309184652944838,0.0,-0.1525426061107299,0.0,1.5232796861048232,0.0
6.554,-1.0312205081789745,0.0,-0.1495023962021963,0.0,1.51692622240153,0.0
6.556,-1.0315164833665327,0.0,-0.14647491713644167,0.0,1.5105488857422547,0.0
6.558,-1.0318064163664211,0.0,-0.14346021640468598,0.0,1.5041479309154222,0.0
6.5600000000000005,-1.032090332782373,0.0,-0.14045834098799337,0.0,1.4977236132870662,0.0
6.562,-1.0323682583115745,0.0,-0.13746933735612765,0.0,1.4912761887922386,0.0
6.564,-1.0326402187436365,0.0,-0.13449325146641777,0.0,1.4848059139263445,0.0
6.566,-1.0329062399595752,0.0,-0.13153012876265036,0.0,1.4783130457365448,0.0
6.5680000000000005,-1.0331663479307758,0.0,-0.12858001417397147,0.0,1.471797841813052,0.0
6.57,-1.0334205687179683,0.0,-0.12564295211381538,0.0,1.4652605602804958,0.0
6.572,-1.033668928470193,0.0,-0.12271898647883428,0.0,1.4587014597892025,0.0
6.574,-1.0339114534237641,0.0,-0.1198081606478657,0.0,1.452120799506504,0.0
6.5760000000000005,-1.0341481699012387,0.0,-0.11691051748089643,0.0,1.4455188391080145,0.0
6.578,-1.0343791043103687,0.0,-0.11402609931807006,0.0,1.4388958387689001,0.0
6.58,-1.034604283143071,0.0,-0.11115494797868164,0.0,1.4322520591551315,0.0
6.582,-1.034823732974376,0.0,-0.10829710476021193,0.0,1.4255877614147032,0.0
6.5840000000000005,-1.0350374804613873,0.0,-0.10545261043736931,0.0,1.4189032071688703,0.0
6.586,-1.0352455523422348,0.0,-0.10262150526115954,0.0,1.4121986585033692,0.0
6.588,-1.0354479754350256,0.0,-0.09980382895795292,0.0,1.405474377959592,0.0
6.59,-1.0356447766367938,0.0,-0.09699962072859114,0.0,1.3987306285257761,0.0
6.5920000000000005,-1.0358359829224502,0.0,-0.09420891924750041,0.0,1.3919676736281938,0.0
6.594,-1.0360216213437263,0.0,-0.09143176266182562,0.0,1.3851857771222937,0.0
6.596,-1.0362017190281192,0.0,-0.08866818859057612,0.0,1.3783852032838424,0.0
6.598,-1.036376303177837,0.0,-0.08591823412379673,0.0,1.3715662168000744,0.0
6.6000000000000005,-1.036545401068736,0.0,-0.08318193582175482,0.0,1.3647290827608032,0.0
6.602,-1.0367090400492651,0.0,-0.0804593297141436,0.0,1.3578740666495583,0.0
6.604,-1.0368672475393992,0.0,-0.07775045129930092,0.0,1.3510014343346461,0.0
6.606,-1.0370200510295797,0.0,-0.075055335543453,0.0,1.3441114520602877,0.0
6.6080000000000005,-1.037167478079647,0.0,-0.07237401687996559,0.0,1.3372043864376546,0.0
6.61,-1.0373095563177732,0.0,-0.06970652920862852,0.0,1.330280504435981,0.0
6.612,-1.0374463134393987,0.0,-0.06705290589493695,0.0,1.3233400733735916,0.0
6.614,-1.0375777772061574,0.0,-0.0644131797694103,0.0,1.3163833609089728,0.0
6.6160000000000005,-1.0377039754448099,0.0,-0.061787383126916784,0.0,1.3094106350318033,0.0
6.618,-1.0378249360461707,0.0,-0.0591755477260234,0.0,1.3024221640540077,0.0
6.62,-1.0379406869640344,0.0,-0.05657770478835811,0.0,1.2954182166007668,0.0
6.622,-1.0380512562141013,0.0,-0.053993884997991515,0.0,1.2883990616015277,0.0
6.6240000000000006,-1.038156671872901,0.0,-0.05142411850083817,0.0,1.2813649682810218,0.0
6.626,-1.0382569620767172,0.0,-0.04886843490407933,0.0,1.274316206150281,0.0
6.628,-1.0383521550205081,0.0,-0.046326863275591545,0.0,1.2672530449976032,0.0
6.63,-1.0384422789568286,0.0,-0.043799432143405315,0.0,1.2601757548795534,0.0
6.632000000000001,-1.0385273621947493,0.0,-0.04128616949517827,0.0,1.2530846061119543,0.0
6.634,-1.0386074330987751,0.0,-0.03878710277768538,0.0,1.2459798692608506,0.0
6.636,-1.038682520087763,0.0,-0.03630225889632466,0.0,1.2388618151334645,0.0
6.638,-1.0387526516338392,0.0,-0.03383166421464823,0.0,1.2317307147691734,0.0
6.640000000000001,-1.0388178562613148,0.0,-0.03137534455390156,0.0,1.2245868394304584,0.0
6.642,-1.0388781625456,0.0,-0.028933325192595283,0.0,1.21743046059387,0.0
6.644,-1.03893359911212,0.0,-0.026505630866074825,0.0,1.210261849940943,0.0
6.646,-1.0389841946352267,0.0,-0.02409228576612954,0.0,1.203081279349176,0.0
6.648000000000001,-1.0390299778371126,0.0,-0.02169331354059889,0.0,1.1958890208829296,0.0
6.65,-1.0390709774867204,0.0,-0.01930873729302196,0.0,1.1886853467843932,0.0
6.652,-1.039107222398655,0.0,-0.01693857958227951,0.0,1.1814705294644845,0.0
6.654,-1.0391387414320958,0.0,-0.014582862422268361,0.0,1.1742448414937918,0.0
6.656000000000001,-1.0391655634897028,0.0,-0.012241607281592848,0.0,1.167008555593486,0.0
6.658,-1.039187717516529,0.0,-0.009914835083274287,0.0,1.1597619446262526,0.0
6.66,-1.039205232498927,0.0,-0.007602566204473082,0.0,1.1525052815872021,0.0
6.662,-1.0392181374634593,0.0,-0.0053048204762314866,0.0,1.1452388395947695,0.0
6.664,-1.0392264614758013,0.0,-0.0030216171832438965,0.0,1.1379628918816411,0.0
6.666,-1.0392302336396533,0.0,-0.0007529750636284804,0.0,1.130677711785656,0.0
6.668,-1.0392294830956448,0.0,0.0015010876912652238,0.0,1.1233835727407318,0.0
6.67,-1.0392242390202395,0.0,0.003740553437046934,0.0,1.1160807482677395,0.0
6.672,-1.039214530624646,0.0,0.005965405076448049,0.0,1.1087695119654482,0.0
6.674,-1.0392003871537168,0.0,0.008175626059466201,0.0,1.1014501375013885,0.0
6.676,-1.0391818378848596,0.0,0.010371200383496149,0.0,1.0941228986028024,0.0
6.678,-1.039158912126938,0.0,0.012552112593438358,0.0,1.086788069047507,0.0
6.68,-1.0391316392191794,0.0,0.014718347781793595,0.0,1.0794459226548248,0.0
6.682,-1.0391000485300776,0.0,0.01686989158873442,0.0,1.0720967332764777,0.0
6.684,-1.0390641694562985,0.0,0.01900673020215926,0.0,1.0647407747875075,0.0
6.686,-1.0390240314215862,0.0,0.021128850357736484,0.0,1.0573783210771779,0.0
6.688,-1.0389796638756628,0.0,0.023236239338916498,0.0,1.0500096460398676,0.0
6.69,-1.038931096293138,0.0,0.025328884976938415,0.0,1.0426350235659962,0.0
6.692,-1.0388783581724101,0.0,0.02740677565080818,0.0,1.0352547275329504,0.0
6.694,-1.0388214790345722,0.0,0.029469900287268147,0.0,1.0278690317959691,0.0
6.696,-1.0387604884223147,0.0,0.031518248360739354,0.0,1.020478210179075,0.0
6.698,-1.0386954158988346,0.0,0.033551809893255125,0.0,1.013082536466011,0.0
6.7,-1.0386262910467352,0.0,0.03557057545436437,0.0,1.0056822843911457,0.0
6.702,-1.0385531434669328,0.0,0.03757453616103035,0.0,0.9982777276303978,0.0
6.704,-1.0384760027775635,0.0,0.039563683677501515,0.0,0.9908691397921792,0.0
6.706,-1.0383948986128873,0.0,0.04153801021517056,0.0,0.9834567944083221,0.0
6.708,-1.0383098606221954,0.0,0.04349750853240486,0.0,0.9760409649250363,0.0
6.71,-1.0382209184687132,0.0,0.045442171934374054,0.0,0.9686219246938195,0.0
6.712,-1.0381281018285122,0.0,0.04737199427284888,0.0,0.9611999469624499,0.0
6.714,-1.0380314403894109,0.0,0.04928696994598403,0.0,0.9537753048658956,0.0
6.716,-1.0379309638498875,0.0,0.05118709389808129,0.0,0.9463482714173165,0.0
6.718,-1.037826701917985,0.0,0.053072361619342145,0.0,0.9389191194989965,0.0
6.72,-1.0377186843102195,0.0,0.05494276914559504,0.0,0.9314881218533366,0.0
6.722,-1.0376069407504906,0.0,0.05679831305800398,0.0,0.9240555510738194,0.0
6.724,-1.0374915009689907,0.0,0.058638990482762,0.0,0.9166216795960108,0.0
6.726,-1.037372394701116,0.0,0.06046479909077174,0.0,0.9091867796885458,0.0
6.728,-1.0372496516863743,0.0,0.06227573709729556,0.0,0.9017511234441119,0.0
6.73,-1.0371233016673005,0.0,0.06407180326160022,0.0,0.8943149827704706,0.0
6.732,-1.0369933743883661,0.0,0.06585299688657159,0.0,0.8868786293814848,0.0
6.734,-1.0368598995948948,0.0,0.06761931781832686,0.0,0.879442334788115,0.0
6.736,-1.0367229070319741,0.0,0.06937076644579176,0.0,0.8720063702894607,0.0
6.738,-1.0365824264433723,0.0,0.0711073437002725,0.0,0.8645710069638168,0.0
6.74,-1.0364384875704518,0.0,0.07282905105500093,0.0,0.8571365156597068,0.0
6.742,-1.036291120151088,0.0,0.07453589052467091,0.0,0.8497031669869355,0.0
6.744,-1.0361403539185852,0.0,0.07622786466495007,0.0,0.8422712313076703,0.0
6.746,-1.0359862186005957,0.0,0.07790497657197348,0.0,0.8348409787275102,0.0
6.748,-1.0358287439180405,0.0,0.07956722988182519,0.0,0.8274126790865942,0.0
6.75,-1.0356679595840275,0.0,0.08121462876999569,0.0,0.819986601950663,0.0
6.752,-1.0355038953027773,0.0,0.08284717795082591,0.0,0.8125630166022113,0.0
6.7540000000000004,-1.0353365807685397,0.0,0.0844648826769307,0.0,0.8051421920315665,0.0
6.756,-1.0351660456645244,0.0,0.08606774873860434,0.0,0.7977243969280596,0.0
6.758,-1.0349923196618223,0.0,0.08765578246321437,0.0,0.7903098996711369,0.0
6.76,-1.0348154324183327,0.0,0.0892289907145678,0.0,0.7828989683215319,0.0
6.7620000000000005,-1.0346354135776914,0.0,0.0907873808922679,0.0,0.7754918706124249,0.0
6.764,-1.0344522927682007,0.0,0.09233096093104948,0.0,0.7680888739406374,0.0
6.766,-1.0342660996017587,0.0,0.0938597393000975,0.0,0.760690245357815,0.0
6.768,-1.0340768636727904,0.0,0.09537372500234653,0.0,0.753296251561623,0.0
6.7700000000000005,-1.0338846145571818,0.0,0.0968729275737672,0.0,0.745907158886975,0.0
6.772,-1.0336893818112158,0.0,0.09835735708262716,0.0,0.7385232332972806,0.0
6.774,-1.0334911949705055,0.0,0.09982702412874378,0.0,0.7311447403756639,0.0
6.776,-1.0332900835489336,0.0,0.10128193984271305,0.0,0.7237719453162368,0.0
6.7780000000000005,-1.0330860770375934,0.0,0.10272211588512276,0.0,0.716405112915386,0.0
6.78,-1.0328792049037256,0.0,0.10414756444574891,0.0,0.7090445075630518,0.0
6.782,-1.0326694965896648,0.0,0.10555829824273333,0.0,0.7016903932340238,0.0
6.784,-1.0324569815117792,0.0,0.10695433052174463,0.0,0.6943430334792753,0.0
6.7860000000000005,-1.03224168905942,0.0,0.10833567505512309,0.0,0.68700269141729,0.0
6.788,-1.0320236485938687,0.0,0.10970234614100449,0.0,0.6796696297254331,0.0
6.79,-1.0318028894472835,0.0,0.1110543586024319,0.0,0.672344110631284,0.0
6.792,-1.031579440921655,0.0,0.11239172778644968,0.0,0.6650263959040628,0.0
6.7940000000000005,-1.0313533322877542,0.0,0.11371446956317188,0.0,0.6577167468459874,0.0
6.796,-1.0311245927840909,0.0,0.11502260032484257,0.0,0.6504154242837336,0.0
6.798,-1.030893251615868,0.0,0.1163161369848773,0.0,0.643122688559835,0.0
6.8,-1.030659337953942,0.0,0.1175950969768853,0.0,0.6358387995241557,0.0
6.8020000000000005,-1.030422880933782,0.0,0.11885949825367714,0.0,0.6285640165253509,0.0
6.804,-1.0301839096544343,0.0,0.12010935928624794,0.0,0.6212985984023681,0.0
6.806,-1.0299424531774855,0.0,0.12134469906276107,0.0,0.6140428034759496,0.0
6.808,-1.0296985405260295,0.0,0.12256553708749096,0.0,0.6067968895401413,0.0
6.8100000000000005,-1.0294522006836353,0.0,0.12377189337976757,0.0,0.5995611138538507,0.0
6.812,-1.0292034625933213,0.0,0.12496378847289613,0.0,0.592335733132425,0.0
6.814,-1.0289523551565243,0.0,0.1261412434130622,0.0,0.585121003539203,0.0
6.816,-1.028698907232077,0.0,0.12730427975821906,0.0,0.5779171806771345,0.0
6.8180000000000005,-1.0284431476351865,0.0,0.12845291957695937,0.0,0.570724519580412,0.0
6.82,-1.0281851051364124,0.0,0.1295871854473682,0.0,0.5635432747061027,0.0
6.822,-1.0279248084606496,0.0,0.13070710045585998,0.0,0.556373699925803,0.0
6.824,-1.0276622862861127,0.0,0.13181268819599956,0.0,0.5492160485173374,0.0
6.8260000000000005,-1.0273975672433229,0.0,0.13290397276730892,0.0,0.542070573156454,0.0
6.828,-1.027130679914098,0.0,0.1339809787740488,0.0,0.5349375259085695,0.0
6.83,-1.0268616528305423,0.0,0.13504373132399639,0.0,0.5278171582204848,0.0
6.832,-1.026590514474044,0.0,0.13609225602719743,0.0,0.5207097209121931,0.0
6.8340000000000005,-1.0263172932742681,0.0,0.13712657899470204,0.0,0.5136154641686326,0.0
6.836,-1.0260420176081595,0.0,0.1381467268372905,0.0,0.5065346375315408,0.0
6.838,-1.0257647157989407,0.0,0.1391527266641744,0.0,0.4994674898912569,0.0
6.84,-1.0254854161151203,0.0,0.14014460608168922,0.0,0.49241426947860145,0.0
6.8420000000000005,-1.0252041467694966,0.0,0.14112239319196518,0.0,0.48537522385675014,0.0
6.844,-1.0249209359181701,0.0,0.14208611659158354,0.0,0.478350599913154,0.0
6.846,-1.0246358116595549,0.0,0.14303580537022054,0.0,0.4713406438514607,0.0
6.848,-1.0243488020333937,0.0,0.14397148910926777,0.0,0.4643456011834599,0.0
6.8500000000000005,-1.024059935019774,0.0,0.14489319788044036,0.0,0.4573657167210695,0.0
6.852,-1.023769238538154,0.0,0.1458009622443739,0.0,0.4504012345683549,0.0
6.854,-1.0234767404463803,0.0,0.1466948132491956,0.0,0.4434523981135259,0.0
6.856,-1.0231824685397175,0.0,0.14757478242908512,0.0,0.4365194500210051,0.0
6.8580000000000005,-1.0228864505498785,0.0,0.14844090180282588,0.0,0.42960263222351613,0.0
6.86,-1.0225887141440535,0.0,0.14929320387232214,0.0,0.4227021859141732,0.0
6.862,-1.0222892869239475,0.0,0.1501317216211212,0.0,0.4158183515386068,0.0
6.864,-1.0219881964248179,0.0,0.15095648851290888,0.0,0.4089513687871281,0.0
6.8660000000000005,-1.021685470114516,0.0,0.15176753848998814,0.0,0.40210147658690365,0.0
6.868,-1.021381135392532,0.0,0.15256490597174643,0.0,0.3952689130941801,0.0
6.87,-1.0210752195890394,0.0,0.1533486258531051,0.0,0.38845391568648713,0.0
6.872,-1.020767749963951,0.0,0.15411873350296018,0.0,0.3816567209549365,0.0
6.8740000000000006,-1.0204587537059648,0.0,0.15487526476259234,0.0,0.3748775646964735,0.0
6.876,-1.0201482579316294,0.0,0.15561825594407597,0.0,0.36811668190622837,0.0
6.878,-1.0198362896843975,0.0,0.15634774382867062,0.0,0.3613743067698323,0.0
6.88,-1.019522875933691,0.0,0.1570637656651891,0.0,0.35465067265580397,0.0
6.882000000000001,-1.0192080435739692,0.0,0.15776635916835735,0.0,0.3479460121079424,0.0
6.884,-1.0188918194237966,0.0,0.15845556251715726,0.0,0.3412605568377689,0.0
6.886,-1.0185742302249194,0.0,0.15913141435315958,0.0,0.33459453771697656,0.0
6.888,-1.0182553026413348,0.0,0.15979395377882727,0.0,0.32794818476990617,0.0
6.890000000000001,-1.01793506325838,0.0,0.16044322035582026,0.0,0.3213217271660721,0.0
6.892,-1.0176135385818081,0.0,0.1610792541032776,0.0,0.3147153932127196,0.0
6.894,-1.0172907550368804,0.0,0.16170209549608328,0.0,0.30812941034737484,0.0
6.896,-1.0169667389674508,0.0,0.16231178546311842,0.0,0.30156400513046033,0.0
6.898000000000001,-1.0166415166350669,0.0,0.16290836538550701,0.0,0.2950194032379422,0.0
6.9,-1.016315114218061,0.0,0.16349187709483004,0.0,0.28849582945398256,0.0
6.902,-1.015987557810653,0.0,0.16406236287133946,0.0,0.28199350766362963,0.0
6.904,-1.0156588734220562,0.0,0.16461986544215368,0.0,0.27551266084555714,0.0
6.906000000000001,-1.0153290869755833,0.0,0.16516442797943343,0.0,0.26905351106481246,0.0
6.908,-1.0149982243077604,0.0,0.16569609409855435,0.0,0.2626162794656248,0.0
6.91,-1.0146663111674397,0.0,0.16621490785624793,0.0,0.25620118626419375,0.0
6.912,-1.0143333732149218,0.0,0.1667209137487506,0.0,0.24980845074157965,0.0
6.914,-1.0139994360210753,0.0,0.16721415670991435,0.0,0.2434382912365538,0.0
6.916,-1.013664525066466,0.0,0.16769468210932315,0.0,0.2370909251385327,0.0
6.918,-1.0133286657404867,0.0,0.1681625357503841,0.0,0.2307665688805356,0.0
6.92,-1.0129918833404898,0.0,0.16861776386840727,0.0,0.22446543793214624,0.0
6.922,-1.0126542030709274,0.0,0.16906041312867182,0.0,0.21818774679253594,0.0
6.924,-1.0123156500424937,0.0,0.16949053062448477,0.0,0.21193370898352426,0.0
6.926,-1.0119762492712692,0.0,0.16990816387520757,0.0,0.20570353704264854,0.0
6.928,-1.0116360256778705,0.0,0.17031336082428788,0.0,0.19949744251627277,0.0
6.93,-1.0112950040866056,0.0,0.17070616983727088,0.0,0.1933156359527497,0.0
6.932,-1.010953209224631,0.0,0.17108663969979315,0.0,0.18715832689559408,0.0
6.934,-1.0106106657211136,0.0,0.17145481961556852,0.0,0.18102572387671723,0.0
6.936,-1.0102673981063957,0.0,0.1718107592043555,0.0,0.17491803440964993,0.0
6.938,-1.009923430811167,0.0,0.17215450849992173,0.0,0.16883546498286206,0.0
6.94,-1.0095787881656366,0.0,0.17248611794797553,0.0,0.16277822105305173,0.0
6.942,-1.0092334943987122,0.0,0.17280563840410162,0.0,0.15674650703853255,0.0
6.944,-1.008887573637182,0.0,0.17311312113167948,0.0,0.15074052631259915,0.0
6.946,-1.0085410499049008,0.0,0.17340861779978162,0.0,0.1447604811969665,0.0
6.948,-1.0081939471219827,0.0,0.17369218048107293,0.0,0.13880657295524457,0.0
6.95,-1.0078462891039937,0.0,0.17396386164967476,0.0,0.1328790017864092,0.0
6.952,-1.0074980995611522,0.0,0.1742237141790423,0.0,0.12697796681837104,0.0
6.954,-1.0071494020975325,0.0,0.1744717913398072,0.0,0.12110366610151724,0.0
6.956,-1.0068002202102706,0.0,0.1747081467976186,0.0,0.11525629660233427,0.0
6.958,-1.0064505772887802,0.0,0.17493283461097103,0.0,0.10943605419706248,0.0
6.96,-1.0061004966139657,0.0,0.17514590922901452,0.0,0.10364313366535605,0.0
6.962,-1.0057500013574445,0.0,0.17534742548935667,0.0,0.09787772868401534,0.0
6.964,-1.0053991145807724,0.0,0.1755374386158523,0.0,0.09214003182074859,0.0
6.966,-1.0050478592346732,0.0,0.1757160042163775,0.0,0.08643023452795973,0.0
6.968,-1.004696258158273,0.0,0.1758831782805909,0.0,0.08074852713657577,0.0
6.97,-1.004344334078338,0.0,0.17603901717768672,0.0,0.07509509884992305,0.0
6.972,-1.0039921096085178,0.0,0.176183577654133,0.0,0.06947013773763344,0.0
6.974,-1.0036396072485954,0.0,0.17631691683139927,0.0,0.06387383072960318,0.0
6.976,-1.003286849383737,0.0,0.1764390922036685,0.0,0.05830636360995256,0.0
6.978,-1.002933858283749,0.0,0.17655016163554466,0.0,0.05276792101108052,0.0
6.98,-1.0025806561023412,0.0,0.17665018335973498,0.0,0.047258686407697814,0.0
6.982,-1.0022272648763912,0.0,0.17673921597473885,0.0,0.04177884211095906,0.0
6.984,-1.0018737065252152,0.0,0.1768173184425047,0.0,0.03632856926257855,0.0
6.986,-1.0015200028498452,0.0,0.17688455008609127,0.0,0.030908047829023122,0.0
6.988,-1.0011661755323074,0.0,0.17694097058731478,0.0,0.025517456595743226,0.0
6.99,-1.0008122461349065,0.0,0.17698663998436753,0.0,0.02015697316140841,0.0
6.992,-1.0004582360995187,0.0,0.17702161866945645,0.0,0.014826773932237636,0.0
6.994,-1.000104166746882,0.0,0.17704596738639844,0.0,0.009527034116316724,0.0
6.996,-0.9997500592758977,0.0,0.17705974722822665,0.0,0.0042579277179879416,0.0
6.998,-0.9993959347629336,0.0,0.1770630196347729,0.0,-0.00098037246771554,0.0
7.0,-0.9990418141611337,0.0,0.17705584639024566,0.0,-0.00618769486062698,0.0
7.002,-0.9986877182997301,0.0,0.17703828962079235,0.0,-0.011363869100931012,0.0
7.0040000000000004,-0.9983336678833638,0.0,0.17701041179205962,0.0,-0.01650872605461373,0.0
7.006,-0.997979683491407,0.0,0.17697227570672808,0.0,-0.021622097818881247,0.0
7.008,-0.997625785577291,0.0,0.17692394450204849,0.0,-0.026703817727537382,0.0
7.01,-0.9972719944678397,0.0,0.17686548164736535,0.0,-0.03175372035630519,0.0
7.0120000000000005,-0.9969183303626091,0.0,0.17679695094162284,0.0,-0.0367716415281214,0.0
7.014,-0.9965648133332303,0.0,0.1767184165108693,0.0,-0.0417574183183691,0.0
7.016,-0.9962114633227558,0.0,0.17662994280574276,0.0,-0.046710889060104455,0.0
7.018,-0.9958583001450155,0.0,0.17653159459895806,0.0,-0.05163189334919349,0.0
7.0200000000000005,-0.9955053434839731,0.0,0.1764234369827672,0.0,-0.05652027204945531,0.0
7.022,-0.9951526128930914,0.0,0.17630553536642302,0.0,-0.06137586729771449,0.0
7.024,-0.994800127794699,0.0,0.17617795547362936,0.0,-0.06619852250885572,0.0
7.026,-0.9944479074793642,0.0,0.17604076333997495,0.0,-0.07098808238080512,0.0
7.0280000000000005,-0.9940959711052765,0.0,0.1758940253103713,0.0,-0.07574439289946877,0.0
7.03,-0.9937443376976256,0.0,0.17573780803645594,0.0,-0.08046730134365743,0.0
7.032,-0.9933930261479963,0.0,0.17557217847402345,0.0,-0.08515665628992397,0.0
7.034,-0.9930420552137573,0.0,0.17539720388040583,0.0,-0.08981230761739978,0.0
7.0360000000000005,-0.9926914435174644,0.0,0.1752129518118709,0.0,-0.09443410651255979,0.0
7.038,-0.9923412095462646,0.0,0.17501949012100665,0.0,-0.09902190547394363,0.0
7.04,-0.9919913716513041,0.0,0.17481688695408268,0.0,-0.1035755583168585,0.0
7.042,-0.9916419480471471,0.0,0.17460521074842245,0.0,-0.10809492017799927,0.0
7.0440000000000005,-0.991292956811192,0.0,0.1743845302297466,0.0,-0.11257984752006722,0.0
7.046,-0.9909444158831019,0.0,0.17415491440952316,0.0,-0.11703019813629867,0.0
7.048,-0.9905963430642318,0.0,0.17391643258229772,0.0,-0.12144583115499175,0.0
7.05,-0.9902487560170672,0.0,0.17366915432302055,0.0,-0.12582660704395843,0.0
7.0520000000000005,-0.9899016722646654,0.0,0.173413149484363,0.0,-0.13017238761494565,0.0
7.054,-0.9895551091901036,0.0,0.17314848819402912,0.0,-0.13448303602799894,0.0
7.056,-0.9892090840359296,0.0,0.17287524085204395,0.0,-0.13875841679580647,0.0
7.058,-0.9888636139036227,0.0,0.1725934781280591,0.0,-0.1429983957879597,0.0
7.0600000000000005,-0.9885187157530535,0.0,0.1723032709586198,0.0,-0.14720284023521124,0.0
7.062,-0.9881744064019572,0.0,0.17200469054444872,0.0,-0.15137161873364313,0.0
7.064,-0.9878307025254033,0.0,0.1716978083477056,0.0,-0.1555046012488308,0.0
7.066,-0.9874876206552797,0.0,0.1713826960892449,0.0,-0.15960165911993207,0.0
7.0680000000000005,-0.9871451771797755,0.0,0.17105942574587446,0.0,-0.1636626650637356,0.0
7.07,-0.9868033883428715,0.0,0.17072806954757364,0.0,-0.16768749317867981,0.0
7.072,-0.9864622702438401,0.0,0.17038869997475298,0.0,-0.17167601894879847,0.0
7.074,-0.9861218388367424,0.0,0.17004138975545796,0.0,-0.1756281192476472,0.0
7.0760000000000005,-0.9857821099299394,0.0,0.16968621186259714,0.0,-0.1795436723421655,0.0
7.078,-0.985443099185603,0.0,0.16932323951114797,0.0,-0.18342255789648965,0.0
7.08,-0.9851048221192362,0.0,0.16895254615535726,0.0,-0.18726465697574168,0.0
7.082,-0.9847672940991958,0.0,0.1685742054859446,0.0,-0.19106985204973914,0.0
7.0840000000000005,-0.9844305303462237,0.0,0.16818829142727468,0.0,-0.19483802699669184,0.0
7.086,-0.9840945459329812,0.0,0.16779487813454796,0.0,-0.19856906710681543,0.0
7.088,-0.9837593557835911,0.0,0.16739403999096733,0.0,-0.20226285908593433,0.0
7.09,-0.9834249746731841,0.0,0.1669858516049076,0.0,-0.2059192910590082,0.0
7.0920000000000005,-0.983091417227451,0.0,0.1665703878070694,0.0,-0.20953825257362846,0.0
7.094,-0.9827586979222018,0.0,0.1661477236476344,0.0,-0.21311963460345051,0.0
7.096,-0.9824268310829282,0.0,0.1657179343934066,0.0,-0.21666332955160583,0.0
7.098,-0.9820958308843757,0.0,0.16528109552495623,0.0,-0.22016923125402954,0.0
7.1000000000000005,-0.9817657113501149,0.0,0.16483728273373904,0.0,-0.22363723498277754,0.0
7.102,-0.9814364863521273,0.0,0.16438657191923234,0.0,-0.22706723744926038,0.0
7.104,-0.9811081696103883,0.0,0.16392903918604745,0.0,-0.23045913680746155,0.0
7.106,-0.9807807746924617,0.0,0.1634647608410396,0.0,-0.2338128326570852,0.0
7.1080000000000005,-0.9804543150130991,0.0,0.16299381339042437,0.0,-0.23712822604665584,0.0
7.11,-0.9801288038338398,0.0,0.16251627353685805,0.0,-0.240405219476592,0.0
7.112,-0.9798042542626271,0.0,0.1620322181765525,0.0,-0.24364371690219677,0.0
7.114,-0.9794806792534178,0.0,0.1615417243963436,0.0,-0.2468436237366356,0.0
7.1160000000000005,-0.9791580916058091,0.0,0.1610448694707836,0.0,-0.2500048468538394,0.0
7.118,-0.9788365039646628,0.0,0.16054173085921472,0.0,-0.2531272945913623,0.0
7.12,-0.9785159288197393,0.0,0.16003238620283383,0.0,-0.25621087675321186,0.0
7.122,-0.9781963785053384,0.0,0.15951691332176876,0.0,-0.25925550461259506,0.0
7.1240000000000006,-0.977877865199942,0.0,0.15899539021212072,0.0,-0.262261090914653,0.0
7.126,-0.9775604009258667,0.0,0.15846789504303438,0.0,-0.26522754987911035,0.0
7.128,-0.9772439975489204,0.0,0.15793450615373208,0.0,-0.26815479720290725,0.0
7.13,-0.9769286667780649,0.0,0.1573953020505661,0.0,-0.2710427500627586,0.0
7.132000000000001,-0.976614420165084,0.0,0.15685036140405134,0.0,-0.2738913271176795,0.0
7.134,-0.9763012691042594,0.0,0.15629976304590093,0.0,-0.27670044851144526,0.0
7.136,-0.9759892248320514,0.0,0.15574358596605803,0.0,-0.2794700358750186,0.0
7.138,-0.9756782984267831,0.0,0.15518190930970827,0.0,-0.28220001232892056,0.0
7.140000000000001,-0.9753685008083355,0.0,0.1546148123743067,0.0,-0.2848903024855478,0.0
7.142,-0.9750598427378442,0.0,0.15404237460659276,0.0,-0.28754083245144013,0.0
7.144,-0.9747523348174052,0.0,0.15346467559959392,0.0,-0.29015152982950787,0.0
7.146,-0.9744459874897842,0.0,0.1528817950896315,0.0,-0.29272232372119955,0.0
7.148000000000001,-0.974140811038134,0.0,0.15229381295333236,0.0,-0.2952531447286195,0.0
7.15,-0.9738368155857156,0.0,0.15170080920460416,0.0,-0.2977439249566043,0.0
7.152,-0.973534011095628,0.0,0.15110286399165077,0.0,-0.30019459801473647,0.0
7.154,-0.9732324073705417,0.0,0.15050005759394786,0.0,-0.302605099019323,0.0
7.156000000000001,-0.9729320140524395,0.0,0.14989247041922682,0.0,-0.30497536459531016,0.0
7.158,-0.9726328406223634,0.0,0.14928018300046306,0.0,-0.3073053328781492,0.0
7.16,-0.9723348964001661,0.0,0.14866327599284396,0.0,-0.30959494351562666,0.0
7.162,-0.972038190544271,0.0,0.14804183017075578,0.0,-0.3118441376696215,0.0
7.164000000000001,-0.9717427320514348,0.0,0.1474159264247371,0.0,-0.31405285801783367,0.0
7.166,-0.9714485297565213,0.0,0.14678564575845776,0.0,-0.3162210487554411,0.0
7.168,-0.9711555923322748,0.0,0.14615106928568014,0.0,-0.3183486555967283,0.0
7.17,-0.9708639282891046,0.0,0.14551227822721347,0.0,-0.3204356257766443,0.0
7.172,-0.9705735459748752,0.0,0.1448693539078761,0.0,-0.3224819080523236,0.0
7.174,-0.9702844535746986,0.0,0.14422237775345242,0.0,-0.3244874527045465,0.0
7.176,-0.9699966591107378,0.0,0.14357143128763764,0.0,-0.3264522115391557,0.0
7.178,-0.9697101704420121,0.0,0.1429165961289878,0.0,-0.32837613788842246,0.0
7.18,-0.9694249952642122,0.0,0.1422579539878693,0.0,-0.3302591866123552,0.0
7.182,-0.9691411411095183,0.0,0.14159558666339628,0.0,-0.332101314099964,0.0
7.184,-0.9688586153464259,0.0,0.14092957604038076,0.0,-0.3339024782704667,0.0
7.186,-0.9685774251795791,0.0,0.14026000408625866,0.0,-0.3356626385744552,0.0
7.188,-0.9682975776496054,0.0,0.1395869528480385,0.0,-0.337381755994997,0.0
7.19,-0.9680190796329623,0.0,0.13891050444922468,0.0,-0.33905979304870026,0.0
7.192,-0.9677419378417857,0.0,0.13823074108675568,0.0,-0.34069671378671207,0.0
7.194,-0.9674661588237476,0.0,0.13754774502793252,0.0,-0.3422924837956811,0.0
7.196,-0.9671917489619166,0.0,0.13686159860734565,0.0,-0.34384707019865757,0.0
7.198,-0.9669187144746283,0.0,0.13617238422380173,0.0,-0.3453604416559479,0.0
7.2,-0.9666470614153582,0.0,0.1354801843372519,0.0,-0.3468325683659155,0.0
7.202,-0.9663767956726038,0.0,0.13478508146571158,0.0,-0.34826342206573146,0.0
7.204,-0.9661079229697711,0.0,0.13408715818218,0.0,-0.34965297603207435,0.0
7.206,-0.9658404488650674,0.0,0.13338649711156264,0.0,-0.3510012050817797,0.0
7.208,-0.9655743787514013,0.0,0.1326831809275939,0.0,-0.3523080855724323,0.0
7.21,-0.9653097178562873,0.0,0.1319772923497485,0.0,-0.3535735954029162,0.0
7.212,-0.965046471241758,0.0,0.13126891414016098,0.0,-0.35479771401390736,0.0
7.214,-0.9647846438042809,0.0,0.13055812910054918,0.0,-0.3559804223883156,0.0
7.216,-0.9645242402746841,0.0,0.1298450200691163,0.0,-0.3571217030516758,0.0
7.218,-0.9642652652180852,0.0,0.129129669917473,0.0,-0.3582215400724893,0.0
7.22,-0.9640077230338273,0.0,0.12841216154754945,0.0,-0.3592799190625122,0.0
7.222,-0.9637516179554215,0.0,0.12769257788850832,0.0,-0.3602968271769931,0.0
7.224,-0.9634969540504975,0.0,0.12697100189365942,0.0,-0.36127225311485534,0.0
7.226,-0.9632437352207551,0.0,0.12624751653737057,0.0,-0.3622061871188378,0.0
7.228,-0.9629919652019279,0.0,0.1255222048119824,0.0,-0.36309862097557355,0.0
7.23,-0.9627416475637484,0.0,0.12479514972471398,0.0,-0.36394954801562296,0.0
7.232,-0.9624927857099241,0.0,0.12406643429458306,0.0,-0.36475896311345246,0.0
7.234,-0.9622453828781137,0.0,0.12333614154931163,0.0,-0.36552686268736734,0.0
7.236,-0.9619994421399148,0.0,0.12260435452224365,0.0,-0.3662532446993856,0.0
7.238,-0.9617549664008554,0.0,0.12187115624925227,0.0,-0.3669381086550654,0.0
7.24,-0.9615119584003917,0.0,0.12113662976566031,0.0,-0.36758145560328126,0.0
7.242,-0.9612704207119118,0.0,0.1204008581031496,0.0,-0.3681832881359455,0.0
7.244,-0.9610303557427482,0.0,0.11966392428667266,0.0,-0.3687436103876811,0.0
7.246,-0.9607917657341909,0.0,0.11892591133136982,0.0,-0.3692624280354442,0.0
7.248,-0.9605546527615132,0.0,0.11818690223948873,0.0,-0.3697397482980902,0.0
7.25,-0.9603190187339992,0.0,0.11744697999729614,0.0,-0.3701755799358948,0.0
7.252,-0.9600848653949791,0.0,0.11670622757199484,0.0,-0.3705699332500201,0.0
7.2540000000000004,-0.9598521943218697,0.0,0.11596472790864937,0.0,-0.37092282008193034,0.0
7.256,-0.9596210069262228,0.0,0.11522256392710123,0.0,-0.3712342538127569,0.0
7.258,-0.9593913044537784,0.0,0.11447981851888775,0.0,-0.3715042493626095,0.0
7.26,-0.9591630879845241,0.0,0.11373657454416793,0.0,-0.37173282318984,0.0
7.2620000000000005,-0.958936358432761,0.0,0.1129929148286473,0.0,-0.37191999329025327,0.0
7.264,-0.9587111165471768,0.0,0.11224892216050467,0.0,-0.3720657791962654,0.0
7.266,-0.9584873629109216,0.0,0.1115046792873135,0.0,-0.3721702019760136,0.0
7.268,-0.9582650979416938,0.0,0.11076026891298277,0.0,-0.3722332842324152,0.0
7.2700000000000005,-0.9580443218918312,0.0,0.11001577369467486,0.0,-0.37225505010216886,0.0
7.272,-0.9578250348484054,0.0,0.1092712762397526,0.0,-0.37223552525471715,0.0
7.274,-0.9576072367333257,0.0,0.10852685910270199,0.0,-0.3721747368911452,0.0
7.276,-0.9573909273034488,0.0,0.10778260478207954,0.0,-0.3720727137430364,0.0
7.2780000000000005,-0.9571761061506917,0.0,0.10703859571744688,0.0,-0.37192948607127607,0.0
7.28,-0.956962772702155,0.0,0.1062949142863164,0.0,-0.37174508566480036,0.0
7.282,-0.9567509262202479,0.0,0.10555164280110012,0.0,-0.37151954583930213,0.0
7.284,-0.9565405658028227,0.0,0.1048088635060457,0.0,-0.3712529014358743,0.0
7.2860000000000005,-0.9563316903833133,0.0,0.10406665857419868,0.0,-0.37094518881961647,0.0
7.288,-0.9561242987308826,0.0,0.10332511010435132,0.0,-0.3705964458781785,0.0
7.29,-0.9559183894505717,0.0,0.10258430011799859,0.0,-0.37020671202026056,0.0
7.292,-0.9557139609834592,0.0,0.1018443105562954,0.0,-0.3697760281740603,0.0
7.2940000000000005,-0.9555110116068228,0.0,0.10110522327702905,0.0,-0.3693044367856715,0.0
7.296,-0.955309539434313,0.0,0.10036712005157365,0.0,-0.3687919818174292,0.0
7.298,-0.9551095424161246,0.0,0.09963008256186225,0.0,-0.36823870874620424,0.0
7.3,-0.9549110183391802,0.0,0.09889419239736479,0.0,-0.36764466456165423,0.0
7.3020000000000005,-0.9547139648273198,0.0,0.09815953105205782,0.0,-0.3670098977644114,0.0
7.304,-0.9545183793414931,0.0,0.09742617992140992,0.0,-0.3663344583642365,0.0
7.306,-0.9543242591799594,0.0,0.09669422029935751,0.0,-0.36561839787810535,0.0
7.308,-0.9541316014784945,0.0,0.09596373337530587,0.0,-0.3648617693282632,0.0
7.3100000000000005,-0.9539404032106028,0.0,0.09523480023110298,0.0,-0.36406462724020905,0.0
7.312,-0.9537506611877337,0.0,0.0945075018380524,0.0,-0.36322702764065196,0.0
7.314,-0.9535623720595084,0.0,0.09378191905389863,0.0,-0.36234902805539515,0.0
7.316,-0.9533755323139486,0.0,0.0930581326198405,0.0,-0.3614306875071889,0.0
7.3180000000000005,-0.9531901382777117,0.0,0.09233622315753398,0.0,-0.3604720665135219,0.0
7.32,-0.953006186116335,0.0,0.09161627116610807,0.0,-0.3594732270843699,0.0
7.322,-0.9528236718344815,0.0,0.09089835701918567,0.0,-0.35843423271989217,0.0
7.324,-0.9526425912761955,0.0,0.09018256096189431,0.0,-0.3573551484080726,0.0
7.3260000000000005,-0.9524629401251623,0.0,0.08946896310790195,0.0,-0.3562360406223215,0.0
7.328,-0.9522847139049726,0.0,0.08875764343644926,0.0,-0.35507697731902654,0.0
7.33,-0.9521079079793972,0.0,0.0880486817893803,0.0,-0.35387802793504197,0.0
7.332,-0.9519325175526616,0.0,0.08734215786818503,0.0,-0.35263926338514406,0.0
7.3340000000000005,-0.9517585376697317,0.0,0.08663815123105467,0.0,-0.3513607560594336,0.0
7.336,-0.951585963216603,0.0,0.08593674128992262,0.0,-0.3500425798206812,0.0
7.338,-0.9514147889205962,0.0,0.08523800730752581,0.0,-0.34868481000163065,0.0
7.34,-0.9512450093506565,0.0,0.08454202839446998,0.0,-0.34728752340225455,0.0
7.3420000000000005,-0.9510766189176647,0.0,0.08384888350629294,0.0,-0.3458507982869554,0.0
7.344,-0.9509096118747463,0.0,0.08315865144054763,0.0,-0.34437471438172795,0.0
7.346,-0.950743982317593,0.0,0.0824714108338678,0.0,-0.3428593528712556,0.0
7.348,-0.950579724184786,0.0,0.08178724015907066,0.0,-0.3413047963959823,0.0
7.3500000000000005,-0.9504168312581273,0.0,0.08110621772223112,0.0,-0.33971112904910883,0.0
7.352,-0.9502552971629769,0.0,0.08042842165979228,0.0,-0.33807843637356694,0.0
7.354,-0.9500951153685921,0.0,0.07975392993566277,0.0,-0.33640680535892487,0.0
7.356,-0.9499362791884791,0.0,0.07908282033832614,0.0,-0.3346963244382557,0.0
7.3580000000000005,-0.9497787817807435,0.0,0.07841517047796315,0.0,-0.3329470834849573,0.0
7.36,-0.9496226161484526,0.0,0.07775105778356509,0.0,-0.33115917380951854,0.0
7.362,-0.949467775139998,0.0,0.07709055950007468,0.0,-0.3293326881562473,0.0
7.364,-0.9493142514494686,0.0,0.07643375268550823,0.0,-0.327467720699935,0.0
7.3660000000000005,-0.9491620376170266,0.0,0.0757807142081075,0.0,-0.3255643670424899,0.0
7.368,-0.9490111260292897,0.0,0.07513152074348747,0.0,-0.3236227242095189,0.0
7.37,-0.9488615089197199,0.0,0.0744862487717875,0.0,-0.32164289064685136,0.0
7.372,-0.9487131783690155,0.0,0.0738449745748413,0.0,-0.31962496621703074,0.0
7.3740000000000006,-0.9485661263055124,0.0,0.07320777423334385,0.0,-0.3175690521957526,0.0
7.376,-0.9484203445055892,0.0,0.07257472362402762,0.0,-0.3154752512682508,0.0
7.378,-0.9482758245940766,0.0,0.07194589841684651,0.0,-0.3133436675256416,0.0
7.38,-0.9481325580446752,0.0,0.07132137407217173,0.0,-0.3111744064612241,0.0
7.382000000000001,-0.9479905361803761,0.0,0.0707012258379866,0.0,-0.3089675749667271,0.0
7.384,-0.9478497501738896,0.0,0.07008552874709748,0.0,-0.30672328132851834,0.0
7.386,-0.9477101910480779,0.0,0.06947435761434612,0.0,-0.3044416352237549,0.0
7.388,-0.9475718496763927,0.0,0.06886778703383406,0.0,-0.30212274771650427,0.0
7.390000000000001,-0.947434716783322,0.0,0.0682658913761483,0.0,-0.29976673125379527,0.0
7.392,-0.947298782944838,0.0,0.06766874478560309,0.0,-0.29737369966165317,0.0
7.394,-0.9471640385888528,0.0,0.06707642117748552,0.0,-0.2949437681410594,0.0
7.396,-0.9470304739956787,0.0,0.06648899423530796,0.0,-0.29247705326388784,0.0
7.398000000000001,-0.9468980792984963,0.0,0.06590653740807151,0.0,-0.2899736729687803,0.0
7.4,-0.9467668444838239,0.0,0.06532912390753876,0.0,-0.2874337465569934,0.0
7.402,-0.9466367593919954,0.0,0.06475682670551092,0.0,-0.28485739468818205,0.0
7.404,-0.9465078137176443,0.0,0.0641897185311126,0.0,-0.28224473937614136,0.0
7.406000000000001,-0.9463799970101909,0.0,0.06362787186808994,0.0,-0.27959590398451395,0.0
7.408,-0.9462532986743349,0.0,0.06307135895211852,0.0,-0.27691101322245015,0.0
7.41,-0.9461277079705553,0.0,0.06252025176811093,0.0,-0.27419019314020865,0.0
7.412,-0.9460032140156145,0.0,0.061974622047542116,0.0,-0.27143357112472755,0.0
7.414000000000001,-0.9458798057830675,0.0,0.061434541265782294,0.0,-0.2686412758951531,0.0
7.416,-0.9457574721037756,0.0,0.06090008063943497,0.0,-0.2658134374983123,0.0
7.418,-0.9456362016664297,0.0,0.06037131112368427,0.0,-0.2629501873041411,0.0
7.42,-0.9455159830180734,0.0,0.05984830340965458,0.0,-0.26005165800108165,0.0
7.422000000000001,-0.9453968045646343,0.0,0.059331127921780635,0.0,-0.2571179835914241,0.0
7.424,-0.9452786545714593,0.0,0.05881985481518193,0.0,-0.25414929938661635,0.0
7.426,-0.9451615211638579,0.0,0.05831455397304858,0.0,-0.25114574200250805,0.0
7.428,-0.9450453923276461,0.0,0.057815295004041756,0.0,-0.24810744935458473,0.0
7.43,-0.9449302559096993,0.0,0.05732214723969464,0.0,-0.24503456065312257,0.0
7.432,-0.9448160996185098,0.0,0.05683517973182722,0.0,-0.24192721639832215,0.0
7.434,-0.944702911024748,0.0,0.05635446124997545,0.0,-0.23878555837540394,0.0
7.436,-0.9445906775618295,0.0,0.055880060278823473,0.0,-0.235609729649636,0.0
7.438,-0.9444793865264878,0.0,0.05541204501564606,0.0,-0.2323998745613418,0.0
7.44,-0.9443690250793504,0.0,0.054950483367773306,0.0,-0.2291561387208665,0.0
7.442,-0.9442595802455234,0.0,0.05449544295004177,0.0,-0.2258786690034782,0.0
7.444,-0.9441510389151772,0.0,0.05404699108228195,0.0,-0.22256761354425048,0.0
7.446,-0.9440433878441394,0.0,0.05360519478679482,0.0,-0.21922312173288816,0.0
7.448,-0.9439366136544933,0.0,0.053170120785853536,0.0,-0.21584534420852086,0.0
7.45,-0.9438307028351794,0.0,0.05274183549920869,0.0,-0.21243443285445718,0.0
7.452,-0.9437256417426039,0.0,0.05232040504160074,0.0,-0.20899054079287493,0.0
7.454,-0.9436214166012487,0.0,0.05190589522029837,0.0,-0.2055138223795101,0.0
7.456,-0.9435180135042934,0.0,0.0514983715326216,0.0,-0.20200443319825379,0.0
7.458,-0.9434154184142324,0.0,0.051097899163506266,0.0,-0.1984625300557652,0.0
7.46,-0.9433136171635063,0.0,0.050704542983051215,0.0,-0.1948882709759887,0.0
7.462,-0.9432125954551319,0.0,0.050318367544097686,0.0,-0.1912818151946707,0.0
7.464,-0.9431123388633392,0.0,0.04993943707980619,0.0,-0.1876433231538155,0.0
7.466,-0.9430128328342149,0.0,0.049567815501252166,0.0,-0.18397295649611345,0.0
7.468,-0.9429140626863457,0.0,0.04920356639503359,0.0,-0.1802708780593214,0.0
7.47,-0.9428160136114726,0.0,0.04884675302087721,0.0,-0.17653725187059477,0.0
7.472,-0.9427186706751466,0.0,0.048497438309271224,0.0,-0.17277224314079587,0.0
7.474,-0.9426220188173874,0.0,0.04815568485910754,0.0,-0.16897601825877007,0.0
7.476,-0.9425260428533515,0.0,0.04782155493532375,0.0,-0.16514874478554464,0.0
7.478,-0.942430727474002,0.0,0.04749511046656635,0.0,-0.1612905914485263,0.0
7.48,-0.9423360572467813,0.0,0.04717641304287118,0.0,-0.15740172813565567,0.0
7.482,-0.9422420166162931,0.0,0.04686552391333876,0.0,-0.15348232588949995,0.0
7.484,-0.9421485899049864,0.0,0.04656250398383405,0.0,-0.14953255690132305,0.0
7.486,-0.9420557613138428,0.0,0.04626741381469829,0.0,-0.14555259450512037,0.0
7.488,-0.9419635149230717,0.0,0.04598031361846344,0.0,-0.14154261317160644,0.0
7.49,-0.9418718346928044,0.0,0.04570126325759388,0.0,-0.13750278850218223,0.0
7.492,-0.9417807044638031,0.0,0.04543032224221888,0.0,-0.13343329722282626,0.0
7.494,-0.9416901079581605,0.0,0.0451675497279036,0.0,-0.12933431717800303,0.0
7.496,-0.9416000287800168,0.0,0.04491300451340452,0.0,-0.12520602732447572,0.0
7.498,-0.9415104504162723,0.0,0.04466674503846074,0.0,-0.12104860772513626,0.0
7.5,-0.9414213562373096,0.0,0.0444288293815836,0.0,-0.11686223954275188,0.0
7.502,-0.9413327294977158,0.0,0.044199315257865524,0.0,-0.11264710503371211,0.0
7.5040000000000004,-0.9412445533370147,0.0,0.043978260016795445,0.0,-0.10840338754170808,0.0
7.506,-0.9411568107803977,0.0,0.043765720640093486,0.0,-0.10413127149140511,0.0
7.508,-0.9410694847394621,0.0,0.04356175373955895,0.0,-0.09983094238206203,0.0
7.51,-0.9409825580129537,0.0,0.04336641555491738,0.0,-0.09550258678110324,0.0
7.5120000000000005,-0.9408960132875128,0.0,0.04317976195169976,0.0,-0.09114639231768029,0.0
7.514,-0.9408098331384251,0.0,0.04300184841912186,0.0,-0.08676254767619285,0.0
7.516,-0.9407240000303738,0.0,0.04283273006798188,0.0,-0.08235124258975624,0.0
7.518,-0.9406384963182037,0.0,0.04267246162856503,0.0,-0.07791266783364525,0.0
7.5200000000000005,-0.9405533042476782,0.0,0.042521097448574796,0.0,-0.07344701521872055,0.0
7.522,-0.9404684059562523,0.0,0.04237869149105944,0.0,-0.06895447758478979,0.0
7.524,-0.9403837834738392,0.0,0.04224529733236365,0.0,-0.06443524879394524,0.0
7.526,-0.9402994187235895,0.0,0.04212096816009292,0.0,-0.05988952372388123,0.0
7.5280000000000005,-0.9402152935226682,0.0,0.042005756771085256,0.0,-0.055317498261156395,0.0
7.53,-0.9401313895830383,0.0,0.04189971556940586,0.0,-0.05071936929445209,0.0
7.532,-0.9400476885122508,0.0,0.04180289656434216,0.0,-0.04609533470774674,0.0
7.534,-0.9399641718142329,0.0,0.04171535136842819,0.0,-0.041445593373522494,0.0
7.5360000000000005,-0.9398808208900858,0.0,0.04163713119546597,0.0,-0.03677034514587185,0.0
7.538,-0.9397976170388844,0.0,0.04156828685857611,0.0,-0.03206979085363182,0.0
7.54,-0.9397145414584781,0.0,0.041508868768252105,0.0,-0.027344132293436463,0.0
7.542,-0.9396315752463003,0.0,0.04145892693043124,0.0,-0.022593572222769476,0.0
7.5440000000000005,-0.9395486994001796,0.0,0.04141851094458099,0.0,-0.017818314352966658,0.0
7.546,-0.9394658948191518,0.0,0.04138767000179949,0.0,-0.013018563342204859,0.0
7.548,-0.9393831423042808,0.0,0.04136645288292812,0.0,-0.008194524788440072,0.0
7.55,-0.939300422559482,0.0,0.04135490795667518,0.0,-0.003346405222312221,0.0
7.5520000000000005,-0.9392177161923463,0.0,0.04135308317776348,0.0,0.0015255878999628214,0.0
7.554,-0.9391350037149706,0.0,0.04136102608508352,0.0,0.006421246203732411,0.0
7.556,-0.9390522655447914,0.0,0.04137878379986282,0.0,0.011340360403105376,0.0
7.558,-0.9389694820054224,0.0,0.0414064030238524,0.0,0.016282720308153142,0.0
7.5600000000000005,-0.9388866333274942,0.0,0.04144393003752661,0.0,0.021248114832140064,0.0
7.562,-0.9388036996494984,0.0,0.041491410698295594,0.0,0.026236331998801488,0.0
7.564,-0.9387206610186383,0.0,0.04154889043873128,0.0,0.031247158949653242,0.0
7.566,-0.9386374973916766,0.0,0.04161641426481455,0.0,0.036280381951306895,0.0
7.5680000000000005,-0.9385541886357934,0.0,0.04169402675418943,0.0,0.04133578640283664,0.0
7.57,-0.9384707145294425,0.0,0.041781772054437505,0.0,0.046413156843153724,0.0
7.572,-0.9383870547632152,0.0,0.041879693881363644,0.0,0.051512276958447956,0.0
7.574,-0.9383031889407023,0.0,0.04198783551729929,0.0,0.05663292958960198,0.0
7.5760000000000005,-0.9382190965793655,0.0,0.04210623980941969,0.0,0.061774896739694385,0.0
7.578,-0.93813475711141,0.0,0.04223494916807141,0.0,0.06693795958147819,0.0
7.58,-0.9380501498846576,0.0,0.04237400556512544,0.0,0.07212189846492889,0.0
7.582,-0.9379652541634259,0.0,0.04252345053233392,0.0,0.07732649292479044,0.0
7.5840000000000005,-0.9378800491294115,0.0,0.042683325159711516,0.0,0.08255152168816693,0.0
7.586,-0.9377945138825736,0.0,0.042853670093923435,0.0,0.08779676268212633,0.0
7.588,-0.9377086274420208,0.0,0.043034525536699675,0.0,0.09306199304133611,0.0
7.59,-0.9376223687469072,0.0,0.043225931243250026,0.0,0.09834698911575113,0.0
7.5920000000000005,-0.9375357166573236,0.0,0.04342792652070582,0.0,0.10365152647828857,0.0
7.594,-0.9374486499551952,0.0,0.0436405502265752,0.0,0.10897537993253748,0.0
7.596,-0.9373611473451837,0.0,0.04386384076720895,0.0,0.11431832352052418,0.0
7.598,-0.9372731874555907,0.0,0.04409783609628798,0.0,0.11968013053047255,0.0
7.6000000000000005,-0.937184748839264,0.0,0.04434257371332234,0.0,0.1250605735045881,0.0
7.602,-0.9370958099745064,0.0,0.04459809066216752,0.0,0.13045942424688728,0.0
7.604,-0.9370063492659925,0.0,0.04486442352955439,0.0,0.13587645383105318,0.0
7.606,-0.9369163450456799,0.0,0.04514160844363668,0.0,0.14131143260828938,0.0
7.6080000000000005,-0.9368257755737306,0.0,0.04542968107255696,0.0,0.14676413021522383,0.0
7.61,-0.9367346190394313,0.0,0.04572867662302027,0.0,0.15223431558181122,0.0
7.612,-0.9366428535621184,0.0,0.04603862983889295,0.0,0.15772175693930257,0.0
7.614,-0.9365504571921023,0.0,0.046359574999813025,0.0,0.1632262218281756,0.0
7.6160000000000005,-0.9364574079116028,0.0,0.04669154591981284,0.0,0.1687474771061631,0.0
7.618,-0.9363636836356755,0.0,0.04703457594596727,0.0,0.17428528895622375,0.0
7.62,-0.9362692622131517,0.0,0.047388697957045145,0.0,0.17983942289461352,0.0
7.622,-0.9361741214275736,0.0,0.04775394436219116,0.0,0.18540964377892155,0.0
7.6240000000000006,-0.9360782389981372,0.0,0.04813034709961095,0.0,0.19099571581615893,0.0
7.626,-0.935981592580633,0.0,0.048517937635281116,0.0,0.19659740257085123,0.0
7.628,-0.935884159768392,0.0,0.04891674696167281,0.0,0.20221446697316292,0.0
7.63,-0.9357859180932364,0.0,0.04932680559648894,0.0,0.20784667132705836,0.0
7.632000000000001,-0.9356868450264288,0.0,0.049748143581419546,0.0,0.21349377731845676,0.0
7.634,-0.9355869179796239,0.0,0.05018079048091806,0.0,0.21915554602340304,0.0
7.636,-0.9354861143058272,0.0,0.05062477538098542,0.0,0.22483173791630717,0.0
7.638,-0.9353844113003515,0.0,0.05108012688797514,0.0,0.2305221128781565,0.0
7.640000000000001,-0.9352817862017764,0.0,0.05154687312742057,0.0,0.23622643020475265,0.0
7.642,-0.9351782161929135,0.0,0.052025041742863154,0.0,0.24194444861499564,0.0
7.644,-0.9350736784017698,0.0,0.05251465989471593,0.0,0.24767592625917356,0.0
7.646,-0.9349681499025156,0.0,0.053015754259127856,0.0,0.25342062072726124,0.0
7.648000000000001,-0.9348616077164538,0.0,0.05352835102687781,0.0,0.25917828905724916,0.0
7.65,-0.934754028812992,0.0,0.054052475902273356,0.0,0.26494868774348035,0.0
7.652,-0.9346453901106178,0.0,0.05458815410207318,0.0,0.2707315727450379,0.0
7.654,-0.9345356684778712,0.0,0.05513541035442948,0.0,0.2765266994940915,0.0
7.656000000000001,-0.934424840734328,0.0,0.055694268897835575,0.0,0.28233382290433584,0.0
7.658,-0.934312883651576,0.0,0.05626475348010185,0.0,0.2881526973793732,0.0
7.66,-0.9341997739542004,0.0,0.05684688735734167,0.0,0.29398307682117664,0.0
7.662,-0.9340854883207644,0.0,0.05744069329297996,0.0,0.299824714638527,0.0
7.664000000000001,-0.9339700033847982,0.0,0.05804619355677321,0.0,0.30567736375547216,0.0
7.666,-0.9338532957357905,0.0,0.05866340992384422,0.0,0.3115407766198499,0.0
7.668,-0.9337353419201703,0.0,0.05929236367374735,0.0,0.3174147052117387,0.0
7.67,-0.9336161184423069,0.0,0.059933075589533535,0.0,0.3232989010520206,0.0
7.672000000000001,-0.9334956017655002,0.0,0.0605855659568445,0.0,0.3291931152108965,0.0
7.674,-0.9333737683129759,0.0,0.0612498545630179,0.0,0.3350970983164198,0.0
7.676,-0.9332505944688854,0.0,0.06192596069621392,0.0,0.34101060056309296,0.0
7.678,-0.9331260565793035,0.0,0.06261390314455295,0.0,0.3469333717204311,0.0
7.68,-0.933000130953228,0.0,0.06331370019528004,0.0,0.35286516114153904,0.0
7.682,-0.9328727938635855,0.0,0.06402536963393468,0.0,0.35880571777175735,0.0
7.684,-0.9327440215482333,0.0,0.0647489287435461,0.0,0.36475479015724693,0.0
7.686,-0.9326137902109659,0.0,0.06548439430384612,0.0,0.3707121264536539,0.0
7.688,-0.932482076022523,0.0,0.06623178259049178,0.0,0.37667747443475036,0.0
7.69,-0.9323488551215948,0.0,0.06699110937431674,0.0,0.38265058150107856,0.0
7.692,-0.9322141036158397,0.0,0.06776238992058492,0.0,0.38863119468866625,0.0
7.694,-0.9320777975828873,0.0,0.06854563898827959,0.0,0.3946190606776705,0.0
7.696,-0.9319399130713593,0.0,0.06934087082939278,0.0,0.40061392580111854,0.0
7.698,-0.9318004261018796,0.0,0.07014809918824438,0.0,0.4066155360536025,0.0
7.7,-0.9316593126680921,0.0,0.07096733730081084,0.0,0.41262363709999395,0.0
7.702,-0.9315165487376783,0.0,0.07179859789407617,0.0,0.4186379742842102,0.0
7.704,-0.9313721102533734,0.0,0.07264189318539993,0.0,0.4246582926379262,0.0
7.706,-0.9312259731339887,0.0,0.07349723488189963,0.0,0.430684336889367,0.0
7.708,-0.9310781132754331,0.0,0.07436463417985173,0.0,0.4367158514720507,0.0
7.71,-0.9309285065517334,0.0,0.07524410176411334,0.0,0.44275258053358985,0.0
7.712,-0.9307771288160588,0.0,0.07613564780755844,0.0,0.44879426794446803,0.0
7.714,-0.930623955901745,0.0,0.07703928197053178,0.0,0.4548406573068476,0.0
7.716,-0.9304689636233203,0.0,0.07795501340032096,0.0,0.4608914919633632,0.0
7.718,-0.9303121277775328,0.0,0.07888285073064727,0.0,0.46694651500597195,0.0
7.72,-0.9301534241443736,0.0,0.07982280208117376,0.0,0.47300546928473586,0.0
7.722,-0.9299928284881127,0.0,0.08077487505702718,0.0,0.4790680974167097,0.0
7.724,-0.9298303165583235,0.0,0.08173907674834291,0.0,0.4851341417947408,0.0
7.726,-0.9296658640909141,0.0,0.08271541372982638,0.0,0.49120334459635334,0.0
7.728,-0.9294994468091604,0.0,0.0837038920603288,0.0,0.4972754477925984,0.0
7.73,-0.9293310404247332,0.0,0.08470451728244643,0.0,0.5033501931569022,0.0
7.732,-0.9291606206387408,0.0,0.08571729442212905,0.0,0.509427322273989,0.0
7.734,-0.9289881631427497,0.0,0.08674222798831732,0.0,0.5155065765487021,0.0
7.736,-0.9288136436198303,0.0,0.08777932197258831,0.0,0.5215876972149485,0.0
7.738,-0.9286370377455863,0.0,0.0888285798488232,0.0,0.5276704253445675,0.0
7.74,-0.9284583211891911,0.0,0.08989000457289176,0.0,0.533754501856224,0.0
7.742,-0.9282774696144266,0.0,0.09096359858235536,0.0,0.5398396675243443,0.0
7.744,-0.9280944586807143,0.0,0.09204936379618855,0.0,0.5459256629879912,0.0
7.746,-0.9279092640441609,0.0,0.09314730161451534,0.0,0.5520122287598249,0.0
7.748,-0.927721861358588,0.0,0.09425741291836565,0.0,0.558099105234981,0.0
7.75,-0.9275322262765773,0.0,0.09537969806945068,0.0,0.5641860327000365,0.0
7.752,-0.9273403344505052,0.0,0.09651415690995258,0.0,0.5702727513419202,0.0
7.7540000000000004,-0.9271461615335843,0.0,0.09766078876233608,0.0,0.5763590012568578,0.0
7.756,-0.9269496831809018,0.0,0.09881959242917338,0.0,0.5824445224592998,0.0
7.758,-0.9267508750504583,0.0,0.09999056619299385,0.0,0.5885290548908677,0.0
7.76,-0.9265497128042117,0.0,0.10117370781614254,0.0,0.5946123384293169,0.0
7.7620000000000005,-0.926346172109115,0.0,0.10236901454066505,0.0,0.6006941128974725,0.0
7.764,-0.9261402286381557,0.0,0.10357648308820433,0.0,0.606774118072165,0.0
7.766,-0.9259318580714005,0.0,0.10479610965991881,0.0,0.6128520936932165,0.0
7.768,-0.9257210360970349,0.0,0.1060278899364161,0.0,0.6189277794723812,0.0
7.7700000000000005,-0.9255077384123997,0.0,0.10727181907770922,0.0,0.6250009151022828,0.0
7.772,-0.9252919407250425,0.0,0.10852789172318145,0.0,0.6310712402654204,0.0
7.774,-0.9250736187537473,0.0,0.10979610199158008,0.0,0.6371384946430728,0.0
7.776,-0.9248527482295836,0.0,0.11107644348102208,0.0,0.6432024179243067,0.0
7.7780000000000005,-0.924629304896946,0.0,0.11236890926901655,0.0,0.649262749814917,0.0
7.78,-0.9244032645145925,0.0,0.11367349191250797,0.0,0.6553192300463743,0.0
7.782,-0.9241746028566903,0.0,0.11499018344793877,0.0,0.6613715983848236,0.0
7.784,-0.9239432957138509,0.0,0.11631897539132419,0.0,0.6674195946400016,0.0
7.7860000000000005,-0.9237093188941771,0.0,0.11765985873835072,0.0,0.67346295867424,0.0
7.788,-0.9234726482242994,0.0,0.11901282396448831,0.0,0.6795014304113867,0.0
7.79,-0.9232332595504182,0.0,0.12037786102512538,0.0,0.6855347498457953,0.0
7.792,-0.9229911287393411,0.0,0.12175495935571623,0.0,0.6915626570512597,0.0
7.7940000000000005,-0.9227462316795263,0.0,0.12314410787195063,0.0,0.6975848921899859,0.0
7.796,-0.9224985442821209,0.0,0.12454529496993638,0.0,0.7036011955215291,0.0
7.798,-0.9222480424819963,0.0,0.1259585085264069,0.0,0.7096113074117462,0.0
7.8,-0.9219947022387927,0.0,0.12738373589894003,0.0,0.715614968341762,0.0
7.8020000000000005,-0.9217384995379523,0.0,0.12882096392620113,0.0,0.7216119189168989,0.0
7.804,-0.9214794103917601,0.0,0.1302701789281938,0.0,0.7276018998756101,0.0
7.806,-0.9212174108403773,0.0,0.13173136670654217,0.0,0.7335846520984346,0.0
7.808,-0.9209524769528828,0.0,0.13320451254478094,0.0,0.7395599166169302,0.0
7.8100000000000005,-0.9206845848283026,0.0,0.1346896012086648,0.0,0.745527434622578,0.0
7.812,-0.9204137105966536,0.0,0.13618661694649958,0.0,0.7514869474757536,0.0
7.814,-0.9201398304199686,0.0,0.1376955434894872,0.0,0.7574381967145942,0.0
7.816,-0.9198629204933373,0.0,0.1392163640520936,0.0,0.7633809240639596,0.0
7.8180000000000005,-0.9195829570459372,0.0,0.14074906133242604,0.0,0.7693148714443242,0.0
7.82,-0.9192999163420633,0.0,0.14229361751263636,0.0,0.7752397809806643,0.0
7.822,-0.9190137746821644,0.0,0.14385001425933996,0.0,0.7811553950113963,0.0
7.824,-0.9187245084038694,0.0,0.14541823272404686,0.0,0.7870614560972253,0.0
7.8260000000000005,-0.9184320938830198,0.0,0.14699825354362217,0.0,0.7929577070300727,0.0
7.828,-0.9181365075346981,0.0,0.1485900568407481,0.0,0.7988438908419186,0.0
7.83,-0.917837725814254,0.0,0.15019362222442356,0.0,0.8047197508137026,0.0
7.832,-0.9175357252183336,0.0,0.15180892879046237,0.0,0.8105850304841729,0.0
7.8340000000000005,-0.9172304822859042,0.0,0.15343595512202335,0.0,0.8164394736587528,0.0
7.836,-0.9169219735992773,0.0,0.1550746792901483,0.0,0.8222828244183743,0.0
7.838,-0.9166101757851352,0.0,0.15672507885432374,0.0,0.8281148271283287,0.0
7.84,-0.9162950655155521,0.0,0.15838713086306033,0.0,0.8339352264471112,0.0
7.8420000000000005,-0.915976619509016,0.0,0.16006081185448529,0.0,0.8397437673352313,0.0
7.844,-0.9156548145314483,0.0,0.16174609785695515,0.0,0.8455401950640178,0.0
7.846,-0.915329627397223,0.0,0.16344296438968808,0.0,0.8513242552244467,0.0
7.848,-0.9150010349701846,0.0,0.16515138646341265,0.0,0.8570956937359271,0.0
7.8500000000000005,-0.9146690141646623,0.0,0.16687133858102943,0.0,0.8628542568550687,0.0
7.852,-0.9143335419464897,0.0,0.16860279473829853,0.0,0.8685996911844951,0.0
7.854,-0.9139945953340122,0.0,0.17034572842453766,0.0,0.8743317436815649,0.0
7.856,-0.9136521513991052,0.0,0.17210011262334157,0.0,0.8800501616671641,0.0
7.8580000000000005,-0.9133061872681798,0.0,0.17386591981331945,0.0,0.8857546928344304,0.0
7.86,-0.9129566801231963,0.0,0.1756431219688417,0.0,0.8914450852574757,0.0
7.862,-0.9126036072026701,0.0,0.17743169056081987,0.0,0.8971210874001345,0.0
7.864,-0.9122469458026732,0.0,0.17923159655748733,0.0,0.9027824481246294,0.0
7.8660000000000005,-0.9118866732778479,0.0,0.1810428104252101,0.0,0.9084289167003151,0.0
7.868,-0.9115227670424032,0.0,0.18286530212930396,0.0,0.9140602428123201,0.0
7.87,-0.9111552045711181,0.0,0.18469904113487978,0.0,0.9196761765702449,0.0
7.872,-0.9107839634003407,0.0,0.18654399640770014,0.0,0.925276468516804,0.0
7.8740000000000006,-0.9104090211289861,0.0,0.18840013641505304,0.0,0.9308608696364782,0.0
7.876,-0.9100303554195343,0.0,0.19026742912664218,0.0,0.9364291313641355,0.0
7.878,-0.9096479439990182,0.0,0.1921458420155,0.0,0.9419810055936417,0.0
7.88,-0.9092617646600245,0.0,0.19403534205891437,0.0,0.94751624468649,0.0
7.882000000000001,-0.9088717952616796,0.0,0.19593589573936976,0.0,0.9530346014803671,0.0
7.884,-0.9084780137306386,0.0,0.19784746904550732,0.0,0.958535829297718,0.0
7.886,-0.9080803980620721,0.0,0.19977002747310835,0.0,0.964019681954325,0.0
7.888,-0.9076789263206522,0.0,0.20170353602608448,0.0,0.9694859137678419,0.0
7.890000000000001,-0.907273576641532,0.0,0.20364795921749246,0.0,0.974934279566306,0.0
7.892,-0.9068643272313303,0.0,0.20560326107055948,0.0,0.9803645346966607,0.0
7.894,-0.9064511563691078,0.0,0.2075694051197372,0.0,0.9857764350332601,0.0
7.896,-0.906034042407345,0.0,0.2095463544117575,0.0,0.9911697369863306,0.0
7.898000000000001,-0.9056129637729144,0.0,0.21153407150671777,0.0,0.9965441975104407,0.0
7.9,-0.9051878989680552,0.0,0.21353251847917287,0.0,1.0018995741129308,0.0
7.902,-0.9047588265713423,0.0,0.21554165691925475,0.0,1.0072356248623682,0.0
7.904,-0.9043257252386515,0.0,0.2175614479337995,0.0,1.012552108396917,0.0
7.906000000000001,-0.9038885737041306,0.0,0.21959185214749732,0.0,1.0178487839327741,0.0
7.908,-0.9034473507811557,0.0,0.22163282970405362,0.0,1.0231254112724977,0.0
7.91,-0.9030020353632988,0.0,0.22368434026737394,0.0,1.0283817508133997,0.0
7.912,-0.9025526064252807,0.0,0.22574634302276064,0.0,1.0336175635558602,0.0
7.914000000000001,-0.90209904302393,0.0,0.22781879667812643,0.0,1.0388326111116535,0.0
7.916,-0.9016413242991367,0.0,0.229901659465224,0.0,1.0440266557122375,0.0
7.918,-0.9011794294747999,0.0,0.23199488914089728,0.0,1.049199460217032,0.0
7.92,-0.9007133378597811,0.0,0.23409844298834348,0.0,1.054350788121695,0.0
7.922000000000001,-0.9002430288488478,0.0,0.2362122778183967,0.0,1.0594804035663472,0.0
7.924,-0.8997684819236158,0.0,0.23833634997081654,0.0,1.0645880713437772,0.0
7.926,-0.8992896766534924,0.0,0.24047061531561365,0.0,1.0696735569076696,0.0
7.928,-0.898806592696614,0.0,0.24261502925437162,0.0,1.0747366263807643,0.0
7.930000000000001,-0.8983192098007791,0.0,0.24476954672159523,0.0,1.0797770465630026,0.0
7.932,-0.8978275078043852,0.0,0.2469341221860717,0.0,1.0847945849396776,0.0
7.934,-0.8973314666373564,0.0,0.24910870965225285,0.0,1.089789009689547,0.0
7.936,-0.8968310663220709,0.0,0.25129326266164886,0.0,1.0947600896929166,0.0
7.938,-0.8963262869742845,0.0,0.25348773429423654,0.0,1.0997075945397057,0.0
7.94,-0.8958171088040545,0.0,0.2556920771698926,0.0,1.1046312945375072,0.0
7.942,-0.8953035121166587,0.0,0.25790624344982793,0.0,1.1095309607195953,0.0
7.944,-0.8947854773135067,0.0,0.2601301848380554,0.0,1.114406364852927,0.0
7.946,-0.8942629848930583,0.0,0.262363852582862,0.0,1.1192572794461373,0.0
7.948,-0.8937360154517316,0.0,0.26460719747830197,0.0,1.1240834777574804,0.0
7.95,-0.8932045496848073,0.0,0.26686016986569794,0.0,1.128884733802745,0.0
7.952,-0.8926685683873372,0.0,0.2691227196351715,0.0,1.133660822363189,0.0
7.954,-0.8921280524550421,0.0,0.2713947962271798,0.0,1.1384115189934076,0.0
7.956,-0.8915829828852087,0.0,0.27367634863406615,0.0,1.143136600029178,0.0
7.958,-0.8910333407775883,0.0,0.275967325401633,0.0,1.1478358425953086,0.0
7.96,-0.8904791073352845,0.0,0.27826767463072977,0.0,1.1525090246134453,0.0
7.962,-0.8899202638656425,0.0,0.28057734397885326,0.0,1.1571559248098464,0.0
7.964,-0.8893567917811362,0.0,0.28289628066176276,0.0,1.1617763227231461,0.0
7.966,-0.8887886726002457,0.0,0.2852244314551111,0.0,1.1663699987120664,0.0
7.968,-0.8882158879483412,0.0,0.2875617426961007,0.0,1.1709367339631542,0.0
7.97,-0.8876384195585533,0.0,0.28990816028513494,0.0,1.1754763104984223,0.0
7.972,-0.8870562492726484,0.0,0.2922636296875088,0.0,1.1799885111830362,0.0
7.974,-0.8864693590418964,0.0,0.2946280959350917,0.0,1.184473119732909,0.0
7.976,-0.8858777309279345,0.0,0.29700150362804656,0.0,1.1889299207223205,0.0
7.978,-0.8852813471036307,0.0,0.299383796936547,0.0,1.1933586995914762,0.0
7.98,-0.8846801898539409,0.0,0.30177491960252184,0.0,1.1977592426540578,0.0
7.982,-0.8840742415767634,0.0,0.30417481494140375,0.0,1.2021313371047229,0.0
7.984,-0.8834634847837906,0.0,0.30658342584390175,0.0,1.2064747710266028,0.0
7.986,-0.8828479021013572,0.0,0.30900069477778924,0.0,1.2107893333987692,0.0
7.988,-0.8822274762712843,0.0,0.31142656378969896,0.0,1.215074814103653,0.0
7.99,-0.8816021901517185,0.0,0.3138609745069345,0.0,1.2193310039344392,0.0
7.992,-0.8809720267179703,0.0,0.31630386813930655,0.0,1.2235576946024556,0.0
7.994,-0.8803369690633469,0.0,0.3187551854809731,0.0,1.2277546787445106,0.0
7.996,-0.8796970003999781,0.0,0.32121486691229445,0.0,1.2319217499301869,0.0
7.998,-0.8790521040596494,0.0,0.32368285240170835,0.0,1.2360587026691507,0.0
8.0,-0.8784022634946177,0.0,0.32615908150762224,0.0,1.2401653324183992,0.0
8.002,-0.8777474622784316,0.0,0.32864349338030896,0.0,1.244241435589478,0.0
8.004,-0.8770876841067468,0.0,0.33113602676382076,0.0,1.2482868095556654,0.0
8.006,-0.8764229127981333,0.0,0.33363661999793376,0.0,1.2523012526591637,0.0
8.008000000000001,-0.8757531322948874,0.0,0.3361452110200745,0.0,1.2562845642181966,0.0
8.01,-0.8750783266638287,0.0,0.3386617373672891,0.0,1.2602365445341224,0.0
8.012,-0.8743984800971006,0.0,0.34118613617822113,0.0,1.2641569948985114,0.0
8.014,-0.8737135769129694,0.0,0.3437183441950846,0.0,1.2680457176001645,0.0
8.016,-0.8730236015566085,0.0,0.34625829776568545,0.0,1.271902515932145,0.0
8.018,-0.872328538600891,0.0,0.3488059328454158,0.0,1.2757271941987183,0.0
8.02,-0.8716283727471692,0.0,0.35136118499929564,0.0,1.2795195577223113,0.0
8.022,-0.8709230888260523,0.0,0.3539239894040186,0.0,1.2832794128504228,0.0
8.024000000000001,-0.8702126717981837,0.0,0.35649428084999873,0.0,1.287006566962483,0.0
8.026,-0.869497106755012,0.0,0.35907199374344545,0.0,1.290700828476707,0.0
8.028,-0.8687763789195536,0.0,0.3616570621084584,0.0,1.294362006856913,0.0
8.03,-0.8680504736471591,0.0,0.3642494195891032,0.0,1.2979899126192662,0.0
8.032,-0.8673193764262674,0.0,0.3668489994515488,0.0,1.3015843573390584,0.0
8.034,-0.8665830728791633,0.0,0.36945573458616987,0.0,1.3051451536573841,0.0
8.036,-0.8658415487627222,0.0,0.3720695575096958,0.0,1.3086721152878227,0.0
8.038,-0.8650947899691603,0.0,0.374690400367367,0.0,1.3121650570230936,0.0
8.040000000000001,-0.8643427825267711,0.0,0.377318194935088,0.0,1.3156237947416352,0.0
8.042,-0.863585512600666,0.0,0.3799528726216106,0.0,1.319048145414188,0.0
8.044,-0.8628229664935014,0.0,0.38259436447073464,0.0,1.3224379271103408,0.0
8.046,-0.862055130646213,0.0,0.38524260116349307,0.0,1.3257929590050015,0.0
8.048,-0.8612819916387302,0.0,0.3878975130203873,0.0,1.3291130613848816,0.0
8.05,-0.8605035361907055,0.0,0.39055903000360315,0.0,1.3323980556549202,0.0
8.052,-0.8597197511622195,0.0,0.3932270817192603,0.0,1.3356477643446623,0.0
8.054,-0.8589306235544973,0.0,0.39590159741967557,0.0,1.3388620111146525,0.0
8.056000000000001,-0.8581361405106093,0.0,0.39858250600561407,0.0,1.3420406207627047,0.0
8.058,-0.8573362893161758,0.0,0.4012697360285792,0.0,1.345183419230216,0.0
8.06,-0.8565310574000594,0.0,0.40396321569311505,0.0,1.3482902336084182,0.0
8.062,-0.8557204323350617,0.0,0.40666287285909253,0.0,1.351360892144563,0.0
8.064,-0.8549044018386031,0.0,0.40936863504404597,0.0,1.3543952242481132,0.0
8.066,-0.8540829537734135,0.0,0.4120804294254909,0.0,1.357393060496873,0.0
8.068,-0.8532560761482033,0.0,0.4147981828432708,0.0,1.3603542326430742,0.0
8.07,-0.8524237571183391,0.0,0.4175218218019224,0.0,1.3632785736194655,0.0
8.072000000000001,-0.8515859849865125,0.0,0.4202512724730237,0.0,1.3661659175453,0.0
8.074,-0.8507427482034043,0.0,0.42298646069758455,0.0,1.3690160997323386,0.0
8.076,-0.8498940353683375,0.0,0.4257273119884411,0.0,1.371828956690792,0.0
8.078,-0.8490398352299411,0.0,0.4284737515326435,0.0,1.3746043261352205,0.0
8.08,-0.848180136686789,0.0,0.4312257041938943,0.0,1.3773420469904223,0.0
8.082,-0.8473149287880515,0.0,0.43398309451494815,0.0,1.3800419593972313,0.0
8.084,-0.8464442007341326,0.0,0.43674584672006417,0.0,1.3827039047183292,0.0
8.086,-0.8455679418773027,0.0,0.43951388471746244,0.0,1.3853277255440004,0.0
8.088000000000001,-0.8446861417223306,0.0,0.4422871321017665,0.0,1.3879132656978226,0.0
8.09,-0.8437987899271089,0.0,0.4450655121564868,0.0,1.3904603702423537,0.0
8.092,-0.842905876303268,0.0,0.4478489478565069,0.0,1.3929688854847582,0.0
8.094,-0.8420073908167999,0.0,0.4506373618705667,0.0,1.3954386589823973,0.0
8.096,-0.8411033235886601,0.0,0.4534306765637862,0.0,1.397869539548394,0.0
8.098,-0.8401936648953758,0.0,0.45622881400016263,0.0,1.400261377257117,0.0
8.1,-0.8392784051696476,0.0,0.4590316959451092,0.0,1.402614023449676,0.0
8.102,-0.8383575350009372,0.0,0.4618392438679978,0.0,1.4049273307393382,0.0
8.104000000000001,-0.8374310451360656,0.0,0.46465137894469855,0.0,1.4072011530169213,0.0
8.106,-0.8364989264797927,0.0,0.4674680220601432,0.0,1.4094353454561361,0.0
8.108,-0.8355611700953954,0.0,0.4702890938109091,0.0,1.4116297645189075,0.0
8.11,-0.8346177672052453,0.0,0.4731145145077746,0.0,1.4137842679606067,0.0
8.112,-0.8336687091913756,0.0,0.4759442041783433,0.0,1.4158987148353201,0.0
8.114,-0.8327139875960449,0.0,0.4787780825696166,0.0,1.4179729655009834,0.0
8.116,-0.8317535941222982,0.0,0.48161606915062355,0.0,1.4200068816245504,0.0
8.118,-0.8307875206345143,0.0,0.4844580831150449,0.0,1.4220003261870797,0.0
8.120000000000001,-0.8298157591589623,0.0,0.4873040433838372,0.0,1.4239531634887914,0.0
8.122,-0.8288383018843362,0.0,0.49015386860787824,0.0,1.4258652591540688,0.0
8.124,-0.827855141162299,0.0,0.4930074771706339,0.0,1.4277364801364554,0.0
8.126,-0.8268662695080107,0.0,0.49586478719079774,0.0,1.4295666947235413,0.0
8.128,-0.8258716796006543,0.0,0.49872571652498593,0.0,1.431355772541876,0.0
8.13,-0.8248713642839631,0.0,0.501590182770405,0.0,1.4331035845617972,0.0
8.132,-0.8238653165667326,0.0,0.5044581032675486,0.0,1.4348100031022268,0.0
8.134,-0.8228535296233286,0.0,0.5073293951029108,0.0,1.4364749018354332,0.0
8.136000000000001,-0.8218359967941995,0.0,0.5102039751116775,0.0,1.4380981557917263,0.0
8.138,-0.8208127115863697,0.0,0.5130817598804567,0.0,1.4396796413641249,0.0
8.14,-0.8197836676739381,0.0,0.5159626657500201,0.0,1.4412192363130008,0.0
8.142,-0.8187488588985664,0.0,0.5188466088180177,0.0,1.4427168197706208,0.0
8.144,-0.8177082792699573,0.0,0.5217335049417504,0.0,1.4441722722457033,0.0
8.146,-0.8166619229663427,0.0,0.5246232697409101,0.0,1.445585475627903,0.0
8.148,-0.8156097843349481,0.0,0.5275158186003511,0.0,1.4469563131922474,0.0
8.15,-0.8145518578924607,0.0,0.5304110666728777,0.0,1.4482846696035494,0.0
8.152000000000001,-0.8134881383254937,0.0,0.533308928882007,0.0,1.4495704309207469,0.0
8.154,-0.8124186204910396,0.0,0.5362093199247723,0.0,1.450813484601217,0.0
8.156,-0.8113432994169186,0.0,0.5391121542745299,0.0,1.4520137195050447,0.0
8.158,-0.8102621703022304,0.0,0.5420173461837532,0.0,1.4531710258992354,0.0
8.16,-0.8091752285177829,0.0,0.5449248096868728,0.0,1.4542852954618966,0.0
8.162,-0.808082469606535,0.0,0.547834458603079,0.0,1.4553564212863541,0.0
8.164,-0.8069838892840193,0.0,0.550746206539168,0.0,1.45638429788524,0.0
8.166,-0.805879483438763,0.0,0.553659966892394,0.0,1.457368821194534,0.0
8.168000000000001,-0.8047692481327061,0.0,0.5565756528532994,0.0,1.458309888577537,0.0
8.17,-0.803653179601616,0.0,0.5594931774085847,0.0,1.4592073988288345,0.0
8.172,-0.802531274255481,0.0,0.5624124533439817,0.0,1.4600612521781786,0.0
8.174,-0.801403528678924,0.0,0.5653333932471084,0.0,1.4608713502943476,0.0
8.176,-0.8002699396315817,0.0,0.5682559095103777,0.0,1.461637596288951,0.0
8.178,-0.7991305040485034,0.0,0.5711799143338586,0.0,1.46235989472018,0.0
8.18,-0.7979852190405284,0.0,0.5741053197281898,0.0,1.4630381515965243,0.0
8.182,-0.7968340818946577,0.0,0.5770320375174847,0.0,1.4636722743804356,0.0
8.184000000000001,-0.7956770900744304,0.0,0.579959979342233,0.0,1.464262171991939,0.0
8.186,-0.7945142412202879,0.0,0.5828890566622242,0.0,1.4648077548122118,0.0
8.188,-0.7933455331499261,0.0,0.5858191807594841,0.0,1.4653089346871027,0.0
8.19,-0.7921709638586568,0.0,0.5887502627411859,0.0,1.465765624930604,0.0
8.192,-0.7909905315197446,0.0,0.5916822135426083,0.0,1.466177740328275,0.0
8.194,-0.789804234484758,0.0,0.5946149439300764,0.0,1.4665451971406411,0.0
8.196,-0.7886120712838968,0.0,0.5975483645039072,0.0,1.4668679131064986,0.0
8.198,-0.7874140406263235,0.0,0.6004823857013857,0.0,1.4671458074462225,0.0
8.2,-0.786210141400488,0.0,0.6034169177997105,0.0,1.4673788008649857,0.0
8.202,-0.7850003726744406,0.0,0.6063518709189921,0.0,1.4675668155559607,0.0
8.204,-0.7837847336961492,0.0,0.6092871550252077,0.0,1.4677097752034505,0.0
8.206,-0.782563223893802,0.0,0.6122226799331969,0.0,1.467807604985985,0.0
8.208,-0.7813358428761012,0.0,0.6151583553096593,0.0,1.4678602315793574,0.0
8.21,-0.7801025904325664,0.0,0.6180940906761411,0.0,1.4678675831596308,0.0
8.212,-0.7788634665338146,0.0,0.6210297954120405,0.0,1.4678295894060691,0.0
8.214,-0.7776184713318421,0.0,0.6239653787576313,0.0,1.4677461815040491,0.0
8.216,-0.7763676051603056,0.0,0.626900749817054,0.0,1.4676172921479007,0.0
8.218,-0.7751108685347813,0.0,0.6298358175613556,0.0,1.4674428555437022,0.0
8.22,-0.7738482621530387,0.0,0.6327704908315102,0.0,1.4672228074120461,0.0
8.222,-0.7725797868952929,0.0,0.6357046783414438,0.0,1.466957084990726,0.0
8.224,-0.7713054438244515,0.0,0.6386382886810852,0.0,1.466645627037392,0.0
8.226,-0.7700252341863664,0.0,0.6415712303193939,0.0,1.466288373832155,0.0
8.228,-0.7687391594100716,0.0,0.6445034116074138,0.0,1.4658852671801452,0.0
8.23,-0.7674472211080103,0.0,0.647434740781336,0.0,1.4654362504140082,0.0
8.232,-0.7661494210762707,0.0,0.6503651259655351,0.0,1.4649412683963656,0.0
8.234,-0.7648457612947955,0.0,0.6532944751756501,0.0,1.464400267522211,0.0
8.236,-0.7635362439276071,0.0,0.6562226963216409,0.0,1.463813195721277,0.0
8.238,-0.7622208713230111,0.0,0.6591496972108599,0.0,1.463180002460332,0.0
8.24,-0.7608996460137949,0.0,0.6620753855511441,0.0,1.4625006387454405,0.0
8.242,-0.759572570717429,0.0,0.6649996689538719,0.0,1.4617750571241606,0.0
8.244,-0.7582396483362571,0.0,0.6679224549370613,0.0,1.4610032116877105,0.0
8.246,-0.7569008819576734,0.0,0.6708436509284681,0.0,1.460185058073065,0.0
8.248,-0.7555562748543092,0.0,0.6737631642686573,0.0,1.4593205534650178,0.0
8.25,-0.7542058304841939,0.0,0.6766809022141212,0.0,1.4584096565981743,0.0
8.252,-0.75284955249093,0.0,0.6795967719403694,0.0,1.4574523277589226,0.0
8.254,-0.7514874447038451,0.0,0.6825106805450326,0.0,1.4564485287873201,0.0
8.256,-0.7501195111381476,0.0,0.6854225350509913,0.0,1.4553982230789664,0.0
8.258000000000001,-0.7487457559950708,0.0,0.6883322424094602,0.0,1.4543013755867846,0.0
8.26,-0.7473661836620185,0.0,0.6912397095031229,0.0,1.453157952822794,0.0
8.262,-0.745980798712689,0.0,0.6941448431492511,0.0,1.4519679228597944,0.0
8.264,-0.7445896059072152,0.0,0.6970475501028165,0.0,1.4507312553330327,0.0
8.266,-0.7431926101922741,0.0,0.6999477370596374,0.0,1.44944792144179,0.0
8.268,-0.7417898167012127,0.0,0.7028453106594852,0.0,1.4481178939509418,0.0
8.27,-0.7403812307541494,0.0,0.7057401774892288,0.0,1.4467411471924485,0.0
8.272,-0.7389668578580769,0.0,0.7086322440859736,0.0,1.4453176570668018,0.0
8.274000000000001,-0.737546703706965,0.0,0.7115214169401963,0.0,1.4438474010444347,0.0
8.276,-0.7361207741818457,0.0,0.71440760249888,0.0,1.442330358167053,0.0
8.278,-0.7346890753508948,0.0,0.7172907071686695,0.0,1.44076650904893,0.0
8.28,-0.733251613469517,0.0,0.720170637319004,0.0,1.4391558358781615,0.0
8.282,-0.7318083949804075,0.0,0.7230472992852858,0.0,1.4374983224178437,0.0
8.284,-0.7303594265136276,0.0,0.725920599372009,0.0,1.4357939540072262,0.0
8.286,-0.7289047148866552,0.0,0.7287904438559245,0.0,1.4340427175627928,0.0
8.288,-0.7274442671044375,0.0,0.7316567389891995,0.0,1.4322446015792998,0.0
8.290000000000001,-0.7259780903594434,0.0,0.734519391002565,0.0,1.4303995961307716,0.0
8.292,-0.7245061920316987,0.0,0.7373783061084787,0.0,1.4285076928714289,0.0
8.294,-0.723028579688816,0.0,0.7402333905042969,0.0,1.4265688850365694,0.0
8.296,-0.7215452610860315,0.0,0.7430845503754179,0.0,1.4245831674434133,0.0
8.298,-0.7200562441662135,0.0,0.7459316918984624,0.0,1.4225505364918654,0.0
8.3,-0.7185615370598879,0.0,0.7487747212444341,0.0,1.420470990165262,0.0
8.302,-0.7170611480852418,0.0,0.7516135445818835,0.0,1.4183445280310432,0.0
8.304,-0.7155550857481201,0.0,0.7544480680800864,0.0,1.416171151241369,0.0
8.306000000000001,-0.714043358742031,0.0,0.7572781979122035,0.0,1.4139508625337118,0.0
8.308,-0.7125259759481292,0.0,0.7601038402584546,0.0,1.4116836662313696,0.0
8.31,-0.7110029464351953,0.0,0.7629249013093027,0.0,1.4093695682439313,0.0
8.312,-0.7094742794596202,0.0,0.7657412872686029,0.0,1.4070085760677087,0.0
8.314,-0.707939984465369,0.0,0.7685529043568017,0.0,1.4046006987860975,0.0
8.316,-0.7064000710839468,0.0,0.7713596588140912,0.0,1.4021459470698938,0.0
8.318,-0.7048545491343586,0.0,0.7741614569035935,0.0,1.3996443331775648,0.0
8.32,-0.7033034286230523,0.0,0.7769582049145447,0.0,1.3970958709554475,0.0
8.322000000000001,-0.7017467197438733,0.0,0.7797498091654514,0.0,1.394500575837927,0.0
8.324,-0.7001844328779976,0.0,0.7825361760072795,0.0,1.3918584648475363,0.0
8.326,-0.6986165785938605,0.0,0.785317211826631,0.0,1.389169556595009,0.0
8.328,-0.6970431676470903,0.0,0.7880928230489139,0.0,1.3864338712792965,0.0
8.33,-0.6954642109804192,0.0,0.7908629161415291,0.0,1.3836514306875127,0.0
8.332,-0.6938797197236024,0.0,0.7936273976170306,0.0,1.3808222581948397,0.0
8.334,-0.6922897051933232,0.0,0.796386174036313,0.0,1.3779463787643833,0.0
8.336,-0.6906941788930878,0.0,0.7991391520117934,0.0,1.3750238189469541,0.0
8.338000000000001,-0.6890931525131279,0.0,0.8018862382105687,0.0,1.3720546068808372,0.0
8.34,-0.6874866379302816,0.0,0.8046273393575997,0.0,1.3690387722914696,0.0
8.342,-0.6858746472078763,0.0,0.8073623622388922,0.0,1.3659763464910897,0.0
8.344,-0.6842571925956055,0.0,0.8100912137046528,0.0,1.3628673623783296,0.0
8.346,-0.6826342865293915,0.0,0.8128138006724837,0.0,1.3597118544377464,0.0
8.348,-0.6810059416312557,0.0,0.8155300301305317,0.0,1.356509858739324,0.0
8.35,-0.67937217070917,0.0,0.8182398091406707,0.0,1.3532614129379008,0.0
8.352,-0.6777329867569011,0.0,0.8209430448416705,0.0,1.3499665562725447,0.0
8.354000000000001,-0.6760884029538646,0.0,0.8236396444523651,0.0,1.3466253295659052,0.0
8.356,-0.6744384326649533,0.0,0.8263295152748094,0.0,1.3432377752234799,0.0
8.358,-0.6727830894403671,0.0,0.8290125646974591,0.0,1.33980393723284,0.0
8.36,-0.6711223870154472,0.0,0.8316887001983178,0.0,1.3363238611628292,0.0
8.362,-0.669456339310477,0.0,0.8343578293481203,0.0,1.3327975941626566,0.0
8.364,-0.6677849604305114,0.0,0.8370198598134676,0.0,1.3292251849610022,0.0
8.366,-0.6661082646651715,0.0,0.83967469936,0.0,1.325606683865025,0.0
8.368,-0.6644262664884413,0.0,0.8423222558555533,0.0,1.3219421427593216,0.0
8.370000000000001,-0.6627389805584696,0.0,0.8449624372733054,0.0,1.3182316151048714,0.0
8.372,-0.6610464217173488,0.0,0.8475951516949285,0.0,1.314475155937886,0.0
8.374,-0.6593486049908945,0.0,0.8502203073137521,0.0,1.3106728218686226,0.0
8.376,-0.6576455455884265,0.0,0.8528378124378888,0.0,1.306824671080168,0.0
8.378,-0.655937258902525,0.0,0.8554475754933952,0.0,1.3029307633271263,0.0
8.38,-0.654223760508802,0.0,0.8580495050274024,0.0,1.2989911599343045,0.0
8.382,-0.652505066165652,0.0,0.8606435097112654,0.0,1.2950059237953098,0.0
8.384,-0.6507811918139951,0.0,0.8632294983436929,0.0,1.2909751193711023,0.0
8.386000000000001,-0.6490521535770275,0.0,0.8658073798538782,0.0,1.2868988126885186,0.0
8.388,-0.6473179677599559,0.0,0.8683770633046325,0.0,1.2827770713387248,0.0
8.39,-0.6455786508497187,0.0,0.8709384578955216,0.0,1.2786099644756024,0.0
8.392,-0.6438342195147243,0.0,0.8734914729659684,0.0,1.2743975628141355,0.0
8.394,-0.6420846906045503,0.0,0.8760360179983947,0.0,1.2701399386286791,0.0
8.396,-0.6403300811496724,0.0,0.8785720026213231,0.0,1.2658371657512408,0.0
8.398,-0.6385704083611567,0.0,0.8810993366124941,0.0,1.261489319569665,0.0
8.4,-0.6368056896303607,0.0,0.8836179299019907,0.0,1.2570964770257789,0.0
8.402000000000001,-0.6350359425286288,0.0,0.8861276925753191,0.0,1.2526587166135057,0.0
8.404,-0.633261184806978,0.0,0.8886285348765279,0.0,1.24817611837691,0.0
8.406,-0.631481434395771,0.0,0.8911203672113028,0.0,1.2436487639081786,0.0
8.408,-0.6296967094044009,0.0,0.8936031001500622,0.0,1.2390767363455921,0.0
8.41,-0.6279070281209467,0.0,0.8960766444310436,0.0,1.2344601203713956,0.0
8.412,-0.6261124090118454,0.0,0.8985409109633907,0.0,1.2297990022096688,0.0
8.414,-0.6243128707215411,0.0,0.9009958108302307,0.0,1.2250934696241045,0.0
8.416,-0.6225084320721325,0.0,0.9034412552917694,0.0,1.2203436119157496,0.0
8.418000000000001,-0.6206991120630202,0.0,0.9058771557883376,0.0,1.2155495199207136,0.0
8.42,-0.6188849298705446,0.0,0.9083034239434735,0.0,1.2107112860078089,0.0
8.422,-0.617065904847605,0.0,0.9107199715669894,0.0,1.205829004076124,0.0
8.424,-0.6152420565233029,0.0,0.9131267106580148,0.0,1.2009027695526033,0.0
8.426,-0.6134134046025385,0.0,0.9155235534080715,0.0,1.1959326793894947,0.0
8.428,-0.6115799689656429,0.0,0.9179104122040983,0.0,1.1909188320618376,0.0
8.43,-0.609741769667973,0.0,0.9202871996315066,0.0,1.1858613275648267,0.0
8.432,-0.6078988269395099,0.0,0.922653828477218,0.0,1.180760267411157,0.0
8.434000000000001,-0.606051161184461,0.0,0.9250102117326975,0.0,1.1756157546283283,0.0
8.436,-0.6041987929808447,0.0,0.9273562625969717,0.0,1.1704278937558887,0.0
8.438,-0.6023417430800657,0.0,0.9296918944796607,0.0,1.1651967908426064,0.0
8.44,-0.6004800324065035,0.0,0.9320170210039834,0.0,1.1599225534436501,0.0
8.442,-0.598613682057068,0.0,0.9343315560097831,0.0,1.154605290617641,0.0
8.444,-0.5967427133007746,0.0,0.9366354135565107,0.0,1.1492451129237335,0.0
8.446,-0.5948671475782987,0.0,0.9389285079262377,0.0,1.143842132418602,0.0
8.448,-0.592987006501521,0.0,0.9412107536266457,0.0,1.1383964626533667,0.0
8.45,-0.5911023118530864,0.0,0.943482065394005,0.0,1.1329082186705277,0.0
8.452,-0.5892130855859274,0.0,0.9457423581961687,0.0,1.1273775170007694,0.0
8.454,-0.5873193498228135,0.0,0.9479915472355293,0.0,1.1218044756598031,0.0
8.456,-0.5854211268558724,0.0,0.9502295479519933,0.0,1.1161892141450969,0.0
8.458,-0.5835184391461068,0.0,0.9524562760259461,0.0,1.110531853432565,0.0
8.46,-0.5816113093229193,0.0,0.954671647381193,0.0,1.1048325159732486,0.0
8.462,-0.5796997601836203,0.0,0.9568755781879222,0.0,1.0990913256899035,0.0
8.464,-0.5777838146929261,0.0,0.9590679848656318,0.0,1.0933084079735516,0.0
8.466,-0.5758634959824689,0.0,0.9612487840860644,0.0,1.0874838896800145,0.0
8.468,-0.5739388273502749,0.0,0.9634178927761445,0.0,1.0816178991263314,0.0
8.47,-0.5720098322602659,0.0,0.9655752281208824,0.0,1.0757105660872162,0.0
8.472,-0.5700765343417304,0.0,0.9677207075662905,0.0,1.0697620217913932,0.0
8.474,-0.5681389573887998,0.0,0.9698542488222979,0.0,1.063772398917913,0.0
8.476,-0.5661971253599213,0.0,0.9719757698656306,0.0,1.0577418315924327,0.0
8.478,-0.5642510623773214,0.0,0.9740851889427117,0.0,1.0516704553834377,0.0
8.48,-0.5623007927264553,0.0,0.976182424572547,0.0,1.0455584072983828,0.0
8.482,-0.5603463408554727,0.0,0.9782673955495849,0.0,1.0394058257798688,0.0
8.484,-0.5583877313746499,0.0,0.9803400209465954,0.0,1.03321285070167,0.0
8.486,-0.5564249890558423,0.0,0.9824002201175213,0.0,1.0269796233648067,0.0
8.488,-0.5544581388319123,0.0,0.984447912700333,0.0,1.020706286493499,0.0
8.49,-0.5524872057961565,0.0,0.9864830186198701,0.0,1.014392984231109,0.0
8.492,-0.550512215201737,0.0,0.9885054580906721,0.0,1.0080398621360485,0.0
8.494,-0.5485331924610952,0.0,0.9905151516198061,0.0,1.0016470671776108,0.0
8.496,-0.5465501631453578,0.0,0.9925120200096917,0.0,0.9952147477317432,0.0
8.498,-0.5445631529837559,0.0,0.9944959843608963,0.0,0.9887430535768483,0.0
8.5,-0.5425721878630125,0.0,0.9964669660749469,0.0,0.9822321358894353,0.0
8.502,-0.5405772938267498,0.0,0.9984248868571168,0.0,0.9756821472398178,0.0
8.504,-0.5385784970748722,0.0,1.0003696687192065,0.0,0.9690932415877092,0.0
8.506,-0.5365758239629463,0.0,1.0023012339823305,0.0,0.9624655742777657,0.0
8.508000000000001,-0.534569301001592,0.0,1.004219505279666,0.0,0.9557993020351536,0.0
8.51,-0.5325589548558468,0.0,1.0061244055592198,0.0,0.9490945829609934,0.0
8.512,-0.5305448123445305,0.0,1.0080158580865741,0.0,0.9423515765277786,0.0
8.514,-0.5285269004396191,0.0,1.0098937864476196,0.0,0.9355704435747978,0.0
8.516,-0.5265052462655863,0.0,1.0117581145512973,0.0,0.9287513463034199,0.0
8.518,-0.5244798770987682,0.0,1.0136087666322986,0.0,0.9218944482724376,0.0
8.52,-0.5224508203667046,0.0,1.0154456672537904,0.0,0.9149999143932974,0.0
8.522,-0.5204181036474711,0.0,1.017268741310115,0.0,0.9080679109252734,0.0
8.524000000000001,-0.5183817546690281,0.0,1.0190779140294715,0.0,0.9010986054706769,0.0
8.526,-0.5163418013085425,0.0,1.0208731109766043,0.0,0.8940921669699444,0.0
8.528,-0.5142982715917087,0.0,1.0226542580554745,0.0,0.8870487656966922,0.0
8.53,-0.5122511936920772,0.0,1.0244212815119131,0.0,0.8799685732527808,0.0
8.532,-0.5102005959303574,0.0,1.0261741079362914,0.0,0.8728517625632513,0.0
8.534,-0.508146506773735,0.0,1.027912664266137,0.0,0.8656985078713043,0.0
8.536,-0.5060889548351724,0.0,1.0296368777887839,0.0,0.8585089847331795,0.0
8.538,-0.5040279688726995,0.0,1.0313466761439865,0.0,0.8512833700129838,0.0
8.540000000000001,-0.5019635777887181,0.0,1.033041987326529,0.0,0.8440218418775397,0.0
8.542,-0.4998958106292822,0.0,1.0347227396888325,0.0,0.8367245797911185,0.0
8.544,-0.49782469658337675,0.0,1.0363888619435366,0.0,0.8293917645101632,0.0
8.546,-0.4957502649822053,0.0,1.0380402831660769,0.0,0.8220235780779942,0.0
8.548,-0.49367254529844834,0.0,1.0396769327972684,0.0,0.8146202038193958,0.0
8.55,-0.49159156714554414,0.0,1.0412987406458436,0.0,0.8071818263352625,0.0
8.552,-0.4895073602769423,0.0,1.0429056368910123,0.0,0.7997086314971221,0.0
8.554,-0.4874199545853561,0.0,1.044497552084993,0.0,0.7922008064416287,0.0
8.556000000000001,-0.4853293801020253,0.0,1.0460744171555385,0.0,0.7846585395650649,0.0
8.558,-0.48323566699595477,0.0,1.0476361634084437,0.0,0.7770820205177469,0.0
8.56,-0.48113884557315467,0.0,1.0491827225300658,0.0,0.7694714401983869,0.0
8.562,-0.47903894627588495,0.0,1.0507140265897907,0.0,0.7618269907484817,0.0
8.564,-0.47693599968187567,0.0,1.0522300080425313,0.0,0.7541488655465626,0.0
8.566,-0.47483003650356514,0.0,1.0537305997311872,0.0,0.7464372592024967,0.0
8.568,-0.4727210875873142,0.0,1.0552157348891087,0.0,0.7386923675516742,0.0
8.57,-0.47060918391262063,0.0,1.0566853471425328,0.0,0.7309143876491879,0.0
8.572000000000001,-0.46849435659134026,0.0,1.0581393705130246,0.0,0.7231035177639918,0.0
8.574,-0.4663766368668876,0.0,1.0595777394198915,0.0,0.7152599573729823,0.0
8.576,-0.4642560561134326,0.0,1.0610003886826047,0.0,0.7073839071550264,0.0
8.578,-0.46213264583511443,0.0,1.062407253523184,0.0,0.6994755689850375,0.0
8.58,-0.46000643766521254,0.0,1.0637982695685941,0.0,0.691535145927888,0.0
8.582,-0.45787746336535434,0.0,1.0651733728531112,0.0,0.6835628422323923,0.0
8.584,-0.45574575482468793,0.0,1.0665324998206887,0.0,0.6755588633251863,0.0
8.586,-0.45361134405905584,0.0,1.0678755873273102,0.0,0.6675234158045548,0.0
8.588000000000001,-0.4514742632101804,0.0,1.069202572643316,0.0,0.6594567074343007,0.0
8.59,-0.4493345445448278,0.0,1.0705133934557378,0.0,0.6513589471375005,0.0
8.592,-0.44719222045396545,0.0,1.0718079878706073,0.0,0.6432303449902214,0.0
8.594,-0.4450473234519356,0.0,1.073086294415254,0.0,0.6350711122152738,0.0
8.596,-0.44289988617559406,0.0,1.0743482520405991,0.0,0.626881461175808,0.0
8.598,-0.4407499413834761,0.0,1.0755938001234209,0.0,0.6186616053690058,0.0
8.6,-0.4385975219549356,0.0,1.076822878468621,0.0,0.6104117594196375,0.0
8.602,-0.4364426608892804,0.0,1.0780354273114767,0.0,0.6021321390735822,0.0
8.604000000000001,-0.43428539130492105,0.0,1.0792313873198676,0.0,0.593822961191395,0.0
8.606,-0.43212574643849877,0.0,1.0804106995965066,0.0,0.5854844437417539,0.0
8.608,-0.4299637596440059,0.0,1.081573305681146,0.0,0.5771168057948777,0.0
8.61,-0.42779946439192673,0.0,1.0827191475527729,0.0,0.5687202675159766,0.0
8.612,-0.42563289426833373,0.0,1.0838481676317993,0.0,0.5602950501585455,0.0
8.614,-0.4234640829740268,0.0,1.0849603087822224,0.0,0.5518413760577661,0.0
8.616,-0.4212930643236276,0.0,1.0860555143137849,0.0,0.5433594686237508,0.0
8.618,-0.4191198722446892,0.0,1.0871337279841242,0.0,0.5348495523348,0.0
8.620000000000001,-0.41694454077680276,0.0,1.0881948940008903,0.0,0.526311852730643,0.0
8.622,-0.4147671040706923,0.0,1.0892389570238752,0.0,0.5177465964056011,0.0
8.624,-0.41258759638730413,0.0,1.090265862167104,0.0,0.5091540110017334,0.0
8.626,-0.4104060520969077,0.0,1.0912755550009274,0.0,0.5005343252019822,0.0
8.628,-0.4082225056781651,0.0,1.0922679815541019,0.0,0.4918877687231884,0.0
8.63,-0.40603699171722785,0.0,1.093243088315842,0.0,0.4832145723092036,0.0
8.632,-0.4038495449068057,0.0,1.09420082223787,0.0,0.4745149677238576,0.0
8.634,-0.4016602000452359,0.0,1.0951411307364525,0.0,0.4657891877439243,0.0
8.636000000000001,-0.3994689920355625,0.0,1.0960639616944157,0.0,0.45703746615209473,0.0
8.638,-0.3972759558845955,0.0,1.096969263463151,0.0,0.4482600377298678,0.0
8.64,-0.3950811267019654,0.0,1.0978569848646078,0.0,0.43945713825038724,0.0
8.642,-0.39288453969919634,0.0,1.0987270751932645,0.0,0.43062900447135,0.0
8.644,-0.390686230188739,0.0,1.0995794842180957,0.0,0.4217758741277411,0.0
8.646,-0.38848623358303846,0.0,1.1004141621845158,0.0,0.41289798592465843,0.0
8.648,-0.38628458539356914,0.0,1.101231059816312,0.0,0.4039955795300315,0.0
8.65,-0.38408132122987176,0.0,1.1020301283175686,0.0,0.3950688955672973,0.0
8.652000000000001,-0.38187647679860415,0.0,1.1028113193745628,0.0,0.386118175608136,0.0
8.654,-0.3796700879025675,0.0,1.1035745851576568,0.0,0.3771436621650808,0.0
8.656,-0.37746219043973,0.0,1.1043198783231762,0.0,0.3681455986840966,0.0
8.658,-0.37525282040226815,0.0,1.1050471520152625,0.0,0.3591242295372298,0.0
8.66,-0.37304201387557356,0.0,1.1057563598677227,0.0,0.350079800015087,0.0
8.662,-0.37082980703728324,0.0,1.1064474560058548,0.0,0.34101255631939664,0.0
8.664,-0.36861623615629224,0.0,1.1071203950482673,0.0,0.33192274555548607,0.0
8.666,-0.3664013375917565,0.0,1.1077751321086782,0.0,0.3228106157246935,0.0
8.668000000000001,-0.3641851477921142,0.0,1.1084116227976955,0.0,0.31367641571685834,0.0
8.67,-0.3619677032940851,0.0,1.109029823224589,0.0,0.30452039530268005,0.0
8.672,-0.35974904072166236,0.0,1.1096296899990465,0.0,0.2953428051260635,0.0
8.674,-0.3575291967851279,0.0,1.1102111802329047,0.0,0.2861438966965033,0.0
8.676,-0.35530820828002596,0.0,1.1107742515418892,0.0,0.27692392238132324,0.0
8.678,-0.3530861120861723,0.0,1.1113188620473005,0.0,0.2676831353980159,0.0
8.68,-0.3508629451666322,0.0,1.111844970377723,0.0,0.25842178980646224,0.0
8.682,-0.34863874456669836,0.0,1.1123525356706978,0.0,0.249140140501113,0.0
8.684000000000001,-0.3464135474128854,0.0,1.1128415175743807,0.0,0.2398384432032441,0.0
8.686,-0.34418739091189837,0.0,1.1133118762491914,0.0,0.23051695445308074,0.0
8.688,-0.34196031234960356,0.0,1.1137635723694426,0.0,0.22117593160191373,0.0
8.69,-0.33973234909000927,0.0,1.1141965671249496,0.0,0.2118156328042522,0.0
8.692,-0.33750353857422116,0.0,1.1146108222226432,0.0,0.20243631700983755,0.0
8.694,-0.3352739183194171,0.0,1.1150062998881327,0.0,0.19303824395575686,0.0
8.696,-0.33304352591780473,0.0,1.1153829628672873,0.0,0.1836216741584361,0.0
8.698,-0.33081239903557225,0.0,1.1157407744277794,0.0,0.17418686890561585,0.0
8.700000000000001,-0.32858057541185576,0.0,1.1160796983606234,0.0,0.16473409024836927,0.0
8.702,-0.32634809285768335,0.0,1.1163996989816902,0.0,0.15526360099300018,0.0
8.704,-0.32411498925492066,0.0,1.1167007411332162,0.0,0.1457756646929781,0.0
8.706,-0.3218813025552291,0.0,1.1169827901852785,0.0,0.13627054564085306,0.0
8.708,-0.319647070778992,0.0,1.117245812037277,0.0,0.1267485088600594,0.0
8.71,-0.3174123320142702,0.0,1.1174897731193807,0.0,0.11720982009683023,0.0
8.712,-0.31517712441573154,0.0,1.117714640393968,0.0,0.10765474581197387,0.0
8.714,-0.3129414862035806,0.0,1.1179203813570437,0.0,0.09808355317264972,0.0
8.716,-0.310705455662503,0.0,1.11810696403965,0.0,0.0884965100441869,0.0
8.718,-0.3084690711405771,0.0,1.1182743570092497,0.0,0.07889388498175298,0.0
8.72,-0.30623237104821516,0.0,1.1184225293710977,0.0,0.06927594722214703,0.0
8.722,-0.30399539385708035,0.0,1.118551450769599,0.0,0.059642966675457654,0.0
8.724,-0.3017581780990012,0.0,1.1186610913896438,0.0,0.049995213916717574,0.0
8.726,-0.2995207623649001,0.0,1.1187514219579309,0.0,0.040332960177590915,0.0
8.728,-0.2972831853037036,0.0,1.1188224137442724,0.0,0.03065647733798471,0.0
8.73,-0.29504548562124777,0.0,1.1188740385628808,0.0,0.020966037917609648,0.0
8.732,-0.2928077020792036,0.0,1.118906268773642,0.0,0.011261915067643957,0.0
8.734,-0.29056987349396707,0.0,1.118919077283368,0.0,0.001544382562197022,0.0
8.736,-0.28833203873557794,0.0,1.1189124375470336,0.0,-0.008186285210074695,0.0
8.738,-0.2860942367266186,0.0,1.1188863235690003,0.0,-0.017929813254488836,0.0
8.74,-0.2838565064411055,0.0,1.118840709904216,0.0,-0.027685925978862436,0.0
8.742,-0.2816188869033991,0.0,1.1187755716594054,0.0,-0.03745434720199825,0.0
8.744,-0.2793814171870945,0.0,1.1186908844942367,0.0,-0.047234800162248014,0.0
8.746,-0.2771441364139066,0.0,1.1185866246224752,0.0,-0.05702700752612244,0.0
8.748,-0.2749070837525755,0.0,1.1184627688131155,0.0,-0.06683069139680531,0.0
8.75,-0.2726702984177415,0.0,1.118319294391506,0.0,-0.07664557332282895,0.0
8.752,-0.2704338196688402,0.0,1.1181561792404409,0.0,-0.08647137430666196,0.0
8.754,-0.268197686808985,0.0,1.117973401801252,0.0,-0.09630781481336359,0.0
8.756,-0.2659619391838399,0.0,1.117770941074869,0.0,-0.10615461477929611,0.0
8.758000000000001,-0.2637266161805138,0.0,1.1175487766228733,0.0,-0.11601149362073826,0.0
8.76,-0.26149175722642987,0.0,1.1173068885685211,0.0,-0.12587817024262882,0.0
8.762,-0.25925740178819734,0.0,1.1170452575977694,0.0,-0.1357543630473187,0.0
8.764,-0.2570235893704963,0.0,1.1167638649602614,0.0,-0.14563978994324311,0.0
8.766,-0.25479035951493667,0.0,1.11646269247031,0.0,-0.15553416835374712,0.0
8.768,-0.25255775179894047,0.0,1.116141722507861,0.0,-0.16543721522581356,0.0
8.77,-0.25032580583460257,0.0,1.1158009380194356,0.0,-0.175348647038871,0.0
8.772,-0.2480945612675508,0.0,1.1154403225190541,0.0,-0.18526817981364596,0.0
8.774000000000001,-0.24586405777582404,0.0,1.1150598600891497,0.0,-0.1951955291209163,0.0
8.776,-0.24363433506872556,0.0,1.1146595353814528,0.0,-0.2051304100903999,0.0
8.778,-0.24140543288568161,0.0,1.1142393336178724,0.0,-0.2150725374196228,0.0
8.78,-0.2391773909951098,0.0,1.113799240591343,0.0,-0.225021625382749,0.0
8.782,-0.23695024919326185,0.0,1.1133392426666695,0.0,-0.23497738783954197,0.0
8.784,-0.23472404730309473,0.0,1.1128593267813436,0.0,-0.2449395382441935,0.0
8.786,-0.23249882517311646,0.0,1.1123594804463468,0.0,-0.2549077896542804,0.0
8.788,-0.23027462267623255,0.0,1.1118396917469338,0.0,-0.2648818547397375,0.0
8.790000000000001,-0.22805147970860973,0.0,1.111299949343402,0.0,-0.274861445791733,0.0
8.792,-0.22582943618851736,0.0,1.110740242471835,0.0,-0.2848462747316783,0.0
8.794,-0.22360853205517225,0.0,1.1101605609448355,0.0,-0.29483605312021643,0.0
8.796,-0.22138880726759536,0.0,1.109560895152241,0.0,-0.3048304921661637,0.0
8.798,-0.21917030180344169,0.0,1.1089412360618143,0.0,-0.31482930273559023,0.0
8.8,-0.21695305565785988,0.0,1.1083015752199203,0.0,-0.3248321953607565,0.0
8.802,-0.21473710884232539,0.0,1.1076419047521888,0.0,-0.33483888024918734,0.0
8.804,-0.21252250138347795,0.0,1.106962217364148,0.0,-0.34484906729272763,0.0
8.806000000000001,-0.21030927332196994,0.0,1.1062625063418512,0.0,-0.3548624660765606,0.0
8.808,-0.2080974647113023,0.0,1.1055427655524832,0.0,-0.3648787858882845,0.0
8.81,-0.2058871156166526,0.0,1.1048029894449403,0.0,-0.3748977357270361,0.0
8.812,-0.20367826611372689,0.0,1.1040431730504046,0.0,-0.38491902431249986,0.0
8.814,-0.20147095628758002,0.0,1.1032633119828867,0.0,-0.394942360094078,0.0
8.816,-0.19926522623145793,0.0,1.1024634024397648,0.0,-0.4049674512599711,0.0
8.818,-0.1970611160456303,0.0,1.1016434412022946,0.0,-0.4149940057462876,0.0
8.82,-0.19485866583621458,0.0,1.1008034256361001,0.0,-0.4250217312462163,0.0
8.822000000000001,-0.1926579157140164,0.0,1.099943353691656,0.0,-0.43505033521912395,0.0
8.824,-0.19045890579335667,0.0,1.0990632239047469,0.0,-0.4450795248997186,0.0
8.826,-0.18826167619089126,0.0,1.0981630353969014,0.0,-0.4551090073072527,0.0
8.828,-0.18606626702445764,0.0,1.0972427878758206,0.0,-0.4651384892546119,0.0
8.83,-0.18387271841188052,0.0,1.0963024816357752,0.0,-0.47516767735757,0.0
8.832,-0.18168107046981763,0.0,1.0953421175579976,0.0,-0.485196278043919,0.0
8.834,-0.17949136331257523,0.0,1.0943616971110406,0.0,-0.49522399756268237,0.0
8.836,-0.17730363705092933,0.0,1.093361222351135,0.0,-0.5052505419933535,0.0
8.838000000000001,-0.17511793179096155,0.0,1.0923406959225097,0.0,-0.5152756172550377,0.0
8.84,-0.17293428763287724,0.0,1.0913001210577122,0.0,-0.5252989291156995,0.0
8.842,-0.17075274466982124,0.0,1.0902395015778938,0.0,-0.5353201832014269,0.0
8.844,-0.16857334298671545,0.0,1.089158841893092,0.0,-0.5453390850055784,0.0
8.846,-0.1663961226590659,0.0,1.0880581470024768,0.0,-0.5553553398980962,0.0
8.848,-0.1642211237517956,0.0,1.0869374224946007,0.0,-0.5653686531346953,0.0
8.85,-0.16204838631806104,0.0,1.085796674547607,0.0,-0.575378729866127,0.0
8.852,-0.1598779503980665,0.0,1.0846359099294343,0.0,-0.5853852751474733,0.0
8.854000000000001,-0.15770985601789717,0.0,1.0834551359980016,0.0,-0.595387993947331,0.0
8.856,-0.1555441431883312,0.0,1.0822543607013704,0.0,-0.6053865911571193,0.0
8.858,-0.1533808519036555,0.0,1.0810335925778833,0.0,-0.6153807716003603,0.0
8.86,-0.151220022140499,0.0,1.0797928407563022,0.0,-0.6253702400418988,0.0
8.862,-0.14906169385663037,0.0,1.0785321149559066,0.0,-0.6353547011972545,0.0
8.864,-0.14690590698979925,0.0,1.0772514254865864,0.0,-0.6453338597418209,0.0
8.866,-0.14475270145654348,0.0,1.0759507832489166,0.0,-0.655307420320185,0.0
8.868,-0.14260211715100218,0.0,1.0746301997342007,0.0,-0.6652750875554488,0.0
8.870000000000001,-0.14045419394374836,0.0,1.0732896870245145,0.0,-0.6752365660584464,0.0
8.872,-0.1383089716805988,0.0,1.0719292577927166,0.0,-0.6851915604370757,0.0
8.874,-0.1361664901814296,0.0,1.07054892530244,0.0,-0.6951397753056067,0.0
8.876,-0.13402678923900566,0.0,1.0691487034080818,0.0,-0.7050809152939241,0.0
8.878,-0.131889908617784,0.0,1.0677286065547498,0.0,-0.7150146850568999,0.0
8.88,-0.12975588805274726,0.0,1.066288649778212,0.0,-0.7249407892836114,0.0
8.882,-0.12762476724821556,0.0,1.0648288487048192,0.0,-0.7348589327066815,0.0
8.884,-0.12549658587666124,0.0,1.063349219551399,0.0,-0.744768820111593,0.0
8.886000000000001,-0.12337138357753688,0.0,1.0618497791251529,0.0,-0.7546701563459489,0.0
8.888,-0.12124919995609137,0.0,1.060330544823518,0.0,-0.7645626463287871,0.0
8.89,-0.11913007458218164,0.0,1.058791534634009,0.0,-0.7744459950599211,0.0
8.892,-0.11701404698910893,0.0,1.0572327671340553,0.0,-0.7843199076291616,0.0
8.894,-0.11490115667242141,0.0,1.0556542614908102,0.0,-0.794184089225682,0.0
8.896,-0.1127914430887488,0.0,1.054056037460938,0.0,-0.8040382451472886,0.0
8.898,-0.11068494565461803,0.0,1.0524381153903968,0.0,-0.8138820808097021,0.0
8.9,-0.10858170374527085,0.0,1.05080051621418,0.0,-0.8237153017558938,0.0
8.902000000000001,-0.10648175669349431,0.0,1.0491432614560656,0.0,-0.8335376136653327,0.0
8.904,-0.10438514378844015,0.0,1.0474663732283298,0.0,-0.8433487223632906,0.0
8.906,-0.10229190427444096,0.0,1.0457698742314383,0.0,-0.8531483338301706,0.0
8.908,-0.1002020773498482,0.0,1.0440537877537386,0.0,-0.8629361542107133,0.0
8.91,-0.09811570216584246,0.0,1.0423181376711115,0.0,-0.8727118898233521,0.0
8.912,-0.09603281782527,0.0,1.040562948446625,0.0,-0.8824752471694398,0.0
8.914,-0.0939534633814645,0.0,1.0387882451301538,0.0,-0.8922259329425382,0.0
8.916,-0.09187767783706705,0.0,1.0369940533579785,0.0,-0.9019636540377274,0.0
8.918000000000001,-0.08980550014286598,0.0,1.0351803993523885,0.0,-0.9116881175608025,0.0
8.92,-0.0877369691966216,0.0,1.0333473099212382,0.0,-0.921399030837568,0.0
8.922,-0.08567212384188323,0.0,1.0314948124575047,0.0,-0.931096101423132,0.0
8.924,-0.08361100286684131,0.0,1.0296229349388173,0.0,-0.9407790371110779,0.0
8.926,-0.08155364500313643,0.0,1.0277317059269704,0.0,-0.9504475459427835,0.0
8.928,-0.07950008892470972,0.0,1.0258211545674225,0.0,-0.9601013362166094,0.0
8.93,-0.07745037324662657,0.0,1.0238913105887724,0.0,-0.9697401164971486,0.0
8.932,-0.07540453652390693,0.0,1.021942204302209,0.0,-0.979363595624492,0.0
8.934000000000001,-0.07336261725037245,0.0,1.019973866600966,0.0,-0.9889714827233791,0.0
8.936,-0.07132465385747605,0.0,1.0179863289597302,0.0,-0.9985634872124519,0.0
8.938,-0.06929068471313624,0.0,1.0159796234340484,0.0,-1.0081393188134742,0.0
8.94,-0.06726074812058597,0.0,1.0139537826597198,0.0,-1.0176986875604814,0.0
8.942,-0.06523488231719975,0.0,1.0119088398521465,0.0,-1.027241303809042,0.0
8.944,-0.0632131254733482,0.0,1.0098448288056971,0.0,-1.0367668782453638,0.0
8.946,-0.06119551569123406,0.0,1.0077617838930304,0.0,-1.0462751218955093,0.0
8.948,-0.059182091003733735,0.0,1.0056597400643987,0.0,-1.0557657461345666,0.0
8.950000000000001,-0.05717288937324736,0.0,1.0035387328469516,0.0,-1.0652384626957931,0.0
8.952,-0.05516794869054915,0.0,1.0013987983440087,0.0,-1.074692983679744,0.0
8.954,-0.05316730677362205,0.0,0.999239973234308,0.0,-1.0841290215634543,0.0
8.956,-0.05117100136652714,0.0,0.9970622947712562,0.0,-1.0935462892095071,0.0
8.958,-0.049179070138234554,0.0,0.9948658007821329,0.0,-1.1029444998752267,0.0
8.96,-0.047191550681493805,0.0,0.9926505296673084,0.0,-1.1123233672217046,0.0
8.962,-0.04520848051168016,0.0,0.9904165203994191,0.0,-1.121682605322939,0.0
8.964,-0.043229897065648254,0.0,0.9881638125225269,0.0,-1.1310219286749295,0.0
8.966,-0.04125583770059968,0.0,0.9858924461512778,0.0,-1.140341052204704,0.0
8.968,-0.039286339692929974,0.0,0.9836024619700219,0.0,-1.1496396912794489,0.0
8.97,-0.03732144023710229,0.0,0.9812939012319282,0.0,-1.1589175617154857,0.0
8.972,-0.03536117644450542,0.0,0.9789668057580799,0.0,-1.1681743797873458,0.0
8.974,-0.03340558534231519,0.0,0.9766212179365381,0.0,-1.1774098622368037,0.0
8.976,-0.03145470387236701,0.0,0.9742571807214122,0.0,-1.1866237262818744,0.0
8.978,-0.029508568890025046,0.0,0.971874737631889,0.0,-1.1958156896257974,0.0
8.98,-0.02756721716304615,0.0,0.969473932751256,0.0,-1.2049854704660614,0.0
8.982,-0.025630685370463112,0.0,0.9670548107259065,0.0,-1.2141327875033237,0.0
8.984,-0.02369901010144656,0.0,0.9646174167643149,0.0,-1.2232573599504373,0.0
8.986,-0.021772227854194345,0.0,0.9621617966360185,0.0,-1.2323589075413197,0.0
8.988,-0.019850375034805842,0.0,0.9596879966705567,0.0,-1.2414371505399218,0.0
8.99,-0.017933487956157033,0.0,0.9571960637563973,0.0,-1.250491809749153,0.0
8.992,-0.016021602836793068,0.0,0.9546860453398636,0.0,-1.2595226065197465,0.0
8.994,-0.014114755799810183,0.0,0.9521579894240201,0.0,-1.2685292627591538,0.0
8.996,-0.012212982871737187,0.0,0.9496119445675457,0.0,-1.2775115009404514,0.0
8.998,-0.010316319981437366,0.0,0.9470479598836117,0.0,-1.2864690441111202,0.0
9.0,-0.00842480295898907,0.0,0.944466085038701,0.0,-1.2954016159019488,0.0
9.002,-0.006538467534589212,0.0,0.9418663702514533,0.0,-1.304308940535801,0.0
9.004,-0.004657349337444661,0.0,0.9392488662914609,0.0,-1.3131907428364575,0.0
9.006,-0.0027814838946711995,0.0,0.9366136244780543,0.0,-1.3220467482373846,0.0
9.008000000000001,-0.0009109066302005059,0.0,0.933960696679089,0.0,-1.3308766827904903,0.0
9.01,0.0009543471363185757,0.0,0.9312901353096874,0.0,-1.33968027317488,0.0
9.012,0.002814242190619237,0.0,0.9286019933309735,0.0,-1.3484572467056277,0.0
9.014,0.004668743424894692,0.0,0.9258963242488087,0.0,-1.3572073313424173,0.0
9.016,0.0065178158389000845,0.0,0.9231731821124727,0.0,-1.3659302556983053,0.0
9.018,0.0083614245410258,0.0,0.9204326215133652,0.0,-1.3746257490483513,0.0
9.02,0.010199534749387076,0.0,0.9176746975836687,0.0,-1.3832935413382894,0.0
9.022,0.012032111792908418,0.0,0.9148994659949858,0.0,-1.3919333631932016,0.0
9.024000000000001,0.013859121112390058,0.0,0.912106982956991,0.0,-1.400544945926073,0.0
9.026,0.01568052826158914,0.0,0.9092973052160389,0.0,-1.4091280215464281,0.0
9.028,0.01749629890829406,0.0,0.9064704900537539,0.0,-1.4176823227689146,0.0
9.03,0.019306398835387706,0.0,0.9036265952856265,0.0,-1.4262075830218444,0.0
9.032,0.021110793941919448,0.0,0.9007656792595621,0.0,-1.4347035364557428,0.0
9.034,0.02290945024416262,0.0,0.8978878008544435,0.0,-1.4431699179518493,0.0
9.036,0.024702333876677543,0.0,0.8949930194786502,0.0,-1.4516064631306165,0.0
9.038,0.02648941109337527,0.0,0.8920813950685714,0.0,-1.4600129083602216,0.0
9.040000000000001,0.02827064826856039,0.0,0.889152988087108,0.0,-1.4683889907649554,0.0
9.042,0.03004601189798961,0.0,0.8862078595221528,0.0,-1.476734448233688,0.0
9.044,0.03181546859992254,0.0,0.88324607088504,0.0,-1.4850490194282864,0.0
9.046,0.033578985116158255,0.0,0.880267684209012,0.0,-1.4933324437919588,0.0
9.048,0.035336528313090046,0.0,0.877272762047623,0.0,-1.5015844615576777,0.0
9.05,0.037088065182730154,0.0,0.8742613674731756,0.0,-1.5098048137564515,0.0
9.052,0.03883356284375544,0.0,0.8712335640751016,0.0,-1.5179932422256766,0.0
9.054,0.04057298854253935,0.0,0.8681894159583436,0.0,-1.526149489617434,0.0
9.056000000000001,0.04230630965417792,0.0,0.8651289877417176,0.0,-1.534273299406745,0.0
9.058,0.04403349368351556,0.0,0.8620523445562662,0.0,-1.542364415899803,0.0
9.06,0.04575450826617343,0.0,0.858959552043571,0.0,-1.5504225842422248,0.0
9.062,0.04746932116956003,0.0,0.8558506763540888,0.0,-1.5584475504272004,0.0
9.064,0.049177900293898444,0.0,0.8527257841454212,0.0,-1.5664390613037238,0.0
9.066,0.05088021367322755,0.0,0.8495849425806219,0.0,-1.5743968645846695,0.0
9.068,0.05257622947641684,0.0,0.8464282193264436,0.0,-1.5823207088549487,0.0
9.07,0.054265916008175,0.0,0.8432556825515856,0.0,-1.5902103435796093,0.0
9.072000000000001,0.05594924171004527,0.0,0.8400674009249369,0.0,-1.598065519111875,0.0
9.074,0.05762617516140667,0.0,0.8368634436137876,0.0,-1.6058859867011948,0.0
9.076,0.05929668508047552,0.0,0.8336438802820132,0.0,-1.6136714985012905,0.0
9.078,0.060960740325282314,0.0,0.8304087810882852,0.0,-1.6214218075780802,0.0
9.08,0.06261830989467754,0.0,0.8271582166842141,0.0,-1.6291366679176984,0.0
9.082,0.06426936292929769,0.0,0.8238922582125164,0.0,-1.6368158344343822,0.0
9.084,0.06591386871255889,0.0,0.8206109773051469,0.0,-1.6444590629784126,0.0
9.086,0.06755179667162978,0.0,0.8173144460814095,0.0,-1.6520661103439758,0.0
9.088000000000001,0.06918311637840037,0.0,0.8140027371460775,0.0,-1.659636734277003,0.0
9.09,0.07080779755045391,0.0,0.8106759235874753,0.0,-1.6671706934829966,0.0
9.092,0.07242581005203663,0.0,0.8073340789755377,0.0,-1.674667747634854,0.0
9.094,0.07403712389500947,0.0,0.8039772773598952,0.0,-1.6821276573805706,0.0
9.096,0.07564170923981482,0.0,0.8006055932678886,0.0,-1.6895501843510312,0.0
9.098,0.07723953639642271,0.0,0.7972191017026138,0.0,-1.696935091167675,0.0
9.1,0.07883057582528322,0.0,0.7938178781409306,0.0,-1.7042821414501832,0.0
9.102,0.08041479813827677,0.0,0.7904019985314422,0.0,-1.7115910998241546,0.0
9.104000000000001,0.08199217409964657,0.0,0.7869715392925,0.0,-1.7188617319286665,0.0
9.106,0.08356267462694071,0.0,0.7835265773101565,0.0,-1.7260938044238925,0.0
9.108,0.08512627079194907,0.0,0.78006718993611,0.0,-1.7332870849986597,0.0
9.11,0.08668293382162334,0.0,0.7765934549856498,0.0,-1.74044134237796,0.0
9.112,0.088232635099015,0.0,0.7731054507355727,0.0,-1.747556346330454,0.0
9.114,0.08977534616418137,0.0,0.7696032559220876,0.0,-1.7546318676759127,0.0
9.116,0.0913110387151126,0.0,0.766086949738713,0.0,-1.761667678292659,0.0
9.118,0.09283968460864475,0.0,0.7625566118341316,0.0,-1.7686635511249915,0.0
9.120000000000001,0.09436125586136038,0.0,0.7590123223100794,0.0,-1.7756192601905,0.0
9.122,0.0958757246504971,0.0,0.7554541617191727,0.0,-1.7825345805874298,0.0
9.124,0.09738306331485005,0.0,0.7518822110627422,0.0,-1.789409288501991,0.0
9.126,0.09888324435565923,0.0,0.7482965517886588,0.0,-1.7962431612155927,0.0
9.128,0.10037624043751059,0.0,0.7446972657891171,0.0,-1.803035977112131,0.0
9.13,0.10186202438921266,0.0,0.7410844353984474,0.0,-1.8097875156851346,0.0
9.132,0.10334056920468326,0.0,0.7374581433908768,0.0,-1.816497557544965,0.0
9.134,0.10481184804382968,0.0,0.7338184729782785,0.0,-1.8231658844259586,0.0
9.136000000000001,0.10627583423341541,0.0,0.7301655078079397,0.0,-1.829792279193501,0.0
9.138,0.10773250126793307,0.0,0.726499331960271,0.0,-1.836376525851122,0.0
9.14,0.10918182281047012,0.0,0.722820029946535,0.0,-1.842918409547517,0.0
9.142,0.11062377269355836,0.0,0.7191276867065495,0.0,-1.849417716583527,0.0
9.144,0.11205832492004608,0.0,0.7154223876063616,0.0,-1.855874234419153,0.0
9.146,0.11348545366392901,0.0,0.7117042184359452,0.0,-1.8622877516804244,0.0
9.148,0.11490513327120802,0.0,0.7079732654068496,0.0,-1.868658058166326,0.0
9.15,0.11631733826072846,0.0,0.7042296151498373,0.0,-1.8749849448556626,0.0
9.152000000000001,0.11772204332501218,0.0,0.7004733547125386,0.0,-1.8812682039138584,0.0
9.154,0.11911922333109026,0.0,0.696704571557059,0.0,-1.887507628699749,0.0
9.156,0.12050885332133474,0.0,0.6929233535575765,0.0,-1.8937030137723614,0.0
9.158,0.12189090851427126,0.0,0.6891297889979613,0.0,-1.8998541548975783,0.0
9.16,0.12326536430540477,0.0,0.685323966569325,0.0,-1.9059608490548579,0.0
9.162,0.12463219626802449,0.0,0.6815059753676127,0.0,-1.912022894443845,0.0
9.164,0.12599138015401593,0.0,0.6776759048911396,0.0,-1.918040090491,0.0
9.166,0.12734289189466252,0.0,0.6738338450381318,0.0,-1.924012237856152,0.0
9.168000000000001,0.1286867076014405,0.0,0.6699798861042621,0.0,-1.929939138439022,0.0
9.17,0.13002280356681015,0.0,0.6661141187801622,0.0,-1.9358205953857188,0.0
9.172,0.13135115626501384,0.0,0.6622366341489065,0.0,-1.94165641309522,0.0
9.174,0.132671742352841,0.0,0.6583475236835288,0.0,-1.9474463972257365,0.0
9.176,0.13398453867042348,0.0,0.6544468792444685,0.0,-1.953190354701136,0.0
9.178,0.13528952224199275,0.0,0.6505347930770554,0.0,-1.9588880937172526,0.0
9.18,0.13658667027665564,0.0,0.6466113578089527,0.0,-1.9645394237481966,0.0
9.182,0.1378759601691576,0.0,0.642676666447578,0.0,-1.970144155552637,0.0
9.184000000000001,0.13915736950063265,0.0,0.6387308123775532,0.0,-1.9757021011799853,0.0
9.186,0.14043087603935986,0.0,0.6347738893581074,0.0,-1.9812130739766018,0.0
9.188,0.1416964577415108,0.0,0.6308059915204648,0.0,-1.9866768885919426,0.0
9.19,0.14295409275188797,0.0,0.6268272133652519,0.0,-1.9920933609846558,0.0
9.192,0.1442037594046635,0.0,0.6228376497598545,0.0,-1.9974623084286494,0.0
9.194,0.14544543622410772,0.0,0.6188373959358001,0.0,-2.002783549519109,0.0
9.196,0.1466791019253144,0.0,0.6148265474860966,0.0,-2.0080569041784804,0.0
9.198,0.14790473541492774,0.0,0.6108052003625675,0.0,-2.0132821936624454,0.0
9.200000000000001,0.14912231579184765,0.0,0.6067734508731948,0.0,-2.0184592405657735,0.0
9.202,0.15033182234794296,0.0,0.6027313956794282,0.0,-2.0235878688282187,0.0
9.204,0.1515332345687628,0.0,0.5986791317934788,0.0,-2.0286679037403386,0.0
9.206,0.15272653213422144,0.0,0.5946167565756343,0.0,-2.033699171949253,0.0
9.208,0.15391169491930623,0.0,0.5905443677315094,0.0,-2.0386815014644215,0.0
9.21,0.15508870299475525,0.0,0.5864620633093487,0.0,-2.0436147216632965,0.0
9.212,0.15625753662774303,0.0,0.5823699416972645,0.0,-2.0484986632970035,0.0
9.214,0.1574181762825603,0.0,0.5782681016204811,0.0,-2.053333158495958,0.0
9.216000000000001,0.15857060262128092,0.0,0.5741566421385892,0.0,-2.058118040775419,0.0
9.218,0.1597147965044309,0.0,0.5700356626427545,0.0,-2.0628531450410383,0.0
9.22,0.16085073899164862,0.0,0.5659052628529309,0.0,-2.067538307594334,0.0
9.222,0.16197841134233626,0.0,0.5617655428150828,0.0,-2.072173366138128,0.0
9.224,0.1630977950163156,0.0,0.5576166028983456,0.0,-2.076758159781979,0.0
9.226,0.1642088716744637,0.0,0.5534585437922359,0.0,-2.0812925290474986,0.0
9.228,0.16531162317935594,0.0,0.5492914665038131,0.0,-2.085776315873691,0.0
9.23,0.16640603159589815,0.0,0.5451154723548245,0.0,-2.090209363622228,0.0
9.232,0.16749207919194986,0.0,0.540930662978883,0.0,-2.0945915170826575,0.0
9.234,0.1685697484389502,0.0,0.5367371403185709,0.0,-2.0989226224776165,0.0
9.236,0.16963902201252798,0.0,0.5325350066226042,0.0,-2.103202527467941,0.0
9.238,0.170699882793112,0.0,0.5283243644429317,0.0,-2.1074310811577788,0.0
9.24,0.17175231386653902,0.0,0.5241053166318381,0.0,-2.1116081340996478,0.0
9.242,0.1727962985246453,0.0,0.5198779663390592,0.0,-2.115733538299425,0.0
9.244,0.17383182026586336,0.0,0.5156424170088597,0.0,-2.119807147221333,0.0
9.246,0.17485886279580648,0.0,0.5113987723771067,0.0,-2.123828815792843,0.0
9.248,0.17587741002784693,0.0,0.5071471364683592,0.0,-2.1277984004095467,0.0
9.25,0.1768874460836954,0.0,0.5028876135928937,0.0,-2.131715758940007,0.0
9.252,0.17788895529396392,0.0,0.49862030834378934,0.0,-2.135580750730515,0.0
9.254,0.17888192219873042,0.0,0.49434532559394523,0.0,-2.1393932366098403,0.0
9.256,0.17986633154809942,0.0,0.49006277049311303,0.0,-2.1431530788939352,0.0
9.258000000000001,0.18084216830274588,0.0,0.48577274846492496,0.0,-2.1468601413905612,0.0
9.26,0.18180941763446423,0.0,0.4814753652039079,0.0,-2.150514289403902,0.0
9.262,0.1827680649267082,0.0,0.477170726672463,0.0,-2.154115389739133,0.0
9.264,0.18371809577511936,0.0,0.47285893909789634,0.0,-2.1576633107068997,0.0
9.266,0.1846594959880586,0.0,0.46854010896936704,0.0,-2.1611579221278108,0.0
9.268,0.18559225158712173,0.0,0.46421434303489084,0.0,-2.1645990953368375,0.0
9.27,0.18651634880765763,0.0,0.45988174829829487,0.0,-2.1679867031876876,0.0
9.272,0.18743177409927858,0.0,0.4555424320161632,0.0,-2.1713206200571475,0.0
9.274000000000001,0.18833851412635766,0.0,0.45119650169481473,0.0,-2.17460072184933,0.0
9.276,0.1892365557685278,0.0,0.4468440650872293,0.0,-2.177826885999921,0.0
9.278,0.19012588612117426,0.0,0.4424852301899643,0.0,-2.180998991480375,0.0
9.28,0.19100649249591387,0.0,0.43812010524011447,0.0,-2.184116918802023,0.0
9.282,0.19187836242107736,0.0,0.43374879871219263,0.0,-2.187180550020185,0.0
9.284,0.19274148364217858,0.0,0.42937141931506545,0.0,-2.1901897687382017,0.0
9.286,0.1935958441223797,0.0,0.4249880759888402,0.0,-2.193144460111423,0.0
9.288,0.19444143204295464,0.0,0.42059887790174505,0.0,-2.196044510851176,0.0
9.290000000000001,0.19527823580373693,0.0,0.4162039344470413,0.0,-2.1988898092286373,0.0
9.292,0.19610624402356952,0.0,0.41180335523988326,0.0,-2.2016802450786956,0.0
9.294,0.1969254455407458,0.0,0.4073972501141778,0.0,-2.204415709803758,0.0
9.296,0.19773582941344178,0.0,0.4029857291194725,0.0,-2.207096096377491,0.0
9.298,0.1985373849201483,0.0,0.3985689025177742,0.0,-2.2097212993485473,0.0
9.3,0.19933010156008565,0.0,0.3941468807804277,0.0,-2.2122912148441976,0.0
9.302,0.20011396905362636,0.0,0.3897197745849449,0.0,-2.2148057405739547,0.0
9.304,0.20088897734270217,0.0,0.3852876948118159,0.0,-2.2172647758331383,0.0
9.306000000000001,0.20165511659120453,0.0,0.3808507525413678,0.0,-2.21966822150637,0.0
9.308,0.20241237718538302,0.0,0.37640905905056465,0.0,-2.222015980071046,0.0
9.31,0.2031607497342361,0.0,0.37196272580980994,0.0,-2.2243079556007497,0.0
9.312,0.20390022506989156,0.0,0.36751186447977346,0.0,-2.226544053768608,0.0
9.314,0.20463079424798972,0.0,0.36305658690816334,0.0,-2.228724181850625,0.0
9.316,0.20535244854804724,0.0,0.3585970051265397,0.0,-2.230848248728922,0.0
9.318,0.20606517947382663,0.0,0.3541332313470914,0.0,-2.232916164894969,0.0
9.32,0.2067689787536927,0.0,0.349665377959401,0.0,-2.234927842452751,0.0
9.322000000000001,0.20746383834096394,0.0,0.34519355752724024,0.0,-2.236883195121875,0.0
9.324,0.20814975041425782,0.0,0.34071788278531806,0.0,-2.238782138240649,0.0
9.326,0.20882670737783088,0.0,0.3362384666360415,0.0,-2.240624588769091,0.0
9.328,0.20949470186190441,0.0,0.3317554221462833,0.0,-2.242410465291889,0.0
9.33,0.21015372672300386,0.0,0.32726886254410736,0.0,-2.2441396880213427,0.0
9.332,0.21080377504426084,0.0,0.3227789012155318,0.0,-2.245812178800197,0.0
9.334,0.21144484013573867,0.0,0.3182856517012591,0.0,-2.247427861104481,0.0
9.336,0.2120769155347334,0.0,0.3137892276933918,0.0,-2.2489866600462682,0.0
9.338000000000001,0.2126999950060739,0.0,0.30928974303218204,0.0,-2.250488502376389,0.0
9.34,0.21331407254241316,0.0,0.3047873117027373,0.0,-2.251933316487094,0.0
9.342,0.2139191423645203,0.0,0.3002820478317273,0.0,-2.2533210324146804,0.0
9.344,0.21451519892155288,0.0,0.2957740656841162,0.0,-2.254651581842036,0.0
9.346,0.21510223689133598,0.0,0.29126347965984106,0.0,-2.2559248981011675,0.0
9.348,0.21568025118062603,0.0,0.2867504042905341,0.0,-2.2571409161756537,0.0
9.35,0.21624923692537168,0.0,0.2822349542362084,0.0,-2.258299572703058,0.0
9.352,0.2168091894909679,0.0,0.27771724428192923,0.0,-2.259400805977293,0.0
9.354000000000001,0.21736010447250176,0.0,0.2731973893345336,0.0,-2.2604445559509223,0.0
9.356,0.21790197769499164,0.0,0.2686755044192899,0.0,-2.2614307642374136,0.0
9.358,0.21843480521362507,0.0,0.2641517046765631,0.0,-2.262359374113359,0.0
9.36,0.2189585833139785,0.0,0.25962610535851904,0.0,-2.2632303305206163,0.0
9.362,0.21947330851224683,0.0,0.25509882182575705,0.0,-2.2640435800684178,0.0
9.364,0.21997897755544718,0.0,0.25056996954399935,0.0,-2.264799071035419,0.0
9.366,0.22047558742163276,0.0,0.24603966408074146,0.0,-2.2654967533716994,0.0
9.368,0.2209631353200907,0.0,0.2415080211018896,0.0,-2.2661365787007144,0.0
9.370000000000001,0.22144161869153547,0.0,0.2369751563684453,0.0,-2.2667185003211854,0.0
9.372,0.2219110352082948,0.0,0.2324411857331313,0.0,-2.2672424732089462,0.0
9.374,0.22237138277449212,0.0,0.2279062251370319,0.0,-2.267708454018738,0.0
9.376,0.22282265952621783,0.0,0.22337039060625724,0.0,-2.2681164010859494,0.0
9.378,0.2232648638316972,0.0,0.21883379824854376,0.0,-2.268466274428304,0.0
9.38,0.22369799429144957,0.0,0.21429656424992632,0.0,-2.2687580357474992,0.0
9.382,0.2241220497384417,0.0,0.20975880487135035,0.0,-2.268991648430788,0.0
9.384,0.22453702923823526,0.0,0.20522063644528435,0.0,-2.269167077552515,0.0
9.386000000000001,0.2249429320891238,0.0,0.20068217537237387,0.0,-2.2692842898755923,0.0
9.388,0.22533975782226895,0.0,0.1961435381180498,0.0,-2.269343253852933,0.0
9.39,0.2257275062018255,0.0,0.19160484120913399,0.0,-2.2693439396288224,0.0
9.392,0.22610617722505755,0.0,0.18706620123048356,0.0,-2.2692863190402437,0.0
9.394,0.2264757711224592,0.0,0.1825277348215681,0.0,-2.26917036561815,0.0
9.396,0.22683628835785064,0.0,0.1779895586731174,0.0,-2.268996054588681,0.0
9.398,0.22718772962848321,0.0,0.17345178952370738,0.0,-2.2687633628743282,0.0
9.4,0.22753009586513243,0.0,0.16891454415636747,0.0,-2.268472269095053,0.0
9.402000000000001,0.22786338823217886,0.0,0.1643779393951929,0.0,-2.2681227535693407,0.0
9.404,0.22818760812769084,0.0,0.1598420921019486,0.0,-2.2677147983152173,0.0
9.406,0.228502757183495,0.0,0.15530711917264495,0.0,-2.2672483870511986,0.0
9.408,0.22880883726524118,0.0,0.15077313753417662,0.0,-2.2667235051971977,0.0
9.41,0.22910585047246104,0.0,0.1462402641408742,0.0,-2.266140139875371,0.0
9.412,0.22939379913862012,0.0,0.14170861597113846,0.0,-2.265498279910922,0.0
9.414,0.22967268583116013,0.0,0.1371783100240105,0.0,-2.2647979158328386,0.0
9.416,0.22994251335154164,0.0,0.13264946331576488,0.0,-2.2640390398745938,0.0
9.418000000000001,0.2302032847352698,0.0,0.1281221928765083,0.0,-2.2632216459747765,0.0
9.42,0.2304550032519203,0.0,0.12359661574677018,0.0,-2.262345729777685,0.0
9.422,0.2306976724051613,0.0,0.11907284897406836,0.0,-2.2614112886338567,0.0
9.424,0.2309312959327552,0.0,0.11455100960953216,0.0,-2.260418321600551,0.0
9.426,0.23115587780657232,0.0,0.11003121470445393,0.0,-2.259366829442174,0.0
9.428,0.231371422232579,0.0,0.10551358130690064,0.0,-2.2582568146306583,0.0
9.43,0.231577933650833,0.0,0.10099822645828742,0.0,-2.2570882813457795,0.0
9.432,0.23177541673546573,0.0,0.0964852671899475,0.0,-2.2558612354754275,0.0
9.434000000000001,0.23196387639465826,0.0,0.09197482051974601,0.0,-2.2545756846158262,0.0
9.436,0.23214331777061106,0.0,0.087467003448647,0.0,-2.253231638071693,0.0
9.438,0.23231374623950635,0.0,0.08296193295727974,0.0,-2.251829106856344,0.0
9.44,0.23247516741146512,0.0,0.0784597260025587,0.0,-2.250368103691764,0.0
9.442,0.2326275871304952,0.0,0.07396049951423025,0.0,-2.248848643008596,0.0
9.444,0.2327710114744332,0.0,0.06946437039147885,0.0,-2.2472707409461017,0.0
9.446,0.23290544675488228,0.0,0.06497145549950661,0.0,-2.245634415352061,0.0
9.448,0.23303089951713768,0.0,0.06048187166609389,0.0,-2.2439396857826055,0.0
9.450000000000001,0.2331473765401116,0.0,0.05599573567821787,0.0,-2.2421865735020243,0.0
9.452,0.23325488483624368,0.0,0.0515131642786162,0.0,-2.240375101482497,0.0
9.454,0.23335343165141598,0.0,0.047034274162364956,0.0,-2.2385052944037733,0.0
9.456,0.23344302446484655,0.0,0.042559181973489006,0.0,-2.2365771786528215,0.0
9.458,0.23352367098898946,0.0,0.03808800430151315,0.0,-2.2345907823233913,0.0
9.46,0.2335953791694196,0.0,0.033620857678082657,0.0,-2.2325461352155536,0.0
9.462,0.23365815718471564,0.0,0.029157858573539006,0.0,-2.230443268835172,0.0
9.464,0.23371201344633144,0.0,0.02469912339348926,0.0,-2.2282822163933154,0.0
9.466000000000001,0.23375695659846538,0.0,0.020244768475430365,0.0,-2.226063012805639,0.0
9.468,0.23379299551792,0.0,0.01579491008532173,0.0,-2.2237856946916947,0.0
9.47,0.23382013931395473,0.0,0.011349664414170908,0.0,-2.2214503003741854,0.0
9.472,0.23383839732813283,0.0,0.006909147574650193,0.0,-2.2190568698781874,0.0
9.474,0.23384777913416346,0.0,0.002473475597665628,0.0,-2.216605444930298,0.0
9.476,0.23384829453773093,0.0,-0.001957235571019761,0.0,-2.214096068957743,0.0
9.478,0.233839953576325,0.0,-0.0063828700741959815,0.0,-2.211528787087431,0.0
9.48,0.2338227665190566,0.0,-0.010803312146617283,0.0,-2.2089036461449405,0.0
9.482,0.23379674386647442,0.0,-0.015218446118370345,0.0,-2.2062206946534806,0.0
9.484,0.2337618963503666,0.0,-0.019628156418305565,0.0,-2.203479982832765,0.0
9.486,0.23371823493356467,0.0,-0.024032327577390447,0.0,-2.200681562597874,0.0
9.488,0.23366577080973008,0.0,-0.028430844232120195,0.0,-2.197825487558025,0.0
9.49,0.23360451540314453,0.0,-0.03282359112791469,0.0,-2.194911813015306,0.0
9.492,0.23353448036848792,0.0,-0.03721045312247477,0.0,-2.191940595963375,0.0
9.494,0.23345567759060912,0.0,-0.04159131518918066,0.0,-2.188911895086076,0.0
9.496,0.23336811918429068,0.0,-0.04596606242048004,0.0,-2.1858257707560096,0.0
9.498,0.23327181749401027,0.0,-0.050334580031236906,0.0,-2.1826822850330805,0.0
9.5,0.23316678509368896,0.0,-0.0546967533621409,0.0,-2.1794815016629405,0.0
9.502,0.23305303478643788,0.0,-0.05905246788304276,0.0,-2.1762234860754313,0.0
9.504,0.23293057960429803,0.0,-0.06340160919633551,0.0,-2.172908305382946,0.0
9.506,0.23279943280796836,0.0,-0.06774406304032955,0.0,-2.1695360283787317,0.0
9.508000000000001,0.23265960788653373,0.0,-0.0720797152925907,0.0,-2.1661067255351694,0.0
9.51,0.2325111185571822,0.0,-0.07640845197330494,0.0,-2.162620469001979,0.0
9.512,0.232353978764914,0.0,-0.08073015924865003,0.0,-2.1590773326043635,0.0
9.514,0.2321882026822507,0.0,-0.08504472343410849,0.0,-2.155477391841141,0.0
9.516,0.23201380470893002,0.0,-0.08935203099784483,0.0,-2.1518207238827762,0.0
9.518,0.23183079947159532,0.0,-0.0936519685640333,0.0,-2.1481074075693916,0.0
9.52,0.2316392018234867,0.0,-0.09794442291618755,0.0,-2.1443375234087254,0.0
9.522,0.23143902684411258,0.0,-0.1022292810005155,0.0,-2.1405111535740113,0.0
9.524000000000001,0.23123028983892477,0.0,-0.1065064299292253,0.0,-2.1366283819018435,0.0
9.526,0.23101300633898225,0.0,-0.11077575698385786,0.0,-2.132689293889967,0.0
9.528,0.23078719210060705,0.0,-0.11503714961862388,0.0,-2.1286939766950037,0.0
9.53,0.23055286310503806,0.0,-0.11929049546368814,0.0,-2.1246425191301705,0.0
9.532,0.23031003555807625,0.0,-0.12353568232850654,0.0,-2.120535011662901,0.0
9.534,0.23005872588972007,0.0,-0.12777259820511716,0.0,-2.1163715464124406,0.0
9.536,0.22979895075380027,0.0,-0.1320011312714416,0.0,-2.1121522171473903,0.0
9.538,0.22953072702760063,0.0,-0.13622116989460234,0.0,-2.107877119283167,0.0
9.540000000000001,0.2292540718114812,0.0,-0.1404326026341817,0.0,-2.103546349879472,0.0
9.542,0.22896900242848722,0.0,-0.14463531824552342,0.0,-2.0991600076376598,0.0
9.544,0.22867553642395336,0.0,-0.14882920568302838,0.0,-2.0947181928980525,0.0
9.546,0.2283736915651048,0.0,-0.15301415410339808,0.0,-2.090221007637254,0.0
9.548,0.2280634858406481,0.0,-0.15719005286893392,0.0,-2.085668555465352,0.0
9.55,0.22774493746035618,0.0,-0.16135679155077987,0.0,-2.081060941623119,0.0
9.552,0.22741806485465013,0.0,-0.1655142599321875,0.0,-2.076398272979133,0.0
9.554,0.22708288667416682,0.0,-0.16966234801178645,0.0,-2.071680658026837,0.0
9.556000000000001,0.22673942178933065,0.0,-0.17380094600679963,0.0,-2.066908206881604,0.0
9.558,0.22638768928990807,0.0,-0.17792994435630483,0.0,-2.0620810312776845,0.0
9.56,0.22602770848456455,0.0,-0.182049233724469,0.0,-2.0571992445651395,0.0
9.562,0.22565949890040857,0.0,-0.18615870500376325,0.0,-2.05226296170673,0.0
9.564,0.2252830802825314,0.0,-0.19025824931820956,0.0,-2.0472722992747143,0.0
9.566,0.22489847259354426,0.0,-0.1943477580265667,0.0,-2.042227375447659,0.0
9.568,0.2245056960131032,0.0,-0.19842712272555602,0.0,-2.037128310007147,0.0
9.57,0.22410477093742853,0.0,-0.20249623525307003,0.0,-2.0319752243344444,0.0
9.572000000000001,0.2236957179788225,0.0,-0.20655498769135616,0.0,-2.026768241407143,0.0
9.574,0.22327855796517526,0.0,-0.21060327237020676,0.0,-2.021507485795735,0.0
9.576,0.22285331193946703,0.0,-0.21464098187015462,0.0,-2.0161930836601236,0.0
9.578,0.22242000115926347,0.0,-0.21866800902562494,0.0,-2.01082516274613,0.0
9.58,0.2219786470962057,0.0,-0.22268424692813557,0.0,-2.0054038523818813,0.0
9.582,0.22152927143549067,0.0,-0.22668958892942517,0.0,-1.9999292834742286,0.0
9.584,0.2210718960753512,0.0,-0.23068392864462342,0.0,-1.9944015885050597,0.0
9.586,0.22060654312652148,0.0,-0.23466715995540458,0.0,-1.9888209015275655,0.0
9.588000000000001,0.220133234911704,0.0,-0.23863917701310997,0.0,-1.9831873581624957,0.0
9.59,0.21965199396502788,0.0,-0.24259987424188292,0.0,-1.9775010955943362,0.0
9.592,0.21916284303149527,0.0,-0.24654914634181194,0.0,-1.9717622525674157,0.0
9.594,0.21866580506643324,0.0,-0.2504868882920127,0.0,-1.965970969382039,0.0
9.596,0.218160903234926,0.0,-0.2544129953537667,0.0,-1.9601273878904784,0.0
9.598,0.21764816091125186,0.0,-0.2583273630736045,0.0,-1.954231651492988,0.0
9.6,0.21712760167830922,0.0,-0.2622298872863969,0.0,-1.948283905133746,0.0
9.602,0.2165992493270337,0.0,-0.266120464118453,0.0,-1.9422842952967203,0.0
9.604000000000001,0.21606312785581497,0.0,-0.2699989899905802,0.0,-1.936232970001543,0.0
9.606,0.21551926146990588,0.0,-0.27386536162115255,0.0,-1.9301300787992988,0.0
9.608,0.21496767458081956,0.0,-0.27771947602918934,0.0,-1.9239757727682454,0.0
9.61,0.21440839180572896,0.0,-0.2815612305373736,0.0,-1.9177702045095653,0.0
9.612,0.21384143796685703,0.0,-0.28539052277512234,0.0,-1.9115135281429692,0.0
9.614,0.21326683809085656,0.0,-0.2892072506815984,0.0,-1.9052058993023397,0.0
9.616,0.2126846174081907,0.0,-0.29301131250874296,0.0,-1.8988474751312732,0.0
9.618,0.2120948013525032,0.0,-0.29680260682430076,0.0,-1.8924384142785786,0.0
9.620000000000001,0.21149741555998358,0.0,-0.3005810325148052,0.0,-1.8859788768937715,0.0
9.622,0.21089248586872916,0.0,-0.30434648878858356,0.0,-1.879469024622483,0.0
9.624,0.21028003831809236,0.0,-0.30809887517876106,0.0,-1.8729090206018002,0.0
9.626,0.20966009914803643,0.0,-0.3118380915462078,0.0,-1.8662990294556463,0.0
9.628,0.20903269479846884,0.0,-0.3155640380825381,0.0,-1.8596392172900056,0.0
9.63,0.20839785190858381,0.0,-0.3192766153130468,0.0,-1.8529297516881975,0.0
9.632,0.20775559731618753,0.0,-0.32297572409966935,0.0,-1.8461708017060434,0.0
9.634,0.2071059580570212,0.0,-0.3266612656439324,0.0,-1.8393625378669887,0.0
9.636000000000001,0.206448961364084,0.0,-0.3303331414898608,0.0,-1.83250513215724,0.0
9.638,0.20578463466694186,0.0,-0.3339912535269115,0.0,-1.8255987580207904,0.0
9.64,0.20511300559103196,0.0,-0.337635503992892,0.0,-1.8186435903544065,0.0
9.642,0.20443410195696637,0.0,-0.34126579547683883,0.0,-1.811639805502629,0.0
9.644,0.20374795177982533,0.0,-0.3448820309219369,0.0,-1.8045875812526317,0.0
9.646,0.20305458326844594,0.0,-0.3484841136283708,0.0,-1.7974870968291439,0.0
9.648,0.20235402482470602,0.0,-0.3520719472562105,0.0,-1.7903385328892427,0.0
9.65,0.20164630504279993,0.0,-0.35564543582827324,0.0,-1.7831420715171273,0.0
9.652000000000001,0.20093145270851195,0.0,-0.3592044837329647,0.0,-1.7758978962188703,0.0
9.654,0.20020949679848313,0.0,-0.36274899572711533,0.0,-1.768606191917108,0.0
9.656,0.19948046647946654,0.0,-0.3662788769388224,0.0,-1.761267144945659,0.0
9.658,0.19874439110758993,0.0,-0.36979403287024537,0.0,-1.7538809430441704,0.0
9.66,0.19800130022759566,0.0,-0.3732943694004395,0.0,-1.7464477753526182,0.0
9.662,0.19725122357209116,0.0,-0.37677979278812385,0.0,-1.738967832405876,0.0
9.664,0.19649419106078575,0.0,-0.38025020967447837,0.0,-1.7314413061281617,0.0
9.666,0.19573023279971824,0.0,-0.3837055270859241,0.0,-1.7238683898274474,0.0
9.668000000000001,0.1949593790804906,0.0,-0.38714565243686927,0.0,-1.7162492781898775,0.0
9.67,0.19418166037948328,0.0,-0.3905704935324665,0.0,-1.7085841672740956,0.0
9.672,0.19339710735707483,0.0,-0.39397995857136486,0.0,-1.7008732545055136,0.0
9.674,0.1926057508568477,0.0,-0.3973739561484145,0.0,-1.6931167386706207,0.0
9.676,0.19180762190480236,0.0,-0.40075239525739964,0.0,-1.685314819911156,0.0
9.678,0.19100275170854275,0.0,-0.4041151852937409,0.0,-1.6774676997182867,0.0
9.68,0.1901911716564848,0.0,-0.4074622360571776,0.0,-1.66957558092676,0.0
9.682,0.18937291331703368,0.0,-0.41079345775446763,0.0,-1.6616386677089467,0.0
9.684000000000001,0.18854800843777467,0.0,-0.4141087610020385,0.0,-1.6536571655689287,0.0
9.686,0.18771648894464896,0.0,-0.41740805682865106,0.0,-1.6456312813364882,0.0
9.688,0.18687838694112172,0.0,-0.4206912566780581,0.0,-1.6375612231610366,0.0
9.69,0.18603373470735643,0.0,-0.42395827241161294,0.0,-1.6294472005055933,0.0
9.692,0.18518256469937397,0.0,-0.4272090163109121,0.0,-1.6212894241406184,0.0
9.694,0.18432490954820813,0.0,-0.43044340108039053,0.0,-1.613088106137876,0.0
9.696,0.18346080205906212,0.0,-0.4336613398499197,0.0,-1.6048434598642363,0.0
9.698,0.18259027521044635,0.0,-0.4368627461774075,0.0,-1.5965556999753896,0.0
9.700000000000001,0.18171336215333123,0.0,-0.44004753405134367,0.0,-1.5882250424096291,0.0
9.702,0.1808300962102717,0.0,-0.44321561789337643,0.0,-1.579851704381485,0.0
9.704,0.17994051087455076,0.0,-0.4463669125608549,0.0,-1.5714359043753703,0.0
9.706,0.1790446398092923,0.0,-0.4495013333493613,0.0,-1.5629778621391823,0.0
9.708,0.17814251684659133,0.0,-0.452618795995234,0.0,-1.5544777986778537,0.0
9.71,0.1772341759866287,0.0,-0.45571921667806803,0.0,-1.5459359362468925,0.0
9.712,0.1763196513967811,0.0,-0.45880251202321276,0.0,-1.537352498345853,0.0
9.714,0.1753989774107222,0.0,-0.4618685991042674,0.0,-1.528727709711739,0.0
9.716000000000001,0.1744721885275333,0.0,-0.4649173954455245,0.0,-1.5200617963124754,0.0
9.718,0.17353931941079218,0.0,-0.46794881902444124,0.0,-1.5113549853402266,0.0
9.72,0.172600404887665,0.0,-0.4709627882740833,0.0,-1.5026075052047196,0.0
9.722,0.17165547994799848,0.0,-0.4739592220855371,0.0,-1.4938195855265741,0.0
9.724,0.1707045797433912,0.0,-0.47693803981034977,0.0,-1.4849914571304854,0.0
9.726,0.16974773958628095,0.0,-0.4798991612629045,0.0,-1.4761233520385082,0.0
9.728,0.1687849949490115,0.0,-0.4828425067228222,0.0,-1.4672155034631966,0.0
9.73,0.16781638146289732,0.0,-0.4857679969373385,0.0,-1.4582681458007276,0.0
9.732,0.16684193491729174,0.0,-0.4886755531236551,0.0,-1.449281514624036,0.0
9.734,0.16586169125863948,0.0,-0.49156509697129425,0.0,-1.4402558466758488,0.0
9.736,0.16487568658953353,0.0,-0.49443655064442404,0.0,-1.4311913798617388,0.0
9.738,0.1638839571677623,0.0,-0.49728983678417815,0.0,-1.4220883532431123,0.0
9.74,0.16288653940534978,0.0,-0.5001248785109736,0.0,-1.412947007030123,0.0
9.742,0.16188346986760183,0.0,-0.5029415994267807,0.0,-1.4037675825746574,0.0
9.744,0.1608747852721366,0.0,-0.50573992361741,0.0,-1.3945503223631825,0.0
9.746,0.15986052248791227,0.0,-0.5085197756547801,0.0,-1.3852954700095779,0.0
9.748,0.15884071853425744,0.0,-0.5112810805991508,0.0,-1.3760032702479963,0.0
9.75,0.15781541057988835,0.0,-0.5140237640013727,0.0,-1.366673968925583,0.0
9.752,0.15678463594192787,0.0,-0.5167477519050918,0.0,-1.357307812995275,0.0
9.754,0.15574843208491873,0.0,-0.5194529708489588,0.0,-1.3479050505084875,0.0
9.756,0.15470683661982554,0.0,-0.5221393478688259,0.0,-1.3384659306077635,0.0
9.758000000000001,0.15365988730304694,0.0,-0.524806810499908,0.0,-1.3289907035194655,0.0
9.76,0.15260762203540548,0.0,-0.5274552867789557,0.0,-1.3194796205463337,0.0
9.762,0.15155007886114985,0.0,-0.5300847052463945,0.0,-1.309932934060083,0.0
9.764,0.1504872959669424,0.0,-0.5326949949484512,0.0,-1.3003508974939568,0.0
9.766,0.14941931168084252,0.0,-0.5352860854392842,0.0,-1.2907337653351794,0.0
9.768,0.148346164471294,0.0,-0.5378579067830651,0.0,-1.2810817931174987,0.0
9.77,0.14726789294610199,0.0,-0.540410389556074,0.0,-1.2713952374135917,0.0
9.772,0.14618453585140112,0.0,-0.5429434648487754,0.0,-1.2616743558274512,0.0
9.774000000000001,0.14509613207063338,0.0,-0.54545706426786,0.0,-1.2519194069868111,0.0
9.776,0.14400272062350739,0.0,-0.547951119938292,0.0,-1.2421306505354632,0.0
9.778,0.1429043406649611,0.0,-0.5504255645053394,0.0,-1.2323083471255463,0.0
9.78,0.14180103148412196,0.0,-0.5528803311365682,0.0,-1.2224527584098859,0.0
9.782,0.1406928325032556,0.0,-0.5553153535238506,0.0,-1.2125641470341821,0.0
9.784,0.13957978327672133,0.0,-0.5577305658853312,0.0,-1.202642776629282,0.0
9.786,0.13846192348991265,0.0,-0.560125902967398,0.0,-1.1926889118033286,0.0
9.788,0.13733929295819852,0.0,-0.5625013000466277,0.0,-1.1827028181339223,0.0
9.790000000000001,0.13621193162586664,0.0,-0.5648566929317111,0.0,-1.1726847621602772,0.0
9.792,0.13507987956505219,0.0,-0.5671920179653723,0.0,-1.1626350113752972,0.0
9.794,0.133943176974666,0.0,-0.5695072120262755,0.0,-1.152553834217613,0.0
9.796,0.1328018641793297,0.0,-0.5718022125308914,0.0,-1.1424415000636916,0.0
9.798,0.1316559816282883,0.0,-0.5740769574353831,0.0,-1.1322982792197696,0.0
9.8,0.13050556989433448,0.0,-0.5763313852374441,0.0,-1.1221244429138886,0.0
9.802,0.12935066967272527,0.0,-0.5785654349781376,0.0,-1.1119202632878278,0.0
9.804,0.1281913217800852,0.0,-0.5807790462437257,0.0,-1.1016860133889859,0.0
9.806000000000001,0.127027567153323,0.0,-0.5829721591674566,0.0,-1.0914219671623413,0.0
9.808,0.1258594468485339,0.0,-0.5851447144313598,0.0,-1.0811283994422878,0.0
9.81,0.12468700203989501,0.0,-0.5872966532680204,0.0,-1.070805585944449,0.0
9.812,0.12351027401856943,0.0,-0.589427917462325,0.0,-1.0604538032575275,0.0
9.814,0.12232930419159342,0.0,-0.5915384493532079,0.0,-1.0500733288350528,0.0
9.816,0.12114413408077326,0.0,-0.5936281918353644,0.0,-1.0396644409871736,0.0
9.818,0.11995480532156917,0.0,-0.595697088360959,0.0,-1.029227418872372,0.0
9.82,0.11876135966197311,0.0,-0.597745082941322,0.0,-1.0187625424891253,0.0
9.822000000000001,0.11756383896139759,0.0,-0.5997721201486065,0.0,-1.0082700926676518,0.0
9.824,0.11636228518954997,0.0,-0.6017781451174516,0.0,-0.9977503510615281,0.0
9.826,0.11515674042530061,0.0,-0.6037631035466241,0.0,-0.9872036001392874,0.0
9.828,0.11394724685555989,0.0,-0.6057269417006296,0.0,-0.9766301231760808,0.0
9.83,0.11273384677413997,0.0,-0.6076696064113316,0.0,-0.966030204245169,0.0
9.832,0.11151658258062211,0.0,-0.6095910450795244,0.0,-0.9554041282095562,0.0
9.834,0.11029549677921516,0.0,-0.6114912056765125,0.0,-0.9447521807134636,0.0
9.836,0.10907063197761377,0.0,-0.6133700367456657,0.0,-0.9340746481738281,0.0
9.838000000000001,0.10784203088585229,0.0,-0.6152274874039497,0.0,-0.9233718177718075,0.0
9.84,0.10660973631515706,0.0,-0.6170635073434518,0.0,-0.9126439774442066,0.0
9.842,0.10537379117679113,0.0,-0.6188780468328825,0.0,-0.9018914158749018,0.0
9.844,0.10413423848090764,0.0,-0.6206710567190549,0.0,-0.8911144224862915,0.0
9.846,0.10289112133537946,0.0,-0.6224424884283661,0.0,-0.8803132874305942,0.0
9.848,0.10164448294465254,0.0,-0.6241922939682336,0.0,-0.8694883015812995,0.0
9.85,0.100394366608573,0.0,-0.6259204259285372,0.0,-0.8586397565244508,0.0
9.852,0.09914081572122167,0.0,-0.6276268374830377,0.0,-0.8477679445499505,0.0
9.854000000000001,0.09788387376975015,0.0,-0.6293114823907682,0.0,-0.8368731586428949,0.0
9.856,0.09662358433320614,0.0,-0.6309743149974195,0.0,-0.8259556924748263,0.0
9.858,0.09535999108135292,0.0,-0.6326152902367107,0.0,-0.8150158403949356,0.0
9.86,0.09409313777350169,0.0,-0.6342343636317221,0.0,-0.8040538974213792,0.0
9.862,0.09282306825732664,0.0,-0.6358314912962378,0.0,-0.7930701592324023,0.0
9.864,0.0915498264676802,0.0,-0.6374066299360472,0.0,-0.7820649221575825,0.0
9.866,0.09027345642541316,0.0,-0.6389597368502444,0.0,-0.7710384831689641,0.0
9.868,0.08899400223618018,0.0,-0.6404907699325039,0.0,-0.7599911398722,0.0
9.870000000000001,0.08771150808925644,0.0,-0.6419996876723356,0.0,-0.7489231904977105,0.0
9.872,0.08642601825634179,0.0,-0.6434864491563262,0.0,-0.7378349338917733,0.0
9.874,0.08513757709035882,0.0,-0.6449510140693699,0.0,-0.7267266695075658,0.0
9.876,0.08384622902426846,0.0,-0.6463933426958589,0.0,-0.7155986973963215,0.0
9.878,0.08255201856985686,0.0,-0.6478133959208843,0.0,-0.7044513181982949,0.0
9.88,0.08125499031654039,0.0,-0.6492111352313962,0.0,-0.6932848331338475,0.0
9.882,0.07995518893016149,0.0,-0.6505865227173568,0.0,-0.6820995439944526,0.0
9.884,0.0786526591517718,0.0,-0.6519395210728801,0.0,-0.6708957531336353,0.0
9.886000000000001,0.07734744579643588,0.0,-0.6532700935973371,0.0,-0.6596737634580351,0.0
9.888,0.07603959375201261,0.0,-0.6545782041964577,0.0,-0.6484338784183192,0.0
9.89,0.0747291479779395,0.0,-0.6558638173834129,0.0,-0.6371764020001062,0.0
9.892,0.07341615350401992,0.0,-0.6571268982798683,0.0,-0.6259016387149487,0.0
9.894,0.07210065542920689,0.0,-0.6583674126170351,0.0,-0.6146098935911741,0.0
9.896,0.07078269892037682,0.0,-0.6595853267366876,0.0,-0.6033014721648431,0.0
9.898,0.06946232921111695,0.0,-0.6607806075921713,0.0,-0.5919766804706079,0.0
9.9,0.06813959160048774,0.0,-0.6619532227493964,0.0,-0.5806358250325211,0.0
9.902000000000001,0.0668145314518106,0.0,-0.6631031403877988,0.0,-0.5692792128549696,0.0
9.904,0.06548719419143323,0.0,-0.6642303293012967,0.0,-0.5579071514134593,0.0
9.906,0.06415762530749661,0.0,-0.6653347588992249,0.0,-0.5465199486454118,0.0
9.908,0.06282587034871112,0.0,-0.6664163992072436,0.0,-0.5351179129410281,0.0
9.91,0.06149197492311317,0.0,-0.6674752208682436,0.0,-0.5237013531339947,0.0
9.912,0.06015598469684095,0.0,-0.6685111951432146,0.0,-0.5122705784923459,0.0
9.914,0.0588179453928912,0.0,-0.6695242939121097,0.0,-0.5008258987091778,0.0
9.916,0.05747790278987692,0.0,-0.6705144896746874,0.0,-0.4893676238933762,0.0
9.918000000000001,0.05613590272079736,0.0,-0.6714817555513297,0.0,-0.4778960645604103,0.0
9.92,0.05479199107178197,0.0,-0.6724260652838503,0.0,-0.46641153162299703,0.0
9.922,0.05344621378086228,0.0,-0.6733473932362775,0.0,-0.4549143363818395,0.0
9.924,0.052098616836713914,0.0,-0.6742457143956193,0.0,-0.4434047905163406,0.0
9.926,0.05074924627741568,0.0,-0.6751210043726174,0.0,-0.43188320607522546,0.0
9.928,0.049398148189201165,0.0,-0.6759732394024688,0.0,-0.4203498954672972,0.0
9.93,0.04804536870521066,0.0,-0.6768023963455408,0.0,-0.4088051714520563,0.0
9.932,0.04669095400423304,0.0,-0.6776084526880652,0.0,-0.3972493471303299,0.0
9.934000000000001,0.04533495030946323,0.0,-0.6783913865428064,0.0,-0.385682735934968,0.0
9.936,0.043977403887242125,0.0,-0.679151176649719,0.0,-0.3741056516214461,0.0
9.938,0.0426183610457988,0.0,-0.6798878023765855,0.0,-0.36251840825844794,0.0
9.94,0.0412578681340054,0.0,-0.6806012437196284,0.0,-0.3509213202185643,0.0
9.942,0.03989597154010639,0.0,-0.6812914813041137,0.0,-0.33931470216880344,0.0
9.944,0.03853271769047112,0.0,-0.6819584963849259,0.0,-0.327698869061256,0.0
9.946,0.037168153048326893,0.0,-0.6826022708471324,0.0,-0.31607413612362956,0.0
9.948,0.03580232411249894,0.0,-0.683222787206524,0.0,-0.30444081884983204,0.0
9.950000000000001,0.03443527741615177,0.0,-0.6838200286101364,0.0,-0.29279923299056176,0.0
9.952,0.03306705952552422,0.0,-0.6843939788367556,0.0,-0.28114969454385974,0.0
9.954,0.031697717038663246,0.0,-0.6849446222974054,0.0,-0.2694925197456071,0.0
9.956,0.03032729658416395,0.0,-0.6854719440358085,0.0,-0.2578280250601617,0.0
9.958,0.028955844819897412,0.0,-0.6859759297288388,0.0,-0.24615652717080388,0.0
9.96,0.027583408431750972,0.0,-0.6864565656869469,0.0,-0.2344783429703318,0.0
9.962,0.026210034132357833,0.0,-0.6869138388545701,0.0,-0.22279378955156312,0.0
9.964,0.0248357686598224,0.0,-0.6873477368105255,0.0,-0.21110318419780416,0.0
9.966000000000001,0.023460658776460957,0.0,-0.6877582477683775,0.0,-0.19940684437344008,0.0
9.968,0.02208475126752905,0.0,-0.6881453605767925,0.0,-0.18770508771440086,0.0
9.97,0.02070809293994455,0.0,-0.6885090647198738,0.0,-0.17599823201863277,0.0
9.972,0.019330730621027796,0.0,-0.6888493503174731,0.0,-0.16428659523666195,0.0
9.974,0.01795271115721564,0.0,-0.689166208125489,0.0,-0.15257049546199025,0.0
9.976,0.016574081412803934,0.0,-0.6894596295361414,0.0,-0.14085025092167824,0.0
9.978,0.015194888268664723,0.0,-0.6897296065782299,0.0,-0.1291261799667734,0.0
9.98,0.013815178620974257,0.0,-0.6899761319173732,0.0,-0.11739860106276274,0.0
9.982000000000001,0.012434999379942666,0.0,-0.6901991988562265,0.0,-0.10566783278010929,0.0
9.984,0.011054397468536857,0.0,-0.6903988013346832,0.0,-0.09393419378469059,0.0
9.986,0.00967341982120657,0.0,-0.6905749339300562,0.0,-0.08219800282823915,0.0
9.988,0.008292113382610766,0.0,-0.6907275918572394,0.0,-0.07045957873887257,0.0
9.99,0.006910525106335955,0.0,-0.6908567709688517,0.0,-0.05871924041146471,0.0
9.992,0.0055287019536319724,0.0,-0.6909624677553604,0.0,-0.04697730679820242,0.0
9.994,0.004146690892126936,0.0,-0.6910446793451864,0.0,-0.03523409689898738,0.0
9.996,0.0027645388945519668,0.0,-0.6911034035047904,0.0,-0.02348992975188229,0.0
9.998,0.0013822929374728487,0.0,-0.6911386386387394,0.0,-0.011745124423627296,0.0
10.0,2.694222958124177e-16,0.0,-0.6911503837897545,0.0,-2.2892360256793087e-15,0.0
10.002,-0.0013822929374723099,0.0,-0.6911386386387394,0.0,0.011745124423622716,0.0
10.004,-0.0027645388945514277,0.0,-0.6911034035047905,0.0,0.02348992975187771,0.0
10.006,-0.004146690892126397,0.0,-0.6910446793451864,0.0,0.03523409689898279,0.0
10.008000000000001,-0.005528701953632144,0.0,-0.6909624677553604,0.0,0.04697730679820499,0.0
10.01,-0.006910525106335416,0.0,-0.6908567709688517,0.0,0.058719240411460136,0.0
10.012,-0.008292113382610225,0.0,-0.6907275918572395,0.0,0.07045957873886798,0.0
10.014,-0.00967341982120603,0.0,-0.6905749339300563,0.0,0.08219800282823456,0.0
10.016,-0.011054397468536321,0.0,-0.6903988013346833,0.0,0.09393419378468601,0.0
10.018,-0.012434999379942836,0.0,-0.6901991988562265,0.0,0.10566783278011332,0.0
10.02,-0.013815178620973718,0.0,-0.6899761319173734,0.0,0.11739860106275816,0.0
10.022,-0.015194888268664188,0.0,-0.68972960657823,0.0,0.12912617996676884,0.0
10.024000000000001,-0.016574081412804816,0.0,-0.6894596295361411,0.0,0.1408502509216865,0.0
10.026,-0.017952711157215105,0.0,-0.6891662081254891,0.0,0.1525704954619857,0.0
10.028,-0.01933073062102726,0.0,-0.6888493503174732,0.0,0.16428659523665734,0.0
10.03,-0.020708092939944016,0.0,-0.688509064719874,0.0,0.1759982320186282,0.0
10.032,-0.022084751267528516,0.0,-0.6881453605767928,0.0,0.1877050877143963,0.0
10.034,-0.023460658776461127,0.0,-0.6877582477683774,0.0,0.19940684437344264,0.0
10.036,-0.024835768659821865,0.0,-0.6873477368105256,0.0,0.2111031841977996,0.0
10.038,-0.026210034132357306,0.0,-0.6869138388545702,0.0,0.2227937895515586,0.0
10.040000000000001,-0.027583408431752554,0.0,-0.6864565656869466,0.0,0.23447834297034176,0.0
10.042,-0.028955844819896878,0.0,-0.685975929728839,0.0,0.24615652717079936,0.0
10.044,-0.03032729658416342,0.0,-0.6854719440358086,0.0,0.2578280250601572,0.0
10.046,-0.03169771703866271,0.0,-0.6849446222974056,0.0,0.26949251974560257,0.0
10.048,-0.03306705952552368,0.0,-0.6843939788367558,0.0,0.2811496945438552,0.0
10.05,-0.03443527741615194,0.0,-0.6838200286101358,0.0,0.29279923299056965,0.0
10.052,-0.035802324112498396,0.0,-0.6832227872065241,0.0,0.3044408188498275,0.0
10.054,-0.037168153048326366,0.0,-0.6826022708471325,0.0,0.316074136123625,0.0
10.056000000000001,-0.03853271769047198,0.0,-0.6819584963849257,0.0,0.32769886906126033,0.0
10.058,-0.03989597154010586,0.0,-0.6812914813041138,0.0,0.3393147021687989,0.0
10.06,-0.04125786813400487,0.0,-0.6806012437196286,0.0,0.35092132021855976,0.0
10.062,-0.04261836104579827,0.0,-0.6798878023765859,0.0,0.3625184082584434,0.0
10.064,-0.043977403887241605,0.0,-0.6791511766497194,0.0,0.37410565162144155,0.0
10.066,-0.0453349503094641,0.0,-0.678391386542806,0.0,0.38568273593497615,0.0
10.068,-0.0466909540042325,0.0,-0.6776084526880657,0.0,0.39724934713032534,0.0
10.07,-0.048045368705210124,0.0,-0.6768023963455412,0.0,0.40880517145205175,0.0
10.072000000000001,-0.04939814818920204,0.0,-0.6759732394024685,0.0,0.4203498954673015,0.0
10.074,-0.05074924627741516,0.0,-0.6751210043726177,0.0,0.4318832060752209,0.0
10.076,-0.05209861683671339,0.0,-0.6742457143956198,0.0,0.44340479051633613,0.0
10.078,-0.05344621378086175,0.0,-0.6733473932362779,0.0,0.45491433638183504,0.0
10.08,-0.05479199107178144,0.0,-0.6724260652838506,0.0,0.46641153162299254,0.0
10.082,-0.05613590272079681,0.0,-0.6714817555513295,0.0,0.47789606456041256,0.0
10.084,-0.0574779027898764,0.0,-0.6705144896746877,0.0,0.4893676238933717,0.0
10.086,-0.05881794539289069,0.0,-0.6695242939121101,0.0,0.5008258987091734,0.0
10.088000000000001,-0.06015598469684181,0.0,-0.6685111951432143,0.0,0.5122705784923501,0.0
10.09,-0.06149197492311264,0.0,-0.6674752208682442,0.0,0.5237013531339904,0.0
10.092,-0.0628258703487106,0.0,-0.6664163992072442,0.0,0.5351179129410236,0.0
10.094,-0.0641576253074961,0.0,-0.6653347588992253,0.0,0.5465199486454073,0.0
10.096,-0.0654871941914327,0.0,-0.6642303293012972,0.0,0.5579071514134548,0.0
10.098,-0.06681453145181147,0.0,-0.6631031403877985,0.0,0.5692792128549738,0.0
10.1,-0.06813959160048719,0.0,-0.6619532227493968,0.0,0.5806358250325165,0.0
10.102,-0.06946232921111645,0.0,-0.6607806075921717,0.0,0.5919766804706035,0.0
10.104000000000001,-0.07078269892037839,0.0,-0.6595853267366866,0.0,0.6033014721648529,0.0
10.106,-0.07210065542920635,0.0,-0.6583674126170356,0.0,0.6146098935911697,0.0
10.108,-0.07341615350401942,0.0,-0.6571268982798687,0.0,0.6259016387149443,0.0
10.11,-0.074729147977939,0.0,-0.6558638173834134,0.0,0.6371764020001018,0.0
10.112,-0.0760395937520121,0.0,-0.6545782041964583,0.0,0.6484338784183148,0.0
10.114,-0.07734744579643671,0.0,-0.6532700935973366,0.0,0.6596737634580394,0.0
10.116,-0.0786526591517713,0.0,-0.6519395210728807,0.0,0.6708957531336309,0.0
10.118,-0.07995518893016099,0.0,-0.6505865227173572,0.0,0.6820995439944482,0.0
10.120000000000001,-0.08125499031654124,0.0,-0.6492111352313953,0.0,0.6932848331338552,0.0
10.122,-0.08255201856985636,0.0,-0.6478133959208849,0.0,0.7044513181982905,0.0
10.124,-0.08384622902426793,0.0,-0.6463933426958596,0.0,0.7155986973963173,0.0
10.126,-0.08513757709035831,0.0,-0.6449510140693705,0.0,0.7267266695075614,0.0
10.128,-0.08642601825634127,0.0,-0.6434864491563269,0.0,0.737834933891769,0.0
10.13,-0.08771150808925794,0.0,-0.6419996876723343,0.0,0.7489231904977198,0.0
10.132,-0.08899400223617969,0.0,-0.6404907699325045,0.0,0.7599911398721957,0.0
10.134,-0.09027345642541265,0.0,-0.638959736850245,0.0,0.7710384831689597,0.0
10.136000000000001,-0.09154982646768037,0.0,-0.6374066299360469,0.0,0.782064922157585,0.0
10.138,-0.09282306825732614,0.0,-0.6358314912962386,0.0,0.793070159232398,0.0
10.14,-0.0940931377735012,0.0,-0.6342343636317229,0.0,0.804053897421375,0.0
10.142,-0.09535999108135246,0.0,-0.6326152902367111,0.0,0.8150158403949315,0.0
10.144,-0.09662358433320566,0.0,-0.6309743149974201,0.0,0.8259556924748221,0.0
10.146,-0.09788387376975165,0.0,-0.6293114823907667,0.0,0.8368731586429042,0.0
10.148,-0.09914081572122119,0.0,-0.6276268374830383,0.0,0.8477679445499463,0.0
10.15,-0.10039436660857251,0.0,-0.6259204259285378,0.0,0.8586397565244466,0.0
10.152000000000001,-0.10164448294465268,0.0,-0.6241922939682333,0.0,0.8694883015813019,0.0
10.154,-0.10289112133537899,0.0,-0.6224424884283668,0.0,0.88031328743059,0.0
10.156,-0.10413423848090714,0.0,-0.6206710567190556,0.0,0.8911144224862872,0.0
10.158,-0.10537379117679063,0.0,-0.6188780468328833,0.0,0.9018914158748976,0.0
10.16,-0.10660973631515656,0.0,-0.6170635073434526,0.0,0.9126439774442022,0.0
10.162,-0.10784203088585312,0.0,-0.6152274874039491,0.0,0.9233718177718115,0.0
10.164,-0.10907063197761331,0.0,-0.6133700367456663,0.0,0.934074648173824,0.0
10.166,-0.11029549677921467,0.0,-0.6114912056765132,0.0,0.9447521807134595,0.0
10.168000000000001,-0.11151658258062153,0.0,-0.6095910450795239,0.0,0.9554041282095582,0.0
10.17,-0.1127338467741395,0.0,-0.6076696064113324,0.0,0.966030204245165,0.0
10.172,-0.11394724685555942,0.0,-0.6057269417006304,0.0,0.9766301231760767,0.0
10.174,-0.11515674042530014,0.0,-0.6037631035466249,0.0,0.9872036001392833,0.0
10.176,-0.11636228518954947,0.0,-0.6017781451174524,0.0,0.997750351061524,0.0
10.178,-0.1175638389613984,0.0,-0.5997721201486057,0.0,1.0082700926676558,0.0
10.18,-0.11876135966197265,0.0,-0.5977450829413229,0.0,1.0187625424891211,0.0
10.182,-0.11995480532156869,0.0,-0.5956970883609599,0.0,1.029227418872368,0.0
10.184000000000001,-0.1211441340807747,0.0,-0.5936281918353625,0.0,1.0396644409871825,0.0
10.186,-0.12232930419159366,0.0,-0.5915384493532083,0.0,1.0500733288350503,0.0
10.188,-0.12351027401856829,0.0,-0.5894279174623263,0.0,1.060453803257522,0.0
10.19,-0.12468700203989522,0.0,-0.5872966532680208,0.0,1.0708055859444465,0.0
10.192,-0.12585944684853279,0.0,-0.5851447144313611,0.0,1.081128399442282,0.0
10.194,-0.1270275671533231,0.0,-0.5829721591674563,0.0,1.0914219671623435,0.0
10.196,-0.12819132178008405,0.0,-0.5807790462437269,0.0,1.10168601338898,0.0
10.198,-0.1293506696727248,0.0,-0.5785654349781385,0.0,1.111920263287824,0.0
10.200000000000001,-0.13050556989433515,0.0,-0.5763313852374421,0.0,1.122124442913897,0.0
10.202,-0.1316559816282879,0.0,-0.5740769574353841,0.0,1.1322982792197658,0.0
10.204,-0.13280186417932932,0.0,-0.5718022125308924,0.0,1.1424415000636876,0.0
10.206,-0.1339431769746655,0.0,-0.5695072120262763,0.0,1.1525538342176087,0.0
10.208,-0.1350798795650518,0.0,-0.5671920179653732,0.0,1.1626350113752935,0.0
10.21,-0.13621193162586803,0.0,-0.5648566929317091,0.0,1.1726847621602858,0.0
10.212,-0.13733929295819877,0.0,-0.5625013000466283,0.0,1.18270281813392,0.0
10.214,-0.13846192348991287,0.0,-0.5601259029673984,0.0,1.1926889118033264,0.0
10.216000000000001,-0.1395797832767214,0.0,-0.5577305658853307,0.0,1.202642776629284,0.0
10.218,-0.14069283250325448,0.0,-0.555315353523852,0.0,1.2125641470341766,0.0
10.22,-0.14180103148412088,0.0,-0.5528803311365695,0.0,1.2224527584098803,0.0
10.222,-0.14290434066496,0.0,-0.5504255645053409,0.0,1.2323083471255407,0.0
10.224,-0.14400272062350694,0.0,-0.547951119938293,0.0,1.2421306505354592,0.0
10.226,-0.1450961320706341,0.0,-0.5454570642678582,0.0,1.251919406986818,0.0
10.228,-0.1461845358514007,0.0,-0.5429434648487763,0.0,1.2616743558274477,0.0
10.23,-0.1472678929461016,0.0,-0.540410389556075,0.0,1.2713952374135882,0.0
10.232000000000001,-0.14834616447129406,0.0,-0.5378579067830642,0.0,1.2810817931175023,0.0
10.234,-0.1494193116808421,0.0,-0.5352860854392852,0.0,1.2907337653351756,0.0
10.236,-0.15048729596694205,0.0,-0.5326949949484523,0.0,1.300350897493953,0.0
10.238,-0.1515500788611494,0.0,-0.5300847052463956,0.0,1.3099329340600792,0.0
10.24,-0.15260762203540573,0.0,-0.5274552867789564,0.0,1.3194796205463315,0.0
10.242,-0.1536598873030477,0.0,-0.5248068104999071,0.0,1.328990703519469,0.0
10.244,-0.15470683661982582,0.0,-0.5221393478688265,0.0,1.3384659306077615,0.0
10.246,-0.15574843208491768,0.0,-0.5194529708489604,0.0,1.3479050505084822,0.0
10.248,-0.15678463594192812,0.0,-0.5167477519050925,0.0,1.357307812995273,0.0
10.25,-0.15781541057988732,0.0,-0.5140237640013741,0.0,1.3666739689255776,0.0
10.252,-0.15884071853425705,0.0,-0.5112810805991517,0.0,1.3760032702479927,0.0
10.254,-0.15986052248791127,0.0,-0.5085197756547817,0.0,1.3852954700095728,0.0
10.256,-0.16087478527213622,0.0,-0.5057399236174113,0.0,1.3945503223631788,0.0
10.258000000000001,-0.16188346986760255,0.0,-0.5029415994267797,0.0,1.4037675825746607,0.0
10.26,-0.1628865394053494,0.0,-0.5001248785109749,0.0,1.4129470070301196,0.0
10.262,-0.16388395716776194,0.0,-0.49728983678417926,0.0,1.422088353243109,0.0
10.264,-0.1648756865895331,0.0,-0.4944365506444252,0.0,1.431191379861735,0.0
10.266,-0.16586169125863906,0.0,-0.49156509697129536,0.0,1.4402558466758453,0.0
10.268,-0.16684193491729196,0.0,-0.48867555312365574,0.0,1.449281514624034,0.0
10.27,-0.16781638146289757,0.0,-0.4857679969373392,0.0,1.4582681458007256,0.0
10.272,-0.16878499494901178,0.0,-0.48284250672282286,0.0,1.4672155034631946,0.0
10.274000000000001,-0.16974773958628103,0.0,-0.47989916126290383,0.0,1.4761233520385102,0.0
10.276,-0.17070457974339148,0.0,-0.47693803981035043,0.0,1.4849914571304836,0.0
10.278,-0.17165547994799746,0.0,-0.47395922208553887,0.0,1.4938195855265692,0.0
10.28,-0.172600404887664,0.0,-0.4709627882740849,0.0,1.5026075052047145,0.0
10.282,-0.17353931941079118,0.0,-0.467948819024443,0.0,1.5113549853402217,0.0
10.284,-0.1744721885275334,0.0,-0.4649173954455239,0.0,1.5200617963124772,0.0
10.286,-0.1753989774107218,0.0,-0.46186859910426864,0.0,1.5287277097117355,0.0
10.288,-0.17631965139678074,0.0,-0.45880251202321404,0.0,1.5373524983458497,0.0
10.290000000000001,-0.1772341759866299,0.0,-0.45571921667806536,0.0,1.5459359362468998,0.0
10.292,-0.17814251684659102,0.0,-0.4526187959952352,0.0,1.5544777986778502,0.0
10.294,-0.17904463980929194,0.0,-0.44950133334936254,0.0,1.5629778621391786,0.0
10.296,-0.17994051087455037,0.0,-0.44636691256085625,0.0,1.5714359043753665,0.0
10.298,-0.180830096210272,0.0,-0.443215617893377,0.0,1.5798517043814833,0.0
10.3,-0.1817133621533312,0.0,-0.44004753405134256,0.0,1.588225042409632,0.0
10.302,-0.1825902752104466,0.0,-0.43686274617740817,0.0,1.5965556999753876,0.0
10.304,-0.18346080205906112,0.0,-0.4336613398499214,0.0,1.6048434598642314,0.0
10.306000000000001,-0.1843249095482087,0.0,-0.43044340108038825,0.0,1.6130881061378815,0.0
10.308,-0.18518256469937297,0.0,-0.4272090163109139,0.0,1.6212894241406137,0.0
10.31,-0.1860337347073561,0.0,-0.4239582724116144,0.0,1.6294472005055904,0.0
10.312,-0.18687838694112077,0.0,-0.4206912566780598,0.0,1.637561223161032,0.0
10.314,-0.18771648894464865,0.0,-0.41740805682865245,0.0,1.645631281336485,0.0
10.316,-0.18854800843777583,0.0,-0.41410876100203575,0.0,1.6536571655689358,0.0
10.318,-0.18937291331703338,0.0,-0.41079345775446885,0.0,1.6616386677089436,0.0
10.32,-0.1901911716564845,0.0,-0.4074622360571789,0.0,1.669575580926757,0.0
10.322000000000001,-0.19100275170854342,0.0,-0.4041151852937395,0.0,1.67746769971829,0.0
10.324,-0.191807621904802,0.0,-0.400752395257401,0.0,1.6853148199111527,0.0
10.326,-0.192605750856848,0.0,-0.39737395614841514,0.0,1.6931167386706192,0.0
10.328,-0.1933971073570745,0.0,-0.3939799585713662,0.0,1.7008732545055107,0.0
10.33,-0.1941816603794836,0.0,-0.3905704935324672,0.0,1.708584167274094,0.0
10.332,-0.19495937908049038,0.0,-0.3871456524368669,0.0,1.7162492781898824,0.0
10.334,-0.19573023279971852,0.0,-0.3837055270859249,0.0,1.7238683898274458,0.0
10.336,-0.1964941910607848,0.0,-0.3802502096744803,0.0,1.731441306128157,0.0
10.338000000000001,-0.19725122357209118,0.0,-0.3767797927881232,0.0,1.7389678324058773,0.0
10.34,-0.19800130022759474,0.0,-0.3732943694004414,0.0,1.746447775352614,0.0
10.342,-0.19874439110758962,0.0,-0.3697940328702467,0.0,1.7538809430441675,0.0
10.344,-0.19948046647946632,0.0,-0.3662788769388238,0.0,1.761267144945656,0.0
10.346,-0.2002094967984828,0.0,-0.3627489957271166,0.0,1.768606191917105,0.0
10.348,-0.20093145270851262,0.0,-0.3592044837329634,0.0,1.775897896218873,0.0
10.35,-0.2016463050427996,0.0,-0.3556454358282745,0.0,1.7831420715171247,0.0
10.352,-0.20235402482470574,0.0,-0.3520719472562119,0.0,1.7903385328892398,0.0
10.354000000000001,-0.20305458326844653,0.0,-0.34848411362836945,0.0,1.7974870968291468,0.0
10.356,-0.20374795177982563,0.0,-0.3448820309219377,0.0,1.8045875812526302,0.0
10.358,-0.20443410195696668,0.0,-0.34126579547683955,0.0,1.8116398055026277,0.0
10.36,-0.20511300559103238,0.0,-0.33763550399289277,0.0,1.8186435903544051,0.0
10.362,-0.20578463466694102,0.0,-0.3339912535269136,0.0,1.8255987580207864,0.0
10.364,-0.20644896136408397,0.0,-0.33033314148986,0.0,1.8325051321572414,0.0
10.366,-0.20710595805702034,0.0,-0.3266612656439344,0.0,1.8393625378669844,0.0
10.368,-0.2077555973161867,0.0,-0.32297572409967135,0.0,1.8461708017060394,0.0
10.370000000000001,-0.2083978519085842,0.0,-0.3192766153130443,0.0,1.8529297516882017,0.0
10.372,-0.20903269479846862,0.0,-0.3155640380825395,0.0,1.859639217290003,0.0
10.374,-0.20966009914803624,0.0,-0.31183809154620923,0.0,1.8662990294556436,0.0
10.376,-0.21028003831809217,0.0,-0.3080988751787625,0.0,1.8729090206017975,0.0
10.378,-0.21089248586872894,0.0,-0.3043464887885851,0.0,1.8794690246224806,0.0
10.38,-0.21149741555998414,0.0,-0.30058103251480384,0.0,1.8859788768937742,0.0
10.382,-0.21209480135250297,0.0,-0.29680260682430226,0.0,1.8924384142785762,0.0
10.384,-0.21268461740819108,0.0,-0.2930113125087439,0.0,1.898847475131272,0.0
10.386000000000001,-0.2132668380908575,0.0,-0.2892072506815951,0.0,1.9052058993023455,0.0
10.388,-0.2138414379668574,0.0,-0.28539052277512317,0.0,1.9115135281429683,0.0
10.39,-0.21440839180572815,0.0,-0.28156123053737575,0.0,1.9177702045095613,0.0
10.392,-0.21496767458081992,0.0,-0.27771947602919017,0.0,1.9239757727682445,0.0
10.394,-0.21551926146990508,0.0,-0.2738653616211547,0.0,1.9301300787992948,0.0
10.396,-0.21606312785581525,0.0,-0.2699989899905776,0.0,1.9362329700015466,0.0
10.398,-0.2165992493270329,0.0,-0.26612046411845536,0.0,1.942284295296717,0.0
10.4,-0.217127601678309,0.0,-0.2622298872863984,0.0,1.9482839051337437,0.0
10.402000000000001,-0.21764816091125241,0.0,-0.25832736307360304,0.0,1.9542316514929907,0.0
10.404,-0.2181609032349258,0.0,-0.2544129953537682,0.0,1.9601273878904757,0.0
10.406,-0.2186658050664331,0.0,-0.25048688829201426,0.0,1.9659709693820369,0.0
10.408,-0.21916284303149514,0.0,-0.24654914634181346,0.0,1.9717622525674132,0.0
10.41,-0.21965199396502774,0.0,-0.24259987424188456,0.0,1.9775010955943335,0.0
10.412,-0.22013323491170478,0.0,-0.23863917701310658,0.0,1.9831873581625006,0.0
10.414,-0.22060654312652134,0.0,-0.2346671599554061,0.0,1.9888209015275635,0.0
10.416,-0.22107189607535158,0.0,-0.23068392864462436,0.0,1.9944015885050588,0.0
10.418000000000001,-0.22152927143548995,0.0,-0.2266895889294244,0.0,1.9999292834742293,0.0
10.42,-0.22197864709620613,0.0,-0.22268424692813638,0.0,2.0054038523818805,0.0
10.422,-0.22242000115926266,0.0,-0.21866800902562722,0.0,2.0108251627461264,0.0
10.424,-0.22285331193946636,0.0,-0.21464098187015682,0.0,2.0161930836601205,0.0
10.426,-0.22327855796517457,0.0,-0.21060327237020904,0.0,2.021507485795732,0.0
10.428,-0.22369571797882243,0.0,-0.20655498769135527,0.0,2.026768241407144,0.0
10.43,-0.22410477093742825,0.0,-0.20249623525307167,0.0,2.031975224334442,0.0
10.432,-0.22450569601310302,0.0,-0.19842712272555757,0.0,2.0371283100071453,0.0
10.434000000000001,-0.22489847259354473,0.0,-0.19434775802656504,0.0,2.0422273754476614,0.0
10.436,-0.2252830802825312,0.0,-0.19025824931821111,0.0,2.047272299274712,0.0
10.438,-0.2256594989004084,0.0,-0.18615870500376488,0.0,2.0522629617067283,0.0
10.44,-0.22602770848456447,0.0,-0.18204923372447068,0.0,2.0571992445651377,0.0
10.442,-0.22638768928990854,0.0,-0.1779299443563057,0.0,2.0620810312776836,0.0
10.444,-0.2267394217893312,0.0,-0.17380094600679796,0.0,2.0669082068816067,0.0
10.446,-0.22708288667416723,0.0,-0.1696623480117873,0.0,2.0716806580268368,0.0
10.448,-0.22741806485464947,0.0,-0.1655142599321898,0.0,2.0763982729791293,0.0
10.450000000000001,-0.22774493746035562,0.0,-0.16135679155077715,0.0,2.081060941623121,0.0
10.452,-0.22806348584064742,0.0,-0.15719005286893617,0.0,2.0856685554653493,0.0
10.454,-0.22837369156510415,0.0,-0.1530141541034005,0.0,2.090221007637251,0.0
10.456,-0.22867553642395272,0.0,-0.14882920568303074,0.0,2.0947181928980494,0.0
10.458,-0.22896900242848714,0.0,-0.14463531824552503,0.0,2.099160007637658,0.0
10.46,-0.22925407181148166,0.0,-0.1404326026341801,0.0,2.1035463498794744,0.0
10.462,-0.2295307270276006,0.0,-0.13622116989460395,0.0,2.1078771192831653,0.0
10.464,-0.22979895075380014,0.0,-0.13200113127144325,0.0,2.1121522171473885,0.0
10.466000000000001,-0.23005872588972065,0.0,-0.12777259820511352,0.0,2.116371546412444,0.0
10.468,-0.23031003555807622,0.0,-0.12353568232850812,0.0,2.1205350116628994,0.0
10.47,-0.23055286310503847,0.0,-0.11929049546368908,0.0,2.1246425191301705,0.0
10.472,-0.23078719210060689,0.0,-0.11503714961862549,0.0,2.128693976695002,0.0
10.474,-0.23101300633898267,0.0,-0.11077575698385875,0.0,2.1326892938899666,0.0
10.476,-0.23123028983892482,0.0,-0.10650642992922241,0.0,2.1366283819018452,0.0
10.478,-0.23143902684411305,0.0,-0.10222928100051638,0.0,2.1405111535740113,0.0
10.48,-0.2316392018234861,0.0,-0.09794442291618992,0.0,2.1443375234087227,0.0
10.482000000000001,-0.23183079947159446,0.0,-0.09365196856403243,0.0,2.148107407569392,0.0
10.484,-0.23201380470892946,0.0,-0.08935203099784726,0.0,2.1518207238827736,0.0
10.486,-0.23218820268225068,0.0,-0.08504472343411014,0.0,2.15547739184114,0.0
10.488,-0.23235397876491398,0.0,-0.08073015924865175,0.0,2.1590773326043617,0.0
10.49,-0.23251111855718212,0.0,-0.07640845197330666,0.0,2.162620469001978,0.0
10.492,-0.23265960788653425,0.0,-0.07207971529258703,0.0,2.1661067255351725,0.0
10.494,-0.23279943280796825,0.0,-0.06774406304033129,0.0,2.1695360283787304,0.0
10.496,-0.23293057960429794,0.0,-0.06340160919633724,0.0,2.1729083053829448,0.0
10.498,-0.23305303478643782,0.0,-0.05905246788304433,0.0,2.17622348607543,0.0
10.5,-0.23316678509368885,0.0,-0.054696753362142636,0.0,2.179481501662939,0.0
10.502,-0.23327181749401077,0.0,-0.050334580031237905,0.0,2.1826822850330805,0.0
10.504,-0.23336811918429112,0.0,-0.0459660624204809,0.0,2.1858257707560096,0.0
10.506,-0.23345567759060956,0.0,-0.041591315189181674,0.0,2.1889118950860755,0.0
10.508000000000001,-0.23353448036848778,0.0,-0.03721045312247377,0.0,2.1919405959633753,0.0
10.51,-0.2336045154031441,0.0,-0.03282359112791716,0.0,2.1949118130153034,0.0
10.512,-0.23366577080972956,0.0,-0.02843084423212265,0.0,2.1978254875580228,0.0
10.514,-0.2337182349335642,0.0,-0.024032327577392973,0.0,2.2006815625978717,0.0
10.516,-0.23376189635036648,0.0,-0.01962815641830737,0.0,2.2034799828327643,0.0
10.518,-0.23379674386647434,0.0,-0.015218446118372031,0.0,2.2062206946534797,0.0
10.52,-0.2338227665190566,0.0,-0.01080331214661897,0.0,2.208903646144939,0.0
10.522,-0.23383995357632495,0.0,-0.006382870074197661,0.0,2.2115287870874303,0.0
10.524000000000001,-0.2338482945377313,0.0,-0.0019572355710179568,0.0,2.2140960689577445,0.0
10.526,-0.2338477791341635,0.0,0.002473475597663949,0.0,2.216605444930297,0.0
10.528,-0.23383839732813333,0.0,0.006909147574649277,0.0,2.2190568698781874,0.0
10.53,-0.2338201393139548,0.0,0.01134966441416927,0.0,2.221450300374184,0.0
10.532,-0.23379299551792052,0.0,0.015794910085320822,0.0,2.2237856946916947,0.0
10.534,-0.2337569565984653,0.0,0.020244768475431295,0.0,2.2260630128056396,0.0
10.536,-0.23371201344633197,0.0,0.024699123393488287,0.0,2.228282216393316,0.0
10.538,-0.23365815718471528,0.0,0.02915785857353632,0.0,2.23044326883517,0.0
10.540000000000001,-0.23359537916941944,0.0,0.03362085767808364,0.0,2.2325461352155536,0.0
10.542,-0.233523670988989,0.0,0.038088004301510575,0.0,2.234590782323389,0.0
10.544,-0.2334430244648465,0.0,0.042559181973487265,0.0,2.2365771786528206,0.0
10.546,-0.23335343165141595,0.0,0.04703427416236327,0.0,2.2385052944037724,0.0
10.548,-0.23325488483624368,0.0,0.051513164278614396,0.0,2.240375101482496,0.0
10.55,-0.23314737654011122,0.0,0.055995735678219576,0.0,2.2421865735020257,0.0
10.552,-0.23303089951713774,0.0,0.060481871666092146,0.0,2.243939685782605,0.0
10.554,-0.2329054467548824,0.0,0.06497145549950487,0.0,2.2456344153520607,0.0
10.556000000000001,-0.23277101147443358,0.0,0.06946437039148262,0.0,2.247270740946103,0.0
10.558,-0.23262758713049525,0.0,0.07396049951422852,0.0,2.2488486430085954,0.0
10.56,-0.23247516741146562,0.0,0.07845972600255785,0.0,2.2503681036917644,0.0
10.562,-0.23231374623950685,0.0,0.08296193295727883,0.0,2.251829106856344,0.0
10.564,-0.23214331777061162,0.0,0.08746700344864602,0.0,2.2532316380716932,0.0
10.566,-0.2319638763946581,0.0,0.091974820519747,0.0,2.2545756846158267,0.0
10.568,-0.23177541673546542,0.0,0.09648526718994486,0.0,2.255861235475426,0.0
10.57,-0.23157793365083262,0.0,0.10099822645828478,0.0,2.2570882813457778,0.0
10.572000000000001,-0.23137142223257876,0.0,0.10551358130690362,0.0,2.2582568146306583,0.0
10.574,-0.2311558778065724,0.0,0.11003121470445214,0.0,2.2593668294421736,0.0
10.576,-0.23093129593275527,0.0,0.1145510096095303,0.0,2.260418321600551,0.0
10.578,-0.23069767240516137,0.0,0.11907284897406661,0.0,2.261411288633856,0.0
10.58,-0.2304550032519204,0.0,0.1235966157467685,0.0,2.2623457297776848,0.0
10.582,-0.2302032847352693,0.0,0.12812219287651197,0.0,2.2632216459747765,0.0
10.584,-0.22994251335154167,0.0,0.13264946331576316,0.0,2.2640390398745938,0.0
10.586,-0.22967268583116068,0.0,0.13717831002400965,0.0,2.2647979158328395,0.0
10.588000000000001,-0.22939379913862037,0.0,0.14170861597114026,0.0,2.265498279910923,0.0
10.59,-0.22910585047246157,0.0,0.14624026414087335,0.0,2.2661401398753718,0.0
10.592,-0.2288088372652418,0.0,0.15077313753417576,0.0,2.2667235051971986,0.0
10.594,-0.22850275718349553,0.0,0.15530711917264403,0.0,2.2672483870511995,0.0
10.596,-0.22818760812769057,0.0,0.15984209210194594,0.0,2.267714798315216,0.0
10.598,-0.22786338823217853,0.0,0.16437793939519588,0.0,2.26812275356934,0.0
10.6,-0.2275300958651322,0.0,0.1689145441563648,0.0,2.2684722690950516,0.0
10.602,-0.22718772962848338,0.0,0.17345178952370566,0.0,2.2687633628743282,0.0
10.604000000000001,-0.2268362883578504,0.0,0.1779895586731183,0.0,2.2689960545886807,0.0
10.606,-0.22647577112245934,0.0,0.18252773482156634,0.0,2.26917036561815,0.0
10.608,-0.22610617722505774,0.0,0.1870662012304818,0.0,2.2692863190402437,0.0
10.61,-0.22572750620182563,0.0,0.19160484120913227,0.0,2.2693439396288224,0.0
10.612,-0.22533975782226906,0.0,0.19614353811804808,0.0,2.269343253852933,0.0
10.614,-0.22494293208912391,0.0,0.20068217537237576,0.0,2.269284289875593,0.0
10.616,-0.22453702923823549,0.0,0.20522063644528263,0.0,2.2691670775525155,0.0
10.618,-0.22412204973844235,0.0,0.2097588048713495,0.0,2.268991648430789,0.0
10.620000000000001,-0.22369799429144935,0.0,0.2142965642499273,0.0,2.2687580357474992,0.0
10.622,-0.22326486383169772,0.0,0.218833798248543,0.0,2.2684662744283055,0.0
10.624,-0.22282265952621758,0.0,0.22337039060625447,0.0,2.2681164010859485,0.0
10.626,-0.22237138277449192,0.0,0.2279062251370293,0.0,2.2677084540187376,0.0
10.628,-0.2219110352082946,0.0,0.23244118573312864,0.0,2.2672424732089453,0.0
10.63,-0.2214416186915353,0.0,0.2369751563684463,0.0,2.2667185003211854,0.0
10.632,-0.22096313532009088,0.0,0.24150802110188782,0.0,2.266136578700715,0.0
10.634,-0.22047558742163292,0.0,0.24603966408073974,0.0,2.2654967533717,0.0
10.636000000000001,-0.21997897755544724,0.0,0.2505699695440031,0.0,2.2647990710354184,0.0
10.638,-0.21947330851224708,0.0,0.2550988218257554,0.0,2.264043580068418,0.0
10.64,-0.21895858331397872,0.0,0.25962610535851727,0.0,2.2632303305206167,0.0
10.642,-0.21843480521362524,0.0,0.2641517046765614,0.0,2.2623593741133594,0.0
10.644,-0.21790197769499187,0.0,0.2686755044192881,0.0,2.2614307642374136,0.0
10.646,-0.21736010447250162,0.0,0.2731973893345374,0.0,2.260444555950921,0.0
10.648,-0.2168091894909685,0.0,0.27771724428192845,0.0,2.259400805977295,0.0
10.65,-0.21624923692537235,0.0,0.2822349542362076,0.0,2.2582995727030593,0.0
10.652000000000001,-0.21568025118062567,0.0,0.286750404290537,0.0,2.2571409161756515,0.0
10.654,-0.21510223689133587,0.0,0.29126347965983834,0.0,2.255924898101167,0.0
10.656,-0.21451519892155285,0.0,0.29577406568411346,0.0,2.254651581842036,0.0
10.658,-0.21391914236452028,0.0,0.3002820478317245,0.0,2.2533210324146804,0.0
10.66,-0.21331407254241339,0.0,0.3047873117027356,0.0,2.2519333164870945,0.0
10.662,-0.2126999950060734,0.0,0.3092897430321849,0.0,2.250488502376387,0.0
10.664,-0.2120769155347336,0.0,0.31378922769339,0.0,2.2489866600462687,0.0
10.666,-0.21144484013573892,0.0,0.31828565170125733,0.0,2.2474278611044816,0.0
10.668000000000001,-0.21080377504426026,0.0,0.3227789012155336,0.0,2.245812178800197,0.0
10.67,-0.21015372672300414,0.0,0.32726886254410564,0.0,2.2441396880213436,0.0
10.672,-0.20949470186190502,0.0,0.3317554221462825,0.0,2.242410465291891,0.0
10.674,-0.20882670737783116,0.0,0.33623846663603973,0.0,2.2406245887690917,0.0
10.676,-0.2081497504142584,0.0,0.34071788278531734,0.0,2.2387821382406505,0.0
10.678,-0.20746383834096427,0.0,0.34519355752724307,0.0,2.2368831951218757,0.0
10.68,-0.20676897875369343,0.0,0.3496653779594002,0.0,2.2349278424527528,0.0
10.682,-0.20606517947382655,0.0,0.35413323134708874,0.0,2.232916164894969,0.0
10.684000000000001,-0.20535244854804693,0.0,0.3585970051265406,0.0,2.2308482487289214,0.0
10.686,-0.20463079424798963,0.0,0.3630565869081607,0.0,2.228724181850625,0.0
10.688,-0.20390022506989175,0.0,0.36751186447977174,0.0,2.2265440537686088,0.0
10.69,-0.2031607497342361,0.0,0.37196272580980716,0.0,2.22430795560075,0.0
10.692,-0.2024123771853833,0.0,0.37640905905056293,0.0,2.2220159800710464,0.0
10.694,-0.20165511659120453,0.0,0.3808507525413698,0.0,2.2196682215063706,0.0
10.696,-0.20088897734270245,0.0,0.38528769481181413,0.0,2.217264775833139,0.0
10.698,-0.2001139690536267,0.0,0.3897197745849431,0.0,2.2148057405739556,0.0
10.700000000000001,-0.19933010156008504,0.0,0.3941468807804294,0.0,2.212291214844197,0.0
10.702,-0.19853738492014866,0.0,0.39856890251777255,0.0,2.209721299348548,0.0
10.704,-0.1977358294134424,0.0,0.4029857291194717,0.0,2.2070960963774926,0.0
10.706,-0.19692544554074645,0.0,0.40739725011417716,0.0,2.20441570980376,0.0
10.708,-0.19610624402357013,0.0,0.41180335523988254,0.0,2.2016802450786974,0.0
10.71,-0.19527823580373666,0.0,0.4162039344470422,0.0,2.198889809228637,0.0
10.712,-0.19444143204295466,0.0,0.4205988779017424,0.0,2.196044510851177,0.0
10.714,-0.19359584412237976,0.0,0.4249880759888375,0.0,2.1931444601114234,0.0
10.716000000000001,-0.192741483642178,0.0,0.42937141931506817,0.0,2.1901897687381986,0.0
10.718,-0.19187836242107767,0.0,0.43374879871219096,0.0,2.1871805500201864,0.0
10.72,-0.19100649249591423,0.0,0.43812010524011274,0.0,2.184116918802024,0.0
10.722,-0.19012588612117462,0.0,0.44248523018996255,0.0,2.1809989914803762,0.0
10.724,-0.18923655576852816,0.0,0.4468440650872276,0.0,2.177826885999923,0.0
10.726,-0.18833851412635724,0.0,0.4511965016948184,0.0,2.174600721849327,0.0
10.728,-0.18743177409927889,0.0,0.4555424320161615,0.0,2.1713206200571484,0.0
10.73,-0.18651634880765802,0.0,0.4598817482982932,0.0,2.1679867031876894,0.0
10.732000000000001,-0.1855922515871207,0.0,0.4642143430348943,0.0,2.1645990953368344,0.0
10.734,-0.18465949598805925,0.0,0.4685401089693664,0.0,2.1611579221278125,0.0
10.736,-0.18371809577512002,0.0,0.4728589390978957,0.0,2.1576633107069014,0.0
10.738,-0.18276806492670886,0.0,0.4771707266724624,0.0,2.154115389739135,0.0
10.74,-0.1818094176344643,0.0,0.4814753652039052,0.0,2.150514289403903,0.0
10.742,-0.1808421683027452,0.0,0.48577274846492763,0.0,2.1468601413905573,0.0
10.744,-0.17986633154809953,0.0,0.4900627704931103,0.0,2.1431530788939357,0.0
10.746,-0.17888192219873084,0.0,0.4943453255939435,0.0,2.139393236609842,0.0
10.748000000000001,-0.17788895529396348,0.0,0.4986203083437901,0.0,2.1355807507305142,0.0
10.75,-0.1768874460836957,0.0,0.5028876135928919,0.0,2.1317157589400084,0.0
10.752,-0.17587741002784735,0.0,0.5071471364683575,0.0,2.1277984004095485,0.0
10.754,-0.17485886279580684,0.0,0.511398772377105,0.0,2.123828815792845,0.0
10.756,-0.17383182026586372,0.0,0.515642417008858,0.0,2.119807147221335,0.0
10.758000000000001,-0.1727962985246452,0.0,0.5198779663390611,0.0,2.1157335382994247,0.0
10.76,-0.17175231386653944,0.0,0.5241053166318365,0.0,2.111608134099649,0.0
10.762,-0.17069988279311268,0.0,0.5283243644429312,0.0,2.107431081157781,0.0
10.764,-0.16963902201252873,0.0,0.5325350066226036,0.0,2.1032025274679436,0.0
10.766,-0.16856974843895084,0.0,0.5367371403185703,0.0,2.0989226224776187,0.0
10.768,-0.16749207919195,0.0,0.5409306629788804,0.0,2.094591517082659,0.0
10.77,-0.1664060315958984,0.0,0.5451154723548218,0.0,2.0902093636222294,0.0
10.772,-0.1653116231793561,0.0,0.5492914665038104,0.0,2.085776315873692,0.0
10.774000000000001,-0.16420887167446327,0.0,0.5534585437922368,0.0,2.0812925290474973,0.0
10.776,-0.16309779501631572,0.0,0.5576166028983429,0.0,2.07675815978198,0.0
10.778,-0.16197841134233665,0.0,0.5617655428150813,0.0,2.07217336613813,0.0
10.78,-0.16085073899164903,0.0,0.5659052628529292,0.0,2.0675383075943357,0.0
10.782,-0.15971479650443132,0.0,0.5700356626427527,0.0,2.06285314504104,0.0
10.784,-0.15857060262128075,0.0,0.5741566421385911,0.0,2.058118040775419,0.0
10.786,-0.1574181762825608,0.0,0.5782681016204796,0.0,2.0533331584959598,0.0
10.788,-0.15625753662774344,0.0,0.5823699416972629,0.0,2.0484986632970053,0.0
10.790000000000001,-0.1550887029947551,0.0,0.5864620633093505,0.0,2.043614721663296,0.0
10.792,-0.153911694919307,0.0,0.5905443677315088,0.0,2.0386815014644237,0.0
10.794,-0.1527265321342221,0.0,0.5946167565756337,0.0,2.033699171949256,0.0
10.796,-0.15153323456876344,0.0,0.5986791317934782,0.0,2.0286679037403412,0.0
10.798,-0.15033182234794323,0.0,0.6027313956794256,0.0,2.02358786882822,0.0
10.8,-0.14912231579184665,0.0,0.6067734508731953,0.0,2.018459240565772,0.0
10.802,-0.14790473541492796,0.0,0.6108052003625649,0.0,2.0132821936624468,0.0
10.804,-0.1466791019253149,0.0,0.614826547486095,0.0,2.0080569041784826,0.0
10.806000000000001,-0.14544543622410686,0.0,0.6188373959358023,0.0,2.002783549519104,0.0
10.808,-0.1442037594046639,0.0,0.622837649759853,0.0,1.9974623084286516,0.0
10.81,-0.1429540927518884,0.0,0.6268272133652504,0.0,1.9920933609846578,0.0
10.812,-0.14169645774151135,0.0,0.6308059915204633,0.0,1.9866768885919446,0.0
10.814,-0.1404308760393603,0.0,0.6347738893581059,0.0,1.9812130739766038,0.0
10.816,-0.13915736950063243,0.0,0.6387308123775552,0.0,1.9757021011799842,0.0
10.818,-0.13787596016915812,0.0,0.6426766664475765,0.0,1.9701441555526393,0.0
10.82,-0.13658667027665625,0.0,0.6466113578089523,0.0,1.964539423748199,0.0
10.822000000000001,-0.13528952224199225,0.0,0.6505347930770599,0.0,1.9588880937172481,0.0
10.824,-0.13398453867042423,0.0,0.654446879244468,0.0,1.9531903547011389,0.0
10.826,-0.1326717423528413,0.0,0.6583475236835261,0.0,1.9474463972257383,0.0
10.828,-0.13135115626501453,0.0,0.6622366341489061,0.0,1.941656413095223,0.0
10.83,-0.1300228035668105,0.0,0.6661141187801597,0.0,1.9358205953857208,0.0
10.832,-0.12868670760143897,0.0,0.669979886104264,0.0,1.9299391384390163,0.0
10.834,-0.12734289189466289,0.0,0.6738338450381292,0.0,1.9240122378561537,0.0
10.836,-0.12599138015401645,0.0,0.677675904891138,0.0,1.9180400904910024,0.0
10.838000000000001,-0.12463219626802424,0.0,0.6815059753676144,0.0,1.912022894443844,0.0
10.84,-0.12326536430540527,0.0,0.6853239665693236,0.0,1.90596084905486,0.0
10.842,-0.12189090851427178,0.0,0.6891297889979598,0.0,1.8998541548975805,0.0
10.844,-0.12050885332133518,0.0,0.6929233535575751,0.0,1.8937030137723638,0.0
10.846,-0.11911922333109076,0.0,0.6967045715570576,0.0,1.8875076286997514,0.0
10.848,-0.1177220433250114,0.0,0.7004733547125419,0.0,1.881268203913853,0.0
10.85,-0.11631733826072913,0.0,0.7042296151498368,0.0,1.8749849448556655,0.0
10.852,-0.11490513327120874,0.0,0.7079732654068492,0.0,1.8686580581663288,0.0
10.854000000000001,-0.11348545366392859,0.0,0.7117042184359459,0.0,1.8622877516804226,0.0
10.856,-0.11205832492004647,0.0,0.715422387606359,0.0,1.8558742344191552,0.0
10.858,-0.1106237726935588,0.0,0.7191276867065468,0.0,1.8494177165835293,0.0
10.86,-0.10918182281047056,0.0,0.7228200299465325,0.0,1.842918409547519,0.0
10.862,-0.10773250126793352,0.0,0.7264993319602697,0.0,1.8363765258511244,0.0
10.864,-0.10627583423341494,0.0,0.7301655078079403,0.0,1.8297922791934997,0.0
10.866,-0.10481184804383029,0.0,0.7338184729782771,0.0,1.8231658844259613,0.0
10.868,-0.10334056920468387,0.0,0.7374581433908753,0.0,1.8164975575449676,0.0
10.870000000000001,-0.10186202438921238,0.0,0.7410844353984493,0.0,1.809787515685133,0.0
10.872,-0.10037624043751114,0.0,0.7446972657891155,0.0,1.8030359771121334,0.0
10.874,-0.09888324435565982,0.0,0.7482965517886573,0.0,1.7962431612155956,0.0
10.876,-0.09738306331485067,0.0,0.7518822110627408,0.0,1.7894092885019937,0.0
10.878,-0.09587572465049785,0.0,0.7554541617191723,0.0,1.7825345805874329,0.0
10.88,-0.09436125586136004,0.0,0.7590123223100813,0.0,1.7756192601904988,0.0
10.882,-0.09283968460864545,0.0,0.7625566118341314,0.0,1.7686635511249946,0.0
10.884,-0.0913110387151131,0.0,0.7660869497387106,0.0,1.7616676782926615,0.0
10.886000000000001,-0.08977534616418037,0.0,0.7696032559220896,0.0,1.7546318676759065,0.0
10.888,-0.08823263509901536,0.0,0.7731054507355701,0.0,1.7475563463304566,0.0
10.89,-0.08668293382162391,0.0,0.7765934549856485,0.0,1.740441342377963,0.0
10.892,-0.08512627079194955,0.0,0.7800671899361076,0.0,1.7332870849986624,0.0
10.894,-0.08356267462694134,0.0,0.7835265773101552,0.0,1.7260938044238952,0.0
10.896,-0.08199217409964607,0.0,0.7869715392925017,0.0,1.7188617319286648,0.0
10.898,-0.08041479813827732,0.0,0.7904019985314409,0.0,1.7115910998241572,0.0
10.9,-0.07883057582528386,0.0,0.7938178781409294,0.0,1.7042821414501859,0.0
10.902000000000001,-0.0772395363964218,0.0,0.7972191017026167,0.0,1.6969350911676688,0.0
10.904,-0.07564170923981539,0.0,0.8006055932678873,0.0,1.689550184351034,0.0
10.906,-0.07403712389501028,0.0,0.8039772773598949,0.0,1.682127657380574,0.0
10.908,-0.07242581005203746,0.0,0.8073340789755374,0.0,1.674667747634857,0.0
10.91,-0.07080779755045462,0.0,0.8106759235874752,0.0,1.667170693483,0.0
10.912,-0.06918311637839933,0.0,0.8140027371460793,0.0,1.6596367342769964,0.0
10.914,-0.06755179667163048,0.0,0.8173144460814094,0.0,1.652066110343979,0.0
10.916,-0.0659138687125595,0.0,0.8206109773051445,0.0,1.6444590629784153,0.0
10.918000000000001,-0.06426936292929655,0.0,0.8238922582125168,0.0,1.63681583443438,0.0
10.92,-0.06261830989467809,0.0,0.8271582166842116,0.0,1.629136667917701,0.0
10.922,-0.06096074032528309,0.0,0.8304087810882839,0.0,1.621421807578083,0.0
10.924,-0.05929668508047617,0.0,0.833643880282012,0.0,1.6136714985012932,0.0
10.926,-0.05762617516140732,0.0,0.8368634436137865,0.0,1.6058859867011979,0.0
10.928,-0.055949241710044256,0.0,0.8400674009249398,0.0,1.5980655191118687,0.0
10.93,-0.05426591600817565,0.0,0.8432556825515842,0.0,1.5902103435796124,0.0
10.932,-0.05257622947641749,0.0,0.8464282193264423,0.0,1.5823207088549518,0.0
10.934000000000001,-0.05088021367322715,0.0,0.8495849425806237,0.0,1.574396864584668,0.0
10.936,-0.049177900293899166,0.0,0.852725784145421,0.0,1.566439061303727,0.0
10.938,-0.047469321169560805,0.0,0.8558506763540887,0.0,1.558447550427204,0.0
10.94,-0.04575450826617421,0.0,0.8589595520435709,0.0,1.5504225842422281,0.0
10.942,-0.04403349368351622,0.0,0.8620523445562638,0.0,1.542364415899806,0.0
10.944,-0.04230630965417746,0.0,0.8651289877417182,0.0,1.534273299406743,0.0
10.946,-0.04057298854254002,0.0,0.8681894159583414,0.0,1.5261494896174368,0.0
10.948,-0.03883356284375605,0.0,0.8712335640751003,0.0,1.5179932422256797,0.0
10.950000000000001,-0.03708806518272918,0.0,0.874261367473176,0.0,1.5098048137564493,0.0
10.952,-0.03533652831309067,0.0,0.8772727620476216,0.0,1.5015844615576808,0.0
10.954,-0.03357898511615899,0.0,0.8802676842090108,0.0,1.493332443791962,0.0
10.956,-0.03181546859992322,0.0,0.8832460708850388,0.0,1.4850490194282897,0.0
10.958,-0.030046011897990388,0.0,0.8862078595221515,0.0,1.4767344482336913,0.0
10.96,-0.028270648268559975,0.0,0.8891529880871096,0.0,1.4683889907649537,0.0
10.962,-0.02648941109337595,0.0,0.8920813950685702,0.0,1.4600129083602251,0.0
10.964,-0.02470233387667839,0.0,0.8949930194786503,0.0,1.45160646313062,0.0
10.966000000000001,-0.02290945024416151,0.0,0.897887800854446,0.0,1.4431699179518422,0.0
10.968,-0.021110793941920114,0.0,0.900765679259562,0.0,1.4347035364557463,0.0
10.97,-0.019306398835388386,0.0,0.9036265952856244,0.0,1.4262075830218475,0.0
10.972,-0.017496298908294794,0.0,0.9064704900537539,0.0,1.417682322768918,0.0
10.974,-0.015680528261589888,0.0,0.9092973052160368,0.0,1.4091280215464317,0.0
10.976,-0.013859121112389586,0.0,0.9121069829569916,0.0,1.4005449459260708,0.0
10.978,-0.012032111792909167,0.0,0.9148994659949836,0.0,1.3919333631932047,0.0
10.98,-0.010199534749387826,0.0,0.9176746975836676,0.0,1.3832935413382925,0.0
10.982000000000001,-0.008361424541024051,0.0,0.9204326215133674,0.0,1.3746257490483438,0.0
10.984,-0.006517815838900778,0.0,0.9231731821124717,0.0,1.3659302556983086,0.0
10.986,-0.004668743424895427,0.0,0.9258963242488076,0.0,1.3572073313424207,0.0
10.988,-0.002814242190619917,0.0,0.9286019933309724,0.0,1.3484572467056308,0.0
10.99,-0.0009543471363193806,0.0,0.9312901353096863,0.0,1.3396802731748836,0.0
10.992,0.0009109066302017271,0.0,0.9339606966790912,0.0,1.3308766827904825,0.0
10.994,0.00278148389467045,0.0,0.9366136244780545,0.0,1.322046748237388,0.0
10.996,0.004657349337443897,0.0,0.9392488662914609,0.0,1.313190742836461,0.0
10.998000000000001,0.006538467534589698,0.0,0.9418663702514538,0.0,1.304308940535799,0.0
11.0,0.008424802958988259,0.0,0.9444660850386989,0.0,1.2954016159019521,0.0
11.002,0.010316319981436561,0.0,0.9470479598836097,0.0,1.2864690441111237,0.0
11.004,0.012212982871736375,0.0,0.9496119445675437,0.0,1.2775115009404547,0.0
11.006,0.014114755799809427,0.0,0.952157989424018,0.0,1.2685292627591573,0.0
11.008000000000001,0.01602160283679418,0.0,0.9546860453398647,0.0,1.259522606519739,0.0
11.01,0.017933487956156277,0.0,0.9571960637563963,0.0,1.2504918097491566,0.0
11.012,0.019850375034805134,0.0,0.9596879966705558,0.0,1.2414371505399253,0.0
11.014,0.021772227854193527,0.0,0.9621617966360176,0.0,1.2323589075413235,0.0
11.016,0.023699010101445803,0.0,0.964617416764314,0.0,1.2232573599504408,0.0
11.018,0.02563068537046234,0.0,0.9670548107259056,0.0,1.2141327875033272,0.0
11.02,0.027567217163045332,0.0,0.9694739327512552,0.0,1.204985470466065,0.0
11.022,0.02950856889002429,0.0,0.9718747376318893,0.0,1.1958156896258008,0.0
11.024000000000001,0.0314547038723675,0.0,0.9742571807214138,0.0,1.186623726281872,0.0
11.026,0.03340558534231438,0.0,0.9766212179365383,0.0,1.1774098622368072,0.0
11.028,0.035361176444504545,0.0,0.9789668057580778,0.0,1.1681743797873496,0.0
11.03,0.03732144023710152,0.0,0.9812939012319284,0.0,1.1589175617154892,0.0
11.032,0.039286339692929106,0.0,0.98360246197002,0.0,1.1496396912794526,0.0
11.034,0.04125583770059903,0.0,0.9858924461512769,0.0,1.1403410522047075,0.0
11.036,0.04322989706564749,0.0,0.9881638125225249,0.0,1.131021928674933,0.0
11.038,0.04520848051167939,0.0,0.9904165203994182,0.0,1.1216826053229427,0.0
11.040000000000001,0.0471915506814944,0.0,0.9926505296673098,0.0,1.1123233672217023,0.0
11.042,0.04917907013823384,0.0,0.994865800782132,0.0,1.10294449987523,0.0
11.044,0.051171001366526324,0.0,0.9970622947712554,0.0,1.093546289209511,0.0
11.046,0.05316730677362117,0.0,0.9992399732343072,0.0,1.0841290215634578,0.0
11.048,0.055167948690548266,0.0,1.001398798344008,0.0,1.0746929836797476,0.0
11.05,0.05717288937324852,0.0,1.0035387328469527,0.0,1.0652384626957905,0.0
11.052,0.059182091003732964,0.0,1.0056597400643978,0.0,1.0557657461345704,0.0
11.054,0.061195515691233354,0.0,1.0077617838930304,0.0,1.0462751218955129,0.0
11.056000000000001,0.06321312547334881,0.0,1.0098448288056976,0.0,1.0367668782453616,0.0
11.058,0.0652348823171991,0.0,1.0119088398521467,0.0,1.0272413038090455,0.0
11.06,0.0672607481205852,0.0,1.0139537826597178,0.0,1.0176986875604852,0.0
11.062,0.0692906847131353,0.0,1.0159796234340464,0.0,1.0081393188134782,0.0
11.064,0.07132465385747534,0.0,1.0179863289597284,0.0,0.9985634872124556,0.0
11.066,0.07336261725037306,0.0,1.0199738666009661,0.0,0.9889714827233768,0.0
11.068,0.07540453652390616,0.0,1.0219422043022086,0.0,0.9793635956244959,0.0
11.07,0.07745037324662574,0.0,1.0238913105887717,0.0,0.9697401164971524,0.0
11.072000000000001,0.07950008892471103,0.0,1.025821154567424,0.0,0.9601013362166014,0.0
11.074,0.08155364500313567,0.0,1.0277317059269697,0.0,0.9504475459427871,0.0
11.076,0.08361100286684055,0.0,1.0296229349388168,0.0,0.9407790371110818,0.0
11.078,0.08567212384188247,0.0,1.031494812457504,0.0,0.9310961014231359,0.0
11.08,0.08773696919662088,0.0,1.0333473099212385,0.0,0.9213990308375717,0.0
11.082,0.08980550014286715,0.0,1.0351803993523898,0.0,0.9116881175607996,0.0
11.084,0.09187767783706616,0.0,1.036994053357979,0.0,0.9019636540377309,0.0
11.086,0.09395346338146356,0.0,1.038788245130152,0.0,0.8922259329425422,0.0
11.088000000000001,0.0960328178252712,0.0,1.0405629484466254,0.0,0.8824752471694319,0.0
11.09,0.09811570216584163,0.0,1.0423181376711097,0.0,0.872711889823356,0.0
11.092,0.10020207734984726,0.0,1.0440537877537368,0.0,0.8629361542107175,0.0
11.094,0.10229190427444002,0.0,1.0457698742314365,0.0,0.8531483338301747,0.0
11.096,0.10438514378843927,0.0,1.0474663732283291,0.0,0.8433487223632945,0.0
11.098,0.10648175669349552,0.0,1.0491432614560672,0.0,0.8335376136653245,0.0
11.1,0.10858170374526996,0.0,1.0508005162141791,0.0,0.8237153017558977,0.0
11.102,0.1106849456546172,0.0,1.0524381153903963,0.0,0.813882080809706,0.0
11.104000000000001,0.1127914430887494,0.0,1.0540560374609393,0.0,0.804038245147286,0.0
11.106,0.11490115667242069,0.0,1.0556542614908095,0.0,0.7941840892256856,0.0
11.108,0.11701404698910821,0.0,1.0572327671340558,0.0,0.7843199076291651,0.0
11.11,0.11913007458218076,0.0,1.0587915346340084,0.0,0.774445995059925,0.0
11.112,0.12124919995609076,0.0,1.0603305448235185,0.0,0.7645626463287906,0.0
11.114,0.12337138357753824,0.0,1.0618497791251533,0.0,0.7546701563459408,0.0
11.116,0.12549658587666063,0.0,1.0633492195513994,0.0,0.7447688201115965,0.0
11.118,0.12762476724821467,0.0,1.0648288487048174,0.0,0.7348589327066857,0.0
11.120000000000001,0.12975588805274782,0.0,1.0662886497782122,0.0,0.724940789283609,0.0
11.122,0.1318899086177831,0.0,1.0677286065547482,0.0,0.715014685056904,0.0
11.124,0.13402678923900482,0.0,1.069148703408081,0.0,0.705080915293928,0.0
11.126,0.13616649018142885,0.0,1.0705489253024394,0.0,0.6951397753056106,0.0
11.128,0.13830897168059797,0.0,1.0719292577927162,0.0,0.6851915604370795,0.0
11.13,0.140454193943749,0.0,1.0732896870245157,0.0,0.6752365660584437,0.0
11.132,0.14260211715100146,0.0,1.0746301997342003,0.0,0.6652750875554527,0.0
11.134,0.1447527014565426,0.0,1.075950783248916,0.0,0.6553074203201887,0.0
11.136000000000001,0.14690590698980002,0.0,1.0772514254865873,0.0,0.6453338597418182,0.0
11.138,0.14906169385662937,0.0,1.0785321149559062,0.0,0.6353547011972585,0.0
11.14,0.1512200221404983,0.0,1.0797928407563029,0.0,0.6253702400419021,0.0
11.142,0.15338085190365489,0.0,1.0810335925778838,0.0,0.6153807716003639,0.0
11.144,0.15554414318833049,0.0,1.0822543607013708,0.0,0.6053865911571228,0.0
11.146,0.1577098560178976,0.0,1.0834551359980016,0.0,0.5953879939473288,0.0
11.148,0.1598779503980656,0.0,1.0846359099294327,0.0,0.5853852751474775,0.0
11.15,0.16204838631806004,0.0,1.0857966745476055,0.0,0.5753787298661315,0.0
11.152000000000001,0.1642211237517968,0.0,1.0869374224946005,0.0,0.5653686531346872,0.0
11.154,0.16639612265906512,0.0,1.0880581470024764,0.0,0.5553553398980999,0.0
11.156,0.16857334298671475,0.0,1.0891588418930915,0.0,0.5453390850055823,0.0
11.158,0.17075274466982038,0.0,1.0902395015778934,0.0,0.5353201832014308,0.0
11.16,0.17293428763287635,0.0,1.0913001210577118,0.0,0.5252989291157035,0.0
11.162,0.17511793179096227,0.0,1.0923406959225108,0.0,0.5152756172550349,0.0
11.164,0.17730363705092844,0.0,1.0933612223511346,0.0,0.5052505419933575,0.0
11.166,0.17949136331257443,0.0,1.0943616971110415,0.0,0.49522399756268587,0.0
11.168000000000001,0.18168107046981963,0.0,1.095342117557998,0.0,0.4851962780439103,0.0
11.17,0.1838727184118799,0.0,1.0963024816357758,0.0,0.4751676773575734,0.0
11.172,0.18606626702445664,0.0,1.097242787875819,0.0,0.46513848925461637,0.0
11.174,0.18826167619089065,0.0,1.0981630353969023,0.0,0.45510900730725606,0.0
11.176,0.1904589057933557,0.0,1.0990632239047455,0.0,0.4450795248997229,0.0
11.178,0.1926579157140177,0.0,1.0999433536916556,0.0,0.43505033521911607,0.0
11.18,0.19485866583621342,0.0,1.1008034256360988,0.0,0.4250217312462208,0.0
11.182,0.1970611160456295,0.0,1.1016434412022944,0.0,0.41499400574629147,0.0
11.184000000000001,0.1992652262314587,0.0,1.1024634024397661,0.0,0.4049674512599682,0.0
11.186,0.20147095628757916,0.0,1.1032633119828863,0.0,0.39494236009408185,0.0
11.188,0.20367826611372614,0.0,1.1040431730504046,0.0,0.38491902431250374,0.0
11.19,0.20588711561665168,0.0,1.10480298944494,0.0,0.37489773572704,0.0
11.192,0.2080974647113014,0.0,1.105542765552483,0.0,0.3648787858882883,0.0
11.194,0.2103092733219715,0.0,1.1062625063418516,0.0,0.3548624660765521,0.0
11.196,0.21252250138347709,0.0,1.1069622173641478,0.0,0.34484906729273146,0.0
11.198,0.21473710884232483,0.0,1.1076419047521897,0.0,0.3348388802491906,0.0
11.200000000000001,0.2169530556578611,0.0,1.1083015752199201,0.0,0.32483219536075403,0.0
11.202,0.21917030180344096,0.0,1.1089412360618152,0.0,0.3148293027355937,0.0
11.204,0.2213888072675943,0.0,1.10956089515224,0.0,0.30483049216616814,0.0
11.206,0.22360853205517112,0.0,1.1101605609448342,0.0,0.29483605312022093,0.0
11.208,0.22582943618851634,0.0,1.1107402424718336,0.0,0.2848462747316826,0.0
11.21,0.22805147970861026,0.0,1.111299949343402,0.0,0.2748614457917307,0.0
11.212,0.23027462267623158,0.0,1.1118396917469338,0.0,0.2648818547397413,0.0
11.214,0.2324988251731157,0.0,1.1123594804463466,0.0,0.25490778965428423,0.0
11.216000000000001,0.23472404730309537,0.0,1.1128593267813445,0.0,0.24493953824419057,0.0
11.218,0.23695024919326105,0.0,1.1133392426666693,0.0,0.23497738783954575,0.0
11.22,0.23917739099510887,0.0,1.113799240591343,0.0,0.22502162538275272,0.0
11.222,0.24140543288568084,0.0,1.114239333617872,0.0,0.2150725374196265,0.0
11.224,0.2436343350687249,0.0,1.114659535381454,0.0,0.20513041009040334,0.0
11.226,0.24586405777582485,0.0,1.1150598600891506,0.0,0.1951955291209133,0.0
11.228,0.24809456126755025,0.0,1.115440322519055,0.0,0.18526817981364907,0.0
11.23,0.25032580583460207,0.0,1.1158009380194365,0.0,0.1753486470388742,0.0
11.232000000000001,0.25255775179894235,0.0,1.11614172250786,0.0,0.16543721522580568,0.0
11.234,0.25479035951493556,0.0,1.116462692470309,0.0,0.15553416835375167,0.0
11.236,0.2570235893704952,0.0,1.1167638649602603,0.0,0.14563978994324756,0.0
11.238,0.2592574017881961,0.0,1.1170452575977683,0.0,0.13575436304732325,0.0
11.24,0.2614917572264291,0.0,1.1173068885685207,0.0,0.1258781702426326,0.0
11.242,0.2637266161805143,0.0,1.117548776622873,0.0,0.11601149362073593,0.0
11.244,0.265961939183839,0.0,1.117770941074869,0.0,0.10615461477929988,0.0
11.246,0.26819768680898415,0.0,1.117973401801252,0.0,0.09630781481336737,0.0
11.248000000000001,0.27043381966884167,0.0,1.118156179240441,0.0,0.08647137430665375,0.0
11.25,0.2726702984177406,0.0,1.118319294391506,0.0,0.07664557332283284,0.0
11.252,0.27490708375257494,0.0,1.1184627688131168,0.0,0.0668306913968083,0.0
11.254,0.2771441364139057,0.0,1.1185866246224752,0.0,0.05702700752612633,0.0
11.256,0.2793814171870939,0.0,1.1186908844942378,0.0,0.04723480016225101,0.0
11.258000000000001,0.2816188869034003,0.0,1.1187755716594046,0.0,0.0374543472019907,0.0
11.26,0.28385650644110494,0.0,1.1188407099042168,0.0,0.027685925978865544,0.0
11.262,0.2860942367266174,0.0,1.118886323568999,0.0,0.017929813254493387,0.0
11.264,0.2883320387355767,0.0,1.1189124375470323,0.0,0.008186285210079247,0.0
11.266,0.29056987349396585,0.0,1.1189190772833668,0.0,-0.001544382562192581,0.0
11.268,0.2928077020792027,0.0,1.118906268773642,0.0,-0.011261915067640293,0.0
11.27,0.29504548562124683,0.0,1.118874038562881,0.0,-0.020966037917605762,0.0
11.272,0.2972831853037028,0.0,1.1188224137442724,0.0,-0.030656477337980825,0.0
11.274000000000001,0.2995207623649016,0.0,1.1187514219579309,0.0,-0.04033296017759902,0.0
11.276,0.3017581780990004,0.0,1.1186610913896438,0.0,-0.04999521391671391,0.0
11.278,0.3039953938570796,0.0,1.1185514507695993,0.0,-0.05964296667545399,0.0
11.28,0.3062323710482143,0.0,1.1184225293710977,0.0,-0.06927594722214314,0.0
11.282,0.3084690711405762,0.0,1.1182743570092497,0.0,-0.07889388498174932,0.0
11.284,0.3107054556625024,0.0,1.1181069640396508,0.0,-0.08849651004418391,0.0
11.286,0.3129414862035801,0.0,1.1179203813570449,0.0,-0.09808355317264672,0.0
11.288,0.3151771244157309,0.0,1.1177146403939688,0.0,-0.10765474581197088,0.0
11.290000000000001,0.3174123320142707,0.0,1.1174897731193805,0.0,-0.11720982009683234,0.0
11.292,0.31964707077899085,0.0,1.1172458120372761,0.0,-0.12674850886005484,0.0
11.294,0.32188130255522795,0.0,1.1169827901852776,0.0,-0.1362705456408485,0.0
11.296,0.32411498925491933,0.0,1.1167007411332153,0.0,-0.14577566469297365,0.0
11.298,0.3263480928576824,0.0,1.1163996989816904,0.0,-0.1552636009929963,0.0
11.3,0.3285805754118567,0.0,1.116079698360623,0.0,-0.1647340902483716,0.0
11.302,0.3308123990355714,0.0,1.1157407744277799,0.0,-0.1741868689056122,0.0
11.304,0.3330435259178038,0.0,1.1153829628672876,0.0,-0.18362167415843256,0.0
11.306000000000001,0.33527391831941805,0.0,1.1150062998881336,0.0,-0.19303824395575997,0.0
11.308,0.33750353857422033,0.0,1.1146108222226436,0.0,-0.2024363170098339,0.0
11.31,0.33973234909000877,0.0,1.114196567124951,0.0,-0.2118156328042493,0.0
11.312,0.3419603123496027,0.0,1.1137635723694426,0.0,-0.22117593160190996,0.0
11.314,0.34418739091189776,0.0,1.1133118762491927,0.0,-0.23051695445307796,0.0
11.316,0.34641354741288655,0.0,1.1128415175743824,0.0,-0.239838443203248,0.0
11.318,0.34863874456669786,0.0,1.112352535670699,0.0,-0.24914014050111,0.0
11.32,0.3508629451666304,0.0,1.1118449703777233,0.0,-0.25842178980645303,0.0
11.322000000000001,0.3530861120861733,0.0,1.1113188620472991,0.0,-0.2676831353980226,0.0
11.324,0.35530820828002535,0.0,1.1107742515418872,0.0,-0.27692392238132335,0.0
11.326,0.35752919678512707,0.0,1.1102111802329049,0.0,-0.28614389669649987,0.0
11.328,0.3597490407216618,0.0,1.1096296899990445,0.0,-0.2953428051260637,0.0
11.33,0.36196770329408423,0.0,1.1090298232245892,0.0,-0.3045203953026764,0.0
11.332,0.36418514779211614,0.0,1.1084116227976946,0.0,-0.3136764157168662,0.0
11.334,0.36640133759175514,0.0,1.1077751321086795,0.0,-0.32281061572468517,0.0
11.336,0.36861623615629147,0.0,1.1071203950482675,0.0,-0.3319227455554826,0.0
11.338000000000001,0.37082980703728413,0.0,1.1064474560058555,0.0,-0.34101255631939964,0.0
11.34,0.3730420138755726,0.0,1.1057563598677231,0.0,-0.3500798000150833,0.0
11.342,0.37525282040226826,0.0,1.1050471520152625,0.0,-0.3591242295372318,0.0
11.344,0.377462190439729,0.0,1.1043198783231787,0.0,-0.3681455986840896,0.0
11.346,0.37967008790256707,0.0,1.1035745851576582,0.0,-0.3771436621650781,0.0
11.348,0.3818764767986046,0.0,1.1028113193745623,0.0,-0.3861181756081379,0.0
11.35,0.3840813212298705,0.0,1.102030128317568,0.0,-0.3950688955672931,0.0
11.352,0.38628458539356725,0.0,1.1012310598163126,0.0,-0.40399557953002274,0.0
11.354000000000001,0.3884862335830397,0.0,1.1004141621845143,0.0,-0.41289798592466487,0.0
11.356,0.3906862301887387,0.0,1.0995794842180948,0.0,-0.421775874127742,0.0
11.358,0.39288453969919557,0.0,1.098727075193265,0.0,-0.43062900447134655,0.0
11.36,0.3950811267019645,0.0,1.0978569848646083,0.0,-0.439457138250384,0.0
11.362,0.3972759558845942,0.0,1.0969692634631525,0.0,-0.44826003772986,0.0
11.364,0.39946899203556385,0.0,1.0960639616944148,0.0,-0.45703746615210195,0.0
11.366,0.40166020004523567,0.0,1.0951411307364514,0.0,-0.4657891877439253,0.0
11.368,0.4038495449068048,0.0,1.0942008222378705,0.0,-0.47451496772385426,0.0
11.370000000000001,0.4060369917172294,0.0,1.093243088315841,0.0,-0.48321457230921094,0.0
11.372,0.4082225056781641,0.0,1.0922679815541048,0.0,-0.49188776872318174,0.0
11.374,0.41040605209690717,0.0,1.091275555000929,0.0,-0.5005343252019797,0.0
11.376,0.41258759638730425,0.0,1.0902658621671037,0.0,-0.5091540110017352,0.0
11.378,0.41476710407069095,0.0,1.0892389570238747,0.0,-0.5177465964055968,0.0
11.38,0.4169445407768029,0.0,1.0881948940008912,0.0,-0.5263118527306409,0.0
11.382,0.41911987224468794,0.0,1.0871337279841238,0.0,-0.5348495523347955,0.0
11.384,0.42129306432362723,0.0,1.0860555143137838,0.0,-0.5433594686237517,0.0
11.386000000000001,0.4234640829740272,0.0,1.0849603087822222,0.0,-0.5518413760577677,0.0
11.388,0.42563289426833295,0.0,1.0838481676317997,0.0,-0.5602950501585424,0.0
11.39,0.4277994643919253,0.0,1.0827191475527747,0.0,-0.568720267515969,0.0
11.392,0.429963759644005,0.0,1.0815733056811465,0.0,-0.5771168057948745,0.0
11.394,0.4321257464384984,0.0,1.0804106995965057,0.0,-0.5854844437417547,0.0
11.396,0.43428539130492216,0.0,1.079231387319868,0.0,-0.5938229611913978,0.0
11.398,0.43644266088927963,0.0,1.0780354273114772,0.0,-0.6021321390735791,0.0
11.4,0.43859752195493473,0.0,1.0768228784686236,0.0,-0.6104117594196313,0.0
11.402000000000001,0.44074994138347795,0.0,1.0755938001234209,0.0,-0.6186616053690135,0.0
11.404,0.44289988617559406,0.0,1.074348252040599,0.0,-0.6268814611758096,0.0
11.406,0.44504732345193426,0.0,1.0730862944152535,0.0,-0.6350711122152695,0.0
11.408,0.44719222045396456,0.0,1.0718079878706055,0.0,-0.6432303449902209,0.0
11.41,0.44933454454482646,0.0,1.0705133934557374,0.0,-0.6513589471374961,0.0
11.412,0.45147426321018147,0.0,1.0692025726433143,0.0,-0.6594567074343063,0.0
11.414,0.4536113440590541,0.0,1.0678755873273114,0.0,-0.6675234158045465,0.0
11.416,0.4557457548246871,0.0,1.0665324998206893,0.0,-0.675558863325183,0.0
11.418000000000001,0.45787746336535584,0.0,1.0651733728531114,0.0,-0.6835628422323954,0.0
11.42,0.46000643766521176,0.0,1.0637982695685946,0.0,-0.691535145927885,0.0
11.422,0.46213264583511404,0.0,1.062407253523183,0.0,-0.6994755689850379,0.0
11.424,0.46425605611343135,0.0,1.0610003886826067,0.0,-0.7073839071550195,0.0
11.426,0.4663766368668867,0.0,1.0595777394198918,0.0,-0.7152599573729792,0.0
11.428,0.4684943565913413,0.0,1.0581393705130253,0.0,-0.723103517763995,0.0
11.43,0.4706091839126203,0.0,1.0566853471425344,0.0,-0.7309143876491859,0.0
11.432,0.47272108758731335,0.0,1.0552157348891118,0.0,-0.7386923675516689,0.0
11.434000000000001,0.4748300365035656,0.0,1.0537305997311868,0.0,-0.7464372592024985,0.0
11.436,0.47693599968187494,0.0,1.0522300080425295,0.0,-0.754148865546562,0.0
11.438,0.4790389462758837,0.0,1.0507140265897905,0.0,-0.7618269907484776,0.0
11.44,0.48113884557315345,0.0,1.0491827225300656,0.0,-0.7694714401983829,0.0
11.442,0.4832356669959536,0.0,1.047636163408446,0.0,-0.7770820205177404,0.0
11.444,0.48532938010202614,0.0,1.0460744171555363,0.0,-0.78465853956507,0.0
11.446,0.48741995458535575,0.0,1.044497552084992,0.0,-0.7922008064416289,0.0
11.448,0.4895073602769414,0.0,1.0429056368910128,0.0,-0.7997086314971192,0.0
11.450000000000001,0.49159156714554597,0.0,1.0412987406458418,0.0,-0.8071818263352688,0.0
11.452,0.493672545298447,0.0,1.0396769327972706,0.0,-0.8146202038193896,0.0
11.454,0.4957502649822045,0.0,1.0380402831660775,0.0,-0.8220235780779916,0.0
11.456,0.49782469658337625,0.0,1.0363888619435355,0.0,-0.8293917645101634,0.0
11.458,0.4998958106292818,0.0,1.034722739688834,0.0,-0.8367245797911167,0.0
11.46,0.5019635777887194,0.0,1.033041987326532,0.0,-0.8440218418775405,0.0
11.462,0.5040279688726992,0.0,1.0313466761439878,0.0,-0.8512833700129822,0.0
11.464,0.5060889548351714,0.0,1.029636877788782,0.0,-0.8585089847331784,0.0
11.466000000000001,0.5081465067737354,0.0,1.0279126642661365,0.0,-0.865698507871306,0.0
11.468,0.5102005959303562,0.0,1.0261741079362912,0.0,-0.8728517625632474,0.0
11.47,0.512251193692076,0.0,1.0244212815119156,0.0,-0.8799685732527749,0.0
11.472,0.5142982715917075,0.0,1.0226542580554745,0.0,-0.8870487656966883,0.0
11.474,0.5163418013085421,0.0,1.0208731109766034,0.0,-0.8940921669699444,0.0
11.476,0.5183817546690289,0.0,1.0190779140294717,0.0,-0.9010986054706797,0.0
11.478,0.5204181036474703,0.0,1.0172687413101156,0.0,-0.9080679109252705,0.0
11.48,0.5224508203667033,0.0,1.0154456672537928,0.0,-0.9149999143932916,0.0
11.482000000000001,0.52447987709877,0.0,1.013608766632297,0.0,-0.9218944482724434,0.0
11.484,0.5265052462655858,0.0,1.0117581145512964,0.0,-0.92875134630342,0.0
11.486,0.5285269004396189,0.0,1.0098937864476212,0.0,-0.9355704435747962,0.0
11.488,0.5305448123445307,0.0,1.008015858086574,0.0,-0.9423515765277799,0.0
11.49,0.5325589548558466,0.0,1.0061244055592216,0.0,-0.9490945829609918,0.0
11.492,0.5345693010015928,0.0,1.0042195052796639,0.0,-0.9557993020351577,0.0
11.494,0.5365758239629448,0.0,1.002301233982332,0.0,-0.9624655742777593,0.0
11.496,0.5385784970748707,0.0,1.0003696687192063,0.0,-0.9690932415877052,0.0
11.498000000000001,0.5405772938267503,0.0,0.9984248868571162,0.0,-0.9756821472398194,0.0
11.5,0.5425721878630116,0.0,0.9964669660749474,0.0,-0.9822321358894328,0.0
11.502,0.5445631529837555,0.0,0.9944959843608954,0.0,-0.9887430535768482,0.0
11.504,0.5465501631453566,0.0,0.9925120200096943,0.0,-0.9952147477317381,0.0
11.506,0.5485331924610946,0.0,0.990515151619807,0.0,-1.001647067177608,0.0
11.508000000000001,0.5505122152017379,0.0,0.9885054580906724,0.0,-1.008039862136051,0.0
11.51,0.5524872057961556,0.0,0.986483018619871,0.0,-1.0143929842311066,0.0
11.512,0.5544581388319119,0.0,0.9844479127003322,0.0,-1.020706286493499,0.0
11.514000000000001,0.5564249890558437,0.0,0.9824002201175209,0.0,-1.0269796233648094,0.0
11.516,0.5583877313746501,0.0,0.9803400209465951,0.0,-1.0332128507016713,0.0
11.518,0.5603463408554725,0.0,0.9782673955495865,0.0,-1.0394058257798675,0.0
11.52,0.5623007927264551,0.0,0.9761824245725486,0.0,-1.045558407298382,0.0
11.522,0.5642510623773198,0.0,0.9740851889427137,0.0,-1.0516704553834317,0.0
11.524000000000001,0.5661971253599221,0.0,0.9719757698656282,0.0,-1.0577418315924365,0.0
11.526,0.5681389573887989,0.0,0.9698542488222961,0.0,-1.0637723989179118,0.0
11.528,0.5700765343417296,0.0,0.9677207075662912,0.0,-1.0697620217913908,0.0
11.53,0.5720098322602647,0.0,0.9655752281208825,0.0,-1.0757105660872126,0.0
11.532,0.5739388273502739,0.0,0.9634178927761473,0.0,-1.0816178991263268,0.0
11.534,0.5758634959824681,0.0,0.9612487840860653,0.0,-1.0874838896800123,0.0
11.536,0.5777838146929256,0.0,0.9590679848656309,0.0,-1.0933084079735513,0.0
11.538,0.5796997601836196,0.0,0.9568755781879231,0.0,-1.0990913256899013,0.0
11.540000000000001,0.58161130932292,0.0,0.954671647381195,0.0,-1.104832515973249,0.0
11.542,0.583518439146106,0.0,0.952456276025947,0.0,-1.1105318534325628,0.0
11.544,0.5854211268558726,0.0,0.9502295479519931,0.0,-1.116189214145098,0.0
11.546,0.5873193498228131,0.0,0.9479915472355327,0.0,-1.1218044756598002,0.0
11.548,0.5892130855859273,0.0,0.9457423581961703,0.0,-1.1273775170007685,0.0
11.55,0.5911023118530848,0.0,0.943482065394007,0.0,-1.1329082186705224,0.0
11.552,0.5929870065015209,0.0,0.9412107536266474,0.0,-1.138396462653366,0.0
11.554,0.5948671475782975,0.0,0.9389285079262361,0.0,-1.1438421324186006,0.0
11.556000000000001,0.596742713300775,0.0,0.9366354135565101,0.0,-1.1492451129237349,0.0
11.558,0.5986136820570669,0.0,0.9343315560097833,0.0,-1.1546052906176374,0.0
11.56,0.6004800324065027,0.0,0.9320170210039863,0.0,-1.1599225534436466,0.0
11.562,0.602341743080065,0.0,0.9296918944796617,0.0,-1.1651967908426046,0.0
11.564,0.6041987929808443,0.0,0.9273562625969707,0.0,-1.1704278937558885,0.0
11.566,0.606051161184462,0.0,0.9250102117326976,0.0,-1.1756157546283308,0.0
11.568,0.6078988269395091,0.0,0.9226538284772188,0.0,-1.180760267411155,0.0
11.57,0.6097417696679723,0.0,0.9202871996315075,0.0,-1.1858613275648247,0.0
11.572000000000001,0.6115799689656443,0.0,0.9179104122040964,0.0,-1.1909188320618413,0.0
11.574,0.6134134046025381,0.0,0.915523553408075,0.0,-1.1959326793894929,0.0
11.576,0.6152420565233028,0.0,0.9131267106580163,0.0,-1.2009027695526027,0.0
11.578,0.6170659048476052,0.0,0.910719971566989,0.0,-1.2058290040761248,0.0
11.58,0.6188849298705432,0.0,0.9083034239434739,0.0,-1.2107112860078053,0.0
11.582,0.620699112063021,0.0,0.9058771557883345,0.0,-1.215549519920716,0.0
11.584,0.622508432072131,0.0,0.9034412552917717,0.0,-1.220343611915745,0.0
11.586,0.6243128707215404,0.0,0.9009958108302315,0.0,-1.2250934696241027,0.0
11.588000000000001,0.626112409011846,0.0,0.8985409109633901,0.0,-1.2297990022096699,0.0
11.59,0.6279070281209459,0.0,0.8960766444310444,0.0,-1.2344601203713939,0.0
11.592,0.6296967094044004,0.0,0.8936031001500612,0.0,-1.2390767363455917,0.0
11.594,0.6314814343957701,0.0,0.8911203672113058,0.0,-1.2436487639081755,0.0
11.596,0.6332611848069775,0.0,0.888628534876527,0.0,-1.2481761183769093,0.0
11.598,0.6350359425286297,0.0,0.8861276925753192,0.0,-1.252658716613508,0.0
11.6,0.63680568963036,0.0,0.8836179299019917,0.0,-1.257096477025777,0.0
11.602,0.6385704083611563,0.0,0.8810993366124976,0.0,-1.2614893195696633,0.0
11.604000000000001,0.6403300811496735,0.0,0.8785720026213211,0.0,-1.2658371657512444,0.0
11.606,0.6420846906045503,0.0,0.8760360179983941,0.0,-1.2701399386286798,0.0
11.608,0.6438342195147229,0.0,0.8734914729659687,0.0,-1.2743975628141322,0.0
11.61,0.6455786508497185,0.0,0.8709384578955233,0.0,-1.2786099644756022,0.0
11.612,0.6473179677599546,0.0,0.8683770633046348,0.0,-1.282777071338721,0.0
11.614,0.6490521535770281,0.0,0.8658073798538755,0.0,-1.2868988126885204,0.0
11.616,0.650781191813994,0.0,0.8632294983436912,0.0,-1.2909751193711,0.0
11.618,0.6525050661656514,0.0,0.8606435097112664,0.0,-1.295005923795308,0.0
11.620000000000001,0.6542237605088029,0.0,0.8580495050274042,0.0,-1.2989911599343058,0.0
11.622,0.6559372589025243,0.0,0.8554475754933963,0.0,-1.302930763327125,0.0
11.624,0.657645545588426,0.0,0.8528378124378879,0.0,-1.3068246710801672,0.0
11.626,0.6593486049908938,0.0,0.8502203073137552,0.0,-1.31067282186862,0.0
11.628,0.6610464217173482,0.0,0.8475951516949295,0.0,-1.3144751559378847,0.0
11.63,0.6627389805584704,0.0,0.8449624372733051,0.0,-1.3182316151048736,0.0
11.632,0.6644262664884413,0.0,0.842322255855555,0.0,-1.3219421427593214,0.0
11.634,0.6661082646651716,0.0,0.8396746993599997,0.0,-1.3256066838650256,0.0
11.636000000000001,0.6677849604305117,0.0,0.8370198598134669,0.0,-1.3292251849610033,0.0
11.638,0.6694563393104771,0.0,0.834357829348122,0.0,-1.3327975941626566,0.0
11.64,0.6711223870154458,0.0,0.8316887001983202,0.0,-1.3363238611628259,0.0
11.642,0.6727830894403659,0.0,0.8290125646974597,0.0,-1.3398039372328372,0.0
11.644,0.6744384326649522,0.0,0.8263295152748077,0.0,-1.3432377752234774,0.0
11.646,0.6760884029538649,0.0,0.8236396444523643,0.0,-1.3466253295659056,0.0
11.648,0.6777329867569006,0.0,0.8209430448416716,0.0,-1.3499665562725434,0.0
11.65,0.6793721707091693,0.0,0.8182398091406718,0.0,-1.3532614129378995,0.0
11.652000000000001,0.6810059416312566,0.0,0.8155300301305295,0.0,-1.3565098587393263,0.0
11.654,0.6826342865293908,0.0,0.8128138006724867,0.0,-1.359711854437745,0.0
11.656,0.6842571925956049,0.0,0.8100912137046539,0.0,-1.3628673623783285,0.0
11.658,0.6858746472078757,0.0,0.8073623622388914,0.0,-1.3659763464910886,0.0
11.66,0.6874866379302816,0.0,0.8046273393576012,0.0,-1.36903877229147,0.0
11.662,0.689093152513129,0.0,0.8018862382105664,0.0,-1.3720546068808397,0.0
11.664,0.6906941788930878,0.0,0.7991391520117971,0.0,-1.3750238189469544,0.0
11.666,0.6922897051933221,0.0,0.7963861740363135,0.0,-1.3779463787643806,0.0
11.668000000000001,0.6938797197236031,0.0,0.7936273976170296,0.0,-1.3808222581948404,0.0
11.67,0.695464210980418,0.0,0.7908629161415297,0.0,-1.38365143068751,0.0
11.672,0.6970431676470898,0.0,0.7880928230489129,0.0,-1.3864338712792952,0.0
11.674,0.6986165785938592,0.0,0.7853172118266334,0.0,-1.3891695565950066,0.0
11.676,0.700184432877997,0.0,0.7825361760072788,0.0,-1.3918584648475352,0.0
11.678,0.7017467197438741,0.0,0.7797498091654512,0.0,-1.3945005758379287,0.0
11.68,0.7033034286230518,0.0,0.7769582049145458,0.0,-1.3970958709554466,0.0
11.682,0.7048545491343581,0.0,0.7741614569035965,0.0,-1.399644333177564,0.0
11.684000000000001,0.7064000710839478,0.0,0.771359658814089,0.0,-1.4021459470698954,0.0
11.686,0.7079399844653683,0.0,0.7685529043568008,0.0,-1.4046006987860964,0.0
11.688,0.7094742794596202,0.0,0.7657412872686046,0.0,-1.4070085760677093,0.0
11.69,0.7110029464351947,0.0,0.7629249013093036,0.0,-1.4093695682439304,0.0
11.692,0.712525975948129,0.0,0.7601038402584583,0.0,-1.4116836662313705,0.0
11.694,0.7140433587420313,0.0,0.7572781979122007,0.0,-1.413950862533712,0.0
11.696,0.7155550857481202,0.0,0.754448068080086,0.0,-1.4161711512413693,0.0
11.698,0.7170611480852405,0.0,0.7516135445818842,0.0,-1.4183445280310407,0.0
11.700000000000001,0.7185615370598886,0.0,0.7487747212444349,0.0,-1.4204709901652628,0.0
11.702,0.7200562441662123,0.0,0.7459316918984651,0.0,-1.4225505364918638,0.0
11.704,0.7215452610860308,0.0,0.743084550375417,0.0,-1.424583167443412,0.0
11.706,0.7230285796888154,0.0,0.7402333905043001,0.0,-1.4265688850365694,0.0
11.708,0.7245061920316981,0.0,0.7373783061084797,0.0,-1.4285076928714282,0.0
11.71,0.7259780903594443,0.0,0.7345193910025648,0.0,-1.4303995961307732,0.0
11.712,0.727444267104437,0.0,0.7316567389892006,0.0,-1.4322446015792991,0.0
11.714,0.7289047148866545,0.0,0.7287904438559236,0.0,-1.4340427175627914,0.0
11.716000000000001,0.7303594265136286,0.0,0.7259205993720088,0.0,-1.4357939540072278,0.0
11.718,0.7318083949804077,0.0,0.7230472992852875,0.0,-1.4374983224178446,0.0
11.72,0.7332516134695172,0.0,0.7201706373190077,0.0,-1.4391558358781635,0.0
11.722,0.7346890753508948,0.0,0.7172907071686712,0.0,-1.440766509048931,0.0
11.724,0.7361207741818445,0.0,0.7144076024988788,0.0,-1.44233035816705,0.0
11.726,0.7375467037069652,0.0,0.7115214169401956,0.0,-1.4438474010444349,0.0
11.728,0.7389668578580757,0.0,0.7086322440859742,0.0,-1.4453176570667998,0.0
11.73,0.7403812307541482,0.0,0.7057401774892295,0.0,-1.4467411471924463,0.0
11.732000000000001,0.7417898167012131,0.0,0.7028453106594819,0.0,-1.448117893950941,0.0
11.734,0.7431926101922737,0.0,0.6999477370596405,0.0,-1.4494479214417906,0.0
11.736,0.7445896059072148,0.0,0.6970475501028176,0.0,-1.4507312553330323,0.0
11.738,0.7459807987126884,0.0,0.6941448431492502,0.0,-1.451967922859793,0.0
11.74,0.7473661836620178,0.0,0.6912397095031241,0.0,-1.4531579528227936,0.0
11.742,0.7487457559950716,0.0,0.688332242409458,0.0,-1.454301375586785,0.0
11.744,0.7501195111381471,0.0,0.6854225350509944,0.0,-1.455398223078967,0.0
11.746,0.7514874447038452,0.0,0.6825106805450342,0.0,-1.4564485287873215,0.0
11.748000000000001,0.7528495524909311,0.0,0.6795967719403689,0.0,-1.457452327758924,0.0
11.75,0.7542058304841939,0.0,0.6766809022141228,0.0,-1.4584096565981755,0.0
11.752,0.7555562748543078,0.0,0.6737631642686559,0.0,-1.4593205534650147,0.0
11.754,0.7569008819576738,0.0,0.6708436509284714,0.0,-1.460185058073068,0.0
11.756,0.7582396483362559,0.0,0.667922454937062,0.0,-1.4610032116877085,0.0
11.758000000000001,0.7595725707174292,0.0,0.6649996689538711,0.0,-1.4617750571241603,0.0
11.76,0.7608996460137937,0.0,0.6620753855511448,0.0,-1.4625006387454385,0.0
11.762,0.7622208713230108,0.0,0.6591496972108628,0.0,-1.4631800024603334,0.0
11.764000000000001,0.7635362439276082,0.0,0.6562226963216381,0.0,-1.463813195721277,0.0
11.766,0.764845761294795,0.0,0.6532944751756493,0.0,-1.4644002675222092,0.0
11.768,0.7661494210762702,0.0,0.6503651259655362,0.0,-1.4649412683963652,0.0
11.77,0.7674472211080099,0.0,0.6474347407813372,0.0,-1.465436250414008,0.0
11.772,0.7687391594100713,0.0,0.6445034116074169,0.0,-1.4658852671801468,0.0
11.774000000000001,0.770025234186367,0.0,0.6415712303193917,0.0,-1.466288373832155,0.0
11.776,0.7713054438244507,0.0,0.6386382886810844,0.0,-1.4666456270373898,0.0
11.778,0.772579786895293,0.0,0.6357046783414455,0.0,-1.4669570849907274,0.0
11.78,0.7738482621530389,0.0,0.6327704908315116,0.0,-1.467222807412048,0.0
11.782,0.7751108685347816,0.0,0.629835817561359,0.0,-1.4674428555437058,0.0
11.784,0.7763676051603042,0.0,0.6269007498170529,0.0,-1.4676172921478974,0.0
11.786,0.7776184713318413,0.0,0.6239653787576339,0.0,-1.4677461815040493,0.0
11.788,0.7788634665338134,0.0,0.6210297954120412,0.0,-1.4678295894060673,0.0
11.790000000000001,0.7801025904325667,0.0,0.6180940906761403,0.0,-1.4678675831596304,0.0
11.792,0.7813358428761007,0.0,0.6151583553096603,0.0,-1.4678602315793576,0.0
11.794,0.7825632238938013,0.0,0.6122226799331961,0.0,-1.467807604985983,0.0
11.796,0.783784733696149,0.0,0.6092871550252108,0.0,-1.4677097752034525,0.0
11.798,0.7850003726744401,0.0,0.6063518709189933,0.0,-1.4675668155559607,0.0
11.8,0.7862101414004876,0.0,0.6034169177997135,0.0,-1.4673788008649877,0.0
11.802,0.7874140406263229,0.0,0.6004823857013867,0.0,-1.4671458074462227,0.0
11.804,0.7886120712838967,0.0,0.5975483645039068,0.0,-1.4668679131064981,0.0
11.806000000000001,0.789804234484759,0.0,0.594614943930076,0.0,-1.4665451971406427,0.0
11.808,0.7909905315197447,0.0,0.5916822135426099,0.0,-1.466177740328277,0.0
11.81,0.7921709638586558,0.0,0.5887502627411869,0.0,-1.4657656249306021,0.0
11.812,0.7933455331499265,0.0,0.5858191807594855,0.0,-1.4653089346871044,0.0
11.814,0.7945142412202871,0.0,0.5828890566622269,0.0,-1.4648077548122127,0.0
11.816,0.7956770900744303,0.0,0.5799599793422304,0.0,-1.4642621719919364,0.0
11.818,0.7968340818946562,0.0,0.5770320375174837,0.0,-1.4636722743804318,0.0
11.82,0.797985219040528,0.0,0.5741053197281909,0.0,-1.463038151596525,0.0
11.822000000000001,0.7991305040485042,0.0,0.5711799143338563,0.0,-1.4623598947201786,0.0
11.824,0.8002699396315813,0.0,0.5682559095103807,0.0,-1.4616375962889536,0.0
11.826,0.8014035286789235,0.0,0.5653333932471095,0.0,-1.460871350294348,0.0
11.828,0.8025312742554803,0.0,0.562412453343981,0.0,-1.4600612521781766,0.0
11.83,0.8036531796016156,0.0,0.5594931774085858,0.0,-1.4592073988288348,0.0
11.832,0.804769248132707,0.0,0.5565756528532966,0.0,-1.4583098885775359,0.0
11.834,0.8058794834387629,0.0,0.5536599668923969,0.0,-1.4573688211945368,0.0
11.836,0.8069838892840195,0.0,0.5507462065391695,0.0,-1.4563842978852422,0.0
11.838000000000001,0.8080824696065353,0.0,0.5478344586030781,0.0,-1.455356421286354,0.0
11.84,0.8091752285177832,0.0,0.5449248096868742,0.0,-1.4542852954618988,0.0
11.842,0.8102621703022295,0.0,0.5420173461837559,0.0,-1.4531710258992367,0.0
11.844,0.8113432994169176,0.0,0.5391121542745307,0.0,-1.4520137195050433,0.0
11.846,0.8124186204910381,0.0,0.5362093199247714,0.0,-1.4508134846012133,0.0
11.848,0.8134881383254939,0.0,0.5333089288820063,0.0,-1.4495704309207462,0.0
11.85,0.8145518578924602,0.0,0.530411066672879,0.0,-1.4482846696035498,0.0
11.852,0.8156097843349482,0.0,0.5275158186003539,0.0,-1.446956313192251,0.0
11.854000000000001,0.816661922966343,0.0,0.5246232697409077,0.0,-1.4455854756279012,0.0
11.856,0.8177082792699564,0.0,0.5217335049417497,0.0,-1.444172272245701,0.0
11.858,0.8187488588985659,0.0,0.5188466088180187,0.0,-1.4427168197706213,0.0
11.86,0.8197836676739376,0.0,0.5159626657500211,0.0,-1.4412192363130012,0.0
11.862,0.8208127115863703,0.0,0.5130817598804596,0.0,-1.4396796413641302,0.0
11.864,0.8218359967942,0.0,0.5102039751116751,0.0,-1.4380981557917245,0.0
11.866,0.8228535296233291,0.0,0.5073293951029139,0.0,-1.4364749018354384,0.0
11.868,0.8238653165667328,0.0,0.5044581032675499,0.0,-1.4348100031022293,0.0
11.870000000000001,0.8248713642839635,0.0,0.5015901827704041,0.0,-1.4331035845617968,0.0
11.872,0.8258716796006532,0.0,0.4987257165249868,0.0,-1.4313557725418748,0.0
11.874,0.8268662695080091,0.0,0.4958647871907969,0.0,-1.4295666947235373,0.0
11.876,0.8278551411622983,0.0,0.4930074771706364,0.0,-1.4277364801364574,0.0
11.878,0.8288383018843358,0.0,0.4901538686078793,0.0,-1.4258652591540695,0.0
11.88,0.8298157591589626,0.0,0.48730404338383637,0.0,-1.4239531634887912,0.0
11.882,0.830787520634514,0.0,0.4844580831150461,0.0,-1.4220003261870804,0.0
11.884,0.8317535941222973,0.0,0.481616069150623,0.0,-1.420006881624548,0.0
11.886000000000001,0.8327139875960458,0.0,0.47877808256961596,0.0,-1.4179729655009843,0.0
11.888,0.8336687091913751,0.0,0.47594420417834443,0.0,-1.4158987148353213,0.0
11.89,0.8346177672052462,0.0,0.4731145145077774,0.0,-1.4137842679606127,0.0
11.892,0.8355611700953952,0.0,0.4702890938109104,0.0,-1.411629764518908,0.0
11.894,0.8364989264797935,0.0,0.4674680220601461,0.0,-1.4094353454561421,0.0
11.896,0.8374310451360654,0.0,0.46465137894469605,0.0,-1.4072011530169173,0.0
11.898,0.8383575350009371,0.0,0.4618392438679975,0.0,-1.4049273307393373,0.0
11.9,0.8392784051696465,0.0,0.45903169594511006,0.0,-1.402614023449675,0.0
11.902000000000001,0.8401936648953755,0.0,0.4562288140001602,0.0,-1.4002613772571129,0.0
11.904,0.8411033235886596,0.0,0.4534306765637887,0.0,-1.3978695395483967,0.0
11.906,0.8420073908167995,0.0,0.45063736187056774,0.0,-1.3954386589823982,0.0
11.908,0.8429058763032671,0.0,0.4478489478565065,0.0,-1.3929688854847557,0.0
11.91,0.8437987899271084,0.0,0.4450655121564878,0.0,-1.3904603702423546,0.0
11.912,0.8446861417223309,0.0,0.4422871321017644,0.0,-1.38791326569782,0.0
11.914,0.8455679418773028,0.0,0.439513884717465,0.0,-1.385327725544005,0.0
11.916,0.8464442007341324,0.0,0.4367458467200652,0.0,-1.38270390471833,0.0
11.918000000000001,0.8473149287880527,0.0,0.43398309451494715,0.0,-1.3800419593972324,0.0
11.92,0.8481801366867887,0.0,0.43122570419389533,0.0,-1.3773420469904236,0.0
11.922,0.849039835229942,0.0,0.42847375153264616,0.0,-1.374604326135227,0.0
11.924,0.849894035368338,0.0,0.42572731198844227,0.0,-1.3718289566907949,0.0
11.926,0.8507427482034043,0.0,0.42298646069758433,0.0,-1.3690160997323377,0.0
11.928,0.8515859849865127,0.0,0.420251272473023,0.0,-1.3661659175452991,0.0
11.93,0.852423757118338,0.0,0.41752182180192327,0.0,-1.3632785736194646,0.0
11.932,0.8532560761482029,0.0,0.4147981828432733,0.0,-1.3603542326430775,0.0
11.934000000000001,0.8540829537734133,0.0,0.4120804294254888,0.0,-1.3573930604968683,0.0
11.936,0.8549044018386023,0.0,0.4093686350440454,0.0,-1.3543952242481108,0.0
11.938,0.8557204323350615,0.0,0.40666287285909347,0.0,-1.3513608921445643,0.0
11.94,0.8565310574000591,0.0,0.4039632156931162,0.0,-1.348290233608419,0.0
11.942,0.8573362893161759,0.0,0.40126973602858174,0.0,-1.345183419230221,0.0
11.944,0.8581361405106095,0.0,0.3985825060056121,0.0,-1.3420406207627014,0.0
11.946,0.8589306235544966,0.0,0.3959015974196753,0.0,-1.3388620111146499,0.0
11.948,0.8597197511622199,0.0,0.3932270817192614,0.0,-1.3356477643446651,0.0
11.950000000000001,0.8605035361907067,0.0,0.3905590300036023,0.0,-1.332398055654921,0.0
11.952,0.8612819916387305,0.0,0.38789751302038833,0.0,-1.3291130613848845,0.0
11.954,0.8620551306462129,0.0,0.3852426011634928,0.0,-1.3257929590050004,0.0
11.956,0.8628229664935023,0.0,0.38259436447073714,0.0,-1.3224379271103481,0.0
11.958,0.863585512600665,0.0,0.3799528726216115,0.0,-1.3190481454141878,0.0
11.96,0.8643427825267713,0.0,0.3773181949350873,0.0,-1.3156237947416343,0.0
11.962,0.8650947899691596,0.0,0.37469040036736806,0.0,-1.3121650570230934,0.0
11.964,0.8658415487627216,0.0,0.3720695575096955,0.0,-1.3086721152878196,0.0
11.966000000000001,0.8665830728791633,0.0,0.36945573458616915,0.0,-1.3051451536573833,0.0
11.968,0.8673193764262671,0.0,0.3668489994515498,0.0,-1.3015843573390597,0.0
11.97,0.8680504736471595,0.0,0.36424941958910556,0.0,-1.2979899126192718,0.0
11.972,0.8687763789195533,0.0,0.3616570621084594,0.0,-1.2943620068569144,0.0
11.974,0.8694971067550124,0.0,0.35907199374344784,0.0,-1.2907008284767127,0.0
11.976,0.8702126717981841,0.0,0.3564942808499968,0.0,-1.2870065669624795,0.0
11.978,0.8709230888260516,0.0,0.35392398940401837,0.0,-1.28327941285042,0.0
11.98,0.8716283727471696,0.0,0.3513611849992967,0.0,-1.2795195577223146,0.0
11.982000000000001,0.8723285386008908,0.0,0.3488059328454134,0.0,-1.2757271941987125,0.0
11.984,0.8730236015566095,0.0,0.3462582977656878,0.0,-1.2719025159321529,0.0
11.986,0.8737135769129685,0.0,0.3437183441950857,0.0,-1.2680457176001643,0.0
11.988,0.8743984800970991,0.0,0.3411861361782209,0.0,-1.2641569948985067,0.0
11.99,0.8750783266638276,0.0,0.3386617373672901,0.0,-1.2602365445341221,0.0
11.992,0.8757531322948868,0.0,0.33614521102007255,0.0,-1.256284564218191,0.0
11.994,0.8764229127981337,0.0,0.3336366199979359,0.0,-1.2523012526591697,0.0
11.996,0.8770876841067464,0.0,0.33113602676382187,0.0,-1.2482868095556667,0.0
11.998000000000001,0.8777474622784324,0.0,0.3286434933803083,0.0,-1.2442414355894786,0.0
12.0,0.8784022634946174,0.0,0.3261590815076232,0.0,-1.2401653324184008,0.0
12.002,0.8790521040596498,0.0,0.32368285240170924,0.0,-1.2360587026691543,0.0
12.004,0.8796970003999779,0.0,0.32121486691229534,0.0,-1.2319217499301884,0.0
12.006,0.880336969063346,0.0,0.31875518548097287,0.0,-1.2277546787445077,0.0
12.008000000000001,0.8809720267179714,0.0,0.31630386813930744,0.0,-1.2235576946024607,0.0
12.01,0.8816021901517189,0.0,0.3138609745069355,0.0,-1.2193310039344425,0.0
12.012,0.8822274762712854,0.0,0.31142656378969985,0.0,-1.215074814103658,0.0
12.014000000000001,0.8828479021013566,0.0,0.3090006947777887,0.0,-1.210789333398766,0.0
12.016,0.8834634847837889,0.0,0.30658342584390164,0.0,-1.206474771026598,0.0
12.018,0.8840742415767628,0.0,0.30417481494140314,0.0,-1.20213133710472,0.0
12.02,0.8846801898539401,0.0,0.3017749196025228,0.0,-1.1977592426540578,0.0
12.022,0.8852813471036313,0.0,0.29938379693654904,0.0,-1.1933586995914829,0.0
12.024000000000001,0.8858777309279346,0.0,0.29700150362804595,0.0,-1.1889299207223192,0.0
12.026,0.8864693590418956,0.0,0.29462809593509154,0.0,-1.184473119732906,0.0
12.028,0.8870562492726484,0.0,0.2922636296875082,0.0,-1.1799885111830348,0.0
12.030000000000001,0.8876384195585539,0.0,0.28990816028513544,0.0,-1.1754763104984258,0.0
12.032,0.8882158879483412,0.0,0.2875617426961015,0.0,-1.170936733963156,0.0
12.034,0.8887886726002456,0.0,0.285224431455111,0.0,-1.166369998712065,0.0
12.036,0.8893567917811366,0.0,0.2828962806617647,0.0,-1.1617763227231528,0.0
12.038,0.889920263865643,0.0,0.2805773439788541,0.0,-1.15715592480985,0.0
12.040000000000001,0.8904791073352856,0.0,0.27826767463073065,0.0,-1.1525090246134506,0.0
12.042,0.8910333407775888,0.0,0.2759673254016337,0.0,-1.1478358425953121,0.0
12.044,0.8915829828852073,0.0,0.2736763486340651,0.0,-1.1431366000291698,0.0
12.046,0.8921280524550409,0.0,0.2713947962271823,0.0,-1.138411518993411,0.0
12.048,0.8926685683873362,0.0,0.2691227196351724,0.0,-1.133660822363189,0.0
12.05,0.8932045496848073,0.0,0.2668601698656984,0.0,-1.1288847338027468,0.0
12.052,0.8937360154517308,0.0,0.26460719747830286,0.0,-1.1240834777574806,0.0
12.054,0.894262984893059,0.0,0.2623638525828639,0.0,-1.1192572794461442,0.0
12.056000000000001,0.8947854773135068,0.0,0.2601301848380547,0.0,-1.1144063648529254,0.0
12.058,0.8953035121166579,0.0,0.2579062434498278,0.0,-1.109530960719592,0.0
12.06,0.8958171088040552,0.0,0.25569207716989295,0.0,-1.104631294537511,0.0
12.062,0.8963262869742841,0.0,0.2534877342942389,0.0,-1.099707594539711,0.0
12.064,0.8968310663220713,0.0,0.25129326266165064,0.0,-1.0947600896929237,0.0
12.066,0.8973314666373571,0.0,0.24910870965225274,0.0,-1.0897890096895473,0.0
12.068,0.897827507804385,0.0,0.24693412218607147,0.0,-1.0847945849396763,0.0
12.07,0.8983192098007796,0.0,0.244769546721595,0.0,-1.0797770465630028,0.0
12.072000000000001,0.8988065926966124,0.0,0.24261502925437084,0.0,-1.0747366263807558,0.0
12.074,0.899289676653492,0.0,0.24047061531561542,0.0,-1.069673556907675,0.0
12.076,0.8997684819236151,0.0,0.2383363499708161,0.0,-1.0645880713437743,0.0
12.078,0.9002430288488463,0.0,0.23621227781839682,0.0,-1.059480403566342,0.0
12.08,0.900713337859781,0.0,0.23409844298834437,0.0,-1.054350788121697,0.0
12.082,0.9011794294748006,0.0,0.2319948891408975,0.0,-1.049199460217036,0.0
12.084,0.9016413242991367,0.0,0.22990165946522478,0.0,-1.0440266557122395,0.0
12.086,0.90209904302393,0.0,0.22781879667812588,0.0,-1.0388326111116517,0.0
12.088000000000001,0.9025526064252813,0.0,0.22574634302276098,0.0,-1.0336175635558638,0.0
12.09,0.9030020353632986,0.0,0.22368434026737471,0.0,-1.0283817508134017,0.0
12.092,0.9034473507811565,0.0,0.22163282970405385,0.0,-1.0231254112725017,0.0
12.094,0.9038885737041303,0.0,0.2195918521474981,0.0,-1.0178487839327763,0.0
12.096,0.9043257252386514,0.0,0.2175614479337994,0.0,-1.0125521083969153,0.0
12.098,0.9047588265713429,0.0,0.21554165691925453,0.0,-1.0072356248623682,0.0
12.1,0.9051878989680557,0.0,0.21353251847917343,0.0,-1.0018995741129348,0.0
12.102,0.9056129637729143,0.0,0.21153407150671866,0.0,-0.9965441975104428,0.0
12.104000000000001,0.9060340424073441,0.0,0.2095463544117575,0.0,-0.9911697369863273,0.0
12.106,0.9064511563691063,0.0,0.20756940511973754,0.0,-0.9857764350332552,0.0
12.108,0.9068643272313297,0.0,0.20560326107055926,0.0,-0.9803645346966576,0.0
12.11,0.9072735766415305,0.0,0.2036479592174928,0.0,-0.974934279566301,0.0
12.112,0.907678926320652,0.0,0.20170353602608515,0.0,-0.969485913767844,0.0
12.114,0.908080398062072,0.0,0.1997700274731079,0.0,-0.9640196819543234,0.0
12.116,0.9084780137306393,0.0,0.19784746904550865,0.0,-0.9585358292977255,0.0
12.118,0.9088717952616796,0.0,0.19593589573936931,0.0,-0.9530346014803656,0.0
12.120000000000001,0.9092617646600252,0.0,0.19403534205891448,0.0,-0.947516244686494,0.0
12.122,0.9096479439990179,0.0,0.1921458420155009,0.0,-0.941981005593644,0.0
12.124,0.9100303554195336,0.0,0.19026742912664107,0.0,-0.9364291313641285,0.0
12.126,0.9104090211289874,0.0,0.18840013641505404,0.0,-0.9308608696364876,0.0
12.128,0.9107839634003414,0.0,0.1865439964077008,0.0,-0.925276468516808,0.0
12.13,0.9111552045711181,0.0,0.18469904113488045,0.0,-0.919676176570247,0.0
12.132,0.9115227670424023,0.0,0.18286530212930496,0.0,-0.9140602428123207,0.0
12.134,0.9118866732778463,0.0,0.18104281042520987,0.0,-0.9084289167003063,0.0
12.136000000000001,0.9122469458026724,0.0,0.17923159655748755,0.0,-0.902782448124626,0.0
12.138,0.9126036072026684,0.0,0.17743169056082042,0.0,-0.8971210874001296,0.0
12.14,0.9129566801231971,0.0,0.1756431219688417,0.0,-0.8914450852574797,0.0
12.142,0.9133061872681797,0.0,0.17386591981332022,0.0,-0.8857546928344326,0.0
12.144,0.9136521513991057,0.0,0.17210011262334257,0.0,-0.8800501616671719,0.0
12.146,0.9139945953340124,0.0,0.1703457284245372,0.0,-0.8743317436815634,0.0
12.148,0.914333541946489,0.0,0.16860279473829864,0.0,-0.8685996911844919,0.0
12.15,0.9146690141646632,0.0,0.16687133858102943,0.0,-0.8628542568550728,0.0
12.152000000000001,0.9150010349701847,0.0,0.16515138646341165,0.0,-0.8570956937359216,0.0
12.154,0.9153296273972243,0.0,0.16344296438968897,0.0,-0.851324255224456,0.0
12.156,0.915654814531449,0.0,0.16174609785695448,0.0,-0.8455401950640178,0.0
12.158,0.915976619509016,0.0,0.1600608118544855,0.0,-0.8397437673352296,0.0
12.16,0.9162950655155513,0.0,0.15838713086306122,0.0,-0.8339352264471118,0.0
12.162,0.916610175785135,0.0,0.1567250788543243,0.0,-0.828114827128331,0.0
12.164,0.9169219735992766,0.0,0.15507467929014918,0.0,-0.8222828244183749,0.0
12.166,0.9172304822859033,0.0,0.15343595512202368,0.0,-0.8164394736587495,0.0
12.168000000000001,0.9175357252183344,0.0,0.15180892879046226,0.0,-0.8105850304841767,0.0
12.17,0.9178377258142539,0.0,0.15019362222442412,0.0,-0.8047197508137048,0.0
12.172,0.9181365075346988,0.0,0.148590056840748,0.0,-0.7988438908419228,0.0
12.174,0.9184320938830197,0.0,0.14699825354362273,0.0,-0.7929577070300752,0.0
12.176,0.9187245084038685,0.0,0.1454182327240473,0.0,-0.7870614560972221,0.0
12.178,0.9190137746821645,0.0,0.14385001425933952,0.0,-0.7811553950113947,0.0
12.18,0.9192999163420632,0.0,0.14229361751263703,0.0,-0.7752397809806666,0.0
12.182,0.9195829570459378,0.0,0.14074906133242604,0.0,-0.7693148714443283,0.0
12.184000000000001,0.919862920493338,0.0,0.13921636405209292,0.0,-0.7633809240639597,0.0
12.186,0.9201398304199684,0.0,0.13769554348948743,0.0,-0.7574381967145924,0.0
12.188,0.9204137105966529,0.0,0.13618661694649958,0.0,-0.7514869474757503,0.0
12.19,0.9206845848283032,0.0,0.13468960120866502,0.0,-0.745527434622582,0.0
12.192,0.9209524769528821,0.0,0.13320451254478183,0.0,-0.7395599166169309,0.0
12.194,0.9212174108403766,0.0,0.13173136670654262,0.0,-0.733584652098431,0.0
12.196,0.92147941039176,0.0,0.1302701789281948,0.0,-0.7276018998756164,0.0
12.198,0.9217384995379522,0.0,0.12882096392620124,0.0,-0.7216119189168972,0.0
12.200000000000001,0.9219947022387934,0.0,0.12738373589893992,0.0,-0.7156149683417661,0.0
12.202,0.9222480424819962,0.0,0.12595850852640733,0.0,-0.7096113074117486,0.0
12.204,0.9224985442821201,0.0,0.12454529496993583,0.0,-0.7036011955215218,0.0
12.206,0.9227462316795271,0.0,0.12314410787195118,0.0,-0.6975848921899939,0.0
12.208,0.922991128739341,0.0,0.12175495935571667,0.0,-0.6915626570512621,0.0
12.21,0.9232332595504189,0.0,0.12037786102512504,0.0,-0.6855347498457993,0.0
12.212,0.9234726482243001,0.0,0.11901282396448842,0.0,-0.6795014304113908,0.0
12.214,0.9237093188941771,0.0,0.11765985873834994,0.0,-0.6734629586742344,0.0
12.216000000000001,0.9239432957138501,0.0,0.11631897539132419,0.0,-0.6674195946399983,0.0
12.218,0.9241746028566887,0.0,0.11499018344793965,0.0,-0.6613715983848187,0.0
12.22,0.9244032645145925,0.0,0.11367349191250853,0.0,-0.6553192300463766,0.0
12.222,0.9246293048969453,0.0,0.11236890926901744,0.0,-0.6492627498149178,0.0
12.224,0.9248527482295843,0.0,0.11107644348102264,0.0,-0.6432024179243147,0.0
12.226,0.925073618753747,0.0,0.10979610199158019,0.0,-0.6371384946430714,0.0
12.228,0.9252919407250418,0.0,0.10852789172318189,0.0,-0.631071240265417,0.0
12.23,0.9255077384124003,0.0,0.10727181907770933,0.0,-0.6250009151022868,0.0
12.232000000000001,0.9257210360970342,0.0,0.10602788993641599,0.0,-0.6189277794723739,0.0
12.234,0.9259318580714012,0.0,0.10479610965991915,0.0,-0.6128520936932246,0.0
12.236,0.9261402286381556,0.0,0.10357648308820411,0.0,-0.6067741180721632,0.0
12.238,0.9263461721091142,0.0,0.1023690145406656,0.0,-0.6006941128974692,0.0
12.24,0.9265497128042122,0.0,0.10117370781614254,0.0,-0.5946123384293208,0.0
12.242,0.9267508750504597,0.0,0.09999056619299307,0.0,-0.5885290548908735,0.0
12.244,0.9269496831809024,0.0,0.0988195924291736,0.0,-0.5824445224593039,0.0
12.246,0.9271461615335835,0.0,0.0976607887623363,0.0,-0.5763590012568546,0.0
12.248000000000001,0.9273403344505053,0.0,0.09651415690995269,0.0,-0.5702727513419227,0.0
12.25,0.9275322262765765,0.0,0.09537969806945146,0.0,-0.5641860327000372,0.0
12.252,0.927721861358588,0.0,0.09425741291836598,0.0,-0.5580991052349832,0.0
12.254,0.9279092640441602,0.0,0.09314730161451623,0.0,-0.5520122287598257,0.0
12.256,0.9280944586807136,0.0,0.09204936379618933,0.0,-0.545925662987988,0.0
12.258000000000001,0.9282774696144264,0.0,0.09096359858235536,0.0,-0.5398396675243426,0.0
12.26,0.9284583211891911,0.0,0.0898900045728922,0.0,-0.5337545018562264,0.0
12.262,0.9286370377455867,0.0,0.0888285798488232,0.0,-0.5276704253445715,0.0
12.264000000000001,0.9288136436198302,0.0,0.08777932197258809,0.0,-0.5215876972149467,0.0
12.266,0.928988163142749,0.0,0.08674222798831788,0.0,-0.5155065765486988,0.0
12.268,0.9291606206387409,0.0,0.08571729442212883,0.0,-0.5094273222739873,0.0
12.27,0.9293310404247338,0.0,0.08470451728244655,0.0,-0.5033501931569062,0.0
12.272,0.929499446809161,0.0,0.08370389206032858,0.0,-0.49727544779260235,0.0
12.274000000000001,0.9296658640909135,0.0,0.08271541372982671,0.0,-0.49120334459635007,0.0
12.276,0.9298303165583248,0.0,0.08173907674834247,0.0,-0.48513414179475034,0.0
12.278,0.929992828488112,0.0,0.08077487505702752,0.0,-0.4790680974167065,0.0
12.280000000000001,0.9301534241443737,0.0,0.07982280208117365,0.0,-0.4730054692847384,0.0
12.282,0.9303121277775321,0.0,0.07888285073064816,0.0,-0.46694651500597273,0.0
12.284,0.9304689636233201,0.0,0.07795501340032118,0.0,-0.46089149196336165,0.0
12.286,0.9306239559017455,0.0,0.07703928197053189,0.0,-0.4548406573068554,0.0
12.288,0.9307771288160587,0.0,0.07613564780755866,0.0,-0.44879426794447025,0.0
12.290000000000001,0.930928506551734,0.0,0.07524410176411311,0.0,-0.4427525805335938,0.0
12.292,0.931078113275433,0.0,0.07436463417985206,0.0,-0.4367158514720531,0.0
12.294,0.9312259731339878,0.0,0.07349723488190019,0.0,-0.43068433688935975,0.0
12.296,0.9313721102533733,0.0,0.07264189318540093,0.0,-0.4246582926379323,0.0
12.298,0.9315165487376781,0.0,0.07179859789407639,0.0,-0.4186379742842086,0.0
12.3,0.9316593126680934,0.0,0.07096733730080984,0.0,-0.4126236370999994,0.0
12.302,0.9318004261018803,0.0,0.07014809918824416,0.0,-0.4066155360536063,0.0
12.304,0.9319399130713593,0.0,0.06934087082939322,0.0,-0.4006139258011248,0.0
12.306000000000001,0.9320777975828867,0.0,0.06854563898828014,0.0,-0.3946190606776673,0.0
12.308,0.9322141036158383,0.0,0.06776238992058625,0.0,-0.3886311946886615,0.0
12.31,0.9323488551215949,0.0,0.06699110937431663,0.0,-0.38265058150108094,0.0
12.312,0.9324820760225221,0.0,0.066231782590493,0.0,-0.37667747443475114,0.0
12.314,0.9326137902109666,0.0,0.0654843943038459,0.0,-0.3707121264536617,0.0
12.316,0.9327440215482333,0.0,0.06474892874354643,0.0,-0.3647547901572453,0.0
12.318,0.9328727938635849,0.0,0.06402536963393546,0.0,-0.35880571777175435,0.0
12.32,0.933000130953228,0.0,0.06331370019528038,0.0,-0.35286516114154143,0.0
12.322000000000001,0.9331260565793041,0.0,0.06261390314455262,0.0,-0.34693337172043504,0.0
12.324,0.9332505944688859,0.0,0.0619259606962137,0.0,-0.3410106005631007,0.0
12.326,0.9333737683129759,0.0,0.06124985456301768,0.0,-0.3350970983164182,0.0
12.328,0.9334956017655007,0.0,0.060585565956844056,0.0,-0.32919311521090416,0.0
12.33,0.9336161184423074,0.0,0.0599330755895332,0.0,-0.3232989010520244,0.0
12.332,0.9337353419201702,0.0,0.05929236367374724,0.0,-0.3174147052117411,0.0
12.334,0.9338532957357911,0.0,0.05866340992384378,0.0,-0.31154077661985374,0.0
12.336,0.9339700033847975,0.0,0.05804619355677365,0.0,-0.3056773637554693,0.0
12.338000000000001,0.9340854883207638,0.0,0.057440693292980516,0.0,-0.299824714638524,0.0
12.34,0.9341997739541996,0.0,0.056846887357342446,0.0,-0.2939830768211774,0.0
12.342,0.9343128836515767,0.0,0.05626475348010096,0.0,-0.2881526973793769,0.0
12.344,0.934424840734328,0.0,0.05569426889783591,0.0,-0.2823338229043383,0.0
12.346,0.9345356684778705,0.0,0.05513541035443059,0.0,-0.27652669949408837,0.0
12.348,0.9346453901106178,0.0,0.054588154102073516,0.0,-0.27073157274503634,0.0
12.35,0.934754028812992,0.0,0.05405247590227358,0.0,-0.26494868774348246,0.0
12.352,0.9348616077164544,0.0,0.053528351026877474,0.0,-0.2591782890572528,0.0
12.354000000000001,0.9349681499025156,0.0,0.05301575425912808,0.0,-0.2534206207272598,0.0
12.356,0.9350736784017709,0.0,0.05251465989471482,0.0,-0.24767592625918267,0.0
12.358,0.935178216192914,0.0,0.05202504174286238,0.0,-0.24194444861499542,0.0
12.36,0.9352817862017764,0.0,0.05154687312742079,0.0,-0.2362264302047511,0.0
12.362,0.9353844113003511,0.0,0.05108012688797592,0.0,-0.23052211287815727,0.0
12.364,0.9354861143058265,0.0,0.050624775380985865,0.0,-0.22483173791630406,0.0
12.366,0.9355869179796238,0.0,0.05018079048091806,0.0,-0.21915554602340892,0.0
12.368,0.9356868450264281,0.0,0.0497481435814201,0.0,-0.21349377731845365,0.0
12.370000000000001,0.9357859180932369,0.0,0.049326805596488055,0.0,-0.20784667132706203,0.0
12.372,0.9358841597683919,0.0,0.04891674696167303,0.0,-0.20221446697316514,0.0
12.374,0.9359815925806323,0.0,0.048517937635282005,0.0,-0.19659740257084457,0.0
12.376,0.9360782389981378,0.0,0.04813034709961028,0.0,-0.19099571581616626,0.0
12.378,0.9361741214275738,0.0,0.04775394436219116,0.0,-0.18540964377892366,0.0
12.38,0.9362692622131522,0.0,0.04738869795704459,0.0,-0.17983942289461718,0.0
12.382,0.9363636836356755,0.0,0.04703457594596738,0.0,-0.17428528895622586,0.0
12.384,0.9364574079116034,0.0,0.046691545919812394,0.0,-0.16874747710616667,0.0
12.386000000000001,0.936550457192103,0.0,0.0463595749998128,0.0,-0.1632262218281757,0.0
12.388,0.9366428535621182,0.0,0.0460386298388934,0.0,-0.15772175693930113,0.0
12.39,0.9367346190394312,0.0,0.04572867662301994,0.0,-0.15223431558181322,0.0
12.392,0.9368257755737313,0.0,0.045429681072556405,0.0,-0.14676413021522738,0.0
12.394,0.93691634504568,0.0,0.04514160844363668,0.0,-0.14131143260829493,0.0
12.396,0.937006349265992,0.0,0.044864423529555,0.0,-0.13587645383105018,0.0
12.398,0.9370958099745053,0.0,0.04459809066216924,0.0,-0.13045942424688306,0.0
12.4,0.9371847488392633,0.0,0.04434257371332295,0.0,-0.1250605735045851,0.0
12.402000000000001,0.9372731874555904,0.0,0.04409783609628892,0.0,-0.11968013053046622,0.0
12.404,0.9373611473451843,0.0,0.04386384076720823,0.0,-0.11431832352053106,0.0
12.406,0.9374486499551952,0.0,0.0436405502265752,0.0,-0.10897537993253603,0.0
12.408,0.9375357166573242,0.0,0.043427926520704874,0.0,-0.10365152647829556,0.0
12.41,0.9376223687469073,0.0,0.04322593124325008,0.0,-0.09834698911575324,0.0
12.412,0.9377086274420214,0.0,0.043034525536699064,0.0,-0.09306199304133966,0.0
12.414,0.9377945138825735,0.0,0.042853670093923435,0.0,-0.08779676268212844,0.0
12.416,0.9378800491294119,0.0,0.04268332515971124,0.0,-0.08255152168816693,0.0
12.418000000000001,0.937965254163426,0.0,0.04252345053233342,0.0,-0.07732649292479254,0.0
12.42,0.9380501498846583,0.0,0.04237400556512477,0.0,-0.07212189846493233,0.0
12.422,0.9381347571114103,0.0,0.04223494916807108,0.0,-0.0669379595814803,0.0
12.424,0.9382190965793651,0.0,0.04210623980942041,0.0,-0.06177489673969527,0.0
12.426,0.9383031889407012,0.0,0.04198783551730112,0.0,-0.05663292958959776,0.0
12.428,0.938387054763215,0.0,0.041879693881363644,0.0,-0.05151227695844651,0.0
12.43,0.9384707145294425,0.0,0.041781772054437616,0.0,-0.04641315684315561,0.0
12.432,0.938554188635794,0.0,0.04169402675418843,0.0,-0.04133578640283986,0.0
12.434000000000001,0.9386374973916763,0.0,0.041616414264814605,0.0,-0.03628038195130556,0.0
12.436,0.9387206610186387,0.0,0.04154889043873011,0.0,-0.03124715894965968,0.0
12.438,0.9388036996494984,0.0,0.041491410698295594,0.0,-0.026236331998800155,0.0
12.44,0.9388866333274936,0.0,0.041443930037527665,0.0,-0.0212481148321374,0.0
12.442,0.938969482005423,0.0,0.04140640302385162,0.0,-0.016282720308156362,0.0
12.444,0.9390522655447916,0.0,0.041378783799862595,0.0,-0.011340360403105265,0.0
12.446,0.9391350037149716,0.0,0.041361026085081576,0.0,-0.006421246203740294,0.0
12.448,0.9392177161923456,0.0,0.04135308317776465,0.0,-0.0015255878999601569,0.0
12.450000000000001,0.9393004225594819,0.0,0.04135490795667468,0.0,0.0033464052223103335,0.0
12.452,0.9393831423042802,0.0,0.04136645288292873,0.0,0.008194524788439739,0.0
12.454,0.9394658948191505,0.0,0.04138767000180149,0.0,0.013018563342211964,0.0
12.456,0.9395486994001796,0.0,0.04141851094458038,0.0,0.01781831435296155,0.0
12.458,0.9396315752463004,0.0,0.041458926930431184,0.0,0.02259357222276781,0.0
12.46,0.9397145414584784,0.0,0.041508868768250995,0.0,0.027344132293433354,0.0
12.462,0.9397976170388843,0.0,0.04156828685857605,0.0,0.03206979085363004,0.0
12.464,0.9398808208900864,0.0,0.041637131195464805,0.0,0.036770345145868744,0.0
12.466000000000001,0.9399641718142329,0.0,0.04171535136842819,0.0,0.041445593373523826,0.0
12.468,0.9400476885122502,0.0,0.04180289656434344,0.0,0.046095334707749513,0.0
12.47,0.9401313895830388,0.0,0.04189971556940497,0.0,0.05071936929444898,0.0
12.472,0.9402152935226682,0.0,0.042005756771085256,0.0,0.05531749826115462,0.0
12.474,0.9402994187235904,0.0,0.04212096816009081,0.0,0.059889523723874016,0.0
12.476,0.9403837834738386,0.0,0.04224529733236482,0.0,0.06443524879394769,0.0
12.478,0.940468405956252,0.0,0.042378691491059994,0.0,0.0689544775847909,0.0
12.48,0.9405533042476778,0.0,0.042521097448576184,0.0,0.07344701521872299,0.0
12.482000000000001,0.9406384963182026,0.0,0.04267246162856719,0.0,0.07791266783365158,0.0
12.484,0.9407240000303737,0.0,0.04283273006798122,0.0,0.08235124258975146,0.0
12.486,0.9408098331384245,0.0,0.04300184841912269,0.0,0.08676254767619529,0.0
12.488,0.9408960132875134,0.0,0.04317976195169837,0.0,0.09114639231767452,0.0
12.49,0.9409825580129536,0.0,0.04336641555491727,0.0,0.09550258678110168,0.0
12.492,0.9410694847394626,0.0,0.04356175373955762,0.0,0.09983094238205936,0.0
12.494,0.9411568107803978,0.0,0.04376572064009343,0.0,0.10413127149140333,0.0
12.496,0.9412445533370145,0.0,0.0439782600167955,0.0,0.1084033875417092,0.0
12.498000000000001,0.9413327294977163,0.0,0.04419931525786425,0.0,0.112647105033709,0.0
12.5,0.9414213562373097,0.0,0.044428829381583546,0.0,0.11686223954275032,0.0
12.502,0.9415104504162731,0.0,0.04466674503845919,0.0,0.12104860772513226,0.0
12.504,0.941600028780017,0.0,0.04491300451340363,0.0,0.12520602732447284,0.0
12.506,0.9416901079581603,0.0,0.04516754972790421,0.0,0.12933431717800437,0.0
12.508000000000001,0.9417807044638025,0.0,0.04543032224222027,0.0,0.1334332972228287,0.0
12.51,0.9418718346928041,0.0,0.04570126325759449,0.0,0.137502788502182,0.0
12.512,0.9419635149230716,0.0,0.045980313618463275,0.0,0.14154261317160488,0.0
12.514000000000001,0.9420557613138429,0.0,0.04626741381469829,0.0,0.14555259450512148,0.0
12.516,0.942148589904987,0.0,0.04656250398383249,0.0,0.14953255690131773,0.0
12.518,0.9422420166162931,0.0,0.04686552391333887,0.0,0.15348232588950128,0.0
12.52,0.9423360572467806,0.0,0.04717641304287251,0.0,0.15740172813565811,0.0
12.522,0.9424307274740021,0.0,0.04749511046656624,0.0,0.16129059144852498,0.0
12.524000000000001,0.9425260428533515,0.0,0.04782155493532381,0.0,0.16514874478554553,0.0
12.526,0.9426220188173877,0.0,0.048155684859105874,0.0,0.16897601825876474,0.0
12.528,0.9427186706751466,0.0,0.04849743830927128,0.0,0.17277224314079698,0.0
12.530000000000001,0.9428160136114735,0.0,0.04884675302087493,0.0,0.17653725187059077,0.0
12.532,0.9429140626863461,0.0,0.04920356639503265,0.0,0.18027087805931874,0.0
12.534,0.9430128328342141,0.0,0.049567815501255164,0.0,0.183972956496119,0.0
12.536,0.9431123388633402,0.0,0.049939437079803695,0.0,0.18764332315380927,0.0
12.538,0.9432125954551314,0.0,0.05031836754409841,0.0,0.19128181519467047,0.0
12.540000000000001,0.9433136171635063,0.0,0.050704542983051104,0.0,0.19488827097598738,0.0
12.542,0.9434154184142318,0.0,0.05109789916350693,0.0,0.1984625300557652,0.0
12.544,0.9435180135042933,0.0,0.05149837153262138,0.0,0.20200443319825245,0.0
12.546,0.9436214166012488,0.0,0.05190589522029787,0.0,0.20551382237950633,0.0
12.548,0.9437256417426032,0.0,0.052320405041602236,0.0,0.20899054079287716,0.0
12.55,0.9438307028351797,0.0,0.052741835499207246,0.0,0.21243443285445474,0.0
12.552,0.9439366136544932,0.0,0.053170120785853314,0.0,0.21584534420851997,0.0
12.554,0.9440433878441399,0.0,0.05360519478679304,0.0,0.21922312173288327,0.0
12.556000000000001,0.944151038915177,0.0,0.05404699108228206,0.0,0.22256761354425114,0.0
12.558,0.944259580245523,0.0,0.05449544295004316,0.0,0.22587866900348041,0.0
12.56,0.9443690250793506,0.0,0.05495048336777253,0.0,0.22915613872086604,0.0
12.562,0.9444793865264878,0.0,0.055412045015646394,0.0,0.2323998745613407,0.0
12.564,0.9445906775618303,0.0,0.0558800602788207,0.0,0.23560972964963023,0.0
12.566,0.9447029110247475,0.0,0.05635446124997695,0.0,0.2387855583754055,0.0
12.568,0.9448160996185089,0.0,0.0568351797318295,0.0,0.24192721639832504,0.0
12.57,0.9449302559096988,0.0,0.05732214723969542,0.0,0.24503456065312235,0.0
12.572000000000001,0.945045392327646,0.0,0.05781529500404142,0.0,0.2481074493545834,0.0
12.574,0.9451615211638579,0.0,0.05831455397304841,0.0,0.25114574200250717,0.0
12.576,0.9452786545714591,0.0,0.05881985481518209,0.0,0.25414929938661723,0.0
12.578,0.9453968045646346,0.0,0.0593311279217788,0.0,0.2571179835914197,0.0
12.58,0.9455159830180735,0.0,0.05984830340965436,0.0,0.26005165800108054,0.0
12.582,0.9456362016664301,0.0,0.060371311123682714,0.0,0.2629501873041391,0.0
12.584,0.9457574721037756,0.0,0.060900080639434806,0.0,0.26581343749831143,0.0
12.586,0.945879805783067,0.0,0.06143454126578424,0.0,0.26864127589515685,0.0
12.588000000000001,0.946003214015615,0.0,0.06197462204754145,0.0,0.2714335711247273,0.0
12.59,0.9461277079705556,0.0,0.06252025176810988,0.0,0.27419019314020643,0.0
12.592,0.9462532986743356,0.0,0.06307135895211613,0.0,0.27691101322244704,0.0
12.594,0.9463799970101912,0.0,0.06362787186808877,0.0,0.27959590398451195,0.0
12.596,0.9465078137176441,0.0,0.06418971853111144,0.0,0.2822447393761387,0.0
12.598,0.9466367593919949,0.0,0.06475682670551242,0.0,0.28485739468818383,0.0
12.6,0.9467668444838231,0.0,0.0653291239075412,0.0,0.2874337465569963,0.0
12.602,0.9468980792984961,0.0,0.06590653740807123,0.0,0.2899736729687794,0.0
12.604000000000001,0.9470304739956789,0.0,0.06648899423530863,0.0,0.2924770532638883,0.0
12.606,0.9471640385888529,0.0,0.06707642117748347,0.0,0.2949437681410556,0.0
12.608,0.9472987829448382,0.0,0.06766874478560325,0.0,0.2973736996616536,0.0
12.61,0.9474347167833217,0.0,0.06826589137614991,0.0,0.29976673125379705,0.0
12.612,0.9475718496763926,0.0,0.06886778703383384,0.0,0.3021227477165034,0.0
12.614,0.9477101910480776,0.0,0.06947435761434806,0.0,0.304441635223758,0.0
12.616,0.94784975017389,0.0,0.07008552874709537,0.0,0.306723281328515,0.0
12.618,0.9479905361803764,0.0,0.07070122583798591,0.0,0.30896757496672667,0.0
12.620000000000001,0.9481325580446752,0.0,0.07132137407217098,0.0,0.3111744064612232,0.0
12.622,0.948275824594077,0.0,0.07194589841684532,0.0,0.31334366752564,0.0
12.624,0.9484203445055892,0.0,0.07257472362402692,0.0,0.31547525126825016,0.0
12.626,0.948566126305512,0.0,0.07320777423334451,0.0,0.3175690521957528,0.0
12.628,0.9487131783690147,0.0,0.07384497457484382,0.0,0.3196249662170332,0.0
12.63,0.9488615089197198,0.0,0.07448624877178728,0.0,0.3216428906468507,0.0
12.632,0.9490111260292897,0.0,0.07513152074348722,0.0,0.3236227242095182,0.0
12.634,0.9491620376170269,0.0,0.07578071420810634,0.0,0.32556436704248815,0.0
12.636000000000001,0.9493142514494687,0.0,0.0764337526855089,0.0,0.3274677206999357,0.0
12.638,0.9494677751399977,0.0,0.07709055950007632,0.0,0.32933268815624883,0.0
12.64,0.9496226161484524,0.0,0.07775105778356525,0.0,0.33115917380951876,0.0
12.642,0.9497787817807435,0.0,0.07841517047796281,0.0,0.33294708348495616,0.0
12.644,0.9499362791884793,0.0,0.07908282033832406,0.0,0.33469632443825303,0.0
12.646,0.9500951153685924,0.0,0.07975392993566205,0.0,0.33640680535892464,0.0
12.648,0.9502552971629767,0.0,0.08042842165979291,0.0,0.3380784363735676,0.0
12.65,0.9504168312581278,0.0,0.08110621772223031,0.0,0.3397111290491084,0.0
12.652000000000001,0.950579724184786,0.0,0.08178724015906988,0.0,0.34130479639598166,0.0
12.654,0.9507439823175925,0.0,0.08247141083386847,0.0,0.34285935287125624,0.0
12.656,0.9509096118747458,0.0,0.08315865144054874,0.0,0.3443747143817293,0.0
12.658,0.9510766189176646,0.0,0.08384888350629174,0.0,0.34585079828695364,0.0
12.66,0.9512450093506564,0.0,0.08454202839446975,0.0,0.3472875234022541,0.0
12.662,0.9514147889205963,0.0,0.0852380073075246,0.0,0.3486848100016293,0.0
12.664,0.9515859632166029,0.0,0.0859367412899224,0.0,0.35004257982068077,0.0
12.666,0.9517585376697315,0.0,0.08663815123105714,0.0,0.3513607560594356,0.0
12.668000000000001,0.9519325175526615,0.0,0.0873421578681853,0.0,0.3526392633851445,0.0
12.67,0.9521079079793968,0.0,0.08804868178938008,0.0,0.35387802793504153,0.0
12.672,0.9522847139049729,0.0,0.08875764343644757,0.0,0.355076977319025,0.0
12.674,0.9524629401251622,0.0,0.0894689631079017,0.0,0.3562360406223213,0.0
12.676,0.952642591276196,0.0,0.09018256096189115,0.0,0.3573551484080699,0.0
12.678,0.9528236718344818,0.0,0.09089835701918497,0.0,0.3584342327198915,0.0
12.68,0.9530061861163349,0.0,0.09161627116610876,0.0,0.35947322708437013,0.0
12.682,0.9531901382777117,0.0,0.09233622315753329,0.0,0.3604720665135217,0.0
12.684000000000001,0.9533755323139483,0.0,0.09305813261984175,0.0,0.3614306875071902,0.0
12.686,0.9535623720595083,0.0,0.09378191905389735,0.0,0.36234902805539426,0.0
12.688,0.9537506611877333,0.0,0.09450750183805362,0.0,0.36322702764065284,0.0
12.69,0.953940403210602,0.0,0.09523480023110564,0.0,0.36406462724021127,0.0
12.692,0.9541316014784944,0.0,0.09596373337530564,0.0,0.364861769328263,0.0
12.694,0.9543242591799594,0.0,0.0966942202993602,0.0,0.3656183978781069,0.0
12.696,0.9545183793414931,0.0,0.09742617992140767,0.0,0.36633445836423495,0.0
12.698,0.9547139648273197,0.0,0.09815953105205849,0.0,0.3670098977644114,0.0
12.700000000000001,0.9549110183391802,0.0,0.09889419239736302,0.0,0.3676446645616531,0.0
12.702,0.9551095424161244,0.0,0.099630082561862,0.0,0.36823870874620424,0.0
12.704,0.9553095394343133,0.0,0.10036712005157088,0.0,0.36879198181742745,0.0
12.706,0.9555110116068231,0.0,0.10110522327702781,0.0,0.3693044367856704,0.0
12.708,0.9557139609834591,0.0,0.10184431055629611,0.0,0.3697760281740603,0.0
12.71,0.9559183894505716,0.0,0.10258430011799781,0.0,0.37020671202026056,0.0
12.712,0.9561242987308822,0.0,0.10332511010435204,0.0,0.3705964458781792,0.0
12.714,0.9563316903833132,0.0,0.10406665857419796,0.0,0.370945188819616,0.0
12.716000000000001,0.9565405658028224,0.0,0.10480886350604689,0.0,0.3712529014358752,0.0
12.718,0.9567509262202478,0.0,0.10555164280110184,0.0,0.3715195458393028,0.0
12.72,0.9569627727021552,0.0,0.10629491428631713,0.0,0.3717450856648006,0.0
12.722,0.9571761061506918,0.0,0.10703859571744662,0.0,0.37192948607127585,0.0
12.724,0.9573909273034489,0.0,0.1077826047820773,0.0,0.37207271374303574,0.0
12.726,0.9576072367333259,0.0,0.10852685910270267,0.0,0.3721747368911452,0.0
12.728,0.9578250348484052,0.0,0.10927127623975426,0.0,0.3722355252547176,0.0
12.73,0.9580443218918314,0.0,0.11001577369467554,0.0,0.37225505010216864,0.0
12.732000000000001,0.9582650979416941,0.0,0.11076026891298,0.0,0.3722332842324134,0.0
12.734,0.9584873629109216,0.0,0.11150467928731171,0.0,0.3721702019760127,0.0
12.736,0.9587111165471772,0.0,0.11224892216050389,0.0,0.3720657791962647,0.0
12.738,0.9589363584327614,0.0,0.1129929148286444,0.0,0.3719199932902517,0.0
12.74,0.9591630879845237,0.0,0.11373657454416905,0.0,0.3717328231898409,0.0
12.742,0.9593913044537783,0.0,0.11447981851888744,0.0,0.3715042493626095,0.0
12.744,0.9596210069262223,0.0,0.11522256392710198,0.0,0.37123425381275776,0.0
12.746,0.9598521943218692,0.0,0.1159647279086527,0.0,0.37092282008193145,0.0
12.748000000000001,0.9600848653949791,0.0,0.11670622757199509,0.0,0.37056993325001963,0.0
12.75,0.9603190187339992,0.0,0.1174469799972963,0.0,0.3701755799358948,0.0
12.752,0.9605546527615131,0.0,0.118186902239487,0.0,0.36973974829808953,0.0
12.754,0.9607917657341909,0.0,0.11892591133136954,0.0,0.3692624280354444,0.0
12.756,0.961030355742748,0.0,0.11966392428667437,0.0,0.3687436103876818,0.0
12.758000000000001,0.961270420711912,0.0,0.12040085810315032,0.0,0.36818328813594525,0.0
12.76,0.9615119584003915,0.0,0.1211366297656616,0.0,0.3675814556032817,0.0
12.762,0.9617549664008557,0.0,0.12187115624925049,0.0,0.36693810865506515,0.0
12.764000000000001,0.9619994421399153,0.0,0.12260435452224286,0.0,0.3662532446993849,0.0
12.766,0.9622453828781139,0.0,0.12333614154930875,0.0,0.3655268626873669,0.0
12.768,0.9624927857099241,0.0,0.12406643429458479,0.0,0.3647589631134529,0.0
12.77,0.9627416475637481,0.0,0.12479514972471671,0.0,0.36394954801562407,0.0
12.772,0.9629919652019274,0.0,0.12552220481198317,0.0,0.36309862097557444,0.0
12.774000000000001,0.9632437352207549,0.0,0.12624751653737384,0.0,0.36220618711883823,0.0
12.776,0.9634969540504973,0.0,0.12697100189365862,0.0,0.3612722531148562,0.0
12.778,0.9637516179554217,0.0,0.12769257788850896,0.0,0.36029682717699285,0.0
12.780000000000001,0.9640077230338271,0.0,0.12841216154754725,0.0,0.3592799190625122,0.0
12.782,0.9642652652180852,0.0,0.1291296699174727,0.0,0.35822154007248974,0.0
12.784,0.9645242402746843,0.0,0.12984502006911494,0.0,0.3571217030516758,0.0
12.786,0.9647846438042806,0.0,0.13055812910054845,0.0,0.3559804223883163,0.0
12.788,0.9650464712417578,0.0,0.13126891414016226,0.0,0.3547977140139076,0.0
12.790000000000001,0.9653097178562875,0.0,0.1319772923497457,0.0,0.3535735954029158,0.0
12.792,0.9655743787514015,0.0,0.13268318092759257,0.0,0.3523080855724323,0.0
12.794,0.9658404488650678,0.0,0.13338649711156025,0.0,0.351001205081779,0.0
12.796000000000001,0.9661079229697711,0.0,0.13408715818218175,0.0,0.34965297603207457,0.0
12.798,0.9663767956726034,0.0,0.13478508146571438,0.0,0.3482634220657319,0.0
12.8,0.9666470614153579,0.0,0.13548018433725317,0.0,0.3468325683659159,0.0
12.802,0.9669187144746281,0.0,0.136172384223803,0.0,0.34536044165594926,0.0
12.804,0.9671917489619165,0.0,0.1368615986073438,0.0,0.3438470701986589,0.0
12.806000000000001,0.9674661588237479,0.0,0.1375477450279332,0.0,0.3422924837956809,0.0
12.808,0.9677419378417857,0.0,0.1382307410867574,0.0,0.3406967137867123,0.0
12.81,0.9680190796329622,0.0,0.13891050444922493,0.0,0.33905979304870026,0.0
12.812,0.9682975776496054,0.0,0.13958695284804018,0.0,0.3373817559949983,0.0
12.814,0.9685774251795788,0.0,0.14026000408625794,0.0,0.33566263857445566,0.0
12.816,0.9688586153464261,0.0,0.14092957604038103,0.0,0.3339024782704667,0.0
12.818,0.9691411411095179,0.0,0.141595586663394,0.0,0.33210131409996535,0.0
12.82,0.9694249952642122,0.0,0.142257953987868,0.0,0.3302591866123554,0.0
12.822000000000001,0.9697101704420122,0.0,0.14291659612898538,0.0,0.32837613788842246,0.0
12.824,0.9699966591107376,0.0,0.14357143128763583,0.0,0.3264522115391557,0.0
12.826,0.9702844535746986,0.0,0.1442223777534557,0.0,0.3244874527045458,0.0
12.828,0.9705735459748751,0.0,0.14486935390787425,0.0,0.3224819080523249,0.0
12.83,0.9708639282891045,0.0,0.14551227822721471,0.0,0.32043562577664564,0.0
12.832,0.9711555923322744,0.0,0.14615106928567986,0.0,0.3183486555967292,0.0
12.834,0.971448529756521,0.0,0.14678564575845862,0.0,0.31622104875544244,0.0
12.836,0.9717427320514351,0.0,0.14741592642473927,0.0,0.31405285801783234,0.0
12.838000000000001,0.9720381905442711,0.0,0.14804183017075598,0.0,0.31184413766962105,0.0
12.84,0.9723348964001663,0.0,0.14866327599284615,0.0,0.30959494351562644,0.0
12.842,0.9726328406223633,0.0,0.14928018300046086,0.0,0.3073053328781499,0.0
12.844,0.9729320140524395,0.0,0.1498924704192266,0.0,0.3049753645953108,0.0
12.846,0.9732324073705413,0.0,0.15050005759394566,0.0,0.302605099019325,0.0
12.848,0.973534011095628,0.0,0.1511028639916514,0.0,0.3001945980147358,0.0
12.85,0.9738368155857153,0.0,0.15170080920460438,0.0,0.2977439249566036,0.0
12.852,0.9741408110381339,0.0,0.1522938129533295,0.0,0.29525314472861974,0.0
12.854000000000001,0.9744459874897842,0.0,0.1528817950896348,0.0,0.2927223237211982,0.0
12.856,0.974752334817405,0.0,0.15346467559959287,0.0,0.29015152982951053,0.0
12.858,0.9750598427378443,0.0,0.15404237460659448,0.0,0.2875408324514399,0.0
12.86,0.9753685008083353,0.0,0.15461481237430913,0.0,0.28489030248554803,0.0
12.862,0.9756782984267831,0.0,0.15518190930970802,0.0,0.28220001232892145,0.0
12.864,0.9759892248320513,0.0,0.15574358596605625,0.0,0.2794700358750193,0.0
12.866,0.9763012691042596,0.0,0.1562997630459011,0.0,0.27670044851144615,0.0
12.868,0.9766144201650842,0.0,0.156850361404052,0.0,0.2738913271176786,0.0
12.870000000000001,0.976928666778065,0.0,0.1573953020505648,0.0,0.27104275006275946,0.0
12.872,0.9772439975489203,0.0,0.15793450615373184,0.0,0.26815479720290814,0.0
12.874,0.9775604009258666,0.0,0.15846789504303266,0.0,0.26522754987911146,0.0
12.876,0.9778778651999419,0.0,0.15899539021212095,0.0,0.2622610909146541,0.0
12.878,0.9781963785053384,0.0,0.15951691332176898,0.0,0.2592555046125944,0.0
12.88,0.9785159288197396,0.0,0.1600323862028329,0.0,0.2562108767532105,0.0
12.882,0.9788365039646627,0.0,0.16054173085921342,0.0,0.2531272945913634,0.0
12.884,0.979158091605809,0.0,0.16104486947078345,0.0,0.2500048468538405,0.0
12.886000000000001,0.9794806792534181,0.0,0.16154172439634534,0.0,0.24684362373663538,0.0
12.888,0.9798042542626267,0.0,0.1620322181765549,0.0,0.24364371690219677,0.0
12.89,0.9801288038338397,0.0,0.16251627353685935,0.0,0.24040521947659177,0.0
12.892,0.980454315013099,0.0,0.1629938133904253,0.0,0.2371282260466574,0.0
12.894,0.980780774692462,0.0,0.16346476084103986,0.0,0.2338128326570863,0.0
12.896,0.9811081696103886,0.0,0.16392903918604806,0.0,0.23045913680746066,0.0
12.898,0.981436486352127,0.0,0.16438657191923028,0.0,0.2270672374492635,0.0
12.9,0.9817657113501148,0.0,0.16483728273373924,0.0,0.22363723498277643,0.0
12.902000000000001,0.9820958308843755,0.0,0.1652810955249545,0.0,0.22016923125403043,0.0
12.904,0.9824268310829284,0.0,0.16571793439340693,0.0,0.2166633295516074,0.0
12.906,0.9827586979222016,0.0,0.16614772364763414,0.0,0.21311963460344985,0.0
12.908,0.9830914172274505,0.0,0.16657038780706626,0.0,0.2095382525736318,0.0
12.91,0.983424974673184,0.0,0.1669858516049063,0.0,0.2059192910590093,0.0
12.912,0.9837593557835909,0.0,0.1673940399909672,0.0,0.20226285908593544,0.0
12.914,0.9840945459329811,0.0,0.16779487813454624,0.0,0.19856906710681677,0.0
12.916,0.9844305303462239,0.0,0.16818829142727781,0.0,0.19483802699668895,0.0
12.918000000000001,0.984767294099196,0.0,0.16857420548594587,0.0,0.19106985204973848,0.0
12.92,0.9851048221192363,0.0,0.16895254615536004,0.0,0.18726465697574124,0.0
12.922,0.9854430991856031,0.0,0.16932323951114675,0.0,0.18342255789649098,0.0
12.924,0.985782109929939,0.0,0.16968621186259658,0.0,0.17954367234216706,0.0
12.926,0.986121838836742,0.0,0.17004138975545602,0.0,0.17562811924765098,0.0
12.928,0.9864622702438401,0.0,0.17038869997475314,0.0,0.17167601894879758,0.0
12.93,0.9868033883428718,0.0,0.17072806954757577,0.0,0.16768749317867893,0.0
12.932,0.9871451771797753,0.0,0.17105942574587318,0.0,0.16366266506373672,0.0
12.934000000000001,0.9874876206552797,0.0,0.1713826960892464,0.0,0.15960165911992874,0.0
12.936,0.9878307025254031,0.0,0.17169780834770254,0.0,0.15550460124883458,0.0
12.938,0.9881744064019573,0.0,0.17200469054444775,0.0,0.15137161873364202,0.0
12.94,0.9885187157530536,0.0,0.17230327095861991,0.0,0.14720284023521035,0.0
12.942,0.9888636139036222,0.0,0.17259347812805972,0.0,0.14299839578796147,0.0
12.944,0.9892090840359294,0.0,0.1728752408520434,0.0,0.13875841679580825,0.0
12.946,0.9895551091901031,0.0,0.1731484881940284,0.0,0.13448303602800338,0.0
12.948,0.9899016722646655,0.0,0.17341314948436468,0.0,0.13017238761494498,0.0
12.950000000000001,0.990248756017067,0.0,0.17366915432301938,0.0,0.1258266070439602,0.0
12.952,0.9905963430642315,0.0,0.17391643258229716,0.0,0.12144583115499374,0.0
12.954,0.9909444158831017,0.0,0.17415491440952152,0.0,0.11703019813630022,0.0
12.956,0.9912929568111922,0.0,0.174384530229747,0.0,0.11257984752006878,0.0
12.958,0.9916419480471472,0.0,0.17460521074842456,0.0,0.10809492017799815,0.0
12.96,0.9919913716513045,0.0,0.17481688695408326,0.0,0.10357555831685716,0.0
12.962,0.9923412095462644,0.0,0.17501949012100654,0.0,0.0990219054739454,0.0
12.964,0.9926914435174642,0.0,0.17521295181186922,0.0,0.09443410651256157,0.0
12.966000000000001,0.9930420552137575,0.0,0.1753972038804049,0.0,0.08981230761739845,0.0
12.968,0.9933930261479966,0.0,0.17557217847402434,0.0,0.08515665628992286,0.0
12.97,0.9937443376976256,0.0,0.17573780803645717,0.0,0.08046730134365676,0.0
12.972,0.9940959711052763,0.0,0.1758940253103701,0.0,0.07574439289947055,0.0
12.974,0.9944479074793642,0.0,0.176040763339976,0.0,0.07098808238080712,0.0
12.976,0.9948001277946991,0.0,0.1761779554736311,0.0,0.06619852250885461,0.0
12.978,0.9951526128930909,0.0,0.17630553536642196,0.0,0.0613758672977196,0.0
12.98,0.9955053434839733,0.0,0.17642343698276733,0.0,0.0565202720494542,0.0
12.982000000000001,0.9958583001450153,0.0,0.1765315945989565,0.0,0.05163189334919527,0.0
12.984,0.9962114633227556,0.0,0.1766299428057427,0.0,0.04671088906010623,0.0
12.986,0.9965648133332307,0.0,0.17671841651086986,0.0,0.04175741831836777,0.0
12.988,0.9969183303626086,0.0,0.17679695094162112,0.0,0.03677164152812673,0.0
12.99,0.9972719944678394,0.0,0.17686548164736532,0.0,0.03175372035630719,0.0
12.992,0.9976257855772905,0.0,0.17692394450204696,0.0,0.02670381772753938,0.0
12.994,0.9979796834914071,0.0,0.17697227570672738,0.0,0.021622097818883246,0.0
12.996,0.9983336678833645,0.0,0.17701041179206062,0.0,0.01650872605460929,0.0
12.998000000000001,0.9986877182997299,0.0,0.1770382896207931,0.0,0.011363869100929902,0.0
13.0,0.9990418141611337,0.0,0.17705584639024455,0.0,0.006187694860628978,0.0
13.002,0.9993959347629334,0.0,0.17706301963477292,0.0,0.0009803724677177605,0.0
13.004,0.9997500592758972,0.0,0.1770597472282274,0.0,-0.004257927717985499,0.0
13.006,1.0001041667468815,0.0,0.17704596738639755,0.0,-0.009527034116311395,0.0
13.008000000000001,1.000458236099519,0.0,0.17702161866945654,0.0,-0.01482677393223919,0.0
13.01,1.0008122461349067,0.0,0.17698663998436912,0.0,-0.02015697316140974,0.0
13.012,1.001166175532307,0.0,0.17694097058731373,0.0,-0.025517456595741006,0.0
13.014000000000001,1.0015200028498459,0.0,0.17688455008609327,0.0,-0.03090804782902823,0.0
13.016,1.0018737065252148,0.0,0.17681731844250312,0.0,-0.036328569262572996,0.0
13.018,1.0022272648763915,0.0,0.1767392159747389,0.0,-0.04177884211096017,0.0
13.02,1.0025806561023416,0.0,0.176650183359737,0.0,-0.04725868640769937,0.0
13.022,1.0029338582837493,0.0,0.176550161635544,0.0,-0.05276792101107808,0.0
13.024000000000001,1.0032868493837377,0.0,0.1764390922036694,0.0,-0.05830636360995767,0.0
13.026,1.003639607248595,0.0,0.17631691683139666,0.0,-0.06387383072959718,0.0
13.028,1.003992109608518,0.0,0.17618357765413412,0.0,-0.06947013773763522,0.0
13.030000000000001,1.0043443340783376,0.0,0.17603901717768636,0.0,-0.07509509884992083,0.0
13.032,1.0046962581582728,0.0,0.17588317828059163,0.0,-0.08074852713657332,0.0
13.034,1.005047859234673,0.0,0.17571600421637712,0.0,-0.0864302345279575,0.0
13.036,1.005399114580772,0.0,0.17553743861585344,0.0,-0.09214003182074615,0.0
13.038,1.0057500013574447,0.0,0.17534742548935822,0.0,-0.0978777286840169,0.0
13.040000000000001,1.0061004966139655,0.0,0.17514590922901344,0.0,-0.10364313366535383,0.0
13.042,1.00645057728878,0.0,0.1749328346109707,0.0,-0.10943605419706004,0.0
13.044,1.00680022021027,0.0,0.17470814679761715,0.0,-0.11525629660233161,0.0
13.046000000000001,1.0071494020975322,0.0,0.17447179133980725,0.0,-0.12110366610151857,0.0
13.048,1.0074980995611529,0.0,0.17422371417904425,0.0,-0.1269779668183726,0.0
13.05,1.007846289103994,0.0,0.17396386164967517,0.0,-0.132879001786411,0.0
13.052,1.0081939471219827,0.0,0.17369218048107307,0.0,-0.13880657295524212,0.0
13.054,1.0085410499049003,0.0,0.17340861779978062,0.0,-0.14476048119696405,0.0
13.056000000000001,1.0088875736371823,0.0,0.17311312113168065,0.0,-0.1507405263126007,0.0
13.058,1.0092334943987118,0.0,0.17280563840409957,0.0,-0.15674650703852588,0.0
13.06,1.009578788165637,0.0,0.17248611794797702,0.0,-0.16277822105305328,0.0
13.062,1.0099234308111673,0.0,0.1721545084999245,0.0,-0.16883546498286006,0.0
13.064,1.0102673981063952,0.0,0.17181075920435673,0.0,-0.17491803440964748,0.0
13.066,1.0106106657211136,0.0,0.1714548196155689,0.0,-0.18102572387671878,0.0
13.068,1.01095320922463,0.0,0.1710866396997915,0.0,-0.18715832689558742,0.0
13.07,1.0112950040866053,0.0,0.1707061698372706,0.0,-0.19331563595274726,0.0
13.072000000000001,1.0116360256778698,0.0,0.1703133608242865,0.0,-0.19949744251626989,0.0
13.074,1.011976249271269,0.0,0.16990816387520769,0.0,-0.20570353704264588,0.0
13.076,1.0123156500424944,0.0,0.16949053062448644,0.0,-0.2119337089835298,0.0
13.078,1.012654203070927,0.0,0.16906041312867176,0.0,-0.2181877467925295,0.0
13.08,1.0129918833404894,0.0,0.16861776386840632,0.0,-0.22446543793214357,0.0
13.082,1.013328665740486,0.0,0.1681625357503816,0.0,-0.23076656888053249,0.0
13.084,1.0136645250664662,0.0,0.1676946821093227,0.0,-0.23709092513853003,0.0
13.086,1.0139994360210751,0.0,0.1672141567099148,0.0,-0.24343829123654737,0.0
13.088000000000001,1.0143333732149222,0.0,0.1667209137487521,0.0,-0.24980845074158142,0.0
13.09,1.01466631116744,0.0,0.16621490785625054,0.0,-0.25620118626419597,0.0
13.092,1.0149982243077602,0.0,0.16569609409855407,0.0,-0.26261627946562194,0.0
13.094,1.0153290869755836,0.0,0.16516442797943515,0.0,-0.26905351106481024,0.0
13.096,1.0156588734220553,0.0,0.1646198654421523,0.0,-0.2755126608455498,0.0
13.098,1.015987557810653,0.0,0.1640623628713394,0.0,-0.2819935076636312,0.0
13.1,1.0163151142180615,0.0,0.16349187709483148,0.0,-0.28849582945398455,0.0
13.102,1.016641516635067,0.0,0.1629083653855074,0.0,-0.29501940323794396,0.0
13.104000000000001,1.0169667389674517,0.0,0.16231178546311992,0.0,-0.30156400513046655,0.0
13.106,1.0172907550368793,0.0,0.16170209549608183,0.0,-0.3081294103473676,0.0
13.108,1.0176135385818081,0.0,0.16107925410327756,0.0,-0.31471539321272135,0.0
13.11,1.017935063258379,0.0,0.16044322035581943,0.0,-0.3213217271660648,0.0
13.112,1.018255302641335,0.0,0.15979395377882677,0.0,-0.3279481847699034,0.0
13.114,1.018574230224919,0.0,0.15913141435315986,0.0,-0.334594537716974,0.0
13.116,1.0188918194237966,0.0,0.15845556251715648,0.0,-0.341260556837766,0.0
13.118,1.0192080435739694,0.0,0.1577663591683584,0.0,-0.3479460121079444,0.0
13.120000000000001,1.0195228759336907,0.0,0.15706376566518898,0.0,-0.3546506726558012,0.0
13.122,1.0198362896843975,0.0,0.15634774382867245,0.0,-0.36137430676982996,0.0
13.124,1.0201482579316292,0.0,0.15561825594407547,0.0,-0.3681166819062257,0.0
13.126,1.020458753705965,0.0,0.1548752647625926,0.0,-0.3748775646964708,0.0
13.128,1.0207677499639514,0.0,0.15411873350296157,0.0,-0.38165672095493874,0.0
13.13,1.0210752195890398,0.0,0.15334862585310544,0.0,-0.3884539156864889,0.0
13.132,1.0213811353925315,0.0,0.15256490597174632,0.0,-0.39526891309417733,0.0
13.134,1.0216854701145153,0.0,0.15176753848998698,0.0,-0.40210147658690043,0.0
13.136000000000001,1.0219881964248176,0.0,0.15095648851290877,0.0,-0.40895136878712945,0.0
13.138,1.0222892869239464,0.0,0.15013172162112048,0.0,-0.41581835153859925,0.0
13.14,1.0225887141440535,0.0,0.14929320387232137,0.0,-0.42270218591417474,0.0
13.142,1.0228864505498785,0.0,0.14844090180282576,0.0,-0.42960263222351747,0.0
13.144,1.0231824685397173,0.0,0.1475747824290844,0.0,-0.4365194500210021,0.0
13.146,1.0234767404463807,0.0,0.14669481324919648,0.0,-0.4434523981135281,0.0
13.148,1.0237692385381534,0.0,0.14580096224437472,0.0,-0.4504012345683476,0.0
13.15,1.0240599350197745,0.0,0.14489319788044175,0.0,-0.45736571672107185,0.0
13.152000000000001,1.0243488020333928,0.0,0.14397148910926622,0.0,-0.4643456011834566,0.0
13.154,1.024635811659555,0.0,0.14303580537022098,0.0,-0.47134064385145813,0.0
13.156,1.024920935918171,0.0,0.14208611659158443,0.0,-0.47835059991316053,0.0
13.158,1.0252041467694963,0.0,0.14112239319196512,0.0,-0.4853752238567427,0.0
13.16,1.0254854161151201,0.0,0.14014460608168922,0.0,-0.49241426947859857,0.0
13.162,1.0257647157989402,0.0,0.13915272666417333,0.0,-0.49946748989125356,0.0
13.164,1.0260420176081595,0.0,0.1381467268372909,0.0,-0.5065346375315379,0.0
13.166,1.0263172932742677,0.0,0.13712657899470126,0.0,-0.5136154641686295,0.0
13.168000000000001,1.0265905144740441,0.0,0.1360922560271966,0.0,-0.5207097209121944,0.0
13.17,1.0268616528305423,0.0,0.13504373132399616,0.0,-0.5278171582204865,0.0
13.172,1.0271306799140976,0.0,0.1339809787740488,0.0,-0.5349375259085668,0.0
13.174,1.0273975672433227,0.0,0.13290397276730814,0.0,-0.5420705731564509,0.0
13.176,1.0276622862861122,0.0,0.13181268819600067,0.0,-0.54921604851733,0.0
13.178,1.0279248084606503,0.0,0.13070710045586126,0.0,-0.5563736999258053,0.0
13.18,1.028185105136413,0.0,0.12958718544737058,0.0,-0.5635432747061055,0.0
13.182,1.0284431476351865,0.0,0.12845291957696026,0.0,-0.5707245195804145,0.0
13.184000000000001,1.0286989072320778,0.0,0.12730427975821978,0.0,-0.5779171806771416,0.0
13.186,1.0289523551565238,0.0,0.1261412434130622,0.0,-0.585121003539195,0.0
13.188,1.0292034625933213,0.0,0.12496378847289558,0.0,-0.5923357331324265,0.0
13.19,1.029452200683636,0.0,0.1237718933797688,0.0,-0.5995611138538531,0.0
13.192,1.0296985405260295,0.0,0.12256553708749135,0.0,-0.6067968895401384,0.0
13.194,1.0299424531774852,0.0,0.12134469906276035,0.0,-0.6140428034759464,0.0
13.196,1.0301839096544338,0.0,0.12010935928624811,0.0,-0.6212985984023652,0.0
13.198,1.030422880933782,0.0,0.11885949825367581,0.0,-0.628564016525352,0.0
13.200000000000001,1.0306593379539415,0.0,0.11759509697688542,0.0,-0.6358387995241527,0.0
13.202,1.0308932516158678,0.0,0.1163161369848768,0.0,-0.6431226885598316,0.0
13.204,1.0311245927840909,0.0,0.11502260032484302,0.0,-0.6504154242837307,0.0
13.206,1.0313533322877542,0.0,0.11371446956317355,0.0,-0.6577167468459852,0.0
13.208,1.0315794409216557,0.0,0.1123917277864519,0.0,-0.6650263959040656,0.0
13.21,1.0318028894472837,0.0,0.11105435860243262,0.0,-0.6723441106312863,0.0
13.212,1.032023648593869,0.0,0.10970234614100532,0.0,-0.6796696297254304,0.0
13.214,1.0322416890594197,0.0,0.10833567505512254,0.0,-0.6870026914172866,0.0
13.216000000000001,1.032456981511779,0.0,0.10695433052174397,0.0,-0.6943430334792771,0.0
13.218,1.0326694965896641,0.0,0.10555829824273327,0.0,-0.7016903932340156,0.0
13.22,1.0328792049037263,0.0,0.10414756444574902,0.0,-0.7090445075630537,0.0
13.222,1.0330860770375934,0.0,0.10272211588512348,0.0,-0.7164051129153883,0.0
13.224,1.0332900835489331,0.0,0.10128193984271205,0.0,-0.7237719453162332,0.0
13.226,1.033491194970505,0.0,0.09982702412874245,0.0,-0.731144740375665,0.0
13.228,1.0336893818112147,0.0,0.09835735708262616,0.0,-0.7385232332972718,0.0
13.23,1.033884614557182,0.0,0.09687292757376631,0.0,-0.7459071588869761,0.0
13.232000000000001,1.0340768636727902,0.0,0.09537372500234714,0.0,-0.7532962515616202,0.0
13.234,1.0342660996017587,0.0,0.09385973930009883,0.0,-0.7606902453578128,0.0
13.236,1.0344522927682018,0.0,0.09233096093105075,0.0,-0.7680888739406452,0.0
13.238,1.034635413577691,0.0,0.09078738089226945,0.0,-0.7754918706124173,0.0
13.24,1.034815432418333,0.0,0.0892289907145688,0.0,-0.782898968321529,0.0
13.242,1.0349923196618218,0.0,0.0876557824632141,0.0,-0.7903098996711334,0.0
13.244,1.0351660456645242,0.0,0.08606774873860507,0.0,-0.797724396928057,0.0
13.246,1.0353365807685388,0.0,0.08446488267692986,0.0,-0.8051421920315627,0.0
13.248000000000001,1.0355038953027773,0.0,0.08284717795082558,0.0,-0.8125630166022133,0.0
13.25,1.035667959584028,0.0,0.08121462876999641,0.0,-0.8199866019506654,0.0
13.252,1.0358287439180398,0.0,0.07956722988182446,0.0,-0.8274126790865903,0.0
13.254,1.0359862186005955,0.0,0.0779049765719741,0.0,-0.8348409787275074,0.0
13.256,1.036140353918584,0.0,0.07622786466494924,0.0,-0.8422712313076615,0.0
13.258000000000001,1.0362911201510885,0.0,0.07453589052467197,0.0,-0.8497031669869379,0.0
13.26,1.036438487570452,0.0,0.0728290510550006,0.0,-0.8571365156597085,0.0
13.262,1.0365824264433725,0.0,0.07110734370027305,0.0,-0.8645710069638195,0.0
13.264000000000001,1.0367229070319752,0.0,0.06937076644579276,0.0,-0.8720063702894689,0.0
13.266,1.0368598995948948,0.0,0.06761931781832853,0.0,-0.8794423347881073,0.0
13.268,1.0369933743883668,0.0,0.06585299688657276,0.0,-0.8868786293814875,0.0
13.27,1.0371233016673012,0.0,0.06407180326160133,0.0,-0.8943149827704733,0.0
13.272,1.0372496516863743,0.0,0.06227573709729628,0.0,-0.9017511234441089,0.0
13.274000000000001,1.0373723947011153,0.0,0.06046479909077096,0.0,-0.909186779688542,0.0
13.276,1.037491500968991,0.0,0.05863899048276311,0.0,-0.9166216795960083,0.0
13.278,1.037606940750491,0.0,0.05679831305800398,0.0,-0.9240555510738215,0.0
13.280000000000001,1.0377186843102186,0.0,0.05494276914559393,0.0,-0.9314881218533326,0.0
13.282,1.0378267019179848,0.0,0.05307236161934281,0.0,-0.9389191194989935,0.0
13.284,1.037930963849887,0.0,0.05118709389807996,0.0,-0.9463482714173121,0.0
13.286,1.0380314403894104,0.0,0.04928696994598336,0.0,-0.9537753048658917,0.0
13.288,1.0381281018285122,0.0,0.04737199427284855,0.0,-0.9611999469624519,0.0
13.290000000000001,1.0382209184687134,0.0,0.04544217193437461,0.0,-0.9686219246938224,0.0
13.292,1.0383098606221959,0.0,0.04349750853240675,0.0,-0.9760409649250341,0.0
13.294,1.0383948986128873,0.0,0.04153801021517134,0.0,-0.983456794408319,0.0
13.296000000000001,1.0384760027775641,0.0,0.039563683677502404,0.0,-0.9908691397921817,0.0
13.298,1.038553143466932,0.0,0.037574536161031014,0.0,-0.9982777276303894,0.0
13.3,1.0386262910467352,0.0,0.03557057545436404,0.0,-1.0056822843911477,0.0
13.302,1.0386954158988357,0.0,0.03355180989325657,0.0,-1.0130825364660137,0.0
13.304,1.0387604884223152,0.0,0.031518248360740464,0.0,-1.0204782101790726,0.0
13.306000000000001,1.0388214790345727,0.0,0.029469900287268036,0.0,-1.0278690317959709,0.0
13.308,1.0388783581724095,0.0,0.027406775650808735,0.0,-1.035254727532942,0.0
13.31,1.038931096293138,0.0,0.02532888497693797,0.0,-1.0426350235659982,0.0
13.312000000000001,1.0389796638756623,0.0,0.023236239338915277,0.0,-1.0500096460398631,0.0
13.314,1.0390240314215855,0.0,0.021128850357735818,0.0,-1.057378321077174,0.0
13.316,1.0390641694562988,0.0,0.01900673020215793,0.0,-1.0647407747875142,0.0
13.318,1.0391000485300765,0.0,0.01686989158873431,0.0,-1.0720967332764682,0.0
13.32,1.0391316392191798,0.0,0.014718347781795482,0.0,-1.0794459226548225,0.0
13.322000000000001,1.039158912126938,0.0,0.012552112593439357,0.0,-1.0867880690475038,0.0
13.324,1.0391818378848596,0.0,0.010371200383497592,0.0,-1.0941228986028002,0.0
13.326,1.0392003871537163,0.0,0.008175626059466756,0.0,-1.1014501375013857,0.0
13.328,1.039214530624646,0.0,0.00596540507645027,0.0,-1.1087695119654408,0.0
13.33,1.0392242390202406,0.0,0.0037405534370481552,0.0,-1.1160807482677422,0.0
13.332,1.0392294830956446,0.0,0.0015010876912651128,0.0,-1.1233835727407284,0.0
13.334,1.0392302336396533,0.0,-0.0007529750636275923,0.0,-1.130677711785653,0.0
13.336,1.0392264614758007,0.0,-0.0030216171832430083,0.0,-1.1379628918816325,0.0
13.338000000000001,1.039218137463459,0.0,-0.005304820476231931,0.0,-1.1452388395947712,0.0
13.34,1.039205232498928,0.0,-0.007602566204471861,0.0,-1.1525052815872048,0.0
13.342,1.039187717516528,0.0,-0.009914835083276063,0.0,-1.1597619446262537,0.0
13.344,1.0391655634897026,0.0,-0.012241607281592848,0.0,-1.1670085555934822,0.0
13.346,1.0391387414320947,0.0,-0.014582862422268361,0.0,-1.1742448414937825,0.0
13.348,1.0391072223986557,0.0,-0.016938579582278623,0.0,-1.1814705294644872,0.0
13.35,1.039070977486721,0.0,-0.019308737293020517,0.0,-1.1886853467843967,0.0
13.352,1.039029977837113,0.0,-0.021693313540598336,0.0,-1.1958890208829323,0.0
13.354000000000001,1.0389841946352263,0.0,-0.024092285766128985,0.0,-1.2030812793491732,0.0
13.356,1.0389335991121202,0.0,-0.026505630866073937,0.0,-1.2102618499409403,0.0
13.358,1.0388781625456005,0.0,-0.028933325192595283,0.0,-1.217430460593872,0.0
13.36,1.0388178562613137,0.0,-0.031375344553900786,0.0,-1.2245868394304498,0.0
13.362,1.0387526516338392,0.0,-0.03383166421464723,0.0,-1.2317307147691707,0.0
13.364,1.0386825200877625,0.0,-0.0363022588963251,0.0,-1.2388618151334605,0.0
13.366,1.0386074330987753,0.0,-0.03878710277768416,0.0,-1.245979869260848,0.0
13.368,1.0385273621947502,0.0,-0.041286169495178826,0.0,-1.2530846061119623,0.0
13.370000000000001,1.0384422789568288,0.0,-0.043799432143406314,0.0,-1.2601757548795545,0.0
13.372,1.0383521550205081,0.0,-0.046326863275591545,0.0,-1.2672530449975998,0.0
13.374,1.0382569620767161,0.0,-0.04886843490408066,0.0,-1.2743162061502764,0.0
13.376,1.038156671872901,0.0,-0.051424118500837834,0.0,-1.2813649682810182,0.0
13.378,1.038051256214102,0.0,-0.05399388499799018,0.0,-1.2883990616015315,0.0
13.38,1.0379406869640346,0.0,-0.056577704788357774,0.0,-1.2954182166007695,0.0
13.382,1.0378249360461718,0.0,-0.05917554772602174,0.0,-1.3024221640540115,0.0
13.384,1.0377039754448099,0.0,-0.061787383126915896,0.0,-1.3094106350318007,0.0
13.386000000000001,1.0375777772061576,0.0,-0.06441317976941041,0.0,-1.3163833609089746,0.0
13.388,1.0374463134393979,0.0,-0.06705290589493607,0.0,-1.3233400733735832,0.0
13.39,1.0373095563177732,0.0,-0.06970652920862908,0.0,-1.3302805044359827,0.0
13.392,1.0371674780796478,0.0,-0.07237401687996481,0.0,-1.3372043864376577,0.0
13.394,1.0370200510295802,0.0,-0.07505533554345167,0.0,-1.344111452060285,0.0
13.396,1.0368672475394003,0.0,-0.07775045129930147,0.0,-1.3510014343346537,0.0
13.398,1.0367090400492642,0.0,-0.08045932971414227,0.0,-1.3578740666495501,0.0
13.4,1.036545401068736,0.0,-0.08318193582175537,0.0,-1.364729082760805,0.0
13.402000000000001,1.036376303177836,0.0,-0.08591823412379784,0.0,-1.3715662168000695,0.0
13.404,1.0362017190281194,0.0,-0.08866818859057546,0.0,-1.378385203283839,0.0
13.406,1.0360216213437257,0.0,-0.09143176266182529,0.0,-1.3851857771222909,0.0
13.408,1.0358359829224508,0.0,-0.09420891924749841,0.0,-1.3919676736281923,0.0
13.41,1.0356447766367949,0.0,-0.09699962072858959,0.0,-1.3987306285257801,0.0
13.412,1.0354479754350256,0.0,-0.0998038289579517,0.0,-1.405474377959589,0.0
13.414,1.035245552342235,0.0,-0.10262150526115787,0.0,-1.4121986585033675,0.0
13.416,1.0350374804613867,0.0,-0.10545261043736942,0.0,-1.4189032071688665,0.0
13.418000000000001,1.0348237329743757,0.0,-0.10829710476021248,0.0,-1.425587761414705,0.0
13.42,1.0346042831430717,0.0,-0.11115494797868086,0.0,-1.4322520591551346,0.0
13.422,1.034379104310369,0.0,-0.1140260993180704,0.0,-1.438895838768902,0.0
13.424,1.0341481699012383,0.0,-0.11691051748089565,0.0,-1.4455188391080118,0.0
13.426,1.0339114534237637,0.0,-0.11980816064786404,0.0,-1.452120799506496,0.0
13.428,1.0336689284701923,0.0,-0.12271898647883572,0.0,-1.4587014597892032,0.0
13.43,1.033420568717969,0.0,-0.12564295211381504,0.0,-1.4652605602804978,0.0
13.432,1.0331663479307758,0.0,-0.1285800141739727,0.0,-1.4717978418130526,0.0
13.434000000000001,1.0329062399595743,0.0,-0.13153012876265002,0.0,-1.4783130457365417,0.0
13.436,1.0326402187436372,0.0,-0.13449325146641566,0.0,-1.4848059139263432,0.0
13.438,1.0323682583115747,0.0,-0.13746933735612743,0.0,-1.4912761887922414,0.0
13.44,1.0320903327823723,0.0,-0.14045834098799115,0.0,-1.4977236132870595,0.0
13.442,1.031806416366421,0.0,-0.1434602164046851,0.0,-1.5041479309154195,0.0
13.444,1.031516483366532,0.0,-0.14647491713644178,0.0,-1.5105488857422509,0.0
13.446,1.0312205081789745,0.0,-0.14950239620219496,0.0,-1.5169262224015276,0.0
13.448,1.0309184652944847,0.0,-0.1525426061107309,0.0,-1.5232796861048303,0.0
13.450000000000001,1.0306103292992916,0.0,-0.15559549886183155,0.0,-1.52960902264992,0.0
13.452,1.0302960748761358,0.0,-0.1586610259474729,0.0,-1.5359139784293734,0.0
13.454,1.0299756768052766,0.0,-0.16173913835302178,0.0,-1.54219430043909,0.0
13.456,1.0296491099655127,0.0,-0.16482978655843972,0.0,-1.548449736286863,0.0
13.458,1.0293163493351827,0.0,-0.1679329205395329,0.0,-1.5546800342008913,0.0
13.46,1.0289773699931775,0.0,-0.1710484897691804,0.0,-1.5608849430382614,0.0
13.462,1.0286321471199478,0.0,-0.17417644321861636,0.0,-1.5670642122934901,0.0
13.464,1.0282806559984985,0.0,-0.1773167293587099,0.0,-1.573217592106945,0.0
13.466000000000001,1.0279228720153941,0.0,-0.1804692961612656,0.0,-1.5793448332733184,0.0
13.468,1.0275587706617515,0.0,-0.18363409110032713,0.0,-1.5854456872500133,0.0
13.47,1.0271883275342384,0.0,-0.18681106115354262,0.0,-1.5915199061656498,0.0
13.472,1.0268115183360624,0.0,-0.19000015280347338,0.0,-1.5975672428283305,0.0
13.474,1.0264283188779564,0.0,-0.19320131203900115,0.0,-1.603587450734104,0.0
13.476,1.0260387050791737,0.0,-0.19641448435668707,0.0,-1.6095802840752902,0.0
13.478,1.0256426529684597,0.0,-0.19963961476217418,0.0,-1.6155454977487609,0.0
13.48,1.0252401386850443,0.0,-0.20287664777162695,0.0,-1.6214828473643546,0.0
13.482000000000001,1.0248311384796074,0.0,-0.2061255274131334,0.0,-1.627392089253032,0.0
13.484,1.0244156287152655,0.0,-0.20938619722817697,0.0,-1.6332729804752493,0.0
13.486,1.0239935858685307,0.0,-0.21265860027310424,0.0,-1.6391252788291397,0.0
13.488,1.0235649865302934,0.0,-0.2159426791205934,0.0,-1.6449487428587664,0.0
13.49,1.0231298074067763,0.0,-0.21923837586117267,0.0,-1.6507431318623087,0.0
13.492,1.0226880253205033,0.0,-0.22254563210471623,0.0,-1.6565082059002196,0.0
13.494,1.0222396172112589,0.0,-0.2258643889819968,0.0,-1.6622437258034237,0.0
13.496,1.02178456013704,0.0,-0.22919458714622754,0.0,-1.6679494531814125,0.0
13.498000000000001,1.0213228312750193,0.0,-0.2325361667746224,0.0,-1.6736251504303787,0.0
13.5,1.0208544079224873,0.0,-0.23588906756997352,0.0,-1.6792705807412553,0.0
13.502,1.0203792674977978,0.0,-0.23925322876227162,0.0,-1.6848855081078256,0.0
13.504,1.0198973875413233,0.0,-0.24262858911029295,0.0,-1.6904696973347386,0.0
13.506,1.0194087457163823,0.0,-0.24601508690324742,0.0,-1.6960229140455096,0.0
13.508000000000001,1.0189133198101887,0.0,-0.2494126599624153,0.0,-1.701544924690535,0.0
13.51,1.0184110877347763,0.0,-0.2528212456428043,0.0,-1.7070354965550045,0.0
13.512,1.017902027527933,0.0,-0.2562407808348466,0.0,-1.7124943977668918,0.0
13.514000000000001,1.0173861173541323,0.0,-0.25967120196607096,0.0,-1.717921397304841,0.0
13.516,1.016863335505454,0.0,-0.2631124450028215,0.0,-1.7233162650060527,0.0
13.518,1.016333660402503,0.0,-0.2665644454519883,0.0,-1.7286787715741476,0.0
13.52,1.0157970705953285,0.0,-0.2700271383627268,0.0,-1.7340086885869668,0.0
13.522,1.0152535447643403,0.0,-0.2735004583282498,0.0,-1.7393057885044692,0.0
13.524000000000001,1.01470306172121,0.0,-0.27698433948756235,0.0,-1.744569844676382,0.0
13.526,1.0141456004097924,0.0,-0.28047871552726905,0.0,-1.7498006313500694,0.0
13.528,1.0135811399070143,0.0,-0.28398351968337987,0.0,-1.7549979236782,0.0
13.530000000000001,1.0130096594237794,0.0,-0.2874986847431108,0.0,-1.7601614977264355,0.0
13.532,1.0124311383058686,0.0,-0.2910241430467352,0.0,-1.7652911304811507,0.0
13.534,1.0118455560348225,0.0,-0.294559826489428,0.0,-1.7703865998570303,0.0
13.536,1.0112528922288406,0.0,-0.29810566652312215,0.0,-1.7754476847047105,0.0
13.538,1.010653126643654,0.0,-0.30166159415840366,0.0,-1.780474164818353,0.0
13.540000000000001,1.0100462391734149,0.0,-0.3052275399663845,0.0,-1.7854658209431835,0.0
13.542,1.009432209851574,0.0,-0.3088034340806308,0.0,-1.7904224347830686,0.0
13.544,1.008811018851746,0.0,-0.3123892061990842,0.0,-1.795343789007969,0.0
13.546000000000001,1.0081826464885884,0.0,-0.3159847855859963,0.0,-1.8002296672614428,0.0
13.548,1.0075470732186587,0.0,-0.3195901010738753,0.0,-1.8050798541680315,0.0
13.55,1.0069042796412822,0.0,-0.32320508106548723,0.0,-1.8098941353407656,0.0
13.552,1.0062542464994022,0.0,-0.3268296535358008,0.0,-1.8146722973884217,0.0
13.554,1.005596954680444,0.0,-0.3304637460340089,0.0,-1.8194141279229794,0.0
13.556000000000001,1.004932385217155,0.0,-0.3341072856855445,0.0,-1.8241194155668854,0.0
13.558,1.0042605192884546,0.0,-0.33776019919408523,0.0,-1.8287879499603248,0.0
13.56,1.0035813382202756,0.0,-0.3414224128436377,0.0,-1.833419521768557,0.0
13.562000000000001,1.002894823486398,0.0,-0.3450938525005481,0.0,-1.8380139226890315,0.0
13.564,1.0022009567092915,0.0,-0.3487744436156024,0.0,-1.8425709454586756,0.0
13.566,1.0014997196609297,0.0,-0.3524641112261129,0.0,-1.8470903838609978,0.0
13.568,1.0007910942636298,0.0,-0.356162779958002,0.0,-1.8515720327332492,0.0
13.57,1.0000750625908637,0.0,-0.3598703740279357,0.0,-1.8560156879735066,0.0
13.572000000000001,0.9993516068680768,0.0,-0.36358681724543096,0.0,-1.860421146547719,0.0
13.574,0.9986207094735053,0.0,-0.3673120330150174,0.0,-1.8647882064967873,0.0
13.576,0.9978823529389722,0.0,-0.3710459443383907,0.0,-1.8691166669435155,0.0
13.578,0.9971365199507057,0.0,-0.3747884738165723,0.0,-1.8734063280996085,0.0
13.58,0.9963831933501271,0.0,-0.3785395436521095,0.0,-1.8776569912725891,0.0
13.582,0.9956223561346466,0.0,-0.38229907565125776,0.0,-1.8818684588726735,0.0
13.584,0.9948539914584632,0.0,-0.386066991226205,0.0,-1.8860405344196938,0.0
13.586,0.994078082633336,0.0,-0.3898432113972987,0.0,-1.8901730225498738,0.0
13.588000000000001,0.9932946131293802,0.0,-0.39362765679527756,0.0,-1.8942657290226634,0.0
13.59,0.9925035665758333,0.0,-0.39742024766352047,0.0,-1.898318460727455,0.0
13.592,0.9917049267618314,0.0,-0.401220903860333,0.0,-1.9023310256903545,0.0
13.594,0.9908986776371811,0.0,-0.4050295448612063,0.0,-1.9063032330808567,0.0
13.596,0.9900848033131114,0.0,-0.4088460897611277,0.0,-1.9102348932184872,0.0
13.598,0.9892632880630494,0.0,-0.4126704572768737,0.0,-1.9141258175794527,0.0
13.6,0.9884341163233583,0.0,-0.4165025657493265,0.0,-1.9179758188031737,0.0
13.602,0.9875972726940949,0.0,-0.42034233314583985,0.0,-1.9217847106989174,0.0
13.604000000000001,0.9867527419397525,0.0,-0.4241896770625371,0.0,-1.9255523082522112,0.0
13.606,0.9859005089900044,0.0,-0.42804451472670535,0.0,-1.9292784276314017,0.0
13.608,0.9850405589404337,0.0,-0.431906762999159,0.0,-1.932962886194055,0.0
13.61,0.9841728770532634,0.0,-0.4357763383766108,0.0,-1.9366055024933342,0.0
13.612,0.983297448758093,0.0,-0.4396531569940983,0.0,-1.9402060962844623,0.0
13.614,0.9824142596526024,0.0,-0.44353713462736033,0.0,-1.9437644885309178,0.0
13.616,0.9815232955032853,0.0,-0.4474281866952827,0.0,-1.9472805014108392,0.0
13.618,0.9806245422461477,0.0,-0.4513262282623332,0.0,-1.9507539583232214,0.0
13.620000000000001,0.9797179859874197,0.0,-0.45523117404099045,0.0,-1.9541846838941308,0.0
13.622,0.97880361300426,0.0,-0.4591429383942256,0.0,-1.9575725039829208,0.0
13.624,0.9778814097454409,0.0,-0.46306143533797106,0.0,-1.9609172456883295,0.0
13.626,0.9769513628320587,0.0,-0.46698657854359066,0.0,-1.9642187373546145,0.0
13.628,0.9760134590581986,0.0,-0.4709182813403975,0.0,-1.9674768085775867,0.0
13.63,0.9750676853916349,0.0,-0.47485645671814936,0.0,-1.970691290210665,0.0
13.632,0.9741140289744965,0.0,-0.4788010173295652,0.0,-1.9738620143708232,0.0
13.634,0.9731524771239408,0.0,-0.482751875492879,0.0,-1.9769888144445709,0.0
13.636000000000001,0.972183017332826,0.0,-0.48670894319436714,0.0,-1.9800715250938568,0.0
13.638,0.9712056372703599,0.0,-0.49067213209090316,0.0,-1.983109982261885,0.0
13.64,0.9702203247827721,0.0,-0.4946413535125503,0.0,-1.986104023179044,0.0
13.642,0.96922706789395,0.0,-0.49861651846510613,0.0,-1.989053486368571,0.0
13.644,0.9682258548060941,0.0,-0.502597537632724,0.0,-1.9919582116523897,0.0
13.646,0.9672166739003579,0.0,-0.5065843213805034,0.0,-1.9948180401567908,0.0
13.648,0.9661995137374797,0.0,-0.5105767797570915,0.0,-1.9976328143180653,0.0
13.65,0.965174363058414,0.0,-0.5145748224973504,0.0,-2.0004023778881974,0.0
13.652000000000001,0.9641412107849567,0.0,-0.5185783590249399,0.0,-2.0031265759403682,0.0
13.654,0.9631000460203719,0.0,-0.5225872984550024,0.0,-2.0058052548745686,0.0
13.656,0.9620508580499892,0.0,-0.526601549596816,0.0,-2.0084382624230543,0.0
13.658,0.9609936363418332,0.0,-0.5306210209564524,0.0,-2.0110254476558365,0.0
13.66,0.9599283705472081,0.0,-0.5346456207394764,0.0,-2.0135666609860805,0.0
13.662,0.9588550505013129,0.0,-0.53867525685361,0.0,-2.0160617541754804,0.0
13.664,0.9577736662238252,0.0,-0.5427098369114627,0.0,-2.0185105803396217,0.0
13.666,0.9566842079194863,0.0,-0.5467492682332348,0.0,-2.0209129939532424,0.0
13.668000000000001,0.95558666597869,0.0,-0.5507934578494398,0.0,-2.0232688508555023,0.0
13.67,0.9544810309780573,0.0,-0.5548423125036266,0.0,-2.025578008255174,0.0
13.672,0.9533672936810038,0.0,-0.5588957386551492,0.0,-2.0278403247358248,0.0
13.674,0.952245445038314,0.0,-0.5629536424819002,0.0,-2.0300556602609383,0.0
13.676,0.9511154761886877,0.0,-0.5670159298830888,0.0,-2.032223876178974,0.0
13.678,0.9499773784593097,0.0,-0.5710825064820093,0.0,-2.034344835228432,0.0
13.68,0.9488311433663879,0.0,-0.5751532776288135,0.0,-2.0364184015428037,0.0
13.682,0.9476767626157028,0.0,-0.5792281484033468,0.0,-2.0384444406555824,0.0
13.684000000000001,0.9465142281031409,0.0,-0.5833070236178988,0.0,-2.0404228195050957,0.0
13.686,0.9453435319152341,0.0,-0.5873898078200571,0.0,-2.042353406439431,0.0
13.688,0.944164666329673,0.0,-0.5914764052955253,0.0,-2.0442360712212118,0.0
13.69,0.9429776238158459,0.0,-0.5955667200709286,0.0,-2.046070685032377,0.0
13.692,0.9417823970353373,0.0,-0.5996606559167115,0.0,-2.047857120478941,0.0
13.694,0.9405789788424488,0.0,-0.603758116349928,0.0,-2.0495952515956275,0.0
13.696,0.9393673622846958,0.0,-0.607859004637153,0.0,-2.051284953850544,0.0
13.698,0.9381475406033131,0.0,-0.6119632237973298,0.0,-2.0529261041497806,0.0
13.700000000000001,0.9369195072337364,0.0,-0.6160706766046506,0.0,-2.054518580841915,0.0
13.702,0.9356832558061032,0.0,-0.6201812655914556,0.0,-2.056062263722578,0.0
13.704,0.9344387801457172,0.0,-0.6242948930511305,0.0,-2.0575570340388643,0.0
13.706,0.9331860742735397,0.0,-0.6284114610410032,0.0,-2.059002774493778,0.0
13.708,0.9319251324066448,0.0,-0.632530871385273,0.0,-2.060399369250574,0.0
13.71,0.9306559489586936,0.0,-0.6366530256779293,0.0,-2.0617467039371085,0.0
13.712,0.929378518540386,0.0,-0.6407778252856745,0.0,-2.063044665650085,0.0
13.714,0.9280928359599083,0.0,-0.6449051713508923,0.0,-2.0642931429593068,0.0
13.716000000000001,0.92679889622339,0.0,-0.6490349647945781,0.0,-2.0654920259118654,0.0
13.718,0.9254966945353373,0.0,-0.6531671063192865,0.0,-2.0666412060362473,0.0
13.72,0.9241862262990631,0.0,-0.6573014964121453,0.0,-2.0677405763464742,0.0
13.722,0.9228674871171225,0.0,-0.6614380353477678,0.0,-2.0687900313460967,0.0
13.724,0.9215404727917297,0.0,-0.6655766231912852,0.0,-2.069789467032228,0.0
13.726,0.9202051793251754,0.0,-0.6697171598013196,0.0,-2.0707387808994855,0.0
13.728,0.9188616029202396,0.0,-0.6738595448329658,0.0,-2.0716378719438815,0.0
13.73,0.9175097399805889,0.0,-0.6780036777408454,0.0,-2.0724866406667175,0.0
13.732000000000001,0.9161495871111817,0.0,-0.6821494577820613,0.0,-2.0732849890783442,0.0
13.734,0.9147811411186586,0.0,-0.6862967840192651,0.0,-2.0740328207019703,0.0
13.736,0.9134043990117221,0.0,-0.6904455553236686,0.0,-2.0747300405773452,0.0
13.738,0.912019358001527,0.0,-0.6945956703780798,0.0,-2.075376555264451,0.0
13.74,0.9106260155020418,0.0,-0.6987470276799579,0.0,-2.075972272847104,0.0
13.742,0.909224369130427,0.0,-0.7028995255444419,0.0,-2.0765171029365304,0.0
13.744,0.907814416707394,0.0,-0.7070530621074346,0.0,-2.077010956674907,0.0
13.746,0.9063961562575542,0.0,-0.7112075353286561,0.0,-2.0774537467388123,0.0
13.748000000000001,0.904969586009778,0.0,-0.7153628429947188,0.0,-2.0778453873426805,0.0
13.75,0.9035347043975319,0.0,-0.7195188827221914,0.0,-2.0781857942421555,0.0
13.752,0.9020915100592124,0.0,-0.7236755519607145,0.0,-2.078474884737438,0.0
13.754,0.9006400018384871,0.0,-0.7278327479960679,0.0,-2.078712577676564,0.0
13.756,0.8991801787846107,0.0,-0.7319903679532795,0.0,-2.0788987934586447,0.0
13.758000000000001,0.8977120401527446,0.0,-0.7361483087997343,0.0,-2.079033454037041,0.0
13.76,0.8962355854042734,0.0,-0.740306467348263,0.0,-2.0791164829224997,0.0
13.762,0.8947508142071057,0.0,-0.7444647402603071,0.0,-2.0791478051862615,0.0
13.764000000000001,0.8932577264359766,0.0,-0.7486230240489851,0.0,-2.079127347463065,0.0
13.766,0.8917563221727441,0.0,-0.7527812150822653,0.0,-2.0790550379541726,0.0
13.768,0.8902466017066653,0.0,-0.756939209586092,0.0,-2.0789308064302796,0.0
13.77,0.8887285655346913,0.0,-0.7610969036475022,0.0,-2.0787545842344155,0.0
13.772,0.8872022143617326,0.0,-0.765254193217824,0.0,-2.078526304284801,0.0
13.774000000000001,0.8856675491009308,0.0,-0.7694109741157709,0.0,-2.078245901077607,0.0
13.776,0.8841245708739228,0.0,-0.7735671420306435,0.0,-2.077913310689729,0.0
13.778,0.8825732810110867,0.0,-0.7777225925254827,0.0,-2.077528470781454,0.0
13.780000000000001,0.881013681051804,0.0,-0.7818772210402208,0.0,-2.0770913205991115,0.0
13.782,0.8794457727446963,0.0,-0.7860309228948831,0.0,-2.0766018009776688,0.0
13.784,0.8778695580478606,0.0,-0.7901835932927521,0.0,-2.0760598543432742,0.0
13.786,0.8762850391291018,0.0,-0.7943351273235564,0.0,-2.075465424715738,0.0
13.788,0.8746922183661554,0.0,-0.79848541996666,0.0,-2.0748184577109785,0.0
13.790000000000001,0.8730910983469087,0.0,-0.8026343660942594,0.0,-2.0741189005434255,0.0
13.792,0.8714816818696087,0.0,-0.8067818604745681,0.0,-2.0733667020283413,0.0
13.794,0.869863971943062,0.0,-0.8109277977750489,0.0,-2.0725618125841185,0.0
13.796000000000001,0.868237971786845,0.0,-0.815072072565602,0.0,-2.071704184234532,0.0
13.798,0.8666036848314869,0.0,-0.8192145793217671,0.0,-2.0707937706109067,0.0
13.8,0.8649611147186557,0.0,-0.8233552124279863,0.0,-2.0698305269542763,0.0
13.802,0.8633102653013431,0.0,-0.8274938661807634,0.0,-2.068814410117454,0.0
13.804,0.8616511406440259,0.0,-0.8316304347919423,0.0,-2.0677453785670745,0.0
13.806000000000001,0.8599837450228465,0.0,-0.8357648123919117,0.0,-2.0666233923855932,0.0
13.808,0.8583080829257623,0.0,-0.8398968930328267,0.0,-2.0654484132731965,0.0
13.81,0.8566241590527024,0.0,-0.844026570691892,0.0,-2.064220404549713,0.0
13.812000000000001,0.8549319783157109,0.0,-0.8481537392745454,0.0,-2.062939331156411,0.0
13.814,0.8532315458390956,0.0,-0.8522782926177433,0.0,-2.0616051596578227,0.0
13.816,0.8515228669595502,0.0,-0.8564001244931952,0.0,-2.0602178582434347,0.0
13.818,0.8498059472262942,0.0,-0.8605191286106124,0.0,-2.0587773967293996,0.0
13.82,0.8480807924011787,0.0,-0.8646351986209749,0.0,-2.0572837465601337,0.0
13.822000000000001,0.8463474084588155,0.0,-0.8687482281197658,0.0,-2.0557368808099135,0.0
13.824,0.8446058015866772,0.0,-0.87285811065026,0.0,-2.054136774184399,0.0
13.826,0.8428559781851956,0.0,-0.8769647397067745,0.0,-2.0524834030220895,0.0
13.828,0.8410979448678668,0.0,-0.8810680087379341,0.0,-2.0507767452957717,0.0
13.83,0.8393317084613238,0.0,-0.8851678111499528,0.0,-2.0490167806138597,0.0
13.832,0.837557276005433,0.0,-0.8892640403098827,0.0,-2.0472034902217344,0.0
13.834,0.8357746547533638,0.0,-0.8933565895489174,0.0,-2.045336857003009,0.0
13.836,0.8339838521716512,0.0,-0.8974453521656544,0.0,-2.0434168654807228,0.0
13.838000000000001,0.8321848759402692,0.0,-0.9015302214293797,0.0,-2.0414435018185353,0.0
13.84,0.8303777339526739,0.0,-0.9056110905833336,0.0,-2.0394167538217993,0.0
13.842,0.8285624343158612,0.0,-0.909687852848038,0.0,-2.037336610938662,0.0
13.844,0.8267389853504081,0.0,-0.913760401424524,0.0,-2.035203064261032,0.0
13.846,0.8249073955904992,0.0,-0.9178286294976716,0.0,-2.033016106525555,0.0
13.848,0.8230676737839699,0.0,-0.9218924302394756,0.0,-2.03077573211452,0.0
13.85,0.8212198288923203,0.0,-0.925951696812327,0.0,-2.028481937056697,0.0
13.852,0.819363870090729,0.0,-0.9300063223723505,0.0,-2.026134719028139,0.0
13.854000000000001,0.8174998067680692,0.0,-0.9340562000726416,0.0,-2.0237340773529335,0.0
13.856,0.8156276485269102,0.0,-0.9381012230666077,0.0,-2.0212800130038966,0.0
13.858,0.8137474051835034,0.0,-0.9421412845112548,0.0,-2.0187725286031992,0.0
13.86,0.8118590867677888,0.0,-0.9461762775704625,0.0,-2.016211628422981,0.0
13.862,0.8099627035233625,0.0,-0.9502060954183371,0.0,-2.0135973183858678,0.0
13.864,0.8080582659074635,0.0,-0.9542306312424502,0.0,-2.010929606065466,0.0
13.866,0.8061457845909403,0.0,-0.9582497782471882,0.0,-2.0082085006867993,0.0
13.868,0.804225270458206,0.0,-0.9622634296570377,0.0,-2.0054340131266697,0.0
13.870000000000001,0.8022967346072105,0.0,-0.9662714787198922,0.0,-2.002606155914015,0.0
13.872,0.8003601883493767,0.0,-0.9702738187103449,0.0,-1.9997249432301554,0.0
13.874,0.7984156432095482,0.0,-0.9742703429330164,0.0,-1.9967903909090303,0.0
13.876,0.7964631109259328,0.0,-0.9782609447258419,0.0,-1.9938025164373807,0.0
13.878,0.7945026034500158,0.0,-0.9822455174633871,0.0,-1.9907613389548386,0.0
13.88,0.7925341329465048,0.0,-0.9862239545601491,0.0,-1.9876668792540224,0.0
13.882,0.7905577117932324,0.0,-0.9901961494738533,0.0,-1.984519159780537,0.0
13.884,0.7885733525810639,0.0,-0.9941619957087833,0.0,-1.9813182046329236,0.0
13.886000000000001,0.7865810681138135,0.0,-0.9981213868190695,0.0,-1.978064039562594,0.0
13.888,0.7845808714081335,0.0,-1.002074216411983,0.0,-1.9747566919736705,0.0
13.89,0.7825727756934024,0.0,-1.0060203781512846,0.0,-1.971396190922784,0.0
13.892,0.7805567944116175,0.0,-1.0099597657604706,0.0,-1.9679825671188471,0.0
13.894,0.7785329412172585,0.0,-1.0138922730261266,0.0,-1.9645158529227251,0.0
13.896,0.7765012299771747,0.0,-1.0178177938012036,0.0,-1.9609960823469121,0.0
13.898,0.7744616747704338,0.0,-1.0217362220083321,0.0,-1.9574232910550955,0.0
13.9,0.7724142898881912,0.0,-1.0256474516431222,0.0,-1.9537975163617256,0.0
13.902000000000001,0.7703590898335299,0.0,-1.0295513767774536,0.0,-1.950118797231478,0.0
13.904,0.7682960893213167,0.0,-1.0334478915627945,0.0,-1.9463871742787175,0.0
13.906,0.7662253032780235,0.0,-1.0373368902334907,0.0,-1.942602689766853,0.0
13.908,0.7641467468415806,0.0,-1.0412182671100592,0.0,-1.9387653876077011,0.0
13.91,0.7620604353611756,0.0,-1.0450919166024952,0.0,-1.9348753133607326,0.0
13.912,0.7599663843970922,0.0,-1.0489577332135471,0.0,-1.9309325142323304,0.0
13.914,0.7578646097205118,0.0,-1.052815611542034,0.0,-1.9269370390749474,0.0
13.916,0.7557551273133156,0.0,-1.0566654462861216,0.0,-1.922888938386224,0.0
13.918000000000001,0.7536379533678905,0.0,-1.0605071322466189,0.0,-1.9187882643080738,0.0
13.92,0.7515131042869172,0.0,-1.0643405643302457,0.0,-1.9146350706256998,0.0
13.922,0.7493805966831468,0.0,-1.0681656375529653,0.0,-1.9104294127665356,0.0
13.924,0.7472404473791959,0.0,-1.0719822470432059,0.0,-1.9061713477991997,0.0
13.926,0.7450926734073021,0.0,-1.075790288045191,0.0,-1.9018609344323167,0.0
13.928,0.742937292009101,0.0,-1.0795896559222,0.0,-1.897498233013358,0.0
13.93,0.7407743206353781,0.0,-1.083380246159828,0.0,-1.8930833055273804,0.0
13.932,0.7386037769458176,0.0,-1.0871619543693074,0.0,-1.8886162155957251,0.0
13.934000000000001,0.7364256788087596,0.0,-1.0909346762907184,0.0,-1.8840970284746992,0.0
13.936,0.7342400443009348,0.0,-1.094698307796302,0.0,-1.8795258110541535,0.0
13.938,0.7320468917071838,0.0,-1.0984527448937156,0.0,-1.8749026318560231,0.0
13.94,0.7298462395202043,0.0,-1.1021978837292719,0.0,-1.8702275610328603,0.0
13.942,0.7276381064402522,0.0,-1.1059336205912473,0.0,-1.8655006703662296,0.0
13.944,0.7254225113748676,0.0,-1.1096598519130805,0.0,-1.86072203326515,0.0
13.946,0.7231994734385763,0.0,-1.11337647427667,0.0,-1.8558917247644082,0.0
13.948,0.7209690119525818,0.0,-1.117083384415606,0.0,-1.851009821522843,0.0
13.950000000000001,0.718731146444473,0.0,-1.1207804792184217,0.0,-1.8460764018216036,0.0
13.952,0.7164858966479043,0.0,-1.1244676557318203,0.0,-1.841091545562331,0.0
13.954,0.7142332825022704,0.0,-1.1281448111639418,0.0,-1.836055334265271,0.0
13.956,0.7119733241523923,0.0,-1.1318118428875763,0.0,-1.8309678510673888,0.0
13.958,0.7097060419481713,0.0,-1.1354686484434071,0.0,-1.8258291807203735,0.0
13.96,0.7074314564442595,0.0,-1.1391151255432348,0.0,-1.820639409588627,0.0
13.962,0.7051495883997153,0.0,-1.1427511720731887,0.0,-1.8153986256472119,0.0
13.964,0.7028604587776415,0.0,-1.1463766860969693,0.0,-1.8101069184796894,0.0
13.966000000000001,0.7005640887448374,0.0,-1.1499915658590505,0.0,-1.8047643792759778,0.0
13.968,0.6982604996714328,0.0,-1.1535957097878742,0.0,-1.7993711008301254,0.0
13.97,0.6959497131305019,0.0,-1.1571890164991032,0.0,-1.7939271775379944,0.0
13.972,0.6936317508977146,0.0,-1.1607713847987593,0.0,-1.7884327053949987,0.0
13.974,0.6913066349509203,0.0,-1.1643427136864732,0.0,-1.782887781993661,0.0
13.976,0.688974387469782,0.0,-1.1679029023586498,0.0,-1.777292506521228,0.0
13.978,0.6866350308353695,0.0,-1.1714518502116604,0.0,-1.7716469797571712,0.0
13.98,0.6842885876297526,0.0,-1.1749894568450308,0.0,-1.765951304070645,0.0
13.982000000000001,0.6819350806356028,0.0,-1.1785156220645996,0.0,-1.7602055834179404,0.0
13.984,0.6795745328357656,0.0,-1.182030245885715,0.0,-1.7544099233398063,0.0
13.986,0.6772069674128463,0.0,-1.1855332285363867,0.0,-1.7485644309588042,0.0
13.988,0.6748324077487774,0.0,-1.1890244704604462,0.0,-1.7426692149765497,0.0
13.99,0.6724508774243848,0.0,-1.1925038723207113,0.0,-1.7367243856709342,0.0
13.992,0.6700624002189504,0.0,-1.1959713350021164,0.0,-1.7307300548933093,0.0
13.994,0.6676670001097615,0.0,-1.199426759614881,0.0,-1.7246863360655773,0.0
13.996,0.6652647012716504,0.0,-1.202870047497635,0.0,-1.7185933441772563,0.0
13.998000000000001,0.6628555280765465,0.0,-1.2063011002205541,0.0,-1.7124511957825101,0.0
14.0,0.6604395050930101,0.0,-1.2097198195884684,0.0,-1.7062600089971227,0.0
14.002,0.6580166570857406,0.0,-1.2131261076440285,0.0,-1.7000199034953587,0.0
14.004,0.6555870090151248,0.0,-1.2165198666707602,0.0,-1.693731000506907,0.0
14.006,0.6531505860367306,0.0,-1.2199009991962173,0.0,-1.6873934228136274,0.0
14.008000000000001,0.6507074135008281,0.0,-1.2232694079950668,0.0,-1.6810072947463535,0.0
14.01,0.6482575169518916,0.0,-1.226624996092168,0.0,-1.6745727421816168,0.0
14.012,0.6458009221280819,0.0,-1.2299676667657047,0.0,-1.6680898925382577,0.0
14.014000000000001,0.64333765496076,0.0,-1.2332973235502092,0.0,-1.6615588747741237,0.0
14.016,0.6408677415739517,0.0,-1.236613870239681,0.0,-1.6549798193825696,0.0
14.018,0.6383912082838324,0.0,-1.2399172108906398,0.0,-1.6483528583890021,0.0
14.02,0.6359080815982072,0.0,-1.2432072498251692,0.0,-1.6416781253473782,0.0
14.022,0.6334183882159561,0.0,-1.2464838916340142,0.0,-1.634955755336554,0.0
14.024000000000001,0.6309221550265175,0.0,-1.2497470411795715,0.0,-1.6281858849567423,0.0
14.026,0.628419409109328,0.0,-1.252996603598972,0.0,-1.6213686523257786,0.0
14.028,0.6259101777332687,0.0,-1.2562324843070936,0.0,-1.6145041970754066,0.0
14.030000000000001,0.6233944883561144,0.0,-1.259454588999591,0.0,-1.607592660347517,0.0
14.032,0.620872368623967,0.0,-1.2626628236558997,0.0,-1.6006341847903327,0.0
14.034,0.6183438463706773,0.0,-1.2658570945422651,0.0,-1.5936289145545026,0.0
14.036,0.6158089496172815,0.0,-1.2690373082147295,0.0,-1.5865769952892255,0.0
14.038,0.6132677065714027,0.0,-1.2722033715221301,0.0,-1.579478574138249,0.0
14.040000000000001,0.610720145626678,0.0,-1.2753551916090842,0.0,-1.5723337997358795,0.0
14.042,0.6081662953621573,0.0,-1.2784926759189559,0.0,-1.5651428222029249,0.0
14.044,0.6056061845416985,0.0,-1.2816157321968435,0.0,-1.5579057931425517,0.0
14.046000000000001,0.6030398421133644,0.0,-1.2847242684925317,0.0,-1.5506228656361485,0.0
14.048,0.6004672972088196,0.0,-1.2878181931634267,0.0,-1.543294194239152,0.0
14.05,0.59788857914269,0.0,-1.2908974148775434,0.0,-1.5359199349767159,0.0
14.052,0.595303717411966,0.0,-1.293961842616387,0.0,-1.5285002453395102,0.0
14.054,0.5927127416953497,0.0,-1.2970113856779193,0.0,-1.5210352842792922,0.0
14.056000000000001,0.5901156818526335,0.0,-1.3000459536794609,0.0,-1.5135252122045642,0.0
14.058,0.587512567924054,0.0,-1.303065456560601,0.0,-1.505970190976117,0.0
14.06,0.584903430129636,0.0,-1.306069804586105,0.0,-1.4983703839025275,0.0
14.062000000000001,0.5822882988685556,0.0,-1.3090589083487865,0.0,-1.4907259557356713,0.0
14.064,0.5796672047184743,0.0,-1.3120326787724128,0.0,-1.4830370726661004,0.0
14.066,0.5770401784348623,0.0,-1.3149910271145653,0.0,-1.4753039023184253,0.0
14.068,0.5744072509503484,0.0,-1.317933864969504,0.0,-1.4675266137466683,0.0
14.07,0.5717684533740269,0.0,-1.3208611042710257,0.0,-1.4597053774295103,0.0
14.072000000000001,0.5691238169907897,0.0,-1.3237726572952953,0.0,-1.4518403652655774,0.0
14.074,0.5664733732606266,0.0,-1.3266684366636998,0.0,-1.443931750568577,0.0
14.076,0.5638171538179348,0.0,-1.329548355345664,0.0,-1.435979708062474,0.0
14.078000000000001,0.5611551904708273,0.0,-1.3324123266614676,0.0,-1.42798441387659,0.0
14.08,0.5584875152004244,0.0,-1.3352602642850413,0.0,-1.419946045540673,0.0
14.082,0.5558141601601364,0.0,-1.3380920822467814,0.0,-1.4118647819798629,0.0
14.084,0.5531351576749614,0.0,-1.3409076949363221,0.0,-1.4037408035097068,0.0
14.086,0.5504505402407475,0.0,-1.3437070171053156,0.0,-1.3955742918310432,0.0
14.088000000000001,0.5477603405234823,0.0,-1.3464899638701995,0.0,-1.3873654300248996,0.0
14.09,0.5450645913585552,0.0,-1.349256450714936,0.0,-1.3791144025473434,0.0
14.092,0.5423633257500082,0.0,-1.3520063934937936,0.0,-1.370821395224191,0.0
14.094,0.5396565768698146,0.0,-1.3547397084340342,0.0,-1.3624865952458645,0.0
14.096,0.5369443780571043,0.0,-1.3574563121386753,0.0,-1.3541101911619917,0.0
14.098,0.5342267628174344,0.0,-1.3601561215891864,0.0,-1.3456923728761165,0.0
14.1,0.5315037648220183,0.0,-1.3628390541481818,0.0,-1.3372333316403227,0.0
14.102,0.5287754179069497,0.0,-1.3655050275621468,0.0,-1.3287332600497246,0.0
14.104000000000001,0.5260417560724524,0.0,-1.368153959964072,0.0,-1.3201923520370944,0.0
14.106,0.5233028134820954,0.0,-1.3707857698761599,0.0,-1.3116108028672804,0.0
14.108,0.5205586244620073,0.0,-1.3734003762124665,0.0,-1.3029888091316566,0.0
14.11,0.5178092235001005,0.0,-1.3759976982815534,0.0,-1.2943265687425398,0.0
14.112,0.5150546452452647,0.0,-1.3785776557891254,0.0,-1.28562428092751,0.0
14.114,0.5122949245065882,0.0,-1.3811401688406435,0.0,-1.2768821462237745,0.0
14.116,0.5095300962525433,0.0,-1.3836851579439589,0.0,-1.2681003664723856,0.0
14.118,0.5067601956101784,0.0,-1.3862125440118978,0.0,-1.2592791448124856,0.0
14.120000000000001,0.5039852578643128,0.0,-1.3887222483648638,0.0,-1.2504186856754995,0.0
14.122,0.5012053184567183,0.0,-1.3912141927334,0.0,-1.2415191947792972,0.0
14.124,0.49842041298528256,0.0,-1.3936882992607778,0.0,-1.232580879122241,0.0
14.126,0.49563057720320625,0.0,-1.3961444905055347,0.0,-1.2236039469773055,0.0
14.128,0.49283584701814187,0.0,-1.3985826894440265,0.0,-1.2145886078860548,0.0
14.13,0.49003625849137855,0.0,-1.4010028194729585,0.0,-1.205535072652649,0.0
14.132,0.48723184783698686,0.0,-1.4034048044118907,0.0,-1.1964435533377837,0.0
14.134,0.4844226514209707,0.0,-1.4057885685057672,0.0,-1.1873142632525557,0.0
14.136000000000001,0.48160870576042025,0.0,-1.4081540364273955,0.0,-1.1781474169523567,0.0
14.138,0.4787900475226514,0.0,-1.4105011332799333,0.0,-1.1689432302306761,0.0
14.14,0.47596671352433273,0.0,-1.4128297845993616,0.0,-1.1597019201128589,0.0
14.142,0.4731387407306385,0.0,-1.4151399163569267,0.0,-1.1504237048499066,0.0
14.144,0.47030616625435023,0.0,-1.4174314549616167,0.0,-1.1411088039120654,0.0
14.146,0.4674690273550022,0.0,-1.4197043272625551,0.0,-1.13175743798261,0.0
14.148,0.4646273614379859,0.0,-1.4219584605514513,0.0,-1.1223698289513755,0.0
14.15,0.461781206053657,0.0,-1.4241937825649944,0.0,-1.1129461999083494,0.0
14.152000000000001,0.45893059889646,0.0,-1.4264102214872416,0.0,-1.1034867751372632,0.0
14.154,0.4560755778040232,0.0,-1.4286077059520117,0.0,-1.0939917801090364,0.0
14.156,0.4532161807562445,0.0,-1.4307861650452465,0.0,-1.084461441475259,0.0
14.158,0.4503524458744078,0.0,-1.4329455283073655,0.0,-1.074895987061636,0.0
14.16,0.4474844114202483,0.0,-1.435085725735612,0.0,-1.0652956458613405,0.0
14.162,0.44461211579505855,0.0,-1.4372066877863658,0.0,-1.0556606480284116,0.0
14.164,0.44173559753875435,0.0,-1.4393083453774824,0.0,-1.0459912248710213,0.0
14.166,0.4388548953289457,0.0,-1.441390629890577,0.0,-1.036287608844762,0.0
14.168000000000001,0.4359700479800205,0.0,-1.4434534731733224,0.0,-1.0265500335458917,0.0
14.17,0.433081094442206,0.0,-1.4454968075417065,0.0,-1.0167787337045637,0.0
14.172,0.4301880738006162,0.0,-1.4475205657823245,0.0,-1.0069739451778916,0.0
14.174,0.42729102527433316,0.0,-1.4495246811545894,0.0,-0.9971359049432151,0.0
14.176,0.4243899882154325,0.0,-1.451509087392993,0.0,-0.9872648510910705,0.0
14.178,0.421485002108051,0.0,-1.4534737187093167,0.0,-0.9773610228183067,0.0
14.18,0.41857610656742655,0.0,-1.455418509794825,0.0,-0.9674246604211238,0.0
14.182,0.41566334133892124,0.0,-1.4573433958224855,0.0,-0.9574560052879557,0.0
14.184000000000001,0.4127467462970792,0.0,-1.4592483124491125,0.0,-0.9474552998925536,0.0
14.186,0.40982636144464246,0.0,-1.461133195817557,0.0,-0.937422787786799,0.0
14.188,0.40690222691157285,0.0,-1.4629979825588442,0.0,-0.9273587135936106,0.0
14.19,0.4039743829540888,0.0,-1.4648426097943066,0.0,-0.9172633229997924,0.0
14.192,0.40104286995366834,0.0,-1.4666670151377166,0.0,-0.9071368627488364,0.0
14.194,0.39810772841607067,0.0,-1.4684711366973713,0.0,-0.8969795806337102,0.0
14.196,0.39516899897034274,0.0,-1.4702549130782083,0.0,-0.886791725489571,0.0
14.198,0.3922267223678192,0.0,-1.4720182833838664,0.0,-0.8765735471864778,0.0
14.200000000000001,0.38928093948112996,0.0,-1.4737611872187584,0.0,-0.8663252966220698,0.0
14.202,0.3863316913031981,0.0,-1.4754835646901048,0.0,-0.8560472257142283,0.0
14.204,0.3833790189462166,0.0,-1.4771853564099833,0.0,-0.8457395873936195,0.0
14.206,0.38042296364065803,0.0,-1.4788665034973385,0.0,-0.8354026355963248,0.0
14.208,0.3774635667342419,0.0,-1.480526947579984,0.0,-0.8250366252563444,0.0
14.21,0.37450086969092455,0.0,-1.4821666307965975,0.0,-0.8146418122981175,0.0
14.212,0.37153491408987704,0.0,-1.483785495798682,0.0,-0.804218453629023,0.0
14.214,0.36856574162444167,0.0,-1.4853834857525388,0.0,-0.7937668071317557,0.0
14.216000000000001,0.36559339410112085,0.0,-1.4869605443412024,0.0,-0.7832871316567979,0.0
14.218,0.3626179134385323,0.0,-1.4885166157663667,0.0,-0.7727796870147655,0.0
14.22,0.35963934166636147,0.0,-1.4900516447503056,0.0,-0.7622447339687528,0.0
14.222,0.3566577209243406,0.0,-1.4915655765377562,0.0,-0.7516825342267072,0.0
14.224,0.3536730934611739,0.0,-1.4930583568978237,0.0,-0.7410933504335898,0.0
14.226,0.3506855016335134,0.0,-1.49452993212582,0.0,-0.7304774461637799,0.0
14.228,0.3476949879048896,0.0,-1.4959802490451368,0.0,-0.7198350859131895,0.0
14.23,0.34470159484464863,0.0,-1.4974092550090727,0.0,-0.709166535091481,0.0
14.232000000000001,0.34170536512690985,0.0,-1.4988168979026468,0.0,-0.6984720600142827,0.0
14.234,0.3387063415294847,0.0,-1.5002031261444149,0.0,-0.6877519278952543,0.0
14.236,0.3357045669328096,0.0,-1.5015678886882489,0.0,-0.6770064068382196,0.0
14.238,0.3327000843188831,0.0,-1.5029111350251125,0.0,-0.6662357658292553,0.0
14.24,0.329692936770173,0.0,-1.50423281518482,0.0,-0.6554402747287014,0.0
14.242,0.3266831674685581,0.0,-1.5055328797377658,0.0,-0.6446202042632406,0.0
14.244,0.3236708196942302,0.0,-1.5068112797966668,0.0,-0.6337758260178208,0.0
14.246,0.32065593682461,0.0,-1.5080679670182557,0.0,-0.6229074124276462,0.0
14.248000000000001,0.31763856233325827,0.0,-1.509302893604982,0.0,-0.612015236770099,0.0
14.25,0.31461873978879257,0.0,-1.5105160123066799,0.0,-0.6010995731567023,0.0
14.252,0.31159651285376816,0.0,-1.5117072764222443,0.0,-0.590160696524868,0.0
14.254,0.3085719252836071,0.0,-1.5128766398012536,0.0,-0.5791988826299111,0.0
14.256,0.30554502092546676,0.0,-1.514024056845613,0.0,-0.5682144080367377,0.0
14.258000000000001,0.30251584371715395,0.0,-1.5151494825111622,0.0,-0.5572075501117064,0.0
14.26,0.29948443768601296,0.0,-1.5162528723092603,0.0,-0.5461785870144265,0.0
14.262,0.29645084694779555,0.0,-1.5173341823083835,0.0,-0.5351277976893856,0.0
14.264000000000001,0.2934151157055708,0.0,-1.5183933691356635,0.0,-0.5240554618578244,0.0
14.266,0.2903772882485899,0.0,-1.5194303899784525,0.0,-0.5129618600093127,0.0
14.268,0.28733740895116,0.0,-1.5204452025858401,0.0,-0.5018472733934433,0.0
14.27,0.2842955222715414,0.0,-1.5214377652701652,0.0,-0.49071198401154104,0.0
14.272,0.28125167275078955,0.0,-1.522408036908522,0.0,-0.47955627460814143,0.0
14.274000000000001,0.278205905011654,0.0,-1.5233559769442215,0.0,-0.4683804286627503,0.0
14.276,0.27515826375742125,0.0,-1.5242815453882654,0.0,-0.45718473038127616,0.0
14.278,0.27210879377078945,0.0,-1.5251847028207886,0.0,-0.44596946468764853,0.0
14.280000000000001,0.2690575399127224,0.0,-1.5260654103924827,0.0,-0.4347349172152949,0.0
14.282,0.26600454712132343,0.0,-1.526923629826006,0.0,-0.42348137429870436,0.0
14.284,0.2629498604106608,0.0,-1.5277593234173836,0.0,-0.4122091229648101,0.0
14.286,0.2598935248696478,0.0,-1.528572454037379,0.0,-0.4009184509245106,0.0
14.288,0.256835585660874,0.0,-1.5293629851328527,0.0,-0.3896096465640599,0.0
14.290000000000001,0.25377608801946044,0.0,-1.5301308807281093,0.0,-0.37828299893648465,0.0
14.292,0.25071507725190617,0.0,-1.5308761054262146,0.0,-0.3669387977529992,0.0
14.294,0.24765259873491274,0.0,-1.5315986244103095,0.0,-0.35557733337429404,0.0
14.296000000000001,0.24458869791424317,0.0,-1.5322984034449005,0.0,-0.34419889680193705,0.0
14.298,0.2415234203035479,0.0,-1.53297540887713,0.0,-0.3328037796696709,0.0
14.3,0.23845681148319423,0.0,-1.5336296076380314,0.0,-0.3213922742346896,0.0
14.302,0.2353889170991138,0.0,-1.5342609672437673,0.0,-0.3099646733689887,0.0
14.304,0.23231978286160337,0.0,-1.5348694557968592,0.0,-0.2985212705504827,0.0
14.306000000000001,0.22924945454418016,0.0,-1.535455041987372,0.0,-0.287062359854398,0.0
14.308,0.22617797798238976,0.0,-1.5360176950941207,0.0,-0.27558823594438,0.0
14.31,0.22310539907262578,0.0,-1.5365573849858243,0.0,-0.26409919406370874,0.0
14.312000000000001,0.2200317637709609,0.0,-1.5370740821222588,0.0,-0.25259553002652824,0.0
14.314,0.2169571180919524,0.0,-1.5375677575553977,0.0,-0.24107754020892957,0.0
14.316,0.2138815081074581,0.0,-1.5380383829305146,0.0,-0.22954552154012176,0.0
14.318,0.21080497994545727,0.0,-1.5384859304872935,0.0,-0.21799977149356176,0.0
14.32,0.20772757978884454,0.0,-1.5389103730608986,0.0,-0.20644058807801707,0.0
14.322000000000001,0.20464935387425903,0.0,-1.5393116840830383,0.0,-0.19486826982871575,0.0
14.324,0.20157034849087407,0.0,-1.5396898375830146,0.0,-0.183283115798335,0.0
14.326,0.19849060997920337,0.0,-1.5400448081887401,0.0,-0.17168542554808236,0.0
14.328000000000001,0.19541018472990793,0.0,-1.5403765711277566,0.0,-0.16007549913872138,0.0
14.33,0.19232911918259968,0.0,-1.540685102228212,0.0,-0.14845363712163007,0.0
14.332,0.1892474598246171,0.0,-1.5409703779198496,0.0,-0.13682014052966968,0.0
14.334,0.18616525318985033,0.0,-1.541232375234942,0.0,-0.12517531086832367,0.0
14.336,0.18308254585751826,0.0,-1.5414710718092457,0.0,-0.11351945010655018,0.0
14.338000000000001,0.17999938445095942,0.0,-1.5416864458829078,0.0,-0.1018528606677509,0.0
14.34,0.17691581563643846,0.0,-1.5418784763013678,0.0,-0.09017584542077128,0.0
14.342,0.17383188612190345,0.0,-1.5420471425162456,0.0,-0.07848870767067107,0.0
14.344,0.17074764265581585,0.0,-1.5421924245861949,0.0,-0.06679175114980695,0.0
14.346,0.16766313202589264,0.0,-1.542314303177755,0.0,-0.05508528000856888,0.0
14.348,0.16457840105791816,0.0,-1.5424127595661794,0.0,-0.04336959880632202,0.0
14.35,0.16149349661452075,0.0,-1.542487775636237,0.0,-0.031645012502297176,0.0
14.352,0.15840846559393587,0.0,-1.5425393338830118,0.0,-0.01991182644630618,0.0
14.354000000000001,0.15532335492881133,0.0,-1.5425674174126667,0.0,-0.008170346369743786,0.0
14.356,0.15223821158496653,0.0,-1.5425720099432043,0.0,0.0035791216237240353,0.0
14.358,0.14915308256016613,0.0,-1.5425530958051965,0.0,0.01533627106731239,0.0
14.36,0.1460680148829094,0.0,-1.5425106599425078,0.0,0.027100795140312994,0.0
14.362,0.14298305561118774,0.0,-1.5424446879129872,0.0,0.03887238667734799,0.0
14.364,0.13989825183126625,0.0,-1.5423551658891497,0.0,0.05065073817755056,0.0
14.366,0.13681365065645076,0.0,-1.5422420806588453,0.0,0.06243554181386607,0.0
14.368,0.133729299225848,0.0,-1.542105419625892,0.0,0.07422648944228721,0.0
14.370000000000001,0.13064524470314667,0.0,-1.5419451708107088,0.0,0.0860232726111203,0.0
14.372,0.12756153427538083,0.0,-1.541761322850915,0.0,0.0978255825702305,0.0
14.374,0.1244782151516832,0.0,-1.5415538650019207,0.0,0.10963311028040562,0.0
14.376,0.12139533456206542,0.0,-1.5413227871374993,0.0,0.12144554642259131,0.0
14.378,0.11831293975616242,0.0,-1.5410680797503296,0.0,0.1332625814072375,0.0
14.38,0.1152310780020147,0.0,-1.5407897339525367,0.0,0.145083905383604,0.0
14.382,0.11214979658482002,0.0,-1.5404877414761966,0.0,0.1569092082490472,0.0
14.384,0.10906914280567595,0.0,-1.5401620946738386,0.0,0.16873817965848947,0.0
14.386000000000001,0.10598916398037123,0.0,-1.5398127865189135,0.0,0.18057050903359073,0.0
14.388,0.10290990743811959,0.0,-1.539439810606257,0.0,0.1924058855722378,0.0
14.39,0.09983142052032076,0.0,-1.5390431611525237,0.0,0.20424399825786962,0.0
14.392,0.09675375057932636,0.0,-1.5386228329966043,0.0,0.2160845358687983,0.0
14.394,0.09367694497717688,0.0,-1.538178821600039,0.0,0.22792718698770703,0.0
14.396,0.09060105108437629,0.0,-1.5377111230473806,0.0,0.2397716400108965,0.0
14.398,0.08752611627863364,0.0,-1.5372197340465759,0.0,0.25161758315778354,0.0
14.4,0.0844521879436137,0.0,-1.5367046519292962,0.0,0.2634647044802799,0.0
14.402000000000001,0.08137931346770186,0.0,-1.536165874651271,0.0,0.27531269187214685,0.0
14.404,0.07830754024274456,0.0,-1.5356034007925943,0.0,0.28716123307848573,0.0
14.406,0.07523691566279625,0.0,-1.5350172295580076,0.0,0.29901001570512453,0.0
14.408,0.07216748712289082,0.0,-1.5344073607771738,0.0,0.31085872722802976,0.0
14.41,0.06909930201776399,0.0,-1.5337737949049246,0.0,0.32270705500276864,0.0
14.412,0.06603240774062358,0.0,-1.5331165330214955,0.0,0.33455468627393137,0.0
14.414,0.06296685168189434,0.0,-1.5324355768327345,0.0,0.3464013081845387,0.0
14.416,0.05990268122795594,0.0,-1.5317309286702951,0.0,0.3582466077855645,0.0
14.418000000000001,0.05683994375990326,0.0,-1.5310025914918186,0.0,0.37009027204533174,0.0
14.42,0.05377868665229233,0.0,-1.5302505688810766,0.0,0.38193198785894417,0.0
14.422,0.05071895727187592,0.0,-1.5294748650481242,0.0,0.3937714420578481,0.0
14.424,0.04766080297637094,0.0,-1.5286754848294042,0.0,0.4056083214191518,0.0
14.426,0.044604271113187766,0.0,-1.5278524336878507,0.0,0.41744231267520804,0.0
14.428,0.04154940901818677,0.0,-1.5270057177129739,0.0,0.42927310252302997,0.0
14.43,0.03849626401442957,0.0,-1.5261353436209162,0.0,0.44110037763372006,0.0
14.432,0.035444883410901504,0.0,-1.5252413187544935,0.0,0.4529238246620773,0.0
14.434000000000001,0.032395314501291815,0.0,-1.5243236510832237,0.0,0.4647431302558917,0.0
14.436,0.029347604562721907,0.0,-1.5233823492033267,0.0,0.4765579810655529,0.0
14.438,0.026301800854484497,0.0,-1.5224174223377096,0.0,0.48836806375348274,0.0
14.44,0.023257950616809374,0.0,-1.521428880335939,0.0,0.500173065003598,0.0
14.442,0.02021610106959351,0.0,-1.5204167336741783,0.0,0.5119726715308259,0.0
14.444,0.017176299411162565,0.0,-1.519380993455127,0.0,0.5237665700905159,0.0
14.446,0.0141385928170073,0.0,-1.5183216714079255,0.0,0.5355544474879944,0.0
14.448,0.011103028438529207,0.0,-1.517238779888043,0.0,0.5473359905880048,0.0
14.450000000000001,0.008069653401795244,0.0,-1.5161323318771514,0.0,0.5591108863241989,0.0
14.452,0.00503851480628888,0.0,-1.5150023409829831,0.0,0.5708788217085624,0.0
14.454,0.0020096597236439213,0.0,-1.5138488214391543,0.0,0.5826394838409765,0.0
14.456,-0.0010168648035919596,0.0,-1.5126717881049914,0.0,0.594392559918625,0.0
14.458,-0.0040410117632235345,0.0,-1.5114712564653163,0.0,0.6061377372455011,0.0
14.46,-0.0070627341746446245,0.0,-1.5102472426302311,0.0,0.6178747032418672,0.0
14.462,-0.010081985090090118,0.0,-1.508999763334875,0.0,0.6296031454536766,0.0
14.464,-0.013098717595903114,0.0,-1.5077288359391554,0.0,0.6413227515621703,0.0
14.466000000000001,-0.01611288481375782,0.0,-1.5064344784274804,0.0,0.6530332093931661,0.0
14.468,-0.019124439901925964,0.0,-1.5051167094084517,0.0,0.6647342069266482,0.0
14.47,-0.022133336056529024,0.0,-1.503775548114547,0.0,0.6764254323061896,0.0
14.472,-0.025139526512757512,0.0,-1.5024110144017895,0.0,0.688106573848333,0.0
14.474,-0.02814296454616094,0.0,-1.5010231287493832,0.0,0.6997773200521926,0.0
14.476,-0.031143603473850593,0.0,-1.4996119122593503,0.0,0.7114373596087122,0.0
14.478,-0.03414139665577544,0.0,-1.4981773866561237,0.0,0.7230863814102505,0.0
14.48,-0.037136297495951286,0.0,-1.4967195742861485,0.0,0.7347240745599496,0.0
14.482000000000001,-0.040128259443708264,0.0,-1.4952384981174411,0.0,0.7463501283811494,0.0
14.484,-0.04311723599493258,0.0,-1.4937341817391463,0.0,0.757964232426857,0.0
14.486,-0.046103180693316245,0.0,-1.4922066493610617,0.0,0.7695660764891411,0.0
14.488,-0.049086047131582954,0.0,-1.490655925813158,0.0,0.78115535060853,0.0
14.49,-0.05206578895274144,0.0,-1.4890820365450637,0.0,0.7927317450834388,0.0
14.492,-0.05504235985131736,0.0,-1.4874850076255481,0.0,0.8042949504795589,0.0
14.494,-0.058015713574586944,0.0,-1.4858648657419757,0.0,0.8158446576392105,0.0
14.496,-0.06098580392383085,0.0,-1.4842216381997368,0.0,0.8273805576908038,0.0
14.498000000000001,-0.06395258475555181,0.0,-1.4825553529216742,0.0,0.8389023420581609,0.0
14.5,-0.06691600998270614,0.0,-1.4808660384474819,0.0,0.8504097024698465,0.0
14.502,-0.06987603357596633,0.0,-1.4791537239330772,0.0,0.8619023309686618,0.0
14.504,-0.07283260956491347,0.0,-1.4774184391499792,0.0,0.8733799199208157,0.0
14.506,-0.07578569203929755,0.0,-1.475660214484634,0.0,0.8848421620254119,0.0
14.508000000000001,-0.07873523515025185,0.0,-1.473879080937756,0.0,0.8962887503237162,0.0
14.51,-0.08168119311152085,0.0,-1.4720750701236245,0.0,0.907719378208452,0.0
14.512,-0.08462352020070438,0.0,-1.4702482142693705,0.0,0.9191337394332302,0.0
14.514000000000001,-0.08756217076045297,0.0,-1.468398546214256,0.0,0.9305315281216893,0.0
14.516,-0.0904970991997141,0.0,-1.4665260994089153,0.0,0.9419124387769167,0.0
14.518,-0.09342825999494883,0.0,-1.4646309079145854,0.0,0.9532761662906835,0.0
14.52,-0.09635560769134541,0.0,-1.4627130064023297,0.0,0.9646224059527082,0.0
14.522,-0.09927909690405257,0.0,-1.4607724301522198,0.0,0.9759508534599506,0.0
14.524000000000001,-0.10219868231937651,0.0,-1.4588092150525251,0.0,0.9872612049257955,0.0
14.526,-0.10511431869601291,0.0,-1.4568233975988616,0.0,0.9985531568893655,0.0
14.528,-0.10802596086625701,0.0,-1.45481501489333,0.0,1.0098264063247089,0.0
14.530000000000001,-0.11093356373721219,0.0,-1.4527841046436443,0.0,1.0210806506500183,0.0
14.532,-0.11383708229199821,0.0,-1.4507307051622322,0.0,1.032315587736796,0.0
14.534,-0.1167364715909695,0.0,-1.448654855365313,0.0,1.04353091591911,0.0
14.536,-0.11963168677291344,0.0,-1.4465565947719663,0.0,1.0547263340027193,0.0
14.538,-0.12252268305625877,0.0,-1.4444359635031878,0.0,1.0659015412742399,0.0
14.540000000000001,-0.12540941574027836,0.0,-1.4422930022809037,0.0,1.0770562375103148,0.0
14.542,-0.12829184020628112,0.0,-1.4401277524269986,0.0,1.088190122986676,0.0
14.544,-0.13116991191883234,0.0,-1.437940255862286,0.0,1.0993028984874011,0.0
14.546000000000001,-0.13404358642692443,0.0,-1.4357305551055082,0.0,1.1103942653138454,0.0
14.548,-0.13691281936518854,0.0,-1.4334986932722742,0.0,1.1214639252938596,0.0
14.55,-0.13977756645509004,0.0,-1.4312447140739994,0.0,1.1325115807908253,0.0
14.552,-0.14263778350609857,0.0,-1.4289686618168407,0.0,1.1435369347126523,0.0
14.554,-0.1454934264169046,0.0,-1.4266705814005713,0.0,1.1545396905209588,0.0
14.556000000000001,-0.14834445117657857,0.0,-1.4243505183174936,0.0,1.1655195522399295,0.0
14.558,-0.15119081386577113,0.0,-1.4220085186512872,0.0,1.1764762244654499,0.0
14.56,-0.15403247065789757,0.0,-1.4196446290758553,0.0,1.1874094123740644,0.0
14.562000000000001,-0.15686937782029986,0.0,-1.4172588968541713,0.0,1.1983188217319016,0.0
14.564,-0.15970149171543743,0.0,-1.4148513698370662,0.0,1.2092041589037148,0.0
14.566,-0.16252876880206155,0.0,-1.4124220964620464,0.0,1.2200651308617667,0.0
14.568,-0.16535116563638153,0.0,-1.4099711257520522,0.0,1.2309014451947737,0.0
14.57,-0.16816863887323807,0.0,-1.407498507314223,0.0,1.2417128101168065,0.0
14.572000000000001,-0.17098114526726904,0.0,-1.4050042913386387,0.0,1.2524989344761828,0.0
14.574,-0.17378864167406882,0.0,-1.4024885285970459,0.0,1.2632595277642975,0.0
14.576,-0.17659108505136678,0.0,-1.3999512704415487,0.0,1.2739943001245428,0.0
14.578000000000001,-0.179388432460169,0.0,-1.3973925688033095,0.0,1.2847029623610913,0.0
14.58,-0.18218064106591783,0.0,-1.3948124761912202,0.0,1.2953852259476726,0.0
14.582,-0.1849676681396618,0.0,-1.3922110456905332,0.0,1.3060408030364856,0.0
14.584,-0.18774947105918144,0.0,-1.3895883309615278,0.0,1.3166694064668067,0.0
14.586,-0.19052600731016409,0.0,-1.386944386238098,0.0,1.3272707497738756,0.0
14.588000000000001,-0.19329723448733088,0.0,-1.3842792663263679,0.0,1.3378445471975635,0.0
14.59,-0.19606311029558243,0.0,-1.381593026603278,0.0,1.3483905136910503,0.0
14.592,-0.19882359255115448,0.0,-1.3788857230151241,0.0,1.3589083649296334,0.0
14.594,-0.20157863918272953,0.0,-1.376157412076141,0.0,1.3693978173192307,0.0
14.596,-0.20432820823259873,0.0,-1.3734081508670024,0.0,1.3798585880051601,0.0
14.598,-0.20707225785776986,0.0,-1.3706379970333453,0.0,1.3902903948806968,0.0
14.6,-0.20981074633110774,0.0,-1.367847008784271,0.0,1.4006929565956843,0.0
14.602,-0.21254363204246468,0.0,-1.3650352448908092,0.0,1.4110659925651352,0.0
14.604000000000001,-0.21527087349978521,0.0,-1.3622027646843966,0.0,1.42140922297773,0.0
14.606,-0.2179924293302412,0.0,-1.3593496280553075,0.0,1.4317223688044187,0.0
14.608,-0.22070825828134383,0.0,-1.3564758954510805,0.0,1.4420051518068946,0.0
14.61,-0.22341831922205047,0.0,-1.3535816278749406,0.0,1.452257294546075,0.0
14.612,-0.22612257114388795,0.0,-1.3506668868841762,0.0,1.462478520390591,0.0
14.614,-0.2288209731620403,0.0,-1.347731734588534,0.0,1.4726685535251693,0.0
14.616,-0.2315134845164668,0.0,-1.3447762336485622,0.0,1.4828271189591113,0.0
14.618,-0.23420006457299908,0.0,-1.3418004472739562,0.0,1.4929539425346496,0.0
14.620000000000001,-0.23688067282443337,0.0,-1.3388044392218916,0.0,1.5030487509353154,0.0
14.622,-0.23955526889162337,0.0,-1.3357882737953293,0.0,1.5131112716942443,0.0
14.624,-0.24222381252458408,0.0,-1.3327520158413018,0.0,1.523141233202585,0.0
14.626,-0.24488626360355145,0.0,-1.3296957307492014,0.0,1.5331383647176562,0.0
14.628,-0.24754258214009534,0.0,-1.326619484449026,0.0,1.5431023963713173,0.0
14.63,-0.25019272827817807,0.0,-1.3235233434096312,0.0,1.5530330591781558,0.0
14.632,-0.252836662295233,0.0,-1.3204073746369622,0.0,1.5629300850436627,0.0
14.634,-0.25547434460325247,0.0,-1.3172716456722355,0.0,1.5727932067725285,0.0
14.636000000000001,-0.2581057357498338,0.0,-1.3141162245901727,0.0,1.5826221580766486,0.0
14.638,-0.2607307964192593,0.0,-1.3109411799971487,0.0,1.592416673583365,0.0
14.64,-0.26334948743356046,0.0,-1.3077465810293565,0.0,1.6021764888435341,0.0
14.642,-0.2659617697535578,0.0,-1.3045324973509727,0.0,1.6119013403395461,0.0
14.644,-0.26856760447993905,0.0,-1.3012989991522483,0.0,1.6215909654934917,0.0
14.646,-0.2711669528542865,0.0,-1.2980461571476651,0.0,1.63124510267503,0.0
14.648,-0.27375977626013726,0.0,-1.294774042574002,0.0,1.6408634912094882,0.0
14.65,-0.27634603622402815,0.0,-1.291482727188422,0.0,1.650445871385779,0.0
14.652000000000001,-0.2789256944165243,0.0,-1.2881722832665448,0.0,1.6599919844643352,0.0
14.654,-0.28149871265325377,0.0,-1.2848427836004928,0.0,1.6695015726849851,0.0
14.656,-0.2840650528959551,0.0,-1.2814943014969153,0.0,1.6789743792748788,0.0
14.658,-0.28662467725348306,0.0,-1.278126910775022,0.0,1.6884101484562821,0.0
14.66,-0.28917754798285134,0.0,-1.2747406857645691,0.0,1.6978086254544138,0.0
14.662,-0.29172362749023306,0.0,-1.2713357013038558,0.0,1.70716955650522,0.0
14.664,-0.29426287833198495,0.0,-1.2679120327376985,0.0,1.716492688863096,0.0
14.666,-0.29679526321566707,0.0,-1.2644697559153688,0.0,1.7257777708086675,0.0
14.668000000000001,-0.29932074500103406,0.0,-1.261008947188549,0.0,1.7350245516564384,0.0
14.67,-0.30183928670104176,0.0,-1.2575296834092622,0.0,1.7442327817624204,0.0
14.672,-0.3043508514828585,0.0,-1.2540320419277484,0.0,1.7534022125318631,0.0
14.674,-0.3068554026688375,0.0,-1.2505161005904069,0.0,1.7625325964267098,0.0
14.676,-0.30935290373753077,0.0,-1.246981937737632,0.0,1.7716236869732749,0.0
14.678,-0.3118433183246557,0.0,-1.2434296322017038,0.0,1.7806752387697142,0.0
14.68,-0.3143266102240859,0.0,-1.239859263304627,0.0,1.7896870074935407,0.0
14.682,-0.31680274338882936,0.0,-1.2362709108559602,0.0,1.7986587499090996,0.0
14.684000000000001,-0.3192716819319956,0.0,-1.2326646551506468,0.0,1.8075902238749633,0.0
14.686,-0.32173339012776747,0.0,-1.2290405769668125,0.0,1.8164811883513778,0.0
14.688,-0.3241878324123725,0.0,-1.2253987575635477,0.0,1.8253314034076082,0.0
14.69,-0.32663497338502323,0.0,-1.2217392786786978,0.0,1.8341406302292609,0.0
14.692,-0.32907477780889816,0.0,-1.2180622225266045,0.0,1.8429086311256104,0.0
14.694,-0.33150721061206845,0.0,-1.2143676717958742,0.0,1.8516351695368136,0.0
14.696,-0.3339322368884592,0.0,-1.2106557096470885,0.0,1.8603200100411974,0.0
14.698,-0.33634982189878776,0.0,-1.206926419710525,0.0,1.8689629183624263,0.0
14.700000000000001,-0.33875993107149915,0.0,-1.203179886083866,0.0,1.87756366137667,0.0
14.702,-0.3411625300036944,0.0,-1.1994161933298904,0.0,1.8861220071196987,0.0
14.704,-0.3435575844620725,0.0,-1.195635426474127,0.0,1.8946377247940336,0.0
14.706,-0.34594506038383677,0.0,-1.1918376710025367,0.0,1.9031105847759524,0.0
14.708,-0.3483249238776246,0.0,-1.1880230128591411,0.0,1.9115403586225332,0.0
14.71,-0.3506971412244162,0.0,-1.1841915384436654,0.0,1.9199268190786345,0.0
14.712,-0.3530616788784412,0.0,-1.180343334609157,0.0,1.9282697400838091,0.0
14.714,-0.355418503468098,0.0,-1.1764784886595647,0.0,1.9365688967793073,0.0
14.716000000000001,-0.3577675817968308,0.0,-1.1725970883473702,0.0,1.9448240655148288,0.0
14.718,-0.3601088808440349,0.0,-1.1686992218711305,0.0,1.953035023855453,0.0
14.72,-0.36244236776595723,0.0,-1.164784977873046,0.0,1.9612015505884215,0.0
14.722,-0.3647680098965584,0.0,-1.1608544454365335,0.0,1.9693234257298466,0.0
14.724,-0.3670857747484161,0.0,-1.1569077140837154,0.0,1.9774004305315491,0.0
14.726,-0.3693956300135799,0.0,-1.1529448737729953,0.0,1.9854323474876177,0.0
14.728,-0.3716975435644533,0.0,-1.148966014896529,0.0,1.993418960341156,0.0
14.73,-0.37399148345466016,0.0,-1.1449712282777291,0.0,2.001360054090862,0.0
14.732000000000001,-0.3762774179198961,0.0,-1.1409606051687522,0.0,2.0092554149976056,0.0
14.734,-0.3785553153787855,0.0,-1.1369342372479747,0.0,2.017104830590943,0.0
14.736,-0.3808251444337387,0.0,-1.132892216617424,0.0,2.024908089675661,0.0
14.738,-0.38308687387178675,0.0,-1.12883463580025,0.0,2.0326649823382,0.0
14.74,-0.38534047266543187,0.0,-1.1247615877381352,0.0,2.04037529995309,0.0
14.742,-0.38758590997347286,0.0,-1.1206731657887175,0.0,2.0480388351893333,0.0
14.744,-0.3898231551418344,0.0,-1.1165694637230112,0.0,2.0556553820167123,0.0
14.746,-0.3920521777043995,0.0,-1.1124505757227692,0.0,2.0632247357121476,0.0
14.748000000000001,-0.3942729473838215,0.0,-1.108316596377883,0.0,2.070746692865927,0.0
14.75,-0.3964854340923346,0.0,-1.1041676206837574,0.0,2.078221051387901,0.0
14.752,-0.39868960793258035,0.0,-1.1000037440386263,0.0,2.085647610513752,0.0
14.754,-0.4008854391983795,0.0,-1.0958250622409498,0.0,2.0930261708110183,0.0
14.756,-0.4030728983755629,0.0,-1.0916316714866956,0.0,2.100356534185293,0.0
14.758000000000001,-0.4052519561427409,0.0,-1.087423668366687,0.0,2.107638503886233,0.0
14.76,-0.4074225833720992,0.0,-1.083201149863898,0.0,2.1148718845135885,0.0
14.762,-0.40958475113018183,0.0,-1.0789642133507396,0.0,2.1220564820231966,0.0
14.764000000000001,-0.4117384306786609,0.0,-1.0747129565863651,0.0,2.1291921037328754,0.0
14.766,-0.4138835934751121,0.0,-1.0704474777139161,0.0,2.1362785583283674,0.0
14.768,-0.4160202111737838,0.0,-1.066167875257789,0.0,2.1433156558691704,0.0
14.77,-0.4181482556263473,0.0,-1.0618742481208843,0.0,2.1503032077943436,0.0
14.772,-0.4202676988826585,0.0,-1.057566695581835,0.0,2.1572410269282933,0.0
14.774000000000001,-0.42237851319150077,0.0,-1.053245317292249,0.0,2.164128927486463,0.0
14.776,-0.42448067100133213,0.0,-1.0489102132738977,0.0,2.170966725081063,0.0
14.778,-0.42657414496102714,0.0,-1.0445614839159234,0.0,2.177754236726689,0.0
14.780000000000001,-0.4286589079206,0.0,-1.040199229972036,0.0,2.1844912808459256,0.0
14.782,-0.4307349329319279,0.0,-1.0358235525576964,0.0,2.191177677274876,0.0
14.784,-0.43280219324949076,0.0,-1.0314345531472597,0.0,2.197813247268722,0.0
14.786,-0.4348606623310654,0.0,-1.0270323335711584,0.0,2.204397813507157,0.0
14.788,-0.43691031383844636,0.0,-1.0226169960130285,0.0,2.2109312000998234,0.0
14.790000000000001,-0.43895112163814576,0.0,-1.0181886430068547,0.0,2.2174132325916984,0.0
14.792,-0.4409830598020871,0.0,-1.0137473774341055,0.0,2.223843737968396,0.0
14.794,-0.44300610260831286,0.0,-1.0092933025208037,0.0,2.230222544661543,0.0
14.796000000000001,-0.4450202245416484,0.0,-1.0048265218346906,0.0,2.2365494825539223,0.0
14.798,-0.4470254002943995,0.0,-1.0003471392822654,0.0,2.2428243829847605,0.0
14.8,-0.44902160476702163,0.0,-0.9958552591058893,0.0,2.2490470787548587,0.0
14.802,-0.45100881306878204,0.0,-0.9913509858808757,0.0,2.255217404131679,0.0
14.804,-0.4529870005184409,0.0,-0.9868344245124996,0.0,2.2613351948544933,0.0
14.806000000000001,-0.4549561426448855,0.0,-0.982305680233112,0.0,2.267400288139313,0.0
14.808,-0.4569162151877966,0.0,-0.9777648585991372,0.0,2.2734125226839392,0.0
14.81,-0.4588671940982903,0.0,-0.9732120654881149,0.0,2.279371738672874,0.0
14.812000000000001,-0.4608090555395557,0.0,-0.968647407095728,0.0,2.2852777777822117,0.0
14.814,-0.46274177588748683,0.0,-0.9640709899328223,0.0,2.291130483184467,0.0
14.816,-0.46466533173131525,0.0,-0.959482920822381,0.0,2.2969296995534068,0.0
14.818,-0.4665796998742246,0.0,-0.9548833068965462,0.0,2.302675273068773,0.0
14.82,-0.4684848573339754,0.0,-0.950272255593583,0.0,2.3083670514210075,0.0
14.822000000000001,-0.47038078134350303,0.0,-0.9456498746548634,0.0,2.314004883815901,0.0
14.824,-0.4722674493515261,0.0,-0.9410162721218391,0.0,2.3195886209791956,0.0
14.826,-0.4741448390231463,0.0,-0.936371556332972,0.0,2.3251181151611817,0.0
14.828000000000001,-0.47601292824043673,0.0,-0.9317158359206947,0.0,2.3305932201412025,0.0
14.83,-0.4778716951030214,0.0,-0.9270492198083691,0.0,2.3360137912320997,0.0
14.832,-0.47972111792867,0.0,-0.9223718172071609,0.0,2.3413796852847097,0.0
14.834,-0.48156117525384934,0.0,-0.9176837376130262,0.0,2.346690760692155,0.0
14.836,-0.4833918458343059,0.0,-0.9129850908035655,0.0,2.3519468773942473,0.0
14.838000000000001,-0.4852131086456185,0.0,-0.9082759868349598,0.0,2.3571478968817345,0.0
14.84,-0.48702494288375336,0.0,-0.9035565360388539,0.0,2.362293682200548,0.0
14.842,-0.4888273279656197,0.0,-0.8988268490192325,0.0,2.3673840979559997,0.0
14.844000000000001,-0.49062024352959344,0.0,-0.8940870366493239,0.0,2.3724190103168965,0.0
14.846,-0.4924036694360693,0.0,-0.8893372100684404,0.0,2.377398287019666,0.0
14.848,-0.4941775857679877,0.0,-0.8845774806788484,0.0,2.3823217973723887,0.0
14.85,-0.49594197283134805,0.0,-0.8798079601426319,0.0,2.3871894122587882,0.0
14.852,-0.49769681115573466,0.0,-0.8750287603785152,0.0,2.3920010041421955,0.0
14.854000000000001,-0.49944208149482017,0.0,-0.8702399935587338,0.0,2.3967564470694227,0.0
14.856,-0.5011777648268738,0.0,-0.8654417721058247,0.0,2.401455616674647,0.0
14.858,-0.5029038423552613,0.0,-0.86063420868947,0.0,2.4060983901831974,0.0
14.86,-0.5046202955089266,0.0,-0.8558174162233134,0.0,2.410684646415305,0.0
14.862,-0.5063271059428863,0.0,-0.8509915078617476,0.0,2.4152142657898237,0.0
14.864,-0.5080242555387006,0.0,-0.8461565969967434,0.0,2.41968713032786,0.0
14.866,-0.5097117264049489,0.0,-0.8413127972546133,0.0,2.4241031236564092,0.0
14.868,-0.5113895008776996,0.0,-0.836460222492804,0.0,2.4284621310119014,0.0
14.870000000000001,-0.5130575615209598,0.0,-0.8315989867966798,0.0,2.4327640392437098,0.0
14.872,-0.5147158911271321,0.0,-0.8267292044763056,0.0,2.4370087368175914,0.0
14.874,-0.5163644727174652,0.0,-0.8218509900631622,0.0,2.4411961138191476,0.0
14.876,-0.5180032895424839,0.0,-0.8169644583069721,0.0,2.4453260619571164,0.0
14.878,-0.5196323250824364,0.0,-0.8120697241723907,0.0,2.44939847456674,0.0
14.88,-0.5212515630477033,0.0,-0.8071669028357795,0.0,2.4534132466129943,0.0
14.882,-0.5228609873792289,0.0,-0.8022561096819536,0.0,2.45737027469379,0.0
14.884,-0.5244605822489402,0.0,-0.7973374603008656,0.0,2.46126945704318,0.0
14.886000000000001,-0.5260503320601384,0.0,-0.7924110704843875,0.0,2.465110693534406,0.0
14.888,-0.5276302214479104,0.0,-0.7874770562229947,0.0,2.4688938856830043,0.0
14.89,-0.5292002352795208,0.0,-0.782535533702478,0.0,2.4726189366497984,0.0
14.892,-0.5307603586547942,0.0,-0.7775866193006824,0.0,2.4762857512438425,0.0
14.894,-0.5323105769065084,0.0,-0.7726304295841494,0.0,2.4798942359253706,0.0
14.896,-0.5338508756007524,0.0,-0.7676670813048792,0.0,2.4834442988086,0.0
14.898,-0.5353812405373051,0.0,-0.7626966913969718,0.0,2.486935849664579,0.0
14.9,-0.5369016577499929,0.0,-0.7577193769733239,0.0,2.490368799923925,0.0
14.902000000000001,-0.5384121135070439,0.0,-0.7527352553223113,0.0,2.493743062679532,0.0
14.904,-0.539912594311433,0.0,-0.7477444439044714,0.0,2.4970585526892135,0.0
14.906,-0.5414030869012333,0.0,-0.7427470603491404,0.0,2.5003151863783257,0.0
14.908,-0.542883578249931,0.0,-0.7377432224511471,0.0,2.5035128818422994,0.0
14.91,-0.5443540555667761,0.0,-0.7327330481674484,0.0,2.5066515588491503,0.0
14.912,-0.5458145062970847,0.0,-0.7277166556137952,0.0,2.5097311388419237,0.0
14.914,-0.5472649181225626,0.0,-0.7226941630613782,0.0,2.5127515449410827,0.0
14.916,-0.5487052789616103,0.0,-0.7176656889334656,0.0,2.5157127019468697,0.0
14.918000000000001,-0.5501355769696246,0.0,-0.7126313518020375,0.0,2.5186145363415897,0.0
14.92,-0.55155580053929,0.0,-0.7075912703844347,0.0,2.521456976291852,0.0
14.922,-0.5529659383008738,0.0,-0.7025455635399663,0.0,2.524239951650768,0.0
14.924,-0.5543659791224946,0.0,-0.6974943502665708,0.0,2.52696339396007,0.0
14.926,-0.555755912110407,0.0,-0.6924377496973769,0.0,2.5296272364522316,0.0
14.928,-0.5571357266092615,0.0,-0.6873758810973898,0.0,2.532231414052462,0.0
14.93,-0.5585054122023678,0.0,-0.6823088638600545,0.0,2.534775863380719,0.0
14.932,-0.5598649587119523,0.0,-0.6772368175038728,0.0,2.5372605227536296,0.0
14.934000000000001,-0.561214356199397,0.0,-0.6721598616690336,0.0,2.5396853321863584,0.0
14.936,-0.5625535949654794,0.0,-0.6670781161139834,0.0,2.5420502333944475,0.0
14.938,-0.5638826655506181,0.0,-0.6619917007120334,0.0,2.544355169795587,0.0
14.94,-0.565201558735084,0.0,-0.6569007354479645,0.0,2.5466000865113294,0.0
14.942,-0.5665102655392285,0.0,-0.6518053404145983,0.0,2.548784930368768,0.0
14.944,-0.5678087772236928,0.0,-0.646705635809408,0.0,2.550909649902143,0.0
14.946,-0.5690970852896141,0.0,-0.6416017419310838,0.0,2.552974195354415,0.0
14.948,-0.5703751814788296,0.0,-0.6364937791761154,0.0,2.554978518678774,0.0
14.950000000000001,-0.5716430577740601,0.0,-0.6313818680353777,0.0,2.5569225735400973,0.0
14.952,-0.5729007063991003,0.0,-0.6262661290907184,0.0,2.5588063153163483,0.0
14.954,-0.5741481198189984,0.0,-0.6211466830114806,0.0,2.560629701099952,0.0
14.956,-0.5753852907402228,0.0,-0.6160236505511442,0.0,2.5623926896990668,0.0
14.958,-0.5766122121108355,0.0,-0.6108971525438306,0.0,2.5640952416388596,0.0
14.96,-0.5778288771206401,0.0,-0.6057673099008998,0.0,2.5657373191626847,0.0
14.962,-0.5790352792013376,0.0,-0.6006342436075223,0.0,2.5673188862332266,0.0
14.964,-0.5802314120266723,0.0,-0.5954980747191873,0.0,2.568839908533606,0.0
14.966000000000001,-0.5814172695125652,0.0,-0.5903589243583319,0.0,2.5703003534683937,0.0
14.968,-0.5825928458172456,0.0,-0.585216913710846,0.0,2.571700190164611,0.0
14.97,-0.5837581353413807,0.0,-0.5800721640226373,0.0,2.573039389472659,0.0
14.972,-0.5849131327281765,0.0,-0.5749247965962047,0.0,2.5743179239671847,0.0
14.974,-0.5860578328635082,0.0,-0.5697749327871513,0.0,2.575535767947924,0.0
14.976,-0.5871922308760064,0.0,-0.5646226940007746,0.0,2.5766928974404584,0.0
14.978,-0.5883163221371602,0.0,-0.5594682016885871,0.0,2.5777892901969413,0.0
14.98,-0.5894301022614059,0.0,-0.5543115773448648,0.0,2.5788249256967632,0.0
14.982000000000001,-0.5905335671062075,0.0,-0.5491529425032003,0.0,2.5797997851471637,0.0
14.984,-0.5916267127721313,0.0,-0.543992418733055,0.0,2.5807138514837886,0.0
14.986,-0.5927095356029203,0.0,-0.5388301276362716,0.0,2.5815671093712025,0.0
14.988,-0.5937820321855457,0.0,-0.5336661908436474,0.0,2.5823595452033343,0.0
14.99,-0.5948441993502684,0.0,-0.5285007300114529,0.0,2.5830911471038855,0.0
14.992,-0.595896034170684,0.0,-0.5233338668179843,0.0,2.583761904926669,0.0
14.994,-0.5969375339637628,0.0,-0.5181657229601115,0.0,2.584371810255908,0.0
14.996,-0.5979686962898882,0.0,-0.5129964201497869,0.0,2.5849208564064767,0.0
14.998000000000001,-0.5989895189528778,0.0,-0.5078260801106147,0.0,2.585409038424085,0.0
15.0,-0.5999999999999998,0.0,-0.5026548245743705,0.0,2.5858363530854116,0.0
15.002,-0.6010001377220004,0.0,-0.4974827752775417,0.0,2.586202798898191,0.0
15.004,-0.6019899306530951,0.0,-0.4923100539578913,0.0,2.5865083761012335,0.0
15.006,-0.6029693775709744,0.0,-0.487136782350937,0.0,2.586753086664405,0.0
15.008000000000001,-0.6039384774967946,0.0,-0.4819630821865604,0.0,2.586936934288545,0.0
15.01,-0.6048972296951621,0.0,-0.4767890751854947,0.0,2.587059924405336,0.0
15.012,-0.6058456336741169,0.0,-0.471614883055872,0.0,2.587122064177118,0.0
15.014000000000001,-0.6067836891850955,0.0,-0.4664406274897885,0.0,2.5871233624966523,0.0
15.016,-0.6077113962229012,0.0,-0.461266430159812,0.0,2.5870638299868225,0.0
15.018,-0.6086287550256596,0.0,-0.4560924127155326,0.0,2.5869434790002983,0.0
15.02,-0.6095357660747689,0.0,-0.4509186967801141,0.0,2.5867623236191317,0.0
15.022,-0.6104324300948478,0.0,-0.44574540394681467,0.0,2.5865203796543073,0.0
15.024000000000001,-0.6113187480536654,0.0,-0.4405726557755603,0.0,2.5862176646452415,0.0
15.026,-0.6121947211620749,0.0,-0.4354005737894585,0.0,2.5858541978592164,0.0
15.028,-0.6130603508739367,0.0,-0.43022927947135425,0.0,2.5854300002907777,0.0
15.030000000000001,-0.6139156388860332,0.0,-0.4250588942603725,0.0,2.584945094661065,0.0
15.032,-0.6147605871379792,0.0,-0.419889539548493,0.0,2.584399505417101,0.0
15.034,-0.6155951978121225,0.0,-0.41472133667703903,0.0,2.583793258731011,0.0
15.036,-0.6164194733334394,0.0,-0.40955440693330225,0.0,2.583126382499213,0.0
15.038,-0.6172334163694277,0.0,-0.4043888715470329,0.0,2.582398906341532,0.0
15.040000000000001,-0.6180370298299801,0.0,-0.39922485168702565,0.0,2.581610861600274,0.0
15.042,-0.618830316867265,0.0,-0.394062468457685,0.0,2.5807622813392492,0.0
15.044,-0.619613280875591,0.0,-0.3889018428955324,0.0,2.579853200342722,0.0
15.046000000000001,-0.6203859254912707,0.0,-0.38374309596583583,0.0,2.5788836551143426,0.0
15.048,-0.6211482545924706,0.0,-0.3785863485591217,0.0,2.577853683875992,0.0
15.05,-0.6219002722990647,0.0,-0.37343172148774856,0.0,2.576763326566595,0.0
15.052,-0.6226419829724681,0.0,-0.36827933548250613,0.0,2.575612624840875,0.0
15.054,-0.6233733912154719,0.0,-0.36312931118912306,0.0,2.574401622068044,0.0
15.056000000000001,-0.624094501872073,0.0,-0.3579817691649129,0.0,2.5731303633304696,0.0
15.058,-0.6248053200272892,0.0,-0.352836829875288,0.0,2.5717988954222526,0.0
15.06,-0.6255058510069786,0.0,-0.3476946136903747,0.0,2.570407266847782,0.0
15.062000000000001,-0.6261961003776387,0.0,-0.3425552408815682,0.0,2.5689555278202167,0.0
15.064,-0.6268760739462046,0.0,-0.3374188316181512,0.0,2.5674437302599333,0.0
15.066,-0.6275457777598523,0.0,-0.3322855059638393,0.0,2.5658719277929016,0.0
15.068,-0.6282052181057722,0.0,-0.32715538387340387,0.0,2.564240175749023,0.0
15.07,-0.6288544015109532,0.0,-0.32202858518924593,0.0,2.5625485311604095,0.0
15.072000000000001,-0.6294933347419539,0.0,-0.3169052296380038,0.0,2.560797052759611,0.0
15.074,-0.6301220248046671,0.0,-0.31178543682716375,0.0,2.5589858009777986,0.0
15.076,-0.6307404789440814,0.0,-0.3066693262416341,0.0,2.557114837942878,0.0
15.078000000000001,-0.6313487046440265,0.0,-0.3015570172403831,0.0,2.5551842274775654,0.0
15.08,-0.6319467096269225,0.0,-0.29644862905303987,0.0,2.5531940350974094,0.0
15.082,-0.6325345018535158,0.0,-0.2913442807765012,0.0,2.551144328008753,0.0
15.084,-0.6331120895226119,0.0,-0.28624409137158646,0.0,2.5490351751066633,0.0
15.086,-0.6336794810708,0.0,-0.2811481796596039,0.0,2.5468666469727683,0.0
15.088000000000001,-0.634236685172168,0.0,-0.2760566643190412,0.0,2.5446388158731006,0.0
15.09,-0.6347837107380159,0.0,-0.27096966388216237,0.0,2.5423517557558357,0.0
15.092,-0.6353205669165579,0.0,-0.265887296731646,0.0,2.540005542249003,0.0
15.094000000000001,-0.6358472630926233,0.0,-0.2608096810972552,0.0,2.537600252658158,0.0
15.096,-0.6363638088873441,0.0,-0.2557369350524546,0.0,2.535135965963966,0.0
15.098,-0.6368702141578397,0.0,-0.25066917651107157,0.0,2.5326127628197717,0.0
15.1,-0.6373664889968942,0.0,-0.24560652322396526,0.0,2.530030725549093,0.0
15.102,-0.6378526437326306,0.0,-0.24054909277566702,0.0,2.5273899381430747,0.0
15.104000000000001,-0.6383286889281699,0.0,-0.23549700258107842,0.0,2.5246904862578985,0.0
15.106,-0.6387946353812899,0.0,-0.23045036988211454,0.0,2.521932457212113,0.0
15.108,-0.639250494124077,0.0,-0.22540931174439016,0.0,2.519115939983942,0.0
15.11,-0.639696276422569,0.0,-0.2203739450539155,0.0,2.516241025208534,0.0
15.112,-0.6401319937763963,0.0,-0.21534438651376644,0.0,2.5133078051751507,0.0
15.114,-0.6405576579184066,0.0,-0.2103207526407944,0.0,2.510316373824316,0.0
15.116,-0.6409732808142936,0.0,-0.20530315976232283,0.0,2.5072668267449165,0.0
15.118,-0.6413788746622135,0.0,-0.2002917240128492,0.0,2.5041592611712318,0.0
15.120000000000001,-0.6417744518923946,0.0,-0.19528656133075065,0.0,2.500993775979933,0.0
15.122,-0.6421600251667445,0.0,-0.19028778745503527,0.0,2.497770471687042,0.0
15.124,-0.6425356073784484,0.0,-0.1852955179220068,0.0,2.4944894504447843,0.0
15.126,-0.6429012116515528,0.0,-0.18030986806206645,0.0,2.491150816038482,0.0
15.128,-0.6432568513405634,0.0,-0.17533095299639007,0.0,2.4877546738833045,0.0
15.13,-0.6436025400300116,0.0,-0.17035888763370305,0.0,2.4843011310210272,0.0
15.132,-0.6439382915340346,0.0,-0.16539378666703827,0.0,2.4807902961167394,0.0
15.134,-0.6442641198959322,0.0,-0.16043576457044514,0.0,2.477222279455438,0.0
15.136000000000001,-0.6445800393877358,0.0,-0.15548493559581844,0.0,2.4735971929386853,0.0
15.138,-0.644886064509752,0.0,-0.1505414137696218,0.0,2.4699151500811,0.0
15.14,-0.6451822099901162,0.0,-0.14560531288967596,0.0,2.4661762660068733,0.0
15.142,-0.6454684907843249,0.0,-0.14067674652195583,0.0,2.4623806574462117,0.0
15.144,-0.6457449220747715,0.0,-0.13575582799736055,0.0,2.4585284427317204,0.0
15.146,-0.646011519270277,0.0,-0.13084267040854416,0.0,2.4546197417947764,0.0
15.148,-0.646268298005602,0.0,-0.1259373866066847,0.0,2.45065467616179,0.0
15.15,-0.6465152741409708,0.0,-0.12104008919831943,0.0,2.446633368950473,0.0
15.152000000000001,-0.6467524637615703,0.0,-0.1161508905421626,0.0,2.442555944866034,0.0
15.154,-0.6469798831770519,0.0,-0.11126990274594473,0.0,2.4384225301973355,0.0
15.156,-0.6471975489210348,0.0,-0.10639723766322046,0.0,2.434233252812979,0.0
15.158,-0.6474054777505831,0.0,-0.10153300689024364,0.0,2.4299882421573713,0.0
15.16,-0.6476036866456993,0.0,-0.09667732176279745,0.0,2.425687629246725,0.0
15.162,-0.6477921928087865,0.0,-0.09183029335306792,0.0,2.421331546665009,0.0
15.164,-0.6479710136641323,0.0,-0.0869920324665227,0.0,2.416920128559888,0.0
15.166,-0.6481401668573638,0.0,-0.0821626496387422,0.0,2.4124535106385183,0.0
15.168000000000001,-0.6482996702549075,0.0,-0.0773422551323682,0.0,2.407931830163441,0.0
15.17,-0.6484495419434388,0.0,-0.07253095893395117,0.0,2.403355225948286,0.0
15.172,-0.6485898002293269,0.0,-0.06772887075086259,0.0,2.398723838353509,0.0
15.174,-0.648720463638075,0.0,-0.06293610000822414,0.0,2.394037809282084,0.0
15.176,-0.6488415509137524,0.0,-0.058152755845793824,0.0,2.3892972821750735,0.0
15.178,-0.6489530810184191,0.0,-0.05337894711492963,0.0,2.3845024020072687,0.0
15.18,-0.649055073131547,0.0,-0.048614782375504706,0.0,2.3796533152826678,0.0
15.182,-0.6491475466494323,0.0,-0.04386036989284969,0.0,2.3747501700299734,0.0
15.184000000000001,-0.6492305211846078,0.0,-0.03911581763473404,0.0,2.3697931157980503,0.0
15.186,-0.6493040165652384,0.0,-0.03438123326830267,0.0,2.3647823036512765,0.0
15.188,-0.6493680528345254,0.0,-0.029656724157057,0.0,2.3597178861649084,0.0
15.19,-0.6494226502500824,0.0,-0.024942397357850143,0.0,2.3546000174203723,0.0
15.192,-0.6494678292833359,0.0,-0.020238359617860746,0.0,2.3494288530005125,0.0
15.194,-0.6495036106188896,0.0,-0.015544717371607841,0.0,2.344204549984793,0.0
15.196,-0.6495300151539045,0.0,-0.010861576737968948,0.0,2.3389272669444754,0.0
15.198,-0.649547063997458,0.0,-0.006189043517175363,0.0,2.3335971639376947,0.0
15.200000000000001,-0.6495547784699082,0.0,-0.0015272231878668552,0.0,2.32821440250455,0.0
15.202,-0.6495531801022464,0.0,0.0031237790958689726,0.0,2.3227791456621416,0.0
15.204,-0.6495422906354462,0.0,0.007763858507467303,0.0,2.317291557899492,0.0
15.206,-0.6495221320198034,0.0,0.012392910550791336,0.0,2.311751805172549,0.0
15.208,-0.6494927264142719,0.0,0.017010831063092535,0.0,2.3061600548990144,0.0
15.21,-0.6494540961857964,0.0,0.02161751621791086,0.0,2.300516475953207,0.0
15.212,-0.6494062639086371,0.0,0.02621286252797389,0.0,2.294821238660887,0.0
15.214,-0.6493492523636848,0.0,0.030796766848137702,0.0,2.2890745147939326,0.0
15.216000000000001,-0.6492830845377799,0.0,0.03536912637821388,0.0,2.2832764775651473,0.0
15.218,-0.6492077836230088,0.0,0.03992983866588934,0.0,2.2774273016228452,0.0
15.22,-0.6491233730160196,0.0,0.04447880160958201,0.0,2.2715271630455076,0.0
15.222,-0.6490298763173072,0.0,0.049015913461283755,0.0,2.2655762393363554,0.0
15.224,-0.6489273173305048,0.0,0.05354107282942483,0.0,2.259574709417869,0.0
15.226,-0.6488157200616743,0.0,0.05805417868167906,0.0,2.2535227536263123,0.0
15.228,-0.6486951087185765,0.0,0.06255513034781157,0.0,2.2474205537061347,0.0
15.23,-0.6485655077099517,0.0,0.06704382752248328,0.0,2.241268292804401,0.0
15.232000000000001,-0.6484269416447808,0.0,0.0715201702680417,0.0,2.2350661554651445,0.0
15.234,-0.6482794353315525,0.0,0.07598405901731126,0.0,2.2288143276237027,0.0
15.236,-0.6481230137775142,0.0,0.08043539457638343,0.0,2.222512996600959,0.0
15.238,-0.6479577021879268,0.0,0.08487407812736253,0.0,2.216162351097604,0.0
15.24,-0.6477835259653109,0.0,0.0893000112311379,0.0,2.209762581188314,0.0
15.242,-0.6476005107086802,0.0,0.09371309583011384,0.0,2.2033138783158974,0.0
15.244,-0.6474086822127852,0.0,0.09811323425093127,0.0,2.196816435285439,0.0
15.246,-0.647208066467329,0.0,0.1025003292072264,0.0,2.1902704462582796,0.0
15.248000000000001,-0.6469986896562053,0.0,0.10687428380228159,0.0,2.183676106746149,0.0
15.25,-0.6467805781567064,0.0,0.11123500153176047,0.0,2.177033613605069,0.0
15.252,-0.646553758538737,0.0,0.11558238628638418,0.0,2.1703431650293172,0.0
15.254,-0.6463182575640269,0.0,0.11991634235457466,0.0,2.163604960545368,0.0
15.256,-0.6460741021853255,0.0,0.12423677442516423,0.0,2.1568192010056624,0.0
15.258000000000001,-0.6458213195456057,0.0,0.1285435875899809,0.0,2.149986088582543,0.0
15.26,-0.6455599369772477,0.0,0.13283668734653228,0.0,2.1431058267619383,0.0
15.262,-0.6452899820012303,0.0,0.13711597960059851,0.0,2.136178620337147,0.0
15.264000000000001,-0.6450114823263116,0.0,0.14138137066884715,0.0,2.1292046754025487,0.0
15.266,-0.6447244658482009,0.0,0.14563276728143143,0.0,2.1221841993472292,0.0
15.268,-0.6444289606487342,0.0,0.1498700765845773,0.0,2.115117400848623,0.0
15.27,-0.6441249949950358,0.0,0.15409320614314026,0.0,2.1080044898660946,0.0
15.272,-0.6438125973386777,0.0,0.15830206394317942,0.0,2.100845677634474,0.0
15.274000000000001,-0.6434917963148377,0.0,0.16249655839449018,0.0,2.0936411766575613,0.0
15.276,-0.6431626207414496,0.0,0.16667659833313048,0.0,2.086391200701618,0.0
15.278,-0.6428250996183461,0.0,0.17084209302396275,0.0,2.0790959647887455,0.0
15.280000000000001,-0.6424792621263985,0.0,0.17499295216313776,0.0,2.0717556851903014,0.0
15.282,-0.6421251376266521,0.0,0.17912908588058085,0.0,2.06437057942028,0.0
15.284,-0.6417627556594558,0.0,0.18325040474250898,0.0,2.0569408662285356,0.0
15.286,-0.6413921459435921,0.0,0.18735681975384094,0.0,2.0494667655941754,0.0
15.288,-0.6410133383753875,0.0,0.19144824236069674,0.0,2.0419484987186993,0.0
15.290000000000001,-0.6406263630278355,0.0,0.1955245844528078,0.0,2.0343862880192445,0.0
15.292,-0.6402312501497057,0.0,0.19958575836594478,0.0,2.026780357121772,0.0
15.294,-0.6398280301646444,0.0,0.2036316768843533,0.0,2.019130930854107,0.0
15.296000000000001,-0.6394167336702841,0.0,0.20766225324310678,0.0,2.011438235239149,0.0
15.298,-0.6389973914373306,0.0,0.21167740113052486,0.0,2.0037024974878292,0.0
15.3,-0.638570034408658,0.0,0.21567703469053456,0.0,1.9959239459921683,0.0
15.302,-0.6381346936983953,0.0,0.21966106852501405,0.0,1.9881028103182588,0.0
15.304,-0.6376914005910088,0.0,0.22362941769615302,0.0,1.980239321199194,0.0
15.306000000000001,-0.6372401865403793,0.0,0.22758199772875387,0.0,1.9723337105280208,0.0
15.308,-0.636781083168871,0.0,0.2315187246125675,0.0,1.9643862113505604,0.0
15.31,-0.6363141222664016,0.0,0.23543951480458636,0.0,1.9563970578582799,0.0
15.312000000000001,-0.6358393357895059,0.0,0.23934428523132228,0.0,1.94836648538109,0.0
15.314,-0.6353567558603981,0.0,0.2432329532910713,0.0,1.9402947303801472,0.0
15.316,-0.6348664147660162,0.0,0.24710543685619107,0.0,1.9321820304405333,0.0
15.318,-0.6343683449570807,0.0,0.2509616542753162,0.0,1.9240286242640043,0.0
15.32,-0.6338625790471385,0.0,0.25480152437560205,0.0,1.9158347516616439,0.0
15.322000000000001,-0.6333491498115963,0.0,0.25862496646493127,0.0,1.9076006535464896,0.0
15.324,-0.6328280901867694,0.0,0.2624319003340951,0.0,1.8993265719261796,0.0
15.326,-0.6322994332689011,0.0,0.26622224625900387,0.0,1.8910127498954563,0.0
15.328000000000001,-0.6317632123131987,0.0,0.26999592500282993,0.0,1.8826594316287495,0.0
15.33,-0.6312194607328526,0.0,0.2737528578181676,0.0,1.874266862372667,0.0
15.332,-0.6306682120980583,0.0,0.2774929664491794,0.0,1.8658352884384528,0.0
15.334,-0.6301095001350322,0.0,0.2812161731336906,0.0,1.857364957194481,0.0
15.336,-0.6295433587250108,0.0,0.2849224006053384,0.0,1.848856117058551,0.0
15.338000000000001,-0.6289698219032753,0.0,0.28861157209561683,0.0,1.840309017490403,0.0
15.34,-0.628388923858139,0.0,0.2922836113359838,0.0,1.8317239089839559,0.0
15.342,-0.6278006989299534,0.0,0.29593844255991936,0.0,1.8231010430596524,0.0
15.344000000000001,-0.6272051816100976,0.0,0.299575990504949,0.0,1.814440672256778,0.0
15.346,-0.626602406539968,0.0,0.30319618041470403,0.0,1.805743050125646,0.0
15.348,-0.6259924085099721,0.0,0.30679893804091174,0.0,1.7970084312198682,0.0
15.35,-0.6253752224584986,0.0,0.31038418964540826,0.0,1.7882370710885231,0.0
15.352,-0.6247508834709016,0.0,0.31395186200211717,0.0,1.7794292262683211,0.0
15.354000000000001,-0.6241194267784739,0.0,0.3175018823990147,0.0,1.7705851542757305,0.0
15.356,-0.6234808877574192,0.0,0.32103417864007694,0.0,1.761705113599112,0.0
15.358,-0.622835301927814,0.0,0.3245486790472343,0.0,1.7527893636907295,0.0
15.36,-0.622182704952571,0.0,0.32804531246226876,0.0,1.7438381649588417,0.0
15.362,-0.6215231326363965,0.0,0.3315240082487363,0.0,1.734851778759693,0.0
15.364,-0.6208566209247476,0.0,0.3349846962938425,0.0,1.7258304673895029,0.0
15.366,-0.6201832059027838,0.0,0.3384273070103127,0.0,1.7167744940764547,0.0
15.368,-0.6195029237943102,0.0,0.3418517713382662,0.0,1.7076841229725637,0.0
15.370000000000001,-0.618815810960721,0.0,0.34525802074703704,0.0,1.6985596191456152,0.0
15.372,-0.6181219038999474,0.0,0.3486459872369961,0.0,1.6894012485710768,0.0
15.374,-0.6174212392453762,0.0,0.3520156033413855,0.0,1.6802092781238276,0.0
15.376,-0.6167138537648039,0.0,0.3553668021280683,0.0,1.6709839755701301,0.0
15.378,-0.6159997843593533,0.0,0.35869951720133897,0.0,1.6617256095593047,0.0
15.38,-0.6152790680623936,0.0,0.3620136827036635,0.0,1.652434449615545,0.0
15.382,-0.6145517420384761,0.0,0.3653092333174196,0.0,1.6431107661296593,0.0
15.384,-0.6138178435822441,0.0,0.3685861042666354,0.0,1.6337548303507616,0.0
15.386000000000001,-0.613077410117352,0.0,0.3718442313186775,0.0,1.6243669143780106,0.0
15.388,-0.6123304791953724,0.0,0.37508355078595945,0.0,1.6149472911522094,0.0
15.39,-0.6115770884947052,0.0,0.3783039995276145,0.0,1.605496234447478,0.0
15.392,-0.6108172758194859,0.0,0.38150551495114343,0.0,1.5960140188628684,0.0
15.394,-0.610051079098485,0.0,0.38468803501407245,0.0,1.5865009198139317,0.0
15.396,-0.6092785363840085,0.0,0.3878514982255571,0.0,1.5769572135243313,0.0
15.398,-0.6084996858507886,0.0,0.39099584364800655,0.0,1.56738317701732,0.0
15.4,-0.6077145657948777,0.0,0.39412101089867285,0.0,1.5577790881072902,0.0
15.402000000000001,-0.6069232146325375,0.0,0.3972269401512171,0.0,1.5481452253912573,0.0
15.404,-0.6061256708991278,0.0,0.4003135721372649,0.0,1.5384818682403651,0.0
15.406,-0.6053219732479863,0.0,0.40338084814796044,0.0,1.528789296791269,0.0
15.408,-0.6045121604492993,0.0,0.4064287100354745,0.0,1.5190677919376006,0.0
15.41,-0.6036962713889956,0.0,0.40945710021451837,0.0,1.5093176353213615,0.0
15.412,-0.6028743450676057,0.0,0.41246596166382576,0.0,1.499539109324294,0.0
15.414,-0.6020464205991444,0.0,0.41545523792762007,0.0,1.4897324970592873,0.0
15.416,-0.6012125372099585,0.0,0.4184248731170911,0.0,1.4798980823615917,0.0
15.418000000000001,-0.6003727342376173,0.0,0.42137481191179765,0.0,1.470036149780292,0.0
15.42,-0.5995270511297539,0.0,0.4243049995611095,0.0,1.4601469845694783,0.0
15.422,-0.5986755274429338,0.0,0.4272153818856081,0.0,1.4502308726795547,0.0
15.424,-0.597818202841513,0.0,0.4301059052784513,0.0,1.440288100748546,0.0
15.426,-0.5969551170964769,0.0,0.4329765167067705,0.0,1.4303189560931968,0.0
15.428,-0.5960863100843123,0.0,0.4358271637129868,0.0,1.420323726700346,0.0
15.43,-0.5952118217858395,0.0,0.43865779441616337,0.0,1.410302701217994,0.0
15.432,-0.5943316922850644,0.0,0.4414683575133175,0.0,1.4002561689465232,0.0
15.434000000000001,-0.59344596176802,0.0,0.44425880228070613,0.0,1.3901844198298432,0.0
15.436,-0.5925546705216037,0.0,0.44702907857511087,0.0,1.3800877444465498,0.0
15.438,-0.591657858932422,0.0,0.4497791368351029,0.0,1.3699664340009883,0.0
15.44,-0.5907555674856192,0.0,0.4525089280822733,0.0,1.359820780314395,0.0
15.442,-0.5898478367637114,0.0,0.455218403922472,0.0,1.3496510758159515,0.0
15.444,-0.5889347074454183,0.0,0.45790751654700385,0.0,1.3394576135338496,0.0
15.446,-0.5880162203044934,0.0,0.46057621873381804,0.0,1.3292406870863718,0.0
15.448,-0.5870924162085438,0.0,0.4632244638486919,0.0,1.3190005906728475,0.0
15.450000000000001,-0.5861633361178553,0.0,0.4658522058463695,0.0,1.3087376190647053,0.0
15.452,-0.5852290210842208,0.0,0.4684593992716978,0.0,1.2984520675965037,0.0
15.454,-0.5842895122497402,0.0,0.4710459992607616,0.0,1.2881442321567809,0.0
15.456,-0.5833448508456611,0.0,0.47361196154195473,0.0,1.2778144091791834,0.0
15.458,-0.582395078191176,0.0,0.476157242437087,0.0,1.267462895633273,0.0
15.46,-0.5814402356922395,0.0,0.4786817988624295,0.0,1.257089989015524,0.0
15.462,-0.5804803648403792,0.0,0.48118558832976555,0.0,1.2466959873402204,0.0
15.464,-0.5795155072115007,0.0,0.48366856894742183,0.0,1.236281189130339,0.0
15.466000000000001,-0.5785457044646986,0.0,0.4861306994212686,0.0,1.225845893408481,0.0
15.468,-0.577570998341055,0.0,0.4885719390557116,0.0,1.2153903996876836,0.0
15.47,-0.576591430662447,0.0,0.49099224775467204,0.0,1.204915007962304,0.0
15.472,-0.5756070433303381,0.0,0.49339158602252464,0.0,1.1944200186988647,0.0
15.474,-0.5746178783245854,0.0,0.49576991496505185,0.0,1.1839057328268574,0.0
15.476,-0.5736239777022348,0.0,0.4981271962903408,0.0,1.1733724517296147,0.0
15.478,-0.5726253835963093,0.0,0.5004633923096953,0.0,1.1628204772350395,0.0
15.48,-0.5716221382146043,0.0,0.502778465938515,0.0,1.1522501116064325,0.0
15.482000000000001,-0.5706142838384809,0.0,0.5050723806971507,0.0,1.1416616575332603,0.0
15.484,-0.5696018628216568,0.0,0.5073451007117471,0.0,1.1310554181219574,0.0
15.486,-0.568584917588988,0.0,0.5095965907150796,0.0,1.120431696886608,0.0
15.488,-0.5675634906352586,0.0,0.5118268160473435,0.0,1.1097907977397448,0.0
15.49,-0.5665376245239616,0.0,0.5140357426569564,0.0,1.0991330249830515,0.0
15.492,-0.5655073618860875,0.0,0.5162233371013157,0.0,1.0884586832980914,0.0
15.494,-0.5644727454189027,0.0,0.5183895665475546,0.0,1.0777680777370526,0.0
15.496,-0.5634338178847241,0.0,0.5205343987732802,0.0,1.0670615137133348,0.0
15.498000000000001,-0.5623906221097111,0.0,0.522657802167271,0.0,1.0563392969923948,0.0
15.5,-0.5613432009826238,0.0,0.5247597457301827,0.0,1.0456017336822991,0.0
15.502,-0.5602915974536143,0.0,0.5268401990752278,0.0,1.0348491302244347,0.0
15.504,-0.5592358545329986,0.0,0.5288991324288181,0.0,1.0240817933842248,0.0
15.506,-0.5581760152900145,0.0,0.5309365166312228,0.0,1.0133000302416417,0.0
15.508000000000001,-0.5571121228516172,0.0,0.5329523231371686,0.0,1.0025041481820234,0.0
15.51,-0.5560442204012304,0.0,0.5349465240164533,0.0,0.9916944548865749,0.0
15.512,-0.5549723511775241,0.0,0.5369190919545299,0.0,0.9808712583230368,0.0
15.514000000000001,-0.5538965584731844,0.0,0.5388700002530591,0.0,0.9700348667363483,0.0
15.516,-0.552816885633674,0.0,0.5407992228304623,0.0,0.9591855886391868,0.0
15.518,-0.5517333760560009,0.0,0.5427067342224505,0.0,0.9483237328026086,0.0
15.52,-0.5506460731874857,0.0,0.5445925095825207,0.0,0.9374496082466534,0.0
15.522,-0.5495550205245255,0.0,0.5464565246824569,0.0,0.9265635242309191,0.0
15.524000000000001,-0.5484602616113491,0.0,0.548298755912793,0.0,0.9156657902451406,0.0
15.526,-0.5473618400387944,0.0,0.5501191802832597,0.0,0.904756715999824,0.0
15.528,-0.5462597994430513,0.0,0.5519177754232291,0.0,0.8938366114167331,0.0
15.530000000000001,-0.5451541835044345,0.0,0.5536945195821147,0.0,0.8829057866195107,0.0
15.532,-0.5440450359461452,0.0,0.5554493916297709,0.0,0.8719645519242789,0.0
15.534,-0.5429324005330108,0.0,0.557182371056875,0.0,0.8610132178300648,0.0
15.536,-0.5418163210702691,0.0,0.5588934379752697,0.0,0.850052095009532,0.0
15.538,-0.5406968414023068,0.0,0.5605825731183162,0.0,0.8390814942993862,0.0
15.540000000000001,-0.5395740054114231,0.0,0.5622497578411998,0.0,0.8281017266909937,0.0
15.542,-0.5384478570165855,0.0,0.5638949741212359,0.0,0.8171131033209073,0.0
15.544,-0.5373184401721803,0.0,0.5655182045581544,0.0,0.8061159354613849,0.0
15.546000000000001,-0.5361857988667792,0.0,0.5671194323743529,0.0,0.7951105345109889,0.0
15.548,-0.5350499771218802,0.0,0.5686986414151451,0.0,0.784097211985042,0.0
15.55,-0.5339110189906713,0.0,0.5702558161489872,0.0,0.7730762795062021,0.0
15.552,-0.5327689685567759,0.0,0.5717909416676796,0.0,0.7620480487949812,0.0
15.554,-0.5316238699330139,0.0,0.5733040036865498,0.0,0.7510128316602742,0.0
15.556000000000001,-0.5304757672601504,0.0,0.5747949885446286,0.0,0.7399709399899093,0.0
15.558,-0.5293247047056476,0.0,0.5762638832047888,0.0,0.7289226857411272,0.0
15.56,-0.528170726462419,0.0,0.5777106752538843,0.0,0.717868380931131,0.0
15.562000000000001,-0.5270138767475793,0.0,0.5791353529028516,0.0,0.7068083376276041,0.0
15.564,-0.5258541998011979,0.0,0.580537904986804,0.0,0.6957428679392695,0.0
15.566,-0.5246917398850496,0.0,0.5819183209651113,0.0,0.6846722840063438,0.0
15.568,-0.5235265412813671,0.0,0.583276590921441,0.0,0.6735968979911181,0.0
15.57,-0.5223586482915881,0.0,0.5846127055638042,0.0,0.662517022068454,0.0
15.572000000000001,-0.5211881052351119,0.0,0.5859266562245631,0.0,0.6514329684163155,0.0
15.574,-0.5200149564480533,0.0,0.587218434860431,0.0,0.6403450492063436,0.0
15.576,-0.5188392462819797,0.0,0.5884880340524541,0.0,0.6292535765942548,0.0
15.578000000000001,-0.5176610191026828,0.0,0.5897354470059608,0.0,0.6181588627105453,0.0
15.58,-0.5164803192889114,0.0,0.5909606675505118,0.0,0.6070612196508817,0.0
15.582,-0.5152971912311312,0.0,0.5921636901398157,0.0,0.5959609594666887,0.0
15.584,-0.514111679330284,0.0,0.5933445098516286,0.0,0.5848583941557401,0.0
15.586,-0.5129238279965223,0.0,0.5945031223876452,0.0,0.5737538356525573,0.0
15.588000000000001,-0.5117336816479795,0.0,0.595639524073355,0.0,0.5626475958191276,0.0
15.59,-0.5105412847095111,0.0,0.5967537118578903,0.0,0.5515399864353215,0.0
15.592,-0.5093466816114471,0.0,0.5978456833138568,0.0,0.5404313191894804,0.0
15.594000000000001,-0.5081499167883565,0.0,0.5989154366371352,0.0,0.5293219056690222,0.0
15.596,-0.5069510346777893,0.0,0.5999629706466707,0.0,0.518212057350926,0.0
15.598,-0.5057500797190327,0.0,0.6009882847842483,0.0,0.5071020855923342,0.0
15.6,-0.504547096351871,0.0,0.6019913791142346,0.0,0.4959923016211287,0.0
15.602,-0.5033421290153366,0.0,0.6029722543233204,0.0,0.48488301652648774,0.0
15.604000000000001,-0.5021352221464649,0.0,0.6039309117202233,0.0,0.4737745412494715,0.0
15.606,-0.5009264201790571,0.0,0.604867353235389,0.0,0.46266718657364825,0.0
15.608,-0.4997157675424259,0.0,0.6057815814206657,0.0,0.4515612631156136,0.0
15.610000000000001,-0.49850330866015924,0.0,0.6066735994489605,0.0,0.4404570813156308,0.0
15.612,-0.49728908794888604,0.0,0.6075434111138744,0.0,0.4293549514282894,0.0
15.614,-0.49607314981701695,0.0,0.6083910208293262,0.0,0.418255183512979,0.0
15.616,-0.4948555386635259,0.0,0.6092164336291487,0.0,0.4071580874246872,0.0
15.618,-0.49363629887669,0.0,0.6100196551666754,0.0,0.39606397280448497,0.0
15.620000000000001,-0.49241547483286613,0.0,0.6108006917142972,0.0,0.38497314907023905,0.0
15.622,-0.49119311089524575,0.0,0.6115595501630092,0.0,0.3738859254072384,0.0
15.624,-0.48996925141262077,0.0,0.612296238021941,0.0,0.3628026107588297,0.0
15.626,-0.48874394071814814,0.0,0.6130107634178552,0.0,0.35172351381715267,0.0
15.628,-0.48751722312810886,0.0,0.6137031350946411,0.0,0.34064894301367366,0.0
15.63,-0.48628914294068754,0.0,0.6143733624127834,0.0,0.329579206510037,0.0
15.632,-0.4850597444347272,0.0,0.6150214553488094,0.0,0.3185146121886302,0.0
15.634,-0.4838290718684991,0.0,0.6156474244947279,0.0,0.30745546764332,0.0
15.636000000000001,-0.48259716947848386,0.0,0.616251281057437,0.0,0.2964020801702187,0.0
15.638,-0.48136408147812415,0.0,0.6168330368581234,0.0,0.2853547567583174,0.0
15.64,-0.4801298520566162,0.0,0.6173927043316336,0.0,0.27431380408028877,0.0
15.642,-0.47889452537766625,0.0,0.6179302965258382,0.0,0.2632795284831988,0.0
15.644,-0.47765814557827224,0.0,0.6184458271009687,0.0,0.2522522359792631,0.0
15.646,-0.4764207567675059,0.0,0.6189393103289382,0.0,0.24123223223666485,0.0
15.648,-0.47518240302527937,0.0,0.6194107610926409,0.0,0.2302198225702642,0.0
15.65,-0.4739431284011295,0.0,0.6198601948852465,0.0,0.2192153119324275,0.0
15.652000000000001,-0.47270297691299723,0.0,0.6202876278094529,0.0,0.20821900490382766,0.0
15.654,-0.4714619925460109,0.0,0.6206930765767437,0.0,0.19723120568430824,0.0
15.656,-0.47022021925126184,0.0,0.6210765585066116,0.0,0.18625221808359116,0.0
15.658,-0.46897770094460345,0.0,0.6214380915257723,0.0,0.175282345512291,0.0
15.66,-0.46773448150542507,0.0,0.6217776941673581,0.0,0.16432189097263594,0.0
15.662,-0.4664906047754398,0.0,0.6220953855700839,0.0,0.15337115704940052,0.0
15.664,-0.46524611455748816,0.0,0.6223911854774153,0.0,0.1424304459008337,0.0
15.666,-0.4640010546143099,0.0,0.6226651142366942,0.0,0.13150005924943564,0.0
15.668000000000001,-0.46275546866735295,0.0,0.6229171927982724,0.0,0.12058029837303125,0.0
15.67,-0.46150940039556143,0.0,0.6231474427145964,0.0,0.1096714640955958,0.0
15.672,-0.4602628934341687,0.0,0.6233558861393045,0.0,0.09877385677822592,0.0
15.674,-0.45901599137350907,0.0,0.6235425458262864,0.0,0.08788777631017042,0.0
15.676,-0.4577687377577996,0.0,0.6237074451287279,0.0,0.07701352209967183,0.0
15.678,-0.45652117608396137,0.0,0.6238506079981472,0.0,0.06615139306513207,0.0
15.68,-0.45527334980041084,0.0,0.6239720589833972,0.0,0.05530168762600196,0.0
15.682,-0.45402530230586796,0.0,0.6240718232296678,0.0,0.04446470369385591,0.0
15.684000000000001,-0.4527770769481695,0.0,0.6241499264774524,0.0,0.03364073866343775,0.0
15.686,-0.451528717023079,0.0,0.6242063950615129,0.0,0.022830089403759746,0.0
15.688,-0.4502802657730948,0.0,0.6242412559098169,0.0,0.012033052249116216,0.0
15.69,-0.4490317663862644,0.0,0.6242545365424528,0.0,0.0012499229902438458,0.0
15.692,-0.4477832619950076,0.0,0.6242462650705465,0.0,-0.009519003134586534,0.0
15.694,-0.44653479567493065,0.0,0.6242164701951334,0.0,-0.020273431448420642,0.0
15.696,-0.44528641044364903,0.0,0.6241651812060434,0.0,-0.031013067844444797,0.0
15.698,-0.4440381492596115,0.0,0.624092427980733,0.0,-0.0417376187948455,0.0
15.700000000000001,-0.4427900550209217,0.0,0.6239982409831348,0.0,-0.052446791359596845,0.0
15.702,-0.4415421705641738,0.0,0.6238826512624611,0.0,-0.06314029319522929,0.0
15.704,-0.44029453866327645,0.0,0.6237456904520111,0.0,-0.07381783256362617,0.0
15.706,-0.4390472020282955,0.0,0.6235873907679488,0.0,-0.08447911834069322,0.0
15.708,-0.43780020330426916,0.0,0.6234077850080579,0.0,-0.09512386002521811,0.0
15.71,-0.43655358507007297,0.0,0.6232069065505037,0.0,-0.1057517677474048,0.0
15.712,-0.43530738983724004,0.0,0.6229847893525444,0.0,-0.11636255227767844,0.0
15.714,-0.434061660048811,0.0,0.6227414679492546,0.0,-0.1269559250353096,0.0
15.716000000000001,-0.43281643807818476,0.0,0.6224769774522154,0.0,-0.13753159809700533,0.0
15.718,-0.4315717662279539,0.0,0.6221913535481842,0.0,-0.14808928420559475,0.0
15.72,-0.43032768672876875,0.0,0.6218846324977657,0.0,-0.15862869677858704,0.0
15.722,-0.42908424173818555,0.0,0.6215568511340427,0.0,-0.16914954991673437,0.0
15.724,-0.42784147333951905,0.0,0.6212080468612071,0.0,-0.17965155841261016,0.0
15.726,-0.42659942354070973,0.0,0.620838257653173,0.0,-0.19013443775908356,0.0
15.728,-0.42535813427318064,0.0,0.6204475220521524,0.0,-0.20059790415787337,0.0
15.73,-0.4241176473907028,0.0,0.6200358791672439,0.0,-0.21104167452800449,0.0
15.732000000000001,-0.4228780046682623,0.0,0.6196033686729789,0.0,-0.22146546651426435,0.0
15.734,-0.4216392478009383,0.0,0.6191500308078742,0.0,-0.23186899849558917,0.0
15.736,-0.4204014184027576,0.0,0.6186759063729361,0.0,-0.2422519895935895,0.0
15.738,-0.4191645580055961,0.0,0.618181036730189,0.0,-0.25261415968077094,0.0
15.74,-0.4179287080580398,0.0,0.6176654638011498,0.0,-0.2629552293890215,0.0
15.742,-0.4166939099242735,0.0,0.6171292300653027,0.0,-0.27327492011788423,0.0
15.744,-0.4154602048829726,0.0,0.6165723785585661,0.0,-0.28357295404283145,0.0
15.746,-0.41422763412617275,0.0,0.6159949528717126,0.0,-0.2938490541236617,0.0
15.748000000000001,-0.41299623875818714,0.0,0.6153969971488168,0.0,-0.30410294411259764,0.0
15.75,-0.4117660597944829,0.0,0.61477855608564,0.0,-0.31433434856263154,0.0
15.752,-0.4105371381605876,0.0,0.6141396749280337,0.0,-0.32454299283569166,0.0
15.754,-0.40930951469098403,0.0,0.6134803994703151,0.0,-0.33472860311077635,0.0
15.756,-0.4080832301280242,0.0,0.6128007760536053,0.0,-0.34489090639219233,0.0
15.758000000000001,-0.4068583251208299,0.0,0.6121008515642011,0.0,-0.355029630517567,0.0
15.76,-0.4056348402242091,0.0,0.6113806734318727,0.0,-0.36514450416601973,0.0
15.762,-0.4044128158975631,0.0,0.6106402896281892,0.0,-0.37523525686620596,0.0
15.764000000000001,-0.4031922925038131,0.0,0.6098797486648013,0.0,-0.3853016190043492,0.0
15.766,-0.40197331030832073,0.0,0.6090990995917297,0.0,-0.39534332183222376,0.0
15.768,-0.40075590947780654,0.0,0.6082983919956158,0.0,-0.4053600974751995,0.0
15.77,-0.39954013007928557,0.0,0.6074776759979682,0.0,-0.415351678940136,0.0
15.772,-0.39832601207899215,0.0,0.6066370022533973,0.0,-0.4253178001233394,0.0
15.774000000000001,-0.39711359534132296,0.0,0.6057764219478198,0.0,-0.4352581958184417,0.0
15.776,-0.3959029196277749,0.0,0.6048959867966683,0.0,-0.44517260172424056,0.0
15.778,-0.3946940245958826,0.0,0.6039957490430622,0.0,-0.45506075445259464,0.0
15.780000000000001,-0.39348694979817106,0.0,0.6030757614559742,0.0,-0.464922391536182,0.0
15.782,-0.39228173468109834,0.0,0.602136077328395,0.0,-0.474757251436263,0.0
15.784,-0.3910784185840191,0.0,0.6011767504754411,0.0,-0.48456507355049594,0.0
15.786,-0.38987704073813706,0.0,0.6001978352325106,0.0,-0.4943455982205395,0.0
15.788,-0.388677640265459,0.0,0.5991993864533485,0.0,-0.5040985667398696,0.0
15.790000000000001,-0.38748025617777765,0.0,0.5981814595081705,0.0,-0.5138237213612885,0.0
15.792,-0.3862849273756249,0.0,0.597144110281711,0.0,-0.5235208053046503,0.0
15.794,-0.3850916926472501,0.0,0.5960873951712942,0.0,-0.5331895627644219,0.0
15.796000000000001,-0.3839005906676002,0.0,0.5950113710848791,0.0,-0.542829738917195,0.0
15.798,-0.38271165999729573,0.0,0.5939160954390759,0.0,-0.5524410799292728,0.0
15.8,-0.38152493908161345,0.0,0.5928016261571702,0.0,-0.5620233329641352,0.0
15.802,-0.38034046624948337,0.0,0.5916680216671152,0.0,-0.5715762461898862,0.0
15.804,-0.3791582797124732,0.0,0.5905153408995174,0.0,-0.5810995687867113,0.0
15.806000000000001,-0.37797841756379247,0.0,0.5893436432856098,0.0,-0.5905930509542183,0.0
15.808,-0.3768009177772871,0.0,0.5881529887551933,0.0,-0.600056443918857,0.0
15.81,-0.37562581820644514,0.0,0.5869434377345862,0.0,-0.609489499941217,0.0
15.812000000000001,-0.37445315658340583,0.0,0.5857150511445437,0.0,-0.618891972323333,0.0
15.814,-0.37328297051798287,0.0,0.5844678903981773,0.0,-0.6282636154158907,0.0
15.816,-0.3721152974966603,0.0,0.5832020173988267,0.0,-0.6376041846255683,0.0
15.818,-0.3709501748816382,0.0,0.5819174945379721,0.0,-0.6469134364220821,0.0
15.82,-0.36978763990984154,0.0,0.5806143846930785,0.0,-0.6561911283454612,0.0
15.822000000000001,-0.3686277296919569,0.0,0.5792927512254507,0.0,-0.6654370190131126,0.0
15.824,-0.3674704812114712,0.0,0.5779526579780874,0.0,-0.6746508681268834,0.0
15.826,-0.3663159313236942,0.0,0.5765941692734756,0.0,-0.6838324364802129,0.0
15.828000000000001,-0.36516411675482463,0.0,0.5752173499114358,0.0,-0.6929814859650117,0.0
15.83,-0.36401507410098044,0.0,0.5738222651668884,0.0,-0.7020977795787429,0.0
15.832,-0.36286883982725604,0.0,0.5724089807876511,0.0,-0.7111810814313401,0.0
15.834,-0.3617254502667854,0.0,0.5709775629922107,0.0,-0.7202311567520624,0.0
15.836,-0.36058494161978466,0.0,0.5695280784674532,0.0,-0.72924777189648,0.0
15.838000000000001,-0.35944734995264316,0.0,0.5680605943664401,0.0,-0.7382306943531672,0.0
15.84,-0.3583127111969685,0.0,0.5665751783061064,0.0,-0.7471796927506186,0.0
15.842,-0.35718106114868375,0.0,0.5650718983649874,0.0,-0.7560945368639379,0.0
15.844000000000001,-0.35605243546708176,0.0,0.5635508230809123,0.0,-0.7649749976216109,0.0
15.846,-0.3549268696739344,0.0,0.5620120214487028,0.0,-0.7738208471121276,0.0
15.848,-0.35380439915256245,0.0,0.5604555629178319,0.0,-0.7826318585907052,0.0
15.85,-0.3526850591469385,0.0,0.5588815173900898,0.0,-0.791407806485844,0.0
15.852,-0.3515688847607764,0.0,0.557289955217233,0.0,-0.8001484664059304,0.0
15.854000000000001,-0.3504559109566419,0.0,0.5556809471986115,0.0,-0.8088536151457582,0.0
15.856,-0.34934617255505807,0.0,0.5540545645788026,0.0,-0.8175230306930032,0.0
15.858,-0.34823970423361206,0.0,0.552410879045204,0.0,-0.8261564922347344,0.0
15.860000000000001,-0.3471365405260762,0.0,0.5507499627256314,0.0,-0.834753780163792,0.0
15.862,-0.34603671582153356,0.0,0.5490718881859158,0.0,-0.8433146760851455,0.0
15.864,-0.34494026436348885,0.0,0.547376728427442,0.0,-0.851838962822326,0.0
15.866,-0.3438472202490225,0.0,0.5456645568847454,0.0,-0.8603264244235924,0.0
15.868,-0.3427576174279051,0.0,0.5439354474230136,0.0,-0.8687768461683352,0.0
15.870000000000001,-0.341671489701757,0.0,0.5421894743356579,0.0,-0.8771900145731644,0.0
15.872,-0.34058887072317856,0.0,0.540426712341803,0.0,-0.8855657173981912,0.0
15.874,-0.33950979399490855,0.0,0.5386472365838045,0.0,-0.8939037436531315,0.0
15.876,-0.3384342928689863,0.0,0.5368511226247557,0.0,-0.9022038836033679,0.0
15.878,-0.33736240054589944,0.0,0.535038446445939,0.0,-0.9104659287761081,0.0
15.88,-0.33629415007376007,0.0,0.5332092844443337,0.0,-0.9186896719662868,0.0
15.882,-0.33522957434747275,0.0,0.5313637134300457,0.0,-0.9268749072426279,0.0
15.884,-0.33416870610790905,0.0,0.5295018106237663,0.0,-0.9350214299535627,0.0
15.886000000000001,-0.33311157794109414,0.0,0.5276236536542129,0.0,-0.943129036733088,0.0
15.888,-0.3320582222773881,0.0,0.5257293205555349,0.0,-0.9511975255066689,0.0
15.89,-0.3310086713906765,0.0,0.5238188897647389,0.0,-0.9592266954970354,0.0
15.892,-0.3299629573975743,0.0,0.5218924401190819,0.0,-0.9672163472299365,0.0
15.894,-0.32892111225662185,0.0,0.5199500508534647,0.0,-0.9751662825398932,0.0
15.896,-0.3278831677674959,0.0,0.5179918015977989,0.0,-0.9830763045758674,0.0
15.898,-0.32684915557021793,0.0,0.516017772374392,0.0,-0.9909462178069048,0.0
15.9,-0.32581910714437823,0.0,0.5140280435952759,0.0,-0.9987758280277506,0.0
15.902000000000001,-0.3247930538083498,0.0,0.5120226960595649,0.0,-1.0065649423644116,0.0
15.904,-0.3237710267185301,0.0,0.5100018109507967,0.0,-1.0143133692796238,0.0
15.906,-0.32275305686856104,0.0,0.507965469834222,0.0,-1.0220209185784177,0.0
15.908,-0.3217391750885773,0.0,0.5059137546541537,0.0,-1.0296874014134367,0.0
15.91,-0.3207294120444476,0.0,0.503846747731238,0.0,-1.0373126302904139,0.0
15.912,-0.3197237982370249,0.0,0.5017645317597501,0.0,-1.0448964190734706,0.0
15.914,-0.3187223640014066,0.0,0.49966718980488695,0.0,-1.0524385829903968,0.0
15.916,-0.31772513950618114,0.0,0.49755480529999996,0.0,-1.0599389386379858,0.0
15.918000000000001,-0.3167321547527141,0.0,0.4954274620438963,0.0,-1.0673973039871376,0.0
15.92,-0.3157434395744063,0.0,0.49328524419804864,0.0,-1.0748134983881026,0.0
15.922,-0.3147590236359751,0.0,0.49112823628385144,0.0,-1.0821873425755828,0.0
15.924,-0.3137789364327394,0.0,0.48895652317983823,0.0,-1.0895186586737926,0.0
15.926,-0.31280320728990163,0.0,0.486770190118899,0.0,-1.096807270201524,0.0
15.928,-0.31183186536185337,0.0,0.4845693226854963,0.0,-1.1040530020770831,0.0
15.93,-0.31086493963146106,0.0,0.4823540068128424,0.0,-1.1112556806232932,0.0
15.932,-0.3099024589093826,0.0,0.4801243287801003,0.0,-1.1184151335723556,0.0
15.934000000000001,-0.3089444518333734,0.0,0.47788037520955035,0.0,-1.1255311900707108,0.0
15.936,-0.3079909468676022,0.0,0.4756222330637706,0.0,-1.1326036806838276,0.0
15.938,-0.3070419723019755,0.0,0.47334998964277847,0.0,-1.1396324374010063,0.0
15.94,-0.3060975562514663,0.0,0.4710637325811854,0.0,-1.146617293640051,0.0
15.942,-0.3051577266554417,0.0,0.4687635498453366,0.0,-1.1535580842519695,0.0
15.944,-0.3042225112770102,0.0,0.46644952973043335,0.0,-1.1604546455255802,0.0
15.946,-0.3032919377023646,0.0,0.46412176085766854,0.0,-1.1673068151920774,0.0
15.948,-0.3023660333401287,0.0,0.4617803321713177,0.0,-1.1741144324296022,0.0
15.950000000000001,-0.30144482542071854,0.0,0.45942533293585064,0.0,-1.18087733786769,0.0
15.952,-0.3005283409957046,0.0,0.45705685273302366,0.0,-1.1875953735917184,0.0
15.954,-0.2996166069371743,0.0,0.4546749814589599,0.0,-1.194268383147319,0.0
15.956,-0.29870964993711757,0.0,0.45227980932124023,0.0,-1.200896211544669,0.0
15.958,-0.29780749650679555,0.0,0.4498714268359343,0.0,-1.2074787052628664,0.0
15.96,-0.2969101729761314,0.0,0.44744992482470425,0.0,-1.214015712254104,0.0
15.962,-0.2960177054931053,0.0,0.44501539441181726,0.0,-1.2205070819479147,0.0
15.964,-0.29513012002314276,0.0,0.44256792702120107,0.0,-1.226952665255329,0.0
15.966000000000001,-0.29424744234853045,0.0,0.440107614373487,0.0,-1.2333523145729484,0.0
15.968,-0.29336969806781665,0.0,0.4376345484830127,0.0,-1.2397058837870412,0.0
15.97,-0.2924969125952307,0.0,0.43514882165485613,0.0,-1.2460132282775467,0.0
15.972,-0.29162911116010093,0.0,0.4326505264818347,0.0,-1.252274204922025,0.0
15.974,-0.2907663188062874,0.0,0.43013975584151387,0.0,-1.258488672099594,0.0
15.976,-0.28990856039161184,0.0,0.4276166028931895,0.0,-1.2646564896947827,0.0
15.978,-0.28905586058730093,0.0,0.425081161074892,0.0,-1.2707775191013435,0.0
15.98,-0.2882082438774233,0.0,0.42253352410034073,0.0,-1.2768516232260605,0.0
15.982000000000001,-0.2873657345583523,0.0,0.41997378595592505,0.0,-1.2828786664924345,0.0
15.984,-0.2865283567382142,0.0,0.4174020408976824,0.0,-1.28885851484437,0.0
15.986,-0.2856961343363612,0.0,0.41481838344821365,0.0,-1.2947910357498185,0.0
15.988,-0.28486909108283215,0.0,0.4122229083936823,0.0,-1.300676098204323,0.0
15.99,-0.2840472505178318,0.0,0.4096157107807149,0.0,-1.306513572734581,0.0
15.992,-0.28323063599121673,0.0,0.4069968859133513,0.0,-1.3123033314018988,0.0
15.994,-0.2824192706619809,0.0,0.4043665293499852,0.0,-1.3180452478056168,0.0
15.996,-0.28161317749774606,0.0,0.4017247369002461,0.0,-1.323739197086538,0.0
15.998000000000001,-0.28081237927427094,0.0,0.39907160462196334,0.0,-1.3293850559301903,0.0
16.0,-0.28001689857494805,0.0,0.3964072288180307,0.0,-1.3349827025701597,0.0
16.002,-0.2792267577903246,0.0,0.3937317060333304,0.0,-1.3405320167913088,0.0
16.004,-0.2784419791176168,0.0,0.3910451330516175,0.0,-1.3460328799329642,0.0
16.006,-0.2776625845602415,0.0,0.3883476068924201,0.0,-1.3514851748920145,0.0
16.008,-0.2768885959273371,0.0,0.38563922480790597,0.0,-1.3568887861260506,0.0
16.01,-0.27612003483331093,0.0,0.3829200842797509,0.0,-1.3622435996563798,0.0
16.012,-0.275356922697379,0.0,0.38019028301605706,0.0,-1.3675495030709641,0.0
16.014,-0.27459928074312107,0.0,0.37744991894814583,0.0,-1.3728063855274204,0.0
16.016000000000002,-0.27384712999802663,0.0,0.37469909022746545,0.0,-1.3780141377558746,0.0
16.018,-0.2731004912930724,0.0,0.3719378952224369,0.0,-1.3831726520617733,0.0
16.02,-0.27235938526227726,0.0,0.36916643251528064,0.0,-1.3882818223287081,0.0
16.022000000000002,-0.27162383234228765,0.0,0.36638480089887143,0.0,-1.393341544021129,0.0
16.024,-0.2708938527719578,0.0,0.36359309937358025,0.0,-1.3983517141869983,0.0
16.026,-0.27016946659193486,0.0,0.3607914271440882,0.0,-1.4033122314604758,0.0
16.028,-0.2694506936442527,0.0,0.35797988361622524,0.0,-1.4082229960644599,0.0
16.03,-0.2687375535719366,0.0,0.3551585683937709,0.0,-1.413083909813146,0.0
16.032,-0.2680300658186126,0.0,0.3523275812753048,0.0,-1.4178948761144543,0.0
16.034,-0.2673282496281111,0.0,0.34948702225097894,0.0,-1.4226557999725233,0.0
16.036,-0.26663212404409664,0.0,0.3466369914993416,0.0,-1.4273665879900546,0.0
16.038,-0.2659417079096923,0.0,0.3437775893841433,0.0,-1.4320271483706144,0.0
16.04,-0.26525701986711014,0.0,0.3409089164511162,0.0,-1.4366373909209618,0.0
16.042,-0.26457807835728764,0.0,0.33803107342477173,0.0,-1.4411972270532427,0.0
16.044,-0.26390490161954394,0.0,0.33514416120520246,0.0,-1.4457065697871483,0.0
16.046,-0.263237507691219,0.0,0.3322482808648435,0.0,-1.4501653337520695,0.0
16.048000000000002,-0.26257591440734007,0.0,0.32934353364524627,0.0,-1.4545734351891602,0.0
16.05,-0.26192013940028835,0.0,0.3264300209539024,0.0,-1.4589307919533094,0.0
16.052,-0.26127020009946356,0.0,0.3235078443609425,0.0,-1.4632373235151834,0.0
16.054000000000002,-0.2606261137309629,0.0,0.32057710559595176,0.0,-1.4674929509630974,0.0
16.056,-0.25998789731727295,0.0,0.3176379065447278,0.0,-1.471697597004863,0.0
16.058,-0.259355567676952,0.0,0.3146903492460206,0.0,-1.4758511859696475,0.0
16.06,-0.25872914142433245,0.0,0.3117345358883073,0.0,-1.4799536438097012,0.0
16.062,-0.2581086349692181,0.0,0.30877056880651454,0.0,-1.4840048981020917,0.0
16.064,-0.25749406451660584,0.0,0.3057985504788288,0.0,-1.4880048780503092,0.0
16.066,-0.25688544606639097,0.0,0.30281858352336277,0.0,-1.4919535144859437,0.0
16.068,-0.2562827954130976,0.0,0.29983077069495323,0.0,-1.4958507398701932,0.0
16.07,-0.2556861281456039,0.0,0.29683521488188913,0.0,-1.4996964882953674,0.0
16.072,-0.2550954596468832,0.0,0.2938320191026322,0.0,-1.5034906954863476,0.0
16.074,-0.2545108050937438,0.0,0.29082128650256145,0.0,-1.507233298801992,0.0
16.076,-0.25393217945657715,0.0,0.2878031203507125,0.0,-1.5109242372364569,0.0
16.078,-0.25335959749911924,0.0,0.2847776240364872,0.0,-1.5145634514205142,0.0
16.080000000000002,-0.25279307377820337,0.0,0.28174490106638544,0.0,-1.5181508836227915,0.0
16.082,-0.2522326226435456,0.0,0.2787050550607501,0.0,-1.521686477750925,0.0
16.084,-0.2516782582375002,0.0,0.2756581897504414,0.0,-1.5251701793527541,0.0
16.086000000000002,-0.2511299944948563,0.0,0.27260440897359783,0.0,-1.5286019356173726,0.0
16.088,-0.25058784514262344,0.0,0.2695438166723432,0.0,-1.531981695376146,0.0
16.09,-0.25005182369982426,0.0,0.2664765168894855,0.0,-1.5353094091037336,0.0
16.092,-0.24952194347729595,0.0,0.2634026137652413,0.0,-1.5385850289189893,0.0
16.094,-0.2489982175775024,0.0,0.26032221153394247,0.0,-1.541808508585849,0.0
16.096,-0.24848065889435017,0.0,0.25723541452075815,0.0,-1.5449798035141291,0.0
16.098,-0.24796928011300162,0.0,0.254142327138383,0.0,-1.5480988707603387,0.0
16.1,-0.24746409370971376,0.0,0.2510430538837367,0.0,-1.5511656690283728,0.0
16.102,-0.24696511195166518,0.0,0.2479376993347213,0.0,-1.5541801586701742,0.0
16.104,-0.24647234689680186,0.0,0.24482636814684824,0.0,-1.5571423016863695,0.0
16.106,-0.24598581039368433,0.0,0.24170916504999382,0.0,-1.5600520617268092,0.0
16.108,-0.2455055140813426,0.0,0.238586194845093,0.0,-1.5629094040910845,0.0
16.11,-0.2450314693891325,0.0,0.23545756240081864,0.0,-1.5657142957289947,0.0
16.112000000000002,-0.2445636875366106,0.0,0.23232337265029512,0.0,-1.5684667052409433,0.0
16.114,-0.24410217953340627,0.0,0.22918373058780542,0.0,-1.571166602878272,0.0
16.116,-0.24364695617910126,0.0,0.22603874126547235,0.0,-1.5738139605435966,0.0
16.118000000000002,-0.2431980280631146,0.0,0.22288850978994437,0.0,-1.5764087517910346,0.0
16.12,-0.2427554055646051,0.0,0.21973314131915053,0.0,-1.5789509518263831,0.0
16.122,-0.24231909885236497,0.0,0.2165727410589169,0.0,-1.581440537507296,0.0
16.124,-0.2418891178847305,0.0,0.21340741425972284,0.0,-1.58387748734335,0.0
16.126,-0.24146547240949193,0.0,0.210237266213367,0.0,-1.5862617814960962,0.0
16.128,-0.2410481719638219,0.0,0.20706240224968578,0.0,-1.5885934017790178,0.0
16.13,-0.24063722587419645,0.0,0.20388292773322572,0.0,-1.5908723316574995,0.0
16.132,-0.24023264325632795,0.0,0.20069894805994853,0.0,-1.5930985562486881,0.0
16.134,-0.239834433015113,0.0,0.19751056865394442,0.0,-1.5952720623213132,0.0
16.136,-0.23944260384456922,0.0,0.19431789496410465,0.0,-1.5973928382954814,0.0
16.138,-0.23905716422779819,0.0,0.19112103246081877,0.0,-1.5994608742423877,0.0
16.14,-0.23867812243694203,0.0,0.18792008663270607,0.0,-1.6014761618839748,0.0
16.142,-0.23830548653314934,0.0,0.18471516298327656,0.0,-1.6034386945925794,0.0
16.144000000000002,-0.23793926436654578,0.0,0.18150636702764356,0.0,-1.6053484673904825,0.0
16.146,-0.23757946357622656,0.0,0.17829380428924135,0.0,-1.6072054769494064,0.0
16.148,-0.23722609159022578,0.0,0.17507758029649653,0.0,-1.60900972159001,0.0
16.15,-0.23687915562552392,0.0,0.17185780057955646,0.0,-1.6107612012812749,0.0
16.152,-0.23653866268803808,0.0,0.16863457066696103,0.0,-1.6124599176398682,0.0
16.154,-0.23620461957263633,0.0,0.1654079960824103,0.0,-1.6141058739294398,0.0
16.156,-0.23587703286314537,0.0,0.16217818234139103,0.0,-1.6156990750598879,0.0
16.158,-0.23555590893237266,0.0,0.15894523494794105,0.0,-1.617239527586553,0.0
16.16,-0.23524125394213036,0.0,0.15570925939134908,0.0,-1.618727239709361,0.0
16.162,-0.2349330738432675,0.0,0.15247036114284807,0.0,-1.620162221271932,0.0
16.164,-0.23463137437571896,0.0,0.14922864565234442,0.0,-1.6215444837606032,0.0
16.166,-0.23433616106853583,0.0,0.1459842183451372,0.0,-1.6228740403034416,0.0
16.168,-0.23404743923995108,0.0,0.1427371846186243,0.0,-1.6241509056691767,0.0
16.17,-0.23376521399742867,0.0,0.13948764983900683,0.0,-1.6253750962660851,0.0
16.172,-0.2334894902377409,0.0,0.136235719338075,0.0,-1.6265466301408265,0.0
16.174,-0.2332202726470273,0.0,0.1329814984098444,0.0,-1.6276655269772322,0.0
16.176000000000002,-0.23295756570088277,0.0,0.1297250923073453,0.0,-1.6287318080950415,0.0
16.178,-0.23270137366443983,0.0,0.12646660623934072,0.0,-1.629745496448563,0.0
16.18,-0.23245170059246115,0.0,0.12320614536704041,0.0,-1.630706616625329,0.0
16.182,-0.2322085503294338,0.0,0.1199438148008492,0.0,-1.631615194844657,0.0
16.184,-0.23197192650968085,0.0,0.1166797195971004,0.0,-1.632471258956183,0.0
16.186,-0.23174183255746905,0.0,0.11341396475481075,0.0,-1.63327483843832,0.0
16.188,-0.2315182716871272,0.0,0.11014665521240488,0.0,-1.634025964396706,0.0
16.19,-0.23130124690316967,0.0,0.1068778958444574,0.0,-1.6347246695625512,0.0
16.192,-0.23109076100042722,0.0,0.10360779145848023,0.0,-1.6353709882909744,0.0
16.194,-0.23088681656418872,0.0,0.1003364467916383,0.0,-1.6359649565592627,0.0
16.196,-0.23068941597033635,0.0,0.09706396650751803,0.0,-1.6365066119650957,0.0
16.198,-0.23049856138550978,0.0,0.09379045519290846,0.0,-1.6369959937246947,0.0
16.2,-0.23031425476724604,0.0,0.09051601735453255,0.0,-1.6374331426709616,0.0
16.202,-0.23013649786415594,0.0,0.08724075741583481,0.0,-1.6378181012515296,0.0
16.204,-0.2299652922160889,0.0,0.0839647797137631,0.0,-1.6381509135267684,0.0
16.206,-0.22980063915431,0.0,0.08068818849552539,0.0,-1.638431625167766,0.0
16.208000000000002,-0.2296425398016787,0.0,0.07741108791536128,0.0,-1.6386602834542183,0.0
16.21,-0.2294909950728481,0.0,0.07413358203138715,0.0,-1.6388369372723088,0.0
16.212,-0.2293460056744479,0.0,0.07085577480229871,0.0,-1.6389616371124995,0.0
16.214,-0.2292075721052965,0.0,0.06757777008423152,0.0,-1.6390344350673056,0.0
16.216,-0.22907569465660266,0.0,0.0642996716275257,0.0,-1.6390553848289953,0.0
16.218,-0.22895037341218277,0.0,0.0610215830735511,0.0,-1.6390245416872504,0.0
16.22,-0.22883160824868246,0.0,0.05774360795149555,0.0,-1.6389419625267783,0.0
16.222,-0.22871939883580986,0.0,0.054465849675170985,0.0,-1.6388077058248387,0.0
16.224,-0.2286137446365534,0.0,0.05118841153987949,0.0,-1.638621831648813,0.0
16.226,-0.22851464490743792,0.0,0.047911396719162835,0.0,-1.6383844016535933,0.0
16.228,-0.22842209869876462,0.0,0.04463490826168365,0.0,-1.6380954790790354,0.0
16.23,-0.2283361048548651,0.0,0.04135904908805052,0.0,-1.6377551287472898,0.0
16.232,-0.22825666201436112,0.0,0.03808392198763516,0.0,-1.637363417060124,0.0
16.234,-0.2281837686104255,0.0,0.03480962961542672,0.0,-1.6369204119961747,0.0
16.236,-0.22811742287106535,0.0,0.03153627448889859,0.0,-1.6364261831081457,0.0
16.238,-0.22805762281938563,0.0,0.028263958984830917,0.0,-1.6358808015199828,0.0
16.240000000000002,-0.22800436627388654,0.0,0.024992785336190093,0.0,-1.635284339923968,0.0
16.242,-0.22795765084874223,0.0,0.02172285562900428,0.0,-1.6346368725777956,0.0
16.244,-0.22791747395411424,0.0,0.018454271799205252,0.0,-1.6339384753015431,0.0
16.246,-0.22788383279643568,0.0,0.015187135629535053,0.0,-1.6331892254746831,0.0
16.248,-0.22785672437873558,0.0,0.011921548746415545,0.0,-1.6323892020329596,0.0
16.25,-0.2278361455009458,0.0,0.00865761261685366,0.0,-1.631538485465265,0.0
16.252,-0.22782209276022636,0.0,0.005395428545315634,0.0,-1.630637157810446,0.0
16.254,-0.2278145625512957,0.0,0.002135097670644376,0.0,-1.6296853026540716,0.0
16.256,-0.2278135510667614,0.0,-0.0011232790370208356,0.0,-1.6286830051251466,0.0
16.258,-0.22781905429746296,0.0,-0.004379600779347459,0.0,-1.6276303518927884,0.0
16.26,-0.22783106803281533,0.0,-0.007633766932895553,0.0,-1.6265274311628217,0.0
16.262,-0.22784958786116707,0.0,-0.01088567705212859,0.0,-1.6253743326743928,0.0
16.264,-0.22787460917015379,0.0,-0.014135230872560578,0.0,-1.6241711476964387,0.0
16.266000000000002,-0.22790612714706657,0.0,-0.017382328313753692,0.0,-1.6229179690242044,0.0
16.268,-0.22794413677922232,0.0,-0.020626869482375493,0.0,-1.6216148909756474,0.0
16.27,-0.22798863285434187,0.0,-0.02386875467526106,0.0,-1.6202620093878226,0.0
16.272000000000002,-0.22803960996092934,0.0,-0.02710788438243722,0.0,-1.618859421613212,0.0
16.274,-0.22809706248866826,0.0,-0.030344159290133954,0.0,-1.6174072265160113,0.0
16.276,-0.2281609846288079,0.0,-0.03357748028382951,0.0,-1.615905524468368,0.0
16.278,-0.2282313703745802,0.0,-0.036807748451253286,0.0,-1.6143544173465383,0.0
16.28,-0.22830821352158803,0.0,-0.040034865085385285,0.0,-1.6127540085270788,0.0
16.282,-0.22839150766822983,0.0,-0.04325873168744715,0.0,-1.6111044028829145,0.0
16.284,-0.2284812462161195,0.0,-0.0464792499699096,0.0,-1.6094057067793788,0.0
16.286,-0.2285774223705089,0.0,-0.04969632185946399,0.0,-1.607658028070226,0.0
16.288,-0.22868002914072028,0.0,-0.05290984949998134,0.0,-1.6058614760935797,0.0
16.29,-0.22878905934058102,0.0,-0.056119735255504066,0.0,-1.6040161616678426,0.0
16.292,-0.22890450558887165,0.0,-0.059325881713186424,0.0,-1.6021221970875548,0.0
16.294,-0.2290263603097718,0.0,-0.06252819168623241,0.0,-1.6001796961192079,0.0
16.296,-0.2291546157333163,0.0,-0.06572656821685596,0.0,-1.5981887739970193,0.0
16.298000000000002,-0.22928926389585536,0.0,-0.06892091457921556,0.0,-1.5961495474186318,0.0
16.3,-0.2294302966405212,0.0,-0.07211113428230131,0.0,-1.5940621345408323,0.0
16.302,-0.2295777056177033,0.0,-0.07529713107288699,0.0,-1.591926654975135,0.0
16.304000000000002,-0.22973148228552479,0.0,-0.07847880893842085,0.0,-1.5897432297833958,0.0
16.306,-0.22989161791032298,0.0,-0.08165607210991144,0.0,-1.587511981473352,0.0
16.308,-0.2300581035671484,0.0,-0.08482882506483402,0.0,-1.5852330339940974,0.0
16.31,-0.23023093014024992,0.0,-0.08799697252999505,0.0,-1.5829065127315534,0.0
16.312,-0.23041008832358856,0.0,-0.09116041948442122,0.0,-1.5805325445038358,0.0
16.314,-0.23059556862133135,0.0,-0.09431907116216798,0.0,-1.5781112575566854,0.0
16.316,-0.23078736134837463,0.0,-0.09747283305524368,0.0,-1.575642781558693,0.0
16.318,-0.23098545663085823,0.0,-0.10062161091639793,0.0,-1.573127247596639,0.0
16.32,-0.23118984440669021,0.0,-0.10376531076195922,0.0,-1.570564788170689,0.0
16.322,-0.23140051442607856,0.0,-0.10690383887467736,0.0,-1.5679555371895784,0.0
16.324,-0.23161745625206204,0.0,-0.11003710180652732,0.0,-1.5652996299657531,0.0
16.326,-0.23184065926106034,0.0,-0.11316500638149118,0.0,-1.5625972032104625,0.0
16.328,-0.23207011264340927,0.0,-0.11628745969838211,0.0,-1.5598483950288142,0.0
16.330000000000002,-0.23230580540392748,0.0,-0.1194043691336224,0.0,-1.5570533449147441,0.0
16.332,-0.23254772636245516,0.0,-0.1225156423439756,0.0,-1.554212193746069,0.0
16.334,-0.2327958641544388,0.0,-0.12562118726937316,0.0,-1.5513250837792913,0.0
16.336000000000002,-0.23305020723148742,0.0,-0.12872091213561904,0.0,-1.5483921586445497,0.0
16.338,-0.2333107438619458,0.0,-0.13181472545714307,0.0,-1.5454135633404489,0.0
16.34,-0.23357746213148303,0.0,-0.1349025360397444,0.0,-1.5423894442288217,0.0
16.342,-0.23385034994367254,0.0,-0.13798425298330108,0.0,-1.5393199490294955,0.0
16.344,-0.23412939502058197,0.0,-0.141059785684491,0.0,-1.5362052268149955,0.0
16.346,-0.23441458490337266,0.0,-0.14412904383947045,0.0,-1.5330454280052115,0.0
16.348,-0.2347059069528997,0.0,-0.14719193744658865,0.0,-1.5298407043620197,0.0
16.35,-0.23500334835032133,0.0,-0.15024837680906528,0.0,-1.526591208983838,0.0
16.352,-0.23530689609770714,0.0,-0.15329827253762623,0.0,-1.5232970963002133,0.0
16.354,-0.2356165370186567,0.0,-0.15634153555320113,0.0,-1.5199585220662795,0.0
16.356,-0.2359322577589266,0.0,-0.1593780770895482,0.0,-1.5165756433572235,0.0
16.358,-0.23625404478705414,0.0,-0.16240780869588,0.0,-1.5131486185627083,0.0
16.36,-0.2365818843949948,0.0,-0.16543064223950993,0.0,-1.5096776073812326,0.0
16.362000000000002,-0.23691576269875608,0.0,-0.168446489908454,0.0,-1.5061627708144694,0.0
16.364,-0.23725566563904674,0.0,-0.17145526421401652,0.0,-1.502604271161572,0.0
16.366,-0.23760157898192016,0.0,-0.1744568779934032,0.0,-1.4990022720134084,0.0
16.368000000000002,-0.23795348831943916,0.0,-0.17745124441229876,0.0,-1.49535693824675,0.0
16.37,-0.23831137907031932,0.0,-0.18043827696739012,0.0,-1.49166843601853,0.0
16.372,-0.23867523648061154,0.0,-0.18341788948898602,0.0,-1.4879369327598588,0.0
16.374,-0.2390450456243566,0.0,-0.18638999614351204,0.0,-1.4841625971702064,0.0
16.376,-0.2394207914042699,0.0,-0.18935451143606208,0.0,-1.4803455992114127,0.0
16.378,-0.23980245855241678,0.0,-0.19231135021289808,0.0,-1.4764861101017197,0.0
16.38,-0.24019003163089694,0.0,-0.19526042766398444,0.0,-1.472584302309732,0.0
16.382,-0.24058349503253837,0.0,-0.19820165932546585,0.0,-1.4686403495483582,0.0
16.384,-0.24098283298158654,0.0,-0.20113496108213796,0.0,-1.4646544267687247,0.0
16.386,-0.2413880295344125,0.0,-0.2040602491699518,0.0,-1.460626710153988,0.0
16.388,-0.24179906858020667,0.0,-0.20697744017844416,0.0,-1.4565573771132077,0.0
16.39,-0.24221593384169673,0.0,-0.20988645105318082,0.0,-1.4524466062751151,0.0
16.392,-0.24263860887585728,0.0,-0.21278719909821353,0.0,-1.448294577481838,0.0
16.394000000000002,-0.24306707707463837,0.0,-0.21567960197848013,0.0,-1.444101471782612,0.0
16.396,-0.24350132166567312,0.0,-0.2185635777222149,0.0,-1.439867471427485,0.0
16.398,-0.24394132571302415,0.0,-0.22143904472335396,0.0,-1.4355927598609033,0.0
16.4,-0.24438707211790375,0.0,-0.224305921743908,0.0,-1.431277521715342,0.0
16.402,-0.24483854361942595,0.0,-0.2271641279163485,0.0,-1.4269219428048139,0.0
16.404,-0.2452957227953321,0.0,-0.2300135827459201,0.0,-1.4225262101184946,0.0
16.406,-0.24575859206275888,0.0,-0.23285420611304647,0.0,-1.418090511814074,0.0
16.408,-0.24622713367897361,0.0,-0.23568591827562035,0.0,-1.413615037211308,0.0
16.41,-0.24670132974214137,0.0,-0.23850863987131987,0.0,-1.409099976785399,0.0
16.412,-0.24718116219208583,0.0,-0.2413222919199351,0.0,-1.404545522160363,0.0
16.414,-0.24766661281105054,0.0,-0.2441267958256501,0.0,-1.3999518661023833,0.0
16.416,-0.24815766322447838,0.0,-0.24692207337930128,0.0,-1.3953192025131274,0.0
16.418,-0.24865429490177665,0.0,-0.24970804676067238,0.0,-1.390647726423008,0.0
16.42,-0.2491564891571125,0.0,-0.2524846385407374,0.0,-1.3859376339843834,0.0
16.422,-0.24966422715017397,0.0,-0.255251771683866,0.0,-1.3811891224648813,0.0
16.424,-0.25017748988698696,0.0,-0.2580093695500978,0.0,-1.3764023902404032,0.0
16.426000000000002,-0.2506962582206861,0.0,-0.2607573558973207,0.0,-1.37157763678838,0.0
16.428,-0.2512205128523265,0.0,-0.26349565488345933,0.0,-1.3667150626808342,0.0
16.43,-0.25175023433167715,0.0,-0.2662241910686874,0.0,-1.361814869577437,0.0
16.432,-0.2522854030580349,0.0,-0.26894288941757283,0.0,-1.3568772602185524,0.0
16.434,-0.25282599928102906,0.0,-0.2716516753012455,0.0,-1.3519024384182334,0.0
16.436,-0.2533720031014393,0.0,-0.2743504744995151,0.0,-1.3468906090572115,0.0
16.438,-0.25392339447201956,0.0,-0.27703921320303354,0.0,-1.3418419780757713,0.0
16.44,-0.25448015319831474,0.0,-0.27971781801537915,0.0,-1.3367567524667192,0.0
16.442,-0.255042258939491,0.0,-0.28238621595515284,0.0,-1.3316351402682285,0.0
16.444,-0.2556096912091682,0.0,-0.28504433445808497,0.0,-1.3264773505566616,0.0
16.446,-0.25618242937626046,0.0,-0.28769210137908724,0.0,-1.3212835934393832,0.0
16.448,-0.2567604526658058,0.0,-0.29032944499430463,0.0,-1.3160540800475609,0.0
16.45,-0.257343740159823,0.0,-0.2929562940031699,0.0,-1.3107890225288643,0.0
16.452,-0.25793227079815445,0.0,-0.29557257753042027,0.0,-1.3054886340401919,0.0
16.454,-0.2585260233793165,0.0,-0.29817822512810216,0.0,-1.3001531287403818,0.0
16.456,-0.2591249765613576,0.0,-0.3007731667775837,0.0,-1.2947827217828254,0.0
16.458000000000002,-0.25972910886272577,0.0,-0.3033573328915337,0.0,-1.2893776293080685,0.0
16.46,-0.260338398663121,0.0,-0.3059306543158656,0.0,-1.283938068436473,0.0
16.462,-0.260952824204374,0.0,-0.30849306233172,0.0,-1.278464257260707,0.0
16.464,-0.2615723635913113,0.0,-0.3110444886573873,0.0,-1.2729564148383057,0.0
16.466,-0.2621969947926386,0.0,-0.31358486545023334,0.0,-1.2674147611841582,0.0
16.468,-0.26282669564181294,0.0,-0.3161141253085942,0.0,-1.2618395172630006,0.0
16.47,-0.26346144383793324,0.0,-0.3186322012736871,0.0,-1.2562309049818356,0.0
16.472,-0.2641012169466272,0.0,-0.32113902683149026,0.0,-1.2505891471823147,0.0
16.474,-0.26474599240093266,0.0,-0.32363453591456526,0.0,-1.2449144676332409,0.0
16.476,-0.2653957475022118,0.0,-0.3261186629039579,0.0,-1.2392070910227608,0.0
16.478,-0.26605045942103145,0.0,-0.32859134263099615,0.0,-1.2334672429508133,0.0
16.48,-0.2667101051980741,0.0,-0.3310525103791038,0.0,-1.2276951499214048,0.0
16.482,-0.2673746617450434,0.0,-0.3335021018856219,0.0,-1.2218910393348479,0.0
16.484,-0.26804410584557414,0.0,-0.3359400533435804,0.0,-1.2160551394800305,0.0
16.486,-0.26871841415614217,0.0,-0.3383663014034592,0.0,-1.2101876795266509,0.0
16.488,-0.2693975632069844,0.0,-0.34078078317495997,0.0,-1.2042888895173853,0.0
16.490000000000002,-0.27008152940302005,0.0,-0.34318343622874653,0.0,-1.1983590003600222,0.0
16.492,-0.2707702890247663,0.0,-0.34557419859812827,0.0,-1.1923982438197247,0.0
16.494,-0.27146381822927645,0.0,-0.34795300878082397,0.0,-1.186406852510975,0.0
16.496,-0.27216209305106387,0.0,-0.35031980574060995,0.0,-1.1803850598897905,0.0
16.498,-0.2728650894030352,0.0,-0.35267452890901774,0.0,-1.1743331002457285,0.0
16.5,-0.27357278307742927,0.0,-0.3550171181869719,0.0,-1.1682512086939536,0.0
16.502,-0.27428514974675944,0.0,-0.35734751394645764,0.0,-1.1621396211672157,0.0
16.504,-0.27500216496475643,0.0,-0.35966565703213527,0.0,-1.1559985744078534,0.0
16.506,-0.2757238041673085,0.0,-0.3619714887629472,0.0,-1.1498283059597862,0.0
16.508,-0.2764500426734221,0.0,-0.3642649509337206,0.0,-1.1436290541604053,0.0
16.51,-0.2771808556861741,0.0,-0.3665459858167514,0.0,-1.137401058132485,0.0
16.512,-0.27791621829365515,0.0,-0.36881453616334847,0.0,-1.1311445577761539,0.0
16.514,-0.2786561054699472,0.0,-0.3710705452053977,0.0,-1.124859793760671,0.0
16.516000000000002,-0.2794004920760726,0.0,-0.37331395665689066,0.0,-1.1185470075163124,0.0
16.518,-0.28014935286096865,0.0,-0.3755447147154181,0.0,-1.112206441226205,0.0
16.52,-0.28090266246244994,0.0,-0.3777627640636985,0.0,-1.1058383378180936,0.0
16.522000000000002,-0.2816603954081855,0.0,-0.37996804987104066,0.0,-1.0994429409561346,0.0
16.524,-0.2824225261166677,0.0,-0.3821605177948015,0.0,-1.0930204950326698,0.0
16.526,-0.2831890288981947,0.0,-0.38434011398185247,0.0,-1.0865712451599334,0.0
16.528,-0.2839598779558501,0.0,-0.3865067850700052,0.0,-1.080095437161749,0.0
16.53,-0.2847350473864848,0.0,-0.38866047818942057,0.0,-1.0735933175652674,0.0
16.532,-0.2855145111817013,0.0,-0.3908011409640016,0.0,-1.0670651335926225,0.0
16.534,-0.2862982432288459,0.0,-0.3929287215127958,0.0,-1.0605111331525525,0.0
16.536,-0.28708621731200246,0.0,-0.39504316845134385,0.0,-1.053931564832045,0.0
16.538,-0.2878784071129768,0.0,-0.3971444308930274,0.0,-1.0473266778879746,0.0
16.54,-0.28867478621230724,0.0,-0.3992324584504091,0.0,-1.0406967222386387,0.0
16.542,-0.2894753280902533,0.0,-0.40130720123654706,0.0,-1.0340419484553576,0.0
16.544,-0.2902800061278034,0.0,-0.40336860986627177,0.0,-1.0273626077540485,0.0
16.546,-0.29108879360768014,0.0,-0.405416635457502,0.0,-1.020658951986679,0.0
16.548000000000002,-0.29190166371534493,0.0,-0.40745122963248254,0.0,-1.0139312336328588,0.0
16.55,-0.29271858954000674,0.0,-0.40947234451903014,0.0,-1.007179705791314,0.0
16.552,-0.2935395440756404,0.0,-0.41147993275178024,0.0,-1.0004046221713314,0.0
16.554000000000002,-0.29436450022199623,0.0,-0.41347394747339217,0.0,-0.9936062370842365,0.0
16.556,-0.29519343078561683,0.0,-0.4154543423357314,0.0,-0.986784805434854,0.0
16.558,-0.29602630848086214,0.0,-0.4174210715010692,0.0,-0.9799405827128895,0.0
16.56,-0.2968631059309262,0.0,-0.4193740896432295,0.0,-0.9730738249843726,0.0
16.562,-0.29770379566886784,0.0,-0.42131335194874525,0.0,-0.9661847888829762,0.0
16.564,-0.2985483501386191,0.0,-0.42323881411796466,0.0,-0.9592737316015458,0.0
16.566,-0.2993967416960444,0.0,-0.4251504323661809,0.0,-0.9523409108832402,0.0
16.568,-0.30024894260994694,0.0,-0.42704816342471796,0.0,-0.9453865850130306,0.0
16.57,-0.30110492506310615,0.0,-0.42893196454199833,0.0,-0.9384110128089905,0.0
16.572,-0.30196466115332027,0.0,-0.43080179348461306,0.0,-0.9314144536135619,0.0
16.574,-0.3028281228944408,0.0,-0.4326576085383544,0.0,-0.9243971672848773,0.0
16.576,-0.3036952822174071,0.0,-0.4344993685092314,0.0,-0.9173594141880599,0.0
16.578,-0.3045661109712942,0.0,-0.43632703272448975,0.0,-0.9103014551864534,0.0
16.580000000000002,-0.30544058092435633,0.0,-0.4381405610336004,0.0,-0.9032235516328414,0.0
16.582,-0.3063186637650616,0.0,-0.43993991380920033,0.0,-0.8961259653608221,0.0
16.584,-0.3072003311031554,0.0,-0.4417250519480886,0.0,-0.8890089586758376,0.0
16.586000000000002,-0.3080855544706994,0.0,-0.4434959368721325,0.0,-0.881872794346521,0.0
16.588,-0.3089743053231213,0.0,-0.4452525305291858,0.0,-0.8747177355958617,0.0
16.59,-0.30986655504027616,0.0,-0.4469947953940026,0.0,-0.8675440460923538,0.0
16.592,-0.31076227492749225,0.0,-0.44872269446911217,0.0,-0.8603519899411975,0.0
16.594,-0.3116614362166362,0.0,-0.4504361912856818,0.0,-0.853141831675437,0.0
16.596,-0.3125640100671585,0.0,-0.45213524990436155,0.0,-0.8459138362471581,0.0
16.598,-0.31346996756716905,0.0,-0.45381983491612526,0.0,-0.8386682690185205,0.0
16.6,-0.3143792797344883,0.0,-0.45548991144307077,0.0,-0.8314053957529759,0.0
16.602,-0.3152919175177094,0.0,-0.4571454451392098,0.0,-0.8241254826063581,0.0
16.604,-0.3162078517972705,0.0,-0.4587864021912584,0.0,-0.8168287961179475,0.0
16.606,-0.31712705338651354,0.0,-0.4604127493193899,0.0,-0.809515603201586,0.0
16.608,-0.3180494930327567,0.0,-0.4620244537779596,0.0,-0.8021861711367774,0.0
16.61,-0.31897514141835975,0.0,-0.46362148335625275,0.0,-0.794840767559714,0.0
16.612000000000002,-0.31990396916179986,0.0,-0.4652038063791737,0.0,-0.7874796604543571,0.0
16.614,-0.3208359468187355,0.0,-0.46677139170792764,0.0,-0.7801031181435134,0.0
16.616,-0.32177104488308744,0.0,-0.4683242087407032,0.0,-0.7727114092798398,0.0
16.618000000000002,-0.3227092337881134,0.0,-0.469862227413319,0.0,-0.7653048028368535,0.0
16.62,-0.3236504839074724,0.0,-0.4713854181998478,0.0,-0.7578835681000549,0.0
16.622,-0.32459476555631694,0.0,-0.47289375211324325,0.0,-0.750447974657841,0.0
16.624,-0.3255420489923654,0.0,-0.47438720070592433,0.0,-0.7429982923925573,0.0
16.626,-0.3264923044169784,0.0,-0.4758657360703692,0.0,-0.7355347914714911,0.0
16.628,-0.32744550197623923,0.0,-0.4773293308396625,0.0,-0.7280577423378933,0.0
16.63,-0.3284016117620428,0.0,-0.4787779581880448,0.0,-0.7205674157019207,0.0
16.632,-0.32936060381317633,0.0,-0.48021159183144335,0.0,-0.7130640825315915,0.0
16.634,-0.3303224481163924,0.0,-0.48163020602795587,0.0,-0.7055480140438992,0.0
16.636,-0.3312871146075104,0.0,-0.4830337755783713,0.0,-0.6980194816955801,0.0
16.638,-0.33225457317249263,0.0,-0.4844222758266196,0.0,-0.6904787571742158,0.0
16.64,-0.3332247936485288,0.0,-0.48579568266022266,0.0,-0.6829261123891599,0.0
16.642,-0.33419774582513256,0.0,-0.4871539725107423,0.0,-0.6753618194624487,0.0
16.644000000000002,-0.33517339944522206,0.0,-0.48849712235419235,0.0,-0.6677861507197714,0.0
16.646,-0.3361517242062134,0.0,-0.4898251097114218,0.0,-0.6601993786814321,0.0
16.648,-0.33713268976110866,0.0,-0.4911379126485193,0.0,-0.6526017760532399,0.0
16.65,-0.33811626571958814,0.0,-0.49243550977715733,0.0,-0.6449936157174806,0.0
16.652,-0.33910242164910503,0.0,-0.49371788025494584,0.0,-0.637375170723783,0.0
16.654,-0.3400911270759655,0.0,-0.49498500378574894,0.0,-0.6297467142801499,0.0
16.656,-0.3410823514864365,0.0,-0.49623686062000244,0.0,-0.6221085197437753,0.0
16.658,-0.34207606432783433,0.0,-0.4974734315549923,0.0,-0.6144608606119957,0.0
16.66,-0.3430722350096096,0.0,-0.49869469793513527,0.0,-0.6068040105132472,0.0
16.662,-0.3440708329044537,0.0,-0.4999006416522301,0.0,-0.5991382431979094,0.0
16.664,-0.34507182734939107,0.0,-0.5010912451456906,0.0,-0.5914638325292497,0.0
16.666,-0.3460751876468671,0.0,-0.5022664914027557,0.0,-0.5837810524743564,0.0
16.668,-0.34708088306585405,0.0,-0.5034263639587014,0.0,-0.576090177095005,0.0
16.67,-0.3480888828429451,0.0,-0.5045708468970174,0.0,-0.5683914805385354,0.0
16.672,-0.34909915618343984,0.0,-0.5056999248495535,0.0,-0.5606852370289033,0.0
16.674,-0.3501116722624592,0.0,-0.5068135829966889,0.0,-0.5529717208573791,0.0
16.676000000000002,-0.35112640022603137,0.0,-0.5079118070674399,0.0,-0.5452512063735974,0.0
16.678,-0.3521433091921847,0.0,-0.5089945833395749,0.0,-0.5375239679764396,0.0
16.68,-0.35316236825206176,0.0,-0.5100618986396959,0.0,-0.5297902801048813,0.0
16.682,-0.35418354647099864,0.0,-0.5111137403433229,0.0,-0.5220504172289601,0.0
16.684,-0.3552068128896427,0.0,-0.5121500963749357,0.0,-0.5143046538405963,0.0
16.686,-0.3562321365250217,0.0,-0.513170955208013,0.0,-0.5065532644446675,0.0
16.688,-0.3572594863716767,0.0,-0.5141763058650471,0.0,-0.49879652354969695,0.0
16.69,-0.35828883140273454,0.0,-0.5151661379175488,0.0,-0.491034705658921,0.0
16.692,-0.3593201405710125,0.0,-0.5161404414860133,0.0,-0.48326808526116727,0.0
16.694,-0.36035338281012297,0.0,-0.5170992072398982,0.0,-0.47549693682172994,0.0
16.696,-0.3613885270355629,0.0,-0.5180424263975633,0.0,-0.46772153477331246,0.0
16.698,-0.36242554214581546,0.0,-0.518970090726182,0.0,-0.45994215350697176,0.0
16.7,-0.36346439702344635,0.0,-0.5198821925416726,0.0,-0.4521590673629916,0.0
16.702,-0.3645050605362048,0.0,-0.520778724708572,0.0,-0.44437255062183423,0.0
16.704,-0.36554750153811055,0.0,-0.5216596806399063,0.0,-0.43658287749510677,0.0
16.706,-0.36659168887056764,0.0,-0.5225250542970519,0.0,-0.4287903221163999,0.0
16.708000000000002,-0.3676375913634446,0.0,-0.5233748401895697,0.0,-0.42099515853231917,0.0
16.71,-0.3686851778361768,0.0,-0.5242090333750129,0.0,-0.41319766069341335,0.0
16.712,-0.3697344170988644,0.0,-0.5250276294587382,0.0,-0.40539810244507546,0.0
16.714,-0.37078527795336613,0.0,-0.5258306245936777,0.0,-0.3975967575185359,0.0
16.716,-0.3718377291943958,0.0,-0.526618015480102,0.0,-0.38979389952179844,0.0
16.718,-0.3728917396106081,0.0,-0.5273897993653709,0.0,-0.3819898019306518,0.0
16.72,-0.3739472779857047,0.0,-0.5281459740436547,0.0,-0.37418473807958696,0.0
16.722,-0.375004313099527,0.0,-0.5288865378556435,0.0,-0.3663789811527513,0.0
16.724,-0.37606281372913003,0.0,-0.529611489688236,0.0,-0.35857280417508075,0.0
16.726,-0.37712274864990153,0.0,-0.5303208289742174,0.0,-0.3507664800030829,0.0
16.728,-0.37818408663663644,0.0,-0.5310145556919101,0.0,-0.34296028131598305,0.0
16.73,-0.3792467964646278,0.0,-0.5316926703648054,0.0,-0.33515448060670233,0.0
16.732,-0.38031084691076544,0.0,-0.5323551740611904,0.0,-0.32734935017282885,0.0
16.734,-0.38137620675461903,0.0,-0.5330020683937462,0.0,-0.31954516210766637,0.0
16.736,-0.3824428447795243,0.0,-0.5336333555191264,0.0,-0.31174218829129596,0.0
16.738,-0.3835107297736764,0.0,-0.5342490381375224,0.0,-0.3039407003815624,0.0
16.740000000000002,-0.38457983053122086,0.0,-0.5348491194922124,0.0,-0.2961409698051036,0.0
16.742,-0.3856501158533158,0.0,-0.5354336033690941,0.0,-0.28834326774855673,0.0
16.744,-0.3867215545492502,0.0,-0.5360024940961834,0.0,-0.28054786514940916,0.0
16.746,-0.38779411543750136,0.0,-0.5365557965431209,0.0,-0.27275503268724066,0.0
16.748,-0.38886776734683165,0.0,-0.5370935161206393,0.0,-0.26496504077473354,0.0
16.75,-0.38994247911736035,0.0,-0.5376156587800183,0.0,-0.25717815954881834,0.0
16.752,-0.3910182196016547,0.0,-0.5381222310125323,0.0,-0.2493946588617289,0.0
16.754,-0.39209495766580227,0.0,-0.5386132398488706,0.0,-0.24161480827214987,0.0
16.756,-0.3931726621904877,0.0,-0.5390886928585313,0.0,-0.2338388770363714,0.0
16.758,-0.39425130207207676,0.0,-0.539548598149222,0.0,-0.22606713409939172,0.0
16.76,-0.3953308462236893,0.0,-0.5399929643662207,0.0,-0.21829984808605457,0.0
16.762,-0.39641126357626916,0.0,-0.5404218006917211,0.0,-0.21053728729230559,0.0
16.764,-0.3974925230796619,0.0,-0.5408351168441814,0.0,-0.20277971967627795,0.0
16.766000000000002,-0.3985745937036891,0.0,-0.5412329230776257,0.0,-0.19502741284951686,0.0
16.768,-0.39965744443920825,0.0,-0.54161523018095,0.0,-0.18728063406821988,0.0
16.77,-0.40074104429919594,0.0,-0.5419820494771972,0.0,-0.17953965022439028,0.0
16.772000000000002,-0.40182536231980537,0.0,-0.5423333928228281,0.0,-0.1718047278371047,0.0
16.774,-0.402910367561435,0.0,-0.5426692726069512,0.0,-0.16407613304378038,0.0
16.776,-0.40399602910979254,0.0,-0.5429897017505725,0.0,-0.15635413159139566,0.0
16.778,-0.40508231607696477,0.0,-0.543294693705785,0.0,-0.1486389888277545,0.0
16.78,-0.4061691976024677,0.0,-0.5435842624549787,0.0,-0.14093096969282426,0.0
16.782,-0.4072566428543107,0.0,-0.5438584225100014,0.0,-0.13323033871003043,0.0
16.784,-0.4083446210300592,0.0,-0.5441171889113282,0.0,-0.125537359977535,0.0
16.786,-0.40943310135788785,0.0,-0.5443605772271984,0.0,-0.11785229715959733,0.0
16.788,-0.4105220530976305,0.0,-0.5445886035527342,0.0,-0.11017541347795134,0.0
16.79,-0.41161144554183937,0.0,-0.5448012845090585,0.0,-0.10250697170313072,0.0
16.792,-0.412701248016841,0.0,-0.5449986372423674,0.0,-0.09484723414582452,0.0
16.794,-0.4137914298837626,0.0,-0.5451806794230266,0.0,-0.08719646264842495,0.0
16.796,-0.4148819605396132,0.0,-0.545347429244591,0.0,-0.07955491857623276,0.0
16.798000000000002,-0.4159728094183016,0.0,-0.5454989054228778,0.0,-0.07192286280904525,0.0
16.8,-0.41706394599168994,0.0,-0.5456351271949641,0.0,-0.0643005557325782,0.0
16.802,-0.4181553397706368,0.0,-0.5457561143182007,0.0,-0.05668825722989046,0.0
16.804000000000002,-0.41924696030603703,0.0,-0.5458618870691931,0.0,-0.049086226672899635,0.0
16.806,-0.4203387771898512,0.0,-0.54595246624277,0.0,-0.041494722913916315,0.0
16.808,-0.4214307600561525,0.0,-0.5460278731509409,0.0,-0.03391400427711255,0.0
16.81,-0.4225228785821502,0.0,-0.5460881296218311,0.0,-0.026344328550114593,0.0
16.812,-0.4236151024892317,0.0,-0.5461332579985909,0.0,-0.018785952975503006,0.0
16.814,-0.42470740154397624,0.0,-0.5461632811383065,0.0,-0.011239134242494564,0.0
16.816,-0.42579974555919486,0.0,-0.5461782224108851,0.0,-0.0037041284784493644,0.0
16.818,-0.426892104394952,0.0,-0.5461781056979178,0.0,0.0038188087594714926,0.0
16.82,-0.4279844479595803,0.0,-0.5461629553915307,0.0,0.01132942249263691,0.0
16.822,-0.4290767462107118,0.0,-0.5461327963932237,0.0,0.018827458329335856,0.0
16.824,-0.4301689691562882,0.0,-0.5460876541126872,0.0,0.026312662473068404,0.0
16.826,-0.43126108685557524,0.0,-0.5460275544666008,0.0,0.03378478173081234,0.0
16.828,-0.4323530694201791,0.0,-0.5459525238774253,0.0,0.041243563521343285,0.0
16.830000000000002,-0.4334448870150637,0.0,-0.5458625892721487,0.0,0.048688755883513735,0.0
16.832,-0.4345365098595336,0.0,-0.5457577780810781,0.0,0.05612010748433649,0.0
16.834,-0.43562790822827274,0.0,-0.5456381182365316,0.0,0.06353736762739937,0.0
16.836000000000002,-0.43671905245232306,0.0,-0.5455036381715892,0.0,0.07094028626090654,0.0
16.838,-0.4378099129200901,0.0,-0.5453543668187757,0.0,0.07832861398586899,0.0
16.84,-0.4389004600783478,0.0,-0.545190333608758,0.0,0.08570210206428797,0.0
16.842,-0.43999066443322576,0.0,-0.5450115684690113,0.0,0.09306050242722685,0.0
16.844,-0.4410804965512096,0.0,-0.5448181018224687,0.0,0.10040356768297298,0.0
16.846,-0.44216992706011227,0.0,-0.5446099645861713,0.0,0.1077310511249634,0.0
16.848,-0.4432589266500877,0.0,-0.5443871881698708,0.0,0.11504270674002415,0.0
16.85,-0.44434746607459547,0.0,-0.5441498044746533,0.0,0.12233828921625522,0.0
16.852,-0.44543551615138466,0.0,-0.5438978458915157,0.0,0.12961755395105468,0.0
16.854,-0.4465230477634779,0.0,-0.5436313452999486,0.0,0.13688025705913043,0.0
16.856,-0.44761003186014664,0.0,-0.543350336066485,0.0,0.14412615538042672,0.0
16.858,-0.44869643945787424,0.0,-0.5430548520432508,0.0,0.15135500648801548,0.0
16.86,-0.44978224164133945,0.0,-0.5427449275664815,0.0,0.15856656869605235,0.0
16.862000000000002,-0.4508674095643736,0.0,-0.5424205974550415,0.0,0.16576060106761614,0.0
16.864,-0.45195191445092514,0.0,-0.5420818970089083,0.0,0.17293686342252534,0.0
16.866,-0.45303572759602684,0.0,-0.5417288620076577,0.0,0.18009511634524045,0.0
16.868000000000002,-0.45411882036674756,0.0,-0.5413615287089286,0.0,0.18723512119258012,0.0
16.87,-0.4552011642031437,0.0,-0.5409799338468643,0.0,0.19435664010149567,0.0
16.872,-0.4562827306192211,0.0,-0.5405841146305483,0.0,0.20145943599685512,0.0
16.874,-0.45736349120387365,0.0,-0.5401741087424226,0.0,0.2085432725991172,0.0
16.876,-0.45844341762183594,0.0,-0.5397499543366832,0.0,0.21560791443203708,0.0
16.878,-0.4595224816146157,0.0,-0.5393116900376685,0.0,0.22265312683028582,0.0
16.88,-0.4606006550014408,0.0,-0.538859354938236,0.0,0.22967867594712243,0.0
16.882,-0.4616779096801987,0.0,-0.538392988598098,0.0,0.23668432876201517,0.0
16.884,-0.46275421762834673,0.0,-0.5379126310421973,0.0,0.24366985308808342,0.0
16.886,-0.4638295509038704,0.0,-0.5374183227589909,0.0,0.250635017579826,0.0
16.888,-0.4649038816461884,0.0,-0.5369101046987848,0.0,0.25757959174050626,0.0
16.89,-0.46597718207707856,0.0,-0.5363880182720272,0.0,0.2645033459296561,0.0
16.892,-0.4670494245016007,0.0,-0.5358521053475833,0.0,0.2714060513705745,0.0
16.894000000000002,-0.4681205813090113,0.0,-0.5353024082510005,0.0,0.27828748015772964,0.0
16.896,-0.4691906249736674,0.0,-0.5347389697627596,0.0,0.2851474052641271,0.0
16.898,-0.4702595280559453,0.0,-0.5341618331165132,0.0,0.29198560054871925,0.0
16.9,-0.47132726320313983,0.0,-0.5335710419972992,0.0,0.29880184076374106,0.0
16.902,-0.4723938031503663,0.0,-0.5329666405397566,0.0,0.30559590156197847,0.0
16.904,-0.47345912072145235,0.0,-0.5323486733263093,0.0,0.31236755950404693,0.0
16.906,-0.4745231888298428,0.0,-0.531717185385347,0.0,0.3191165920656718,0.0
16.908,-0.47558598047948175,0.0,-0.5310722221893883,0.0,0.325842777644876,0.0
16.91,-0.47664746876569775,0.0,-0.530413829653225,0.0,0.33254589556913683,0.0
16.912,-0.47770762687609436,0.0,-0.5297420541320591,0.0,0.3392257261025817,0.0
16.914,-0.4787664280914228,0.0,-0.5290569424196224,0.0,0.34588205045307996,0.0
16.916,-0.47982384578645676,0.0,-0.5283585417462822,0.0,0.3525146507793019,0.0
16.918,-0.4808798534308663,0.0,-0.5276468997771336,0.0,0.3591233101978113,0.0
16.92,-0.48193442459008995,0.0,-0.5269220646100661,0.0,0.36570781279009323,0.0
16.922,-0.48298753292618474,0.0,-0.5261840847738437,0.0,0.3722679436094636,0.0
16.924,-0.484039152198701,0.0,-0.5254330092261431,0.0,0.3788034886881062,0.0
16.926000000000002,-0.48508925626552946,0.0,-0.5246688873515953,0.0,0.38531423504395623,0.0
16.928,-0.48613781908375364,0.0,-0.5238917689597977,0.0,0.3917999706875641,0.0
16.93,-0.4871848147105021,0.0,-0.5231017042833348,0.0,0.3982604846289939,0.0
16.932,-0.4882302173037887,0.0,-0.5222987439757635,0.0,0.4046955668846015,0.0
16.934,-0.48927400112335795,0.0,-0.521482939109589,0.0,0.411105008483875,0.0
16.936,-0.49031614053150574,0.0,-0.5206543411742556,0.0,0.41748860147605993,0.0
16.938,-0.4913566099939338,0.0,-0.5198130020740648,0.0,0.4238461389370385,0.0
16.94,-0.49239538408056194,0.0,-0.5189589741261431,0.0,0.43017741497589235,0.0
16.942,-0.4934324374663508,0.0,-0.5180923100583635,0.0,0.4364822247415654,0.0
16.944,-0.49446774493212997,0.0,-0.5172130630072536,0.0,0.44276036442951083,0.0
16.946,-0.49550128136541116,0.0,-0.5163212865158886,0.0,0.4490116312882426,0.0
16.948,-0.4965330217611902,0.0,-0.5154170345318028,0.0,0.4552358236258467,0.0
16.95,-0.4975629412227659,0.0,-0.5145003614048423,0.0,0.4614327408165233,0.0
16.952,-0.49859101496253955,0.0,-0.5135713218850274,0.0,0.46760218330706715,0.0
16.954,-0.4996172183028015,0.0,-0.5126299711204212,0.0,0.47374395262318836,0.0
16.956,-0.5006415266765436,0.0,-0.5116763646549366,0.0,0.4798578513760581,0.0
16.958000000000002,-0.5016639156282376,0.0,-0.5107105584261815,0.0,0.48594368326855786,0.0
16.96,-0.5026843608146175,0.0,-0.5097326087632599,0.0,0.49200125310161136,0.0
16.962,-0.5037028380054709,0.0,-0.5087425723845684,0.0,0.4980303667805057,0.0
16.964,-0.5047193230844065,0.0,-0.5077405063955873,0.0,0.5040308313211042,0.0
16.966,-0.5057337920496321,0.0,-0.506726468286646,0.0,0.5100024548560674,0.0
16.968,-0.5067462210147139,0.0,-0.5057005159306882,0.0,0.5159450466409918,0.0
16.97,-0.507756586209349,0.0,-0.5046627075810199,0.0,0.5218584170605772,0.0
16.972,-0.5087648639801217,0.0,-0.5036131018690346,0.0,0.5277423776347274,0.0
16.974,-0.5097710307912476,0.0,-0.5025517578019603,0.0,0.5335967410245352,0.0
16.976,-0.5107750632253377,0.0,-0.5014787347605455,0.0,0.5394213210383747,0.0
16.978,-0.5117769379841339,0.0,-0.5003940924967754,0.0,0.5452159326378445,0.0
16.98,-0.5127766318892497,0.0,-0.499297891131549,0.0,0.5509803919436869,0.0
16.982,-0.5137741218829088,0.0,-0.4981901911523645,0.0,0.5567145162417266,0.0
16.984,-0.5147693850286769,0.0,-0.4970710534109754,0.0,0.5624181239887098,0.0
16.986,-0.5157623985121796,0.0,-0.4959405391210475,0.0,0.5680910348181019,0.0
16.988,-0.5167531396418349,0.0,-0.49479870985579966,0.0,0.5737330695459029,0.0
16.990000000000002,-0.5177415858495656,0.0,-0.4936456275456218,0.0,0.5793440501763994,0.0
16.992,-0.5187277146915037,0.0,-0.49248135447571995,0.0,0.584923799907769,0.0
16.994,-0.5197115038487112,0.0,-0.49130595328368754,0.0,0.5904721431378759,0.0
16.996,-0.5206929311278736,0.0,-0.4901194869571268,0.0,0.5959889054697889,0.0
16.998,-0.5216719744620002,0.0,-0.48892201883122166,0.0,0.6014739137174054,0.0
17.0,-0.5226486119111122,0.0,-0.4877136125863203,0.0,0.6069269959109561,0.0
17.002,-0.5236228216629395,0.0,-0.48649433224547556,0.0,0.6123479813025414,0.0
17.004,-0.5245945820335989,0.0,-0.48526424217201675,0.0,0.6177367003715668,0.0
17.006,-0.5255638714682662,0.0,-0.48402340706709046,0.0,0.6230929848301296,0.0
17.008,-0.5265306685418618,0.0,-0.48277189196716674,0.0,0.6284166676284589,0.0
17.01,-0.527494951959711,0.0,-0.4815097622415818,0.0,0.6337075829601847,0.0
17.012,-0.528456700558204,0.0,-0.4802370835900364,0.0,0.6389655662676355,0.0
17.014,-0.5294158933054643,0.0,-0.4789539220400907,0.0,0.6441904542471165,0.0
17.016000000000002,-0.5303725093019942,0.0,-0.47766034394465745,0.0,0.6493820848540948,0.0
17.018,-0.5313265277813233,0.0,-0.47635641597947076,0.0,0.6545402973083428,0.0
17.02,-0.5322779281106553,0.0,-0.4750422051405607,0.0,0.6596649320990962,0.0
17.022000000000002,-0.5332266897915059,0.0,-0.4737177787417,0.0,0.6647558309901109,0.0
17.024,-0.5341727924603284,0.0,-0.4723832044118662,0.0,0.6698128370246793,0.0
17.026,-0.5351162158891521,0.0,-0.47103855009265416,0.0,0.6748357945306533,0.0
17.028,-0.5360569399861991,0.0,-0.46968388403571615,0.0,0.6798245491253899,0.0
17.03,-0.5369949447965031,0.0,-0.46831927480017854,0.0,0.6847789477206334,0.0
17.032,-0.5379302105025177,0.0,-0.4669447912500515,0.0,0.6896988385273756,0.0
17.034,-0.5388627174247305,0.0,-0.46556050255161324,0.0,0.6945840710607032,0.0
17.036,-0.5397924460222632,0.0,-0.4641664781708037,0.0,0.6994344961445551,0.0
17.038,-0.5407193768934615,0.0,-0.46276278787060526,0.0,0.7042499659164315,0.0
17.04,-0.5416434907764964,0.0,-0.46134950170840794,0.0,0.7090303338321116,0.0
17.042,-0.5425647685499474,0.0,-0.45992669003335757,0.0,0.7137754546703052,0.0
17.044,-0.5434831912333744,0.0,-0.45849442348373676,0.0,0.7184851845371687,0.0
17.046,-0.5443987399879081,0.0,-0.45705277298426367,0.0,0.7231593808709729,0.0
17.048000000000002,-0.5453113961168117,0.0,-0.45560180974345443,0.0,0.7277979024465309,0.0
17.05,-0.5462211410660419,0.0,-0.4541416052509353,0.0,0.7324006093796709,0.0
17.052,-0.5471279564248195,0.0,-0.4526722312747527,0.0,0.7369673631316842,0.0
17.054000000000002,-0.5480318239261759,0.0,-0.4511937598586818,0.0,0.7414980265136799,0.0
17.056,-0.5489327254474998,0.0,-0.44970626331952873,0.0,0.7459924636908963,0.0
17.058,-0.5498306430110891,0.0,-0.4482098142444088,0.0,0.7504505401870109,0.0
17.06,-0.5507255587846831,0.0,-0.4467044854880129,0.0,0.7548721228883752,0.0
17.062,-0.551617455081995,0.0,-0.44519035016990993,0.0,0.7592570800481859,0.0
17.064,-0.5525063143632374,0.0,-0.443667481671793,0.0,0.7636052812906289,0.0
17.066,-0.5533921192356495,0.0,-0.4421359536347239,0.0,0.7679165976150064,0.0
17.068,-0.5542748524540104,0.0,-0.44059583995638957,0.0,0.7721909013997732,0.0
17.07,-0.555154496921144,0.0,-0.43904721478833963,0.0,0.7764280664065258,0.0
17.072,-0.5560310356884328,0.0,-0.43749015253321355,0.0,0.7806279677839989,0.0
17.074,-0.5569044519563146,0.0,-0.43592472784196046,0.0,0.7847904820719609,0.0
17.076,-0.5577747290747694,0.0,-0.43435101561105954,0.0,0.788915487205065,0.0
17.078,-0.5586418505438185,0.0,-0.43276909097972227,0.0,0.7930028625167003,0.0
17.080000000000002,-0.5595058000140023,0.0,-0.43117902932708413,0.0,0.7970524887427648,0.0
17.082,-0.5603665612868522,0.0,-0.42958090626941103,0.0,0.8010642480253513,0.0
17.084,-0.561224118315371,0.0,-0.42797479765727475,0.0,0.8050380239164772,0.0
17.086000000000002,-0.5620784552044952,0.0,-0.42636077957272445,0.0,0.808973701381696,0.0
17.088,-0.5629295562115495,0.0,-0.42473892832647225,0.0,0.8128711668036696,0.0
17.09,-0.563777405746712,0.0,-0.42310932045503435,0.0,0.8167303079857346,0.0
17.092,-0.5646219883734533,0.0,-0.421472032717906,0.0,0.8205510141553707,0.0
17.094,-0.5654632888089886,0.0,-0.4198271420946823,0.0,0.8243331759676726,0.0
17.096,-0.566301291924702,0.0,-0.4181747257822467,0.0,0.828076685508682,0.0
17.098,-0.567135982746593,0.0,-0.41651486119185016,0.0,0.8317814362988211,0.0
17.1,-0.5679673464556952,0.0,-0.4148476259462781,0.0,0.8354473232961326,0.0
17.102,-0.5687953683884917,0.0,-0.41317309787695977,0.0,0.8390742428995368,0.0
17.104,-0.5696200340373402,0.0,-0.41149135502107903,0.0,0.8426620929520614,0.0
17.106,-0.5704413290508745,0.0,-0.40980247561869027,0.0,0.8462107727439798,0.0
17.108,-0.5712592392344068,0.0,-0.4081065381098148,0.0,0.8497201830159051,0.0
17.11,-0.5720737505503288,0.0,-0.4064036211315464,0.0,0.8531902259618735,0.0
17.112000000000002,-0.5728848491185037,0.0,-0.40469380351511386,0.0,0.8566208052323558,0.0
17.114,-0.5736925212166416,0.0,-0.4029771642830238,0.0,0.8600118259371689,0.0
17.116,-0.5744967532806942,0.0,-0.40125378264606587,0.0,0.8633631946484626,0.0
17.118000000000002,-0.5752975319052169,0.0,-0.39952373800043195,0.0,0.8666748194035288,0.0
17.12,-0.5760948438437389,0.0,-0.3977871099247823,0.0,0.8699466097076267,0.0
17.122,-0.5768886760091299,0.0,-0.3960439781772847,0.0,0.8731784765367655,0.0
17.124,-0.5776790154739522,0.0,-0.39429442269268467,0.0,0.8763703323404064,0.0
17.126,-0.5784658494708119,0.0,-0.39253852357935437,0.0,0.8795220910441368,0.0
17.128,-0.5792491653926999,0.0,-0.39077636111633746,0.0,0.8826336680522724,0.0
17.13,-0.5800289507933373,0.0,-0.3890080157503885,0.0,0.8857049802504491,0.0
17.132,-0.5808051933875038,0.0,-0.3872335680929989,0.0,0.8887359460081394,0.0
17.134,-0.5815778810513609,0.0,-0.38545309891744484,0.0,0.8917264851810935,0.0
17.136,-0.5823470018227788,0.0,-0.38366668915580093,0.0,0.8946765191137964,0.0
17.138,-0.583112543901649,0.0,-0.3818744198959586,0.0,0.897585970641821,0.0
17.14,-0.5838744956501881,0.0,-0.38007637237864994,0.0,0.9004547640941397,0.0
17.142,-0.5846328455932485,0.0,-0.3782726279944491,0.0,0.9032828252954175,0.0
17.144000000000002,-0.5853875824186099,0.0,-0.37646326828078447,0.0,0.9060700815682206,0.0
17.146,-0.58613869497727,0.0,-0.374648374918944,0.0,0.9088164617351794,0.0
17.148,-0.586886172283731,0.0,-0.37282802973106816,0.0,0.9115218961211263,0.0
17.150000000000002,-0.5876300035162811,0.0,-0.37100231467712685,0.0,0.9141863165551691,0.0
17.152,-0.5883701780172567,0.0,-0.3691713118519571,0.0,0.9168096563726735,0.0
17.154,-0.589106685293322,0.0,-0.3673351034821887,0.0,0.9193918504172913,0.0
17.156,-0.5898395150157222,0.0,-0.36549377192326826,0.0,0.9219328350428388,0.0
17.158,-0.590568657020541,0.0,-0.363647399656419,0.0,0.9244325481151856,0.0
17.16,-0.5912941013089434,0.0,-0.36179606928562186,0.0,0.9268909290140572,0.0
17.162,-0.5920158380474267,0.0,-0.3599398635345817,0.0,0.9293079186348272,0.0
17.164,-0.5927338575680533,0.0,-0.35807886524369253,0.0,0.9316834593902255,0.0
17.166,-0.5934481503686755,0.0,-0.3562131573670136,0.0,0.934017495211991,0.0
17.168,-0.5941587071131704,0.0,-0.35434282296920294,0.0,0.9363099715525218,0.0
17.17,-0.5948655186316508,0.0,-0.3524679452225055,0.0,0.9385608353864171,0.0
17.172,-0.595568575920677,0.0,-0.3505886074036939,0.0,0.9407700352119941,0.0
17.174,-0.5962678701434672,0.0,-0.34870489289101664,0.0,0.9429375210527682,0.0
17.176000000000002,-0.5969633926300948,0.0,-0.3468168851611391,0.0,0.9450632444588576,0.0
17.178,-0.5976551348776799,0.0,-0.3449246677861167,0.0,0.9471471585083426,0.0
17.18,-0.5983430885505826,0.0,-0.34302832443030573,0.0,0.9491892178085922,0.0
17.182,-0.5990272454805801,0.0,-0.3411279388473277,0.0,0.9511893784975148,0.0
17.184,-0.5997075976670457,0.0,-0.3392235948769767,0.0,0.9531475982447812,0.0
17.186,-0.6003841372771106,0.0,-0.33731537644220794,0.0,0.9550638362529575,0.0
17.188,-0.6010568566458377,0.0,-0.33540336754600447,0.0,0.956938053258652,0.0
17.19,-0.6017257482763727,0.0,-0.3334876522683597,0.0,0.9587702115335496,0.0
17.192,-0.6023908048400919,0.0,-0.3315683147631857,0.0,0.9605602748854145,0.0
17.194,-0.6030520191767548,0.0,-0.3296454392552375,0.0,0.9623082086590643,0.0
17.196,-0.6037093842946383,0.0,-0.32771911003704646,0.0,0.9640139797372653,0.0
17.198,-0.6043628933706668,0.0,-0.32578941146583784,0.0,0.9656775565415762,0.0
17.2,-0.6050125397505435,0.0,-0.32385642796046,0.0,0.9672989090331678,0.0
17.202,-0.6056583169488696,0.0,-0.3219202439982773,0.0,0.968878008713568,0.0
17.204,-0.6063002186492529,0.0,-0.31998094411214956,0.0,0.9704148286253483,0.0
17.206,-0.6069382387044236,0.0,-0.31803861288727026,0.0,0.971909343352794,0.0
17.208000000000002,-0.607572371136332,0.0,-0.3160933349581436,0.0,0.9733615290224885,0.0
17.21,-0.6082026101362402,0.0,-0.31414519500547267,0.0,0.9747713633038528,0.0
17.212,-0.6088289500648192,0.0,-0.3121942777530795,0.0,0.9761388254096572,0.0
17.214,-0.609451385452227,0.0,-0.3102406679648142,0.0,0.977463896096453,0.0
17.216,-0.6100699109981884,0.0,-0.3082844504414718,0.0,0.9787465576649683,0.0
17.218,-0.6106845215720592,0.0,-0.30632571001770725,0.0,0.9799867939604394,0.0
17.22,-0.6112952122129008,0.0,-0.3043645315589245,0.0,0.9811845903729153,0.0
17.222,-0.6119019781295336,0.0,-0.30240099995821434,0.0,0.9823399338374872,0.0
17.224,-0.6125048147005846,0.0,-0.30043520013325226,0.0,0.9834528128344673,0.0
17.226,-0.6131037174745421,0.0,-0.29846721702320533,0.0,0.9845232173895377,0.0
17.228,-0.6136986821697921,0.0,-0.2964971355856394,0.0,0.9855511390738281,0.0
17.23,-0.6142897046746485,0.0,-0.2945250407934463,0.0,0.9865365710039427,0.0
17.232,-0.6148767810473856,0.0,-0.2925510176317213,0.0,0.9874795078419467,0.0
17.234,-0.6154599075162583,0.0,-0.2905751510946997,0.0,0.988379945795298,0.0
17.236,-0.6160390804795144,0.0,-0.28859752618265955,0.0,0.9892378826167159,0.0
17.238,-0.6166142965054072,0.0,-0.28661822789882724,0.0,0.9900533176040178,0.0
17.240000000000002,-0.6171855523321979,0.0,-0.28463734124627527,0.0,0.9908262515998891,0.0
17.242,-0.6177528448681469,0.0,-0.2826549512248639,0.0,0.9915566869916035,0.0
17.244,-0.6183161711915133,0.0,-0.2806711428281248,0.0,0.9922446277107042,0.0
17.246,-0.6188755285505315,0.0,-0.2786860010401867,0.0,0.9928900792326198,0.0
17.248,-0.6194309143633951,0.0,-0.2766996108326799,0.0,0.9934930485762365,0.0
17.25,-0.6199823262182211,0.0,-0.27471205716165864,0.0,0.9940535443034089,0.0
17.252,-0.6205297618730243,0.0,-0.2727234249645125,0.0,0.9945715765184402,0.0
17.254,-0.6210732192556732,0.0,-0.2707337991568623,0.0,0.995047156867488,0.0
17.256,-0.6216126964638395,0.0,-0.2687432646295284,0.0,0.9954802985379333,0.0
17.258,-0.6221481917649534,0.0,-0.2667519062453825,0.0,0.9958710162576915,0.0
17.26,-0.6226797035961387,0.0,-0.2647598088363176,0.0,0.9962193262944794,0.0
17.262,-0.6232072305641481,0.0,-0.2627670572001533,0.0,0.9965252464550209,0.0
17.264,-0.6237307714452951,0.0,-0.2607737360975525,0.0,0.9967887960842102,0.0
17.266000000000002,-0.6242503251853757,0.0,-0.2587799302489492,0.0,0.9970099960642218,0.0
17.268,-0.6247658908995799,0.0,-0.2567857243314827,0.0,0.9971888688135611,0.0
17.27,-0.62527746787241,0.0,-0.25479120297591357,0.0,0.9973254382860813,0.0
17.272000000000002,-0.6257850555575806,0.0,-0.252796450763564,0.0,0.997419729969934,0.0
17.274,-0.6262886535779142,0.0,-0.25080155222324924,0.0,0.9974717708864722,0.0
17.276,-0.6267882617252379,0.0,-0.24880659182819867,0.0,0.9974815895891045,0.0
17.278,-0.6272838799602676,0.0,-0.24681165399301314,0.0,0.997449216162104,0.0
17.28,-0.6277755084124873,0.0,-0.24481682307059294,0.0,0.9973746822193554,0.0
17.282,-0.6282631473800192,0.0,-0.24282218334908445,0.0,0.9972580209030528,0.0
17.284,-0.6287467973294983,0.0,-0.24082781904881834,0.0,0.9970992668823581,0.0
17.286,-0.6292264588959298,0.0,-0.23883381431925915,0.0,0.996898456351996,0.0
17.288,-0.629702132882542,0.0,-0.23684025323596974,0.0,0.9966556270308056,0.0
17.29,-0.6301738202606387,0.0,-0.23484721979754186,0.0,0.9963708181602342,0.0
17.292,-0.6306415221694427,0.0,-0.23285479792255093,0.0,0.9960440705027833,0.0
17.294,-0.63110523991593,0.0,-0.2308630714465649,0.0,0.9956754263404268,0.0
17.296,-0.6315649749746629,0.0,-0.22887212411903024,0.0,0.9952649294729239,0.0
17.298000000000002,-0.6320207289876145,0.0,-0.22688203960029885,0.0,0.9948126252161444,0.0
17.3,-0.6324725037639847,0.0,-0.22489290145857113,0.0,0.9943185604002986,0.0
17.302,-0.632920301280017,0.0,-0.2229047931668754,0.0,0.9937827833681407,0.0
17.304000000000002,-0.6333641236788047,0.0,-0.22091779810003984,0.0,0.9932053439731119,0.0
17.306,-0.6338039732700856,0.0,-0.21893199953168266,0.0,0.9925862935774341,0.0
17.308,-0.6342398525300454,0.0,-0.21694748063118843,0.0,0.9919256850501602,0.0
17.31,-0.6346717641010992,0.0,-0.2149643244606911,0.0,0.9912235727651584,0.0
17.312,-0.6350997107916789,0.0,-0.212982613972081,0.0,0.9904800125990724,0.0
17.314,-0.6355236955760042,0.0,-0.21100243200399554,0.0,0.9896950619292053,0.0
17.316,-0.6359437215938588,0.0,-0.20902386127881611,0.0,0.9888687796313711,0.0
17.318,-0.6363597921503527,0.0,-0.20704698439967106,0.0,0.9880012260776854,0.0
17.32,-0.6367719107156781,0.0,-0.20507188384746214,0.0,0.9870924631343175,0.0
17.322,-0.6371800809248663,0.0,-0.20309864197785468,0.0,0.9861425541591808,0.0
17.324,-0.6375843065775328,0.0,-0.20112734101831392,0.0,0.9851515639995838,0.0
17.326,-0.6379845916376143,0.0,-0.19915806306512576,0.0,0.9841195589898276,0.0
17.328,-0.6383809402331083,0.0,-0.19719089008041224,0.0,0.9830466069487428,0.0
17.330000000000002,-0.6387733566558019,0.0,-0.1952259038891831,0.0,0.9819327771772086,0.0
17.332,-0.6391618453609875,0.0,-0.1932631861763688,0.0,0.9807781404555858,0.0
17.334,-0.6395464109671901,0.0,-0.1913028184838554,0.0,0.9795827690411244,0.0
17.336000000000002,-0.639927058255871,0.0,-0.18934488220754275,0.0,0.9783467366653112,0.0
17.338,-0.6403037921711328,0.0,-0.18738945859439815,0.0,0.9770701185311754,0.0
17.34,-0.6406766178194234,0.0,-0.18543662873950925,0.0,0.9757529913105393,0.0
17.342,-0.6410455404692265,0.0,-0.18348647358315814,0.0,0.9743954331412286,0.0
17.344,-0.6414105655507468,0.0,-0.1815390739078716,0.0,0.9729975236242061,0.0
17.346,-0.6417716986555974,0.0,-0.1795945103355504,0.0,0.9715593438207314,0.0
17.348,-0.6421289455364673,0.0,-0.17765286332447278,0.0,0.970080976249347,0.0
17.35,-0.6424823121068006,0.0,-0.17571421316644592,0.0,0.9685625048829477,0.0
17.352,-0.6428318044404535,0.0,-0.1737786399838835,0.0,0.9670040151457229,0.0
17.354,-0.6431774287713564,0.0,-0.17184622372689404,0.0,0.9654055939100626,0.0
17.356,-0.6435191914931658,0.0,-0.16991704417039505,0.0,0.9637673294934327,0.0
17.358,-0.6438570991589072,0.0,-0.1679911809112325,0.0,0.9620893116551912,0.0
17.36,-0.6441911584806235,0.0,-0.1660687133652923,0.0,0.9603716315933613,0.0
17.362000000000002,-0.6445213763290032,0.0,-0.16414972076461692,0.0,0.9586143819413309,0.0
17.364,-0.6448477597330138,0.0,-0.16223428215457442,0.0,0.9568176567645799,0.0
17.366,-0.6451703158795232,0.0,-0.16032247639094774,0.0,0.9549815515572397,0.0
17.368000000000002,-0.6454890521129221,0.0,-0.15841438213711698,0.0,0.9531061632387243,0.0
17.37,-0.6458039759347285,0.0,-0.1565100778612035,0.0,0.9511915901502415,0.0
17.372,-0.6461150950032026,0.0,-0.15460964183322112,0.0,0.9492379320512794,0.0
17.374,-0.6464224171329431,0.0,-0.15271315212225384,0.0,0.947245290116046,0.0
17.376,-0.6467259502944841,0.0,-0.15082068659361952,0.0,0.9452137669298565,0.0
17.378,-0.6470257026138826,0.0,-0.14893232290606753,0.0,0.9431434664854891,0.0
17.38,-0.6473216823723074,0.0,-0.1470481385089553,0.0,0.9410344941794719,0.0
17.382,-0.6476138980056093,0.0,-0.14516821063942692,0.0,0.9388869568083151,0.0
17.384,-0.6479023581039026,0.0,-0.1432926163196652,0.0,0.9367009625647635,0.0
17.386,-0.6481870714111282,0.0,-0.1414214323540569,0.0,0.9344766210339104,0.0
17.388,-0.6484680468246162,0.0,-0.13955473532643536,0.0,0.9322140431893264,0.0
17.39,-0.6487452933946384,0.0,-0.13769260159729996,0.0,0.9299133413891258,0.0
17.392,-0.649018820323965,0.0,-0.13583510730105408,0.0,0.9275746293719802,0.0
17.394000000000002,-0.649288636967407,0.0,-0.13398232834324286,0.0,0.925198022253094,0.0
17.396,-0.6495547528313519,0.0,-0.13213434039781402,0.0,0.9227836365201363,0.0
17.398,-0.6498171775733048,0.0,-0.13029121890436812,0.0,0.9203315900291216,0.0
17.400000000000002,-0.6500759210014113,0.0,-0.12845303906541972,0.0,0.917842002000226,0.0
17.402,-0.6503309930739838,0.0,-0.12661987584370177,0.0,0.9153149930136246,0.0
17.404,-0.6505824038990164,0.0,-0.12479180395941247,0.0,0.912750685005189,0.0
17.406,-0.6508301637337011,0.0,-0.12296889788753401,0.0,0.9101492012622188,0.0
17.408,-0.6510742829839313,0.0,-0.12115123185512344,0.0,0.907510666419082,0.0
17.41,-0.651314772203804,0.0,-0.11933887983863362,0.0,0.904835206452844,0.0
17.412,-0.6515516420951177,0.0,-0.11753191556121706,0.0,0.9021229486788183,0.0
17.414,-0.6517849035068591,0.0,-0.11573041249005289,0.0,0.8993740217460722,0.0
17.416,-0.652014567434694,0.0,-0.11393444383371498,0.0,0.8965885556329718,0.0
17.418,-0.6522406450204413,0.0,-0.11214408253947217,0.0,0.8937666816425248,0.0
17.42,-0.6524631475515551,0.0,-0.11035940129067623,0.0,0.8909085323978392,0.0
17.422,-0.6526820864605851,0.0,-0.10858047250411951,0.0,0.8880142418374447,0.0
17.424,-0.6528974733246501,0.0,-0.10680736832739979,0.0,0.8850839452105916,0.0
17.426000000000002,-0.6531093198648917,0.0,-0.10504016063631288,0.0,0.8821177790725132,0.0
17.428,-0.6533176379459265,0.0,-0.10327892103224096,0.0,0.8791158812796471,0.0
17.43,-0.6535224395753004,0.0,-0.10152372083955763,0.0,0.8760783909847969,0.0
17.432,-0.6537237369029285,0.0,-0.0997746311030388,0.0,0.8730054486322739,0.0
17.434,-0.6539215422205316,0.0,-0.09803172258527482,0.0,0.8698971959529515,0.0
17.436,-0.6541158679610732,0.0,-0.0962950657641291,0.0,0.8667537759593635,0.0
17.438,-0.6543067266981862,0.0,-0.09456473083015171,0.0,0.8635753329406572,0.0
17.44,-0.6544941311455925,0.0,-0.09284078768403681,0.0,0.8603620124575595,0.0
17.442,-0.6546780941565258,0.0,-0.09112330593410423,0.0,0.8571139613373209,0.0
17.444,-0.6548586287231412,0.0,-0.08941235489374788,0.0,0.853831327668553,0.0
17.446,-0.6550357479759248,0.0,-0.08770800357892633,0.0,0.8505142607960794,0.0
17.448,-0.6552094651830918,0.0,-0.08601032070566239,0.0,0.8471629113157272,0.0
17.45,-0.6553797937499912,0.0,-0.08431937468753842,0.0,0.8437774310690721,0.0
17.452,-0.6555467472184916,0.0,-0.08263523363320241,0.0,0.8403579731381158,0.0
17.454,-0.6557103392663747,0.0,-0.08095796534392397,0.0,0.8369046918400342,0.0
17.456,-0.6558705837067119,0.0,-0.07928763731108618,0.0,0.8334177427216924,0.0
17.458000000000002,-0.656027494487249,0.0,-0.07762431671376124,0.0,0.8298972825543092,0.0
17.46,-0.6561810856897742,0.0,-0.07596807041626791,0.0,0.8263434693279819,0.0
17.462,-0.6563313715294858,0.0,-0.07431896496571483,0.0,0.8227564622461616,0.0
17.464,-0.6564783663543607,0.0,-0.07267706658960921,0.0,0.8191364217201518,0.0
17.466,-0.6566220846445042,0.0,-0.07104244119341224,0.0,0.8154835093634778,0.0
17.468,-0.656762541011515,0.0,-0.06941515435819301,0.0,0.8117978879863677,0.0
17.47,-0.6568997501978214,0.0,-0.06779527133817576,0.0,0.808079721589966,0.0
17.472,-0.6570337270760356,0.0,-0.06618285705841304,0.0,0.8043291753607305,0.0
17.474,-0.6571644866482851,0.0,-0.06457797611240279,0.0,0.8005464156646652,0.0
17.476,-0.6572920440455542,0.0,-0.06298069275973173,0.0,0.796731610041536,0.0
17.478,-0.6574164145270098,0.0,-0.061391070923741464,0.0,0.7928849271990623,0.0
17.48,-0.6575376134793246,0.0,-0.05980917418919357,0.0,0.7890065370070707,0.0
17.482,-0.6576556564160037,0.0,-0.05823506579995441,0.0,0.7850966104915867,0.0
17.484,-0.6577705589766963,0.0,-0.056668808656683445,0.0,0.7811553198289104,0.0
17.486,-0.6578823369265068,0.0,-0.055110465314550716,0.0,0.7771828383396622,0.0
17.488,-0.6579910061553017,0.0,-0.053560097980931365,0.0,0.7731793404827281,0.0
17.490000000000002,-0.6580965826770149,0.0,-0.052017768513160256,0.0,0.7691450018492662,0.0
17.492,-0.658199082628942,0.0,-0.050483538416263074,0.0,0.76507999915661,0.0
17.494,-0.6582985222710346,0.0,-0.048957468840706564,0.0,0.7609845102421229,0.0
17.496,-0.6583949179851898,0.0,-0.047439620580167874,0.0,0.756858714057064,0.0
17.498,-0.6584882862745302,0.0,-0.04593005406930911,0.0,0.7527027906603715,0.0
17.5,-0.6585786437626899,0.0,-0.04442882938158271,0.0,0.7485169212124678,0.0
17.502,-0.658666007193087,0.0,-0.04293600622701749,0.0,0.7443012879689541,0.0
17.504,-0.6587503934281914,0.0,-0.0414516439500312,0.0,0.7400560742742865,0.0
17.506,-0.6588318194487985,0.0,-0.03997580152729213,0.0,0.7357814645555303,0.0
17.508,-0.6589103023532832,0.0,-0.038508537565516254,0.0,0.7314776443158486,0.0
17.51,-0.6589858593568663,0.0,-0.03704991029935045,0.0,0.7271448001281885,0.0
17.512,-0.65905850779086,0.0,-0.03559997758923422,0.0,0.7227831196287983,0.0
17.514,-0.6591282651019243,0.0,-0.03415879691927115,0.0,0.7183927915107332,0.0
17.516000000000002,-0.6591951488513085,0.0,-0.032726425395129266,0.0,0.7139740055173418,0.0
17.518,-0.6592591767140943,0.0,-0.031302919741949764,0.0,0.7095269524357316,0.0
17.52,-0.6593203664784286,0.0,-0.02988833630225618,0.0,0.7050518240901444,0.0
17.522000000000002,-0.6593787360447587,0.0,-0.028482731033882713,0.0,0.7005488133353197,0.0
17.524,-0.6594343034250669,0.0,-0.02708615950795573,0.0,0.6960181140499384,0.0
17.526,-0.6594870867420827,0.0,-0.02569867690679789,0.0,0.6914599211297755,0.0
17.528,-0.6595371042285131,0.0,-0.024320338021944554,0.0,0.6868744304810919,0.0
17.53,-0.6595843742262563,0.0,-0.022951197252107536,0.0,0.6822618390138195,0.0
17.532,-0.6596289151856097,0.0,-0.02159130860118441,0.0,0.6776223446347909,0.0
17.534,-0.6596707456644864,0.0,-0.020240725676266724,0.0,0.6729561462408897,0.0
17.536,-0.6597098843276137,0.0,-0.018899501685665288,0.0,0.668263443712199,0.0
17.538,-0.6597463499457329,0.0,-0.017567689436957967,0.0,0.6635444379051207,0.0
17.54,-0.659780161394802,0.0,-0.016245341335037078,0.0,0.6587993306454345,0.0
17.542,-0.6598113376551815,0.0,-0.014932509380175818,0.0,0.6540283247213143,0.0
17.544,-0.659839897810826,0.0,-0.013629245166119575,0.0,0.6492316238764038,0.0
17.546,-0.6598658610484718,0.0,-0.01233559987817695,0.0,0.6444094328027328,0.0
17.548000000000002,-0.6598892466568144,0.0,-0.011051624291324447,0.0,0.6395619571336826,0.0
17.55,-0.659910074025688,0.0,-0.009777368768346006,0.0,0.6346894034369206,0.0
17.552,-0.6599283626452392,0.0,-0.008512883257953907,0.0,0.6297919792072469,0.0
17.554000000000002,-0.6599441321050931,0.0,-0.007258217292948066,0.0,0.6248698928594556,0.0
17.556,-0.6599574020935264,0.0,-0.006013419988394608,0.0,0.6199233537211897,0.0
17.558,-0.6599681923966271,0.0,-0.004778540039791279,0.0,0.6149525720256932,0.0
17.56,-0.6599765228974488,0.0,-0.0035536257212643307,0.0,0.6099577589045604,0.0
17.562,-0.6599824135751758,0.0,-0.002338724883793386,0.0,0.6049391263805123,0.0
17.564,-0.6599858845042652,0.0,-0.0011338849534257567,0.0,0.5998968873600761,0.0
17.566,-0.6599869558536028,0.0,6.0847070484482124e-05,0.0,0.5948312556262401,0.0
17.568,-0.6599856478856446,0.0,0.0012454246170196526,0.0,0.589742445831107,0.0
17.57,-0.6599819809555564,0.0,0.002419801545426259,0.0,0.5846306734885185,0.0
17.572,-0.6599759755103576,0.0,0.0035839321468331686,0.0,0.579496154966624,0.0
17.574,-0.6599676520880473,0.0,0.004737771145964964,0.0,0.574339107480399,0.0
17.576,-0.6599570313167454,0.0,0.00588127370279673,0.0,0.5691597490842886,0.0
17.578,-0.6599441339138099,0.0,0.0070143954142658504,0.0,0.5639582986645477,0.0
17.580000000000002,-0.6599289806849704,0.0,0.008137092315896544,0.0,0.5587349759318265,0.0
17.582,-0.6599115925234446,0.0,0.00924932088345326,0.0,0.553490001413587,0.0
17.584,-0.6598919904090568,0.0,0.010351038034567162,0.0,0.5482235964464872,0.0
17.586000000000002,-0.6598701954073534,0.0,0.011442201130348162,0.0,0.542935983168793,0.0
17.588,-0.6598462286687115,0.0,0.012522767976972993,0.0,0.5376273845127478,0.0
17.59,-0.6598201114274522,0.0,0.013592696827275375,0.0,0.5322980241968835,0.0
17.592,-0.6597918650009432,0.0,0.014651946382299608,0.0,0.5269481267183536,0.0
17.594,-0.6597615107886976,0.0,0.015700475792866986,0.0,0.5215779173451675,0.0
17.596,-0.6597290702714768,0.0,0.016738244661089086,0.0,0.5161876221085231,0.0
17.598,-0.6596945650103875,0.0,0.017765213041899874,0.0,0.5107774677949719,0.0
17.6,-0.6596580166459716,0.0,0.01878134144455762,0.0,0.5053476819386468,0.0
17.602,-0.659619446897295,0.0,0.019786590834125928,0.0,0.4998984928134533,0.0
17.604,-0.6595788775610386,0.0,0.020780922632953447,0.0,0.4944301294252006,0.0
17.606,-0.659536330510579,0.0,0.021764298722123543,0.0,0.48894282150374063,0.0
17.608,-0.6594918276950716,0.0,0.02273668144289598,0.0,0.48343679949509877,0.0
17.61,-0.6594453911385298,0.0,0.023698033598129997,0.0,0.4779122945535252,0.0
17.612000000000002,-0.6593970429388895,0.0,0.024648318453709406,0.0,0.47236953853351205,0.0
17.614,-0.6593468052671039,0.0,0.025587499739896047,0.0,0.46680876398197907,0.0
17.616,-0.6592947003661898,0.0,0.026515541652753605,0.0,0.46123020413008664,0.0
17.618000000000002,-0.6592407505503103,0.0,0.0274324088554741,0.0,0.45563409288536283,0.0
17.62,-0.6591849782038308,0.0,0.028338066479735913,0.0,0.45002066482362907,0.0
17.622,-0.6591274057803858,0.0,0.029232480127032723,0.0,0.4443901551809247,0.0
17.624,-0.6590680558019353,0.0,0.030115615869983514,0.0,0.43874279984544684,0.0
17.626,-0.6590069508578227,0.0,0.030987440253627707,0.0,0.43307883534943764,0.0
17.628,-0.6589441136038265,0.0,0.03184792029670436,0.0,0.4273984988610908,0.0
17.63,-0.6588795667612117,0.0,0.03269702349292586,0.0,0.42170202817633673,0.0
17.632,-0.6588133331157836,0.0,0.03353471781220896,0.0,0.41598966171075275,0.0
17.634,-0.6587454355169267,0.0,0.03436097170191971,0.0,0.4102616384913477,0.0
17.636,-0.658675896876655,0.0,0.035175754088078826,0.0,0.40451819814833756,0.0
17.638,-0.6586047401686492,0.0,0.03597903437656913,0.0,0.3987595809069266,0.0
17.64,-0.6585319884272989,0.0,0.036770782454304096,0.0,0.3929860275790858,0.0
17.642,-0.6584576647467365,0.0,0.037550968690408804,0.0,0.3871977795552385,0.0
17.644000000000002,-0.6583817922798745,0.0,0.03831956393735575,0.0,0.38139507879599754,0.0
17.646,-0.6583043942374329,0.0,0.03907653953210549,0.0,0.37557816782387005,0.0
17.648,-0.6582254938869772,0.0,0.039821867297213265,0.0,0.3697472897149121,0.0
17.650000000000002,-0.6581451145519367,0.0,0.040555519541941476,0.0,0.3639026880903569,0.0
17.652,-0.6580632796106359,0.0,0.041277469063325634,0.0,0.358044607108327,0.0
17.654,-0.6579800124953183,0.0,0.04198768914724932,0.0,0.352173291455382,0.0
17.656,-0.6578953366911652,0.0,0.042686153569492014,0.0,0.3462889863381493,0.0
17.658,-0.657809275735315,0.0,0.043372836596760056,0.0,0.3403919374748943,0.0
17.66,-0.65772185321588,0.0,0.04404771298769866,0.0,0.33448239108710687,0.0
17.662,-0.6576330927709656,0.0,0.04471075799389107,0.0,0.3285605938910302,0.0
17.664,-0.6575430180876739,0.0,0.04536194736084942,0.0,0.322626793089148,0.0
17.666,-0.6574516529011315,0.0,0.04600125732895477,0.0,0.3166812363618446,0.0
17.668,-0.6573590209934793,0.0,0.046628664634433825,0.0,0.31072417185870854,0.0
17.67,-0.6572651461928916,0.0,0.047244146510269314,0.0,0.30475584819014295,0.0
17.672,-0.6571700523725811,0.0,0.0478476806871172,0.0,0.29877651441882025,0.0
17.674,-0.6570737634498,0.0,0.04843924539420408,0.0,0.292786420051084,0.0
17.676000000000002,-0.6569763033848429,0.0,0.04901881936020863,0.0,0.2867858150284137,0.0
17.678,-0.6568776961800452,0.0,0.049586381814117175,0.0,0.28077494971885675,0.0
17.68,-0.6567779658787861,0.0,0.05014191248607347,0.0,0.27475407490841575,0.0
17.682,-0.6566771365644792,0.0,0.0506853916082039,0.0,0.268723441792416,0.0
17.684,-0.6565752323595748,0.0,0.051216799915428046,0.0,0.2626833019669379,0.0
17.686,-0.6564722774245466,0.0,0.05173611864624894,0.0,0.2566339074201567,0.0
17.688,-0.6563682959568894,0.0,0.05224332954353417,0.0,0.2505755105236735,0.0
17.69,-0.6562633121901075,0.0,0.052738414855267424,0.0,0.24450836402386722,0.0
17.692,-0.6561573503927008,0.0,0.05322135733529426,0.0,0.2384327210332322,0.0
17.694,-0.6560504348671579,0.0,0.05369214024404545,0.0,0.23234883502165982,0.0
17.696,-0.6559425899489373,0.0,0.05415074734923947,0.0,0.22625695980774957,0.0
17.698,-0.6558338400054563,0.0,0.05459716292657424,0.0,0.2201573495501215,0.0
17.7,-0.655724209435072,0.0,0.05503137176039613,0.0,0.21405025873865452,0.0
17.702,-0.6556137226660609,0.0,0.055453359144360004,0.0,0.20793594218573186,0.0
17.704,-0.6555024041556038,0.0,0.05586311088205537,0.0,0.20181465501757156,0.0
17.706,-0.6553902783887646,0.0,0.05626061328763443,0.0,0.19568665266539276,0.0
17.708000000000002,-0.6552773698774694,0.0,0.056645853186406026,0.0,0.18955219085667263,0.0
17.71,-0.6551637031594773,0.0,0.05701881791542718,0.0,0.18341152560637985,0.0
17.712,-0.6550493027973652,0.0,0.0573794953240605,0.0,0.17726491320815507,0.0
17.714,-0.6549341933774985,0.0,0.057727873774530425,0.0,0.1711126102255423,0.0
17.716,-0.6548183995090002,0.0,0.05806394214245125,0.0,0.16495487348311244,0.0
17.718,-0.6547019458227358,0.0,0.0583876898173355,0.0,0.15879196005778717,0.0
17.72,-0.6545848569702692,0.0,0.05869910670310069,0.0,0.15262412726982516,0.0
17.722,-0.6544671576228471,0.0,0.058998183218538724,0.0,0.14645163267412004,0.0
17.724,-0.6543488724703627,0.0,0.05928491029777583,0.0,0.14027473405132668,0.0
17.726,-0.6542300262203257,0.0,0.05955927939071892,0.0,0.1340936893989743,0.0
17.728,-0.6541106435968251,0.0,0.059821282463484504,0.0,0.12790875692261602,0.0
17.73,-0.6539907493395072,0.0,0.06007091199879311,0.0,0.12172019502700532,0.0
17.732,-0.653870368202534,0.0,0.06030816099637204,0.0,0.11552826230716892,0.0
17.734,-0.6537495249535472,0.0,0.060533022973319084,0.0,0.10933321753949937,0.0
17.736,-0.653628244372643,0.0,0.06074549196446033,0.0,0.10313531967300077,0.0
17.738,-0.6535065512513235,0.0,0.06094556252268313,0.0,0.09693482782020615,0.0
17.740000000000002,-0.6533844703914718,0.0,0.061133229719258275,0.0,0.09073200124841407,0.0
17.742,-0.653262026604306,0.0,0.061308489144136336,0.0,0.08452709937074016,0.0
17.744,-0.6531392447093479,0.0,0.06147133690623474,0.0,0.07832038173718531,0.0
17.746,-0.6530161495333816,0.0,0.061621769633697254,0.0,0.07211210802573728,0.0
17.748,-0.6528927659094161,0.0,0.06175978447414765,0.0,0.06590253803343799,0.0
17.75,-0.6527691186756432,0.0,0.06188537909491276,0.0,0.059691931667475384,0.0
17.752,-0.6526452326744038,0.0,0.061998551683238534,0.0,0.05348054893623298,0.0
17.754,-0.6525211327511388,0.0,0.06209930094648053,0.0,0.047268649940320276,0.0
17.756,-0.6523968437533599,0.0,0.06218762611227835,0.0,0.041056494863728685,0.0
17.758,-0.6522723905296001,0.0,0.06226352692871939,0.0,0.03484434396479344,0.0
17.76,-0.6521477979283774,0.0,0.06232700366447019,0.0,0.028632457567287287,0.0
17.762,-0.6520230907971483,0.0,0.06237805710890809,0.0,0.022421096051481515,0.0
17.764,-0.6518982939812733,0.0,0.06241668857221505,0.0,0.01621051984516548,0.0
17.766000000000002,-0.6517734323229711,0.0,0.0624428998854718,0.0,0.010000989414706889,0.0
17.768,-0.6516485306602753,0.0,0.06245669340072102,0.0,0.003792765256110428,0.0
17.77,-0.6515236138259972,0.0,0.062458071991021824,0.0,-0.0024138921139582256,0.0
17.772000000000002,-0.651398706646677,0.0,0.062447039050475994,0.0,-0.008618722167173121,0.0
17.774,-0.6512738339415509,0.0,0.0624235984942515,0.0,-0.014821464372369867,0.0
17.776,-0.6511490205214984,0.0,0.062387754758568836,0.0,-0.02102185820469373,0.0
17.778,-0.6510242911880089,0.0,0.0623395128006885,0.0,-0.027219643154418046,0.0
17.78,-0.6508996707321353,0.0,0.06227887809886545,0.0,-0.03341455873597496,0.0
17.782,-0.6507751839334551,0.0,0.06220585665229228,0.0,-0.03960634449687053,0.0
17.784,-0.6506508555590216,0.0,0.06212045498103158,0.0,-0.04579474002670826,0.0
17.786,-0.6505267103623308,0.0,0.062022680125914165,0.0,-0.051979484966105584,0.0
17.788,-0.6504027730822779,0.0,0.06191253964843002,0.0,-0.05816031901563096,0.0
17.79,-0.6502790684421095,0.0,0.061790041630600645,0.0,-0.06433698194485368,0.0
17.792,-0.6501556211483924,0.0,0.061655194674833935,0.0,-0.07050921360120527,0.0
17.794,-0.6500324558899656,0.0,0.061508007903756434,0.0,-0.07667675391896867,0.0
17.796,-0.6499095973369035,0.0,0.06134849096003292,0.0,-0.08283934292824953,0.0
17.798000000000002,-0.6497870701394773,0.0,0.061176654006161235,0.0,-0.08899672076391149,0.0
17.8,-0.6496648989271093,0.0,0.06099250772426301,0.0,-0.09514862767451158,0.0
17.802,-0.6495431083073421,0.0,0.06079606331583565,0.0,-0.10129480403127195,0.0
17.804000000000002,-0.6494217228647949,0.0,0.06058733250150783,0.0,-0.10743499033700928,0.0
17.806,-0.6493007671601255,0.0,0.06036632752076221,0.0,-0.11356892723505718,0.0
17.808,-0.6491802657289965,0.0,0.06013306113164829,0.0,-0.11969635551821922,0.0
17.81,-0.6490602430810324,0.0,0.059887546610469355,0.0,-0.12581701613772364,0.0
17.812,-0.6489407236987902,0.0,0.05962979775146482,0.0,-0.131930650212096,0.0
17.814,-0.6488217320367207,0.0,0.05935982886645963,0.0,-0.13803699903609143,0.0
17.816,-0.648703292520133,0.0,0.05907765478450533,0.0,-0.14413580408964877,0.0
17.818,-0.6485854295441618,0.0,0.05878329085150269,0.0,-0.15022680704677346,0.0
17.82,-0.6484681674727312,0.0,0.058476752929802034,0.0,-0.15630974978443143,0.0
17.822,-0.6483515306375282,0.0,0.05815805739779112,0.0,-0.16238437439146577,0.0
17.824,-0.6482355433369625,0.0,0.05782722114945471,0.0,-0.1684504231775311,0.0
17.826,-0.6481202298351468,0.0,0.05748426159394027,0.0,-0.1745076386818431,0.0
17.828,-0.6480056143608546,0.0,0.05712919665506955,0.0,-0.18055576368224271,0.0
17.830000000000002,-0.647891721106502,0.0,0.05676204477086888,0.0,-0.18659454120393196,0.0
17.832,-0.6477785742271118,0.0,0.056382824893057126,0.0,-0.1926237145283805,0.0
17.834,-0.6476661978392928,0.0,0.05599155648652876,0.0,-0.1986430272022009,0.0
17.836000000000002,-0.6475546160202098,0.0,0.05558825952880897,0.0,-0.20465222304598663,0.0
17.838,-0.6474438528065621,0.0,0.055172954509502325,0.0,-0.2106510461631266,0.0
17.84,-0.6473339321935591,0.0,0.05474566242971701,0.0,-0.21663924094867185,0.0
17.842,-0.6472248781338891,0.0,0.0543064048014722,0.0,-0.22261655209818532,0.0
17.844,-0.647116714536714,0.0,0.05385520364708629,0.0,-0.22858272461648538,0.0
17.846,-0.6470094652666403,0.0,0.053392081498552235,0.0,-0.2345375038264781,0.0
17.848,-0.6469031541426994,0.0,0.052917061396892895,0.0,-0.24048063537798656,0.0
17.85,-0.6467978049373335,0.0,0.052430166891496044,0.0,-0.24641186525650907,0.0
17.852,-0.6466934413753758,0.0,0.0519314220394369,0.0,-0.25233093979198484,0.0
17.854,-0.6465900871330412,0.0,0.05142085140477637,0.0,-0.2582376056675864,0.0
17.856,-0.6464877658369098,0.0,0.05089848005785058,0.0,-0.26413160992846035,0.0
17.858,-0.6463865010629123,0.0,0.05036433357453618,0.0,-0.2700126999904571,0.0
17.86,-0.6462863163353272,0.0,0.04981843803550101,0.0,-0.2758806236488786,0.0
17.862000000000002,-0.6461872351257639,0.0,0.04926082002542975,0.0,-0.2817351290872292,0.0
17.864,-0.6460892808521589,0.0,0.04869150663225352,0.0,-0.2875759648858447,0.0
17.866,-0.6459924768777737,0.0,0.04811052544633171,0.0,-0.2934028800306579,0.0
17.868000000000002,-0.6458968465101842,0.0,0.04751790455964244,0.0,-0.29921562392186274,0.0
17.87,-0.6458024130002838,0.0,0.046913672564940556,0.0,-0.30501394638255663,0.0
17.872,-0.6457091995412783,0.0,0.0462978585549062,0.0,-0.31079759766744575,0.0
17.874,-0.6456172292676916,0.0,0.0456704921212695,0.0,-0.31656632847144617,0.0
17.876,-0.6455265252543605,0.0,0.0450316033539212,0.0,-0.3223198899383819,0.0
17.878,-0.6454371105154513,0.0,0.04438122284001689,0.0,-0.3280580336694638,0.0
17.88,-0.6453490080034541,0.0,0.04371938166303424,0.0,-0.3337805117320694,0.0
17.882,-0.6452622406082,0.0,0.04304611140184955,0.0,-0.33948707666819933,0.0
17.884,-0.6451768311558651,0.0,0.042361444129772385,0.0,-0.34517748150309113,0.0
17.886,-0.6450928024079872,0.0,0.04166541241357152,0.0,-0.35085147975379183,0.0
17.888,-0.6450101770604788,0.0,0.04095804931247893,0.0,-0.35650882543768714,0.0
17.89,-0.6449289777426379,0.0,0.040239388377191765,0.0,-0.3621492730810176,0.0
17.892,-0.6448492270161754,0.0,0.039509463648831455,0.0,-0.367772577727412,0.0
17.894000000000002,-0.6447709473742274,0.0,0.03876830965791189,0.0,-0.3733784949463752,0.0
17.896,-0.644694161240384,0.0,0.03801596142327479,0.0,-0.37896678084172875,0.0
17.898,-0.6446188909677055,0.0,0.03725245445100983,0.0,-0.3845371920601569,0.0
17.900000000000002,-0.6445451588377543,0.0,0.036477824733365805,0.0,-0.39008948579957803,0.0
17.902,-0.6444729870596271,0.0,0.03569210874763773,0.0,-0.3956234198175724,0.0
17.904,-0.6444023977689788,0.0,0.03489534345503836,0.0,-0.4011387524398385,0.0
17.906,-0.6443334130270587,0.0,0.03408756629955423,0.0,-0.4066352425685527,0.0
17.908,-0.6442660548197494,0.0,0.0332688152067816,0.0,-0.41211264969075245,0.0
17.91,-0.6442003450565968,0.0,0.03243912858275455,0.0,-0.4175707338866783,0.0
17.912,-0.64413630556986,0.0,0.03159854531274653,0.0,-0.42300925583812143,0.0
17.914,-0.6440739581135453,0.0,0.030747104760049992,0.0,-0.42842797683678224,0.0
17.916,-0.6440133243624592,0.0,0.02988484676477443,0.0,-0.433826658792443,0.0
17.918,-0.6439544259112485,0.0,0.029011811642567387,0.0,-0.4392050642414151,0.0
17.92,-0.6438972842734577,0.0,0.028128040183379444,0.0,-0.4445629563546724,0.0
17.922,-0.6438419208805751,0.0,0.027233573650176757,0.0,-0.4499000989461304,0.0
17.924,-0.643788357081093,0.0,0.026328453777647698,0.0,-0.4552162564808784,0.0
17.926000000000002,-0.6437366141395635,0.0,0.02541272277088885,0.0,-0.46051119408336766,0.0
17.928,-0.6436867132356588,0.0,0.024486423304088678,0.0,-0.46578467754556674,0.0
17.93,-0.6436386754632366,0.0,0.023549598519172266,0.0,-0.4710364733351479,0.0
17.932,-0.6435925218294007,0.0,0.02260229202444608,0.0,-0.4762663486036321,0.0
17.934,-0.6435482732535734,0.0,0.021644547893224897,0.0,-0.48147407119446806,0.0
17.936,-0.6435059505665702,0.0,0.02067641066243936,0.0,-0.4866594096511161,0.0
17.938,-0.6434655745096672,0.0,0.019697925331224164,0.0,-0.4918221332251628,0.0
17.94,-0.643427165733683,0.0,0.018709137359496864,0.0,-0.4969620118843396,0.0
17.942,-0.6433907447980536,0.0,0.017710092666518296,0.0,-0.5020788163205396,0.0
17.944,-0.6433563321699223,0.0,0.016700837629430865,0.0,-0.5071723179578393,0.0
17.946,-0.6433239482232199,0.0,0.015681419081792436,0.0,-0.5122422889604665,0.0
17.948,-0.6432936132377548,0.0,0.014651884312088193,0.0,-0.5172885022407333,0.0
17.95,-0.6432653473983023,0.0,0.013612281062217901,0.0,-0.5223107314670283,0.0
17.952,-0.6432391707937059,0.0,0.012562657525984122,0.0,-0.5273087510716541,0.0
17.954,-0.6432151034159702,0.0,0.011503062347559267,0.0,-0.5322823362587251,0.0
17.956,-0.643193165159359,0.0,0.010433544619922741,0.0,-0.5372312630120668,0.0
17.958000000000002,-0.6431733758195053,0.0,0.009354153883302796,0.0,-0.5421553081030097,0.0
17.96,-0.6431557550925167,0.0,0.008264940123591524,0.0,-0.5470542490981892,0.0
17.962,-0.643140322574082,0.0,0.007165953770745803,0.0,-0.5519278643673662,0.0
17.964,-0.643127097758591,0.0,0.006057245697172919,0.0,-0.5567759330911458,0.0
17.966,-0.6431161000382419,0.0,0.004938867216095877,0.0,-0.5615982352687688,0.0
17.968,-0.6431073487021736,0.0,0.0038108700799291406,0.0,-0.5663945517256959,0.0
17.97,-0.6431008629355757,0.0,0.002673306478588322,0.0,-0.5711646641214413,0.0
17.972,-0.6430966618188284,0.0,0.001526229037835447,0.0,-0.5759083549571085,0.0
17.974,-0.6430947643266208,0.0,0.00036969081758431166,0.0,-0.5806254075830559,0.0
17.976,-0.6430951893270916,0.0,-0.0007962546898089284,0.0,-0.5853156062065028,0.0
17.978,-0.6430979555809659,0.0,-0.0019715535612694346,0.0,-0.5899787358990904,0.0
17.98,-0.643103081740688,0.0,-0.0031561514447286387,0.0,-0.594614582604418,0.0
17.982,-0.6431105863495766,0.0,-0.004349993560888776,0.0,-0.5992229331455651,0.0
17.984,-0.6431204878409585,0.0,-0.005553024704989362,0.0,-0.6038035752326214,0.0
17.986,-0.6431328045373378,0.0,-0.006765189248567227,0.0,-0.6083562974700197,0.0
17.988,-0.6431475546495287,0.0,-0.0079864311412845,0.0,-0.6128808893641358,0.0
17.990000000000002,-0.6431647562758318,0.0,-0.009216693912719232,0.0,-0.617377141330564,0.0
17.992,-0.6431844274011825,0.0,-0.010455920674190378,0.0,-0.6218448447015335,0.0
17.994,-0.643206585896327,0.0,-0.011704054120611651,0.0,-0.6262837917332569,0.0
17.996,-0.6432312495169834,0.0,-0.012961036532334269,0.0,-0.6306937756132343,0.0
17.998,-0.6432584359030207,0.0,-0.014226809777026672,0.0,-0.6350745904675414,0.0
18.0,-0.6432881625776278,0.0,-0.015501315311548636,0.0,-0.6394260313680757,0.0
18.002,-0.6433204469465018,0.0,-0.01678449418385658,0.0,-0.6437478943397837,0.0
18.004,-0.6433553062970263,0.0,-0.0180762870349227,0.0,-0.6480399763678841,0.0
18.006,-0.6433927577974604,0.0,-0.01937663410064605,0.0,-0.6523020754049691,0.0
18.008,-0.6434328184961352,0.0,-0.020685475213811144,0.0,-0.6565339903781852,0.0
18.01,-0.6434755053206429,0.0,-0.022002749806034505,0.0,-0.6607355211963226,0.0
18.012,-0.6435208350770429,0.0,-0.023328396909737037,0.0,-0.6649064687568583,0.0
18.014,-0.6435688244490556,0.0,-0.024662355160129823,0.0,-0.6690466349530437,0.0
18.016000000000002,-0.6436194899972824,0.0,-0.026004562797215747,0.0,-0.6731558226808692,0.0
18.018,-0.6436728481584079,0.0,-0.027354957667790114,0.0,-0.677233835846037,0.0
18.02,-0.6437289152444218,0.0,-0.028713477227480744,0.0,-0.6812804793709222,0.0
18.022000000000002,-0.6437877074418318,0.0,-0.030080058542786725,0.0,-0.685295559201496,0.0
18.024,-0.643849240810892,0.0,-0.03145463829311962,0.0,-0.689278882314146,0.0
18.026,-0.6439135312848314,0.0,-0.03283715277288363,0.0,-0.6932302567225663,0.0
18.028,-0.6439805946690852,0.0,-0.03422753789355526,0.0,-0.6971494914845491,0.0
18.03,-0.644050446640529,0.0,-0.035625729185774335,0.0,-0.7010363967087652,0.0
18.032,-0.6441231027467189,0.0,-0.03703166180145284,0.0,-0.7048907835614973,0.0
18.034,-0.6441985784051425,0.0,-0.03844527051589969,0.0,-0.7087124642733516,0.0
18.036,-0.6442768889024577,0.0,-0.03986648972996393,0.0,-0.7125012521459688,0.0
18.038,-0.6443580493937565,0.0,-0.041295253472154014,0.0,-0.7162569615585644,0.0
18.04,-0.6444420749018124,0.0,-0.042731495400839925,0.0,-0.7199794079746629,0.0
18.042,-0.6445289803163516,0.0,-0.044175148806401554,0.0,-0.7236684079485722,0.0
18.044,-0.6446187803933127,0.0,-0.045626146613417407,0.0,-0.7273237791319445,0.0
18.046,-0.6447114897541208,0.0,-0.047084421382880826,0.0,-0.7309453402802952,0.0
18.048000000000002,-0.6448071228849608,0.0,-0.048549905314402175,0.0,-0.7345329112594516,0.0
18.05,-0.6449056941360553,0.0,-0.05002253024843728,0.0,-0.7380863130519779,0.0
18.052,-0.6450072177209524,0.0,-0.05150222766853074,0.0,-0.7416053677635785,0.0
18.054000000000002,-0.6451117077158137,0.0,-0.05298892870356953,0.0,-0.7450898986294501,0.0
18.056,-0.6452191780587034,0.0,-0.05448256413003838,0.0,-0.7485397300205887,0.0
18.058,-0.6453296425488875,0.0,-0.05598306437431633,0.0,-0.7519546874501163,0.0
18.06,-0.6454431148461385,0.0,-0.05749035951494602,0.0,-0.7553345975794716,0.0
18.062,-0.6455596084700412,0.0,-0.059004379284952724,0.0,-0.7586792882246569,0.0
18.064,-0.6456791367992991,0.0,-0.060525053074148516,0.0,-0.7619885883623977,0.0
18.066,-0.6458017130710572,0.0,-0.062052309931467486,0.0,-0.7652623281362847,0.0
18.068,-0.6459273503802173,0.0,-0.06358607856730397,0.0,-0.7685003388628742,0.0
18.07,-0.6460560616787688,0.0,-0.06512628735585874,0.0,-0.7717024530377261,0.0
18.072,-0.6461878597751117,0.0,-0.0666728643375109,0.0,-0.7748685043414593,0.0
18.074,-0.6463227573333933,0.0,-0.06822573722119984,0.0,-0.7779983276457423,0.0
18.076,-0.6464607668728575,0.0,-0.06978483338678143,0.0,-0.7810917590191535,0.0
18.078,-0.6466019007671713,0.0,-0.0713500798874735,0.0,-0.7841486357332204,0.0
18.080000000000002,-0.646746171243791,0.0,-0.07292140345223586,0.0,-0.7871687962681857,0.0
18.082,-0.6468935903833019,0.0,-0.07449873048819755,0.0,-0.790152080318879,0.0
18.084,-0.6470441701187892,0.0,-0.07608198708310443,0.0,-0.7930983288005012,0.0
18.086000000000002,-0.647197922235195,0.0,-0.07767109900775493,0.0,-0.7960073838543773,0.0
18.088,-0.6473548583686851,0.0,-0.07926599171845944,0.0,-0.7988790888536634,0.0
18.09,-0.6475149900060293,0.0,-0.08086659035950927,0.0,-0.8017132884090175,0.0
18.092,-0.6476783284839734,0.0,-0.08247281976567089,0.0,-0.8045098283742563,0.0
18.094,-0.6478448849886279,0.0,-0.08408460446465466,0.0,-0.8072685558519073,0.0
18.096,-0.6480146705548496,0.0,-0.08570186867963042,0.0,-0.8099893191987863,0.0
18.098,-0.6481876960656436,0.0,-0.08732453633174536,0.0,-0.8126719680315048,0.0
18.1,-0.6483639722515548,0.0,-0.08895253104264172,0.0,-0.8153163532319437,0.0
18.102,-0.6485435096900757,0.0,-0.09058577613699331,0.0,-0.8179223269526676,0.0
18.104,-0.6487263188050524,0.0,-0.09222419464505582,0.0,-0.8204897426223343,0.0
18.106,-0.6489124098660977,0.0,-0.09386770930522803,0.0,-0.8230184549510435,0.0
18.108,-0.6491017929880137,0.0,-0.09551624256660035,0.0,-0.8255083199356084,0.0
18.11,-0.6492944781302126,0.0,-0.09716971659156792,0.0,-0.8279591948648786,0.0
18.112000000000002,-0.6494904750961481,0.0,-0.09882805325838617,0.0,-0.83037093832491,0.0
18.114,-0.6496897935327454,0.0,-0.10049117416378595,0.0,-0.8327434102041742,0.0
18.116,-0.649892442929846,0.0,-0.1021590006255837,0.0,-0.835076471698692,0.0
18.118000000000002,-0.6500984326196524,0.0,-0.10383145368530133,0.0,-0.83736998531713,0.0
18.12,-0.650307771776171,0.0,-0.1055084541107909,0.0,-0.8396238148858571,0.0
18.122,-0.6505204694146764,0.0,-0.10718992239888203,0.0,-0.8418378255539561,0.0
18.124,-0.6507365343911664,0.0,-0.10887577877802423,0.0,-0.8440118837981874,0.0
18.126,-0.6509559754018301,0.0,-0.11056594321096919,0.0,-0.8461458574279456,0.0
18.128,-0.6511788009825191,0.0,-0.11226033539739583,0.0,-0.8482396155900774,0.0
18.13,-0.6514050195082206,0.0,-0.11395887477664385,0.0,-0.8502930287738077,0.0
18.132,-0.6516346391925468,0.0,-0.11566148053036812,0.0,-0.8523059688154704,0.0
18.134,-0.6518676680872144,0.0,-0.11736807158524137,0.0,-0.8542783089032844,0.0
18.136,-0.652104114081543,0.0,-0.119078566615678,0.0,-0.8562099235820715,0.0
18.138,-0.6523439849019502,0.0,-0.12079288404653882,0.0,-0.8581006887579135,0.0
18.14,-0.6525872881114541,0.0,-0.1225109420558601,0.0,-0.8599504817027771,0.0
18.142,-0.6528340311091871,0.0,-0.12423265857758992,0.0,-0.8617591810590847,0.0
18.144000000000002,-0.653084221129907,0.0,-0.125957951304353,0.0,-0.8635266668442768,0.0
18.146,-0.6533378652435163,0.0,-0.12768673769015482,0.0,-0.865252820455242,0.0
18.148,-0.6535949703545909,0.0,-0.1294189349532105,0.0,-0.8669375246728357,0.0
18.150000000000002,-0.6538555432019099,0.0,-0.13115446007866705,0.0,-0.8685806636662213,0.0
18.152,-0.6541195903579888,0.0,-0.13289322982140328,0.0,-0.8701821229972548,0.0
18.154,-0.6543871182286294,0.0,-0.13463516070882237,0.0,-0.8717417896247844,0.0
18.156,-0.6546581330524603,0.0,-0.13638016904364286,0.0,-0.8732595519089197,0.0
18.158,-0.6549326409004935,0.0,-0.13812817090671015,0.0,-0.8747352996152509,0.0
18.16,-0.6552106476756842,0.0,-0.1398790821598052,0.0,-0.8761689239190149,0.0
18.162,-0.6554921591124958,0.0,-0.1416328184484747,0.0,-0.8775603174092277,0.0
18.164,-0.6557771807764625,0.0,-0.1433892952048706,0.0,-0.8789093740927963,0.0
18.166,-0.6560657180637787,0.0,-0.14514842765056424,0.0,-0.8802159893984952,0.0
18.168,-0.6563577762008705,0.0,-0.14691013079941712,0.0,-0.8814800601810064,0.0
18.17,-0.6566533602439897,0.0,-0.14867431946043203,0.0,-0.8827014847248433,0.0
18.172,-0.6569524750787967,0.0,-0.15044090824060558,0.0,-0.883880162748259,0.0
18.174,-0.6572551254199737,0.0,-0.15220981154781635,0.0,-0.8850159954070875,0.0
18.176000000000002,-0.6575613158108187,0.0,-0.1539809435936916,0.0,-0.886108885298555,0.0
18.178,-0.6578710506228579,0.0,-0.15575421839649653,0.0,-0.8871587364650416,0.0
18.18,-0.6581843340554652,0.0,-0.1575295497840265,0.0,-0.8881654543977805,0.0
18.182,-0.6585011701354812,0.0,-0.1593068513965247,0.0,-0.8891289460405465,0.0
18.184,-0.6588215627168429,0.0,-0.16108603668956425,0.0,-0.8900491197932434,0.0
18.186,-0.6591455154802136,0.0,-0.1628670189369796,0.0,-0.8909258855155,0.0
18.188,-0.6594730319326267,0.0,-0.16464971123378844,0.0,-0.8917591545301782,0.0
18.19,-0.6598041154071305,0.0,-0.16643402649912337,0.0,-0.892548839626857,0.0
18.192,-0.6601387690624363,0.0,-0.16821987747915965,0.0,-0.8932948550652537,0.0
18.194,-0.6604769958825776,0.0,-0.17000717675006446,0.0,-0.8939971165786098,0.0
18.196,-0.6608187986765742,0.0,-0.171795836720966,0.0,-0.8946555413770354,0.0
18.198,-0.6611641800780959,0.0,-0.17358576963685793,0.0,-0.8952700481507594,0.0
18.2,-0.661513142545144,0.0,-0.17537688758163125,0.0,-0.8958405570734114,0.0
18.202,-0.6618656883597295,0.0,-0.17716910248099252,0.0,-0.8963669898051729,0.0
18.204,-0.6622218196275554,0.0,-0.17896232610545953,0.0,-0.8968492694959426,0.0
18.206,-0.662581538277716,0.0,-0.18075647007334403,0.0,-0.8972873207884147,0.0
18.208000000000002,-0.6629448460623945,0.0,-0.18255144585374153,0.0,-0.8976810698211266,0.0
18.21,-0.6633117445565584,0.0,-0.18434716476951504,0.0,-0.8980304442314638,0.0
18.212,-0.6636822351576848,0.0,-0.18614353800031164,0.0,-0.898335373158591,0.0
18.214,-0.6640563190854654,0.0,-0.18794047658555235,0.0,-0.8985957872463575,0.0
18.216,-0.6644339973815337,0.0,-0.18973789142746905,0.0,-0.898811618646158,0.0
18.218,-0.664815270909194,0.0,-0.19153569329408796,0.0,-0.8989828010197092,0.0
18.22,-0.665200140353155,0.0,-0.1933337928222797,0.0,-0.8991092695418164,0.0
18.222,-0.6655886062192669,0.0,-0.19513210052078223,0.0,-0.8991909609030835,0.0
18.224,-0.6659806688342756,0.0,-0.19693052677322503,0.0,-0.8992278133125442,0.0
18.226,-0.6663763283455719,0.0,-0.19872898184118398,0.0,-0.8992197665002823,0.0
18.228,-0.666775584720949,0.0,-0.200527375867215,0.0,-0.8991667617199781,0.0
18.23,-0.6671784377483672,0.0,-0.20232561887790584,0.0,-0.8990687417514247,0.0
18.232,-0.667584887035728,0.0,-0.2041236207869294,0.0,-0.8989256509029644,0.0
18.234,-0.6679949320106527,0.0,-0.20592129139812457,0.0,-0.8987374350139161,0.0
18.236,-0.6684085719202565,0.0,-0.207718540408507,0.0,-0.8985040414569087,0.0
18.238,-0.6688258058309502,0.0,-0.20951527741140757,0.0,-0.8982254191402106,0.0
18.240000000000002,-0.6692466326282271,0.0,-0.21131141189949348,0.0,-0.8979015185099659,0.0
18.242,-0.6696710510164712,0.0,-0.213106853267863,0.0,-0.8975322915524075,0.0
18.244,-0.670099059518755,0.0,-0.21490151081713527,0.0,-0.8971176917960262,0.0
18.246,-0.6705306564766675,0.0,-0.21669529375652868,0.0,-0.8966576743136538,0.0
18.248,-0.6709658400501232,0.0,-0.2184881112069532,0.0,-0.8961521957245356,0.0
18.25,-0.671404608217194,0.0,-0.2202798722040972,0.0,-0.8956012141963288,0.0
18.252,-0.671846958773941,0.0,-0.22207048570155263,0.0,-0.8950046894470658,0.0
18.254,-0.6722928893342526,0.0,-0.2238598605738849,0.0,-0.8943625827470446,0.0
18.256,-0.672742397329688,0.0,-0.22564790561975673,0.0,-0.8936748569207043,0.0
18.258,-0.6731954800093319,0.0,-0.22743452956503588,0.0,-0.8929414763484063,0.0
18.26,-0.6736521344396542,0.0,-0.22921964106591175,0.0,-0.8921624069681979,0.0
18.262,-0.6741123575043613,0.0,-0.23100314871200162,0.0,-0.8913376162775277,0.0
18.264,-0.6745761459042834,0.0,-0.23278496102948576,0.0,-0.8904670733348716,0.0
18.266000000000002,-0.6750434961572396,0.0,-0.23456498648422036,0.0,-0.8895507487613497,0.0
18.268,-0.6755144045979198,0.0,-0.23634313348486738,0.0,-0.8885886147422841,0.0
18.27,-0.6759888673777799,0.0,-0.23811931038602102,0.0,-0.8875806450286763,0.0
18.272000000000002,-0.676466880464934,0.0,-0.23989342549136117,0.0,-0.8865268149386756,0.0
18.274,-0.6769484396440525,0.0,-0.2416653870567499,0.0,-0.8854271013589672,0.0
18.276,-0.6774335405162764,0.0,-0.24343510329340576,0.0,-0.8842814827461143,0.0
18.278,-0.6779221784991214,0.0,-0.24520248237102832,0.0,-0.8830899391278717,0.0
18.28,-0.6784143488264085,0.0,-0.246967432420947,0.0,-0.8818524521044058,0.0
18.282,-0.6789100465481843,0.0,-0.24872986153925888,0.0,-0.8805690048495054,0.0
18.284,-0.6794092665306544,0.0,-0.25048967778998477,0.0,-0.8792395821117142,0.0
18.286,-0.679912003456124,0.0,-0.252246789208233,0.0,-0.8778641702154255,0.0
18.288,-0.6804182518229391,0.0,-0.2540011038033072,0.0,-0.876442757061924,0.0
18.29,-0.6809280059454459,0.0,-0.25575252956192296,0.0,-0.8749753321303656,0.0
18.292,-0.6814412599539419,0.0,-0.25750097445131476,0.0,-0.8734618864787133,0.0
18.294,-0.6819580077946401,0.0,-0.2592463464224157,0.0,-0.8719024127446405,0.0
18.296,-0.6824782432296439,0.0,-0.2609885534130154,0.0,-0.8702969051463378,0.0
18.298000000000002,-0.6830019598369235,0.0,-0.26272750335092493,0.0,-0.8686453594833099,0.0
18.3,-0.6835291510102941,0.0,-0.2644631041571259,0.0,-0.8669477731371064,0.0
18.302,-0.6840598099594096,0.0,-0.26619526374895397,0.0,-0.8652041450720004,0.0
18.304000000000002,-0.6845939297097576,0.0,-0.26792389004326683,0.0,-0.8634144758356088,0.0
18.306,-0.6851315031026632,0.0,-0.2696488909595704,0.0,-0.8615787675594737,0.0
18.308,-0.6856725227952933,0.0,-0.27137017442324973,0.0,-0.8596970239595865,0.0
18.31,-0.6862169812606763,0.0,-0.2730876483686917,0.0,-0.857769250336857,0.0
18.312,-0.6867648707877207,0.0,-0.2748012207424721,0.0,-0.8557954535775312,0.0
18.314,-0.6873161834812395,0.0,-0.27651079950652396,0.0,-0.8537756421535811,0.0
18.316,-0.6878709112619926,0.0,-0.27821629264131353,0.0,-0.8517098261229896,0.0
18.318,-0.6884290458667204,0.0,-0.27991760814900696,0.0,-0.849598017130033,0.0
18.32,-0.6889905788481889,0.0,-0.28161465405664526,0.0,-0.847440228405508,0.0
18.322,-0.6895555015752487,0.0,-0.28330733841931377,0.0,-0.845236474766865,0.0
18.324,-0.6901238052328938,0.0,-0.2849955693233347,0.0,-0.8429867726183322,0.0
18.326,-0.6906954808223168,0.0,-0.28667925488940726,0.0,-0.8406911399509913,0.0
18.328,-0.6912705191609965,0.0,-0.2883583032758095,0.0,-0.8383495963427494,0.0
18.330000000000002,-0.6918489108827649,0.0,-0.2900326226815611,0.0,-0.8359621629583159,0.0
18.332,-0.6924306464378963,0.0,-0.29170212134959345,0.0,-0.8335288625491084,0.0
18.334,-0.6930157160931973,0.0,-0.29336670756993005,0.0,-0.8310497194530868,0.0
18.336000000000002,-0.6936041099321033,0.0,-0.2950262896828626,0.0,-0.8285247595945702,0.0
18.338,-0.6941958178547847,0.0,-0.29668077608210736,0.0,-0.8259540104839771,0.0
18.34,-0.6947908295782547,0.0,-0.29833007521798965,0.0,-0.8233375012175156,0.0
18.342,-0.6953891346364857,0.0,-0.2999740956006222,0.0,-0.8206752624768352,0.0
18.344,-0.6959907223805358,0.0,-0.30161274580305714,0.0,-0.8179673265286103,0.0
18.346,-0.6965955819786698,0.0,-0.3032459344644651,0.0,-0.8152137272241047,0.0
18.348,-0.6972037024165035,0.0,-0.30487357029330525,0.0,-0.8124144999986247,0.0
18.35,-0.6978150724971411,0.0,-0.3064955620704908,0.0,-0.8095696818709733,0.0
18.352,-0.6984296808413204,0.0,-0.30811181865255405,0.0,-0.8066793114428539,0.0
18.354,-0.6990475158875754,0.0,-0.30972224897481226,0.0,-0.8037434288981664,0.0
18.356,-0.6996685658923902,0.0,-0.31132676205454535,0.0,-0.8007620760023061,0.0
18.358,-0.7002928189303659,0.0,-0.3129252669941175,0.0,-0.7977352961014176,0.0
18.36,-0.7009202628943976,0.0,-0.31451767298419286,0.0,-0.794663134121528,0.0
18.362000000000002,-0.7015508854958552,0.0,-0.31610388930685485,0.0,-0.7915456365677003,0.0
18.364,-0.7021846742647619,0.0,-0.3176838253387704,0.0,-0.7883828515231142,0.0
18.366,-0.7028216165499963,0.0,-0.31925739055435887,0.0,-0.7851748286480684,0.0
18.368000000000002,-0.703461699519484,0.0,-0.3208244945289327,0.0,-0.7819216191789607,0.0
18.37,-0.7041049101604028,0.0,-0.32238504694185244,0.0,-0.7786232759272287,0.0
18.372,-0.704751235279398,0.0,-0.32393895757967534,0.0,-0.7752798532781813,0.0
18.374,-0.7054006615027991,0.0,-0.32548613633930035,0.0,-0.7718914071898413,0.0
18.376,-0.7060531752768415,0.0,-0.32702649323112365,0.0,-0.768457995191695,0.0
18.378,-0.706708762867894,0.0,-0.3285599383821592,0.0,-0.7649796763834382,0.0
18.38,-0.7073674103627038,0.0,-0.3300863820391952,0.0,-0.7614565114335952,0.0
18.382,-0.7080291036686326,0.0,-0.3316057345719228,0.0,-0.7578885625781506,0.0
18.384,-0.7086938285139038,0.0,-0.33311790647607165,0.0,-0.7542758936191308,0.0
18.386,-0.7093615704478641,0.0,-0.3346228083765402,0.0,-0.7506185699230712,0.0
18.388,-0.7100323148412426,0.0,-0.3361203510305265,0.0,-0.7469166584194957,0.0
18.39,-0.7107060468864137,0.0,-0.33761044533064133,0.0,-0.743170227599336,0.0
18.392,-0.71138275159768,0.0,-0.3390930023080404,0.0,-0.7393793475132568,0.0
18.394000000000002,-0.7120624138115434,0.0,-0.3405679331355561,0.0,-0.7355440897699772,0.0
18.396,-0.7127450181869974,0.0,-0.34203514913076,0.0,-0.7316645275345381,0.0
18.398,-0.7134305492058176,0.0,-0.34349456175914095,0.0,-0.7277407355264652,0.0
18.400000000000002,-0.7141189911728637,0.0,-0.3449460826371647,0.0,-0.7237727900179465,0.0
18.402,-0.7148103282163771,0.0,-0.3463896235353943,0.0,-0.7197607688319476,0.0
18.404,-0.7155045442883002,0.0,-0.34782509638158876,0.0,-0.7157047513402204,0.0
18.406,-0.7162016231645898,0.0,-0.3492524132637966,0.0,-0.7116048184613297,0.0
18.408,-0.7169015484455437,0.0,-0.35067148643345075,0.0,-0.7074610526585853,0.0
18.41,-0.7176043035561239,0.0,-0.35208222830844843,0.0,-0.7032735379379728,0.0
18.412,-0.7183098717463009,0.0,-0.3534845514762507,0.0,-0.6990423598459454,0.0
18.414,-0.7190182360913946,0.0,-0.35487836869694117,0.0,-0.6947676054672542,0.0
18.416,-0.7197293794924116,0.0,-0.3562635929063093,0.0,-0.6904493634227105,0.0
18.418,-0.720443284676417,0.0,-0.3576401372189243,0.0,-0.6860877238668337,0.0
18.42,-0.7211599341968827,0.0,-0.35900791493119466,0.0,-0.6816827784855242,0.0
18.422,-0.7218793104340582,0.0,-0.36036683952442766,0.0,-0.6772346204936683,0.0
18.424,-0.7226013955953421,0.0,-0.3617168246678897,0.0,-0.6727433446326534,0.0
18.426000000000002,-0.7233261717156666,0.0,-0.3630577842218562,0.0,-0.6682090471678724,0.0
18.428,-0.7240536206578694,0.0,-0.36438963224065046,0.0,-0.6636318258861974,0.0
18.43,-0.7247837241131012,0.0,-0.3657122829756898,0.0,-0.6590117800933235,0.0
18.432000000000002,-0.7255164636012132,0.0,-0.36702565087852757,0.0,-0.6543490106111314,0.0
18.434,-0.7262518204711592,0.0,-0.3683296506038649,0.0,-0.649643619775018,0.0
18.436,-0.7269897759014122,0.0,-0.3696241970125894,0.0,-0.6448957114310829,0.0
18.438,-0.7277303109003738,0.0,-0.37090920517478787,0.0,-0.6401053909333592,0.0
18.44,-0.7284734063067981,0.0,-0.3721845903727605,0.0,-0.6352727651409402,0.0
18.442,-0.7292190427902157,0.0,-0.3734502681040295,0.0,-0.63039794241511,0.0
18.444,-0.7299672008513743,0.0,-0.37470615408433583,0.0,-0.6254810326163418,0.0
18.446,-0.730717860822672,0.0,-0.375952164250653,0.0,-0.6205221471013069,0.0
18.448,-0.7314710028686029,0.0,-0.37718821476413256,0.0,-0.6155213987198735,0.0
18.45,-0.7322266069862134,0.0,-0.3784142220131438,0.0,-0.6104789018119207,0.0
18.452,-0.7329846530055542,0.0,-0.3796301026162149,0.0,-0.6053947722042523,0.0
18.454,-0.7337451205901436,0.0,-0.38083577342500397,0.0,-0.600269127207385,0.0
18.456,-0.7345079892374435,0.0,-0.38203115152727996,0.0,-0.5951020856122755,0.0
18.458000000000002,-0.7352732382793286,0.0,-0.38321615424986766,0.0,-0.5898937676870382,0.0
18.46,-0.7360408468825648,0.0,-0.38439069916160423,0.0,-0.5846442951736266,0.0
18.462,-0.7368107940493033,0.0,-0.3855547040762759,0.0,-0.5793537912843922,0.0
18.464,-0.7375830586175727,0.0,-0.38670808705557513,0.0,-0.5740223806986606,0.0
18.466,-0.7383576192617723,0.0,-0.387850766412003,0.0,-0.5686501895592461,0.0
18.468,-0.7391344544931784,0.0,-0.3889826607118132,0.0,-0.5632373454689327,0.0
18.47,-0.7399135426604573,0.0,-0.39010368877791923,0.0,-0.5577839774868374,0.0
18.472,-0.7406948619501835,0.0,-0.3912137696928084,0.0,-0.5522902161248013,0.0
18.474,-0.7414783903873527,0.0,-0.3923128228014409,0.0,-0.5467561933437335,0.0
18.476,-0.7422641058359185,0.0,-0.39340076771414334,0.0,-0.5411820425498266,0.0
18.478,-0.743051985999325,0.0,-0.39447752430950034,0.0,-0.5355678985908061,0.0
18.48,-0.7438420084210386,0.0,-0.3955430127372237,0.0,-0.5299138977521234,0.0
18.482,-0.7446341504851037,0.0,-0.39659715342103385,0.0,-0.5242201777530446,0.0
18.484,-0.7454283894166881,0.0,-0.397639867061527,0.0,-0.5184868777427323,0.0
18.486,-0.746224702282636,0.0,-0.3986710746390165,0.0,-0.5127141382963301,0.0
18.488,-0.7470230659920369,0.0,-0.39969069741638885,0.0,-0.5069021014108788,0.0
18.490000000000002,-0.7478234572967949,0.0,-0.40069865694194634,0.0,-0.5010509105012811,0.0
18.492,-0.7486258527921891,0.0,-0.401694875052233,0.0,-0.4951607103962262,0.0
18.494,-0.7494302289174714,0.0,-0.4026792738748627,0.0,-0.4892316473339733,0.0
18.496,-0.7502365619564364,0.0,-0.4036517758313259,0.0,-0.4832638689581943,0.0
18.498,-0.7510448280380251,0.0,-0.40461230363981837,0.0,-0.4772575243136796,0.0
18.5,-0.7518550031369031,0.0,-0.40556078031799886,0.0,-0.4712127638421386,0.0
18.502,-0.7526670630740826,0.0,-0.40649712918582553,0.0,-0.4651297393777277,0.0
18.504,-0.7534809835175161,0.0,-0.40742127386830074,0.0,-0.459008604142752,0.0
18.506,-0.7542967399827142,0.0,-0.4083331382982559,0.0,-0.45284951274322194,0.0
18.508,-0.7551143078333629,0.0,-0.40923264671912274,0.0,-0.4466526211643471,0.0
18.51,-0.7559336622819488,0.0,-0.410119723687672,0.0,-0.44041808676601757,0.0
18.512,-0.756754778390387,0.0,-0.41099429407676574,0.0,-0.4341460682782661,0.0
18.514,-0.7575776310706561,0.0,-0.41185628307809313,0.0,-0.42783672579660625,0.0
18.516000000000002,-0.7584021950854434,0.0,-0.4127056162048973,0.0,-0.4214902207773903,0.0
18.518,-0.7592284450487773,0.0,-0.4135422192946862,0.0,-0.41510671603314364,0.0
18.52,-0.7600563554266984,0.0,-0.4143660185119566,0.0,-0.4086863757277285,0.0
18.522000000000002,-0.7608859005379,0.0,-0.4151769403508673,0.0,-0.4022293653716156,0.0
18.524,-0.7617170545543943,0.0,-0.4159749116379481,0.0,-0.3957358518170486,0.0
18.526,-0.7625497915021832,0.0,-0.4167598595347672,0.0,-0.38920600325310883,0.0
18.528,-0.7633840852619309,0.0,-0.4175317115406065,0.0,-0.382639989200821,0.0
18.53,-0.7642199095696381,0.0,-0.4182903954951146,0.0,-0.3760379805081657,0.0
18.532,-0.7650572380173248,0.0,-0.4190358395809626,0.0,-0.36940014934509957,0.0
18.534,-0.7658960440537259,0.0,-0.41976797232647434,0.0,-0.36272666919843966,0.0
18.536,-0.7667363009849805,0.0,-0.4204867226082727,0.0,-0.35601771486676315,0.0
18.538,-0.7675779819753272,0.0,-0.4211920196538613,0.0,-0.3492734624553451,0.0
18.54,-0.7684210600478165,0.0,-0.42188379304428086,0.0,-0.34249408937083614,0.0
18.542,-0.7692655080850186,0.0,-0.4225619727166694,0.0,-0.3356797743161142,0.0
18.544,-0.770111298829728,0.0,-0.42322648896686604,0.0,-0.3288306972850128,0.0
18.546,-0.7709584048857004,0.0,-0.4238772724519841,0.0,-0.32194703955693926,0.0
18.548000000000002,-0.771806798718366,0.0,-0.42451425419297417,0.0,-0.31502898369154797,0.0
18.55,-0.7726564526555607,0.0,-0.4251373655771872,0.0,-0.30807671352336086,0.0
18.552,-0.7735073388882646,0.0,-0.42574653836090476,0.0,-0.3010904141562676,0.0
18.554000000000002,-0.7743594294713477,0.0,-0.4263417046718963,0.0,-0.2940702719580275,0.0
18.556,-0.7752126963242975,0.0,-0.42692279701190594,0.0,-0.28701647455484625,0.0
18.558,-0.7760671112319911,0.0,-0.42748974825920255,0.0,-0.27992921082564437,0.0
18.56,-0.7769226458454348,0.0,-0.4280424916710487,0.0,-0.27280867089655425,0.0
18.562,-0.7777792716825348,0.0,-0.42858096088620756,0.0,-0.26565504613521074,0.0
18.564,-0.7786369601288562,0.0,-0.4291050899274099,0.0,-0.25846852914509144,0.0
18.566,-0.7794956824383936,0.0,-0.42961481320383066,0.0,-0.2512493137597338,0.0
18.568,-0.7803554097343518,0.0,-0.43011006551353204,0.0,-0.24399759503696616,0.0
18.57,-0.7812161130099192,0.0,-0.43059078204590895,0.0,-0.23671356925312592,0.0
18.572,-0.7820777631290623,0.0,-0.4310568983841343,0.0,-0.22939743389711653,0.0
18.574,-0.7829403308273049,0.0,-0.43150835050755304,0.0,-0.22204938766457016,0.0
18.576,-0.7838037867125267,0.0,-0.4319450747941127,0.0,-0.21466963045190846,0.0
18.578,-0.7846681012657662,0.0,-0.43236700802274297,0.0,-0.20725836335030468,0.0
18.580000000000002,-0.7855332448420259,0.0,-0.43277408737574835,0.0,-0.19981578863968874,0.0
18.582,-0.7863991876710694,0.0,-0.433166250441178,0.0,-0.19234210978272093,0.0
18.584,-0.7872658998582531,0.0,-0.43354343521518307,0.0,-0.18483753141861925,0.0
18.586000000000002,-0.7881333513853322,0.0,-0.43390558010436175,0.0,-0.17730225935705435,0.0
18.588,-0.7890015121112856,0.0,-0.4342526239281032,0.0,-0.16973650057199885,0.0
18.59,-0.7898703517731462,0.0,-0.4345845059208946,0.0,-0.16214046319545017,0.0
18.592,-0.7907398399868387,0.0,-0.4349011657346527,0.0,-0.15451435651118395,0.0
18.594,-0.7916099462480043,0.0,-0.4352025434409968,0.0,-0.14685839094848374,0.0
18.596,-0.7924806399328501,0.0,-0.43548857953354925,0.0,-0.13917277807581097,0.0
18.598,-0.7933518902989977,0.0,-0.43575921493020386,0.0,-0.13145773059438226,0.0
18.6,-0.7942236664863281,0.0,-0.43601439097538097,0.0,-0.1237134623317866,0.0
18.602,-0.7950959375178385,0.0,-0.4362540494422838,0.0,-0.11594018823556729,0.0
18.604,-0.7959686723005033,0.0,-0.43647813253511536,0.0,-0.10813812436667902,0.0
18.606,-0.7968418396261459,0.0,-0.43668658289132267,0.0,-0.10030748789295485,0.0
18.608,-0.797715408172284,0.0,-0.4368793435837718,0.0,-0.09244849708266822,0.0
18.61,-0.798589346503034,0.0,-0.43705635812297805,0.0,-0.08456137129775199,0.0
18.612000000000002,-0.7994636230699651,0.0,-0.4372175704592549,0.0,-0.0766463309872889,0.0
18.614,-0.8003382062129885,0.0,-0.4373629249849058,0.0,-0.06870359768083079,0.0
18.616,-0.8012130641612447,0.0,-0.4374923665363608,0.0,-0.06073339398163213,0.0
18.618000000000002,-0.8020881650339956,0.0,-0.43760584039632805,0.0,-0.0527359435599406,0.0
18.62,-0.8029634768415134,0.0,-0.4377032922959174,0.0,-0.04471147114624441,0.0
18.622,-0.8038389674859834,0.0,-0.4377846684167487,0.0,-0.03666020252440649,0.0
18.624,-0.8047146047624063,0.0,-0.4378499153930702,0.0,-0.028582364524825765,0.0
18.626,-0.8055903563595077,0.0,-0.4378989803138208,0.0,-0.020478185017567263,0.0
18.628,-0.8064661898606451,0.0,-0.43793181072471615,0.0,-0.01234789290545768,0.0
18.63,-0.8073420727447256,0.0,-0.43794835463030385,0.0,-0.004191718117075416,0.0
18.632,-0.8082179723871307,0.0,-0.43794856049600905,0.0,0.003990108400213854,0.0
18.634,-0.8090938560606259,0.0,-0.43793237725016726,0.0,0.012197354687242479,0.0
18.636,-0.809969690936308,0.0,-0.4378997542860355,0.0,0.02042978778017379,0.0
18.638,-0.810845444084522,0.0,-0.43785064146379454,0.0,0.028687173717558023,0.0
18.64,-0.811721082475801,0.0,-0.43778498911254815,0.0,0.03696927754742485,0.0
18.642,-0.8125965729818072,0.0,-0.4377027480322773,0.0,0.045275863334505395,0.0
18.644000000000002,-0.8134718823762821,0.0,-0.43760386949582175,0.0,0.05360669416742625,0.0
18.646,-0.8143469773359753,0.0,-0.43748830525080895,0.0,0.061961532165846434,0.0
18.648,-0.8152218244416178,0.0,-0.4373560075215897,0.0,0.07034013848782505,0.0
18.650000000000002,-0.8160963901788637,0.0,-0.43720692901115316,0.0,0.0787422733370664,0.0
18.652,-0.8169706409392528,0.0,-0.4370410229030321,0.0,0.08716769597021545,0.0
18.654,-0.8178445430211767,0.0,-0.436858242863186,0.0,0.09561616470427647,0.0
18.656,-0.8187180626308403,0.0,-0.4366585430418685,0.0,0.10408743692395184,0.0
18.658,-0.8195911658832377,0.0,-0.43644187807550566,0.0,0.11258126908912103,0.0
18.66,-0.820463818803117,0.0,-0.4362082030885008,0.0,0.12109741674216423,0.0
18.662,-0.8213359873259747,0.0,-0.4359574736951025,0.0,0.12963563451562343,0.0
18.664,-0.8222076372990205,0.0,-0.4356896460011843,0.0,0.13819567613959116,0.0
18.666,-0.8230787344821687,0.0,-0.4354046766060668,0.0,0.1467772944492609,0.0
18.668,-0.8239492445490285,0.0,-0.43510252260428023,0.0,0.15538024139256512,0.0
18.67,-0.8248191330878989,0.0,-0.43478314158734205,0.0,0.16400426803774604,0.0
18.672,-0.8256883656027513,0.0,-0.43444649164551086,0.0,0.17264912458095116,0.0
18.674,-0.8265569075142465,0.0,-0.43409253136951437,0.0,0.18131456035397386,0.0
18.676000000000002,-0.8274247241607243,0.0,-0.4337212198522742,0.0,0.19000032383190668,0.0
18.678,-0.8282917807992145,0.0,-0.43333251669061124,0.0,0.1987061626408302,0.0
18.68,-0.8291580426064464,0.0,-0.4329263819869459,0.0,0.20743182356565637,0.0
18.682000000000002,-0.8300234746798623,0.0,-0.4325027763509527,0.0,0.21617705255783493,0.0
18.684,-0.8308880420386301,0.0,-0.43206166090123566,0.0,0.22494159474316044,0.0
18.686,-0.8317517096246665,0.0,-0.43160299726696366,0.0,0.23372519442966677,0.0
18.688,-0.8326144423036572,0.0,-0.4311267475895013,0.0,0.24252759511544975,0.0
18.69,-0.8334762048660878,0.0,-0.4306328745240194,0.0,0.2513485394965871,0.0
18.692,-0.8343369620282645,0.0,-0.43012134124109874,0.0,0.2601877694750073,0.0
18.694,-0.8351966784333523,0.0,-0.42959211142829296,0.0,0.26904502616650383,0.0
18.696,-0.8360553186524179,0.0,-0.42904514929171433,0.0,0.277920049908723,0.0
18.698,-0.8369128471854435,0.0,-0.4284804195575618,0.0,0.28681258026902134,0.0
18.7,-0.8377692284624015,0.0,-0.42789788747367236,0.0,0.2957223560527068,0.0
18.702,-0.838624426844275,0.0,-0.4272975188110173,0.0,0.3046491153109484,0.0
18.704,-0.839478406624113,0.0,-0.42667927986522497,0.0,0.31359259534886985,0.0
18.706,-0.8403311320280826,0.0,-0.4260431374580428,0.0,0.32255253273371987,0.0
18.708000000000002,-0.8411825672165256,0.0,-0.42538905893881906,0.0,0.33152866330297004,0.0
18.71,-0.8420326762850041,0.0,-0.4247170121859495,0.0,0.34052072217243656,0.0
18.712,-0.8428814232653727,0.0,-0.4240269656083117,0.0,0.3495284437445223,0.0
18.714,-0.8437287721268351,0.0,-0.42331888814668733,0.0,0.35855156171642,0.0
18.716,-0.8445746867770076,0.0,-0.4225927492751626,0.0,0.3675898090883022,0.0
18.718,-0.8454191310629902,0.0,-0.42184851900251247,0.0,0.3766429181715819,0.0
18.72,-0.8462620687724355,0.0,-0.42108616787356895,0.0,0.3857106205972416,0.0
18.722,-0.8471034636346241,0.0,-0.4203056669705738,0.0,0.394792647324109,0.0
18.724,-0.8479432793215371,0.0,-0.4195069879145257,0.0,0.40388872864714453,0.0
18.726,-0.8487814794489416,0.0,-0.41869010286648217,0.0,0.41299859420586793,0.0
18.728,-0.8496180275774654,0.0,-0.41785498452886843,0.0,0.42212197299269283,0.0
18.73,-0.8504528872136818,0.0,-0.4170016061467737,0.0,0.4312585933612766,0.0
18.732,-0.8512860218112017,0.0,-0.41612994150920624,0.0,0.4404081830350526,0.0
18.734,-0.8521173947717593,0.0,-0.41523996495034976,0.0,0.4495704691155742,0.0
18.736,-0.8529469694462982,0.0,-0.4143316513507995,0.0,0.45874517809098325,0.0
18.738,-0.8537747091360754,0.0,-0.413404976138787,0.0,0.467932035844549,0.0
18.740000000000002,-0.8546005770937513,0.0,-0.41245991529136605,0.0,0.4771307676631452,0.0
18.742,-0.8554245365244902,0.0,-0.41149644533561336,0.0,0.48634109824574023,0.0
18.744,-0.8562465505870609,0.0,-0.4105145433497833,0.0,0.49556275171200936,0.0
18.746,-0.8570665823949422,0.0,-0.40951418696446495,0.0,0.5047954516108512,0.0
18.748,-0.8578845950174305,0.0,-0.4084953543637136,0.0,0.5140389209290481,0.0
18.75,-0.8587005514807344,0.0,-0.4074580242861672,0.0,0.5232928820997106,0.0
18.752,-0.8595144147691061,0.0,-0.4064021760261429,0.0,0.5325570570111253,0.0
18.754,-0.860326147825939,0.0,-0.40532778943471415,0.0,0.5418311670152515,0.0
18.756,-0.8611357135548849,0.0,-0.40423484492079115,0.0,0.5511149329363985,0.0
18.758,-0.8619430748209729,0.0,-0.4031233234521444,0.0,0.5604080750799777,0.0
18.76,-0.8627481944517307,0.0,-0.4019932065564472,0.0,0.5697103132411688,0.0
18.762,-0.8635510352382949,0.0,-0.40084447632229336,0.0,0.5790213667135998,0.0
18.764,-0.8643515599365471,0.0,-0.39967711540017464,0.0,0.5883409542981579,0.0
18.766000000000002,-0.8651497312682337,0.0,-0.3984911070034717,0.0,0.5976687943117559,0.0
18.768,-0.8659455119220839,0.0,-0.3972864349094045,0.0,0.6070046045959595,0.0
18.77,-0.8667388645549535,0.0,-0.39606308345998137,0.0,0.6163481025259965,0.0
18.772000000000002,-0.8675297517929471,0.0,-0.39482103756291365,0.0,0.625699005019417,0.0
18.774,-0.8683181362325445,0.0,-0.39356028269253784,0.0,0.6350570285449304,0.0
18.776,-0.86910398044175,0.0,-0.39228080489068595,0.0,0.6444218891313157,0.0
18.778,-0.8698872469612134,0.0,-0.39098259076756653,0.0,0.6537933023762268,0.0
18.78,-0.8706678983053795,0.0,-0.389665627502614,0.0,0.6631709834550945,0.0
18.782,-0.8714458969636172,0.0,-0.38832990284533847,0.0,0.672554647129962,0.0
18.784,-0.8722212054013662,0.0,-0.38697540511611805,0.0,0.6819440077584571,0.0
18.786,-0.872993786061282,0.0,-0.38560212320701626,0.0,0.6913387793027164,0.0
18.788,-0.8737636013643711,0.0,-0.38421004658256935,0.0,0.7007386753382165,0.0
18.79,-0.8745306137111473,0.0,-0.3827991652805315,0.0,0.7101434090628436,0.0
18.792,-0.8752947854827703,0.0,-0.3813694699126317,0.0,0.7195526933058035,0.0
18.794,-0.8760560790421997,0.0,-0.37992095166530715,0.0,0.7289662405365687,0.0
18.796,-0.8768144567353405,0.0,-0.37845360230040703,0.0,0.7383837628739307,0.0
18.798000000000002,-0.8775698808922026,0.0,-0.37696741415588225,0.0,0.7478049720949784,0.0
18.8,-0.8783223138280417,0.0,-0.3754623801464685,0.0,0.7572295796440728,0.0
18.802,-0.8790717178445254,0.0,-0.3739384937643344,0.0,0.7666572966419369,0.0
18.804000000000002,-0.8798180552308854,0.0,-0.3723957490797225,0.0,0.7760878338947179,0.0
18.806,-0.8805612882650634,0.0,-0.3708341407415774,0.0,0.7855209019028817,0.0
18.808,-0.8813013792148869,0.0,-0.3692536639781331,0.0,0.7949562108705057,0.0
18.81,-0.8820382903392179,0.0,-0.3676543145975075,0.0,0.8043934707141875,0.0
18.812,-0.8827719838891126,0.0,-0.3660360889882593,0.0,0.8138323910722106,0.0
18.814,-0.8835024221089851,0.0,-0.3643989841199551,0.0,0.8232726813135824,0.0
18.816,-0.8842295672377724,0.0,-0.36274299754367284,0.0,0.8327140505472106,0.0
18.818,-0.8849533815100978,0.0,-0.3610681273925259,0.0,0.8421562076310375,0.0
18.82,-0.8856738271574243,0.0,-0.3593743723821645,0.0,0.8515988611810126,0.0
18.822,-0.8863908664092381,0.0,-0.3576617318112322,0.0,0.8610417195804626,0.0
18.824,-0.8871044614942044,0.0,-0.3559302055618322,0.0,0.8704844909890816,0.0
18.826,-0.8878145746413313,0.0,-0.3541797940999689,0.0,0.8799268833521081,0.0
18.828,-0.88852116808115,0.0,-0.35241049847595685,0.0,0.8893686044095558,0.0
18.830000000000002,-0.8892242040468716,0.0,-0.35062232032483254,0.0,0.8988093617053478,0.0
18.832,-0.8899236447755654,0.0,-0.3488152618667351,0.0,0.9082488625964747,0.0
18.834,-0.8906194525093243,0.0,-0.3469893259072624,0.0,0.9176868142622513,0.0
18.836000000000002,-0.8913115894964413,0.0,-0.34514451583782313,0.0,0.9271229237134846,0.0
18.838,-0.8920000179925739,0.0,-0.3432808356359781,0.0,0.9365568978016321,0.0
18.84,-0.8926847002619259,0.0,-0.34139828986572396,0.0,0.9459884432281354,0.0
18.842,-0.8933655985784116,0.0,-0.3394968836777994,0.0,0.955417266553526,0.0
18.844,-0.8940426752268372,0.0,-0.3375766228099528,0.0,0.964843074206724,0.0
18.846,-0.8947158925040692,0.0,-0.33563751358721206,0.0,0.9742655724942093,0.0
18.848,-0.8953852127202123,0.0,-0.3336795629220918,0.0,0.9836844676093398,0.0
18.85,-0.8960505981997839,0.0,-0.3317027783148259,0.0,0.9930994656415573,0.0
18.852,-0.896712011282889,0.0,-0.32970716785358,0.0,1.002510272585605,0.0
18.854,-0.8973694143263984,0.0,-0.32769274021460326,0.0,1.0119165943508464,0.0
18.856,-0.8980227697051258,0.0,-0.3256595046624057,0.0,1.0213181367705444,0.0
18.858,-0.8986720398129954,0.0,-0.3236074710499063,0.0,1.0307146056109704,0.0
18.86,-0.8993171870642317,0.0,-0.32153664981854335,0.0,1.0401057065809023,0.0
18.862000000000002,-0.8999581738945313,0.0,-0.3194470519983867,0.0,1.0494911453407403,0.0
18.864,-0.900594962762233,0.0,-0.3173386892082371,0.0,1.0588706275118025,0.0
18.866,-0.9012275161495095,0.0,-0.3152115736556731,0.0,1.0682438586856726,0.0
18.868000000000002,-0.9018557965635328,0.0,-0.31306571813710954,0.0,1.0776105444334418,0.0
18.87,-0.9024797665376584,0.0,-0.3109011360378482,0.0,1.086970390314964,0.0
18.872,-0.9030993886325984,0.0,-0.30871784133205793,0.0,1.0963231018882038,0.0
18.874,-0.9037146254376095,0.0,-0.30651584858279357,0.0,1.1056683847185287,0.0
18.876,-0.9043254395716562,0.0,-0.3042951729419563,0.0,1.1150059443879545,0.0
18.878,-0.9049317936845969,0.0,-0.3020558301502752,0.0,1.12433548650444,0.0
18.88,-0.9055336504583632,0.0,-0.2997978365372155,0.0,1.133656716711245,0.0
18.882,-0.906130972608131,0.0,-0.2975212090209128,0.0,1.1429693406961887,0.0
18.884,-0.9067237228835033,0.0,-0.29522596510808563,0.0,1.1522730642009165,0.0
18.886,-0.9073118640696828,0.0,-0.29291212289389496,0.0,1.1615675930302642,0.0
18.888,-0.9078953589886545,0.0,-0.2905797010618296,0.0,1.1708526330615256,0.0
18.89,-0.9084741705003534,0.0,-0.2882287188835436,0.0,1.1801278902537125,0.0
18.892,-0.9090482615038499,0.0,-0.2858591962186793,0.0,1.1893930706569147,0.0
18.894000000000002,-0.9096175949385216,0.0,-0.28347115351467533,0.0,1.1986478804216034,0.0
18.896,-0.9101821337852267,0.0,-0.28106461180657893,0.0,1.2078920258078272,0.0
18.898,-0.9107418410674804,0.0,-0.2786395927167826,0.0,1.2171252131946197,0.0
18.900000000000002,-0.9112966798526324,0.0,-0.2761961184547956,0.0,1.2263471490892484,0.0
18.902,-0.9118466132530366,0.0,-0.27373421181699165,0.0,1.2355575401364682,0.0
18.904,-0.9123916044272264,0.0,-0.27125389618629375,0.0,1.2447560931278812,0.0
18.906,-0.9129316165810848,0.0,-0.26875519553189225,0.0,1.253942515011163,0.0
18.908,-0.9134666129690281,0.0,-0.26623813440891353,0.0,1.2631165128994297,0.0
18.91,-0.9139965568951564,0.0,-0.26370273795810134,0.0,1.272277794080342,0.0
18.912,-0.9145214117144448,0.0,-0.2611490319054233,0.0,1.2814260660256125,0.0
18.914,-0.9150411408339049,0.0,-0.2585770425617171,0.0,1.2905610364001188,0.0
18.916,-0.9155557077137488,0.0,-0.2559867968222964,0.0,1.2996824130711928,0.0
18.918,-0.9160650758685701,0.0,-0.2533783221665232,0.0,1.3087899041179452,0.0
18.92,-0.9165692088685004,0.0,-0.2507516466573768,0.0,1.3178832178404876,0.0
18.922,-0.9170680703403826,0.0,-0.24810679894102677,0.0,1.3269620627691554,0.0
18.924,-0.9175616239689313,0.0,-0.24544380824632528,0.0,1.3360261476738122,0.0
18.926000000000002,-0.9180498334979108,0.0,-0.2427627043843384,0.0,1.3450751815731194,0.0
18.928,-0.9185326627312732,0.0,-0.2400635177478555,0.0,1.3541088737436109,0.0
18.93,-0.9190100755343542,0.0,-0.23734627931083013,0.0,1.3631269337291567,0.0
18.932000000000002,-0.9194820358350071,0.0,-0.2346110206278526,0.0,1.3721290713500258,0.0
18.934,-0.9199485076247782,0.0,-0.23185777383360617,0.0,1.3811149967121297,0.0
18.936,-0.920409454960064,0.0,-0.2290865716422525,0.0,1.3900844202162914,0.0
18.938,-0.920864841963266,0.0,-0.2262974473468536,0.0,1.3990370525674019,0.0
18.94,-0.9213146328239504,0.0,-0.22349043481874636,0.0,1.4079726047836418,0.0
18.942,-0.921758791800005,0.0,-0.2206655685069217,0.0,1.4168907882056263,0.0
18.944,-0.9221972832187924,0.0,-0.21782288343734751,0.0,1.4257913145056398,0.0
18.946,-0.9226300714783038,0.0,-0.2149624152123109,0.0,1.4346738956968195,0.0
18.948,-0.9230571210483108,0.0,-0.21208420000973183,0.0,1.443538244142221,0.0
18.95,-0.9234783964715136,0.0,-0.20918827458243572,0.0,1.4523840725640815,0.0
18.952,-0.9238938623646967,0.0,-0.20627467625743662,0.0,1.4612110940529228,0.0
18.954,-0.9243034834198665,0.0,-0.20334344293520668,0.0,1.4700190220766503,0.0
18.956,-0.9247072244054089,0.0,-0.2003946130888824,0.0,1.4788075704897496,0.0
18.958000000000002,-0.9251050501672237,0.0,-0.1974282257634944,0.0,1.4875764535423646,0.0
18.96,-0.9254969256298756,0.0,-0.19444432057518984,0.0,1.496325385889372,0.0
18.962,-0.9258828157977262,0.0,-0.19144293771037496,0.0,1.5050540825995276,0.0
18.964,-0.9262626857560893,0.0,-0.1884241179249021,0.0,1.5137622591645536,0.0
18.966,-0.9266365006723498,0.0,-0.1853879025432048,0.0,1.522449631508161,0.0
18.968,-0.9270042257971141,0.0,-0.18233433345744798,0.0,1.5311159159951138,0.0
18.97,-0.927365826465337,0.0,-0.17926345312659892,0.0,1.539760829440329,0.0
18.972,-0.9277212680974605,0.0,-0.17617530457554104,0.0,1.5483840891178806,0.0
18.974,-0.9280705162005403,0.0,-0.1730699313941545,0.0,1.5569854127699914,0.0
18.976,-0.9284135363693724,0.0,-0.16994737773634688,0.0,1.565564518616093,0.0
18.978,-0.928750294287634,0.0,-0.16680768831909853,0.0,1.5741211253618506,0.0
18.98,-0.9290807557289833,0.0,-0.16365090842150765,0.0,1.5826549522079898,0.0
18.982,-0.9294048865582129,0.0,-0.16047708388374538,0.0,1.591165718859488,0.0
18.984,-0.9297226527323464,0.0,-0.15728626110606292,0.0,1.5996531455343745,0.0
18.986,-0.9300340203017715,0.0,-0.15407848704777466,0.0,1.608116952972697,0.0
18.988,-0.9303389554113497,0.0,-0.15085380922616448,0.0,1.6165568624455013,0.0
18.990000000000002,-0.9306374243015383,0.0,-0.14761227571543828,0.0,1.6249725957637127,0.0
18.992,-0.9309293933094935,0.0,-0.14435393514564915,0.0,1.6333638752869986,0.0
18.994,-0.9312148288701927,0.0,-0.14107883670155785,0.0,1.6417304239327186,0.0
18.996,-0.9314936975175291,0.0,-0.13778703012153137,0.0,1.6500719651847326,0.0
18.998,-0.9317659658854344,0.0,-0.13447856569638833,0.0,1.6583882231023184,0.0
19.0,-0.9320316007089676,0.0,-0.1311534942682619,0.0,1.6666789223288994,0.0
19.002,-0.9322905688254228,0.0,-0.12781186722939075,0.0,1.6749437881009646,0.0
19.004,-0.932542837175427,0.0,-0.12445373652094621,0.0,1.6831825462568295,0.0
19.006,-0.9327883728040398,0.0,-0.12107915463182084,0.0,1.6913949232453884,0.0
19.008,-0.9330271428618456,0.0,-0.11768817459738129,0.0,1.6995806461349439,0.0
19.01,-0.9332591146060413,0.0,-0.11428084999822724,0.0,1.7077394426219192,0.0
19.012,-0.9334842554015335,0.0,-0.11085723495895128,0.0,1.7158710410395641,0.0
19.014,-0.9337025327220153,0.0,-0.1074173841468154,0.0,1.7239751703667139,0.0
19.016000000000002,-0.9339139141510663,0.0,-0.10396135277046759,0.0,1.7320515602365079,0.0
19.018,-0.9341183673832089,0.0,-0.10048919657865552,0.0,1.7400999409449143,0.0
19.02,-0.9343158602250159,0.0,-0.0970009718588371,0.0,1.7481200434595996,0.0
19.022000000000002,-0.9345063605961639,0.0,-0.09349673543586218,0.0,1.7561115994284133,0.0
19.024,-0.9346898365305197,0.0,-0.08997654467060873,0.0,1.7640743411880329,0.0
19.026,-0.9348662561772035,0.0,-0.08644045745857692,0.0,1.7720080017726054,0.0
19.028,-0.9350355878016638,0.0,-0.08288853222849418,0.0,1.779912314922289,0.0
19.03,-0.9351977997867345,0.0,-0.0793208279408898,0.0,1.787787015091825,0.0
19.032,-0.9353528606337026,0.0,-0.07573740408667828,0.0,1.7956318374590268,0.0
19.034,-0.9355007389633707,0.0,-0.07213832068567039,0.0,1.8034465179333945,0.0
19.036,-0.9356414035171009,0.0,-0.06852363828512037,0.0,1.8112307931645146,0.0
19.038,-0.9357748231578824,0.0,-0.0648934179582561,0.0,1.8189844005505487,0.0
19.04,-0.9359009668713704,0.0,-0.06124772130273187,0.0,1.8267070782467265,0.0
19.042,-0.9360198037669434,0.0,-0.05758661043912938,0.0,1.8343985651737489,0.0
19.044,-0.9361313030787382,0.0,-0.05391014800943417,0.0,1.8420586010261615,0.0
19.046,-0.9362354341667005,0.0,-0.05021839717544424,0.0,1.849686926280799,0.0
19.048000000000002,-0.9363321665176125,0.0,-0.046511421617212445,0.0,1.8572832822051124,0.0
19.05,-0.9364214697461396,0.0,-0.0427892855314812,0.0,1.8648474108654831,0.0
19.052,-0.9365033135958492,0.0,-0.03905205363003417,0.0,1.8723790551355761,0.0
19.054000000000002,-0.9365776679402528,0.0,-0.03529979113809151,0.0,1.8798779587046504,0.0
19.056,-0.9366445027838215,0.0,-0.03153256379269165,0.0,1.887343866085729,0.0
19.058,-0.9367037882630095,0.0,-0.027750437840997733,0.0,1.8947765226239417,0.0
19.06,-0.9367554946472743,0.0,-0.02395348003865433,0.0,1.9021756745046936,0.0
19.062,-0.9367995923400932,0.0,-0.02014175764807874,0.0,1.909541068761876,0.0
19.064,-0.9368360518799753,0.0,-0.016315338436780458,0.0,1.9168724532859986,0.0
19.066,-0.9368648439414631,0.0,-0.01247429067561201,0.0,1.9241695768323752,0.0
19.068,-0.9368859393361486,0.0,-0.008618683137033567,0.0,1.931432189029263,0.0
19.07,-0.9368993090136626,0.0,-0.004748585093404478,0.0,1.938660040385819,0.0
19.072,-0.9369049240626872,0.0,-0.0008640663151437411,0.0,1.9458528823003571,0.0
19.074,-0.9369027557119338,0.0,0.0030348029310157676,0.0,1.953010467068249,0.0
19.076,-0.9368927753311481,0.0,0.006947951883814807,0.0,1.9601325478899632,0.0
19.078,-0.9368749544320862,0.0,0.010875309289329782,0.0,1.967218878879088,0.0
19.080000000000002,-0.9368492646695082,0.0,0.014816803402781908,0.0,1.9742692150702696,0.0
19.082,-0.9368156778421486,0.0,0.018772361990370523,0.0,1.981283312427112,0.0
19.084,-0.9367741658936998,0.0,0.022741912331174508,0.0,1.9882609278501253,0.0
19.086000000000002,-0.936724700913782,0.0,0.0267253812190254,0.0,1.9952018191846221,0.0
19.088,-0.9366672551389085,0.0,0.030722694964365582,0.0,2.0021057452284343,0.0
19.09,-0.9366018009534557,0.0,0.03473377939622352,0.0,2.008972465739917,0.0
19.092,-0.9365283108906228,0.0,0.03875855986409599,0.0,2.015801741445602,0.0
19.094,-0.9364467576333836,0.0,0.04279696123991872,0.0,2.022593334048018,0.0
19.096,-0.9363571140154486,0.0,0.04684890791999197,0.0,2.0293470062333903,0.0
19.098,-0.9362593530222091,0.0,0.050914323827000174,0.0,2.036062521679383,0.0
19.1,-0.9361534477916783,0.0,0.054993132411982226,0.0,2.0427396450627544,0.0
19.102,-0.9360393716154447,0.0,0.059085256656312646,0.0,2.049378142066976,0.0
19.104,-0.9359170979395934,0.0,0.06319061907376716,0.0,2.0559777793898824,0.0
19.106,-0.9357866003656573,0.0,0.06730914171254287,0.0,2.06253832475127,0.0
19.108,-0.9356478526515292,0.0,0.07144074615727786,0.0,2.06905954690037,0.0
19.11,-0.9355008287123991,0.0,0.07558535353116669,0.0,2.075541215623455,0.0
19.112000000000002,-0.935345502621666,0.0,0.07974288449801953,0.0,2.0819831017512964,0.0
19.114,-0.9351818486118644,0.0,0.08391325926434123,0.0,2.0883849771666005,0.0
19.116,-0.9350098410755652,0.0,0.08809639758148036,0.0,2.0947466148114837,0.0
19.118000000000002,-0.9348294545662946,0.0,0.09229221874772642,0.0,2.101067788694848,0.0
19.12,-0.9346406637994337,0.0,0.09650064161045141,0.0,2.107348273899718,0.0
19.122,-0.9344434436531135,0.0,0.10072158456828512,0.0,2.113587846590612,0.0
19.124,-0.9342377691691186,0.0,0.10495496557327627,0.0,2.119786284020847,0.0
19.126,-0.9340236155537729,0.0,0.10920070213307381,0.0,2.1259433645397676,0.0
19.128,-0.9338009581788298,0.0,0.11345871131310836,0.0,2.132058867599985,0.0
19.13,-0.9335697725823477,0.0,0.11772890973884809,0.0,2.1381325737646133,0.0
19.132,-0.9333300344695759,0.0,0.12201121359800232,0.0,2.144164264714415,0.0
19.134,-0.9330817197138224,0.0,0.12630553864274469,0.0,2.1501537232549124,0.0
19.136,-0.9328248043573264,0.0,0.13061180019201152,0.0,2.156100733323534,0.0
19.138,-0.9325592646121164,0.0,0.13492991313375335,0.0,2.1620050799966504,0.0
19.14,-0.9322850768608796,0.0,0.13925979192719157,0.0,2.167866549496587,0.0
19.142,-0.9320022176578082,0.0,0.14360135060517576,0.0,2.1736849291986897,0.0
19.144000000000002,-0.9317106637294544,0.0,0.1479545027764534,0.0,2.1794600076382165,0.0
19.146,-0.9314103919755732,0.0,0.15231916162799702,0.0,2.185191574517277,0.0
19.148,-0.9311013794699687,0.0,0.1566952399273694,0.0,2.1908794207117612,0.0
19.150000000000002,-0.9307836034613222,0.0,0.16108265002506927,0.0,2.196523338278169,0.0
19.152,-0.9304570413740353,0.0,0.16548130385687038,0.0,2.202123120460417,0.0
19.154,-0.9301216708090481,0.0,0.16989111294624987,0.0,2.2076785616966594,0.0
19.156,-0.9297774695446615,0.0,0.17431198840675177,0.0,2.2131894576260027,0.0
19.158,-0.9294244155373605,0.0,0.17874384094442386,0.0,2.2186556050952726,0.0
19.16,-0.9290624869226214,0.0,0.18318658086017736,0.0,2.224076802165574,0.0
19.162,-0.9286916620157264,0.0,0.18764011805230774,0.0,2.2294528481190836,0.0
19.164,-0.9283119193125536,0.0,0.19210436201889192,0.0,2.234783543465542,0.0
19.166,-0.9279232374903923,0.0,0.19657922186023735,0.0,2.240068689948841,0.0
19.168,-0.9275255954087184,0.0,0.20106460628140327,0.0,2.245308090553579,0.0
19.17,-0.9271189721099967,0.0,0.20556042359466092,0.0,2.250501549511537,0.0
19.172,-0.9267033468204553,0.0,0.21006658172198212,0.0,2.255648872308105,0.0
19.174,-0.9262786989508676,0.0,0.21458298819758326,0.0,2.260749865688732,0.0
19.176000000000002,-0.9258450080973247,0.0,0.2191095501704433,0.0,2.265804337665319,0.0
19.178,-0.9254022540420019,0.0,0.22364617440680484,0.0,2.2708120975224526,0.0
19.18,-0.9249504167539226,0.0,0.22819276729279397,0.0,2.2757729558238493,0.0
19.182000000000002,-0.9244894763897156,0.0,0.23274923483693788,0.0,2.2806867244185107,0.0
19.184,-0.924019413294372,0.0,0.23731548267273217,0.0,2.285553216446971,0.0
19.186,-0.9235402080019834,0.0,0.24189141606127385,0.0,2.2903722463474994,0.0
19.188,-0.9230518412364903,0.0,0.2464769398938319,0.0,2.2951436298622188,0.0
19.19,-0.9225542939124197,0.0,0.2510719586944753,0.0,2.2998671840432268,0.0
19.192,-0.9220475471356182,0.0,0.25567637662266585,0.0,2.3045427272586227,0.0
19.194,-0.9215315822039711,0.0,0.26029009747595644,0.0,2.3091700791985947,0.0
19.196,-0.9210063806081308,0.0,0.26491302469259637,0.0,2.313749060881341,0.0
19.198,-0.9204719240322293,0.0,0.2695450613541859,0.0,2.3182794946590257,0.0
19.2,-0.9199281943545922,0.0,0.27418611018838995,0.0,2.3227612042237062,0.0
19.202,-0.9193751736484356,0.0,0.27883607357160234,0.0,2.327194014613175,0.0
19.204,-0.9188128441825804,0.0,0.28349485353162374,0.0,2.3315777522167647,0.0
19.206,-0.91824118842213,0.0,0.2881623517504091,0.0,2.3359122447811584,0.0
19.208000000000002,-0.9176601890291725,0.0,0.2928384695667689,0.0,2.340197321416111,0.0
19.21,-0.9170698288634579,0.0,0.29752310797907955,0.0,2.34443281260013,0.0
19.212,-0.9164700909830776,0.0,0.3022161676480663,0.0,2.348618550186151,0.0
19.214,-0.9158609586451366,0.0,0.306917548899543,0.0,2.352754367407157,0.0
19.216,-0.9152424153064199,0.0,0.3116271517271708,0.0,2.356840098881719,0.0
19.218,-0.9146144446240603,0.0,0.3163448757952182,0.0,2.3608755806195294,0.0
19.22,-0.9139770304561822,0.0,0.32107062044139306,0.0,2.3648606500269094,0.0
19.222,-0.9133301568625591,0.0,0.32580428467961714,0.0,2.368795145912235,0.0
19.224,-0.912673808105265,0.0,0.33054576720281087,0.0,2.3726789084913293,0.0
19.226,-0.9120079686493012,0.0,0.33529496638575873,0.0,2.376511779392832,0.0
19.228,-0.9113326231632356,0.0,0.34005178028793187,0.0,2.3802936016635354,0.0
19.23,-0.9106477565198315,0.0,0.34481610665627793,0.0,2.3840242197735675,0.0
19.232,-0.9099533537966679,0.0,0.3495878429281481,0.0,2.3877034796217416,0.0
19.234,-0.9092494002767563,0.0,0.3543668862341152,0.0,2.3913312285406483,0.0
19.236,-0.9085358814491511,0.0,0.3591531334008419,0.0,2.394907315301813,0.0
19.238,-0.9078127830095565,0.0,0.3639464809539917,0.0,2.3984315901208166,0.0
19.240000000000002,-0.9070800908609187,0.0,0.36874682512111184,0.0,2.401903904662328,0.0
19.242,-0.9063377911140343,0.0,0.3735540618345067,0.0,2.405324112045103,0.0
19.244,-0.9055858700881172,0.0,0.37836808673419847,0.0,2.4086920668469567,0.0
19.246,-0.9048243143114002,0.0,0.3831887951708284,0.0,2.4120076251096974,0.0
19.248,-0.904053110521693,0.0,0.3880160822085895,0.0,2.4152706443439635,0.0
19.25,-0.9032722456669701,0.0,0.3928498426281465,0.0,2.4184809835340664,0.0
19.252,-0.9024817069059208,0.0,0.3976899709296346,0.0,2.421638503142785,0.0
19.254,-0.9016814816085086,0.0,0.4025363613355983,0.0,2.4247430651160893,0.0
19.256,-0.900871557356537,0.0,0.40738890779393544,0.0,2.4277945328878294,0.0
19.258,-0.9000519219441757,0.0,0.41224750398092896,0.0,2.430792771384392,0.0
19.26,-0.8992225633785167,0.0,0.4171120433042072,0.0,2.433737647029301,0.0
19.262,-0.898383469880101,0.0,0.42198241890573035,0.0,2.4366290277477494,0.0
19.264,-0.8975346298834501,0.0,0.4268585236648272,0.0,2.4394667829711345,0.0
19.266000000000002,-0.8966760320375833,0.0,0.4317402502012131,0.0,2.442250783641521,0.0
19.268,-0.8958076652065456,0.0,0.43662749087796626,0.0,2.4449809022160247,0.0
19.27,-0.8949295184699004,0.0,0.4415201378046265,0.0,2.4476570126712125,0.0
19.272000000000002,-0.8940415811232484,0.0,0.4464180828402087,0.0,2.450278990507415,0.0
19.274,-0.8931438426787202,0.0,0.4513212175962325,0.0,2.4528467127529945,0.0
19.276,-0.8922362928654677,0.0,0.4562294334398292,0.0,2.455360057968588,0.0
19.278,-0.8913189216301473,0.0,0.46114262149677654,0.0,2.4578189062512736,0.0
19.28,-0.8903917191374063,0.0,0.46606067265460766,0.0,2.460223139238736,0.0
19.282,-0.8894546757703543,0.0,0.4709834775656258,0.0,2.462572640113291,0.0
19.284,-0.888507782131025,0.0,0.47591092665009715,0.0,2.464867293606004,0.0
19.286,-0.887551029040839,0.0,0.48084291009928526,0.0,2.4671069860006245,0.0
19.288,-0.8865844075410676,0.0,0.48577931787856427,0.0,2.4692916051375455,0.0
19.29,-0.8856079088932722,0.0,0.49072003973056083,0.0,2.4714210404177175,0.0
19.292,-0.8846215245797434,0.0,0.49566496517827474,0.0,2.4734951828064764,0.0
19.294,-0.8836252463039529,0.0,0.500613983528182,0.0,2.4755139248373474,0.0
19.296,-0.8826190659909638,0.0,0.5055669838734169,0.0,2.4774771606158064,0.0
19.298000000000002,-0.8816029757878685,0.0,0.5105238550969,0.0,2.4793847858229796,0.0
19.3,-0.880576968064201,0.0,0.5154844858744667,0.0,2.4812366977192895,0.0
19.302,-0.8795410354123496,0.0,0.5204487646780893,0.0,2.4830327951480857,0.0
19.304000000000002,-0.8784951706479524,0.0,0.5254165797790029,0.0,2.484772978539175,0.0
19.306,-0.8774393668103146,0.0,0.5303878192508695,0.0,2.4864571499123462,0.0
19.308,-0.8763736171627791,0.0,0.5353623709730096,0.0,2.4880852128808275,0.0
19.31,-0.8752979151931277,0.0,0.5403401226335569,0.0,2.4896570726547003,0.0
19.312,-0.8742122546139477,0.0,0.545320961732674,0.0,2.491172636044256,0.0
19.314,-0.8731166293630216,0.0,0.5503047755857222,0.0,2.4926318114633146,0.0
19.316,-0.8720110336036765,0.0,0.5552914513265172,0.0,2.4940345089324802,0.0
19.318,-0.8708954617251495,0.0,0.560280875910539,0.0,2.4953806400823773,0.0
19.32,-0.8697699083429482,0.0,0.565272936118096,0.0,2.4966701181567674,0.0
19.322,-0.8686343682991863,0.0,0.5702675185576455,0.0,2.497902858015725,0.0
19.324,-0.8674888366629321,0.0,0.5752645096689696,0.0,2.499078776138656,0.0
19.326,-0.866333308730542,0.0,0.580263795726412,0.0,2.5001977906273316,0.0
19.328,-0.8651677800259855,0.0,0.5852652628421673,0.0,2.501259821208852,0.0
19.330000000000002,-0.8639922463011613,0.0,0.5902687969695141,0.0,2.5022647892385574,0.0
19.332,-0.8628067035362306,0.0,0.5952742839060458,0.0,2.503212617702898,0.0
19.334,-0.8616111479398988,0.0,0.6002816092969848,0.0,2.504103231222237,0.0
19.336000000000002,-0.8604055759497368,0.0,0.6052906586384441,0.0,2.504936556053641,0.0
19.338,-0.8591899842324738,0.0,0.6103013172806393,0.0,2.5057125200935504,0.0
19.34,-0.8579643696842746,0.0,0.6153134704312717,0.0,2.5064310528804885,0.0
19.342,-0.8567287294310294,0.0,0.6203270031587409,0.0,2.507092085597641,0.0
19.344,-0.8554830608286292,0.0,0.6253418003954687,0.0,2.5076955510754333,0.0
19.346,-0.8542273614632379,0.0,0.6303577469411706,0.0,2.5082413837940316,0.0
19.348,-0.8529616291515443,0.0,0.6353747274661878,0.0,2.508729519885815,0.0
19.35,-0.8516858619410211,0.0,0.6403926265147862,0.0,2.509159897137773,0.0
19.352,-0.850400058110184,0.0,0.6454113285084369,0.0,2.5095324549938622,0.0
19.354,-0.8491042161688214,0.0,0.6504307177491884,0.0,2.509847134557332,0.0
19.356,-0.8477983348582286,0.0,0.6554506784229481,0.0,2.5101038785929504,0.0
19.358,-0.8464824131514554,0.0,0.6604710946027944,0.0,2.510302631529233,0.0
19.36,-0.8451564502535035,0.0,0.6654918502523541,0.0,2.5104433394605805,0.0
19.362000000000002,-0.8438204456015581,0.0,0.6705128292291088,0.0,2.5105259501493857,0.0
19.364,-0.842474398865196,0.0,0.6755339152877119,0.0,2.510550413028086,0.0
19.366,-0.8411183099465821,0.0,0.6805549920833763,0.0,2.510516679201153,0.0
19.368000000000002,-0.839752178980662,0.0,0.6855759431751987,0.0,2.510424701447045,0.0
19.37,-0.83837600633537,0.0,0.6905966520294827,0.0,2.5102744342201038,0.0
19.372,-0.8369897926117841,0.0,0.6956170020231401,0.0,2.5100658336523862,0.0
19.374,-0.8355935386443235,0.0,0.7006368764470277,0.0,2.5097988575554724,0.0
19.376,-0.8341872455009018,0.0,0.7056561585093025,0.0,2.509473465422186,0.0
19.378,-0.832770914483105,0.0,0.7106747313387745,0.0,2.509089618428294,0.0
19.38,-0.8313445471263325,0.0,0.7156924779883095,0.0,2.5086472794341366,0.0
19.382,-0.8299081451999492,0.0,0.7207092814381751,0.0,2.508146412986214,0.0
19.384,-0.8284617107074373,0.0,0.725725024599406,0.0,2.507586985318713,0.0
19.386,-0.8270052458865138,0.0,0.7307395903172071,0.0,2.5069689643549826,0.0
19.388,-0.8255387532092732,0.0,0.7357528613743376,0.0,2.506292319708973,0.0
19.39,-0.8240622353823056,0.0,0.7407647204944253,0.0,2.5055570226865926,0.0
19.392,-0.8225756953468086,0.0,0.7457750503454537,0.0,2.5047630462870467,0.0
19.394000000000002,-0.8210791362786907,0.0,0.7507837335430843,0.0,2.5039103652040886,0.0
19.396,-0.8195725615886921,0.0,0.7557906526540406,0.0,2.502998955827257,0.0
19.398,-0.8180559749224523,0.0,0.7607956901995467,0.0,2.5020287962430205,0.0
19.400000000000002,-0.8165293801606157,0.0,0.7657987286586955,0.0,2.5009998662359,0.0
19.402,-0.8149927814189128,0.0,0.7707996504718305,0.0,2.4999121472895283,0.0
19.404,-0.813446183048224,0.0,0.7757983380439767,0.0,2.498765622587656,0.0
19.406,-0.8118895896346501,0.0,0.7807946737482218,0.0,2.4975602770150984,0.0
19.408,-0.8103230059995777,0.0,0.7857885399291418,0.0,2.4962960971586465,0.0
19.41,-0.8087464371997353,0.0,0.7907798189061579,0.0,2.494973071307913,0.0
19.412,-0.8071598885272252,0.0,0.7957683929769976,0.0,2.4935911894561222,0.0
19.414,-0.8055633655095771,0.0,0.8007541444210797,0.0,2.492150443300856,0.0
19.416,-0.803956873909781,0.0,0.8057369555029,0.0,2.4906508262447575,0.0
19.418,-0.8023404197263065,0.0,0.8107167084754887,0.0,2.4890923333961457,0.0
19.42,-0.8007140091931207,0.0,0.8156932855837989,0.0,2.4874749615696086,0.0
19.422,-0.7990776487797197,0.0,0.8206665690680955,0.0,2.485798709286554,0.0
19.424,-0.7974313451911068,0.0,0.8256364411674141,0.0,2.484063576775654,0.0
19.426000000000002,-0.7957751053678115,0.0,0.83060278412297,0.0,2.4822695659732963,0.0
19.428,-0.7941089364858785,0.0,0.8355654801815087,0.0,2.4804166805239554,0.0
19.43,-0.7924328459568483,0.0,0.8405244115988241,0.0,2.4785049257805003,0.0
19.432000000000002,-0.7907468414277321,0.0,0.8454794606431068,0.0,2.4765343088044665,0.0
19.434,-0.7890509307810007,0.0,0.8504305095983651,0.0,2.4745048383662818,0.0
19.436,-0.7873451221345316,0.0,0.855377440767875,0.0,2.47241652494541,0.0
19.438,-0.785629423841572,0.0,0.860320136477573,0.0,2.4702693807304685,0.0
19.44,-0.7839038444906925,0.0,0.8652584790794987,0.0,2.468063419619284,0.0
19.442,-0.7821683929057373,0.0,0.8701923509551553,0.0,2.465798657218897,0.0
19.444,-0.7804230781457492,0.0,0.8751216345190133,0.0,2.4634751108455,0.0
19.446,-0.7786679095049015,0.0,0.8800462122218715,0.0,2.461092799524338,0.0
19.448,-0.7769028965124417,0.0,0.8849659665542676,0.0,2.45865174398957,0.0
19.45,-0.7751280489325785,0.0,0.889880780049941,0.0,2.4561519666840295,0.0
19.452,-0.7733433767644127,0.0,0.8947905352892236,0.0,2.4535934917589737,0.0
19.454,-0.771548890241839,0.0,0.8996951149024361,0.0,2.450976345073787,0.0
19.456,-0.7697445998334344,0.0,0.9045944015733484,0.0,2.4483005541955807,0.0
19.458000000000002,-0.7679305162423476,0.0,0.9094882780425705,0.0,2.4455661483987834,0.0
19.46,-0.7661066504061982,0.0,0.9143766271109474,0.0,2.4427731586646813,0.0
19.462,-0.7642730134969307,0.0,0.9192593316430188,0.0,2.439921617680869,0.0
19.464,-0.7624296169206994,0.0,0.9241362745703917,0.0,2.4370115598406787,0.0
19.466,-0.7605764723177189,0.0,0.9290073388951741,0.0,2.434043021242541,0.0
19.468,-0.7587135915621378,0.0,0.9338724076933562,0.0,2.4310160396893146,0.0
19.47,-0.7568409867618646,0.0,0.9387313641182574,0.0,2.4279306546875232,0.0
19.472,-0.7549586702584236,0.0,0.9435840914039133,0.0,2.4247869074465735,0.0
19.474,-0.7530666546267971,0.0,0.9484304728684582,0.0,2.4215848408779284,0.0
19.476,-0.7511649526752309,0.0,0.9532703919175697,0.0,2.4183244995941746,0.0
19.478,-0.7492535774450735,0.0,0.9581037320478661,0.0,2.4150059299080855,0.0
19.48,-0.7473325422105921,0.0,0.9629303768502412,0.0,2.411629179831645,0.0
19.482,-0.7454018604787697,0.0,0.9677502100133605,0.0,2.408194299074943,0.0
19.484,-0.743461545989106,0.0,0.9725631153269918,0.0,2.4047013390450918,0.0
19.486,-0.7415116127134329,0.0,0.9773689766853938,0.0,2.4011503528450824,0.0
19.488,-0.739552074855671,0.0,0.9821676780907491,0.0,2.3975413952725297,0.0
19.490000000000002,-0.7375829468516317,0.0,0.9869591036565275,0.0,2.3938745228184284,0.0
19.492,-0.735604243368788,0.0,0.9917431376108554,0.0,2.390149793665842,0.0
19.494,-0.7336159793060368,0.0,0.9965196642999292,0.0,2.3863672676885086,0.0
19.496,-0.7316181697934575,0.0,1.0012885681913914,0.0,2.382527006449422,0.0
19.498,-0.7296108301920748,0.0,1.0060497338776864,0.0,2.378629073199366,0.0
19.5,-0.7275939760936055,0.0,1.0108030460794377,0.0,2.374673532875382,0.0
19.502,-0.7255676233201851,0.0,1.0155483896488453,0.0,2.3706604520991705,0.0
19.504,-0.7235317879241087,0.0,1.020285649573036,0.0,2.3665898991754624,0.0
19.506,-0.7214864861875732,0.0,1.0250147109774064,0.0,2.3624619440903616,0.0
19.508,-0.7194317346223729,0.0,1.0297354591290262,0.0,2.35827665850956,0.0
19.51,-0.7173675499696193,0.0,1.0344477794399762,0.0,2.3540341157765625,0.0
19.512,-0.7152939491994683,0.0,1.0391515574706771,0.0,2.3497343909108768,0.0
19.514,-0.7132109495107879,0.0,1.0438466789332825,0.0,2.345377560606064,0.0
19.516000000000002,-0.7111185683308725,0.0,1.048533029695014,0.0,2.340963703227815,0.0
19.518,-0.7090168233151268,0.0,1.0532104957814687,0.0,2.336492898811969,0.0
19.52,-0.7069057323467434,0.0,1.0578789633800003,0.0,2.3319652290624377,0.0
19.522000000000002,-0.704785313536367,0.0,1.0625383188430413,0.0,2.327380777349097,0.0
19.524,-0.7026555852217843,0.0,1.0671884486914085,0.0,2.3227396287056665,0.0
19.526,-0.7005165659675556,0.0,1.0718292396176672,0.0,2.318041869827459,0.0
19.528,-0.6983682745646898,0.0,1.076460578489421,0.0,2.3132875890691547,0.0
19.53,-0.6962107300302726,0.0,1.0810823523526651,0.0,2.308476876442455,0.0
19.532,-0.6940439516071343,0.0,1.0856944484350235,0.0,2.3036098236137903,0.0
19.534,-0.6918679587634515,0.0,1.0902967541491542,0.0,2.298686523901818,0.0
19.536,-0.6896827711923852,0.0,1.094889157095988,0.0,2.2937070722750055,0.0
19.538,-0.6874884088117201,0.0,1.0994715450680221,0.0,2.2886715653491367,0.0
19.54,-0.6852848917634446,0.0,1.1040438060526523,0.0,2.2835801013846884,0.0
19.542,-0.6830722404133803,0.0,1.1086058282354374,0.0,2.2784327802842403,0.0
19.544,-0.6808504753507825,0.0,1.1131575000033607,0.0,2.2732297035898323,0.0
19.546,-0.678619617387923,0.0,1.117698709948143,0.0,2.267970974480193,0.0
19.548000000000002,-0.6763796875596764,0.0,1.1222293468695124,0.0,2.26265669776798,0.0
19.55,-0.6741307071231242,0.0,1.1267492997784085,0.0,2.2572869798970148,0.0
19.552,-0.6718726975570938,0.0,1.131258457900334,0.0,2.251861928939316,0.0
19.554000000000002,-0.6696056805617538,0.0,1.1357567106785407,0.0,2.2463816545922466,0.0
19.556,-0.6673296780581703,0.0,1.1402439477772894,0.0,2.240846268175526,0.0
19.558,-0.6650447121878473,0.0,1.1447200590851163,0.0,2.2352558826281768,0.0
19.56,-0.6627508053122873,0.0,1.1491849347180463,0.0,2.2296106125054753,0.0
19.562,-0.6604479800125295,0.0,1.1536384650228348,0.0,2.223910573975811,0.0
19.564,-0.6581362590886979,0.0,1.158080540580165,0.0,2.2181558848175476,0.0
19.566,-0.6558156655595047,0.0,1.1625110522078999,0.0,2.2123466644157426,0.0
19.568,-0.6534862226617847,0.0,1.166929890964289,0.0,2.206483033758884,0.0
19.57,-0.6511479538500297,0.0,1.1713369481511262,0.0,2.200565115435622,0.0
19.572,-0.6488008827958688,0.0,1.1757321153170053,0.0,2.1945930336313126,0.0
19.574,-0.6464450333875804,0.0,1.1801152842604847,0.0,2.1885669141246282,0.0
19.576,-0.6440804297296112,0.0,1.1844863470332494,0.0,2.182486884284115,0.0
19.578,-0.6417070961420308,0.0,1.1888451959433302,0.0,2.176353073064604,0.0
19.580000000000002,-0.63932505716004,0.0,1.1931917235582474,0.0,2.1701656110036716,0.0
19.582,-0.6369343375334464,0.0,1.1975258227081622,0.0,2.1639246302180366,0.0
19.584,-0.6345349622261289,0.0,1.201847386489056,0.0,2.157630264399849,0.0
19.586000000000002,-0.6321269564154971,0.0,1.2061563082658844,0.0,2.1512826488129595,0.0
19.588,-0.629710345491981,0.0,1.2104524816756521,0.0,2.1448819202892415,0.0
19.59,-0.6272851550584402,0.0,1.2147358006306392,0.0,2.1384282172246376,0.0
19.592,-0.6248514109296432,0.0,1.2190061593214565,0.0,2.131921679575389,0.0
19.594,-0.6224091391316869,0.0,1.223263452220195,0.0,2.125362448854072,0.0
19.596,-0.619958365901456,0.0,1.227507574083504,0.0,2.1187506681256822,0.0
19.598,-0.6174991176860232,0.0,1.2317384199557277,0.0,2.1120864820035594,0.0
19.6,-0.6150314211420752,0.0,1.2359558851719967,0.0,2.105370036645334,0.0
19.602,-0.6125553031353579,0.0,1.2401598653612529,0.0,2.098601479748907,0.0
19.604,-0.6100707907400407,0.0,1.2443502564494153,0.0,2.0917809605481534,0.0
19.606,-0.6075779112381499,0.0,1.2485269546623878,0.0,2.0849086298088086,0.0
19.608,-0.6050766921189614,0.0,1.252689856529122,0.0,2.077984639824211,0.0
19.61,-0.6025671610783823,0.0,1.2568388588846968,0.0,2.071009144410958,0.0
19.612000000000002,-0.6000493460183389,0.0,1.2609738588733401,0.0,2.0639822989045835,0.0
19.614,-0.597523275046169,0.0,1.265094753951455,0.0,2.056904260155184,0.0
19.616,-0.5949889764739686,0.0,1.2692014418906694,0.0,2.049775186522923,0.0
19.618000000000002,-0.5924464788179762,0.0,1.2732938207808389,0.0,2.04259523787357,0.0
19.62,-0.5898958107979433,0.0,1.27737178903303,0.0,2.035364575574004,0.0
19.622,-0.5873370013364577,0.0,1.2814352453825701,0.0,2.028083362487534,0.0
19.624,-0.5847700795583163,0.0,1.2854840888919896,0.0,2.0207517629693523,0.0
19.626,-0.5821950747898588,0.0,1.2895182189540253,0.0,2.0133699428618126,0.0
19.628,-0.5796120165583201,0.0,1.2935375352945644,0.0,2.0059380694897566,0.0
19.63,-0.5770209345911302,0.0,1.2975419379756408,0.0,1.9984563116556742,0.0
19.632,-0.5744218588152621,0.0,1.3015313273983664,0.0,1.9909248396349253,0.0
19.634,-0.5718148193565527,0.0,1.3055056043058555,0.0,1.9833438251709117,0.0
19.636,-0.5691998465390011,0.0,1.309464669786187,0.0,1.9757134414701052,0.0
19.638,-0.5665769708840758,0.0,1.3134084252753244,0.0,1.9680338631971024,0.0
19.64,-0.5639462231100433,0.0,1.3173367725599756,0.0,1.9603052664697191,0.0
19.642,-0.5613076341312232,0.0,1.3212496137805725,0.0,1.9525278288538055,0.0
19.644000000000002,-0.5586612350573051,0.0,1.325146851434109,0.0,1.9447017293582485,0.0
19.646,-0.5560070571926332,0.0,1.3290283883770218,0.0,1.9368271484298465,0.0
19.648,-0.553345132035469,0.0,1.3328941278280915,0.0,1.928904267948067,0.0
19.650000000000002,-0.5506754912772657,0.0,1.3367439733712878,0.0,1.9209332712198532,0.0
19.652,-0.5479981668019592,0.0,1.340577828958598,0.0,1.9129143429744009,0.0
19.654,-0.5453131906851983,0.0,1.3443955989129004,0.0,1.9048476693577732,0.0
19.656,-0.5426205951936118,0.0,1.3481971879307826,0.0,1.8967334379275687,0.0
19.658,-0.5399204127840572,0.0,1.3519825010853497,0.0,1.8885718376475347,0.0
19.66,-0.5372126761028828,0.0,1.3557514438290215,0.0,1.8803630588821507,0.0
19.662,-0.5344974179851365,0.0,1.3595039219963607,0.0,1.8721072933910667,0.0
19.664,-0.5317746714538096,0.0,1.363239841806839,0.0,1.8638047343236126,0.0
19.666,-0.5290444697190835,0.0,1.3669591098675977,0.0,1.8554555762132545,0.0
19.668,-0.5263068461775176,0.0,1.3706616331762393,0.0,1.8470600149719085,0.0
19.67,-0.5235618344112929,0.0,1.3743473191235605,0.0,1.8386182478843263,0.0
19.672,-0.5208094681874145,0.0,1.3780160754962854,0.0,1.830130473602399,0.0
19.674,-0.5180497814569129,0.0,1.3816678104798132,0.0,1.8215968921393735,0.0
19.676000000000002,-0.515282808354038,0.0,1.3853024326609378,0.0,1.8130177048640546,0.0
19.678,-0.5125085831954839,0.0,1.3889198510305136,0.0,1.8043931144950645,0.0
19.68,-0.5097271404795369,0.0,1.3925199749861983,0.0,1.7957233250948554,0.0
19.682000000000002,-0.5069385148852826,0.0,1.3961027143351128,0.0,1.7870085420638455,0.0
19.684,-0.5041427412717953,0.0,1.399667979296495,0.0,1.7782489721345012,0.0
19.686,-0.501339854677279,0.0,1.403215680504392,0.0,1.7694448233652553,0.0
19.688,-0.4985298903182587,0.0,1.40674572901028,0.0,1.7605963051345306,0.0
19.69,-0.4957128835887308,0.0,1.4102580362857247,0.0,1.7517036281345941,0.0
19.692,-0.49288887005934723,0.0,1.4137525142249463,0.0,1.7427670043655716,0.0
19.694,-0.49005788547652196,0.0,1.4172290751475076,0.0,1.733786647129095,0.0
19.696,-0.4872199657616121,0.0,1.4206876318008557,0.0,1.7247627710222293,0.0
19.698,-0.48437514701005474,0.0,1.4241280973629136,0.0,1.7156955919312165,0.0
19.7,-0.481523465490493,0.0,1.427550385444673,0.0,1.7065853270251372,0.0
19.702,-0.4786649576439061,0.0,1.4309544100927425,0.0,1.6974321947496112,0.0
19.704,-0.4757996600827624,0.0,1.434340085791877,0.0,1.688236414820485,0.0
19.706,-0.47292760959010116,0.0,1.4377073274675416,0.0,1.6789982082173427,0.0
19.708000000000002,-0.4700488431186698,0.0,1.44105605048843,0.0,1.6697177971770745,0.0
19.71,-0.4671633977900488,0.0,1.4443861706689256,0.0,1.660395405187516,0.0
19.712,-0.4642713108937263,0.0,1.447697604271669,0.0,1.651031256980736,0.0
19.714,-0.46137261988621797,0.0,1.4509902680099873,0.0,1.6416255785266156,0.0
19.716,-0.45846736239015823,0.0,1.454264079050387,0.0,1.6321785970261835,0.0
19.718,-0.45555557619340825,0.0,1.457518955014987,0.0,1.6226905409050452,0.0
19.72,-0.4526372992481097,0.0,1.4607548139839928,0.0,1.613161639806616,0.0
19.722,-0.44971256966978496,0.0,1.4639715744981068,0.0,1.6035921245854565,0.0
19.724,-0.4467814257364262,0.0,1.4671691555609339,0.0,1.5939822273005535,0.0
19.726,-0.44384390588754236,0.0,1.4703474766414069,0.0,1.584332181208465,0.0
19.728,-0.44090004872323363,0.0,1.473506457676168,0.0,1.574642220756506,0.0
19.73,-0.43794989300327325,0.0,1.4766460190719224,0.0,1.5649125815759555,0.0
19.732,-0.4349934776461325,0.0,1.4797660817078302,0.0,1.5551435004750578,0.0
19.734,-0.4320308417280543,0.0,1.482866566937838,0.0,1.5453352154321298,0.0
19.736,-0.42906202448210623,0.0,1.4859473965930017,0.0,1.5354879655886289,0.0
19.738,-0.4260870652972054,0.0,1.4890084929838294,0.0,1.5256019912420566,0.0
19.740000000000002,-0.4231060037171608,0.0,1.492049778902576,0.0,1.5156775338389528,0.0
19.742,-0.4201188794397342,0.0,1.495071177625517,0.0,1.5057148359678643,0.0
19.744,-0.417125732315629,0.0,1.4980726129152544,0.0,1.4957141413521389,0.0
19.746,-0.4141266023475427,0.0,1.5010540090229672,0.0,1.485675694842803,0.0
19.748,-0.4111215296891725,0.0,1.5040152906906554,0.0,1.4755997424113887,0.0
19.75,-0.4081105546442588,0.0,1.5069563831533657,0.0,1.4654865311427434,0.0
19.752,-0.405093717665556,0.0,1.5098772121414354,0.0,1.4553363092276812,0.0
19.754,-0.4020710593538664,0.0,1.5127777038826824,0.0,1.4451493259557435,0.0
19.756,-0.3990426204570484,0.0,1.5156577851045852,0.0,1.4349258317079057,0.0
19.758,-0.39600844186898876,0.0,1.5185173830364807,0.0,1.4246660779491362,0.0
19.76,-0.39296856462861585,0.0,1.521356425411714,0.0,1.4143703172210431,0.0
19.762,-0.38992302991889677,0.0,1.5241748404697688,0.0,1.404038803134497,0.0
19.764,-0.3868718790657984,0.0,1.5269725569584334,0.0,1.3936717903620441,0.0
19.766000000000002,-0.3838151535372796,0.0,1.52974950413589,0.0,1.3832695346305075,0.0
19.768,-0.380752894942291,0.0,1.532505611772811,0.0,1.3728322927134742,0.0
19.77,-0.3776851450297063,0.0,1.5352408101544703,0.0,1.362360322423644,0.0
19.772000000000002,-0.37461194568731787,0.0,1.5379550300827993,0.0,1.3518538826052864,0.0
19.774,-0.3715333389408062,0.0,1.540648202878431,0.0,1.341313233126661,0.0
19.776,-0.36844936695267955,0.0,1.5433202603827645,0.0,1.3307386348722663,0.0
19.778,-0.3653600720212422,0.0,1.5459711349599716,0.0,1.3201303497352184,0.0
19.78,-0.3622654965795411,0.0,1.5486007594990254,0.0,1.30948864060946,0.0
19.782,-0.35916568319433717,0.0,1.5512090674156553,0.0,1.2988137713821564,0.0
19.784,-0.356060674565013,0.0,1.553795992654376,0.0,1.2881060069257164,0.0
19.786,-0.3529505135225323,0.0,1.5563614696904187,0.0,1.2773656130901003,0.0
19.788,-0.34983524302839064,0.0,1.558905433531677,0.0,1.266592856694983,0.0
19.79,-0.34671490617352196,0.0,1.5614278197206568,0.0,1.2557880055218038,0.0
19.792,-0.34358954617723314,0.0,1.5639285643363832,0.0,1.2449513283058977,0.0
19.794,-0.3404592063861567,0.0,1.5664076039962875,0.0,1.234083094728616,0.0
19.796,-0.33732393027312957,0.0,1.568864875858112,0.0,1.2231835754092681,0.0
19.798000000000002,-0.3341837614361327,0.0,1.5713003176217772,0.0,1.212253041897134,0.0
19.8,-0.33103874359722174,0.0,1.5737138675312012,0.0,1.2012917666635923,0.0
19.802,-0.3278889206014005,0.0,1.5761054643761836,0.0,1.1903000230938392,0.0
19.804000000000002,-0.32473433641554483,0.0,1.578475047494195,0.0,1.179278085478959,0.0
19.806,-0.321575035127327,0.0,1.5808225567721776,0.0,1.1682262290078227,0.0
19.808,-0.31841106094407257,0.0,1.5831479326483533,0.0,1.157144729758856,0.0
19.81,-0.3152424581916892,0.0,1.58545111611398,0.0,1.146033864691946,0.0
19.812,-0.3120692713135377,0.0,1.5877320487151132,0.0,1.1348939116402152,0.0
19.814,-0.3088915448693479,0.0,1.58999067255433,0.0,1.1237251493018712,0.0
19.816,-0.305709323534071,0.0,1.592226930292477,0.0,1.1125278572318353,0.0
19.818,-0.3025226520967749,0.0,1.594440765150355,0.0,1.101302315833567,0.0
19.82,-0.2993315754595449,0.0,1.596632120910405,0.0,1.090048806350782,0.0
19.822,-0.2961361386363169,0.0,1.5988009419183988,0.0,1.0787676108590305,0.0
19.824,-0.29293638675177575,0.0,1.6009471730850846,0.0,1.0674590122574001,0.0
19.826,-0.28973236504022937,0.0,1.603070759887815,0.0,1.0561232942601864,0.0
19.828,-0.2865241188444524,0.0,1.6051716483721898,0.0,1.0447607413883904,0.0
19.830000000000002,-0.28331169361455283,0.0,1.6072497851536494,0.0,1.033371638961338,0.0
19.832,-0.2800951349068588,0.0,1.6093051174190554,0.0,1.0219562730882839,0.0
19.834,-0.2768744883827311,0.0,1.6113375929282787,0.0,1.010514930659834,0.0
19.836000000000002,-0.2736497998074384,0.0,1.6133471600157492,0.0,0.9990478993394631,0.0
19.838,-0.2704211150490207,0.0,1.615333767591978,0.0,0.9875554675550863,0.0
19.84,-0.26718848007710183,0.0,1.6172973651450984,0.0,0.9760379244903785,0.0
19.842,-0.2639519409617588,0.0,1.619237902742356,0.0,0.964495560076283,0.0
19.844,-0.26071154387234824,0.0,1.621155331031602,0.0,0.9529286649823652,0.0
19.846,-0.257467335076363,0.0,1.6230496012427502,0.0,0.9413375306082624,0.0
19.848,-0.25421936093823905,0.0,1.6249206651892432,0.0,0.929722449074961,0.0
19.85,-0.25096766791819414,0.0,1.6267684752694858,0.0,0.9180837132161198,0.0
19.852,-0.24771230257109128,0.0,1.6285929844682352,0.0,0.906421616569552,0.0
19.854,-0.24445331154521122,0.0,1.6303941463580425,0.0,0.8947364533682651,0.0
19.856,-0.24119074158110126,0.0,1.6321719151006047,0.0,0.8830285185318927,0.0
19.858,-0.2379246395104162,0.0,1.6339262454481314,0.0,0.8712981076579472,0.0
19.86,-0.2346550522546923,0.0,1.6356570927447067,0.0,0.8595455170129456,0.0
19.862000000000002,-0.23138202682419057,0.0,1.6373644129276075,0.0,0.8477710435236702,0.0
19.864,-0.2281056103167139,0.0,1.6390481625286109,0.0,0.8359749847684035,0.0
19.866,-0.2248258499163966,0.0,1.640708298675301,0.0,0.8241576389679983,0.0
19.868000000000002,-0.22154279289251133,0.0,1.642344779092343,0.0,0.8123193049770225,0.0
19.87,-0.2182564865983106,0.0,1.643957562102722,0.0,0.800460282275042,0.0
19.872,-0.21496697846977425,0.0,1.6455466066290168,0.0,0.7885808709574867,0.0
19.874,-0.21167431602445144,0.0,1.6471118721945959,0.0,0.7766813717269138,0.0
19.876,-0.20837854686023033,0.0,1.6486533189248376,0.0,0.764762085883984,0.0
19.878,-0.20507971865416613,0.0,1.650170907548305,0.0,0.7528233153185953,0.0
19.88,-0.20177787916123618,0.0,1.6516645993979298,0.0,0.7408653625008021,0.0
19.882,-0.19847307621314234,0.0,1.6531343564121563,0.0,0.7288885304718783,0.0
19.884,-0.19516535771712545,0.0,1.6545801411360679,0.0,0.7168931228353687,0.0
19.886,-0.1918547716547076,0.0,1.656001916722516,0.0,0.7048794437479612,0.0
19.888,-0.1885413660804983,0.0,1.6573996469332144,0.0,0.6928477979104614,0.0
19.89,-0.18522518912098862,0.0,1.6587732961398047,0.0,0.6807984905588476,0.0
19.892,-0.18190628897330335,0.0,1.6601228293249357,0.0,0.6687318274550476,0.0
19.894000000000002,-0.1785847139039859,0.0,1.6614482120832987,0.0,0.656648114877911,0.0
19.896,-0.1752605122477954,0.0,1.662749410622646,0.0,0.6445476596141461,0.0
19.898,-0.1719337324064421,0.0,1.6640263917648097,0.0,0.6324307689490987,0.0
19.900000000000002,-0.16860442284738614,0.0,1.6652791229466817,0.0,0.6202977506576749,0.0
19.902,-0.16527263210260623,0.0,1.666507572221183,0.0,0.6081489129952078,0.0
19.904,-0.16193840876734597,0.0,1.6677117082582207,0.0,0.5959845646882217,0.0
19.906,-0.1586018014988913,0.0,1.66889150034562,0.0,0.5838050149252612,0.0
19.908,-0.1552628590153353,0.0,1.6700469183900366,0.0,0.5716105733477245,0.0
19.91,-0.1519216300943535,0.0,1.6711779329178493,0.0,0.5594015500406795,0.0
19.912,-0.1485781635719272,0.0,1.672284515076049,0.0,0.5471782555235346,0.0
19.914,-0.14523250834112805,0.0,1.6733666366330915,0.0,0.534941000740857,0.0
19.916,-0.14188471335087977,0.0,1.6744242699797343,0.0,0.5226900970531698,0.0
19.918,-0.1385348276046904,0.0,1.6754573881298693,0.0,0.510425856227578,0.0
19.92,-0.13518290015941076,0.0,1.676465964721321,0.0,0.4981485904285391,0.0
19.922,-0.1318289801240153,0.0,1.6774499740166275,0.0,0.4858586122086432,0.0
19.924,-0.1284731166583014,0.0,1.6784093909038194,0.0,0.47355623449914686,0.0
19.926000000000002,-0.12511535897167542,0.0,1.6793441908971576,0.0,0.46124177060078775,0.0
19.928,-0.121755756321894,0.0,1.6802543501378633,0.0,0.4489155341744498,0.0
19.93,-0.11839435801379684,0.0,1.681139845394836,0.0,0.4365778392317483,0.0
19.932000000000002,-0.11503121339805042,0.0,1.6820006540653414,0.0,0.4242290001257176,0.0
19.934,-0.11166637186991896,0.0,1.6828367541756806,0.0,0.4118693315415136,0.0
19.936,-0.1082998828679676,0.0,1.683648124381853,0.0,0.39949914848692875,0.0
19.938,-0.10493179587282338,0.0,1.6844347439701872,0.0,0.38711876628309555,0.0
19.94,-0.10156216040589869,0.0,1.6851965928579633,0.0,0.3747285005550032,0.0
19.942,-0.09819102602816944,0.0,1.6859336515939987,0.0,0.3623286672222961,0.0
19.944,-0.09481844233885514,0.0,1.686645901359245,0.0,0.3499195824895942,0.0
19.946,-0.09144445897418209,0.0,1.6873333239673385,0.0,0.3375015628372512,0.0
19.948,-0.08806912560613751,0.0,1.6879959018651403,0.0,0.3250749250119319,0.0
19.95,-0.08469249194115852,0.0,1.688633618133267,0.0,0.31263998601707066,0.0
19.952,-0.08131460771889394,0.0,1.6892464564865914,0.0,0.30019706310349187,0.0
19.954,-0.07793552271093385,0.0,1.6898344012747233,0.0,0.2877464737599927,0.0
19.956,-0.07455528671953252,0.0,1.6903974374824835,0.0,0.2752885357038226,0.0
19.958000000000002,-0.0711739495763235,0.0,1.6909355507303498,0.0,0.26282356687118086,0.0
19.96,-0.06779156114109303,0.0,1.691448727274877,0.0,0.25035188540793263,0.0
19.962,-0.06440817130044954,0.0,1.69193695400912,0.0,0.23787380965987126,0.0
19.964000000000002,-0.06102382996658697,0.0,1.692400218463014,0.0,0.22538965816340345,0.0
19.966,-0.057638587076017864,0.0,1.6928385088037496,0.0,0.21289974963605918,0.0
19.968,-0.054252492588262924,0.0,1.6932518138361266,0.0,0.20040440296689177,0.0
19.97,-0.05086559648460107,0.0,1.6936401230028864,0.0,0.18790393720705167,0.0
19.972,-0.04747794876678467,0.0,1.6940034263850272,0.0,0.17539867156024175,0.0
19.974,-0.04408959945578406,0.0,1.6943417147020976,0.0,0.16288892537329108,0.0
19.976,-0.040700598590466146,0.0,1.6946549793124772,0.0,0.1503750181264772,0.0
19.978,-0.03731099622635195,0.0,1.694943212213631,0.0,0.13785726942413354,0.0
19.98,-0.03392084243433823,0.0,1.6952064060423473,0.0,0.12533599898513145,0.0
19.982,-0.030530187299397302,0.0,1.6954445540749608,0.0,0.11281152663325388,0.0
19.984,-0.027139080919304816,0.0,1.6956576502275493,0.0,0.10028417228771905,0.0
19.986,-0.023747573403382863,0.0,1.6958456890561178,0.0,0.08775425595369299,0.0
19.988,-0.020355714871182984,0.0,1.696008665756758,0.0,0.07522209771265484,0.0
19.990000000000002,-0.016963555451228574,0.0,1.6961465761657943,0.0,0.06268801771290411,0.0
19.992,-0.013571145279741426,0.0,1.6962594167599065,0.0,0.05015233616007446,0.0
19.994,-0.010178534499339581,0.0,1.696347184656234,0.0,0.037615373307492095,0.0
19.996,-0.006785773257762001,0.0,1.6964098776124636,0.0,0.025077449446656196,0.0
19.998,-0.003392911706594513,0.0,1.6964474940268945,0.0,0.012538884897726574,0.0
20.0,-1.3226185430791415e-15,0.0,1.6964600329384885,0.0,4.8878936049879225e-15,0.0
