time,pos_meas1,pos_meas2,vel_meas1,vel_meas2,tau_meas1,tau_meas2
0.000000000000000000e+00,7.087950110435485840e-01,6.611457467079162598e-01,-1.773902773857116699e-02,-1.516359299421310425e-01,8.460231870412826538e-02,3.067425452172756195e-02
2.000093460083007812e-03,7.088909149169921875e-01,6.615292429924011230e-01,6.674437783658504486e-03,1.835081428289413452e-01,8.429276198148727417e-02,3.121880069375038147e-02
4.000425338745117188e-03,7.088909149169921875e-01,6.615292429924011230e-01,6.674437783658504486e-03,1.835081428289413452e-01,8.429276198148727417e-02,3.121880069375038147e-02
6.000757217407226562e-03,7.083635926246643066e-01,6.607622504234313965e-01,-8.460565656423568726e-02,-2.928151190280914307e-01,-1.013787928968667984e-03,1.681412686593830585e-04
8.000850677490234375e-03,7.083635926246643066e-01,6.607622504234313965e-01,-2.617801129817962646e-01,-1.811347901821136475e-01,5.194589612074196339e-04,-4.102527745999395847e-04
1.000118255615234375e-02,7.070213556289672852e-01,6.603787541389465332e-01,-2.617801129817962646e-01,-1.811347901821136475e-01,5.194589612074196339e-04,-4.102527745999395847e-04
1.200127601623535156e-02,7.052477002143859863e-01,6.599952578544616699e-01,-4.379440248012542725e-01,-2.204988002777099609e-01,-6.564113732565601822e-07,-1.961753296200186014e-04
1.400136947631835938e-02,7.028028964996337891e-01,6.588447690010070801e-01,-6.409810781478881836e-01,-1.984627693891525269e-01,3.181807987857609987e-04,4.121188339922809973e-06
1.600146293640136719e-02,7.028028964996337891e-01,6.588447690010070801e-01,-6.409810781478881836e-01,-1.984627693891525269e-01,3.181807987857609987e-04,4.121188339922809973e-06
1.800179481506347656e-02,6.997829079627990723e-01,6.565437912940979004e-01,-8.319609165191650391e-01,-5.685261487960815430e-01,2.669366367626935244e-04,1.079819921869784594e-04
2.000188827514648438e-02,6.997829079627990723e-01,6.565437912940979004e-01,-1.119991302490234375e+00,-5.299071669578552246e-01,-6.891004741191864014e-04,3.496189310681074858e-04
2.200222015380859375e-02,6.956602931022644043e-01,6.546263098716735840e-01,-1.119991302490234375e+00,-5.299071669578552246e-01,-6.891004741191864014e-04,3.496189310681074858e-04
2.400255203247070312e-02,6.912980675697326660e-01,6.515583395957946777e-01,-1.295752882957458496e+00,-8.930325508117675781e-01,7.559860823675990105e-04,6.378530088113620877e-05
2.600264549255371094e-02,6.912980675697326660e-01,6.515583395957946777e-01,-1.553815722465515137e+00,-1.078589677810668945e+00,1.328791549894958735e-04,-2.667676308192312717e-04
2.800273895263671875e-02,6.858811974525451660e-01,6.484903693199157715e-01,-1.553815722465515137e+00,-1.078589677810668945e+00,1.328791549894958735e-04,-2.667676308192312717e-04
3.000330924987792969e-02,6.799370050430297852e-01,6.450389623641967773e-01,-1.793852448463439941e+00,-1.315698862075805664e+00,-2.273721765959635377e-04,5.265441723167896271e-04
3.200364112854003906e-02,6.799370050430297852e-01,6.450389623641967773e-01,-1.961485385894775391e+00,-9.668707251548767090e-01,2.612624375615268946e-04,5.038796225562691689e-04
3.400421142578125000e-02,6.735134720802307129e-01,6.427379846572875977e-01,-1.961485385894775391e+00,-9.668707251548767090e-01,2.612624375615268946e-04,5.038796225562691689e-04
3.600454330444335938e-02,6.661311984062194824e-01,6.381360292434692383e-01,-2.241015434265136719e+00,-1.246075391769409180e+00,5.193063407205045223e-04,4.168567247688770294e-04
3.800487518310546875e-02,6.581256985664367676e-01,6.327670812606811523e-01,-2.458470582962036133e+00,-1.627752780914306641e+00,1.913045161927584559e-05,-5.372560917749069631e-05
4.001855850219726562e-02,6.581256985664367676e-01,6.327670812606811523e-01,-2.458470582962036133e+00,-1.627752780914306641e+00,1.913045161927584559e-05,-5.372560917749069631e-05
4.201889038085937500e-02,6.502640843391418457e-01,6.277816295623779297e-01,-2.566305875778198242e+00,-1.694136261940002441e+00,8.267713710665702820e-04,2.630287490319460630e-04
4.401946067810058594e-02,6.410122513771057129e-01,6.216457486152648926e-01,-2.823075056076049805e+00,-1.947080731391906738e+00,1.036335379467345774e-04,3.979064931627362967e-04
4.601979255676269531e-02,6.410122513771057129e-01,6.216457486152648926e-01,-2.823075056076049805e+00,-1.947080731391906738e+00,1.036335379467345774e-04,3.979064931627362967e-04
4.802083969116210938e-02,6.319521665573120117e-01,6.147428154945373535e-01,-2.965745210647583008e+00,-2.418481111526489258e+00,3.733125631697475910e-04,1.586403523106127977e-04
5.002093315124511719e-02,6.216936707496643066e-01,6.082233786582946777e-01,-3.152859210968017578e+00,-2.280426263809204102e+00,3.261814999859780073e-04,-1.684706148807890713e-05
5.202102661132812500e-02,6.216936707496643066e-01,6.082233786582946777e-01,-3.152859210968017578e+00,-2.280426263809204102e+00,3.261814999859780073e-04,-1.684706148807890713e-05
5.402159690856933594e-02,6.113392710685729980e-01,6.001700162887573242e-01,-3.309198379516601562e+00,-2.468873262405395508e+00,-4.440047268872149289e-05,1.224145089508965611e-04
5.602169036865234375e-02,6.006493568420410156e-01,5.917330980300903320e-01,-3.473405361175537109e+00,-2.802789449691772461e+00,1.112881145672872663e-04,5.243519626674242318e-05
5.802202224731445312e-02,6.006493568420410156e-01,5.917330980300903320e-01,-3.473405361175537109e+00,-2.802789449691772461e+00,3.680363879539072514e-04,-6.939259765204042196e-05
6.002235412597656250e-02,5.893362760543823242e-01,5.825292468070983887e-01,-3.639958381652832031e+00,-3.081692934036254883e+00,3.680363879539072514e-04,-6.939259765204042196e-05
6.202268600463867188e-02,5.773041248321533203e-01,5.733253359794616699e-01,-3.856638431549072266e+00,-3.046856164932250977e+00,-9.743832924868911505e-05,5.372285522753372788e-05
6.402301788330078125e-02,5.773041248321533203e-01,5.733253359794616699e-01,-3.856638431549072266e+00,-3.046856164932250977e+00,-9.743832924868911505e-05,5.372285522753372788e-05
6.602334976196289062e-02,5.649843215942382812e-01,5.629709362983703613e-01,-4.008398532867431641e+00,-3.205212354660034180e+00,2.748749975580722094e-04,1.740826701279729605e-04
6.802344322204589844e-02,5.525206923484802246e-01,5.514661073684692383e-01,-4.084497451782226562e+00,-3.703647613525390625e+00,-1.828783715609461069e-04,2.285838854731991887e-04
7.002377510070800781e-02,5.525206923484802246e-01,5.514661073684692383e-01,-4.084497451782226562e+00,-3.703647613525390625e+00,-1.828783715609461069e-04,2.285838854731991887e-04
7.202458381652832031e-02,5.392422080039978027e-01,5.391942858695983887e-01,-4.267115116119384766e+00,-3.975499153137207031e+00,2.865778224077075720e-04,-1.627336860110517591e-05
7.402467727661132812e-02,5.260115861892700195e-01,5.273059010505676270e-01,-4.330622673034667969e+00,-4.045285224914550781e+00,6.929072696948423982e-05,1.820365723688155413e-04
7.602477073669433594e-02,5.260115861892700195e-01,5.273059010505676270e-01,-4.330622673034667969e+00,-4.045285224914550781e+00,6.929072696948423982e-05,1.820365723688155413e-04
7.802510261535644531e-02,5.118702054023742676e-01,5.135000944137573242e-01,-4.511991977691650391e+00,-4.549206733703613281e+00,1.081689406419172883e-04,5.980186397209763527e-04
8.002519607543945312e-02,4.969618618488311768e-01,5.008447170257568359e-01,-4.654461383819580078e+00,-4.196914672851562500e+00,-1.861818745965138078e-04,2.477395755704492331e-04
8.202552795410156250e-02,4.969618618488311768e-01,5.008447170257568359e-01,-4.654461383819580078e+00,-4.196914672851562500e+00,-1.861818745965138078e-04,2.477395755704492331e-04
8.402585983276367188e-02,4.824849069118499756e-01,4.866554141044616699e-01,-4.776783466339111328e+00,-4.574158191680908203e+00,2.825573610607534647e-04,3.195027238689363003e-04
8.602619171142578125e-02,4.677682816982269287e-01,4.697816371917724609e-01,-4.819968223571777344e+00,-5.722545146942138672e+00,-1.312798849539831281e-04,-1.537510106572881341e-04
8.802628517150878906e-02,4.677682816982269287e-01,4.697816371917724609e-01,-4.819968223571777344e+00,-5.722545146942138672e+00,-1.312798849539831281e-04,-1.537510106572881341e-04
9.002637863159179688e-02,4.520449638366699219e-01,4.552088081836700439e-01,-4.971714019775390625e+00,-5.182871341705322266e+00,7.115522021194919944e-05,2.578754501882940531e-04
9.202694892883300781e-02,4.366092979907989502e-01,4.387185275554656982e-01,-5.100776195526123047e+00,-5.476720333099365234e+00,-1.476181932957842946e-04,-1.567389699630439281e-04
9.402704238891601562e-02,4.366092979907989502e-01,4.387185275554656982e-01,-5.100776195526123047e+00,-5.476720333099365234e+00,-1.476181932957842946e-04,-1.567389699630439281e-04
9.602737426757812500e-02,4.207901060581207275e-01,4.218447208404541016e-01,-5.187322616577148438e+00,-5.617767810821533203e+00,2.911798073910176754e-04,-1.912739389808848500e-04
9.802770614624023438e-02,4.045874476432800293e-01,4.038204550743103027e-01,-5.305599689483642578e+00,-5.937579154968261719e+00,4.958805511705577374e-04,2.469015889801084995e-04
1.000280380249023438e-01,4.045874476432800293e-01,4.038204550743103027e-01,-5.305599689483642578e+00,-5.937579154968261719e+00,4.958805511705577374e-04,2.469015889801084995e-04
1.020283699035644531e-01,3.883847594261169434e-01,3.857961893081665039e-01,-5.378479957580566406e+00,-5.889255046844482422e+00,9.075061097973957658e-05,5.337916081771254539e-04
1.040287017822265625e-01,3.716068565845489502e-01,3.658544421195983887e-01,-5.401509761810302734e+00,-6.377991676330566406e+00,-8.447860454907640815e-05,1.771288807503879070e-04
1.060287952423095703e-01,3.716068565845489502e-01,3.658544421195983887e-01,-5.401509761810302734e+00,-6.377991676330566406e+00,-8.447860454907640815e-05,1.771288807503879070e-04
1.080288887023925781e-01,3.549248278141021729e-01,3.474466502666473389e-01,-5.533439636230468750e+00,-6.208956241607666016e+00,-3.870518703479319811e-04,1.724255998851731420e-04
1.100289821624755859e-01,3.376675248146057129e-01,3.271214067935943604e-01,-5.611320972442626953e+00,-6.393116950988769531e+00,1.534338807687163353e-04,-1.092165184672921896e-04
1.120290756225585938e-01,3.376675248146057129e-01,3.271214067935943604e-01,-5.611320972442626953e+00,-6.393116950988769531e+00,1.534338807687163353e-04,-1.092165184672921896e-04
1.140291690826416016e-01,3.208416700363159180e-01,3.071796596050262451e-01,-5.665854930877685547e+00,-6.297523498535156250e+00,5.119771813042461872e-04,1.031770589179359376e-04
1.160292625427246094e-01,3.032488226890563965e-01,2.857039272785186768e-01,-5.771143436431884766e+00,-6.928480625152587891e+00,-4.848105600103735924e-04,-3.125461225863546133e-04
1.180293560028076172e-01,3.032488226890563965e-01,2.857039272785186768e-01,-5.771143436431884766e+00,-6.928480625152587891e+00,-4.848105600103735924e-04,-3.125461225863546133e-04
1.200296878814697266e-01,2.856080532073974609e-01,2.646116912364959717e-01,-5.821022987365722656e+00,-7.012262344360351562e+00,-4.163260455243289471e-04,-4.675795935327187181e-05
1.220297813415527344e-01,2.677755355834960938e-01,2.427524626255035400e-01,-5.884545326232910156e+00,-7.497923851013183594e+00,2.142083249054849148e-04,1.538260985398665071e-04
1.240298748016357422e-01,2.677755355834960938e-01,2.427524626255035400e-01,-5.884545326232910156e+00,-7.497923851013183594e+00,2.142083249054849148e-04,1.538260985398665071e-04
1.260299682617187500e-01,2.501826882362365723e-01,2.205097377300262451e-01,-5.874061107635498047e+00,-7.728145599365234375e+00,-8.316070307046175003e-05,-8.351368160219863057e-05
1.280300617218017578e-01,2.325419038534164429e-01,1.982670277357101440e-01,-5.802095413208007812e+00,-7.431807518005371094e+00,4.040666099172085524e-04,2.929497568402439356e-04
1.300301551818847656e-01,2.325419038534164429e-01,1.982670277357101440e-01,-5.802095413208007812e+00,-7.431807518005371094e+00,4.040666099172085524e-04,2.929497568402439356e-04
1.320302486419677734e-01,2.146614491939544678e-01,1.733398288488388062e-01,-5.881686687469482422e+00,-7.941963672637939453e+00,-2.851007157005369663e-04,2.334251075808424503e-05
1.340303421020507812e-01,1.973082870244979858e-01,1.461116671562194824e-01,-5.791764736175537109e+00,-8.836105346679687500e+00,1.279678253922611475e-04,2.938740362878888845e-04
1.360304355621337891e-01,1.973082870244979858e-01,1.461116671562194824e-01,-5.791764736175537109e+00,-8.836105346679687500e+00,1.279678253922611475e-04,2.938740362878888845e-04
1.380305290222167969e-01,1.802427470684051514e-01,1.208009868860244751e-01,-5.727093219757080078e+00,-8.650300025939941406e+00,-4.081588995177298784e-04,3.842715232167392969e-04
1.400306224822998047e-01,1.628416478633880615e-01,9.395632892847061157e-02,-5.753422737121582031e+00,-8.871851921081542969e+00,-2.112283982569351792e-04,5.013013724237680435e-04
1.420307159423828125e-01,1.628416478633880615e-01,9.395632892847061157e-02,-5.753422737121582031e+00,-8.871851921081542969e+00,-2.112283982569351792e-04,5.013013724237680435e-04
1.440308094024658203e-01,1.460157930850982666e-01,6.672816723585128784e-02,-5.706475734710693359e+00,-9.182296752929687500e+00,-3.926161662093363702e-05,-4.003569847554899752e-05
1.460309028625488281e-01,1.284708976745605469e-01,3.873301669955253601e-02,-5.719216823577880859e+00,-9.338975906372070312e+00,-2.147343475371599197e-04,7.823576743248850107e-05
1.480309963226318359e-01,1.284708976745605469e-01,3.873301669955253601e-02,-5.719216823577880859e+00,-9.338975906372070312e+00,-2.147343475371599197e-04,7.823576743248850107e-05
1.500310897827148438e-01,1.118367910385131836e-01,1.188835129141807556e-02,-5.695030212402343750e+00,-9.081509590148925781e+00,-1.815763826016336679e-04,2.798501809593290091e-04
1.520311832427978516e-01,9.520268440246582031e-02,-1.725728437304496765e-02,-5.634972095489501953e+00,-9.418000221252441406e+00,-4.117974021937698126e-04,-3.666130651254206896e-04
1.540312767028808594e-01,9.520268440246582031e-02,-1.725728437304496765e-02,-5.634972095489501953e+00,-9.418000221252441406e+00,9.133723324339371175e-07,3.882771707139909267e-04
1.560313701629638672e-01,7.808921486139297485e-02,-4.716990888118743896e-02,-5.620741367340087891e+00,-9.823016166687011719e+00,9.133723324339371175e-07,3.882771707139909267e-04
1.580314636230468750e-01,6.092780083417892456e-02,-7.324758172035217285e-02,-5.670871257781982422e+00,-8.824263572692871094e+00,-1.769697882991749793e-05,-5.980198693578131497e-05
1.600317955017089844e-01,6.092780083417892456e-02,-7.324758172035217285e-02,-5.670871257781982422e+00,-8.824263572692871094e+00,-1.769697882991749793e-05,-5.980198693578131497e-05
1.620318889617919922e-01,4.242415726184844971e-02,-1.023932173848152161e-01,-5.785334587097167969e+00,-8.968935012817382812e+00,-4.186676524113863707e-04,-4.293980964575894177e-05
1.640319824218750000e-01,2.502306178212165833e-02,-1.284708976745605469e-01,-5.920083045959472656e+00,-9.123104095458984375e+00,4.345663546700961888e-05,-5.124247400090098381e-04
1.660320758819580078e-01,2.502306178212165833e-02,-1.284708976745605469e-01,-5.920083045959472656e+00,-9.123104095458984375e+00,4.345663546700961888e-05,-5.124247400090098381e-04
1.680321693420410156e-01,8.005462586879730225e-03,-1.537815779447555542e-01,-5.847740650177001953e+00,-8.923486709594726562e+00,-6.563627539435401559e-05,-9.493800462223589420e-05
1.700325012207031250e-01,8.005462586879730225e-03,-1.537815779447555542e-01,-5.869722843170166016e+00,-7.995551586151123047e+00,7.180114334914833307e-05,3.461398009676486254e-04
1.720325946807861328e-01,-9.827064350247383118e-03,-1.767912954092025757e-01,-5.869722843170166016e+00,-7.995551586151123047e+00,7.180114334914833307e-05,3.461398009676486254e-04
1.740326881408691406e-01,-2.847451902925968170e-02,-2.024854719638824463e-01,-5.987293720245361328e+00,-8.057048797607421875e+00,1.166334186564199626e-04,-2.565750328358262777e-04
1.760327816009521484e-01,-4.659466817975044250e-02,-2.281796485185623169e-01,-6.027001857757568359e+00,-8.525332450866699219e+00,-1.023796430672518909e-04,-1.010279156616888940e-04
1.780331134796142578e-01,-4.659466817975044250e-02,-2.281796485185623169e-01,-6.027001857757568359e+00,-8.525332450866699219e+00,-1.023796430672518909e-04,-1.010279156616888940e-04
1.800332069396972656e-01,-6.447513401508331299e-02,-2.500388622283935547e-01,-6.059351921081542969e+00,-7.818373680114746094e+00,-5.959749250905588269e-05,-2.214034902863204479e-04
1.820333003997802734e-01,-8.283496648073196411e-02,-2.730485796928405762e-01,-6.049064159393310547e+00,-7.786600112915039062e+00,4.085753753315657377e-04,2.707270905375480652e-04
1.840333938598632812e-01,-8.283496648073196411e-02,-2.730485796928405762e-01,-6.049064159393310547e+00,-7.786600112915039062e+00,4.085753753315657377e-04,2.707270905375480652e-04
1.860334873199462891e-01,-1.009071767330169678e-01,-2.945243120193481445e-01,-6.033997535705566406e+00,-7.305545330047607422e+00,1.447146350983530283e-04,-4.856841405853629112e-04
1.880335807800292969e-01,-1.194587573409080505e-01,-3.152330517768859863e-01,-6.113384246826171875e+00,-6.837641239166259766e+00,2.512031351216137409e-04,-5.445726565085351467e-04
1.900336742401123047e-01,-1.194587573409080505e-01,-3.152330517768859863e-01,-6.113384246826171875e+00,-6.837641239166259766e+00,2.512031351216137409e-04,-5.445726565085351467e-04
1.920337677001953125e-01,-1.376268416643142700e-01,-3.363252878189086914e-01,-6.097631931304931641e+00,-6.882958889007568359e+00,1.321817544521763921e-04,-4.361592582426965237e-04
1.940338611602783203e-01,-1.554114371538162231e-01,-3.566505312919616699e-01,-5.999376296997070312e+00,-6.689386367797851562e+00,-3.755637444555759430e-04,2.860987733583897352e-04
1.960341930389404297e-01,-1.554114371538162231e-01,-3.566505312919616699e-01,-5.999376296997070312e+00,-6.689386367797851562e+00,-3.755637444555759430e-04,2.860987733583897352e-04
1.980426311492919922e-01,-1.737233251333236694e-01,-3.765923082828521729e-01,-5.986323833465576172e+00,-6.674807548522949219e+00,-3.549948742147535086e-04,-1.550956076243892312e-04
2.000427246093750000e-01,-1.916037946939468384e-01,-3.950000703334808350e-01,-6.026092052459716797e+00,-6.344480037689208984e+00,1.599750539753586054e-04,2.518700493965297937e-04
2.020428180694580078e-01,-1.916037946939468384e-01,-3.950000703334808350e-01,-6.026092052459716797e+00,-6.344480037689208984e+00,1.599750539753586054e-04,2.518700493965297937e-04
2.040474414825439453e-01,-2.092925161123275757e-01,-4.126408398151397705e-01,-5.964386940002441406e+00,-5.945887088775634766e+00,-3.610042622312903404e-04,-1.282756566070020199e-04
2.060475349426269531e-01,-2.269332855939865112e-01,-4.302816092967987061e-01,-5.924685001373291016e+00,-5.879000663757324219e+00,3.354877990204840899e-04,6.661440420430153608e-05
2.080476284027099609e-01,-2.269332855939865112e-01,-4.302816092967987061e-01,-5.924685001373291016e+00,-5.879000663757324219e+00,3.354877990204840899e-04,6.661440420430153608e-05
2.100498676300048828e-01,-2.445261329412460327e-01,-4.467719197273254395e-01,-5.844321727752685547e+00,-5.487467288970947266e+00,-9.977637819247320294e-05,-3.095220017712563276e-04
2.120499610900878906e-01,-2.619272172451019287e-01,-4.628787040710449219e-01,-5.819133281707763672e+00,-5.397918701171875000e+00,-1.272130612051114440e-04,-3.436743572819977999e-04
2.140500545501708984e-01,-2.619272172451019287e-01,-4.628787040710449219e-01,-5.819133281707763672e+00,-5.397918701171875000e+00,-1.272130612051114440e-04,-3.436743572819977999e-04
2.160501480102539062e-01,-2.789448201656341553e-01,-4.778350293636322021e-01,-5.740512371063232422e+00,-5.225422382354736328e+00,2.253018901683390141e-04,-6.811894709244370461e-04
2.180502414703369141e-01,-2.961062490940093994e-01,-4.920243620872497559e-01,-5.728890895843505859e+00,-4.957410335540771484e+00,2.449521271046251059e-04,3.173566947225481272e-04
2.200503349304199219e-01,-2.961062490940093994e-01,-4.920243620872497559e-01,-5.728890895843505859e+00,-4.957410335540771484e+00,2.449521271046251059e-04,3.173566947225481272e-04
2.220506668090820312e-01,-3.128841519355773926e-01,-5.046796798706054688e-01,-5.665833473205566406e+00,-4.424991130828857422e+00,1.384521165164187551e-04,-5.392819875851273537e-04
2.240507602691650391e-01,-3.299496769905090332e-01,-5.165680646896362305e-01,-5.633520603179931641e+00,-4.236445426940917969e+00,-3.129696124233305454e-04,3.388145705685019493e-04
2.260508537292480469e-01,-3.299496769905090332e-01,-5.165680646896362305e-01,-5.633520603179931641e+00,-4.236445426940917969e+00,-3.129696124233305454e-04,3.388145705685019493e-04
2.280511856079101562e-01,-3.464879095554351807e-01,-5.253884196281433105e-01,-5.632701873779296875e+00,-3.296374320983886719e+00,4.527098208200186491e-04,-1.942193921422585845e-04
2.300512790679931641e-01,-3.631220161914825439e-01,-5.345923304557800293e-01,-5.594268798828125000e+00,-3.109543561935424805e+00,3.253721515648066998e-04,2.347677946090698242e-04
2.320513725280761719e-01,-3.631220161914825439e-01,-5.345923304557800293e-01,-5.594268798828125000e+00,-3.109543561935424805e+00,3.253721515648066998e-04,2.347677946090698242e-04
2.340514659881591797e-01,-3.799478709697723389e-01,-5.391942858695983887e-01,-5.526213645935058594e+00,-1.593516349792480469e+00,4.295073740649968386e-04,-7.115178741514682770e-04
2.360515594482421875e-01,-3.972530961036682129e-01,-5.449466705322265625e-01,-5.581457138061523438e+00,-1.550596475601196289e+00,-1.246290921699255705e-04,8.463587437290698290e-05
2.380516529083251953e-01,-3.972530961036682129e-01,-5.449466705322265625e-01,-5.581457138061523438e+00,-1.550596475601196289e+00,-1.246290921699255705e-04,8.463587437290698290e-05
2.400517463684082031e-01,-4.138392806053161621e-01,-5.483981370925903320e-01,-5.609199523925781250e+00,-1.249311327934265137e+00,-1.737458660500124097e-04,-1.829954417189583182e-04
2.420518398284912109e-01,-4.303295612335205078e-01,-5.495486259460449219e-01,-5.509769439697265625e+00,-5.766878724098205566e-01,6.803671567467972636e-05,-5.925776804360793903e-06
2.440519332885742188e-01,-4.303295612335205078e-01,-5.495486259460449219e-01,-5.509769439697265625e+00,-5.766878724098205566e-01,6.803671567467972636e-05,-5.925776804360793903e-06
2.460520267486572266e-01,-4.465322196483612061e-01,-5.499321222305297852e-01,-5.448059558868408203e+00,-2.048882544040679932e-01,1.168372473330236971e-04,2.643976040417328477e-05
2.480521202087402344e-01,-4.625431597232818604e-01,-5.476311445236206055e-01,-5.389288902282714844e+00,6.622930765151977539e-01,-2.392643073108047247e-04,-2.799434878397732973e-04
2.500522136688232422e-01,-4.625431597232818604e-01,-5.476311445236206055e-01,-5.389288902282714844e+00,6.622930765151977539e-01,-2.392643073108047247e-04,-2.799434878397732973e-04
2.520523071289062500e-01,-4.781705737113952637e-01,-5.460971593856811523e-01,-5.348473072052001953e+00,7.222738862037658691e-01,3.028592036571353674e-04,-1.725516340229660273e-04
2.540524005889892578e-01,-4.934145212173461914e-01,-5.418787002563476562e-01,-5.146596908569335938e+00,1.240136027336120605e+00,6.563586066477000713e-04,-8.043090347200632095e-04
2.560524940490722656e-01,-4.934145212173461914e-01,-5.418787002563476562e-01,-5.146596908569335938e+00,1.240136027336120605e+00,6.563586066477000713e-04,-8.043090347200632095e-04
2.580525875091552734e-01,-5.084187984466552734e-01,-5.365098118782043457e-01,-5.088862419128417969e+00,1.842008471488952637e+00,8.766941027715802193e-04,4.268934135325253010e-04
2.600529193878173828e-01,-5.235189199447631836e-01,-5.307573676109313965e-01,-5.010759830474853516e+00,2.004216194152832031e+00,2.999871212523430586e-04,-5.162124289199709892e-04
2.620530128479003906e-01,-5.235189199447631836e-01,-5.307573676109313965e-01,-5.010759830474853516e+00,2.004216194152832031e+00,2.999871212523430586e-04,-5.162124289199709892e-04
2.640531063079833984e-01,-5.378999710083007812e-01,-5.246214270591735840e-01,-4.856613636016845703e+00,2.123271465301513672e+00,-6.868928176118060946e-05,-4.445360973477363586e-04
2.660531997680664062e-01,-5.514661073684692383e-01,-5.165680646896362305e-01,-4.677312850952148438e+00,2.689895629882812500e+00,-2.000140921154525131e-05,-2.458205854054540396e-04
2.680532932281494141e-01,-5.514661073684692383e-01,-5.165680646896362305e-01,-4.677312850952148438e+00,2.689895629882812500e+00,-2.000140921154525131e-05,-2.458205854054540396e-04
2.700533866882324219e-01,-5.645529031753540039e-01,-5.096651315689086914e-01,-4.513890743255615234e+00,2.419944763183593750e+00,-4.309575888328254223e-04,-5.391600425355136395e-04
2.720534801483154297e-01,-5.766808986663818359e-01,-5.016117095947265625e-01,-4.268079757690429688e+00,2.562026739120483398e+00,2.069236070383340120e-04,3.927815851056948304e-05
2.740538120269775391e-01,-5.766808986663818359e-01,-5.016117095947265625e-01,-4.268079757690429688e+00,2.562026739120483398e+00,2.069236070383340120e-04,3.927815851056948304e-05
2.760539054870605469e-01,-5.878981351852416992e-01,-4.943253099918365479e-01,-4.028059959411621094e+00,2.751144647598266602e+00,-4.795069107785820961e-04,1.899449125630781054e-04
2.780539989471435547e-01,-5.986839532852172852e-01,-4.874224066734313965e-01,-3.773833751678466797e+00,2.366706132888793945e+00,-4.688723856816068292e-05,5.876078284927643836e-05
2.800540924072265625e-01,-5.986839532852172852e-01,-4.874224066734313965e-01,-3.773833751678466797e+00,2.366706132888793945e+00,-4.688723856816068292e-05,5.876078284927643836e-05
2.820541858673095703e-01,-6.081754565238952637e-01,-4.812864959239959717e-01,-3.456226825714111328e+00,1.923865437507629395e+00,-3.954057756345719099e-04,-6.973451672820374370e-05
2.840542793273925781e-01,-6.167561411857604980e-01,-4.743835628032684326e-01,-3.142445087432861328e+00,2.110355377197265625e+00,-8.486910519422963262e-05,1.810812100302428007e-04
2.860543727874755859e-01,-6.167561411857604980e-01,-4.743835628032684326e-01,-3.142445087432861328e+00,2.110355377197265625e+00,-8.486910519422963262e-05,1.810812100302428007e-04
2.880544662475585938e-01,-6.241384744644165039e-01,-4.693981409072875977e-01,-2.770093917846679688e+00,1.671947121620178223e+00,1.310585066676139832e-04,3.743983688764274120e-04
2.900545597076416016e-01,-6.308495998382568359e-01,-4.644126892089843750e-01,-2.478389263153076172e+00,1.487422823905944824e+00,-2.115646930178627372e-04,-5.737730534747242928e-04
2.920546531677246094e-01,-6.308495998382568359e-01,-4.644126892089843750e-01,-2.478389263153076172e+00,1.487422823905944824e+00,-2.115646930178627372e-04,-5.737730534747242928e-04
2.940843105316162109e-01,-6.364582180976867676e-01,-4.601942598819732666e-01,-2.138292551040649414e+00,1.306646466255187988e+00,-3.256758500356227160e-04,1.887403195723891258e-04
2.960844039916992188e-01,-6.409163475036621094e-01,-4.567427933216094971e-01,-1.797892451286315918e+00,1.151244401931762695e+00,-3.979629764216952026e-05,6.024943431839346886e-04
2.980847358703613281e-01,-6.409163475036621094e-01,-4.567427933216094971e-01,-1.797892451286315918e+00,1.151244401931762695e+00,-3.979629764216952026e-05,6.024943431839346886e-04
3.000848293304443359e-01,-6.443198919296264648e-01,-4.540583193302154541e-01,-1.467528343200683594e+00,1.054580807685852051e+00,-4.833081402466632426e-05,3.953241975978016853e-04
3.020849227905273438e-01,-6.466687917709350586e-01,-4.532913267612457275e-01,-1.111508011817932129e+00,2.520342767238616943e-01,7.579575758427381516e-04,-1.135243583121336997e-04
3.040850162506103516e-01,-6.466687917709350586e-01,-4.532913267612457275e-01,-1.111508011817932129e+00,2.520342767238616943e-01,7.579575758427381516e-04,-1.135243583121336997e-04
3.060851097106933594e-01,-6.476754546165466309e-01,-4.517573416233062744e-01,-6.808244585990905762e-01,3.010185062885284424e-01,-9.762563422555103898e-05,1.068064157152548432e-04
3.080852031707763672e-01,-6.481068730354309082e-01,-4.502233862876892090e-01,-3.794036805629730225e-01,5.920199155807495117e-01,2.101462741848081350e-04,-2.064146538032218814e-04
3.100852966308593750e-01,-6.481068730354309082e-01,-4.502233862876892090e-01,-3.794036805629730225e-01,5.920199155807495117e-01,2.101462741848081350e-04,-2.064146538032218814e-04
3.120853900909423828e-01,-6.472440361976623535e-01,-4.513738453388214111e-01,-1.241083163768053055e-02,-2.028602510690689087e-01,-3.709568118210881948e-04,-3.596777096390724182e-04
3.140854835510253906e-01,-6.456142067909240723e-01,-4.509903788566589355e-01,2.899460196495056152e-01,1.760332435369491577e-01,-8.852895698510110378e-04,-1.678989792708307505e-04
3.160855770111083984e-01,-6.456142067909240723e-01,-4.509903788566589355e-01,2.899460196495056152e-01,1.760332435369491577e-01,-8.852895698510110378e-04,-1.678989792708307505e-04
3.180856704711914062e-01,-6.427379846572875977e-01,-4.536748230457305908e-01,6.486484408378601074e-01,-5.861364006996154785e-01,7.257262768689543009e-05,1.443916844436898828e-04
3.200857639312744141e-01,-6.389988660812377930e-01,-4.559758007526397705e-01,9.638953804969787598e-01,-9.200468063354492188e-01,5.095769301988184452e-05,3.245902480557560921e-04
3.220860958099365234e-01,-6.389988660812377930e-01,-4.559758007526397705e-01,9.638953804969787598e-01,-9.200468063354492188e-01,5.095769301988184452e-05,3.245902480557560921e-04
3.240861892700195312e-01,-6.343489885330200195e-01,-4.567427933216094971e-01,1.282581090927124023e+00,-6.360804438591003418e-01,-5.175938131287693977e-04,2.972026704810559750e-04
3.260862827301025391e-01,-6.343489885330200195e-01,-4.567427933216094971e-01,1.539766073226928711e+00,-6.549176573753356934e-01,-8.424918050877749920e-04,-3.353840438649058342e-04
3.280866146087646484e-01,-6.290759444236755371e-01,-4.586602747440338135e-01,1.539766073226928711e+00,-6.549176573753356934e-01,-8.424918050877749920e-04,-3.353840438649058342e-04
3.300867080688476562e-01,-6.230359077453613281e-01,-4.609612524509429932e-01,1.814683675765991211e+00,-7.396574616432189941e-01,1.028383921948261559e-04,-3.045568009838461876e-04
3.320868015289306641e-01,-6.162288784980773926e-01,-4.624952077865600586e-01,2.050445079803466797e+00,-4.661011099815368652e-01,-5.843240069225430489e-05,1.471653231419622898e-04
3.340868949890136719e-01,-6.162288784980773926e-01,-4.624952077865600586e-01,2.050445079803466797e+00,-4.661011099815368652e-01,-5.843240069225430489e-05,1.471653231419622898e-04
3.360869884490966797e-01,-6.091821193695068359e-01,-4.640291929244995117e-01,2.222139835357666016e+00,-5.051668882369995117e-01,2.021153486566618085e-04,-2.372398157604038715e-04
3.380870819091796875e-01,-6.006972789764404297e-01,-4.655631780624389648e-01,2.523412466049194336e+00,-3.984197378158569336e-01,-2.543239388614892960e-04,6.018840358592569828e-04
3.400871753692626953e-01,-6.006972789764404297e-01,-4.655631780624389648e-01,2.523412466049194336e+00,-3.984197378158569336e-01,-2.543239388614892960e-04,6.018840358592569828e-04
3.420872688293457031e-01,-5.924521684646606445e-01,-4.663301706314086914e-01,2.663638830184936523e+00,-2.700048685073852539e-01,2.833293592630070634e-06,-1.983487163670361042e-04
3.440873622894287109e-01,-5.828647613525390625e-01,-4.667136669158935547e-01,2.886198282241821289e+00,-1.034387722611427307e-01,-4.735711554531008005e-04,-1.184054417535662651e-04
3.460874557495117188e-01,-5.828647613525390625e-01,-4.667136669158935547e-01,2.886198282241821289e+00,-1.034387722611427307e-01,-4.735711554531008005e-04,-1.184054417535662651e-04
3.480875492095947266e-01,-5.732294321060180664e-01,-4.663301706314086914e-01,3.054530858993530273e+00,9.070669859647750854e-02,-8.581814472563564777e-04,1.125197886722162366e-04
3.500878810882568359e-01,-5.630189180374145508e-01,-4.663301706314086914e-01,3.268748760223388672e+00,1.392084807157516479e-01,3.203625674359500408e-04,8.127337787300348282e-05
3.520879745483398438e-01,-5.630189180374145508e-01,-4.663301706314086914e-01,3.268748760223388672e+00,1.392084807157516479e-01,3.203625674359500408e-04,8.127337787300348282e-05
3.540880680084228516e-01,-5.522810220718383789e-01,-4.651796817779541016e-01,3.396542549133300781e+00,2.993319034576416016e-01,1.920940412674099207e-04,-9.253432508558034897e-04
3.560883998870849609e-01,-5.412076115608215332e-01,-4.632622003555297852e-01,3.558588266372680664e+00,7.281386852264404297e-01,1.436189177184132859e-05,3.035158442799001932e-04
3.580884933471679688e-01,-5.412076115608215332e-01,-4.632622003555297852e-01,3.558588266372680664e+00,7.281386852264404297e-01,1.436189177184132859e-05,3.035158442799001932e-04
3.600885868072509766e-01,-5.292233824729919434e-01,-4.617282152175903320e-01,3.772934436798095703e+00,8.192863464355468750e-01,7.928416016511619091e-04,6.196925096446648240e-05
3.620886802673339844e-01,-5.164721608161926270e-01,-4.605777561664581299e-01,3.995965480804443359e+00,4.747714102268218994e-01,1.469328854000195861e-04,2.657810109667479992e-04
3.640887737274169922e-01,-5.164721608161926270e-01,-4.605777561664581299e-01,3.995965480804443359e+00,4.747714102268218994e-01,1.469328854000195861e-04,2.657810109667479992e-04
3.660888671875000000e-01,-5.036250948905944824e-01,-4.571262896060943604e-01,4.158147335052490234e+00,1.043491363525390625e+00,4.895312013104557991e-04,3.863458405248820782e-04
3.680889606475830078e-01,-4.902986288070678711e-01,-4.555923044681549072e-01,4.315326690673828125e+00,5.353180766105651855e-01,3.310195461381226778e-04,-4.771272360812872648e-04
3.700890541076660156e-01,-4.902986288070678711e-01,-4.555923044681549072e-01,4.315326690673828125e+00,5.353180766105651855e-01,-4.546689451672136784e-04,3.369418554939329624e-04
3.720891475677490234e-01,-4.760134220123291016e-01,-4.521408379077911377e-01,4.523046016693115234e+00,1.020542383193969727e+00,-4.546689451672136784e-04,3.369418554939329624e-04
3.740892410278320312e-01,-4.617761671543121338e-01,-4.494563937187194824e-01,4.692005634307861328e+00,9.951385259628295898e-01,1.714979589451104403e-05,-1.933710009325295687e-04
3.760893344879150391e-01,-4.617761671543121338e-01,-4.494563937187194824e-01,4.692005634307861328e+00,9.951385259628295898e-01,1.714979589451104403e-05,-1.933710009325295687e-04
3.780894279479980469e-01,-4.463884234428405762e-01,-4.460049271583557129e-01,4.883788585662841797e+00,1.131861209869384766e+00,-1.861961645772680640e-04,-3.401681024115532637e-04
3.800895214080810547e-01,-4.307130575180053711e-01,-4.440874457359313965e-01,5.066050052642822266e+00,6.651603579521179199e-01,-3.179792256560176611e-04,-6.297090440057218075e-04
3.820896148681640625e-01,-4.307130575180053711e-01,-4.440874457359313965e-01,5.066050052642822266e+00,6.651603579521179199e-01,-3.179792256560176611e-04,-6.297090440057218075e-04
3.840897083282470703e-01,-4.147500693798065186e-01,-4.406359791755676270e-01,5.244258880615234375e+00,1.125018715858459473e+00,-2.324205124750733376e-04,9.945785132003948092e-05
3.860898017883300781e-01,-3.977324664592742920e-01,-4.375680387020111084e-01,5.469939708709716797e+00,1.319158792495727539e+00,-2.834597762557677925e-05,-3.224049869459122419e-04
3.880898952484130859e-01,-3.977324664592742920e-01,-4.375680387020111084e-01,5.469939708709716797e+00,1.319158792495727539e+00,-2.834597762557677925e-05,-3.224049869459122419e-04
3.900899887084960938e-01,-3.799478709697723389e-01,-4.364175498485565186e-01,5.666400909423828125e+00,5.050145387649536133e-01,-8.516579691786319017e-05,-2.231601829407736659e-04
3.920900821685791016e-01,-3.623071014881134033e-01,-4.329660832881927490e-01,5.831370830535888672e+00,9.516850709915161133e-01,-2.829166187439113855e-04,4.635999503079801798e-04
3.940901756286621094e-01,-3.623071014881134033e-01,-4.329660832881927490e-01,5.831370830535888672e+00,9.516850709915161133e-01,-2.829166187439113855e-04,4.635999503079801798e-04
3.960905075073242188e-01,-3.431323468685150146e-01,-4.298981130123138428e-01,6.024158954620361328e+00,1.214131832122802734e+00,-2.237656299257650971e-04,-7.619043026352301240e-05
3.980906009674072266e-01,-3.248204290866851807e-01,-4.279806613922119141e-01,6.104662895202636719e+00,9.458512067794799805e-01,8.820924267638474703e-05,1.044391538016498089e-04
4.000909328460693359e-01,-3.248204290866851807e-01,-4.279806613922119141e-01,6.104662895202636719e+00,9.458512067794799805e-01,8.820924267638474703e-05,1.044391538016498089e-04
4.020910263061523438e-01,-3.048786818981170654e-01,-4.245291948318481445e-01,6.313957691192626953e+00,1.416858673095703125e+00,-2.481619303580373526e-04,-4.252918588463217020e-04
4.040911197662353516e-01,-2.848890125751495361e-01,-4.237622022628784180e-01,6.501097202301025391e+00,4.941236376762390137e-01,6.093268166296184063e-04,1.087351556634530425e-04
4.060914516448974609e-01,-2.848890125751495361e-01,-4.237622022628784180e-01,6.501097202301025391e+00,4.941236376762390137e-01,6.093268166296184063e-04,1.087351556634530425e-04
4.080915451049804688e-01,-2.645158171653747559e-01,-4.206942319869995117e-01,6.660020351409912109e+00,8.856023550033569336e-01,-5.428703661891631782e-05,-1.066756522050127387e-04
4.100916385650634766e-01,-2.440946996212005615e-01,-4.183932840824127197e-01,6.798743247985839844e+00,9.817066192626953125e-01,-1.992364414036273956e-04,-4.751671804115176201e-04
4.120917320251464844e-01,-2.440946996212005615e-01,-4.183932840824127197e-01,6.798743247985839844e+00,9.817066192626953125e-01,-1.992364414036273956e-04,-4.751671804115176201e-04
4.140918254852294922e-01,-2.227627784013748169e-01,-4.172427952289581299e-01,6.961503028869628906e+00,6.402020454406738281e-01,-4.055393219459801912e-04,6.807499448768794537e-04
4.160919189453125000e-01,-2.005679905414581299e-01,-4.153253138065338135e-01,7.149160385131835938e+00,6.947876811027526855e-01,7.078902563080191612e-04,-4.000120388809591532e-04
4.180927276611328125e-01,-2.005679905414581299e-01,-4.153253138065338135e-01,7.149160385131835938e+00,6.947876811027526855e-01,2.095881354762241244e-04,-3.658935020212084055e-04
4.200928211212158203e-01,-1.789963841438293457e-01,-4.141748249530792236e-01,7.175599575042724609e+00,4.161069095134735107e-01,2.095881354762241244e-04,-3.658935020212084055e-04
4.220929145812988281e-01,-1.564660519361495972e-01,-4.114903509616851807e-01,7.264717102050781250e+00,7.907890677452087402e-01,4.311008087825030088e-04,9.402252180734649301e-05
4.240930080413818359e-01,-1.564660519361495972e-01,-4.114903509616851807e-01,7.264717102050781250e+00,7.907890677452087402e-01,4.311008087825030088e-04,9.402252180734649301e-05
4.260931015014648438e-01,-1.341753900051116943e-01,-4.091893732547760010e-01,7.409504413604736328e+00,7.950533032417297363e-01,4.659034020733088255e-04,-9.382382850162684917e-04
4.280931949615478516e-01,-1.112615466117858887e-01,-4.072719216346740723e-01,7.467190265655517578e+00,6.326528787612915039e-01,7.122933748178184032e-04,1.600765681359916925e-04
4.300935268402099609e-01,-1.112615466117858887e-01,-4.072719216346740723e-01,7.467190265655517578e+00,6.326528787612915039e-01,7.122933748178184032e-04,1.600765681359916925e-04
4.320936203002929688e-01,-8.892294764518737793e-02,-4.045874476432800293e-01,7.519023418426513672e+00,8.379800319671630859e-01,-2.937606477644294500e-04,1.257507246918976307e-04
4.340937137603759766e-01,-6.634467095136642456e-02,-4.011359810829162598e-01,7.505943298339843750e+00,1.303609609603881836e+00,-3.557794552762061357e-04,-3.682191891130059958e-04
4.360938072204589844e-01,-6.634467095136642456e-02,-4.011359810829162598e-01,7.505943298339843750e+00,1.303609609603881836e+00,-3.557794552762061357e-04,-3.682191891130059958e-04
4.380939006805419922e-01,-4.275971651077270508e-02,-3.984515070915222168e-01,7.620353698730468750e+00,9.309658408164978027e-01,-1.227000175276771188e-04,1.931241131387650967e-04
4.400939941406250000e-01,-2.018143609166145325e-02,-3.938495814800262451e-01,7.644296169281005859e+00,1.315026044845581055e+00,-9.003993000078480691e-06,-1.183252024929970503e-04
4.420940876007080078e-01,-2.018143609166145325e-02,-3.938495814800262451e-01,7.644296169281005859e+00,1.315026044845581055e+00,-9.003993000078480691e-06,-1.183252024929970503e-04
4.440941810607910156e-01,3.163835499435663223e-03,-3.892476260662078857e-01,7.665421485900878906e+00,1.594608068466186523e+00,2.838583022821694613e-04,-3.842007718048989773e-04
4.460942745208740234e-01,2.574211545288562775e-02,-3.850291967391967773e-01,7.606512546539306641e+00,1.467095732688903809e+00,2.080698177451267838e-04,-1.001601995085366070e-04
4.480943679809570312e-01,2.574211545288562775e-02,-3.850291967391967773e-01,7.606512546539306641e+00,1.467095732688903809e+00,2.080698177451267838e-04,-1.001601995085366070e-04
4.500944614410400391e-01,4.841627180576324463e-02,-3.781262636184692383e-01,7.501069545745849609e+00,2.085475206375122070e+00,3.791562048718333244e-04,-1.578990631969645619e-04
4.520945549011230469e-01,7.118629664182662964e-02,-3.719903528690338135e-01,7.541377067565917969e+00,2.136994838714599609e+00,-2.994996902998536825e-04,-1.909511192934587598e-04
4.540946483612060547e-01,7.118629664182662964e-02,-3.719903528690338135e-01,7.541377067565917969e+00,2.136994838714599609e+00,-2.994996902998536825e-04,-1.909511192934587598e-04
4.560947418212890625e-01,9.299758821725845337e-02,-3.635534644126892090e-01,7.410767078399658203e+00,2.980802297592163086e+00,6.405585008906200528e-05,9.584438521414995193e-05
4.580948352813720703e-01,1.145691946148872375e-01,-3.578010201454162598e-01,7.360802650451660156e+00,2.229439020156860352e+00,8.871231693774461746e-05,8.465064456686377525e-05
4.600949287414550781e-01,1.145691946148872375e-01,-3.578010201454162598e-01,7.360802650451660156e+00,2.229439020156860352e+00,8.871231693774461746e-05,8.465064456686377525e-05
4.620950222015380859e-01,1.360449194908142090e-01,-3.489806354045867920e-01,7.249462604522705078e+00,2.758476495742797852e+00,-6.646828842349350452e-05,4.279834683984518051e-04
4.640951156616210938e-01,1.576644629240036011e-01,-3.409272432327270508e-01,7.212533950805664062e+00,2.832992553710937500e+00,-3.215978213120251894e-04,-4.266582254786044359e-05
4.660952091217041016e-01,1.576644629240036011e-01,-3.409272432327270508e-01,7.212533950805664062e+00,2.832992553710937500e+00,-3.215978213120251894e-04,-4.266582254786044359e-05
4.680953025817871094e-01,1.792360693216323853e-01,-3.324903547763824463e-01,7.183432579040527344e+00,2.917615413665771484e+00,2.645858912728726864e-04,-1.027449470711871982e-04
4.700953960418701172e-01,2.008556127548217773e-01,-3.240534365177154541e-01,7.208309173583984375e+00,2.963705301284790039e+00,-1.251118810614570975e-04,2.491865307092666626e-04
4.720954895019531250e-01,2.008556127548217773e-01,-3.240534365177154541e-01,7.208309173583984375e+00,2.963705301284790039e+00,-1.251118810614570975e-04,2.491865307092666626e-04
4.740955829620361328e-01,2.216122895479202271e-01,-3.156165480613708496e-01,6.997970581054687500e+00,2.877730607986450195e+00,3.274951595813035965e-04,1.412982383044436574e-04
4.760956764221191406e-01,2.428483366966247559e-01,-3.071796596050262451e-01,6.964161872863769531e+00,2.740488529205322266e+00,3.745221765711903572e-04,-4.534044637694023550e-05
4.780957698822021484e-01,2.428483366966247559e-01,-3.071796596050262451e-01,6.964161872863769531e+00,2.740488529205322266e+00,3.745221765711903572e-04,-4.534044637694023550e-05
4.800958633422851562e-01,2.626942098140716553e-01,-2.972087860107421875e-01,6.832611560821533203e+00,3.284852981567382812e+00,-2.757548063527792692e-04,4.106628330191597342e-05
4.820959568023681641e-01,2.830674052238464355e-01,-2.864709198474884033e-01,6.753593921661376953e+00,3.631732463836669922e+00,-1.713017554720863700e-04,5.393723404267802835e-05
4.840960502624511719e-01,2.830674052238464355e-01,-2.864709198474884033e-01,6.753593921661376953e+00,3.631732463836669922e+00,-1.713017554720863700e-04,5.393723404267802835e-05
4.860961437225341797e-01,3.019545376300811768e-01,-2.768835425376892090e-01,6.590135574340820312e+00,3.368450641632080078e+00,-3.572124405764043331e-04,1.762243336997926235e-04
4.880962371826171875e-01,3.203622996807098389e-01,-2.657621800899505615e-01,6.334321022033691406e+00,3.558587074279785156e+00,2.713976718951016665e-04,-3.229000139981508255e-04
4.900963306427001953e-01,3.203622996807098389e-01,-2.657621800899505615e-01,6.334321022033691406e+00,3.558587074279785156e+00,2.713976718951016665e-04,-3.229000139981508255e-04
4.920964241027832031e-01,3.393453359603881836e-01,-2.527233362197875977e-01,6.259560108184814453e+00,4.075487613677978516e+00,-2.079432888422161341e-04,4.083471721969544888e-04
4.940965175628662109e-01,3.570819795131683350e-01,-2.400680035352706909e-01,6.100098609924316406e+00,4.312960147857666016e+00,8.826938574202358723e-05,-5.988096745568327606e-05
4.960966110229492188e-01,3.570819795131683350e-01,-2.400680035352706909e-01,6.100098609924316406e+00,4.312960147857666016e+00,8.826938574202358723e-05,-5.988096745568327606e-05
4.980967044830322266e-01,3.736202120780944824e-01,-2.262621670961380005e-01,5.858172893524169922e+00,4.481973171234130859e+00,-8.998993871500715613e-05,-7.382986950688064098e-04
5.000967979431152344e-01,3.899187445640563965e-01,-2.120728492736816406e-01,5.565596103668212891e+00,4.407461166381835938e+00,7.760732114547863603e-05,-7.630792970303446054e-05
5.020968914031982422e-01,3.899187445640563965e-01,-2.120728492736816406e-01,5.565596103668212891e+00,4.407461166381835938e+00,7.760732114547863603e-05,-7.630792970303446054e-05
5.040969848632812500e-01,4.060734808444976807e-01,-1.951990574598312378e-01,5.421124935150146484e+00,5.356642723083496094e+00,-1.533683825982734561e-04,2.317413600394502282e-04
5.060970783233642578e-01,4.213653504848480225e-01,-1.794757544994354248e-01,5.283090114593505859e+00,5.475209712982177734e+00,-3.372580104041844606e-04,-9.720968591864220798e-06
5.080971717834472656e-01,4.213653504848480225e-01,-1.794757544994354248e-01,5.283090114593505859e+00,5.475209712982177734e+00,-3.372580104041844606e-04,-9.720968591864220798e-06
5.100972652435302734e-01,4.357464313507080078e-01,-1.645194441080093384e-01,5.054181575775146484e+00,5.158288478851318359e+00,-5.361360672395676374e-05,-8.415571210207417607e-05
5.120973587036132812e-01,4.494084417819976807e-01,-1.484126448631286621e-01,4.835512161254882812e+00,5.299117088317871094e+00,1.099456712836399674e-04,-6.882741581648588181e-04
5.140974521636962891e-01,4.494084417819976807e-01,-1.484126448631286621e-01,4.835512161254882812e+00,5.299117088317871094e+00,1.099456712836399674e-04,-6.882741581648588181e-04
5.160975456237792969e-01,4.631663262844085693e-01,-1.311553567647933960e-01,4.665241241455078125e+00,5.582098484039306641e+00,4.307483686716295779e-05,8.346019626515044365e-07
5.180978775024414062e-01,4.754381775856018066e-01,-1.138980761170387268e-01,4.396721839904785156e+00,5.974273204803466797e+00,-1.429601688869297504e-04,1.211782728205434978e-04
5.200979709625244141e-01,4.754381775856018066e-01,-1.138980761170387268e-01,4.396721839904785156e+00,5.974273204803466797e+00,-1.429601688869297504e-04,1.211782728205434978e-04
5.220980644226074219e-01,4.879017770290374756e-01,-9.664079546928405762e-02,4.211554050445556641e+00,5.876487731933593750e+00,2.951648784801363945e-04,-6.054991390556097031e-04
5.240981578826904297e-01,4.989272654056549072e-01,-7.900001108646392822e-02,3.944247722625732422e+00,5.856989860534667969e+00,3.522540791891515255e-04,-7.300252764252945781e-05
5.260984897613525391e-01,4.989272654056549072e-01,-7.900001108646392822e-02,3.944247722625732422e+00,5.856989860534667969e+00,3.522540791891515255e-04,-7.300252764252945781e-05
5.280985832214355469e-01,5.102882981300354004e-01,-5.944175645709037781e-02,3.836604595184326172e+00,6.321177482604980469e+00,2.687528904061764479e-04,-1.993416226468980312e-04
5.300986766815185547e-01,5.196360349655151367e-01,-3.950000554323196411e-02,3.444555282592773438e+00,6.342719554901123047e+00,-1.198066238430328667e-04,3.029789368156343699e-04
5.320987701416015625e-01,5.196360349655151367e-01,-3.950000554323196411e-02,3.444555282592773438e+00,6.342719554901123047e+00,-1.198066238430328667e-04,3.029789368156343699e-04
5.340988636016845703e-01,5.285043120384216309e-01,-1.725728437304496765e-02,3.180683374404907227e+00,7.343277454376220703e+00,-1.324724435107782483e-04,-2.144315512850880623e-04
5.360989570617675781e-01,5.285043120384216309e-01,-1.725728437304496765e-02,3.180683374404907227e+00,7.343277454376220703e+00,-1.324724435107782483e-04,-2.144315512850880623e-04
5.380990505218505859e-01,5.364139080047607422e-01,2.300971187651157379e-03,2.910807371139526367e+00,6.702658653259277344e+00,1.608136080903932452e-04,-2.388806897215545177e-04
5.400991439819335938e-01,5.450425744056701660e-01,2.876214124262332916e-02,2.594904184341430664e+00,7.012081146240234375e+00,-1.437331375200301409e-04,4.235599481035023928e-04
5.420994758605957031e-01,5.505552887916564941e-01,4.678641632199287415e-02,2.468542098999023438e+00,7.260272026062011719e+00,1.851191773312166333e-04,1.301459415117278695e-04
5.440995693206787109e-01,5.505552887916564941e-01,4.678641632199287415e-02,2.468542098999023438e+00,7.260272026062011719e+00,1.851191773312166333e-04,1.301459415117278695e-04
5.460996627807617188e-01,5.567391514778137207e-01,6.787864863872528076e-02,2.248233318328857422e+00,7.012200832366943359e+00,4.565843555610626936e-04,1.130041564465500414e-04
5.480997562408447266e-01,5.622519254684448242e-01,8.973787724971771240e-02,2.030630826950073242e+00,7.224318504333496094e+00,-3.777031815843656659e-05,3.180980638717301190e-05
5.501000881195068359e-01,5.622519254684448242e-01,8.973787724971771240e-02,2.030630826950073242e+00,7.224318504333496094e+00,-3.777031815843656659e-05,3.180980638717301190e-05
5.521001815795898438e-01,5.674770474433898926e-01,1.112136095762252808e-01,1.879255414009094238e+00,7.307637214660644531e+00,-1.159992898465134203e-04,2.540464338380843401e-04
5.541002750396728516e-01,5.720790028572082520e-01,1.311553567647933960e-01,1.679722309112548828e+00,6.892763614654541016e+00,6.089544622227549553e-04,-3.264003025833517313e-04
5.561003684997558594e-01,5.720790028572082520e-01,1.311553567647933960e-01,1.679722309112548828e+00,6.892763614654541016e+00,6.089544622227549553e-04,-3.264003025833517313e-04
5.581004619598388672e-01,5.760577321052551270e-01,1.507136225700378418e-01,1.483220458030700684e+00,6.616944313049316406e+00,3.482010652078315616e-05,2.199183072661980987e-04
5.601005554199218750e-01,5.796050429344177246e-01,1.714223623275756836e-01,1.319590330123901367e+00,6.800178050994873047e+00,1.949696888914331794e-04,7.091012666933238506e-04
5.621008872985839844e-01,5.796050429344177246e-01,1.714223623275756836e-01,1.319590330123901367e+00,6.800178050994873047e+00,1.949696888914331794e-04,7.091012666933238506e-04
5.641009807586669922e-01,5.828647613525390625e-01,1.917476058006286621e-01,1.215245723724365234e+00,6.732686519622802734e+00,-1.450470881536602974e-04,2.849904994945973158e-04
5.661010742187500000e-01,5.852136611938476562e-01,2.097718715667724609e-01,1.016535997390747070e+00,6.380687236785888672e+00,8.937489474192261696e-05,3.892442910000681877e-04
5.681011676788330078e-01,5.852136611938476562e-01,2.097718715667724609e-01,1.016535997390747070e+00,6.380687236785888672e+00,8.937489474192261696e-05,3.892442910000681877e-04
5.701012611389160156e-01,5.874667167663574219e-01,2.266456633806228638e-01,8.751614093780517578e-01,5.552915573120117188e+00,-3.706891438923776150e-04,4.447526589501649141e-04
5.721013545989990234e-01,5.893362760543823242e-01,2.458204329013824463e-01,7.527051568031311035e-01,6.259299278259277344e+00,-1.780908787623047829e-04,7.470545824617147446e-05
5.741014480590820312e-01,5.893362760543823242e-01,2.458204329013824463e-01,7.527051568031311035e-01,6.259299278259277344e+00,-1.780908787623047829e-04,7.470545824617147446e-05
5.761015415191650391e-01,5.905346870422363281e-01,2.619272172451019287e-01,5.852463841438293457e-01,5.850783348083496094e+00,2.834423503372818232e-04,2.475620713084936142e-04
5.781018733978271484e-01,5.913016796112060547e-01,2.761165499687194824e-01,3.984947502613067627e-01,4.900923728942871094e+00,4.929914721287786961e-04,2.980226126965135336e-04
5.801019668579101562e-01,5.913016796112060547e-01,2.761165499687194824e-01,3.984947502613067627e-01,4.900923728942871094e+00,4.929914721287786961e-04,2.980226126965135336e-04
5.821020603179931641e-01,5.917330980300903320e-01,2.933738231658935547e-01,2.578216791152954102e-01,5.601104736328125000e+00,4.069936694577336311e-04,-1.192216077470220625e-04
5.841021537780761719e-01,5.913016796112060547e-01,3.087136447429656982e-01,4.410891979932785034e-02,5.481138229370117188e+00,-1.301305292145116255e-05,-2.654572599567472935e-04
5.861022472381591797e-01,5.913016796112060547e-01,3.087136447429656982e-01,4.410891979932785034e-02,5.481138229370117188e+00,-1.301305292145116255e-05,-2.654572599567472935e-04
5.881025791168212891e-01,5.901991128921508789e-01,3.244369328022003174e-01,-1.807324588298797607e-01,5.314778327941894531e+00,-3.144822767353616655e-05,8.869486191542819142e-05
5.901029109954833984e-01,5.887131094932556152e-01,3.393932580947875977e-01,-3.481513559818267822e-01,4.850337505340576172e+00,2.616108986330800690e-06,1.353427651338279247e-04
5.921030044555664062e-01,5.887131094932556152e-01,3.393932580947875977e-01,-3.481513559818267822e-01,4.850337505340576172e+00,2.616108986330800690e-06,1.353427651338279247e-04
5.941030979156494141e-01,5.864600539207458496e-01,3.543495833873748779e-01,-5.589416623115539551e-01,4.803402423858642578e+00,4.040641360916197300e-04,2.825827978085726500e-04
5.961031913757324219e-01,5.838714241981506348e-01,3.700728714466094971e-01,-7.106986045837402344e-01,5.347058296203613281e+00,-2.625473134685307741e-04,5.612898166873492301e-05
5.981032848358154297e-01,5.838714241981506348e-01,3.700728714466094971e-01,-7.106986045837402344e-01,5.347058296203613281e+00,-2.625473134685307741e-04,5.612898166873492301e-05
6.001033782958984375e-01,5.805158615112304688e-01,3.823447227478027344e-01,-9.136832356452941895e-01,4.341809749603271484e+00,3.044273762498050928e-04,3.682014357764273882e-04
6.021034717559814453e-01,5.765850543975830078e-01,3.973010480403900146e-01,-1.107582092285156250e+00,4.647578239440917969e+00,5.303279613144695759e-05,2.827396092470735312e-04
6.041035652160644531e-01,5.765850543975830078e-01,3.973010480403900146e-01,-1.107582092285156250e+00,4.647578239440917969e+00,5.303279613144695759e-05,2.827396092470735312e-04
6.061036586761474609e-01,5.724145174026489258e-01,4.084224104881286621e-01,-1.250422120094299316e+00,3.733661651611328125e+00,2.413420443190261722e-04,-7.375199402304133400e-06
6.081037521362304688e-01,5.678126215934753418e-01,4.210777282714843750e-01,-1.395179986953735352e+00,4.038617134094238281e+00,-4.416552656039129943e-06,1.364880445180460811e-04
6.101038455963134766e-01,5.678126215934753418e-01,4.210777282714843750e-01,-1.395179986953735352e+00,4.038617134094238281e+00,-4.416552656039129943e-06,1.364880445180460811e-04
6.121041774749755859e-01,5.628271698951721191e-01,4.329660832881927490e-01,-1.523532152175903320e+00,4.004434585571289062e+00,2.746223763097077608e-04,3.585124795790761709e-04
6.141042709350585938e-01,5.570268034934997559e-01,4.433204531669616699e-01,-1.724063038825988770e+00,3.707916736602783203e+00,-2.463590935803949833e-04,4.492322041187435389e-04
6.161043643951416016e-01,5.570268034934997559e-01,4.433204531669616699e-01,-1.724063038825988770e+00,3.707916736602783203e+00,-2.463590935803949833e-04,4.492322041187435389e-04
6.181044578552246094e-01,5.513222813606262207e-01,4.521408379077911377e-01,-1.828942060470581055e+00,2.930669307708740234e+00,-1.157739170594140887e-04,4.401588012115098536e-05
6.201045513153076172e-01,5.447549223899841309e-01,4.621117115020751953e-01,-2.007407665252685547e+00,3.002056837081909180e+00,2.546253672335296869e-04,-1.747397036524489522e-04
6.221046447753906250e-01,5.447549223899841309e-01,4.621117115020751953e-01,-2.007407665252685547e+00,3.002056837081909180e+00,2.546253672335296869e-04,-1.747397036524489522e-04
6.241047382354736328e-01,5.377082228660583496e-01,4.705486297607421875e-01,-2.184999942779541016e+00,2.711616754531860352e+00,2.871872857213020325e-04,2.567204937804490328e-04
6.261048316955566406e-01,5.305176973342895508e-01,4.778350293636322021e-01,-2.293449640274047852e+00,2.203589200973510742e+00,-2.571505901869386435e-04,3.695604100357741117e-04
6.281049251556396484e-01,5.305176973342895508e-01,4.778350293636322021e-01,-2.293449640274047852e+00,2.203589200973510742e+00,-2.571505901869386435e-04,3.695604100357741117e-04
6.301050186157226562e-01,5.227039456367492676e-01,4.862719178199768066e-01,-2.426731824874877930e+00,2.665740728378295898e+00,2.287333336425945163e-05,5.151535733602941036e-04
6.321051120758056641e-01,5.145546793937683105e-01,4.916408658027648926e-01,-2.611866474151611328e+00,2.274717807769775391e+00,-5.370845610741525888e-05,5.795061006210744381e-04
6.341052055358886719e-01,5.145546793937683105e-01,4.916408658027648926e-01,-2.611866474151611328e+00,2.274717807769775391e+00,-5.370845610741525888e-05,5.795061006210744381e-04
6.361052989959716797e-01,5.063574910163879395e-01,4.958592951297760010e-01,-2.668310165405273438e+00,1.807634234428405762e+00,3.089410893153399229e-04,2.511974307708442211e-04
6.381053924560546875e-01,4.977288544178009033e-01,4.977767765522003174e-01,-2.736585378646850586e+00,6.034549474716186523e-01,1.586097350809723139e-04,1.463572116335853934e-04
6.401054859161376953e-01,4.977288544178009033e-01,4.977767765522003174e-01,-2.736585378646850586e+00,6.034549474716186523e-01,1.586097350809723139e-04,1.463572116335853934e-04
6.421055793762207031e-01,4.886687695980072021e-01,5.004612207412719727e-01,-2.906297683715820312e+00,5.417926907539367676e-01,-3.607999824453145266e-04,1.767207868397235870e-04
6.441056728363037109e-01,4.796086847782135010e-01,5.027621984481811523e-01,-2.943644285202026367e+00,6.449328064918518066e-01,9.125356882577762008e-05,-9.096232679439708591e-05
6.461057662963867188e-01,4.796086847782135010e-01,5.027621984481811523e-01,-2.943644285202026367e+00,6.449328064918518066e-01,9.125356882577762008e-05,-9.096232679439708591e-05
6.481058597564697266e-01,4.705486297607421875e-01,5.016117095947265625e-01,-2.979275703430175781e+00,-2.694848179817199707e-01,-2.518359542591497302e-05,1.347658835584297776e-04
6.501059532165527344e-01,4.604339301586151123e-01,5.000777244567871094e-01,-3.172778844833374023e+00,-7.146440744400024414e-01,-5.860921228304505348e-04,1.330050290562212467e-04
6.521060466766357422e-01,4.604339301586151123e-01,5.000777244567871094e-01,-3.172778844833374023e+00,-7.146440744400024414e-01,-5.860921228304505348e-04,1.330050290562212467e-04
6.541061401367187500e-01,4.504630565643310547e-01,4.989272654056549072e-01,-3.236682176589965820e+00,-5.279673933982849121e-01,-3.052215106436051428e-05,-3.014618123415857553e-04
6.561062335968017578e-01,4.404442608356475830e-01,4.954757988452911377e-01,-3.332353115081787109e+00,-9.037939906120300293e-01,3.186886606272310019e-04,4.427065432537347078e-04
6.581063270568847656e-01,4.404442608356475830e-01,4.954757988452911377e-01,-3.332353115081787109e+00,-9.037939906120300293e-01,3.186886606272310019e-04,4.427065432537347078e-04
6.601064205169677734e-01,4.303774833679199219e-01,4.912573695182800293e-01,-3.348383665084838867e+00,-1.175338864326477051e+00,-3.559921460691839457e-04,7.204859866760671139e-04
6.621065139770507812e-01,4.196875691413879395e-01,4.858884215354919434e-01,-3.421023130416870117e+00,-1.566332459449768066e+00,6.160581833682954311e-04,2.334740274818614125e-04
6.641066074371337891e-01,4.196875691413879395e-01,4.858884215354919434e-01,-3.421023130416870117e+00,-1.566332459449768066e+00,6.160581833682954311e-04,2.334740274818614125e-04
6.661067008972167969e-01,4.087100028991699219e-01,4.786020219326019287e-01,-3.513826847076416016e+00,-2.229848384857177734e+00,3.521465114317834377e-04,-1.634952350286766887e-04
6.681067943572998047e-01,3.977324664592742920e-01,4.716991186141967773e-01,-3.603872537612915039e+00,-2.169608116149902344e+00,-8.223691838793456554e-05,3.605552046792581677e-05
6.701068878173828125e-01,3.977324664592742920e-01,4.716991186141967773e-01,-3.603872537612915039e+00,-2.169608116149902344e+00,-8.223691838793456554e-05,3.605552046792581677e-05
6.721069812774658203e-01,3.867069780826568604e-01,4.636456966400146484e-01,-3.688169717788696289e+00,-2.372671842575073242e+00,3.492742544040083885e-04,3.543174898368306458e-05
6.741070747375488281e-01,3.747707009315490723e-01,4.548253118991851807e-01,-3.749120712280273438e+00,-2.582149982452392578e+00,7.049984997138381004e-04,-4.119839286431670189e-04
6.761071681976318359e-01,3.747707009315490723e-01,4.548253118991851807e-01,-3.749120712280273438e+00,-2.582149982452392578e+00,7.049984997138381004e-04,-4.119839286431670189e-04
6.781072616577148438e-01,3.633617162704467773e-01,4.456214308738708496e-01,-3.879425287246704102e+00,-3.070251464843750000e+00,8.547768084099516273e-05,2.873784796975087374e-05
6.801075935363769531e-01,3.511857390403747559e-01,4.371845424175262451e-01,-3.969177484512329102e+00,-2.749781608581542969e+00,1.323759206570684910e-04,-5.944145596004091203e-05
6.821076869964599609e-01,3.511857390403747559e-01,4.371845424175262451e-01,-3.969177484512329102e+00,-2.749781608581542969e+00,1.323759206570684910e-04,-5.944145596004091203e-05
6.841077804565429688e-01,3.381948471069335938e-01,4.256796836853027344e-01,-4.128780364990234375e+00,-3.731572389602661133e+00,-5.238243029452860355e-04,1.366403594147413969e-04
6.861081123352050781e-01,3.252997994422912598e-01,4.164758026599884033e-01,-4.182765960693359375e+00,-3.434013605117797852e+00,1.116815765271894634e-04,1.277546689379960299e-04
6.881082057952880859e-01,3.252997994422912598e-01,4.164758026599884033e-01,-4.182765960693359375e+00,-3.434013605117797852e+00,1.116815765271894634e-04,1.277546689379960299e-04
6.901082992553710938e-01,3.124047815799713135e-01,4.053544402122497559e-01,-4.271563053131103516e+00,-3.745410680770874023e+00,-8.317046012962237000e-05,-3.961033071391284466e-04
6.921083927154541016e-01,2.991262674331665039e-01,3.950000703334808350e-01,-4.344248771667480469e+00,-3.564146280288696289e+00,3.368977049831300974e-04,4.961853846907615662e-04
6.941084861755371094e-01,2.991262674331665039e-01,3.950000703334808350e-01,-4.344248771667480469e+00,-3.564146280288696289e+00,3.368977049831300974e-04,4.961853846907615662e-04
6.961085796356201172e-01,2.857039272785186768e-01,3.834952116012573242e-01,-4.412560939788818359e+00,-3.447559118270874023e+00,-1.001541735604405403e-03,5.881793913431465626e-05
6.981086730957031250e-01,2.722336649894714355e-01,3.689223825931549072e-01,-4.460776805877685547e+00,-4.655571937561035156e+00,3.663794777821749449e-04,4.829648969462141395e-05
7.001087665557861328e-01,2.722336649894714355e-01,3.689223825931549072e-01,-4.460776805877685547e+00,-4.655571937561035156e+00,3.663794777821749449e-04,4.829648969462141395e-05
7.021088600158691406e-01,2.584757804870605469e-01,3.562670350074768066e-01,-4.534229755401611328e+00,-4.593163967132568359e+00,3.274740593042224646e-04,3.945945645682513714e-04
7.041089534759521484e-01,2.447178810834884644e-01,3.436117172241210938e-01,-4.567865848541259766e+00,-4.205358028411865234e+00,4.105635161977261305e-04,2.258659951621666551e-04
7.061090469360351562e-01,2.447178810834884644e-01,3.436117172241210938e-01,-4.567865848541259766e+00,-4.205358028411865234e+00,4.105635161977261305e-04,2.258659951621666551e-04
7.081091403961181641e-01,2.308161854743957520e-01,3.294223845005035400e-01,-4.546491622924804688e+00,-4.287997245788574219e+00,-1.555909875605721027e-05,4.078400379512459040e-04
7.101092338562011719e-01,2.164830416440963745e-01,3.125486075878143311e-01,-4.663485527038574219e+00,-5.197730541229248047e+00,-9.247057278116699308e-06,-1.078889108612202108e-04
7.121093273162841797e-01,2.164830416440963745e-01,3.125486075878143311e-01,-4.663485527038574219e+00,-5.197730541229248047e+00,-9.247057278116699308e-06,-1.078889108612202108e-04
7.141094207763671875e-01,2.022937238216400146e-01,2.979757785797119141e-01,-4.664856910705566406e+00,-4.995967388153076172e+00,5.019304226152598858e-04,4.089515186933567747e-06
7.161095142364501953e-01,1.884878873825073242e-01,2.830194532871246338e-01,-4.665804386138916016e+00,-5.032133102416992188e+00,1.590492465766146779e-04,-8.939377585193142295e-05
7.181096076965332031e-01,1.884878873825073242e-01,2.830194532871246338e-01,-4.665804386138916016e+00,-5.032133102416992188e+00,1.590492465766146779e-04,-8.939377585193142295e-05
7.201097011566162109e-01,1.741547584533691406e-01,2.665291726589202881e-01,-4.708159446716308594e+00,-5.325224876403808594e+00,-3.244233375880867243e-04,3.538323799148201942e-04
7.221097946166992188e-01,1.598216295242309570e-01,2.496553808450698853e-01,-4.726908683776855469e+00,-5.703052043914794922e+00,1.502529630670323968e-04,-3.581705968827009201e-04
7.241098880767822266e-01,1.598216295242309570e-01,2.496553808450698853e-01,-4.726908683776855469e+00,-5.703052043914794922e+00,1.502529630670323968e-04,-3.581705968827009201e-04
7.261099815368652344e-01,1.458240598440170288e-01,2.327815890312194824e-01,-4.666686058044433594e+00,-5.634746074676513672e+00,-4.476233734749257565e-04,1.549751323182135820e-04
7.281100749969482422e-01,1.316826641559600830e-01,2.136068344116210938e-01,-4.623826026916503906e+00,-6.091882228851318359e+00,-3.021287848241627216e-04,-9.128405508818104863e-05
7.301104068756103516e-01,1.316826641559600830e-01,2.136068344116210938e-01,-4.623826026916503906e+00,-6.091882228851318359e+00,-3.021287848241627216e-04,-9.128405508818104863e-05
7.321105003356933594e-01,1.179247796535491943e-01,1.925145983695983887e-01,-4.604388236999511719e+00,-7.120313167572021484e+00,-7.287694461410865188e-05,3.464701294433325529e-04
7.341105937957763672e-01,1.050776839256286621e-01,1.729563325643539429e-01,-4.485128879547119141e+00,-6.841289043426513672e+00,-9.557857993058860302e-05,1.346852659480646253e-04
7.361106872558593750e-01,1.050776839256286621e-01,1.729563325643539429e-01,-4.485128879547119141e+00,-6.841289043426513672e+00,-9.557857993058860302e-05,1.346852659480646253e-04
7.381107807159423828e-01,9.227853268384933472e-02,1.499466300010681152e-01,-4.362321376800537109e+00,-7.561562061309814453e+00,1.144123525591567159e-04,1.069192330760415643e-05
7.401108741760253906e-01,7.900001108646392822e-02,1.284708976745605469e-01,-4.354242324829101562e+00,-7.151976585388183594e+00,-5.013138870708644390e-04,3.461096275714226067e-05
7.421109676361083984e-01,7.900001108646392822e-02,1.284708976745605469e-01,-4.354242324829101562e+00,-7.151976585388183594e+00,-5.013138870708644390e-04,3.461096275714226067e-05
7.441110610961914062e-01,6.653641909360885620e-02,1.043106988072395325e-01,-4.240685462951660156e+00,-7.846498489379882812e+00,-4.494505992624908686e-04,3.118280437774956226e-04
7.461111545562744141e-01,5.364139378070831299e-02,8.130098134279251099e-02,-4.217286586761474609e+00,-7.627317905426025391e+00,1.849037653300911188e-04,2.000409876927733421e-04
7.481112480163574219e-01,5.364139378070831299e-02,8.130098134279251099e-02,-4.217286586761474609e+00,-7.627317905426025391e+00,1.849037653300911188e-04,2.000409876927733421e-04
7.501113414764404297e-01,4.132160916924476624e-02,5.675728991627693176e-02,-4.186064243316650391e+00,-8.203141212463378906e+00,-8.466408326057717204e-05,4.355996134108863771e-05
7.521114349365234375e-01,2.895388752222061157e-02,3.374757990241050720e-02,-4.147155284881591797e+00,-7.745198249816894531e+00,3.788773028645664454e-04,2.079362730000866577e-06
7.541115283966064453e-01,2.895388752222061157e-02,3.374757990241050720e-02,-4.147155284881591797e+00,-7.745198249816894531e+00,7.336538692470639944e-05,1.138367952080443501e-04
7.561116218566894531e-01,1.677791588008403778e-02,8.053399622440338135e-03,-4.098154544830322266e+00,-8.385046005249023438e+00,7.336538692470639944e-05,1.138367952080443501e-04
7.581117153167724609e-01,4.554005805402994156e-03,-1.610679924488067627e-02,-4.089883327484130859e+00,-7.995823860168457031e+00,2.699954347917810082e-05,1.273567886528326198e-05
7.601118087768554688e-01,4.554005805402994156e-03,-1.610679924488067627e-02,-4.089883327484130859e+00,-7.995823860168457031e+00,2.699954347917810082e-05,1.273567886528326198e-05
7.621119022369384766e-01,-7.669904269278049469e-03,-4.065049067139625549e-02,-4.095710754394531250e+00,-7.908909320831298828e+00,2.162099262932315469e-04,-2.576049591880291700e-04
7.641119956970214844e-01,-2.013349905610084534e-02,-6.481069326400756836e-02,-4.104028701782226562e+00,-7.763622760772705078e+00,-2.416028291918337345e-04,-2.692375273909419775e-04
7.661120891571044922e-01,-2.013349905610084534e-02,-6.481069326400756836e-02,-4.104028701782226562e+00,-7.763622760772705078e+00,-2.416028291918337345e-04,-2.692375273909419775e-04
7.681121826171875000e-01,-3.240534663200378418e-02,-8.820389956235885620e-02,-4.099361419677734375e+00,-7.567002296447753906e+00,-1.642271236050873995e-04,1.158867526100948453e-04
7.707216739654541016e-01,-4.515656083822250366e-02,-1.115971058607101440e-01,-4.140977859497070312e+00,-7.510941505432128906e+00,-3.658541245386004448e-04,3.365241282153874636e-04
7.727217674255371094e-01,-4.515656083822250366e-02,-1.115971058607101440e-01,-4.167488574981689453e+00,-7.380924224853515625e+00,1.471265568397939205e-04,-1.682111906120553613e-04
7.747218608856201172e-01,-5.771602690219879150e-02,-1.338398307561874390e-01,-4.167488574981689453e+00,-7.380924224853515625e+00,1.471265568397939205e-04,-1.682111906120553613e-04
7.767219543457031250e-01,-6.960438191890716553e-02,-1.553155630826950073e-01,-4.091087818145751953e+00,-7.028413295745849609e+00,2.787954290397465229e-04,-1.393652200931683183e-04
7.787220478057861328e-01,-8.187622576951980591e-02,-1.771747916936874390e-01,-4.072834968566894531e+00,-6.971468448638916016e+00,-3.599257033783942461e-04,6.662277883151546121e-05
7.807221412658691406e-01,-8.187622576951980591e-02,-1.771747916936874390e-01,-4.072834968566894531e+00,-6.971468448638916016e+00,-3.599257033783942461e-04,6.662277883151546121e-05
7.827222347259521484e-01,-9.443569183349609375e-02,-2.009514868259429932e-01,-4.095065116882324219e+00,-7.753550529479980469e+00,3.714365884661674500e-04,8.729431897336326074e-07
7.847223281860351562e-01,-9.443569183349609375e-02,-2.009514868259429932e-01,-4.029697418212890625e+00,-6.743546009063720703e+00,5.704943323507905006e-04,-2.479889735695905983e-05
7.867224216461181641e-01,-1.061322987079620361e-01,-2.201262563467025757e-01,-4.029697418212890625e+00,-6.743546009063720703e+00,5.704943323507905006e-04,-2.479889735695905983e-05
7.887225151062011719e-01,-1.182123944163322449e-01,-2.423689663410186768e-01,-4.026049137115478516e+00,-7.125257968902587891e+00,5.871994653716683388e-05,-1.472194708185270429e-05
7.907226085662841797e-01,-1.182123944163322449e-01,-2.423689663410186768e-01,-4.021915435791015625e+00,-6.929566383361816406e+00,-4.548641445580869913e-04,-3.322922930237837136e-05
7.927227020263671875e-01,-1.310115456581115723e-01,-2.638446986675262451e-01,-4.021915435791015625e+00,-6.929566383361816406e+00,-4.548641445580869913e-04,-3.322922930237837136e-05
7.947227954864501953e-01,-1.421808451414108276e-01,-2.811020016670227051e-01,-3.973272800445556641e+00,-6.057709693908691406e+00,-6.447735358960926533e-04,4.486131074372678995e-04
7.967228889465332031e-01,-1.421808451414108276e-01,-2.811020016670227051e-01,-3.994741201400756836e+00,-6.644706726074218750e+00,2.015821373788639903e-04,1.803548075258731842e-04
7.987229824066162109e-01,-1.542130112648010254e-01,-3.018107414245605469e-01,-3.994741201400756836e+00,-6.644706726074218750e+00,2.015821373788639903e-04,1.803548075258731842e-04
8.007230758666992188e-01,-1.659575551748275757e-01,-3.190680146217346191e-01,-3.967398643493652344e+00,-5.918467998504638672e+00,-7.028147811070084572e-04,-2.492686617188155651e-04
8.027231693267822266e-01,-1.659575551748275757e-01,-3.190680146217346191e-01,-3.898987293243408203e+00,-5.807141780853271484e+00,1.017673639580607414e-05,-4.336801794124767184e-05
8.047235012054443359e-01,-1.776062250137329102e-01,-3.374757766723632812e-01,-3.898987293243408203e+00,-5.807141780853271484e+00,1.017673639580607414e-05,-4.336801794124767184e-05
8.067235946655273438e-01,-1.887275725603103638e-01,-3.562670350074768066e-01,-3.796929597854614258e+00,-5.949922084808349609e+00,-2.862673136405646801e-04,-5.327764083631336689e-04
8.087236881256103516e-01,-1.997051239013671875e-01,-3.742913305759429932e-01,-3.763540506362915039e+00,-6.080415248870849609e+00,7.222178974188864231e-04,-8.574892854085192084e-05
8.107237815856933594e-01,-1.997051239013671875e-01,-3.742913305759429932e-01,-3.763540506362915039e+00,-6.080415248870849609e+00,7.222178974188864231e-04,-8.574892854085192084e-05
8.127238750457763672e-01,-2.103471159934997559e-01,-3.911651074886322021e-01,-3.659018039703369141e+00,-5.666338920593261719e+00,-1.131419703597202897e-04,4.020915366709232330e-04
8.147239685058593750e-01,-2.103471159934997559e-01,-3.911651074886322021e-01,-3.545276880264282227e+00,-5.407289505004882812e+00,2.856085484381765127e-04,-2.321434294572100043e-04
8.167240619659423828e-01,-2.208932340145111084e-01,-4.080389142036437988e-01,-3.545276880264282227e+00,-5.407289505004882812e+00,2.856085484381765127e-04,-2.321434294572100043e-04
8.187241554260253906e-01,-2.313914149999618530e-01,-4.245291948318481445e-01,-3.527017354965209961e+00,-5.401093482971191406e+00,1.113698235712945461e-03,-1.108185315388254821e-04
8.207242488861083984e-01,-2.313914149999618530e-01,-4.245291948318481445e-01,-3.527017354965209961e+00,-5.401093482971191406e+00,2.252254489576444030e-04,-6.929450901225209236e-04
8.227243423461914062e-01,-2.412184923887252808e-01,-4.406359791755676270e-01,-3.413938999176025391e+00,-5.330571651458740234e+00,2.252254489576444030e-04,-6.929450901225209236e-04
8.247244358062744141e-01,-2.509017288684844971e-01,-4.571262896060943604e-01,-3.328808307647705078e+00,-5.429131031036376953e+00,-5.332221189746633172e-05,2.581582230050116777e-04
8.267245292663574219e-01,-2.509017288684844971e-01,-4.571262896060943604e-01,-3.162770986557006836e+00,-4.821844577789306641e+00,-3.302663390059024096e-04,-3.110514371655881405e-04
8.287246227264404297e-01,-2.601535618305206299e-01,-4.713156223297119141e-01,-3.162770986557006836e+00,-4.821844577789306641e+00,-3.302663390059024096e-04,-3.110514371655881405e-04
8.307247161865234375e-01,-2.692615687847137451e-01,-4.855049252510070801e-01,-3.110157489776611328e+00,-4.532005786895751953e+00,-1.344061893178150058e-04,-4.554502447717823088e-05
8.327248096466064453e-01,-2.692615687847137451e-01,-4.855049252510070801e-01,-3.110157489776611328e+00,-4.532005786895751953e+00,-1.344061893178150058e-04,-4.554502447717823088e-05
8.347249031066894531e-01,-2.810061275959014893e-01,-5.031456947326660156e-01,-2.993138551712036133e+00,-4.049253940582275391e+00,3.044113982468843460e-04,-2.990503562614321709e-04
8.367249965667724609e-01,-2.895388901233673096e-01,-5.161845684051513672e-01,-2.904528856277465820e+00,-4.309619426727294922e+00,1.881679781945422292e-04,-1.762910687830299139e-04
8.387250900268554688e-01,-2.895388901233673096e-01,-5.161845684051513672e-01,-2.904528856277465820e+00,-4.309619426727294922e+00,1.881679781945422292e-04,-1.762910687830299139e-04
8.407251834869384766e-01,-2.981675267219543457e-01,-5.269224047660827637e-01,-2.879068136215209961e+00,-3.824421644210815430e+00,-2.005531277973204851e-04,1.012142238323576748e-04
8.427252769470214844e-01,-2.981675267219543457e-01,-5.353593230247497559e-01,-2.822833776473999023e+00,-2.883632659912109375e+00,-3.927331999875605106e-05,-1.756140845827758312e-04
8.447256088256835938e-01,-3.067002892494201660e-01,-5.353593230247497559e-01,-2.822833776473999023e+00,-2.883632659912109375e+00,-3.927331999875605106e-05,-1.756140845827758312e-04
8.467257022857666016e-01,-3.152330517768859863e-01,-5.434126853942871094e-01,-2.842240810394287109e+00,-2.578369140625000000e+00,-6.622260116273537278e-05,-8.848432917147874832e-04
8.487257957458496094e-01,-3.152330517768859863e-01,-5.434126853942871094e-01,-2.779925107955932617e+00,-2.126627445220947266e+00,5.018394949729554355e-05,5.765578243881464005e-04
8.507261276245117188e-01,-3.236220180988311768e-01,-5.495486259460449219e-01,-2.779925107955932617e+00,-2.126627445220947266e+00,5.018394949729554355e-05,5.765578243881464005e-04
8.527262210845947266e-01,-3.322027325630187988e-01,-5.541505813598632812e-01,-2.794618844985961914e+00,-1.810654640197753906e+00,-2.422645920887589455e-04,2.356241020606830716e-05
8.547263145446777344e-01,-3.322027325630187988e-01,-5.541505813598632812e-01,-2.796433687210083008e+00,-9.504421949386596680e-01,7.096477202139794827e-05,-4.436079761944711208e-04
8.567264080047607422e-01,-3.406396210193634033e-01,-5.560680627822875977e-01,-2.796433687210083008e+00,-9.504421949386596680e-01,7.096477202139794827e-05,-4.436079761944711208e-04
8.587265014648437500e-01,-3.494600057601928711e-01,-5.568350553512573242e-01,-2.806901931762695312e+00,-1.648802012205123901e-01,7.405082578770816326e-05,-6.029753130860626698e-04
8.607265949249267578e-01,-3.494600057601928711e-01,-5.568350553512573242e-01,-2.745948076248168945e+00,1.341760605573654175e-01,-4.583432382787577808e-05,-2.468851453159004450e-04
8.627266883850097656e-01,-3.570340275764465332e-01,-5.572185516357421875e-01,-2.745948076248168945e+00,1.341760605573654175e-01,-4.583432382787577808e-05,-2.468851453159004450e-04
8.647267818450927734e-01,-3.648957014083862305e-01,-5.568350553512573242e-01,-2.683945417404174805e+00,6.324797868728637695e-02,4.684173618443310261e-04,-1.859517651610076427e-04
8.667268753051757812e-01,-3.648957014083862305e-01,-5.568350553512573242e-01,-2.614152431488037109e+00,8.299776315689086914e-01,-2.668371889740228653e-04,-1.051162471412681043e-04
8.687269687652587891e-01,-3.726135194301605225e-01,-5.537670850753784180e-01,-2.614152431488037109e+00,8.299776315689086914e-01,-2.668371889740228653e-04,-1.051162471412681043e-04
8.707270622253417969e-01,-3.801875710487365723e-01,-5.506991147994995117e-01,-2.559945583343505859e+00,1.076245784759521484e+00,-2.987585321534425020e-04,-5.713435821235179901e-04
8.727271556854248047e-01,-3.801875710487365723e-01,-5.506991147994995117e-01,-2.511592864990234375e+00,1.243820548057556152e+00,-2.039225655607879162e-04,1.665584277361631393e-04
8.747272491455078125e-01,-3.876657187938690186e-01,-5.464806556701660156e-01,-2.511592864990234375e+00,1.243820548057556152e+00,-2.039225655607879162e-04,1.665584277361631393e-04
8.767273426055908203e-01,-3.943768739700317383e-01,-5.395777821540832520e-01,-2.379079580307006836e+00,2.068656444549560547e+00,4.161769466008991003e-04,1.004825462587177753e-04
8.787274360656738281e-01,-3.943768739700317383e-01,-5.395777821540832520e-01,-2.233797311782836914e+00,1.525751233100891113e+00,-4.231390194036066532e-04,-7.352428510785102844e-04
8.807275295257568359e-01,-4.007045626640319824e-01,-5.349758267402648926e-01,-2.233797311782836914e+00,1.525751233100891113e+00,-4.231390194036066532e-04,-7.352428510785102844e-04
8.827276229858398438e-01,-4.069842994213104248e-01,-5.273059010505676270e-01,-2.167651653289794922e+00,2.217268705368041992e+00,3.203966480214148760e-04,-8.600527071394026279e-04
8.847277164459228516e-01,-4.069842994213104248e-01,-5.273059010505676270e-01,-1.929409384727478027e+00,2.332952499389648438e+00,6.939311424503102899e-05,-2.865548012778162956e-04
8.867278099060058594e-01,-4.121135473251342773e-01,-5.200195312500000000e-01,-1.929409384727478027e+00,2.332952499389648438e+00,6.939311424503102899e-05,-2.865548012778162956e-04
8.887279033660888672e-01,-4.172907173633575439e-01,-5.119661092758178711e-01,-1.817923426628112793e+00,2.516576766967773438e+00,1.623383286641910672e-05,3.244925464969128370e-04
8.907279968261718750e-01,-4.172907173633575439e-01,-5.119661092758178711e-01,-1.579986691474914551e+00,2.590155124664306641e+00,2.665955435077194124e-05,1.294764660997316241e-04
8.927280902862548828e-01,-4.214133024215698242e-01,-5.042961835861206055e-01,-1.579986691474914551e+00,2.590155124664306641e+00,2.665955435077194124e-05,1.294764660997316241e-04
8.947281837463378906e-01,-4.251523613929748535e-01,-4.954757988452911377e-01,-1.396058797836303711e+00,3.032329082489013672e+00,1.531539892312139273e-04,1.554180489620193839e-04
8.967282772064208984e-01,-4.251523613929748535e-01,-4.954757988452911377e-01,-1.205094814300537109e+00,2.455541133880615234e+00,-2.800077782012522221e-04,1.744079927448183298e-04
8.987283706665039062e-01,-4.282203316688537598e-01,-4.889563918113708496e-01,-1.205094814300537109e+00,2.455541133880615234e+00,-2.800077782012522221e-04,1.744079927448183298e-04
9.007287025451660156e-01,-4.301857352256774902e-01,-4.809029996395111084e-01,-8.964481353759765625e-01,2.732594966888427734e+00,2.902816049754619598e-04,5.230587557889521122e-04
9.027287960052490234e-01,-4.315279722213745117e-01,-4.755340516567230225e-01,-6.551643013954162598e-01,1.918717741966247559e+00,-2.741840762610081583e-05,-1.783318002708256245e-04
9.047291278839111328e-01,-4.315279722213745117e-01,-4.755340516567230225e-01,-6.551643013954162598e-01,1.918717741966247559e+00,-2.741840762610081583e-05,-1.783318002708256245e-04
9.067292213439941406e-01,-4.321990907192230225e-01,-4.678641557693481445e-01,-4.253770411014556885e-01,2.520738363265991211e+00,-4.410074034240096807e-04,3.952468687202781439e-04
9.087352752685546875e-01,-4.320073425769805908e-01,-4.621117115020751953e-01,-1.720610111951828003e-01,2.169632434844970703e+00,1.564026897540315986e-04,5.159621941857039928e-04
9.107353687286376953e-01,-4.320073425769805908e-01,-4.621117115020751953e-01,-1.720610111951828003e-01,2.169632434844970703e+00,1.564026897540315986e-04,5.159621941857039928e-04
9.127354621887207031e-01,-4.309527277946472168e-01,-4.571262896060943604e-01,1.027404218912124634e-01,1.622207164764404297e+00,-2.914069045800715685e-04,5.405000410974025726e-04
9.147355556488037109e-01,-4.309527277946472168e-01,-4.571262896060943604e-01,3.502190113067626953e-01,1.529754638671875000e+00,1.265809260075911880e-04,-7.199359242804348469e-05
9.167356491088867188e-01,-4.292270243167877197e-01,-4.521408379077911377e-01,3.502190113067626953e-01,1.529754638671875000e+00,1.265809260075911880e-04,-7.199359242804348469e-05
9.187357425689697266e-01,-4.265425503253936768e-01,-4.463884234428405762e-01,6.419806480407714844e-01,1.924048304557800293e+00,-5.330457861418835819e-05,2.708069223444908857e-04
9.207358360290527344e-01,-4.265425503253936768e-01,-4.463884234428405762e-01,8.642210960388183594e-01,1.769000053405761719e+00,2.902077103499323130e-04,-2.647890360094606876e-04
9.227359294891357422e-01,-4.233787059783935547e-01,-4.421699643135070801e-01,8.642210960388183594e-01,1.769000053405761719e+00,2.902077103499323130e-04,-2.647890360094606876e-04
9.247360229492187500e-01,-4.190164506435394287e-01,-4.402525126934051514e-01,1.167392373085021973e+00,7.250136137008666992e-01,-8.989433263195678592e-05,4.906260292045772076e-04
9.267361164093017578e-01,-4.190164506435394287e-01,-4.402525126934051514e-01,1.372646927833557129e+00,1.311454653739929199e+00,-1.863463330664671957e-05,-2.828767173923552036e-04
9.287362098693847656e-01,-4.144624471664428711e-01,-4.352670609951019287e-01,1.372646927833557129e+00,1.311454653739929199e+00,-1.863463330664671957e-05,-2.828767173923552036e-04
9.307363033294677734e-01,-4.089497029781341553e-01,-4.321990907192230225e-01,1.613978505134582520e+00,1.141645073890686035e+00,-3.618354676291346550e-04,-1.823622442316263914e-04
9.327363967895507812e-01,-4.089497029781341553e-01,-4.321990907192230225e-01,1.894049644470214844e+00,9.012297987937927246e-01,-2.100960227835457772e-05,1.840620534494519234e-04
9.347364902496337891e-01,-4.025261700153350830e-01,-4.298981130123138428e-01,1.894049644470214844e+00,9.012297987937927246e-01,-2.100960227835457772e-05,1.840620534494519234e-04
9.367368221282958984e-01,-3.952876925468444824e-01,-4.279806613922119141e-01,2.186972618103027344e+00,6.722989082336425781e-01,-2.845546696335077286e-04,2.577992563601583242e-05
9.387369155883789062e-01,-3.952876925468444824e-01,-4.279806613922119141e-01,2.376062870025634766e+00,4.209477007389068604e-01,2.767118530755396932e-05,2.974388771690428257e-04
9.407370090484619141e-01,-3.876177668571472168e-01,-4.268301725387573242e-01,2.376062870025634766e+00,4.209477007389068604e-01,2.767118530755396932e-05,2.974388771690428257e-04
9.427371025085449219e-01,-3.789891302585601807e-01,-4.264466762542724609e-01,2.648046255111694336e+00,4.198087751865386963e-02,-2.773946034722030163e-04,5.823872052133083344e-04
9.447371959686279297e-01,-3.701208233833312988e-01,-4.260631799697875977e-01,2.811515331268310547e+00,-1.961954832077026367e-01,-2.787114935927093029e-04,-2.276682644151151180e-04
9.467372894287109375e-01,-3.701208233833312988e-01,-4.260631799697875977e-01,2.811515331268310547e+00,-1.961954832077026367e-01,-2.787114935927093029e-04,-2.276682644151151180e-04
9.487376213073730469e-01,-3.595747053623199463e-01,-4.256796836853027344e-01,3.104686021804809570e+00,-1.518019586801528931e-01,-6.548114470206201077e-04,4.287007323000580072e-04
9.507377147674560547e-01,-3.499393761157989502e-01,-4.245291948318481445e-01,3.287363767623901367e+00,3.599937260150909424e-01,-2.536689280532300472e-04,1.279145944863557816e-04
9.527378082275390625e-01,-3.499393761157989502e-01,-4.245291948318481445e-01,3.287363767623901367e+00,3.599937260150909424e-01,-2.536689280532300472e-04,1.279145944863557816e-04
9.547379016876220703e-01,-3.390097618103027344e-01,-4.260631799697875977e-01,3.449029684066772461e+00,-3.758624792098999023e-01,-1.337195571977645159e-04,-4.778438233188353479e-05
9.567379951477050781e-01,-3.390097618103027344e-01,-4.260631799697875977e-01,3.608297348022460938e+00,-4.284873604774475098e-01,-2.704820653889328241e-04,-2.976696996483951807e-04
9.587380886077880859e-01,-3.275049030780792236e-01,-4.268301725387573242e-01,3.608297348022460938e+00,-4.284873604774475098e-01,-2.704820653889328241e-04,-2.976696996483951807e-04
9.607381820678710938e-01,-3.155206739902496338e-01,-4.272136688232421875e-01,3.836408138275146484e+00,-3.056951165199279785e-01,9.311860776506364346e-05,-1.234138326253741980e-04
9.885985851287841797e-01,-1.887755095958709717e-01,-4.325825870037078857e-01,5.027015209197998047e+00,-1.320647001266479492e-01,-1.076663684216327965e-04,-3.608521074056625366e-04
9.905986785888671875e-01,-1.731960177421569824e-01,-4.298981130123138428e-01,5.113202095031738281e+00,7.908118367195129395e-01,5.641914322040975094e-05,-2.315468009328469634e-04
9.925987720489501953e-01,-1.731960177421569824e-01,-4.298981130123138428e-01,5.220394134521484375e+00,8.607242703437805176e-01,-5.748181138187646866e-04,-3.689258664962835610e-05
9.945988655090332031e-01,-1.573289036750793457e-01,-4.287476539611816406e-01,5.220394134521484375e+00,8.607242703437805176e-01,-5.748181138187646866e-04,-3.689258664962835610e-05
9.965989589691162109e-01,-1.417014747858047485e-01,-4.275971651077270508e-01,5.165402412414550781e+00,6.634635329246520996e-01,-1.069519294105703011e-05,-6.161210330901667476e-05
9.985990524291992188e-01,-1.417014747858047485e-01,-4.275971651077270508e-01,5.223394393920898438e+00,4.369511604309082031e-01,-6.839906563982367516e-04,-5.802962696179747581e-04
1.000599145889282227e+00,-1.259781718254089355e-01,-4.260631799697875977e-01,5.223394393920898438e+00,4.369511604309082031e-01,-6.839906563982367516e-04,-5.802962696179747581e-04
1.002599477767944336e+00,-1.092961356043815613e-01,-4.229952096939086914e-01,5.347362518310546875e+00,6.780446171760559082e-01,-6.464897887781262398e-04,6.557368760695680976e-05
1.004599571228027344e+00,-1.092961356043815613e-01,-4.229952096939086914e-01,5.471355438232421875e+00,7.001753449440002441e-01,2.157331036869436502e-04,-9.308409062214195728e-06
1.006599664688110352e+00,-9.242234379053115845e-02,-4.206942319869995117e-01,5.471355438232421875e+00,7.001753449440002441e-01,2.157331036869436502e-04,-9.308409062214195728e-06
1.008599758148193359e+00,-7.650729268789291382e-02,-4.180097877979278564e-01,5.451461791992187500e+00,7.276013493537902832e-01,-2.726917737163603306e-04,5.857759242644533515e-05
1.010599851608276367e+00,-7.650729268789291382e-02,-4.180097877979278564e-01,5.495360374450683594e+00,8.184084296226501465e-01,-5.377225897973403335e-05,2.343624655622988939e-04
1.012599945068359375e+00,-5.996906384825706482e-02,-4.149418175220489502e-01,5.495360374450683594e+00,8.184084296226501465e-01,-5.377225897973403335e-05,2.343624655622988939e-04
1.014600038528442383e+00,-4.319114610552787781e-02,-4.130243360996246338e-01,5.558598995208740234e+00,3.906527757644653320e-01,-6.244734686333686113e-05,-3.446449409238994122e-04
1.016600370407104492e+00,-4.319114610552787781e-02,-4.130243360996246338e-01,5.548517704010009766e+00,1.667846798896789551e+00,1.948107528733089566e-04,5.350526043912395835e-05
1.018600463867187500e+00,-2.655704319477081299e-02,-4.072719216346740723e-01,5.548517704010009766e+00,1.667846798896789551e+00,1.948107528733089566e-04,5.350526043912395835e-05
1.020600557327270508e+00,-9.635317139327526093e-03,-4.049709439277648926e-01,5.588255405426025391e+00,1.253890514373779297e+00,3.323409182485193014e-04,-3.346909361425787210e-04
1.022600650787353516e+00,-9.635317139327526093e-03,-4.049709439277648926e-01,5.599540710449218750e+00,1.295292615890502930e+00,-4.045910609420388937e-04,-5.904424469918012619e-04
1.024600744247436523e+00,7.190535310655832291e-03,-4.015194773674011230e-01,5.599540710449218750e+00,1.295292615890502930e+00,-4.045910609420388937e-04,-5.904424469918012619e-04
1.026601076126098633e+00,2.416019886732101440e-02,-3.976845443248748779e-01,5.579446315765380859e+00,1.148875713348388672e+00,-3.214882963220588863e-05,2.526728494558483362e-04
1.028601169586181641e+00,2.416019886732101440e-02,-3.976845443248748779e-01,5.575723648071289062e+00,1.771449327468872070e+00,-8.767270628595724702e-05,3.114260325673967600e-04
1.030601501464843750e+00,4.089017584919929504e-02,-3.919321000576019287e-01,5.575723648071289062e+00,1.771449327468872070e+00,-8.767270628595724702e-05,3.114260325673967600e-04
1.032601594924926758e+00,5.752428248524665833e-02,-3.865631818771362305e-01,5.564967155456542969e+00,1.974855422973632812e+00,-1.544858387205749750e-04,2.093054499709978700e-04
1.034601926803588867e+00,5.752428248524665833e-02,-3.865631818771362305e-01,5.493586063385009766e+00,1.742067813873291016e+00,7.773328979965299368e-05,1.738660939736291766e-04
1.036602020263671875e+00,7.377488911151885986e-02,-3.811942338943481445e-01,5.493586063385009766e+00,1.742067813873291016e+00,7.773328979965299368e-05,1.738660939736291766e-04
1.038602590560913086e+00,8.973787724971771240e-02,-3.746748268604278564e-01,5.406312465667724609e+00,1.953659534454345703e+00,4.458059629541821778e-05,5.185797344893217087e-04
1.040602684020996094e+00,8.973787724971771240e-02,-3.746748268604278564e-01,5.406312465667724609e+00,1.953659534454345703e+00,1.961750385817140341e-04,1.422440691385418177e-04
1.042602777481079102e+00,1.057488024234771729e-01,-3.666214048862457275e-01,5.370554924011230469e+00,2.499881029129028320e+00,1.961750385817140341e-04,1.422440691385418177e-04
1.044603109359741211e+00,1.244441941380500793e-01,-3.585680127143859863e-01,5.263259887695312500e+00,2.274131536483764648e+00,2.486618177499622107e-04,3.489592636469751596e-04
1.046603202819824219e+00,1.244441941380500793e-01,-3.585680127143859863e-01,5.189489364624023438e+00,2.098131418228149414e+00,-7.407312659779563546e-05,1.268704218091443181e-04
1.088694572448730469e+00,3.324903547763824463e-01,-2.247281968593597412e-01,3.892439365386962891e+00,4.435290336608886719e+00,-1.490250288043171167e-04,-2.141582226613536477e-04
1.090694665908813477e+00,3.324903547763824463e-01,-2.247281968593597412e-01,3.892439365386962891e+00,4.435290336608886719e+00,-1.490250288043171167e-04,-2.141582226613536477e-04
1.092694759368896484e+00,3.434678912162780762e-01,-2.120728492736816406e-01,3.716741561889648438e+00,4.473448276519775391e+00,5.534913507290184498e-04,-4.107207641936838627e-04
1.094695091247558594e+00,3.533428907394409180e-01,-1.990340054035186768e-01,3.509580612182617188e+00,4.557380676269531250e+00,3.417618572711944580e-04,-2.917342353612184525e-04
1.096695184707641602e+00,3.533428907394409180e-01,-1.990340054035186768e-01,3.509580612182617188e+00,4.557380676269531250e+00,3.417618572711944580e-04,-2.917342353612184525e-04
1.098695278167724609e+00,3.633617162704467773e-01,-1.859951764345169067e-01,3.422622919082641602e+00,4.314042568206787109e+00,5.659491871483623981e-04,-2.739372212090529501e-05
1.100701570510864258e+00,3.724217712879180908e-01,-1.721893548965454102e-01,3.223065376281738281e+00,4.342348098754882812e+00,-6.733943155268207192e-05,1.654830266488716006e-04
1.102701663970947266e+00,3.724217712879180908e-01,-1.721893548965454102e-01,3.223065376281738281e+00,4.342348098754882812e+00,-3.608200058806687593e-04,-3.766804584302008152e-04
1.104701757431030273e+00,3.809545636177062988e-01,-1.572330296039581299e-01,3.021682024002075195e+00,4.879590034484863281e+00,-3.608200058806687593e-04,-3.766804584302008152e-04
1.106701850891113281e+00,3.891997039318084717e-01,-1.426602154970169067e-01,2.881517648696899414e+00,4.899742603302001953e+00,9.706183482194319367e-05,5.212585620029130951e-06
1.108702182769775391e+00,3.891997039318084717e-01,-1.426602154970169067e-01,2.881517648696899414e+00,4.899742603302001953e+00,9.706183482194319367e-05,5.212585620029130951e-06
1.110702276229858398e+00,3.966778516769409180e-01,-1.269369125366210938e-01,2.693355083465576172e+00,5.263659000396728516e+00,7.827386143617331982e-04,-7.118784706108272076e-04
1.112702369689941406e+00,4.035328328609466553e-01,-1.115971058607101440e-01,2.433079004287719727e+00,5.090988159179687500e+00,6.277755601331591606e-04,-4.368298687040805817e-04
1.114702463150024414e+00,4.035328328609466553e-01,-1.115971058607101440e-01,2.433079004287719727e+00,5.090988159179687500e+00,6.277755601331591606e-04,-4.368298687040805817e-04
1.116702556610107422e+00,4.097166955471038818e-01,-9.549030661582946777e-02,2.240882873535156250e+00,5.300621986389160156e+00,9.358294482808560133e-05,-3.360651317052543163e-04
1.118702650070190430e+00,4.153732359409332275e-01,-7.900001108646392822e-02,2.032706499099731445e+00,5.475176334381103516e+00,-2.851866884157061577e-04,1.334795233560726047e-04
1.120702981948852539e+00,4.153732359409332275e-01,-7.900001108646392822e-02,2.032706499099731445e+00,5.475176334381103516e+00,-2.851866884157061577e-04,1.334795233560726047e-04
1.122703075408935547e+00,4.205024838447570801e-01,-6.135923415422439575e-02,1.852835893630981445e+00,5.713467597961425781e+00,-3.815349482465535402e-04,1.429109106538817286e-04
1.124703168869018555e+00,4.250085651874542236e-01,-4.295146465301513672e-02,1.679967284202575684e+00,5.969782352447509766e+00,-3.330200852360576391e-04,-7.996849308256059885e-05
1.126703500747680664e+00,4.250085651874542236e-01,-4.295146465301513672e-02,1.679967284202575684e+00,5.969782352447509766e+00,-3.330200852360576391e-04,-7.996849308256059885e-05
1.128703594207763672e+00,4.286038279533386230e-01,-2.531068399548530579e-02,1.422881603240966797e+00,5.568047523498535156e+00,7.149294251576066017e-04,-2.232195583928842098e-05
1.130703926086425781e+00,4.317676723003387451e-01,-4.601942375302314758e-03,1.223489522933959961e+00,6.680025100708007812e+00,-6.374854710884392262e-04,-2.694521972443908453e-04
1.132704257965087891e+00,4.317676723003387451e-01,-4.601942375302314758e-03,1.223489522933959961e+00,6.680025100708007812e+00,-6.374854710884392262e-04,-2.694521972443908453e-04
1.134704351425170898e+00,4.343083202838897705e-01,1.418932247906923294e-02,1.027191996574401855e+00,6.670539855957031250e+00,-2.943020372185856104e-04,-8.735014125704765320e-05
1.136704683303833008e+00,4.366092979907989502e-01,3.067961707711219788e-02,8.841767907142639160e-01,5.411149024963378906e+00,2.290893899044021964e-04,-4.204905999358743429e-04
1.139194011688232422e+00,4.366092979907989502e-01,3.067961707711219788e-02,8.841767907142639160e-01,5.411149024963378906e+00,2.290893899044021964e-04,-4.204905999358743429e-04
1.141194105148315430e+00,4.383829534053802490e-01,5.062136799097061157e-02,7.344201803207397461e-01,6.127674102783203125e+00,3.160494670737534761e-04,-6.248182617127895355e-04
1.143194198608398438e+00,4.400607645511627197e-01,6.749515980482101440e-02,6.527107954025268555e-01,5.517178058624267578e+00,-1.953459286596626043e-04,-9.415546082891523838e-05
1.145194292068481445e+00,4.400607645511627197e-01,6.749515980482101440e-02,6.527107954025268555e-01,5.517178058624267578e+00,-4.006567542091943324e-05,-1.540032681077718735e-04
1.147194385528564453e+00,4.411153495311737061e-01,8.513593673706054688e-02,5.064521431922912598e-01,5.474187850952148438e+00,-4.006567542091943324e-05,-1.540032681077718735e-04
1.149194478988647461e+00,4.419782161712646484e-01,1.031602099537849426e-01,-7.636554837226867676e-01,2.250264167785644531e+00,-2.525736817915458232e-05,5.714827566407620907e-04
1.189744472503662109e+00,4.257276058197021484e-01,2.626942098140716553e-01,-7.636554837226867676e-01,2.250264167785644531e+00,-2.525736817915458232e-05,5.714827566407620907e-04
1.191744565963745117e+00,4.230431616306304932e-01,2.688301503658294678e-01,-8.228151202201843262e-01,2.022965669631958008e+00,-2.342497900826856494e-04,2.301006461493670940e-04
1.193744659423828125e+00,4.200710654258728027e-01,2.730485796928405762e-01,-9.167745113372802734e-01,1.431588292121887207e+00,2.080281701637431979e-04,6.690463487757369876e-05
1.195744752883911133e+00,4.200710654258728027e-01,2.730485796928405762e-01,-9.167745113372802734e-01,1.431588292121887207e+00,2.080281701637431979e-04,6.690463487757369876e-05
1.197744846343994141e+00,4.166195988655090332e-01,2.776505351066589355e-01,-1.048210382461547852e+00,1.247980833053588867e+00,2.668845118023455143e-04,-1.568708830745890737e-04
1.199744939804077148e+00,4.166195988655090332e-01,2.776505351066589355e-01,-1.087402224540710449e+00,1.240335822105407715e+00,-3.621978394221514463e-04,-6.785923324059695005e-05
1.201745271682739258e+00,4.134078323841094971e-01,2.818689644336700439e-01,-1.087402224540710449e+00,1.240335822105407715e+00,-3.621978394221514463e-04,-6.785923324059695005e-05
1.203745365142822266e+00,4.096208214759826660e-01,2.845534384250640869e-01,-1.185891866683959961e+00,8.030630946159362793e-01,-4.299342981539666653e-04,2.389044529991224408e-04
1.205745458602905273e+00,4.096208214759826660e-01,2.845534384250640869e-01,-1.276263594627380371e+00,7.490394115447998047e-01,-9.176707681035622954e-05,-5.406742275226861238e-05
1.207745552062988281e+00,4.054982364177703857e-01,2.876214087009429932e-01,-1.276263594627380371e+00,7.490394115447998047e-01,-9.176707681035622954e-05,-5.406742275226861238e-05
1.209751844406127930e+00,4.008004367351531982e-01,2.906893789768218994e-01,-1.406631946563720703e+00,1.024615526199340820e+00,1.407145609846338630e-04,-1.367737422697246075e-04
1.211752176284790039e+00,3.962943553924560547e-01,2.922233343124389648e-01,-1.492716073989868164e+00,7.305763363838195801e-01,8.890271419659256935e-05,-4.227421595714986324e-04
1.213752269744873047e+00,3.962943553924560547e-01,2.922233343124389648e-01,-1.492716073989868164e+00,7.305763363838195801e-01,8.890271419659256935e-05,-4.227421595714986324e-04
1.215752363204956055e+00,3.906378149986267090e-01,2.937573194503784180e-01,-1.689406633377075195e+00,4.322462379932403564e-01,-1.930129801621660590e-04,-4.149258165853098035e-05
1.217752456665039062e+00,3.849812448024749756e-01,2.949078083038330078e-01,-1.808236718177795410e+00,1.955735683441162109e-01,-6.980726902838796377e-05,7.583505066577345133e-05
1.219752550125122070e+00,3.849812448024749756e-01,2.949078083038330078e-01,-1.808236718177795410e+00,1.955735683441162109e-01,-6.980726902838796377e-05,7.583505066577345133e-05
1.221752643585205078e+00,3.790850043296813965e-01,2.968252897262573242e-01,-1.894451856613159180e+00,5.244787931442260742e-01,-1.923285017255693674e-04,4.644597065635025501e-04
1.223752737045288086e+00,3.724697232246398926e-01,2.979757785797119141e-01,-2.054824113845825195e+00,4.440371394157409668e-01,-6.657991616521030664e-05,7.857898017391562462e-04
1.225752830505371094e+00,3.724697232246398926e-01,2.979757785797119141e-01,-2.054824113845825195e+00,4.440371394157409668e-01,-6.657991616521030664e-05,7.857898017391562462e-04
1.227752923965454102e+00,3.654709458351135254e-01,2.979757785797119141e-01,-2.212793111801147461e+00,3.352220356464385986e-02,-8.891088509699329734e-05,7.461334917024942115e-06
1.229753017425537109e+00,3.654709458351135254e-01,2.979757785797119141e-01,-2.270116090774536133e+00,-1.065448299050331116e-01,-5.430825331131927669e-05,-1.411830307915806770e-04
1.232535123825073242e+00,3.584721386432647705e-01,2.983592748641967773e-01,-2.469689846038818359e+00,-3.255493342876434326e-01,-2.504986478015780449e-04,1.970064113265834749e-05
1.234597682952880859e+00,3.505146205425262451e-01,2.983592748641967773e-01,-2.469689846038818359e+00,-3.255493342876434326e-01,-6.425530300475656986e-04,8.577154221711680293e-05
1.236597776412963867e+00,3.426050245761871338e-01,2.991262674331665039e-01,-2.571779251098632812e+00,3.929411992430686951e-02,-6.425530300475656986e-04,8.577154221711680293e-05
1.238597869873046875e+00,3.341681361198425293e-01,2.987427711486816406e-01,-2.687654733657836914e+00,-4.396312311291694641e-02,8.551563951186835766e-04,5.526844761334359646e-04
1.240597963333129883e+00,3.341681361198425293e-01,2.987427711486816406e-01,-2.687654733657836914e+00,-4.396312311291694641e-02,8.551563951186835766e-04,5.526844761334359646e-04
1.242598056793212891e+00,3.257312476634979248e-01,2.987427711486816406e-01,-2.749475002288818359e+00,2.611559927463531494e-01,-7.975738117238506675e-05,7.873040885897353292e-06
1.244598150253295898e+00,3.257312476634979248e-01,2.987427711486816406e-01,-2.917243957519531250e+00,-5.855441093444824219e-01,-5.101103452034294605e-04,3.043403266929090023e-04
1.246598482131958008e+00,3.165273666381835938e-01,2.960582971572875977e-01,-2.917243957519531250e+00,-5.855441093444824219e-01,-5.101103452034294605e-04,3.043403266929090023e-04
1.248598575592041016e+00,3.072276115417480469e-01,2.952913045883178711e-01,-3.021968603134155273e+00,-3.583192527294158936e-01,-2.922469138866290450e-05,-1.308480277657508850e-04
1.250598669052124023e+00,3.072276115417480469e-01,2.952913045883178711e-01,-3.108321905136108398e+00,3.521515801548957825e-02,7.274945382960140705e-04,3.315057547297328711e-04
1.288504838943481445e+00,1.674915254116058350e-01,2.450534403324127197e-01,-3.761460781097412109e+00,-2.661957979202270508e+00,3.249567816965281963e-04,2.461564436089247465e-04
1.290504932403564453e+00,1.566577851772308350e-01,2.385340183973312378e-01,-3.718752384185791016e+00,-2.311507463455200195e+00,-2.494843829481396824e-05,2.972949878312647343e-04
1.292505264282226562e+00,1.566577851772308350e-01,2.385340183973312378e-01,-3.747616767883300781e+00,-2.949414730072021484e+00,2.737933245953172445e-04,-3.175434540025889874e-05
1.294505357742309570e+00,1.453926265239715576e-01,2.289466410875320435e-01,-3.747616767883300781e+00,-2.949414730072021484e+00,2.737933245953172445e-04,-3.175434540025889874e-05
1.296505451202392578e+00,1.347506344318389893e-01,2.182087749242782593e-01,-3.614420652389526367e+00,-3.711848974227905273e+00,5.158341955393552780e-04,-1.533198374090716243e-04
1.298505544662475586e+00,1.347506344318389893e-01,2.182087749242782593e-01,-3.580104112625122070e+00,-3.352558135986328125e+00,-3.423913731239736080e-04,1.833281858125701547e-04
1.300505638122558594e+00,1.240606978535652161e-01,2.086213976144790649e-01,-3.580104112625122070e+00,-3.352558135986328125e+00,-3.423913731239736080e-04,1.833281858125701547e-04
1.302505731582641602e+00,1.137063279747962952e-01,1.967330425977706909e-01,-3.511500358581542969e+00,-3.692129135131835938e+00,-6.313091143965721130e-04,-6.090404349379241467e-05
1.304519414901733398e+00,1.137063279747962952e-01,1.967330425977706909e-01,-3.396644353866577148e+00,-4.465839385986328125e+00,4.501329749473370612e-05,5.732099452870897949e-05
1.306519508361816406e+00,1.037833914160728455e-01,1.829272210597991943e-01,-3.396644353866577148e+00,-4.465839385986328125e+00,-2.707679814193397760e-04,3.911035310011357069e-05
1.308642625808715820e+00,9.371664375066757202e-02,1.691213846206665039e-01,-3.369190454483032227e+00,-4.653170585632324219e+00,-2.707679814193397760e-04,3.911035310011357069e-05
1.310642719268798828e+00,8.422513306140899658e-02,1.549320667982101440e-01,-3.258344650268554688e+00,-4.632346153259277344e+00,2.508027828298509121e-04,2.411953303749214683e-09
1.312642812728881836e+00,8.422513306140899658e-02,1.549320667982101440e-01,-3.258344650268554688e+00,-4.632346153259277344e+00,2.508027828298509121e-04,2.411953303749214683e-09
1.314642906188964844e+00,7.449394464492797852e-02,1.384417712688446045e-01,-3.244254350662231445e+00,-5.389314651489257812e+00,2.077803801512345672e-04,-5.738677282352000475e-05
1.316642999649047852e+00,6.481069326400756836e-02,1.227184683084487915e-01,-3.241312742233276367e+00,-5.584091186523437500e+00,1.813560811569914222e-04,9.556581790093332529e-05
1.318643093109130859e+00,6.481069326400756836e-02,1.227184683084487915e-01,-3.241312742233276367e+00,-5.584091186523437500e+00,1.813560811569914222e-04,9.556581790093332529e-05
1.320643424987792969e+00,5.507949739694595337e-02,1.081456467509269714e-01,-3.268334627151489258e+00,-5.161004543304443359e+00,1.988430312849231996e-06,4.315735714044421911e-05
1.322643518447875977e+00,5.507949739694595337e-02,1.081456467509269714e-01,-3.161410093307495117e+00,-5.411235809326171875e+00,5.009944288758561015e-05,-3.905283811036497355e-04
1.324643611907958984e+00,4.577973857522010803e-02,9.165535122156143188e-02,-3.161410093307495117e+00,-5.411235809326171875e+00,5.009944288758561015e-05,-3.905283811036497355e-04
1.326643705368041992e+00,3.614442422986030579e-02,7.554855942726135254e-02,-3.198892593383789062e+00,-5.294955730438232422e+00,-2.521677233744412661e-04,-3.706961579155176878e-04
1.328643798828125000e+00,3.614442422986030579e-02,7.554855942726135254e-02,-3.138438224792480469e+00,-5.979248523712158203e+00,6.943105254322290421e-04,2.099344710586592555e-04
1.330643892288208008e+00,2.698847465217113495e-02,5.752428248524665833e-02,-3.138438224792480469e+00,-5.979248523712158203e+00,6.943105254322290421e-04,2.099344710586592555e-04
1.332643985748291016e+00,1.778458990156650543e-02,4.103398695588111877e-02,-3.075263738632202148e+00,-5.651537895202636719e+00,-3.214672615285962820e-04,-1.813466042221989483e-05
1.334644079208374023e+00,8.532768115401268005e-03,2.339320816099643707e-02,-3.129575014114379883e+00,-5.937555313110351562e+00,-1.790703245205804706e-04,-2.834388287737965584e-04
1.336644172668457031e+00,8.532768115401268005e-03,2.339320816099643707e-02,-3.129575014114379883e+00,-5.937555313110351562e+00,-1.790703245205804706e-04,-2.834388287737965584e-04
1.338644504547119141e+00,-4.793690095539204776e-05,6.135923322290182114e-03,-3.022190093994140625e+00,-5.771096229553222656e+00,-2.819036672008223832e-05,-5.804602551506832242e-05
1.340644598007202148e+00,-8.916263468563556671e-03,-1.188835129141807556e-02,-3.001204729080200195e+00,-5.944126605987548828e+00,-1.797425502445548773e-04,1.499582431279122829e-04
1.342644691467285156e+00,-8.916263468563556671e-03,-1.188835129141807556e-02,-3.001204729080200195e+00,-5.944126605987548828e+00,-1.797425502445548773e-04,1.499582431279122829e-04
1.344644784927368164e+00,-1.764077879488468170e-02,-2.876214124262332916e-02,-2.951426029205322266e+00,-5.531456947326660156e+00,1.872118591563776135e-04,-1.925227115862071514e-04
1.346644878387451172e+00,-2.660498023033142090e-02,-4.678641632199287415e-02,-2.953113317489624023e+00,-5.872505664825439453e+00,-5.054187568021006882e-05,-4.779113078257068992e-05
1.348644971847534180e+00,-2.660498023033142090e-02,-4.678641632199287415e-02,-2.953113317489624023e+00,-5.872505664825439453e+00,-5.054187568021006882e-05,-4.779113078257068992e-05
1.350645065307617188e+00,-3.585680201649665833e-02,-6.366020441055297852e-02,-2.983031511306762695e+00,-5.786544799804687500e+00,3.013541572727262974e-04,-3.149781841784715652e-04
1.352645158767700195e+00,-4.501274973154067993e-02,-7.823302596807479858e-02,-3.019060611724853516e+00,-4.763741493225097656e+00,9.590253466740250587e-05,5.209667870076373219e-05
1.354645252227783203e+00,-4.501274973154067993e-02,-7.823302596807479858e-02,-3.019060611724853516e+00,-4.763741493225097656e+00,9.590253466740250587e-05,5.209667870076373219e-05
1.356645345687866211e+00,-5.445631965994834900e-02,-9.395632892847061157e-02,-3.065205812454223633e+00,-4.765458583831787109e+00,6.304394337348639965e-04,-2.056805387837812304e-04
1.358645439147949219e+00,-6.346845626831054688e-02,-1.096796318888664246e-01,-3.065193414688110352e+00,-5.082841873168945312e+00,-1.786990324035286903e-04,2.847054565791040659e-04
1.360645532608032227e+00,-6.346845626831054688e-02,-1.096796318888664246e-01,-3.065193414688110352e+00,-5.082841873168945312e+00,-1.786990324035286903e-04,2.847054565791040659e-04
1.362645626068115234e+00,-7.248059660196304321e-02,-1.242524459958076477e-01,-3.028362035751342773e+00,-4.966628074645996094e+00,-3.380837151780724525e-04,-2.023409033427014947e-04
1.364645957946777344e+00,-7.248059660196304321e-02,-1.242524459958076477e-01,-2.991833209991455078e+00,-4.607925891876220703e+00,-1.679947017692029476e-04,-2.100392302963882685e-04
1.366646051406860352e+00,-8.139685541391372681e-02,-1.380582749843597412e-01,-2.991833209991455078e+00,-4.607925891876220703e+00,-1.679947017692029476e-04,-2.100392302963882685e-04
1.368646144866943359e+00,-9.040899574756622314e-02,-1.526310890913009644e-01,-3.003139495849609375e+00,-4.687826633453369141e+00,-1.048482517944648862e-04,1.783400366548448801e-04
1.370646476745605469e+00,-9.922938793897628784e-02,-1.660534292459487915e-01,-2.989079713821411133e+00,-4.348418235778808594e+00,3.667649480121326633e-06,-1.816572039388120174e-04
1.372646570205688477e+00,-9.922938793897628784e-02,-1.660534292459487915e-01,-2.989079713821411133e+00,-4.348418235778808594e+00,3.667649480121326633e-06,-1.816572039388120174e-04
1.374646663665771484e+00,-1.079059615731239319e-01,-1.806262433528900146e-01,-2.928249835968017578e+00,-4.682031631469726562e+00,2.261205081595107913e-04,8.109840564429759979e-05
1.376646757125854492e+00,-1.161511093378067017e-01,-1.940485686063766479e-01,-2.797852277755737305e+00,-4.549407005310058594e+00,1.572052715346217155e-04,-8.512285421602427959e-05
1.378646850585937500e+00,-1.161511093378067017e-01,-1.940485686063766479e-01,-2.797852277755737305e+00,-4.549407005310058594e+00,1.572052715346217155e-04,-8.512285421602427959e-05
1.380646944046020508e+00,-1.243483200669288635e-01,-2.070874124765396118e-01,-2.776265382766723633e+00,-4.355831623077392578e+00,-1.368098310194909573e-04,-1.702126464806497097e-04
1.382647037506103516e+00,-1.322579085826873779e-01,-2.212767302989959717e-01,-2.691778421401977539e+00,-4.646843433380126953e+00,-9.247235720977187157e-05,5.308510662871412933e-05
1.384647130966186523e+00,-1.322579085826873779e-01,-2.212767302989959717e-01,-2.691778421401977539e+00,-4.646843433380126953e+00,-9.247235720977187157e-05,5.308510662871412933e-05
1.386647224426269531e+00,-1.405030637979507446e-01,-2.343155741691589355e-01,-2.680622100830078125e+00,-4.374618530273437500e+00,-2.353549352847039700e-04,-3.693785401992499828e-04
1.388647317886352539e+00,-1.405030637979507446e-01,-2.343155741691589355e-01,-2.682168006896972656e+00,-4.083646297454833984e+00,-9.663506352808326483e-05,-4.854170038015581667e-05
1.390647411346435547e+00,-1.488440781831741333e-01,-2.465874254703521729e-01,-2.682168006896972656e+00,-4.083646297454833984e+00,-9.663506352808326483e-05,-4.854170038015581667e-05
1.392647504806518555e+00,-1.566098481416702271e-01,-2.588592767715454102e-01,-2.627703905105590820e+00,-4.259353637695312500e+00,-1.871608110377565026e-04,-2.544493472669273615e-04
1.394647598266601562e+00,-1.644715070724487305e-01,-2.695971429347991943e-01,-2.593714237213134766e+00,-3.875971317291259766e+00,7.163920090533792973e-04,-1.370485842926427722e-04
1.396647930145263672e+00,-1.644715070724487305e-01,-2.695971429347991943e-01,-2.593714237213134766e+00,-3.875971317291259766e+00,7.163920090533792973e-04,-1.370485842926427722e-04
1.398648023605346680e+00,-1.715661734342575073e-01,-2.795680165290832520e-01,-2.560489416122436523e+00,-3.652219533920288086e+00,-1.608354214113205671e-04,-1.590671163285151124e-04
1.400648117065429688e+00,-1.715661734342575073e-01,-2.910728752613067627e-01,-2.542051315307617188e+00,-3.916191101074218750e+00,8.179479045793414116e-04,-4.672676004702225327e-05
1.402648448944091797e+00,-1.793319433927536011e-01,-2.910728752613067627e-01,-2.542051315307617188e+00,-3.916191101074218750e+00,8.179479045793414116e-04,-4.672676004702225327e-05
1.404648542404174805e+00,-1.861869245767593384e-01,-2.998932600021362305e-01,-2.438732385635375977e+00,-3.297708749771118164e+00,-4.264574090484529734e-04,-3.997231251560151577e-04
1.406648635864257812e+00,-1.861869245767593384e-01,-3.094806373119354248e-01,-2.379878044128417969e+00,-3.132556915283203125e+00,8.551698556402698159e-05,1.019310802803374827e-04
1.408648729324340820e+00,-1.931377798318862915e-01,-3.094806373119354248e-01,-2.379878044128417969e+00,-3.132556915283203125e+00,8.551698556402698159e-05,1.019310802803374827e-04
1.410648822784423828e+00,-1.999927461147308350e-01,-3.198350071907043457e-01,-2.277746915817260742e+00,-3.390236139297485352e+00,5.948297330178320408e-04,-1.800003228709101677e-04
1.412648916244506836e+00,-2.056013643741607666e-01,-3.294223845005035400e-01,-2.106864452362060547e+00,-3.493647336959838867e+00,4.574750346364453435e-05,-8.414687908953055739e-05
1.414649009704589844e+00,-2.056013643741607666e-01,-3.294223845005035400e-01,-2.106864452362060547e+00,-3.493647336959838867e+00,4.574750346364453435e-05,-8.414687908953055739e-05
1.416649103164672852e+00,-2.116414159536361694e-01,-3.393932580947875977e-01,-1.979463100433349609e+00,-3.336487293243408203e+00,6.654721801169216633e-05,4.868480609729886055e-04
1.418649196624755859e+00,-2.116414159536361694e-01,-3.493641316890716553e-01,-1.853748679161071777e+00,-3.543070316314697266e+00,-1.296244299737736583e-04,5.258790915831923485e-04
1.420649290084838867e+00,-2.166747897863388062e-01,-3.493641316890716553e-01,-1.853748679161071777e+00,-3.543070316314697266e+00,-1.296244299737736583e-04,5.258790915831923485e-04
1.422649383544921875e+00,-2.216602265834808350e-01,-3.589515089988708496e-01,-1.744772553443908691e+00,-3.301704168319702148e+00,-6.394675001502037048e-04,2.183349133701995015e-04
1.424649477005004883e+00,-2.260224819183349609e-01,-3.693058788776397705e-01,-1.593471765518188477e+00,-3.457978010177612305e+00,-8.584358729422092438e-04,-6.347164890030398965e-05
1.426649570465087891e+00,-2.260224819183349609e-01,-3.693058788776397705e-01,-1.593471765518188477e+00,-3.457978010177612305e+00,-8.584358729422092438e-04,-6.347164890030398965e-05
1.428649663925170898e+00,-2.301450669765472412e-01,-3.808107376098632812e-01,-1.462834000587463379e+00,-4.137068271636962891e+00,-2.122288715327158570e-04,-3.883399185724556446e-04
1.430649757385253906e+00,-2.301450669765472412e-01,-3.808107376098632812e-01,-1.389244318008422852e+00,-3.185230255126953125e+00,-1.981530367629602551e-04,4.633670414477819577e-06
1.432650089263916016e+00,-2.340279519557952881e-01,-3.888641297817230225e-01,-1.389244318008422852e+00,-3.185230255126953125e+00,-1.981530367629602551e-04,4.633670414477819577e-06
1.434650182723999023e+00,-2.371917814016342163e-01,-3.992184996604919434e-01,-1.215816974639892578e+00,-3.351007461547851562e+00,2.261812333017587662e-04,2.579937790869735181e-05
1.436650276184082031e+00,-2.399241924285888672e-01,-4.076554179191589355e-01,-1.059995293617248535e+00,-3.000537157058715820e+00,8.546569733880460262e-05,-7.292719237739220262e-05
1.438774824142456055e+00,-2.399241924285888672e-01,-4.076554179191589355e-01,-1.059995293617248535e+00,-3.000537157058715820e+00,8.546569733880460262e-05,-7.292719237739220262e-05
1.440774917602539062e+00,-2.423689663410186768e-01,-4.183932840824127197e-01,-9.139993190765380859e-01,-3.607423067092895508e+00,1.164756831713020802e-04,1.095670595532283187e-04
1.442775011062622070e+00,-2.442864477634429932e-01,-4.264466762542724609e-01,-7.683750987052917480e-01,-3.282877206802368164e+00,4.719962598755955696e-04,4.120341909583657980e-04
1.444775104522705078e+00,-2.442864477634429932e-01,-4.264466762542724609e-01,-7.683750987052917480e-01,-3.282877206802368164e+00,4.719962598755955696e-04,4.120341909583657980e-04
1.446775197982788086e+00,-2.459642440080642700e-01,-4.356505572795867920e-01,-6.652337908744812012e-01,-3.127358436584472656e+00,-1.046134057105518878e-04,-1.339884875051211566e-05
1.448775291442871094e+00,-2.467791587114334106e-01,-4.440874457359313965e-01,-4.589559435844421387e-01,-2.893807888031005859e+00,2.310859563294798136e-04,-7.415082654915750027e-05
1.450775384902954102e+00,-2.467791587114334106e-01,-4.440874457359313965e-01,-4.589559435844421387e-01,-2.893807888031005859e+00,2.310859563294798136e-04,-7.415082654915750027e-05
1.452775478363037109e+00,-2.476420253515243530e-01,-4.525243341922760010e-01,-3.642840683460235596e-01,-2.565575361251831055e+00,1.737912825774401426e-04,-1.074112733476795256e-04
1.454775571823120117e+00,-2.478817105293273926e-01,-4.609612524509429932e-01,-2.161012291908264160e-01,-2.697962284088134766e+00,-3.472678654361516237e-04,1.536590571049600840e-04
1.456775665283203125e+00,-2.478817105293273926e-01,-4.609612524509429932e-01,-2.161012291908264160e-01,-2.697962284088134766e+00,-3.472678654361516237e-04,1.536590571049600840e-04
1.458775997161865234e+00,-2.478817105293273926e-01,-4.678641557693481445e-01,-8.542446047067642212e-02,-2.207762241363525391e+00,-3.845708124572411180e-05,1.468192203901708126e-04
1.460776090621948242e+00,-2.476420253515243530e-01,-4.751505553722381592e-01,4.802998155355453491e-03,-2.186922550201416016e+00,2.214876440120860934e-05,-3.855910908896476030e-04
1.462776184082031250e+00,-2.476420253515243530e-01,-4.751505553722381592e-01,4.802998155355453491e-03,-2.186922550201416016e+00,2.214876440120860934e-05,-3.855910908896476030e-04
1.464776277542114258e+00,-2.469709068536758423e-01,-4.828204810619354248e-01,1.235463544726371765e-01,-2.564168453216552734e+00,1.952087623067200184e-04,6.795458466513082385e-05
1.466776371002197266e+00,-2.461559921503067017e-01,-4.878059029579162598e-01,2.000957131385803223e-01,-2.113976478576660156e+00,-4.450439155334606767e-05,-5.563231534324586391e-04
1.468776464462280273e+00,-2.461559921503067017e-01,-4.878059029579162598e-01,2.000957131385803223e-01,-2.113976478576660156e+00,-4.450439155334606767e-05,-5.563231534324586391e-04
1.470776557922363281e+00,-2.445261329412460327e-01,-4.927913546562194824e-01,3.939644694328308105e-01,-1.668097138404846191e+00,-2.580875388957792893e-06,2.171796659240499139e-04
1.472776651382446289e+00,-2.433277070522308350e-01,-4.981602728366851807e-01,4.059148728847503662e-01,-1.884062409400939941e+00,-3.170770942233502865e-04,2.722905192058533430e-04
1.474776744842529297e+00,-2.433277070522308350e-01,-4.981602728366851807e-01,4.059148728847503662e-01,-1.884062409400939941e+00,-3.170770942233502865e-04,2.722905192058533430e-04
1.476776838302612305e+00,-2.414581626653671265e-01,-5.012282133102416992e-01,5.215691328048706055e-01,-1.279902815818786621e+00,5.532436771318316460e-04,-5.685604992322623730e-04
1.478776931762695312e+00,-2.395406961441040039e-01,-5.039126873016357422e-01,5.832449793815612793e-01,-9.426158070564270020e-01,1.848852552939206362e-04,-6.090631723054684699e-05
1.480777025222778320e+00,-2.395406961441040039e-01,-5.039126873016357422e-01,5.832449793815612793e-01,-9.426158070564270020e-01,1.848852552939206362e-04,-6.090631723054684699e-05
1.482777118682861328e+00,-2.376711517572402954e-01,-5.050631761550903320e-01,5.993232727050781250e-01,-5.364024043083190918e-01,2.237157314084470272e-04,-1.845360529841855168e-04
1.484777212142944336e+00,-2.352743148803710938e-01,-5.054466724395751953e-01,7.019361257553100586e-01,-4.989153519272804260e-02,2.363087114645168185e-04,-1.953051687451079488e-04
1.486777305603027344e+00,-2.352743148803710938e-01,-5.054466724395751953e-01,7.019361257553100586e-01,-4.989153519272804260e-02,9.206001413986086845e-05,6.716362986480817199e-05
1.488777399063110352e+00,-2.333088964223861694e-01,-5.050631761550903320e-01,6.631265282630920410e-01,2.290806025266647339e-01,9.206001413986086845e-05,6.716362986480817199e-05
1.490777730941772461e+00,-2.306723743677139282e-01,-5.039126873016357422e-01,7.492208480834960938e-01,3.262462019920349121e-01,-1.279800344491377473e-04,1.519750076113268733e-04
1.492777824401855469e+00,-2.306723743677139282e-01,-5.039126873016357422e-01,7.492208480834960938e-01,3.262462019920349121e-01,-1.279800344491377473e-04,1.519750076113268733e-04
1.494777917861938477e+00,-2.284193336963653564e-01,-5.012282133102416992e-01,7.670483589172363281e-01,7.556543350219726562e-01,-4.383838968351483345e-04,-3.452418313827365637e-04
1.496778011322021484e+00,-2.257827967405319214e-01,-4.985437691211700439e-01,8.172082304954528809e-01,7.742512822151184082e-01,3.192234144080430269e-04,-9.121969342231750488e-04
1.498778343200683594e+00,-2.257827967405319214e-01,-4.985437691211700439e-01,8.172082304954528809e-01,7.742512822151184082e-01,-3.712200559675693512e-04,-1.936332118930295110e-04
1.500778436660766602e+00,-2.230983376502990723e-01,-4.939418137073516846e-01,8.421809077262878418e-01,1.355757236480712891e+00,-3.712200559675693512e-04,-1.936332118930295110e-04
1.502778530120849609e+00,-2.198865711688995361e-01,-4.885728955268859863e-01,9.495485424995422363e-01,1.903389811515808105e+00,-5.190453375689685345e-04,1.145124988397583365e-04
1.504778623580932617e+00,-2.198865711688995361e-01,-4.885728955268859863e-01,9.495485424995422363e-01,1.903389811515808105e+00,7.231915515149012208e-05,4.633851494872942567e-05
1.506778717041015625e+00,-2.166268527507781982e-01,-4.843544363975524902e-01,1.016783118247985840e+00,1.558250069618225098e+00,7.231915515149012208e-05,4.633851494872942567e-05
1.508779048919677734e+00,-2.129836529493331909e-01,-4.793690145015716553e-01,1.088601231575012207e+00,1.563974857330322266e+00,-2.421677345409989357e-04,-2.055221120826900005e-04
1.510779142379760742e+00,-2.129836529493331909e-01,-4.793690145015716553e-01,1.088601231575012207e+00,1.563974857330322266e+00,-2.421677345409989357e-04,-2.055221120826900005e-04
1.512779235839843750e+00,-2.090528309345245361e-01,-4.724660813808441162e-01,1.213854074478149414e+00,2.271932125091552734e+00,-3.489101363811641932e-04,3.856438706861808896e-05
1.514779329299926758e+00,-2.053137421607971191e-01,-4.667136669158935547e-01,1.223685503005981445e+00,2.111186981201171875e+00,1.379474706482142210e-04,-1.467035326641052961e-04
1.516779422760009766e+00,-2.053137421607971191e-01,-4.667136669158935547e-01,1.223685503005981445e+00,2.111186981201171875e+00,1.379474706482142210e-04,-1.467035326641052961e-04
1.518779516220092773e+00,-2.005679905414581299e-01,-4.601942598819732666e-01,1.402493953704833984e+00,2.144702911376953125e+00,1.168379312730394304e-04,-1.377243461320176721e-04
1.520779609680175781e+00,-1.961098611354827881e-01,-4.532913267612457275e-01,1.430632829666137695e+00,2.233457088470458984e+00,-1.189255817735102028e-05,-6.887557683512568474e-04
1.522779703140258789e+00,-1.961098611354827881e-01,-4.532913267612457275e-01,1.430632829666137695e+00,2.233457088470458984e+00,-1.189255817735102028e-05,-6.887557683512568474e-04
1.524779796600341797e+00,-1.914120465517044067e-01,-4.463884234428405762e-01,1.551481366157531738e+00,2.473125457763671875e+00,2.694893628358840942e-04,-7.306167390197515488e-04
1.526779890060424805e+00,-1.867142319679260254e-01,-4.391020238399505615e-01,1.561155796051025391e+00,2.458009958267211914e+00,1.015232337522320449e-04,-6.386307650245726109e-04
1.528779983520507812e+00,-1.867142319679260254e-01,-4.391020238399505615e-01,1.561155796051025391e+00,2.458009958267211914e+00,1.015232337522320449e-04,-6.386307650245726109e-04
1.530780076980590820e+00,-1.808659285306930542e-01,-4.314320981502532959e-01,1.764342904090881348e+00,2.572768211364746094e+00,-3.795225347857922316e-04,3.794731164816766977e-04
1.532780170440673828e+00,-1.756408065557479858e-01,-4.241456985473632812e-01,1.796568512916564941e+00,2.375216722488403320e+00,-6.357108941301703453e-04,-1.070185608114115894e-04
1.534780502319335938e+00,-1.756408065557479858e-01,-4.241456985473632812e-01,1.903202533721923828e+00,2.744275808334350586e+00,-9.182362555293366313e-05,-6.979839963605627418e-05
1.536947011947631836e+00,-1.695528179407119751e-01,-4.157088100910186768e-01,1.903202533721923828e+00,2.744275808334350586e+00,-9.182362555293366313e-05,-6.979839963605627418e-05
1.538947105407714844e+00,-1.636086404323577881e-01,-4.080389142036437988e-01,1.956053495407104492e+00,2.662774562835693359e+00,4.152579640503972769e-05,1.923669478856027126e-04
1.540947198867797852e+00,-1.636086404323577881e-01,-4.080389142036437988e-01,1.956053495407104492e+00,2.662774562835693359e+00,4.152579640503972769e-05,1.923669478856027126e-04
1.542947292327880859e+00,-1.571850925683975220e-01,-4.015194773674011230e-01,2.049933195114135742e+00,2.433284759521484375e+00,-2.928556932602077723e-04,1.338230795226991177e-04
1.544947385787963867e+00,-1.508094966411590576e-01,-3.938495814800262451e-01,2.099558830261230469e+00,2.647582769393920898e+00,2.748826809693127871e-04,-3.005234757438302040e-04
1.546947479248046875e+00,-1.508094966411590576e-01,-3.938495814800262451e-01,2.099558830261230469e+00,2.647582769393920898e+00,-1.468393656978150830e-05,-3.735371865332126617e-04
1.548947572708129883e+00,-1.439545154571533203e-01,-3.877136409282684326e-01,2.174807786941528320e+00,2.044173240661621094e+00,-1.468393656978150830e-05,-3.735371865332126617e-04
1.550948143005371094e+00,-1.366681009531021118e-01,-3.788932561874389648e-01,2.302342414855957031e+00,2.683030128479003906e+00,6.792538333684206009e-04,-5.577295087277889252e-04
1.552948236465454102e+00,-1.366681009531021118e-01,-3.788932561874389648e-01,2.302342414855957031e+00,2.683030128479003906e+00,6.792538333684206009e-04,-5.577295087277889252e-04
1.554948329925537109e+00,-1.295734494924545288e-01,-3.712233603000640869e-01,2.335458993911743164e+00,2.536469459533691406e+00,-2.872287877835333347e-04,3.113327329629100859e-05
1.556948423385620117e+00,-1.223349720239639282e-01,-3.627864718437194824e-01,2.333555221557617188e+00,2.681664228439331055e+00,7.156829087762162089e-05,-1.449600385967642069e-04
1.558948516845703125e+00,-1.223349720239639282e-01,-3.627864718437194824e-01,2.333555221557617188e+00,2.681664228439331055e+00,7.156829087762162089e-05,-1.449600385967642069e-04
1.560948610305786133e+00,-1.144733205437660217e-01,-3.547330796718597412e-01,2.467980861663818359e+00,2.715573310852050781e+00,3.067968282266519964e-05,1.591033505974337459e-04
1.562948703765869141e+00,-1.063240468502044678e-01,-3.470631539821624756e-01,2.624862194061279297e+00,2.715723752975463867e+00,3.182876098435372114e-04,2.790090220514684916e-04
1.564948797225952148e+00,-1.063240468502044678e-01,-3.470631539821624756e-01,2.624862194061279297e+00,2.715723752975463867e+00,8.340083149960264564e-05,-4.711369401775300503e-04
1.566948890686035156e+00,-9.841445833444595337e-02,-3.397767543792724609e-01,2.630005359649658203e+00,2.355216503143310547e+00,8.340083149960264564e-05,-4.711369401775300503e-04
1.568949222564697266e+00,-9.007343649864196777e-02,-3.324903547763824463e-01,2.702043533325195312e+00,2.334810018539428711e+00,-1.797036529751494527e-04,-5.940290866419672966e-04
1.570949316024780273e+00,-9.007343649864196777e-02,-3.324903547763824463e-01,2.702043533325195312e+00,2.334810018539428711e+00,-1.797036529751494527e-04,-5.940290866419672966e-04
1.572949409484863281e+00,-8.158860355615615845e-02,-3.263544142246246338e-01,2.777616977691650391e+00,1.983631610870361328e+00,3.963838098570704460e-04,9.367211896460503340e-05
1.574949502944946289e+00,-7.195328921079635620e-02,-3.202185034751892090e-01,2.929605007171630859e+00,1.704733133316040039e+00,5.004284321330487728e-04,3.368675243109464645e-04
1.576949596405029297e+00,-7.195328921079635620e-02,-3.202185034751892090e-01,2.929605007171630859e+00,1.704733133316040039e+00,-8.063000859692692757e-05,4.332897660788148642e-04
1.578949689865112305e+00,-6.313289701938629150e-02,-3.136990666389465332e-01,2.998466968536376953e+00,1.922231197357177734e+00,-8.063000859692692757e-05,4.332897660788148642e-04
1.580949783325195312e+00,-5.402488633990287781e-02,-3.087136447429656982e-01,3.043756008148193359e+00,1.584728002548217773e+00,-7.188053568825125694e-04,-8.393666212214156985e-05
1.582949876785278320e+00,-5.402488633990287781e-02,-3.087136447429656982e-01,3.043756008148193359e+00,1.584728002548217773e+00,-7.188053568825125694e-04,-8.393666212214156985e-05
1.584949970245361328e+00,-4.429369792342185974e-02,-3.025777041912078857e-01,3.115871191024780273e+00,1.746404170989990234e+00,2.054266806226223707e-04,1.275584363611415029e-04
1.586950063705444336e+00,-3.485012799501419067e-02,-2.952913045883178711e-01,3.152625799179077148e+00,2.372873067855834961e+00,3.604423545766621828e-04,9.885190229397267103e-05
1.588950157165527344e+00,-3.485012799501419067e-02,-2.952913045883178711e-01,3.152625799179077148e+00,2.372873067855834961e+00,3.604423545766621828e-04,-2.341489307582378387e-04
1.590950250625610352e+00,-2.483131550252437592e-02,-2.914563715457916260e-01,3.232322454452514648e+00,1.457419395446777344e+00,-2.802449453156441450e-04,-2.341489307582378387e-04
1.592950344085693359e+00,-1.524393446743488312e-02,-2.837864458560943604e-01,3.229996442794799805e+00,2.316213607788085938e+00,-2.809148863889276981e-04,3.255538176745176315e-04
1.594950675964355469e+00,-1.524393446743488312e-02,-2.837864458560943604e-01,3.229996442794799805e+00,2.316213607788085938e+00,6.800038390792906284e-04,-6.226134719327092171e-04
1.596950769424438477e+00,-5.656554363667964935e-03,-2.780340313911437988e-01,3.220508813858032227e+00,2.135259389877319336e+00,6.800038390792906284e-04,-6.226134719327092171e-04
1.598950862884521484e+00,3.882888937368988991e-03,-2.715145945549011230e-01,3.196269035339355469e+00,2.169505834579467773e+00,6.076326462789438665e-05,2.390966401435434818e-04
1.600951194763183594e+00,3.882888937368988991e-03,-2.715145945549011230e-01,3.196269035339355469e+00,2.169505834579467773e+00,6.076326462789438665e-05,2.390966401435434818e-04
1.602951288223266602e+00,1.347026880830526352e-02,-2.646116912364959717e-01,3.190472841262817383e+00,2.366045713424682617e+00,2.213782136095687747e-04,-2.178056602133437991e-04
1.604951381683349609e+00,2.305764891207218170e-02,-2.577087879180908203e-01,3.194422245025634766e+00,2.498435258865356445e+00,1.935567415785044432e-04,-4.214308864902704954e-04
1.606951475143432617e+00,2.305764891207218170e-02,-2.577087879180908203e-01,3.185151100158691406e+00,2.211900234222412109e+00,2.014286437770351768e-04,-2.063854772131890059e-04
1.608951568603515625e+00,3.254915401339530945e-02,-2.511893510818481445e-01,3.185151100158691406e+00,2.211900234222412109e+00,2.014286437770351768e-04,-2.063854772131890059e-04
1.610951662063598633e+00,4.170510545372962952e-02,-2.435194551944732666e-01,3.115036249160766602e+00,2.360070228576660156e+00,3.084240233874879777e-05,-1.954956387635320425e-04
1.612951993942260742e+00,4.170510545372962952e-02,-2.435194551944732666e-01,3.115036249160766602e+00,2.360070228576660156e+00,3.084240233874879777e-05,-1.954956387635320425e-04
1.614952087402343750e+00,5.100486427545547485e-02,-2.362330406904220581e-01,3.104621410369873047e+00,2.310905694961547852e+00,2.023000852204859257e-04,-3.522784390952438116e-05
1.616952180862426758e+00,6.011287495493888855e-02,-2.281796485185623169e-01,3.040400743484497070e+00,2.440844297409057617e+00,5.734102887799963355e-05,-1.902177173178642988e-04
1.618952274322509766e+00,6.011287495493888855e-02,-2.281796485185623169e-01,3.040400743484497070e+00,2.440844297409057617e+00,5.734102887799963355e-05,-1.902177173178642988e-04
1.620952367782592773e+00,6.926882266998291016e-02,-2.182087749242782593e-01,3.019256114959716797e+00,3.284683704376220703e+00,-9.730044985190033913e-05,2.742885408224537969e-05
1.622952461242675781e+00,7.813715189695358276e-02,-2.109223604202270508e-01,3.009323835372924805e+00,2.680187463760375977e+00,-1.159003368229605258e-04,5.278090247884392738e-05
1.624952793121337891e+00,7.813715189695358276e-02,-2.109223604202270508e-01,3.009323835372924805e+00,2.680187463760375977e+00,-2.869835589081048965e-05,-8.444380364380776882e-05
1.626952886581420898e+00,8.638229221105575562e-02,-2.017184793949127197e-01,2.917132139205932617e+00,2.950186014175415039e+00,-2.869835589081048965e-05,-8.444380364380776882e-05
1.628953218460083008e+00,9.515474736690521240e-02,-1.921311020851135254e-01,2.832170486450195312e+00,3.139789104461669922e+00,-1.534415605419781059e-05,-9.337431947642471641e-06
1.630953311920166016e+00,9.515474736690521240e-02,-1.921311020851135254e-01,2.832170486450195312e+00,3.139789104461669922e+00,-2.826676063705235720e-04,-3.579771728254854679e-04
1.632953405380249023e+00,1.037833914160728455e-01,-1.844611912965774536e-01,2.895475387573242188e+00,2.951389789581298828e+00,-2.826676063705235720e-04,-3.579771728254854679e-04
1.634953498840332031e+00,1.126037836074829102e-01,-1.764077991247177124e-01,2.930768251419067383e+00,2.791904926300048828e+00,-1.518123754067346454e-04,5.847691209055483341e-04
1.636953592300415039e+00,1.126037836074829102e-01,-1.764077991247177124e-01,2.930768251419067383e+00,2.791904926300048828e+00,-1.518123754067346454e-04,5.847691209055483341e-04
1.638953685760498047e+00,1.213762313127517700e-01,-1.698883771896362305e-01,2.945137500762939453e+00,2.257906913757324219e+00,9.790546755539253354e-05,1.311095111304894090e-04
1.640953779220581055e+00,1.299569457769393921e-01,-1.622184664011001587e-01,2.909297227859497070e+00,2.514238595962524414e+00,1.940770198416430503e-05,2.098899130942299962e-05
1.642953872680664062e+00,1.299569457769393921e-01,-1.622184664011001587e-01,2.909297227859497070e+00,2.514238595962524414e+00,-1.527484710095450282e-04,-2.009415038628503680e-04
1.644953966140747070e+00,1.388252675533294678e-01,-1.549320667982101440e-01,2.904843091964721680e+00,2.582279443740844727e+00,-1.527484710095450282e-04,-2.009415038628503680e-04
1.646954059600830078e+00,1.473100930452346802e-01,-1.487961411476135254e-01,2.883115768432617188e+00,2.284076929092407227e+00,4.483657248783856630e-04,-1.089256111299619079e-04
1.648954153060913086e+00,1.473100930452346802e-01,-1.487961411476135254e-01,2.883115768432617188e+00,2.284076929092407227e+00,-4.487459082156419754e-04,-2.229244046247913502e-06
1.650954246520996094e+00,1.561784297227859497e-01,-1.415097266435623169e-01,2.899212360382080078e+00,2.436650514602661133e+00,-4.487459082156419754e-04,-2.229244046247913502e-06
1.652954339981079102e+00,1.648550033569335938e-01,-1.342233270406723022e-01,2.855855941772460938e+00,2.530354022979736328e+00,4.250883939675986767e-04,-1.617450179765000939e-04
1.654954433441162109e+00,1.648550033569335938e-01,-1.342233270406723022e-01,2.855855941772460938e+00,2.530354022979736328e+00,4.250883939675986767e-04,-1.617450179765000939e-04
1.656954526901245117e+00,1.727645844221115112e-01,-1.280874013900756836e-01,2.822817802429199219e+00,2.217145442962646484e+00,6.084757042117416859e-04,1.484011590946465731e-04
1.658954620361328125e+00,1.807700544595718384e-01,-1.215679794549942017e-01,2.748258352279663086e+00,2.025889396667480469e+00,-3.204663225915282965e-04,2.720464253798127174e-04
1.660954713821411133e+00,1.807700544595718384e-01,-1.215679794549942017e-01,2.748258352279663086e+00,2.025889396667480469e+00,5.076541492599062622e-05,3.264618862885981798e-04
1.662954807281494141e+00,1.886796355247497559e-01,-1.146650686860084534e-01,2.688248395919799805e+00,1.959689378738403320e+00,5.076541492599062622e-05,3.264618862885981798e-04
1.664954900741577148e+00,1.965412944555282593e-01,-1.069951653480529785e-01,2.620008707046508789e+00,2.355345010757446289e+00,-1.117822394007816911e-04,2.939043224614579231e-05
1.666954994201660156e+00,1.965412944555282593e-01,-1.069951653480529785e-01,2.620008707046508789e+00,2.355345010757446289e+00,7.998209184734150767e-05,-2.390197187196463346e-04
1.668955087661743164e+00,2.042112052440643311e-01,-1.008592396974563599e-01,2.582283258438110352e+00,2.247603893280029297e+00,7.998209184734150767e-05,-2.390197187196463346e-04
1.670955181121826172e+00,2.112579196691513062e-01,-9.433981776237487793e-02,2.449572563171386719e+00,2.091237783432006836e+00,1.609842292964458466e-04,-1.837768213590607047e-04
1.672955274581909180e+00,2.112579196691513062e-01,-9.433981776237487793e-02,2.449572563171386719e+00,2.091237783432006836e+00,1.609842292964458466e-04,-1.837768213590607047e-04
1.674955606460571289e+00,2.183046489953994751e-01,-8.666991442441940308e-02,2.375078439712524414e+00,2.467756509780883789e+00,7.228700997075065970e-05,-6.329577299766242504e-04
1.676955699920654297e+00,2.253513783216476440e-01,-7.861651480197906494e-02,2.348926544189453125e+00,2.695407867431640625e+00,-2.223774936283007264e-04,2.737062168307602406e-04
1.678955793380737305e+00,2.253513783216476440e-01,-7.861651480197906494e-02,2.348926544189453125e+00,2.695407867431640625e+00,-2.223774936283007264e-04,2.737062168307602406e-04
1.680956125259399414e+00,2.311517298221588135e-01,-7.094661146402359009e-02,2.166637659072875977e+00,2.521169424057006836e+00,7.406147778965532780e-04,2.725984668359160423e-04
1.682956218719482422e+00,2.367124110460281372e-01,-6.059224158525466919e-02,2.006869792938232422e+00,3.307127714157104492e+00,3.214932512491941452e-04,1.034245651680976152e-04
1.684956312179565430e+00,2.367124110460281372e-01,-6.059224158525466919e-02,2.006869792938232422e+00,3.307127714157104492e+00,3.214932512491941452e-04,1.034245651680976152e-04
1.686956405639648438e+00,2.416978478431701660e-01,-5.100486427545547485e-02,1.808663129806518555e+00,3.558666229248046875e+00,-1.950266741914674640e-04,-8.524995791958644986e-05
1.688956499099731445e+00,2.468750327825546265e-01,-4.218447208404541016e-02,1.747132182121276855e+00,3.239452123641967773e+00,-2.431824395898729563e-04,-5.508201429620385170e-04
1.690956592559814453e+00,2.468750327825546265e-01,-4.218447208404541016e-02,1.747132182121276855e+00,3.239452123641967773e+00,-2.431824395898729563e-04,-5.508201429620385170e-04
1.692956686019897461e+00,2.517166733741760254e-01,-3.298058733344078064e-02,1.661842346191406250e+00,3.029696702957153320e+00,-5.035767098888754845e-04,-5.378790592658333480e-05
1.694956779479980469e+00,2.559351027011871338e-01,-2.300971187651157379e-02,1.525437235832214355e+00,3.144415855407714844e+00,-1.661183778196573257e-04,-2.069471665890887380e-04
1.696956872940063477e+00,2.559351027011871338e-01,-2.300971187651157379e-02,1.525437235832214355e+00,3.144415855407714844e+00,-5.323872901499271393e-04,2.268122916575521231e-04
1.698956966400146484e+00,2.600097656250000000e-01,-1.380582712590694427e-02,1.411084413528442383e+00,2.909000873565673828e+00,-5.323872901499271393e-04,2.268122916575521231e-04
1.700957536697387695e+00,2.637488245964050293e-01,-4.218447487801313400e-03,1.325460314750671387e+00,2.690137147903442383e+00,1.592641092429403216e-05,-1.558817457407712936e-04
1.702957630157470703e+00,2.637488245964050293e-01,-4.218447487801313400e-03,1.325460314750671387e+00,2.690137147903442383e+00,-3.015580587089061737e-04,2.312231663381680846e-04
1.704957723617553711e+00,2.671044170856475830e-01,6.519418675452470779e-03,1.206374526023864746e+00,3.232958316802978516e+00,-3.015580587089061737e-04,2.312231663381680846e-04
1.706957817077636719e+00,2.704600095748901367e-01,1.572330296039581299e-02,1.141831159591674805e+00,2.831517219543457031e+00,-5.433703772723674774e-04,1.246588071808218956e-04
1.708957910537719727e+00,2.704600095748901367e-01,1.572330296039581299e-02,1.141831159591674805e+00,2.831517219543457031e+00,-5.433703772723674774e-04,1.246588071808218956e-04
1.710958003997802734e+00,2.734320759773254395e-01,2.531068399548530579e-02,1.074963450431823730e+00,2.889696598052978516e+00,2.696820010896772146e-04,-1.660988345975056291e-04
1.712958097457885742e+00,2.764520943164825439e-01,3.374757990241050720e-02,1.040344476699829102e+00,2.727918386459350586e+00,1.493793242843821645e-04,-1.372199476463720202e-04
1.714958190917968750e+00,2.764520943164825439e-01,3.374757990241050720e-02,1.040344476699829102e+00,2.727918386459350586e+00,1.493793242843821645e-04,-1.372199476463720202e-04
1.716958284378051758e+00,2.792324423789978027e-01,4.103398695588111877e-02,9.769130945205688477e-01,2.375675916671752930e+00,3.821500285994261503e-04,-1.022310607368126512e-04
1.718958377838134766e+00,2.822524607181549072e-01,4.832039773464202881e-02,9.756799936294555664e-01,2.253947257995605469e+00,8.139404963003471494e-05,8.683356281835585833e-05
1.720958471298217773e+00,2.822524607181549072e-01,4.832039773464202881e-02,9.756799936294555664e-01,2.253947257995605469e+00,8.139404963003471494e-05,8.683356281835585833e-05
1.722958564758300781e+00,2.852725088596343994e-01,5.445631965994834900e-02,9.697136282920837402e-01,2.061498641967773438e+00,-4.093531169928610325e-04,4.953943789587356150e-05
1.724958658218383789e+00,2.877652049064636230e-01,5.982525274157524109e-02,9.197379350662231445e-01,1.909455299377441406e+00,7.472935976693406701e-05,-1.238644326804205775e-04
1.726958751678466797e+00,2.877652049064636230e-01,5.982525274157524109e-02,9.197379350662231445e-01,1.909455299377441406e+00,7.472935976693406701e-05,-1.238644326804205775e-04
1.728958845138549805e+00,2.905455529689788818e-01,6.442719697952270508e-02,9.266194701194763184e-01,1.768177628517150879e+00,3.777988895308226347e-04,-3.531051042955368757e-04
1.730958938598632812e+00,2.930382788181304932e-01,6.749515980482101440e-02,8.804106712341308594e-01,1.110675930976867676e+00,1.971181482076644897e-04,-2.319733466720208526e-04
1.732959032058715820e+00,2.930382788181304932e-01,6.749515980482101440e-02,8.804106712341308594e-01,1.110675930976867676e+00,1.971181482076644897e-04,-2.319733466720208526e-04
1.734959125518798828e+00,2.951475083827972412e-01,7.094661146402359009e-02,7.960789799690246582e-01,8.154331445693969727e-01,6.152431014925241470e-04,2.047127927653491497e-04
1.736959218978881836e+00,2.974964082241058350e-01,7.439807057380676270e-02,7.995013594627380371e-01,1.054843783378601074e+00,-1.231232909049140289e-05,-2.432675246382132173e-04
1.738959312438964844e+00,2.974964082241058350e-01,7.439807057380676270e-02,7.995013594627380371e-01,1.054843783378601074e+00,-1.231232909049140289e-05,-2.432675246382132173e-04
1.740959405899047852e+00,2.991262674331665039e-01,7.669904083013534546e-02,6.642422080039978027e-01,9.217832684516906738e-01,1.222341234097257257e-04,6.043524626875296235e-05
1.742959499359130859e+00,3.008999228477478027e-01,7.823302596807479858e-02,5.963930487632751465e-01,5.653833746910095215e-01,-3.793837968260049820e-04,-1.499109057476744056e-04
1.744959592819213867e+00,3.008999228477478027e-01,7.823302596807479858e-02,5.963930487632751465e-01,5.653833746910095215e-01,-3.793837968260049820e-04,-1.499109057476744056e-04
1.746959686279296875e+00,3.021942377090454102e-01,7.976700365543365479e-02,5.084666013717651367e-01,5.287235379219055176e-01,3.945261705666780472e-04,3.519800375215709209e-04
1.748959779739379883e+00,3.036323189735412598e-01,7.976700365543365479e-02,4.792318940162658691e-01,-1.079278662800788879e-01,-2.395620831521227956e-04,-4.532806633505970240e-04
1.750959873199462891e+00,3.036323189735412598e-01,7.976700365543365479e-02,4.792318940162658691e-01,-1.079278662800788879e-01,5.019970121793448925e-04,7.849372923374176025e-05
1.752959966659545898e+00,3.046390116214752197e-01,8.091749250888824463e-02,4.105871617794036865e-01,-5.998955294489860535e-02,5.019970121793448925e-04,7.849372923374176025e-05
1.754960060119628906e+00,3.053580522537231445e-01,8.015049993991851807e-02,3.215008378028869629e-01,-3.452698588371276855e-01,-3.761496045626699924e-04,7.148245349526405334e-04
1.756960153579711914e+00,3.053580522537231445e-01,8.015049993991851807e-02,3.215008378028869629e-01,-3.452698588371276855e-01,5.051923799328505993e-04,-3.269322623964399099e-04
1.758960247039794922e+00,3.057895004749298096e-01,8.015049993991851807e-02,2.195024788379669189e-01,-2.634380757808685303e-01,5.051923799328505993e-04,-3.269322623964399099e-04
1.760960340499877930e+00,3.061729967594146729e-01,7.976700365543365479e-02,1.684441715478897095e-01,-2.638301849365234375e-01,7.467595278285443783e-04,3.561392659321427345e-04
1.762960433959960938e+00,3.061729967594146729e-01,7.976700365543365479e-02,7.416947185993194580e-02,-3.579128161072731018e-02,2.196004970755893737e-05,6.932385731488466263e-04
1.764960765838623047e+00,3.061250448226928711e-01,7.900001108646392822e-02,7.416947185993194580e-02,-3.579128161072731018e-02,2.196004970755893737e-05,6.932385731488466263e-04
1.766960859298706055e+00,3.058374226093292236e-01,7.784952968358993530e-02,-8.572587743401527405e-03,-2.386690676212310791e-02,-4.405404324643313885e-04,3.563324280548840761e-04
1.768960952758789062e+00,3.058374226093292236e-01,7.784952968358993530e-02,-8.572587743401527405e-03,-2.386690676212310791e-02,3.866358892992138863e-04,-6.635127647314220667e-05
1.770961046218872070e+00,3.048786818981170654e-01,7.516506314277648926e-02,-1.787149757146835327e-01,-6.606382727622985840e-01,3.866358892992138863e-04,-6.635127647314220667e-05
1.772961139678955078e+00,3.039678931236267090e-01,7.401457428932189941e-02,-2.624846398830413818e-01,-5.387778282165527344e-01,-7.028926629573106766e-04,-2.345911198062822223e-04
1.774961233139038086e+00,3.039678931236267090e-01,7.401457428932189941e-02,-2.624846398830413818e-01,-5.387778282165527344e-01,-1.161732288892380893e-04,-3.594174631871283054e-04
1.776961326599121094e+00,3.026735782623291016e-01,7.171360403299331665e-02,-3.590329885482788086e-01,-8.113900423049926758e-01,-1.161732288892380893e-04,-3.594174631871283054e-04
1.778961658477783203e+00,3.008999228477478027e-01,6.941263377666473389e-02,-4.895631372928619385e-01,-1.069504976272583008e+00,-3.050728992093354464e-04,1.089955912902951241e-05
1.780961751937866211e+00,3.008999228477478027e-01,6.941263377666473389e-02,-4.895631372928619385e-01,-1.069504976272583008e+00,-3.050728992093354464e-04,1.089955912902951241e-05
1.782961845397949219e+00,2.990303933620452881e-01,6.826214492321014404e-02,-5.622662305831909180e-01,-8.526399135589599609e-01,2.611010277178138494e-04,1.456814061384648085e-04
1.784961938858032227e+00,2.965376675128936768e-01,6.596117466688156128e-02,-7.018273472785949707e-01,-9.015704393386840820e-01,-5.761299980804324150e-04,8.002388640306890011e-04
1.786962032318115234e+00,2.965376675128936768e-01,6.596117466688156128e-02,-7.018273472785949707e-01,-9.015704393386840820e-01,-5.761299980804324150e-04,8.002388640306890011e-04
1.788962125778198242e+00,2.938531935214996338e-01,6.481069326400756836e-02,-8.144306540489196777e-01,-5.783565640449523926e-01,5.822733146487735212e-05,4.173843772150576115e-04
1.790962219238281250e+00,2.909290492534637451e-01,6.212622299790382385e-02,-9.094887375831604004e-01,-9.128422737121582031e-01,5.967629840597510338e-04,1.174074641312472522e-04
1.792962312698364258e+00,2.909290492534637451e-01,6.212622299790382385e-02,-9.094887375831604004e-01,-9.128422737121582031e-01,5.967629840597510338e-04,1.174074641312472522e-04
1.794962406158447266e+00,2.877652049064636230e-01,6.059224158525466919e-02,-9.933918118476867676e-01,-5.287522673606872559e-01,-4.826702061109244823e-04,4.025240559712983668e-05
1.796962499618530273e+00,2.844575643539428711e-01,5.714078620076179504e-02,-1.047342896461486816e+00,-1.047613978385925293e+00,-6.290764304139884189e-06,7.052590808598324656e-05
1.798962593078613281e+00,2.844575643539428711e-01,5.714078620076179504e-02,-1.047342896461486816e+00,-1.047613978385925293e+00,-6.290764304139884189e-06,7.052590808598324656e-05
1.800962686538696289e+00,2.807185053825378418e-01,5.445631965994834900e-02,-1.124277472496032715e+00,-1.089151740074157715e+00,6.228146376088261604e-04,2.678892051335424185e-04
1.802962779998779297e+00,2.767876684665679932e-01,5.215534940361976624e-02,-1.216980338096618652e+00,-8.798587322235107422e-01,1.229098561452701688e-04,8.484029240207746625e-05
1.804962873458862305e+00,2.767876684665679932e-01,5.215534940361976624e-02,-1.216980338096618652e+00,-8.798587322235107422e-01,6.045179907232522964e-04,4.222941061016172171e-04
1.806962966918945312e+00,2.727609574794769287e-01,4.908738657832145691e-02,-1.290732026100158691e+00,-8.444765806198120117e-01,6.045179907232522964e-04,4.222941061016172171e-04
1.808963060379028320e+00,2.686384022235870361e-01,4.448544234037399292e-02,-1.343656659126281738e+00,-1.429684400558471680e+00,-2.056674857158213854e-04,1.505279360571876168e-04
1.810963153839111328e+00,2.686384022235870361e-01,4.448544234037399292e-02,-1.343656659126281738e+00,-1.429684400558471680e+00,3.197946352884173393e-04,-2.490324914106167853e-05
1.812963247299194336e+00,2.644678950309753418e-01,4.026699811220169067e-02,-1.370824933052062988e+00,-1.605684280395507812e+00,3.197946352884173393e-04,-2.490324914106167853e-05
1.814963340759277344e+00,2.602014839649200439e-01,3.643204644322395325e-02,-1.391116261482238770e+00,-1.428257703781127930e+00,-1.821935002226382494e-04,3.104603092651814222e-04
1.816963434219360352e+00,2.602014839649200439e-01,3.643204644322395325e-02,-1.391116261482238770e+00,-1.428257703781127930e+00,-4.613792407326400280e-04,-2.860267704818397760e-05
1.818963527679443359e+00,2.557433545589447021e-01,3.144660592079162598e-02,-1.450091958045959473e+00,-1.729358077049255371e+00,-4.613792407326400280e-04,-2.860267704818397760e-05
1.820963621139526367e+00,2.513331770896911621e-01,2.646116912364959717e-02,-1.451346039772033691e+00,-1.771342515945434570e+00,-1.743270113365724683e-04,2.777271438390016556e-04
1.822963714599609375e+00,2.513331770896911621e-01,2.646116912364959717e-02,-1.451346039772033691e+00,-1.771342515945434570e+00,-1.743270113365724683e-04,2.777271438390016556e-04
1.824963808059692383e+00,2.463477402925491333e-01,2.109223604202270508e-02,-1.541209816932678223e+00,-1.781522035598754883e+00,5.735180457122623920e-05,-2.966269312310032547e-05
1.826963901519775391e+00,2.412664294242858887e-01,1.649029366672039032e-02,-1.634302616119384766e+00,-1.487639188766479492e+00,-5.769059062004089355e-04,-4.129264925722964108e-05
1.828963994979858398e+00,2.412664294242858887e-01,1.649029366672039032e-02,-1.634302616119384766e+00,-1.487639188766479492e+00,-2.793828607536852360e-04,-1.132034049078356475e-05
1.830964088439941406e+00,2.361371815204620361e-01,9.970875456929206848e-03,-1.693038463592529297e+00,-1.975008487701416016e+00,-2.793828607536852360e-04,-1.132034049078356475e-05
1.832964181900024414e+00,2.304326891899108887e-01,4.985437728464603424e-03,-1.812531828880310059e+00,-1.808192491531372070e+00,1.432011631550267339e-04,-1.816885342122986913e-04
1.834964275360107422e+00,2.304326891899108887e-01,4.985437728464603424e-03,-1.812531828880310059e+00,-1.808192491531372070e+00,-1.015227753669023514e-03,1.665210584178566933e-04
1.836964368820190430e+00,2.250158190727233887e-01,1.533980830572545528e-03,-1.816275358200073242e+00,-1.231301903724670410e+00,-1.015227753669023514e-03,1.665210584178566933e-04
1.838964462280273438e+00,2.187840193510055542e-01,-3.451456781476736069e-03,-1.951000571250915527e+00,-1.534867525100708008e+00,-5.525049637071788311e-04,-2.928893081843852997e-04
1.840964555740356445e+00,2.187840193510055542e-01,-3.451456781476736069e-03,-1.951000571250915527e+00,-1.534867525100708008e+00,-2.306367969140410423e-04,-4.363459302112460136e-04
1.842964649200439453e+00,2.117852270603179932e-01,-4.985437728464603424e-03,-2.155289649963378906e+00,-5.168879628181457520e-01,-2.306367969140410423e-04,-4.363459302112460136e-04
1.844964742660522461e+00,2.044508755207061768e-01,-8.820389397442340851e-03,-2.344244003295898438e+00,-9.252159595489501953e-01,4.689924826379865408e-04,-2.509199257474392653e-04
1.846964836120605469e+00,2.044508755207061768e-01,-8.820389397442340851e-03,-2.344244003295898438e+00,-9.252159595489501953e-01,4.689924826379865408e-04,-2.509199257474392653e-04
1.848964929580688477e+00,1.973082870244979858e-01,-1.073786616325378418e-02,-2.369259834289550781e+00,-6.873876452445983887e-01,-3.340512193972244859e-05,5.685761061613447964e-05
1.850965023040771484e+00,1.896863132715225220e-01,-1.112136058509349823e-02,-2.468847751617431641e+00,-2.479652166366577148e-01,5.765641981270164251e-05,-1.488346024416387081e-04
1.852965116500854492e+00,1.896863132715225220e-01,-1.112136058509349823e-02,-2.468847751617431641e+00,-2.479652166366577148e-01,2.794395550154149532e-04,-1.923279196489602327e-04
1.854965209960937500e+00,1.812014877796173096e-01,-1.265534199774265289e-02,-2.618442535400390625e+00,-5.975763201713562012e-01,2.794395550154149532e-04,-1.923279196489602327e-04
1.856965303421020508e+00,1.723331660032272339e-01,-1.112136058509349823e-02,-2.794591903686523438e+00,1.967080086469650269e-01,3.495428827591240406e-04,4.838437889702618122e-04
1.858965396881103516e+00,1.723331660032272339e-01,-1.112136058509349823e-02,-2.794591903686523438e+00,1.967080086469650269e-01,3.495428827591240406e-04,4.838437889702618122e-04
1.860965490341186523e+00,1.633210182189941406e-01,-1.035437081009149551e-02,-2.872414588928222656e+00,2.962929308414459229e-01,-2.045557776000350714e-04,3.993315476691350341e-05
1.862965583801269531e+00,1.536857038736343384e-01,-8.436894975602626801e-03,-3.037443637847900391e+00,6.105372905731201172e-01,3.649895079433917999e-04,-4.059589264215901494e-05
1.864965677261352539e+00,1.536857038736343384e-01,-8.436894975602626801e-03,-3.037443637847900391e+00,6.105372905731201172e-01,-1.408617972629144788e-04,-5.624272671411745250e-05
1.866965770721435547e+00,1.439545154571533203e-01,-6.519418675452470779e-03,-3.154963016510009766e+00,7.102819085121154785e-01,-1.408617972629144788e-04,-5.624272671411745250e-05
1.868965864181518555e+00,1.345588862895965576e-01,-3.451456781476736069e-03,-3.178415536880493164e+00,1.202695727348327637e+00,2.759290327958296984e-05,-8.703279308974742889e-05
1.870965957641601562e+00,1.345588862895965576e-01,-3.451456781476736069e-03,-3.178415536880493164e+00,1.202695727348327637e+00,2.759290327958296984e-05,-8.703279308974742889e-05
1.872966051101684570e+00,1.240127608180046082e-01,-2.300971187651157379e-03,-3.249265193939208984e+00,7.918341755867004395e-01,4.249585254001431167e-05,-1.714028476271778345e-04
1.874966144561767578e+00,1.150965020060539246e-01,-3.834952076431363821e-04,-3.218952417373657227e+00,7.582163214683532715e-01,-5.111627397127449512e-04,-3.162789216730743647e-04
1.876966238021850586e+00,1.150965020060539246e-01,-3.834952076431363821e-04,-3.218952417373657227e+00,7.582163214683532715e-01,-3.325655998196452856e-04,3.240440855734050274e-04
1.878966331481933594e+00,1.048859357833862305e-01,1.150485593825578690e-03,-3.294055700302124023e+00,5.836837887763977051e-01,-3.325655998196452856e-04,3.240440855734050274e-04
1.880966424942016602e+00,9.515474736690521240e-02,3.834952134639024734e-03,-3.247726917266845703e+00,1.105139136314392090e+00,-2.675706055015325546e-04,-2.811911108437925577e-04
1.882966518402099609e+00,9.515474736690521240e-02,3.834952134639024734e-03,-3.247726917266845703e+00,1.105139136314392090e+00,-2.675706055015325546e-04,-2.811911108437925577e-04
1.884966611862182617e+00,8.566324412822723389e-02,3.451456781476736069e-03,-3.222803831100463867e+00,2.927155792713165283e-01,-3.195144381606951356e-05,-5.057992893853224814e-05
1.886966705322265625e+00,7.597998529672622681e-02,4.601942375302314758e-03,-3.212642669677734375e+00,4.011367261409759521e-01,3.364159056218340993e-05,1.448992697987705469e-04
1.888966798782348633e+00,7.597998529672622681e-02,4.601942375302314758e-03,-3.212642669677734375e+00,4.011367261409759521e-01,3.364159056218340993e-05,1.448992697987705469e-04
1.890966892242431641e+00,6.639260798692703247e-02,4.985437728464603424e-03,-3.191251993179321289e+00,2.674950957298278809e-01,4.701672150986269116e-05,1.203534266096539795e-04
1.892966985702514648e+00,5.656554177403450012e-02,5.368933081626892090e-03,-3.199341773986816406e+00,2.194790355861186981e-02,-1.579228992341086268e-04,4.924567765556275845e-04
1.894967079162597656e+00,5.656554177403450012e-02,5.368933081626892090e-03,-3.199341773986816406e+00,2.194790355861186981e-02,-1.579228992341086268e-04,4.924567765556275845e-04
1.896967172622680664e+00,4.707403853535652161e-02,4.985437728464603424e-03,-3.213799238204956055e+00,-2.671359777450561523e-01,-2.109867928083986044e-04,2.902718551922589540e-04
1.898967266082763672e+00,3.758253157138824463e-02,4.601942375302314758e-03,-3.204641103744506836e+00,-2.505083382129669189e-01,1.444587360310833901e-05,5.744546069763600826e-04
1.901241302490234375e+00,3.758253157138824463e-02,4.601942375302314758e-03,-3.114384412765502930e+00,6.240782141685485840e-02,-9.251966548617929220e-05,5.644735647365450859e-04
1.903241634368896484e+00,2.833070792257785797e-02,4.985437728464603424e-03,-3.114384412765502930e+00,6.240782141685485840e-02,-9.251966548617929220e-05,5.644735647365450859e-04
1.905241727828979492e+00,1.869539171457290649e-02,3.451456781476736069e-03,-3.170238018035888672e+00,-2.794672250747680664e-01,1.706015755189582705e-04,3.368173784110695124e-04
1.907241821289062500e+00,1.869539171457290649e-02,3.451456781476736069e-03,-3.074510812759399414e+00,1.572469919919967651e-01,-9.696505003375932574e-05,-4.784560587722808123e-06
1.909241914749145508e+00,9.587380103766918182e-03,3.834952134639024734e-03,-3.074510812759399414e+00,1.572469919919967651e-01,-9.696505003375932574e-05,-4.784560587722808123e-06
1.911242008209228516e+00,2.396845084149390459e-04,2.684466540813446045e-03,-3.091278076171875000e+00,5.674226209521293640e-02,-6.912607932463288307e-05,-1.023467411869205534e-04
1.913242101669311523e+00,2.396845084149390459e-04,2.684466540813446045e-03,-3.069416046142578125e+00,-7.024112343788146973e-02,1.166936417575925589e-04,-2.165341429645195603e-04
1.915242433547973633e+00,-8.916263468563556671e-03,1.533980830572545528e-03,-3.069416046142578125e+00,-7.024112343788146973e-02,1.166936417575925589e-04,-2.165341429645195603e-04
1.917242527008056641e+00,-1.788046397268772125e-02,-3.834952076431363821e-04,-3.054880619049072266e+00,-4.359107315540313721e-01,4.623986882279496058e-08,1.138386651291511953e-04
1.919242620468139648e+00,-1.788046397268772125e-02,-3.834952076431363821e-04,-3.014937639236450195e+00,-1.963398456573486328e-01,-5.144471069797873497e-04,-4.382970801088958979e-04
1.921242713928222656e+00,-2.698847465217113495e-02,-7.669904152862727642e-04,-3.014937639236450195e+00,-1.963398456573486328e-01,-5.144471069797873497e-04,-4.382970801088958979e-04
1.923242807388305664e+00,-3.566505387425422668e-02,-2.300971187651157379e-03,-2.961778402328491211e+00,-4.138426482677459717e-01,-1.512817198090488091e-05,-3.302212644484825432e-05
1.925242900848388672e+00,-3.566505387425422668e-02,-2.300971187651157379e-03,-2.974563360214233398e+00,-5.013194084167480469e-01,7.392366533167660236e-04,-5.125046009197831154e-04
1.927242994308471680e+00,-4.467719048261642456e-02,-3.451456781476736069e-03,-2.974563360214233398e+00,-5.013194084167480469e-01,7.392366533167660236e-04,-5.125046009197831154e-04
1.929243087768554688e+00,-5.368933081626892090e-02,-4.218447487801313400e-03,-2.964576959609985352e+00,-3.591541051864624023e-01,4.583435948006808758e-04,6.744844140484929085e-04
1.931243181228637695e+00,-5.368933081626892090e-02,-4.218447487801313400e-03,-2.895751953125000000e+00,-8.065122961997985840e-01,-4.262345100869424641e-05,-4.574951017275452614e-04
1.933243513107299805e+00,-6.265352666378021240e-02,-6.135923322290182114e-03,-2.895751953125000000e+00,-8.065122961997985840e-01,-4.262345100869424641e-05,-4.574951017275452614e-04
1.935243606567382812e+00,-7.075486332178115845e-02,-5.368933081626892090e-03,-2.852718353271484375e+00,-6.703857332468032837e-02,-3.312799090053886175e-04,-2.312553697265684605e-04
1.937243700027465820e+00,-7.075486332178115845e-02,-5.368933081626892090e-03,-2.862173080444335938e+00,-1.416259557008743286e-01,1.626781595405191183e-04,5.242585393716581166e-05
1.939243793487548828e+00,-7.952731847763061523e-02,-6.135923322290182114e-03,-2.862173080444335938e+00,-1.416259557008743286e-01,1.626781595405191183e-04,5.242585393716581166e-05
1.941243886947631836e+00,-8.791627734899520874e-02,-6.902913562953472137e-03,-2.839680194854736328e+00,-3.503008782863616943e-01,2.408611726423259825e-05,-1.059662754414603114e-04
1.943243980407714844e+00,-8.791627734899520874e-02,-6.902913562953472137e-03,-2.795966386795043945e+00,-4.373601824045181274e-02,1.270053180633112788e-04,6.064012268325313926e-05
1.945244073867797852e+00,-9.596967697143554688e-02,-6.902913562953472137e-03,-2.795966386795043945e+00,-4.373601824045181274e-02,1.270053180633112788e-04,6.064012268325313926e-05
1.947244167327880859e+00,-1.042148247361183167e-01,-6.902913562953472137e-03,-2.687821149826049805e+00,9.018021821975708008e-02,-2.534202212700620294e-05,-1.712015655357390642e-04
1.949244499206542969e+00,-1.042148247361183167e-01,-6.902913562953472137e-03,-2.748357295989990234e+00,-2.974619865417480469e-01,6.399065023288130760e-04,-1.298471615882590413e-04
1.951244592666625977e+00,-1.122202873229980469e-01,-7.669904269278049469e-03,-2.748357295989990234e+00,-2.974619865417480469e-01,6.399065023288130760e-04,-1.298471615882590413e-04
1.953244686126708984e+00,-1.197943165898323059e-01,-7.286408916115760803e-03,-2.635985374450683594e+00,-1.772600859403610229e-01,-2.719440090004354715e-04,1.145495407399721444e-04
1.955244779586791992e+00,-1.197943165898323059e-01,-7.286408916115760803e-03,-2.619715452194213867e+00,3.708483874797821045e-01,6.605878006666898727e-04,1.998305524466559291e-04
1.957244873046875000e+00,-1.277518421411514282e-01,-6.135923322290182114e-03,-2.619715452194213867e+00,3.708483874797821045e-01,6.605878006666898727e-04,1.998305524466559291e-04
1.959244966506958008e+00,-1.353258639574050903e-01,-6.135923322290182114e-03,-2.573500156402587891e+00,2.066546082496643066e-01,-9.777801096788607538e-06,3.776460944209247828e-04
1.961245059967041016e+00,-1.353258639574050903e-01,-6.135923322290182114e-03,-2.536036014556884766e+00,-1.571395546197891235e-01,-2.384195104241371155e-04,3.811596834566444159e-04
1.963245153427124023e+00,-1.428040266036987305e-01,-6.135923322290182114e-03,-2.536036014556884766e+00,-1.571395546197891235e-01,-2.384195104241371155e-04,3.811596834566444159e-04
1.965245246887207031e+00,-1.498507559299468994e-01,-5.752427969127893448e-03,-2.434314966201782227e+00,-2.162679582834243774e-01,8.032380719669163227e-04,3.926296631107106805e-05
1.967245340347290039e+00,-1.498507559299468994e-01,-5.752427969127893448e-03,-2.413344860076904297e+00,8.315553665161132812e-01,-2.073904033750295639e-04,2.690460823941975832e-04
1.969245433807373047e+00,-1.574247777462005615e-01,-3.067961661145091057e-03,-2.413344860076904297e+00,8.315553665161132812e-01,-2.073904033750295639e-04,2.690460823941975832e-04
1.971245527267456055e+00,-1.637045145034790039e-01,-3.451456781476736069e-03,-2.308931350708007812e+00,3.534517884254455566e-01,-4.749351937789469957e-04,1.661598275859432761e-06
1.973245620727539062e+00,-1.637045145034790039e-01,-3.451456781476736069e-03,-2.227517604827880859e+00,2.389476895332336426e-01,-6.753853085683658719e-05,1.442784923710860312e-05
1.975245714187622070e+00,-1.703198105096817017e-01,-3.451456781476736069e-03,-2.227517604827880859e+00,2.389476895332336426e-01,-6.753853085683658719e-05,1.442784923710860312e-05
1.977246046066284180e+00,-1.765516102313995361e-01,-3.451456781476736069e-03,-2.151122331619262695e+00,5.959315225481987000e-02,2.998329291585832834e-04,4.984752740710973740e-04
1.979246139526367188e+00,-1.765516102313995361e-01,-3.451456781476736069e-03,-1.969160914421081543e+00,3.484790921211242676e-01,-8.243042975664138794e-04,1.612561609363183379e-04
1.981246232986450195e+00,-1.819684803485870361e-01,-3.067961661145091057e-03,-1.969160914421081543e+00,3.484790921211242676e-01,-8.243042975664138794e-04,1.612561609363183379e-04
1.983246326446533203e+00,-1.877688467502593994e-01,-3.834952134639024734e-03,-1.916540026664733887e+00,5.987373180687427521e-03,7.867384701967239380e-04,3.882891032844781876e-04
1.985246419906616211e+00,-1.877688467502593994e-01,-3.834952134639024734e-03,-1.814296126365661621e+00,-8.381956815719604492e-02,-9.330063039669767022e-05,6.142428610473871231e-04
1.987246513366699219e+00,-1.929460316896438599e-01,-4.601942375302314758e-03,-1.814296126365661621e+00,-8.381956815719604492e-02,-9.330063039669767022e-05,6.142428610473871231e-04
1.989246606826782227e+00,-1.977876573801040649e-01,-4.985437728464603424e-03,-1.700547575950622559e+00,6.962220370769500732e-02,4.582486581057310104e-04,-1.559007505420595407e-04
1.991246700286865234e+00,-1.977876573801040649e-01,-4.985437728464603424e-03,-1.583234310150146484e+00,-4.138166308403015137e-01,-6.114123389124870300e-04,2.446567232254892588e-04
1.993246793746948242e+00,-2.021978497505187988e-01,-6.902913562953472137e-03,-1.583234310150146484e+00,-4.138166308403015137e-01,-6.114123389124870300e-04,2.446567232254892588e-04
1.995246887207031250e+00,-2.062724828720092773e-01,-8.053399622440338135e-03,-1.480075001716613770e+00,-4.156863391399383545e-01,-4.452720459084957838e-04,-4.400185425765812397e-04
1.997246980667114258e+00,-2.062724828720092773e-01,-8.053399622440338135e-03,-1.328879356384277344e+00,-1.838623173534870148e-02,7.401317998301237822e-05,4.414340073708444834e-04
1.999247074127197266e+00,-2.098677456378936768e-01,-8.053399622440338135e-03,-1.328879356384277344e+00,-1.838623173534870148e-02,7.401317998301237822e-05,4.414340073708444834e-04
2.001247167587280273e+00,-2.135109603404998779e-01,-1.035437081009149551e-02,-1.266589879989624023e+00,-5.655179023742675781e-01,-3.159560728818178177e-04,2.799935100483708084e-05
2.003247261047363281e+00,-2.135109603404998779e-01,-1.035437081009149551e-02,-1.118492841720581055e+00,-3.618907928466796875e-01,-4.298487911000847816e-04,2.991281216964125633e-04
2.005247354507446289e+00,-2.165309786796569824e-01,-1.112136058509349823e-02,-1.118492841720581055e+00,-3.618907928466796875e-01,-4.298487911000847816e-04,2.991281216964125633e-04
2.007247447967529297e+00,-2.195510119199752808e-01,-1.188835129141807556e-02,-1.054999709129333496e+00,-1.690083295106887817e-01,2.546359319239854813e-04,-3.519419406075030565e-04
2.009247541427612305e+00,-2.195510119199752808e-01,-1.188835129141807556e-02,-1.054999709129333496e+00,-1.690083295106887817e-01,1.380813482683151960e-04,-1.345323980785906315e-04
2.011247634887695312e+00,-2.219957858324050903e-01,-1.303883735090494156e-02,-9.228850603103637695e-01,-2.325421571731567383e-01,1.380813482683151960e-04,-1.345323980785906315e-04
2.013247728347778320e+00,-2.241529524326324463e-01,-1.342233270406723022e-02,-8.244528174400329590e-01,-4.790314938873052597e-03,-6.304151611402630806e-04,2.700551121961325407e-04
2.015247821807861328e+00,-2.241529524326324463e-01,-1.342233270406723022e-02,-6.801257133483886719e-01,-3.895950317382812500e-01,-1.610731706023216248e-04,2.450358588248491287e-04
2.017247915267944336e+00,-2.258307337760925293e-01,-1.533980853855609894e-02,-6.801257133483886719e-01,-3.895950317382812500e-01,-1.610731706023216248e-04,2.450358588248491287e-04
2.019248008728027344e+00,-2.273647189140319824e-01,-1.725728437304496765e-02,-5.799399018287658691e-01,-8.085396885871887207e-01,2.687059459276497364e-04,7.232125062728300691e-05
2.021248102188110352e+00,-2.273647189140319824e-01,-1.725728437304496765e-02,-4.695904254913330078e-01,6.248323246836662292e-02,-5.243651685304939747e-04,-6.751739419996738434e-04
2.023248195648193359e+00,-2.285152077674865723e-01,-1.649029366672039032e-02,-4.695904254913330078e-01,6.248323246836662292e-02,-5.243651685304939747e-04,-6.751739419996738434e-04
2.025248289108276367e+00,-2.295698225498199463e-01,-1.840776950120925903e-02,-4.189315438270568848e-01,-4.640297293663024902e-01,2.146793412975966930e-04,2.830744779203087091e-04
2.027248382568359375e+00,-2.295698225498199463e-01,-1.840776950120925903e-02,-2.855674326419830322e-01,-4.905826151371002197e-01,-5.200461964705027640e-05,-2.504953772586304694e-05
2.029248476028442383e+00,-2.299533188343048096e-01,-1.955825649201869965e-02,-2.855674326419830322e-01,-4.905826151371002197e-01,-5.200461964705027640e-05,-2.504953772586304694e-05
2.031248569488525391e+00,-2.299053817987442017e-01,-2.109223604202270508e-02,-1.389179974794387817e-01,-6.470937132835388184e-01,1.199675491079688072e-03,1.756980636855587363e-04
2.033248662948608398e+00,-2.299053817987442017e-01,-2.109223604202270508e-02,-8.242653682827949524e-03,-5.100197196006774902e-01,-2.480605689925141633e-05,3.775077129830606282e-05
2.035248756408691406e+00,-2.295698225498199463e-01,-2.185922674834728241e-02,-8.242653682827949524e-03,-5.100197196006774902e-01,-2.480605689925141633e-05,3.775077129830606282e-05
2.037248849868774414e+00,-2.287069559097290039e-01,-2.262621745467185974e-02,1.537048071622848511e-01,-4.659774899482727051e-01,5.527311805053614080e-05,2.343579544685781002e-04
2.039248943328857422e+00,-2.287069559097290039e-01,-2.262621745467185974e-02,2.414853721857070923e-01,-7.231625318527221680e-01,-2.250598772661760449e-04,-2.266541996505111456e-04
2.041249036788940430e+00,-2.277961522340774536e-01,-2.454369328916072845e-02,2.414853721857070923e-01,-7.231625318527221680e-01,-2.250598772661760449e-04,-2.266541996505111456e-04
2.043249130249023438e+00,-2.265497893095016479e-01,-2.607767470180988312e-02,3.317807316780090332e-01,-9.094054102897644043e-01,-5.670183782058302313e-06,-2.269774849992245436e-04
2.045249223709106445e+00,-2.265497893095016479e-01,-2.607767470180988312e-02,4.380861222743988037e-01,-5.549301505088806152e-01,3.977216547355055809e-04,3.789003812926239334e-06
2.047249794006347656e+00,-2.248720079660415649e-01,-2.646116912364959717e-02,4.380861222743988037e-01,-5.549301505088806152e-01,3.977216547355055809e-04,3.789003812926239334e-06
2.049249887466430664e+00,-2.229065895080566406e-01,-2.761165425181388855e-02,5.514562726020812988e-01,-6.431388258934020996e-01,1.966444979188963771e-04,1.339016016572713852e-04
2.051249980926513672e+00,-2.229065895080566406e-01,-2.761165425181388855e-02,6.606875061988830566e-01,-1.489078700542449951e-01,5.917268936173059046e-05,-1.230683410540223122e-04
2.053250074386596680e+00,-2.206056118011474609e-01,-2.761165425181388855e-02,6.606875061988830566e-01,-1.489078700542449951e-01,5.917268936173059046e-05,-1.230683410540223122e-04
2.055250167846679688e+00,-2.182567119598388672e-01,-2.837864495813846588e-02,7.305372953414916992e-01,-2.175743281841278076e-01,-9.083298209588974714e-05,-1.937637716764584184e-05
2.057250261306762695e+00,-2.182567119598388672e-01,-2.837864495813846588e-02,8.300220370292663574e-01,-6.907372176647186279e-02,-2.164193720091134310e-04,-1.301842421526089311e-04
2.059250354766845703e+00,-2.154284268617630005e-01,-2.876214124262332916e-02,8.300220370292663574e-01,-6.907372176647186279e-02,-2.164193720091134310e-04,-1.301842421526089311e-04
2.061250448226928711e+00,-2.125042825937271118e-01,-2.991262637078762054e-02,9.160593152046203613e-01,-3.898952901363372803e-01,8.983931911643594503e-05,-4.690330533776432276e-04
2.063250541687011719e+00,-2.125042825937271118e-01,-2.991262637078762054e-02,9.963392019271850586e-01,2.317107468843460083e-01,1.563706427987199277e-05,-6.467650382546707988e-05
2.065250635147094727e+00,-2.092925161123275757e-01,-2.876214124262332916e-02,9.963392019271850586e-01,2.317107468843460083e-01,1.563706427987199277e-05,-6.467650382546707988e-05
2.067250728607177734e+00,-2.058410495519638062e-01,-2.914563566446304321e-02,1.082547903060913086e+00,2.353165909880772233e-04,-2.374870564381126314e-05,2.247468219138681889e-04
2.069250822067260742e+00,-2.058410495519638062e-01,-2.914563566446304321e-02,1.093872308731079102e+00,3.090402483940124512e-01,1.777290744939818978e-04,-8.165779581759124994e-05
2.071250915527343750e+00,-2.026292830705642700e-01,-2.837864495813846588e-02,1.093872308731079102e+00,3.090402483940124512e-01,1.777290744939818978e-04,-8.165779581759124994e-05
2.073251008987426758e+00,-1.989381462335586548e-01,-2.722815982997417450e-02,1.161723971366882324e+00,5.671809315681457520e-01,5.229956586845219135e-04,-4.316630656830966473e-04
2.075251102447509766e+00,-1.989381462335586548e-01,-2.722815982997417450e-02,1.227526664733886719e+00,-2.321045398712158203e-01,2.115638490067794919e-04,1.327638165093958378e-04
2.077251195907592773e+00,-1.950552463531494141e-01,-2.837864495813846588e-02,1.227526664733886719e+00,-2.321045398712158203e-01,1.003023644443601370e-04,-3.110825491603463888e-04
2.079251289367675781e+00,-1.910285502672195435e-01,-2.492718771100044250e-02,1.284696817398071289e+00,9.979932904243469238e-01,1.003023644443601370e-04,-3.110825491603463888e-04
2.081251621246337891e+00,-1.910285502672195435e-01,-2.492718771100044250e-02,1.321038484573364258e+00,3.965782821178436279e-01,1.025804449454881251e-04,1.199106118292547762e-04
2.083251714706420898e+00,-1.869059801101684570e-01,-2.531068399548530579e-02,1.321038484573364258e+00,3.965782821178436279e-01,1.025804449454881251e-04,1.199106118292547762e-04
2.085251808166503906e+00,-1.823519766330718994e-01,-2.377670258283615112e-02,1.412127494812011719e+00,4.639540910720825195e-01,-3.494448610581457615e-04,1.504875399405136704e-04
2.087251901626586914e+00,-1.823519766330718994e-01,-2.377670258283615112e-02,1.476900339126586914e+00,3.052532970905303955e-01,-1.249829510925337672e-04,6.267357821343466640e-05
2.089251995086669922e+00,-1.777500361204147339e-01,-2.300971187651157379e-02,1.476900339126586914e+00,3.052532970905303955e-01,-1.249829510925337672e-04,6.267357821343466640e-05
2.091252088546752930e+00,-1.728125214576721191e-01,-2.032524533569812775e-02,1.553104519844055176e+00,9.309773445129394531e-01,-1.237813616171479225e-03,-3.639252099674195051e-04
2.093252182006835938e+00,-1.728125214576721191e-01,-2.032524533569812775e-02,1.603727340698242188e+00,5.524476766586303711e-01,-4.909663766738958657e-05,1.076836051652207971e-04
2.095252275466918945e+00,-1.678750216960906982e-01,-1.955825649201869965e-02,1.603727340698242188e+00,5.524476766586303711e-01,-4.909663766738958657e-05,1.076836051652207971e-04
2.097252368927001953e+00,-1.626019626855850220e-01,-1.840776950120925903e-02,1.676415443420410156e+00,4.753298759460449219e-01,-8.333527948707342148e-04,-4.456506285350769758e-04
2.099252462387084961e+00,-1.626019626855850220e-01,-1.840776950120925903e-02,1.744900941848754883e+00,7.246240973472595215e-01,-6.870570359751582146e-05,2.494854852557182312e-04
2.101252555847167969e+00,-1.572330296039581299e-01,-1.649029366672039032e-02,1.744900941848754883e+00,7.246240973472595215e-01,-6.870570359751582146e-05,2.494854852557182312e-04
2.103252649307250977e+00,-1.518161594867706299e-01,-1.649029366672039032e-02,1.813444256782531738e+00,7.030807435512542725e-02,-3.839338023681193590e-05,-2.719205804169178009e-04
2.105252742767333984e+00,-1.518161594867706299e-01,-1.649029366672039032e-02,1.831109404563903809e+00,-4.845721647143363953e-02,9.011818474391475320e-05,8.123175357468426228e-04
2.107252836227416992e+00,-1.463513523340225220e-01,-1.533980853855609894e-02,1.831109404563903809e+00,-4.845721647143363953e-02,9.011818474391475320e-05,8.123175357468426228e-04
2.109252929687500000e+00,-1.407906711101531982e-01,-1.303883735090494156e-02,1.838788986206054688e+00,1.709919124841690063e-01,2.764535602182149887e-04,-1.603510172571986914e-04
2.111253023147583008e+00,-1.407906711101531982e-01,-1.303883735090494156e-02,1.930275917053222656e+00,7.522098422050476074e-01,-1.807395528885535896e-05,2.194549597334116697e-04
2.113253116607666016e+00,-1.347506344318389893e-01,-1.035437081009149551e-02,1.930275917053222656e+00,7.522098422050476074e-01,-1.807395528885535896e-05,2.194549597334116697e-04
2.115253210067749023e+00,-1.286626458168029785e-01,-9.587380103766918182e-03,1.999674320220947266e+00,2.349885106086730957e-01,2.459847601130604744e-04,9.575760486768558621e-05
2.117253303527832031e+00,-1.286626458168029785e-01,-9.587380103766918182e-03,1.968196272850036621e+00,6.107012629508972168e-01,-9.282424580305814743e-04,1.404835784342139959e-04
2.119253873825073242e+00,-1.227664053440093994e-01,-7.286408916115760803e-03,1.968196272850036621e+00,6.107012629508972168e-01,-9.282424580305814743e-04,1.404835784342139959e-04
2.121254205703735352e+00,-1.164866685867309570e-01,-4.985437728464603424e-03,2.021515846252441406e+00,9.890527725219726562e-01,2.563203161116689444e-04,1.185431465273723006e-04
2.123254299163818359e+00,-1.164866685867309570e-01,-4.985437728464603424e-03,2.021515846252441406e+00,9.890527725219726562e-01,2.563203161116689444e-04,1.185431465273723006e-04
2.125281333923339844e+00,-1.102548688650131226e-01,-5.752427969127893448e-03,2.005847930908203125e+00,-8.290144056081771851e-02,8.217811700887978077e-04,-4.168664454482495785e-04
2.127281427383422852e+00,-1.035437062382698059e-01,-3.834952134639024734e-03,2.115883588790893555e+00,3.019287884235382080e-01,-1.281629956793040037e-04,3.800151753239333630e-04
2.129281520843505859e+00,-1.035437062382698059e-01,-3.834952134639024734e-03,2.219326734542846680e+00,3.200769424438476562e-01,3.991584817413240671e-04,-1.701037108432501554e-04
2.131281614303588867e+00,-9.649698436260223389e-02,-2.684466540813446045e-03,2.219326734542846680e+00,3.200769424438476562e-01,3.991584817413240671e-04,-1.701037108432501554e-04
2.133281707763671875e+00,-8.997756242752075195e-02,-1.150485593825578690e-03,2.201829671859741211e+00,6.209608316421508789e-01,5.367794074118137360e-04,3.600695054046809673e-04
2.135281801223754883e+00,-8.997756242752075195e-02,-1.150485593825578690e-03,2.319563865661621094e+00,-1.564345061779022217e-01,-6.975304859224706888e-05,4.698135016951709986e-04
2.137281894683837891e+00,-8.264321833848953247e-02,-2.300971187651157379e-03,2.319563865661621094e+00,-1.564345061779022217e-01,-6.975304859224706888e-05,4.698135016951709986e-04
2.139281988143920898e+00,-7.545268535614013672e-02,-1.150485593825578690e-03,2.362810850143432617e+00,2.226407676935195923e-01,-3.772369527723640203e-04,5.475611760630272329e-05
2.141282081604003906e+00,-7.545268535614013672e-02,-1.150485593825578690e-03,2.390450477600097656e+00,2.321144938468933105e-01,9.233841410605236888e-05,1.050682767527177930e-04
2.143282175064086914e+00,-6.807039678096771240e-02,-7.669904152862727642e-04,2.390450477600097656e+00,2.321144938468933105e-01,9.233841410605236888e-05,1.050682767527177930e-04
2.145282268524169922e+00,-6.030462309718132019e-02,-1.150485593825578690e-03,2.505483865737915039e+00,1.485306117683649063e-02,1.146698923548683524e-04,4.022774010081775486e-05
2.147282361984252930e+00,-6.030462309718132019e-02,-1.150485593825578690e-03,2.504567146301269531e+00,-2.862297594547271729e-01,1.740640291245654225e-04,-7.303471211344003677e-04
2.149282455444335938e+00,-5.287440121173858643e-02,-1.917476067319512367e-03,2.504567146301269531e+00,-2.862297594547271729e-01,1.740640291245654225e-04,-7.303471211344003677e-04
2.151282548904418945e+00,-4.506068676710128784e-02,-1.917476067319512367e-03,2.564562797546386719e+00,-1.734369099140167236e-01,4.956190241500735283e-04,-4.696869950748805422e-07
2.153282642364501953e+00,-4.506068676710128784e-02,-1.917476067319512367e-03,2.546861410140991211e+00,-5.668938159942626953e-02,5.189246803638525307e-05,2.269600518047809601e-04
2.155282735824584961e+00,-3.734284639358520508e-02,-1.917476067319512367e-03,2.546861410140991211e+00,-5.668938159942626953e-02,5.189246803638525307e-05,2.269600518047809601e-04
2.157282829284667969e+00,-2.991262637078762054e-02,-2.300971187651157379e-03,2.513122797012329102e+00,-5.872391909360885620e-02,3.563335631042718887e-04,-6.668246351182460785e-05
2.159285783767700195e+00,-2.991262637078762054e-02,-2.300971187651157379e-03,2.578260898590087891e+00,2.293462119996547699e-02,-1.732843811623752117e-04,1.652089995332062244e-04
2.161285877227783203e+00,-2.190716378390789032e-02,-2.684466540813446045e-03,2.578260898590087891e+00,2.293462119996547699e-02,-1.732843811623752117e-04,1.652089995332062244e-04
2.163285970687866211e+00,-1.428519655019044876e-02,-2.684466540813446045e-03,2.550792932510375977e+00,1.391863375902175903e-01,1.202069615828804672e-04,-1.357443125016288832e-05
2.165286064147949219e+00,-1.428519655019044876e-02,-2.684466540813446045e-03,2.515616178512573242e+00,-1.650620251893997192e-01,-1.247738837264478207e-04,3.733860212378203869e-04
2.167286157608032227e+00,-6.711166352033615112e-03,-3.451456781476736069e-03,2.515616178512573242e+00,-1.650620251893997192e-01,-1.247738837264478207e-04,3.733860212378203869e-04
2.169286251068115234e+00,1.054611871950328350e-03,-3.451456781476736069e-03,2.544524908065795898e+00,-1.532878577709197998e-01,2.154560061171650887e-04,-1.618214300833642483e-04
2.171286344528198242e+00,1.054611871950328350e-03,-3.451456781476736069e-03,2.517863750457763672e+00,2.707669436931610107e-01,1.560086966492235661e-04,1.620388211449608207e-04
2.173286437988281250e+00,8.772453293204307556e-03,-2.300971187651157379e-03,2.517863750457763672e+00,2.707669436931610107e-01,1.560086966492235661e-04,1.620388211449608207e-04
2.175286531448364258e+00,1.577123999595642090e-02,-1.917476067319512367e-03,2.438398599624633789e+00,1.793603599071502686e-01,-9.716333443066105247e-05,-2.379182406002655625e-04
2.177286624908447266e+00,1.577123999595642090e-02,-1.917476067319512367e-03,2.393228530883789062e+00,2.687094807624816895e-01,1.626166340429335833e-04,-2.365571126574650407e-04
2.179286956787109375e+00,2.291383780539035797e-02,-1.150485593825578690e-03,2.393228530883789062e+00,2.687094807624816895e-01,1.626166340429335833e-04,-2.365571126574650407e-04
2.181287050247192383e+00,2.996056340634822845e-02,3.834952076431363821e-04,2.352981567382812500e+00,5.034310221672058105e-01,-3.995888255303725600e-05,-1.545136910863220692e-05
2.183287143707275391e+00,2.996056340634822845e-02,3.834952076431363821e-04,2.318681478500366211e+00,4.684416055679321289e-01,-7.759909203741699457e-05,4.550275916699320078e-04
2.185287237167358398e+00,3.700728714466094971e-02,1.533980830572545528e-03,2.318681478500366211e+00,4.684416055679321289e-01,-7.759909203741699457e-05,4.550275916699320078e-04
2.187287330627441406e+00,4.391020163893699646e-02,1.917476067319512367e-03,2.331561088562011719e+00,1.756105124950408936e-01,8.188415085896849632e-05,-9.004276944324374199e-05
2.189287424087524414e+00,4.391020163893699646e-02,1.917476067319512367e-03,2.263592004776000977e+00,6.366728544235229492e-01,8.557242836104705930e-05,3.043859032914042473e-04
2.191287517547607422e+00,5.047755688428878784e-02,4.218447487801313400e-03,2.263592004776000977e+00,6.366728544235229492e-01,8.557242836104705930e-05,3.043859032914042473e-04
2.193287611007690430e+00,5.738047137856483459e-02,5.368933081626892090e-03,2.275692939758300781e+00,4.883796274662017822e-01,-4.055757017340511084e-04,1.493510790169239044e-04
2.195287704467773438e+00,5.738047137856483459e-02,5.368933081626892090e-03,2.206103324890136719e+00,1.510592699050903320e-01,2.239525492768734694e-04,1.087061900761909783e-05
2.197287797927856445e+00,6.409163773059844971e-02,5.752427969127893448e-03,2.206103324890136719e+00,1.510592699050903320e-01,2.239525492768734694e-04,1.087061900761909783e-05
2.199287891387939453e+00,7.008375227451324463e-02,7.286408916115760803e-03,2.143007040023803711e+00,3.842881917953491211e-01,2.429548767395317554e-04,1.539393415441736579e-04
2.201287984848022461e+00,7.008375227451324463e-02,7.286408916115760803e-03,2.172924041748046875e+00,3.373840451240539551e-01,2.407060965197160840e-04,-8.492635242873802781e-05
2.203288316726684570e+00,7.669904083013534546e-02,8.053399622440338135e-03,2.172924041748046875e+00,3.373840451240539551e-01,-8.604795584687963128e-05,-3.974263381678611040e-04
2.205288410186767578e+00,8.307465165853500366e-02,8.436894975602626801e-03,2.159931421279907227e+00,5.976831167936325073e-02,-8.604795584687963128e-05,-3.974263381678611040e-04
2.207288503646850586e+00,8.307465165853500366e-02,8.436894975602626801e-03,2.110243558883666992e+00,-1.950557380914688110e-01,-2.479810609656851739e-05,1.601512485649436712e-05
2.209300518035888672e+00,8.935438096523284912e-02,8.053399622440338135e-03,2.110243558883666992e+00,-1.950557380914688110e-01,-2.479810609656851739e-05,1.601512485649436712e-05
2.211300611495971680e+00,9.572999179363250732e-02,9.587380103766918182e-03,2.115711688995361328e+00,2.692075073719024658e-01,3.331741900183260441e-04,-1.651771744946017861e-04
2.213300704956054688e+00,9.572999179363250732e-02,9.587380103766918182e-03,2.115711688995361328e+00,2.692075073719024658e-01,-2.070144109893590212e-04,-9.008081542560830712e-05
2.215300798416137695e+00,1.020576655864715576e-01,8.820389397442340851e-03,2.142662048339843750e+00,-4.237591102719306946e-02,-2.070144109893590212e-04,-9.008081542560830712e-05
2.217300891876220703e+00,1.081935837864875793e-01,9.203884750604629517e-03,2.096191406250000000e+00,3.118613362312316895e-01,-1.453915610909461975e-04,-3.538207674864679575e-04
2.219461441040039062e+00,1.144733205437660217e-01,7.286408916115760803e-03,2.072875976562500000e+00,-2.647505402565002441e-01,1.036750472849234939e-04,7.816652214387431741e-05
2.221461534500122070e+00,1.144733205437660217e-01,7.286408916115760803e-03,2.072875976562500000e+00,-2.647505402565002441e-01,1.036750472849234939e-04,7.816652214387431741e-05
2.223461866378784180e+00,1.206092461943626404e-01,5.752427969127893448e-03,2.043526649475097656e+00,-6.776795387268066406e-01,-2.107179898303002119e-04,-6.433633825508877635e-05
2.225461959838867188e+00,1.268410384654998779e-01,5.368933081626892090e-03,2.055569171905517578e+00,-3.151970803737640381e-01,-8.674457785673439503e-05,-1.480084029026329517e-04
2.227462053298950195e+00,1.268410384654998779e-01,5.368933081626892090e-03,2.055569171905517578e+00,-3.151970803737640381e-01,-8.674457785673439503e-05,-1.480084029026329517e-04
2.229462146759033203e+00,1.326893419027328491e-01,5.368933081626892090e-03,1.994826793670654297e+00,1.749572753906250000e-01,2.643211628310382366e-04,1.170369723695330322e-04
2.231462240219116211e+00,1.326893419027328491e-01,5.368933081626892090e-03,1.914243578910827637e+00,-7.541305422782897949e-01,-3.044064505957067013e-04,-3.161292697768658400e-04
2.233462333679199219e+00,1.383458971977233887e-01,2.300971187651157379e-03,1.914243578910827637e+00,-7.541305422782897949e-01,-3.044064505957067013e-04,-3.161292697768658400e-04
2.235462427139282227e+00,1.440503895282745361e-01,2.300971187651157379e-03,1.885086059570312500e+00,-3.869028985500335693e-01,-3.676234628073871136e-04,-2.239571040263399482e-05
2.237462520599365234e+00,1.496590077877044678e-01,1.150485593825578690e-03,1.856761932373046875e+00,-6.217009425163269043e-01,-6.600342749152332544e-05,4.758408176712691784e-04
2.239462852478027344e+00,1.496590077877044678e-01,1.150485593825578690e-03,1.856761932373046875e+00,-6.217009425163269043e-01,-6.600342749152332544e-05,4.758408176712691784e-04
2.241462945938110352e+00,1.547882556915283203e-01,2.300971187651157379e-03,1.789298892021179199e+00,6.349276006221771240e-02,-2.100802521454170346e-04,-3.888338105753064156e-04
2.243463039398193359e+00,1.595819443464279175e-01,2.684466540813446045e-03,1.704894542694091797e+00,1.776846498250961304e-01,-8.330558921443298459e-05,-4.351741154096089303e-05
2.245463132858276367e+00,1.595819443464279175e-01,2.684466540813446045e-03,1.704894542694091797e+00,1.776846498250961304e-01,-8.330558921443298459e-05,-4.351741154096089303e-05
2.247463226318359375e+00,1.639921367168426514e-01,2.300971187651157379e-03,1.592336177825927734e+00,-1.991048902273178101e-01,-1.649498590268194675e-04,2.781669536489062011e-05
2.249463558197021484e+00,1.680667698383331299e-01,3.451456781476736069e-03,1.465451240539550781e+00,-5.598814692348241806e-03,-4.353098920546472073e-04,3.333477652631700039e-04
2.251463651657104492e+00,1.680667698383331299e-01,3.451456781476736069e-03,1.465451240539550781e+00,-5.598814692348241806e-03,-4.353098920546472073e-04,3.333477652631700039e-04
2.253574371337890625e+00,1.721414178609848022e-01,4.985437728464603424e-03,1.408281683921813965e+00,4.052061438560485840e-01,4.568695730995386839e-04,1.449437404517084360e-04
2.255574464797973633e+00,1.756887435913085938e-01,6.519418675452470779e-03,1.293640494346618652e+00,5.796101689338684082e-01,6.080768798710778356e-05,7.822443149052560329e-05
2.257574558258056641e+00,1.756887435913085938e-01,6.519418675452470779e-03,1.293640494346618652e+00,5.796101689338684082e-01,6.080768798710778356e-05,7.822443149052560329e-05
2.259574651718139648e+00,1.792840063571929932e-01,8.053399622440338135e-03,1.233791232109069824e+00,6.768697500228881836e-01,-4.475422319956123829e-04,6.291202153079211712e-04
2.261574745178222656e+00,1.823999136686325073e-01,8.053399622440338135e-03,1.146847844123840332e+00,-1.853164657950401306e-02,-9.009288623929023743e-05,3.558901080396026373e-04
2.263574838638305664e+00,1.823999136686325073e-01,8.053399622440338135e-03,1.146847844123840332e+00,-1.853164657950401306e-02,-9.009288623929023743e-05,3.558901080396026373e-04
2.265574932098388672e+00,1.854678690433502197e-01,9.970875456929206848e-03,1.085273265838623047e+00,4.086234271526336670e-01,-1.278457493754103780e-04,-1.009162806440144777e-04
2.267575263977050781e+00,1.882961541414260864e-01,9.970875456929206848e-03,1.005317687988281250e+00,-4.571156203746795654e-02,8.380355575354769826e-05,1.784929481800645590e-04
2.269575357437133789e+00,1.882961541414260864e-01,9.970875456929206848e-03,1.005317687988281250e+00,-4.571156203746795654e-02,-1.388351083733141422e-04,2.491533814463764429e-04
2.272452592849731445e+00,1.910285502672195435e-01,1.150485593825578690e-02,9.305853843688964844e-01,4.078243672847747803e-01,-1.388351083733141422e-04,2.491533814463764429e-04
2.274452924728393555e+00,1.940006315708160400e-01,1.150485593825578690e-02,9.675701856613159180e-01,2.202053517103195190e-01,5.261214682832360268e-04,3.888545907102525234e-04
2.276453018188476562e+00,1.962536722421646118e-01,1.227184664458036423e-02,8.609393239021301270e-01,3.752768933773040771e-01,1.657896646065637469e-04,1.810123358154669404e-04
2.278453111648559570e+00,1.962536722421646118e-01,1.227184664458036423e-02,8.609393239021301270e-01,3.752768933773040771e-01,1.657896646065637469e-04,1.810123358154669404e-04
2.280453205108642578e+00,1.985067129135131836e-01,1.188835129141807556e-02,7.954471707344055176e-01,2.089666277170181274e-01,2.602047170512378216e-04,-5.270716501399874687e-04
2.282453298568725586e+00,2.009035497903823853e-01,1.150485593825578690e-02,7.902442216873168945e-01,5.069695040583610535e-02,6.517822621390223503e-04,-1.008816470857709646e-04
2.284453392028808594e+00,2.009035497903823853e-01,1.150485593825578690e-02,7.902442216873168945e-01,5.069695040583610535e-02,6.517822621390223503e-04,-1.008816470857709646e-04
2.286453485488891602e+00,2.027251571416854858e-01,1.035437081009149551e-02,7.049565911293029785e-01,-4.928521811962127686e-01,1.301370866713114083e-05,-1.743797911331057549e-04
2.288453578948974609e+00,2.044988125562667847e-01,9.587380103766918182e-03,6.387861967086791992e-01,-4.699566364288330078e-01,-1.471199793741106987e-04,8.495602523908019066e-04
2.290453672409057617e+00,2.044988125562667847e-01,9.587380103766918182e-03,6.387861967086791992e-01,-4.699566364288330078e-01,-1.471199793741106987e-04,8.495602523908019066e-04
2.292453765869140625e+00,2.060327976942062378e-01,1.073786616325378418e-02,5.779761075973510742e-01,3.387024104595184326e-01,-1.629598955332767218e-06,3.369830956216901541e-04
2.294453859329223633e+00,2.060327976942062378e-01,1.073786616325378418e-02,5.779761075973510742e-01,3.387024104595184326e-01,3.991676785517483950e-04,-7.952372834552079439e-05
2.296453952789306641e+00,2.074709087610244751e-01,9.587380103766918182e-03,4.723915457725524902e-01,1.045280620455741882e-01,3.991676785517483950e-04,-7.952372834552079439e-05
2.298454046249389648e+00,2.082379013299942017e-01,8.820389397442340851e-03,4.007878005504608154e-01,-1.588324606418609619e-01,7.760294829495251179e-04,1.339790032943710685e-04
2.300454139709472656e+00,2.088610827922821045e-01,7.669904269278049469e-03,2.926909625530242920e-01,-4.470041692256927490e-01,-1.904022356029599905e-04,6.796368397772312164e-04
2.302454233169555664e+00,2.088610827922821045e-01,7.669904269278049469e-03,2.926909625530242920e-01,-4.470041692256927490e-01,-1.904022356029599905e-04,6.796368397772312164e-04
2.304454565048217773e+00,2.092445790767669678e-01,8.436894975602626801e-03,1.916867345571517944e-01,3.683535754680633545e-02,-1.282048615394160151e-04,-3.527193621266633272e-04
2.306454658508300781e+00,2.095322012901306152e-01,7.669904269278049469e-03,1.402820348739624023e-01,-1.674953401088714600e-01,-2.311352873221039772e-04,-1.273622765438631177e-04
2.308454751968383789e+00,2.095322012901306152e-01,7.669904269278049469e-03,1.402820348739624023e-01,-1.674953401088714600e-01,-2.311352873221039772e-04,-1.273622765438631177e-04
2.310454845428466797e+00,2.091966420412063599e-01,9.970875456929206848e-03,6.708522327244281769e-03,8.650414943695068359e-01,5.910531617701053619e-04,-4.477666225284337997e-04
2.312454938888549805e+00,2.087652087211608887e-01,9.970875456929206848e-03,-7.837883383035659790e-02,6.504517793655395508e-01,-5.470609758049249649e-04,-1.807900553103536367e-04
2.314464569091796875e+00,2.087652087211608887e-01,9.970875456929206848e-03,-7.837883383035659790e-02,6.504517793655395508e-01,-5.470609758049249649e-04,-1.807900553103536367e-04
2.316464662551879883e+00,2.080940902233123779e-01,9.587380103766918182e-03,-1.554311662912368774e-01,3.425918817520141602e-01,-1.757310383254662156e-04,1.227680331794545054e-04
2.318464994430541992e+00,2.070874124765396118e-01,9.587380103766918182e-03,-2.507991194725036621e-01,1.003341972827911377e-01,6.108760717324912548e-04,-1.476570905651897192e-04
2.320465087890625000e+00,2.070874124765396118e-01,9.587380103766918182e-03,-2.507991194725036621e-01,1.003341972827911377e-01,6.108760717324912548e-04,-1.476570905651897192e-04
2.322465181350708008e+00,2.057931125164031982e-01,9.203884750604629517e-03,-3.578810691833496094e-01,-5.148837342858314514e-02,5.665760836564004421e-04,3.167340182699263096e-04
2.324465274810791016e+00,2.044988125562667847e-01,9.203884750604629517e-03,-4.148868322372436523e-01,-1.173209697008132935e-01,7.403942290693521500e-04,-2.307270769961178303e-04
2.326465368270874023e+00,2.044988125562667847e-01,9.203884750604629517e-03,-4.148868322372436523e-01,-1.173209697008132935e-01,7.403942290693521500e-04,-2.307270769961178303e-04
2.328465461730957031e+00,2.029648423194885254e-01,9.970875456929206848e-03,-4.794986248016357422e-01,1.245752573013305664e-01,-5.352375446818768978e-04,-1.355148269794881344e-04
2.330465555191040039e+00,2.013349831104278564e-01,9.970875456929206848e-03,-5.274704098701477051e-01,1.463225483894348145e-01,4.380413447506725788e-04,2.592677483335137367e-04
2.332465887069702148e+00,2.013349831104278564e-01,9.970875456929206848e-03,-5.274704098701477051e-01,1.463225483894348145e-01,4.380413447506725788e-04,2.592677483335137367e-04
2.334465980529785156e+00,1.996571868658065796e-01,9.587380103766918182e-03,-5.467209219932556152e-01,1.771634370088577271e-01,-3.852233057841658592e-04,-3.324061981402337551e-04
2.336466073989868164e+00,1.972603499889373779e-01,8.053399622440338135e-03,-6.910802721977233887e-01,-3.776991665363311768e-01,4.933335003443062305e-05,-3.107089723926037550e-04
2.338466167449951172e+00,1.972603499889373779e-01,8.053399622440338135e-03,-6.910802721977233887e-01,-3.776991665363311768e-01,4.933335003443062305e-05,-3.107089723926037550e-04
2.340466260910034180e+00,1.955825537443161011e-01,8.053399622440338135e-03,-6.401206851005554199e-01,-2.417478710412979126e-01,-6.898683204781264067e-05,-3.140853368677198887e-04
2.342466354370117188e+00,1.931377798318862915e-01,6.519418675452470779e-03,-7.273602485656738281e-01,-6.879324913024902344e-01,2.536491083446890116e-04,2.962982689496129751e-04
2.344466447830200195e+00,1.931377798318862915e-01,6.519418675452470779e-03,-7.273602485656738281e-01,-6.879324913024902344e-01,2.536491083446890116e-04,2.962982689496129751e-04
2.346467494964599609e+00,1.904533058404922485e-01,7.669904269278049469e-03,-8.263821601867675781e-01,2.033562660217285156e-01,-5.569650675170123577e-04,1.142462861025705934e-04
2.348467588424682617e+00,1.880085319280624390e-01,6.135923322290182114e-03,-8.293955326080322266e-01,-2.668243944644927979e-01,5.554600284085609019e-05,8.024099952308461070e-05
2.350467681884765625e+00,1.880085319280624390e-01,6.135923322290182114e-03,-8.857041597366333008e-01,-1.111496761441230774e-01,2.132245717803016305e-04,3.687079879455268383e-04
2.352538108825683594e+00,1.851323097944259644e-01,5.752427969127893448e-03,-8.857041597366333008e-01,-1.111496761441230774e-01,2.132245717803016305e-04,3.687079879455268383e-04
2.354538440704345703e+00,1.821122914552688599e-01,4.985437728464603424e-03,-9.364278912544250488e-01,-1.609281003475189209e-01,-8.302560308948159218e-04,-2.644086998770944774e-05
2.356538534164428711e+00,1.821122914552688599e-01,4.985437728464603424e-03,-9.364278912544250488e-01,-1.609281003475189209e-01,-8.302560308948159218e-04,-2.644086998770944774e-05
2.358538627624511719e+00,1.787566989660263062e-01,4.601942375302314758e-03,-1.014586687088012695e+00,-1.530222445726394653e-01,-3.719486121553927660e-04,-2.033131604548543692e-04
2.360538721084594727e+00,1.753531843423843384e-01,4.601942375302314758e-03,-1.072496056556701660e+00,6.243004649877548218e-02,-5.045959187555126846e-05,-1.000594056677073240e-04
2.362538814544677734e+00,1.753531843423843384e-01,4.601942375302314758e-03,-1.072496056556701660e+00,6.243004649877548218e-02,-5.045959187555126846e-05,-1.000594056677073240e-04
2.364538908004760742e+00,1.714702993631362915e-01,4.601942375302314758e-03,-1.193310976028442383e+00,1.467699557542800903e-01,-3.826373431365936995e-04,1.468865375500172377e-04
2.366539001464843750e+00,1.679708957672119141e-01,3.451456781476736069e-03,-1.173725843429565430e+00,-4.102653861045837402e-01,1.400953624397516251e-04,1.986191055038943887e-04
2.368539094924926758e+00,1.679708957672119141e-01,3.451456781476736069e-03,-1.173725843429565430e+00,-4.102653861045837402e-01,1.400953624397516251e-04,1.986191055038943887e-04
2.370539188385009766e+00,1.636565774679183960e-01,4.601942375302314758e-03,-1.304113268852233887e+00,2.543171346187591553e-01,-3.131281118839979172e-05,2.197058929596096277e-04
2.372539281845092773e+00,1.594860702753067017e-01,4.218447487801313400e-03,-1.342929363250732422e+00,-6.855805963277816772e-02,-2.232303231721743941e-04,6.369143375195562840e-05
2.374539375305175781e+00,1.594860702753067017e-01,4.218447487801313400e-03,-1.342929363250732422e+00,-6.855805963277816772e-02,-2.232303231721743941e-04,6.369143375195562840e-05
2.376539468765258789e+00,1.548841297626495361e-01,5.752427969127893448e-03,-1.447899818420410156e+00,5.002255439758300781e-01,2.335215249331668019e-04,1.514215400675311685e-04
2.378539562225341797e+00,1.503301262855529785e-01,4.985437728464603424e-03,-1.503939151763916016e+00,1.509176194667816162e-01,7.134688530641142279e-06,-4.497874469961971045e-04
2.380539655685424805e+00,1.503301262855529785e-01,4.985437728464603424e-03,-1.503939151763916016e+00,1.509176194667816162e-01,7.134688530641142279e-06,-4.497874469961971045e-04
2.382539749145507812e+00,1.459199339151382446e-01,4.985437728464603424e-03,-1.537078619003295898e+00,-4.471210297197103500e-03,-2.041753905359655619e-04,-1.570685271872207522e-04
2.384539842605590820e+00,1.412221044301986694e-01,5.368933081626892090e-03,-1.502137184143066406e+00,1.055602356791496277e-01,6.553190178237855434e-04,4.461489152163267136e-05
2.386539936065673828e+00,1.412221044301986694e-01,5.368933081626892090e-03,-1.502137184143066406e+00,1.055602356791496277e-01,6.553190178237855434e-04,4.461489152163267136e-05
2.388540029525756836e+00,1.364763528108596802e-01,5.368933081626892090e-03,-1.555550813674926758e+00,1.046660244464874268e-01,-1.829405664466321468e-04,1.322511343460064381e-05
2.390540122985839844e+00,1.319223493337631226e-01,4.601942375302314758e-03,-1.534353494644165039e+00,-2.330349385738372803e-01,-4.854798025917261839e-04,-3.820384445134550333e-04
2.392540216445922852e+00,1.319223493337631226e-01,4.601942375302314758e-03,-1.534353494644165039e+00,-2.330349385738372803e-01,-4.854798025917261839e-04,-3.820384445134550333e-04
2.394540309906005859e+00,1.272245347499847412e-01,4.601942375302314758e-03,-1.542104005813598633e+00,-9.166166186332702637e-02,1.128327057813294232e-04,-2.523312832636293024e-05
2.396540403366088867e+00,1.224787831306457520e-01,4.218447487801313400e-03,-1.556076645851135254e+00,-6.028739735484123230e-02,3.135523584205657244e-04,2.680298166524153203e-05
2.398540496826171875e+00,1.224787831306457520e-01,4.218447487801313400e-03,-1.556076645851135254e+00,-6.028739735484123230e-02,3.135523584205657244e-04,2.680298166524153203e-05
2.400540590286254883e+00,1.176371574401855469e-01,3.451456781476736069e-03,-1.590357422828674316e+00,-1.401134487241506577e-02,1.206058441312052310e-04,5.362162482924759388e-05
2.402540922164916992e+00,1.127955242991447449e-01,2.300971187651157379e-03,-1.598898291587829590e+00,-2.245351672172546387e-01,1.487369590904563665e-04,5.643581971526145935e-04
2.404541015625000000e+00,1.127955242991447449e-01,2.300971187651157379e-03,-1.598898291587829590e+00,-2.245351672172546387e-01,1.487369590904563665e-04,5.643581971526145935e-04
2.406542778015136719e+00,1.081935837864875793e-01,1.533980830572545528e-03,-1.576385378837585449e+00,-2.504922151565551758e-01,2.352745796088129282e-04,2.475639339536428452e-04
2.408542871475219727e+00,1.031602099537849426e-01,0.000000000000000000e+00,-1.588036417961120605e+00,-6.042575836181640625e-01,-1.619456597836688161e-04,-6.642624503001570702e-04
2.410542964935302734e+00,1.031602099537849426e-01,0.000000000000000000e+00,-1.588036417961120605e+00,-6.042575836181640625e-01,-1.619456597836688161e-04,-6.642624503001570702e-04
2.412543058395385742e+00,9.817477315664291382e-02,0.000000000000000000e+00,-1.626005649566650391e+00,-2.620723545551300049e-01,4.844969225814566016e-05,3.091578546445816755e-04
2.414543151855468750e+00,9.309346228837966919e-02,-7.669904152862727642e-04,-1.652168035507202148e+00,-2.911348640918731689e-01,1.675800303928554058e-04,6.871244404464960098e-04
2.416543245315551758e+00,9.309346228837966919e-02,-7.669904152862727642e-04,-1.652168035507202148e+00,-2.911348640918731689e-01,1.675800303928554058e-04,6.871244404464960098e-04
2.418543338775634766e+00,8.777246624231338501e-02,-7.669904152862727642e-04,-1.711959242820739746e+00,-1.294248551130294800e-01,1.126434653997421265e-05,-6.863888847874477506e-05
2.420543432235717773e+00,8.230765908956527710e-02,-3.834952076431363821e-04,-1.756692886352539062e+00,8.604562282562255859e-02,-1.215944066643714905e-04,-8.476521179545670748e-05
2.422543764114379883e+00,8.230765908956527710e-02,-3.834952076431363821e-04,-1.756692886352539062e+00,8.604562282562255859e-02,-1.215944066643714905e-04,-8.476521179545670748e-05
2.424543857574462891e+00,7.708253711462020874e-02,-7.669904152862727642e-04,-1.758454561233520508e+00,-1.433944851160049438e-01,-1.946375050465576351e-06,-4.468304978217929602e-04
2.426544189453125000e+00,7.128217071294784546e-02,-3.834952076431363821e-04,-1.849792003631591797e+00,-1.508565247058868408e-01,-8.212256216211244464e-05,2.770237624645233154e-04
2.428544282913208008e+00,7.128217071294784546e-02,-3.834952076431363821e-04,-1.849792003631591797e+00,-1.508565247058868408e-01,-8.212256216211244464e-05,2.770237624645233154e-04
2.430544376373291016e+00,6.567355245351791382e-02,3.834952076431363821e-04,-1.868751883506774902e+00,4.498305730521678925e-03,-4.082415252923965454e-04,4.086096596438437700e-04
2.432544469833374023e+00,5.972937867045402527e-02,1.917476067319512367e-03,-1.914411425590515137e+00,4.071034491062164307e-01,4.566048664855770767e-05,-5.771231008111499250e-05
2.434544563293457031e+00,5.972937867045402527e-02,1.917476067319512367e-03,-1.914411425590515137e+00,4.071034491062164307e-01,4.566048664855770767e-05,-4.990088054910302162e-04
2.436544656753540039e+00,5.402488633990287781e-02,3.067961661145091057e-03,-1.879202604293823242e+00,5.283611416816711426e-01,-6.495807156170485541e-06,-4.990088054910302162e-04
2.438544750213623047e+00,5.402488633990287781e-02,3.067961661145091057e-03,-1.901121973991394043e+00,3.329786360263824463e-01,5.760553176514804363e-05,3.182885702699422836e-04
2.440544843673706055e+00,4.793690145015716553e-02,3.451456781476736069e-03,-1.953859806060791016e+00,4.139957726001739502e-01,1.977331558009609580e-04,-2.599978761281818151e-04
2.442544937133789062e+00,4.218447208404541016e-02,4.218447487801313400e-03,-1.953859806060791016e+00,4.139957726001739502e-01,1.977331558009609580e-04,-2.599978761281818151e-04
2.444545030593872070e+00,3.643204644322395325e-02,4.601942375302314758e-03,-1.936335563659667969e+00,3.281072676181793213e-01,9.892255184240639210e-05,-5.404819967225193977e-04
2.446545124053955078e+00,3.643204644322395325e-02,4.601942375302314758e-03,-1.936335563659667969e+00,3.281072676181793213e-01,9.892255184240639210e-05,-5.404819967225193977e-04
2.448545217514038086e+00,3.039199486374855042e-02,4.985437728464603424e-03,-1.965404987335205078e+00,2.824029922485351562e-01,-3.375123560545034707e-05,3.441793378442525864e-04
2.450545310974121094e+00,2.478337846696376801e-02,5.368933081626892090e-03,-1.943450570106506348e+00,3.581947684288024902e-01,-1.819449425966013223e-05,-2.475896690157242119e-05
2.452545404434204102e+00,2.478337846696376801e-02,5.368933081626892090e-03,-1.943450570106506348e+00,3.581947684288024902e-01,-1.819449425966013223e-05,-2.475896690157242119e-05
2.454545497894287109e+00,1.927063427865505219e-02,4.985437728464603424e-03,-1.884679555892944336e+00,1.495694071054458618e-01,-2.991689252667129040e-04,5.155060716788284481e-05
2.456545591354370117e+00,1.347026880830526352e-02,4.218447487801313400e-03,-1.911332607269287109e+00,-2.499326765537261963e-01,-3.662604649434797466e-05,-5.491939955390989780e-04
2.458545684814453125e+00,1.347026880830526352e-02,4.218447487801313400e-03,-1.911332607269287109e+00,-2.499326765537261963e-01,-3.662604649434797466e-05,-5.491939955390989780e-04
2.460545778274536133e+00,7.861651480197906494e-03,3.067961661145091057e-03,-1.884625196456909180e+00,-5.419945716857910156e-01,7.513866148656234145e-05,-6.002733134664595127e-04
2.462545871734619141e+00,2.540655666962265968e-03,3.067961661145091057e-03,-1.829454898834228516e+00,-2.802579104900360107e-01,4.027824616059660912e-05,-7.254744559759274125e-05
2.464545965194702148e+00,2.540655666962265968e-03,3.067961661145091057e-03,-1.829454898834228516e+00,-2.802579104900360107e-01,4.027824616059660912e-05,-7.254744559759274125e-05
2.466546058654785156e+00,-2.972087822854518890e-03,3.834952134639024734e-03,-1.830047011375427246e+00,3.169815540313720703e-01,-5.680543254129588604e-04,-1.888681254058610648e-05
2.468546152114868164e+00,-8.484831079840660095e-03,3.067961661145091057e-03,-1.825104951858520508e+00,1.967554241418838501e-01,3.012814559042453766e-04,2.291064884047955275e-04
2.470546245574951172e+00,-8.484831079840660095e-03,3.067961661145091057e-03,-1.825104951858520508e+00,1.967554241418838501e-01,3.012814559042453766e-04,2.291064884047955275e-04
2.472546339035034180e+00,-1.361407991498708725e-02,7.669904152862727642e-04,-1.790669918060302734e+00,-4.516443610191345215e-01,-5.790846989839337766e-05,1.582997647346928716e-04
2.474546432495117188e+00,-1.879126578569412231e-02,0.000000000000000000e+00,-1.760186553001403809e+00,-3.353216350078582764e-01,-1.818535238271579146e-04,-2.876600192394107580e-04
2.476546525955200195e+00,-1.879126578569412231e-02,0.000000000000000000e+00,-1.760186553001403809e+00,-3.353216350078582764e-01,-1.818535238271579146e-04,-2.876600192394107580e-04
2.478546619415283203e+00,-2.396845072507858276e-02,-1.150485593825578690e-03,-1.729630708694458008e+00,-4.884257912635803223e-01,-2.570571377873420715e-04,8.045411668717861176e-04
2.480546712875366211e+00,-2.890595048666000366e-02,-7.669904152862727642e-04,-1.697821259498596191e+00,7.739740610122680664e-02,-3.694103506859391928e-04,-2.569038188084959984e-04
2.482546806335449219e+00,-2.890595048666000366e-02,-7.669904152862727642e-04,-1.697821259498596191e+00,7.739740610122680664e-02,-3.694103506859391928e-04,-2.569038188084959984e-04
2.484546899795532227e+00,-3.389138728380203247e-02,-7.669904152862727642e-04,-1.655320763587951660e+00,3.913099169731140137e-01,-3.629515995271503925e-04,-3.392884682398289442e-04
2.486546993255615234e+00,-3.887682780623435974e-02,-1.917476067319512367e-03,-1.656114935874938965e+00,2.679215073585510254e-01,-2.133896487066522241e-04,2.801272785291075706e-06
2.488547086715698242e+00,-3.887682780623435974e-02,-1.917476067319512367e-03,-1.656114935874938965e+00,2.679215073585510254e-01,-2.133896487066522241e-04,2.801272785291075706e-06
2.490547180175781250e+00,-4.352670535445213318e-02,-5.368933081626892090e-03,-1.593433856964111328e+00,-1.008218646049499512e+00,8.512059139320626855e-05,6.595960439881309867e-05
2.492547273635864258e+00,-4.841627180576324463e-02,-4.985437728464603424e-03,-1.606952428817749023e+00,-4.359225928783416748e-01,3.459361032582819462e-04,1.827147643780335784e-04
2.494547367095947266e+00,-4.841627180576324463e-02,-4.985437728464603424e-03,-1.606952428817749023e+00,-4.359225928783416748e-01,3.459361032582819462e-04,1.827147643780335784e-04
2.496547460556030273e+00,-5.297027528285980225e-02,-4.601942375302314758e-03,-1.558928370475769043e+00,1.693001985549926758e-01,3.693831240525469184e-05,-3.538769306032918394e-05
2.498547554016113281e+00,-5.771602690219879150e-02,-4.601942375302314758e-03,-1.577527046203613281e+00,2.292299419641494751e-01,5.242318147793412209e-04,-1.707090996205806732e-04
2.500547885894775391e+00,-5.771602690219879150e-02,-4.601942375302314758e-03,-1.577527046203613281e+00,2.292299419641494751e-01,5.242318147793412209e-04,-1.707090996205806732e-04
2.502547979354858398e+00,-6.203034892678260803e-02,-5.752427969127893448e-03,-1.494300484657287598e+00,-2.131283730268478394e-01,-6.027140771038830280e-04,7.802502659615129232e-05
2.504548072814941406e+00,-6.624879688024520874e-02,-6.902913562953472137e-03,-1.444732308387756348e+00,-6.029598712921142578e-01,1.206421620736364275e-05,-9.616099123377352953e-05
2.506548166275024414e+00,-6.624879688024520874e-02,-6.902913562953472137e-03,-1.444732308387756348e+00,-6.029598712921142578e-01,1.206421620736364275e-05,-9.616099123377352953e-05
2.508548259735107422e+00,-7.051517814397811890e-02,-6.135923322290182114e-03,-1.413819074630737305e+00,-1.096693575382232666e-01,1.396858569933101535e-04,-8.109919872367754579e-05
2.510548353195190430e+00,-7.492537796497344971e-02,-6.519418675452470779e-03,-1.431314110755920410e+00,-2.811996638774871826e-01,2.948250621557235718e-04,-1.438796061847824603e-05
2.512548446655273438e+00,-7.492537796497344971e-02,-6.519418675452470779e-03,-1.431314110755920410e+00,-2.811996638774871826e-01,2.948250621557235718e-04,-1.438796061847824603e-05
2.514548540115356445e+00,-7.880826294422149658e-02,-5.368933081626892090e-03,-1.346383213996887207e+00,3.074928186833858490e-02,-2.268582829856313765e-05,-1.726066548144444823e-04
2.516548633575439453e+00,-8.288290351629257202e-02,-5.368933081626892090e-03,-1.369246721267700195e+00,7.436650991439819336e-02,3.289301093900576234e-05,-2.230694954050704837e-04
2.518548727035522461e+00,-8.288290351629257202e-02,-5.368933081626892090e-03,-1.369246721267700195e+00,7.436650991439819336e-02,3.289301093900576234e-05,-2.230694954050704837e-04
2.520548820495605469e+00,-8.647816628217697144e-02,-4.985437728464603424e-03,-1.279150605201721191e+00,1.263311654329299927e-01,2.796660410240292549e-04,3.845954779535531998e-05
2.522548913955688477e+00,-9.026518464088439941e-02,-5.368933081626892090e-03,-1.301069378852844238e+00,-7.354207336902618408e-02,7.992174359969794750e-04,-3.084092459175735712e-04
2.524549007415771484e+00,-9.026518464088439941e-02,-5.368933081626892090e-03,-1.301069378852844238e+00,-7.354207336902618408e-02,7.992174359969794750e-04,-3.084092459175735712e-04
2.526549339294433594e+00,-9.318933635950088501e-02,-5.368933081626892090e-03,-1.125539541244506836e+00,-2.123538553714752197e-01,-4.499429487623274326e-04,-1.394238206557929516e-04
2.528549432754516602e+00,-9.649698436260223389e-02,-4.985437728464603424e-03,-1.108456134796142578e+00,-1.457473933696746826e-01,9.313740883953869343e-05,5.414420156739652157e-04
2.530549526214599609e+00,-9.649698436260223389e-02,-4.985437728464603424e-03,-1.108456134796142578e+00,-1.457473933696746826e-01,9.313740883953869343e-05,5.414420156739652157e-04
2.532549619674682617e+00,-9.956493973731994629e-02,-4.985437728464603424e-03,-1.063613653182983398e+00,-9.260679781436920166e-02,-1.094034014386124909e-04,5.106623575557023287e-05
2.534549713134765625e+00,-1.022014692425727844e-01,-4.601942375302314758e-03,-9.633402824401855469e-01,1.881066113710403442e-01,-5.790604045614600182e-04,-2.967758628074079752e-04
2.536550045013427734e+00,-1.022014692425727844e-01,-4.601942375302314758e-03,-9.633402824401855469e-01,1.881066113710403442e-01,-4.002604691777378321e-04,-2.613572287373244762e-04
2.538550138473510742e+00,-1.047900691628456116e-01,-4.985437728464603424e-03,-9.629713296890258789e-01,1.219274010509252548e-03,-4.002604691777378321e-04,-2.613572287373244762e-04
2.540550231933593750e+00,-1.073307245969772339e-01,-5.752427969127893448e-03,-8.668051362037658691e-01,-2.785827219486236572e-01,8.142161823343485594e-05,-4.081474326085299253e-04
2.542550325393676758e+00,-1.073307245969772339e-01,-5.752427969127893448e-03,-8.668051362037658691e-01,-2.785827219486236572e-01,1.057686822605319321e-04,-4.496877954807132483e-04
2.544550418853759766e+00,-1.095358207821846008e-01,-5.752427969127893448e-03,-7.927123904228210449e-01,-2.677076756954193115e-01,1.057686822605319321e-04,-4.496877954807132483e-04
2.546550512313842773e+00,-1.117409169673919678e-01,-4.601942375302314758e-03,-7.675175666809082031e-01,2.753218710422515869e-01,-2.678878809092566371e-05,3.596312599256634712e-04
2.548550605773925781e+00,-1.117409169673919678e-01,-4.601942375302314758e-03,-7.675175666809082031e-01,2.753218710422515869e-01,-2.678878809092566371e-05,3.596312599256634712e-04
2.550550937652587891e+00,-1.136583909392356873e-01,-6.135923322290182114e-03,-7.135833501815795898e-01,-3.674580454826354980e-01,6.105097127147018909e-04,4.631874035112559795e-04
2.552551031112670898e+00,-1.154320538043975830e-01,-4.218447487801313400e-03,-6.667703390121459961e-01,5.384926199913024902e-01,-2.015950740315020084e-04,9.165199298877269030e-05
2.554551124572753906e+00,-1.154320538043975830e-01,-4.218447487801313400e-03,-6.667703390121459961e-01,5.384926199913024902e-01,-2.015950740315020084e-04,9.165199298877269030e-05
2.556551218032836914e+00,-1.169660389423370361e-01,-4.985437728464603424e-03,-5.910797119140625000e-01,9.012976288795471191e-02,5.600155564025044441e-04,-4.616054065991193056e-04
2.558551311492919922e+00,-1.183082684874534607e-01,-5.368933081626892090e-03,-5.248306989669799805e-01,-1.261075437068939209e-01,1.448608527425676584e-04,-1.363354822387918830e-04
2.560551404953002930e+00,-1.183082684874534607e-01,-5.368933081626892090e-03,-5.248306989669799805e-01,-1.261075437068939209e-01,1.448608527425676584e-04,-1.363354822387918830e-04
2.562551736831665039e+00,-1.195546314120292664e-01,-5.368933081626892090e-03,-4.678813219070434570e-01,-2.646737992763519287e-01,-1.539559161756187677e-04,-2.209373924415558577e-04
2.564551830291748047e+00,-1.203695610165596008e-01,-4.985437728464603424e-03,-3.437792956829071045e-01,-1.857726722955703735e-01,-4.783450858667492867e-04,2.385241532465443015e-04
2.566551923751831055e+00,-1.203695610165596008e-01,-4.985437728464603424e-03,-3.437792956829071045e-01,-1.857726722955703735e-01,-4.783450858667492867e-04,2.385241532465443015e-04
2.568552017211914062e+00,-1.214721053838729858e-01,-4.601942375302314758e-03,-3.336410224437713623e-01,-9.849753230810165405e-02,8.546205935999751091e-04,-9.116777073359116912e-05
2.570552110671997070e+00,-1.214721053838729858e-01,-4.601942375302314758e-03,-3.336410224437713623e-01,-9.849753230810165405e-02,-3.594381851144134998e-04,-9.984042117139324546e-05
2.572552204132080078e+00,-1.220952868461608887e-01,-4.601942375302314758e-03,-2.612837851047515869e-01,-1.800239831209182739e-01,-3.594381851144134998e-04,-9.984042117139324546e-05
2.574610471725463867e+00,-1.226705312728881836e-01,-3.834952134639024734e-03,-2.202825844287872314e-01,1.491119712591171265e-01,-5.718796164728701115e-04,3.528282395564019680e-04
2.576610803604125977e+00,-1.229581534862518311e-01,-3.451456781476736069e-03,-1.519946157932281494e-01,3.720310628414154053e-01,3.758651728276163340e-04,3.438997955527156591e-04
2.578610897064208984e+00,-1.229581534862518311e-01,-3.451456781476736069e-03,-1.519946157932281494e-01,3.720310628414154053e-01,3.758651728276163340e-04,3.438997955527156591e-04
2.580610990524291992e+00,-1.230060905218124390e-01,-3.067961661145091057e-03,-7.709014415740966797e-02,4.654529094696044922e-01,-5.562859587371349335e-04,-3.283142859800136648e-06
2.582611083984375000e+00,-1.229581534862518311e-01,-3.834952134639024734e-03,-2.619390934705734253e-02,1.093275398015975952e-01,3.552838170435279608e-04,1.770621456671506166e-04
2.584611177444458008e+00,-1.229581534862518311e-01,-3.834952134639024734e-03,-2.619390934705734253e-02,1.093275398015975952e-01,3.552838170435279608e-04,1.770621456671506166e-04
2.586611270904541016e+00,-1.226705312728881836e-01,-5.368933081626892090e-03,3.358595818281173706e-02,-5.727902054786682129e-01,-2.673022390808910131e-04,-1.015275483950972557e-03
2.588611364364624023e+00,-1.220952868461608887e-01,-4.601942375302314758e-03,1.206683441996574402e-01,-1.369965821504592896e-01,-3.696096537169069052e-04,-3.116346197202801704e-04
2.590611457824707031e+00,-1.220952868461608887e-01,-4.601942375302314758e-03,1.206683441996574402e-01,-1.369965821504592896e-01,-3.696096537169069052e-04,-3.116346197202801704e-04
2.592611789703369141e+00,-1.217117905616760254e-01,-3.834952134639024734e-03,1.168526560068130493e-01,3.179782629013061523e-01,-5.074487999081611633e-04,2.967125910799950361e-04
2.594611883163452148e+00,-1.204174980521202087e-01,-4.218447487801313400e-03,2.900358140468597412e-01,3.490819409489631653e-02,9.484982583671808243e-04,3.650206781458109617e-04
2.596611976623535156e+00,-1.204174980521202087e-01,-4.218447487801313400e-03,2.900358140468597412e-01,3.490819409489631653e-02,9.484982583671808243e-04,3.650206781458109617e-04
2.598612070083618164e+00,-1.196505054831504822e-01,-4.985437728464603424e-03,2.939703464508056641e-01,-2.836673855781555176e-01,5.295932060107588768e-04,1.267963943973882124e-05
2.600612163543701172e+00,-1.187876388430595398e-01,-4.985437728464603424e-03,2.916470766067504883e-01,-3.580944836139678955e-01,2.870316966436803341e-04,4.245278250891715288e-04
2.602612257003784180e+00,-1.187876388430595398e-01,-4.985437728464603424e-03,2.916470766067504883e-01,-3.580944836139678955e-01,2.870316966436803341e-04,4.245278250891715288e-04
2.604612350463867188e+00,-1.174933463335037231e-01,-3.067961661145091057e-03,3.570898175239562988e-01,4.648275971412658691e-01,-4.772200190927833319e-04,-4.126518979319371283e-05
2.606612443923950195e+00,-1.160552352666854858e-01,-4.218447487801313400e-03,4.242070913314819336e-01,-1.309903264045715332e-01,4.943780368193984032e-04,-1.878168259281665087e-04
2.608612537384033203e+00,-1.160552352666854858e-01,-4.218447487801313400e-03,4.242070913314819336e-01,-1.309903264045715332e-01,4.943780368193984032e-04,-1.878168259281665087e-04
2.610612630844116211e+00,-1.146650686860084534e-01,-3.067961661145091057e-03,4.432082772254943848e-01,2.569056749343872070e-01,6.444337486755102873e-05,1.039941344060935080e-04
2.612612724304199219e+00,-1.129872724413871765e-01,-3.067961661145091057e-03,5.037575364112854004e-01,1.336656510829925537e-01,2.853791811503469944e-04,-1.439218322047963738e-04
2.614612817764282227e+00,-1.129872724413871765e-01,-3.067961661145091057e-03,5.037575364112854004e-01,1.336656510829925537e-01,-5.008544758311472833e-05,8.632523531559854746e-05
2.616612911224365234e+00,-1.112615466117858887e-01,-1.917476067319512367e-03,5.476020574569702148e-01,5.330555438995361328e-01,-5.008544758311472833e-05,8.632523531559854746e-05
2.618613004684448242e+00,-1.092961356043815613e-01,-2.300971187651157379e-03,6.097160577774047852e-01,1.873794049024581909e-01,1.276905881240963936e-03,3.317787195555865765e-04
2.620613336563110352e+00,-1.092961356043815613e-01,-2.300971187651157379e-03,6.097160577774047852e-01,1.873794049024581909e-01,1.276905881240963936e-03,3.317787195555865765e-04
2.622613430023193359e+00,-1.073307245969772339e-01,-1.533980830572545528e-03,6.271632909774780273e-01,3.984664380550384521e-01,-8.959911792771890759e-05,-2.095249947160482407e-04
2.624613523483276367e+00,-1.050776839256286621e-01,-2.300971187651157379e-03,6.769778132438659668e-01,-7.588058710098266602e-02,-7.583721890114247799e-04,2.082012942992150784e-04
2.626613616943359375e+00,-1.050776839256286621e-01,-2.300971187651157379e-03,6.769778132438659668e-01,-7.588058710098266602e-02,3.244013350922614336e-04,-1.108018550439737737e-04
2.628613710403442383e+00,-1.027287766337394714e-01,-1.917476067319512367e-03,7.114923000335693359e-01,-7.978217303752899170e-02,3.244013350922614336e-04,-1.108018550439737737e-04
2.630613803863525391e+00,-1.001881211996078491e-01,-2.300971187651157379e-03,7.748409509658813477e-01,-3.406511545181274414e-01,-2.948308538179844618e-04,-5.425867584563093260e-06
2.632613897323608398e+00,-1.001881211996078491e-01,-2.300971187651157379e-03,7.748409509658813477e-01,-3.406511545181274414e-01,-2.948308538179844618e-04,-5.425867584563093260e-06
2.634613990783691406e+00,-9.721603244543075562e-02,-1.917476067319512367e-03,8.974734544754028320e-01,-1.161101013422012329e-01,-3.578180039767175913e-04,4.102774546481668949e-04
2.636614084243774414e+00,-9.721603244543075562e-02,-1.917476067319512367e-03,8.658410906791687012e-01,1.960701048374176025e-01,2.313457953277975321e-04,-1.572351029608398676e-04
2.638614177703857422e+00,-9.472331404685974121e-02,-1.150485593825578690e-03,8.658410906791687012e-01,1.960701048374176025e-01,2.313457953277975321e-04,-1.572351029608398676e-04
2.640614271163940430e+00,-9.155947715044021606e-02,-1.533980830572545528e-03,9.416706562042236328e-01,-1.101779639720916748e-01,-4.221251583658158779e-04,-3.537984739523380995e-04
2.642614364624023438e+00,-8.853945881128311157e-02,-1.917476067319512367e-03,9.648885130882263184e-01,-1.688941121101379395e-01,-2.264639042550697923e-04,3.580457123462110758e-04
2.644614458084106445e+00,-8.853945881128311157e-02,-1.917476067319512367e-03,9.648885130882263184e-01,-1.688941121101379395e-01,-2.264639042550697923e-04,3.580457123462110758e-04
2.646614789962768555e+00,-8.513593673706054688e-02,-3.451456781476736069e-03,1.035982251167297363e+00,-8.700808882713317871e-01,3.476034617051482201e-04,-2.890796167775988579e-04
2.648614883422851562e+00,-8.168447762727737427e-02,-2.684466540813446045e-03,1.100029587745666504e+00,-2.722604274749755859e-01,-4.438824253156781197e-04,2.854946360457688570e-04
2.650614976882934570e+00,-8.168447762727737427e-02,-2.684466540813446045e-03,1.100029587745666504e+00,-2.722604274749755859e-01,-4.438824253156781197e-04,2.854946360457688570e-04
2.652615070343017578e+00,-7.837682962417602539e-02,-1.533980830572545528e-03,1.114366769790649414e+00,3.160245716571807861e-01,-2.340308565180748701e-04,4.241192655172199011e-04
2.654615163803100586e+00,-7.478156685829162598e-02,-2.300971187651157379e-03,1.162646055221557617e+00,6.854155659675598145e-02,1.264601305592805147e-04,1.820045581553131342e-04
2.656615257263183594e+00,-7.478156685829162598e-02,-2.300971187651157379e-03,1.162646055221557617e+00,6.854155659675598145e-02,1.264601305592805147e-04,1.820045581553131342e-04
2.658615350723266602e+00,-7.137804478406906128e-02,-1.917476067319512367e-03,1.146948099136352539e+00,2.009501457214355469e-01,-6.242197705432772636e-04,-3.384237643331289291e-04
2.660615444183349609e+00,-6.768690049648284912e-02,-1.533980830572545528e-03,1.187063574790954590e+00,4.015241861343383789e-01,1.201087798108346760e-04,-3.916630230378359556e-04
2.662615537643432617e+00,-6.768690049648284912e-02,-1.533980830572545528e-03,1.187063574790954590e+00,4.015241861343383789e-01,1.201087798108346760e-04,-3.916630230378359556e-04
2.664615631103515625e+00,-6.394782662391662598e-02,-1.917476067319512367e-03,1.221170663833618164e+00,7.767218351364135742e-02,-9.241348016075789928e-04,-7.825051434338092804e-04
2.666615724563598633e+00,-6.025668606162071228e-02,-2.300971187651157379e-03,1.214824199676513672e+00,-1.639655381441116333e-01,2.974004892166703939e-04,4.611910480889491737e-05
2.668615818023681641e+00,-6.025668606162071228e-02,-2.300971187651157379e-03,1.214824199676513672e+00,-1.639655381441116333e-01,2.974004892166703939e-04,4.611910480889491737e-05
2.670615911483764648e+00,-5.622998625040054321e-02,-3.834952076431363821e-04,1.243485569953918457e+00,4.994187057018280029e-01,3.701917885337024927e-04,-7.261332211783155799e-05
2.672616004943847656e+00,-5.249090492725372314e-02,0.000000000000000000e+00,1.278952836990356445e+00,4.740906059741973877e-01,1.039668204612098634e-04,1.873764122137799859e-04
2.674616098403930664e+00,-5.249090492725372314e-02,0.000000000000000000e+00,1.278952836990356445e+00,4.740906059741973877e-01,-4.365839777165092528e-05,3.489058144623413682e-05
2.676616191864013672e+00,-4.851214215159416199e-02,-3.834952076431363821e-04,1.310218691825866699e+00,7.216828316450119019e-02,-4.365839777165092528e-05,3.489058144623413682e-05
2.678616285324096680e+00,-4.448544234037399292e-02,7.669904152862727642e-04,1.338500142097473145e+00,5.838841795921325684e-01,-3.946816432289779186e-04,9.794978541322052479e-05
2.680616378784179688e+00,-4.448544234037399292e-02,7.669904152862727642e-04,1.338500142097473145e+00,5.838841795921325684e-01,-3.946816432289779186e-04,9.794978541322052479e-05
2.682616710662841797e+00,-4.045874625444412231e-02,0.000000000000000000e+00,1.350885629653930664e+00,4.401444271206855774e-02,3.502684994600713253e-04,-1.618760725250467658e-04
2.684616804122924805e+00,-3.619236126542091370e-02,7.669904152862727642e-04,1.387447834014892578e+00,2.396336644887924194e-01,-1.139581145253032446e-04,2.274985745316371322e-04
2.686616897583007812e+00,-3.619236126542091370e-02,7.669904152862727642e-04,1.387447834014892578e+00,2.396336644887924194e-01,-1.139581145253032446e-04,2.274985745316371322e-04
2.688616991043090820e+00,-3.240534663200378418e-02,1.533980830572545528e-03,1.329982519149780273e+00,3.857716321945190430e-01,-6.286082789301872253e-04,-3.234010655432939529e-04
2.690617084503173828e+00,-2.799515053629875183e-02,3.834952076431363821e-04,1.396790623664855957e+00,-2.056629061698913574e-01,-3.840621502604335546e-05,-2.732998109422624111e-04
2.692617177963256836e+00,-2.799515053629875183e-02,3.834952076431363821e-04,1.396790623664855957e+00,-2.056629061698913574e-01,-3.840621502604335546e-05,-2.732998109422624111e-04
2.694617509841918945e+00,-2.363289147615432739e-02,7.669904152862727642e-04,1.430498719215393066e+00,-1.410257630050182343e-02,-8.643133332952857018e-05,6.780396215617656708e-04
2.696617603302001953e+00,-1.912682317197322845e-02,7.669904152862727642e-04,1.489006519317626953e+00,-1.462907940149307251e-01,-4.913760349154472351e-04,4.300411674194037914e-04
2.698617696762084961e+00,-1.912682317197322845e-02,7.669904152862727642e-04,1.489006519317626953e+00,-1.462907940149307251e-01,-4.913760349154472351e-04,4.300411674194037914e-04
2.700617790222167969e+00,-1.495631318539381027e-02,7.669904152862727642e-04,1.438850879669189453e+00,-2.511853575706481934e-01,2.112251095240935683e-04,-1.102206661016680300e-04
2.702617883682250977e+00,-1.054611802101135254e-02,1.533980830572545528e-03,1.455567240715026855e+00,2.858171463012695312e-01,-3.406084142625331879e-04,-2.406192797934636474e-04
2.704617977142333984e+00,-1.054611802101135254e-02,1.533980830572545528e-03,1.455567240715026855e+00,2.858171463012695312e-01,-3.406084142625331879e-04,-2.406192797934636474e-04
2.706618070602416992e+00,-6.040049716830253601e-03,3.834952076431363821e-04,1.479112982749938965e+00,-3.372329473495483398e-01,1.568949519423767924e-04,-1.754716504365205765e-04
2.708618164062500000e+00,-2.061286708340048790e-03,7.669904152862727642e-04,1.414795398712158203e+00,-8.519017696380615234e-02,2.223109186161309481e-04,5.974148734821937978e-05
2.710618257522583008e+00,-2.061286708340048790e-03,7.669904152862727642e-04,1.414795398712158203e+00,-8.519017696380615234e-02,2.223109186161309481e-04,5.974148734821937978e-05
2.712618350982666016e+00,2.205097349360585213e-03,1.533980830572545528e-03,1.410890340805053711e+00,1.066386103630065918e-01,-3.212167212041094899e-05,-2.426633727736771107e-06
2.714618444442749023e+00,6.663229316473007202e-03,1.533980830572545528e-03,1.442780971527099609e+00,9.767388552427291870e-02,2.072496863547712564e-04,-3.552868147380650043e-04
2.716618537902832031e+00,6.663229316473007202e-03,1.533980830572545528e-03,1.442780971527099609e+00,9.767388552427291870e-02,2.072496863547712564e-04,-3.552868147380650043e-04
2.718618631362915039e+00,1.054611802101135254e-02,2.300971187651157379e-03,1.372230887413024902e+00,2.500956058502197266e-01,-1.552683825138956308e-04,-2.975207462441176176e-05
2.720619201660156250e+00,1.466869190335273743e-02,3.067961661145091057e-03,1.384121298789978027e+00,2.648877799510955811e-01,-1.887212602014187723e-05,-4.526180782704614103e-05
2.722619295120239258e+00,1.466869190335273743e-02,3.067961661145091057e-03,1.384121298789978027e+00,2.648877799510955811e-01,-1.887212602014187723e-05,-4.526180782704614103e-05
2.724619388580322266e+00,1.850364357233047485e-02,4.218447487801313400e-03,1.341626524925231934e+00,5.834071040153503418e-01,1.699954736977815628e-04,1.254876406164839864e-04
2.726619482040405273e+00,2.224272117018699646e-02,4.218447487801313400e-03,1.296001672744750977e+00,1.293177455663681030e-01,-2.828008146025240421e-04,5.715972511097788811e-04
2.728619575500488281e+00,2.224272117018699646e-02,4.218447487801313400e-03,1.296001672744750977e+00,1.293177455663681030e-01,-2.828008146025240421e-04,5.715972511097788811e-04
2.730619668960571289e+00,2.602973766624927521e-02,4.218447487801313400e-03,1.273674011230468750e+00,-1.929162442684173584e-01,-2.813650935422629118e-04,-6.424836465157568455e-04
2.732620000839233398e+00,2.981675229966640472e-02,6.519418675452470779e-03,1.279960870742797852e+00,5.643855929374694824e-01,-7.694736996199935675e-05,3.314881178084760904e-05
2.734620094299316406e+00,2.981675229966640472e-02,6.519418675452470779e-03,1.279960870742797852e+00,5.643855929374694824e-01,-7.694736996199935675e-05,3.314881178084760904e-05
2.736620187759399414e+00,3.317233547568321228e-02,7.669904269278049469e-03,1.203622698783874512e+00,6.440767645835876465e-01,1.669359626248478889e-04,2.018959057750180364e-04
2.738620281219482422e+00,3.662379086017608643e-02,8.053399622440338135e-03,1.181580185890197754e+00,5.527581572532653809e-01,1.752496464177966118e-04,-2.186965684813912958e-05
2.740620374679565430e+00,3.662379086017608643e-02,8.053399622440338135e-03,1.181580185890197754e+00,5.527581572532653809e-01,1.752496464177966118e-04,-2.186965684813912958e-05
2.742620468139648438e+00,4.036287218332290649e-02,7.669904269278049469e-03,1.226629495620727539e+00,-1.615153811872005463e-02,1.554725313326343894e-04,4.166808212175965309e-04
2.744620561599731445e+00,4.381432756781578064e-02,8.436894975602626801e-03,1.198431372642517090e+00,1.574807465076446533e-01,3.167039540130645037e-04,-2.694784780032932758e-04
2.746620655059814453e+00,4.381432756781578064e-02,8.436894975602626801e-03,1.198431372642517090e+00,1.574807465076446533e-01,3.167039540130645037e-04,-2.694784780032932758e-04
2.748620748519897461e+00,4.697816446423530579e-02,8.053399622440338135e-03,1.139245033264160156e+00,-2.329824268817901611e-01,1.928771234815940261e-04,-2.790237776935100555e-04
2.750621080398559570e+00,5.033374577760696411e-02,9.203884750604629517e-03,1.108708381652832031e+00,3.140959739685058594e-01,2.001609245780855417e-04,1.145504138548858464e-04
2.752621173858642578e+00,5.033374577760696411e-02,9.203884750604629517e-03,1.108708381652832031e+00,3.140959739685058594e-01,2.001609245780855417e-04,1.145504138548858464e-04
2.754621267318725586e+00,5.402488633990287781e-02,7.669904269278049469e-03,1.180648565292358398e+00,-4.099042713642120361e-01,-2.153909008484333754e-04,-2.453177003189921379e-04
2.756621360778808594e+00,5.709284916520118713e-02,8.436894975602626801e-03,1.111067295074462891e+00,6.332384049892425537e-02,-2.966068568639457226e-04,-1.035010136547498405e-04
2.758621454238891602e+00,5.709284916520118713e-02,8.436894975602626801e-03,1.111067295074462891e+00,6.332384049892425537e-02,-1.069898207788355649e-04,-3.402571601327508688e-04
2.760621547698974609e+00,6.040049344301223755e-02,6.902913562953472137e-03,1.097480177879333496e+00,-4.755190312862396240e-01,-1.069898207788355649e-04,-3.402571601327508688e-04
2.762621641159057617e+00,6.332464516162872314e-02,6.902913562953472137e-03,1.037662386894226074e+00,-1.971384733915328979e-01,-3.152041972498409450e-05,-4.272738588042557240e-04
2.764621734619140625e+00,6.332464516162872314e-02,6.902913562953472137e-03,1.037662386894226074e+00,-1.971384733915328979e-01,-3.152041972498409450e-05,-4.272738588042557240e-04
2.766621828079223633e+00,6.653641909360885620e-02,8.053399622440338135e-03,1.041172981262207031e+00,5.150149464607238770e-01,2.190955565311014652e-04,-1.531515299575403333e-04
2.768621921539306641e+00,6.931675970554351807e-02,6.519418675452470779e-03,9.950256347656250000e-01,9.552403539419174194e-02,-1.427614770364016294e-04,2.485037257429212332e-04
2.770622014999389648e+00,6.931675970554351807e-02,6.519418675452470779e-03,9.950256347656250000e-01,9.552403539419174194e-02,-1.427614770364016294e-04,2.485037257429212332e-04
2.772622108459472656e+00,7.204916328191757202e-02,6.135923322290182114e-03,9.584215283393859863e-01,-1.895685791969299316e-01,2.736833630478940904e-05,-9.786122245714068413e-05
2.774622201919555664e+00,7.468569278717041016e-02,6.135923322290182114e-03,8.844226002693176270e-01,2.295523509383201599e-02,-1.616451336303725839e-04,8.224290650105103850e-05
2.776622295379638672e+00,7.468569278717041016e-02,6.135923322290182114e-03,8.844226002693176270e-01,2.295523509383201599e-02,-1.616451336303725839e-04,8.224290650105103850e-05
2.778622627258300781e+00,7.698666304349899292e-02,5.368933081626892090e-03,8.399329185485839844e-01,-3.828719854354858398e-01,-1.577899092808365822e-04,4.559962835628539324e-04
2.780622720718383789e+00,7.938350737094879150e-02,6.519418675452470779e-03,8.244849443435668945e-01,2.047917544841766357e-01,8.213080582208931446e-05,-7.077323243720456958e-05
2.782622814178466797e+00,7.938350737094879150e-02,6.519418675452470779e-03,8.244849443435668945e-01,2.047917544841766357e-01,8.213080582208931446e-05,-7.077323243720456958e-05
2.784622907638549805e+00,8.120510727167129517e-02,6.519418675452470779e-03,6.967827081680297852e-01,1.767589300870895386e-01,-1.001254568109288812e-04,-4.052365547977387905e-04
2.786623001098632812e+00,8.321846276521682739e-02,5.752427969127893448e-03,6.662704348564147949e-01,-1.243143901228904724e-01,-3.020077128894627094e-04,-1.605985889909788966e-04
2.788623094558715820e+00,8.321846276521682739e-02,5.752427969127893448e-03,6.662704348564147949e-01,-1.243143901228904724e-01,-3.020077128894627094e-04,-1.605985889909788966e-04
2.790623188018798828e+00,8.523181080818176270e-02,7.286408916115760803e-03,6.622099876403808594e-01,2.489205747842788696e-01,-2.395185001660138369e-04,1.236976968357339501e-04
2.792623281478881836e+00,8.681372553110122681e-02,6.519418675452470779e-03,5.857879519462585449e-01,-1.048625931143760681e-01,-9.695570042822510004e-05,9.863873856374993920e-05
2.794623374938964844e+00,8.681372553110122681e-02,6.519418675452470779e-03,5.857879519462585449e-01,-1.048625931143760681e-01,-9.695570042822510004e-05,9.863873856374993920e-05
2.796623706817626953e+00,8.844358474016189575e-02,7.286408916115760803e-03,5.507758855819702148e-01,7.076816260814666748e-02,-8.770457498030737042e-06,-1.603799173608422279e-04
2.798623800277709961e+00,8.997756242752075195e-02,5.752427969127893448e-03,5.144231319427490234e-01,-6.455401778221130371e-01,-1.671243662713095546e-04,3.461925371084362268e-04
2.800623893737792969e+00,8.997756242752075195e-02,5.752427969127893448e-03,5.144231319427490234e-01,-6.455401778221130371e-01,-1.483598171034827828e-04,-2.975483075715601444e-04
2.802623987197875977e+00,9.170328825712203979e-02,7.669904269278049469e-03,5.489270687103271484e-01,2.214239090681076050e-01,-1.483598171034827828e-04,-2.975483075715601444e-04
2.804624080657958984e+00,9.285377711057662964e-02,6.902913562953472137e-03,4.639937877655029297e-01,-1.231741756200790405e-01,1.340652233920991421e-04,1.359576999675482512e-04
2.806624174118041992e+00,9.285377711057662964e-02,6.902913562953472137e-03,4.639937877655029297e-01,-1.231741756200790405e-01,-4.377615368866827339e-06,1.968072756426408887e-04
2.808724880218505859e+00,9.414807707071304321e-02,6.519418675452470779e-03,4.402412772178649902e-01,-2.012534737586975098e-01,-4.377615368866827339e-06,1.968072756426408887e-04
2.810724973678588867e+00,9.529855847358703613e-02,7.286408916115760803e-03,4.151863455772399902e-01,1.842903643846511841e-01,-1.566680584801360965e-04,-2.795037580654025078e-04
2.812725067138671875e+00,9.529855847358703613e-02,7.286408916115760803e-03,4.151863455772399902e-01,1.842903643846511841e-01,-2.330620482098311186e-04,4.088957794010639191e-04
2.814725160598754883e+00,9.649698436260223389e-02,7.669904269278049469e-03,4.196138978004455566e-01,4.665091037750244141e-01,-2.330620482098311186e-04,4.088957794010639191e-04
2.816725254058837891e+00,9.721603244543075562e-02,6.902913562953472137e-03,3.321624994277954102e-01,2.088245451450347900e-01,1.511790032964199781e-04,-2.367474080529063940e-04
2.818725585937500000e+00,9.721603244543075562e-02,6.902913562953472137e-03,3.321624994277954102e-01,2.088245451450347900e-01,1.511790032964199781e-04,-2.367474080529063940e-04
2.820726156234741211e+00,9.807889908552169800e-02,5.752427969127893448e-03,3.046777546405792236e-01,-2.676022052764892578e-01,-1.106183408410288393e-04,3.083292540395632386e-05
2.822726249694824219e+00,9.855826944112777710e-02,5.752427969127893448e-03,2.147027552127838135e-01,-9.805778414011001587e-02,6.495155685115605593e-05,4.399269819259643555e-04
2.824844598770141602e+00,9.855826944112777710e-02,5.752427969127893448e-03,2.147027552127838135e-01,-9.805778414011001587e-02,-4.893733421340584755e-04,-1.184080247185193002e-05
2.826844692230224609e+00,9.932526201009750366e-02,5.368933081626892090e-03,2.310756891965866089e-01,-1.268622428178787231e-01,-4.893733421340584755e-04,-1.184080247185193002e-05
2.828845024108886719e+00,9.956493973731994629e-02,5.368933081626892090e-03,1.469163894653320312e-01,-1.884842664003372192e-01,1.089148499886505306e-04,2.779750502668321133e-05
2.830845117568969727e+00,9.956493973731994629e-02,5.368933081626892090e-03,1.469163894653320312e-01,-1.884842664003372192e-01,-2.634725533425807953e-04,-9.965104982256889343e-05
2.832845211029052734e+00,9.994843602180480957e-02,4.601942375302314758e-03,1.324380040168762207e-01,-4.405692517757415771e-01,-2.634725533425807953e-04,-9.965104982256889343e-05
2.834845304489135742e+00,1.001401841640472412e-01,5.368933081626892090e-03,1.023313850164413452e-01,-8.408496528863906860e-02,1.195938893943093717e-04,-2.930997870862483978e-04
2.836845397949218750e+00,1.001401841640472412e-01,5.368933081626892090e-03,2.748420462012290955e-02,3.527277708053588867e-01,1.624364085728302598e-05,9.479894652031362057e-05
2.838845491409301758e+00,9.999637305736541748e-02,6.135923322290182114e-03,2.748420462012290955e-02,3.527277708053588867e-01,1.624364085728302598e-05,9.479894652031362057e-05
2.840845584869384766e+00,9.980462491512298584e-02,6.519418675452470779e-03,-3.159111738204956055e-02,3.404978513717651367e-01,-6.509392551379278302e-05,6.762461271136999130e-04
2.842845678329467773e+00,9.980462491512298584e-02,6.519418675452470779e-03,-5.784679576754570007e-02,-8.804015070199966431e-02,-5.981426511425524950e-05,-5.191520322114229202e-04
2.844845771789550781e+00,9.961287677288055420e-02,5.752427969127893448e-03,-5.784679576754570007e-02,-8.804015070199966431e-02,-5.981426511425524950e-05,-5.191520322114229202e-04
2.846845865249633789e+00,9.918145090341567993e-02,4.601942375302314758e-03,-1.171156391501426697e-01,-5.527477264404296875e-01,-1.915304019348695874e-04,-1.433292636647820473e-04
2.848845958709716797e+00,9.918145090341567993e-02,4.601942375302314758e-03,-2.605956792831420898e-02,1.859645396471023560e-01,5.326229074853472412e-05,-8.731634443392977118e-05
2.850846052169799805e+00,9.927732497453689575e-02,6.135923322290182114e-03,-2.605956792831420898e-02,1.859645396471023560e-01,5.326229074853472412e-05,-8.731634443392977118e-05
2.852846145629882812e+00,9.855826944112777710e-02,6.519418675452470779e-03,-1.101862043142318726e-01,2.907256484031677246e-01,2.399167133262380958e-04,1.824545033741742373e-04
2.854846239089965820e+00,9.855826944112777710e-02,6.519418675452470779e-03,-1.101862043142318726e-01,2.907256484031677246e-01,-2.327807596884667873e-04,-4.763319157063961029e-04
2.856846332550048828e+00,9.774333983659744263e-02,5.368933081626892090e-03,-1.960743069648742676e-01,-1.502954214811325073e-01,-2.327807596884667873e-04,-4.763319157063961029e-04
2.858846426010131836e+00,9.716809540987014771e-02,5.368933081626892090e-03,-2.066924273967742920e-01,-1.170562431216239929e-01,-1.056015171343460679e-04,-2.118208358297124505e-04
2.860846519470214844e+00,9.716809540987014771e-02,5.368933081626892090e-03,-2.066924273967742920e-01,-1.170562431216239929e-01,1.023050426738336682e-04,-4.139481170568615198e-04
2.862846612930297852e+00,9.664079546928405762e-02,4.985437728464603424e-03,-1.910375952720642090e-01,-1.711281388998031616e-01,1.023050426738336682e-04,-4.139481170568615198e-04
2.864846706390380859e+00,9.582586586475372314e-02,5.368933081626892090e-03,-2.242820858955383301e-01,1.142876893281936646e-01,-3.980499241151846945e-05,-3.269698645453900099e-04
2.866846799850463867e+00,9.582586586475372314e-02,5.368933081626892090e-03,-2.618083059787750244e-01,2.401869297027587891e-01,-1.833826718211639673e-05,1.498003839515149593e-04
2.869595050811767578e+00,9.491506218910217285e-02,5.368933081626892090e-03,-2.618083059787750244e-01,2.401869297027587891e-01,-1.833826718211639673e-05,1.498003839515149593e-04
2.871595859527587891e+00,9.381251782178878784e-02,4.601942375302314758e-03,-3.244243860244750977e-01,2.520264312624931335e-02,7.122925580915762112e-06,-3.344459400977939367e-04
2.873595952987670898e+00,9.280584007501602173e-02,3.834952134639024734e-03,-3.406450450420379639e-01,1.936991810798645020e-01,9.206444519804790616e-05,-4.396006988827139139e-05
2.875596046447753906e+00,9.280584007501602173e-02,3.834952134639024734e-03,-3.406450450420379639e-01,1.936991810798645020e-01,9.206444519804790616e-05,-4.396006988827139139e-05
2.877596139907836914e+00,9.165535122156143188e-02,4.601942375302314758e-03,-3.621122241020202637e-01,1.779026985168457031e-01,1.661168207647278905e-04,-1.494083699071779847e-04
2.879596233367919922e+00,9.040899574756622314e-02,4.218447487801313400e-03,-3.932910561561584473e-01,5.004581809043884277e-02,3.471514501143246889e-04,-2.883300767280161381e-04
2.881596326828002930e+00,9.040899574756622314e-02,4.218447487801313400e-03,-3.932910561561584473e-01,5.004581809043884277e-02,3.471514501143246889e-04,-2.883300767280161381e-04
2.883596420288085938e+00,8.901882171630859375e-02,4.218447487801313400e-03,-4.244326949119567871e-01,-1.123273279517889023e-02,-8.201071614166721702e-05,-7.000734331086277962e-04
2.885596513748168945e+00,8.738896995782852173e-02,4.218447487801313400e-03,-4.873636960983276367e-01,-5.280668288469314575e-02,2.275538099638652056e-05,-1.777995930751785636e-04
2.887596607208251953e+00,8.738896995782852173e-02,4.218447487801313400e-03,-4.873636960983276367e-01,-5.280668288469314575e-02,2.275538099638652056e-05,-1.777995930751785636e-04
2.889596700668334961e+00,8.580705523490905762e-02,4.218447487801313400e-03,-5.312298536300659180e-01,-2.812235150486230850e-03,-2.843418915290385485e-04,-1.686088362475857139e-04
2.891596794128417969e+00,8.436894416809082031e-02,3.834952134639024734e-03,-5.061100721359252930e-01,-2.216023355722427368e-01,-1.253505179192870855e-04,-2.299962652614340186e-04
2.893597126007080078e+00,8.436894416809082031e-02,3.834952134639024734e-03,-5.061100721359252930e-01,-2.216023355722427368e-01,-1.253505179192870855e-04,-2.299962652614340186e-04
2.895597219467163086e+00,8.273909240961074829e-02,4.601942375302314758e-03,-5.225853323936462402e-01,7.547731697559356689e-02,1.236006501130759716e-04,5.536845419555902481e-04
2.897963047027587891e+00,8.086955547332763672e-02,4.601942375302314758e-03,-5.735285878181457520e-01,9.291968494653701782e-02,-9.324803249910473824e-05,-1.271190412808209658e-04
2.899963140487670898e+00,8.086955547332763672e-02,4.601942375302314758e-03,-5.616117119789123535e-01,4.747938364744186401e-02,-1.671196628194593359e-06,-9.545616194372996688e-05
2.901963233947753906e+00,7.919175922870635986e-02,4.601942375302314758e-03,-5.616117119789123535e-01,4.747938364744186401e-02,-1.671196628194593359e-06,-9.545616194372996688e-05
2.903963804244995117e+00,7.708253711462020874e-02,3.451456781476736069e-03,-6.354594230651855469e-01,-3.828266859054565430e-01,-1.059163914760574698e-04,2.523940056562423706e-04
2.905963897705078125e+00,7.708253711462020874e-02,3.451456781476736069e-03,-6.354594230651855469e-01,-3.828266859054565430e-01,1.903331576613709331e-04,-1.562772231409326196e-04
2.907964229583740234e+00,7.511712610721588135e-02,4.985437728464603424e-03,-6.575974822044372559e-01,2.215010672807693481e-01,1.903331576613709331e-04,-1.562772231409326196e-04
2.909964323043823242e+00,7.329551875591278076e-02,4.601942375302314758e-03,-6.210501790046691895e-01,1.443488448858261108e-01,3.255200135754421353e-05,-5.402882234193384647e-04
2.911964416503906250e+00,7.329551875591278076e-02,4.601942375302314758e-03,-6.727015972137451172e-01,1.684289127588272095e-01,-2.945093547168653458e-05,-1.395956205669790506e-04
2.913964509963989258e+00,7.109042257070541382e-02,4.601942375302314758e-03,-6.727015972137451172e-01,1.684289127588272095e-01,-2.945093547168653458e-05,-1.395956205669790506e-04
2.915964603424072266e+00,6.893326342105865479e-02,3.834952134639024734e-03,-7.033378481864929199e-01,-2.207372337579727173e-01,9.899777796817943454e-05,-9.758273517945781350e-05
2.917964696884155273e+00,6.893326342105865479e-02,3.834952134639024734e-03,-6.997347474098205566e-01,3.494814038276672363e-01,-1.338102447334676981e-05,2.567989577073603868e-04
2.919964790344238281e+00,6.687197834253311157e-02,4.985437728464603424e-03,-6.997347474098205566e-01,3.494814038276672363e-01,-1.338102447334676981e-05,2.567989577073603868e-04
2.921964883804321289e+00,6.471481919288635254e-02,4.601942375302314758e-03,-7.086917161941528320e-01,2.207915782928466797e-01,2.901185653172433376e-04,3.583125653676688671e-04
2.923964977264404297e+00,6.471481919288635254e-02,4.601942375302314758e-03,-6.954832673072814941e-01,5.345648154616355896e-02,3.897195274475961924e-04,5.730910925194621086e-04
2.925965070724487305e+00,6.260558962821960449e-02,4.218447487801313400e-03,-6.954832673072814941e-01,5.345648154616355896e-02,3.897195274475961924e-04,5.730910925194621086e-04
2.927965164184570312e+00,6.001700088381767273e-02,3.834952134639024734e-03,-7.825892567634582520e-01,-1.229933872818946838e-01,4.697800977737642825e-05,3.617501351982355118e-04
2.929965257644653320e+00,6.001700088381767273e-02,3.834952134639024734e-03,-7.825892567634582520e-01,-1.229933872818946838e-01,-2.985833853017538786e-04,-1.502090453868731856e-04
2.931965351104736328e+00,5.776396393775939941e-02,3.834952134639024734e-03,-7.787042260169982910e-01,-1.789432764053344727e-02,-2.985833853017538786e-04,-1.502090453868731856e-04
2.933965444564819336e+00,5.536711961030960083e-02,4.218447487801313400e-03,-7.881145477294921875e-01,3.666923344135284424e-01,1.219931364175863564e-04,2.083434992528054863e-05
2.935965538024902344e+00,5.536711961030960083e-02,4.218447487801313400e-03,-8.221449255943298340e-01,1.881982088088989258e-01,-1.677140098763629794e-04,-3.277178911957889795e-04
2.937965631484985352e+00,5.282646417617797852e-02,3.834952134639024734e-03,-8.221449255943298340e-01,1.881982088088989258e-01,-1.677140098763629794e-04,-3.277178911957889795e-04
2.939965724945068359e+00,5.033374577760696411e-02,3.067961661145091057e-03,-8.513284325599670410e-01,-1.719854623079299927e-01,-6.467232742579653859e-05,2.312510041519999504e-04
2.941991567611694336e+00,5.033374577760696411e-02,3.067961661145091057e-03,-8.513284325599670410e-01,-1.719854623079299927e-01,1.572761830175295472e-04,1.674789018579758704e-05
2.943991661071777344e+00,4.808071255683898926e-02,3.451456781476736069e-03,-7.986394762992858887e-01,-3.870293498039245605e-02,1.572761830175295472e-04,1.674789018579758704e-05
2.945991754531860352e+00,4.534830898046493530e-02,2.684466540813446045e-03,-8.591790795326232910e-01,-3.334835767745971680e-01,3.645438409876078367e-04,1.093260652851313353e-05
2.947991847991943359e+00,4.534830898046493530e-02,2.684466540813446045e-03,-8.443373441696166992e-01,-2.024673968553543091e-01,7.773005927447229624e-05,1.218324541696347296e-04
2.949991941452026367e+00,4.285559058189392090e-02,2.684466540813446045e-03,-8.443373441696166992e-01,-2.024673968553543091e-01,7.773005927447229624e-05,1.218324541696347296e-04
2.951992273330688477e+00,4.007524996995925903e-02,3.451456781476736069e-03,-8.911640644073486328e-01,2.861292799934744835e-03,-8.956208330346271396e-05,-6.536562432302162051e-05
2.953992366790771484e+00,4.007524996995925903e-02,3.451456781476736069e-03,-8.918858766555786133e-01,9.224566631019115448e-03,3.656486660474911332e-05,-3.342926502227783203e-04
2.955992460250854492e+00,3.743872046470642090e-02,3.451456781476736069e-03,-8.918858766555786133e-01,9.224566631019115448e-03,3.656486660474911332e-05,-3.342926502227783203e-04
2.957992792129516602e+00,3.456250578165054321e-02,4.218447487801313400e-03,-9.356670975685119629e-01,3.895143270492553711e-01,-1.383328053634613752e-04,7.066933176247403026e-05
2.959992885589599609e+00,3.456250578165054321e-02,4.218447487801313400e-03,-9.356670975685119629e-01,3.895143270492553711e-01,2.655711141414940357e-04,6.400938582373782992e-05
2.961992979049682617e+00,3.202185034751892090e-02,4.218447487801313400e-03,-8.944765925407409668e-01,2.662748694419860840e-01,-9.790051262825727463e-05,1.779686975567074114e-08
2.963993072509765625e+00,2.890595048666000366e-02,4.218447487801313400e-03,-9.718493223190307617e-01,1.819389164447784424e-01,-9.790051262825727463e-05,1.779686975567074114e-08
2.965993165969848633e+00,2.890595048666000366e-02,4.218447487801313400e-03,-9.247479438781738281e-01,-8.104608207941055298e-02,-6.210196443134918809e-05,-4.856477899011224508e-04
2.967995166778564453e+00,2.344114519655704498e-02,3.834952134639024734e-03,-9.415977001190185547e-01,-3.181384876370429993e-02,2.238545857835561037e-04,-1.681931607890874147e-04
2.970805406570434570e+00,2.344114519655704498e-02,3.834952134639024734e-03,-9.415977001190185547e-01,-3.181384876370429993e-02,2.238545857835561037e-04,-1.681931607890874147e-04
2.972805500030517578e+00,2.070874162018299103e-02,4.601942375302314758e-03,-9.277170896530151367e-01,1.337491571903228760e-01,-2.390867302892729640e-04,-2.862523542717099190e-04
2.974805593490600586e+00,2.070874162018299103e-02,4.601942375302314758e-03,-9.277170896530151367e-01,1.337491571903228760e-01,2.635322744026780128e-04,2.047975285677239299e-04
2.976805686950683594e+00,1.797633804380893707e-02,4.985437728464603424e-03,-9.150083661079406738e-01,2.988014221191406250e-01,2.635322744026780128e-04,2.047975285677239299e-04
2.978805780410766602e+00,1.533980853855609894e-02,4.985437728464603424e-03,-8.791601657867431641e-01,3.570236265659332275e-01,1.221537095261737704e-04,2.674687420949339867e-04
2.980805873870849609e+00,1.533980853855609894e-02,4.985437728464603424e-03,-8.791601657867431641e-01,3.570236265659332275e-01,1.221537095261737704e-04,2.674687420949339867e-04
2.982805967330932617e+00,1.222390960901975632e-02,5.368933081626892090e-03,-9.599617719650268555e-01,6.441699266433715820e-01,2.680219040485098958e-06,-2.329740345885511488e-05
2.984806060791015625e+00,9.731191210448741913e-03,3.451456781476736069e-03,-8.998352289199829102e-01,-2.700933814048767090e-01,-3.556126102921552956e-06,2.794105967041105032e-05
2.986806392669677734e+00,9.731191210448741913e-03,3.451456781476736069e-03,-8.998352289199829102e-01,-2.700933814048767090e-01,-3.556126102921552956e-06,2.794105967041105032e-05
2.988807439804077148e+00,6.902913562953472137e-03,4.218447487801313400e-03,-9.163746833801269531e-01,3.418586850166320801e-01,-3.037514688912779093e-04,-1.484722597524523735e-04
2.990807771682739258e+00,4.314321093261241913e-03,2.300971187651157379e-03,-8.905944824218750000e-01,-3.840114772319793701e-01,3.204189415555447340e-04,2.719539334066212177e-04
2.992807865142822266e+00,4.314321093261241913e-03,2.300971187651157379e-03,-8.905944824218750000e-01,-3.840114772319793701e-01,-2.359614445595070720e-04,1.623647985979914665e-04
2.994808673858642578e+00,1.629854668863117695e-03,2.300971187651157379e-03,-8.926531076431274414e-01,-2.386964410543441772e-01,-2.359614445595070720e-04,1.623647985979914665e-04
2.996808767318725586e+00,-9.108011145144701004e-04,2.300971187651157379e-03,-8.612586855888366699e-01,-1.495350152254104614e-01,4.384928615763783455e-05,-1.589025923749431968e-04
2.998808860778808594e+00,-9.108011145144701004e-04,2.300971187651157379e-03,-8.963812589645385742e-01,-1.851123124361038208e-01,3.636759938672184944e-04,-5.404124749475158751e-05
3.000808954238891602e+00,-3.691141260787844658e-03,1.917476067319512367e-03,-8.963812589645385742e-01,-1.851123124361038208e-01,3.636759938672184944e-04,-5.404124749475158751e-05
3.002809047698974609e+00,-6.087986286729574203e-03,2.684466540813446045e-03,-8.483707904815673828e-01,3.756446540355682373e-01,1.563896803418174386e-04,-4.422897472977638245e-04
3.004809617996215820e+00,-6.087986286729574203e-03,2.684466540813446045e-03,-8.483707904815673828e-01,3.756446540355682373e-01,-5.747508257627487183e-04,6.267089338507503271e-05
3.006809949874877930e+00,-8.436894975602626801e-03,1.533980830572545528e-03,-7.962461709976196289e-01,-5.036226287484169006e-02,-5.747508257627487183e-04,6.267089338507503271e-05
3.008810043334960938e+00,-1.126517169177532196e-02,3.834952076431363821e-04,-8.736540079116821289e-01,-3.613648414611816406e-01,-3.908562357537448406e-04,7.852085400372743607e-05
3.010810136795043945e+00,-1.126517169177532196e-02,3.834952076431363821e-04,-8.736540079116821289e-01,-3.613648414611816406e-01,-1.090991863748058677e-04,1.584126730449497700e-04
3.012810230255126953e+00,-1.351820584386587143e-02,0.000000000000000000e+00,-8.199360370635986328e-01,-2.930862009525299072e-01,-1.090991863748058677e-04,1.584126730449497700e-04
3.014810323715209961e+00,-1.581917703151702881e-02,3.834952076431363821e-04,-7.876042723655700684e-01,5.375181511044502258e-02,-3.591163258533924818e-04,-1.282328012166544795e-04
3.016810417175292969e+00,-1.581917703151702881e-02,3.834952076431363821e-04,-7.487511038780212402e-01,-2.139943391084671021e-01,1.942935341503471136e-04,2.236458967672660947e-04
3.018810749053955078e+00,-1.807221211493015289e-02,-3.834952076431363821e-04,-7.487511038780212402e-01,-2.139943391084671021e-01,1.942935341503471136e-04,2.236458967672660947e-04
3.020810842514038086e+00,-2.056493051350116730e-02,-7.669904152862727642e-04,-7.938646078109741211e-01,-2.271469533443450928e-01,3.607587132137268782e-04,-3.711865574587136507e-04
3.022810935974121094e+00,-2.056493051350116730e-02,-7.669904152862727642e-04,-7.938646078109741211e-01,-2.271469533443450928e-01,-6.509574013762176037e-04,-1.747577880450990051e-05
3.024811029434204102e+00,-2.253034338355064392e-02,-7.669904152862727642e-04,-7.317377328872680664e-01,-1.185550689697265625e-01,-6.509574013762176037e-04,-1.747577880450990051e-05
3.026811122894287109e+00,-2.449575625360012054e-02,-3.834952076431363821e-04,-6.817207932472229004e-01,1.389700174331665039e-01,-1.989906922972295433e-05,7.980033115018159151e-05
3.028811216354370117e+00,-2.449575625360012054e-02,-3.834952076431363821e-04,-6.817207932472229004e-01,1.389700174331665039e-01,-1.989906922972295433e-05,7.980033115018159151e-05
3.030811309814453125e+00,-2.703641168773174286e-02,-3.834952076431363821e-04,-7.752839326858520508e-01,1.773269772529602051e-01,1.750375304254703224e-06,-2.057738602161407471e-04
3.032811641693115234e+00,-2.837864495813846588e-02,-1.917476067319512367e-03,-6.076005101203918457e-01,-4.049398303031921387e-01,1.842399942688643932e-04,-9.071781096281483769e-05
3.034811735153198242e+00,-2.837864495813846588e-02,-1.917476067319512367e-03,-6.076005101203918457e-01,-4.049398303031921387e-01,-4.585063493323104922e-07,-2.796801345539279282e-05
3.036811828613281250e+00,-3.039199486374855042e-02,-1.917476067319512367e-03,-6.312464475631713867e-01,-3.797228336334228516e-01,-4.585063493323104922e-07,-2.796801345539279282e-05
3.038811922073364258e+00,-3.221359848976135254e-02,-1.533980830572545528e-03,-6.201027035713195801e-01,-7.972911000251770020e-02,4.100247315363958478e-05,6.032635574229061604e-04
3.040812015533447266e+00,-3.221359848976135254e-02,-1.533980830572545528e-03,-6.201027035713195801e-01,-7.972911000251770020e-02,-1.441763888578861952e-04,5.245064385235309601e-04
3.042812347412109375e+00,-3.369964286684989929e-02,-1.533980830572545528e-03,-5.426944494247436523e-01,4.001368954777717590e-02,-1.441763888578861952e-04,5.245064385235309601e-04
3.044812440872192383e+00,-3.528155758976936340e-02,-1.533980830572545528e-03,-5.237872004508972168e-01,4.438164085149765015e-02,-6.743361009284853935e-04,-2.570864744484424591e-04
3.046812534332275391e+00,-3.528155758976936340e-02,-1.533980830572545528e-03,-5.237872004508972168e-01,4.438164085149765015e-02,2.327040856471285224e-04,5.187045826460234821e-05
3.048812866210937500e+00,-3.681553900241851807e-02,-1.917476067319512367e-03,-5.108938217163085938e-01,-9.702883660793304443e-02,2.327040856471285224e-04,5.187045826460234821e-05
3.050812959671020508e+00,-3.820570930838584900e-02,-1.917476067319512367e-03,-4.742896854877471924e-01,-1.022406667470932007e-02,4.336607526056468487e-05,-5.363941309042274952e-04
3.052813053131103516e+00,-3.820570930838584900e-02,-1.917476067319512367e-03,-4.742896854877471924e-01,-1.022406667470932007e-02,-2.314453886356204748e-04,2.134414098691195250e-04
3.054813146591186523e+00,-3.964381664991378784e-02,-1.917476067319512367e-03,-4.818050265312194824e-01,-1.052050441503524780e-01,-2.314453886356204748e-04,2.134414098691195250e-04
3.056813240051269531e+00,-4.065049067139625549e-02,-2.684466540813446045e-03,-3.980979323387145996e-01,-4.240052402019500732e-01,-6.462253513745963573e-04,7.825847205822356045e-06
3.058813333511352539e+00,-4.065049067139625549e-02,-2.684466540813446045e-03,-3.875465691089630127e-01,1.086570918560028076e-01,-7.042319048196077347e-04,8.244835771620273590e-05
3.060813426971435547e+00,-4.184891283512115479e-02,-1.533980830572545528e-03,-3.875465691089630127e-01,1.086570918560028076e-01,-7.042319048196077347e-04,8.244835771620273590e-05
3.062813520431518555e+00,-4.290352761745452881e-02,-1.150485593825578690e-03,-3.730281889438629150e-01,3.408897817134857178e-01,-3.415488463360816240e-04,1.112623358494602144e-04
3.064813613891601562e+00,-4.290352761745452881e-02,-1.150485593825578690e-03,-3.205412328243255615e-01,2.576703727245330811e-01,3.544117498677223921e-04,-5.228652153164148331e-04
3.066813945770263672e+00,-4.371845349669456482e-02,-1.150485593825578690e-03,-3.205412328243255615e-01,2.576703727245330811e-01,3.544117498677223921e-04,-5.228652153164148331e-04
3.068814039230346680e+00,-4.462925344705581665e-02,-1.917476067319512367e-03,-3.131668865680694580e-01,-2.800651080906391144e-02,7.298803539015352726e-04,2.023555862251669168e-04
3.070814132690429688e+00,-4.462925344705581665e-02,-1.917476067319512367e-03,-2.313612997531890869e-01,-4.142353534698486328e-01,3.250637382734566927e-05,-8.463860285701230168e-05
3.072814226150512695e+00,-4.510862380266189575e-02,-2.300971187651157379e-03,-2.313612997531890869e-01,-4.142353534698486328e-01,3.250637382734566927e-05,-8.463860285701230168e-05
3.074814319610595703e+00,-4.563593119382858276e-02,-1.533980830572545528e-03,-1.895866394042968750e-01,-1.475324016064405441e-02,-1.521550002507865429e-04,-6.130434485385194421e-05
3.076814413070678711e+00,-4.563593119382858276e-02,-1.533980830572545528e-03,-1.787322610616683960e-01,1.737488657236099243e-01,8.250730752479285002e-05,-1.062799037754302844e-05
3.078814744949340820e+00,-4.616323485970497131e-02,-1.150485593825578690e-03,-1.787322610616683960e-01,1.737488657236099243e-01,8.250730752479285002e-05,-1.062799037754302844e-05
3.080814838409423828e+00,-4.654673114418983459e-02,-1.533980830572545528e-03,-1.593066751956939697e-01,-7.406271994113922119e-02,-3.405485040275380015e-05,-4.062766965944319963e-04
3.082814931869506836e+00,-4.654673114418983459e-02,-1.533980830572545528e-03,-1.593066751956939697e-01,-7.406271994113922119e-02,-5.095894084661267698e-05,-2.290285774506628513e-04
3.084816217422485352e+00,-4.669054225087165833e-02,-1.917476067319512367e-03,-1.103739365935325623e-01,-3.349520638585090637e-02,-5.095894084661267698e-05,-2.290285774506628513e-04
3.086816310882568359e+00,-4.683435335755348206e-02,-1.533980830572545528e-03,-9.228917211294174194e-02,1.069131791591644287e-01,4.904393790639005601e-05,-3.120581968687474728e-04
3.088816404342651367e+00,-4.683435335755348206e-02,-1.533980830572545528e-03,-9.228917211294174194e-02,1.069131791591644287e-01,1.893672451842576265e-04,-2.638103906065225601e-04
3.090816497802734375e+00,-4.659466817975044250e-02,-1.917476067319512367e-03,-5.555938463658094406e-03,-4.409918189048767090e-02,1.893672451842576265e-04,-2.638103906065225601e-04
3.092816591262817383e+00,-4.645085707306861877e-02,-1.533980830572545528e-03,3.103713132441043854e-02,1.679694354534149170e-01,-3.559434553608298302e-04,-7.125184638425707817e-04
3.094816923141479492e+00,-4.645085707306861877e-02,-1.533980830572545528e-03,3.103713132441043854e-02,1.679694354534149170e-01,1.154989222413860261e-04,-3.724136695382185280e-05
3.096817016601562500e+00,-4.635498300194740295e-02,-1.150485593825578690e-03,3.027717210352420807e-02,2.363523095846176147e-01,1.154989222413860261e-04,-3.724136695382185280e-05
3.098817110061645508e+00,-4.582767561078071594e-02,-2.684466540813446045e-03,1.066314056515693665e-01,-3.632867932319641113e-01,2.184213371947407722e-04,1.227927714353427291e-04
3.100817203521728516e+00,-4.582767561078071594e-02,-2.684466540813446045e-03,1.066314056515693665e-01,5.211711525917053223e-01,1.167268856079317629e-04,4.391287511680275202e-04
3.102817296981811523e+00,-4.577973857522010803e-02,-7.669904152862727642e-04,4.366554692387580872e-02,5.211711525917053223e-01,1.167268856079317629e-04,4.391287511680275202e-04
3.104817390441894531e+00,-4.496481269598007202e-02,-1.917476067319512367e-03,1.439591944217681885e-01,-6.290751695632934570e-02,-1.751667441567406058e-04,2.237123699160292745e-04
3.106817483901977539e+00,-4.496481269598007202e-02,-1.917476067319512367e-03,1.439591944217681885e-01,-6.290751695632934570e-02,1.267533516511321068e-03,1.365126954624429345e-04
3.108817577362060547e+00,-4.434163495898246765e-02,-1.533980830572545528e-03,1.779895126819610596e-01,1.214277297258377075e-01,1.267533516511321068e-03,1.365126954624429345e-04
3.110817670822143555e+00,-4.347876831889152527e-02,-7.669904152862727642e-04,2.455521523952484131e-01,2.593433260917663574e-01,-4.983468097634613514e-04,3.304498095531016588e-04
3.112817764282226562e+00,-4.347876831889152527e-02,-7.669904152862727642e-04,2.455521523952484131e-01,2.593433260917663574e-01,6.268624565564095974e-04,-4.372426483314484358e-04
3.114817857742309570e+00,-4.290352761745452881e-02,-7.669904152862727642e-04,2.259718477725982666e-01,2.294113934040069580e-01,6.268624565564095974e-04,-4.372426483314484358e-04
3.116817951202392578e+00,-4.184891283512115479e-02,-1.150485593825578690e-03,2.933486104011535645e-01,-7.737506926059722900e-02,1.640232221689075232e-04,-4.354550328571349382e-04
3.118818044662475586e+00,-4.184891283512115479e-02,-1.150485593825578690e-03,2.657451629638671875e-01,-5.062047243118286133e-01,3.407653130125254393e-04,-2.567847550380975008e-04
3.120818138122558594e+00,-4.112986102700233459e-02,-1.917476067319512367e-03,2.657451629638671875e-01,-5.062047243118286133e-01,3.407653130125254393e-04,-2.567847550380975008e-04
3.122818231582641602e+00,-3.997937589883804321e-02,-1.150485593825578690e-03,3.136027157306671143e-01,-1.905969679355621338e-01,1.172947013401426375e-04,-8.186716877389699221e-05
3.124818325042724609e+00,-3.997937589883804321e-02,-1.150485593825578690e-03,3.136027157306671143e-01,-1.905969679355621338e-01,1.172947013401426375e-04,-8.186716877389699221e-05
3.126818418502807617e+00,-3.873301669955253601e-02,-3.834952076431363821e-04,3.680182397365570068e-01,-2.657245658338069916e-02,2.050967123068403453e-05,4.848457756452262402e-04
3.128818511962890625e+00,-3.748665750026702881e-02,1.533980830572545528e-03,4.005214571952819824e-01,8.729279041290283203e-01,6.706278072670102119e-04,6.322897388599812984e-04
3.130818605422973633e+00,-3.748665750026702881e-02,1.533980830572545528e-03,4.005214571952819824e-01,8.729279041290283203e-01,-3.600059426389634609e-04,-7.830548565834760666e-05
3.132818698883056641e+00,-3.628823533654212952e-02,-3.834952076431363821e-04,4.048657417297363281e-01,-1.252096146345138550e-01,-3.600059426389634609e-04,-7.830548565834760666e-05
3.134818792343139648e+00,-3.494600206613540649e-02,-3.834952076431363821e-04,4.295632243156433105e-01,-1.415143311023712158e-01,-6.033502722857519984e-05,-1.980570377781987190e-04
3.136818885803222656e+00,-3.494600206613540649e-02,-3.834952076431363821e-04,4.295632243156433105e-01,-1.415143311023712158e-01,-1.837464078562334180e-04,2.995960821863263845e-04
3.138818979263305664e+00,-3.345995768904685974e-02,7.669904152862727642e-04,4.707318246364593506e-01,3.506060540676116943e-01,-1.837464078562334180e-04,2.995960821863263845e-04
3.140819549560546875e+00,-3.211772441864013672e-02,-1.150485593825578690e-03,4.634933173656463623e-01,-6.257627606391906738e-01,-3.196733014192432165e-04,-2.198665752075612545e-04
3.142819643020629883e+00,-3.211772441864013672e-02,-1.150485593825578690e-03,4.634933173656463623e-01,-6.257627606391906738e-01,-3.196733014192432165e-04,-2.198665752075612545e-04
3.144819736480712891e+00,-3.063168004155158997e-02,3.834952076431363821e-04,4.708222746849060059e-01,6.102908775210380554e-02,-1.774243428371846676e-04,-1.806278451113030314e-04
3.146819829940795898e+00,-2.876214124262332916e-02,-7.669904152862727642e-04,5.527475476264953613e-01,-5.051967501640319824e-01,-2.733893634285777807e-04,1.396628795191645622e-04
3.148819923400878906e+00,-2.876214124262332916e-02,-7.669904152862727642e-04,5.413314104080200195e-01,-6.430358439683914185e-02,-1.437877508578822017e-04,1.446234673494473100e-04
3.150820016860961914e+00,-2.718022279441356659e-02,3.834952076431363821e-04,5.413314104080200195e-01,-6.430358439683914185e-02,-1.437877508578822017e-04,1.446234673494473100e-04
3.152820348739624023e+00,-2.555036731064319611e-02,0.000000000000000000e+00,5.339561700820922852e-01,-2.122478187084197998e-01,7.545114931417629123e-05,1.968856086023151875e-04
3.154820442199707031e+00,-2.555036731064319611e-02,0.000000000000000000e+00,5.339561700820922852e-01,-2.122478187084197998e-01,4.037357211927883327e-05,-1.777610887074843049e-04
3.156820535659790039e+00,-2.358495444059371948e-02,7.669904152862727642e-04,5.979416966438293457e-01,8.485428988933563232e-02,4.037357211927883327e-05,-1.777610887074843049e-04
3.158820867538452148e+00,-2.181128971278667450e-02,3.834952076431363821e-04,6.080204844474792480e-01,-2.048667073249816895e-01,2.559795102570205927e-04,-1.536425988888368011e-04
3.160820960998535156e+00,-2.181128971278667450e-02,3.834952076431363821e-04,6.710514426231384277e-01,-1.290235072374343872e-01,2.412317262496799231e-04,-1.674417289905250072e-04
3.162821054458618164e+00,-1.979793980717658997e-02,3.834952076431363821e-04,6.710514426231384277e-01,-1.290235072374343872e-01,2.412317262496799231e-04,-1.674417289905250072e-04
3.164821147918701172e+00,-1.831189543008804321e-02,1.533980830572545528e-03,6.013171076774597168e-01,2.863693535327911377e-01,1.890722633106634021e-04,-1.603915297891944647e-04
3.166821241378784180e+00,-1.831189543008804321e-02,1.533980830572545528e-03,6.013171076774597168e-01,2.863693535327911377e-01,-2.925088338088244200e-04,2.001528919208794832e-04
3.168821334838867188e+00,-1.653823070228099823e-02,0.000000000000000000e+00,5.942504405975341797e-01,-5.470415949821472168e-01,-2.925088338088244200e-04,2.001528919208794832e-04
3.170821428298950195e+00,-1.462075486779212952e-02,1.917476067319512367e-03,6.151654124259948730e-01,2.855077087879180908e-01,2.484020951669663191e-04,2.848868462024256587e-05
3.172821521759033203e+00,-1.462075486779212952e-02,1.917476067319512367e-03,6.151654124259948730e-01,2.855077087879180908e-01,4.843920396524481475e-05,4.252075741533190012e-04
3.174821615219116211e+00,-1.279915217310190201e-02,1.917476067319512367e-03,6.036863327026367188e-01,1.141765192151069641e-01,4.843920396524481475e-05,4.252075741533190012e-04
3.176821708679199219e+00,-1.088167633861303329e-02,3.067961661145091057e-03,6.216608285903930664e-01,5.579413771629333496e-01,2.937850658781826496e-04,-5.124121526023373008e-05
3.178821802139282227e+00,-1.088167633861303329e-02,3.067961661145091057e-03,6.132243871688842773e-01,-2.801955863833427429e-02,-3.677769564092159271e-04,2.405890409136191010e-04
3.180842638015747070e+00,-9.060074575245380402e-03,2.300971187651157379e-03,6.132243871688842773e-01,-2.801955863833427429e-02,-3.677769564092159271e-04,2.405890409136191010e-04
3.182873249053955078e+00,-7.238471880555152893e-03,1.917476067319512367e-03,6.090809702873229980e-01,-2.659839689731597900e-01,-3.578930918592959642e-04,-1.032189975376240909e-04
3.184873580932617188e+00,-7.238471880555152893e-03,1.917476067319512367e-03,6.090809702873229980e-01,-2.659839689731597900e-01,1.212069109897129238e-04,4.570863675326108932e-04
3.186873674392700195e+00,-5.368933081626892090e-03,2.684466540813446045e-03,6.152014136314392090e-01,-2.191540785133838654e-02,1.212069109897129238e-04,4.570863675326108932e-04
3.188873767852783203e+00,-3.403519978746771812e-03,3.067961661145091057e-03,6.427773833274841309e-01,-3.696931758895516396e-03,-2.922446001321077347e-04,-9.662963566370308399e-05
3.190873861312866211e+00,-3.403519978746771812e-03,3.067961661145091057e-03,5.833177566528320312e-01,2.664299011230468750e-01,5.754787707701325417e-04,-1.431539276381954551e-04
3.192873954772949219e+00,-1.821602229028940201e-03,3.834952134639024734e-03,5.833177566528320312e-01,2.664299011230468750e-01,5.754787707701325417e-04,-1.431539276381954551e-04
3.194874048233032227e+00,4.793690095539204776e-05,3.451456781476736069e-03,5.949005484580993652e-01,-3.968161344528198242e-02,-1.842458586907014251e-04,-1.285035614273510873e-05
3.196874141693115234e+00,4.793690095539204776e-05,3.451456781476736069e-03,5.660532116889953613e-01,-5.381301045417785645e-02,-3.671532322186976671e-04,-2.917432284448295832e-04
3.198874235153198242e+00,1.725728390738368034e-03,3.834952134639024734e-03,5.660532116889953613e-01,-5.381301045417785645e-02,-3.671532322186976671e-04,-2.917432284448295832e-04
3.200874328613281250e+00,3.691141260787844658e-03,4.985437728464603424e-03,5.966176986694335938e-01,4.428651332855224609e-01,-1.138425577664747834e-04,-2.660560712683945894e-04
3.202874422073364258e+00,3.691141260787844658e-03,4.985437728464603424e-03,5.978165864944458008e-01,-1.712747663259506226e-01,2.188847247452940792e-05,-2.378614735789597034e-04
3.205215454101562500e+00,5.464806687086820602e-03,3.834952134639024734e-03,5.978165864944458008e-01,-1.712747663259506226e-01,2.188847247452940792e-05,-2.378614735789597034e-04
3.207216024398803711e+00,7.094661239534616470e-03,4.601942375302314758e-03,5.658023357391357422e-01,-2.852508053183555603e-02,5.216921636019833386e-05,1.936657208716496825e-04
3.209216117858886719e+00,8.916263468563556671e-03,3.451456781476736069e-03,5.932460427284240723e-01,-6.273224949836730957e-01,7.220827683340758085e-05,2.905781148001551628e-04
3.211216211318969727e+00,8.916263468563556671e-03,3.451456781476736069e-03,5.932460427284240723e-01,-6.273224949836730957e-01,7.220827683340758085e-05,2.905781148001551628e-04
3.213216304779052734e+00,1.049818098545074463e-02,4.985437728464603424e-03,5.663960576057434082e-01,1.194358710199594498e-02,1.607770900591276586e-05,1.183065469376742840e-04
3.215216398239135742e+00,1.203216239809989929e-02,5.368933081626892090e-03,5.340629220008850098e-01,1.076275110244750977e-01,-2.994658716488629580e-04,-7.757690618745982647e-04
3.217216491699218750e+00,1.203216239809989929e-02,5.368933081626892090e-03,5.340629220008850098e-01,1.076275110244750977e-01,-2.994658716488629580e-04,-7.757690618745982647e-04
3.219216585159301758e+00,1.356614287942647934e-02,4.985437728464603424e-03,5.248898267745971680e-01,-5.052972957491874695e-02,-2.341209910809993744e-04,5.616743874270468950e-05
3.221216678619384766e+00,1.514806039631366730e-02,4.985437728464603424e-03,5.229713916778564453e-01,-4.398311302065849304e-02,3.594277368392795324e-04,-7.412049308186396956e-05
3.223216772079467773e+00,1.514806039631366730e-02,4.985437728464603424e-03,5.229713916778564453e-01,-4.398311302065849304e-02,3.594277368392795324e-04,-7.412049308186396956e-05
3.225217103958129883e+00,1.663410477340221405e-02,6.135923322290182114e-03,5.123997926712036133e-01,4.884257316589355469e-01,-1.594386267242953181e-04,1.433392171747982502e-04
3.227217197418212891e+00,1.792840100824832916e-02,5.368933081626892090e-03,4.656827151775360107e-01,1.650687754154205322e-01,-1.643465220695361495e-04,-1.615779910935088992e-04
3.229217290878295898e+00,1.792840100824832916e-02,5.368933081626892090e-03,4.656827151775360107e-01,1.650687754154205322e-01,-1.643465220695361495e-04,-1.615779910935088992e-04
3.231217622756958008e+00,1.941444538533687592e-02,4.985437728464603424e-03,4.831698834896087646e-01,-5.858030915260314941e-02,-3.924027259927242994e-04,1.040648348862305284e-04
3.233217716217041016e+00,2.046905644237995148e-02,5.752427969127893448e-03,4.119418859481811523e-01,1.835530251264572144e-01,4.518183995969593525e-04,2.736561873462051153e-04
3.235217809677124023e+00,2.046905644237995148e-02,5.752427969127893448e-03,4.119418859481811523e-01,1.835530251264572144e-01,4.518183995969593525e-04,2.736561873462051153e-04
3.237217903137207031e+00,2.166747860610485077e-02,4.985437728464603424e-03,3.897355794906616211e-01,-2.321781963109970093e-01,-3.356405359227210283e-04,-2.649089437909424305e-04
3.239307165145874023e+00,2.166747860610485077e-02,4.985437728464603424e-03,3.919352591037750244e-01,-5.845784768462181091e-02,-1.897675538202747703e-04,9.504477020527701825e-06
3.241583108901977539e+00,2.286590263247489929e-02,5.368933081626892090e-03,3.919352591037750244e-01,-5.845784768462181091e-02,1.510328875156119466e-04,-3.250316149205900729e-05
3.243583440780639648e+00,2.387257665395736694e-02,4.985437728464603424e-03,3.578951954841613770e-01,-2.465354800224304199e-01,1.510328875156119466e-04,-3.250316149205900729e-05
3.245583534240722656e+00,2.483131550252437592e-02,5.752427969127893448e-03,3.238296508789062500e-01,1.388424187898635864e-01,5.055461660958826542e-04,-3.311156469862908125e-04
3.247583627700805664e+00,2.483131550252437592e-02,5.752427969127893448e-03,3.238296508789062500e-01,1.388424187898635864e-01,5.055461660958826542e-04,-6.541502079926431179e-04
3.249583721160888672e+00,2.574211545288562775e-02,5.752427969127893448e-03,3.053663074970245361e-01,1.733152009546756744e-02,2.508648904040455818e-04,-6.541502079926431179e-04
3.251583814620971680e+00,2.689260058104991913e-02,6.519418675452470779e-03,3.544893562793731689e-01,3.409194350242614746e-01,-1.916336332214996219e-04,-5.444035050459206104e-04
3.253583908081054688e+00,2.689260058104991913e-02,6.519418675452470779e-03,3.544893562793731689e-01,3.409194350242614746e-01,-1.916336332214996219e-04,-5.444035050459206104e-04
3.255584001541137695e+00,2.746784500777721405e-02,5.368933081626892090e-03,2.817367613315582275e-01,-1.242481321096420288e-01,1.371440739603713155e-04,1.772416289895772934e-04
3.257584095001220703e+00,2.809102460741996765e-02,6.135923322290182114e-03,2.349813729524612427e-01,1.767728328704833984e-01,-1.999706437345594168e-04,3.462199238128960133e-04
3.259584188461303711e+00,2.809102460741996765e-02,6.135923322290182114e-03,2.349813729524612427e-01,1.767728328704833984e-01,2.642086765263229609e-04,-5.780675201094709337e-05
3.261584281921386719e+00,2.890595048666000366e-02,6.519418675452470779e-03,2.646858990192413330e-01,3.540523946285247803e-01,2.642086765263229609e-04,-5.780675201094709337e-05
3.263584613800048828e+00,2.924150973558425903e-02,6.135923322290182114e-03,1.894691586494445801e-01,9.279529005289077759e-02,2.352191950194537640e-04,-9.399805276188999414e-05
3.265584707260131836e+00,2.924150973558425903e-02,6.135923322290182114e-03,1.894691586494445801e-01,9.279529005289077759e-02,-3.827034961432218552e-04,2.546102914493530989e-04
3.267584800720214844e+00,2.972087822854518890e-02,5.752427969127893448e-03,1.619566828012466431e-01,-5.757934227585792542e-02,-3.827034961432218552e-04,2.546102914493530989e-04
3.269584894180297852e+00,3.015231154859066010e-02,6.519418675452470779e-03,1.410913467407226562e-01,3.260438442230224609e-01,-2.831496931321453303e-05,1.871887216111645103e-04
3.287823200225830078e+00,3.115898557007312775e-02,5.752427969127893448e-03,8.973252959549427032e-03,9.516720473766326904e-02,-1.192218187497928739e-04,8.822789823170751333e-05
3.289823293685913086e+00,3.115898557007312775e-02,5.752427969127893448e-03,8.973252959549427032e-03,9.516720473766326904e-02,-1.192218187497928739e-04,8.822789823170751333e-05
3.291823387145996094e+00,3.106311149895191193e-02,6.135923322290182114e-03,-5.761667154729366302e-03,2.471579909324645996e-01,3.107701486442238092e-04,-2.062043058685958385e-04
3.293823480606079102e+00,3.072755411267280579e-02,6.519418675452470779e-03,-5.892807617783546448e-02,3.920609652996063232e-01,-2.410457818768918514e-04,2.566149632912129164e-04
3.295823574066162109e+00,3.072755411267280579e-02,6.519418675452470779e-03,-5.892807617783546448e-02,3.920609652996063232e-01,2.456848742440342903e-04,4.055610334035009146e-04
3.297823667526245117e+00,3.029612079262733459e-02,5.752427969127893448e-03,-1.145398765802383423e-01,-6.822035461664199829e-02,2.456848742440342903e-04,4.055610334035009146e-04
3.299823760986328125e+00,3.005643747746944427e-02,5.752427969127893448e-03,-1.057854965329170227e-01,-9.471440315246582031e-02,-1.583647244842723012e-04,-4.229125988786108792e-05
3.301824092864990234e+00,3.005643747746944427e-02,5.752427969127893448e-03,-1.057854965329170227e-01,-9.471440315246582031e-02,5.331136635504662991e-04,3.521172911860048771e-04
3.303824186325073242e+00,2.952913008630275726e-02,6.519418675452470779e-03,-1.515026241540908813e-01,3.795925974845886230e-01,5.331136635504662991e-04,3.521172911860048771e-04
3.305824279785156250e+00,2.914563566446304321e-02,5.752427969127893448e-03,-1.501924395561218262e-01,-1.496554072946310043e-02,5.322256038198247552e-05,3.425102913752198219e-04
3.307824373245239258e+00,2.914563566446304321e-02,5.752427969127893448e-03,-1.501924395561218262e-01,-1.496554072946310043e-02,2.274485013913363218e-04,5.612324457615613937e-04
3.309824466705322266e+00,2.890595048666000366e-02,5.368933081626892090e-03,-1.008781492710113525e-01,-1.986263841390609741e-01,2.274485013913363218e-04,5.612324457615613937e-04
3.311824560165405273e+00,2.847451902925968170e-02,6.135923322290182114e-03,-8.604295551776885986e-02,2.677061259746551514e-01,-3.004556347150355577e-04,-9.614825103199109435e-05
3.313824653625488281e+00,2.847451902925968170e-02,6.135923322290182114e-03,-8.604295551776885986e-02,2.677061259746551514e-01,-2.865859714802354574e-04,-1.754180411808192730e-04
3.315824747085571289e+00,2.770752832293510437e-02,5.752427969127893448e-03,-1.474943757057189941e-01,1.399472802877426147e-01,-2.865859714802354574e-04,-1.754180411808192730e-04
3.317824840545654297e+00,2.770752832293510437e-02,5.752427969127893448e-03,-1.772391796112060547e-01,-3.024618625640869141e-01,2.508781617507338524e-04,-2.135273680323734879e-04
3.319824934005737305e+00,2.703641168773174286e-02,4.601942375302314758e-03,-1.772391796112060547e-01,-3.024618625640869141e-01,2.508781617507338524e-04,-2.135273680323734879e-04
3.321825027465820312e+00,2.607767470180988312e-02,3.834952134639024734e-03,-2.254868894815444946e-01,-4.536804556846618652e-01,6.351313204504549503e-04,3.649423524620942771e-05
3.323825120925903320e+00,2.559830434620380402e-02,4.601942375302314758e-03,-2.110909521579742432e-01,1.403867900371551514e-01,1.401873305439949036e-04,-4.191308398731052876e-04
3.325825214385986328e+00,2.559830434620380402e-02,4.601942375302314758e-03,-2.798047661781311035e-01,-3.877705708146095276e-02,1.745428889989852905e-04,5.890575630473904312e-05
3.327825307846069336e+00,2.459163032472133636e-02,4.218447487801313400e-03,-2.798047661781311035e-01,-3.877705708146095276e-02,1.745428889989852905e-04,5.890575630473904312e-05
3.329825401306152344e+00,2.363289147615432739e-02,5.368933081626892090e-03,-3.180331289768218994e-01,5.591929554939270020e-01,-8.739576151128858328e-05,-1.957884342118632048e-05
3.331825494766235352e+00,2.363289147615432739e-02,5.368933081626892090e-03,-3.036786317825317383e-01,-3.063142001628875732e-01,1.452394499210640788e-04,-3.181726497132331133e-04
3.333825588226318359e+00,2.286590263247489929e-02,3.451456781476736069e-03,-3.036786317825317383e-01,-3.063142001628875732e-01,1.452394499210640788e-04,-3.181726497132331133e-04
3.335825681686401367e+00,2.190716378390789032e-02,4.218447487801313400e-03,-3.150743246078491211e-01,7.285051792860031128e-02,-4.533850296866148710e-04,-1.548190630273893476e-04
3.337825775146484375e+00,2.190716378390789032e-02,4.218447487801313400e-03,-3.150743246078491211e-01,7.285051792860031128e-02,2.803516981657594442e-04,-8.975944365374743938e-05
3.339825868606567383e+00,2.094842493534088135e-02,4.218447487801313400e-03,-3.190475404262542725e-01,1.077242419123649597e-01,2.803516981657594442e-04,-8.975944365374743938e-05
3.341825962066650391e+00,1.975000277161598206e-02,3.834952134639024734e-03,-3.673637509346008301e-01,4.081598948687314987e-03,-2.942279970739036798e-04,-6.019755528541281819e-05
3.343826055526733398e+00,1.975000277161598206e-02,3.834952134639024734e-03,-3.673637509346008301e-01,4.081598948687314987e-03,1.806505460990592837e-04,-3.430698416195809841e-04
3.345826148986816406e+00,1.898301206529140472e-02,4.218447487801313400e-03,-3.001472353935241699e-01,9.549649804830551147e-02,1.806505460990592837e-04,-3.430698416195809841e-04
3.347826480865478516e+00,1.768871583044528961e-02,4.985437728464603424e-03,-3.507565557956695557e-01,4.102841317653656006e-01,-1.722193119348958135e-04,-1.742823515087366104e-04
3.349826574325561523e+00,1.768871583044528961e-02,4.985437728464603424e-03,-3.507565557956695557e-01,4.102841317653656006e-01,-2.682686608750373125e-04,1.007754417514661327e-05
3.351826906204223633e+00,1.649029366672039032e-02,4.601942375302314758e-03,-3.731909096240997314e-01,2.090239822864532471e-01,-2.682686608750373125e-04,1.007754417514661327e-05
3.353826999664306641e+00,1.543568167835474014e-02,3.834952134639024734e-03,-3.561185002326965332e-01,-1.506206095218658447e-01,3.559627657523378730e-05,7.838215242372825742e-05
3.355827093124389648e+00,1.543568167835474014e-02,3.834952134639024734e-03,-3.596542477607727051e-01,1.309878528118133545e-01,-1.636267552385106683e-04,-3.423753150855191052e-05
3.357827186584472656e+00,1.428519655019044876e-02,4.218447487801313400e-03,-3.596542477607727051e-01,1.309878528118133545e-01,-1.636267552385106683e-04,-3.423753150855191052e-05
3.359827280044555664e+00,1.299090031534433365e-02,3.067961661145091057e-03,-3.924605846405029297e-01,-4.628948867321014404e-01,-1.096203268389217556e-04,1.712344819679856300e-04
3.361827373504638672e+00,1.299090031534433365e-02,3.067961661145091057e-03,-3.847421705722808838e-01,-2.403453588485717773e-01,1.616911031305789948e-04,-5.959890550002455711e-04
3.363827466964721680e+00,1.184041425585746765e-02,3.451456781476736069e-03,-3.847421705722808838e-01,-2.403453588485717773e-01,1.616911031305789948e-04,-5.959890550002455711e-04
3.365827560424804688e+00,1.068992912769317627e-02,2.684466540813446045e-03,-3.834967315196990967e-01,-5.081163048744201660e-01,1.703147718217223883e-04,-9.663885430200025439e-05
3.367827653884887695e+00,1.068992912769317627e-02,2.684466540813446045e-03,-3.834967315196990967e-01,-5.081163048744201660e-01,3.858032869175076485e-04,-5.884140045964159071e-05
3.369827747344970703e+00,9.539443068206310272e-03,3.451456781476736069e-03,-3.808758258819580078e-01,-1.562994346022605896e-02,3.858032869175076485e-04,-5.884140045964159071e-05
3.371827840805053711e+00,8.388957940042018890e-03,3.451456781476736069e-03,-3.770923614501953125e-01,6.262230128049850464e-02,3.732038603629916906e-04,1.208798639709129930e-04
3.373827934265136719e+00,8.388957940042018890e-03,3.451456781476736069e-03,-4.199328124523162842e-01,-2.600676715373992920e-01,-3.364220319781452417e-04,-6.148326210677623749e-04
3.375828027725219727e+00,7.046724669635295868e-03,2.684466540813446045e-03,-4.199328124523162842e-01,-2.600676715373992920e-01,-3.364220319781452417e-04,-6.148326210677623749e-04
3.377828121185302734e+00,6.231796927750110626e-03,2.684466540813446045e-03,-3.356747031211853027e-01,-2.178017050027847290e-01,-7.080034993123263121e-05,2.767421246971935034e-04
3.379828214645385742e+00,6.231796927750110626e-03,2.684466540813446045e-03,-3.356747031211853027e-01,-2.178017050027847290e-01,7.058017945382744074e-05,4.212920321151614189e-04
3.381828546524047852e+00,4.841627087444067001e-03,3.067961661145091057e-03,-3.884306252002716064e-01,7.483898848295211792e-02,7.058017945382744074e-05,4.212920321151614189e-04
3.383828639984130859e+00,3.547330619767308235e-03,2.300971187651157379e-03,-4.200426638126373291e-01,-2.414472848176956177e-01,-4.065025423187762499e-04,-2.449080930091440678e-04
3.385828733444213867e+00,3.547330619767308235e-03,2.300971187651157379e-03,-4.200426638126373291e-01,2.924570627510547638e-02,2.768981357803568244e-05,2.613609831314533949e-04
3.387828826904296875e+00,2.540655666962265968e-03,2.684466540813446045e-03,-3.830288946628570557e-01,2.924570627510547638e-02,2.768981357803568244e-05,2.613609831314533949e-04
3.389828920364379883e+00,1.390170073136687279e-03,2.684466540813446045e-03,-3.786053955554962158e-01,1.461513638496398926e-01,7.215014920802786946e-05,1.258111878996714950e-04
3.391829013824462891e+00,1.390170073136687279e-03,2.684466540813446045e-03,-3.670924603939056396e-01,7.855994254350662231e-02,6.429402856156229973e-05,-3.855316899716854095e-04
3.393829107284545898e+00,2.876213984563946724e-04,2.300971187651157379e-03,-3.670924603939056396e-01,7.855994254350662231e-02,6.429402856156229973e-05,-3.855316899716854095e-04
3.395829200744628906e+00,-1.006674952805042267e-03,1.917476067319512367e-03,-4.042045772075653076e-01,-1.508300751447677612e-01,5.771466021542437375e-05,5.444660200737416744e-04
3.397829294204711914e+00,-1.006674952805042267e-03,1.917476067319512367e-03,-4.042045772075653076e-01,-1.508300751447677612e-01,2.410361921647563577e-04,-1.864754012785851955e-04
3.399829387664794922e+00,-1.917476067319512367e-03,2.300971187651157379e-03,-3.551965951919555664e-01,2.152422368526458740e-01,-3.056591085623949766e-04,7.954060129122808576e-05
3.402079343795776367e+00,-3.020024858415126801e-03,1.533980830572545528e-03,-3.593456447124481201e-01,-1.624522209167480469e-01,-3.056591085623949766e-04,7.954060129122808576e-05
3.404079437255859375e+00,-3.978762775659561157e-03,2.300971187651157379e-03,-3.371534943580627441e-01,2.389896363019943237e-01,-4.351057868916541338e-04,-4.438854521140456200e-04
3.406079530715942383e+00,-3.978762775659561157e-03,2.300971187651157379e-03,-3.371534943580627441e-01,2.389896363019943237e-01,-4.351057868916541338e-04,-4.438854521140456200e-04
3.408079624176025391e+00,-4.841627087444067001e-03,1.917476067319512367e-03,-2.970962524414062500e-01,1.003526747226715088e-01,1.555946364533156157e-04,-5.838044453412294388e-04
3.410079717636108398e+00,-5.992112681269645691e-03,1.150485593825578690e-03,-3.330524563789367676e-01,-2.191535830497741699e-01,-1.949103716469835490e-05,-2.696535666473209858e-04
3.412079811096191406e+00,-5.992112681269645691e-03,1.150485593825578690e-03,-3.330524563789367676e-01,-2.191535830497741699e-01,-1.949103716469835490e-05,-2.696535666473209858e-04
3.414079904556274414e+00,-6.854976993054151535e-03,7.669904152862727642e-04,-3.077273070812225342e-01,-1.805674284696578979e-01,-2.238024717371445149e-05,-1.069175705197267234e-04
3.416079998016357422e+00,-7.957525551319122314e-03,2.300971187651157379e-03,-3.427843749523162842e-01,5.018461942672729492e-01,3.033752145711332560e-04,-1.637167297303676605e-04
3.418080091476440430e+00,-7.957525551319122314e-03,2.300971187651157379e-03,-3.427843749523162842e-01,5.018461942672729492e-01,3.033752145711332560e-04,-1.637167297303676605e-04
3.420080184936523438e+00,-8.724516257643699646e-03,3.834952076431363821e-04,-3.112007379531860352e-01,-3.229579329490661621e-01,-8.710913971299305558e-05,-2.953977673314511776e-04
3.422080278396606445e+00,-8.724516257643699646e-03,3.834952076431363821e-04,-3.047668635845184326e-01,6.198185309767723083e-02,-4.651738563552498817e-04,3.769316826947033405e-04
3.424080610275268555e+00,-9.539443068206310272e-03,1.150485593825578690e-03,-3.047668635845184326e-01,6.198185309767723083e-02,-4.651738563552498817e-04,3.769316826947033405e-04
3.426080703735351562e+00,-9.922938421368598938e-03,7.669904152862727642e-04,-2.041547298431396484e-01,-3.532828763127326965e-02,-1.934634929057210684e-04,2.864080888684839010e-04
3.428080797195434570e+00,-9.922938421368598938e-03,7.669904152862727642e-04,-2.213454693555831909e-01,1.242795065045356750e-01,2.202164614573121071e-04,1.733573008095845580e-04
3.430080890655517578e+00,-1.073786616325378418e-02,1.150485593825578690e-03,-2.213454693555831909e-01,1.242795065045356750e-01,2.202164614573121071e-04,1.733573008095845580e-04
3.432080984115600586e+00,-1.145691890269517899e-02,1.533980830572545528e-03,-2.236356735229492188e-01,4.120360016822814941e-01,-3.285214479546993971e-04,6.960078608244657516e-04
3.434081315994262695e+00,-1.145691890269517899e-02,1.533980830572545528e-03,-2.132388204336166382e-01,-2.618416845798492432e-01,-1.274248788831755519e-04,-3.849741187877953053e-05
3.436081409454345703e+00,-1.208009943366050720e-02,0.000000000000000000e+00,-2.132388204336166382e-01,-2.618416845798492432e-01,-1.274248788831755519e-04,-3.849741187877953053e-05
3.438081502914428711e+00,-1.246359385550022125e-02,-3.834952076431363821e-04,-1.589826047420501709e-01,-3.386042714118957520e-01,-5.243289633654057980e-04,3.927408542949706316e-04
3.440081596374511719e+00,-1.323058456182479858e-02,3.834952076431363821e-04,-2.011546492576599121e-01,-2.433049492537975311e-02,-1.706977782305330038e-04,1.849837281042709947e-04
3.442081689834594727e+00,-1.323058456182479858e-02,3.834952076431363821e-04,-2.011546492576599121e-01,-2.433049492537975311e-02,-1.706977782305330038e-04,1.849837281042709947e-04
3.444081783294677734e+00,-1.361407991498708725e-02,0.000000000000000000e+00,-1.700762063264846802e-01,-2.166103571653366089e-01,2.172996028093621135e-05,-3.285795392002910376e-04
3.446082115173339844e+00,-1.390170119702816010e-02,3.834952076431363821e-04,-1.302205473184585571e-01,2.955117076635360718e-02,-3.169637930113822222e-04,5.065598088549450040e-05
3.448082208633422852e+00,-1.390170119702816010e-02,3.834952076431363821e-04,-1.302205473184585571e-01,2.955117076635360718e-02,-3.169637930113822222e-04,5.065598088549450040e-05
3.450082302093505859e+00,-1.438107062131166458e-02,3.834952076431363821e-04,-1.461820900440216064e-01,-1.200113352388143539e-02,2.720349875744432211e-04,-1.659698464209213853e-04
3.452082633972167969e+00,-1.438107062131166458e-02,3.834952076431363821e-04,-6.429226696491241455e-02,-4.087065160274505615e-01,-3.007888735737651587e-04,3.906960191670805216e-04
3.454082727432250977e+00,-1.438107062131166458e-02,-3.834952076431363821e-04,-6.429226696491241455e-02,-4.087065160274505615e-01,-3.007888735737651587e-04,3.906960191670805216e-04
3.456082820892333984e+00,-1.447694376111030579e-02,3.834952076431363821e-04,-2.052813209593296051e-02,3.154186531901359558e-02,-7.358437869697809219e-05,4.240010166540741920e-04
3.458082914352416992e+00,-1.447694376111030579e-02,3.834952076431363821e-04,-7.074466347694396973e-02,4.030199944972991943e-01,4.770618688780814409e-04,7.422691851388663054e-05
3.460083007812500000e+00,-1.490837614983320236e-02,1.150485593825578690e-03,-7.074466347694396973e-02,4.030199944972991943e-01,4.770618688780814409e-04,7.422691851388663054e-05
3.462083101272583008e+00,-1.500425022095441818e-02,7.669904152862727642e-04,-5.363135039806365967e-02,1.225085929036140442e-01,2.932533425337169319e-05,1.893278385978192091e-04
3.464083194732666016e+00,-1.500425022095441818e-02,7.669904152862727642e-04,-7.770337164402008057e-03,-7.651372253894805908e-02,-5.577005795203149319e-04,-3.757990198209881783e-04
3.466083288192749023e+00,-1.490837614983320236e-02,0.000000000000000000e+00,-7.770337164402008057e-03,-7.651372253894805908e-02,-5.577005795203149319e-04,-3.757990198209881783e-04
3.468083381652832031e+00,-1.486043911427259445e-02,3.834952076431363821e-04,1.002688147127628326e-02,9.010707587003707886e-02,-1.825626968638971448e-04,1.237958786077797413e-04
3.470083713531494141e+00,-1.486043911427259445e-02,3.834952076431363821e-04,2.357397601008415222e-02,-1.862090677022933960e-01,-4.737825656775385141e-04,-4.103523679077625275e-05
3.472083806991577148e+00,-1.476456504315137863e-02,-3.834952076431363821e-04,2.357397601008415222e-02,-1.862090677022933960e-01,-4.737825656775385141e-04,-4.103523679077625275e-05
3.474083900451660156e+00,-1.457281783223152161e-02,1.150485593825578690e-03,4.861260950565338135e-02,4.434792101383209229e-01,5.272321868687868118e-05,-2.160490839742124081e-05
3.476084709167480469e+00,-1.457281783223152161e-02,1.150485593825578690e-03,5.796568468213081360e-02,1.295759230852127075e-01,-2.354860916966572404e-04,-1.040749411913566291e-04
3.478084802627563477e+00,-1.438107062131166458e-02,3.834952076431363821e-04,5.796568468213081360e-02,1.295759230852127075e-01,-2.354860916966572404e-04,-1.040749411913566291e-04
3.480084896087646484e+00,-1.428519655019044876e-02,7.669904152862727642e-04,3.356214985251426697e-02,2.226446270942687988e-01,-2.029054448939859867e-04,-2.928434114437550306e-04
3.482084989547729492e+00,-1.428519655019044876e-02,7.669904152862727642e-04,1.101574450731277466e-01,-2.965050339698791504e-01,-1.963560207514092326e-04,1.338007423328235745e-04
3.484085083007812500e+00,-1.370995398610830307e-02,-3.834952076431363821e-04,1.101574450731277466e-01,-2.965050339698791504e-01,-1.963560207514092326e-04,1.338007423328235745e-04
3.486085176467895508e+00,-1.337439566850662231e-02,1.150485593825578690e-03,1.212014183402061462e-01,3.068211078643798828e-01,-6.109836249379441142e-05,-4.664156585931777954e-05
3.488085269927978516e+00,-1.337439566850662231e-02,1.150485593825578690e-03,1.144546791911125183e-01,1.460043340921401978e-01,-4.773507534991949797e-04,1.984811242436990142e-04
3.490085363388061523e+00,-1.303883735090494156e-02,7.669904152862727642e-04,1.144546791911125183e-01,1.460043340921401978e-01,-4.773507534991949797e-04,1.984811242436990142e-04
3.492085456848144531e+00,-1.255946792662143707e-02,3.834952076431363821e-04,1.151253506541252136e-01,-4.509012773633003235e-02,5.617066635750234127e-04,-1.333551190327852964e-04
3.494085550308227539e+00,-1.212803553789854050e-02,1.917476067319512367e-03,1.407570838928222656e-01,4.824194312095642090e-01,1.652719365665689111e-04,1.835622606449760497e-05
3.496085643768310547e+00,-1.212803553789854050e-02,1.917476067319512367e-03,1.407570838928222656e-01,4.824194312095642090e-01,1.652719365665689111e-04,1.835622606449760497e-05
3.498085975646972656e+00,-1.160073000937700272e-02,7.669904152862727642e-04,1.584539115428924561e-01,-4.801738262176513672e-02,1.707983319647610188e-04,2.230956743005663157e-04
3.500086069107055664e+00,-1.083373930305242538e-02,7.669904152862727642e-04,2.217556536197662354e-01,-2.213486135005950928e-01,5.010609129385557026e-06,3.321138137835077941e-05
3.502086162567138672e+00,-1.083373930305242538e-02,7.669904152862727642e-04,2.217556536197662354e-01,-2.213486135005950928e-01,2.538792032282799482e-04,-2.190849190810695291e-04
3.504086732864379883e+00,-1.035437081009149551e-02,1.533980830572545528e-03,2.100155353546142578e-01,3.371618688106536865e-02,2.538792032282799482e-04,-2.190849190810695291e-04
3.506086826324462891e+00,-9.683254174888134003e-03,1.917476067319512367e-03,2.251483052968978882e-01,1.751412451267242432e-01,8.673100819578394294e-05,3.486383939161896706e-04
3.508086919784545898e+00,-9.683254174888134003e-03,1.917476067319512367e-03,2.251483052968978882e-01,1.751412451267242432e-01,8.673100819578394294e-05,3.486383939161896706e-04
3.510087251663208008e+00,-9.060074575245380402e-03,3.067961661145091057e-03,2.294735461473464966e-01,6.268641948699951172e-01,2.697791496757417917e-04,-1.289096544496715069e-04
3.512087345123291016e+00,-8.245146833360195160e-03,1.150485593825578690e-03,2.746265530586242676e-01,-3.422352969646453857e-01,-6.250502192415297031e-04,-1.947771233972162008e-04
3.514087438583374023e+00,-8.245146833360195160e-03,1.150485593825578690e-03,2.746265530586242676e-01,-3.422352969646453857e-01,-6.250502192415297031e-04,-1.947771233972162008e-04
3.516087532043457031e+00,-7.526093628257513046e-03,1.917476067319512367e-03,2.911455631256103516e-01,-7.699444890022277832e-02,1.951588783413171768e-04,6.163543002912774682e-05
3.518087625503540039e+00,-7.046724669635295868e-03,1.533980830572545528e-03,2.335445433855056763e-01,-2.317164093255996704e-01,-1.553353504277765751e-04,1.674702798482030630e-05
3.520087718963623047e+00,-7.046724669635295868e-03,1.533980830572545528e-03,2.335445433855056763e-01,-2.317164093255996704e-01,-1.553353504277765751e-04,1.674702798482030630e-05
3.522087812423706055e+00,-6.327670998871326447e-03,1.917476067319512367e-03,2.343756556510925293e-01,-8.759495615959167480e-02,-2.438598312437534332e-04,2.903792847064323723e-05
3.524087905883789062e+00,-6.327670998871326447e-03,1.917476067319512367e-03,2.533665001392364502e-01,1.759003847837448120e-01,-9.660337673267349601e-05,2.616610436234623194e-04
3.526087999343872070e+00,-5.512743722647428513e-03,2.684466540813446045e-03,2.533665001392364502e-01,1.759003847837448120e-01,-9.660337673267349601e-05,2.616610436234623194e-04
3.528088092803955078e+00,-4.889564123004674911e-03,2.684466540813446045e-03,2.265867143869400024e-01,2.932299077510833740e-01,1.233596412930637598e-04,3.955733336624689400e-05
3.530088186264038086e+00,-4.122573416680097580e-03,2.300971187651157379e-03,2.354336977005004883e-01,-3.561308979988098145e-02,1.997053768718615174e-04,-4.140991659369319677e-04
3.532088279724121094e+00,-4.122573416680097580e-03,2.300971187651157379e-03,2.354336977005004883e-01,-3.561308979988098145e-02,1.997053768718615174e-04,-4.140991659369319677e-04
3.534088373184204102e+00,-3.355583176016807556e-03,2.300971187651157379e-03,2.417449355125427246e-01,-2.204083651304244995e-01,2.188762300647795200e-04,-1.678463158896192908e-04
3.536088466644287109e+00,-2.588592702522873878e-03,3.834952134639024734e-03,2.479407936334609985e-01,4.049782454967498779e-01,-1.004675723379477859e-04,2.501331073290202767e-05
3.538088560104370117e+00,-2.588592702522873878e-03,3.834952134639024734e-03,2.479407936334609985e-01,4.049782454967498779e-01,-1.004675723379477859e-04,2.501331073290202767e-05
3.540088653564453125e+00,-2.013349905610084534e-03,3.834952134639024734e-03,2.144520431756973267e-01,3.108861744403839111e-01,-1.068498386302962899e-04,-1.766747591318562627e-04
3.542088985443115234e+00,-1.150485593825578690e-03,4.218447487801313400e-03,2.475989758968353271e-01,4.141363501548767090e-01,-1.384246861562132835e-04,-4.619375104084610939e-04
3.544089078903198242e+00,-1.150485593825578690e-03,4.218447487801313400e-03,2.475989758968353271e-01,4.141363501548767090e-01,-1.384246861562132835e-04,-4.619375104084610939e-04
3.546089172363281250e+00,-4.793690168298780918e-04,3.067961661145091057e-03,2.300956249237060547e-01,-1.911729127168655396e-01,3.597753820940852165e-04,-2.633846015669405460e-04
3.548089265823364258e+00,3.355583176016807556e-04,3.451456781476736069e-03,2.529756128787994385e-01,-7.822884619235992432e-02,4.759558578371070325e-05,-1.854719448601827025e-04
3.550089359283447266e+00,3.355583176016807556e-04,3.451456781476736069e-03,2.529756128787994385e-01,-7.822884619235992432e-02,-5.150716169737279415e-04,-1.575809146743267775e-04
3.552089452743530273e+00,9.108011145144701004e-04,3.451456781476736069e-03,2.156890630722045898e-01,-1.410413682460784912e-01,-5.150716169737279415e-04,-1.575809146743267775e-04
3.554089546203613281e+00,1.725728390738368034e-03,4.218447487801313400e-03,2.438026368618011475e-01,1.115986853837966919e-01,-2.589887008070945740e-04,-4.377943696454167366e-04
3.556089639663696289e+00,1.725728390738368034e-03,4.218447487801313400e-03,2.438026368618011475e-01,1.115986853837966919e-01,-2.589887008070945740e-04,-4.377943696454167366e-04
3.558089733123779297e+00,2.396845025941729546e-03,3.834952134639024734e-03,2.337243556976318359e-01,-8.372301608324050903e-02,6.658487109234556556e-05,2.289834956172853708e-04
3.560090065002441406e+00,3.163835499435663223e-03,3.451456781476736069e-03,2.509247660636901855e-01,-3.311539292335510254e-01,-1.871145068434998393e-04,-6.345796282403171062e-05
3.562090158462524414e+00,3.163835499435663223e-03,3.451456781476736069e-03,2.509247660636901855e-01,-3.311539292335510254e-01,-1.871145068434998393e-04,-6.345796282403171062e-05
3.564090251922607422e+00,3.691141260787844658e-03,4.218447487801313400e-03,2.177679687738418579e-01,3.877625614404678345e-02,8.052973862504586577e-05,1.104510040022432804e-03
3.566090583801269531e+00,4.314321093261241913e-03,3.834952134639024734e-03,2.171672582626342773e-01,-1.361249685287475586e-01,2.910658949986100197e-04,-2.638307632878422737e-04
3.568090677261352539e+00,4.314321093261241913e-03,3.834952134639024734e-03,2.171672582626342773e-01,-1.361249685287475586e-01,2.910658949986100197e-04,-2.638307632878422737e-04
3.570090770721435547e+00,4.745753016322851181e-03,4.601942375302314758e-03,1.729340851306915283e-01,2.406577169895172119e-01,1.885955134639516473e-04,-1.741903251968324184e-04
3.572091102600097656e+00,5.512743722647428513e-03,4.601942375302314758e-03,2.102389931678771973e-01,2.336812019348144531e-01,3.686234704218804836e-04,-2.908038150053471327e-04
3.574091196060180664e+00,5.512743722647428513e-03,4.601942375302314758e-03,2.102389931678771973e-01,2.336812019348144531e-01,3.686234704218804836e-04,-2.908038150053471327e-04
3.576091289520263672e+00,6.087986286729574203e-03,3.834952134639024734e-03,2.098590880632400513e-01,-1.125634461641311646e-01,-1.160544779850170016e-04,5.333991139195859432e-04
3.578091621398925781e+00,6.327670998871326447e-03,4.985437728464603424e-03,1.433969140052795410e-01,4.229132533073425293e-01,-6.215362373040989041e-05,5.069296457804739475e-04
3.580091714859008789e+00,6.327670998871326447e-03,4.985437728464603424e-03,1.433969140052795410e-01,4.229132533073425293e-01,-6.215362373040989041e-05,5.069296457804739475e-04
3.582091808319091797e+00,6.854976993054151535e-03,4.218447487801313400e-03,1.490931361913681030e-01,6.564621627330780029e-02,-5.829011206515133381e-05,-1.123038964578881860e-04
3.584091901779174805e+00,7.334345951676368713e-03,4.601942375302314758e-03,1.493539810180664062e-01,1.558421850204467773e-01,3.635587927419692278e-04,-3.905257617589086294e-04
3.586091995239257812e+00,7.334345951676368713e-03,4.601942375302314758e-03,1.493539810180664062e-01,1.558421850204467773e-01,3.635587927419692278e-04,-3.905257617589086294e-04
3.588092803955078125e+00,7.957525551319122314e-03,4.218447487801313400e-03,2.007013559341430664e-01,-6.268280558288097382e-03,-1.499666541349142790e-04,2.728934632614254951e-04
3.590092897415161133e+00,7.765777874737977982e-03,3.451456781476736069e-03,6.110593304038047791e-02,-4.278501868247985840e-01,8.863059338182210922e-05,5.006436840631067753e-04
3.592092990875244141e+00,7.765777874737977982e-03,3.451456781476736069e-03,6.110593304038047791e-02,-4.278501868247985840e-01,8.863059338182210922e-05,5.006436840631067753e-04
3.594093322753906250e+00,8.149272762238979340e-03,4.218447487801313400e-03,6.981689482927322388e-02,-9.989391267299652100e-02,2.378133212914690375e-04,-1.199659818666987121e-04
3.596093416213989258e+00,8.580705150961875916e-03,4.985437728464603424e-03,9.832245111465454102e-02,2.702589035034179688e-01,-3.463757821009494364e-05,-2.149587089661508799e-04
3.598093509674072266e+00,8.580705150961875916e-03,4.985437728464603424e-03,9.832245111465454102e-02,2.702589035034179688e-01,-3.463757821009494364e-05,-2.149587089661508799e-04
3.600093603134155273e+00,8.868326433002948761e-03,3.834952134639024734e-03,9.902165085077285767e-02,-2.531678974628448486e-01,1.189409704238642007e-05,5.284720100462436676e-05
3.602093696594238281e+00,8.772453293204307556e-03,4.601942375302314758e-03,2.003932930529117584e-02,1.117302943021059036e-02,-4.314987454563379288e-04,-8.780532516539096832e-05
3.604093790054321289e+00,8.772453293204307556e-03,4.601942375302314758e-03,2.003932930529117584e-02,1.117302943021059036e-02,-4.314987454563379288e-04,-8.780532516539096832e-05
3.606094121932983398e+00,9.060074575245380402e-03,4.601942375302314758e-03,4.708365350961685181e-02,1.382374763488769531e-01,-1.605141005711629987e-04,-3.524255007505416870e-04
3.608094215393066406e+00,9.155947715044021606e-03,5.368933081626892090e-03,3.706452250480651855e-02,3.706755042076110840e-01,-2.905004075728356838e-04,-5.974806845188140869e-05
3.610094308853149414e+00,9.155947715044021606e-03,5.368933081626892090e-03,3.706452250480651855e-02,3.706755042076110840e-01,-2.905004075728356838e-04,-5.974806845188140869e-05
3.612094402313232422e+00,9.347695857286453247e-03,5.368933081626892090e-03,5.938901379704475403e-02,3.700357079505920410e-01,-1.403989590471610427e-04,-1.224432053277269006e-04
3.614094734191894531e+00,9.251821786165237427e-03,4.985437728464603424e-03,2.378154918551445007e-02,1.502854526042938232e-01,-9.227004193235188723e-05,-1.716450242383871228e-05
3.616095066070556641e+00,9.251821786165237427e-03,4.985437728464603424e-03,2.378154918551445007e-02,1.502854526042938232e-01,-9.227004193235188723e-05,-1.716450242383871228e-05
3.618095159530639648e+00,9.251821786165237427e-03,4.601942375302314758e-03,1.969487406313419342e-02,-9.027460962533950806e-02,-2.693634269235190004e-05,8.111190400086343288e-04
3.620095252990722656e+00,9.299758821725845337e-03,4.985437728464603424e-03,3.211446851491928101e-02,9.091207385063171387e-02,2.191031962865963578e-04,3.555044240783900023e-04
3.622095346450805664e+00,9.299758821725845337e-03,4.985437728464603424e-03,3.211446851491928101e-02,9.091207385063171387e-02,2.191031962865963578e-04,3.555044240783900023e-04
3.624095439910888672e+00,9.060074575245380402e-03,4.218447487801313400e-03,-1.515507977455854416e-02,-2.783410251140594482e-01,1.559785450808703899e-04,-1.550711458548903465e-04
3.626095533370971680e+00,9.108011610805988312e-03,4.218447487801313400e-03,1.374955475330352783e-02,-2.514070272445678711e-01,7.668812759220600128e-05,2.440106036374345422e-04
3.628095626831054688e+00,9.108011610805988312e-03,4.218447487801313400e-03,1.374955475330352783e-02,-2.514070272445678711e-01,7.668812759220600128e-05,2.440106036374345422e-04
3.630095720291137695e+00,8.532768115401268005e-03,4.985437728464603424e-03,-9.865485131740570068e-02,1.292645186185836792e-01,-1.328466023551300168e-04,-7.347139762714505196e-05
3.632095813751220703e+00,8.676579222083091736e-03,4.601942375302314758e-03,-2.898504585027694702e-02,1.446265820413827896e-02,7.955651381053030491e-05,-4.798260051757097244e-04
3.634095907211303711e+00,8.676579222083091736e-03,4.601942375302314758e-03,-2.898504585027694702e-02,1.446265820413827896e-02,7.955651381053030491e-05,-4.798260051757097244e-04
3.636096000671386719e+00,8.388957940042018890e-03,4.218447487801313400e-03,-5.808513239026069641e-02,-8.901419490575790405e-02,-2.382051170570775867e-04,4.018865001853555441e-04
3.638096094131469727e+00,8.149272762238979340e-03,4.985437728464603424e-03,-6.522504240274429321e-02,4.964764118194580078e-01,-1.746955385897308588e-04,7.500606006942689419e-04
3.640096187591552734e+00,8.149272762238979340e-03,4.985437728464603424e-03,-6.522504240274429321e-02,4.964764118194580078e-01,-1.746955385897308588e-04,7.500606006942689419e-04
3.642096281051635742e+00,7.813714444637298584e-03,4.218447487801313400e-03,-8.785326778888702393e-02,-1.493235770612955093e-02,-5.710473487852141261e-05,4.017498285975307226e-04
3.644096374511718750e+00,7.526093628257513046e-03,4.985437728464603424e-03,-9.300283342599868774e-02,3.567573428153991699e-01,3.379756817594170570e-04,-2.035620273090898991e-04
3.646096467971801758e+00,7.526093628257513046e-03,4.985437728464603424e-03,-9.300283342599868774e-02,3.567573428153991699e-01,3.379756817594170570e-04,-2.035620273090898991e-04
3.648096561431884766e+00,7.286408916115760803e-03,3.067961661145091057e-03,-8.392115682363510132e-02,-3.592765927314758301e-01,-7.473972073057666421e-05,-1.871014974312856793e-04
3.650096654891967773e+00,6.854976993054151535e-03,3.451456781476736069e-03,-1.126639321446418762e-01,-1.815817654132843018e-01,-1.301632801187224686e-05,3.046843048650771379e-04
3.652096748352050781e+00,6.854976993054151535e-03,3.451456781476736069e-03,-1.126639321446418762e-01,-1.815817654132843018e-01,-3.436099505051970482e-04,4.441224518814124167e-05
3.654096841812133789e+00,6.663229316473007202e-03,3.067961661145091057e-03,-7.722840458154678345e-02,-3.582931458950042725e-01,-3.436099505051970482e-04,4.441224518814124167e-05
3.656348705291748047e+00,6.279733963310718536e-03,3.451456781476736069e-03,-8.238837122917175293e-02,-2.588933706283569336e-02,-2.198152069468051195e-04,-1.818759774323552847e-04
3.658348798751831055e+00,6.279733963310718536e-03,3.451456781476736069e-03,-8.238837122917175293e-02,-2.588933706283569336e-02,-2.198152069468051195e-04,-1.818759774323552847e-04
3.660348892211914062e+00,5.848302040249109268e-03,3.834952134639024734e-03,-9.975482523441314697e-02,2.317865639925003052e-01,3.442303277552127838e-04,1.804174535209313035e-04
3.662348985671997070e+00,5.320996046066284180e-03,2.684466540813446045e-03,-1.347624808549880981e-01,-2.427028268575668335e-01,-1.022061551338993013e-04,1.815702999010682106e-04
3.664349079132080078e+00,5.320996046066284180e-03,2.684466540813446045e-03,-1.347624808549880981e-01,-2.427028268575668335e-01,-1.022061551338993013e-04,1.815702999010682106e-04
3.666349172592163086e+00,5.081311333924531937e-03,2.684466540813446045e-03,-9.685421735048294067e-02,-2.429319769144058228e-01,8.737850293982774019e-05,-3.462725726421922445e-05
3.668349504470825195e+00,4.506068769842386246e-03,3.067961661145091057e-03,-1.351768672466278076e-01,4.481086134910583496e-02,2.876052458304911852e-04,5.556356045417487621e-04
3.670354843139648438e+00,4.506068769842386246e-03,3.067961661145091057e-03,-1.351768672466278076e-01,4.481086134910583496e-02,2.876052458304911852e-04,5.556356045417487621e-04
3.672354936599731445e+00,3.930825740098953247e-03,2.300971187651157379e-03,-1.761997044086456299e-01,-2.634369134902954102e-01,2.613250981085002422e-04,-2.664195199031382799e-04
3.674355745315551758e+00,3.595267655327916145e-03,1.917476067319512367e-03,-1.568700671195983887e-01,-4.443726241588592529e-01,1.270522770937532187e-04,1.703467132756486535e-04
3.676355838775634766e+00,3.595267655327916145e-03,1.917476067319512367e-03,-1.568700671195983887e-01,-4.443726241588592529e-01,1.270522770937532187e-04,1.703467132756486535e-04
3.678355932235717773e+00,3.355583176016807556e-03,3.067961661145091057e-03,-1.169165596365928650e-01,1.193409562110900879e-01,-3.098966408288106322e-05,-8.617654384579509497e-05
3.680356025695800781e+00,2.636529505252838135e-03,2.684466540813446045e-03,-1.994350701570510864e-01,1.203386932611465454e-01,6.140502518974244595e-04,-5.155291873961687088e-04
3.682356119155883789e+00,2.636529505252838135e-03,2.684466540813446045e-03,-1.994350701570510864e-01,1.203386932611465454e-01,6.140502518974244595e-04,-5.155291873961687088e-04
3.684356451034545898e+00,2.588592702522873878e-03,1.917476067319512367e-03,-1.165312007069587708e-01,-2.403821051120758057e-01,-1.265079044969752431e-04,-1.194101787405088544e-05
3.686356544494628906e+00,2.205097349360585213e-03,1.917476067319512367e-03,-1.107427775859832764e-01,-2.770252525806427002e-01,3.345930963405407965e-05,1.995752536458894610e-04
3.688356637954711914e+00,2.205097349360585213e-03,1.917476067319512367e-03,-1.107427775859832764e-01,-2.770252525806427002e-01,3.345930963405407965e-05,1.995752536458894610e-04
3.690356731414794922e+00,1.821602229028940201e-03,2.684466540813446045e-03,-1.102265194058418274e-01,2.738648056983947754e-01,2.768689228105358779e-05,9.334764035884290934e-05
3.692356824874877930e+00,1.581917749717831612e-03,1.917476067319512367e-03,-7.758943736553192139e-02,-3.568908944725990295e-02,-3.034763176401611418e-05,-8.757161413086578250e-05
3.694356918334960938e+00,1.581917749717831612e-03,1.917476067319512367e-03,-7.758943736553192139e-02,-3.568908944725990295e-02,-3.034763176401611418e-05,-8.757161413086578250e-05
3.696357011795043945e+00,1.054611871950328350e-03,1.533980830572545528e-03,-1.156409904360771179e-01,-2.085931897163391113e-01,6.256659253267571330e-05,5.552201764658093452e-04
3.698357105255126953e+00,7.190534961409866810e-04,1.917476067319512367e-03,-1.154655292630195618e-01,8.322647772729396820e-03,1.465635159547673538e-05,2.961642167065292597e-05
3.700472593307495117e+00,7.190534961409866810e-04,1.917476067319512367e-03,-1.154655292630195618e-01,8.322647772729396820e-03,1.465635159547673538e-05,2.961642167065292597e-05
3.702472686767578125e+00,4.314320976845920086e-04,1.533980830572545528e-03,-1.055041253566741943e-01,-9.628605097532272339e-02,5.245631327852606773e-04,1.897911861306056380e-04
3.704472780227661133e+00,4.793690095539204776e-05,1.917476067319512367e-03,-1.204657405614852905e-01,1.536499112844467163e-01,2.992323134094476700e-04,-2.026457368629053235e-04
3.706473112106323242e+00,4.793690095539204776e-05,1.917476067319512367e-03,-1.204657405614852905e-01,1.536499112844467163e-01,2.992323134094476700e-04,-2.026457368629053235e-04
3.708473205566406250e+00,-1.438106992281973362e-04,2.300971187651157379e-03,-9.335873275995254517e-02,2.621666193008422852e-01,4.217004243400879204e-05,1.889550912892445922e-04
3.710473299026489258e+00,-3.834952076431363821e-04,2.300971187651157379e-03,-8.485587686300277710e-02,2.179162353277206421e-01,2.309905103174969554e-04,2.696931769605726004e-04
3.712473392486572266e+00,-3.834952076431363821e-04,2.300971187651157379e-03,-8.485587686300277710e-02,2.179162353277206421e-01,-4.981255187885835767e-05,-2.277898311149328947e-04
3.714473485946655273e+00,-6.711166352033615112e-04,1.917476067319512367e-03,-8.936675637960433960e-02,6.275370717048645020e-02,-4.981255187885835767e-05,-2.277898311149328947e-04
3.716473579406738281e+00,-8.149273344315588474e-04,1.533980830572545528e-03,-6.493303179740905762e-02,-1.584271490573883057e-01,8.423834515269845724e-05,-3.245965490350499749e-05
3.718473672866821289e+00,-8.149273344315588474e-04,1.533980830572545528e-03,-6.493303179740905762e-02,-1.584271490573883057e-01,8.423834515269845724e-05,-3.245965490350499749e-05
3.720473766326904297e+00,-1.294296351261436939e-03,1.533980830572545528e-03,-1.249626502394676208e-01,-1.430933922529220581e-01,7.708193152211606503e-06,-2.325142704648897052e-04
3.722474098205566406e+00,-1.294296351261436939e-03,1.150485593825578690e-03,-7.062720507383346558e-02,-3.558921515941619873e-01,-7.077571353875100613e-05,-2.309848641743883491e-04
3.724474191665649414e+00,-1.294296351261436939e-03,1.150485593825578690e-03,-7.062720507383346558e-02,-3.558921515941619873e-01,-7.077571353875100613e-05,-2.309848641743883491e-04
3.726474285125732422e+00,-1.581917749717831612e-03,2.300971187651157379e-03,-8.905018121004104614e-02,1.657457500696182251e-01,1.068455458153039217e-04,3.519907186273485422e-04
3.728474378585815430e+00,-1.294296351261436939e-03,1.917476067319512367e-03,2.515058033168315887e-02,-5.713810771703720093e-02,-5.204371409490704536e-04,2.539560082368552685e-04
3.730474472045898438e+00,-1.294296351261436939e-03,1.917476067319512367e-03,2.515058033168315887e-02,-5.713810771703720093e-02,-5.204371409490704536e-04,2.539560082368552685e-04
3.732474565505981445e+00,-1.773665309883654118e-03,2.300971187651157379e-03,-5.229534953832626343e-02,-4.852963611483573914e-02,3.355074295541271567e-05,4.236823297105729580e-04
3.734474658966064453e+00,-1.821602229028940201e-03,1.533980830572545528e-03,-3.084102459251880646e-02,-2.863512337207794189e-01,1.397005835315212607e-04,-1.096033010981045663e-04
3.736474752426147461e+00,-1.821602229028940201e-03,1.533980830572545528e-03,-3.084102459251880646e-02,-2.863512337207794189e-01,1.397005835315212607e-04,-1.096033010981045663e-04
3.738474845886230469e+00,-2.013349905610084534e-03,1.533980830572545528e-03,-5.139640346169471741e-02,-3.353791832923889160e-01,-4.249240737408399582e-04,-8.442529178864788264e-06
3.740475416183471680e+00,-1.821602229028940201e-03,2.684466540813446045e-03,1.709899678826332092e-02,1.196102425456047058e-01,-1.521543890703469515e-04,2.857103245332837105e-04
3.742475509643554688e+00,-1.821602229028940201e-03,2.684466540813446045e-03,1.709899678826332092e-02,1.196102425456047058e-01,9.456965926801785827e-05,-2.498803369235247374e-04
3.744475603103637695e+00,-1.773665309883654118e-03,3.067961661145091057e-03,4.108300805091857910e-02,4.208396673202514648e-01,9.456965926801785827e-05,-2.498803369235247374e-04
3.746475696563720703e+00,-2.109223743900656700e-03,2.300971187651157379e-03,-3.234710544347763062e-02,8.841769397258758545e-02,-1.955245534190908074e-04,-5.342068034224212170e-04
3.748475790023803711e+00,-2.109223743900656700e-03,2.300971187651157379e-03,-3.234710544347763062e-02,8.841769397258758545e-02,3.155795639031566679e-05,-1.557607902213931084e-04
3.750481843948364258e+00,-1.917476067319512367e-03,1.150485593825578690e-03,1.104313135147094727e-02,-4.938601255416870117e-01,3.155795639031566679e-05,-1.557607902213931084e-04
3.752481937408447266e+00,-1.965412870049476624e-03,1.917476067319512367e-03,-1.042926032096147537e-02,-3.779222071170806885e-02,-1.571165048517286777e-04,-6.581926572835072875e-05
3.754482030868530273e+00,-1.965412870049476624e-03,1.917476067319512367e-03,-1.042926032096147537e-02,-3.779222071170806885e-02,-1.571165048517286777e-04,-6.581926572835072875e-05
3.756482362747192383e+00,-1.821602229028940201e-03,2.300971187651157379e-03,1.204912643879652023e-02,1.709152162075042725e-01,3.707644937094300985e-04,3.069305093958973885e-04
3.758557796478271484e+00,-1.773665309883654118e-03,2.300971187651157379e-03,7.649328093975782394e-03,1.770095080137252808e-01,3.707644937094300985e-04,3.069305093958973885e-04
3.760557889938354492e+00,-1.773665309883654118e-03,2.300971187651157379e-03,7.649328093975782394e-03,1.770095080137252808e-01,3.707644937094300985e-04,-6.848313496448099613e-04
3.762557983398437500e+00,-1.486043911427259445e-03,2.684466540813446045e-03,6.047686561942100525e-02,3.706170320510864258e-01,2.548187621869146824e-04,-6.848313496448099613e-04
3.764558076858520508e+00,-1.629854668863117695e-03,2.300971187651157379e-03,8.513773791491985321e-03,1.298121809959411621e-01,-4.283894668333232403e-04,-8.711110422154888511e-05
3.766558170318603516e+00,-1.629854668863117695e-03,2.300971187651157379e-03,8.513773791491985321e-03,1.298121809959411621e-01,-2.433659028611145914e-05,-1.234783267136663198e-04
3.768558263778686523e+00,-1.486043911427259445e-03,2.684466540813446045e-03,2.157208509743213654e-02,2.410137653350830078e-01,-2.433659028611145914e-05,-1.234783267136663198e-04
3.770558357238769531e+00,-1.390170073136687279e-03,3.067961661145091057e-03,2.325570397078990936e-02,3.323529064655303955e-01,2.112414367729797959e-04,-2.179614530177786946e-04
3.772558450698852539e+00,-1.390170073136687279e-03,3.067961661145091057e-03,2.325570397078990936e-02,3.323529064655303955e-01,1.856279413914307952e-04,1.795734715415164828e-04
3.774558544158935547e+00,-1.006674952805042267e-03,1.917476067319512367e-03,9.360076487064361572e-02,-2.073325812816619873e-01,1.856279413914307952e-04,1.795734715415164828e-04
3.776558637619018555e+00,-1.054611871950328350e-03,2.300971187651157379e-03,5.272789299488067627e-02,-8.634380996227264404e-02,-6.934085104148834944e-05,-5.273785427561961114e-05
3.778558731079101562e+00,-1.054611871950328350e-03,2.300971187651157379e-03,5.272789299488067627e-02,-8.634380996227264404e-02,-6.934085104148834944e-05,-5.273785427561961114e-05
3.780558824539184570e+00,-9.108011145144701004e-04,2.684466540813446045e-03,5.683334544301033020e-02,1.767983883619308472e-01,2.133380912709981203e-04,-1.502982104284456000e-05
3.782558917999267578e+00,-8.149273344315588474e-04,2.300971187651157379e-03,4.915784671902656555e-02,-9.476391971111297607e-02,3.792607822106219828e-05,-2.824079820129554719e-05
3.784559011459350586e+00,-8.149273344315588474e-04,2.300971187651157379e-03,4.915784671902656555e-02,-9.476391971111297607e-02,3.792607822106219828e-05,-2.824079820129554719e-05
3.786559104919433594e+00,-7.190534961409866810e-04,3.067961661145091057e-03,3.660569339990615845e-02,2.488770633935928345e-01,1.434782170690596104e-04,-6.882684829179197550e-05
3.788559198379516602e+00,-4.793690168298780918e-04,2.300971187651157379e-03,5.535861477255821228e-02,-2.492406815290451050e-01,2.186976053053513169e-04,-4.867569077759981155e-04
3.790559291839599609e+00,-4.793690168298780918e-04,2.300971187651157379e-03,5.535861477255821228e-02,-2.492406815290451050e-01,2.041044645011425018e-04,-1.986369316000491381e-04
3.792559385299682617e+00,-1.917476038215681911e-04,1.917476067319512367e-03,8.064418286085128784e-02,-4.545089602470397949e-01,2.041044645011425018e-04,-1.986369316000491381e-04
3.794559717178344727e+00,-4.793690095539204776e-05,2.300971187651157379e-03,7.052676379680633545e-02,-2.176299542188644409e-01,-2.847476862370967865e-04,-5.775294848717749119e-04
3.796559810638427734e+00,-4.793690095539204776e-05,2.300971187651157379e-03,7.052676379680633545e-02,-2.176299542188644409e-01,1.735117693897336721e-04,2.236255204479675740e-05
3.798559904098510742e+00,1.438106992281973362e-04,2.300971187651157379e-03,7.273590564727783203e-02,-2.389660477638244629e-01,1.735117693897336721e-04,2.236255204479675740e-05
3.800560235977172852e+00,4.314320976845920086e-04,2.300971187651157379e-03,9.636662900447845459e-02,-1.355455666780471802e-01,8.850816084304824471e-05,-2.208560363214928657e-05
3.802560329437255859e+00,4.314320976845920086e-04,2.300971187651157379e-03,9.636662900447845459e-02,-1.355455666780471802e-01,2.653450610523577780e-05,-5.422016256488859653e-04
3.804560422897338867e+00,5.273059359751641750e-04,2.684466540813446045e-03,7.567695528268814087e-02,-4.036843776702880859e-02,2.653450610523577780e-05,-5.422016256488859653e-04
3.806560754776000977e+00,5.273059359751641750e-04,2.300971187651157379e-03,3.077503293752670288e-02,-2.598344981670379639e-01,9.917940769810229540e-05,-2.623206528369337320e-04
3.808560848236083984e+00,5.273059359751641750e-04,2.300971187651157379e-03,3.077503293752670288e-02,-2.598344981670379639e-01,-6.929469236638396978e-05,-3.439282299950718880e-04
3.810560941696166992e+00,8.628641953691840172e-04,2.684466540813446045e-03,7.454231381416320801e-02,-1.302842497825622559e-01,-6.929469236638396978e-05,-3.439282299950718880e-04
3.812561035156250000e+00,7.669904152862727642e-04,2.684466540813446045e-03,1.220600586384534836e-02,-8.977460116147994995e-02,1.197766032419167459e-04,-3.605032543418928981e-05
3.814561128616333008e+00,7.669904152862727642e-04,2.684466540813446045e-03,1.220600586384534836e-02,-8.977460116147994995e-02,-2.531160425860434771e-04,3.813589864876121283e-04
3.816561222076416016e+00,9.587380336597561836e-04,3.834952134639024734e-03,2.137055993080139160e-02,3.381642103195190430e-01,-2.531160425860434771e-04,3.813589864876121283e-04
3.818561315536499023e+00,1.294296351261436939e-03,3.451456781476736069e-03,6.638383120298385620e-02,3.538362914696335793e-03,-2.133773523382842541e-04,8.251876715803518891e-05
3.820561408996582031e+00,1.294296351261436939e-03,3.451456781476736069e-03,6.638383120298385620e-02,3.538362914696335793e-03,2.591531083453446627e-04,2.576112165115773678e-04
3.822561502456665039e+00,1.390170073136687279e-03,3.451456781476736069e-03,5.192241445183753967e-02,4.461041465401649475e-02,2.591531083453446627e-04,2.576112165115773678e-04
3.824561595916748047e+00,1.533980830572545528e-03,3.834952134639024734e-03,5.244939401745796204e-02,2.480857968330383301e-01,-2.390914451098069549e-04,2.366880507906898856e-04
3.826561927795410156e+00,1.533980830572545528e-03,3.834952134639024734e-03,5.244939401745796204e-02,2.480857968330383301e-01,-2.390914451098069549e-04,2.366880507906898856e-04
3.828562021255493164e+00,1.725728390738368034e-03,3.067961661145091057e-03,6.480097770690917969e-02,-1.622754037380218506e-01,2.271455305162817240e-04,-4.841371846850961447e-04
3.830562114715576172e+00,1.773665309883654118e-03,3.067961661145091057e-03,4.373107850551605225e-02,-2.375267073512077332e-02,3.944280615542083979e-05,2.762072836048901081e-04
3.832562208175659180e+00,1.773665309883654118e-03,3.067961661145091057e-03,4.654284194111824036e-02,-1.943172700703144073e-02,-4.650310438591986895e-04,-4.101594968233257532e-04
3.834562301635742188e+00,1.917476067319512367e-03,3.067961661145091057e-03,4.654284194111824036e-02,-1.943172700703144073e-02,-4.650310438591986895e-04,-4.101594968233257532e-04
3.836562395095825195e+00,2.061286708340048790e-03,3.451456781476736069e-03,5.163753777742385864e-02,1.178729683160781860e-01,4.538290158961899579e-05,1.653076324146240950e-04
3.838562488555908203e+00,2.061286708340048790e-03,3.451456781476736069e-03,5.163753777742385864e-02,1.178729683160781860e-01,-4.168682789895683527e-04,9.489853400737047195e-04
3.840562582015991211e+00,1.965412870049476624e-03,2.684466540813446045e-03,2.577411243692040443e-03,-2.808015346527099609e-01,-4.168682789895683527e-04,9.489853400737047195e-04
3.842562675476074219e+00,2.157160546630620956e-03,3.067961661145091057e-03,2.741821855306625366e-02,-1.407987326383590698e-01,-1.170066680060699582e-04,6.314058555290102959e-05
3.844562768936157227e+00,2.157160546630620956e-03,3.067961661145091057e-03,2.741821855306625366e-02,-1.407987326383590698e-01,4.075646284036338329e-04,4.038294719066470861e-04
3.846562862396240234e+00,2.205097349360585213e-03,2.684466540813446045e-03,2.117601037025451660e-02,-2.606766521930694580e-01,4.075646284036338329e-04,4.038294719066470861e-04
3.848563194274902344e+00,2.253034384921193123e-03,4.218447487801313400e-03,1.848498359322547913e-02,4.806951582431793213e-01,-1.802162150852382183e-04,4.442040881258435547e-05
3.850563287734985352e+00,2.253034384921193123e-03,4.218447487801313400e-03,1.848498359322547913e-02,4.806951582431793213e-01,-3.678576613310724497e-04,-6.775671499781310558e-05
3.852563381195068359e+00,1.965412870049476624e-03,3.451456781476736069e-03,-6.433078646659851074e-02,1.377345025539398193e-01,-3.678576613310724497e-04,-6.775671499781310558e-05
3.854563713073730469e+00,2.300971187651157379e-03,3.451456781476736069e-03,8.930835872888565063e-03,2.058518677949905396e-02,7.673317304579541087e-05,2.259726752527058125e-04
3.856563806533813477e+00,2.300971187651157379e-03,3.451456781476736069e-03,8.930835872888565063e-03,2.058518677949905396e-02,3.125803050352260470e-05,4.884295049123466015e-04
3.858563899993896484e+00,2.348908223211765289e-03,3.451456781476736069e-03,1.750802621245384216e-02,-2.075181715190410614e-02,3.125803050352260470e-05,4.884295049123466015e-04
3.860564231872558594e+00,2.205097349360585213e-03,3.834952134639024734e-03,-1.890276558697223663e-02,1.170180067420005798e-01,2.606944472063332796e-04,7.987474236870184541e-05
3.862564563751220703e+00,2.205097349360585213e-03,3.834952134639024734e-03,-1.890276558697223663e-02,1.170180067420005798e-01,1.740897714626044035e-04,6.540824688272550702e-05
3.864564657211303711e+00,2.300971187651157379e-03,3.834952134639024734e-03,7.703206967562437057e-03,1.256126016378402710e-01,1.740897714626044035e-04,6.540824688272550702e-05
3.866564750671386719e+00,2.300971187651157379e-03,3.451456781476736069e-03,1.371228229254484177e-02,-8.296666294336318970e-02,2.049267350230365992e-04,9.679351933300495148e-05
3.868564844131469727e+00,2.300971187651157379e-03,3.451456781476736069e-03,1.371228229254484177e-02,-8.296666294336318970e-02,-6.151306442916393280e-04,-1.186509143735747784e-05
3.870565176010131836e+00,2.253034384921193123e-03,3.451456781476736069e-03,1.143936812877655029e-02,-5.698371306061744690e-02,-6.151306442916393280e-04,-1.186509143735747784e-05
3.872565269470214844e+00,2.157160546630620956e-03,3.834952134639024734e-03,-2.512522507458925247e-03,1.553322225809097290e-01,3.029353101737797260e-04,4.254748273524455726e-05
3.874565362930297852e+00,2.157160546630620956e-03,3.834952134639024734e-03,-2.512522507458925247e-03,1.553322225809097290e-01,3.029353101737797260e-04,4.254748273524455726e-05
3.876565456390380859e+00,1.965412870049476624e-03,3.067961661145091057e-03,-3.294372558593750000e-02,-2.838889658451080322e-01,-2.242153823317494243e-05,3.626171965152025223e-04
3.878565549850463867e+00,1.773665309883654118e-03,2.684466540813446045e-03,-6.539397686719894409e-02,-3.396412432193756104e-01,-2.750054409261792898e-05,2.256365842185914516e-04
3.880565643310546875e+00,1.773665309883654118e-03,2.684466540813446045e-03,-6.539397686719894409e-02,-3.396412432193756104e-01,-2.750054409261792898e-05,2.256365842185914516e-04
3.882565736770629883e+00,1.821602229028940201e-03,3.451456781476736069e-03,-3.454402461647987366e-02,-2.039423771202564240e-02,4.330511001171544194e-05,1.681811263551935554e-04
3.884566068649291992e+00,1.581917749717831612e-03,3.451456781476736069e-03,-7.284931838512420654e-02,-3.683961555361747742e-02,2.085829510178882629e-05,5.713815698982216418e-05
3.886566162109375000e+00,1.581917749717831612e-03,3.451456781476736069e-03,-7.284931838512420654e-02,-3.683961555361747742e-02,2.085829510178882629e-05,5.713815698982216418e-05
3.888566255569458008e+00,1.725728390738368034e-03,3.067961661145091057e-03,-1.415833365172147751e-02,-9.472048282623291016e-02,4.708409542217850685e-04,-7.336887847486650571e-06
3.890566349029541016e+00,1.486043911427259445e-03,3.834952134639024734e-03,-4.665796086192131042e-02,2.918022274971008301e-01,-1.142954533861484379e-05,-7.064633973641321063e-05
3.892566442489624023e+00,1.486043911427259445e-03,3.834952134639024734e-03,-3.458845987915992737e-02,-3.897783160209655762e-02,1.343674812233075500e-04,3.194692180841229856e-05
3.894566535949707031e+00,1.438106992281973362e-03,3.067961661145091057e-03,-3.458845987915992737e-02,-3.897783160209655762e-02,1.343674812233075500e-04,3.194692180841229856e-05
3.896567106246948242e+00,1.342233270406723022e-03,2.300971187651157379e-03,-3.310374170541763306e-02,-3.885877132415771484e-01,2.465193101670593023e-04,-4.666758468374609947e-04
3.898567199707031250e+00,1.342233270406723022e-03,2.300971187651157379e-03,-3.310374170541763306e-02,-3.885877132415771484e-01,-1.144188427133485675e-04,1.754548720782622695e-04
3.900567293167114258e+00,1.294296351261436939e-03,2.684466540813446045e-03,-2.193290740251541138e-02,-1.580897718667984009e-01,-1.144188427133485675e-04,1.754548720782622695e-04
3.902567386627197266e+00,1.342233270406723022e-03,2.300971187651157379e-03,1.680150255560874939e-02,-2.759739756584167480e-01,1.964912662515416741e-04,9.241639781976118684e-05
3.904567480087280273e+00,1.342233270406723022e-03,2.300971187651157379e-03,1.680150255560874939e-02,-2.759739756584167480e-01,1.964912662515416741e-04,9.241639781976118684e-05
3.906567573547363281e+00,1.006674952805042267e-03,3.067961661145091057e-03,-3.609786182641983032e-02,1.050195619463920593e-01,2.131174005626235157e-05,-1.972037280211225152e-04
3.908567667007446289e+00,7.190534961409866810e-04,3.067961661145091057e-03,-7.524610310792922974e-02,1.317372173070907593e-01,-2.525132367736659944e-05,3.153719007968902588e-04
3.910567760467529297e+00,7.190534961409866810e-04,3.067961661145091057e-03,-7.524610310792922974e-02,1.317372173070907593e-01,4.870775155723094940e-04,-1.756974816089496017e-04
3.912567853927612305e+00,8.149273344315588474e-04,3.067961661145091057e-03,-2.159768901765346527e-02,7.457249611616134644e-02,4.870775155723094940e-04,-1.756974816089496017e-04
3.914567947387695312e+00,7.190534961409866810e-04,2.300971187651157379e-03,-1.417702063918113708e-02,-1.081151068210601807e-01,8.556470857001841068e-05,3.123058413621038198e-04
3.916568040847778320e+00,7.190534961409866810e-04,2.300971187651157379e-03,-2.872372604906558990e-02,-9.533094242215156555e-03,6.704001571051776409e-04,1.024690209305845201e-04
3.918568134307861328e+00,5.273059359751641750e-04,2.684466540813446045e-03,-2.872372604906558990e-02,-9.533094242215156555e-03,6.704001571051776409e-04,1.024690209305845201e-04
3.920568227767944336e+00,4.793690168298780918e-04,3.067961661145091057e-03,-8.521242067217826843e-03,1.636407375335693359e-01,3.812180366367101669e-04,3.818502591457217932e-04
3.922568321228027344e+00,4.793690168298780918e-04,3.067961661145091057e-03,-8.521242067217826843e-03,1.636407375335693359e-01,3.028308274224400520e-04,-3.461618907749652863e-04
3.924568414688110352e+00,1.438106992281973362e-04,2.300971187651157379e-03,-5.193718895316123962e-02,-1.797676831483840942e-01,3.028308274224400520e-04,-3.461618907749652863e-04
3.926568508148193359e+00,-1.438106992281973362e-04,2.300971187651157379e-03,-8.702056854963302612e-02,-1.649357676506042480e-01,2.477758971508592367e-04,1.670853962423279881e-04
3.928568601608276367e+00,-1.438106992281973362e-04,2.300971187651157379e-03,-8.702056854963302612e-02,-1.649357676506042480e-01,1.692508521955460310e-05,1.737892016535624862e-04
3.930568695068359375e+00,0.000000000000000000e+00,3.067961661145091057e-03,-1.715173572301864624e-02,1.455878019332885742e-01,1.692508521955460310e-05,1.737892016535624862e-04
3.932568788528442383e+00,-2.876213984563946724e-04,3.067961661145091057e-03,-5.566111952066421509e-02,8.892987668514251709e-02,-2.049378235824406147e-04,-9.452694939682260156e-05
3.934569120407104492e+00,-2.876213984563946724e-04,3.067961661145091057e-03,-5.566111952066421509e-02,8.892987668514251709e-02,9.267515997635200620e-05,-1.081843583961017430e-04
3.936569213867187500e+00,-3.355583176016807556e-04,2.300971187651157379e-03,-3.887777775526046753e-02,-2.370754033327102661e-01,9.267515997635200620e-05,-1.081843583961017430e-04
3.938569784164428711e+00,-2.876213984563946724e-04,3.451456781476736069e-03,-1.030035666190087795e-03,3.131033480167388916e-01,-3.621323266997933388e-04,1.265615428565070033e-04
3.940569877624511719e+00,-2.876213984563946724e-04,3.451456781476736069e-03,-6.817054748535156250e-02,4.880588650703430176e-01,4.553723265416920185e-04,6.564175419043749571e-05
3.942569971084594727e+00,-6.711166352033615112e-04,3.834952134639024734e-03,-6.817054748535156250e-02,4.880588650703430176e-01,4.553723265416920185e-04,6.564175419043749571e-05
3.944570302963256836e+00,-6.711166352033615112e-04,2.300971187651157379e-03,-4.449598863720893860e-02,-2.008184492588043213e-01,1.783201878424733877e-04,5.190754745854064822e-05
3.946570396423339844e+00,-6.711166352033615112e-04,2.300971187651157379e-03,-4.449598863720893860e-02,-2.008184492588043213e-01,-7.315381662920117378e-05,4.500045615714043379e-04
3.948570489883422852e+00,-6.711166352033615112e-04,1.917476067319512367e-03,-2.514468692243099213e-02,-3.537000119686126709e-01,-7.315381662920117378e-05,4.500045615714043379e-04
3.950570821762084961e+00,-6.711166352033615112e-04,2.684466540813446045e-03,-5.433438811451196671e-03,2.177413925528526306e-02,1.815304422052577138e-04,3.123206843156367540e-04
3.952570915222167969e+00,-6.711166352033615112e-04,2.684466540813446045e-03,-1.549394242465496063e-02,-1.569005697965621948e-01,4.461914795683696866e-05,-2.975856659759301692e-05
3.954571008682250977e+00,-7.669904152862727642e-04,2.300971187651157379e-03,-1.549394242465496063e-02,-1.569005697965621948e-01,4.461914795683696866e-05,-2.975856659759301692e-05
3.956571102142333984e+00,-7.190534961409866810e-04,2.684466540813446045e-03,6.685817614197731018e-03,3.562533855438232422e-02,-2.321534120710566640e-04,3.825111780315637589e-04
3.958571195602416992e+00,-7.190534961409866810e-04,2.684466540813446045e-03,6.685817614197731018e-03,3.562533855438232422e-02,-2.321534120710566640e-04,3.825111780315637589e-04
3.960571527481079102e+00,-8.628641953691840172e-04,1.533980830572545528e-03,-2.025895565748214722e-02,-4.168345928192138672e-01,2.143261917808558792e-05,5.136565305292606354e-04
3.962571620941162109e+00,-7.190534961409866810e-04,1.533980830572545528e-03,1.834057830274105072e-02,-3.874190151691436768e-01,8.547845936845988035e-05,7.653874345123767853e-04
3.964571714401245117e+00,-7.190534961409866810e-04,1.533980830572545528e-03,1.834057830274105072e-02,-3.874190151691436768e-01,1.275922695640474558e-04,5.994257517158985138e-04
3.966571807861328125e+00,-7.669904152862727642e-04,1.917476067319512367e-03,9.811234660446643829e-03,-2.236270904541015625e-01,1.275922695640474558e-04,5.994257517158985138e-04
3.968571901321411133e+00,-9.108011145144701004e-04,3.451456781476736069e-03,-2.415912225842475891e-02,4.266540408134460449e-01,1.756552519509568810e-04,4.814502026420086622e-04
3.970571994781494141e+00,-9.108011145144701004e-04,3.451456781476736069e-03,-2.415912225842475891e-02,4.266540408134460449e-01,2.520348934922367334e-04,-1.590586762176826596e-04
3.972572326660156250e+00,-8.149273344315588474e-04,2.300971187651157379e-03,-2.817188855260610580e-03,-2.574304584413766861e-03,2.520348934922367334e-04,-1.590586762176826596e-04
3.974572420120239258e+00,-6.231797160580754280e-04,2.300971187651157379e-03,3.964261710643768311e-02,-8.794046193361282349e-02,-7.996266504051163793e-05,4.500855575315654278e-04
3.976572513580322266e+00,-6.231797160580754280e-04,2.300971187651157379e-03,3.964261710643768311e-02,-8.794046193361282349e-02,3.681408270495012403e-05,2.233437044196762145e-05
3.978572607040405273e+00,-8.149273344315588474e-04,2.300971187651157379e-03,-1.011040993034839630e-02,-1.370365917682647705e-01,3.681408270495012403e-05,2.233437044196762145e-05
3.980572700500488281e+00,-6.711166352033615112e-04,2.684466540813446045e-03,1.709282211959362030e-02,1.717541925609111786e-02,2.981004072353243828e-04,6.470546941272914410e-04
3.982572793960571289e+00,-6.711166352033615112e-04,2.684466540813446045e-03,1.709282211959362030e-02,1.717541925609111786e-02,6.224510434549301863e-05,1.161927721113897860e-04
3.984572887420654297e+00,-5.273059359751641750e-04,3.067961661145091057e-03,4.272697865962982178e-02,2.154116034507751465e-01,6.224510434549301863e-05,1.161927721113897860e-04
3.986572980880737305e+00,-6.231797160580754280e-04,1.533980830572545528e-03,1.017336081713438034e-02,-4.708382487297058105e-01,8.819998765829950571e-05,-3.367787867318838835e-04
3.988573074340820312e+00,-6.231797160580754280e-04,1.533980830572545528e-03,1.017336081713438034e-02,-4.708382487297058105e-01,8.819998765829950571e-05,-3.367787867318838835e-04
3.990573167800903320e+00,-4.793690168298780918e-04,3.067961661145091057e-03,3.450312092900276184e-02,2.339645177125930786e-01,-3.051561361644417048e-04,-2.029166789725422859e-04
3.992573261260986328e+00,-5.752427969127893448e-04,3.067961661145091057e-03,-6.828530458733439445e-04,2.068846821784973145e-01,-4.843340429943054914e-04,3.822609141934663057e-04
3.994573354721069336e+00,-5.752427969127893448e-04,3.067961661145091057e-03,-6.828530458733439445e-04,2.068846821784973145e-01,-4.455306043382734060e-04,-1.787932560546323657e-04
3.996573448181152344e+00,-2.396845084149390459e-04,1.917476067319512367e-03,6.293762475252151489e-02,-3.427105247974395752e-01,-4.455306043382734060e-04,-1.787932560546323657e-04
3.998573541641235352e+00,-2.876213984563946724e-04,2.300971187651157379e-03,3.190378844738006592e-02,-1.929820924997329712e-01,2.981044526677578688e-04,1.796984724933281541e-04
4.000573635101318359e+00,-2.876213984563946724e-04,2.300971187651157379e-03,3.190378844738006592e-02,-1.929820924997329712e-01,-3.939021189580671489e-05,-4.123078833799809217e-04
4.002573728561401367e+00,-4.793690095539204776e-05,2.684466540813446045e-03,6.912568956613540649e-02,-6.051543727517127991e-02,-3.939021189580671489e-05,-4.123078833799809217e-04
4.004573822021484375e+00,-9.587380191078409553e-05,1.917476067319512367e-03,3.520536422729492188e-02,-4.114523231983184814e-01,-1.498155179433524609e-04,-3.785225562751293182e-04
4.006654024124145508e+00,-9.587380191078409553e-05,1.917476067319512367e-03,5.998465791344642639e-02,-5.330880358815193176e-02,-1.515410549473017454e-04,1.493558811489492655e-04
4.008654117584228516e+00,9.587380191078409553e-05,2.684466540813446045e-03,5.998465791344642639e-02,-5.330880358815193176e-02,-1.515410549473017454e-04,1.493558811489492655e-04
4.010654211044311523e+00,1.438106992281973362e-04,2.684466540813446045e-03,4.830353707075119019e-02,-8.852163702249526978e-02,-3.502941690385341644e-04,-4.566313582472503185e-04
4.012654304504394531e+00,1.438106992281973362e-04,2.684466540813446045e-03,6.667404621839523315e-02,1.423083394765853882e-01,1.323926844634115696e-04,-4.377859659143723547e-05
4.014654397964477539e+00,3.355583176016807556e-04,3.067961661145091057e-03,6.667404621839523315e-02,1.423083394765853882e-01,1.323926844634115696e-04,-4.377859659143723547e-05
4.016654491424560547e+00,1.917476038215681911e-04,2.300971187651157379e-03,2.796041546389460564e-03,-2.349877804517745972e-01,-2.545108727645128965e-04,-5.561984144151210785e-04
4.018654584884643555e+00,1.917476038215681911e-04,2.300971187651157379e-03,2.796041546389460564e-03,-2.349877804517745972e-01,-2.938500438176561147e-05,-2.563266607467085123e-04
4.020654678344726562e+00,4.793690168298780918e-04,3.451456781476736069e-03,4.000955447554588318e-02,3.226232230663299561e-01,-2.938500438176561147e-05,-2.563266607467085123e-04
4.022654771804809570e+00,8.149273344315588474e-04,3.067961661145091057e-03,8.972774446010589600e-02,1.707711964845657349e-01,1.451464195270091295e-04,3.202582010999321938e-04
4.024654865264892578e+00,8.149273344315588474e-04,3.067961661145091057e-03,8.972774446010589600e-02,1.707711964845657349e-01,2.421654644422233105e-04,1.350138045381754637e-04
4.026654958724975586e+00,9.108011145144701004e-04,3.067961661145091057e-03,8.213924616575241089e-02,2.442204952239990234e-01,2.421654644422233105e-04,1.350138045381754637e-04
4.028655290603637695e+00,7.190534961409866810e-04,2.684466540813446045e-03,7.688114885240793228e-03,3.719659522175788879e-02,-5.708701792173087597e-06,2.721365017350763083e-04
4.030655384063720703e+00,7.190534961409866810e-04,2.684466540813446045e-03,4.303492605686187744e-02,3.347927927970886230e-01,3.837425319943577051e-04,-8.750145934754982591e-05
4.032655477523803711e+00,9.587380336597561836e-04,3.451456781476736069e-03,4.303492605686187744e-02,3.347927927970886230e-01,3.837425319943577051e-04,-8.750145934754982591e-05
4.034655570983886719e+00,8.628641953691840172e-04,2.300971187651157379e-03,-1.344896387308835983e-03,-2.028966397047042847e-01,-3.193666925653815269e-04,7.110750448191538453e-05
4.036655664443969727e+00,8.628641953691840172e-04,2.300971187651157379e-03,-3.149036318063735962e-02,5.366205573081970215e-01,1.354477717541158199e-04,-1.033925000228919089e-04
4.038655757904052734e+00,8.149273344315588474e-04,3.834952134639024734e-03,-3.149036318063735962e-02,5.366205573081970215e-01,1.354477717541158199e-04,-1.033925000228919089e-04
4.040656089782714844e+00,1.198422512970864773e-03,3.067961661145091057e-03,4.674668610095977783e-02,-1.000333949923515320e-01,-1.165703943115659058e-04,-9.502901957603171468e-05
4.042656183242797852e+00,1.198422512970864773e-03,3.067961661145091057e-03,1.243054866790771484e-02,3.794833123683929443e-01,3.453983663348481059e-05,-1.280303695239126682e-04
4.044656276702880859e+00,1.102548674680292606e-03,4.218447487801313400e-03,1.243054866790771484e-02,3.794833123683929443e-01,3.453983663348481059e-05,-1.280303695239126682e-04
4.046656370162963867e+00,1.150485593825578690e-03,3.451456781476736069e-03,1.558925863355398178e-02,-4.372510686516761780e-02,2.369771100347861648e-04,-1.753453107085078955e-04
4.048656702041625977e+00,1.150485593825578690e-03,3.451456781476736069e-03,3.474045777693390846e-03,-3.346709534525871277e-02,-4.121911479160189629e-05,2.741720527410507202e-04
4.050656795501708984e+00,1.150485593825578690e-03,3.451456781476736069e-03,3.474045777693390846e-03,-3.346709534525871277e-02,-4.121911479160189629e-05,2.741720527410507202e-04
4.052656888961791992e+00,1.198422512970864773e-03,3.834952134639024734e-03,1.379507011733949184e-03,1.152309253811836243e-01,-1.467075344407930970e-04,-4.277730186004191637e-04
4.054656982421875000e+00,1.198422512970864773e-03,3.834952134639024734e-03,1.379507011733949184e-03,1.152309253811836243e-01,-1.693684898782521486e-04,-4.225147422403097153e-04
4.056657075881958008e+00,1.629854668863117695e-03,3.834952134639024734e-03,9.126497060060501099e-02,6.870698928833007812e-02,-1.693684898782521486e-04,-4.225147422403097153e-04
4.058657169342041016e+00,1.486043911427259445e-03,3.834952134639024734e-03,3.788787126541137695e-02,1.582927852869033813e-01,1.454983721487224102e-04,-2.798784407787024975e-04
4.060657262802124023e+00,1.486043911427259445e-03,3.834952134639024734e-03,3.788787126541137695e-02,1.582927852869033813e-01,1.169921688415342942e-05,-6.388304173015058041e-04
4.062657356262207031e+00,1.390170073136687279e-03,2.300971187651157379e-03,-7.332321722060441971e-03,-5.560008883476257324e-01,1.169921688415342942e-05,-6.388304173015058041e-04
4.064657449722290039e+00,1.677791588008403778e-03,2.684466540813446045e-03,4.061056300997734070e-02,-2.707202732563018799e-01,9.188227704726159573e-05,-5.475883517647162080e-05
4.066657543182373047e+00,1.677791588008403778e-03,2.684466540813446045e-03,4.061056300997734070e-02,-2.707202732563018799e-01,1.330836530542001128e-04,4.675867094192653894e-04
4.068657636642456055e+00,1.629854668863117695e-03,3.451456781476736069e-03,8.645902387797832489e-03,1.526439636945724487e-01,1.330836530542001128e-04,4.675867094192653894e-04
4.070658206939697266e+00,1.821602229028940201e-03,3.067961661145091057e-03,3.859159350395202637e-02,3.303526714444160461e-02,-6.957882433198392391e-04,-2.330654242541640997e-04
4.072658300399780273e+00,1.821602229028940201e-03,3.067961661145091057e-03,3.844178514555096626e-03,2.998187839984893799e-01,2.499044348951429129e-04,-1.039346243487671018e-04
4.074658393859863281e+00,1.725728390738368034e-03,3.451456781476736069e-03,3.844178514555096626e-03,2.998187839984893799e-01,2.499044348951429129e-04,-1.039346243487671018e-04
4.076658725738525391e+00,1.677791588008403778e-03,2.300971187651157379e-03,-1.212782412767410278e-02,-2.783658504486083984e-01,1.172080592368729413e-04,4.677812466979958117e-05
4.078658819198608398e+00,1.677791588008403778e-03,2.300971187651157379e-03,4.820746928453445435e-02,3.097331225872039795e-01,-5.288194515742361546e-04,5.049870233051478863e-04
4.080658912658691406e+00,1.917476067319512367e-03,3.834952134639024734e-03,4.820746928453445435e-02,3.097331225872039795e-01,-5.288194515742361546e-04,5.049870233051478863e-04
4.082659006118774414e+00,1.438106992281973362e-03,3.451456781476736069e-03,-6.275164335966110229e-02,1.317849904298782349e-01,3.547650703694671392e-04,-4.314591933507472277e-04
4.084659099578857422e+00,1.438106992281973362e-03,3.451456781476736069e-03,-6.275164335966110229e-02,1.317849904298782349e-01,-3.398451663088053465e-04,-3.469381190370768309e-04
4.086659193038940430e+00,1.773665309883654118e-03,4.985437728464603424e-03,2.991632930934429169e-02,8.987137079238891602e-01,-3.398451663088053465e-04,-3.469381190370768309e-04
4.088659286499023438e+00,1.629854668863117695e-03,4.218447487801313400e-03,9.527268819510936737e-03,3.718856275081634521e-01,1.576465183461550623e-05,-1.395776198478415608e-04
4.090659379959106445e+00,1.629854668863117695e-03,4.218447487801313400e-03,-4.471757635474205017e-02,2.964534461498260498e-01,1.744224136928096414e-04,1.239741868630517274e-05
4.092659473419189453e+00,1.342233270406723022e-03,3.834952134639024734e-03,-4.471757635474205017e-02,2.964534461498260498e-01,1.744224136928096414e-04,1.239741868630517274e-05
4.094659566879272461e+00,1.294296351261436939e-03,3.834952134639024734e-03,-4.035674780607223511e-02,3.241872489452362061e-01,1.079091744031757116e-04,-2.113384398398920894e-04
4.096659660339355469e+00,1.294296351261436939e-03,3.834952134639024734e-03,-1.475480105727910995e-02,1.057721599936485291e-01,-1.392450940329581499e-04,-4.330202646087855101e-04
4.098659753799438477e+00,1.342233270406723022e-03,3.451456781476736069e-03,-1.475480105727910995e-02,1.057721599936485291e-01,-1.392450940329581499e-04,-4.330202646087855101e-04
4.100659847259521484e+00,1.246359432116150856e-03,2.684466540813446045e-03,-2.490959130227565765e-02,-3.192034661769866943e-01,5.816500051878392696e-04,-2.581219887360930443e-04
4.102659940719604492e+00,1.246359432116150856e-03,2.684466540813446045e-03,-3.511826321482658386e-02,1.404177248477935791e-01,-7.330017069762106985e-06,2.188148791901767254e-04
4.104660034179687500e+00,1.150485593825578690e-03,3.834952134639024734e-03,-3.511826321482658386e-02,1.404177248477935791e-01,-7.330017069762106985e-06,2.188148791901767254e-04
4.106660127639770508e+00,1.438106992281973362e-03,3.451456781476736069e-03,4.790249466896057129e-02,2.519005350768566132e-02,-2.793593448586761951e-04,-5.599905853159725666e-04
4.108660221099853516e+00,1.438106992281973362e-03,3.451456781476736069e-03,4.790249466896057129e-02,2.519005350768566132e-02,-2.793593448586761951e-04,-5.599905853159725666e-04
4.110660314559936523e+00,1.102548674680292606e-03,2.684466540813446045e-03,-1.972399838268756866e-02,-2.529136836528778076e-01,1.011500789900310338e-04,1.402928464813157916e-04
4.112660408020019531e+00,8.628641953691840172e-04,3.451456781476736069e-03,-6.297422945499420166e-02,2.885538339614868164e-01,-1.434780569979920983e-04,6.086485809646546841e-04
4.114660501480102539e+00,8.628641953691840172e-04,3.451456781476736069e-03,-6.297422945499420166e-02,2.885538339614868164e-01,-6.195316673256456852e-04,1.234554074471816421e-04
4.116660594940185547e+00,9.587380336597561836e-04,3.067961661145091057e-03,-2.636397257447242737e-02,4.461846873164176941e-02,-6.195316673256456852e-04,1.234554074471816421e-04
4.118660688400268555e+00,1.006674952805042267e-03,3.067961661145091057e-03,5.507539026439189911e-04,9.539385139942169189e-02,1.241417485289275646e-04,1.596455549588426948e-04
4.120660781860351562e+00,1.006674952805042267e-03,3.067961661145091057e-03,-5.012505128979682922e-02,-2.310530394315719604e-01,-6.923542823642492294e-04,1.856941671576350927e-04
4.122660875320434570e+00,7.190534961409866810e-04,2.300971187651157379e-03,-5.012505128979682922e-02,-2.310530394315719604e-01,-6.923542823642492294e-04,1.856941671576350927e-04
4.124660968780517578e+00,7.669904152862727642e-04,2.300971187651157379e-03,-2.120596542954444885e-02,-1.978749185800552368e-01,-1.043699012370780110e-04,-2.211779792560264468e-05
4.126661062240600586e+00,7.669904152862727642e-04,2.300971187651157379e-03,-2.120596542954444885e-02,2.835967242717742920e-01,-3.560979675967246294e-04,1.959971268661320210e-04
4.128661155700683594e+00,5.273059359751641750e-04,3.451456781476736069e-03,-5.804045125842094421e-02,2.835967242717742920e-01,-3.560979675967246294e-04,1.959971268661320210e-04
4.130661249160766602e+00,3.355583176016807556e-04,3.451456781476736069e-03,-8.420055359601974487e-02,2.480322420597076416e-01,2.393772738287225366e-04,4.133525362703949213e-05
4.132661342620849609e+00,3.355583176016807556e-04,3.451456781476736069e-03,-1.740126125514507294e-02,1.511522531509399414e-01,2.812870370689779520e-04,2.047087036771699786e-04
4.134661436080932617e+00,5.273059359751641750e-04,3.067961661145091057e-03,-1.740126125514507294e-02,1.511522531509399414e-01,2.812870370689779520e-04,2.047087036771699786e-04
4.136661529541015625e+00,2.396845084149390459e-04,2.300971187651157379e-03,-6.484919041395187378e-02,-2.360735237598419189e-01,1.898259215522557497e-04,-1.709681673673912883e-04
4.138661623001098633e+00,1.438106992281973362e-04,3.067961661145091057e-03,-6.348095089197158813e-02,8.273225277662277222e-02,2.841637178789824247e-04,-2.312682918272912502e-04
4.140661716461181641e+00,1.438106992281973362e-04,3.067961661145091057e-03,-6.348095089197158813e-02,8.273225277662277222e-02,2.841637178789824247e-04,-2.312682918272912502e-04
4.142661809921264648e+00,1.438106992281973362e-04,2.684466540813446045e-03,-4.335409775376319885e-02,-1.370889842510223389e-01,1.145155401900410652e-04,-1.044987511704675853e-04
4.144661903381347656e+00,1.438106992281973362e-04,2.684466540813446045e-03,-2.495931461453437805e-02,7.059327512979507446e-02,-8.177493873517960310e-05,8.158280252246186137e-05
4.146661996841430664e+00,1.438106992281973362e-04,3.067961661145091057e-03,-2.495931461453437805e-02,7.059327512979507446e-02,-8.177493873517960310e-05,8.158280252246186137e-05
4.148662090301513672e+00,0.000000000000000000e+00,3.451456781476736069e-03,-4.185708984732627869e-02,2.318844795227050781e-01,4.903877270407974720e-04,2.479180511727463454e-05
4.150662183761596680e+00,0.000000000000000000e+00,3.451456781476736069e-03,-6.156279891729354858e-02,-2.305659055709838867e-01,4.464302910491824150e-04,-7.228894537547603250e-05
4.152662277221679688e+00,-1.438106992281973362e-04,2.300971187651157379e-03,-6.156279891729354858e-02,-2.305659055709838867e-01,4.464302910491824150e-04,-7.228894537547603250e-05
4.154662370681762695e+00,9.587380191078409553e-05,2.684466540813446045e-03,7.669089362025260925e-03,-4.680392146110534668e-02,-1.695990358712151647e-04,-1.618060923647135496e-05
4.156662464141845703e+00,9.587380191078409553e-05,2.684466540813446045e-03,-3.857238963246345520e-02,1.436827033758163452e-01,-1.098216962418518960e-04,2.920506231021136045e-04
4.158662796020507812e+00,-1.438106992281973362e-04,3.067961661145091057e-03,-3.857238963246345520e-02,1.436827033758163452e-01,-1.098216962418518960e-04,2.920506231021136045e-04
4.160663127899169922e+00,-1.438106992281973362e-04,2.684466540813446045e-03,-2.650018967688083649e-02,-8.319163322448730469e-02,-5.317064278642646968e-05,-7.616425136802718043e-05
4.162663221359252930e+00,-1.438106992281973362e-04,2.684466540813446045e-03,6.958483718335628510e-03,7.598959654569625854e-02,2.193710242863744497e-04,3.095277352258563042e-04
4.164663314819335938e+00,-4.793690095539204776e-05,3.067961661145091057e-03,6.958483718335628510e-03,7.598959654569625854e-02,2.193710242863744497e-04,3.095277352258563042e-04
4.166663408279418945e+00,-1.438106992281973362e-04,2.684466540813446045e-03,-7.823453284800052643e-03,3.626629337668418884e-02,4.634954530047252774e-05,4.716535913757979870e-04
4.168663501739501953e+00,-1.438106992281973362e-04,2.684466540813446045e-03,-7.823453284800052643e-03,3.626629337668418884e-02,-4.445071099326014519e-04,9.484546899329870939e-05
4.170663595199584961e+00,-1.438106992281973362e-04,2.684466540813446045e-03,-2.682600170373916626e-03,-5.475388374179601669e-03,-4.445071099326014519e-04,9.484546899329870939e-05
4.172663688659667969e+00,-9.587380191078409553e-05,3.067961661145091057e-03,1.405558362603187561e-02,2.323047965764999390e-01,-1.009460756904445589e-04,-1.842229394242167473e-04
4.174663782119750977e+00,-9.587380191078409553e-05,3.067961661145091057e-03,1.437572669237852097e-02,-1.079065427184104919e-01,-3.412973455851897597e-05,1.101203793041349854e-06
4.176664113998413086e+00,-9.587380191078409553e-05,2.300971187651157379e-03,1.437572669237852097e-02,-1.079065427184104919e-01,-3.412973455851897597e-05,1.101203793041349854e-06
4.178664207458496094e+00,-1.438106992281973362e-04,2.684466540813446045e-03,3.109880723059177399e-03,6.451835483312606812e-02,-2.369255525991320610e-04,5.437921208795160055e-05
4.180664300918579102e+00,-1.438106992281973362e-04,2.684466540813446045e-03,3.109880723059177399e-03,6.451835483312606812e-02,-4.872237695963121951e-05,-4.832195918424986303e-05
4.182664394378662109e+00,0.000000000000000000e+00,1.917476067319512367e-03,3.495689854025840759e-02,-2.156686931848526001e-01,-4.872237695963121951e-05,-4.832195918424986303e-05
4.184664487838745117e+00,-2.396845084149390459e-04,2.300971187651157379e-03,-2.458006516098976135e-02,-8.153468370437622070e-02,-8.777230959822190925e-07,-1.898947994050104171e-05
4.186664581298828125e+00,-2.396845084149390459e-04,2.300971187651157379e-03,3.234213963150978088e-02,1.781741082668304443e-01,2.735507769102696329e-05,-3.925659693777561188e-04
4.188664674758911133e+00,0.000000000000000000e+00,2.684466540813446045e-03,3.234213963150978088e-02,1.781741082668304443e-01,2.735507769102696329e-05,-3.925659693777561188e-04
4.190664768218994141e+00,-9.587380191078409553e-05,2.300971187651157379e-03,7.059342693537473679e-03,-3.458235412836074829e-02,-1.943069946719333529e-05,3.849140775855630636e-04
4.192664861679077148e+00,-9.587380191078409553e-05,2.300971187651157379e-03,2.819274179637432098e-02,-9.472572803497314453e-02,-1.618912647245451808e-04,2.847300784196704626e-04
4.194664955139160156e+00,0.000000000000000000e+00,2.300971187651157379e-03,2.819274179637432098e-02,-9.472572803497314453e-02,-1.618912647245451808e-04,2.847300784196704626e-04
4.196665048599243164e+00,-1.917476038215681911e-04,2.684466540813446045e-03,-1.904551684856414795e-02,7.150990515947341919e-02,-1.323437609244138002e-04,1.031922874972224236e-05
4.198665142059326172e+00,-1.917476038215681911e-04,2.684466540813446045e-03,-1.904551684856414795e-02,7.150990515947341919e-02,8.149098721332848072e-05,4.019421758130192757e-04
4.200665235519409180e+00,-1.917476038215681911e-04,3.451456781476736069e-03,-1.892176270484924316e-02,3.180974423885345459e-01,8.149098721332848072e-05,4.019421758130192757e-04
4.202665328979492188e+00,-1.917476038215681911e-04,2.684466540813446045e-03,-2.340109646320343018e-02,5.484133493155241013e-03,5.712972415494732559e-05,-6.125120853539556265e-05
4.204665422439575195e+00,0.000000000000000000e+00,1.917476067319512367e-03,2.095870114862918854e-02,-5.009793043136596680e-01,-3.318791859783232212e-04,-8.592919039074331522e-05
4.206665515899658203e+00,0.000000000000000000e+00,1.917476067319512367e-03,2.095870114862918854e-02,-5.009793043136596680e-01,-3.318791859783232212e-04,-8.592919039074331522e-05
4.208665609359741211e+00,0.000000000000000000e+00,2.300971187651157379e-03,1.398686971515417099e-02,-3.230061829090118408e-01,3.309998282929882407e-05,3.985716321039944887e-04
4.210665702819824219e+00,0.000000000000000000e+00,2.300971187651157379e-03,1.398686971515417099e-02,-3.230061829090118408e-01,-3.308668674435466528e-04,-1.563700789120048285e-04
4.212665796279907227e+00,4.793690095539204776e-05,2.300971187651157379e-03,1.524663995951414108e-02,-2.601750791072845459e-01,-3.308668674435466528e-04,-1.563700789120048285e-04
4.214665889739990234e+00,1.438106992281973362e-04,2.684466540813446045e-03,2.625114284455776215e-02,-1.782990619540214539e-02,-1.928173587657511234e-04,1.243448059540241957e-04
4.216665983200073242e+00,1.438106992281973362e-04,2.684466540813446045e-03,4.329788312315940857e-02,-9.003494866192340851e-03,-1.225783198606222868e-04,-6.268039578571915627e-05
4.218666076660156250e+00,2.876213984563946724e-04,2.684466540813446045e-03,4.329788312315940857e-02,-9.003494866192340851e-03,-1.225783198606222868e-04,-6.268039578571915627e-05
4.220666885375976562e+00,1.917476038215681911e-04,3.067961661145091057e-03,1.591274980455636978e-03,1.726182252168655396e-01,1.341961615253239870e-04,-2.506391319911926985e-05
4.222667217254638672e+00,1.917476038215681911e-04,3.067961661145091057e-03,1.649662852287292480e-02,-1.552779823541641235e-01,-2.830131561495363712e-04,-9.431966464035212994e-05
4.224667310714721680e+00,3.355583176016807556e-04,2.300971187651157379e-03,1.649662852287292480e-02,-1.552779823541641235e-01,-2.830131561495363712e-04,-9.431966464035212994e-05
4.226667642593383789e+00,4.314320976845920086e-04,2.300971187651157379e-03,1.808217726647853851e-02,-1.312427073717117310e-01,-3.828306507784873247e-04,2.801319933496415615e-04
4.228667736053466797e+00,4.314320976845920086e-04,2.300971187651157379e-03,1.808217726647853851e-02,-1.312427073717117310e-01,3.723836198332719505e-05,-1.129666270571760833e-05
4.230667829513549805e+00,3.834952076431363821e-04,1.533980830572545528e-03,-1.066438667476177216e-02,-5.745701789855957031e-01,3.723836198332719505e-05,-1.129666270571760833e-05
4.232667922973632812e+00,5.752427969127893448e-04,2.300971187651157379e-03,1.987608522176742554e-02,-1.288573294878005981e-01,-8.486177830491214991e-05,7.941921649035066366e-05
4.234668016433715820e+00,6.231797160580754280e-04,2.684466540813446045e-03,2.019639685750007629e-02,-1.137397158890962601e-02,-1.691940269665792584e-04,-8.995862444862723351e-04
4.236668348312377930e+00,6.231797160580754280e-04,2.684466540813446045e-03,2.019639685750007629e-02,-1.137397158890962601e-02,-1.691940269665792584e-04,-8.995862444862723351e-04
4.238668441772460938e+00,8.149273344315588474e-04,3.067961661145091057e-03,5.410761013627052307e-02,9.020474553108215332e-02,-1.028196275001391768e-04,-5.043343408033251762e-04
4.240668535232543945e+00,8.149273344315588474e-04,3.067961661145091057e-03,1.200079638510942459e-02,6.580834388732910156e-01,-2.134830720024183393e-04,4.655123339034616947e-04
4.242668628692626953e+00,6.711166352033615112e-04,4.218447487801313400e-03,1.200079638510942459e-02,6.580834388732910156e-01,-2.134830720024183393e-04,4.655123339034616947e-04
4.244668722152709961e+00,7.669904152862727642e-04,2.300971187651157379e-03,2.849376946687698364e-02,-3.774322867393493652e-01,-1.733435055939480662e-04,-5.740931374020874500e-05
4.246668815612792969e+00,7.669904152862727642e-04,2.300971187651157379e-03,2.849376946687698364e-02,-3.774322867393493652e-01,3.245485277147963643e-05,-5.287769017741084099e-04
4.248668909072875977e+00,6.711166352033615112e-04,3.451456781476736069e-03,-5.727658048272132874e-03,1.724705547094345093e-01,3.245485277147963643e-05,-5.287769017741084099e-04
4.250669002532958984e+00,8.149273344315588474e-04,2.684466540813446045e-03,2.000385709106922150e-02,-2.230782359838485718e-01,3.369123733136802912e-04,4.308229836169630289e-04
4.252669095993041992e+00,8.149273344315588474e-04,2.684466540813446045e-03,3.044636547565460205e-02,2.702827453613281250e-01,1.258683332707732916e-04,-3.623005250119604170e-05
4.254669189453125000e+00,9.108011145144701004e-04,3.451456781476736069e-03,3.044636547565460205e-02,2.702827453613281250e-01,1.258683332707732916e-04,-3.623005250119604170e-05
4.256669282913208008e+00,8.149273344315588474e-04,3.067961661145091057e-03,-3.540819976478815079e-03,-6.169635429978370667e-02,-1.327630889136344194e-04,-3.871504159178584814e-04
4.258669376373291016e+00,8.149273344315588474e-04,3.067961661145091057e-03,2.997601404786109924e-02,-3.756539523601531982e-01,1.503512794442940503e-05,-1.204060754389502108e-04
4.260669469833374023e+00,1.006674952805042267e-03,2.300971187651157379e-03,2.997601404786109924e-02,-3.756539523601531982e-01,1.503512794442940503e-05,-1.204060754389502108e-04
4.262669563293457031e+00,1.102548674680292606e-03,4.218447487801313400e-03,3.862014785408973694e-02,5.503155589103698730e-01,1.346263743471354246e-04,-1.922954688780009747e-04
4.264669656753540039e+00,1.102548674680292606e-03,4.218447487801313400e-03,3.862014785408973694e-02,5.503155589103698730e-01,-8.703873027116060257e-05,-1.624413707759231329e-04
4.266669750213623047e+00,1.054611871950328350e-03,3.067961661145091057e-03,1.455119904130697250e-02,-6.421279907226562500e-02,-8.703873027116060257e-05,-1.624413707759231329e-04
4.268669843673706055e+00,1.246359432116150856e-03,3.067961661145091057e-03,4.878720268607139587e-02,-7.471790909767150879e-02,2.957400283776223660e-04,-2.853025216609239578e-04
4.270669937133789062e+00,1.246359432116150856e-03,3.067961661145091057e-03,3.800949081778526306e-02,-1.126986593008041382e-01,-3.429309117564116605e-06,7.112930325092747808e-05
4.272670030593872070e+00,1.246359432116150856e-03,2.684466540813446045e-03,3.800949081778526306e-02,-1.126986593008041382e-01,-3.429309117564116605e-06,7.112930325092747808e-05
4.274670124053955078e+00,1.102548674680292606e-03,3.451456781476736069e-03,-4.827037919312715530e-03,1.641704738140106201e-01,-1.278441923204809427e-04,6.915625999681651592e-05
4.276688575744628906e+00,1.102548674680292606e-03,3.451456781476736069e-03,2.235288172960281372e-02,-3.149353861808776855e-01,7.285540050361305475e-05,7.021147212071809918e-06
4.278688669204711914e+00,1.246359432116150856e-03,2.300971187651157379e-03,2.235288172960281372e-02,-3.149353861808776855e-01,7.285540050361305475e-05,7.021147212071809918e-06
4.280688762664794922e+00,1.486043911427259445e-03,2.684466540813446045e-03,7.801160961389541626e-02,-2.080824077129364014e-01,1.031818246701732278e-04,2.653459669090807438e-04
4.282688856124877930e+00,1.486043911427259445e-03,2.684466540813446045e-03,3.059776872396469116e-02,4.583152234554290771e-01,1.774988486431539059e-04,2.848430995072703809e-05
4.284688949584960938e+00,1.294296351261436939e-03,4.218447487801313400e-03,3.059776872396469116e-02,4.583152234554290771e-01,1.774988486431539059e-04,2.848430995072703809e-05
4.286689043045043945e+00,1.150485593825578690e-03,3.451456781476736069e-03,-4.130938090384006500e-03,2.161196768283843994e-01,-7.171041943365707994e-05,-3.124768845736980438e-04
4.288689136505126953e+00,1.150485593825578690e-03,3.451456781476736069e-03,-4.130938090384006500e-03,2.161196768283843994e-01,-1.048071062541566789e-04,3.481578460196033120e-05
4.290689229965209961e+00,1.150485593825578690e-03,2.684466540813446045e-03,-5.355093162506818771e-04,-2.261983305215835571e-01,-1.048071062541566789e-04,3.481578460196033120e-05
4.292689323425292969e+00,1.150485593825578690e-03,3.067961661145091057e-03,5.013729911297559738e-03,-7.825265079736709595e-02,-1.732872769935056567e-04,5.211266034166328609e-05
4.294689416885375977e+00,1.150485593825578690e-03,3.067961661145091057e-03,2.392462641000747681e-02,-1.010289639234542847e-01,1.604296703590080142e-04,1.800542668206617236e-04
4.296689510345458984e+00,1.198422512970864773e-03,3.067961661145091057e-03,2.392462641000747681e-02,-1.010289639234542847e-01,1.604296703590080142e-04,1.800542668206617236e-04
4.298689603805541992e+00,1.102548674680292606e-03,3.451456781476736069e-03,6.987755652517080307e-03,1.254895776510238647e-01,-2.210520469816401601e-04,-5.601666634902358055e-05
4.300689697265625000e+00,1.102548674680292606e-03,3.451456781476736069e-03,6.987755652517080307e-03,1.254895776510238647e-01,-2.914433716796338558e-04,-1.798327721189707518e-04
4.302689790725708008e+00,9.587380336597561836e-04,2.684466540813446045e-03,-2.021153271198272705e-02,-2.562616765499114990e-01,-2.914433716796338558e-04,-1.798327721189707518e-04
4.304689884185791016e+00,9.587380336597561836e-04,2.684466540813446045e-03,-1.430524792522192001e-02,-2.307235747575759888e-01,1.032252330332994461e-04,-1.856420567492023110e-04
4.306689977645874023e+00,9.587380336597561836e-04,2.684466540813446045e-03,2.573434077203273773e-02,-7.204260677099227905e-02,-4.359936574473977089e-04,2.097765682265162468e-04
4.308690071105957031e+00,1.102548674680292606e-03,3.067961661145091057e-03,2.573434077203273773e-02,-7.204260677099227905e-02,-4.359936574473977089e-04,2.097765682265162468e-04
4.310690164566040039e+00,7.669904152862727642e-04,2.684466540813446045e-03,-4.899771139025688171e-02,-1.382140666246414185e-01,3.855301765725016594e-04,2.027975278906524181e-04
4.312690258026123047e+00,7.669904152862727642e-04,2.684466540813446045e-03,-1.751322299242019653e-02,-5.776476860046386719e-02,2.647666551638394594e-04,-3.612067375797778368e-04
4.314690351486206055e+00,8.628641953691840172e-04,3.067961661145091057e-03,-1.751322299242019653e-02,-5.776476860046386719e-02,2.647666551638394594e-04,-3.612067375797778368e-04
4.316690444946289062e+00,7.669904152862727642e-04,2.684466540813446045e-03,-3.348254784941673279e-02,-2.047038823366165161e-01,2.365469117648899555e-04,2.548293268773704767e-04
4.318690538406372070e+00,7.669904152862727642e-04,2.684466540813446045e-03,-3.348254784941673279e-02,-2.047038823366165161e-01,-3.597102477215230465e-04,3.228046989534050226e-04
4.320690631866455078e+00,9.108011145144701004e-04,2.300971187651157379e-03,9.075523354113101959e-03,-3.592138588428497314e-01,-3.597102477215230465e-04,3.228046989534050226e-04
4.322690725326538086e+00,7.669904152862727642e-04,2.300971187651157379e-03,-1.832287386059761047e-02,-3.653292059898376465e-01,1.208776884595863521e-04,1.242612925125285983e-04
4.324690818786621094e+00,7.669904152862727642e-04,2.300971187651157379e-03,-8.208072744309902191e-03,-4.142168536782264709e-02,-4.373065021354705095e-04,-2.632767427712678909e-04
4.326690912246704102e+00,7.669904152862727642e-04,2.684466540813446045e-03,-8.208072744309902191e-03,-4.142168536782264709e-02,-4.373065021354705095e-04,-2.632767427712678909e-04
4.328691005706787109e+00,6.711166352033615112e-04,2.684466540813446045e-03,-2.257982455193996429e-02,-1.337059587240219116e-01,4.193881250103004277e-05,-2.757904876489192247e-04
4.330691099166870117e+00,6.711166352033615112e-04,2.684466540813446045e-03,9.412401355803012848e-03,-1.223369985818862915e-01,-1.007715909508988261e-04,5.419919034466147423e-06
4.332691192626953125e+00,7.669904152862727642e-04,2.684466540813446045e-03,9.412401355803012848e-03,-1.223369985818862915e-01,-1.007715909508988261e-04,5.419919034466147423e-06
4.334691286087036133e+00,7.669904152862727642e-04,4.218447487801313400e-03,2.033471874892711639e-02,5.511006116867065430e-01,2.988876949530094862e-04,6.979931495152413845e-04
4.336691617965698242e+00,7.669904152862727642e-04,4.218447487801313400e-03,-5.016241222620010376e-02,-9.017456322908401489e-02,-6.393967851181514561e-06,1.173896671389229596e-04
4.338691711425781250e+00,4.314320976845920086e-04,2.684466540813446045e-03,-5.016241222620010376e-02,-9.017456322908401489e-02,-6.393967851181514561e-06,1.173896671389229596e-04
4.340691804885864258e+00,6.711166352033615112e-04,2.684466540813446045e-03,1.767983101308345795e-02,-1.537808775901794434e-01,1.890378480311483145e-04,-3.156993479933589697e-04
4.342691898345947266e+00,6.711166352033615112e-04,2.684466540813446045e-03,-7.797795347869396210e-03,-2.052548527717590332e-01,-3.223864187020808458e-04,-1.034596352837979794e-04
4.344691991806030273e+00,5.273059359751641750e-04,2.300971187651157379e-03,-7.797795347869396210e-03,-2.052548527717590332e-01,-3.223864187020808458e-04,-1.034596352837979794e-04
4.346692085266113281e+00,5.752427969127893448e-04,2.684466540813446045e-03,1.113124191761016846e-02,3.026933223009109497e-02,-7.447220559697598219e-05,4.686272586695849895e-05
4.348692417144775391e+00,5.752427969127893448e-04,2.684466540813446045e-03,-2.782681398093700409e-02,8.489890396595001221e-02,4.855296574532985687e-04,2.181840536650270224e-04
4.350692510604858398e+00,3.834952076431363821e-04,3.067961661145091057e-03,-2.782681398093700409e-02,8.489890396595001221e-02,4.855296574532985687e-04,2.181840536650270224e-04
4.352692604064941406e+00,4.314320976845920086e-04,1.917476067319512367e-03,-8.061768487095832825e-03,-4.061709940433502197e-01,4.418489406816661358e-04,-5.276059964671730995e-04
4.354692935943603516e+00,4.314320976845920086e-04,1.917476067319512367e-03,1.008085627108812332e-02,1.794985085725784302e-01,6.648929411312565207e-05,1.176339792436920106e-04
4.356693029403686523e+00,4.793690168298780918e-04,3.067961661145091057e-03,1.008085627108812332e-02,1.794985085725784302e-01,6.648929411312565207e-05,1.176339792436920106e-04
4.358693122863769531e+00,3.834952076431363821e-04,2.300971187651157379e-03,-6.712072528898715973e-03,-1.536113768815994263e-01,2.305682573933154345e-05,1.306313497480005026e-04
4.360693216323852539e+00,3.834952076431363821e-04,2.300971187651157379e-03,-3.358026221394538879e-02,1.162426248192787170e-01,-5.518818506971001625e-04,-2.730372034420724958e-05
4.362693309783935547e+00,2.396845084149390459e-04,3.067961661145091057e-03,-3.358026221394538879e-02,1.162426248192787170e-01,-5.518818506971001625e-04,-2.730372034420724958e-05
4.364693403244018555e+00,3.355583176016807556e-04,2.300971187651157379e-03,7.296686526387929916e-04,-2.501653432846069336e-01,-2.749736886471509933e-04,-4.559446824714541435e-05
4.366693735122680664e+00,3.355583176016807556e-04,2.300971187651157379e-03,-2.014044485986232758e-02,-4.034083783626556396e-01,-1.023241711664013565e-04,-4.500193754211068153e-04
4.368693828582763672e+00,1.917476038215681911e-04,1.917476067319512367e-03,-2.014044485986232758e-02,-4.034083783626556396e-01,-1.023241711664013565e-04,-4.500193754211068153e-04
4.370693922042846680e+00,3.355583176016807556e-04,3.067961661145091057e-03,2.410934679210186005e-02,1.948927789926528931e-01,3.606717800721526146e-04,-4.117543867323547602e-04
4.372694015502929688e+00,3.355583176016807556e-04,3.067961661145091057e-03,-4.190059378743171692e-03,-9.934327006340026855e-02,7.378259851975599304e-06,-3.798956458922475576e-04
4.374694108963012695e+00,1.917476038215681911e-04,2.684466540813446045e-03,-4.190059378743171692e-03,-9.934327006340026855e-02,7.378259851975599304e-06,-3.798956458922475576e-04
4.376694202423095703e+00,9.587380191078409553e-05,2.684466540813446045e-03,-2.177868783473968506e-02,-1.156875342130661011e-01,2.875512873288244009e-04,-5.979144043521955609e-05
4.378694295883178711e+00,9.587380191078409553e-05,2.684466540813446045e-03,-2.004265971481800079e-02,7.315262556076049805e-01,-3.623006341513246298e-05,8.319969492731615901e-05
4.380694389343261719e+00,9.587380191078409553e-05,4.601942375302314758e-03,-2.004265971481800079e-02,7.315262556076049805e-01,-3.623006341513246298e-05,8.319969492731615901e-05
4.382694721221923828e+00,2.396845084149390459e-04,2.684466540813446045e-03,1.600661501288414001e-02,-5.746453255414962769e-02,-2.479766844771802425e-04,1.272558438358828425e-04
4.384694814682006836e+00,2.396845084149390459e-04,2.684466540813446045e-03,-1.054292730987071991e-02,-2.465740144252777100e-01,-8.942450949689373374e-05,-5.716432351619005203e-04
4.386694908142089844e+00,1.438106992281973362e-04,2.300971187651157379e-03,-1.054292730987071991e-02,-2.465740144252777100e-01,-8.942450949689373374e-05,-5.716432351619005203e-04
4.388695240020751953e+00,2.396845084149390459e-04,2.300971187651157379e-03,9.259572252631187439e-03,-1.898684799671173096e-01,3.862418452627025545e-05,-3.724240232259035110e-04
4.390695333480834961e+00,2.396845084149390459e-04,2.300971187651157379e-03,-1.907383278012275696e-02,2.551210112869739532e-02,1.024886805680580437e-04,5.031755426898598671e-05
4.392695426940917969e+00,1.438106992281973362e-04,2.684466540813446045e-03,-1.907383278012275696e-02,2.551210112869739532e-02,1.024886805680580437e-04,5.031755426898598671e-05
4.394695520401000977e+00,2.876213984563946724e-04,1.917476067319512367e-03,1.484342198818922043e-02,-2.401211708784103394e-01,4.608354720403440297e-05,-4.996302304789423943e-04
4.396695613861083984e+00,2.876213984563946724e-04,1.917476067319512367e-03,1.393595989793539047e-02,7.624691724777221680e-02,-2.736902388278394938e-04,6.215660687303170562e-05
4.398695707321166992e+00,2.876213984563946724e-04,2.684466540813446045e-03,1.393595989793539047e-02,7.624691724777221680e-02,-2.736902388278394938e-04,6.215660687303170562e-05
4.400695800781250000e+00,2.396845084149390459e-04,3.451456781476736069e-03,2.759404480457305908e-03,4.018072187900543213e-01,-7.159815140767022967e-05,1.974348706426098943e-04
4.402695894241333008e+00,2.396845084149390459e-04,3.451456781476736069e-03,1.411705184727907181e-02,1.528818532824516296e-02,2.756088797468692064e-04,-1.513419992988929152e-04
4.404695987701416016e+00,2.876213984563946724e-04,2.684466540813446045e-03,1.411705184727907181e-02,1.528818532824516296e-02,2.756088797468692064e-04,-1.513419992988929152e-04
4.406696081161499023e+00,2.396845084149390459e-04,2.300971187651157379e-03,3.807112516369670630e-04,-1.835397481918334961e-01,-1.676753599895164371e-04,-2.184260520152747631e-04
4.408696174621582031e+00,2.396845084149390459e-04,2.300971187651157379e-03,4.559694975614547729e-02,8.910162001848220825e-02,3.471967356745153666e-04,8.802411030046641827e-04
4.410696268081665039e+00,4.314320976845920086e-04,3.067961661145091057e-03,4.559694975614547729e-02,8.910162001848220825e-02,3.471967356745153666e-04,8.802411030046641827e-04
4.412696361541748047e+00,2.876213984563946724e-04,2.300971187651157379e-03,7.955195382237434387e-03,-1.951937228441238403e-01,3.685294941533356905e-04,7.064617238938808441e-05
4.414696455001831055e+00,2.876213984563946724e-04,2.300971187651157379e-03,-2.936875261366367340e-02,5.458130240440368652e-01,2.159928408218547702e-04,1.483653322793543339e-04
4.416696548461914062e+00,1.438106992281973362e-04,3.834952134639024734e-03,-2.936875261366367340e-02,5.458130240440368652e-01,2.159928408218547702e-04,1.483653322793543339e-04
4.418696641921997070e+00,1.438106992281973362e-04,3.451456781476736069e-03,-3.518728911876678467e-02,3.037260174751281738e-01,9.354016219731420279e-05,1.076639891834929585e-04
4.420696735382080078e+00,1.438106992281973362e-04,3.451456781476736069e-03,1.758264377713203430e-02,9.397474676370620728e-02,6.062093307264149189e-04,2.130052598658949137e-04
4.422696828842163086e+00,4.314320976845920086e-04,3.067961661145091057e-03,1.758264377713203430e-02,9.397474676370620728e-02,6.062093307264149189e-04,2.130052598658949137e-04
4.424696922302246094e+00,4.793690168298780918e-04,2.300971187651157379e-03,3.323153033852577209e-02,-2.680661678314208984e-01,3.750473115360364318e-05,6.439520075218752027e-05
4.426697254180908203e+00,4.793690168298780918e-04,2.300971187651157379e-03,-5.337932961992919445e-04,7.659052014350891113e-01,1.938731147674843669e-04,-4.300829095882363617e-05
4.428697347640991211e+00,3.834952076431363821e-04,4.601942375302314758e-03,-5.337932961992919445e-04,7.659052014350891113e-01,1.938731147674843669e-04,-4.300829095882363617e-05
4.430697441101074219e+00,4.314320976845920086e-04,3.067961661145091057e-03,1.864020887296646833e-04,7.199387997388839722e-02,-2.262359485030174255e-04,4.309376818127930164e-04
4.432697534561157227e+00,4.314320976845920086e-04,3.067961661145091057e-03,1.864020887296646833e-04,7.199387997388839722e-02,-2.262359485030174255e-04,4.309376818127930164e-04
4.434697628021240234e+00,5.752427969127893448e-04,2.684466540813446045e-03,2.576628886163234711e-02,-1.711941659450531006e-01,1.131731005443725735e-05,-5.307953688316047192e-05
4.436697721481323242e+00,5.752427969127893448e-04,2.684466540813446045e-03,1.613699644804000854e-02,-1.073017418384552002e-01,-3.737512452062219381e-04,2.456461661495268345e-04
4.438697814941406250e+00,6.231797160580754280e-04,2.684466540813446045e-03,1.937072910368442535e-02,-5.183495953679084778e-02,5.458641680888831615e-04,1.827971282182261348e-04
4.440697908401489258e+00,6.231797160580754280e-04,2.684466540813446045e-03,1.937072910368442535e-02,-5.183495953679084778e-02,5.458641680888831615e-04,1.827971282182261348e-04
4.442698001861572266e+00,8.149273344315588474e-04,3.834952134639024734e-03,5.829691514372825623e-02,3.769146502017974854e-01,-5.497818710864521563e-05,6.565285148099064827e-04
4.444698810577392578e+00,8.149273344315588474e-04,3.834952134639024734e-03,2.709807828068733215e-02,-1.019560843706130981e-01,9.905600018100813031e-05,1.566369173815473914e-04
4.446698904037475586e+00,7.190534961409866810e-04,2.684466540813446045e-03,2.709807828068733215e-02,-1.019560843706130981e-01,9.905600018100813031e-05,1.566369173815473914e-04
4.448698997497558594e+00,5.752427969127893448e-04,3.067961661145091057e-03,-1.491481065750122070e-02,1.341793686151504517e-01,2.380592195549979806e-04,-6.437286629079608247e-06
4.450699090957641602e+00,5.752427969127893448e-04,3.067961661145091057e-03,1.290524937212467194e-02,3.893003165721893311e-01,-4.093733150511980057e-04,8.918405364966019988e-05
4.452699184417724609e+00,7.190534961409866810e-04,3.834952134639024734e-03,1.290524937212467194e-02,3.893003165721893311e-01,-4.093733150511980057e-04,8.918405364966019988e-05
4.454699277877807617e+00,7.669904152862727642e-04,2.300971187651157379e-03,1.661336608231067657e-02,-3.307635486125946045e-01,-5.774854798801243305e-04,2.171837259083986282e-04
4.456699371337890625e+00,7.190534961409866810e-04,3.451456781476736069e-03,-7.100097136572003365e-04,1.807815283536911011e-01,4.520926449913531542e-05,2.396657364442944527e-04
4.458699464797973633e+00,7.190534961409866810e-04,3.451456781476736069e-03,-7.100097136572003365e-04,1.807815283536911011e-01,4.520926449913531542e-05,2.396657364442944527e-04
4.460699558258056641e+00,5.752427969127893448e-04,2.300971187651157379e-03,-4.235025122761726379e-02,-2.534143924713134766e-01,-3.618217597249895334e-04,2.576015249360352755e-04
4.462699651718139648e+00,5.752427969127893448e-04,2.300971187651157379e-03,6.892881542444229126e-02,-1.135464087128639221e-01,9.813186625251546502e-05,9.196121391141787171e-05
4.464699745178222656e+00,1.054611871950328350e-03,2.684466540813446045e-03,6.892881542444229126e-02,-1.135464087128639221e-01,9.813186625251546502e-05,9.196121391141787171e-05
4.466699838638305664e+00,8.149273344315588474e-04,3.834952134639024734e-03,4.572218749672174454e-03,4.272133708000183105e-01,-2.453643537592142820e-04,-1.087987766368314624e-04
4.468699932098388672e+00,8.628641953691840172e-04,2.300971187651157379e-03,9.453911334276199341e-03,-3.216414153575897217e-01,-1.616774898138828576e-05,2.110416826326400042e-04
4.470700025558471680e+00,8.628641953691840172e-04,2.300971187651157379e-03,9.453911334276199341e-03,-3.216414153575897217e-01,-1.616774898138828576e-05,2.110416826326400042e-04
4.472700119018554688e+00,8.628641953691840172e-04,2.300971187651157379e-03,4.765869118273258209e-03,-3.274966478347778320e-01,-7.475241000065580010e-05,-4.969799920218065381e-05
4.474700212478637695e+00,8.628641953691840172e-04,2.300971187651157379e-03,1.217807456851005554e-02,-3.416790068149566650e-01,1.281569857383146882e-04,9.310604218626394868e-05
4.476700305938720703e+00,9.108011145144701004e-04,2.300971187651157379e-03,1.217807456851005554e-02,-3.416790068149566650e-01,1.281569857383146882e-04,9.310604218626394868e-05
4.478700399398803711e+00,1.054611871950328350e-03,3.451456781476736069e-03,4.568173736333847046e-02,2.130504548549652100e-01,6.835947715444490314e-05,4.475118767004460096e-04
4.480700492858886719e+00,1.054611871950328350e-03,3.451456781476736069e-03,3.400469571352005005e-02,-1.484978795051574707e-01,3.039015573449432850e-04,2.754040760919451714e-04
4.482700586318969727e+00,1.006674952805042267e-03,2.684466540813446045e-03,3.400469571352005005e-02,-1.484978795051574707e-01,3.039015573449432850e-04,2.754040760919451714e-04
4.484700679779052734e+00,7.669904152862727642e-04,2.684466540813446045e-03,-2.261403948068618774e-02,-4.114241898059844971e-02,5.769608833361417055e-06,4.767604114022105932e-04
4.486700773239135742e+00,7.669904152862727642e-04,2.684466540813446045e-03,-2.037331834435462952e-02,-1.402254332788288593e-03,-8.101895946310833097e-05,-3.466310445219278336e-04
4.488701105117797852e+00,7.669904152862727642e-04,3.067961661145091057e-03,-2.037331834435462952e-02,-1.402254332788288593e-03,-8.101895946310833097e-05,-3.466310445219278336e-04
4.490701198577880859e+00,7.190534961409866810e-04,1.917476067319512367e-03,-2.984845265746116638e-02,-5.648840069770812988e-01,-7.950490544317290187e-05,4.620506952051073313e-04
4.492701292037963867e+00,7.190534961409866810e-04,1.917476067319512367e-03,-4.087846353650093079e-02,-2.221396863460540771e-01,2.789149002637714148e-04,1.790251262718811631e-04
4.494701385498046875e+00,6.711166352033615112e-04,2.684466540813446045e-03,-4.087846353650093079e-02,-2.221396863460540771e-01,2.789149002637714148e-04,1.790251262718811631e-04
4.496701478958129883e+00,9.108011145144701004e-04,2.684466540813446045e-03,1.778054609894752502e-02,-1.544037461280822754e-01,-2.621903549879789352e-04,-3.164962981827557087e-04
4.498701572418212891e+00,9.108011145144701004e-04,2.684466540813446045e-03,5.174899846315383911e-02,1.996236294507980347e-02,2.134858514182269573e-04,-2.778625057544559240e-04
4.500701665878295898e+00,1.054611871950328350e-03,3.067961661145091057e-03,5.174899846315383911e-02,1.996236294507980347e-02,2.134858514182269573e-04,-2.778625057544559240e-04
4.502701759338378906e+00,9.108011145144701004e-04,3.067961661145091057e-03,1.764563471078872681e-02,7.098007481545209885e-03,1.852300047175958753e-04,-2.545528695918619633e-04
4.504701852798461914e+00,9.108011145144701004e-04,3.067961661145091057e-03,1.902191154658794403e-02,-4.416041076183319092e-02,-7.533046300522983074e-05,3.237251657992601395e-04
4.506701946258544922e+00,9.108011145144701004e-04,3.067961661145091057e-03,1.902191154658794403e-02,-4.416041076183319092e-02,-7.533046300522983074e-05,3.237251657992601395e-04
4.508702039718627930e+00,7.669904152862727642e-04,3.067961661145091057e-03,-1.395740825682878494e-02,-3.128010081127285957e-03,1.051298968377523124e-04,-3.849311906378716230e-04
4.510702133178710938e+00,7.669904152862727642e-04,3.067961661145091057e-03,-1.149611081928014755e-02,4.288925230503082275e-02,6.307897856459021568e-04,1.960164954653009772e-04
4.512702465057373047e+00,7.669904152862727642e-04,3.067961661145091057e-03,-1.149611081928014755e-02,4.288925230503082275e-02,6.307897856459021568e-04,1.960164954653009772e-04
4.514702558517456055e+00,7.190534961409866810e-04,3.451456781476736069e-03,-2.010178565979003906e-02,2.979691326618194580e-01,-3.657470515463501215e-04,4.231145139783620834e-04
4.516702651977539062e+00,7.190534961409866810e-04,3.451456781476736069e-03,-1.654582284390926361e-02,3.897671997547149658e-01,-1.436633319826796651e-04,8.149958375724963844e-06
4.518702745437622070e+00,7.190534961409866810e-04,3.834952134639024734e-03,-1.654582284390926361e-02,3.897671997547149658e-01,-1.436633319826796651e-04,8.149958375724963844e-06
4.520702838897705078e+00,9.108011145144701004e-04,3.834952134639024734e-03,3.551725670695304871e-02,4.944949746131896973e-01,-2.379659781581722200e-05,5.351761355996131897e-04
4.522702932357788086e+00,9.108011145144701004e-04,3.834952134639024734e-03,1.461229845881462097e-02,4.612185060977935791e-02,1.428972027497366071e-04,3.784008440561592579e-04
4.524703025817871094e+00,8.149273344315588474e-04,3.067961661145091057e-03,1.461229845881462097e-02,4.612185060977935791e-02,1.428972027497366071e-04,3.784008440561592579e-04
4.526703119277954102e+00,7.669904152862727642e-04,3.067961661145091057e-03,6.987431086599826813e-03,5.788255855441093445e-02,-9.315283023170195520e-06,5.170024815015494823e-04
4.528703451156616211e+00,7.669904152862727642e-04,3.067961661145091057e-03,-1.065666228532791138e-02,-1.954950019717216492e-02,5.695613435818813741e-05,4.841857662540860474e-05
4.530703544616699219e+00,6.711166352033615112e-04,3.067961661145091057e-03,-1.065666228532791138e-02,-1.954950019717216492e-02,5.695613435818813741e-05,4.841857662540860474e-05
4.532703638076782227e+00,8.149273344315588474e-04,3.067961661145091057e-03,3.174398466944694519e-02,3.583097085356712341e-02,3.186369431205093861e-04,-6.060473970137536526e-05
4.534703731536865234e+00,8.149273344315588474e-04,3.067961661145091057e-03,-8.063439279794692993e-03,-4.226008653640747070e-01,3.929253434762358665e-04,-2.913108910433948040e-04
4.536703824996948242e+00,6.231797160580754280e-04,1.917476067319512367e-03,-8.063439279794692993e-03,-4.226008653640747070e-01,3.929253434762358665e-04,-2.913108910433948040e-04
4.538703918457031250e+00,6.231797160580754280e-04,2.684466540813446045e-03,-2.802169416099786758e-03,-1.222607716917991638e-01,2.899271785281598568e-04,5.732205681852065027e-05
4.540704011917114258e+00,6.231797160580754280e-04,2.684466540813446045e-03,-5.412574112415313721e-02,-1.692511588335037231e-01,-1.343959447694942355e-04,3.900644660461694002e-04
4.542704105377197266e+00,3.834952076431363821e-04,2.684466540813446045e-03,-5.412574112415313721e-02,-1.692511588335037231e-01,-1.343959447694942355e-04,3.900644660461694002e-04
4.544704198837280273e+00,6.231797160580754280e-04,2.684466540813446045e-03,7.805734407156705856e-03,-1.686287224292755127e-01,5.328097613528370857e-04,1.974980114027857780e-04
4.546704292297363281e+00,6.231797160580754280e-04,2.684466540813446045e-03,-2.417719457298517227e-03,-1.996349394321441650e-01,-7.526554782089078799e-06,3.093951090704649687e-04
4.548704385757446289e+00,5.752427969127893448e-04,2.684466540813446045e-03,-2.417719457298517227e-03,-1.996349394321441650e-01,-7.526554782089078799e-06,3.093951090704649687e-04
4.550704479217529297e+00,5.752427969127893448e-04,3.834952134639024734e-03,-9.983924683183431625e-04,4.004369080066680908e-01,1.400535111315548420e-04,-1.645136799197643995e-04
4.552704572677612305e+00,5.752427969127893448e-04,3.834952134639024734e-03,5.731979757547378540e-02,-2.354208528995513916e-01,5.609067738987505436e-04,6.025723996572196484e-04
4.554704666137695312e+00,8.149273344315588474e-04,2.300971187651157379e-03,5.731979757547378540e-02,-2.354208528995513916e-01,5.609067738987505436e-04,6.025723996572196484e-04
4.556704759597778320e+00,6.711166352033615112e-04,3.067961661145091057e-03,2.208817936480045319e-02,2.004573494195938110e-01,-2.324584202142432332e-04,-2.588287861726712435e-05
4.558704853057861328e+00,6.711166352033615112e-04,3.067961661145091057e-03,-1.648157136514782906e-03,-2.978798747062683105e-01,-6.297854706645011902e-04,-2.413617185084149241e-04
4.560704946517944336e+00,5.752427969127893448e-04,1.917476067319512367e-03,-1.648157136514782906e-03,-2.978798747062683105e-01,-6.297854706645011902e-04,-2.413617185084149241e-04
4.562705039978027344e+00,5.273059359751641750e-04,3.067961661145091057e-03,-1.079344004392623901e-02,2.370893210172653198e-01,-3.439786451053805649e-05,5.266885855235159397e-04
4.564705610275268555e+00,5.273059359751641750e-04,3.067961661145091057e-03,6.154285743832588196e-03,1.592076867818832397e-01,1.781099308573175222e-05,-4.301652552385348827e-06
4.566705703735351562e+00,5.752427969127893448e-04,3.067961661145091057e-03,6.154285743832588196e-03,1.592076867818832397e-01,1.781099308573175222e-05,-4.301652552385348827e-06
4.568705797195434570e+00,3.834952076431363821e-04,2.300971187651157379e-03,-3.033530525863170624e-02,-2.034658789634704590e-01,2.546448376961052418e-04,7.898336480138823390e-05
4.570705890655517578e+00,3.834952076431363821e-04,2.300971187651157379e-03,-5.386330559849739075e-02,-2.550309300422668457e-01,1.033642183756455779e-04,5.573884118348360062e-04
4.572705984115600586e+00,2.396845084149390459e-04,2.300971187651157379e-03,-5.386330559849739075e-02,-2.550309300422668457e-01,1.033642183756455779e-04,5.573884118348360062e-04
4.574706077575683594e+00,3.355583176016807556e-04,3.451456781476736069e-03,-2.045398578047752380e-02,2.136855423450469971e-01,-1.516437623649835587e-04,5.699439789168536663e-04
4.576706171035766602e+00,3.355583176016807556e-04,3.451456781476736069e-03,-3.480754047632217407e-02,9.043941274285316467e-03,-4.991092282580211759e-06,3.504279011394828558e-04
4.578706502914428711e+00,2.396845084149390459e-04,3.067961661145091057e-03,-3.480754047632217407e-02,9.043941274285316467e-03,-4.991092282580211759e-06,3.504279011394828558e-04
4.580706596374511719e+00,4.314320976845920086e-04,3.451456781476736069e-03,1.919023878872394562e-02,1.829467117786407471e-01,-4.704119928646832705e-04,7.653898137505166233e-06
4.582706689834594727e+00,4.793690168298780918e-04,3.067961661145091057e-03,3.101308271288871765e-02,3.494019620120525360e-03,-1.057503977790474892e-04,-2.512024366296827793e-04
4.584707021713256836e+00,4.793690168298780918e-04,3.067961661145091057e-03,3.101308271288871765e-02,3.494019620120525360e-03,-1.057503977790474892e-04,-2.512024366296827793e-04
4.586707115173339844e+00,4.793690168298780918e-04,3.067961661145091057e-03,2.979878149926662445e-02,5.132134631276130676e-02,8.903254638426005840e-05,-6.871746154502034187e-05
4.588707208633422852e+00,4.314320976845920086e-04,3.451456781476736069e-03,1.240065973252058029e-02,2.486816793680191040e-01,-1.638327521504834294e-04,4.623793065547943115e-04
4.590707302093505859e+00,4.314320976845920086e-04,3.451456781476736069e-03,1.240065973252058029e-02,2.486816793680191040e-01,-1.638327521504834294e-04,4.623793065547943115e-04
4.592707395553588867e+00,2.396845084149390459e-04,3.067961661145091057e-03,-3.882873430848121643e-02,1.838753968477249146e-01,-8.700125908944755793e-05,-2.688689273782074451e-04
4.594707489013671875e+00,2.396845084149390459e-04,3.067961661145091057e-03,-7.321993354707956314e-03,3.289777636528015137e-01,1.020954950945451856e-04,-2.981688885483890772e-04
4.596707582473754883e+00,3.834952076431363821e-04,3.451456781476736069e-03,-7.321993354707956314e-03,3.289777636528015137e-01,1.020954950945451856e-04,-2.981688885483890772e-04
4.598707675933837891e+00,4.314320976845920086e-04,3.067961661145091057e-03,2.219661837443709373e-04,1.127304881811141968e-01,-4.639375256374478340e-04,1.112185491365380585e-04
4.600707769393920898e+00,4.314320976845920086e-04,2.684466540813446045e-03,-3.983379155397415161e-02,-7.274056226015090942e-02,2.271737612318247557e-04,3.257329808548092842e-05
4.602707862854003906e+00,2.876213984563946724e-04,2.684466540813446045e-03,-3.983379155397415161e-02,-7.274056226015090942e-02,2.271737612318247557e-04,3.257329808548092842e-05
4.604707956314086914e+00,5.752427969127893448e-04,3.451456781476736069e-03,2.823166735470294952e-02,3.545838892459869385e-01,2.015436475630849600e-04,1.390908582834526896e-04
4.606708049774169922e+00,5.752427969127893448e-04,3.451456781476736069e-03,-7.850027643144130707e-03,5.537182465195655823e-02,-3.719779197126626968e-04,-1.730526855681091547e-04
4.608708143234252930e+00,4.314320976845920086e-04,2.684466540813446045e-03,-7.850027643144130707e-03,5.537182465195655823e-02,-3.719779197126626968e-04,-1.730526855681091547e-04
4.610708236694335938e+00,7.190534961409866810e-04,2.300971187651157379e-03,6.446410715579986572e-02,-1.893495619297027588e-01,-4.118579090572893620e-04,1.334732369286939502e-04
4.612708330154418945e+00,7.190534961409866810e-04,3.451456781476736069e-03,-2.891050651669502258e-03,2.478041350841522217e-01,-2.272425772389397025e-04,-1.289512147195637226e-04
4.614708662033081055e+00,4.314320976845920086e-04,3.451456781476736069e-03,-2.891050651669502258e-03,2.478041350841522217e-01,-2.272425772389397025e-04,-1.289512147195637226e-04
4.616708755493164062e+00,4.314320976845920086e-04,2.684466540813446045e-03,-1.895673573017120361e-03,-1.438555419445037842e-01,1.037453184835612774e-04,1.894319429993629456e-04
4.618708848953247070e+00,4.314320976845920086e-04,2.684466540813446045e-03,-1.895673573017120361e-03,2.405867427587509155e-01,2.446208382025361061e-04,5.198265425860881805e-04
4.620708942413330078e+00,7.669904152862727642e-04,3.451456781476736069e-03,7.762092351913452148e-02,2.405867427587509155e-01,2.446208382025361061e-04,5.198265425860881805e-04
4.622709035873413086e+00,4.314320976845920086e-04,3.067961661145091057e-03,-6.534577812999486923e-03,6.035353243350982666e-02,-1.899389608297497034e-04,-1.981503010028973222e-04
4.624709367752075195e+00,4.314320976845920086e-04,3.067961661145091057e-03,1.007199753075838089e-02,3.076652884483337402e-01,1.413424179190769792e-04,-2.288104733452200890e-04
4.626709461212158203e+00,5.273059359751641750e-04,3.451456781476736069e-03,1.007199753075838089e-02,3.076652884483337402e-01,1.413424179190769792e-04,-2.288104733452200890e-04
4.628709554672241211e+00,4.314320976845920086e-04,3.067961661145091057e-03,-1.974947005510330200e-02,2.255740612745285034e-01,-1.641446142457425594e-04,4.665588494390249252e-04
4.630709648132324219e+00,4.314320976845920086e-04,3.067961661145091057e-03,4.047336801886558533e-02,-3.620015978813171387e-01,-4.408006498124450445e-05,-3.940452370443381369e-05
4.632709741592407227e+00,7.190534961409866810e-04,1.917476067319512367e-03,4.047336801886558533e-02,-3.620015978813171387e-01,-4.408006498124450445e-05,-3.940452370443381369e-05
4.634709835052490234e+00,7.669904152862727642e-04,3.067961661145091057e-03,4.152544587850570679e-02,1.599559038877487183e-01,-7.620068208780139685e-05,-1.294008980039507151e-04
4.636709928512573242e+00,7.669904152862727642e-04,3.067961661145091057e-03,1.189119834452867508e-02,-1.985807269811630249e-01,1.163884007837623358e-04,-2.022590524575207382e-05
4.638710021972656250e+00,6.711166352033615112e-04,2.300971187651157379e-03,1.189119834452867508e-02,-1.985807269811630249e-01,1.163884007837623358e-04,-2.022590524575207382e-05
4.640710115432739258e+00,6.711166352033615112e-04,1.917476067319512367e-03,6.038035266101360321e-03,-3.687091469764709473e-01,1.232368085766211152e-04,-8.107598841888830066e-05
4.642710208892822266e+00,6.711166352033615112e-04,1.917476067319512367e-03,-3.262030705809593201e-02,3.342130780220031738e-01,1.059743226505815983e-04,7.057791226543486118e-04
4.644710302352905273e+00,5.273059359751641750e-04,3.451456781476736069e-03,-3.262030705809593201e-02,3.342130780220031738e-01,1.059743226505815983e-04,7.057791226543486118e-04
4.646710395812988281e+00,5.273059359751641750e-04,3.067961661145091057e-03,-3.462019190192222595e-02,3.852084279060363770e-02,-2.406566054560244083e-04,1.123500987887382507e-04
4.648710489273071289e+00,5.273059359751641750e-04,3.067961661145091057e-03,1.272438373416662216e-02,-9.199545532464981079e-02,-1.525895058875903487e-04,-1.025274323183111846e-04
4.650710582733154297e+00,7.190534961409866810e-04,2.684466540813446045e-03,1.272438373416662216e-02,-9.199545532464981079e-02,-1.525895058875903487e-04,-1.025274323183111846e-04
4.652710676193237305e+00,8.628641953691840172e-04,2.300971187651157379e-03,4.944498464465141296e-02,-3.300026655197143555e-01,1.384809729643166065e-04,-9.981246694223955274e-05
4.654710769653320312e+00,8.628641953691840172e-04,2.300971187651157379e-03,-7.156284060329198837e-03,1.598848551511764526e-01,2.490996557753533125e-04,2.424171980237588286e-04
4.656710863113403320e+00,6.231797160580754280e-04,3.451456781476736069e-03,-7.156284060329198837e-03,1.598848551511764526e-01,2.490996557753533125e-04,2.424171980237588286e-04
4.658710956573486328e+00,8.149273344315588474e-04,3.451456781476736069e-03,4.201063513755798340e-02,1.886160671710968018e-01,-2.088124892907217145e-05,-4.090716829523444176e-04
4.660711050033569336e+00,8.149273344315588474e-04,3.451456781476736069e-03,-4.224157892167568207e-03,1.577026396989822388e-01,4.927864210912957788e-05,-3.132988058496266603e-04
4.662711143493652344e+00,6.231797160580754280e-04,3.451456781476736069e-03,-4.224157892167568207e-03,1.577026396989822388e-01,4.927864210912957788e-05,-3.132988058496266603e-04
4.664711236953735352e+00,6.711166352033615112e-04,2.300971187651157379e-03,5.465969443321228027e-03,-3.210021555423736572e-01,-3.961073616665089503e-06,-3.773847129195928574e-04
4.666711330413818359e+00,6.711166352033615112e-04,2.300971187651157379e-03,3.548510745167732239e-02,1.109872236847877502e-01,-3.366892051417380571e-04,-4.795880522578954697e-04
4.668711423873901367e+00,8.149273344315588474e-04,3.451456781476736069e-03,3.548510745167732239e-02,1.109872236847877502e-01,-3.366892051417380571e-04,-4.795880522578954697e-04
4.670711517333984375e+00,7.669904152862727642e-04,2.684466540813446045e-03,2.001573331654071808e-02,-1.349718272686004639e-01,-1.136306491389404982e-05,1.813980052247643471e-04
4.672711610794067383e+00,7.669904152862727642e-04,2.684466540813446045e-03,-2.286886610090732574e-02,-4.459148943424224854e-01,1.639489782974123955e-04,-9.599557233741506934e-05
4.674711704254150391e+00,6.231797160580754280e-04,1.917476067319512367e-03,-2.286886610090732574e-02,-4.459148943424224854e-01,1.639489782974123955e-04,-9.599557233741506934e-05
4.676711797714233398e+00,7.669904152862727642e-04,2.684466540813446045e-03,5.542614962905645370e-03,-1.219292804598808289e-01,3.781053528655320406e-04,5.641921889036893845e-04
4.678711891174316406e+00,7.669904152862727642e-04,2.684466540813446045e-03,3.355488553643226624e-02,-8.374802768230438232e-02,-1.000683841994032264e-04,1.945554686244577169e-04
4.680711984634399414e+00,9.108011145144701004e-04,2.684466540813446045e-03,3.355488553643226624e-02,-8.374802768230438232e-02,-1.000683841994032264e-04,1.945554686244577169e-04
4.682712078094482422e+00,1.054611871950328350e-03,2.300971187651157379e-03,6.525239348411560059e-02,-2.081740647554397583e-01,4.087847773917019367e-04,-8.045152935665100813e-05
4.684712171554565430e+00,1.054611871950328350e-03,2.300971187651157379e-03,-6.430728733539581299e-02,2.517966032028198242e-01,3.589882398955523968e-04,-1.036268877214752138e-04
4.686712503433227539e+00,5.273059359751641750e-04,3.451456781476736069e-03,-6.430728733539581299e-02,2.517966032028198242e-01,3.589882398955523968e-04,-1.036268877214752138e-04
4.688712596893310547e+00,5.752427969127893448e-04,2.300971187651157379e-03,-5.181116238236427307e-02,-1.658256053924560547e-01,8.907855226425454021e-05,5.293692229315638542e-04
4.690712690353393555e+00,5.752427969127893448e-04,2.300971187651157379e-03,-4.598402976989746094e-02,2.881398797035217285e-01,-3.816112875938415527e-04,7.131248712539672852e-04
4.692712783813476562e+00,5.752427969127893448e-04,3.451456781476736069e-03,-4.598402976989746094e-02,2.881398797035217285e-01,-3.816112875938415527e-04,7.131248712539672852e-04
4.694712877273559570e+00,7.669904152862727642e-04,2.300971187651157379e-03,7.492471951991319656e-03,-2.636353373527526855e-01,7.729889475740492344e-04,1.266504550585523248e-04
4.696712970733642578e+00,7.669904152862727642e-04,2.300971187651157379e-03,-1.894884742796421051e-02,2.332659810781478882e-01,1.886481186375021935e-04,-1.456279424019157887e-04
4.698713064193725586e+00,6.231797160580754280e-04,3.451456781476736069e-03,-1.894884742796421051e-02,2.332659810781478882e-01,1.886481186375021935e-04,-1.456279424019157887e-04
4.700713157653808594e+00,6.231797160580754280e-04,3.451456781476736069e-03,-1.201303116977214813e-02,1.376252621412277222e-01,3.037175047211349010e-04,2.370641741435974836e-04
4.702713251113891602e+00,5.273059359751641750e-04,2.684466540813446045e-03,-2.692526765167713165e-02,-2.135995924472808838e-01,7.721951260464265943e-05,-8.834793698042631149e-05
4.704713344573974609e+00,5.273059359751641750e-04,2.684466540813446045e-03,-2.692526765167713165e-02,-2.135995924472808838e-01,7.721951260464265943e-05,-8.834793698042631149e-05
4.706713438034057617e+00,6.231797160580754280e-04,3.451456781476736069e-03,2.082000719383358955e-03,1.836717426776885986e-01,-3.077588335145264864e-04,2.496315573807805777e-05
4.708713531494140625e+00,6.231797160580754280e-04,2.684466540813446045e-03,-7.205381058156490326e-03,-1.681074500083923340e-01,-2.456212241668254137e-04,9.845873137237504125e-05
4.710713624954223633e+00,5.752427969127893448e-04,2.684466540813446045e-03,-7.205381058156490326e-03,-1.681074500083923340e-01,-2.456212241668254137e-04,9.845873137237504125e-05
4.712713718414306641e+00,5.273059359751641750e-04,3.067961661145091057e-03,-1.767334900796413422e-02,-6.775082647800445557e-02,3.450452641118317842e-04,9.096368739847093821e-05
4.714714050292968750e+00,6.231797160580754280e-04,3.067961661145091057e-03,2.120538381859660149e-03,8.287408202886581421e-02,-3.372371138539165258e-04,2.696431765798479319e-04
4.716714143753051758e+00,6.231797160580754280e-04,3.067961661145091057e-03,2.120538381859660149e-03,8.287408202886581421e-02,-3.372371138539165258e-04,2.696431765798479319e-04
4.718714237213134766e+00,6.231797160580754280e-04,2.300971187651157379e-03,-1.299144234508275986e-03,-2.966383695602416992e-01,3.052640240639448166e-04,-4.983746330253779888e-04
4.720714330673217773e+00,5.752427969127893448e-04,2.300971187651157379e-03,-1.503656152635812759e-02,-2.890532314777374268e-01,3.247099448344670236e-05,5.678540401277132332e-05
4.722714424133300781e+00,5.752427969127893448e-04,2.300971187651157379e-03,-1.503656152635812759e-02,-2.890532314777374268e-01,3.247099448344670236e-05,5.678540401277132332e-05
4.724714517593383789e+00,6.711166352033615112e-04,2.684466540813446045e-03,3.656095126643776894e-03,4.219655320048332214e-02,3.170617274008691311e-04,-4.159373638685792685e-04
4.726714611053466797e+00,6.711166352033615112e-04,2.684466540813446045e-03,-1.930799894034862518e-02,-1.488864421844482422e-01,2.955389791168272495e-04,3.252689202781766653e-04
4.728714704513549805e+00,5.752427969127893448e-04,2.300971187651157379e-03,-1.930799894034862518e-02,-1.488864421844482422e-01,2.955389791168272495e-04,3.252689202781766653e-04
4.730714797973632812e+00,6.711166352033615112e-04,2.684466540813446045e-03,8.751790970563888550e-03,-1.318812817335128784e-01,-2.516250533517450094e-04,-1.310272273258306086e-05
4.732714891433715820e+00,5.273059359751641750e-04,3.451456781476736069e-03,-2.191609889268875122e-02,2.940864562988281250e-01,1.428208925062790513e-04,-1.011355780065059662e-04
4.734714984893798828e+00,5.273059359751641750e-04,3.451456781476736069e-03,-2.191609889268875122e-02,2.940864562988281250e-01,1.428208925062790513e-04,-1.011355780065059662e-04
4.736715078353881836e+00,4.793690168298780918e-04,3.067961661145091057e-03,-2.738664671778678894e-02,7.843177765607833862e-02,-2.163380850106477737e-04,8.923746645450592041e-05
4.738715171813964844e+00,7.190534961409866810e-04,2.684466540813446045e-03,3.694953024387359619e-02,-6.260948628187179565e-02,1.775215496309101582e-04,-8.804484969004988670e-05
4.740715265274047852e+00,7.190534961409866810e-04,2.684466540813446045e-03,3.694953024387359619e-02,-6.260948628187179565e-02,1.775215496309101582e-04,-8.804484969004988670e-05
4.742715358734130859e+00,4.793690168298780918e-04,3.834952134639024734e-03,-1.445021200925111771e-02,3.030640482902526855e-01,-4.245316958986222744e-04,-3.202305524609982967e-04
4.744715452194213867e+00,4.793690168298780918e-04,3.834952134639024734e-03,-4.221983253955841064e-02,2.164639830589294434e-01,3.018788120243698359e-04,2.868385345209389925e-04
4.746715545654296875e+00,3.355583176016807556e-04,3.451456781476736069e-03,-4.221983253955841064e-02,2.164639830589294434e-01,3.018788120243698359e-04,2.868385345209389925e-04
4.748715639114379883e+00,2.876213984563946724e-04,3.067961661145091057e-03,-5.072806403040885925e-02,2.891830354928970337e-02,-1.724929461488500237e-04,-1.049916900228708982e-04
4.750715732574462891e+00,2.876213984563946724e-04,2.684466540813446045e-03,2.003328129649162292e-02,-1.167189851403236389e-01,1.169445240520872176e-04,3.436546830926090479e-04
4.752715826034545898e+00,5.752427969127893448e-04,2.684466540813446045e-03,2.003328129649162292e-02,-1.167189851403236389e-01,1.169445240520872176e-04,3.436546830926090479e-04
4.754715919494628906e+00,4.793690168298780918e-04,3.834952134639024734e-03,-3.962588380090892315e-04,3.653764724731445312e-01,-1.425862865289673209e-04,1.149749277828959748e-05
4.756716012954711914e+00,4.793690168298780918e-04,3.834952134639024734e-03,-3.962588380090892315e-04,3.653764724731445312e-01,-1.425862865289673209e-04,1.149749277828959748e-05
4.758716106414794922e+00,3.834952076431363821e-04,3.451456781476736069e-03,-2.346061356365680695e-02,2.670896053314208984e-01,2.015768259298056364e-04,2.198263973696157336e-04
4.760716199874877930e+00,6.711166352033615112e-04,3.451456781476736069e-03,4.846357181668281555e-02,1.325924098491668701e-01,2.600822699605487287e-05,-2.758377522695809603e-04
4.762716293334960938e+00,6.711166352033615112e-04,3.451456781476736069e-03,-5.472814291715621948e-02,-2.254902273416519165e-01,4.764015466207638383e-05,1.674355007708072662e-05
4.764716386795043945e+00,2.396845084149390459e-04,2.684466540813446045e-03,-5.472814291715621948e-02,-2.254902273416519165e-01,4.764015466207638383e-05,1.674355007708072662e-05
4.766716480255126953e+00,2.876213984563946724e-04,3.834952134639024734e-03,-4.581952840089797974e-02,3.203411400318145752e-01,1.574108755448833108e-04,-1.742072927299886942e-04
4.768716573715209961e+00,2.876213984563946724e-04,3.834952134639024734e-03,-1.342729292809963226e-02,-6.471521854400634766e-01,1.536908821435645223e-04,-6.393175572156906128e-04
4.770716667175292969e+00,4.314320976845920086e-04,1.533980830572545528e-03,-1.342729292809963226e-02,-6.471521854400634766e-01,1.536908821435645223e-04,-6.393175572156906128e-04
4.772716760635375977e+00,4.793690168298780918e-04,2.300971187651157379e-03,-4.346068017184734344e-03,-2.989426553249359131e-01,1.649997284403070807e-04,9.205420064972713590e-05
4.774716854095458984e+00,4.793690168298780918e-04,2.300971187651157379e-03,-6.020249333232641220e-03,-5.987614393234252930e-02,1.312583481194451451e-04,-6.394251977326348424e-05
4.776716947555541992e+00,4.793690168298780918e-04,2.684466540813446045e-03,-6.020249333232641220e-03,-5.987614393234252930e-02,1.312583481194451451e-04,-6.394251977326348424e-05
4.778717279434204102e+00,5.752427969127893448e-04,3.451456781476736069e-03,1.557172928005456924e-02,3.252537846565246582e-01,-1.040029019350185990e-04,1.587791484780609608e-04
4.780717372894287109e+00,5.752427969127893448e-04,3.067961661145091057e-03,1.580352149903774261e-02,8.855818957090377808e-02,-8.712788985576480627e-05,3.181869687978178263e-04
4.782717466354370117e+00,5.752427969127893448e-04,3.067961661145091057e-03,1.580352149903774261e-02,8.855818957090377808e-02,-8.712788985576480627e-05,3.181869687978178263e-04
4.784717798233032227e+00,5.752427969127893448e-04,2.684466540813446045e-03,1.844792813062667847e-02,-4.923461377620697021e-02,1.647588651394471526e-04,-1.365138741675764322e-04
4.786717891693115234e+00,5.752427969127893448e-04,2.684466540813446045e-03,7.285362575203180313e-03,1.975430101156234741e-01,-1.898491755127906799e-04,2.144226309610530734e-04
4.788717985153198242e+00,5.273059359751641750e-04,3.451456781476736069e-03,7.285362575203180313e-03,1.975430101156234741e-01,-1.898491755127906799e-04,2.144226309610530734e-04
4.790718078613281250e+00,5.273059359751641750e-04,2.684466540813446045e-03,9.496888145804405212e-03,-3.453241288661956787e-02,-1.067201956175267696e-04,-1.047254336299374700e-04
4.792718172073364258e+00,5.273059359751641750e-04,2.684466540813446045e-03,-1.227489206939935684e-03,2.935144305229187012e-02,7.020047632977366447e-05,1.973084863493568264e-06
4.794718265533447266e+00,4.793690168298780918e-04,3.067961661145091057e-03,-1.227489206939935684e-03,2.935144305229187012e-02,7.020047632977366447e-05,1.973084863493568264e-06
4.796718597412109375e+00,5.273059359751641750e-04,3.067961661145091057e-03,1.105845812708139420e-02,1.897810772061347961e-02,-3.493189869914203882e-04,4.978734650649130344e-04
4.798718690872192383e+00,5.273059359751641750e-04,3.067961661145091057e-03,-1.273645274341106415e-02,3.061985038220882416e-02,-2.331457071704789996e-04,-1.577632428961805999e-05
4.800718784332275391e+00,4.314320976845920086e-04,3.067961661145091057e-03,-1.273645274341106415e-02,3.061985038220882416e-02,-2.331457071704789996e-04,-1.577632428961805999e-05
4.802718877792358398e+00,3.355583176016807556e-04,3.834952134639024734e-03,-3.753958642482757568e-02,3.148763477802276611e-01,2.247357770102098584e-05,1.892788714030757546e-05
4.804718971252441406e+00,3.834952076431363821e-04,2.684466540813446045e-03,-2.845925092697143555e-02,-1.156308203935623169e-01,-1.416858594893710688e-05,-3.322887059766799212e-04
4.806719064712524414e+00,3.834952076431363821e-04,2.684466540813446045e-03,-2.845925092697143555e-02,-1.156308203935623169e-01,-1.416858594893710688e-05,-3.322887059766799212e-04
4.808719158172607422e+00,7.190534961409866810e-04,3.834952134639024734e-03,4.772316664457321167e-02,4.636120498180389404e-01,-2.019865642068907619e-04,5.069869221188127995e-04
4.810719251632690430e+00,7.190534961409866810e-04,3.834952134639024734e-03,7.512967567890882492e-03,3.936643302440643311e-01,3.160413180012255907e-04,3.253636532463133335e-04
4.812719345092773438e+00,5.752427969127893448e-04,3.834952134639024734e-03,7.512967567890882492e-03,3.936643302440643311e-01,3.160413180012255907e-04,3.253636532463133335e-04
4.814719438552856445e+00,6.711166352033615112e-04,2.684466540813446045e-03,2.434320002794265747e-02,-6.528785824775695801e-02,2.302017674082890153e-04,-2.785188553389161825e-04
4.816719532012939453e+00,6.711166352033615112e-04,2.684466540813446045e-03,5.189491901546716690e-03,3.546643629670143127e-02,-2.484166761860251427e-04,8.765135862631723285e-05
4.818719625473022461e+00,6.231797160580754280e-04,2.684466540813446045e-03,5.189491901546716690e-03,3.546643629670143127e-02,-2.484166761860251427e-04,8.765135862631723285e-05
4.820719718933105469e+00,9.587380336597561836e-04,3.451456781476736069e-03,8.402226865291595459e-02,3.716762363910675049e-01,-2.399491058895364404e-04,7.814000855432823300e-05
4.822719812393188477e+00,9.587380336597561836e-04,3.451456781476736069e-03,-1.446922868490219116e-02,-1.391801536083221436e-01,2.569368807598948479e-04,-3.013883542735129595e-05
4.824719905853271484e+00,5.752427969127893448e-04,2.300971187651157379e-03,-1.446922868490219116e-02,-1.391801536083221436e-01,2.569368807598948479e-04,-3.013883542735129595e-05
4.826719999313354492e+00,6.711166352033615112e-04,2.300971187651157379e-03,6.314752623438835144e-03,-2.555378973484039307e-01,-2.771612489596009254e-04,-3.908829821739345789e-04
4.828720092773437500e+00,6.711166352033615112e-04,2.300971187651157379e-03,6.451334338635206223e-03,-1.233173608779907227e-01,-1.865117956185713410e-04,-8.842690149322152138e-04
4.830720186233520508e+00,6.711166352033615112e-04,2.684466540813446045e-03,6.451334338635206223e-03,-1.233173608779907227e-01,-1.865117956185713410e-04,-8.842690149322152138e-04
4.832720279693603516e+00,6.711166352033615112e-04,2.684466540813446045e-03,6.586528848856687546e-03,-1.147842630743980408e-01,-1.576438080519437790e-04,-4.717655829153954983e-04
4.834720373153686523e+00,6.711166352033615112e-04,2.684466540813446045e-03,-1.569817587733268738e-02,4.146269261837005615e-01,1.754979457473382354e-04,-4.442447607289068401e-05
4.836720466613769531e+00,5.752427969127893448e-04,3.834952134639024734e-03,-1.569817587733268738e-02,4.146269261837005615e-01,1.754979457473382354e-04,-4.442447607289068401e-05
4.838720798492431641e+00,5.752427969127893448e-04,2.300971187651157379e-03,-1.617002859711647034e-02,-3.152957260608673096e-01,2.624032495077699423e-04,6.352474156301468611e-05
4.840720891952514648e+00,5.752427969127893448e-04,2.300971187651157379e-03,4.075259342789649963e-02,-3.245812654495239258e-01,6.215568282641470432e-05,7.227121386677026749e-05
4.842720985412597656e+00,8.149273344315588474e-04,2.300971187651157379e-03,4.075259342789649963e-02,-3.245812654495239258e-01,6.215568282641470432e-05,7.227121386677026749e-05
4.844721078872680664e+00,6.711166352033615112e-04,2.684466540813446045e-03,1.668890938162803650e-03,-1.621667295694351196e-01,2.464901481289416552e-04,-1.375075808027759194e-04
4.846721172332763672e+00,6.711166352033615112e-04,2.684466540813446045e-03,-3.782465308904647827e-02,-2.928756773471832275e-01,-1.045367898768745363e-04,-3.903503602487035096e-05
4.848721265792846680e+00,5.273059359751641750e-04,2.300971187651157379e-03,-3.782465308904647827e-02,-2.928756773471832275e-01,-1.045367898768745363e-04,-3.903503602487035096e-05
4.850721359252929688e+00,2.396845084149390459e-04,2.300971187651157379e-03,-1.113410890102386475e-01,-2.262088507413864136e-01,2.118670236086472869e-04,-1.987424766412004828e-04
4.852721452713012695e+00,2.396845084149390459e-04,2.300971187651157379e-03,1.376284565776586533e-02,1.628545373678207397e-01,-2.907429588958621025e-04,2.716105082072317600e-04
4.854721546173095703e+00,7.669904152862727642e-04,3.067961661145091057e-03,1.376284565776586533e-02,1.628545373678207397e-01,-2.907429588958621025e-04,2.716105082072317600e-04
4.856721639633178711e+00,6.711166352033615112e-04,3.067961661145091057e-03,-1.137669850140810013e-02,1.987000107765197754e-01,-2.594312536530196667e-04,-3.694850602187216282e-04
4.858721733093261719e+00,6.711166352033615112e-04,3.067961661145091057e-03,2.227759361267089844e-02,-1.042482852935791016e-01,-3.662282833829522133e-04,-1.375955907860770822e-04
4.860721826553344727e+00,8.149273344315588474e-04,2.684466540813446045e-03,2.227759361267089844e-02,-1.042482852935791016e-01,-3.662282833829522133e-04,-1.375955907860770822e-04
4.862721920013427734e+00,8.149273344315588474e-04,3.451456781476736069e-03,2.416687645018100739e-02,2.374688088893890381e-01,1.498834899393841624e-04,8.839926886139437556e-05
4.864722013473510742e+00,8.149273344315588474e-04,3.451456781476736069e-03,-1.794704049825668335e-02,9.037727117538452148e-02,-1.980777742573991418e-04,1.170251289295265451e-05
4.866722106933593750e+00,6.231797160580754280e-04,3.451456781476736069e-03,-1.794704049825668335e-02,9.037727117538452148e-02,-1.980777742573991418e-04,1.170251289295265451e-05
4.868722200393676758e+00,5.752427969127893448e-04,2.684466540813446045e-03,-2.563120611011981964e-02,-2.786726653575897217e-01,-2.824261318892240524e-04,5.390054138842970133e-05
4.870722293853759766e+00,9.108011145144701004e-04,3.834952134639024734e-03,5.986626818776130676e-02,3.981378078460693359e-01,-1.166601650766097009e-04,-2.866080903913825750e-04
4.872722387313842773e+00,9.108011145144701004e-04,3.834952134639024734e-03,5.986626818776130676e-02,3.981378078460693359e-01,-1.166601650766097009e-04,-2.866080903913825750e-04
4.874722480773925781e+00,4.793690168298780918e-04,4.218447487801313400e-03,-4.475633054971694946e-02,5.607399344444274902e-01,-9.627249528421089053e-05,-5.712030106224119663e-04
4.876722574234008789e+00,7.190534961409866810e-04,4.601942375302314758e-03,1.506210397928953171e-02,7.410934567451477051e-01,-3.384372394066303968e-04,-2.445089339744299650e-04
4.878722906112670898e+00,7.190534961409866810e-04,4.601942375302314758e-03,1.506210397928953171e-02,7.410934567451477051e-01,-3.384372394066303968e-04,-2.445089339744299650e-04
4.880722999572753906e+00,6.231797160580754280e-04,3.834952134639024734e-03,-8.798045106232166290e-03,3.286410272121429443e-01,4.981406964361667633e-04,4.616340738721191883e-04
4.882723093032836914e+00,6.231797160580754280e-04,3.834952134639024734e-03,1.313923671841621399e-02,-5.249882340431213379e-01,6.473535322584211826e-04,4.710313805844634771e-04
4.884723186492919922e+00,7.190534961409866810e-04,1.917476067319512367e-03,1.313923671841621399e-02,-5.249882340431213379e-01,6.473535322584211826e-04,4.710313805844634771e-04
4.886723279953002930e+00,8.149273344315588474e-04,2.684466540813446045e-03,3.602679073810577393e-02,-1.710020452737808228e-01,-2.853705373127013445e-04,5.266090738587081432e-05
4.888723373413085938e+00,8.149273344315588474e-04,2.684466540813446045e-03,-9.792366996407508850e-03,-2.822118401527404785e-01,3.830112982541322708e-04,1.301051524933427572e-04
4.890723466873168945e+00,6.231797160580754280e-04,2.300971187651157379e-03,-9.792366996407508850e-03,-2.822118401527404785e-01,3.830112982541322708e-04,1.301051524933427572e-04
4.892723560333251953e+00,7.669904152862727642e-04,1.917476067319512367e-03,2.560986392199993134e-02,-4.141209721565246582e-01,-2.379072248004376888e-04,3.713988116942346096e-04
4.894723892211914062e+00,7.190534961409866810e-04,3.834952134639024734e-03,1.476251799613237381e-02,4.725605547428131104e-01,2.747552643995732069e-04,-3.674582985695451498e-04
4.896723985671997070e+00,7.190534961409866810e-04,3.834952134639024734e-03,1.476251799613237381e-02,4.725605547428131104e-01,2.747552643995732069e-04,-3.674582985695451498e-04
4.898724079132080078e+00,6.711166352033615112e-04,2.300971187651157379e-03,5.581679288297891617e-03,-2.182367146015167236e-01,-2.575667167548090219e-04,-7.192623161245137453e-05
4.900724172592163086e+00,6.711166352033615112e-04,2.300971187651157379e-03,-4.282447509467601776e-03,7.615246623754501343e-02,-6.695253250654786825e-05,4.542361712083220482e-04
4.902724266052246094e+00,6.231797160580754280e-04,3.067961661145091057e-03,-4.282447509467601776e-03,7.615246623754501343e-02,-6.695253250654786825e-05,4.542361712083220482e-04
4.904724359512329102e+00,6.711166352033615112e-04,1.917476067319512367e-03,9.615298360586166382e-03,-4.731985926628112793e-01,-4.575652128551155329e-04,6.936994032002985477e-05
4.906724691390991211e+00,6.231797160580754280e-04,2.684466540813446045e-03,1.735000521875917912e-03,-5.205574259161949158e-02,4.466001118998974562e-04,4.478945629671216011e-04
4.908724784851074219e+00,6.231797160580754280e-04,2.684466540813446045e-03,1.735000521875917912e-03,-5.205574259161949158e-02,4.466001118998974562e-04,4.478945629671216011e-04
4.910724878311157227e+00,5.273059359751641750e-04,4.601942375302314758e-03,-1.880327053368091583e-02,7.467931509017944336e-01,-2.818148932419717312e-04,1.583419361850246787e-04
4.912724971771240234e+00,5.273059359751641750e-04,2.684466540813446045e-03,-1.594970002770423889e-02,-6.941486150026321411e-02,-2.306541136931627989e-04,2.182810567319393158e-04
4.914725065231323242e+00,5.273059359751641750e-04,2.684466540813446045e-03,-1.594970002770423889e-02,-6.941486150026321411e-02,-2.306541136931627989e-04,2.182810567319393158e-04
4.916725158691406250e+00,6.711166352033615112e-04,2.684466540813446045e-03,1.897479966282844543e-02,-8.919037133455276489e-02,3.718680527526885271e-04,1.956583291757851839e-04
4.918725252151489258e+00,6.711166352033615112e-04,2.684466540813446045e-03,6.256234832108020782e-03,-7.084251195192337036e-02,-4.492244988796301186e-05,3.569011751096695662e-04
4.920725345611572266e+00,6.231797160580754280e-04,2.684466540813446045e-03,6.256234832108020782e-03,-7.084251195192337036e-02,-4.492244988796301186e-05,3.569011751096695662e-04
4.922725439071655273e+00,7.190534961409866810e-04,2.684466540813446045e-03,2.853654883801937103e-02,-3.824177384376525879e-02,2.698724565561860800e-04,1.271503278985619545e-04
4.924725532531738281e+00,7.190534961409866810e-04,2.684466540813446045e-03,2.766686677932739258e-02,-5.039668828248977661e-02,3.398520639166235924e-04,1.294329267693683505e-04
4.926725625991821289e+00,7.190534961409866810e-04,2.684466540813446045e-03,2.766686677932739258e-02,-5.039668828248977661e-02,3.398520639166235924e-04,1.294329267693683505e-04
4.928725719451904297e+00,6.231797160580754280e-04,2.300971187651157379e-03,4.168915562331676483e-03,-1.429384350776672363e-01,-3.166739406879059970e-05,-2.867643779609352350e-04
4.930725812911987305e+00,6.231797160580754280e-04,2.300971187651157379e-03,5.836949218064546585e-03,1.580682545900344849e-01,-5.869035376235842705e-04,-5.862017860636115074e-04
4.932726144790649414e+00,6.231797160580754280e-04,3.067961661145091057e-03,5.836949218064546585e-03,1.580682545900344849e-01,-5.869035376235842705e-04,-5.862017860636115074e-04
4.934726238250732422e+00,5.273059359751641750e-04,1.917476067319512367e-03,-1.378979999572038651e-02,-4.705132842063903809e-01,2.223687915829941630e-04,1.713925594231113791e-04
4.936726331710815430e+00,4.793690168298780918e-04,2.684466540813446045e-03,-2.132948301732540131e-02,5.157726258039474487e-02,1.412483979947865009e-04,-8.117387187667191029e-05
4.938726425170898438e+00,4.793690168298780918e-04,2.684466540813446045e-03,-2.132948301732540131e-02,5.157726258039474487e-02,1.412483979947865009e-04,-8.117387187667191029e-05
4.940726518630981445e+00,4.314320976845920086e-04,3.451456781476736069e-03,-2.922233939170837402e-02,3.511535823345184326e-01,-5.621482268907129765e-04,-4.627457237802445889e-04
4.942726612091064453e+00,7.190534961409866810e-04,3.451456781476736069e-03,4.596864059567451477e-02,3.217776119709014893e-01,4.500554496189579368e-05,1.971256569959223270e-04
4.944726705551147461e+00,7.190534961409866810e-04,3.451456781476736069e-03,4.596864059567451477e-02,3.217776119709014893e-01,4.500554496189579368e-05,1.971256569959223270e-04
4.946726799011230469e+00,3.355583176016807556e-04,3.451456781476736069e-03,-4.367236793041229248e-02,3.470743596553802490e-01,-2.051536284852772951e-04,-5.378266359912231565e-05
4.948726892471313477e+00,3.355583176016807556e-04,3.067961661145091057e-03,-2.834079414606094360e-02,3.556696698069572449e-02,3.025746809726115316e-05,-4.389380774227902293e-05
4.950726985931396484e+00,3.834952076431363821e-04,3.067961661145091057e-03,-2.834079414606094360e-02,3.556696698069572449e-02,3.025746809726115316e-05,-4.389380774227902293e-05
4.952727079391479492e+00,3.834952076431363821e-04,2.300971187651157379e-03,-2.294697798788547516e-02,-3.356369733810424805e-01,-1.545775303384289145e-04,-3.381751594133675098e-04
4.954727172851562500e+00,4.793690168298780918e-04,3.067961661145091057e-03,1.185702742077410221e-03,2.795096486806869507e-02,3.838992270175367594e-04,-4.536209744401276112e-04
4.956727266311645508e+00,4.793690168298780918e-04,3.067961661145091057e-03,1.185702742077410221e-03,2.795096486806869507e-02,3.838992270175367594e-04,-4.536209744401276112e-04
4.958727359771728516e+00,4.314320976845920086e-04,2.684466540813446045e-03,-9.973603300750255585e-03,2.098656696034595370e-04,-4.444768637767992914e-05,2.576756523922085762e-04
4.960727453231811523e+00,4.793690168298780918e-04,3.067961661145091057e-03,-9.762107511050999165e-04,8.699022233486175537e-02,-2.321439678780734539e-04,-4.926823312416672707e-04
4.962727546691894531e+00,4.793690168298780918e-04,3.067961661145091057e-03,-9.762107511050999165e-04,8.699022233486175537e-02,-2.321439678780734539e-04,-4.926823312416672707e-04
4.964727640151977539e+00,4.793690168298780918e-04,2.684466540813446045e-03,-4.395995289087295532e-03,2.723733521997928619e-02,-2.994215756189078093e-04,2.350500290049239993e-04
4.966727733612060547e+00,4.793690168298780918e-04,3.451456781476736069e-03,-7.426599506288766861e-03,3.187224864959716797e-01,3.311253967694938183e-04,-2.070685295620933175e-04
4.968727827072143555e+00,4.793690168298780918e-04,3.451456781476736069e-03,-7.426599506288766861e-03,3.187224864959716797e-01,3.311253967694938183e-04,-2.070685295620933175e-04
4.970727920532226562e+00,7.190534961409866810e-04,2.300971187651157379e-03,4.582696780562400818e-02,-2.391515523195266724e-01,2.204945776611566544e-04,2.821263624355196953e-04
4.972728252410888672e+00,4.793690168298780918e-04,2.300971187651157379e-03,-1.569221727550029755e-02,-2.233025580644607544e-01,-3.104388888459652662e-04,1.073339008144102991e-04
4.974728345870971680e+00,4.793690168298780918e-04,2.300971187651157379e-03,-1.569221727550029755e-02,-2.233025580644607544e-01,-3.104388888459652662e-04,1.073339008144102991e-04
4.976728439331054688e+00,6.231797160580754280e-04,3.834952134639024734e-03,1.522537413984537125e-02,5.479347705841064453e-01,-2.239590539829805493e-04,3.035446388821583241e-05
4.979099750518798828e+00,5.273059359751641750e-04,2.300971187651157379e-03,-8.299471810460090637e-03,-1.537972390651702881e-01,1.050176142598502338e-04,-3.409074561204761267e-04
4.981099843978881836e+00,5.273059359751641750e-04,2.300971187651157379e-03,-8.299471810460090637e-03,-1.537972390651702881e-01,1.050176142598502338e-04,-3.409074561204761267e-04
4.983099937438964844e+00,5.752427969127893448e-04,2.300971187651157379e-03,4.174996167421340942e-03,-1.672731935977935791e-01,-2.540565328672528267e-04,9.577415039530023932e-05
4.985100030899047852e+00,6.711166352033615112e-04,3.834952134639024734e-03,3.107332065701484680e-02,5.154334902763366699e-01,8.473232446704059839e-05,2.472986525390297174e-04
4.987100124359130859e+00,6.711166352033615112e-04,3.834952134639024734e-03,3.107332065701484680e-02,5.154334902763366699e-01,8.473232446704059839e-05,2.472986525390297174e-04
4.989100217819213867e+00,5.752427969127893448e-04,2.300971187651157379e-03,1.028191857039928436e-02,-2.583611011505126953e-01,7.554596231784671545e-05,-2.386430278420448303e-04
4.991100311279296875e+00,4.314320976845920086e-04,3.834952134639024734e-03,-2.332561090588569641e-02,4.948295950889587402e-01,1.044259770424105227e-04,2.982202749990392476e-05
4.993100643157958984e+00,4.314320976845920086e-04,3.834952134639024734e-03,-2.332561090588569641e-02,4.948295950889587402e-01,1.044259770424105227e-04,2.982202749990392476e-05
4.995100736618041992e+00,4.793690168298780918e-04,3.067961661145091057e-03,-1.107251830399036407e-02,4.325297474861145020e-02,6.132263224571943283e-04,-2.615984121803194284e-04
4.997100830078125000e+00,6.711166352033615112e-04,3.067961661145091057e-03,3.721218183636665344e-02,-4.675192758440971375e-02,5.825627886224538088e-05,2.785105607472360134e-04
4.999101161956787109e+00,6.711166352033615112e-04,3.067961661145091057e-03,2.871211618185043335e-03,2.612853646278381348e-01,-9.017917182063683867e-05,1.071002334356307983e-04
5.001101255416870117e+00,5.273059359751641750e-04,3.451456781476736069e-03,2.871211618185043335e-03,2.612853646278381348e-01,-9.017917182063683867e-05,1.071002334356307983e-04
5.003101348876953125e+00,6.231797160580754280e-04,3.451456781476736069e-03,2.152611874043941498e-02,1.935209333896636963e-01,3.627618716564029455e-04,4.875769445789046586e-05
5.005101680755615234e+00,6.231797160580754280e-04,3.451456781476736069e-03,2.152611874043941498e-02,1.935209333896636963e-01,3.627618716564029455e-04,4.875769445789046586e-05
5.007101774215698242e+00,6.231797160580754280e-04,2.300971187651157379e-03,1.743381656706333160e-02,-2.928988039493560791e-01,-1.753095421008765697e-04,-2.438127194182015955e-05
5.009101867675781250e+00,5.273059359751641750e-04,3.067961661145091057e-03,-9.112148545682430267e-03,5.585330724716186523e-02,4.549897857941687107e-05,1.873386208899319172e-04
5.011101961135864258e+00,5.273059359751641750e-04,3.067961661145091057e-03,-9.112148545682430267e-03,5.585330724716186523e-02,4.549897857941687107e-05,1.873386208899319172e-04
5.013102054595947266e+00,8.149273344315588474e-04,2.300971187651157379e-03,5.519152805209159851e-02,-2.225158512592315674e-01,2.497032110113650560e-04,2.617956488393247128e-04
5.015102148056030273e+00,6.231797160580754280e-04,2.684466540813446045e-03,3.266201587393879890e-03,-1.040075346827507019e-01,-4.005802329629659653e-04,-2.373222232563421130e-04
5.017102241516113281e+00,6.231797160580754280e-04,2.684466540813446045e-03,3.266201587393879890e-03,-1.040075346827507019e-01,-4.005802329629659653e-04,-2.373222232563421130e-04
5.019102334976196289e+00,6.711166352033615112e-04,3.067961661145091057e-03,7.697561290115118027e-03,1.760798320174217224e-02,1.335582928732037544e-04,5.752570577897131443e-04
5.021102428436279297e+00,8.149273344315588474e-04,2.684466540813446045e-03,3.454743325710296631e-02,-1.722115725278854370e-01,3.204461609129793942e-05,6.369406473822891712e-04
5.023102521896362305e+00,8.149273344315588474e-04,2.684466540813446045e-03,3.877009963616728783e-03,-1.115274578332901001e-01,-8.316979074152186513e-05,4.791580140590667725e-04
5.025102615356445312e+00,7.190534961409866810e-04,2.684466540813446045e-03,3.877009963616728783e-03,-1.115274578332901001e-01,-8.316979074152186513e-05,4.791580140590667725e-04
5.027102708816528320e+00,8.149273344315588474e-04,3.067961661145091057e-03,2.106153033673763275e-02,1.518363058567047119e-01,-4.634292054106481373e-05,3.972923732362687588e-04
5.029103040695190430e+00,8.149273344315588474e-04,3.067961661145091057e-03,2.106153033673763275e-02,1.518363058567047119e-01,5.115190870128571987e-04,1.558531366754323244e-04
5.031103134155273438e+00,8.628641953691840172e-04,2.684466540813446045e-03,2.728182636201381683e-02,-7.513143122196197510e-02,5.115190870128571987e-04,1.558531366754323244e-04
5.033115148544311523e+00,6.231797160580754280e-04,2.300971187651157379e-03,-3.235941380262374878e-02,-2.873959541320800781e-01,-1.801633770810440183e-04,2.162875753128901124e-04
5.035115242004394531e+00,6.231797160580754280e-04,2.300971187651157379e-03,-3.235941380262374878e-02,-2.873959541320800781e-01,-7.936254405649378896e-05,2.934076183009892702e-04
5.037115573883056641e+00,8.149273344315588474e-04,2.300971187651157379e-03,1.563238538801670074e-02,-2.234223783016204834e-01,-7.936254405649378896e-05,2.934076183009892702e-04
5.039115667343139648e+00,7.669904152862727642e-04,3.451456781476736069e-03,1.048613712191581726e-02,2.979127466678619385e-01,2.527433971408754587e-04,-1.855835726018995047e-04
5.041115760803222656e+00,7.669904152862727642e-04,3.451456781476736069e-03,1.048613712191581726e-02,2.979127466678619385e-01,2.527433971408754587e-04,-1.855835726018995047e-04
5.043115854263305664e+00,6.711166352033615112e-04,2.684466540813446045e-03,-7.853976450860500336e-03,-1.937626004219055176e-01,-3.176799509674310684e-04,4.579112282954156399e-04
5.045115947723388672e+00,6.231797160580754280e-04,3.834952134639024734e-03,-1.310194656252861023e-02,3.197196125984191895e-01,1.571378379594534636e-04,-1.504723186371847987e-04
5.047116041183471680e+00,6.231797160580754280e-04,3.834952134639024734e-03,-1.310194656252861023e-02,3.197196125984191895e-01,1.571378379594534636e-04,-1.504723186371847987e-04
5.049116134643554688e+00,7.190534961409866810e-04,2.684466540813446045e-03,1.360294036567211151e-02,-2.527578771114349365e-01,-1.488389680162072182e-04,-1.133080513682216406e-05
5.051116228103637695e+00,6.711166352033615112e-04,3.451456781476736069e-03,3.811240894719958305e-03,1.094350069761276245e-01,-8.279625035356730223e-06,-2.106879255734384060e-04
5.053116321563720703e+00,6.711166352033615112e-04,3.451456781476736069e-03,2.432245574891567230e-02,-2.025108784437179565e-01,1.460426483390619978e-05,-6.131854752311483026e-05
5.055116653442382812e+00,7.669904152862727642e-04,2.684466540813446045e-03,2.432245574891567230e-02,-2.025108784437179565e-01,1.460426483390619978e-05,-6.131854752311483026e-05
5.057116985321044922e+00,6.711166352033615112e-04,2.684466540813446045e-03,-5.417892709374427795e-03,-2.234731018543243408e-01,3.474864643067121506e-04,8.054127101786434650e-05
5.059117078781127930e+00,6.711166352033615112e-04,2.684466540813446045e-03,-5.417892709374427795e-03,-2.234731018543243408e-01,3.474864643067121506e-04,8.054127101786434650e-05
5.061117172241210938e+00,8.149273344315588474e-04,3.451456781476736069e-03,2.146057598292827606e-02,2.420215457677841187e-01,7.442684727720916271e-05,1.508246932644397020e-04
5.063117265701293945e+00,6.711166352033615112e-04,3.067961661145091057e-03,-2.012491598725318909e-02,1.275595128536224365e-01,4.783294862136244774e-04,7.225521258078515530e-04
5.065117359161376953e+00,6.711166352033615112e-04,3.067961661145091057e-03,-2.012491598725318909e-02,1.275595128536224365e-01,4.783294862136244774e-04,7.225521258078515530e-04
5.067117452621459961e+00,7.669904152862727642e-04,3.067961661145091057e-03,-3.898076480254530907e-03,1.549356281757354736e-01,-2.345446118852123618e-04,3.385728050488978624e-04
5.069117546081542969e+00,7.190534961409866810e-04,2.300971187651157379e-03,-1.967187225818634033e-02,-2.329332381486892700e-01,3.743844572454690933e-04,-1.841438934206962585e-04
5.071117639541625977e+00,7.190534961409866810e-04,2.300971187651157379e-03,-1.967187225818634033e-02,-2.329332381486892700e-01,3.743844572454690933e-04,-1.841438934206962585e-04
5.073117733001708984e+00,8.149273344315588474e-04,3.451456781476736069e-03,8.371897274628281593e-04,3.096155822277069092e-01,2.534048981033265591e-04,-2.616256242617964745e-04
5.075117826461791992e+00,7.190534961409866810e-04,3.451456781476736069e-03,-1.731277815997600555e-02,3.331481218338012695e-01,8.708520908840000629e-05,-2.165816549677401781e-04
5.077118158340454102e+00,7.190534961409866810e-04,3.451456781476736069e-03,-1.731277815997600555e-02,3.331481218338012695e-01,8.614237594883888960e-05,-1.747399073792621493e-05
5.079118251800537109e+00,4.793690168298780918e-04,2.300971187651157379e-03,-6.716304272413253784e-02,-2.732580602169036865e-01,8.614237594883888960e-05,-1.747399073792621493e-05
5.081118345260620117e+00,7.190534961409866810e-04,2.684466540813446045e-03,2.596559002995491028e-03,-1.508936285972595215e-01,4.550589073915034533e-04,1.124317423091270030e-04
5.083118438720703125e+00,7.190534961409866810e-04,2.684466540813446045e-03,2.596559002995491028e-03,-1.508936285972595215e-01,-1.823556667659431696e-04,-3.531580150593072176e-04
5.085118532180786133e+00,6.711166352033615112e-04,4.218447487801313400e-03,2.938481280580163002e-03,5.164790749549865723e-01,-1.823556667659431696e-04,-3.531580150593072176e-04
5.087118625640869141e+00,5.752427969127893448e-04,2.300971187651157379e-03,-1.072790566831827164e-02,-3.985646367073059082e-01,-2.305904054082930088e-04,7.615206413902342319e-05
5.089118719100952148e+00,5.752427969127893448e-04,2.300971187651157379e-03,-1.072790566831827164e-02,-3.985646367073059082e-01,-2.305904054082930088e-04,7.615206413902342319e-05
5.091118812561035156e+00,7.669904152862727642e-04,2.300971187651157379e-03,4.206993430852890015e-02,-4.382518827915191650e-01,-4.656265809899196029e-05,2.217987203039228916e-04
5.093118906021118164e+00,4.793690168298780918e-04,3.067961661145091057e-03,-2.534734457731246948e-02,-4.071255400776863098e-02,-4.585081842378713191e-05,-5.357713089324533939e-04
5.095118999481201172e+00,4.793690168298780918e-04,3.067961661145091057e-03,-2.534734457731246948e-02,-4.071255400776863098e-02,-4.585081842378713191e-05,-5.357713089324533939e-04
5.097119092941284180e+00,4.793690168298780918e-04,3.067961661145091057e-03,-2.534734457731246948e-02,-4.071255400776863098e-02,-4.585081842378713191e-05,-5.357713089324533939e-04
5.099119186401367188e+00,5.752427969127893448e-04,3.834952134639024734e-03,1.241667312569916248e-03,2.976227700710296631e-01,4.566748684737831354e-04,-1.915103493956848979e-04
5.101119279861450195e+00,4.314320976845920086e-04,2.684466540813446045e-03,-3.398859873414039612e-02,-1.734706312417984009e-01,-7.493030716432258487e-05,-4.601467226166278124e-04
5.103119373321533203e+00,4.314320976845920086e-04,2.684466540813446045e-03,-3.398859873414039612e-02,-1.734706312417984009e-01,-7.493030716432258487e-05,-4.601467226166278124e-04
5.105119466781616211e+00,6.231797160580754280e-04,2.684466540813446045e-03,8.421442471444606781e-03,-1.719179600477218628e-01,-2.317905455129221082e-04,-1.403135393047705293e-04
5.107119560241699219e+00,6.231797160580754280e-04,2.684466540813446045e-03,5.886908620595932007e-03,-7.968328893184661865e-02,1.352683175355195999e-04,-4.427573585417121649e-04
5.109119653701782227e+00,6.231797160580754280e-04,2.684466540813446045e-03,5.886908620595932007e-03,-7.968328893184661865e-02,1.352683175355195999e-04,-4.427573585417121649e-04
5.111119747161865234e+00,6.711166352033615112e-04,3.067961661145091057e-03,1.290338113903999329e-02,9.514462947845458984e-02,-2.000763925025239587e-04,4.717859264928847551e-04
5.113119840621948242e+00,6.231797160580754280e-04,2.684466540813446045e-03,-2.373328898102045059e-04,-7.036198675632476807e-02,-1.326053461525589228e-04,-1.722219749353826046e-04
5.115119934082031250e+00,6.231797160580754280e-04,2.684466540813446045e-03,-2.373328898102045059e-04,-7.036198675632476807e-02,-1.326053461525589228e-04,-1.722219749353826046e-04
5.117120027542114258e+00,4.793690168298780918e-04,2.684466540813446045e-03,-3.562555834650993347e-02,-2.024705056101083755e-03,1.132020588556770235e-05,2.291382115799933672e-04
5.119120121002197266e+00,5.273059359751641750e-04,2.684466540813446045e-03,-1.917273923754692078e-02,9.365626424551010132e-02,-6.807004683651030064e-05,8.762717334320768714e-05
5.121120214462280273e+00,5.273059359751641750e-04,2.684466540813446045e-03,-1.917273923754692078e-02,9.365626424551010132e-02,-6.807004683651030064e-05,8.762717334320768714e-05
5.123120307922363281e+00,5.752427969127893448e-04,2.684466540813446045e-03,-2.270302036777138710e-03,-1.004675626754760742e-01,-1.844383368734270334e-04,4.660428094211965799e-04
5.125120401382446289e+00,4.793690168298780918e-04,2.684466540813446045e-03,-1.680750772356987000e-02,-5.635105818510055542e-02,-1.483209634898230433e-04,5.763318040408194065e-04
5.127120494842529297e+00,4.793690168298780918e-04,2.684466540813446045e-03,-1.680750772356987000e-02,-5.635105818510055542e-02,-1.483209634898230433e-04,5.763318040408194065e-04
5.129120588302612305e+00,2.876213984563946724e-04,3.067961661145091057e-03,-5.583553016185760498e-02,6.488094478845596313e-02,1.157520891865715384e-04,1.660254056332632899e-04
5.131120681762695312e+00,4.793690168298780918e-04,2.300971187651157379e-03,-4.199410788714885712e-03,-3.366290330886840820e-01,-1.662485883571207523e-04,3.457669663475826383e-06
5.133120775222778320e+00,4.793690168298780918e-04,2.300971187651157379e-03,-4.633918777108192444e-02,8.132939785718917847e-02,-3.520126047078520060e-04,-4.347638750914484262e-04
5.135121107101440430e+00,2.876213984563946724e-04,3.067961661145091057e-03,-4.633918777108192444e-02,8.132939785718917847e-02,-3.520126047078520060e-04,-4.347638750914484262e-04
5.137121200561523438e+00,5.273059359751641750e-04,3.067961661145091057e-03,1.313816569745540619e-02,-1.735569909214973450e-02,-1.958333596121519804e-04,-1.195390868815593421e-04
5.139121294021606445e+00,5.273059359751641750e-04,3.067961661145091057e-03,1.313816569745540619e-02,-1.735569909214973450e-02,-3.343415737617760897e-04,2.100103847624268383e-05
5.141121864318847656e+00,4.793690168298780918e-04,2.684466540813446045e-03,1.218999968841671944e-03,-2.218084186315536499e-01,-3.343415737617760897e-04,2.100103847624268383e-05
5.143121957778930664e+00,5.752427969127893448e-04,3.067961661145091057e-03,2.621097303926944733e-02,2.353745698928833008e-02,5.662135081365704536e-04,-1.899480266729369760e-04
5.187032222747802734e+00,1.917476038215681911e-04,3.451456781476736069e-03,-7.800390571355819702e-02,2.419807463884353638e-01,-4.427619569469243288e-04,-3.932688559871166945e-04
5.189032316207885742e+00,3.834952076431363821e-04,3.451456781476736069e-03,-2.544507198035717010e-02,1.449688374996185303e-01,-4.324130422901362181e-04,1.940414949785917997e-04
5.191032409667968750e+00,6.711166352033615112e-04,3.067961661145091057e-03,4.759344831109046936e-02,-1.357654184103012085e-01,-3.710671153385192156e-04,2.624681510496884584e-04
5.193032503128051758e+00,6.711166352033615112e-04,3.067961661145091057e-03,4.759344831109046936e-02,-1.357654184103012085e-01,-3.710671153385192156e-04,2.624681510496884584e-04
5.195032596588134766e+00,6.231797160580754280e-04,3.067961661145091057e-03,3.441102057695388794e-02,-6.903206557035446167e-02,2.240546455141156912e-04,3.279967640992254019e-04
5.197032690048217773e+00,5.752427969127893448e-04,2.684466540813446045e-03,1.884851790964603424e-02,-2.597674727439880371e-01,1.152142867795191705e-04,-6.915427366038784385e-05
5.199032783508300781e+00,5.752427969127893448e-04,2.684466540813446045e-03,1.884851790964603424e-02,-2.597674727439880371e-01,1.152142867795191705e-04,-6.915427366038784385e-05
5.201032876968383789e+00,7.190534961409866810e-04,3.067961661145091057e-03,4.496169835329055786e-02,2.444015257060527802e-02,-3.932758409064263105e-04,1.404627255396917462e-04
5.203032970428466797e+00,5.273059359751641750e-04,3.451456781476736069e-03,-1.402892824262380600e-02,1.503010988235473633e-01,7.266768370755016804e-04,1.776733261067420244e-04
5.205033063888549805e+00,5.273059359751641750e-04,3.451456781476736069e-03,-1.402892824262380600e-02,1.503010988235473633e-01,2.564275018812622875e-05,6.798533722758293152e-04
5.207033157348632812e+00,6.231797160580754280e-04,3.451456781476736069e-03,-4.046502988785505295e-03,3.401083350181579590e-01,2.564275018812622875e-05,6.798533722758293152e-04
5.209033250808715820e+00,6.711166352033615112e-04,2.300971187651157379e-03,-3.785094711929559708e-03,-2.114233970642089844e-01,1.072285886039026082e-04,-3.176298341713845730e-04
5.211033344268798828e+00,6.711166352033615112e-04,2.300971187651157379e-03,-3.785094711929559708e-03,-2.114233970642089844e-01,1.072285886039026082e-04,-3.176298341713845730e-04
5.213033676147460938e+00,6.231797160580754280e-04,2.300971187651157379e-03,-2.667772397398948669e-02,-1.519225835800170898e-01,2.114532253472134471e-04,1.932924933498725295e-04
5.215033769607543945e+00,9.108011145144701004e-04,3.451456781476736069e-03,3.526802733540534973e-02,4.299293756484985352e-01,-7.476858445443212986e-05,1.096336291084298864e-05
5.217033863067626953e+00,9.108011145144701004e-04,3.451456781476736069e-03,3.526802733540534973e-02,4.299293756484985352e-01,-7.476858445443212986e-05,1.096336291084298864e-05
5.219033956527709961e+00,7.669904152862727642e-04,2.684466540813446045e-03,-3.284086473286151886e-03,2.768139168620109558e-02,5.143599992152303457e-05,-3.485586494207382202e-04
5.221034049987792969e+00,9.108011145144701004e-04,2.300971187651157379e-03,3.055085986852645874e-02,-1.408609747886657715e-01,-4.056505276821553707e-04,-1.462363725295290351e-04
5.223034143447875977e+00,9.108011145144701004e-04,2.300971187651157379e-03,3.055085986852645874e-02,-1.408609747886657715e-01,-4.056505276821553707e-04,-1.462363725295290351e-04
5.225034236907958984e+00,8.628641953691840172e-04,4.985437728464603424e-03,2.535158768296241760e-02,1.039987802505493164e+00,-3.816111711785197258e-04,-1.818245655158534646e-04
5.227034330368041992e+00,7.190534961409866810e-04,3.834952134639024734e-03,-4.913200158625841141e-03,3.607802391052246094e-01,2.491488994564861059e-04,8.193987741833552718e-05
5.229034423828125000e+00,7.190534961409866810e-04,3.834952134639024734e-03,-4.913200158625841141e-03,3.607802391052246094e-01,2.491488994564861059e-04,8.193987741833552718e-05
5.231034755706787109e+00,7.669904152862727642e-04,2.684466540813446045e-03,1.386562455445528030e-02,-2.129594385623931885e-01,-2.302031934959813952e-04,1.962720853043720126e-04
5.233034849166870117e+00,7.669904152862727642e-04,2.684466540813446045e-03,1.386562455445528030e-02,-2.129594385623931885e-01,2.023100023507140577e-05,5.391516242525540292e-05
5.235034942626953125e+00,6.231797160580754280e-04,3.834952134639024734e-03,-1.568464934825897217e-02,2.962228059768676758e-01,2.023100023507140577e-05,5.391516242525540292e-05
5.237035036087036133e+00,7.669904152862727642e-04,3.451456781476736069e-03,1.881472393870353699e-02,7.569471001625061035e-02,6.277790089370682836e-05,-8.154600072884932160e-05
5.239035129547119141e+00,7.190534961409866810e-04,2.684466540813446045e-03,8.770453743636608124e-03,-2.014025449752807617e-01,2.366728149354457855e-04,9.574621071806177497e-05
5.241035223007202148e+00,7.190534961409866810e-04,2.684466540813446045e-03,8.770453743636608124e-03,-2.014025449752807617e-01,2.366728149354457855e-04,9.574621071806177497e-05
5.287126064300537109e+00,5.752427969127893448e-04,2.300971187651157379e-03,-1.413160469383001328e-03,-2.762747406959533691e-01,2.114128728862851858e-04,2.090910566039383411e-04
5.289126157760620117e+00,5.752427969127893448e-04,2.300971187651157379e-03,-1.413160469383001328e-03,-2.762747406959533691e-01,2.114128728862851858e-04,2.090910566039383411e-04
5.291126251220703125e+00,5.273059359751641750e-04,2.684466540813446045e-03,-1.465187594294548035e-02,-5.595697835087776184e-02,-5.224914639256894588e-04,4.325873160269111395e-04
5.293126344680786133e+00,6.711166352033615112e-04,2.684466540813446045e-03,1.841499283909797668e-02,1.888289407361298800e-04,-3.619841590989381075e-04,-2.921738996519707143e-05
5.295126438140869141e+00,6.711166352033615112e-04,2.684466540813446045e-03,1.841499283909797668e-02,1.888289407361298800e-04,-3.619841590989381075e-04,-2.921738996519707143e-05
5.297126531600952148e+00,9.108011145144701004e-04,2.684466540813446045e-03,7.306815683841705322e-02,1.051908358931541443e-02,-2.490813785698264837e-04,1.452816213713958859e-04
5.299126625061035156e+00,8.149273344315588474e-04,2.300971187651157379e-03,4.795658215880393982e-02,-1.899475455284118652e-01,-6.420198042178526521e-05,1.572629844304174185e-05
5.301126956939697266e+00,8.149273344315588474e-04,2.300971187651157379e-03,4.795658215880393982e-02,-1.899475455284118652e-01,2.599268045742064714e-04,-4.197494417894631624e-04
5.303127050399780273e+00,4.793690168298780918e-04,2.684466540813446045e-03,-3.363271057605743408e-02,5.397471040487289429e-02,2.599268045742064714e-04,-4.197494417894631624e-04
5.305127143859863281e+00,7.669904152862727642e-04,3.067961661145091057e-03,3.818825632333755493e-02,2.110650092363357544e-01,-1.776032440830022097e-04,-2.526041644159704447e-04
5.307127237319946289e+00,7.669904152862727642e-04,3.067961661145091057e-03,3.818825632333755493e-02,2.110650092363357544e-01,-1.776032440830022097e-04,-2.526041644159704447e-04
5.309127330780029297e+00,5.752427969127893448e-04,2.300971187651157379e-03,-3.631901927292346954e-03,-2.635263204574584961e-01,1.671442005317658186e-04,-4.639904727810062468e-05
5.311127424240112305e+00,6.231797160580754280e-04,3.067961661145091057e-03,1.285925135016441345e-02,1.789011061191558838e-01,-8.307714597322046757e-05,-1.042246658471412957e-04
5.313127517700195312e+00,6.231797160580754280e-04,3.067961661145091057e-03,1.285925135016441345e-02,1.789011061191558838e-01,-8.307714597322046757e-05,-1.042246658471412957e-04
5.315127611160278320e+00,4.793690168298780918e-04,4.218447487801313400e-03,-1.627899706363677979e-02,7.549864053726196289e-01,-2.996903494931757450e-04,-1.765557863109279424e-05
5.317127943038940430e+00,4.314320976845920086e-04,2.300971187651157379e-03,-1.905918307602405548e-02,-1.624676287174224854e-01,3.536101721692830324e-04,-2.138020645361393690e-04
5.319128036499023438e+00,4.314320976845920086e-04,2.300971187651157379e-03,-1.905918307602405548e-02,-1.624676287174224854e-01,-5.483717541210353374e-04,6.097080768086016178e-04
5.321128129959106445e+00,3.834952076431363821e-04,3.067961661145091057e-03,-2.317638322710990906e-02,3.958265110850334167e-02,-5.483717541210353374e-04,6.097080768086016178e-04
5.323128223419189453e+00,2.876213984563946724e-04,2.300971187651157379e-03,-3.906467556953430176e-02,-3.278446197509765625e-01,-3.038706381630618125e-05,1.192362688016146421e-04
5.325128316879272461e+00,2.876213984563946724e-04,2.300971187651157379e-03,-3.906467556953430176e-02,-3.278446197509765625e-01,-3.038706381630618125e-05,1.192362688016146421e-04
5.327128410339355469e+00,3.834952076431363821e-04,3.067961661145091057e-03,-1.225845515727996826e-02,-5.530352937057614326e-04,3.249225846957415342e-04,2.270450750074815005e-05
5.329128503799438477e+00,3.834952076431363821e-04,2.300971187651157379e-03,-8.405491709709167480e-03,-4.016779661178588867e-01,2.199296868639066815e-04,-7.486767572117969394e-05
5.331128597259521484e+00,3.834952076431363821e-04,2.300971187651157379e-03,-8.405491709709167480e-03,-4.016779661178588867e-01,2.199296868639066815e-04,-7.486767572117969394e-05
5.333128690719604492e+00,4.314320976845920086e-04,2.684466540813446045e-03,6.339835817925632000e-04,-1.682445853948593140e-01,-5.284263170324265957e-04,-4.556080966722220182e-04
5.335128784179687500e+00,4.793690168298780918e-04,3.067961661145091057e-03,7.613396737724542618e-03,6.821186840534210205e-02,-3.942770708817988634e-04,-3.944141208194196224e-04
5.337128877639770508e+00,4.793690168298780918e-04,3.067961661145091057e-03,7.613396737724542618e-03,6.821186840534210205e-02,2.996509647346101701e-05,-5.914236680837348104e-05
5.339128971099853516e+00,6.231797160580754280e-04,3.067961661145091057e-03,3.682519868016242981e-02,1.365661174058914185e-01,2.996509647346101701e-05,-5.914236680837348104e-05
5.341129064559936523e+00,6.231797160580754280e-04,2.684466540813446045e-03,-6.041303277015686035e-02,1.689543873071670532e-01,-4.380017926450818777e-04,3.195834287907928228e-04
5.388275623321533203e+00,3.834952076431363821e-04,3.451456781476736069e-03,-6.041303277015686035e-02,-2.602843642234802246e-01,2.044488210231065750e-04,2.586998743936419487e-04
5.390275716781616211e+00,7.190534961409866810e-04,2.300971187651157379e-03,1.232423726469278336e-02,-2.602843642234802246e-01,2.044488210231065750e-04,2.586998743936419487e-04
5.392275810241699219e+00,7.669904152862727642e-04,2.300971187651157379e-03,1.812494732439517975e-02,-2.628459334373474121e-01,2.654085110407322645e-04,5.937031237408518791e-04
5.394275903701782227e+00,7.669904152862727642e-04,2.300971187651157379e-03,1.812494732439517975e-02,-2.628459334373474121e-01,8.460874960292130709e-05,4.009582917205989361e-04
5.396275997161865234e+00,7.190534961409866810e-04,2.684466540813446045e-03,-1.372122555039823055e-03,-8.200535923242568970e-02,8.460874960292130709e-05,4.009582917205989361e-04
5.398276090621948242e+00,8.628641953691840172e-04,2.300971187651157379e-03,2.794578857719898224e-02,-2.130285948514938354e-01,3.899520379491150379e-04,1.196894081658683717e-04
5.400276422500610352e+00,8.628641953691840172e-04,2.300971187651157379e-03,2.794578857719898224e-02,-2.130285948514938354e-01,1.208652683999389410e-04,5.020138924010097980e-04
5.402276515960693359e+00,8.149273344315588474e-04,2.300971187651157379e-03,1.320349611341953278e-02,-2.764872014522552490e-01,1.208652683999389410e-04,5.020138924010097980e-04
5.404276609420776367e+00,8.628641953691840172e-04,3.451456781476736069e-03,2.368612959980964661e-02,2.253742069005966187e-01,8.991000504465773702e-05,-2.246490766992792487e-04
5.406277179718017578e+00,8.628641953691840172e-04,3.451456781476736069e-03,2.368612959980964661e-02,2.253742069005966187e-01,4.078014171682298183e-04,-5.442801048047840595e-04
5.408277273178100586e+00,5.752427969127893448e-04,3.834952134639024734e-03,-4.428733885288238525e-02,3.547480106353759766e-01,4.078014171682298183e-04,-5.442801048047840595e-04
5.410277843475341797e+00,9.108011145144701004e-04,3.451456781476736069e-03,3.627342358231544495e-02,2.696690261363983154e-01,-2.679426979739218950e-04,1.075696636689826846e-04
5.412277936935424805e+00,9.108011145144701004e-04,3.451456781476736069e-03,3.627342358231544495e-02,2.696690261363983154e-01,-2.679426979739218950e-04,1.075696636689826846e-04
5.414278030395507812e+00,7.669904152862727642e-04,1.917476067319512367e-03,9.990568505600094795e-04,-4.620871543884277344e-01,-2.138757845386862755e-04,6.762844714103266597e-05
5.416278123855590820e+00,7.190534961409866810e-04,3.451456781476736069e-03,-7.620720192790031433e-03,2.389988601207733154e-01,-1.630351762287318707e-04,3.018306742887943983e-04
5.418278217315673828e+00,7.190534961409866810e-04,3.451456781476736069e-03,-7.620720192790031433e-03,2.389988601207733154e-01,-8.385366527363657951e-05,-1.446618116460740566e-04
5.420278310775756836e+00,7.190534961409866810e-04,3.067961661145091057e-03,-4.096309188753366470e-03,-2.119995094835758209e-02,-8.385366527363657951e-05,-1.446618116460740566e-04
5.422278404235839844e+00,7.190534961409866810e-04,3.451456781476736069e-03,-1.464722794480621815e-03,2.772293090820312500e-01,-7.075132452882826328e-05,1.479533966630697250e-04
5.424278497695922852e+00,7.190534961409866810e-04,3.451456781476736069e-03,-1.464722794480621815e-03,2.772293090820312500e-01,6.792210479034110904e-05,-4.978366196155548096e-04
5.426278591156005859e+00,7.190534961409866810e-04,3.451456781476736069e-03,-8.389042923226952553e-04,2.749316692352294922e-01,6.792210479034110904e-05,-4.978366196155548096e-04
5.428278684616088867e+00,6.231797160580754280e-04,2.300971187651157379e-03,-2.508243359625339508e-02,-2.843385040760040283e-01,1.355425483779981732e-04,-2.563301532063633204e-04
5.430278778076171875e+00,6.231797160580754280e-04,2.300971187651157379e-03,-1.756089623086154461e-03,1.881127357482910156e-01,1.505053369328379631e-04,-5.075503140687942505e-04
5.432278871536254883e+00,7.190534961409866810e-04,3.451456781476736069e-03,-1.756089623086154461e-03,1.881127357482910156e-01,1.505053369328379631e-04,-5.075503140687942505e-04
5.434278964996337891e+00,7.190534961409866810e-04,3.067961661145091057e-03,-1.386541640385985374e-03,3.673144429922103882e-02,1.887951220851391554e-04,-2.435213355056475848e-05
5.436279535293579102e+00,7.190534961409866810e-04,3.067961661145091057e-03,-1.386541640385985374e-03,3.673144429922103882e-02,-3.105449141003191471e-04,-7.884015212766826153e-05
5.438279628753662109e+00,7.190534961409866810e-04,2.684466540813446045e-03,-1.665144227445125580e-03,-4.798623174428939819e-02,-3.105449141003191471e-04,-7.884015212766826153e-05
5.440279722213745117e+00,8.149273344315588474e-04,2.300971187651157379e-03,2.024938352406024933e-02,-2.012076526880264282e-01,2.464535937178879976e-04,-3.366286691743880510e-04
5.442279815673828125e+00,8.149273344315588474e-04,2.300971187651157379e-03,2.024938352406024933e-02,-2.012076526880264282e-01,2.464535937178879976e-04,-3.366286691743880510e-04
5.487095594406127930e+00,4.793690168298780918e-04,3.451456781476736069e-03,-1.613950356841087341e-02,2.683793902397155762e-01,2.387346321484073997e-04,1.721743465168401599e-04
5.489095687866210938e+00,7.669904152862727642e-04,2.300971187651157379e-03,5.113641545176506042e-02,-2.920498847961425781e-01,2.387346321484073997e-04,1.721743465168401599e-04
5.491096019744873047e+00,5.273059359751641750e-04,1.917476067319512367e-03,-1.021065190434455872e-02,-4.220083653926849365e-01,-6.125667277956381440e-05,2.872865297831594944e-04
5.493096113204956055e+00,5.273059359751641750e-04,1.917476067319512367e-03,-1.021065190434455872e-02,-4.220083653926849365e-01,-6.125667277956381440e-05,2.872865297831594944e-04
5.495096206665039062e+00,5.752427969127893448e-04,2.684466540813446045e-03,7.531821029260754585e-05,-6.787575781345367432e-02,1.442711800336837769e-04,-2.405131090199574828e-04
5.497096300125122070e+00,5.752427969127893448e-04,1.533980830572545528e-03,-2.765276469290256500e-03,-5.194185972213745117e-01,1.149051240645349026e-05,1.219425466842949390e-04
5.499096393585205078e+00,5.752427969127893448e-04,1.533980830572545528e-03,-2.765276469290256500e-03,-5.194185972213745117e-01,1.149051240645349026e-05,1.219425466842949390e-04
5.501096487045288086e+00,6.231797160580754280e-04,2.300971187651157379e-03,7.692894898355007172e-03,-1.436671167612075806e-01,-3.296238355687819421e-05,4.655325319617986679e-04
5.503096818923950195e+00,6.231797160580754280e-04,2.300971187651157379e-03,7.980879396200180054e-03,-7.542358338832855225e-02,4.296360129956156015e-04,-1.764551416272297502e-04
5.505096912384033203e+00,6.231797160580754280e-04,2.300971187651157379e-03,7.980879396200180054e-03,-7.542358338832855225e-02,1.108616561396047473e-05,5.953462095931172371e-04
5.507097005844116211e+00,6.711166352033615112e-04,3.451456781476736069e-03,2.019462734460830688e-02,3.426102697849273682e-01,1.108616561396047473e-05,5.953462095931172371e-04
5.509097099304199219e+00,5.752427969127893448e-04,3.451456781476736069e-03,-1.444024150259792805e-03,2.665335834026336670e-01,-8.419145160587504506e-05,1.189350296044722199e-04
5.511097192764282227e+00,5.752427969127893448e-04,3.451456781476736069e-03,-1.444024150259792805e-03,2.665335834026336670e-01,-8.419145160587504506e-05,1.189350296044722199e-04
5.513097286224365234e+00,4.793690168298780918e-04,2.300971187651157379e-03,-2.367354743182659149e-02,-2.167944312095642090e-01,2.039067185251042247e-04,-1.031816168506338727e-06
5.515097618103027344e+00,3.834952076431363821e-04,1.917476067319512367e-03,-4.463569447398185730e-02,-4.790346324443817139e-01,7.790599192958325148e-05,2.180063893320038915e-04
5.517097711563110352e+00,3.834952076431363821e-04,1.917476067319512367e-03,-4.463569447398185730e-02,-4.790346324443817139e-01,7.790599192958325148e-05,2.180063893320038915e-04
5.519097805023193359e+00,5.752427969127893448e-04,2.300971187651157379e-03,4.193402361124753952e-03,-2.238942533731460571e-01,-1.354949636152014136e-04,-3.872871457133442163e-05
5.521097898483276367e+00,5.273059359751641750e-04,1.917476067319512367e-03,-8.188789710402488708e-03,-4.505430161952972412e-01,2.934684289357392117e-06,-7.380462920991703868e-05
5.523097991943359375e+00,5.273059359751641750e-04,1.917476067319512367e-03,-8.188789710402488708e-03,-4.505430161952972412e-01,2.934684289357392117e-06,-7.380462920991703868e-05
5.525098085403442383e+00,5.752427969127893448e-04,2.684466540813446045e-03,2.652969677001237869e-03,-7.289693504571914673e-02,3.792824863921850920e-04,-2.322620275663211942e-04
5.527098178863525391e+00,8.149273344315588474e-04,3.451456781476736069e-03,5.846009403467178345e-02,2.727826535701751709e-01,-1.818108867155387998e-04,4.600072861649096012e-04
5.529098272323608398e+00,8.149273344315588474e-04,3.451456781476736069e-03,5.846009403467178345e-02,2.727826535701751709e-01,-1.818108867155387998e-04,4.600072861649096012e-04
5.531098365783691406e+00,6.231797160580754280e-04,2.300971187651157379e-03,9.027432650327682495e-03,-2.106121480464935303e-01,-2.060423139482736588e-04,-2.339681959711015224e-04
5.533098459243774414e+00,4.314320976845920086e-04,3.067961661145091057e-03,-3.897993639111518860e-02,1.303404569625854492e-01,-1.049927159328944981e-04,-1.744635810609906912e-04
5.535098552703857422e+00,4.314320976845920086e-04,3.067961661145091057e-03,-3.897993639111518860e-02,1.303404569625854492e-01,-3.969827375840395689e-04,9.258163481717929244e-05
5.537098646163940430e+00,6.231797160580754280e-04,2.684466540813446045e-03,3.670971840620040894e-03,-5.754640698432922363e-02,-3.969827375840395689e-04,9.258163481717929244e-05
5.539098739624023438e+00,6.231797160580754280e-04,1.917476067319512367e-03,2.811951097100973129e-03,-5.579968690872192383e-01,1.809059031074866652e-04,1.004528967314399779e-04
5.541098833084106445e+00,6.231797160580754280e-04,1.917476067319512367e-03,2.811951097100973129e-03,-5.579968690872192383e-01,1.809059031074866652e-04,1.004528967314399779e-04
5.543098926544189453e+00,5.752427969127893448e-04,2.300971187651157379e-03,-8.600160479545593262e-03,-3.383516371250152588e-01,-2.344062668271362782e-04,-3.249888832215219736e-04
5.545099020004272461e+00,6.231797160580754280e-04,2.300971187651157379e-03,3.162200795486569405e-03,-2.007930129766464233e-01,4.937693011015653610e-04,1.815370778786018491e-04
5.547099113464355469e+00,6.231797160580754280e-04,2.300971187651157379e-03,3.162200795486569405e-03,-2.007930129766464233e-01,4.937693011015653610e-04,1.815370778786018491e-04
5.549099445343017578e+00,5.752427969127893448e-04,1.917476067319512367e-03,-7.183921989053487778e-03,-4.516372680664062500e-01,-4.799095040652900934e-05,1.615118671907112002e-04
5.551099538803100586e+00,4.793690168298780918e-04,3.451456781476736069e-03,-3.037495911121368408e-02,2.616547942161560059e-01,3.822223225142806768e-04,-5.479834508150815964e-04
5.553099632263183594e+00,4.793690168298780918e-04,3.451456781476736069e-03,-3.037495911121368408e-02,2.616547942161560059e-01,-2.112291549565270543e-04,5.445787610369734466e-05
5.555099725723266602e+00,6.231797160580754280e-04,3.451456781476736069e-03,3.418202046304941177e-03,2.163392007350921631e-01,-2.112291549565270543e-04,5.445787610369734466e-05
5.557099819183349609e+00,6.231797160580754280e-04,2.684466540813446045e-03,-1.177383237518370152e-03,-1.684542745351791382e-01,4.472816654015332460e-04,2.637748257257044315e-04
5.559099912643432617e+00,6.231797160580754280e-04,2.684466540813446045e-03,-1.177383237518370152e-03,-1.684542745351791382e-01,4.472816654015332460e-04,2.637748257257044315e-04
5.561100006103515625e+00,5.273059359751641750e-04,2.684466540813446045e-03,-2.702742815017700195e-02,-2.479466237127780914e-02,5.158738076715962961e-07,-1.701881992630660534e-04
5.563100099563598633e+00,5.752427969127893448e-04,2.300971187651157379e-03,-1.587537117302417755e-02,-1.518203914165496826e-01,3.167147588101215661e-05,-7.622231350978836417e-05
5.565100193023681641e+00,5.752427969127893448e-04,2.300971187651157379e-03,-1.587537117302417755e-02,-1.518203914165496826e-01,5.919563136558281258e-06,-1.466755475121317431e-05
5.567100286483764648e+00,6.231797160580754280e-04,3.067961661145091057e-03,-4.202046431601047516e-03,9.759501367807388306e-02,5.919563136558281258e-06,-1.466755475121317431e-05
5.569100379943847656e+00,7.190534961409866810e-04,2.684466540813446045e-03,1.858327351510524750e-02,-5.245446413755416870e-02,2.952580398414283991e-04,4.556146159302443266e-04
5.571100473403930664e+00,7.190534961409866810e-04,2.684466540813446045e-03,1.858327351510524750e-02,-5.245446413755416870e-02,2.952580398414283991e-04,4.556146159302443266e-04
5.573100566864013672e+00,7.190534961409866810e-04,2.300971187651157379e-03,1.711557991802692413e-02,8.383569121360778809e-02,3.830571222351863980e-05,-1.674874511081725359e-04
5.575100660324096680e+00,6.711166352033615112e-04,3.451456781476736069e-03,2.172235865145921707e-03,2.812666893005371094e-01,1.625199365662410855e-05,2.931577328126877546e-04
5.577100753784179688e+00,6.711166352033615112e-04,3.451456781476736069e-03,2.172235865145921707e-03,2.812666893005371094e-01,1.625199365662410855e-05,2.931577328126877546e-04
5.579100847244262695e+00,6.231797160580754280e-04,3.451456781476736069e-03,-1.147688180208206177e-02,1.519586443901062012e-01,-3.157093888148665428e-04,4.565783601719886065e-04
5.581100940704345703e+00,7.190534961409866810e-04,2.684466540813446045e-03,7.787845097482204437e-03,-6.081932038068771362e-02,-9.998751920647919178e-05,3.870123182423412800e-04
5.583101034164428711e+00,7.190534961409866810e-04,2.684466540813446045e-03,7.787845097482204437e-03,-6.081932038068771362e-02,5.866353967576287687e-05,3.485289926175028086e-04
5.585101127624511719e+00,7.190534961409866810e-04,2.300971187651157379e-03,5.679431371390819550e-03,-1.277131587266921997e-01,5.866353967576287687e-05,3.485289926175028086e-04
5.587101221084594727e+00,7.190534961409866810e-04,1.917476067319512367e-03,4.321979824453592300e-03,-3.575218319892883301e-01,-4.959568032063543797e-04,-4.977289790986105800e-05
5.589101314544677734e+00,7.190534961409866810e-04,1.917476067319512367e-03,4.321979824453592300e-03,-3.575218319892883301e-01,-2.960417805297765881e-05,1.796027499949559569e-04
5.591101408004760742e+00,6.231797160580754280e-04,3.451456781476736069e-03,-2.108420245349407196e-02,2.495798617601394653e-01,-2.960417805297765881e-05,1.796027499949559569e-04
5.593101501464843750e+00,7.190534961409866810e-04,1.533980830572545528e-03,2.896953839808702469e-03,-6.064499020576477051e-01,6.154447328299283981e-04,3.124845097772777081e-04
5.595101594924926758e+00,7.190534961409866810e-04,1.533980830572545528e-03,2.896953839808702469e-03,-6.064499020576477051e-01,6.154447328299283981e-04,3.124845097772777081e-04
5.597101688385009766e+00,7.669904152862727642e-04,2.684466540813446045e-03,1.509445346891880035e-02,-7.639714330434799194e-02,1.274411170015810058e-05,-1.916554174385964870e-04
5.599101781845092773e+00,9.108011145144701004e-04,3.451456781476736069e-03,5.186427012085914612e-02,3.274411559104919434e-01,-5.061356350779533386e-04,2.340254432056099176e-04
5.601101875305175781e+00,9.108011145144701004e-04,3.451456781476736069e-03,5.186427012085914612e-02,3.274411559104919434e-01,-5.061356350779533386e-04,2.340254432056099176e-04
5.603101968765258789e+00,6.231797160580754280e-04,3.067961661145091057e-03,-1.601983420550823212e-02,1.903146691620349884e-02,-3.294174384791404009e-04,8.695318683749064803e-05
5.605102062225341797e+00,6.711166352033615112e-04,3.451456781476736069e-03,-1.282208366319537163e-03,2.811897099018096924e-01,-1.078717250493355095e-04,2.018266677623614669e-04
5.607102155685424805e+00,6.711166352033615112e-04,3.451456781476736069e-03,-1.282208366319537163e-03,2.811897099018096924e-01,-1.078717250493355095e-04,2.018266677623614669e-04
5.609102249145507812e+00,5.752427969127893448e-04,2.684466540813446045e-03,-1.980700343847274780e-02,-5.038739368319511414e-02,-3.391262143850326538e-04,-4.472180808079428971e-05
5.611102342605590820e+00,5.752427969127893448e-04,2.684466540813446045e-03,-1.530894357711076736e-02,-1.218145713210105896e-01,1.118380678235553205e-04,-6.121555925346910954e-04
5.613102436065673828e+00,5.752427969127893448e-04,2.684466540813446045e-03,-1.530894357711076736e-02,-1.218145713210105896e-01,4.078474376001395285e-05,-1.291257503908127546e-04
5.615102529525756836e+00,7.190534961409866810e-04,1.917476067319512367e-03,2.304815128445625305e-02,-4.004907608032226562e-01,4.078474376001395285e-05,-1.291257503908127546e-04
5.617102622985839844e+00,5.752427969127893448e-04,2.684466540813446045e-03,-9.109386242926120758e-03,-1.392053067684173584e-01,-1.075292530003935099e-04,1.446849782951176167e-04
5.619102716445922852e+00,5.752427969127893448e-04,2.684466540813446045e-03,-9.109386242926120758e-03,-1.392053067684173584e-01,-1.075292530003935099e-04,1.446849782951176167e-04
5.621102809906005859e+00,7.190534961409866810e-04,2.684466540813446045e-03,2.531132847070693970e-02,-8.192844688892364502e-02,1.377608859911561012e-04,2.744824159890413284e-04
5.623103141784667969e+00,4.793690168298780918e-04,2.684466540813446045e-03,-3.422823920845985413e-02,-2.400216907262802124e-01,3.507832007016986609e-04,5.041464464738965034e-04
5.625103235244750977e+00,4.793690168298780918e-04,2.684466540813446045e-03,-3.422823920845985413e-02,-2.400216907262802124e-01,3.507832007016986609e-04,5.041464464738965034e-04
5.627103328704833984e+00,7.190534961409866810e-04,3.067961661145091057e-03,2.095225639641284943e-02,9.950625151395797729e-02,-7.411821570713073015e-05,-9.819791011977940798e-05
5.629103422164916992e+00,5.752427969127893448e-04,3.451456781476736069e-03,-1.726647838950157166e-02,3.270901739597320557e-01,-2.489368489477783442e-05,-6.182554061524569988e-04
5.631103515625000000e+00,5.752427969127893448e-04,3.451456781476736069e-03,-1.726647838950157166e-02,3.270901739597320557e-01,-2.489368489477783442e-05,-6.182554061524569988e-04
5.633103609085083008e+00,7.669904152862727642e-04,2.300971187651157379e-03,2.155391499400138855e-02,-1.536878645420074463e-01,2.563180460128933191e-04,3.702630347106605768e-04
5.635103702545166016e+00,7.190534961409866810e-04,3.067961661145091057e-03,5.155377555638551712e-03,1.923165172338485718e-01,3.699680382851511240e-04,7.964074757182970643e-05
5.637103796005249023e+00,7.190534961409866810e-04,3.067961661145091057e-03,5.155377555638551712e-03,1.923165172338485718e-01,3.699680382851511240e-04,7.964074757182970643e-05
5.639103889465332031e+00,7.669904152862727642e-04,2.684466540813446045e-03,1.438398752361536026e-02,-2.209186740219593048e-02,-1.448905240977182984e-04,-6.319928070297464728e-05
5.641103982925415039e+00,5.752427969127893448e-04,2.300971187651157379e-03,-3.147798776626586914e-02,-1.317533701658248901e-01,3.089838428422808647e-04,-5.581227742368355393e-05
5.643104076385498047e+00,5.752427969127893448e-04,2.300971187651157379e-03,-3.147798776626586914e-02,-1.317533701658248901e-01,3.089838428422808647e-04,-5.581227742368355393e-05
5.645104169845581055e+00,8.149273344315588474e-04,2.300971187651157379e-03,2.866663783788681030e-02,-1.227530986070632935e-01,2.339887141715735197e-04,4.794490814674645662e-04
5.647104263305664062e+00,6.711166352033615112e-04,1.917476067319512367e-03,-2.601885236799716949e-03,-4.144461452960968018e-01,-2.200526650995016098e-04,-1.277516566915437579e-04
5.649104356765747070e+00,6.711166352033615112e-04,1.917476067319512367e-03,-2.601885236799716949e-03,-4.144461452960968018e-01,-2.200526650995016098e-04,-1.277516566915437579e-04
5.651104450225830078e+00,5.273059359751641750e-04,3.067961661145091057e-03,-2.843269705772399902e-02,1.963372975587844849e-01,-9.014259558171033859e-05,-9.455584222450852394e-05
5.653104782104492188e+00,5.752427969127893448e-04,2.684466540813446045e-03,-7.365354336798191071e-03,-4.554082453250885010e-02,1.758120379236061126e-05,-5.014957278035581112e-04
5.655104875564575195e+00,5.752427969127893448e-04,2.684466540813446045e-03,-7.365354336798191071e-03,-4.554082453250885010e-02,1.758120379236061126e-05,-5.014957278035581112e-04
5.657104969024658203e+00,4.793690168298780918e-04,3.067961661145091057e-03,-2.107712626457214355e-02,1.630456000566482544e-02,-1.133024197770282626e-04,-5.498321843333542347e-04
5.659105300903320312e+00,5.273059359751641750e-04,3.067961661145091057e-03,-3.468182985670864582e-04,6.731841713190078735e-02,3.296616487205028534e-04,4.195469373371452093e-04
5.661105394363403320e+00,5.273059359751641750e-04,3.067961661145091057e-03,-3.468182985670864582e-04,6.731841713190078735e-02,3.296616487205028534e-04,4.195469373371452093e-04
5.663105487823486328e+00,3.834952076431363821e-04,2.684466540813446045e-03,-2.980817295610904694e-02,-2.579439580440521240e-01,-2.761893847491592169e-04,9.119624883169308305e-05
5.665105581283569336e+00,6.711166352033615112e-04,2.684466540813446045e-03,4.109949246048927307e-02,-1.492909044027328491e-01,-1.293024251936003566e-04,2.433354093227535486e-04
5.667105674743652344e+00,7.190534961409866810e-04,3.834952134639024734e-03,5.103124305605888367e-02,3.995149135589599609e-01,-2.129307540599256754e-04,1.362596667604520917e-04
5.669234752655029297e+00,7.190534961409866810e-04,3.834952134639024734e-03,5.103124305605888367e-02,3.995149135589599609e-01,-2.129307540599256754e-04,1.362596667604520917e-04
5.671235084533691406e+00,4.314320976845920086e-04,3.067961661145091057e-03,-2.247369848191738129e-02,1.247774884104728699e-01,-1.980333327082917094e-04,-2.298697072546929121e-04
5.673235177993774414e+00,4.314320976845920086e-04,3.067961661145091057e-03,1.707564853131771088e-02,-2.558754086494445801e-01,1.164323475677520037e-04,2.549871569499373436e-04
5.675235271453857422e+00,6.231797160580754280e-04,2.300971187651157379e-03,1.707564853131771088e-02,-2.558754086494445801e-01,1.164323475677520037e-04,2.549871569499373436e-04
5.677235603332519531e+00,6.711166352033615112e-04,2.300971187651157379e-03,2.223643288016319275e-02,-2.448167800903320312e-01,3.961008042097091675e-04,-5.985331881674937904e-05
5.679235696792602539e+00,6.711166352033615112e-04,2.300971187651157379e-03,2.223643288016319275e-02,-2.448167800903320312e-01,2.238747547380626202e-04,-1.894959568744525313e-04
5.681235790252685547e+00,5.752427969127893448e-04,3.067961661145091057e-03,-4.854249302297830582e-03,2.062790691852569580e-01,2.238747547380626202e-04,-1.894959568744525313e-04
5.683235883712768555e+00,7.669904152862727642e-04,3.067961661145091057e-03,3.980180621147155762e-02,1.143361628055572510e-01,-1.439247425878420472e-04,2.828091965056955814e-04
5.685235977172851562e+00,7.669904152862727642e-04,3.067961661145091057e-03,3.980180621147155762e-02,1.143361628055572510e-01,-4.932820502290269360e-06,7.923371595097705722e-05
5.687236070632934570e+00,6.231797160580754280e-04,2.300971187651157379e-03,4.479066934436559677e-03,-1.327209621667861938e-01,-4.932820502290269360e-06,7.923371595097705722e-05
5.689236164093017578e+00,4.793690168298780918e-04,3.451456781476736069e-03,-2.813863381743431091e-02,3.684976696968078613e-01,2.459481474943459034e-04,-3.545257786754518747e-04
5.691236257553100586e+00,4.793690168298780918e-04,3.451456781476736069e-03,-2.813863381743431091e-02,3.684976696968078613e-01,2.459481474943459034e-04,-3.545257786754518747e-04
5.693236351013183594e+00,6.711166352033615112e-04,1.533980830572545528e-03,2.263122797012329102e-02,-5.428645014762878418e-01,-3.810616908594965935e-04,-3.545109575497917831e-05
5.695236682891845703e+00,3.834952076431363821e-04,2.684466540813446045e-03,-4.262673854827880859e-02,-9.568703919649124146e-02,1.123744004871696234e-04,3.931942628696560860e-04
5.697236776351928711e+00,3.834952076431363821e-04,2.684466540813446045e-03,-4.262673854827880859e-02,-9.568703919649124146e-02,-2.714147740334738046e-05,8.033418271224945784e-05
5.699236869812011719e+00,6.231797160580754280e-04,3.451456781476736069e-03,2.176241949200630188e-02,1.426914334297180176e-01,-2.714147740334738046e-05,8.033418271224945784e-05
5.701237201690673828e+00,3.834952076431363821e-04,3.067961661145091057e-03,-3.306415677070617676e-02,-4.107552766799926758e-02,-6.247378769330680370e-05,4.279873974155634642e-04
5.703237295150756836e+00,3.834952076431363821e-04,3.067961661145091057e-03,-3.306415677070617676e-02,-4.107552766799926758e-02,6.777348971809260547e-06,2.605095214676111937e-04
5.705237627029418945e+00,6.231797160580754280e-04,3.067961661145091057e-03,2.662611380219459534e-02,-4.047985654324293137e-03,6.777348971809260547e-06,2.605095214676111937e-04
5.707237720489501953e+00,5.752427969127893448e-04,2.300971187651157379e-03,1.272571086883544922e-02,-2.279985696077346802e-01,4.429430118761956692e-04,2.724098449107259512e-04
5.709237813949584961e+00,5.752427969127893448e-04,2.300971187651157379e-03,-2.562443551141768694e-04,5.031150579452514648e-01,1.632799103390425444e-04,1.460846397094428539e-04
5.711237907409667969e+00,5.273059359751641750e-04,3.834952134639024734e-03,-2.562443551141768694e-04,5.031150579452514648e-01,1.632799103390425444e-04,1.460846397094428539e-04
5.713238239288330078e+00,4.314320976845920086e-04,1.917476067319512367e-03,-2.741777524352073669e-02,-4.292189180850982666e-01,3.617513866629451513e-04,7.148022996261715889e-05
5.715238332748413086e+00,4.314320976845920086e-04,1.917476067319512367e-03,-2.741777524352073669e-02,-4.292189180850982666e-01,1.008510007523000240e-04,1.004624427878297865e-04
5.717238426208496094e+00,6.711166352033615112e-04,3.451456781476736069e-03,2.774090692400932312e-02,2.584366202354431152e-01,1.008510007523000240e-04,1.004624427878297865e-04
5.719238758087158203e+00,6.711166352033615112e-04,2.300971187651157379e-03,2.334940992295742035e-02,-2.752041220664978027e-01,1.487152330810204148e-04,3.122568305116146803e-04
5.721238851547241211e+00,6.711166352033615112e-04,2.300971187651157379e-03,2.334940992295742035e-02,-2.752041220664978027e-01,2.611351374071091413e-04,6.035001933923922479e-05
5.723238945007324219e+00,6.711166352033615112e-04,3.451456781476736069e-03,1.818088442087173462e-02,2.407942116260528564e-01,2.611351374071091413e-04,6.035001933923922479e-05
5.725239038467407227e+00,5.273059359751641750e-04,3.451456781476736069e-03,-1.888877153396606445e-02,2.699357867240905762e-01,9.725570998853072524e-05,-1.189228860312141478e-04
5.727239131927490234e+00,5.273059359751641750e-04,3.451456781476736069e-03,-1.888877153396606445e-02,2.699357867240905762e-01,6.855125684523954988e-05,-3.767044690903276205e-04
5.729239225387573242e+00,6.711166352033615112e-04,3.067961661145091057e-03,1.410285476595163345e-02,9.564328193664550781e-02,6.855125684523954988e-05,-3.767044690903276205e-04
5.731239318847656250e+00,6.231797160580754280e-04,3.067961661145091057e-03,2.165973652154207230e-03,1.079665720462799072e-01,-2.424918602628167719e-05,-7.765967166051268578e-05
5.733239412307739258e+00,6.231797160580754280e-04,3.067961661145091057e-03,-1.834068633615970612e-02,-2.286834567785263062e-01,7.469111733371391892e-05,1.439041661797091365e-04
5.735239505767822266e+00,5.273059359751641750e-04,2.300971187651157379e-03,-1.834068633615970612e-02,-2.286834567785263062e-01,7.469111733371391892e-05,1.439041661797091365e-04
5.737239837646484375e+00,6.231797160580754280e-04,2.684466540813446045e-03,4.698507022112607956e-03,-8.698336035013198853e-02,2.998392446897923946e-04,-5.562255973927676678e-04
5.739239931106567383e+00,6.231797160580754280e-04,2.684466540813446045e-03,4.698507022112607956e-03,-8.698336035013198853e-02,2.998392446897923946e-04,-5.562255973927676678e-04
5.741240024566650391e+00,4.793690168298780918e-04,2.684466540813446045e-03,-2.796209603548049927e-02,-1.786827147006988525e-01,-2.874287019949406385e-06,2.830575394909828901e-04
5.743240356445312500e+00,5.752427969127893448e-04,2.684466540813446045e-03,-4.417427349835634232e-03,-1.239793822169303894e-01,-2.095668605761602521e-04,-3.436248880461789668e-05
5.745240449905395508e+00,5.752427969127893448e-04,2.684466540813446045e-03,-4.417427349835634232e-03,-1.239793822169303894e-01,1.735839614411816001e-04,2.453956112731248140e-04
5.747240543365478516e+00,5.752427969127893448e-04,2.684466540813446045e-03,-4.044095519930124283e-03,-1.812329888343811035e-01,1.735839614411816001e-04,2.453956112731248140e-04
5.749240636825561523e+00,6.231797160580754280e-04,3.451456781476736069e-03,5.184932611882686615e-03,2.113193124532699585e-01,-5.896234069950878620e-04,3.672854654723778367e-05
5.751240730285644531e+00,6.231797160580754280e-04,3.451456781476736069e-03,5.184932611882686615e-03,2.113193124532699585e-01,-5.896234069950878620e-04,3.672854654723778367e-05
5.753240823745727539e+00,6.711166352033615112e-04,3.067961661145091057e-03,1.377769000828266144e-02,1.158749237656593323e-01,-4.841961199417710304e-04,3.280435921624302864e-04
5.755240917205810547e+00,7.190534961409866810e-04,2.300971187651157379e-03,2.178429067134857178e-02,-2.292813956737518311e-01,2.469791215844452381e-04,4.217971581965684891e-05
5.757241010665893555e+00,7.190534961409866810e-04,2.300971187651157379e-03,2.178429067134857178e-02,-2.292813956737518311e-01,-6.308495812845649198e-06,-1.963042013812810183e-04
5.759241104125976562e+00,7.190534961409866810e-04,2.684466540813446045e-03,1.765775866806507111e-02,-6.876108050346374512e-02,-6.308495812845649198e-06,-1.963042013812810183e-04
5.761241197586059570e+00,7.190534961409866810e-04,2.684466540813446045e-03,1.518551167100667953e-02,-4.509422555565834045e-02,-2.616598212625831366e-04,1.198666432173922658e-04
5.763241529464721680e+00,7.190534961409866810e-04,2.684466540813446045e-03,1.292157173156738281e-02,-2.668519914150238037e-01,-7.949033170007169247e-05,2.448287850711494684e-04
5.765241622924804688e+00,7.190534961409866810e-04,2.300971187651157379e-03,1.292157173156738281e-02,-2.668519914150238037e-01,-7.949033170007169247e-05,2.448287850711494684e-04
5.767241716384887695e+00,6.711166352033615112e-04,3.067961661145091057e-03,1.138957682996988297e-03,1.267025470733642578e-01,-5.277536693029105663e-04,3.762468113563954830e-04
5.769241809844970703e+00,6.231797160580754280e-04,3.067961661145091057e-03,-7.955656386911869049e-03,1.091745644807815552e-01,-1.009908301057294011e-04,1.479620550526306033e-04
5.771241903305053711e+00,6.231797160580754280e-04,3.067961661145091057e-03,-7.955656386911869049e-03,1.091745644807815552e-01,-1.009908301057294011e-04,1.479620550526306033e-04
5.773241996765136719e+00,7.190534961409866810e-04,2.684466540813446045e-03,1.879960112273693085e-02,-1.469317227602005005e-01,-7.027666433714330196e-04,-2.155770489480346441e-04
5.775242328643798828e+00,7.190534961409866810e-04,2.684466540813446045e-03,1.879960112273693085e-02,-1.469317227602005005e-01,-6.688784924335777760e-04,3.905583871528506279e-04
5.777242422103881836e+00,5.752427969127893448e-04,3.067961661145091057e-03,-1.372734550386667252e-02,1.167557612061500549e-01,-6.688784924335777760e-04,3.905583871528506279e-04
5.779242515563964844e+00,5.273059359751641750e-04,3.067961661145091057e-03,-2.201501280069351196e-02,-3.229559212923049927e-02,-1.826769730541855097e-04,1.999853557208552957e-04
5.781242609024047852e+00,5.273059359751641750e-04,3.067961661145091057e-03,-2.201501280069351196e-02,-3.229559212923049927e-02,-1.959250075742602348e-04,-8.996873657451942563e-05
5.783242702484130859e+00,7.190534961409866810e-04,3.451456781476736069e-03,2.320029214024543762e-02,2.262048870325088501e-01,-1.959250075742602348e-04,-8.996873657451942563e-05
5.785242795944213867e+00,6.231797160580754280e-04,3.067961661145091057e-03,-1.299377763643860817e-03,1.411686185747385025e-02,5.983440860291011631e-05,-1.920501817949116230e-04
5.787243127822875977e+00,6.231797160580754280e-04,3.067961661145091057e-03,-1.299377763643860817e-03,1.411686185747385025e-02,6.438837735913693905e-04,2.019969251705333591e-04
5.789243221282958984e+00,8.628641953691840172e-04,1.533980830572545528e-03,5.328160151839256287e-02,-6.551009416580200195e-01,6.438837735913693905e-04,2.019969251705333591e-04
5.791243314743041992e+00,5.752427969127893448e-04,3.067961661145091057e-03,-1.842538453638553619e-02,5.614408105611801147e-02,9.579669567756354809e-04,-4.648234462365508080e-04
5.793243408203125000e+00,5.752427969127893448e-04,3.067961661145091057e-03,1.608673110604286194e-02,-2.520586848258972168e-01,-1.876555179478600621e-04,-1.332726824330165982e-04
5.795243501663208008e+00,7.190534961409866810e-04,2.300971187651157379e-03,1.608673110604286194e-02,-2.520586848258972168e-01,-1.876555179478600621e-04,-1.332726824330165982e-04
5.797243595123291016e+00,5.273059359751641750e-04,3.067961661145091057e-03,-3.019821271300315857e-02,1.127430796623229980e-01,-1.716688348096795380e-05,-6.259507063077762723e-05
5.799243927001953125e+00,5.273059359751641750e-04,3.067961661145091057e-03,-3.019821271300315857e-02,1.127430796623229980e-01,3.215746255591511726e-04,2.990440589201170951e-05
5.801244020462036133e+00,7.669904152862727642e-04,3.451456781476736069e-03,2.920321375131607056e-02,2.173855453729629517e-01,3.215746255591511726e-04,2.990440589201170951e-05
5.803244113922119141e+00,6.711166352033615112e-04,2.300971187651157379e-03,7.211691234260797501e-03,-2.421543300151824951e-01,-3.535094438120722771e-04,4.287257615942507982e-04
5.805244207382202148e+00,6.711166352033615112e-04,2.300971187651157379e-03,7.211691234260797501e-03,-2.421543300151824951e-01,-3.744510177057236433e-04,-8.079680847004055977e-04
5.807244300842285156e+00,7.669904152862727642e-04,2.684466540813446045e-03,3.018794208765029907e-02,-9.592312574386596680e-02,-3.744510177057236433e-04,-8.079680847004055977e-04
5.809244394302368164e+00,7.190534961409866810e-04,3.067961661145091057e-03,1.737184263765811920e-02,9.198767691850662231e-02,2.737743197940289974e-04,5.678239394910633564e-04
5.811244487762451172e+00,7.190534961409866810e-04,3.067961661145091057e-03,1.737184263765811920e-02,9.198767691850662231e-02,-1.097500353353098035e-04,2.912403433583676815e-04
5.813244581222534180e+00,5.752427969127893448e-04,3.067961661145091057e-03,-1.891051605343818665e-02,1.253395825624465942e-01,-1.097500353353098035e-04,2.912403433583676815e-04
5.815244674682617188e+00,6.231797160580754280e-04,2.300971187651157379e-03,-9.537763893604278564e-03,-1.633878350257873535e-01,-5.511286435648798943e-04,-2.416806819383054972e-04
5.817244768142700195e+00,6.231797160580754280e-04,2.300971187651157379e-03,-9.537763893604278564e-03,-1.633878350257873535e-01,1.837525051087141037e-04,-9.387074533151462674e-05
5.819244861602783203e+00,4.793690168298780918e-04,3.067961661145091057e-03,-4.454776272177696228e-02,2.448930740356445312e-01,1.837525051087141037e-04,-9.387074533151462674e-05
5.821244955062866211e+00,6.231797160580754280e-04,2.684466540813446045e-03,-8.020828478038311005e-03,-4.269002750515937805e-02,-2.172900567529723048e-04,1.711692311801016331e-05
5.823245048522949219e+00,6.231797160580754280e-04,2.684466540813446045e-03,4.545389208942651749e-03,4.436528682708740234e-02,1.863152720034122467e-04,5.000934470444917679e-04
5.825245141983032227e+00,6.711166352033615112e-04,3.067961661145091057e-03,4.545389208942651749e-03,4.436528682708740234e-02,1.863152720034122467e-04,5.000934470444917679e-04
5.827245473861694336e+00,6.231797160580754280e-04,1.917476067319512367e-03,-3.869398264214396477e-03,-4.454603493213653564e-01,-6.411243248294340447e-06,-1.405171497026458383e-04
5.829245567321777344e+00,6.231797160580754280e-04,1.917476067319512367e-03,-3.869398264214396477e-03,-4.454603493213653564e-01,-6.411243248294340447e-06,-1.405171497026458383e-04
5.831245660781860352e+00,7.190534961409866810e-04,3.451456781476736069e-03,2.230135351419448853e-02,2.385469228029251099e-01,4.354665725259110332e-05,2.809433208312839270e-04
5.833245754241943359e+00,4.793690168298780918e-04,3.067961661145091057e-03,-3.464080765843391418e-02,5.010272189974784851e-02,1.685706956777721643e-04,-3.209129208698868752e-04
5.835246086120605469e+00,4.793690168298780918e-04,3.067961661145091057e-03,-3.464080765843391418e-02,5.010272189974784851e-02,-2.563319576438516378e-04,-6.449138163588941097e-04
5.837246179580688477e+00,6.231797160580754280e-04,3.067961661145091057e-03,2.486614044755697250e-03,3.887381777167320251e-02,-2.563319576438516378e-04,-6.449138163588941097e-04
5.839246273040771484e+00,6.711166352033615112e-04,2.300971187651157379e-03,1.516831852495670319e-02,-1.690422743558883667e-01,-6.579594919458031654e-04,-4.028238763567060232e-04
5.841246366500854492e+00,6.711166352033615112e-04,2.300971187651157379e-03,1.516831852495670319e-02,-1.690422743558883667e-01,-3.549160610418766737e-04,-1.565289421705529094e-04
5.843246459960937500e+00,6.231797160580754280e-04,3.451456781476736069e-03,3.045040182769298553e-03,3.934840559959411621e-01,-3.549160610418766737e-04,-1.565289421705529094e-04
5.845246791839599609e+00,6.231797160580754280e-04,3.834952134639024734e-03,4.061426036059856415e-03,5.051301717758178711e-01,7.851789268897846341e-05,3.318770322948694229e-04
5.847246885299682617e+00,6.231797160580754280e-04,3.834952134639024734e-03,4.061426036059856415e-03,5.051301717758178711e-01,-6.569707329617813230e-05,-1.005726007861085236e-04
5.849246978759765625e+00,5.752427969127893448e-04,2.684466540813446045e-03,-7.362036034464836121e-03,-8.462020754814147949e-02,-6.569707329617813230e-05,-1.005726007861085236e-04
5.851247072219848633e+00,5.752427969127893448e-04,3.451456781476736069e-03,-7.558694574981927872e-03,2.194349020719528198e-01,2.176933339796960354e-04,2.482057243469171226e-05
5.853247165679931641e+00,5.752427969127893448e-04,3.451456781476736069e-03,-7.692273240536451340e-03,-1.698614358901977539e-01,6.029412033967673779e-04,-3.990977420471608639e-04
5.855247259140014648e+00,5.752427969127893448e-04,2.300971187651157379e-03,-7.692273240536451340e-03,-1.698614358901977539e-01,6.029412033967673779e-04,-3.990977420471608639e-04
5.857247352600097656e+00,4.793690168298780918e-04,4.601942375302314758e-03,-2.865054830908775330e-02,8.420019149780273438e-01,2.936180680990219116e-05,-5.380586953833699226e-04
5.859247446060180664e+00,4.793690168298780918e-04,4.601942375302314758e-03,-2.865054830908775330e-02,8.420019149780273438e-01,-2.806744305416941643e-04,3.464467008598148823e-04
5.861247539520263672e+00,5.273059359751641750e-04,1.917476067319512367e-03,-1.369563024491071701e-02,-4.510139226913452148e-01,-2.806744305416941643e-04,3.464467008598148823e-04
5.863247632980346680e+00,5.273059359751641750e-04,3.451456781476736069e-03,-1.024132687598466873e-02,2.648196518421173096e-01,4.586653631122317165e-06,2.293184661539271474e-04
5.865247726440429688e+00,5.273059359751641750e-04,3.451456781476736069e-03,-1.024132687598466873e-02,2.648196518421173096e-01,-5.975259118713438511e-04,4.196804075036197901e-04
5.867247819900512695e+00,6.231797160580754280e-04,2.684466540813446045e-03,1.734949462115764618e-02,-1.494429111480712891e-01,-5.975259118713438511e-04,4.196804075036197901e-04
5.869247913360595703e+00,5.752427969127893448e-04,3.451456781476736069e-03,6.352312862873077393e-03,2.054327279329299927e-01,2.470278996042907238e-04,-2.764601085800677538e-04
5.871248006820678711e+00,5.752427969127893448e-04,3.451456781476736069e-03,6.352312862873077393e-03,2.054327279329299927e-01,-3.951063845306634903e-04,2.095674863085150719e-04
5.873248100280761719e+00,4.793690168298780918e-04,2.684466540813446045e-03,-1.454153005033731461e-02,-3.418187499046325684e-01,-3.951063845306634903e-04,2.095674863085150719e-04
5.875248193740844727e+00,5.273059359751641750e-04,3.834952134639024734e-03,-3.504608990624547005e-03,3.959901034832000732e-01,-4.326364141888916492e-04,4.078927158843725920e-04
5.877248287200927734e+00,5.273059359751641750e-04,3.834952134639024734e-03,-3.504608990624547005e-03,3.959901034832000732e-01,1.933852472575381398e-04,-1.086488737200852484e-05
5.879248380661010742e+00,4.314320976845920086e-04,2.300971187651157379e-03,-3.056179173290729523e-02,-3.516855537891387939e-01,1.933852472575381398e-04,-1.086488737200852484e-05
5.881248712539672852e+00,4.793690168298780918e-04,3.451456781476736069e-03,-2.096982114017009735e-02,2.945953309535980225e-01,2.293780380568932742e-05,-2.820930967573076487e-05
5.883248805999755859e+00,4.793690168298780918e-04,3.451456781476736069e-03,-1.453369017690420151e-02,-2.039167582988739014e-01,-3.143553331028670073e-04,-2.020912215812131763e-04
5.885248899459838867e+00,5.273059359751641750e-04,2.300971187651157379e-03,-1.453369017690420151e-02,-2.039167582988739014e-01,-3.143553331028670073e-04,-2.020912215812131763e-04
5.887248992919921875e+00,5.273059359751641750e-04,2.684466540813446045e-03,-1.719690114259719849e-02,6.515842676162719727e-02,3.429936259635724127e-05,2.515104133635759354e-04
5.889249086380004883e+00,5.273059359751641750e-04,2.684466540813446045e-03,-1.719690114259719849e-02,6.515842676162719727e-02,2.156991540687158704e-04,-1.269812055397778749e-04
5.891249179840087891e+00,6.231797160580754280e-04,2.300971187651157379e-03,7.611145265400409698e-03,-1.100137606263160706e-01,2.156991540687158704e-04,-1.269812055397778749e-04
5.893249273300170898e+00,6.231797160580754280e-04,1.917476067319512367e-03,7.105805445462465286e-03,-2.948068082332611084e-01,-3.405746829230338335e-04,3.187502443324774504e-04
5.895249366760253906e+00,6.231797160580754280e-04,1.917476067319512367e-03,7.105805445462465286e-03,-2.948068082332611084e-01,-3.405746829230338335e-04,3.187502443324774504e-04
5.897249460220336914e+00,4.793690168298780918e-04,1.917476067319512367e-03,-2.316268905997276306e-02,-3.813569545745849609e-01,-2.304295339854434133e-04,-2.091634451062418520e-05
5.899249553680419922e+00,7.190534961409866810e-04,3.067961661145091057e-03,3.815240412950515747e-02,2.392064966261386871e-02,-3.674317267723381519e-04,-3.149744297843426466e-04
5.901249647140502930e+00,7.190534961409866810e-04,3.067961661145091057e-03,3.815240412950515747e-02,2.392064966261386871e-02,3.741258478839881718e-05,5.506322486326098442e-05
5.903249740600585938e+00,5.752427969127893448e-04,3.451456781476736069e-03,5.693017970770597458e-03,2.693291902542114258e-01,3.741258478839881718e-05,5.506322486326098442e-05
5.905249834060668945e+00,5.752427969127893448e-04,2.300971187651157379e-03,7.780157495290040970e-03,-3.587530553340911865e-01,-7.359535811701789498e-05,8.544405136490240693e-05
5.907249927520751953e+00,5.752427969127893448e-04,2.300971187651157379e-03,-1.407783385366201401e-02,2.436793446540832520e-01,-1.103178146877326071e-04,-4.586730483424616978e-06
5.909250020980834961e+00,4.793690168298780918e-04,3.451456781476736069e-03,-1.407783385366201401e-02,2.436793446540832520e-01,-1.103178146877326071e-04,-4.586730483424616978e-06
5.911250114440917969e+00,5.752427969127893448e-04,3.067961661145091057e-03,7.526525296270847321e-03,2.629011310636997223e-02,-2.544513263273984194e-04,-5.734605292673222721e-05
5.913250446319580078e+00,5.752427969127893448e-04,3.067961661145091057e-03,4.217278212308883667e-03,-2.649328708648681641e-01,-1.427581009920686483e-04,1.372359256492927670e-04
5.915250539779663086e+00,5.752427969127893448e-04,2.300971187651157379e-03,4.217278212308883667e-03,-2.649328708648681641e-01,-1.427581009920686483e-04,1.372359256492927670e-04
5.917250633239746094e+00,6.711166352033615112e-04,2.300971187651157379e-03,2.246839180588722229e-02,-2.384233325719833374e-01,5.562722799368202686e-05,-2.663752820808440447e-04
5.919250965118408203e+00,6.711166352033615112e-04,2.300971187651157379e-03,2.246839180588722229e-02,-2.384233325719833374e-01,-5.280428449623286724e-04,3.274526970926672220e-04
5.921251058578491211e+00,7.669904152862727642e-04,3.451456781476736069e-03,4.201673343777656555e-02,3.660211265087127686e-01,-5.280428449623286724e-04,3.274526970926672220e-04
5.923251152038574219e+00,6.711166352033615112e-04,2.684466540813446045e-03,1.486392784863710403e-02,5.112690478563308716e-02,-2.867892326321452856e-04,-5.532035138458013535e-04
5.925251245498657227e+00,6.711166352033615112e-04,2.684466540813446045e-03,1.486392784863710403e-02,5.112690478563308716e-02,4.751149390358477831e-04,-2.776268229354172945e-04
5.927251338958740234e+00,6.231797160580754280e-04,2.300971187651157379e-03,1.214190386235713959e-03,-2.917548418045043945e-01,4.751149390358477831e-04,-2.776268229354172945e-04
5.929251432418823242e+00,4.793690168298780918e-04,3.067961661145091057e-03,-3.261172771453857422e-02,2.311964929103851318e-01,2.413040931514842669e-07,-3.418905544094741344e-04
5.931251525878906250e+00,4.793690168298780918e-04,3.067961661145091057e-03,-3.261172771453857422e-02,2.311964929103851318e-01,-6.892995588714256883e-05,2.657616096257697791e-05
5.933251857757568359e+00,4.314320976845920086e-04,3.834952134639024734e-03,-4.302459210157394409e-02,4.715500175952911377e-01,-6.892995588714256883e-05,2.657616096257697791e-05
5.935251951217651367e+00,6.711166352033615112e-04,2.684466540813446045e-03,1.777749881148338318e-02,-9.137180447578430176e-02,-2.502866846043616533e-04,2.369025751249864697e-04
5.937252044677734375e+00,6.711166352033615112e-04,2.684466540813446045e-03,1.777749881148338318e-02,-9.137180447578430176e-02,-1.423883077222853899e-05,-8.640402666060253978e-05
5.939252138137817383e+00,4.793690168298780918e-04,3.067961661145091057e-03,-2.598298713564872742e-02,2.339727245271205902e-02,-1.423883077222853899e-05,-8.640402666060253978e-05
5.941252231597900391e+00,6.231797160580754280e-04,3.834952134639024734e-03,1.303139235824346542e-02,3.961156606674194336e-01,1.202201674459502101e-04,-4.658571560867130756e-04
5.943252325057983398e+00,6.231797160580754280e-04,3.834952134639024734e-03,6.287599448114633560e-03,7.892032861709594727e-01,-3.281132958363741636e-04,3.686099080368876457e-04
5.945252418518066406e+00,5.752427969127893448e-04,4.601942375302314758e-03,6.287599448114633560e-03,7.892032861709594727e-01,-3.281132958363741636e-04,3.686099080368876457e-04
5.947252511978149414e+00,4.314320976845920086e-04,3.067961661145091057e-03,-2.368280105292797089e-02,-7.881736010313034058e-02,-3.666391130536794662e-04,1.551238383399322629e-04
5.949252605438232422e+00,4.314320976845920086e-04,3.067961661145091057e-03,1.465099863708019257e-02,-1.873231977224349976e-01,9.324453276349231601e-05,-1.093883183784782887e-04
5.951252698898315430e+00,5.752427969127893448e-04,2.684466540813446045e-03,1.465099863708019257e-02,-1.873231977224349976e-01,9.324453276349231601e-05,-1.093883183784782887e-04
5.953252792358398438e+00,4.314320976845920086e-04,2.684466540813446045e-03,-1.997224055230617523e-02,-2.361504882574081421e-01,-2.065516600850969553e-04,-4.808194062206894159e-04
5.955252885818481445e+00,4.314320976845920086e-04,2.684466540813446045e-03,-1.997224055230617523e-02,-4.360137507319450378e-02,-2.240021713078022003e-04,-2.262868074467405677e-04
5.957252979278564453e+00,7.190534961409866810e-04,3.067961661145091057e-03,5.048036202788352966e-02,-4.360137507319450378e-02,-2.240021713078022003e-04,-2.262868074467405677e-04
5.959253072738647461e+00,5.752427969127893448e-04,3.067961661145091057e-03,1.541986782103776932e-02,1.245020553469657898e-01,5.026038270443677902e-04,1.441835775040090084e-04
5.961253166198730469e+00,5.752427969127893448e-04,3.067961661145091057e-03,1.541986782103776932e-02,1.245020553469657898e-01,4.528674253378994763e-05,-3.900569572579115629e-05
5.963253259658813477e+00,4.793690168298780918e-04,3.451456781476736069e-03,-1.424627751111984253e-02,2.017365247011184692e-01,4.528674253378994763e-05,-3.900569572579115629e-05
5.965253353118896484e+00,5.273059359751641750e-04,3.067961661145091057e-03,-8.099734783172607422e-03,1.015030294656753540e-01,-5.640221061185002327e-04,5.056345980847254395e-05
5.967253446578979492e+00,5.273059359751641750e-04,3.067961661145091057e-03,5.336880683898925781e-02,-6.921590864658355713e-02,2.114673261530697346e-04,1.968410106201190501e-05
5.969253540039062500e+00,8.149273344315588474e-04,2.684466540813446045e-03,5.336880683898925781e-02,-6.921590864658355713e-02,2.114673261530697346e-04,1.968410106201190501e-05
5.971253633499145508e+00,5.752427969127893448e-04,2.684466540813446045e-03,-1.200156938284635544e-02,-5.286175012588500977e-02,3.516793003655038774e-05,1.168816670542582870e-04
5.973253965377807617e+00,5.752427969127893448e-04,2.684466540813446045e-03,-7.680384442210197449e-03,-6.177396699786186218e-02,7.598965894430875778e-04,-3.259296645410358906e-04
5.975254058837890625e+00,6.231797160580754280e-04,2.684466540813446045e-03,-7.680384442210197449e-03,-6.177396699786186218e-02,7.598965894430875778e-04,-3.259296645410358906e-04
5.977254152297973633e+00,5.273059359751641750e-04,3.067961661145091057e-03,-3.513536602258682251e-02,2.370052486658096313e-01,2.414932823739945889e-04,-7.635246220161207020e-06
5.979254484176635742e+00,5.273059359751641750e-04,3.067961661145091057e-03,-3.513536602258682251e-02,2.370052486658096313e-01,-3.853561647702008486e-04,5.699227331206202507e-04
5.981254577636718750e+00,7.190534961409866810e-04,1.917476067319512367e-03,1.033926103264093399e-02,-3.507962226867675781e-01,-3.853561647702008486e-04,5.699227331206202507e-04
5.983254671096801758e+00,6.231797160580754280e-04,4.218447487801313400e-03,-9.395010769367218018e-03,6.604414582252502441e-01,-1.015668676700443029e-04,7.008751254033995792e-06
5.985255002975463867e+00,6.231797160580754280e-04,4.218447487801313400e-03,-9.395010769367218018e-03,6.604414582252502441e-01,3.501619357848539948e-05,3.947727964259684086e-04
5.987255096435546875e+00,7.190534961409866810e-04,3.067961661145091057e-03,1.735861785709857941e-02,1.393606513738632202e-01,3.501619357848539948e-05,3.947727964259684086e-04
5.989255189895629883e+00,5.752427969127893448e-04,3.451456781476736069e-03,-1.260534115135669708e-02,1.778875887393951416e-01,1.560719283588696271e-05,-2.622874162625521421e-04
5.991255283355712891e+00,5.752427969127893448e-04,3.451456781476736069e-03,-1.260534115135669708e-02,1.778875887393951416e-01,1.560158852953463793e-04,2.576677652541548014e-04
5.993255376815795898e+00,5.752427969127893448e-04,3.067961661145091057e-03,-8.102908730506896973e-03,6.067463755607604980e-02,1.560158852953463793e-04,2.576677652541548014e-04
5.995255470275878906e+00,7.190534961409866810e-04,3.834952134639024734e-03,3.200741857290267944e-02,4.007433652877807617e-01,-3.200093051418662071e-04,-4.485475074034184217e-05
5.997255563735961914e+00,7.190534961409866810e-04,3.834952134639024734e-03,3.200741857290267944e-02,-2.638627588748931885e-01,-4.503105810726992786e-05,-3.432554367464035749e-04
5.999255895614624023e+00,3.834952076431363821e-04,2.684466540813446045e-03,-4.595610499382019043e-02,-2.638627588748931885e-01,-4.503105810726992786e-05,-3.432554367464035749e-04
6.001255989074707031e+00,6.231797160580754280e-04,2.684466540813446045e-03,1.410467550158500671e-02,-1.712882965803146362e-01,5.622271419269964099e-05,4.280595749150961637e-04
6.003256082534790039e+00,6.231797160580754280e-04,2.684466540813446045e-03,-2.201047725975513458e-02,-2.593547403812408447e-01,9.760067769093438983e-05,4.456440510693937540e-04
6.005256414413452148e+00,4.793690168298780918e-04,2.684466540813446045e-03,-2.201047725975513458e-02,-2.593547403812408447e-01,9.760067769093438983e-05,4.456440510693937540e-04
6.007256507873535156e+00,6.711166352033615112e-04,3.451456781476736069e-03,2.162018045783042908e-02,1.475400775671005249e-01,3.191380528733134270e-04,1.815581199480220675e-04
6.009256601333618164e+00,6.711166352033615112e-04,3.451456781476736069e-03,2.162018045783042908e-02,1.475400775671005249e-01,1.581008109496906400e-04,-1.511367008788511157e-04
6.011256933212280273e+00,8.149273344315588474e-04,2.684466540813446045e-03,5.124131962656974792e-02,-1.708283573389053345e-01,1.581008109496906400e-04,-1.511367008788511157e-04
6.013257265090942383e+00,7.190534961409866810e-04,2.684466540813446045e-03,1.986593753099441528e-02,-2.807226404547691345e-02,-1.381777401547878981e-04,5.944868316873908043e-04
6.015257596969604492e+00,7.190534961409866810e-04,2.684466540813446045e-03,1.986593753099441528e-02,-2.807226404547691345e-02,2.284122019773349166e-04,-2.754481101874262094e-04
6.017257690429687500e+00,7.190534961409866810e-04,2.300971187651157379e-03,1.016266085207462311e-02,-2.064426690340042114e-01,2.284122019773349166e-04,-2.754481101874262094e-04
6.019257783889770508e+00,8.149273344315588474e-04,2.300971187651157379e-03,2.633633092045783997e-02,-1.460006386041641235e-01,1.808564265957102180e-04,-4.570141027215868235e-05
6.021257877349853516e+00,8.149273344315588474e-04,2.300971187651157379e-03,2.633633092045783997e-02,-1.460006386041641235e-01,-1.332962419837713242e-04,-3.258209035266190767e-04
6.023258209228515625e+00,7.190534961409866810e-04,2.684466540813446045e-03,-1.711427699774503708e-03,-3.309678658843040466e-02,-1.332962419837713242e-04,-3.258209035266190767e-04
6.025258302688598633e+00,7.669904152862727642e-04,3.067961661145091057e-03,9.356964379549026489e-03,1.504917740821838379e-01,7.157419895520433784e-05,1.538418146083131433e-04
6.027258396148681641e+00,7.669904152862727642e-04,3.067961661145091057e-03,9.356964379549026489e-03,1.504917740821838379e-01,2.191173553001135588e-04,-1.301207666983827949e-04
6.029258489608764648e+00,6.231797160580754280e-04,4.218447487801313400e-03,-2.176278457045555115e-02,6.046175360679626465e-01,2.191173553001135588e-04,-1.301207666983827949e-04
6.031258821487426758e+00,6.231797160580754280e-04,3.451456781476736069e-03,-1.444855239242315292e-02,1.534968018531799316e-01,6.757600931450724602e-05,2.159479663532692939e-05
6.033258914947509766e+00,6.231797160580754280e-04,3.451456781476736069e-03,-9.318316355347633362e-03,-1.185678318142890930e-01,-1.134541089413687587e-04,-1.523815153632313013e-04
6.035480022430419922e+00,6.231797160580754280e-04,2.684466540813446045e-03,-9.318316355347633362e-03,-1.185678318142890930e-01,-1.134541089413687587e-04,-1.523815153632313013e-04
6.037480115890502930e+00,5.752427969127893448e-04,3.067961661145091057e-03,-1.492590736597776413e-02,-4.111519828438758850e-02,-4.896050086244940758e-04,-4.120595694985240698e-04
6.039480209350585938e+00,5.752427969127893448e-04,3.067961661145091057e-03,-8.715488947927951813e-03,-1.344161387532949448e-02,4.971872549504041672e-04,-1.703892303339671344e-05
6.041480302810668945e+00,5.752427969127893448e-04,3.067961661145091057e-03,-8.715488947927951813e-03,-1.344161387532949448e-02,4.971872549504041672e-04,-1.703892303339671344e-05
6.043480396270751953e+00,6.231797160580754280e-04,2.300971187651157379e-03,3.880028612911701202e-03,-3.438841402530670166e-01,-2.694789145607501268e-04,-2.841432578861713409e-04
6.045480489730834961e+00,5.752427969127893448e-04,3.067961661145091057e-03,-7.635585498064756393e-03,-1.099308859556913376e-02,-1.203637293656356633e-04,-1.552145113237202168e-04
6.047480583190917969e+00,5.752427969127893448e-04,3.067961661145091057e-03,-7.635585498064756393e-03,-1.099308859556913376e-02,-1.203637293656356633e-04,-1.552145113237202168e-04
6.049480915069580078e+00,8.149273344315588474e-04,3.451456781476736069e-03,4.875475168228149414e-02,1.817225217819213867e-01,-4.736780247185379267e-04,1.440409250790253282e-04
6.051481008529663086e+00,8.149273344315588474e-04,3.451456781476736069e-03,-1.109468750655651093e-02,4.339868128299713135e-01,4.012073623016476631e-04,-1.780809689080342650e-04
6.053481101989746094e+00,5.752427969127893448e-04,3.834952134639024734e-03,-1.109468750655651093e-02,4.339868128299713135e-01,4.012073623016476631e-04,-1.780809689080342650e-04
6.055481433868408203e+00,8.149273344315588474e-04,3.067961661145091057e-03,4.351676627993583679e-02,8.906369656324386597e-02,2.840779488906264305e-04,-1.082844246411696076e-04
6.057481527328491211e+00,8.149273344315588474e-04,3.067961661145091057e-03,-4.236985370516777039e-02,2.680783569812774658e-01,-1.162028420367278159e-04,7.433201972162351012e-05
6.059481620788574219e+00,4.793690168298780918e-04,3.451456781476736069e-03,-4.236985370516777039e-02,2.680783569812774658e-01,-1.162028420367278159e-04,7.433201972162351012e-05
6.061481714248657227e+00,6.231797160580754280e-04,2.300971187651157379e-03,-9.240609593689441681e-03,-1.871904283761978149e-01,2.167753118555992842e-04,3.306203871034085751e-04
6.063492298126220703e+00,6.231797160580754280e-04,2.300971187651157379e-03,-3.277559950947761536e-02,2.286915630102157593e-01,-1.990577293327078223e-04,-3.972711565438657999e-04
6.065492391586303711e+00,5.273059359751641750e-04,3.067961661145091057e-03,-3.277559950947761536e-02,2.286915630102157593e-01,-1.990577293327078223e-04,-3.972711565438657999e-04
6.067492485046386719e+00,5.752427969127893448e-04,3.067961661145091057e-03,-2.077941782772541046e-02,1.670450866222381592e-01,-2.201801253249868751e-04,1.647354074520990252e-04
6.069493055343627930e+00,7.669904152862727642e-04,3.067961661145091057e-03,2.594275958836078644e-02,1.374728381633758545e-01,-5.631198655464686453e-05,1.076872940757311881e-04
6.071493148803710938e+00,7.669904152862727642e-04,3.067961661145091057e-03,2.594275958836078644e-02,1.374728381633758545e-01,-5.631198655464686453e-05,1.076872940757311881e-04
6.073493242263793945e+00,6.231797160580754280e-04,3.451456781476736069e-03,-3.486068919301033020e-03,1.711111366748809814e-01,1.263831072719767690e-04,3.438259300310164690e-04
6.075493574142456055e+00,6.231797160580754280e-04,3.451456781476736069e-03,-3.529335930943489075e-02,1.368561852723360062e-02,-6.003722592140547931e-05,1.176112527900841087e-05
6.077493667602539062e+00,4.793690168298780918e-04,3.067961661145091057e-03,-3.529335930943489075e-02,1.368561852723360062e-02,-6.003722592140547931e-05,1.176112527900841087e-05
6.079493761062622070e+00,4.314320976845920086e-04,3.067961661145091057e-03,-4.302271082997322083e-02,7.893534749746322632e-02,-8.072711352724581957e-05,5.134244565851986408e-04
6.081493854522705078e+00,4.314320976845920086e-04,3.067961661145091057e-03,8.156311698257923126e-03,1.248396188020706177e-01,-5.123219307279214263e-05,1.881251955637708306e-05
6.083493947982788086e+00,6.231797160580754280e-04,3.451456781476736069e-03,8.156311698257923126e-03,1.248396188020706177e-01,-5.123219307279214263e-05,1.881251955637708306e-05
6.085494041442871094e+00,5.752427969127893448e-04,2.684466540813446045e-03,-1.234272931469604373e-04,-1.214861795306205750e-01,-4.259885754436254501e-04,-1.212220959132537246e-04
6.087494134902954102e+00,5.273059359751641750e-04,2.684466540813446045e-03,-1.077309902757406235e-02,-2.220319062471389771e-01,-2.587051421869546175e-04,-3.430069773457944393e-04
6.089494228363037109e+00,5.273059359751641750e-04,2.684466540813446045e-03,-1.077309902757406235e-02,-2.220319062471389771e-01,-2.587051421869546175e-04,-3.430069773457944393e-04
6.091494321823120117e+00,7.190534961409866810e-04,2.300971187651157379e-03,3.355877473950386047e-02,-3.093865215778350830e-01,-1.835338625824078918e-04,-2.361427032155916095e-04
6.093494415283203125e+00,7.190534961409866810e-04,2.300971187651157379e-03,-3.922937437891960144e-02,-3.194648027420043945e-01,1.046798570314422250e-04,-1.566718565300107002e-04
6.095494508743286133e+00,4.314320976845920086e-04,2.300971187651157379e-03,-3.922937437891960144e-02,-3.194648027420043945e-01,1.046798570314422250e-04,-1.566718565300107002e-04
6.097494602203369141e+00,5.752427969127893448e-04,2.684466540813446045e-03,-8.470741100609302521e-03,1.756993238814175129e-03,-1.107571079046465456e-04,-6.804803706472739577e-05
6.099494695663452148e+00,5.752427969127893448e-04,2.684466540813446045e-03,4.495403170585632324e-02,1.559022963047027588e-01,-1.623824937269091606e-04,-2.182202733820304275e-04
6.101495027542114258e+00,8.149273344315588474e-04,3.067961661145091057e-03,4.495403170585632324e-02,1.559022963047027588e-01,-1.623824937269091606e-04,-2.182202733820304275e-04
6.103495121002197266e+00,4.793690168298780918e-04,3.067961661145091057e-03,-3.749670833349227905e-02,1.087455824017524719e-01,2.295207668794319034e-04,-4.441505298018455505e-04
6.105495214462280273e+00,7.190534961409866810e-04,2.300971187651157379e-03,2.327959984540939331e-02,-2.797499895095825195e-01,1.855750597314909101e-04,1.949729776242747903e-04
6.107495307922363281e+00,7.190534961409866810e-04,2.300971187651157379e-03,2.327959984540939331e-02,-2.797499895095825195e-01,1.855750597314909101e-04,1.949729776242747903e-04
6.109495401382446289e+00,6.231797160580754280e-04,2.300971187651157379e-03,5.557559896260499954e-03,-1.699509322643280029e-01,2.968786611745599657e-05,2.392054739175364375e-04
6.111495733261108398e+00,5.273059359751641750e-04,3.451456781476736069e-03,-1.387247629463672638e-02,2.929873466491699219e-01,-2.015683821809943765e-05,4.901616921415552497e-05
6.113495826721191406e+00,5.273059359751641750e-04,3.451456781476736069e-03,-1.387247629463672638e-02,2.929873466491699219e-01,-2.015683821809943765e-05,4.901616921415552497e-05
6.115495920181274414e+00,5.273059359751641750e-04,2.300971187651157379e-03,-1.015166006982326508e-02,-3.005957901477813721e-01,5.181956221349537373e-04,4.174659552518278360e-04
6.117496013641357422e+00,5.273059359751641750e-04,2.300971187651157379e-03,-4.205030947923660278e-02,-6.860975176095962524e-02,-3.137890307698398829e-04,-7.676314271520823240e-05
6.119496107101440430e+00,3.834952076431363821e-04,2.684466540813446045e-03,-4.205030947923660278e-02,-6.860975176095962524e-02,-3.137890307698398829e-04,-7.676314271520823240e-05
6.121496200561523438e+00,5.273059359751641750e-04,3.067961661145091057e-03,-2.143023535609245300e-03,1.941463677212595940e-03,1.400789769832044840e-04,6.332045304588973522e-04
6.123496532440185547e+00,6.231797160580754280e-04,2.684466540813446045e-03,2.237408421933650970e-02,-5.930607765913009644e-02,-2.399748918833211064e-04,2.162402815883979201e-04
6.125496625900268555e+00,6.231797160580754280e-04,2.684466540813446045e-03,2.237408421933650970e-02,-5.930607765913009644e-02,-2.399748918833211064e-04,2.162402815883979201e-04
6.127496719360351562e+00,6.231797160580754280e-04,3.451456781476736069e-03,2.194243483245372772e-02,2.395073175430297852e-01,-5.393833271227777004e-05,4.498658381635323167e-05
6.129497051239013672e+00,6.711166352033615112e-04,3.067961661145091057e-03,3.047099895775318146e-02,6.997361034154891968e-02,-2.883851120714098215e-04,1.226566819241270423e-04
6.131497144699096680e+00,6.711166352033615112e-04,3.067961661145091057e-03,3.047099895775318146e-02,6.997361034154891968e-02,-2.883851120714098215e-04,1.226566819241270423e-04
6.133497238159179688e+00,5.273059359751641750e-04,3.067961661145091057e-03,-6.285396870225667953e-03,1.313746720552444458e-01,-2.840173256117850542e-04,-6.289771990850567818e-04
6.135497331619262695e+00,6.231797160580754280e-04,2.684466540813446045e-03,1.304975990206003189e-02,2.113171387463808060e-03,-4.403720377013087273e-04,3.268437285441905260e-04
6.137497425079345703e+00,6.231797160580754280e-04,2.684466540813446045e-03,1.304975990206003189e-02,2.113171387463808060e-03,-4.403720377013087273e-04,3.268437285441905260e-04
6.139497518539428711e+00,4.793690168298780918e-04,2.684466540813446045e-03,-2.311662770807743073e-02,-3.802466019988059998e-02,3.700148372445255518e-04,-1.232129288837313652e-04
6.141497611999511719e+00,7.190534961409866810e-04,1.917476067319512367e-03,3.354763612151145935e-02,-3.330964744091033936e-01,3.082145121879875660e-04,4.837325832340866327e-04
6.143497705459594727e+00,7.190534961409866810e-04,1.917476067319512367e-03,3.354763612151145935e-02,-3.330964744091033936e-01,3.082145121879875660e-04,4.837325832340866327e-04
6.145497798919677734e+00,5.273059359751641750e-04,2.684466540813446045e-03,-1.361960452049970627e-02,-6.662441045045852661e-02,5.222884938120841980e-04,3.209631540812551975e-04
6.147497892379760742e+00,3.834952076431363821e-04,3.067961661145091057e-03,-4.501357302069664001e-02,8.924736827611923218e-02,-1.650666818022727966e-04,-2.532056241761893034e-04
6.149497985839843750e+00,3.834952076431363821e-04,3.067961661145091057e-03,-4.501357302069664001e-02,8.924736827611923218e-02,-1.650666818022727966e-04,-2.532056241761893034e-04
6.151498079299926758e+00,6.231797160580754280e-04,2.300971187651157379e-03,1.560884434729814529e-02,-2.599778473377227783e-01,-1.914336608024314046e-04,-4.366763459984213114e-05
6.153498172760009766e+00,6.231797160580754280e-04,2.300971187651157379e-03,-2.716969139873981476e-02,-6.295427083969116211e-01,2.837280044332146645e-04,-2.667385560926049948e-04
6.155498266220092773e+00,4.314320976845920086e-04,1.533980830572545528e-03,-2.716969139873981476e-02,-6.295427083969116211e-01,2.837280044332146645e-04,-2.667385560926049948e-04
6.157498359680175781e+00,5.752427969127893448e-04,2.300971187651157379e-03,1.028147153556346893e-02,-2.034901082515716553e-01,-2.913614735007286072e-04,5.424003466032445431e-04
6.159498453140258789e+00,5.273059359751641750e-04,1.917476067319512367e-03,-9.029534994624555111e-04,-5.075345635414123535e-01,2.637506113387644291e-04,-3.789161855820566416e-04
6.161498546600341797e+00,5.273059359751641750e-04,1.917476067319512367e-03,-9.029534994624555111e-04,-5.075345635414123535e-01,2.637506113387644291e-04,-3.789161855820566416e-04
6.163498640060424805e+00,5.273059359751641750e-04,3.834952134639024734e-03,1.546480925753712654e-03,3.517125844955444336e-01,1.292496308451518416e-04,-7.295976683963090181e-05
6.165498733520507812e+00,6.711166352033615112e-04,3.451456781476736069e-03,3.330703824758529663e-02,1.517428308725357056e-01,3.422532172407954931e-04,3.701791283674538136e-04
6.167498826980590820e+00,6.711166352033615112e-04,3.451456781476736069e-03,3.330703824758529663e-02,1.517428308725357056e-01,3.422532172407954931e-04,3.701791283674538136e-04
6.169498920440673828e+00,6.231797160580754280e-04,2.684466540813446045e-03,1.903010904788970947e-02,-2.495706379413604736e-01,1.986220304388552904e-04,-3.496912540867924690e-06
6.171499013900756836e+00,5.752427969127893448e-04,3.451456781476736069e-03,3.675689920783042908e-03,3.434906601905822754e-01,-2.206905046477913857e-04,-4.209874314256012440e-04
6.173499107360839844e+00,5.752427969127893448e-04,3.451456781476736069e-03,3.675689920783042908e-03,3.434906601905822754e-01,-2.206905046477913857e-04,-4.209874314256012440e-04
6.175499200820922852e+00,7.669904152862727642e-04,3.067961661145091057e-03,4.453266412019729614e-02,1.122894808650016785e-01,-1.141361717600375414e-04,-2.037258673226460814e-04
6.177499294281005859e+00,5.752427969127893448e-04,2.684466540813446045e-03,-7.358068600296974182e-03,-1.185835450887680054e-01,-1.675998209975659847e-04,-1.656780514167621732e-04
6.179499387741088867e+00,5.752427969127893448e-04,2.684466540813446045e-03,-7.358068600296974182e-03,-1.185835450887680054e-01,-1.675998209975659847e-04,-1.656780514167621732e-04
6.181499481201171875e+00,6.711166352033615112e-04,2.300971187651157379e-03,1.197666488587856293e-02,-2.171923518180847168e-01,-3.021615557372570038e-04,-3.558288153726607561e-04
6.183499574661254883e+00,6.711166352033615112e-04,3.067961661145091057e-03,6.903395522385835648e-03,1.807677894830703735e-01,-5.184165784157812595e-04,-8.401702871196903288e-06
6.185499668121337891e+00,6.711166352033615112e-04,3.067961661145091057e-03,6.903395522385835648e-03,1.807677894830703735e-01,-5.184165784157812595e-04,-8.401702871196903288e-06
6.187499761581420898e+00,6.231797160580754280e-04,1.917476067319512367e-03,-7.044355850666761398e-03,-3.758346140384674072e-01,1.720718319120351225e-05,-2.197300345869734883e-04
6.189499855041503906e+00,6.231797160580754280e-04,1.917476067319512367e-03,-9.393787942826747894e-03,-2.663014531135559082e-01,-1.876098394859582186e-04,9.814846271183341742e-05
6.191499948501586914e+00,6.231797160580754280e-04,2.300971187651157379e-03,-9.393787942826747894e-03,-2.663014531135559082e-01,-1.876098394859582186e-04,9.814846271183341742e-05
6.193500041961669922e+00,5.752427969127893448e-04,3.451456781476736069e-03,-2.163097821176052094e-02,2.520087361335754395e-01,1.712936791591346264e-04,1.064595708157867193e-04
6.195500135421752930e+00,5.752427969127893448e-04,3.451456781476736069e-03,-2.047424018383026123e-02,2.648636102676391602e-01,4.267398035153746605e-04,8.646668866276741028e-04
6.197500228881835938e+00,5.752427969127893448e-04,3.451456781476736069e-03,-2.047424018383026123e-02,2.648636102676391602e-01,4.267398035153746605e-04,8.646668866276741028e-04
6.199500322341918945e+00,6.231797160580754280e-04,2.684466540813446045e-03,-6.611680146306753159e-03,-1.847039461135864258e-01,-1.494625030318275094e-05,-1.036672256304882467e-05
6.201500415802001953e+00,4.793690168298780918e-04,2.300971187651157379e-03,-3.983699157834053040e-02,-2.200687974691390991e-01,9.113609849009662867e-05,2.214356209151446819e-05
6.203500509262084961e+00,4.793690168298780918e-04,2.300971187651157379e-03,-3.983699157834053040e-02,-2.200687974691390991e-01,9.113609849009662867e-05,2.214356209151446819e-05
6.205500602722167969e+00,6.231797160580754280e-04,3.067961661145091057e-03,-3.519693622365593910e-03,2.264023199677467346e-02,2.941254351753741503e-04,-1.624241267563775182e-04
6.207500696182250977e+00,6.231797160580754280e-04,3.067961661145091057e-03,-3.136091865599155426e-03,3.046235814690589905e-02,-1.011558051686733961e-04,4.132441827096045017e-04
6.209500789642333984e+00,6.231797160580754280e-04,3.067961661145091057e-03,-3.136091865599155426e-03,3.046235814690589905e-02,-1.011558051686733961e-04,4.132441827096045017e-04
6.211500883102416992e+00,5.752427969127893448e-04,2.684466540813446045e-03,-1.616950891911983490e-02,-1.684545129537582397e-01,-2.421669632894918323e-04,3.825559979304671288e-04
6.213500976562500000e+00,5.752427969127893448e-04,2.684466540813446045e-03,3.930228296667337418e-03,-2.780337035655975342e-01,-5.256137592368759215e-05,4.901472129859030247e-04
6.215501070022583008e+00,6.711166352033615112e-04,2.300971187651157379e-03,3.930228296667337418e-03,-2.780337035655975342e-01,-5.256137592368759215e-05,4.901472129859030247e-04
6.217501163482666016e+00,6.711166352033615112e-04,3.067961661145091057e-03,-5.553039954975247383e-04,9.952368587255477905e-02,6.512419349746778607e-05,1.120998276746831834e-04
6.219501256942749023e+00,7.190534961409866810e-04,3.834952134639024734e-03,6.427467335015535355e-03,3.679529130458831787e-01,-4.744108446175232530e-05,-1.047528494382277131e-04
6.221501350402832031e+00,7.190534961409866810e-04,3.834952134639024734e-03,6.427467335015535355e-03,3.679529130458831787e-01,-4.744108446175232530e-05,-1.047528494382277131e-04
6.223501682281494141e+00,7.190534961409866810e-04,2.684466540813446045e-03,3.693596459925174713e-03,-1.383015811443328857e-01,-1.635013031773269176e-04,2.128609630744904280e-04
6.225501775741577148e+00,8.628641953691840172e-04,2.684466540813446045e-03,3.715110197663307190e-02,-1.055956259369850159e-01,1.567324507050216198e-04,-1.251326175406575203e-04
6.227501869201660156e+00,8.628641953691840172e-04,2.684466540813446045e-03,3.715110197663307190e-02,-1.055956259369850159e-01,1.567324507050216198e-04,-1.251326175406575203e-04
6.229501962661743164e+00,7.669904152862727642e-04,2.300971187651157379e-03,1.259627565741539001e-02,-2.536142468452453613e-01,-4.105188709218055010e-04,6.380592240020632744e-04
6.231502056121826172e+00,6.711166352033615112e-04,2.684466540813446045e-03,-1.000723242759704590e-02,-6.429227441549301147e-02,5.741579298046417534e-05,-5.494957440532743931e-04
6.233502149581909180e+00,6.711166352033615112e-04,2.684466540813446045e-03,-1.000723242759704590e-02,-6.429227441549301147e-02,5.741579298046417534e-05,-5.494957440532743931e-04
6.235502243041992188e+00,6.711166352033615112e-04,3.067961661145091057e-03,-1.241413783282041550e-02,1.380052119493484497e-01,-2.153970308427233249e-05,-1.548593281768262386e-04
6.237502336502075195e+00,5.752427969127893448e-04,2.300971187651157379e-03,-3.508193790912628174e-02,-2.775340676307678223e-01,-2.286177041241899133e-04,-1.716258120723068714e-04
6.239502429962158203e+00,5.752427969127893448e-04,2.300971187651157379e-03,-3.508193790912628174e-02,-2.775340676307678223e-01,-2.286177041241899133e-04,-1.716258120723068714e-04
6.241502761840820312e+00,6.231797160580754280e-04,2.684466540813446045e-03,-2.286531217396259308e-02,-5.985154211521148682e-02,8.627297938801348209e-05,5.113016231916844845e-04
6.243502855300903320e+00,7.190534961409866810e-04,3.451456781476736069e-03,-3.777794190682470798e-04,2.202017307281494141e-01,2.219446105300448835e-05,2.002914261538535357e-04
6.245502948760986328e+00,7.190534961409866810e-04,3.451456781476736069e-03,-3.777794190682470798e-04,2.202017307281494141e-01,2.219446105300448835e-05,2.002914261538535357e-04
6.247503042221069336e+00,4.314320976845920086e-04,3.067961661145091057e-03,-7.081340998411178589e-02,1.445796042680740356e-01,3.541986807249486446e-04,-2.609090297482907772e-04
6.249503135681152344e+00,6.231797160580754280e-04,2.684466540813446045e-03,-2.243718132376670837e-02,-6.474154442548751831e-02,1.177233061753213406e-04,1.326031488133594394e-04
6.251503229141235352e+00,6.231797160580754280e-04,2.684466540813446045e-03,-2.243718132376670837e-02,-6.474154442548751831e-02,1.177233061753213406e-04,1.326031488133594394e-04
6.253503322601318359e+00,8.149273344315588474e-04,2.684466540813446045e-03,2.436438016593456268e-02,-1.295316517353057861e-01,-8.866660937201231718e-05,-2.248876699013635516e-04
6.255503416061401367e+00,6.231797160580754280e-04,2.684466540813446045e-03,-2.020671591162681580e-02,-1.179394498467445374e-01,-6.960274768061935902e-04,-7.506724796257913113e-05
6.257503509521484375e+00,6.231797160580754280e-04,2.684466540813446045e-03,-2.020671591162681580e-02,-1.179394498467445374e-01,-6.960274768061935902e-04,-7.506724796257913113e-05
6.259503602981567383e+00,5.273059359751641750e-04,2.300971187651157379e-03,-3.821574524044990540e-02,-3.592488765716552734e-01,-9.368349128635600209e-05,-3.477844002190977335e-04
6.261503696441650391e+00,7.190534961409866810e-04,3.067961661145091057e-03,1.495608687400817871e-02,-1.909646391868591309e-02,-2.243757771793752909e-04,2.407403080724179745e-04
6.263504028320312500e+00,7.190534961409866810e-04,3.067961661145091057e-03,1.495608687400817871e-02,-1.909646391868591309e-02,-2.243757771793752909e-04,2.407403080724179745e-04
6.265504121780395508e+00,6.231797160580754280e-04,2.684466540813446045e-03,-4.444062709808349609e-03,-1.942141950130462646e-01,5.219426384428516030e-05,2.207799383313613362e-07
6.267504215240478516e+00,6.231797160580754280e-04,3.067961661145091057e-03,5.270314868539571762e-04,-2.191924303770065308e-02,-1.131268509197980165e-04,-1.544846891192719340e-04
6.269504308700561523e+00,6.231797160580754280e-04,3.067961661145091057e-03,5.270314868539571762e-04,-2.191924303770065308e-02,-1.131268509197980165e-04,-1.544846891192719340e-04
6.271504402160644531e+00,5.273059359751641750e-04,3.451456781476736069e-03,-2.034048549830913544e-02,1.911519765853881836e-01,6.900801236042752862e-05,9.737558866618201137e-05
6.273504495620727539e+00,4.793690168298780918e-04,3.067961661145091057e-03,-2.926185354590415955e-02,1.057249233126640320e-01,1.278487525269156322e-05,2.382847160333767533e-04
6.275504589080810547e+00,4.793690168298780918e-04,3.067961661145091057e-03,-2.926185354590415955e-02,1.057249233126640320e-01,1.278487525269156322e-05,2.382847160333767533e-04
6.277504682540893555e+00,3.834952076431363821e-04,2.684466540813446045e-03,-5.139762535691261292e-02,-1.996264159679412842e-01,4.213974752929061651e-04,3.008083731401711702e-04
6.279504776000976562e+00,5.752427969127893448e-04,2.300971187651157379e-03,-3.811155445873737335e-03,-3.528588116168975830e-01,1.447587128495797515e-04,-4.879320331383496523e-04
6.281504869461059570e+00,5.752427969127893448e-04,2.300971187651157379e-03,-3.811155445873737335e-03,-3.528588116168975830e-01,1.447587128495797515e-04,-4.879320331383496523e-04
6.283504962921142578e+00,6.711166352033615112e-04,2.300971187651157379e-03,2.038250304758548737e-02,-3.344860374927520752e-01,1.867248065536841750e-04,2.122104924637824297e-04
6.285505056381225586e+00,6.231797160580754280e-04,2.684466540813446045e-03,5.140656605362892151e-03,-1.159877777099609375e-01,-2.602426320663653314e-05,2.223860647063702345e-04
6.287505149841308594e+00,6.231797160580754280e-04,2.684466540813446045e-03,5.140656605362892151e-03,-1.159877777099609375e-01,-2.602426320663653314e-05,2.223860647063702345e-04
6.289505243301391602e+00,7.669904152862727642e-04,1.917476067319512367e-03,3.818876296281814575e-02,-4.407491087913513184e-01,1.445769012207165360e-04,2.499518741387873888e-04
6.291505575180053711e+00,6.231797160580754280e-04,2.300971187651157379e-03,2.318873157491907477e-04,-2.412311732769012451e-01,-5.711520134354941547e-05,-5.175150581635534763e-04
6.293505668640136719e+00,6.231797160580754280e-04,2.300971187651157379e-03,2.318873157491907477e-04,-2.412311732769012451e-01,-5.711520134354941547e-05,-5.175150581635534763e-04
6.295505762100219727e+00,5.752427969127893448e-04,2.300971187651157379e-03,-1.250937674194574356e-02,-1.643290817737579346e-01,7.482223008992150426e-05,3.113230341114103794e-04
6.297505855560302734e+00,7.190534961409866810e-04,3.067961661145091057e-03,2.373560890555381775e-02,2.353713959455490112e-01,-3.705852213897742331e-05,-3.486559435259550810e-04
6.299505949020385742e+00,7.190534961409866810e-04,3.067961661145091057e-03,2.373560890555381775e-02,2.353713959455490112e-01,-3.705852213897742331e-05,-3.486559435259550810e-04
6.301506280899047852e+00,6.231797160580754280e-04,3.067961661145091057e-03,2.537096384912729263e-03,1.832970082759857178e-01,7.112335151759907603e-05,-3.203432424925267696e-04
6.303506374359130859e+00,6.231797160580754280e-04,3.067961661145091057e-03,5.488814786076545715e-03,1.511135995388031006e-01,3.195319441147148609e-04,-6.926640344318002462e-05
6.305506467819213867e+00,6.231797160580754280e-04,3.067961661145091057e-03,5.488814786076545715e-03,1.511135995388031006e-01,3.195319441147148609e-04,-6.926640344318002462e-05
6.307506561279296875e+00,7.190534961409866810e-04,3.067961661145091057e-03,3.345888853073120117e-02,1.457331925630569458e-01,-4.178924427833408117e-04,2.104995219269767404e-04
6.309506654739379883e+00,6.231797160580754280e-04,3.067961661145091057e-03,1.440112851560115814e-02,1.056378930807113647e-01,-1.704907772364094853e-04,4.371626710053533316e-05
6.311506748199462891e+00,6.231797160580754280e-04,3.067961661145091057e-03,1.440112851560115814e-02,1.056378930807113647e-01,-1.704907772364094853e-04,4.371626710053533316e-05
6.313506841659545898e+00,5.752427969127893448e-04,3.067961661145091057e-03,6.731421686708927155e-03,8.003613352775573730e-02,9.940355812432244420e-05,5.424445262178778648e-04
6.315506935119628906e+00,4.793690168298780918e-04,2.684466540813446045e-03,-1.357789617031812668e-02,-9.914547204971313477e-02,1.445279776817187667e-04,3.426026523811742663e-05
6.317507028579711914e+00,4.793690168298780918e-04,2.684466540813446045e-03,-1.357789617031812668e-02,-9.914547204971313477e-02,1.445279776817187667e-04,3.426026523811742663e-05
6.319517850875854492e+00,4.793690168298780918e-04,3.451456781476736069e-03,-1.330577488988637924e-02,2.510814070701599121e-01,2.451848122291266918e-04,-4.706771287601441145e-04
6.321517944335937500e+00,5.273059359751641750e-04,2.300971187651157379e-03,1.977196894586086273e-03,-3.153182566165924072e-01,2.351962320972234011e-04,-1.873037581390235573e-05
6.323518037796020508e+00,5.273059359751641750e-04,2.300971187651157379e-03,1.977196894586086273e-03,-3.153182566165924072e-01,2.351962320972234011e-04,-1.873037581390235573e-05
6.325518131256103516e+00,5.752427969127893448e-04,2.300971187651157379e-03,1.295823976397514343e-02,-3.191969096660614014e-01,-7.143834955058991909e-04,9.850611240835860372e-05
6.327518224716186523e+00,5.752427969127893448e-04,2.300971187651157379e-03,8.213538676500320435e-03,-5.151421427726745605e-01,-1.314050023211166263e-04,1.962610840564593673e-04
6.329518318176269531e+00,5.752427969127893448e-04,1.917476067319512367e-03,8.213538676500320435e-03,-5.151421427726745605e-01,-1.314050023211166263e-04,1.962610840564593673e-04
6.331525564193725586e+00,6.231797160580754280e-04,2.684466540813446045e-03,1.462932769209146500e-02,-1.558644026517868042e-01,1.297238777624443173e-04,1.654599327594041824e-04
6.333525657653808594e+00,6.231797160580754280e-04,2.684466540813446045e-03,9.236022830009460449e-03,-5.084638670086860657e-02,-4.373182600829750299e-04,5.767538459622301161e-05
6.335525989532470703e+00,6.231797160580754280e-04,2.684466540813446045e-03,9.236022830009460449e-03,-5.084638670086860657e-02,-4.373182600829750299e-04,5.767538459622301161e-05
6.337526082992553711e+00,5.752427969127893448e-04,2.300971187651157379e-03,-7.251000497490167618e-03,-2.552004754543304443e-01,-1.621382980374619365e-04,-3.513230185490101576e-04
6.339526176452636719e+00,7.190534961409866810e-04,2.684466540813446045e-03,2.232771366834640503e-02,-2.459781244397163391e-02,1.793478004401549697e-04,4.357321013230830431e-04
6.341526269912719727e+00,7.190534961409866810e-04,2.684466540813446045e-03,2.232771366834640503e-02,-2.459781244397163391e-02,1.793478004401549697e-04,4.357321013230830431e-04
6.343526363372802734e+00,7.669904152862727642e-04,2.300971187651157379e-03,3.202439844608306885e-02,-2.804640531539916992e-01,-4.619470273610204458e-04,-1.064783064066432416e-04
6.345526456832885742e+00,5.752427969127893448e-04,3.067961661145091057e-03,-1.494642347097396851e-02,1.732699275016784668e-01,2.732130524236708879e-04,2.640133607201278210e-04
6.347526550292968750e+00,5.752427969127893448e-04,3.067961661145091057e-03,-1.494642347097396851e-02,1.732699275016784668e-01,2.732130524236708879e-04,2.640133607201278210e-04
6.349526882171630859e+00,7.669904152862727642e-04,3.451456781476736069e-03,3.241507336497306824e-02,2.549187839031219482e-01,8.847576827974990010e-05,-2.404823753749951720e-04
6.351527214050292969e+00,6.231797160580754280e-04,2.684466540813446045e-03,5.382155068218708038e-04,-7.436983287334442139e-02,-2.772996958810836077e-04,-2.672208065632730722e-04
6.353527307510375977e+00,6.231797160580754280e-04,2.684466540813446045e-03,5.382155068218708038e-04,-7.436983287334442139e-02,-2.772996958810836077e-04,-2.672208065632730722e-04
6.355527400970458984e+00,6.711166352033615112e-04,2.684466540813446045e-03,-5.442865565419197083e-02,-7.435100525617599487e-02,1.430027477908879519e-04,3.253797476645559072e-04
6.357527494430541992e+00,5.273059359751641750e-04,3.451456781476736069e-03,-1.780220121145248413e-02,2.442886978387832642e-01,1.237574324477463961e-04,3.131202538497745991e-04
6.359527587890625000e+00,5.273059359751641750e-04,3.451456781476736069e-03,-1.780220121145248413e-02,2.442886978387832642e-01,1.237574324477463961e-04,3.131202538497745991e-04
6.361527681350708008e+00,2.396845084149390459e-04,3.451456781476736069e-03,-8.401812613010406494e-02,1.827046573162078857e-01,-1.963311806321144104e-04,3.073648622375912964e-05
6.363528013229370117e+00,6.231797160580754280e-04,3.067961661145091057e-03,1.028411556035280228e-02,-4.296165425330400467e-03,1.016889218590222299e-04,1.652362989261746407e-04
6.365528106689453125e+00,6.231797160580754280e-04,3.067961661145091057e-03,1.028411556035280228e-02,-4.296165425330400467e-03,1.016889218590222299e-04,1.652362989261746407e-04
6.367528200149536133e+00,5.273059359751641750e-04,3.451456781476736069e-03,-1.035416498780250549e-02,1.629715561866760254e-01,-2.115634415531530976e-04,-8.625924238003790379e-05
6.369528293609619141e+00,5.752427969127893448e-04,3.067961661145091057e-03,2.862760156858712435e-04,-1.669553853571414948e-02,-2.430739550618454814e-04,2.948105684481561184e-04
6.387247323989868164e+00,7.190534961409866810e-04,2.684466540813446045e-03,1.813337020576000214e-02,-3.032414242625236511e-02,9.897478594211861491e-05,-1.174934586742892861e-04
6.389247417449951172e+00,7.669904152862727642e-04,2.300971187651157379e-03,2.260112948715686798e-02,-1.829250752925872803e-01,9.897478594211861491e-05,-1.174934586742892861e-04
6.391247510910034180e+00,6.231797160580754280e-04,3.067961661145091057e-03,-1.568468660116195679e-02,1.177436411380767822e-01,-4.308892530389130116e-04,2.463087002979591489e-05
6.393247604370117188e+00,6.231797160580754280e-04,3.067961661145091057e-03,1.464553177356719971e-02,2.046780884265899658e-01,7.287566404556855559e-05,3.222960513085126877e-04
6.395247697830200195e+00,7.669904152862727642e-04,3.067961661145091057e-03,1.464553177356719971e-02,2.046780884265899658e-01,7.287566404556855559e-05,3.222960513085126877e-04
6.397247791290283203e+00,7.190534961409866810e-04,2.300971187651157379e-03,3.247413842473179102e-04,-2.249618172645568848e-01,-4.022725333925336599e-04,7.893631845945492387e-05
6.399247884750366211e+00,7.190534961409866810e-04,2.300971187651157379e-03,-2.555439807474613190e-02,4.315850511193275452e-02,-1.191005358123220503e-04,2.406331914244219661e-04
6.401247978210449219e+00,6.231797160580754280e-04,2.684466540813446045e-03,-2.555439807474613190e-02,4.315850511193275452e-02,-1.191005358123220503e-04,2.406331914244219661e-04
6.403248071670532227e+00,6.231797160580754280e-04,1.917476067319512367e-03,-2.419620379805564880e-02,-3.761917948722839355e-01,4.888520343229174614e-04,-1.525002426205901429e-05
6.405248165130615234e+00,6.231797160580754280e-04,1.917476067319512367e-03,-2.344468608498573303e-02,5.032593011856079102e-02,-6.687192944809794426e-05,-1.782083745638374239e-05
6.407248258590698242e+00,6.231797160580754280e-04,2.684466540813446045e-03,-2.344468608498573303e-02,5.032593011856079102e-02,-6.687192944809794426e-05,-1.782083745638374239e-05
6.409248352050781250e+00,8.149273344315588474e-04,3.067961661145091057e-03,2.598978392779827118e-02,1.052480638027191162e-01,2.612727985251694918e-05,-3.225871478207409382e-04
6.411248445510864258e+00,8.149273344315588474e-04,3.067961661145091057e-03,-2.809303440153598785e-02,-2.838920950889587402e-01,2.402114332653582096e-04,2.603070461191236973e-04
6.413248538970947266e+00,5.752427969127893448e-04,2.300971187651157379e-03,-2.809303440153598785e-02,-2.838920950889587402e-01,2.402114332653582096e-04,2.603070461191236973e-04
6.415248632431030273e+00,4.793690168298780918e-04,3.834952134639024734e-03,-4.497592896223068237e-02,4.507668316364288330e-01,8.940400562096328940e-07,-8.613995159976184368e-04
6.417248964309692383e+00,4.793690168298780918e-04,3.834952134639024734e-03,-1.947524840943515301e-03,-2.443034052848815918e-01,1.532016322016716003e-04,6.173417787067592144e-04
6.419249057769775391e+00,6.231797160580754280e-04,2.684466540813446045e-03,-1.947524840943515301e-03,-2.443034052848815918e-01,1.532016322016716003e-04,6.173417787067592144e-04
6.421249151229858398e+00,5.752427969127893448e-04,3.067961661145091057e-03,-8.035780861973762512e-03,-6.997141242027282715e-02,-2.235266292700544000e-04,-3.013745981661486439e-06
6.423249244689941406e+00,5.752427969127893448e-04,3.834952134639024734e-03,-4.129193257540464401e-03,3.745894134044647217e-01,-1.113456892198882997e-04,-3.503722894038219238e-07
6.425249338150024414e+00,5.752427969127893448e-04,3.834952134639024734e-03,-4.129193257540464401e-03,3.745894134044647217e-01,-1.113456892198882997e-04,-3.503722894038219238e-07
6.427249431610107422e+00,5.273059359751641750e-04,3.451456781476736069e-03,-1.309864316135644913e-02,1.909243315458297729e-01,-3.365140291862189770e-04,1.029680715873837471e-04
6.429249525070190430e+00,5.273059359751641750e-04,3.451456781476736069e-03,-2.389074489474296570e-02,-3.663070499897003174e-02,6.164287333376705647e-05,-1.859464464359916747e-05
6.431249618530273438e+00,4.793690168298780918e-04,3.067961661145091057e-03,-2.389074489474296570e-02,-3.663070499897003174e-02,6.164287333376705647e-05,-1.859464464359916747e-05
6.433249711990356445e+00,5.752427969127893448e-04,3.067961661145091057e-03,-2.463242737576365471e-03,7.660589367151260376e-02,6.223396630957722664e-04,-3.718126390594989061e-04
6.435249805450439453e+00,5.752427969127893448e-04,3.067961661145091057e-03,-7.602522615343332291e-03,-2.364086359739303589e-01,3.311208565719425678e-04,-4.915583849651739001e-05
6.437249898910522461e+00,5.752427969127893448e-04,2.300971187651157379e-03,-7.602522615343332291e-03,-2.364086359739303589e-01,3.311208565719425678e-04,-4.915583849651739001e-05
6.439250230789184570e+00,6.711166352033615112e-04,1.917476067319512367e-03,1.153176743537187576e-02,-4.394571483135223389e-01,2.809552242979407310e-04,-5.666426659445278347e-05
6.441250324249267578e+00,6.711166352033615112e-04,1.917476067319512367e-03,-4.890853073447942734e-03,-2.483469098806381226e-01,1.629276521271094680e-04,-9.682516974862664938e-05
6.443250417709350586e+00,6.231797160580754280e-04,2.300971187651157379e-03,-1.479914318770170212e-02,6.776437908411026001e-02,4.065204993821680546e-04,-2.780549984890967607e-04
6.487584114074707031e+00,4.793690168298780918e-04,3.067961661145091057e-03,-1.479914318770170212e-02,6.776437908411026001e-02,4.065204993821680546e-04,-2.780549984890967607e-04
6.489584207534790039e+00,5.273059359751641750e-04,2.300971187651157379e-03,-6.889706943184137344e-03,-1.868135333061218262e-01,2.718566393014043570e-04,-4.365872882772237062e-04
6.491584300994873047e+00,5.273059359751641750e-04,2.300971187651157379e-03,-6.889706943184137344e-03,-1.868135333061218262e-01,2.718566393014043570e-04,-4.365872882772237062e-04
6.493584394454956055e+00,5.752427969127893448e-04,3.067961661145091057e-03,-5.913025233894586563e-04,1.631833612918853760e-01,-3.916619461961090565e-04,-1.388139789924025536e-04
6.495584487915039062e+00,7.669904152862727642e-04,2.300971187651157379e-03,4.341452941298484802e-02,-1.623773276805877686e-01,-3.868211933877319098e-04,3.736836952157318592e-04
6.497584581375122070e+00,7.669904152862727642e-04,2.300971187651157379e-03,4.341452941298484802e-02,-1.623773276805877686e-01,-3.868211933877319098e-04,3.736836952157318592e-04
6.499584674835205078e+00,5.752427969127893448e-04,2.684466540813446045e-03,-1.908150268718600273e-03,-1.198452990502119064e-02,-9.607226093066856265e-05,-1.254305825568735600e-04
6.501584768295288086e+00,7.669904152862727642e-04,2.300971187651157379e-03,4.477867111563682556e-02,-1.281631439924240112e-01,-1.914588356157764792e-04,-3.979192988481372595e-04
6.503584861755371094e+00,7.669904152862727642e-04,2.300971187651157379e-03,4.477867111563682556e-02,-1.281631439924240112e-01,-1.914588356157764792e-04,-3.979192988481372595e-04
6.505584955215454102e+00,6.711166352033615112e-04,2.300971187651157379e-03,2.020402997732162476e-02,-1.736263036727905273e-01,-2.918311511166393757e-04,-5.529840200324542820e-05
6.507585287094116211e+00,5.752427969127893448e-04,3.834952134639024734e-03,-7.183508714661002159e-04,5.496770143508911133e-01,1.396125298924744129e-05,1.899334165500476956e-04
6.509585380554199219e+00,5.752427969127893448e-04,3.834952134639024734e-03,-7.183508714661002159e-04,5.496770143508911133e-01,1.396125298924744129e-05,1.899334165500476956e-04
6.511585474014282227e+00,6.231797160580754280e-04,3.067961661145091057e-03,1.190382055938243866e-02,4.271026328206062317e-02,1.851449924288317561e-04,-9.009810310089960694e-05
6.513585567474365234e+00,7.190534961409866810e-04,3.834952134639024734e-03,3.864317014813423157e-02,4.457351565361022949e-01,-4.106550768483430147e-04,-5.771670839749276638e-04
6.515585660934448242e+00,7.190534961409866810e-04,3.834952134639024734e-03,3.864317014813423157e-02,4.457351565361022949e-01,-4.106550768483430147e-04,-5.771670839749276638e-04
6.517585754394531250e+00,4.793690168298780918e-04,2.684466540813446045e-03,-1.782453805208206177e-02,-2.192007005214691162e-01,3.194630553480237722e-04,6.439888238674029708e-05
6.519585847854614258e+00,5.752427969127893448e-04,2.300971187651157379e-03,5.338754504919052124e-03,-3.265869021415710449e-01,-5.464356509037315845e-04,7.407056400552392006e-04
6.521586179733276367e+00,5.752427969127893448e-04,2.300971187651157379e-03,5.338754504919052124e-03,-3.265869021415710449e-01,-5.464356509037315845e-04,7.407056400552392006e-04
6.523586273193359375e+00,5.752427969127893448e-04,2.300971187651157379e-03,3.660660702735185623e-03,-2.676154673099517822e-01,1.165438334282953292e-05,2.303744840901345015e-04
6.525586366653442383e+00,5.273059359751641750e-04,3.067961661145091057e-03,-1.232040859758853912e-02,8.779560774564743042e-02,-4.681935533881187439e-04,7.358546281466260552e-05
6.527586460113525391e+00,5.273059359751641750e-04,3.067961661145091057e-03,-1.232040859758853912e-02,8.779560774564743042e-02,-4.681935533881187439e-04,7.358546281466260552e-05
6.529586553573608398e+00,6.231797160580754280e-04,1.917476067319512367e-03,4.941362421959638596e-03,-4.516745209693908691e-01,-6.269958976190537214e-05,2.259258035337552428e-04
6.531586647033691406e+00,6.711166352033615112e-04,2.300971187651157379e-03,8.296282961964607239e-03,-2.067234963178634644e-01,-4.195656219962984324e-04,-1.805794017855077982e-04
6.533586740493774414e+00,6.711166352033615112e-04,2.300971187651157379e-03,8.296282961964607239e-03,-2.067234963178634644e-01,-4.195656219962984324e-04,-1.805794017855077982e-04
6.535586833953857422e+00,7.669904152862727642e-04,2.300971187651157379e-03,2.336652204394340515e-02,-1.796039938926696777e-01,-2.550842764321714640e-04,1.157515434897504747e-04
6.537586927413940430e+00,6.231797160580754280e-04,2.300971187651157379e-03,-1.642494089901447296e-02,-2.606214880943298340e-01,2.669414789124857634e-05,4.829244280699640512e-04
6.539587020874023438e+00,6.231797160580754280e-04,2.300971187651157379e-03,-1.642494089901447296e-02,-2.606214880943298340e-01,2.669414789124857634e-05,4.829244280699640512e-04
6.541587114334106445e+00,9.108011145144701004e-04,3.834952134639024734e-03,5.069589987397193909e-02,4.752687513828277588e-01,-3.126496740151196718e-04,3.751628973986953497e-04
6.586598634719848633e+00,8.149273344315588474e-04,3.451456781476736069e-03,3.490152955055236816e-02,2.311988174915313721e-01,2.340003702556714416e-04,1.238358381669968367e-04
6.588598728179931641e+00,7.669904152862727642e-04,3.451456781476736069e-03,2.018984779715538025e-02,1.164183169603347778e-01,-2.106590400217100978e-04,3.809796762652695179e-04
6.590598821640014648e+00,7.669904152862727642e-04,3.451456781476736069e-03,2.018984779715538025e-02,1.164183169603347778e-01,-1.062637820723466575e-04,5.071472842246294022e-04
6.592599153518676758e+00,6.231797160580754280e-04,2.300971187651157379e-03,1.722726970911026001e-02,-2.674204409122467041e-01,-1.062637820723466575e-04,5.071472842246294022e-04
6.594599246978759766e+00,7.669904152862727642e-04,3.067961661145091057e-03,1.329437922686338425e-02,2.399380058050155640e-01,1.312183449044823647e-04,5.653552216244861484e-05
6.596599340438842773e+00,7.669904152862727642e-04,3.067961661145091057e-03,1.329437922686338425e-02,2.399380058050155640e-01,1.312183449044823647e-04,5.653552216244861484e-05
6.598599433898925781e+00,5.273059359751641750e-04,2.684466540813446045e-03,-4.666295275092124939e-02,5.332687869668006897e-03,1.153033190348651260e-05,-2.831337333191186190e-04
6.600599765777587891e+00,7.190534961409866810e-04,2.300971187651157379e-03,-1.185402157716453075e-03,-1.696595102548599243e-01,3.038997238036245108e-04,2.029682946158573031e-04
6.602599859237670898e+00,7.190534961409866810e-04,2.300971187651157379e-03,-1.185402157716453075e-03,-1.696595102548599243e-01,3.038997238036245108e-04,2.029682946158573031e-04
6.604599952697753906e+00,7.669904152862727642e-04,2.684466540813446045e-03,1.105625275522470474e-02,-5.680377036333084106e-02,-4.610135147231630981e-05,-6.409715570043772459e-05
6.606600046157836914e+00,6.711166352033615112e-04,2.684466540813446045e-03,-8.242366835474967957e-03,-7.426685839891433716e-02,4.680667916545644403e-05,2.772124134935438633e-04
6.608600139617919922e+00,6.711166352033615112e-04,2.684466540813446045e-03,-8.242366835474967957e-03,-7.426685839891433716e-02,4.680667916545644403e-05,2.772124134935438633e-04
6.610600233078002930e+00,7.669904152862727642e-04,3.451456781476736069e-03,1.801635697484016418e-02,4.236523211002349854e-01,-1.441243803128600121e-04,-7.744247559458017349e-04
6.612600326538085938e+00,6.711166352033615112e-04,3.067961661145091057e-03,-4.415257426444441080e-04,1.704054325819015503e-01,2.596194390207529068e-04,-2.405687337159179151e-05
6.614600658416748047e+00,6.711166352033615112e-04,3.067961661145091057e-03,-4.415257426444441080e-04,1.704054325819015503e-01,2.596194390207529068e-04,-2.405687337159179151e-05
6.616600751876831055e+00,4.793690168298780918e-04,2.684466540813446045e-03,-4.263960197567939758e-02,-7.503663003444671631e-02,-4.137085634283721447e-04,1.266653416678309441e-04
6.618600845336914062e+00,6.231797160580754280e-04,2.684466540813446045e-03,-1.228016568347811699e-03,-1.477441042661666870e-01,1.161379186669364572e-04,-7.700057467445731163e-04
6.620600938796997070e+00,6.231797160580754280e-04,2.684466540813446045e-03,-1.228016568347811699e-03,-1.477441042661666870e-01,1.161379186669364572e-04,-7.700057467445731163e-04
6.622601032257080078e+00,6.231797160580754280e-04,3.067961661145091057e-03,5.451879929751157761e-03,-1.906354213133454323e-03,-2.094046794809401035e-04,3.637193294707685709e-04
6.624601364135742188e+00,4.314320976845920086e-04,3.067961661145091057e-03,-3.511697053909301758e-02,-6.187540479004383087e-03,-2.592474920675158501e-04,3.771673655137419701e-04
6.626601457595825195e+00,4.314320976845920086e-04,3.067961661145091057e-03,-3.511697053909301758e-02,-6.187540479004383087e-03,-2.592474920675158501e-04,3.771673655137419701e-04
6.628601551055908203e+00,5.752427969127893448e-04,2.684466540813446045e-03,3.890550928190350533e-03,-2.643409073352813721e-01,-3.205745888408273458e-04,-2.239990135421976447e-04
6.630601644515991211e+00,5.752427969127893448e-04,2.684466540813446045e-03,5.429266486316919327e-03,-1.853429079055786133e-01,-2.339455386390909553e-04,-9.252414020011201501e-05
6.632601737976074219e+00,5.752427969127893448e-04,2.684466540813446045e-03,5.429266486316919327e-03,-1.853429079055786133e-01,-2.339455386390909553e-04,-9.252414020011201501e-05
6.634602069854736328e+00,5.752427969127893448e-04,2.684466540813446045e-03,4.781061317771673203e-03,-9.192969650030136108e-02,-8.089081529760733247e-05,-1.336391724180430174e-04
6.636602163314819336e+00,5.273059359751641750e-04,3.451456781476736069e-03,-9.305648505687713623e-03,3.513586819171905518e-01,-4.126128333155065775e-04,-3.372824285179376602e-04
6.638602256774902344e+00,5.273059359751641750e-04,3.451456781476736069e-03,-9.305648505687713623e-03,3.513586819171905518e-01,-4.126128333155065775e-04,-3.372824285179376602e-04
6.640602350234985352e+00,4.793690168298780918e-04,2.300971187651157379e-03,-2.450876310467720032e-02,-2.022885531187057495e-01,-5.114552914164960384e-04,-2.469711180310696363e-04
6.642602443695068359e+00,5.273059359751641750e-04,2.684466540813446045e-03,-1.561766024678945541e-02,9.108552476391196251e-04,3.252358146710321307e-05,1.539958902867510915e-04
6.686570882797241211e+00,5.752427969127893448e-04,3.067961661145091057e-03,2.248281799256801605e-02,1.016035079956054688e-01,5.089772748760879040e-04,-4.168369341641664505e-04
6.688570976257324219e+00,4.793690168298780918e-04,2.300971187651157379e-03,1.079985755495727062e-03,-2.662597298622131348e-01,3.260553930886089802e-04,2.058438985841348767e-04
6.690571069717407227e+00,5.273059359751641750e-04,2.684466540813446045e-03,9.467928670346736908e-03,-1.946100890636444092e-01,-1.432896824553608894e-04,4.428714164532721043e-04
6.692571163177490234e+00,5.273059359751641750e-04,2.684466540813446045e-03,9.467928670346736908e-03,-1.946100890636444092e-01,-2.766022225841879845e-04,4.982713144272565842e-04
6.694571256637573242e+00,4.793690168298780918e-04,3.067961661145091057e-03,-2.763690426945686340e-03,6.652178615331649780e-02,-2.766022225841879845e-04,4.982713144272565842e-04
6.696571350097656250e+00,5.273059359751641750e-04,2.684466540813446045e-03,6.478891707956790924e-03,-1.109463423490524292e-01,-1.494829029979882762e-05,-1.072110462700948119e-04
6.698571681976318359e+00,5.273059359751641750e-04,2.684466540813446045e-03,6.478891707956790924e-03,-1.109463423490524292e-01,-1.494829029979882762e-05,-1.072110462700948119e-04
6.700571775436401367e+00,5.273059359751641750e-04,2.684466540813446045e-03,6.541632115840911865e-03,-1.495430618524551392e-01,4.822064511245116591e-05,-1.170274117612279952e-04
6.702571868896484375e+00,5.273059359751641750e-04,2.684466540813446045e-03,4.229817073792219162e-03,-2.798511087894439697e-01,3.457509137660963461e-06,-1.504975662101060152e-04
6.704571962356567383e+00,5.273059359751641750e-04,2.684466540813446045e-03,4.229817073792219162e-03,-2.798511087894439697e-01,3.457509137660963461e-06,-1.504975662101060152e-04
6.706572055816650391e+00,5.752427969127893448e-04,3.067961661145091057e-03,1.214244216680526733e-02,2.100656181573867798e-02,-3.155266749672591686e-04,6.059508814360015094e-05
6.708574295043945312e+00,6.711166352033615112e-04,2.300971187651157379e-03,2.929878793656826019e-02,-2.407633960247039795e-01,-6.966022192500531673e-05,6.445182225434109569e-05
6.710574388504028320e+00,6.711166352033615112e-04,2.300971187651157379e-03,2.929878793656826019e-02,-2.407633960247039795e-01,-6.966022192500531673e-05,6.445182225434109569e-05
6.712574481964111328e+00,5.273059359751641750e-04,3.067961661145091057e-03,-1.015722658485174179e-02,7.141059264540672302e-03,6.604832015000283718e-04,1.744906185194849968e-04
6.714574575424194336e+00,7.190534961409866810e-04,2.300971187651157379e-03,2.937416546046733856e-02,-2.591267228126525879e-01,-2.950731432065367699e-04,1.659762929193675518e-04
6.716574668884277344e+00,7.190534961409866810e-04,2.300971187651157379e-03,2.937416546046733856e-02,-2.591267228126525879e-01,-2.950731432065367699e-04,1.659762929193675518e-04
6.718575000762939453e+00,6.711166352033615112e-04,1.917476067319512367e-03,1.116348896175622940e-02,-2.704552710056304932e-01,1.818255550460889935e-04,7.621674740221351385e-05
6.720575094223022461e+00,6.711166352033615112e-04,2.300971187651157379e-03,6.455778609961271286e-03,-1.002535372972488403e-01,9.220520587405189872e-05,-2.196458517573773861e-04
6.722575187683105469e+00,6.711166352033615112e-04,2.300971187651157379e-03,6.455778609961271286e-03,-1.002535372972488403e-01,9.220520587405189872e-05,-2.196458517573773861e-04
6.724575281143188477e+00,6.711166352033615112e-04,2.300971187651157379e-03,2.479877322912216187e-02,-1.723569035530090332e-01,-7.360241579590365291e-05,7.937358459457755089e-04
6.726575374603271484e+00,7.669904152862727642e-04,3.451456781476736069e-03,2.336635999381542206e-02,4.291728734970092773e-01,1.232720096595585346e-04,-2.630787494126707315e-04
6.728575468063354492e+00,7.669904152862727642e-04,3.451456781476736069e-03,2.336635999381542206e-02,4.291728734970092773e-01,1.232720096595585346e-04,-2.630787494126707315e-04
6.730575561523437500e+00,6.711166352033615112e-04,3.834952134639024734e-03,1.730548334307968616e-03,4.968140125274658203e-01,3.663618990685790777e-04,4.605423309840261936e-04
6.732575654983520508e+00,6.711166352033615112e-04,2.684466540813446045e-03,4.198623355478048325e-03,-3.905882686376571655e-02,-5.493001663126051426e-04,1.667183241806924343e-04
6.734575748443603516e+00,6.711166352033615112e-04,2.684466540813446045e-03,4.198623355478048325e-03,-3.905882686376571655e-02,-5.493001663126051426e-04,1.667183241806924343e-04
6.736575841903686523e+00,6.231797160580754280e-04,2.684466540813446045e-03,-4.498076159507036209e-03,-2.771806716918945312e-02,-3.658437053672969341e-04,-3.442922607064247131e-04
6.738575935363769531e+00,5.752427969127893448e-04,3.067961661145091057e-03,-1.168224588036537170e-02,8.097440749406814575e-02,7.945316610857844353e-05,1.639275433262810111e-04
6.740576028823852539e+00,5.752427969127893448e-04,3.067961661145091057e-03,-1.168224588036537170e-02,8.097440749406814575e-02,7.945316610857844353e-05,1.639275433262810111e-04
6.742576122283935547e+00,5.273059359751641750e-04,3.451456781476736069e-03,-1.864329911768436432e-02,2.286220639944076538e-01,3.700903616845607758e-04,-6.191728170961141586e-04
6.744576215744018555e+00,5.273059359751641750e-04,1.917476067319512367e-03,-1.585519127547740936e-02,-5.368460416793823242e-01,-4.810050013475120068e-04,-2.401545498287305236e-04
6.746576309204101562e+00,5.273059359751641750e-04,1.917476067319512367e-03,-1.585519127547740936e-02,-5.368460416793823242e-01,-4.810050013475120068e-04,-2.401545498287305236e-04
6.748576402664184570e+00,6.711166352033615112e-04,3.834952134639024734e-03,2.038303576409816742e-02,3.776814937591552734e-01,-1.122661633417010307e-04,3.591721178963780403e-04
6.750576496124267578e+00,7.190534961409866810e-04,2.684466540813446045e-03,3.159940242767333984e-02,-2.074972987174987793e-01,6.620046042371541262e-05,-2.815820334944874048e-04
6.752576828002929688e+00,7.190534961409866810e-04,2.684466540813446045e-03,3.159940242767333984e-02,-2.074972987174987793e-01,6.620046042371541262e-05,-2.815820334944874048e-04
6.754576921463012695e+00,9.108011145144701004e-04,3.451456781476736069e-03,7.239642739295959473e-02,1.778320819139480591e-01,6.468488572863861918e-05,-2.867878938559442759e-04
6.756577014923095703e+00,9.108011145144701004e-04,3.834952134639024734e-03,6.753476709127426147e-02,3.846710324287414551e-01,8.154348470270633698e-04,-4.932023002766072750e-04
6.758577108383178711e+00,9.108011145144701004e-04,3.834952134639024734e-03,6.753476709127426147e-02,3.846710324287414551e-01,8.154348470270633698e-04,-4.932023002766072750e-04
6.760577201843261719e+00,8.149273344315588474e-04,3.067961661145091057e-03,3.619023784995079041e-02,3.612152859568595886e-02,-3.357384703122079372e-04,3.725563510670326650e-05
6.762577295303344727e+00,6.231797160580754280e-04,2.684466540813446045e-03,-1.542068924754858017e-02,-8.238972723484039307e-02,-3.155328740831464529e-04,-1.429931871825829148e-04
6.764577388763427734e+00,6.231797160580754280e-04,2.684466540813446045e-03,-1.542068924754858017e-02,-8.238972723484039307e-02,1.227218745043501258e-04,5.522575229406356812e-04
6.766577482223510742e+00,9.108011145144701004e-04,2.684466540813446045e-03,5.073307827115058899e-02,-1.617684029042720795e-02,1.227218745043501258e-04,5.522575229406356812e-04
6.768577575683593750e+00,7.190534961409866810e-04,3.451456781476736069e-03,2.380577381700277328e-03,3.712230324745178223e-01,4.908509436063468456e-04,-2.327281108591705561e-04
6.770577669143676758e+00,7.190534961409866810e-04,3.451456781476736069e-03,2.380577381700277328e-03,3.712230324745178223e-01,4.908509436063468456e-04,-2.327281108591705561e-04
6.772577762603759766e+00,4.793690168298780918e-04,2.300971187651157379e-03,-6.085542589426040649e-02,-1.721689254045486450e-01,3.103054477833211422e-04,-3.808542387560009956e-04
6.774577856063842773e+00,8.149273344315588474e-04,3.451456781476736069e-03,2.015720121562480927e-02,3.364733457565307617e-01,-6.561769987456500530e-05,4.295118269510567188e-04
6.776577949523925781e+00,8.149273344315588474e-04,3.451456781476736069e-03,2.015720121562480927e-02,3.364733457565307617e-01,-6.561769987456500530e-05,4.295118269510567188e-04
6.778578042984008789e+00,5.752427969127893448e-04,2.300971187651157379e-03,-3.849780932068824768e-02,-1.832673549652099609e-01,-4.429218824952840805e-05,-1.540503726573660970e-04
6.780578136444091797e+00,6.231797160580754280e-04,2.684466540813446045e-03,-1.422098465263843536e-02,2.144306451082229614e-01,2.253805723739787936e-04,2.064120344584807754e-04
6.787832736968994141e+00,6.231797160580754280e-04,3.451456781476736069e-03,-1.422098465263843536e-02,2.144306451082229614e-01,2.253805723739787936e-04,2.064120344584807754e-04
6.789832830429077148e+00,5.273059359751641750e-04,4.218447487801313400e-03,-3.061333298683166504e-02,6.249635219573974609e-01,1.627257443033158779e-04,3.043138713110238314e-04
6.791833162307739258e+00,5.273059359751641750e-04,4.218447487801313400e-03,-3.061333298683166504e-02,6.249635219573974609e-01,2.692527195904403925e-04,-1.417809980921447277e-04
6.793833255767822266e+00,6.711166352033615112e-04,3.451456781476736069e-03,1.102218776941299438e-02,1.627046763896942139e-01,2.692527195904403925e-04,-1.417809980921447277e-04
6.795833349227905273e+00,4.793690168298780918e-04,3.451456781476736069e-03,-2.715998142957687378e-02,8.818539977073669434e-02,-6.088447407819330692e-04,-1.484966778662055731e-04
6.797833442687988281e+00,4.793690168298780918e-04,3.451456781476736069e-03,-2.715998142957687378e-02,8.818539977073669434e-02,2.630932067404501140e-05,2.511468774173408747e-04
6.799833536148071289e+00,5.273059359751641750e-04,4.601942375302314758e-03,-8.288896642625331879e-03,6.425697207450866699e-01,2.630932067404501140e-05,2.511468774173408747e-04
6.801833868026733398e+00,4.314320976845920086e-04,1.917476067319512367e-03,-2.813471667468547821e-02,-5.476380586624145508e-01,7.470288983313366771e-05,9.130833495873957872e-05
6.803833961486816406e+00,4.314320976845920086e-04,1.917476067319512367e-03,-2.813471667468547821e-02,-5.476380586624145508e-01,-3.674819890875369310e-05,-1.796566502889618278e-04
6.805834054946899414e+00,6.231797160580754280e-04,3.067961661145091057e-03,1.988761872053146362e-02,8.365856111049652100e-02,-3.674819890875369310e-05,-1.796566502889618278e-04
6.807834148406982422e+00,6.231797160580754280e-04,2.300971187651157379e-03,1.728548295795917511e-02,-1.192799061536788940e-01,2.348108391743153334e-04,2.276785526191815734e-04
6.809834241867065430e+00,6.231797160580754280e-04,2.300971187651157379e-03,1.728548295795917511e-02,-1.192799061536788940e-01,1.333967520622536540e-05,4.143146506976336241e-04
6.811834335327148438e+00,5.752427969127893448e-04,3.451456781476736069e-03,2.759288065135478973e-03,3.486072421073913574e-01,1.333967520622536540e-05,4.143146506976336241e-04
6.813834428787231445e+00,6.231797160580754280e-04,2.300971187651157379e-03,1.101949717849493027e-02,-2.237003743648529053e-01,4.577226718538440764e-05,-1.048077538143843412e-04
6.815834522247314453e+00,6.231797160580754280e-04,2.300971187651157379e-03,1.101949717849493027e-02,-2.237003743648529053e-01,4.577226718538440764e-05,-1.048077538143843412e-04
6.817834615707397461e+00,6.711166352033615112e-04,2.684466540813446045e-03,1.524495799094438553e-02,-2.643967233598232269e-02,2.951397909782826900e-04,8.814053580863401294e-05
6.819834709167480469e+00,6.231797160580754280e-04,1.917476067319512367e-03,-1.687850337475538254e-03,-2.709995806217193604e-01,-1.578887458890676498e-04,-1.173140481114387512e-04
6.821834802627563477e+00,6.231797160580754280e-04,1.917476067319512367e-03,-1.687850337475538254e-03,-2.709995806217193604e-01,-1.578887458890676498e-04,-1.173140481114387512e-04
6.823835134506225586e+00,4.793690168298780918e-04,1.917476067319512367e-03,-3.667167946696281433e-02,-2.970186471939086914e-01,-2.505725715309381485e-04,1.749650618876330554e-05
6.825835227966308594e+00,6.711166352033615112e-04,2.300971187651157379e-03,1.389052346348762512e-02,-1.244991496205329895e-01,7.253574040078092366e-06,-1.653838553465902805e-04
6.827835321426391602e+00,6.711166352033615112e-04,2.300971187651157379e-03,1.389052346348762512e-02,-1.244991496205329895e-01,7.253574040078092366e-06,-1.653838553465902805e-04
6.829835653305053711e+00,5.273059359751641750e-04,3.067961661145091057e-03,-1.572032272815704346e-02,1.708267033100128174e-01,-2.212494873674586415e-04,6.052211974747478962e-04
6.831835746765136719e+00,5.752427969127893448e-04,2.300971187651157379e-03,2.776623703539371490e-03,-1.867218315601348877e-01,-3.120459150522947311e-04,-2.707378735067322850e-05
6.833835840225219727e+00,5.752427969127893448e-04,2.300971187651157379e-03,2.776623703539371490e-03,-1.867218315601348877e-01,6.051535019651055336e-04,-5.562010919675230980e-04
6.835835933685302734e+00,5.273059359751641750e-04,2.684466540813446045e-03,-1.940231304615736008e-03,-5.933560431003570557e-02,6.051535019651055336e-04,-5.562010919675230980e-04
6.837836027145385742e+00,4.793690168298780918e-04,2.300971187651157379e-03,-5.344371777027845383e-03,-3.153313696384429932e-01,4.515582531894324347e-06,5.387849523685872555e-04
6.839887619018554688e+00,4.793690168298780918e-04,2.300971187651157379e-03,-5.344371777027845383e-03,-3.153313696384429932e-01,9.629850683268159628e-05,3.892968525178730488e-04
6.841887712478637695e+00,4.314320976845920086e-04,2.684466540813446045e-03,-9.745478630065917969e-03,-6.544663012027740479e-02,9.629850683268159628e-05,3.892968525178730488e-04
6.843887805938720703e+00,4.793690168298780918e-04,3.451456781476736069e-03,4.741949960589408875e-03,2.312657833099365234e-01,-3.788621979765594006e-04,7.385151111520826817e-04
6.845887899398803711e+00,4.793690168298780918e-04,3.451456781476736069e-03,4.741949960589408875e-03,2.312657833099365234e-01,-3.788621979765594006e-04,7.385151111520826817e-04
6.847887992858886719e+00,5.273059359751641750e-04,3.451456781476736069e-03,1.812378130853176117e-02,1.950040012598037720e-01,3.060400485992431641e-04,-4.321952001191675663e-04
6.849888324737548828e+00,4.314320976845920086e-04,2.684466540813446045e-03,-3.900213399901986122e-03,-1.817995756864547729e-01,8.469138265354558825e-05,-4.632584750652313232e-04
6.851888418197631836e+00,4.314320976845920086e-04,2.684466540813446045e-03,-3.900213399901986122e-03,-1.817995756864547729e-01,8.469138265354558825e-05,-4.632584750652313232e-04
6.853888511657714844e+00,4.793690168298780918e-04,2.684466540813446045e-03,7.331696338951587677e-03,-9.062863141298294067e-02,-1.333725376753136516e-04,1.865406520664691925e-04
6.855888605117797852e+00,4.793690168298780918e-04,2.684466540813446045e-03,4.135190974920988083e-03,-1.115025579929351807e-01,9.683654934633523226e-05,5.321196513250470161e-04
6.857888936996459961e+00,4.793690168298780918e-04,2.684466540813446045e-03,4.135190974920988083e-03,-1.115025579929351807e-01,9.683654934633523226e-05,3.054768603760749102e-04
6.859889030456542969e+00,4.793690168298780918e-04,1.917476067319512367e-03,7.247703033499419689e-04,-4.434882700443267822e-01,2.206479693995788693e-04,3.054768603760749102e-04
6.861889123916625977e+00,5.752427969127893448e-04,3.451456781476736069e-03,2.268536202609539032e-02,2.724713385105133057e-01,7.039390311547322199e-06,2.603462489787489176e-04
6.863889217376708984e+00,5.752427969127893448e-04,3.451456781476736069e-03,2.268536202609539032e-02,2.724713385105133057e-01,1.138788647949695587e-04,2.074477233691141009e-04
6.865889310836791992e+00,5.273059359751641750e-04,3.067961661145091057e-03,9.057214483618736267e-03,1.231654211878776550e-01,1.138788647949695587e-04,2.074477233691141009e-04
6.867889404296875000e+00,5.752427969127893448e-04,2.684466540813446045e-03,1.984523423016071320e-02,-1.620006710290908813e-01,-2.687926171347498894e-04,-6.202731165103614330e-04
6.869889497756958008e+00,5.752427969127893448e-04,2.684466540813446045e-03,1.984523423016071320e-02,-1.620006710290908813e-01,-2.687926171347498894e-04,-6.202731165103614330e-04
6.871889591217041016e+00,4.793690168298780918e-04,3.067961661145091057e-03,-6.582504138350486755e-03,1.471299827098846436e-01,1.148405935964547098e-04,-2.733888395596295595e-04
6.873889684677124023e+00,5.752427969127893448e-04,3.067961661145091057e-03,1.288189645856618881e-02,1.469935476779937744e-01,-1.998990410356782377e-05,2.145140606444329023e-04
6.875889778137207031e+00,5.752427969127893448e-04,3.067961661145091057e-03,1.288189645856618881e-02,1.469935476779937744e-01,-1.317807182203978300e-04,3.231572918593883514e-05
6.877890110015869141e+00,3.834952076431363821e-04,2.684466540813446045e-03,-3.537429496645927429e-02,-8.048053085803985596e-02,-1.317807182203978300e-04,3.231572918593883514e-05
6.879890203475952148e+00,5.752427969127893448e-04,3.451456781476736069e-03,8.392520248889923096e-03,2.418091446161270142e-01,1.120480301324278116e-04,-1.899532944662496448e-04
6.881890296936035156e+00,5.752427969127893448e-04,3.451456781476736069e-03,8.392520248889923096e-03,2.418091446161270142e-01,-2.589331124909222126e-04,-3.065748896915465593e-04
6.883890390396118164e+00,4.793690168298780918e-04,2.300971187651157379e-03,-1.702235639095306396e-02,-2.977647483348846436e-01,-2.589331124909222126e-04,-3.065748896915465593e-04
6.885890483856201172e+00,5.752427969127893448e-04,3.451456781476736069e-03,4.466677550226449966e-03,2.215293198823928833e-01,-2.147915511159226298e-04,1.658009132370352745e-04
6.887890577316284180e+00,5.752427969127893448e-04,3.451456781476736069e-03,4.466677550226449966e-03,2.215293198823928833e-01,5.105116288177669048e-04,-2.576947008492425084e-05
6.889890909194946289e+00,7.669904152862727642e-04,3.067961661145091057e-03,4.959437623620033264e-02,5.266268178820610046e-02,5.105116288177669048e-04,-2.576947008492425084e-05
6.891891002655029297e+00,5.273059359751641750e-04,2.300971187651157379e-03,-1.187798473984003067e-02,-3.177640736103057861e-01,-2.116082032443955541e-04,-8.011197496671229601e-05
6.893891096115112305e+00,5.273059359751641750e-04,2.300971187651157379e-03,-1.187798473984003067e-02,2.728974819183349609e-01,-9.275244519812986255e-05,4.304203321225941181e-04
6.895891189575195312e+00,6.231797160580754280e-04,3.451456781476736069e-03,9.636114351451396942e-03,2.728974819183349609e-01,-9.275244519812986255e-05,4.304203321225941181e-04
6.897891283035278320e+00,5.273059359751641750e-04,3.067961661145091057e-03,-1.754482649266719818e-02,1.979219615459442139e-01,-3.796540549956262112e-04,-8.707442902959883213e-04
6.899891376495361328e+00,5.273059359751641750e-04,3.067961661145091057e-03,-1.754482649266719818e-02,1.979219615459442139e-01,-1.366464566672220826e-04,-9.941794996848329902e-05
6.901891469955444336e+00,4.793690168298780918e-04,3.067961661145091057e-03,-3.156660497188568115e-02,1.718403846025466919e-01,-1.366464566672220826e-04,-9.941794996848329902e-05
6.903891563415527344e+00,7.190534961409866810e-04,3.067961661145091057e-03,2.301544323563575745e-02,2.049471065402030945e-02,8.416872879024595022e-05,3.491307725198566914e-04
6.905891656875610352e+00,7.190534961409866810e-04,3.067961661145091057e-03,2.301544323563575745e-02,2.049471065402030945e-02,4.335396806709468365e-04,-1.189306931337341666e-04
6.907891750335693359e+00,6.711166352033615112e-04,3.067961661145091057e-03,7.375582586973905563e-03,7.798066735267639160e-02,4.335396806709468365e-04,-1.189306931337341666e-04
6.909892082214355469e+00,6.711166352033615112e-04,2.684466540813446045e-03,5.417203530669212341e-03,-1.320779770612716675e-01,3.601540811359882355e-04,5.288087413646280766e-04
6.911892175674438477e+00,6.711166352033615112e-04,2.684466540813446045e-03,5.417203530669212341e-03,-1.320779770612716675e-01,1.048516205628402531e-04,1.967318094102665782e-04
6.913892269134521484e+00,7.669904152862727642e-04,2.684466540813446045e-03,2.446009218692779541e-02,-1.586264967918395996e-01,1.048516205628402531e-04,1.967318094102665782e-04
6.915892362594604492e+00,7.190534961409866810e-04,2.300971187651157379e-03,1.061765383929014206e-02,-2.987383604049682617e-01,1.803577324608340859e-04,3.647104313131421804e-04
6.917892456054687500e+00,7.190534961409866810e-04,2.300971187651157379e-03,1.061765383929014206e-02,-2.987383604049682617e-01,-7.448296673828735948e-05,2.535694802645593882e-04
6.919892549514770508e+00,7.669904152862727642e-04,3.451456781476736069e-03,1.922309212386608124e-02,2.591693997383117676e-01,-7.448296673828735948e-05,2.535694802645593882e-04
6.921892642974853516e+00,7.669904152862727642e-04,2.300971187651157379e-03,1.979689858853816986e-02,-2.715413272380828857e-01,6.935116834938526154e-05,-3.104597271885722876e-04
6.923892736434936523e+00,7.669904152862727642e-04,2.300971187651157379e-03,1.979689858853816986e-02,-2.715413272380828857e-01,6.935116834938526154e-05,-3.104597271885722876e-04
6.925894260406494141e+00,5.752427969127893448e-04,3.451456781476736069e-03,-2.427393570542335510e-02,2.462775260210037231e-01,2.373411552980542183e-04,-2.363305247854441404e-04
6.927894353866577148e+00,7.669904152862727642e-04,3.451456781476736069e-03,2.263691648840904236e-02,1.467468440532684326e-01,1.011188942356966436e-04,2.323674998478963971e-04
6.929894447326660156e+00,7.669904152862727642e-04,3.451456781476736069e-03,2.263691648840904236e-02,1.467468440532684326e-01,-6.557821325259283185e-05,-2.763482882528478513e-07
6.931894540786743164e+00,7.669904152862727642e-04,2.300971187651157379e-03,2.306758984923362732e-02,-4.293137788772583008e-01,-6.557821325259283185e-05,-2.763482882528478513e-07
6.933894634246826172e+00,6.711166352033615112e-04,2.300971187651157379e-03,2.369798487052321434e-03,-4.008183479309082031e-01,-1.184457432827912271e-04,-2.567134797573089600e-04
6.935894966125488281e+00,6.711166352033615112e-04,2.300971187651157379e-03,2.369798487052321434e-03,-4.008183479309082031e-01,-1.545120467199012637e-04,4.797748988494277000e-04
6.937895059585571289e+00,7.190534961409866810e-04,3.451456781476736069e-03,1.614925824105739594e-02,2.000295519828796387e-01,-1.545120467199012637e-04,4.797748988494277000e-04
6.939896345138549805e+00,6.711166352033615112e-04,2.684466540813446045e-03,7.629479281604290009e-03,-1.621538102626800537e-01,3.474904515314847231e-04,5.051125190220773220e-04
6.941896438598632812e+00,6.711166352033615112e-04,2.684466540813446045e-03,7.629479281604290009e-03,-1.621538102626800537e-01,1.794266281649470329e-04,4.846222000196576118e-04
6.943896532058715820e+00,6.711166352033615112e-04,2.300971187651157379e-03,7.877857424318790436e-03,-3.956520557403564453e-01,1.794266281649470329e-04,4.846222000196576118e-04
6.945896625518798828e+00,7.669904152862727642e-04,2.684466540813446045e-03,3.148729726672172546e-02,-2.234193086624145508e-01,3.127257805317640305e-04,-4.021496279165148735e-04
6.947896718978881836e+00,7.669904152862727642e-04,2.684466540813446045e-03,3.148729726672172546e-02,-2.234193086624145508e-01,5.737550673075020313e-04,4.038575279992073774e-04
6.949896812438964844e+00,5.752427969127893448e-04,2.684466540813446045e-03,-1.734593883156776428e-02,-1.250311285257339478e-01,5.737550673075020313e-04,4.038575279992073774e-04
6.951896905899047852e+00,7.669904152862727642e-04,3.834952134639024734e-03,2.614119276404380798e-02,4.291344285011291504e-01,4.215761437080800533e-04,-1.272699300898239017e-04
6.953896999359130859e+00,7.669904152862727642e-04,3.834952134639024734e-03,2.614119276404380798e-02,4.291344285011291504e-01,-2.724399091675877571e-04,2.382860257057473063e-04
6.955897092819213867e+00,7.190534961409866810e-04,2.300971187651157379e-03,9.792439639568328857e-03,-3.155985772609710693e-01,-2.724399091675877571e-04,2.382860257057473063e-04
6.957897186279296875e+00,7.669904152862727642e-04,1.917476067319512367e-03,5.164570175111293793e-03,-4.465123116970062256e-01,2.794021747831720859e-05,-3.215504402760416269e-04
6.959897279739379883e+00,7.669904152862727642e-04,1.917476067319512367e-03,5.164570175111293793e-03,-4.465123116970062256e-01,2.971931244246661663e-04,-2.115972893079742789e-04
6.961897373199462891e+00,7.190534961409866810e-04,1.917476067319512367e-03,3.302149707451462746e-03,-4.138824045658111572e-01,2.971931244246661663e-04,-2.115972893079742789e-04
6.963897466659545898e+00,6.711166352033615112e-04,2.684466540813446045e-03,-1.127080619335174561e-02,4.485597833991050720e-03,-1.620009425096213818e-04,-1.769760856404900551e-04
6.965897560119628906e+00,6.711166352033615112e-04,2.684466540813446045e-03,-1.127080619335174561e-02,4.485597833991050720e-03,-2.121716970577836037e-04,-2.079615805996581912e-04
6.967897653579711914e+00,6.711166352033615112e-04,3.451456781476736069e-03,-1.043118815869092941e-02,3.972620069980621338e-01,-2.121716970577836037e-04,-2.079615805996581912e-04
6.969897747039794922e+00,7.190534961409866810e-04,2.684466540813446045e-03,6.000763271003961563e-03,-3.246246650815010071e-02,2.131992659997195005e-04,-4.333758261054754257e-04
6.971897840499877930e+00,7.190534961409866810e-04,2.684466540813446045e-03,6.000763271003961563e-03,-3.246246650815010071e-02,-1.567232720844913274e-05,4.516073095146566629e-04
6.973897933959960938e+00,6.711166352033615112e-04,4.218447487801313400e-03,6.267249700613319874e-04,7.015192508697509766e-01,-1.567232720844913274e-05,4.516073095146566629e-04
6.975898027420043945e+00,5.273059359751641750e-04,2.300971187651157379e-03,-2.782972157001495361e-02,-2.733577191829681396e-01,7.196008664323017001e-05,4.242798313498497009e-04
6.977898120880126953e+00,5.273059359751641750e-04,2.300971187651157379e-03,-2.782972157001495361e-02,-2.733577191829681396e-01,9.569116082275286317e-05,1.375362044200301170e-04
6.979900360107421875e+00,6.711166352033615112e-04,3.451456781476736069e-03,1.765384897589683533e-02,3.411335349082946777e-01,9.569116082275286317e-05,1.375362044200301170e-04
6.981900453567504883e+00,7.190534961409866810e-04,3.067961661145091057e-03,3.815565258264541626e-02,-1.244720369577407837e-01,-1.327839563600718975e-04,1.283464807784184813e-04
6.983900547027587891e+00,7.190534961409866810e-04,3.067961661145091057e-03,-2.387108281254768372e-02,1.939164102077484131e-01,-6.973827112233266234e-05,3.611190186347812414e-04
6.985900640487670898e+00,4.314320976845920086e-04,3.451456781476736069e-03,-2.387108281254768372e-02,1.939164102077484131e-01,-6.973827112233266234e-05,3.611190186347812414e-04
6.987900733947753906e+00,4.793690168298780918e-04,2.300971187651157379e-03,-4.582767374813556671e-03,-3.307105302810668945e-01,-3.257750649936497211e-04,-6.953229603823274374e-05
6.989900827407836914e+00,4.793690168298780918e-04,2.300971187651157379e-03,-4.582767374813556671e-03,-3.307105302810668945e-01,-2.236229738628026098e-05,-5.522442515939474106e-04
6.991900920867919922e+00,4.793690168298780918e-04,2.684466540813446045e-03,8.998267585411667824e-04,-1.552362591028213501e-01,-2.236229738628026098e-05,-5.522442515939474106e-04
6.993901014328002930e+00,3.834952076431363821e-04,2.300971187651157379e-03,-2.079060301184654236e-02,-3.831290006637573242e-01,7.165067654568701982e-05,7.944124809000641108e-05
6.995901107788085938e+00,3.834952076431363821e-04,2.300971187651157379e-03,-2.079060301184654236e-02,-3.831290006637573242e-01,2.022306580329313874e-04,4.881795030087232590e-05
6.997901201248168945e+00,3.355583176016807556e-04,3.834952134639024734e-03,-3.245654702186584473e-02,2.926852405071258545e-01,2.022306580329313874e-04,4.881795030087232590e-05
7.000006914138793945e+00,3.355583176016807556e-04,2.684466540813446045e-03,-3.538389503955841064e-02,-1.419872790575027466e-01,-6.607684190385043621e-05,6.223345990292727947e-04
7.002007246017456055e+00,3.355583176016807556e-04,2.684466540813446045e-03,-3.538389503955841064e-02,-1.419872790575027466e-01,2.060859114862978458e-04,3.396635584067553282e-04
7.004007339477539062e+00,8.149273344315588474e-04,2.684466540813446045e-03,7.855331897735595703e-02,-1.843509078025817871e-02,2.060859114862978458e-04,3.396635584067553282e-04
7.006007432937622070e+00,4.793690168298780918e-04,2.684466540813446045e-03,-4.781291354447603226e-03,-2.174119651317596436e-02,1.407995732733979821e-04,-9.888748536468483508e-06
7.008007526397705078e+00,4.793690168298780918e-04,2.684466540813446045e-03,-1.937001384794712067e-02,-2.196398824453353882e-01,1.044567907229065895e-04,1.250784116564318538e-04
7.010007619857788086e+00,4.314320976845920086e-04,2.300971187651157379e-03,-1.937001384794712067e-02,-2.196398824453353882e-01,1.044567907229065895e-04,1.250784116564318538e-04
7.012007951736450195e+00,5.752427969127893448e-04,2.684466540813446045e-03,1.258774194866418839e-02,-1.036569476127624512e-01,1.604000426596030593e-04,-7.722072041360661387e-05
7.014008045196533203e+00,5.752427969127893448e-04,2.684466540813446045e-03,-9.140092879533767700e-04,1.943098306655883789e-01,-1.952525926753878593e-04,7.389621168840676546e-05
7.016008138656616211e+00,5.273059359751641750e-04,3.067961661145091057e-03,-9.140092879533767700e-04,1.943098306655883789e-01,-1.952525926753878593e-04,7.389621168840676546e-05
7.018008232116699219e+00,6.711166352033615112e-04,2.684466540813446045e-03,3.340779617428779602e-02,1.770463585853576660e-02,-3.503571206238120794e-04,-1.883527438621968031e-04
7.020008325576782227e+00,6.711166352033615112e-04,2.684466540813446045e-03,1.019764598459005356e-02,1.443626731634140015e-01,3.686144191306084394e-04,2.995837130583822727e-04
7.022008419036865234e+00,5.752427969127893448e-04,3.067961661145091057e-03,1.019764598459005356e-02,1.443626731634140015e-01,3.686144191306084394e-04,2.995837130583822727e-04
7.024008512496948242e+00,4.793690168298780918e-04,2.300971187651157379e-03,-1.127091236412525177e-02,-1.645974367856979370e-01,5.890704778721556067e-05,-3.950601094402372837e-04
7.026008605957031250e+00,4.793690168298780918e-04,2.300971187651157379e-03,2.556007588282227516e-03,-6.772281974554061890e-02,-6.048853538231924176e-05,-5.785357207059860229e-04
7.028008699417114258e+00,5.273059359751641750e-04,2.684466540813446045e-03,2.556007588282227516e-03,-6.772281974554061890e-02,-6.048853538231924176e-05,-5.785357207059860229e-04
7.030031442642211914e+00,4.793690168298780918e-04,3.067961661145091057e-03,-7.779970765113830566e-03,-1.529959868639707565e-02,-3.674795734696090221e-04,5.446575814858078957e-04
7.032031536102294922e+00,4.793690168298780918e-04,3.067961661145091057e-03,-7.779970765113830566e-03,-1.529959868639707565e-02,-3.557022137101739645e-04,-1.437649480067193508e-04
7.034031629562377930e+00,5.752427969127893448e-04,3.451456781476736069e-03,1.946241594851016998e-02,1.795644015073776245e-01,-3.557022137101739645e-04,-1.437649480067193508e-04
7.036031723022460938e+00,4.793690168298780918e-04,3.451456781476736069e-03,1.019906485453248024e-04,1.838260740041732788e-01,1.604956778464838862e-04,1.359133020741865039e-04
7.038031816482543945e+00,4.793690168298780918e-04,3.451456781476736069e-03,1.019906485453248024e-04,-3.654969632625579834e-01,4.226096789352595806e-04,-3.288889711257070303e-04
7.040031909942626953e+00,4.793690168298780918e-04,2.300971187651157379e-03,1.907072844915091991e-03,-3.654969632625579834e-01,4.226096789352595806e-04,-3.288889711257070303e-04
7.042032003402709961e+00,6.231797160580754280e-04,3.451456781476736069e-03,3.409448638558387756e-02,2.913838922977447510e-01,-1.358842564513906837e-04,-2.892400370910763741e-04
7.044032096862792969e+00,6.231797160580754280e-04,3.451456781476736069e-03,3.409448638558387756e-02,2.913838922977447510e-01,-3.507793880999088287e-04,1.765830966178327799e-04
7.046032190322875977e+00,6.231797160580754280e-04,2.300971187651157379e-03,3.104272298514842987e-02,-3.385603725910186768e-01,-3.507793880999088287e-04,1.765830966178327799e-04
7.048032283782958984e+00,5.752427969127893448e-04,2.300971187651157379e-03,1.353164855390787125e-02,-4.028841555118560791e-01,-1.492938463343307376e-05,5.696247899322770536e-05
7.050032615661621094e+00,5.752427969127893448e-04,2.300971187651157379e-03,1.353164855390787125e-02,-4.028841555118560791e-01,-4.071771109011024237e-04,6.814638254581950605e-06
7.052032709121704102e+00,4.793690168298780918e-04,1.917476067319512367e-03,-1.546296942979097366e-02,-4.161441624164581299e-01,-4.071771109011024237e-04,6.814638254581950605e-06
7.054032802581787109e+00,5.273059359751641750e-04,2.300971187651157379e-03,-7.644716650247573853e-03,-1.947978436946868896e-01,7.585909770568832755e-05,2.507474564481526613e-04
7.056032896041870117e+00,5.273059359751641750e-04,2.300971187651157379e-03,-7.644716650247573853e-03,-1.947978436946868896e-01,7.585909770568832755e-05,2.507474564481526613e-04
7.058032989501953125e+00,6.231797160580754280e-04,2.300971187651157379e-03,1.011986006051301956e-02,-2.549321353435516357e-01,1.392448029946535826e-04,1.320171431871131063e-04
7.060033082962036133e+00,5.752427969127893448e-04,2.684466540813446045e-03,-7.281322032213211060e-03,2.239066734910011292e-02,-3.370337362866848707e-04,-1.335208216914907098e-04
7.062033176422119141e+00,5.752427969127893448e-04,2.684466540813446045e-03,2.752136904746294022e-03,5.325802564620971680e-01,-3.531876136548817158e-04,-3.018722636625170708e-04
7.064033269882202148e+00,6.231797160580754280e-04,3.451456781476736069e-03,2.752136904746294022e-03,5.325802564620971680e-01,-3.531876136548817158e-04,-3.018722636625170708e-04
7.066033363342285156e+00,6.231797160580754280e-04,3.067961661145091057e-03,1.978098647668957710e-03,2.102321088314056396e-01,2.867613511625677347e-04,-7.446445670211687684e-05
7.068033456802368164e+00,6.231797160580754280e-04,3.067961661145091057e-03,-4.366470500826835632e-02,2.832180559635162354e-01,-1.551173918414860964e-04,1.931822480401024222e-04
7.070033550262451172e+00,4.314320976845920086e-04,3.451456781476736069e-03,-4.366470500826835632e-02,2.832180559635162354e-01,-1.551173918414860964e-04,1.931822480401024222e-04
7.072033643722534180e+00,5.752427969127893448e-04,2.684466540813446045e-03,-5.870280321687459946e-03,-1.672042012214660645e-01,1.178317106678150594e-04,6.348687747959047556e-05
7.074033737182617188e+00,5.752427969127893448e-04,2.684466540813446045e-03,-1.020336640067398548e-03,-7.036032527685165405e-02,1.445643429178744555e-04,2.103172009810805321e-04
7.076033830642700195e+00,5.752427969127893448e-04,2.684466540813446045e-03,-1.020336640067398548e-03,-7.036032527685165405e-02,1.445643429178744555e-04,2.103172009810805321e-04
7.078033924102783203e+00,3.834952076431363821e-04,4.601942375302314758e-03,-3.925627097487449646e-02,6.945164799690246582e-01,1.213397554238326848e-04,-3.893033135682344437e-05
7.080034017562866211e+00,3.834952076431363821e-04,4.601942375302314758e-03,-3.925627097487449646e-02,6.945164799690246582e-01,-3.897952556144446135e-04,-9.925440826918929815e-05
7.082034111022949219e+00,6.231797160580754280e-04,3.451456781476736069e-03,2.464994415640830994e-02,1.115340292453765869e-01,-3.897952556144446135e-04,-9.925440826918929815e-05
7.084034204483032227e+00,5.273059359751641750e-04,2.300971187651157379e-03,6.602613721042871475e-03,-4.394881129264831543e-01,-6.874644168419763446e-05,1.488393627369077876e-05
7.086034536361694336e+00,5.273059359751641750e-04,2.300971187651157379e-03,6.764915306121110916e-03,-4.598534479737281799e-02,-2.395646442892029881e-04,1.244293071067659184e-05
7.088034629821777344e+00,5.273059359751641750e-04,3.067961661145091057e-03,6.764915306121110916e-03,-4.598534479737281799e-02,-2.395646442892029881e-04,1.244293071067659184e-05
7.090034723281860352e+00,6.231797160580754280e-04,3.834952134639024734e-03,2.738884650170803070e-02,3.073914945125579834e-01,1.173927303170785308e-04,-6.594018195755779743e-04
7.092034816741943359e+00,6.231797160580754280e-04,3.834952134639024734e-03,2.738884650170803070e-02,3.073914945125579834e-01,2.250214456580579281e-04,4.856310260947793722e-04
7.094034910202026367e+00,5.752427969127893448e-04,3.834952134639024734e-03,1.078217569738626480e-02,3.126483857631683350e-01,2.250214456580579281e-04,4.856310260947793722e-04
7.096035003662109375e+00,9.587380336597561836e-04,2.684466540813446045e-03,9.238266944885253906e-02,-1.684944629669189453e-01,2.231619582744315267e-04,-1.830321707529947162e-04
7.098035335540771484e+00,9.587380336597561836e-04,2.684466540813446045e-03,9.238266944885253906e-02,-1.684944629669189453e-01,-8.471711771562695503e-05,-1.480726205045357347e-04
7.100035429000854492e+00,6.231797160580754280e-04,2.300971187651157379e-03,4.866706149186939001e-04,-3.452399969100952148e-01,-8.471711771562695503e-05,-1.480726205045357347e-04
7.102035522460937500e+00,6.231797160580754280e-04,2.300971187651157379e-03,-1.111763250082731247e-02,-2.192596346139907837e-01,1.746963062032591552e-05,2.374473697273060679e-04
7.104035615921020508e+00,6.231797160580754280e-04,2.300971187651157379e-03,-1.111763250082731247e-02,-2.192596346139907837e-01,1.723003661027178168e-04,-2.856160281226038933e-04
7.106035709381103516e+00,7.669904152862727642e-04,1.917476067319512367e-03,1.631719246506690979e-02,-3.541499674320220947e-01,1.723003661027178168e-04,-2.856160281226038933e-04
7.108035802841186523e+00,8.149273344315588474e-04,2.684466540813446045e-03,2.143502049148082733e-02,-2.154797315597534180e-02,-3.530030080582946539e-04,-1.253673835890367627e-04
7.110035896301269531e+00,8.149273344315588474e-04,2.684466540813446045e-03,2.143502049148082733e-02,-2.154797315597534180e-02,5.824504842166788876e-05,1.395500439684838057e-04
7.112035989761352539e+00,6.711166352033615112e-04,2.684466540813446045e-03,-1.607300713658332825e-02,-3.728564362972974777e-03,5.824504842166788876e-05,1.395500439684838057e-04
7.114036083221435547e+00,6.711166352033615112e-04,3.067961661145091057e-03,-1.692551746964454651e-02,1.758290976285934448e-01,-1.542741083540022373e-04,4.062080697622150183e-04
7.116036176681518555e+00,6.711166352033615112e-04,3.067961661145091057e-03,-1.692551746964454651e-02,1.758290976285934448e-01,1.546683779451996088e-04,3.857581032207235694e-05
7.118036270141601562e+00,6.711166352033615112e-04,2.300971187651157379e-03,-1.393321342766284943e-02,-2.768159210681915283e-01,1.546683779451996088e-04,3.857581032207235694e-05
7.120036363601684570e+00,6.231797160580754280e-04,3.067961661145091057e-03,-2.126468159258365631e-02,1.609885841608047485e-01,2.785557880997657776e-04,-1.908467384055256844e-04
7.122036457061767578e+00,6.231797160580754280e-04,3.067961661145091057e-03,-2.126468159258365631e-02,6.035647541284561157e-02,8.624923793831840158e-05,4.304177127778530121e-04
7.124036550521850586e+00,6.231797160580754280e-04,2.684466540813446045e-03,-1.565754227340221405e-02,6.035647541284561157e-02,8.624923793831840158e-05,4.304177127778530121e-04
7.126036643981933594e+00,6.711166352033615112e-04,3.451456781476736069e-03,7.088851649314165115e-03,2.536264657974243164e-01,-3.518292032822500914e-06,-8.348256233148276806e-05
7.128036975860595703e+00,6.711166352033615112e-04,3.451456781476736069e-03,4.189901519566774368e-03,-3.875324130058288574e-01,2.413201873423531651e-04,-6.817156099714338779e-05
7.130037069320678711e+00,6.231797160580754280e-04,2.300971187651157379e-03,4.189901519566774368e-03,-3.875324130058288574e-01,2.413201873423531651e-04,-6.817156099714338779e-05
7.132037162780761719e+00,5.273059359751641750e-04,2.300971187651157379e-03,-1.160114724189043045e-02,-4.121137261390686035e-01,-3.777641104534268379e-04,3.041826312255579978e-05
7.134037256240844727e+00,5.273059359751641750e-04,2.300971187651157379e-03,-4.467311315238475800e-03,1.139166429638862610e-01,3.620783973019570112e-04,2.157092530978843570e-04
7.136037349700927734e+00,5.273059359751641750e-04,3.451456781476736069e-03,-4.467311315238475800e-03,1.139166429638862610e-01,3.620783973019570112e-04,2.157092530978843570e-04
7.138037443161010742e+00,6.231797160580754280e-04,3.067961661145091057e-03,2.176848798990249634e-02,-5.793438479304313660e-02,-7.269469733728328720e-06,5.635794514091685414e-05
7.140037775039672852e+00,6.231797160580754280e-04,3.067961661145091057e-03,-2.343808487057685852e-02,1.035429537296295166e-01,-1.302260498050600290e-04,2.665154170244932175e-04
7.142037868499755859e+00,4.314320976845920086e-04,3.451456781476736069e-03,-2.343808487057685852e-02,1.035429537296295166e-01,-1.302260498050600290e-04,2.665154170244932175e-04
7.144037961959838867e+00,4.793690168298780918e-04,3.067961661145091057e-03,-1.510739233344793320e-02,-6.669080257415771484e-02,-1.121766399592161179e-04,-2.157189155695959926e-04
7.146038055419921875e+00,4.793690168298780918e-04,3.067961661145091057e-03,1.397948595695197582e-03,1.968060731887817383e-01,-9.186853421851992607e-04,-5.923540447838604450e-04
7.148038148880004883e+00,5.752427969127893448e-04,3.451456781476736069e-03,1.397948595695197582e-03,1.968060731887817383e-01,-9.186853421851992607e-04,-5.923540447838604450e-04
7.150038242340087891e+00,6.711166352033615112e-04,3.067961661145091057e-03,1.885449700057506561e-02,8.711922168731689453e-02,1.270472421310842037e-04,2.227040386060252786e-04
7.152038335800170898e+00,6.711166352033615112e-04,3.067961661145091057e-03,1.762595609761774540e-03,-6.581106036901473999e-02,-2.904373104684054852e-04,-3.138243919238448143e-04
7.154038429260253906e+00,6.231797160580754280e-04,2.684466540813446045e-03,1.762595609761774540e-03,-6.581106036901473999e-02,-2.904373104684054852e-04,-3.138243919238448143e-04
7.156038522720336914e+00,7.190534961409866810e-04,1.917476067319512367e-03,2.069557830691337585e-02,-3.697323799133300781e-01,1.299929572269320488e-04,5.157332052476704121e-04
7.158038616180419922e+00,7.190534961409866810e-04,1.917476067319512367e-03,-2.386330626904964447e-02,-1.609802842140197754e-01,-1.609634346095845103e-04,-1.183568747364915907e-05
7.160038948059082031e+00,5.273059359751641750e-04,2.300971187651157379e-03,-2.386330626904964447e-02,-1.609802842140197754e-01,-1.609634346095845103e-04,-1.183568747364915907e-05
7.162039041519165039e+00,4.793690168298780918e-04,2.300971187651157379e-03,-3.399302065372467041e-02,-1.441208720207214355e-01,2.617891295813024044e-04,1.032765212585218251e-04
7.164039134979248047e+00,4.793690168298780918e-04,2.300971187651157379e-03,-5.744366440922021866e-03,6.340841948986053467e-02,1.026449681376107037e-04,2.002129476750269532e-04
7.166039228439331055e+00,5.752427969127893448e-04,3.067961661145091057e-03,-5.744366440922021866e-03,6.340841948986053467e-02,1.026449681376107037e-04,2.002129476750269532e-04
7.168039321899414062e+00,6.711166352033615112e-04,3.451456781476736069e-03,2.444889768958091736e-02,3.144896328449249268e-01,4.862753485213033855e-05,-1.171839321614243090e-04
7.170039415359497070e+00,6.711166352033615112e-04,3.451456781476736069e-03,2.444889768958091736e-02,3.144896328449249268e-01,-1.765947818057611585e-04,3.879901487380266190e-04
7.172039508819580078e+00,4.314320976845920086e-04,2.684466540813446045e-03,-2.278375625610351562e-02,-1.571021080017089844e-01,-1.765947818057611585e-04,3.879901487380266190e-04
7.174039602279663086e+00,3.834952076431363821e-04,2.300971187651157379e-03,-2.484638802707195282e-02,-3.606640100479125977e-01,-2.276034938404336572e-04,2.711837296374142170e-04
7.176039695739746094e+00,3.834952076431363821e-04,2.300971187651157379e-03,-2.484638802707195282e-02,-3.606640100479125977e-01,-2.507501922082155943e-04,1.161800755653530359e-04
7.178039789199829102e+00,4.314320976845920086e-04,3.067961661145091057e-03,-5.038389004766941071e-03,3.309544641524553299e-03,-2.507501922082155943e-04,1.161800755653530359e-04
7.180039882659912109e+00,4.793690168298780918e-04,3.834952134639024734e-03,1.092082168906927109e-02,3.348760306835174561e-01,-3.517653385642915964e-04,-1.657547691138461232e-04
7.182039976119995117e+00,4.793690168298780918e-04,3.834952134639024734e-03,1.092082168906927109e-02,3.348760306835174561e-01,3.140365006402134895e-04,6.168082472868263721e-04
7.184040069580078125e+00,5.273059359751641750e-04,2.684466540813446045e-03,2.410982176661491394e-02,-2.492154091596603394e-01,3.140365006402134895e-04,6.168082472868263721e-04
7.186040163040161133e+00,5.273059359751641750e-04,3.834952134639024734e-03,2.264362573623657227e-02,3.766653537750244141e-01,3.023954341188073158e-04,-2.691209374461323023e-04
7.188040256500244141e+00,5.273059359751641750e-04,3.834952134639024734e-03,1.539260428398847580e-02,-1.013406366109848022e-01,5.527872053789906204e-05,5.383458119467832148e-05
7.190040349960327148e+00,5.273059359751641750e-04,2.684466540813446045e-03,1.539260428398847580e-02,-1.013406366109848022e-01,5.527872053789906204e-05,5.383458119467832148e-05
7.192040443420410156e+00,3.834952076431363821e-04,2.300971187651157379e-03,-2.725417725741863251e-02,-2.277614772319793701e-01,8.571766375098377466e-05,2.703614882193505764e-04
7.194040536880493164e+00,3.834952076431363821e-04,2.300971187651157379e-03,-2.725417725741863251e-02,-2.277614772319793701e-01,7.188603631220757961e-04,-4.435428490978665650e-05
7.196040630340576172e+00,5.752427969127893448e-04,3.451456781476736069e-03,1.212464924901723862e-02,3.446654677391052246e-01,7.188603631220757961e-04,-4.435428490978665650e-05
7.198040723800659180e+00,5.273059359751641750e-04,2.684466540813446045e-03,-5.101430695503950119e-03,9.123972803354263306e-02,3.035037079825997353e-04,3.200102073606103659e-04
7.200040817260742188e+00,5.273059359751641750e-04,2.684466540813446045e-03,2.339814556762576103e-03,1.208259314298629761e-01,4.925988032482564449e-04,-3.167711838614195585e-04
7.202040910720825195e+00,5.752427969127893448e-04,2.684466540813446045e-03,2.339814556762576103e-03,1.208259314298629761e-01,4.925988032482564449e-04,-3.167711838614195585e-04
7.204041004180908203e+00,6.711166352033615112e-04,1.917476067319512367e-03,2.401242218911647797e-02,-3.165137171745300293e-01,-4.862067580688744783e-04,3.837974509224295616e-04
7.206041097640991211e+00,6.711166352033615112e-04,1.917476067319512367e-03,2.401242218911647797e-02,-2.686794102191925049e-01,3.572137939045205712e-05,1.720583240967243910e-04
7.208041191101074219e+00,3.834952076431363821e-04,2.300971187651157379e-03,-4.295356944203376770e-02,-2.686794102191925049e-01,3.572137939045205712e-05,1.720583240967243910e-04
7.210041522979736328e+00,3.834952076431363821e-04,2.684466540813446045e-03,-3.499222174286842346e-02,-4.204048588871955872e-02,7.303714664885774255e-05,5.565907922573387623e-04
7.212041616439819336e+00,3.834952076431363821e-04,2.684466540813446045e-03,8.005143143236637115e-03,-7.883184403181076050e-02,-2.697911986615508795e-04,-1.421285560354590416e-04
7.214041709899902344e+00,5.273059359751641750e-04,2.684466540813446045e-03,8.005143143236637115e-03,-7.883184403181076050e-02,-2.697911986615508795e-04,-1.421285560354590416e-04
7.216041803359985352e+00,3.834952076431363821e-04,2.684466540813446045e-03,-1.870325207710266113e-02,-7.805779576301574707e-02,7.832396659068763256e-05,-6.094634954934008420e-06
7.218041896820068359e+00,3.834952076431363821e-04,2.684466540813446045e-03,-1.464187912642955780e-02,-2.339608967304229736e-01,1.212485294672660530e-04,3.737811348401010036e-04
7.220041990280151367e+00,3.834952076431363821e-04,2.684466540813446045e-03,-1.464187912642955780e-02,-2.339608967304229736e-01,1.212485294672660530e-04,3.737811348401010036e-04
7.222042322158813477e+00,3.834952076431363821e-04,4.218447487801313400e-03,-9.931417182087898254e-03,5.153643488883972168e-01,3.074657870456576347e-04,1.530820009065791965e-04
7.224042415618896484e+00,3.834952076431363821e-04,4.218447487801313400e-03,-9.931417182087898254e-03,5.153643488883972168e-01,1.963355462066829205e-04,-1.751059426169376820e-05
7.226042509078979492e+00,5.752427969127893448e-04,3.834952134639024734e-03,3.790942952036857605e-02,3.360732197761535645e-01,1.963355462066829205e-04,-1.751059426169376820e-05
7.228042840957641602e+00,5.752427969127893448e-04,3.067961661145091057e-03,3.590233623981475830e-02,3.261638432741165161e-02,-3.347796155139803886e-04,-4.045043606311082840e-04
7.230042934417724609e+00,5.752427969127893448e-04,3.067961661145091057e-03,9.120048023760318756e-03,7.902240157127380371e-01,-4.033198638353496790e-04,5.354593740776181221e-04
7.232043027877807617e+00,4.793690168298780918e-04,4.601942375302314758e-03,9.120048023760318756e-03,7.902240157127380371e-01,-4.033198638353496790e-04,5.354593740776181221e-04
7.234043121337890625e+00,5.752427969127893448e-04,2.684466540813446045e-03,2.790480479598045349e-02,-1.833210587501525879e-01,8.598165732109919190e-05,2.790166181512176991e-04
7.236043214797973633e+00,5.752427969127893448e-04,2.684466540813446045e-03,-1.352814026176929474e-02,-1.082612480968236923e-02,-4.255479143466800451e-04,-2.274243743158876896e-04
7.238043308258056641e+00,4.314320976845920086e-04,3.067961661145091057e-03,-1.352814026176929474e-02,-1.082612480968236923e-02,-4.255479143466800451e-04,-2.274243743158876896e-04
7.240043401718139648e+00,5.752427969127893448e-04,2.300971187651157379e-03,1.295644324272871017e-02,-3.289759755134582520e-01,2.670396643225103617e-04,1.023254706524312496e-03
7.242043495178222656e+00,5.752427969127893448e-04,2.300971187651157379e-03,6.158124655485153198e-02,-2.685744762420654297e-01,6.218145426828414202e-05,4.222771895001642406e-05
7.244043588638305664e+00,8.149273344315588474e-04,2.300971187651157379e-03,6.158124655485153198e-02,-2.685744762420654297e-01,6.218145426828414202e-05,4.222771895001642406e-05
7.246043682098388672e+00,6.231797160580754280e-04,2.300971187651157379e-03,6.189806852489709854e-03,-2.486949115991592407e-01,5.677086301147937775e-05,-2.546309842728078365e-04
7.248043775558471680e+00,6.231797160580754280e-04,2.300971187651157379e-03,6.189806852489709854e-03,-2.486949115991592407e-01,2.975027928187046200e-05,-3.796656383201479912e-04
7.250043869018554688e+00,6.711166352033615112e-04,2.684466540813446045e-03,1.138033345341682434e-02,3.590424731373786926e-02,2.975027928187046200e-05,-3.796656383201479912e-04
7.252043962478637695e+00,5.273059359751641750e-04,1.533980830572545528e-03,-2.980806119740009308e-02,-5.199459791183471680e-01,-1.251294597750529647e-04,1.666922180447727442e-04
7.254044055938720703e+00,5.273059359751641750e-04,1.533980830572545528e-03,2.480399236083030701e-02,3.310076519846916199e-02,8.000168600119650364e-05,-4.317178099881857634e-04
7.256044149398803711e+00,7.669904152862727642e-04,2.684466540813446045e-03,2.480399236083030701e-02,3.310076519846916199e-02,8.000168600119650364e-05,-4.317178099881857634e-04
7.258044242858886719e+00,4.793690168298780918e-04,3.067961661145091057e-03,-4.477875679731369019e-02,1.080868542194366455e-01,2.518467663321644068e-04,1.489652931923046708e-04
7.260044574737548828e+00,4.793690168298780918e-04,3.067961661145091057e-03,-4.477875679731369019e-02,1.080868542194366455e-01,3.845737664960324764e-04,4.415224248077720404e-04
7.262044668197631836e+00,6.231797160580754280e-04,3.451456781476736069e-03,-6.686348002403974533e-03,2.115154862403869629e-01,3.845737664960324764e-04,4.415224248077720404e-04
7.264044761657714844e+00,6.231797160580754280e-04,3.067961661145091057e-03,-1.562564168125391006e-03,2.985882200300693512e-02,-2.183688920922577381e-04,-7.033381261862814426e-04
7.266044855117797852e+00,6.231797160580754280e-04,3.067961661145091057e-03,-8.990366943180561066e-03,1.521117240190505981e-01,1.317043061135336757e-04,1.045508355446145288e-07
7.268044948577880859e+00,5.752427969127893448e-04,3.451456781476736069e-03,-8.990366943180561066e-03,1.521117240190505981e-01,1.317043061135336757e-04,1.045508355446145288e-07
7.270045280456542969e+00,6.231797160580754280e-04,3.067961661145091057e-03,5.208787042647600174e-03,5.203204229474067688e-03,-1.499436912126839161e-04,-3.737703955266624689e-04
7.272045373916625977e+00,6.231797160580754280e-04,3.067961661145091057e-03,7.136577740311622620e-03,1.164952814579010010e-01,6.027261406416073442e-05,4.321343440096825361e-04
7.274045467376708984e+00,6.231797160580754280e-04,3.067961661145091057e-03,7.136577740311622620e-03,1.164952814579010010e-01,6.027261406416073442e-05,4.321343440096825361e-04
7.276045560836791992e+00,7.669904152862727642e-04,3.067961661145091057e-03,4.131355509161949158e-02,2.255788631737232208e-02,-1.563846017234027386e-04,1.904978416860103607e-04
7.278045654296875000e+00,7.669904152862727642e-04,3.067961661145091057e-03,-9.371031075716018677e-03,-9.372027218341827393e-02,-3.184218076057732105e-04,-1.002991048153489828e-04
7.280045747756958008e+00,5.752427969127893448e-04,3.067961661145091057e-03,-9.371031075716018677e-03,-9.372027218341827393e-02,-3.184218076057732105e-04,-1.002991048153489828e-04
7.282045841217041016e+00,7.669904152862727642e-04,2.684466540813446045e-03,3.031666390597820282e-02,-1.638615131378173828e-01,1.965525007108226418e-04,-4.327136593929026276e-06
7.284045934677124023e+00,7.669904152862727642e-04,2.684466540813446045e-03,2.290973439812660217e-02,8.293725550174713135e-02,1.202856365125626326e-04,-4.227354074828326702e-04
7.286046028137207031e+00,7.669904152862727642e-04,3.067961661145091057e-03,2.290973439812660217e-02,8.293725550174713135e-02,1.202856365125626326e-04,-4.227354074828326702e-04
7.288046121597290039e+00,7.190534961409866810e-04,3.067961661145091057e-03,8.249611593782901764e-03,1.381853073835372925e-01,-1.556118950247764587e-04,4.078157944604754448e-04
7.290046215057373047e+00,7.190534961409866810e-04,3.067961661145091057e-03,-5.489715561270713806e-02,-7.956847548484802246e-02,-3.198214108124375343e-04,3.072999970754608512e-05
7.292046308517456055e+00,4.793690168298780918e-04,2.684466540813446045e-03,-5.489715561270713806e-02,-7.956847548484802246e-02,-3.198214108124375343e-04,3.072999970754608512e-05
7.294046401977539062e+00,7.190534961409866810e-04,3.451456781476736069e-03,-1.234025985468178988e-04,4.269458055496215820e-01,-5.586703191511332989e-04,-5.395494517870247364e-04
7.296046495437622070e+00,7.190534961409866810e-04,3.451456781476736069e-03,-1.234025985468178988e-04,4.269458055496215820e-01,-7.593631744384765625e-05,-7.912520231911912560e-05
7.298046588897705078e+00,7.190534961409866810e-04,2.684466540813446045e-03,-3.140888409689068794e-03,6.158014759421348572e-03,-7.593631744384765625e-05,-7.912520231911912560e-05
7.300046682357788086e+00,6.711166352033615112e-04,2.300971187651157379e-03,-1.599318161606788635e-02,-1.726392954587936401e-01,2.726427337620407343e-04,-1.529553119326010346e-04
7.302046775817871094e+00,6.711166352033615112e-04,2.300971187651157379e-03,-2.413620240986347198e-02,1.050569638609886169e-01,-2.913958451244980097e-04,-7.855959120206534863e-05
7.304046869277954102e+00,6.231797160580754280e-04,3.067961661145091057e-03,-2.413620240986347198e-02,1.050569638609886169e-01,-2.913958451244980097e-04,-7.855959120206534863e-05
7.306047201156616211e+00,5.752427969127893448e-04,3.451456781476736069e-03,-3.114901296794414520e-02,3.285891115665435791e-01,1.773816766217350960e-04,2.295592857990413904e-04
7.308047294616699219e+00,5.752427969127893448e-04,3.451456781476736069e-03,-3.114901296794414520e-02,3.285891115665435791e-01,1.682080473983660340e-04,-4.306886112317442894e-04
7.310047388076782227e+00,5.752427969127893448e-04,3.834952134639024734e-03,-2.375353313982486725e-02,4.783916175365447998e-01,1.682080473983660340e-04,-4.306886112317442894e-04
7.312047481536865234e+00,5.752427969127893448e-04,2.684466540813446045e-03,-1.658170856535434723e-02,-2.165200412273406982e-01,-1.338891452178359032e-04,3.354119689902290702e-05
7.314047574996948242e+00,5.752427969127893448e-04,2.684466540813446045e-03,-7.109263679012656212e-04,-3.462055027484893799e-01,1.458244660170748830e-04,-2.803477691486477852e-04
7.316047668457031250e+00,6.231797160580754280e-04,2.300971187651157379e-03,-7.109263679012656212e-04,-3.462055027484893799e-01,1.458244660170748830e-04,-2.803477691486477852e-04
7.318047761917114258e+00,6.231797160580754280e-04,2.300971187651157379e-03,5.315814632922410965e-03,-3.500486016273498535e-01,2.930670052592176944e-05,-7.793031545588746667e-05
7.320048093795776367e+00,6.231797160580754280e-04,2.300971187651157379e-03,7.482980377972126007e-03,4.106660783290863037e-01,2.283787034684792161e-05,2.611241361591964960e-04
7.322048187255859375e+00,6.231797160580754280e-04,3.834952134639024734e-03,7.482980377972126007e-03,4.106660783290863037e-01,2.283787034684792161e-05,2.611241361591964960e-04
7.324048280715942383e+00,6.231797160580754280e-04,3.834952134639024734e-03,8.069162257015705109e-03,3.782306015491485596e-01,-1.838687603594735265e-04,3.009551146533340216e-04
7.326048374176025391e+00,6.231797160580754280e-04,3.834952134639024734e-03,8.069162257015705109e-03,3.782306015491485596e-01,-1.838687603594735265e-04,3.009551146533340216e-04
7.328048467636108398e+00,5.752427969127893448e-04,3.067961661145091057e-03,-5.256201140582561493e-03,7.533006370067596436e-02,1.161384425358846784e-04,6.924806511960923672e-04
7.330048561096191406e+00,5.752427969127893448e-04,3.067961661145091057e-03,-8.079639635980129242e-03,-2.737296819686889648e-01,-9.755179780768230557e-05,3.403632144909352064e-04
7.332048654556274414e+00,5.752427969127893448e-04,2.300971187651157379e-03,-8.079639635980129242e-03,-2.737296819686889648e-01,-9.755179780768230557e-05,3.403632144909352064e-04
7.334048748016357422e+00,8.149273344315588474e-04,1.917476067319512367e-03,4.561172798275947571e-02,-3.886890709400177002e-01,3.337396992719732225e-05,4.054467135574668646e-04
7.336048841476440430e+00,8.149273344315588474e-04,1.917476067319512367e-03,6.354643031954765320e-03,6.057779192924499512e-01,1.148465344158466905e-05,-2.972309885080903769e-04
7.338048934936523438e+00,6.711166352033615112e-04,3.834952134639024734e-03,6.354643031954765320e-03,6.057779192924499512e-01,1.148465344158466905e-05,-2.972309885080903769e-04
7.340049028396606445e+00,5.752427969127893448e-04,2.684466540813446045e-03,-2.105620317161083221e-02,-1.327119674533605576e-02,8.713687566341832280e-05,2.775352913886308670e-04
7.342049121856689453e+00,5.752427969127893448e-04,2.684466540813446045e-03,3.721907734870910645e-03,-6.818813085556030273e-01,-9.932280590874142945e-06,3.646482946351170540e-04
7.344049215316772461e+00,6.711166352033615112e-04,1.150485593825578690e-03,3.721907734870910645e-03,-6.818813085556030273e-01,-9.932280590874142945e-06,3.646482946351170540e-04
7.346049308776855469e+00,4.793690168298780918e-04,2.300971187651157379e-03,-3.749450668692588806e-02,-1.677345633506774902e-01,-1.839362666942179203e-04,-8.477091614622622728e-05
7.348049402236938477e+00,4.793690168298780918e-04,2.300971187651157379e-03,-2.068511582911014557e-02,-1.478557847440242767e-02,2.792939085338730365e-05,-6.396519893314689398e-05
7.350049495697021484e+00,5.273059359751641750e-04,2.684466540813446045e-03,-2.068511582911014557e-02,-1.478557847440242767e-02,2.792939085338730365e-05,-6.396519893314689398e-05
7.352049589157104492e+00,5.752427969127893448e-04,2.300971187651157379e-03,1.271504093892872334e-03,-1.963274180889129639e-01,-2.490670885890722275e-04,1.612656924407929182e-04
7.354049682617187500e+00,5.752427969127893448e-04,2.300971187651157379e-03,-2.393463812768459320e-02,1.024017855525016785e-01,-8.722798520466312766e-05,-3.992648853454738855e-04
7.356049776077270508e+00,4.314320976845920086e-04,3.067961661145091057e-03,-2.393463812768459320e-02,1.024017855525016785e-01,-8.722798520466312766e-05,-3.992648853454738855e-04
7.358049869537353516e+00,4.793690168298780918e-04,3.451456781476736069e-03,-3.990572586189955473e-04,2.383158802986145020e-01,2.073473588097840548e-04,9.005516039906069636e-05
7.360049962997436523e+00,4.793690168298780918e-04,3.451456781476736069e-03,6.015174090862274170e-03,2.007919363677501678e-03,2.593854333099443465e-05,4.285589675419032574e-04
7.362050056457519531e+00,4.793690168298780918e-04,3.067961661145091057e-03,6.015174090862274170e-03,2.007919363677501678e-03,2.593854333099443465e-05,4.285589675419032574e-04
7.364050388336181641e+00,4.793690168298780918e-04,4.218447487801313400e-03,1.114499848335981369e-02,5.665151476860046387e-01,1.740506559144705534e-04,4.620190302375704050e-04
7.366050481796264648e+00,4.314320976845920086e-04,3.834952134639024734e-03,-3.613067965488880873e-04,2.981094121932983398e-01,2.273165409860666841e-05,-4.073481832165271044e-04
7.368050575256347656e+00,4.314320976845920086e-04,3.834952134639024734e-03,-3.613067965488880873e-04,2.981094121932983398e-01,2.273165409860666841e-05,-4.073481832165271044e-04
7.370050907135009766e+00,4.793690168298780918e-04,3.067961661145091057e-03,9.612854570150375366e-03,-7.321496307849884033e-02,6.944519554963335395e-05,4.555761697702109814e-04
7.372051000595092773e+00,4.793690168298780918e-04,3.067961661145091057e-03,-8.343004621565341949e-03,-2.792685627937316895e-01,-3.145000373478978872e-04,2.181949967052787542e-04
7.374051094055175781e+00,4.314320976845920086e-04,2.300971187651157379e-03,-8.343004621565341949e-03,-2.792685627937316895e-01,-3.145000373478978872e-04,2.181949967052787542e-04
7.376051187515258789e+00,5.273059359751641750e-04,2.684466540813446045e-03,7.449341472238302231e-03,2.034509368240833282e-02,-1.948891731444746256e-04,2.874136262107640505e-04
7.378051280975341797e+00,5.273059359751641750e-04,2.684466540813446045e-03,1.123831607401371002e-02,-1.477389335632324219e-01,-2.933339237642940134e-05,1.552240573801100254e-04
7.380051374435424805e+00,5.752427969127893448e-04,2.300971187651157379e-03,1.123831607401371002e-02,-1.477389335632324219e-01,-2.933339237642940134e-05,1.552240573801100254e-04
7.382051467895507812e+00,6.711166352033615112e-04,2.300971187651157379e-03,2.908105216920375824e-02,-1.136853247880935669e-01,-1.817767042666673660e-04,-4.961312515661120415e-04
7.384051561355590820e+00,6.711166352033615112e-04,2.300971187651157379e-03,1.374510116875171661e-03,6.061433255672454834e-02,-1.061135626514442265e-04,-2.261349618493113667e-05
7.386051654815673828e+00,5.752427969127893448e-04,2.684466540813446045e-03,1.374510116875171661e-03,6.061433255672454834e-02,-1.061135626514442265e-04,-2.261349618493113667e-05
7.388051748275756836e+00,4.793690168298780918e-04,2.684466540813446045e-03,-2.165746502578258514e-02,9.566944837570190430e-02,9.825064626056700945e-05,-5.356901674531400204e-04
7.390052080154418945e+00,4.793690168298780918e-04,2.684466540813446045e-03,1.542089413851499557e-02,5.188158527016639709e-02,-9.082660108106210828e-05,2.764776290860027075e-04
7.392052173614501953e+00,6.231797160580754280e-04,2.684466540813446045e-03,1.542089413851499557e-02,5.188158527016639709e-02,-9.082660108106210828e-05,2.764776290860027075e-04
7.394052267074584961e+00,3.834952076431363821e-04,3.067961661145091057e-03,-3.710581362247467041e-02,1.355474293231964111e-01,-6.804324220865964890e-05,-3.838316047222178895e-07
7.396052360534667969e+00,3.834952076431363821e-04,3.067961661145091057e-03,-8.386677131056785583e-03,3.839018642902374268e-01,-3.271734385634772480e-05,-1.823976926971226931e-04
7.398052453994750977e+00,4.793690168298780918e-04,3.834952134639024734e-03,-8.386677131056785583e-03,3.839018642902374268e-01,-3.271734385634772480e-05,-1.823976926971226931e-04
7.400052547454833984e+00,5.752427969127893448e-04,2.300971187651157379e-03,1.989690214395523071e-02,-3.865816593170166016e-01,-2.148259227396920323e-04,-1.616115769138559699e-04
7.402052640914916992e+00,5.752427969127893448e-04,2.300971187651157379e-03,1.480977865867316723e-03,-1.487272679805755615e-01,-3.732046170625835657e-04,-4.576490609906613827e-04
7.404052734375000000e+00,4.793690168298780918e-04,2.684466540813446045e-03,1.480977865867316723e-03,-1.487272679805755615e-01,-3.732046170625835657e-04,-4.576490609906613827e-04
7.406052827835083008e+00,3.834952076431363821e-04,3.067961661145091057e-03,-1.725925505161285400e-02,7.057518512010574341e-02,-4.577523504849523306e-04,2.643960579007398337e-05
7.408052921295166016e+00,3.834952076431363821e-04,3.067961661145091057e-03,4.285680130124092102e-02,-8.997476100921630859e-02,3.516393480822443962e-04,-4.856145824305713177e-04
7.410053014755249023e+00,6.231797160580754280e-04,3.067961661145091057e-03,4.285680130124092102e-02,-8.997476100921630859e-02,3.516393480822443962e-04,-4.856145824305713177e-04
7.412053108215332031e+00,3.834952076431363821e-04,4.218447487801313400e-03,-1.755053736269474030e-02,4.802297949790954590e-01,-2.384618419455364347e-04,6.440043216571211815e-04
7.414053201675415039e+00,3.834952076431363821e-04,4.218447487801313400e-03,-1.755053736269474030e-02,4.802297949790954590e-01,1.201815903186798096e-04,-1.186656227218918502e-04
7.416053295135498047e+00,4.793690168298780918e-04,3.067961661145091057e-03,-1.047495636157691479e-03,4.668947774916887283e-03,1.201815903186798096e-04,-1.186656227218918502e-04
7.418053627014160156e+00,3.355583176016807556e-04,3.067961661145091057e-03,-4.856410622596740723e-02,6.054086610674858093e-02,1.264634483959525824e-04,1.237179531017318368e-04
7.420053958892822266e+00,3.355583176016807556e-04,3.067961661145091057e-03,4.660640284419059753e-02,4.481422007083892822e-01,4.337028367444872856e-04,-1.269633212359622121e-04
7.422054052352905273e+00,7.669904152862727642e-04,3.834952134639024734e-03,4.660640284419059753e-02,4.481422007083892822e-01,4.337028367444872856e-04,-1.269633212359622121e-04
7.424054145812988281e+00,6.231797160580754280e-04,3.067961661145091057e-03,2.449666848406195641e-03,3.598275035619735718e-02,5.965778836980462074e-05,2.129287749994546175e-04
7.426054239273071289e+00,6.231797160580754280e-04,3.067961661145091057e-03,2.653644233942031860e-02,-4.266842007637023926e-01,1.311695523327216506e-04,9.813213546294718981e-05
7.428054332733154297e+00,7.669904152862727642e-04,1.917476067319512367e-03,2.653644233942031860e-02,-4.266842007637023926e-01,1.311695523327216506e-04,9.813213546294718981e-05
7.430054426193237305e+00,7.669904152862727642e-04,2.684466540813446045e-03,1.930441521108150482e-02,-3.259750083088874817e-02,2.146648039342835546e-04,2.250024117529392242e-04
7.432054519653320312e+00,7.669904152862727642e-04,2.684466540813446045e-03,1.930441521108150482e-02,-3.259750083088874817e-02,2.146648039342835546e-04,2.250024117529392242e-04
7.434054613113403320e+00,8.628641953691840172e-04,3.067961661145091057e-03,3.709821775555610657e-02,1.442267894744873047e-01,4.630623516277410090e-05,3.413372614886611700e-04
7.436054944992065430e+00,7.190534961409866810e-04,2.300971187651157379e-03,-3.647005651146173477e-04,-1.018698886036872864e-01,1.830182591220363975e-04,-1.103894464904442430e-05
7.438055276870727539e+00,7.190534961409866810e-04,2.300971187651157379e-03,2.355680428445339203e-02,6.605026870965957642e-02,-1.997186918742954731e-04,2.063335705315694213e-04
7.440055370330810547e+00,8.149273344315588474e-04,2.684466540813446045e-03,2.355680428445339203e-02,6.605026870965957642e-02,-3.552476846380159259e-05,8.246961806435137987e-05
7.442055463790893555e+00,5.273059359751641750e-04,4.218447487801313400e-03,-4.331364855170249939e-02,5.187622308731079102e-01,-3.552476846380159259e-05,8.246961806435137987e-05
7.444055557250976562e+00,5.273059359751641750e-04,4.218447487801313400e-03,-2.775813266634941101e-02,-5.188192799687385559e-02,-3.361782000865787268e-04,7.123710383893921971e-05
7.446055650711059570e+00,5.752427969127893448e-04,3.067961661145091057e-03,-2.775813266634941101e-02,-5.188192799687385559e-02,-3.361782000865787268e-04,7.123710383893921971e-05
7.448055744171142578e+00,6.711166352033615112e-04,3.834952134639024734e-03,9.209283161908388138e-04,2.515703737735748291e-01,5.828395951539278030e-04,9.436449909117072821e-05
7.450055837631225586e+00,6.711166352033615112e-04,3.834952134639024734e-03,-1.642843522131443024e-02,3.231863081455230713e-01,-1.697336410870775580e-04,-2.346417750231921673e-04
7.452055931091308594e+00,5.752427969127893448e-04,3.834952134639024734e-03,-1.642843522131443024e-02,3.231863081455230713e-01,-1.697336410870775580e-04,-2.346417750231921673e-04
7.454056024551391602e+00,6.231797160580754280e-04,3.067961661145091057e-03,-2.714694477617740631e-03,-8.367104828357696533e-02,-1.074680549209006131e-04,5.753170262323692441e-05
7.456056118011474609e+00,6.231797160580754280e-04,3.067961661145091057e-03,2.022724598646163940e-02,3.628819584846496582e-01,-3.852538793580606580e-05,-2.140150027116760612e-04
7.458056211471557617e+00,7.190534961409866810e-04,4.218447487801313400e-03,2.022724598646163940e-02,3.628819584846496582e-01,-3.852538793580606580e-05,-2.140150027116760612e-04
7.460056304931640625e+00,4.793690168298780918e-04,2.684466540813446045e-03,-4.031058028340339661e-02,-2.650503814220428467e-01,-1.002281569526530802e-04,-1.350357197225093842e-04
7.462056398391723633e+00,7.190534961409866810e-04,3.834952134639024734e-03,1.367571856826543808e-02,3.500566482543945312e-01,4.960247679264284670e-05,-1.515665007900679484e-05
7.464462518692016602e+00,7.190534961409866810e-04,3.834952134639024734e-03,1.367571856826543808e-02,3.500566482543945312e-01,4.960247679264284670e-05,-1.515665007900679484e-05
7.466462612152099609e+00,6.711166352033615112e-04,3.067961661145091057e-03,-5.441622808575630188e-03,-4.997680708765983582e-02,-2.030184841714799404e-04,-1.372977276332676411e-04
7.468462705612182617e+00,7.190534961409866810e-04,3.834952134639024734e-03,-2.074956661090254784e-03,4.343310594558715820e-01,6.548405508510768414e-04,-2.133121161023154855e-04
7.470462799072265625e+00,7.190534961409866810e-04,3.834952134639024734e-03,-2.074956661090254784e-03,4.343310594558715820e-01,6.548405508510768414e-04,-2.133121161023154855e-04
7.472462892532348633e+00,7.190534961409866810e-04,3.451456781476736069e-03,-1.065149623900651932e-02,2.372583150863647461e-01,-1.331611128989607096e-04,-1.569921914779115468e-05
7.474462985992431641e+00,7.190534961409866810e-04,2.684466540813446045e-03,-1.853299513459205627e-02,-2.292183972895145416e-02,-1.909361162688583136e-04,-3.436607585172168911e-05
7.476463079452514648e+00,7.190534961409866810e-04,2.684466540813446045e-03,-1.853299513459205627e-02,-2.292183972895145416e-02,-1.909361162688583136e-04,-3.436607585172168911e-05
7.478463172912597656e+00,7.669904152862727642e-04,2.684466540813446045e-03,-1.176935154944658279e-02,-8.376172184944152832e-02,2.290415868628770113e-04,3.317437658552080393e-04
7.480463266372680664e+00,7.190534961409866810e-04,2.300971187651157379e-03,-2.547420002520084381e-02,-1.573961675167083740e-01,3.570234912331216037e-05,-6.812865613028407097e-04
7.482463359832763672e+00,7.190534961409866810e-04,2.300971187651157379e-03,-2.547420002520084381e-02,-1.573961675167083740e-01,3.570234912331216037e-05,-6.812865613028407097e-04
7.484463453292846680e+00,9.587380336597561836e-04,3.067961661145091057e-03,3.693856298923492432e-02,1.899223029613494873e-01,-2.473998174536973238e-04,3.034890105482190847e-04
7.486463546752929688e+00,7.669904152862727642e-04,3.067961661145091057e-03,-1.264118182007223368e-04,1.667379587888717651e-01,-1.066311160684563220e-04,3.367277968209236860e-04
7.488463640213012695e+00,7.669904152862727642e-04,3.067961661145091057e-03,-1.264118182007223368e-04,1.667379587888717651e-01,-1.066311160684563220e-04,3.367277968209236860e-04
7.490463733673095703e+00,7.190534961409866810e-04,3.834952134639024734e-03,-2.175168134272098541e-03,2.912480235099792480e-01,7.506916153943166137e-05,3.944633062928915024e-04
7.492463827133178711e+00,4.793690168298780918e-04,2.300971187651157379e-03,-4.918803274631500244e-02,-3.809245824813842773e-01,-3.026509948540478945e-04,-2.625335037009790540e-05
7.494464159011840820e+00,4.793690168298780918e-04,2.300971187651157379e-03,-4.918803274631500244e-02,-3.809245824813842773e-01,-3.026509948540478945e-04,-2.625335037009790540e-05
7.496464252471923828e+00,5.273059359751641750e-04,2.684466540813446045e-03,-2.685621380805969238e-02,-3.224296867847442627e-01,-6.988718814682215452e-05,1.163924971478991210e-04
7.498464345932006836e+00,6.231797160580754280e-04,4.218447487801313400e-03,4.276051186025142670e-03,4.231245219707489014e-01,6.142094207461923361e-05,1.504351239418610930e-04
7.500464439392089844e+00,6.231797160580754280e-04,4.218447487801313400e-03,4.276051186025142670e-03,4.231245219707489014e-01,6.142094207461923361e-05,1.504351239418610930e-04
7.502464532852172852e+00,4.314320976845920086e-04,3.067961661145091057e-03,-3.651921823620796204e-02,-1.008524671196937561e-01,-1.795182906789705157e-04,3.784892032854259014e-04
7.504464626312255859e+00,5.273059359751641750e-04,2.684466540813446045e-03,-1.113109383732080460e-02,-2.363501340150833130e-01,-4.758768482133746147e-04,7.156447099987417459e-05
7.506464719772338867e+00,5.273059359751641750e-04,2.684466540813446045e-03,-1.113109383732080460e-02,-2.363501340150833130e-01,-4.758768482133746147e-04,7.156447099987417459e-05
7.508464813232421875e+00,4.793690168298780918e-04,3.067961661145091057e-03,-2.208874747157096863e-02,-1.640813797712326050e-02,-2.232913393527269363e-04,4.859520122408866882e-04
7.510464906692504883e+00,4.793690168298780918e-04,2.684466540813446045e-03,-2.497810870409011841e-02,-1.509161591529846191e-01,-7.659438415430486202e-04,2.568804484326392412e-04
7.512465000152587891e+00,4.793690168298780918e-04,2.684466540813446045e-03,-2.497810870409011841e-02,-1.509161591529846191e-01,-7.659438415430486202e-04,2.568804484326392412e-04
7.514465093612670898e+00,6.711166352033615112e-04,3.834952134639024734e-03,1.780374720692634583e-02,4.375934898853302002e-01,2.356299228267744184e-04,3.306857615825720131e-05
7.516465187072753906e+00,7.190534961409866810e-04,2.300971187651157379e-03,2.681506797671318054e-02,-3.418350815773010254e-01,-1.385736104566603899e-04,-2.184127151849679649e-05
7.518465280532836914e+00,7.190534961409866810e-04,2.300971187651157379e-03,2.681506797671318054e-02,-3.418350815773010254e-01,-1.385736104566603899e-04,-2.184127151849679649e-05
7.520465373992919922e+00,6.711166352033615112e-04,2.300971187651157379e-03,1.242940034717321396e-02,-2.993526458740234375e-01,2.792651939671486616e-04,-5.038555827923119068e-04
7.522465467453002930e+00,6.711166352033615112e-04,2.300971187651157379e-03,1.187460869550704956e-02,-2.543356120586395264e-01,-1.912028710648883134e-05,-2.506953314878046513e-04
7.524465560913085938e+00,6.711166352033615112e-04,2.300971187651157379e-03,1.187460869550704956e-02,-2.543356120586395264e-01,-1.912028710648883134e-05,2.023226988967508078e-04
7.526465654373168945e+00,6.231797160580754280e-04,3.834952134639024734e-03,1.393112004734575748e-03,5.590121150016784668e-01,2.648425652296282351e-05,2.023226988967508078e-04
7.528465747833251953e+00,6.711166352033615112e-04,2.684466540813446045e-03,1.710941642522811890e-02,-6.057133898138999939e-02,-1.653859217185527086e-04,-2.745001693256199360e-04
7.530465841293334961e+00,6.711166352033615112e-04,2.684466540813446045e-03,1.710941642522811890e-02,-6.057133898138999939e-02,-1.653859217185527086e-04,-2.745001693256199360e-04
7.532465934753417969e+00,6.711166352033615112e-04,2.300971187651157379e-03,2.275297977030277252e-02,-8.823697268962860107e-02,1.973551406990736723e-04,1.864591176854446530e-04
7.534466505050659180e+00,5.273059359751641750e-04,3.067961661145091057e-03,-7.494841236621141434e-03,1.261012256145477295e-01,1.751842501107603312e-04,1.440640189684927464e-04
7.536466598510742188e+00,5.273059359751641750e-04,3.067961661145091057e-03,-7.494841236621141434e-03,1.261012256145477295e-01,2.085289888782426715e-04,2.475053188391029835e-04
7.538466691970825195e+00,4.314320976845920086e-04,3.451456781476736069e-03,-2.382117882370948792e-02,1.837382614612579346e-01,2.085289888782426715e-04,2.475053188391029835e-04
7.540466785430908203e+00,4.793690168298780918e-04,3.451456781476736069e-03,-3.895658068358898163e-03,2.303312122821807861e-01,-2.686137158889323473e-04,-3.133115751552395523e-05
7.542466878890991211e+00,4.793690168298780918e-04,3.451456781476736069e-03,-3.895658068358898163e-03,2.303312122821807861e-01,-2.686137158889323473e-04,-3.133115751552395523e-05
7.544466972351074219e+00,3.834952076431363821e-04,3.067961661145091057e-03,-1.934055238962173462e-02,2.456182986497879028e-02,1.038969712681137025e-04,1.895886816782876849e-04
7.546467065811157227e+00,4.314320976845920086e-04,2.300971187651157379e-03,-3.209201153367757797e-03,-3.547704815864562988e-01,4.020782944280654192e-04,-2.561954897828400135e-04
7.548467159271240234e+00,4.314320976845920086e-04,2.300971187651157379e-03,-3.209201153367757797e-03,-3.547704815864562988e-01,4.020782944280654192e-04,-2.561954897828400135e-04
7.550467252731323242e+00,4.314320976845920086e-04,3.451456781476736069e-03,1.508176210336387157e-03,2.048260420560836792e-01,-3.006928891409188509e-04,2.769696002360433340e-04
7.552467346191406250e+00,4.793690168298780918e-04,2.684466540813446045e-03,1.485475525259971619e-02,-1.132791563868522644e-01,2.186590427299961448e-04,-1.115582927013747394e-04
7.554467439651489258e+00,4.793690168298780918e-04,2.684466540813446045e-03,1.485475525259971619e-02,-1.132791563868522644e-01,1.432283606845885515e-04,-1.481453218730166554e-04
7.556467533111572266e+00,4.793690168298780918e-04,2.684466540813446045e-03,1.694330386817455292e-02,-1.919966489076614380e-01,1.432283606845885515e-04,-1.481453218730166554e-04
7.558467626571655273e+00,3.834952076431363821e-04,2.684466540813446045e-03,-8.235282264649868011e-03,-1.834253817796707153e-01,7.031227141851559281e-05,-2.914048091042786837e-04
7.560467720031738281e+00,3.834952076431363821e-04,2.684466540813446045e-03,-8.235282264649868011e-03,-1.834253817796707153e-01,7.031227141851559281e-05,-2.914048091042786837e-04
7.562467813491821289e+00,2.876213984563946724e-04,4.218447487801313400e-03,-3.508237376809120178e-02,5.163648724555969238e-01,-4.294855534681119025e-05,-2.785721735563129187e-04
7.564467906951904297e+00,3.834952076431363821e-04,3.451456781476736069e-03,-1.721757650375366211e-02,1.601858437061309814e-01,2.257621381431818008e-04,4.814426938537508249e-05
7.566468238830566406e+00,3.834952076431363821e-04,3.451456781476736069e-03,-1.721757650375366211e-02,1.601858437061309814e-01,2.257621381431818008e-04,4.814426938537508249e-05
7.568468332290649414e+00,8.149273344315588474e-04,2.300971187651157379e-03,8.275569230318069458e-02,-1.991745382547378540e-01,7.576480129500851035e-06,-2.799480571411550045e-04
7.570515155792236328e+00,5.273059359751641750e-04,3.067961661145091057e-03,7.886813022196292877e-03,2.303978800773620605e-01,-2.755195600911974907e-04,-2.112547226715832949e-04
7.572515249252319336e+00,5.273059359751641750e-04,3.067961661145091057e-03,7.886813022196292877e-03,2.303978800773620605e-01,-2.755195600911974907e-04,-2.112547226715832949e-04
7.574515342712402344e+00,5.273059359751641750e-04,3.451456781476736069e-03,2.322286833077669144e-03,4.198399186134338379e-01,6.062880274839699268e-04,5.518752732314169407e-04
7.576515436172485352e+00,4.793690168298780918e-04,1.917476067319512367e-03,-1.261555403470993042e-02,-3.454763293266296387e-01,2.095948002533987164e-04,1.026297832140699029e-04
7.578515529632568359e+00,4.793690168298780918e-04,1.917476067319512367e-03,-1.261555403470993042e-02,-3.454763293266296387e-01,2.095948002533987164e-04,1.026297832140699029e-04
7.580515623092651367e+00,6.231797160580754280e-04,3.067961661145091057e-03,1.846344582736492157e-02,2.069359123706817627e-01,3.903507022187113762e-04,7.133330655051395297e-05
7.582515716552734375e+00,4.793690168298780918e-04,3.067961661145091057e-03,-1.762323081493377686e-02,1.997800022363662720e-01,6.362631102092564106e-04,8.138231351040303707e-05
7.584515810012817383e+00,4.793690168298780918e-04,3.067961661145091057e-03,-1.762323081493377686e-02,1.997800022363662720e-01,6.362631102092564106e-04,8.138231351040303707e-05
7.586515903472900391e+00,5.273059359751641750e-04,3.451456781476736069e-03,-5.444425623863935471e-03,2.574945986270904541e-01,-2.444255223963409662e-04,2.293689321959391236e-04
7.588515996932983398e+00,6.231797160580754280e-04,3.067961661145091057e-03,1.783297210931777954e-02,7.129013538360595703e-02,1.773048716131597757e-04,4.255351450410671532e-05
7.590516328811645508e+00,6.231797160580754280e-04,3.067961661145091057e-03,1.783297210931777954e-02,7.129013538360595703e-02,1.773048716131597757e-04,4.255351450410671532e-05
7.592516422271728516e+00,6.231797160580754280e-04,2.684466540813446045e-03,2.138513326644897461e-02,-1.332750469446182251e-01,-1.358893059659749269e-04,1.248162589035928249e-04
7.594516515731811523e+00,5.273059359751641750e-04,3.834952134639024734e-03,-1.142048044130206108e-03,4.629838168621063232e-01,5.791318835690617561e-05,-4.352581163402646780e-05
7.596516847610473633e+00,5.273059359751641750e-04,3.834952134639024734e-03,-1.142048044130206108e-03,4.629838168621063232e-01,5.791318835690617561e-05,-4.352581163402646780e-05
7.598516941070556641e+00,5.752427969127893448e-04,2.300971187651157379e-03,9.929540567100048065e-03,-3.097986578941345215e-01,-4.087859633727930486e-05,-7.691021892242133617e-05
7.600517034530639648e+00,5.273059359751641750e-04,2.684466540813446045e-03,-2.321222564205527306e-03,-2.113734781742095947e-01,6.954814307391643524e-05,2.153615205315873027e-04
7.602517127990722656e+00,5.273059359751641750e-04,2.684466540813446045e-03,-2.321222564205527306e-03,-2.113734781742095947e-01,6.954814307391643524e-05,2.153615205315873027e-04
7.604517221450805664e+00,5.273059359751641750e-04,2.684466540813446045e-03,-4.482577089220285416e-03,-9.768789261579513550e-02,4.866537710768170655e-05,-4.380963946459814906e-05
7.606517314910888672e+00,3.834952076431363821e-04,2.300971187651157379e-03,-4.285647347569465637e-02,-1.742811650037765503e-01,2.720839693211019039e-04,-4.334530967753380537e-04
7.608517408370971680e+00,3.834952076431363821e-04,2.300971187651157379e-03,-4.285647347569465637e-02,-1.742811650037765503e-01,2.720839693211019039e-04,-4.334530967753380537e-04
7.610517501831054688e+00,6.711166352033615112e-04,3.451456781476736069e-03,2.486597932875156403e-02,2.099282145500183105e-01,-4.149881351622752845e-05,9.994846768677234650e-04
7.612517833709716797e+00,6.711166352033615112e-04,3.451456781476736069e-03,1.878733001649379730e-02,2.861090302467346191e-01,-1.950746991496998817e-06,-4.546132004179526120e-06
7.614517927169799805e+00,6.711166352033615112e-04,3.451456781476736069e-03,1.878733001649379730e-02,2.861090302467346191e-01,2.361979859415441751e-04,3.852440277114510536e-04
7.616518020629882812e+00,6.711166352033615112e-04,1.917476067319512367e-03,1.363531593233346939e-02,-4.513083696365356445e-01,2.361979859415441751e-04,3.852440277114510536e-04
7.618518114089965820e+00,6.231797160580754280e-04,3.834952134639024734e-03,-8.601800072938203812e-04,4.340426921844482422e-01,-2.715504706429783255e-05,-1.314775581704452634e-04
7.620518207550048828e+00,6.231797160580754280e-04,3.834952134639024734e-03,-8.601800072938203812e-04,4.340426921844482422e-01,-2.715504706429783255e-05,-1.314775581704452634e-04
7.622518301010131836e+00,6.711166352033615112e-04,3.451456781476736069e-03,5.153723992407321930e-03,2.478989362716674805e-01,4.568361910060048103e-04,-4.534159379545599222e-04
7.624518394470214844e+00,7.190534961409866810e-04,2.300971187651157379e-03,1.132510416209697723e-02,-3.098811209201812744e-01,-2.298540784977376461e-04,-1.588110608281567693e-04
7.626518487930297852e+00,7.190534961409866810e-04,2.300971187651157379e-03,1.132510416209697723e-02,-3.098811209201812744e-01,-2.298540784977376461e-04,-1.588110608281567693e-04
7.628518581390380859e+00,6.231797160580754280e-04,2.300971187651157379e-03,-1.543568074703216553e-02,-2.249608337879180908e-01,1.459656141378218308e-05,9.733445767778903246e-05
7.630518674850463867e+00,6.711166352033615112e-04,2.684466540813446045e-03,-5.805280059576034546e-03,3.239104151725769043e-02,-1.324857003055512905e-04,-1.895762834465131164e-04
7.632518768310546875e+00,6.711166352033615112e-04,2.684466540813446045e-03,-5.805280059576034546e-03,3.239104151725769043e-02,-1.324857003055512905e-04,-1.895762834465131164e-04
7.634531974792480469e+00,7.669904152862727642e-04,2.300971187651157379e-03,1.917698048055171967e-02,-1.849796772003173828e-01,-3.450375807005912066e-04,-8.889574382919818163e-05
7.636532306671142578e+00,8.149273344315588474e-04,3.451456781476736069e-03,3.071301244199275970e-02,2.724739313125610352e-01,-2.273963182233273983e-04,-2.975138486362993717e-04
7.638532400131225586e+00,8.149273344315588474e-04,3.451456781476736069e-03,3.071301244199275970e-02,2.724739313125610352e-01,-2.273963182233273983e-04,-2.975138486362993717e-04
7.640532493591308594e+00,6.711166352033615112e-04,3.834952134639024734e-03,-1.754520810209214687e-03,3.729411363601684570e-01,-1.491015573265030980e-04,-3.349888356751762331e-05
7.642532825469970703e+00,7.190534961409866810e-04,3.067961661145091057e-03,1.261681318283081055e-02,1.574558019638061523e-01,1.381536567350849509e-04,-7.400647155009210110e-05
7.644532918930053711e+00,7.190534961409866810e-04,3.067961661145091057e-03,1.261681318283081055e-02,1.574558019638061523e-01,-2.248834498459473252e-04,1.836162118706852198e-04
7.646533012390136719e+00,4.793690168298780918e-04,3.067961661145091057e-03,-4.389251023530960083e-02,8.052822202444076538e-02,-2.248834498459473252e-04,1.836162118706852198e-04
7.648533105850219727e+00,6.231797160580754280e-04,3.067961661145091057e-03,-6.272645201534032822e-03,1.525909267365932465e-02,-1.699938002275303006e-04,-2.290104166604578495e-04
7.650533199310302734e+00,6.231797160580754280e-04,3.067961661145091057e-03,-6.272645201534032822e-03,1.525909267365932465e-02,-1.699938002275303006e-04,-2.290104166604578495e-04
7.652533292770385742e+00,6.711166352033615112e-04,2.684466540813446045e-03,6.805730052292346954e-03,-1.503497511148452759e-01,4.869138501817360520e-05,1.436205493519082665e-04
7.654533386230468750e+00,6.711166352033615112e-04,3.834952134639024734e-03,4.051086492836475372e-03,4.547854661941528320e-01,7.707855547778308392e-05,3.466854686848819256e-04
7.656533479690551758e+00,6.711166352033615112e-04,3.834952134639024734e-03,4.051086492836475372e-03,4.547854661941528320e-01,7.707855547778308392e-05,3.466854686848819256e-04
7.658533573150634766e+00,9.108011145144701004e-04,3.067961661145091057e-03,5.832772701978683472e-02,-5.978341400623321533e-02,4.758543509524315596e-04,3.820613492280244827e-04
7.660533666610717773e+00,7.190534961409866810e-04,2.300971187651157379e-03,8.262383751571178436e-03,-2.387853562831878662e-01,-2.265405491925776005e-04,-2.549789496697485447e-04
7.662533760070800781e+00,7.190534961409866810e-04,2.300971187651157379e-03,8.262383751571178436e-03,-2.387853562831878662e-01,-2.265405491925776005e-04,-2.549789496697485447e-04
7.664533853530883789e+00,8.149273344315588474e-04,2.300971187651157379e-03,2.605461329221725464e-02,-2.787889540195465088e-01,4.341983876656740904e-04,-7.117564673535525799e-04
7.666533946990966797e+00,7.669904152862727642e-04,2.300971187651157379e-03,7.437102496623992920e-03,-2.187602221965789795e-01,4.850816330872476101e-04,1.396716543240472674e-04
7.668534040451049805e+00,7.669904152862727642e-04,2.300971187651157379e-03,7.437102496623992920e-03,-2.187602221965789795e-01,4.850816330872476101e-04,1.396716543240472674e-04
7.670534133911132812e+00,7.669904152862727642e-04,3.067961661145091057e-03,3.540284931659698486e-03,2.011763900518417358e-01,-3.883075551129877567e-04,-6.315934006124734879e-04
7.672534227371215820e+00,5.752427969127893448e-04,3.834952134639024734e-03,-4.426176846027374268e-02,5.634325742721557617e-01,-2.094608207698911428e-04,1.046060569933615625e-04
7.674534320831298828e+00,5.752427969127893448e-04,3.834952134639024734e-03,-4.426176846027374268e-02,5.634325742721557617e-01,3.593838191591203213e-04,1.815417781472206116e-04
7.676534414291381836e+00,7.669904152862727642e-04,2.300971187651157379e-03,5.331094842404127121e-03,-1.737116575241088867e-01,3.593838191591203213e-04,1.815417781472206116e-04
7.678534507751464844e+00,5.273059359751641750e-04,3.067961661145091057e-03,-4.755979776382446289e-02,1.228762641549110413e-01,5.196406855247914791e-04,-1.703710004221647978e-04
7.680534601211547852e+00,5.273059359751641750e-04,3.067961661145091057e-03,-4.755979776382446289e-02,1.228762641549110413e-01,5.196406855247914791e-04,-1.703710004221647978e-04
7.682534694671630859e+00,6.231797160580754280e-04,3.067961661145091057e-03,-1.500103715807199478e-02,1.004962995648384094e-01,-3.958019806304946542e-05,-1.195461081806570292e-04
7.684534788131713867e+00,5.273059359751641750e-04,2.684466540813446045e-03,-2.612068876624107361e-02,-6.815366446971893311e-02,4.561436944641172886e-04,-1.654375955695286393e-04
7.686534881591796875e+00,5.273059359751641750e-04,2.684466540813446045e-03,-2.612068876624107361e-02,-6.815366446971893311e-02,4.561436944641172886e-04,-1.654375955695286393e-04
7.688534975051879883e+00,6.231797160580754280e-04,3.067961661145091057e-03,7.553763687610626221e-03,1.065236702561378479e-01,2.483086427673697472e-04,3.583692159736528993e-05
7.690535306930541992e+00,3.355583176016807556e-04,3.834952134639024734e-03,-5.174306035041809082e-02,2.016921639442443848e-01,1.959362998604774475e-04,-1.174635599454632029e-06
7.692535400390625000e+00,3.355583176016807556e-04,3.834952134639024734e-03,-5.174306035041809082e-02,2.016921639442443848e-01,1.214200092363171279e-04,3.031711094081401825e-04
7.694535493850708008e+00,5.752427969127893448e-04,3.834952134639024734e-03,2.743748202919960022e-02,-3.842142820358276367e-01,2.840918605215847492e-04,8.106648456305265427e-04
7.697165727615356445e+00,6.231797160580754280e-04,2.300971187651157379e-03,2.743748202919960022e-02,-3.842142820358276367e-01,2.840918605215847492e-04,8.106648456305265427e-04
7.699165821075439453e+00,7.190534961409866810e-04,2.300971187651157379e-03,5.255121737718582153e-02,-3.481734991073608398e-01,1.487335393903777003e-04,-4.403132479637861252e-04
7.701165914535522461e+00,7.190534961409866810e-04,2.300971187651157379e-03,5.255121737718582153e-02,-3.481734991073608398e-01,1.487335393903777003e-04,-4.403132479637861252e-04
7.703166007995605469e+00,3.355583176016807556e-04,2.300971187651157379e-03,-4.318726062774658203e-02,-3.534548282623291016e-01,4.174526256974786520e-04,-2.931338385678827763e-04
7.705176830291748047e+00,5.273059359751641750e-04,1.533980830572545528e-03,-2.267088368535041809e-02,-2.885288596153259277e-01,5.388191202655434608e-04,-2.178624417865648866e-04
7.707176923751831055e+00,5.273059359751641750e-04,1.533980830572545528e-03,-2.267088368535041809e-02,-2.885288596153259277e-01,5.388191202655434608e-04,-2.178624417865648866e-04
7.709177017211914062e+00,9.108011145144701004e-04,2.684466540813446045e-03,8.865316957235336304e-02,-5.368425324559211731e-02,2.604793407954275608e-04,4.312982491683214903e-04
7.711177110671997070e+00,5.752427969127893448e-04,2.300971187651157379e-03,3.304556710645556450e-03,-1.780579984188079834e-01,3.467336136964149773e-05,-1.061013899743556976e-04
7.713177204132080078e+00,5.752427969127893448e-04,2.300971187651157379e-03,3.304556710645556450e-03,-1.780579984188079834e-01,3.467336136964149773e-05,-1.061013899743556976e-04
7.715177297592163086e+00,6.711166352033615112e-04,3.451456781476736069e-03,2.500707097351551056e-02,3.210007846355438232e-01,1.098904540413059294e-04,1.309376966673880816e-04
7.717177391052246094e+00,6.711166352033615112e-04,3.451456781476736069e-03,2.500707097351551056e-02,3.210007846355438232e-01,-2.615583944134414196e-04,1.167352966149337590e-04
7.719177484512329102e+00,6.711166352033615112e-04,2.300971187651157379e-03,2.350527420639991760e-02,-2.409589588642120361e-01,-2.615583944134414196e-04,1.167352966149337590e-04
7.721177577972412109e+00,5.752427969127893448e-04,2.300971187651157379e-03,1.370323006995022297e-03,-1.352602690458297729e-01,5.385402982938103378e-05,-2.155353431589901447e-04
7.723177909851074219e+00,5.752427969127893448e-04,3.067961661145091057e-03,2.651793183758854866e-03,1.635123044252395630e-01,-7.412773265969008207e-05,2.418642252450808883e-04
7.725178003311157227e+00,5.752427969127893448e-04,3.067961661145091057e-03,2.651793183758854866e-03,1.635123044252395630e-01,-2.796784101519733667e-04,-1.762374995450954884e-05
7.727178573608398438e+00,5.752427969127893448e-04,3.067961661145091057e-03,5.649914033710956573e-03,1.210480630397796631e-01,-2.796784101519733667e-04,-1.762374995450954884e-05
7.729178905487060547e+00,3.355583176016807556e-04,4.218447487801313400e-03,-4.693592339754104614e-02,6.591246128082275391e-01,8.859822264639660716e-05,3.711046592798084021e-04
7.731178998947143555e+00,3.355583176016807556e-04,4.218447487801313400e-03,-4.693592339754104614e-02,6.591246128082275391e-01,8.859822264639660716e-05,3.711046592798084021e-04
7.733179092407226562e+00,5.273059359751641750e-04,2.300971187651157379e-03,2.275024075061082840e-03,-1.494505852460861206e-01,1.503305829828605056e-04,-3.274535411037504673e-04
7.735179185867309570e+00,4.314320976845920086e-04,3.834952134639024734e-03,-1.584430411458015442e-02,5.684256553649902344e-01,2.600462175905704498e-04,-9.397835674462839961e-05
7.737179279327392578e+00,4.314320976845920086e-04,3.834952134639024734e-03,-1.584430411458015442e-02,5.684256553649902344e-01,2.600462175905704498e-04,-9.397835674462839961e-05
7.739179372787475586e+00,4.314320976845920086e-04,2.300971187651157379e-03,-1.059461757540702820e-02,-2.166596055030822754e-01,3.753721830435097218e-04,3.949117090087383986e-04
7.741179466247558594e+00,3.834952076431363821e-04,2.300971187651157379e-03,-1.898963749408721924e-02,-2.886622846126556396e-01,6.170316919451579452e-05,-6.355120422085747123e-05
7.743179559707641602e+00,3.834952076431363821e-04,2.300971187651157379e-03,-1.898963749408721924e-02,-2.886622846126556396e-01,6.170316919451579452e-05,-6.355120422085747123e-05
7.745179653167724609e+00,5.273059359751641750e-04,2.684466540813446045e-03,1.906635053455829620e-02,-1.409901231527328491e-01,-3.372815845068544149e-04,-1.518032077001407743e-04
7.747179746627807617e+00,3.834952076431363821e-04,2.300971187651157379e-03,-1.550006959587335587e-02,-2.933427691459655762e-01,-2.054279502772260457e-05,7.588280714116990566e-04
7.749180078506469727e+00,3.834952076431363821e-04,2.300971187651157379e-03,-1.550006959587335587e-02,-2.933427691459655762e-01,-2.054279502772260457e-05,7.588280714116990566e-04
7.751180171966552734e+00,3.834952076431363821e-04,2.684466540813446045e-03,-1.551509648561477661e-02,-1.726908087730407715e-01,-1.764846674632281065e-04,-1.137427389039658010e-04
7.753180265426635742e+00,5.273059359751641750e-04,3.067961661145091057e-03,1.806071400642395020e-02,1.184572428464889526e-01,1.699523563729599118e-04,-8.392982999794185162e-04
7.755180597305297852e+00,5.273059359751641750e-04,3.067961661145091057e-03,1.806071400642395020e-02,1.184572428464889526e-01,-4.029085393995046616e-04,2.729694824665784836e-04
7.757180690765380859e+00,5.752427969127893448e-04,2.684466540813446045e-03,2.729012072086334229e-02,-3.841832978650927544e-03,-4.029085393995046616e-04,2.729694824665784836e-04
7.759180784225463867e+00,5.273059359751641750e-04,4.218447487801313400e-03,1.157887186855077744e-02,6.310909390449523926e-01,1.052279912983067334e-04,-6.405368912965059280e-05
7.761181116104125977e+00,5.273059359751641750e-04,4.218447487801313400e-03,1.157887186855077744e-02,6.310909390449523926e-01,1.052279912983067334e-04,-6.405368912965059280e-05
7.763181209564208984e+00,6.711166352033615112e-04,1.917476067319512367e-03,4.272904619574546814e-02,-3.489672541618347168e-01,2.201985189458355308e-04,1.849890541052445769e-04
7.765181303024291992e+00,5.273059359751641750e-04,3.067961661145091057e-03,3.441671142354607582e-03,6.464160978794097900e-02,-8.559487469028681517e-05,-5.296357558108866215e-04
7.767181634902954102e+00,5.273059359751641750e-04,3.067961661145091057e-03,3.441671142354607582e-03,6.464160978794097900e-02,-8.559487469028681517e-05,-5.296357558108866215e-04
7.769181728363037109e+00,4.793690168298780918e-04,2.684466540813446045e-03,-9.340865537524223328e-03,-3.761809691786766052e-02,2.508936740923672915e-04,-1.556355564389377832e-04
7.771181821823120117e+00,5.752427969127893448e-04,2.300971187651157379e-03,1.058671995997428894e-02,-2.045118361711502075e-01,3.610802523326128721e-04,2.755163222900591791e-05
7.773181915283203125e+00,5.752427969127893448e-04,2.300971187651157379e-03,1.058671995997428894e-02,-2.045118361711502075e-01,3.610802523326128721e-04,2.755163222900591791e-05
7.775182008743286133e+00,4.793690168298780918e-04,3.834952134639024734e-03,-1.544265635311603546e-02,4.861570000648498535e-01,7.929411367513239384e-05,1.593784254509955645e-04
7.777182102203369141e+00,5.273059359751641750e-04,3.451456781476736069e-03,-6.038774270564317703e-03,3.393225669860839844e-01,-4.752815220854245126e-05,-1.244414888788014650e-04
7.779182195663452148e+00,5.273059359751641750e-04,3.451456781476736069e-03,-6.038774270564317703e-03,3.393225669860839844e-01,-4.752815220854245126e-05,-1.244414888788014650e-04
7.781182289123535156e+00,5.752427969127893448e-04,3.067961661145091057e-03,3.115921514108777046e-03,1.420747935771942139e-01,-4.993237234884873033e-05,2.322953514521941543e-05
7.783182382583618164e+00,4.793690168298780918e-04,3.067961661145091057e-03,-2.139148116111755371e-02,3.976283594965934753e-02,1.152648910647258162e-04,3.400820787646807730e-05
7.785182714462280273e+00,4.793690168298780918e-04,3.067961661145091057e-03,-2.139148116111755371e-02,3.976283594965934753e-02,1.152648910647258162e-04,3.400820787646807730e-05
7.787182807922363281e+00,6.711166352033615112e-04,2.300971187651157379e-03,2.540154755115509033e-02,-2.683578729629516602e-01,3.906435449607670307e-04,-3.534994611982256174e-04
7.789182901382446289e+00,5.752427969127893448e-04,3.834952134639024734e-03,4.193714354187250137e-03,4.961490631103515625e-01,-9.927689825417473912e-05,2.610091760288923979e-04
7.791182994842529297e+00,5.752427969127893448e-04,3.834952134639024734e-03,4.193714354187250137e-03,4.961490631103515625e-01,-9.927689825417473912e-05,2.610091760288923979e-04
7.793183088302612305e+00,5.273059359751641750e-04,2.684466540813446045e-03,-6.578717846423387527e-03,-1.284017115831375122e-01,-6.545968935824930668e-04,-9.998704626923426986e-05
7.795183181762695312e+00,6.231797160580754280e-04,3.067961661145091057e-03,1.544736139476299286e-02,3.905446082353591919e-02,-1.416531595168635249e-04,1.145990900113247335e-04
7.797183513641357422e+00,6.231797160580754280e-04,3.067961661145091057e-03,1.544736139476299286e-02,3.905446082353591919e-02,-1.416531595168635249e-04,1.145990900113247335e-04
7.799183607101440430e+00,7.190534961409866810e-04,4.218447487801313400e-03,3.710399940609931946e-02,5.711216926574707031e-01,-6.574187864316627383e-05,1.074601459549739957e-04
7.801183700561523438e+00,4.793690168298780918e-04,3.451456781476736069e-03,-2.464090846478939056e-02,1.878133416175842285e-01,-2.658271987456828356e-04,-2.873624325729906559e-04
7.803183794021606445e+00,4.793690168298780918e-04,3.451456781476736069e-03,-2.464090846478939056e-02,1.878133416175842285e-01,-2.658271987456828356e-04,-2.873624325729906559e-04
7.805183887481689453e+00,7.190534961409866810e-04,2.684466540813446045e-03,5.697648972272872925e-03,-1.059198603034019470e-01,6.618876941502094269e-04,-1.028006299748085439e-04
7.807183980941772461e+00,7.669904152862727642e-04,1.917476067319512367e-03,3.493951633572578430e-02,-4.331664144992828369e-01,-2.026533911703154445e-05,-1.267110637854784727e-04
7.809184074401855469e+00,7.669904152862727642e-04,1.917476067319512367e-03,3.493951633572578430e-02,-4.331664144992828369e-01,-2.026533911703154445e-05,-1.267110637854784727e-04
7.811184167861938477e+00,7.190534961409866810e-04,2.300971187651157379e-03,1.623312383890151978e-02,-1.787197887897491455e-01,2.258974127471446991e-04,1.785745553206652403e-04
7.813184261322021484e+00,7.190534961409866810e-04,2.684466540813446045e-03,1.001647301018238068e-02,-2.532638609409332275e-02,-3.507342771627008915e-04,3.582013014238327742e-04
7.815184354782104492e+00,7.190534961409866810e-04,2.684466540813446045e-03,1.001647301018238068e-02,-2.532638609409332275e-02,-3.507342771627008915e-04,3.582013014238327742e-04
7.817184448242187500e+00,9.108011145144701004e-04,2.300971187651157379e-03,4.998113214969635010e-02,-1.618940532207489014e-01,3.007794730365276337e-04,-2.816614869516342878e-04
7.819184541702270508e+00,8.628641953691840172e-04,2.684466540813446045e-03,3.052509389817714691e-02,-2.885093726217746735e-02,3.406006435398012400e-04,-2.549649216234683990e-04
7.821184635162353516e+00,8.628641953691840172e-04,2.684466540813446045e-03,3.052509389817714691e-02,-2.885093726217746735e-02,3.406006435398012400e-04,-2.549649216234683990e-04
7.823184728622436523e+00,7.669904152862727642e-04,3.067961661145091057e-03,4.632416181266307831e-03,-1.336625590920448303e-02,4.911146825179457664e-04,1.767264984664507210e-05
7.825184822082519531e+00,7.190534961409866810e-04,2.300971187651157379e-03,-4.891250748187303543e-03,-1.934987753629684448e-01,-3.010577638633549213e-04,-1.535306655569002032e-04
7.827184915542602539e+00,7.190534961409866810e-04,2.300971187651157379e-03,-4.891250748187303543e-03,-1.934987753629684448e-01,-3.010577638633549213e-04,-1.535306655569002032e-04
7.829185009002685547e+00,7.190534961409866810e-04,2.684466540813446045e-03,-1.988664502277970314e-03,2.068606577813625336e-02,-4.201758565613999963e-05,1.226897584274411201e-04
7.831185340881347656e+00,6.711166352033615112e-04,2.684466540813446045e-03,-1.015064306557178497e-02,-2.048656344413757324e-02,2.337054902454838157e-04,-3.944254058296792209e-05
7.833185434341430664e+00,6.711166352033615112e-04,2.684466540813446045e-03,-1.015064306557178497e-02,-2.048656344413757324e-02,2.337054902454838157e-04,-3.944254058296792209e-05
7.835185527801513672e+00,8.149273344315588474e-04,3.067961661145091057e-03,2.915396355092525482e-02,3.938752040266990662e-02,-1.143085828516632318e-04,6.861030124127864838e-05
7.837185621261596680e+00,5.752427969127893448e-04,4.218447487801313400e-03,-2.513885125517845154e-02,5.615122318267822266e-01,3.562984056770801544e-04,3.198102058377116919e-04
7.839185714721679688e+00,5.752427969127893448e-04,4.218447487801313400e-03,-2.513885125517845154e-02,5.615122318267822266e-01,3.562984056770801544e-04,3.198102058377116919e-04
7.841185808181762695e+00,6.231797160580754280e-04,3.451456781476736069e-03,-1.070668455213308334e-02,3.025645911693572998e-01,1.361728936899453402e-04,-9.420080459676682949e-04
7.843185901641845703e+00,8.628641953691840172e-04,3.451456781476736069e-03,4.798419773578643799e-02,2.407613843679428101e-01,1.576036083861254156e-05,-1.181175030069425702e-04
7.845185995101928711e+00,8.628641953691840172e-04,3.451456781476736069e-03,4.798419773578643799e-02,2.407613843679428101e-01,1.576036083861254156e-05,-1.181175030069425702e-04
7.847186088562011719e+00,5.273059359751641750e-04,3.067961661145091057e-03,-3.428154811263084412e-02,3.937610611319541931e-02,-2.275637671118602157e-04,1.631253144296351820e-05
7.849186182022094727e+00,8.628641953691840172e-04,3.451456781476736069e-03,4.561669006943702698e-02,2.348069697618484497e-01,4.897314938716590405e-04,-3.258547221776098013e-04
7.851186275482177734e+00,8.628641953691840172e-04,3.451456781476736069e-03,4.561669006943702698e-02,2.348069697618484497e-01,4.897314938716590405e-04,-3.258547221776098013e-04
7.853186368942260742e+00,6.231797160580754280e-04,3.067961661145091057e-03,-1.338347233831882477e-02,4.265496507287025452e-02,1.493951567681506276e-04,-7.161188841564580798e-05
7.855186462402343750e+00,7.669904152862727642e-04,2.684466540813446045e-03,2.082347311079502106e-02,-7.506325840950012207e-02,2.132966474164277315e-04,2.016056823777034879e-04
7.857186555862426758e+00,7.669904152862727642e-04,2.684466540813446045e-03,2.082347311079502106e-02,-7.506325840950012207e-02,2.132966474164277315e-04,2.016056823777034879e-04
7.859186649322509766e+00,6.711166352033615112e-04,1.917476067319512367e-03,-3.343919524922966957e-03,-4.588654041290283203e-01,-3.577974275685846806e-04,7.209659815998747945e-05
7.861186742782592773e+00,7.190534961409866810e-04,3.067961661145091057e-03,8.622180670499801636e-03,6.520517915487289429e-02,2.459284150972962379e-04,2.802004746627062559e-04
7.863186836242675781e+00,7.190534961409866810e-04,3.067961661145091057e-03,8.622180670499801636e-03,6.520517915487289429e-02,2.459284150972962379e-04,2.802004746627062559e-04
7.865186929702758789e+00,5.752427969127893448e-04,3.451456781476736069e-03,-2.218489721417427063e-02,3.473546206951141357e-01,-2.245553187094628811e-04,-4.457563918549567461e-04
7.867187023162841797e+00,5.752427969127893448e-04,3.451456781476736069e-03,-6.057424005120992661e-03,2.052508145570755005e-01,7.255560831254115328e-06,2.460001851432025433e-04
7.869187116622924805e+00,6.231797160580754280e-04,3.067961661145091057e-03,-6.057424005120992661e-03,2.052508145570755005e-01,7.255560831254115328e-06,2.460001851432025433e-04
7.871187210083007812e+00,6.231797160580754280e-04,2.684466540813446045e-03,-1.978227170184254646e-03,-2.823650650680065155e-02,-1.521241938462480903e-04,-1.694631937425583601e-04
7.873187303543090820e+00,7.669904152862727642e-04,2.300971187651157379e-03,3.699797019362449646e-02,-2.111244201660156250e-01,-4.001716151833534241e-04,-5.087865065434016287e-05
7.875187397003173828e+00,7.669904152862727642e-04,2.300971187651157379e-03,3.699797019362449646e-02,-2.111244201660156250e-01,-4.001716151833534241e-04,-5.087865065434016287e-05
7.877187490463256836e+00,5.752427969127893448e-04,3.067961661145091057e-03,-4.931536503136157990e-03,1.267450749874114990e-01,3.338510578032582998e-04,-1.920915528899058700e-04
7.879187583923339844e+00,5.273059359751641750e-04,2.684466540813446045e-03,-1.085120812058448792e-02,-1.057207435369491577e-01,2.827983989845961332e-04,-1.899700873764231801e-04
7.881187677383422852e+00,5.273059359751641750e-04,2.684466540813446045e-03,-1.085120812058448792e-02,-1.057207435369491577e-01,2.827983989845961332e-04,-1.899700873764231801e-04
7.883188009262084961e+00,6.231797160580754280e-04,3.067961661145091057e-03,1.397178228944540024e-02,6.380145251750946045e-02,-4.322975291870534420e-04,-3.839553392026573420e-04
7.885188102722167969e+00,4.793690168298780918e-04,2.300971187651157379e-03,-1.718370243906974792e-02,-2.612037360668182373e-01,-1.448006951250135899e-04,2.383090322837233543e-04
7.887188196182250977e+00,4.793690168298780918e-04,2.300971187651157379e-03,-1.718370243906974792e-02,-2.612037360668182373e-01,-1.448006951250135899e-04,2.383090322837233543e-04
7.889188289642333984e+00,6.231797160580754280e-04,3.067961661145091057e-03,1.951201446354389191e-02,7.702772854827344418e-04,-3.488513466436415911e-04,-4.813649866264313459e-05
7.891188383102416992e+00,5.752427969127893448e-04,3.451456781476736069e-03,8.287652395665645599e-03,2.734221220016479492e-01,9.431380749447271228e-05,5.496490630321204662e-04
7.893188476562500000e+00,5.752427969127893448e-04,3.451456781476736069e-03,8.287652395665645599e-03,2.734221220016479492e-01,9.431380749447271228e-05,5.496490630321204662e-04
7.895188570022583008e+00,4.793690168298780918e-04,2.300971187651157379e-03,-1.558488886803388596e-02,-2.388131171464920044e-01,-9.331139153800904751e-05,-3.230812217225320637e-05
7.897188663482666016e+00,5.273059359751641750e-04,3.067961661145091057e-03,-5.100661888718605042e-03,1.563142389059066772e-01,2.867398143280297518e-04,1.911461731651797891e-04
7.899189710617065430e+00,5.273059359751641750e-04,3.067961661145091057e-03,-5.100661888718605042e-03,1.563142389059066772e-01,1.563588011777028441e-05,-6.599245825782418251e-04
7.901189804077148438e+00,6.231797160580754280e-04,2.684466540813446045e-03,1.523775514215230942e-02,-5.872849375009536743e-02,1.563588011777028441e-05,-6.599245825782418251e-04
7.903189897537231445e+00,6.711166352033615112e-04,1.917476067319512367e-03,2.373757772147655487e-02,-3.500160276889801025e-01,1.310055231442674994e-04,2.892560150939971209e-04
7.905189990997314453e+00,6.711166352033615112e-04,1.917476067319512367e-03,2.373757772147655487e-02,-3.500160276889801025e-01,1.310055231442674994e-04,2.892560150939971209e-04
7.907190084457397461e+00,4.793690168298780918e-04,3.067961661145091057e-03,-2.690557949244976044e-02,1.980917602777481079e-01,9.683339885668829083e-05,-3.432566591072827578e-04
7.909190177917480469e+00,5.752427969127893448e-04,2.300971187651157379e-03,-3.663839539512991905e-03,-1.695163846015930176e-01,1.792664988897740841e-04,4.318312130635604262e-05
7.911190271377563477e+00,5.752427969127893448e-04,2.300971187651157379e-03,-3.663839539512991905e-03,-1.695163846015930176e-01,1.792664988897740841e-04,4.318312130635604262e-05
7.913190364837646484e+00,5.273059359751641750e-04,3.067961661145091057e-03,-1.450912561267614365e-02,2.309916764497756958e-01,4.068252383149228990e-05,-4.799189628101885319e-05
7.915190696716308594e+00,5.752427969127893448e-04,3.451456781476736069e-03,1.921872171806171536e-05,3.502240478992462158e-01,-3.649348800536245108e-04,1.999892701860517263e-04
7.917190790176391602e+00,5.752427969127893448e-04,3.451456781476736069e-03,1.921872171806171536e-05,3.502240478992462158e-01,-3.649348800536245108e-04,1.999892701860517263e-04
7.919190883636474609e+00,7.190534961409866810e-04,1.917476067319512367e-03,4.137788712978363037e-02,-5.330751538276672363e-01,-9.772663179319351912e-05,-7.906086102593690157e-05
7.921190977096557617e+00,4.793690168298780918e-04,2.300971187651157379e-03,-1.277973409742116928e-02,-2.985181510448455811e-01,1.029354680213145912e-04,8.519983384758234024e-05
7.923191070556640625e+00,4.793690168298780918e-04,2.300971187651157379e-03,-1.277973409742116928e-02,-2.985181510448455811e-01,1.029354680213145912e-04,8.519983384758234024e-05
7.925191164016723633e+00,4.793690168298780918e-04,3.067961661145091057e-03,-6.328153423964977264e-03,2.499157749116420746e-02,2.832698810379952192e-04,4.166583530604839325e-04
7.927191257476806641e+00,4.793690168298780918e-04,2.300971187651157379e-03,-1.861795783042907715e-03,-2.950708270072937012e-01,4.591236574924550951e-05,-2.399341610725969076e-05
7.929191350936889648e+00,4.793690168298780918e-04,2.300971187651157379e-03,-1.861795783042907715e-03,-2.950708270072937012e-01,4.591236574924550951e-05,-2.399341610725969076e-05
7.931191444396972656e+00,4.314320976845920086e-04,2.684466540813446045e-03,-1.318766642361879349e-02,-1.910685449838638306e-01,-2.574265236034989357e-04,-2.136068796971812844e-04
7.933191776275634766e+00,4.793690168298780918e-04,3.834952134639024734e-03,-1.774948555976152420e-03,3.849693834781646729e-01,5.657459405483677983e-05,-2.904175780713558197e-04
7.935191869735717773e+00,4.793690168298780918e-04,3.834952134639024734e-03,-1.774948555976152420e-03,3.849693834781646729e-01,5.657459405483677983e-05,-2.904175780713558197e-04
7.937191963195800781e+00,4.793690168298780918e-04,2.684466540813446045e-03,-3.329554572701454163e-03,-1.367620080709457397e-01,1.519511715741828084e-04,-3.342118816362926736e-06
7.939192056655883789e+00,4.793690168298780918e-04,2.684466540813446045e-03,5.136070400476455688e-02,-1.052911952137947083e-01,1.074252795660868287e-04,-4.171303298790007830e-04
7.941192150115966797e+00,7.190534961409866810e-04,2.684466540813446045e-03,5.136070400476455688e-02,-1.052911952137947083e-01,1.074252795660868287e-04,-4.171303298790007830e-04
7.943192243576049805e+00,5.752427969127893448e-04,4.601942375302314758e-03,8.114573545753955841e-03,8.302189111709594727e-01,7.643079698027577251e-06,4.800525130121968687e-05
7.945192575454711914e+00,4.314320976845920086e-04,2.684466540813446045e-03,-3.599875420331954956e-02,-2.219862071797251701e-03,5.207008216530084610e-04,-7.378379086731001735e-05
7.947192668914794922e+00,4.314320976845920086e-04,2.684466540813446045e-03,-3.599875420331954956e-02,-2.219862071797251701e-03,5.207008216530084610e-04,-7.378379086731001735e-05
7.949192762374877930e+00,4.793690168298780918e-04,3.067961661145091057e-03,-3.152982145547866821e-02,2.317017614841461182e-01,-2.466092992108315229e-04,-7.418222230626270175e-05
7.951192855834960938e+00,5.752427969127893448e-04,3.067961661145091057e-03,-1.557770278304815292e-02,1.807594746351242065e-01,-4.188040329609066248e-04,3.676840278785675764e-04
7.953192949295043945e+00,5.752427969127893448e-04,3.067961661145091057e-03,-1.557770278304815292e-02,1.807594746351242065e-01,-4.188040329609066248e-04,3.676840278785675764e-04
7.955193042755126953e+00,7.669904152862727642e-04,2.684466540813446045e-03,2.578576654195785522e-02,4.647371172904968262e-02,1.642416318645700812e-04,-4.062365624122321606e-04
7.957193136215209961e+00,7.190534961409866810e-04,2.684466540813446045e-03,1.098767481744289398e-02,-6.943403277546167374e-03,2.036023579421453178e-05,9.939848678186535835e-05
7.959193468093872070e+00,7.190534961409866810e-04,2.684466540813446045e-03,1.098767481744289398e-02,-6.943403277546167374e-03,2.036023579421453178e-05,9.939848678186535835e-05
7.961193561553955078e+00,6.711166352033615112e-04,2.684466540813446045e-03,2.317580510862171650e-04,-6.545089930295944214e-02,4.745205515064299107e-04,-1.560396922286599874e-04
7.963193655014038086e+00,4.793690168298780918e-04,3.067961661145091057e-03,-4.316606372594833374e-02,1.274626553058624268e-01,1.323827291344059631e-05,-2.146262850146740675e-04
7.965193748474121094e+00,4.793690168298780918e-04,3.067961661145091057e-03,-4.316606372594833374e-02,1.274626553058624268e-01,-2.701712364796549082e-04,-5.902113480260595679e-05
7.967193841934204102e+00,7.190534961409866810e-04,3.451456781476736069e-03,1.774309948086738586e-02,2.326083779335021973e-01,-2.701712364796549082e-04,-5.902113480260595679e-05
7.969193935394287109e+00,4.793690168298780918e-04,3.067961661145091057e-03,-3.692891821265220642e-02,-1.002684328705072403e-02,-4.739363066619262099e-05,-2.599170838948339224e-04
7.971194028854370117e+00,4.793690168298780918e-04,3.067961661145091057e-03,-3.692891821265220642e-02,-1.002684328705072403e-02,-4.739363066619262099e-05,-2.599170838948339224e-04
7.973194122314453125e+00,5.273059359751641750e-04,3.067961661145091057e-03,-2.256118692457675934e-02,1.306276302784681320e-02,5.113757215440273285e-04,-1.179203609353862703e-04
7.975194215774536133e+00,5.273059359751641750e-04,3.834952134639024734e-03,-2.207231521606445312e-02,3.508135080337524414e-01,-1.708691888779867440e-05,2.783610543701797724e-04
7.977194309234619141e+00,5.273059359751641750e-04,3.834952134639024734e-03,-2.207231521606445312e-02,3.508135080337524414e-01,-1.708691888779867440e-05,2.783610543701797724e-04
7.979194402694702148e+00,6.231797160580754280e-04,4.218447487801313400e-03,-3.802062110480619594e-06,5.814750194549560547e-01,3.270885499659925699e-04,-1.456356258131563663e-04
7.981194496154785156e+00,6.711166352033615112e-04,3.451456781476736069e-03,7.933582179248332977e-03,1.740232408046722412e-01,-1.933690218720585108e-04,-1.743096731843252201e-06
7.983194589614868164e+00,6.711166352033615112e-04,3.451456781476736069e-03,7.933582179248332977e-03,1.740232408046722412e-01,-1.933690218720585108e-04,-1.743096731843252201e-06
7.985194683074951172e+00,6.231797160580754280e-04,3.067961661145091057e-03,-8.050182834267616272e-03,-4.409092012792825699e-03,-2.660062455106526613e-04,3.723742556758224964e-04
7.987194776535034180e+00,6.711166352033615112e-04,3.451456781476736069e-03,-2.776921726763248444e-03,1.975632011890411377e-01,-4.196920490358024836e-04,-9.111884719459339976e-05
7.989194869995117188e+00,6.711166352033615112e-04,3.451456781476736069e-03,-2.776921726763248444e-03,1.975632011890411377e-01,-4.196920490358024836e-04,-9.111884719459339976e-05
7.991194963455200195e+00,7.669904152862727642e-04,2.300971187651157379e-03,1.446715369820594788e-02,-2.414737194776535034e-01,1.660124980844557285e-04,-6.097016739659011364e-05
7.993195056915283203e+00,8.149273344315588474e-04,1.917476067319512367e-03,2.199755422770977020e-02,-3.745265603065490723e-01,-3.397679247427731752e-04,5.321848948369733989e-05
7.995195150375366211e+00,8.149273344315588474e-04,1.917476067319512367e-03,2.199755422770977020e-02,-3.745265603065490723e-01,-3.397679247427731752e-04,5.321848948369733989e-05
7.997195482254028320e+00,8.628641953691840172e-04,3.834952134639024734e-03,3.236286714673042297e-02,4.752117097377777100e-01,2.042281557805836201e-04,-1.779674639692530036e-04
7.999195575714111328e+00,8.628641953691840172e-04,3.834952134639024734e-03,-1.427415478974580765e-02,-1.862296462059020996e-01,3.354452564963139594e-05,-2.850305754691362381e-04
8.001195907592773438e+00,6.711166352033615112e-04,2.300971187651157379e-03,-1.427415478974580765e-02,-1.862296462059020996e-01,3.354452564963139594e-05,-2.850305754691362381e-04
8.003196001052856445e+00,6.711166352033615112e-04,2.300971187651157379e-03,-1.407696027308702469e-02,-2.235059440135955811e-01,-5.571213550865650177e-04,-1.150514362961985171e-04
8.005196094512939453e+00,7.190534961409866810e-04,2.300971187651157379e-03,2.568437485024333000e-03,-2.281689494848251343e-01,2.327749534742906690e-04,1.579048257553949952e-04
8.007196426391601562e+00,7.190534961409866810e-04,2.300971187651157379e-03,2.568437485024333000e-03,-2.281689494848251343e-01,2.327749534742906690e-04,1.579048257553949952e-04
8.009196519851684570e+00,7.190534961409866810e-04,3.067961661145091057e-03,6.193509325385093689e-03,8.306507021188735962e-02,-2.062869461951777339e-04,-5.737583851441740990e-04
8.011196613311767578e+00,8.149273344315588474e-04,3.067961661145091057e-03,3.413875401020050049e-02,1.101748421788215637e-01,9.078748553292825818e-05,3.528663728502579033e-05
8.013196706771850586e+00,8.149273344315588474e-04,3.067961661145091057e-03,3.413875401020050049e-02,1.101748421788215637e-01,9.078748553292825818e-05,3.528663728502579033e-05
8.015196800231933594e+00,6.711166352033615112e-04,2.300971187651157379e-03,5.437438376247882843e-03,-2.566313147544860840e-01,-1.831302070058882236e-04,-3.367731405887752771e-04
8.017274379730224609e+00,6.231797160580754280e-04,3.067961661145091057e-03,7.892565918155014515e-04,1.089653931558132172e-02,-2.107721957145258784e-04,6.536714499816298485e-04
8.019274473190307617e+00,6.231797160580754280e-04,3.067961661145091057e-03,7.892565918155014515e-04,1.089653931558132172e-02,-2.107721957145258784e-04,6.536714499816298485e-04
8.021274566650390625e+00,7.669904152862727642e-04,2.300971187651157379e-03,4.393804073333740234e-02,-3.089235424995422363e-01,9.651199798099696636e-05,2.769122656900435686e-04
8.023274660110473633e+00,3.834952076431363821e-04,2.684466540813446045e-03,-4.464169591665267944e-02,-7.511743158102035522e-02,-4.070700379088521004e-05,-5.454239435493946075e-04
8.025274753570556641e+00,3.834952076431363821e-04,2.684466540813446045e-03,-4.464169591665267944e-02,-7.511743158102035522e-02,-4.070700379088521004e-05,-5.454239435493946075e-04
8.027274847030639648e+00,4.314320976845920086e-04,2.684466540813446045e-03,-3.009813278913497925e-02,-1.264328658580780029e-01,-8.082387648755684495e-05,4.167703737039119005e-04
8.029274940490722656e+00,5.752427969127893448e-04,2.684466540813446045e-03,5.128445103764533997e-03,-1.597328484058380127e-01,-1.881589560071006417e-04,-6.618005572818219662e-04
8.031275749206542969e+00,5.752427969127893448e-04,2.684466540813446045e-03,5.128445103764533997e-03,-1.597328484058380127e-01,-1.881589560071006417e-04,-6.618005572818219662e-04
8.033275842666625977e+00,4.314320976845920086e-04,2.684466540813446045e-03,-3.047204390168190002e-02,-1.632328480482101440e-01,-3.472109528956934810e-05,1.001818527583964169e-04
8.035275936126708984e+00,6.711166352033615112e-04,3.451456781476736069e-03,2.352430857717990875e-02,2.095600515604019165e-01,2.788864912872668356e-05,1.384240167681127787e-04
8.037276029586791992e+00,6.711166352033615112e-04,3.451456781476736069e-03,2.352430857717990875e-02,2.095600515604019165e-01,2.788864912872668356e-05,1.384240167681127787e-04
8.039276123046875000e+00,5.752427969127893448e-04,3.067961661145091057e-03,-3.702861256897449493e-03,9.793379902839660645e-02,2.453900560794863850e-05,-2.177799324272200465e-04
8.041276216506958008e+00,7.669904152862727642e-04,2.300971187651157379e-03,3.953547030687332153e-02,-9.661675989627838135e-02,3.286637656856328249e-04,4.991377354599535465e-04
8.043276309967041016e+00,7.669904152862727642e-04,2.300971187651157379e-03,3.953547030687332153e-02,-9.661675989627838135e-02,3.286637656856328249e-04,4.991377354599535465e-04
8.045276403427124023e+00,5.273059359751641750e-04,2.300971187651157379e-03,-2.032623998820781708e-02,-1.501512676477432251e-01,6.954486889299005270e-05,5.268679888104088604e-05
8.047276735305786133e+00,4.793690168298780918e-04,3.067961661145091057e-03,-3.090399876236915588e-02,1.335147470235824585e-01,-9.306945139542222023e-05,1.066779950633645058e-04
8.049276828765869141e+00,4.793690168298780918e-04,3.067961661145091057e-03,-3.090399876236915588e-02,1.335147470235824585e-01,-9.306945139542222023e-05,1.066779950633645058e-04
8.051276922225952148e+00,7.190534961409866810e-04,2.300971187651157379e-03,2.845910936594009399e-02,-2.732271254062652588e-01,5.559307101066224277e-05,-1.189825270557776093e-04
8.053277015686035156e+00,4.314320976845920086e-04,1.917476067319512367e-03,-3.933614119887351990e-02,-4.186485111713409424e-01,-1.012668799376115203e-04,-1.190736293210648000e-04
8.055277109146118164e+00,4.314320976845920086e-04,1.917476067319512367e-03,-3.933614119887351990e-02,-4.186485111713409424e-01,-1.012668799376115203e-04,-1.190736293210648000e-04
8.057277202606201172e+00,3.355583176016807556e-04,3.451456781476736069e-03,-5.867001786828041077e-02,2.766286134719848633e-01,2.885028661694377661e-04,2.491808845661580563e-04
8.059277296066284180e+00,5.273059359751641750e-04,4.601942375302314758e-03,-8.530043996870517731e-03,8.186581730842590332e-01,1.864180230768397450e-04,3.792443312704563141e-04
8.061277389526367188e+00,5.273059359751641750e-04,4.601942375302314758e-03,-8.530043996870517731e-03,8.186581730842590332e-01,1.864180230768397450e-04,3.792443312704563141e-04
8.063277482986450195e+00,5.752427969127893448e-04,3.451456781476736069e-03,6.203710101544857025e-03,2.059109658002853394e-01,5.210153176449239254e-05,-3.987384218362421962e-07
8.065277576446533203e+00,5.273059359751641750e-04,3.451456781476736069e-03,-1.608065678738057613e-03,1.422467976808547974e-01,1.867244282038882375e-04,-1.370446843793615699e-04
8.067277669906616211e+00,5.273059359751641750e-04,3.451456781476736069e-03,-1.608065678738057613e-03,1.422467976808547974e-01,1.867244282038882375e-04,-1.370446843793615699e-04
8.069277763366699219e+00,4.793690168298780918e-04,3.451456781476736069e-03,-1.008156873285770416e-02,1.960313022136688232e-01,-6.791651230741990730e-06,2.121942816302180290e-04
8.071277856826782227e+00,3.834952076431363821e-04,3.067961661145091057e-03,-2.784150466322898865e-02,-1.122974604368209839e-02,2.025690046139061451e-04,2.237806620541960001e-04
8.073277950286865234e+00,3.834952076431363821e-04,3.067961661145091057e-03,-2.784150466322898865e-02,-1.122974604368209839e-02,2.025690046139061451e-04,2.237806620541960001e-04
8.075278043746948242e+00,4.793690168298780918e-04,3.834952134639024734e-03,-3.721222514286637306e-03,3.355319797992706299e-01,-4.827268130611628294e-04,3.313723427709192038e-04
8.077435493469238281e+00,5.273059359751641750e-04,3.451456781476736069e-03,7.395408581942319870e-03,9.876517951488494873e-02,-3.762541746255010366e-04,-4.499258939176797867e-04
8.079435586929321289e+00,5.273059359751641750e-04,3.451456781476736069e-03,7.395408581942319870e-03,9.876517951488494873e-02,-3.762541746255010366e-04,-4.499258939176797867e-04
8.081435680389404297e+00,4.314320976845920086e-04,2.684466540813446045e-03,-1.869758218526840210e-02,-1.429228782653808594e-01,4.209018661640584469e-04,-4.630057901522377506e-06
8.083435773849487305e+00,6.711166352033615112e-04,3.451456781476736069e-03,3.564313799142837524e-02,2.282289266586303711e-01,-4.103124665562063456e-04,3.352155035827308893e-04
8.085435867309570312e+00,6.711166352033615112e-04,3.451456781476736069e-03,3.564313799142837524e-02,2.282289266586303711e-01,-4.103124665562063456e-04,3.352155035827308893e-04
8.087435960769653320e+00,5.273059359751641750e-04,2.684466540813446045e-03,-3.586310893297195435e-03,-8.494142442941665649e-02,-3.048460930585861206e-04,2.686107764020562172e-04
8.089436054229736328e+00,5.273059359751641750e-04,2.684466540813446045e-03,-1.105291303247213364e-02,-1.138345226645469666e-01,8.121106657199561596e-05,3.789831825997680426e-04
8.091436147689819336e+00,5.273059359751641750e-04,2.684466540813446045e-03,-1.105291303247213364e-02,-1.138345226645469666e-01,8.121106657199561596e-05,3.789831825997680426e-04
8.093436241149902344e+00,6.231797160580754280e-04,4.218447487801313400e-03,6.796092726290225983e-03,7.117422223091125488e-01,1.105541814467869699e-04,3.396039246581494808e-04
8.095436334609985352e+00,8.149273344315588474e-04,2.684466540813446045e-03,4.983387514948844910e-02,-3.720909729599952698e-02,-2.316360041731968522e-05,8.832828461891040206e-05
8.097436428070068359e+00,8.149273344315588474e-04,2.684466540813446045e-03,4.983387514948844910e-02,-3.720909729599952698e-02,-2.316360041731968522e-05,8.832828461891040206e-05
8.099436521530151367e+00,5.273059359751641750e-04,3.451456781476736069e-03,-2.165170572698116302e-02,3.058841228485107422e-01,4.199436516501009464e-04,2.259827742818742990e-04
8.101436853408813477e+00,5.273059359751641750e-04,3.451456781476736069e-03,-2.165170572698116302e-02,3.058841228485107422e-01,4.199436516501009464e-04,2.259827742818742990e-04
8.103436946868896484e+00,6.711166352033615112e-04,2.300971187651157379e-03,1.397672574967145920e-02,-2.798955738544464111e-01,-1.724926114547997713e-04,-5.955709184490842745e-06
8.105437040328979492e+00,3.834952076431363821e-04,2.684466540813446045e-03,-5.008380487561225891e-02,-1.070975139737129211e-01,4.049151903018355370e-04,2.745725214481353760e-05
8.107437133789062500e+00,3.834952076431363821e-04,2.684466540813446045e-03,-5.008380487561225891e-02,-1.070975139737129211e-01,4.049151903018355370e-04,2.745725214481353760e-05
8.109437227249145508e+00,6.231797160580754280e-04,2.684466540813446045e-03,1.237015984952449799e-02,-6.933349370956420898e-02,-5.742706889577675611e-06,2.727742830757051706e-04
8.111437320709228516e+00,5.273059359751641750e-04,3.067961661145091057e-03,-6.741958204656839371e-03,6.828761845827102661e-02,-1.756869896780699492e-04,-1.911874715005978942e-04
8.113437414169311523e+00,5.273059359751641750e-04,3.067961661145091057e-03,-6.741958204656839371e-03,6.828761845827102661e-02,-1.756869896780699492e-04,-1.911874715005978942e-04
8.115437507629394531e+00,5.752427969127893448e-04,2.684466540813446045e-03,9.366089478135108948e-03,-9.603606164455413818e-02,4.727407358586788177e-04,3.885234473273158073e-04
8.117437601089477539e+00,6.231797160580754280e-04,3.451456781476736069e-03,2.058347500860691071e-02,1.454768925905227661e-01,1.339927985100075603e-04,4.523524839896708727e-04
8.119437694549560547e+00,6.231797160580754280e-04,3.451456781476736069e-03,2.058347500860691071e-02,1.454768925905227661e-01,1.339927985100075603e-04,4.523524839896708727e-04
8.121437788009643555e+00,4.314320976845920086e-04,2.300971187651157379e-03,-2.769561298191547394e-02,-3.302770853042602539e-01,2.473978092893958092e-04,-2.369623834965750575e-04
8.123437881469726562e+00,5.273059359751641750e-04,2.300971187651157379e-03,-7.760488428175449371e-03,-2.948846817016601562e-01,1.978326763492077589e-04,4.214005311951041222e-04
8.125437974929809570e+00,5.273059359751641750e-04,2.300971187651157379e-03,-7.760488428175449371e-03,-2.948846817016601562e-01,1.978326763492077589e-04,4.214005311951041222e-04
8.127438068389892578e+00,5.752427969127893448e-04,2.300971187651157379e-03,7.953288732096552849e-04,-2.351286709308624268e-01,-4.883320652879774570e-04,-1.774467382347211242e-04
8.129438161849975586e+00,5.752427969127893448e-04,2.684466540813446045e-03,-3.148387186229228973e-03,-4.748086631298065186e-02,-3.293173358542844653e-05,1.504824467701837420e-04
8.131438255310058594e+00,5.752427969127893448e-04,2.684466540813446045e-03,-3.148387186229228973e-03,-4.748086631298065186e-02,-3.293173358542844653e-05,1.504824467701837420e-04
8.133438348770141602e+00,7.190534961409866810e-04,2.300971187651157379e-03,2.572545409202575684e-02,-2.971287667751312256e-01,3.372061837580986321e-05,1.164866407634690404e-04
8.135438442230224609e+00,8.628641953691840172e-04,3.067961661145091057e-03,5.780733376741409302e-02,1.987037062644958496e-01,-2.851285171345807612e-05,-1.124781556427478790e-04
8.137438535690307617e+00,8.628641953691840172e-04,3.067961661145091057e-03,5.780733376741409302e-02,1.987037062644958496e-01,-2.851285171345807612e-05,-1.124781556427478790e-04
8.139438629150390625e+00,7.669904152862727642e-04,4.218447487801313400e-03,3.229229524731636047e-02,6.452705860137939453e-01,-7.130053563741967082e-05,-6.763176497770473361e-05
8.141438961029052734e+00,6.231797160580754280e-04,3.451456781476736069e-03,-2.852095058187842369e-03,3.031977713108062744e-01,2.024563291342929006e-04,-3.212751180399209261e-04
8.143439054489135742e+00,6.231797160580754280e-04,3.451456781476736069e-03,-2.852095058187842369e-03,3.031977713108062744e-01,2.024563291342929006e-04,-3.212751180399209261e-04
8.145439147949218750e+00,5.752427969127893448e-04,4.218447487801313400e-03,-1.384108792990446091e-02,6.329351663589477539e-01,-1.793072588043287396e-04,6.717402720823884010e-05
8.147439241409301758e+00,5.273059359751641750e-04,1.917476067319512367e-03,-2.273043990135192871e-02,-4.440294206142425537e-01,-1.565285674587357789e-05,8.109532063826918602e-05
8.149439334869384766e+00,5.273059359751641750e-04,1.917476067319512367e-03,-2.273043990135192871e-02,-4.440294206142425537e-01,-1.565285674587357789e-05,8.109532063826918602e-05
8.151439428329467773e+00,4.314320976845920086e-04,3.067961661145091057e-03,-4.488457366824150085e-02,5.619048327207565308e-02,-4.304754256736487150e-04,6.880201399326324463e-04
8.153439521789550781e+00,5.273059359751641750e-04,2.300971187651157379e-03,-1.871018484234809875e-02,-3.577140271663665771e-01,4.508437541517196223e-06,3.914926201105117798e-04
8.155439615249633789e+00,5.273059359751641750e-04,2.300971187651157379e-03,4.074225667864084244e-03,-2.676438391208648682e-01,4.546999116428196430e-04,1.532730530016124249e-04
8.157439708709716797e+00,6.231797160580754280e-04,2.300971187651157379e-03,4.074225667864084244e-03,-2.676438391208648682e-01,4.546999116428196430e-04,1.532730530016124249e-04
8.159439802169799805e+00,6.711166352033615112e-04,3.067961661145091057e-03,1.448724232614040375e-02,1.328221559524536133e-01,-1.122076355386525393e-04,2.500416303519159555e-04
8.161439895629882812e+00,6.711166352033615112e-04,3.067961661145091057e-03,2.316435426473617554e-02,-4.665735065937042236e-01,-5.625350167974829674e-04,-5.099785266793332994e-05
8.163439989089965820e+00,7.190534961409866810e-04,1.917476067319512367e-03,2.316435426473617554e-02,-4.665735065937042236e-01,-5.625350167974829674e-04,-5.099785266793332994e-05
8.165440082550048828e+00,8.149273344315588474e-04,3.067961661145091057e-03,4.569632932543754578e-02,6.738628447055816650e-02,4.612735356204211712e-04,-2.614631957840174437e-04
8.167440176010131836e+00,8.149273344315588474e-04,3.067961661145091057e-03,4.569632932543754578e-02,6.738628447055816650e-02,4.612735356204211712e-04,-2.614631957840174437e-04
8.169440269470214844e+00,6.711166352033615112e-04,3.834952134639024734e-03,8.442725054919719696e-03,4.801253080368041992e-01,-1.196540761156938970e-04,2.836668863892555237e-04
8.171440601348876953e+00,6.711166352033615112e-04,2.684466540813446045e-03,4.183564335107803345e-03,-3.267331421375274658e-02,1.550608576508238912e-04,1.158578816102817655e-04
8.173440694808959961e+00,6.711166352033615112e-04,2.684466540813446045e-03,-1.034343335777521133e-02,-1.613968051970005035e-02,1.019375704345293343e-04,4.691777576226741076e-05
8.175440788269042969e+00,6.231797160580754280e-04,2.684466540813446045e-03,-1.034343335777521133e-02,-1.613968051970005035e-02,1.019375704345293343e-04,4.691777576226741076e-05
8.177440881729125977e+00,7.190534961409866810e-04,3.067961661145091057e-03,1.112965680658817291e-02,1.398358047008514404e-01,1.679296547081321478e-04,3.279366937931627035e-04
8.179440975189208984e+00,7.190534961409866810e-04,3.067961661145091057e-03,1.112965680658817291e-02,1.398358047008514404e-01,1.679296547081321478e-04,3.279366937931627035e-04
8.181441068649291992e+00,7.190534961409866810e-04,2.684466540813446045e-03,1.032074540853500366e-02,-6.111927330493927002e-03,-2.408814034424722195e-04,1.853825815487653017e-04
8.183441162109375000e+00,5.273059359751641750e-04,2.300971187651157379e-03,-3.519538789987564087e-02,-1.917917877435684204e-01,-3.362180141266435385e-04,3.201029321644455194e-04
8.185441255569458008e+00,5.273059359751641750e-04,2.300971187651157379e-03,-3.519538789987564087e-02,-1.917917877435684204e-01,-3.362180141266435385e-04,3.201029321644455194e-04
8.187441349029541016e+00,7.190534961409866810e-04,2.684466540813446045e-03,1.228295639157295227e-02,9.242106229066848755e-03,2.040255058091133833e-04,1.567624858580529690e-04
8.189441442489624023e+00,5.273059359751641750e-04,2.300971187651157379e-03,-3.130615130066871643e-02,-1.965708136558532715e-01,7.139976514736190438e-05,-1.758546022756490856e-05
8.191441535949707031e+00,5.273059359751641750e-04,2.300971187651157379e-03,-3.130615130066871643e-02,-1.965708136558532715e-01,7.139976514736190438e-05,-1.758546022756490856e-05
8.193441629409790039e+00,6.711166352033615112e-04,2.684466540813446045e-03,9.533336386084556580e-03,-1.294344011694192886e-02,-1.539299992145970464e-04,4.946971312165260315e-04
8.195441722869873047e+00,8.149273344315588474e-04,3.067961661145091057e-03,5.077445134520530701e-02,3.259582445025444031e-02,-2.976122596010100096e-05,-4.763487959280610085e-05
8.197441816329956055e+00,8.149273344315588474e-04,3.067961661145091057e-03,5.077445134520530701e-02,3.259582445025444031e-02,-2.976122596010100096e-05,-4.763487959280610085e-05
8.199441909790039062e+00,6.711166352033615112e-04,3.067961661145091057e-03,1.799827069044113159e-02,6.488107144832611084e-02,-3.840569479507394135e-05,2.913059724960476160e-04
8.201442003250122070e+00,6.231797160580754280e-04,3.067961661145091057e-03,8.745741099119186401e-03,7.561560720205307007e-02,-1.477707701269537210e-04,2.499276597518473864e-04
8.203442096710205078e+00,6.231797160580754280e-04,3.067961661145091057e-03,8.745741099119186401e-03,7.561560720205307007e-02,-4.463553486857563257e-04,4.935623728670179844e-04
8.205442190170288086e+00,5.752427969127893448e-04,3.067961661145091057e-03,-2.117794472724199295e-03,3.993985801935195923e-02,-4.463553486857563257e-04,4.935623728670179844e-04
8.207442522048950195e+00,4.314320976845920086e-04,2.684466540813446045e-03,-3.675407543778419495e-02,-1.331477463245391846e-01,-1.580330863362178206e-04,-5.189969215280143544e-06
8.209442615509033203e+00,4.314320976845920086e-04,2.684466540813446045e-03,-3.675407543778419495e-02,-1.331477463245391846e-01,-1.580330863362178206e-04,-5.189969215280143544e-06
8.211442708969116211e+00,6.231797160580754280e-04,2.684466540813446045e-03,8.847870863974094391e-03,-1.604180186986923218e-01,-2.804746909532696009e-04,-6.382835999829694629e-05
8.213442802429199219e+00,7.190534961409866810e-04,3.067961661145091057e-03,3.138006478548049927e-02,1.124708354473114014e-01,-7.302199082914739847e-05,7.769948570057749748e-04
8.215442895889282227e+00,7.190534961409866810e-04,3.067961661145091057e-03,3.138006478548049927e-02,1.124708354473114014e-01,-4.723151869256980717e-05,-5.231866452959366143e-05
8.217442989349365234e+00,6.711166352033615112e-04,2.300971187651157379e-03,1.705940626561641693e-02,-1.476734280586242676e-01,-4.723151869256980717e-05,-5.231866452959366143e-05
8.219443082809448242e+00,8.149273344315588474e-04,1.917476067319512367e-03,5.169863998889923096e-02,-3.421748578548431396e-01,-2.674003771971911192e-04,1.094011095119640231e-04
8.221443176269531250e+00,8.149273344315588474e-04,1.917476067319512367e-03,5.169863998889923096e-02,-3.421748578548431396e-01,-4.703293670900166035e-04,2.222381008323282003e-04
8.223443269729614258e+00,6.711166352033615112e-04,3.067961661145091057e-03,1.772079430520534515e-02,7.676062732934951782e-02,-4.703293670900166035e-04,2.222381008323282003e-04
8.225443363189697266e+00,6.231797160580754280e-04,3.067961661145091057e-03,5.808609072118997574e-03,1.854208260774612427e-01,3.510401002131402493e-04,-1.541666861157864332e-04
8.227443456649780273e+00,6.231797160580754280e-04,3.067961661145091057e-03,5.808609072118997574e-03,1.854208260774612427e-01,-2.195977576775476336e-04,3.279325028415769339e-04
8.229443550109863281e+00,5.273059359751641750e-04,2.684466540813446045e-03,-1.543874759227037430e-02,-4.559084028005599976e-02,-2.195977576775476336e-04,3.279325028415769339e-04
8.231443643569946289e+00,6.231797160580754280e-04,3.067961661145091057e-03,8.711619302630424500e-03,2.642309851944446564e-02,-9.231297735823318362e-05,-6.358321988955140114e-04
8.233443737030029297e+00,6.231797160580754280e-04,3.067961661145091057e-03,8.711619302630424500e-03,2.642309851944446564e-02,-9.231297735823318362e-05,-6.358321988955140114e-04
8.235443830490112305e+00,5.273059359751641750e-04,2.300971187651157379e-03,-1.107342168688774109e-02,-1.843743175268173218e-01,-1.569910818943753839e-04,4.005436785519123077e-04
8.237443923950195312e+00,6.231797160580754280e-04,3.067961661145091057e-03,1.497973781079053879e-02,7.921837270259857178e-02,1.881648495327681303e-04,2.647898800205439329e-04
8.239444017410278320e+00,6.231797160580754280e-04,3.067961661145091057e-03,1.497973781079053879e-02,7.921837270259857178e-02,1.881648495327681303e-04,2.647898800205439329e-04
8.241444110870361328e+00,5.273059359751641750e-04,2.300971187651157379e-03,-6.482165772467851639e-03,-2.759076356887817383e-01,-5.387876444729045033e-05,-3.302868281025439501e-04
8.243444919586181641e+00,6.711166352033615112e-04,2.684466540813446045e-03,3.200412169098854065e-02,-1.320463567972183228e-01,-5.978111948934383690e-05,9.406944445800036192e-05
8.245445013046264648e+00,6.711166352033615112e-04,2.684466540813446045e-03,3.200412169098854065e-02,-1.320463567972183228e-01,-5.978111948934383690e-05,9.406944445800036192e-05
8.247445344924926758e+00,4.793690168298780918e-04,3.067961661145091057e-03,-1.402741856873035431e-02,4.593977704644203186e-02,5.428558506537228823e-05,6.844120798632502556e-05
8.249445438385009766e+00,5.273059359751641750e-04,3.067961661145091057e-03,-1.132815610617399216e-03,1.187115311622619629e-01,-2.398019423708319664e-04,3.477132122498005629e-04
8.251445531845092773e+00,5.273059359751641750e-04,3.067961661145091057e-03,-1.132815610617399216e-03,1.187115311622619629e-01,-2.398019423708319664e-04,3.477132122498005629e-04
8.253445625305175781e+00,5.273059359751641750e-04,2.684466540813446045e-03,-2.855050843209028244e-03,-1.179649904370307922e-01,-1.015420457406435162e-05,-6.897763814777135849e-04
8.255445957183837891e+00,4.793690168298780918e-04,3.067961661145091057e-03,-1.784226298332214355e-02,-1.586490869522094727e-02,-6.190337444422766566e-05,-2.105974272126331925e-04
8.257446050643920898e+00,4.793690168298780918e-04,3.067961661145091057e-03,-1.784226298332214355e-02,-1.586490869522094727e-02,-6.190337444422766566e-05,-2.105974272126331925e-04
8.259446382522583008e+00,4.314320976845920086e-04,2.684466540813446045e-03,-3.136182576417922974e-02,-1.017116829752922058e-01,4.367738438304513693e-04,-4.402579797897487879e-04
8.261446714401245117e+00,5.752427969127893448e-04,2.300971187651157379e-03,-2.050282782875001431e-04,-2.823212742805480957e-01,1.274468959309160709e-04,1.469361723138717934e-05
8.263446807861328125e+00,5.752427969127893448e-04,2.300971187651157379e-03,-2.050282782875001431e-04,-2.823212742805480957e-01,1.274468959309160709e-04,1.469361723138717934e-05
8.265446901321411133e+00,4.793690168298780918e-04,3.451456781476736069e-03,-2.553306333720684052e-02,2.646447122097015381e-01,9.975617285817861557e-05,-1.051614817697554827e-04
8.267446994781494141e+00,5.752427969127893448e-04,2.300971187651157379e-03,-3.538970369845628738e-03,-2.931143641471862793e-01,3.545856743585318327e-04,1.049114653142169118e-04
8.269447088241577148e+00,5.752427969127893448e-04,2.300971187651157379e-03,-3.538970369845628738e-03,-2.931143641471862793e-01,3.545856743585318327e-04,1.049114653142169118e-04
8.271447181701660156e+00,5.273059359751641750e-04,3.067961661145091057e-03,-1.620488241314888000e-02,8.337419480085372925e-02,-1.278309991903370246e-05,8.408708963543176651e-04
8.273447275161743164e+00,5.273059359751641750e-04,2.684466540813446045e-03,-1.886781118810176849e-02,-1.807487607002258301e-01,2.772909356281161308e-04,-3.546043590176850557e-04
8.275447368621826172e+00,5.273059359751641750e-04,2.684466540813446045e-03,-1.886781118810176849e-02,-1.807487607002258301e-01,-4.016196180600672960e-05,-1.877621252788230777e-04
8.277447462081909180e+00,6.711166352033615112e-04,2.684466540813446045e-03,1.357575133442878723e-02,-1.128096282482147217e-01,-4.016196180600672960e-05,-1.877621252788230777e-04
8.279447555541992188e+00,6.711166352033615112e-04,3.067961661145091057e-03,1.327573508024215698e-02,1.247000694274902344e-01,-8.004596020327880979e-05,2.449516905471682549e-04
8.281447649002075195e+00,6.711166352033615112e-04,3.067961661145091057e-03,1.327573508024215698e-02,1.247000694274902344e-01,-8.004596020327880979e-05,2.449516905471682549e-04
8.283447742462158203e+00,7.669904152862727642e-04,3.451456781476736069e-03,3.668536990880966187e-02,1.869876831769943237e-01,2.060802798951044679e-04,1.715742691885679960e-04
8.285447835922241211e+00,5.752427969127893448e-04,3.451456781476736069e-03,-9.565970860421657562e-03,1.569749414920806885e-01,-5.030271495343185961e-05,-5.071808700449764729e-04
8.287447929382324219e+00,5.752427969127893448e-04,3.451456781476736069e-03,-9.565970860421657562e-03,1.569749414920806885e-01,-5.030271495343185961e-05,-5.071808700449764729e-04
8.289448022842407227e+00,5.752427969127893448e-04,3.067961661145091057e-03,-9.413290768861770630e-03,9.784806519746780396e-03,-3.947894147131592035e-04,1.342266041319817305e-04
8.291448116302490234e+00,8.149273344315588474e-04,2.684466540813446045e-03,5.011485517024993896e-02,-1.615863442420959473e-01,1.228052860824391246e-04,2.199963200837373734e-04
8.293448209762573242e+00,8.149273344315588474e-04,2.684466540813446045e-03,-6.877886597067117691e-03,-1.370972692966461182e-01,-6.046401540515944362e-05,6.591540295630693436e-05
8.295448303222656250e+00,5.752427969127893448e-04,2.684466540813446045e-03,-6.877886597067117691e-03,-1.370972692966461182e-01,-6.046401540515944362e-05,6.591540295630693436e-05
8.297448396682739258e+00,6.711166352033615112e-04,3.834952134639024734e-03,1.547136623412370682e-02,4.271334111690521240e-01,-1.540704251965507865e-04,-3.968458986491896212e-05
8.299448490142822266e+00,6.711166352033615112e-04,3.834952134639024734e-03,1.547136623412370682e-02,4.271334111690521240e-01,-1.540704251965507865e-04,-3.968458986491896212e-05
8.301448583602905273e+00,6.231797160580754280e-04,2.684466540813446045e-03,2.523686271160840988e-03,-1.262738108634948730e-01,3.848490014206618071e-04,-2.230820100521668792e-04
8.303448677062988281e+00,8.149273344315588474e-04,2.684466540813446045e-03,4.510401189327239990e-02,-9.491340070962905884e-02,7.537355850217863917e-05,-9.328049782197922468e-05
8.305448770523071289e+00,8.149273344315588474e-04,2.684466540813446045e-03,4.510401189327239990e-02,-9.491340070962905884e-02,-6.766916485503315926e-04,6.813874351792037487e-04
8.307448863983154297e+00,6.711166352033615112e-04,2.684466540813446045e-03,8.561725728213787079e-03,-7.011760771274566650e-02,-6.766916485503315926e-04,6.813874351792037487e-04
8.309448957443237305e+00,6.711166352033615112e-04,3.067961661145091057e-03,5.822640378028154373e-03,9.388708323240280151e-02,-5.730372504331171513e-04,2.864971465896815062e-04
8.311449050903320312e+00,6.711166352033615112e-04,3.067961661145091057e-03,5.822640378028154373e-03,9.388708323240280151e-02,-5.730372504331171513e-04,2.864971465896815062e-04
8.313449144363403320e+00,7.190534961409866810e-04,4.218447487801313400e-03,1.402881927788257599e-02,6.142035722732543945e-01,-6.047047791071236134e-04,-1.396086299791932106e-04
8.315449237823486328e+00,6.231797160580754280e-04,3.451456781476736069e-03,-1.264626439660787582e-02,2.699850201606750488e-01,1.642300048843026161e-04,-4.424042999744415283e-04
8.317450284957885742e+00,6.231797160580754280e-04,3.451456781476736069e-03,-1.264626439660787582e-02,2.699850201606750488e-01,1.642300048843026161e-04,-4.424042999744415283e-04
8.319450378417968750e+00,6.711166352033615112e-04,1.917476067319512367e-03,-8.756118477322161198e-04,-4.658605754375457764e-01,3.514551790431141853e-04,-1.048215708578936756e-04
8.321450710296630859e+00,7.669904152862727642e-04,3.067961661145091057e-03,2.146732434630393982e-02,4.796279594302177429e-02,-3.571581619326025248e-04,2.194621192757040262e-04
8.323451042175292969e+00,7.669904152862727642e-04,3.067961661145091057e-03,2.146732434630393982e-02,4.796279594302177429e-02,-3.571581619326025248e-04,2.194621192757040262e-04
8.325451135635375977e+00,6.711166352033615112e-04,3.834952134639024734e-03,-2.242732793092727661e-03,3.990786671638488770e-01,1.690368517301976681e-04,-5.729939584853127599e-05
8.327451229095458984e+00,6.231797160580754280e-04,2.300971187651157379e-03,-1.575687341392040253e-02,-2.547675967216491699e-01,6.807519239373505116e-04,5.270710971672087908e-05
8.329451322555541992e+00,6.231797160580754280e-04,2.300971187651157379e-03,-1.575687341392040253e-02,-2.547675967216491699e-01,6.807519239373505116e-04,5.270710971672087908e-05
8.331451416015625000e+00,6.711166352033615112e-04,3.451456781476736069e-03,-4.100264050066471100e-03,2.397297918796539307e-01,7.188961171777918935e-05,-4.402397025842219591e-04
8.333451509475708008e+00,6.711166352033615112e-04,3.451456781476736069e-03,1.164857181720435619e-03,2.390235066413879395e-01,-5.139821951161138713e-05,-5.242745974101126194e-04
8.335451841354370117e+00,6.711166352033615112e-04,3.451456781476736069e-03,1.164857181720435619e-03,2.390235066413879395e-01,1.374877610942348838e-04,5.637268259306438267e-06
8.337451934814453125e+00,7.190534961409866810e-04,2.684466540813446045e-03,1.860390417277812958e-02,-1.585938334465026855e-01,1.374877610942348838e-04,5.637268259306438267e-06
8.339452028274536133e+00,6.231797160580754280e-04,3.451456781476736069e-03,1.780976774170994759e-03,2.234549969434738159e-01,5.035538924857974052e-04,1.958230132004246116e-04
8.341452121734619141e+00,6.231797160580754280e-04,3.451456781476736069e-03,1.780976774170994759e-03,2.234549969434738159e-01,3.589422849472612143e-04,1.976393104996532202e-04
8.343452215194702148e+00,6.711166352033615112e-04,3.067961661145091057e-03,1.876388117671012878e-02,9.670779854059219360e-02,3.589422849472612143e-04,1.976393104996532202e-04
8.345452308654785156e+00,4.793690168298780918e-04,3.067961661145091057e-03,-2.270864509046077728e-02,3.434810042381286621e-02,-7.525942783104255795e-05,3.726419527083635330e-04
8.347452402114868164e+00,4.793690168298780918e-04,3.067961661145091057e-03,-2.270864509046077728e-02,3.434810042381286621e-02,-7.525942783104255795e-05,3.726419527083635330e-04
8.349452495574951172e+00,6.231797160580754280e-04,3.834952134639024734e-03,1.477382145822048187e-02,3.564662933349609375e-01,6.221849616849794984e-05,-2.154400426661595702e-04
8.351452589035034180e+00,4.793690168298780918e-04,3.451456781476736069e-03,-1.903336495161056519e-02,1.743492484092712402e-01,1.600218820385634899e-05,7.899882621131837368e-05
8.353452682495117188e+00,4.793690168298780918e-04,3.451456781476736069e-03,-1.903336495161056519e-02,1.743492484092712402e-01,1.600218820385634899e-05,7.899882621131837368e-05
8.355452775955200195e+00,3.834952076431363821e-04,3.067961661145091057e-03,-4.560119658708572388e-02,1.062651500105857849e-01,-1.650455087656155229e-04,2.380885271122679114e-04
8.357452869415283203e+00,6.231797160580754280e-04,3.834952134639024734e-03,8.803956210613250732e-03,4.980960786342620850e-01,3.554545110091567039e-04,-4.448330946615897119e-05
8.359452962875366211e+00,6.231797160580754280e-04,3.834952134639024734e-03,8.803956210613250732e-03,4.980960786342620850e-01,3.554545110091567039e-04,-4.448330946615897119e-05
8.361453294754028320e+00,8.149273344315588474e-04,3.451456781476736069e-03,4.918065667152404785e-02,3.766845762729644775e-01,7.421869213430909440e-06,6.043349276296794415e-04
8.363453388214111328e+00,5.752427969127893448e-04,2.684466540813446045e-03,-1.500892732292413712e-02,-3.408426791429519653e-02,-6.858447886770591140e-05,-3.095660940743982792e-04
8.365453481674194336e+00,5.752427969127893448e-04,2.684466540813446045e-03,-1.500892732292413712e-02,-3.408426791429519653e-02,1.064017851604148746e-04,-1.548715081298723817e-04
8.367453575134277344e+00,7.669904152862727642e-04,2.684466540813446045e-03,2.842028997838497162e-02,3.129781410098075867e-02,1.064017851604148746e-04,-1.548715081298723817e-04
8.369453668594360352e+00,5.273059359751641750e-04,3.067961661145091057e-03,-2.926724217832088470e-02,2.373907715082168579e-01,-2.615728008095175028e-04,1.115078193834051490e-04
8.371453762054443359e+00,5.273059359751641750e-04,3.067961661145091057e-03,-2.926724217832088470e-02,2.373907715082168579e-01,-2.615728008095175028e-04,1.115078193834051490e-04
8.373453855514526367e+00,6.231797160580754280e-04,2.300971187651157379e-03,-3.130888566374778748e-03,-2.189583778381347656e-01,1.920577633427456021e-04,4.859573527937754989e-05
8.375453948974609375e+00,5.273059359751641750e-04,2.684466540813446045e-03,-2.176874130964279175e-02,-6.907515972852706909e-02,-1.097306267183739692e-05,-8.589441858930513263e-05
8.377454042434692383e+00,5.273059359751641750e-04,2.684466540813446045e-03,-2.176874130964279175e-02,-6.907515972852706909e-02,-1.097306267183739692e-05,5.165036418475210667e-05
8.379454374313354492e+00,4.793690168298780918e-04,3.451456781476736069e-03,-2.557793632149696350e-02,3.174242675304412842e-01,-1.175720390165224671e-04,5.165036418475210667e-05
8.381454467773437500e+00,3.834952076431363821e-04,3.067961661145091057e-03,-4.116210341453552246e-02,1.274265050888061523e-01,1.045160097419284284e-04,-2.587523777037858963e-04
8.383454561233520508e+00,3.834952076431363821e-04,3.067961661145091057e-03,-4.116210341453552246e-02,1.274265050888061523e-01,1.045160097419284284e-04,-2.587523777037858963e-04
8.385454654693603516e+00,4.314320976845920086e-04,3.451456781476736069e-03,-2.219480834901332855e-02,1.911905705928802490e-01,-2.529551784391514957e-05,2.414295158814638853e-05
8.387454748153686523e+00,4.314320976845920086e-04,2.684466540813446045e-03,-1.433506980538368225e-02,-2.886544167995452881e-01,-1.401642221026122570e-04,-1.593914021214004606e-05
8.389454841613769531e+00,4.314320976845920086e-04,2.684466540813446045e-03,-1.433506980538368225e-02,-2.886544167995452881e-01,-1.401642221026122570e-04,-1.593914021214004606e-05
8.391454935073852539e+00,3.834952076431363821e-04,3.451456781476736069e-03,-2.079284563660621643e-02,1.435406506061553955e-01,-1.232000649906694889e-04,-1.817503507481887937e-04
8.393455028533935547e+00,4.793690168298780918e-04,3.067961661145091057e-03,1.568088191561400890e-03,-4.074832797050476074e-02,6.736026261933147907e-05,2.825351257342845201e-04
8.395455121994018555e+00,4.793690168298780918e-04,3.067961661145091057e-03,1.568088191561400890e-03,-4.074832797050476074e-02,-2.959839475806802511e-04,1.443550136173143983e-04
8.397455215454101562e+00,6.711166352033615112e-04,2.300971187651157379e-03,4.392562434077262878e-02,-2.571433782577514648e-01,-2.959839475806802511e-04,1.443550136173143983e-04
8.399455308914184570e+00,5.273059359751641750e-04,2.684466540813446045e-03,4.929854767397046089e-04,-1.320106685161590576e-01,-5.372572341002523899e-04,1.414342659700196236e-05
8.401455402374267578e+00,5.273059359751641750e-04,2.684466540813446045e-03,4.929854767397046089e-04,-1.320106685161590576e-01,-5.372572341002523899e-04,1.414342659700196236e-05
8.403455495834350586e+00,5.752427969127893448e-04,3.451456781476736069e-03,5.138218402862548828e-03,4.005247950553894043e-01,-2.376857592025771737e-04,-5.133823724463582039e-04
8.405455589294433594e+00,6.231797160580754280e-04,2.684466540813446045e-03,9.794745594263076782e-03,-2.310352958738803864e-02,7.265749445650726557e-05,3.618428017944097519e-04
8.407455682754516602e+00,6.231797160580754280e-04,2.684466540813446045e-03,9.794745594263076782e-03,-2.310352958738803864e-02,7.265749445650726557e-05,3.618428017944097519e-04
8.409455776214599609e+00,6.711166352033615112e-04,3.067961661145091057e-03,1.552776060998439789e-02,1.894445419311523438e-01,2.758408954832702875e-04,2.817699532897677273e-05
8.411455869674682617e+00,7.190534961409866810e-04,2.684466540813446045e-03,2.434257045388221741e-02,6.702853739261627197e-02,-1.457674370612949133e-04,6.992788985371589661e-05
8.413455963134765625e+00,7.190534961409866810e-04,2.684466540813446045e-03,2.434257045388221741e-02,6.702853739261627197e-02,-1.457674370612949133e-04,6.992788985371589661e-05
8.415456056594848633e+00,6.231797160580754280e-04,3.834952134639024734e-03,-5.162492743693292141e-04,5.142390131950378418e-01,1.460413914173841476e-04,2.248743257950991392e-04
8.417456150054931641e+00,5.752427969127893448e-04,3.067961661145091057e-03,-7.961284369230270386e-03,1.727497130632400513e-01,5.120360219734720886e-05,1.717824343359097838e-04
8.419456243515014648e+00,5.752427969127893448e-04,3.067961661145091057e-03,-7.961284369230270386e-03,1.727497130632400513e-01,5.120360219734720886e-05,1.717824343359097838e-04
8.421456336975097656e+00,6.711166352033615112e-04,2.684466540813446045e-03,2.031729742884635925e-02,-8.441218733787536621e-02,3.741750551853328943e-04,-4.355963901616632938e-04
8.423456430435180664e+00,4.314320976845920086e-04,3.067961661145091057e-03,-3.249188885092735291e-02,-1.167452055960893631e-02,-1.179093305836431682e-04,2.416753995930776000e-04
8.425456523895263672e+00,4.314320976845920086e-04,3.067961661145091057e-03,7.434554863721132278e-03,2.079472094774246216e-01,-1.553360343677923083e-04,-3.557419695425778627e-04
8.427456617355346680e+00,5.752427969127893448e-04,3.451456781476736069e-03,7.434554863721132278e-03,2.079472094774246216e-01,-1.553360343677923083e-04,-3.557419695425778627e-04
8.429456710815429688e+00,6.231797160580754280e-04,3.451456781476736069e-03,2.241235971450805664e-02,2.423387914896011353e-01,5.415389023255556822e-05,-2.206285425927489996e-04
8.431456804275512695e+00,6.231797160580754280e-04,3.451456781476736069e-03,2.241235971450805664e-02,2.423387914896011353e-01,5.415389023255556822e-05,-2.206285425927489996e-04
8.433456897735595703e+00,6.231797160580754280e-04,2.300971187651157379e-03,2.211388759315013885e-02,-3.703244924545288086e-01,-1.679274428170174360e-04,2.489255566615611315e-04
8.435456991195678711e+00,5.273059359751641750e-04,3.451456781476736069e-03,-3.460592357441782951e-03,9.214071184396743774e-02,3.038213471882045269e-04,-2.584201865829527378e-04
8.437457084655761719e+00,5.273059359751641750e-04,3.451456781476736069e-03,-3.460592357441782951e-03,9.214071184396743774e-02,-1.641619310248643160e-04,1.504250831203535199e-04
8.439480543136596680e+00,5.752427969127893448e-04,2.300971187651157379e-03,4.371271003037691116e-03,-3.424747884273529053e-01,-1.641619310248643160e-04,1.504250831203535199e-04
8.441480875015258789e+00,5.273059359751641750e-04,2.684466540813446045e-03,-1.033139228820800781e-02,-1.016621738672256470e-01,-1.001202908810228109e-04,-2.277633029734715819e-04
8.443480968475341797e+00,5.273059359751641750e-04,2.684466540813446045e-03,-1.033139228820800781e-02,-1.016621738672256470e-01,-1.001202908810228109e-04,-2.277633029734715819e-04
8.445481061935424805e+00,3.834952076431363821e-04,2.684466540813446045e-03,-4.751022160053253174e-02,-4.953864216804504395e-02,1.292036904487758875e-04,2.139497373718768358e-04
8.447481155395507812e+00,7.190534961409866810e-04,3.451456781476736069e-03,3.109766170382499695e-02,2.688217163085937500e-01,1.517510681878775358e-04,6.963270425330847502e-05
8.449481248855590820e+00,7.190534961409866810e-04,3.451456781476736069e-03,3.109766170382499695e-02,2.688217163085937500e-01,1.517510681878775358e-04,6.963270425330847502e-05
8.451481342315673828e+00,4.314320976845920086e-04,3.451456781476736069e-03,-4.015974327921867371e-02,1.668911427259445190e-01,1.188438254757784307e-04,1.165044595836661756e-04
8.453481435775756836e+00,5.752427969127893448e-04,3.067961661145091057e-03,-4.907209426164627075e-03,4.275017604231834412e-02,3.565858933143317699e-04,-1.553982874611392617e-04
8.455481529235839844e+00,5.752427969127893448e-04,3.067961661145091057e-03,-4.907209426164627075e-03,4.275017604231834412e-02,-3.767145972233265638e-04,-1.898993650684133172e-04
8.457481622695922852e+00,7.669904152862727642e-04,3.451456781476736069e-03,4.143678769469261169e-02,2.642874717712402344e-01,-3.767145972233265638e-04,-1.898993650684133172e-04
8.459481716156005859e+00,5.273059359751641750e-04,2.684466540813446045e-03,-1.638015732169151306e-02,-5.292553082108497620e-02,-2.052245254162698984e-04,2.236957952845841646e-04
8.461481809616088867e+00,5.273059359751641750e-04,2.684466540813446045e-03,-1.638015732169151306e-02,-5.292553082108497620e-02,-5.974522355245426297e-05,3.528815286699682474e-04
8.463481903076171875e+00,6.711166352033615112e-04,3.451456781476736069e-03,1.838870719075202942e-02,2.830621004104614258e-01,-5.974522355245426297e-05,3.528815286699682474e-04
8.465482234954833984e+00,6.231797160580754280e-04,2.684466540813446045e-03,6.809510290622711182e-03,-1.431346386671066284e-01,-1.789409579942002892e-04,1.969482545973733068e-04
8.467482328414916992e+00,6.231797160580754280e-04,2.684466540813446045e-03,6.809510290622711182e-03,-1.431346386671066284e-01,-1.789409579942002892e-04,1.969482545973733068e-04
8.469482421875000000e+00,3.834952076431363821e-04,2.684466540813446045e-03,-5.155837535858154297e-02,-8.971157670021057129e-02,-3.974954888690263033e-04,-7.084204844431951642e-05
8.471482515335083008e+00,4.793690168298780918e-04,3.067961661145091057e-03,-3.086172230541706085e-02,7.466908078640699387e-03,-4.492900625336915255e-04,-5.899502502870745957e-05
8.473482608795166016e+00,4.793690168298780918e-04,3.067961661145091057e-03,1.319923531264066696e-02,2.602426409721374512e-01,-1.630654878681525588e-05,2.932345960289239883e-04
8.475482702255249023e+00,6.711166352033615112e-04,3.451456781476736069e-03,1.319923531264066696e-02,2.602426409721374512e-01,-1.630654878681525588e-05,2.932345960289239883e-04
8.477482795715332031e+00,5.752427969127893448e-04,3.067961661145091057e-03,-1.369571685791015625e-02,1.234950870275497437e-02,2.621595631353557110e-04,3.749991301447153091e-04
8.479482889175415039e+00,5.752427969127893448e-04,3.067961661145091057e-03,-1.369571685791015625e-02,1.234950870275497437e-02,9.470633085584267974e-05,-1.052823208738118410e-04
8.481482982635498047e+00,7.669904152862727642e-04,2.684466540813446045e-03,3.065146133303642273e-02,-1.661656349897384644e-01,9.470633085584267974e-05,-1.052823208738118410e-04
8.483483076095581055e+00,6.231797160580754280e-04,3.451456781476736069e-03,-6.564874667674303055e-03,2.526670098304748535e-01,-2.801475930027663708e-04,-1.165933008451247588e-05
8.485483169555664062e+00,6.231797160580754280e-04,3.451456781476736069e-03,-6.564874667674303055e-03,2.526670098304748535e-01,-2.801475930027663708e-04,-1.165933008451247588e-05
8.487483263015747070e+00,6.711166352033615112e-04,2.300971187651157379e-03,1.990289427340030670e-03,-2.528752982616424561e-01,1.562527904752641916e-04,1.917542685987427831e-04
8.489483356475830078e+00,7.669904152862727642e-04,2.300971187651157379e-03,2.611952275037765503e-02,-2.267092019319534302e-01,5.924572178628295660e-05,-4.363108891993761063e-04
8.491483449935913086e+00,7.669904152862727642e-04,2.300971187651157379e-03,2.611952275037765503e-02,-2.267092019319534302e-01,-1.728149654809385538e-04,4.050815477967262268e-04
8.493483543395996094e+00,5.273059359751641750e-04,2.684466540813446045e-03,-3.108964674174785614e-02,-3.407595306634902954e-02,-1.728149654809385538e-04,4.050815477967262268e-04
8.495483636856079102e+00,5.752427969127893448e-04,3.067961661145091057e-03,-1.864778622984886169e-02,1.078237220644950867e-01,-2.728946565184742212e-04,1.591673790244385600e-04
8.497483730316162109e+00,5.752427969127893448e-04,3.067961661145091057e-03,-2.614087425172328949e-02,1.229498237371444702e-01,8.809351129457354546e-05,-3.196910547558218241e-04
8.499483823776245117e+00,5.273059359751641750e-04,3.067961661145091057e-03,-2.614087425172328949e-02,1.229498237371444702e-01,8.809351129457354546e-05,-3.196910547558218241e-04
8.501483917236328125e+00,5.273059359751641750e-04,2.684466540813446045e-03,-2.116755209863185883e-02,-3.902278095483779907e-02,-3.294300404377281666e-04,3.352090425323694944e-04
8.503484010696411133e+00,5.273059359751641750e-04,2.684466540813446045e-03,-2.116755209863185883e-02,-3.902278095483779907e-02,3.334327484481036663e-04,-1.136986393248662353e-04
8.505484104156494141e+00,5.273059359751641750e-04,3.067961661145091057e-03,-1.821025833487510681e-02,1.201527938246726990e-01,3.334327484481036663e-04,-1.136986393248662353e-04
8.507484197616577148e+00,5.273059359751641750e-04,3.451456781476736069e-03,-1.506574824452400208e-02,2.285742610692977905e-01,1.351207756670191884e-04,1.864038204075768590e-04
8.509484291076660156e+00,5.273059359751641750e-04,3.451456781476736069e-03,-1.506574824452400208e-02,2.285742610692977905e-01,1.351207756670191884e-04,1.864038204075768590e-04
8.511484384536743164e+00,5.752427969127893448e-04,3.067961661145091057e-03,-6.859652057755738497e-05,3.947812691330909729e-02,1.233728253282606602e-04,5.357711343094706535e-04
8.513484477996826172e+00,5.752427969127893448e-04,2.300971187651157379e-03,2.525755437090992928e-03,-3.441151380538940430e-01,9.646481339586898685e-05,-8.216406567953526974e-04
8.515484571456909180e+00,5.752427969127893448e-04,2.300971187651157379e-03,2.525755437090992928e-03,-3.441151380538940430e-01,2.124308775819372386e-05,5.157663690624758601e-05
8.517484664916992188e+00,5.273059359751641750e-04,3.067961661145091057e-03,-9.245005436241626740e-03,-7.876787334680557251e-02,2.124308775819372386e-05,5.157663690624758601e-05
8.519484758377075195e+00,6.231797160580754280e-04,2.300971187651157379e-03,1.265905331820249557e-02,-2.747509479522705078e-01,-5.135831306688487530e-04,2.406825078651309013e-04
8.521484851837158203e+00,6.231797160580754280e-04,2.300971187651157379e-03,1.265905331820249557e-02,-2.747509479522705078e-01,3.756484366022050381e-04,-2.001702814595773816e-04
8.523484945297241211e+00,5.752427969127893448e-04,3.067961661145091057e-03,-8.187832427211105824e-04,1.157223060727119446e-01,3.756484366022050381e-04,-2.001702814595773816e-04
8.525485038757324219e+00,5.273059359751641750e-04,3.451456781476736069e-03,-1.674035191535949707e-02,2.037765979766845703e-01,-4.145028360653668642e-04,2.431124885333701968e-04
8.527485132217407227e+00,5.273059359751641750e-04,3.451456781476736069e-03,-1.674035191535949707e-02,2.022074609994888306e-01,4.444874648470431566e-04,4.683599108830094337e-04
8.529485225677490234e+00,5.273059359751641750e-04,3.067961661145091057e-03,-1.902748271822929382e-02,2.022074609994888306e-01,4.444874648470431566e-04,4.683599108830094337e-04
8.531485557556152344e+00,5.752427969127893448e-04,3.067961661145091057e-03,-1.093833800405263901e-02,2.730413377285003662e-01,-1.016071255435235798e-04,-3.477165300864726305e-04
8.533485651016235352e+00,5.752427969127893448e-04,3.067961661145091057e-03,-1.093833800405263901e-02,2.730413377285003662e-01,-1.016071255435235798e-04,-3.477165300864726305e-04
8.535485744476318359e+00,6.711166352033615112e-04,2.684466540813446045e-03,1.175568532198667526e-02,2.484079077839851379e-02,1.527615677332505584e-04,-2.001161337830126286e-04
8.537485837936401367e+00,7.190534961409866810e-04,2.300971187651157379e-03,2.412516623735427856e-02,-3.075263500213623047e-01,-6.423143349820747972e-05,2.616364799905568361e-04
8.539485931396484375e+00,7.190534961409866810e-04,2.300971187651157379e-03,2.412516623735427856e-02,-3.075263500213623047e-01,-4.784131306223571301e-04,-3.331289044581353664e-04
8.541486024856567383e+00,6.231797160580754280e-04,2.684466540813446045e-03,5.215970333665609360e-03,-9.121839702129364014e-02,-4.784131306223571301e-04,-3.331289044581353664e-04
8.543486118316650391e+00,5.752427969127893448e-04,2.684466540813446045e-03,-2.261310815811157227e-03,6.175146251916885376e-02,1.779791346052661538e-04,-1.652543869568035007e-04
8.545486211776733398e+00,5.752427969127893448e-04,2.684466540813446045e-03,-2.261310815811157227e-03,6.175146251916885376e-02,2.747961116256192327e-05,4.629937466233968735e-04
8.547486305236816406e+00,5.273059359751641750e-04,3.067961661145091057e-03,-8.438184857368469238e-03,9.636037051677703857e-02,2.747961116256192327e-05,4.629937466233968735e-04
8.549486398696899414e+00,4.793690168298780918e-04,3.834952134639024734e-03,-1.496424060314893723e-02,3.201719224452972412e-01,-3.139621985610574484e-04,-2.559277636464685202e-04
8.551486492156982422e+00,4.793690168298780918e-04,3.834952134639024734e-03,-1.496424060314893723e-02,3.201719224452972412e-01,-3.139621985610574484e-04,-2.559277636464685202e-04
8.553486585617065430e+00,5.752427969127893448e-04,3.067961661145091057e-03,1.353968027979135513e-02,9.049673378467559814e-02,5.956491804681718349e-04,3.249025903642177582e-04
8.555488586425781250e+00,4.314320976845920086e-04,3.067961661145091057e-03,-1.890803873538970947e-02,3.409752994775772095e-02,-2.007432194659486413e-04,-5.124190356582403183e-04
8.557488679885864258e+00,4.314320976845920086e-04,3.067961661145091057e-03,-1.890803873538970947e-02,3.409752994775772095e-02,9.512679389445111156e-05,3.906780329998582602e-04
8.559488773345947266e+00,3.834952076431363821e-04,2.684466540813446045e-03,-3.149742633104324341e-02,-1.656538844108581543e-01,9.512679389445111156e-05,3.906780329998582602e-04
8.561488866806030273e+00,5.752427969127893448e-04,2.684466540813446045e-03,1.388011686503887177e-02,-9.576778858900070190e-02,-9.292869071941822767e-05,1.979840890271589160e-04
8.563489198684692383e+00,5.752427969127893448e-04,2.684466540813446045e-03,1.388011686503887177e-02,-9.576778858900070190e-02,1.398016902385279536e-04,1.148497394751757383e-04
8.565489292144775391e+00,5.273059359751641750e-04,2.684466540813446045e-03,7.622155826538801193e-04,-1.271120011806488037e-01,1.398016902385279536e-04,1.148497394751757383e-04
8.567489385604858398e+00,5.752427969127893448e-04,2.684466540813446045e-03,7.317940238863229752e-03,-1.420335024595260620e-01,-4.071395378559827805e-04,2.259372377011459321e-05
8.569489479064941406e+00,5.752427969127893448e-04,2.684466540813446045e-03,7.317940238863229752e-03,-1.420335024595260620e-01,-4.071395378559827805e-04,2.259372377011459321e-05
8.571489572525024414e+00,5.273059359751641750e-04,2.684466540813446045e-03,-9.664651937782764435e-03,-1.705033779144287109e-01,4.668001784011721611e-04,2.886016154661774635e-04
8.573489665985107422e+00,5.752427969127893448e-04,2.300971187651157379e-03,-2.932945033535361290e-03,-1.978838145732879639e-01,-1.964705297723412514e-04,-4.059596540173515677e-05
8.575489997863769531e+00,5.752427969127893448e-04,2.300971187651157379e-03,5.189196765422821045e-02,-3.537101671099662781e-02,-1.247511590918293223e-05,8.393181815335992724e-06
8.577490091323852539e+00,8.149273344315588474e-04,2.684466540813446045e-03,5.189196765422821045e-02,-3.537101671099662781e-02,-1.247511590918293223e-05,8.393181815335992724e-06
8.579490184783935547e+00,6.711166352033615112e-04,2.300971187651157379e-03,1.517321169376373291e-02,-1.839577704668045044e-01,1.649340265430510044e-04,9.104292257688939571e-05
8.581490278244018555e+00,6.711166352033615112e-04,2.300971187651157379e-03,1.517321169376373291e-02,-1.839577704668045044e-01,-4.431307606864720583e-04,1.877928298199549317e-04
8.583490371704101562e+00,5.752427969127893448e-04,3.067961661145091057e-03,-9.588337503373622894e-03,1.635379493236541748e-01,-4.431307606864720583e-04,1.877928298199549317e-04
8.585490465164184570e+00,5.273059359751641750e-04,2.684466540813446045e-03,-1.894004642963409424e-02,-3.705531358718872070e-02,-4.679630801547318697e-04,6.002408917993307114e-04
8.587490558624267578e+00,5.273059359751641750e-04,2.684466540813446045e-03,-1.894004642963409424e-02,-3.705531358718872070e-02,-4.679630801547318697e-04,6.002408917993307114e-04
8.589490652084350586e+00,6.231797160580754280e-04,2.300971187651157379e-03,6.015663500875234604e-03,-2.079040855169296265e-01,-1.968010765267536044e-04,-1.684874732745811343e-04
8.591490745544433594e+00,5.752427969127893448e-04,4.218447487801313400e-03,-3.983257804065942764e-03,6.350670456886291504e-01,3.551900445017963648e-04,-2.226139622507616878e-04
8.593490839004516602e+00,5.752427969127893448e-04,4.218447487801313400e-03,-3.983257804065942764e-03,6.350670456886291504e-01,3.551900445017963648e-04,-2.226139622507616878e-04
8.595490932464599609e+00,5.273059359751641750e-04,3.834952134639024734e-03,-1.325246598571538925e-02,4.695482254028320312e-01,-3.982938942499458790e-04,-1.160868487204425037e-04
8.597491025924682617e+00,5.752427969127893448e-04,3.067961661145091057e-03,-4.009839612990617752e-04,1.663097366690635681e-02,-2.060715451079886407e-05,-5.398492212407290936e-04
8.599491119384765625e+00,5.752427969127893448e-04,3.067961661145091057e-03,-4.009839612990617752e-04,1.663097366690635681e-02,1.176668956759385765e-04,4.050691786687821150e-04
8.601491212844848633e+00,4.793690168298780918e-04,2.684466540813446045e-03,-2.450505457818508148e-02,-1.329292953014373779e-01,1.176668956759385765e-04,4.050691786687821150e-04
8.603491306304931641e+00,4.793690168298780918e-04,3.067961661145091057e-03,-9.921712335199117661e-04,1.245877295732498169e-01,2.755176683422178030e-04,-3.539230237947776914e-05
8.605491399765014648e+00,4.793690168298780918e-04,3.067961661145091057e-03,-9.921712335199117661e-04,1.245877295732498169e-01,-2.409711451036855578e-04,-4.299492138670757413e-05
8.607491731643676758e+00,5.273059359751641750e-04,2.300971187651157379e-03,-4.208117257803678513e-03,-1.827090084552764893e-01,-2.409711451036855578e-04,-4.299492138670757413e-05
8.609491825103759766e+00,5.752427969127893448e-04,1.917476067319512367e-03,-6.761796772480010986e-03,-3.405098319053649902e-01,-9.001801663544028997e-05,1.172837655758485198e-04
8.611491918563842773e+00,5.752427969127893448e-04,1.917476067319512367e-03,-6.761796772480010986e-03,-3.405098319053649902e-01,-9.001801663544028997e-05,1.172837655758485198e-04
8.613492012023925781e+00,5.273059359751641750e-04,2.300971187651157379e-03,-2.327769622206687927e-02,-2.935881018638610840e-01,-1.570644235471263528e-04,3.689475415740162134e-04
8.615492343902587891e+00,7.190534961409866810e-04,2.684466540813446045e-03,2.114236541092395782e-02,1.199343241751194000e-02,-1.024205994326621294e-04,-3.557822492439299822e-05
8.617492437362670898e+00,7.190534961409866810e-04,2.684466540813446045e-03,2.114236541092395782e-02,1.199343241751194000e-02,-5.943017185927601531e-06,2.879408566514030099e-05
8.619492530822753906e+00,7.190534961409866810e-04,4.218447487801313400e-03,2.029103413224220276e-02,6.844655871391296387e-01,-5.943017185927601531e-06,2.879408566514030099e-05
8.621492624282836914e+00,6.231797160580754280e-04,3.067961661145091057e-03,-4.271486308425664902e-03,1.061050593852996826e-01,9.019817662192508578e-05,-1.488161360612139106e-04
8.623492717742919922e+00,6.231797160580754280e-04,3.067961661145091057e-03,-4.271486308425664902e-03,1.061050593852996826e-01,1.690964381850790232e-05,-1.552609173813834786e-04
8.625492811203002930e+00,7.190534961409866810e-04,3.451456781476736069e-03,1.858036033809185028e-02,2.988299131393432617e-01,1.690964381850790232e-05,-1.552609173813834786e-04
8.627492904663085938e+00,7.190534961409866810e-04,3.067961661145091057e-03,1.834752224385738373e-02,2.696547657251358032e-02,1.369840756524354219e-04,5.055087967775762081e-04
8.629492998123168945e+00,7.190534961409866810e-04,3.067961661145091057e-03,-2.709258720278739929e-02,-5.238200724124908447e-02,-8.850262383930385113e-05,9.675852197688072920e-05
8.631727695465087891e+00,5.273059359751641750e-04,2.684466540813446045e-03,-2.709258720278739929e-02,-5.238200724124908447e-02,-8.850262383930385113e-05,9.675852197688072920e-05
8.633727788925170898e+00,6.231797160580754280e-04,2.300971187651157379e-03,-3.571284702047705650e-03,-2.068917453289031982e-01,-9.922707249643281102e-05,-2.526535245124250650e-04
8.635727882385253906e+00,6.231797160580754280e-04,2.300971187651157379e-03,-1.980021595954895020e-03,-1.281484961509704590e-01,1.543349935673177242e-04,-7.662889402126893401e-05
8.637727975845336914e+00,6.231797160580754280e-04,2.684466540813446045e-03,-1.980021595954895020e-03,-1.281484961509704590e-01,1.543349935673177242e-04,-7.662889402126893401e-05
8.639728069305419922e+00,6.231797160580754280e-04,3.067961661145091057e-03,7.158023072406649590e-05,2.476541511714458466e-02,-9.457693522563204169e-05,9.921169839799404144e-05
8.641728162765502930e+00,6.231797160580754280e-04,3.067961661145091057e-03,1.705452334135770798e-03,3.950383663177490234e-01,-4.296233601053245366e-05,4.287626070436090231e-04
8.643728733062744141e+00,6.231797160580754280e-04,3.834952134639024734e-03,1.705452334135770798e-03,3.950383663177490234e-01,-4.296233601053245366e-05,4.287626070436090231e-04
8.645728826522827148e+00,6.711166352033615112e-04,2.300971187651157379e-03,1.417469512671232224e-02,-2.939178049564361572e-01,4.930237191729247570e-04,1.854397123679518700e-04
8.647728919982910156e+00,6.711166352033615112e-04,2.300971187651157379e-03,1.371483411639928818e-02,-4.272086620330810547e-01,-9.524988126941025257e-05,5.271083209663629532e-04
8.649729251861572266e+00,6.711166352033615112e-04,1.917476067319512367e-03,1.371483411639928818e-02,-4.272086620330810547e-01,-9.524988126941025257e-05,5.271083209663629532e-04
8.651729345321655273e+00,7.669904152862727642e-04,3.834952134639024734e-03,3.767146542668342590e-02,3.880536258220672607e-01,2.118526317644864321e-04,-5.442427936941385269e-04
8.653729438781738281e+00,7.669904152862727642e-04,3.834952134639024734e-03,5.062926560640335083e-03,6.551206707954406738e-01,1.052251809596782550e-05,-1.200564365717582405e-04
8.655729532241821289e+00,6.231797160580754280e-04,4.218447487801313400e-03,5.062926560640335083e-03,6.551206707954406738e-01,1.052251809596782550e-05,-1.200564365717582405e-04
8.657729864120483398e+00,5.273059359751641750e-04,3.451456781476736069e-03,-1.895892247557640076e-02,2.436517924070358276e-01,6.631336873397231102e-05,-3.884143661707639694e-04
8.659729957580566406e+00,5.273059359751641750e-04,3.451456781476736069e-03,2.068753121420741081e-03,-4.469273090362548828e-01,4.904928573523648083e-05,1.557794748805463314e-04
8.661730051040649414e+00,6.231797160580754280e-04,1.917476067319512367e-03,2.068753121420741081e-03,-4.469273090362548828e-01,4.904928573523648083e-05,1.557794748805463314e-04
8.663730144500732422e+00,5.752427969127893448e-04,2.684466540813446045e-03,-1.077268179506063461e-02,-1.161437928676605225e-01,-2.316106692887842655e-04,-1.841136690927669406e-04
8.665730237960815430e+00,5.752427969127893448e-04,2.684466540813446045e-03,-1.265687984414398670e-03,-2.743963301181793213e-01,1.560636592330411077e-04,3.103804192505776882e-04
8.667730331420898438e+00,6.231797160580754280e-04,2.300971187651157379e-03,-1.265687984414398670e-03,-2.743963301181793213e-01,1.560636592330411077e-04,3.103804192505776882e-04
8.669730424880981445e+00,7.190534961409866810e-04,2.300971187651157379e-03,1.917243935167789459e-02,-2.573671042919158936e-01,-3.390287020010873675e-05,3.840280696749687195e-04
8.671730518341064453e+00,7.190534961409866810e-04,2.300971187651157379e-03,2.762930095195770264e-02,3.192252516746520996e-01,1.574083435116335750e-04,-1.271773157895950135e-06
8.673730611801147461e+00,7.669904152862727642e-04,3.451456781476736069e-03,2.762930095195770264e-02,3.192252516746520996e-01,1.574083435116335750e-04,-1.271773157895950135e-06
8.675730705261230469e+00,8.628641953691840172e-04,2.684466540813446045e-03,5.042174831032752991e-02,-1.480315923690795898e-01,-7.038895273581147194e-05,1.172619959106668830e-04
8.677730798721313477e+00,8.628641953691840172e-04,2.684466540813446045e-03,5.042174831032752991e-02,-1.480315923690795898e-01,9.461556328460574150e-05,4.455138114280998707e-04
8.679730892181396484e+00,7.669904152862727642e-04,2.300971187651157379e-03,2.606107667088508606e-02,-2.083511203527450562e-01,9.461556328460574150e-05,4.455138114280998707e-04
8.681731224060058594e+00,6.711166352033615112e-04,1.917476067319512367e-03,4.745625425130128860e-03,-3.413928747177124023e-01,-1.961402012966573238e-04,-2.762820513453334570e-04
8.683731317520141602e+00,6.711166352033615112e-04,1.917476067319512367e-03,1.671331375837326050e-02,1.820523589849472046e-01,-6.335267244139686227e-05,-3.535282739903777838e-04
8.685731410980224609e+00,7.190534961409866810e-04,3.451456781476736069e-03,1.671331375837326050e-02,1.820523589849472046e-01,-6.335267244139686227e-05,-3.535282739903777838e-04
8.687731742858886719e+00,7.669904152862727642e-04,3.451456781476736069e-03,3.439932316541671753e-02,2.162228822708129883e-01,4.718169293482787907e-05,3.765109286177903414e-04
8.689731836318969727e+00,7.669904152862727642e-04,3.451456781476736069e-03,3.439932316541671753e-02,2.162228822708129883e-01,2.066249580821022391e-04,2.261808258481323719e-04
8.691732168197631836e+00,5.752427969127893448e-04,3.451456781476736069e-03,-6.683665327727794647e-03,2.237814962863922119e-01,2.066249580821022391e-04,2.261808258481323719e-04
8.693732261657714844e+00,5.273059359751641750e-04,3.067961661145091057e-03,-1.454998832195997238e-02,6.726820021867752075e-02,4.149851738475263119e-04,2.854223712347447872e-04
8.695732355117797852e+00,5.273059359751641750e-04,3.067961661145091057e-03,1.232884009368717670e-03,-5.069624781608581543e-01,-3.401035064598545432e-05,3.539098088367609307e-06
8.697732686996459961e+00,5.752427969127893448e-04,1.917476067319512367e-03,1.232884009368717670e-03,-5.069624781608581543e-01,-3.401035064598545432e-05,3.539098088367609307e-06
8.699732780456542969e+00,8.628641953691840172e-04,3.451456781476736069e-03,7.370278239250183105e-02,2.340431660413742065e-01,1.162329863291233778e-04,1.014017379930010065e-05
8.701732873916625977e+00,8.628641953691840172e-04,3.451456781476736069e-03,-6.561780814081430435e-03,-1.016125828027725220e-01,-4.656739474739879370e-04,-2.806478587444871664e-04
8.703732967376708984e+00,5.273059359751641750e-04,2.684466540813446045e-03,-6.561780814081430435e-03,-1.016125828027725220e-01,-4.656739474739879370e-04,-2.806478587444871664e-04
8.705733060836791992e+00,7.190534961409866810e-04,3.067961661145091057e-03,3.988415747880935669e-02,5.133787915110588074e-02,-2.446482540108263493e-04,-2.447401639074087143e-04
8.707733154296875000e+00,7.190534961409866810e-04,3.067961661145091057e-03,-1.698174327611923218e-02,-2.888260185718536377e-01,3.790579794440418482e-04,4.595923746819607913e-05
8.709733247756958008e+00,4.793690168298780918e-04,2.300971187651157379e-03,-1.698174327611923218e-02,-2.888260185718536377e-01,3.790579794440418482e-04,4.595923746819607913e-05
8.711733341217041016e+00,4.793690168298780918e-04,2.684466540813446045e-03,-1.754459738731384277e-02,-1.266292184591293335e-01,8.499086834490299225e-05,-1.633189531276002526e-04
8.713733434677124023e+00,4.793690168298780918e-04,2.684466540813446045e-03,-3.093759901821613312e-02,-3.297581374645233154e-01,5.597734707407653332e-04,5.393152241595089436e-04
8.715733528137207031e+00,4.314320976845920086e-04,2.300971187651157379e-03,-3.093759901821613312e-02,-3.297581374645233154e-01,5.597734707407653332e-04,5.393152241595089436e-04
8.717733621597290039e+00,4.793690168298780918e-04,2.684466540813446045e-03,-2.078584581613540649e-02,-1.246252134442329407e-01,8.873164188116788864e-05,2.187688223784789443e-04
8.719733715057373047e+00,4.793690168298780918e-04,2.684466540813446045e-03,-1.323937717825174332e-02,-2.012472003698348999e-01,2.747323887888342142e-04,-4.208795435260981321e-04
8.721734046936035156e+00,5.273059359751641750e-04,2.300971187651157379e-03,-1.323937717825174332e-02,-2.012472003698348999e-01,2.747323887888342142e-04,-4.208795435260981321e-04
8.723734140396118164e+00,6.711166352033615112e-04,1.917476067319512367e-03,1.411408744752407074e-02,-3.459298610687255859e-01,-9.744535782374441624e-05,6.836312968516722322e-05
8.725734233856201172e+00,6.711166352033615112e-04,1.917476067319512367e-03,2.217421494424343109e-02,2.965900897979736328e-01,1.909553684527054429e-04,3.375909291207790375e-04
8.727734327316284180e+00,7.190534961409866810e-04,3.067961661145091057e-03,2.217421494424343109e-02,2.965900897979736328e-01,1.909553684527054429e-04,3.375909291207790375e-04
8.729734420776367188e+00,7.669904152862727642e-04,2.300971187651157379e-03,3.332785889506340027e-02,-1.704840362071990967e-01,-3.239052603021264076e-05,-2.312065917067229748e-04
8.731734514236450195e+00,7.669904152862727642e-04,2.300971187651157379e-03,3.644922375679016113e-02,2.983586192131042480e-01,2.847856376320123672e-04,-9.369959298055619001e-05
8.733734607696533203e+00,7.669904152862727642e-04,3.451456781476736069e-03,3.644922375679016113e-02,2.983586192131042480e-01,2.847856376320123672e-04,-9.369959298055619001e-05
8.735734701156616211e+00,5.752427969127893448e-04,3.834952134639024734e-03,-3.575904993340373039e-03,6.147655248641967773e-01,-4.947320558130741119e-04,-2.371337031945586205e-04
8.737735033035278320e+00,5.752427969127893448e-04,3.834952134639024734e-03,-2.327583543956279755e-02,-1.282429248094558716e-01,-8.467741281492635608e-05,-2.878617669921368361e-04
8.739791870117187500e+00,5.273059359751641750e-04,2.684466540813446045e-03,-2.327583543956279755e-02,-1.282429248094558716e-01,-8.467741281492635608e-05,-2.878617669921368361e-04
8.741791963577270508e+00,4.314320976845920086e-04,3.451456781476736069e-03,-2.861549519002437592e-02,2.536105811595916748e-01,1.276191778742941096e-05,-1.033127307891845703e-03
8.743792057037353516e+00,4.314320976845920086e-04,3.451456781476736069e-03,-3.585229814052581787e-02,2.263200730085372925e-01,2.085580199491232634e-04,-1.513825118308886886e-04
8.745792627334594727e+00,3.834952076431363821e-04,3.451456781476736069e-03,-3.585229814052581787e-02,2.263200730085372925e-01,2.085580199491232634e-04,-1.513825118308886886e-04
8.747792720794677734e+00,5.752427969127893448e-04,3.067961661145091057e-03,1.238543633371591568e-02,-7.842573523521423340e-02,-4.937888006679713726e-04,-4.785335841006599367e-05
8.749792814254760742e+00,5.752427969127893448e-04,3.067961661145091057e-03,-1.111776661127805710e-02,-4.967105984687805176e-01,6.058392682461999357e-05,2.957864198833703995e-04
8.751792907714843750e+00,4.793690168298780918e-04,1.917476067319512367e-03,-1.111776661127805710e-02,-4.967105984687805176e-01,6.058392682461999357e-05,2.957864198833703995e-04
8.753793001174926758e+00,5.752427969127893448e-04,2.684466540813446045e-03,9.789786301553249359e-03,-9.256887435913085938e-02,8.651130337966606021e-05,-6.149660912342369556e-04
8.755793094635009766e+00,5.752427969127893448e-04,2.684466540813446045e-03,5.370735749602317810e-02,1.355173438787460327e-01,-4.344826083979569376e-05,-1.995364145841449499e-04
8.757793188095092773e+00,7.669904152862727642e-04,3.067961661145091057e-03,5.370735749602317810e-02,1.355173438787460327e-01,-4.344826083979569376e-05,-1.995364145841449499e-04
8.759793281555175781e+00,5.752427969127893448e-04,3.067961661145091057e-03,3.535362891852855682e-03,1.475800424814224243e-01,-6.542007031384855509e-05,2.596006670501083136e-04
8.761793375015258789e+00,5.752427969127893448e-04,3.067961661145091057e-03,-1.547157880850136280e-03,-3.448580801486968994e-01,2.720568736549466848e-04,-1.326834608335047960e-04
8.763809919357299805e+00,5.752427969127893448e-04,1.917476067319512367e-03,-1.547157880850136280e-03,-3.448580801486968994e-01,2.720568736549466848e-04,-1.326834608335047960e-04
8.765810012817382812e+00,7.190534961409866810e-04,2.300971187651157379e-03,2.691272646188735962e-02,-1.701542735099792480e-01,-1.274955575354397297e-04,2.363161911489441991e-04
8.767810344696044922e+00,5.273059359751641750e-04,1.917476067319512367e-03,-2.191385813057422638e-02,-3.914429247379302979e-01,-7.413728599203750491e-05,-2.171486121369525790e-04
8.769810438156127930e+00,5.273059359751641750e-04,1.917476067319512367e-03,-2.191385813057422638e-02,-3.914429247379302979e-01,-7.413728599203750491e-05,-2.171486121369525790e-04
8.771810531616210938e+00,6.711166352033615112e-04,3.067961661145091057e-03,1.294378191232681274e-02,1.673476397991180420e-01,-1.700346474535763264e-04,-1.960756344487890601e-04
8.773810625076293945e+00,4.793690168298780918e-04,2.300971187651157379e-03,-3.301123157143592834e-02,-2.242104113101959229e-01,-1.455896417610347271e-04,1.297142152907326818e-04
8.775810956954956055e+00,4.793690168298780918e-04,2.300971187651157379e-03,-3.301123157143592834e-02,-2.242104113101959229e-01,-1.455896417610347271e-04,1.297142152907326818e-04
8.777811050415039062e+00,6.711166352033615112e-04,2.684466540813446045e-03,1.458386890590190887e-02,-5.357217416167259216e-02,1.291183143621310592e-04,1.552157773403450847e-04
8.779811143875122070e+00,6.711166352033615112e-04,2.684466540813446045e-03,-4.299100115895271301e-02,2.066242694854736328e-01,-4.893397563137114048e-04,-1.534849434392526746e-04
8.781811237335205078e+00,4.314320976845920086e-04,3.451456781476736069e-03,-4.299100115895271301e-02,2.066242694854736328e-01,-4.893397563137114048e-04,-1.534849434392526746e-04
8.783811330795288086e+00,6.231797160580754280e-04,3.067961661145091057e-03,5.588203202933073044e-03,1.272617839276790619e-02,-9.896976553136482835e-05,-3.998180181952193379e-05
8.785811424255371094e+00,6.231797160580754280e-04,3.067961661145091057e-03,-2.239075023680925369e-03,2.153426259756088257e-01,7.644268771400675178e-05,-4.237825633026659489e-04
8.787811517715454102e+00,5.752427969127893448e-04,3.451456781476736069e-03,-2.239075023680925369e-03,2.153426259756088257e-01,7.644268771400675178e-05,-4.237825633026659489e-04
8.789811611175537109e+00,5.752427969127893448e-04,3.834952134639024734e-03,-1.457744801882654428e-04,3.730214536190032959e-01,3.035810077562928200e-04,1.692694931989535689e-04
8.791811943054199219e+00,5.752427969127893448e-04,3.834952134639024734e-03,2.132405526936054230e-02,-2.000274807214736938e-01,2.563286107033491135e-04,-8.558321860618889332e-05
8.793812036514282227e+00,6.711166352033615112e-04,2.684466540813446045e-03,2.132405526936054230e-02,-2.000274807214736938e-01,2.563286107033491135e-04,-8.558321860618889332e-05
8.795812129974365234e+00,4.793690168298780918e-04,2.684466540813446045e-03,-2.969227172434329987e-02,-1.486612409353256226e-01,-4.268935008440166712e-04,1.552518951939418912e-04
8.797812223434448242e+00,4.793690168298780918e-04,2.684466540813446045e-03,2.406816784059628844e-04,1.614276878535747528e-02,-3.539050521794706583e-05,5.894152127439156175e-05
8.799812316894531250e+00,6.231797160580754280e-04,3.067961661145091057e-03,2.406816784059628844e-04,1.614276878535747528e-02,-3.539050521794706583e-05,5.894152127439156175e-05
8.801812410354614258e+00,7.669904152862727642e-04,2.300971187651157379e-03,2.794981561601161957e-02,-2.458165585994720459e-01,1.676337706157937646e-04,7.634925714228302240e-05
8.803812503814697266e+00,7.669904152862727642e-04,2.300971187651157379e-03,8.573093451559543610e-03,-2.265355885028839111e-01,-7.130923040676862001e-05,-1.363582559861242771e-04
8.805812597274780273e+00,7.190534961409866810e-04,2.300971187651157379e-03,8.573093451559543610e-03,-2.265355885028839111e-01,-7.130923040676862001e-05,-1.363582559861242771e-04
8.807812690734863281e+00,9.108011145144701004e-04,2.684466540813446045e-03,4.925471171736717224e-02,-1.623567193746566772e-01,-4.619026367436163127e-05,-1.464385277358815074e-04
8.809812784194946289e+00,9.108011145144701004e-04,2.684466540813446045e-03,5.521120503544807434e-02,-2.405446022748947144e-01,-4.173100169282406569e-04,-3.957911394536495209e-04
8.811812877655029297e+00,9.587380336597561836e-04,2.300971187651157379e-03,5.521120503544807434e-02,-2.405446022748947144e-01,-4.173100169282406569e-04,-3.957911394536495209e-04
8.813812971115112305e+00,6.711166352033615112e-04,4.218447487801313400e-03,-1.977638341486454010e-02,6.782358288764953613e-01,3.000751021318137646e-04,3.890759544447064400e-04
8.815813064575195312e+00,6.711166352033615112e-04,4.218447487801313400e-03,2.185473218560218811e-03,3.254342675209045410e-01,-1.087823256966657937e-04,5.209294249652884901e-05
8.817813158035278320e+00,9.108011145144701004e-04,3.451456781476736069e-03,2.185473218560218811e-03,3.254342675209045410e-01,-1.087823256966657937e-04,5.209294249652884901e-05
8.819813251495361328e+00,8.149273344315588474e-04,2.300971187651157379e-03,1.535324007272720337e-02,-2.332660555839538574e-01,-3.501961182337254286e-04,-6.108574452809989452e-04
8.821813583374023438e+00,8.149273344315588474e-04,2.300971187651157379e-03,-6.483627483248710632e-03,1.818406283855438232e-01,1.459709801565622911e-05,6.403084844350814819e-04
8.823814153671264648e+00,7.190534961409866810e-04,3.067961661145091057e-03,-6.483627483248710632e-03,1.818406283855438232e-01,1.459709801565622911e-05,6.403084844350814819e-04
8.825814247131347656e+00,7.669904152862727642e-04,2.684466540813446045e-03,8.903387002646923065e-03,-8.805785328149795532e-02,-1.062568117049522698e-04,-3.028831270057708025e-04
8.827814340591430664e+00,7.669904152862727642e-04,2.684466540813446045e-03,-5.082993302494287491e-04,-5.480998754501342773e-01,-3.622239164542406797e-04,-1.424849033355712891e-04
8.829814434051513672e+00,7.190534961409866810e-04,1.917476067319512367e-03,-5.082993302494287491e-04,-5.480998754501342773e-01,-3.622239164542406797e-04,-1.424849033355712891e-04
8.831814527511596680e+00,5.752427969127893448e-04,3.067961661145091057e-03,-3.271372243762016296e-02,6.063487846404314041e-03,-2.227142394986003637e-04,6.321711116470396519e-04
8.833814620971679688e+00,5.752427969127893448e-04,3.067961661145091057e-03,-5.395538359880447388e-02,-2.903601340949535370e-02,-3.534031566232442856e-04,-7.408190285786986351e-04
8.835814714431762695e+00,4.793690168298780918e-04,3.067961661145091057e-03,-5.395538359880447388e-02,-2.903601340949535370e-02,-3.534031566232442856e-04,-7.408190285786986351e-04
8.837814807891845703e+00,8.628641953691840172e-04,2.684466540813446045e-03,4.117202386260032654e-02,-2.004133462905883789e-01,-1.594271307112649083e-04,3.830606292467564344e-04
8.839814901351928711e+00,5.752427969127893448e-04,3.451456781476736069e-03,-2.929643355309963226e-02,1.426986604928970337e-01,6.183223740663379431e-05,-1.110845914809033275e-04
8.841814994812011719e+00,5.752427969127893448e-04,3.451456781476736069e-03,-2.929643355309963226e-02,1.426986604928970337e-01,6.183223740663379431e-05,-1.110845914809033275e-04
8.843815088272094727e+00,7.190534961409866810e-04,2.300971187651157379e-03,3.527996130287647247e-03,-3.739655911922454834e-01,1.740015250106807798e-05,6.719788070768117905e-04
8.845815181732177734e+00,6.711166352033615112e-04,2.684466540813446045e-03,-9.917462244629859924e-03,-9.002162516117095947e-02,-4.678206169046461582e-04,-2.219054731540381908e-04
8.847815275192260742e+00,6.711166352033615112e-04,2.684466540813446045e-03,-9.917462244629859924e-03,-9.002162516117095947e-02,-4.678206169046461582e-04,-2.219054731540381908e-04
8.849815368652343750e+00,9.108011145144701004e-04,2.684466540813446045e-03,4.479156062006950378e-02,-8.471762388944625854e-02,3.017336421180516481e-04,1.338651509286137298e-05
8.851815462112426758e+00,9.108011145144701004e-04,2.684466540813446045e-03,1.197986211627721786e-02,2.440776973962783813e-01,1.038491900544613600e-04,-4.141527460888028145e-04
8.853815793991088867e+00,7.669904152862727642e-04,3.451456781476736069e-03,1.197986211627721786e-02,2.440776973962783813e-01,1.038491900544613600e-04,-4.141527460888028145e-04
8.855815887451171875e+00,7.190534961409866810e-04,2.684466540813446045e-03,5.909517640247941017e-04,-1.274458020925521851e-01,-2.922400308307260275e-04,5.926363519392907619e-05
8.857815980911254883e+00,5.752427969127893448e-04,3.451456781476736069e-03,-2.962953969836235046e-02,3.150318264961242676e-01,5.335535388439893723e-04,-3.506483335513621569e-04
8.859816312789916992e+00,5.752427969127893448e-04,3.451456781476736069e-03,-2.962953969836235046e-02,3.150318264961242676e-01,5.335535388439893723e-04,-3.506483335513621569e-04
8.861816406250000000e+00,5.752427969127893448e-04,3.067961661145091057e-03,-2.461657673120498657e-02,1.264928281307220459e-01,-2.299010084243491292e-04,-2.136936527676880360e-04
8.863816499710083008e+00,5.752427969127893448e-04,3.067961661145091057e-03,-5.932076368480920792e-03,3.065262436866760254e-01,-5.801519728265702724e-05,3.837649728666292503e-06
8.865816593170166016e+00,6.231797160580754280e-04,3.451456781476736069e-03,-1.237530447542667389e-02,9.330838173627853394e-02,-2.683734637685120106e-04,-2.694690774660557508e-04
8.867923498153686523e+00,5.752427969127893448e-04,3.067961661145091057e-03,-1.237530447542667389e-02,9.330838173627853394e-02,-2.683734637685120106e-04,-2.694690774660557508e-04
8.869923591613769531e+00,4.793690168298780918e-04,2.300971187651157379e-03,-2.797056548297405243e-02,-2.652302384376525879e-01,-1.698396663414314389e-04,1.185770961456000805e-04
8.871923685073852539e+00,4.793690168298780918e-04,2.300971187651157379e-03,-2.797056548297405243e-02,-2.652302384376525879e-01,-1.698396663414314389e-04,1.185770961456000805e-04
8.873923778533935547e+00,5.752427969127893448e-04,2.684466540813446045e-03,2.704695798456668854e-04,-1.028428897261619568e-01,1.620578404981642962e-04,3.822775033768266439e-04
8.875923871994018555e+00,5.273059359751641750e-04,2.300971187651157379e-03,-6.650628987699747086e-03,-2.150761485099792480e-01,-6.712597678415477276e-04,2.198033325839787722e-04
8.877923965454101562e+00,5.273059359751641750e-04,2.300971187651157379e-03,-6.650628987699747086e-03,-2.150761485099792480e-01,-6.712597678415477276e-04,2.198033325839787722e-04
8.879924058914184570e+00,5.752427969127893448e-04,3.067961661145091057e-03,5.635505542159080505e-03,1.117523759603500366e-01,-1.898511109175160527e-04,5.134257371537387371e-04
8.881924152374267578e+00,8.149273344315588474e-04,3.067961661145091057e-03,6.161852553486824036e-02,8.969245105981826782e-02,1.705717586446553469e-04,5.898541421629488468e-04
8.883924245834350586e+00,8.149273344315588474e-04,3.067961661145091057e-03,6.161852553486824036e-02,8.969245105981826782e-02,1.705717586446553469e-04,5.898541421629488468e-04
8.885924339294433594e+00,5.752427969127893448e-04,3.067961661145091057e-03,1.462460262700915337e-03,2.560510337352752686e-01,1.912608131533488631e-04,-6.290712044574320316e-04
8.887924432754516602e+00,6.231797160580754280e-04,3.067961661145091057e-03,9.522809647023677826e-03,1.396704465150833130e-01,9.131558908848091960e-05,-5.422452886705286801e-06
8.889924526214599609e+00,6.231797160580754280e-04,3.067961661145091057e-03,9.522809647023677826e-03,1.396704465150833130e-01,9.131558908848091960e-05,-5.422452886705286801e-06
8.891924619674682617e+00,5.752427969127893448e-04,3.451456781476736069e-03,-4.888727329671382904e-03,3.534463346004486084e-01,-1.299281721003353596e-04,5.827004788443446159e-04
8.893924713134765625e+00,5.752427969127893448e-04,3.451456781476736069e-03,-5.801382474601268768e-03,3.818851709365844727e-01,7.300414290511980653e-05,-2.775034809019416571e-04
8.895924806594848633e+00,5.752427969127893448e-04,3.451456781476736069e-03,-5.801382474601268768e-03,3.818851709365844727e-01,7.300414290511980653e-05,-2.775034809019416571e-04
8.897924900054931641e+00,7.669904152862727642e-04,3.451456781476736069e-03,4.135273396968841553e-02,4.454206228256225586e-01,-3.747797381947748363e-05,-2.227286895504221320e-04
8.899924993515014648e+00,5.752427969127893448e-04,2.684466540813446045e-03,-2.380321035161614418e-03,-4.983985796570777893e-02,2.450812025927007198e-04,2.338846825296059251e-04
8.901925086975097656e+00,5.752427969127893448e-04,2.684466540813446045e-03,-2.380321035161614418e-03,-4.983985796570777893e-02,2.450812025927007198e-04,2.338846825296059251e-04
8.903925180435180664e+00,5.273059359751641750e-04,2.300971187651157379e-03,-1.029463764280080795e-02,-2.324806004762649536e-01,2.841734612957225181e-06,-4.942788509652018547e-04
8.905925273895263672e+00,3.834952076431363821e-04,3.067961661145091057e-03,-3.738299757242202759e-02,1.635661870241165161e-01,1.559675874887034297e-04,-3.128139942418783903e-04
8.907925367355346680e+00,3.834952076431363821e-04,3.067961661145091057e-03,-3.738299757242202759e-02,1.635661870241165161e-01,1.559675874887034297e-04,-3.128139942418783903e-04
8.909925460815429688e+00,4.314320976845920086e-04,2.300971187651157379e-03,-1.724682748317718506e-02,-2.378453910350799561e-01,5.821611193823628128e-05,2.061840859823860228e-05
8.911925554275512695e+00,2.876213984563946724e-04,2.684466540813446045e-03,-4.570290073752403259e-02,-5.065618455410003662e-02,-6.021928493282757699e-05,2.465960569679737091e-04
8.913925647735595703e+00,2.876213984563946724e-04,2.684466540813446045e-03,-4.570290073752403259e-02,-5.065618455410003662e-02,-6.021928493282757699e-05,2.465960569679737091e-04
8.915925741195678711e+00,5.273059359751641750e-04,3.451456781476736069e-03,1.843199506402015686e-02,2.876467704772949219e-01,7.082347292453050613e-05,4.435403097886592150e-04
8.917925834655761719e+00,4.314320976845920086e-04,3.451456781476736069e-03,-3.321897005662322044e-03,2.706333994865417480e-01,-3.134889120701700449e-04,-3.409649943932890892e-04
8.919925928115844727e+00,4.314320976845920086e-04,3.451456781476736069e-03,-3.321897005662322044e-03,2.706333994865417480e-01,-3.134889120701700449e-04,-3.409649943932890892e-04
8.921926021575927734e+00,5.273059359751641750e-04,2.684466540813446045e-03,2.118492126464843750e-02,-1.052303686738014221e-01,-1.771917450241744518e-04,3.093669947702437639e-04
8.923926115036010742e+00,4.793690168298780918e-04,2.300971187651157379e-03,6.440097931772470474e-03,-2.158232778310775757e-01,2.532993967179208994e-04,4.880460983258672059e-05
8.925926208496093750e+00,4.793690168298780918e-04,2.300971187651157379e-03,6.440097931772470474e-03,-2.158232778310775757e-01,2.532993967179208994e-04,4.880460983258672059e-05
8.927926301956176758e+00,4.793690168298780918e-04,3.067961661145091057e-03,3.090488258749246597e-03,1.287434250116348267e-01,-1.830603869166225195e-04,5.242448241915553808e-05
8.929926395416259766e+00,4.314320976845920086e-04,2.684466540813446045e-03,-1.494548656046390533e-02,-1.042826473712921143e-02,1.432641874998807907e-04,3.965247597079724073e-04
8.931938171386718750e+00,4.314320976845920086e-04,2.684466540813446045e-03,-1.494548656046390533e-02,-1.042826473712921143e-02,1.432641874998807907e-04,3.965247597079724073e-04
8.933938503265380859e+00,6.711166352033615112e-04,1.917476067319512367e-03,3.599168732762336731e-02,-3.755199313163757324e-01,-4.305762922740541399e-05,-4.032319702673703432e-04
8.935938596725463867e+00,5.752427969127893448e-04,1.917476067319512367e-03,4.896766506135463715e-03,-3.121862113475799561e-01,1.393154961988329887e-04,1.634543514228425920e-05
8.937938690185546875e+00,5.752427969127893448e-04,1.917476067319512367e-03,4.896766506135463715e-03,-3.121862113475799561e-01,1.393154961988329887e-04,1.634543514228425920e-05
8.939938783645629883e+00,5.273059359751641750e-04,2.300971187651157379e-03,-1.313312072306871414e-02,-7.514484971761703491e-02,-4.213752399664372206e-04,-4.108801367692649364e-04
8.941938877105712891e+00,5.273059359751641750e-04,2.300971187651157379e-03,2.755995094776153564e-02,4.306890442967414856e-02,2.906897279899567366e-04,-4.725329345092177391e-04
8.943939208984375000e+00,7.190534961409866810e-04,2.684466540813446045e-03,2.755995094776153564e-02,4.306890442967414856e-02,2.906897279899567366e-04,-4.725329345092177391e-04
8.945939302444458008e+00,7.190534961409866810e-04,2.300971187651157379e-03,2.453000470995903015e-02,-9.835971146821975708e-02,4.611375698004849255e-05,9.231782169081270695e-04
8.947939395904541016e+00,6.231797160580754280e-04,2.300971187651157379e-03,1.154559358838014305e-04,-2.229885309934616089e-01,4.282364170649088919e-05,-4.819054738618433475e-04
8.949939489364624023e+00,6.231797160580754280e-04,2.300971187651157379e-03,1.154559358838014305e-04,-2.229885309934616089e-01,4.282364170649088919e-05,-4.819054738618433475e-04
8.951939582824707031e+00,5.273059359751641750e-04,2.684466540813446045e-03,-2.165994793176651001e-02,6.387248635292053223e-02,-2.243136405013501644e-04,1.688500342424958944e-04
8.953939676284790039e+00,6.231797160580754280e-04,3.067961661145091057e-03,4.831676837056875229e-03,8.609111607074737549e-02,-3.820164056378416717e-05,1.535276242066174746e-04
8.955939769744873047e+00,6.231797160580754280e-04,3.067961661145091057e-03,4.831676837056875229e-03,8.609111607074737549e-02,-3.820164056378416717e-05,1.535276242066174746e-04
8.957939863204956055e+00,5.752427969127893448e-04,2.684466540813446045e-03,-3.026141086593270302e-03,-3.469049930572509766e-02,1.323185715591534972e-04,2.427784347673878074e-04
8.959940195083618164e+00,5.752427969127893448e-04,3.067961661145091057e-03,-3.266378480475395918e-04,4.707205668091773987e-02,-7.667846512049436569e-05,-2.155920810764655471e-04
8.961940288543701172e+00,5.752427969127893448e-04,3.067961661145091057e-03,-3.266378480475395918e-04,4.707205668091773987e-02,-7.667846512049436569e-05,-2.155920810764655471e-04
8.963940382003784180e+00,6.231797160580754280e-04,3.067961661145091057e-03,1.414295844733715057e-02,3.283622860908508301e-02,4.984185798093676567e-04,1.704970927676185966e-04
8.965940475463867188e+00,4.793690168298780918e-04,3.451456781476736069e-03,-1.898305118083953857e-02,2.018429785966873169e-01,1.380101311951875687e-04,-1.675602834438905120e-04
8.968148231506347656e+00,4.793690168298780918e-04,3.451456781476736069e-03,-1.898305118083953857e-02,2.018429785966873169e-01,1.380101311951875687e-04,-1.675602834438905120e-04
8.970148324966430664e+00,5.752427969127893448e-04,2.300971187651157379e-03,2.029465744271874428e-03,-3.307805657386779785e-01,-2.524462179280817509e-04,-1.330415398115292192e-04
8.972148418426513672e+00,5.273059359751641750e-04,2.684466540813446045e-03,-1.180935744196176529e-02,-1.452842056751251221e-01,-2.016858343267813325e-04,2.013250486925244331e-04
8.974148750305175781e+00,5.273059359751641750e-04,2.684466540813446045e-03,-1.180935744196176529e-02,-1.452842056751251221e-01,-2.016858343267813325e-04,2.013250486925244331e-04
8.976148843765258789e+00,5.273059359751641750e-04,3.451456781476736069e-03,-1.657204702496528625e-02,2.345054745674133301e-01,-5.051746484241448343e-05,-8.081356645561754704e-05
8.978148937225341797e+00,5.752427969127893448e-04,2.684466540813446045e-03,-9.038888849318027496e-03,-7.359296828508377075e-02,-1.857170864241197705e-04,7.440024637617170811e-05
8.980149030685424805e+00,5.752427969127893448e-04,2.684466540813446045e-03,-9.038888849318027496e-03,-7.359296828508377075e-02,-1.857170864241197705e-04,7.440024637617170811e-05
8.982149124145507812e+00,5.752427969127893448e-04,3.067961661145091057e-03,-1.203804835677146912e-02,1.029102504253387451e-01,1.814453717088326812e-04,2.324473462067544460e-04
8.984149217605590820e+00,6.711166352033615112e-04,3.834952134639024734e-03,7.236353121697902679e-03,4.301399290561676025e-01,1.289568463107571006e-04,8.506117592332884669e-05
8.986149549484252930e+00,6.711166352033615112e-04,3.834952134639024734e-03,7.236353121697902679e-03,4.301399290561676025e-01,1.289568463107571006e-04,8.506117592332884669e-05
8.988149642944335938e+00,6.711166352033615112e-04,2.684466540813446045e-03,2.167871920391917229e-03,-8.590836077928543091e-02,-3.371515776962041855e-05,4.540888476185500622e-04
8.990149736404418945e+00,7.190534961409866810e-04,2.684466540813446045e-03,9.685992263257503510e-03,-1.317149996757507324e-01,-4.182666016276925802e-04,-5.208167131058871746e-04
8.992149829864501953e+00,7.190534961409866810e-04,2.684466540813446045e-03,9.685992263257503510e-03,-1.317149996757507324e-01,-4.182666016276925802e-04,-5.208167131058871746e-04
8.994149923324584961e+00,7.190534961409866810e-04,3.834952134639024734e-03,2.937904559075832367e-03,4.552325010299682617e-01,-3.006138722412288189e-04,1.953587343450635672e-05
8.996150016784667969e+00,7.190534961409866810e-04,2.684466540813446045e-03,-4.290366545319557190e-03,-2.927494421601295471e-02,7.072317657730309293e-06,1.237300602952018380e-04
8.998150110244750977e+00,7.190534961409866810e-04,2.684466540813446045e-03,-4.290366545319557190e-03,-2.927494421601295471e-02,7.072317657730309293e-06,1.237300602952018380e-04
9.000150203704833984e+00,6.711166352033615112e-04,3.067961661145091057e-03,-1.951257139444351196e-02,1.454585194587707520e-01,3.826005558948963881e-04,-6.114561110734939575e-04
9.002150297164916992e+00,8.149273344315588474e-04,2.684466540813446045e-03,1.322819013148546219e-02,-4.580563679337501526e-02,1.410651748301461339e-04,4.715544127975590527e-05
9.004150390625000000e+00,8.149273344315588474e-04,2.684466540813446045e-03,1.322819013148546219e-02,-4.580563679337501526e-02,3.628331760410219431e-04,-3.475888224784284830e-04
9.006150484085083008e+00,8.628641953691840172e-04,1.917476067319512367e-03,2.225466631352901459e-02,-4.167886674404144287e-01,3.628331760410219431e-04,-3.475888224784284830e-04
9.008150577545166016e+00,7.190534961409866810e-04,3.834952134639024734e-03,-1.037099864333868027e-02,5.715163946151733398e-01,-4.111181260668672621e-05,6.195874884724617004e-04
9.010150671005249023e+00,7.190534961409866810e-04,3.834952134639024734e-03,-1.037099864333868027e-02,5.715163946151733398e-01,-4.111181260668672621e-05,6.195874884724617004e-04
9.012150764465332031e+00,7.190534961409866810e-04,3.067961661145091057e-03,-6.541289389133453369e-03,1.501999609172344208e-02,3.112105769105255604e-04,4.381652106530964375e-04
9.014150857925415039e+00,7.669904152862727642e-04,3.834952134639024734e-03,8.664295077323913574e-03,4.438405334949493408e-01,3.142659625154919922e-05,-3.126291849184781313e-04
9.016150951385498047e+00,7.669904152862727642e-04,3.834952134639024734e-03,8.664295077323913574e-03,4.438405334949493408e-01,3.142659625154919922e-05,-3.126291849184781313e-04
9.018151044845581055e+00,6.711166352033615112e-04,1.917476067319512367e-03,-9.428462013602256775e-03,-5.400823950767517090e-01,3.076192224398255348e-04,2.304969384567812085e-04
9.020151138305664062e+00,6.231797160580754280e-04,2.300971187651157379e-03,-1.695437356829643250e-02,-3.258069455623626709e-01,-1.754968689056113362e-04,5.574655369855463505e-04
9.022151231765747070e+00,6.231797160580754280e-04,2.300971187651157379e-03,-1.695437356829643250e-02,-3.258069455623626709e-01,-1.754968689056113362e-04,5.574655369855463505e-04
9.024151325225830078e+00,6.711166352033615112e-04,3.834952134639024734e-03,-1.788687310181558132e-03,2.910335063934326172e-01,-5.415298801381140947e-05,1.197903384309029207e-05
9.026151418685913086e+00,7.190534961409866810e-04,3.067961661145091057e-03,1.129024010151624680e-02,-3.498315066099166870e-02,-2.423009136691689491e-04,-2.970316381833981723e-05
9.028151512145996094e+00,7.190534961409866810e-04,3.067961661145091057e-03,1.129024010151624680e-02,-3.498315066099166870e-02,-2.423009136691689491e-04,-2.970316381833981723e-05
9.030174493789672852e+00,6.231797160580754280e-04,3.834952134639024734e-03,-1.057656947523355484e-02,2.203781008720397949e-01,-2.637320721987634897e-04,2.240724279545247555e-04
9.032174587249755859e+00,7.669904152862727642e-04,3.067961661145091057e-03,2.095101587474346161e-02,2.963739074766635895e-02,7.044883677735924721e-04,-2.988184678542893380e-05
9.034174680709838867e+00,7.669904152862727642e-04,3.067961661145091057e-03,2.095101587474346161e-02,2.963739074766635895e-02,1.598483795532956719e-04,-4.448574618436396122e-04
9.036174774169921875e+00,8.149273344315588474e-04,3.067961661145091057e-03,2.762421406805515289e-02,8.214464038610458374e-02,1.598483795532956719e-04,-4.448574618436396122e-04
9.038174867630004883e+00,1.054611871950328350e-03,2.684466540813446045e-03,8.174502104520797729e-02,-7.258687913417816162e-02,2.667088701855391264e-04,2.196385030401870608e-04
9.040174961090087891e+00,1.054611871950328350e-03,2.684466540813446045e-03,8.174502104520797729e-02,-7.258687913417816162e-02,2.667088701855391264e-04,2.196385030401870608e-04
9.042175054550170898e+00,7.190534961409866810e-04,2.684466540813446045e-03,-6.206721067428588867e-03,-6.215013563632965088e-02,-2.003701665671542287e-04,2.225535899924580008e-05
9.044175148010253906e+00,9.108011145144701004e-04,2.684466540813446045e-03,3.712357208132743835e-02,-3.893128409981727600e-02,-3.137987805530428886e-04,-1.708425988908857107e-04
9.046175241470336914e+00,9.108011145144701004e-04,2.684466540813446045e-03,3.712357208132743835e-02,-3.893128409981727600e-02,-3.137987805530428886e-04,-1.708425988908857107e-04
9.048175334930419922e+00,7.190534961409866810e-04,2.684466540813446045e-03,-1.255509350448846817e-02,5.625268816947937012e-02,-2.055598306469619274e-04,2.909574541263282299e-04
9.050175905227661133e+00,6.711166352033615112e-04,2.300971187651157379e-03,-2.277441881597042084e-02,-1.664115786552429199e-01,-1.390979741699993610e-04,-7.090275903465226293e-05
9.052175998687744141e+00,6.711166352033615112e-04,2.300971187651157379e-03,-2.277441881597042084e-02,-1.664115786552429199e-01,-1.390979741699993610e-04,-7.090275903465226293e-05
9.054176330566406250e+00,6.711166352033615112e-04,2.684466540813446045e-03,-1.974716968834400177e-02,-2.258246205747127533e-02,1.762840111041441560e-04,-1.109248187276534736e-04
9.056176424026489258e+00,6.711166352033615112e-04,2.300971187651157379e-03,-1.233092602342367172e-02,-2.813213467597961426e-01,-2.031089097727090120e-04,-5.661830073222517967e-04
9.058176517486572266e+00,6.711166352033615112e-04,2.300971187651157379e-03,-1.233092602342367172e-02,-2.813213467597961426e-01,-2.031089097727090120e-04,-5.661830073222517967e-04
9.060176610946655273e+00,4.314320976845920086e-04,3.451456781476736069e-03,-6.169702485203742981e-02,2.992936670780181885e-01,-6.782604032196104527e-05,-3.501659084577113390e-04
9.062176704406738281e+00,3.834952076431363821e-04,2.300971187651157379e-03,-6.324487179517745972e-02,-4.051823616027832031e-01,-2.397301868768408895e-04,4.995668423362076283e-04
9.064177036285400391e+00,3.834952076431363821e-04,2.300971187651157379e-03,-6.324487179517745972e-02,-4.051823616027832031e-01,-2.397301868768408895e-04,4.995668423362076283e-04
9.066177129745483398e+00,4.314320976845920086e-04,2.684466540813446045e-03,-4.009646549820899963e-02,-1.584588736295700073e-01,-2.483262796886265278e-04,-3.915911074727773666e-04
9.068177223205566406e+00,5.752427969127893448e-04,3.451456781476736069e-03,5.301903933286666870e-03,2.242418080568313599e-01,1.075332475011236966e-04,2.517915563657879829e-04
9.070848464965820312e+00,5.752427969127893448e-04,3.451456781476736069e-03,3.575135255232453346e-03,-2.938959598541259766e-01,5.108706536702811718e-04,4.688300541602075100e-04
9.072848558425903320e+00,5.273059359751641750e-04,2.684466540813446045e-03,3.575135255232453346e-03,-2.938959598541259766e-01,5.108706536702811718e-04,4.688300541602075100e-04
9.074848890304565430e+00,5.752427969127893448e-04,4.218447487801313400e-03,2.077646739780902863e-02,4.983686208724975586e-01,2.906309237005189061e-05,3.980693873018026352e-04
9.076848983764648438e+00,4.793690168298780918e-04,3.834952134639024734e-03,2.036619465798139572e-03,2.758990228176116943e-01,2.381945814704522491e-04,-4.016487946501001716e-05
9.078849077224731445e+00,4.793690168298780918e-04,3.834952134639024734e-03,2.036619465798139572e-03,2.758990228176116943e-01,2.381945814704522491e-04,-4.016487946501001716e-05
9.080849409103393555e+00,5.752427969127893448e-04,3.834952134639024734e-03,-1.164034660905599594e-02,3.015778064727783203e-01,4.760980300488881767e-05,-1.989612064789980650e-04
9.082849502563476562e+00,5.752427969127893448e-04,3.834952134639024734e-03,-1.640311628580093384e-02,-3.118554055690765381e-01,1.012560096569359303e-04,-1.594406421645544469e-05
9.084849596023559570e+00,4.314320976845920086e-04,2.300971187651157379e-03,-1.640311628580093384e-02,-3.118554055690765381e-01,1.012560096569359303e-04,-1.594406421645544469e-05
9.086849689483642578e+00,4.314320976845920086e-04,3.451456781476736069e-03,-2.340261265635490417e-02,3.068656623363494873e-01,7.232654024846851826e-05,-1.093410901376046240e-05
9.088849782943725586e+00,4.314320976845920086e-04,3.451456781476736069e-03,2.406565472483634949e-02,-3.214563429355621338e-01,-4.037444159621372819e-05,-7.562371320091187954e-04
9.090849876403808594e+00,6.711166352033615112e-04,1.917476067319512367e-03,2.406565472483634949e-02,-3.214563429355621338e-01,-4.037444159621372819e-05,-7.562371320091187954e-04
9.092849969863891602e+00,7.669904152862727642e-04,2.684466540813446045e-03,3.729708492755889893e-02,4.595431685447692871e-02,2.486652811057865620e-04,1.691864163149148226e-04
9.094850063323974609e+00,6.231797160580754280e-04,1.917476067319512367e-03,-2.926215063780546188e-03,-2.849462032318115234e-01,1.464537399442633614e-05,1.215074225910939276e-04
9.096850156784057617e+00,6.231797160580754280e-04,1.917476067319512367e-03,-2.926215063780546188e-03,-2.849462032318115234e-01,2.290853626618627459e-05,3.873964014928787947e-04
9.098850250244140625e+00,6.711166352033615112e-04,2.300971187651157379e-03,5.701071117073297501e-03,-1.361177116632461548e-01,2.290853626618627459e-05,3.873964014928787947e-04
9.100850343704223633e+00,6.231797160580754280e-04,1.917476067319512367e-03,-5.237981211394071579e-03,-2.484380155801773071e-01,-4.986530984751880169e-04,1.885287929326295853e-04
9.102850437164306641e+00,6.231797160580754280e-04,1.917476067319512367e-03,-5.237981211394071579e-03,-2.484380155801773071e-01,-4.986530984751880169e-04,1.885287929326295853e-04
9.104850530624389648e+00,5.752427969127893448e-04,2.300971187651157379e-03,-1.078132912516593933e-02,-2.929445505142211914e-01,-2.941987622762098908e-05,-4.126549174543470144e-04
9.106850624084472656e+00,6.231797160580754280e-04,2.684466540813446045e-03,8.008038625121116638e-03,-9.211091324687004089e-03,1.070768557838164270e-04,2.827402786351740360e-04
9.108850717544555664e+00,6.231797160580754280e-04,2.684466540813446045e-03,8.008038625121116638e-03,-9.211091324687004089e-03,1.070768557838164270e-04,2.827402786351740360e-04
9.110850811004638672e+00,4.314320976845920086e-04,3.067961661145091057e-03,-3.126249462366104126e-02,5.334964022040367126e-02,2.244141796836629510e-04,8.139673445839434862e-05
9.113362789154052734e+00,4.314320976845920086e-04,2.300971187651157379e-03,-2.246723882853984833e-02,-3.452927172183990479e-01,-1.134139238274656236e-04,-1.282433513551950455e-04
9.115362882614135742e+00,4.314320976845920086e-04,2.300971187651157379e-03,-2.246723882853984833e-02,-3.452927172183990479e-01,-1.134139238274656236e-04,-1.282433513551950455e-04
9.117362976074218750e+00,4.314320976845920086e-04,2.300971187651157379e-03,-1.704424247145652771e-02,-2.900272905826568604e-01,-1.986582792596891522e-04,-5.723578578908927739e-05
9.119363069534301758e+00,4.793690168298780918e-04,3.451456781476736069e-03,-1.504839863628149033e-03,1.572349220514297485e-01,-7.267941837199032307e-04,-2.836711064446717501e-05
9.121363162994384766e+00,4.793690168298780918e-04,3.451456781476736069e-03,-1.504839863628149033e-03,1.572349220514297485e-01,-3.333960485178977251e-04,-4.969076835550367832e-04
9.123363256454467773e+00,4.314320976845920086e-04,2.684466540813446045e-03,-1.026869658380746841e-02,-2.784639000892639160e-01,-3.333960485178977251e-04,-4.969076835550367832e-04
9.125363349914550781e+00,3.355583176016807556e-04,3.067961661145091057e-03,-3.286591544747352600e-02,1.330427732318639755e-02,9.330113971373066306e-05,-1.031170613714493811e-04
9.127363443374633789e+00,3.355583176016807556e-04,3.067961661145091057e-03,-3.286591544747352600e-02,1.330427732318639755e-02,3.477470454527065158e-05,1.456357713323086500e-04
9.129363536834716797e+00,4.793690168298780918e-04,3.834952134639024734e-03,6.302302062977105379e-05,2.731961905956268311e-01,3.477470454527065158e-05,1.456357713323086500e-04
9.131363630294799805e+00,3.355583176016807556e-04,2.684466540813446045e-03,-3.756968304514884949e-02,-1.728654801845550537e-01,-1.613607746548950672e-04,-5.174726829864084721e-04
9.133363723754882812e+00,3.355583176016807556e-04,2.684466540813446045e-03,-3.756968304514884949e-02,-1.728654801845550537e-01,-1.613607746548950672e-04,-5.174726829864084721e-04
9.135364055633544922e+00,5.752427969127893448e-04,2.684466540813446045e-03,1.537322904914617538e-02,-1.638200283050537109e-01,1.174382923636585474e-04,-1.658924593357369304e-04
9.137364149093627930e+00,6.231797160580754280e-04,3.451456781476736069e-03,2.195127122104167938e-02,3.474285006523132324e-01,1.743498432915657759e-05,1.906435645651072264e-04
9.139364242553710938e+00,6.231797160580754280e-04,3.451456781476736069e-03,2.195127122104167938e-02,3.474285006523132324e-01,1.743498432915657759e-05,-1.155787977040745318e-04
9.141409158706665039e+00,3.834952076431363821e-04,1.917476067319512367e-03,-4.139658063650131226e-02,-4.277961552143096924e-01,1.050774153554812074e-04,-1.155787977040745318e-04
9.143409252166748047e+00,5.752427969127893448e-04,2.300971187651157379e-03,-2.433468471281230450e-04,-1.351688057184219360e-01,-6.490672240033745766e-05,-6.344499415718019009e-04
9.145409345626831055e+00,5.752427969127893448e-04,2.300971187651157379e-03,-2.433468471281230450e-04,-1.351688057184219360e-01,3.168463299516588449e-04,3.169228648403077386e-06
9.147409439086914062e+00,5.273059359751641750e-04,2.684466540813446045e-03,-1.770297065377235413e-02,-3.203406929969787598e-02,3.168463299516588449e-04,3.169228648403077386e-06
9.149409532546997070e+00,7.190534961409866810e-04,2.684466540813446045e-03,2.499834634363651276e-02,6.481956690549850464e-02,3.374247171450406313e-04,1.322399384662276134e-05
9.151409626007080078e+00,7.190534961409866810e-04,2.684466540813446045e-03,2.499834634363651276e-02,6.481956690549850464e-02,3.374247171450406313e-04,-4.798182926606386900e-04
9.153409719467163086e+00,6.231797160580754280e-04,2.684466540813446045e-03,-1.450642826966941357e-03,1.707817986607551575e-02,5.989138735458254814e-04,-4.798182926606386900e-04
9.155409812927246094e+00,6.711166352033615112e-04,2.300971187651157379e-03,6.625308655202388763e-03,-2.038218975067138672e-01,3.541325713740661740e-05,-8.135572716128081083e-05
9.157409906387329102e+00,6.711166352033615112e-04,2.300971187651157379e-03,-5.477256700396537781e-02,3.901802599430084229e-01,5.634134868159890175e-04,-5.371021688915789127e-04
9.159409999847412109e+00,4.314320976845920086e-04,3.834952134639024734e-03,-5.477256700396537781e-02,3.901802599430084229e-01,5.634134868159890175e-04,-5.371021688915789127e-04
9.161410093307495117e+00,6.231797160580754280e-04,2.300971187651157379e-03,-9.067074395716190338e-03,-2.013010829687118530e-01,2.285935188410803676e-04,-3.630574501585215330e-04
9.163506031036376953e+00,6.231797160580754280e-04,2.300971187651157379e-03,2.880759909749031067e-02,1.673871576786041260e-01,2.269844699185341597e-04,3.786070737987756729e-05
9.165506124496459961e+00,7.669904152862727642e-04,3.067961661145091057e-03,2.880759909749031067e-02,1.673871576786041260e-01,2.269844699185341597e-04,3.786070737987756729e-05
9.167506217956542969e+00,6.711166352033615112e-04,2.684466540813446045e-03,7.853111252188682556e-03,-1.610556989908218384e-01,-2.384464896749705076e-04,-2.860506938304752111e-04
9.169506311416625977e+00,6.711166352033615112e-04,2.684466540813446045e-03,7.853111252188682556e-03,6.071907654404640198e-02,-2.612132229842245579e-04,1.099629444070160389e-04
9.171506404876708984e+00,4.793690168298780918e-04,3.067961661145091057e-03,-3.671218454837799072e-02,6.071907654404640198e-02,-2.612132229842245579e-04,1.099629444070160389e-04
9.173506498336791992e+00,4.793690168298780918e-04,3.834952134639024734e-03,-3.535150736570358276e-02,3.738131225109100342e-01,-5.411418533185496926e-05,-7.583267288282513618e-04
9.175506591796875000e+00,4.793690168298780918e-04,3.834952134639024734e-03,-3.535150736570358276e-02,3.738131225109100342e-01,7.100906223058700562e-04,6.868695490993559361e-04
9.177506685256958008e+00,4.314320976845920086e-04,3.067961661145091057e-03,-4.852722957730293274e-02,-2.242611721158027649e-02,7.100906223058700562e-04,6.868695490993559361e-04
9.179506778717041016e+00,7.669904152862727642e-04,3.067961661145091057e-03,3.043860755860805511e-02,-4.372543469071388245e-02,-5.366551704355515540e-05,6.227198900887742639e-05
9.181506872177124023e+00,7.669904152862727642e-04,3.067961661145091057e-03,1.428336184471845627e-02,-1.752671301364898682e-01,3.065630444325506687e-04,-5.042636257712729275e-05
9.183507204055786133e+00,7.190534961409866810e-04,2.684466540813446045e-03,1.428336184471845627e-02,-1.752671301364898682e-01,3.065630444325506687e-04,-5.042636257712729275e-05
9.185507297515869141e+00,7.669904152862727642e-04,4.218447487801313400e-03,2.162719145417213440e-02,5.900957584381103516e-01,3.315586654935032129e-04,-1.189574395539239049e-04
9.187507390975952148e+00,7.669904152862727642e-04,4.218447487801313400e-03,2.162719145417213440e-02,5.900957584381103516e-01,-2.108962071361020207e-04,-3.903356264345347881e-04
9.189507484436035156e+00,8.149273344315588474e-04,2.684466540813446045e-03,2.784495800733566284e-02,-3.835090994834899902e-02,-2.108962071361020207e-04,-3.903356264345347881e-04
9.191507577896118164e+00,6.711166352033615112e-04,3.451456781476736069e-03,-1.267557218670845032e-02,2.961288988590240479e-01,-1.784939959179610014e-04,-2.076836244668811560e-05
9.193507671356201172e+00,6.711166352033615112e-04,3.451456781476736069e-03,-3.955357894301414490e-02,1.798041760921478271e-01,-4.358955993666313589e-05,1.786876819096505642e-04
9.195507764816284180e+00,5.752427969127893448e-04,3.067961661145091057e-03,-3.955357894301414490e-02,1.798041760921478271e-01,-4.358955993666313589e-05,1.786876819096505642e-04
9.197507858276367188e+00,8.149273344315588474e-04,2.684466540813446045e-03,1.652094163000583649e-02,-6.317313294857740402e-03,-3.224371757823973894e-04,-6.819685804657638073e-04
9.199507951736450195e+00,8.149273344315588474e-04,2.684466540813446045e-03,1.345991250127553940e-02,-1.632798612117767334e-01,1.215337761095725000e-04,4.432215064298361540e-04
9.201508045196533203e+00,8.149273344315588474e-04,2.300971187651157379e-03,1.345991250127553940e-02,-1.632798612117767334e-01,1.215337761095725000e-04,4.432215064298361540e-04
9.203508138656616211e+00,7.190534961409866810e-04,3.067961661145091057e-03,-8.128010667860507965e-03,1.406312137842178345e-01,-7.081937656039372087e-05,1.343152543995529413e-04
9.205508232116699219e+00,7.190534961409866810e-04,3.067961661145091057e-03,-1.631331630051136017e-02,-1.311108469963073730e-01,1.993295300053432584e-04,-4.135155759286135435e-04
9.207508325576782227e+00,6.711166352033615112e-04,2.300971187651157379e-03,-1.631331630051136017e-02,-1.311108469963073730e-01,1.993295300053432584e-04,-4.135155759286135435e-04
9.209508419036865234e+00,6.711166352033615112e-04,1.917476067319512367e-03,-1.177437510341405869e-02,-3.676838278770446777e-01,-8.720810728846117854e-05,4.219704132992774248e-04
9.211508512496948242e+00,6.711166352033615112e-04,1.917476067319512367e-03,2.939566038548946381e-02,-8.128100633621215820e-02,3.418268752284348011e-04,-1.095775132853304967e-06
9.213508605957031250e+00,8.149273344315588474e-04,2.684466540813446045e-03,2.939566038548946381e-02,-8.128100633621215820e-02,3.418268752284348011e-04,-1.095775132853304967e-06
9.215508699417114258e+00,6.231797160580754280e-04,2.684466540813446045e-03,-1.155718974769115448e-02,-1.630615293979644775e-01,-4.083254680153913796e-05,-6.144682993181049824e-05
9.217508792877197266e+00,6.231797160580754280e-04,2.684466540813446045e-03,6.076029501855373383e-03,-1.339023467153310776e-02,4.577602885547094047e-05,-1.190111015603179112e-05
9.219508886337280273e+00,6.711166352033615112e-04,3.067961661145091057e-03,6.076029501855373383e-03,-1.339023467153310776e-02,4.577602885547094047e-05,-1.190111015603179112e-05
9.221508979797363281e+00,5.752427969127893448e-04,3.067961661145091057e-03,-1.420471910387277603e-02,-2.975438907742500305e-02,3.463188186287879944e-04,7.583854312542825937e-05
9.223509073257446289e+00,5.752427969127893448e-04,3.067961661145091057e-03,5.918247997760772705e-02,1.637043207883834839e-01,-9.353428322356194258e-05,5.103188959765248001e-05
9.225509166717529297e+00,8.628641953691840172e-04,3.451456781476736069e-03,5.918247997760772705e-02,1.637043207883834839e-01,-9.353428322356194258e-05,5.103188959765248001e-05
9.227509260177612305e+00,4.793690168298780918e-04,2.300971187651157379e-03,-3.266581892967224121e-02,-2.872550189495086670e-01,8.782184886513277888e-05,2.495569060556590557e-04
9.229509353637695312e+00,4.793690168298780918e-04,2.300971187651157379e-03,1.433642464689910412e-03,-3.922313153743743896e-01,3.164555819239467382e-04,-2.248703531222417951e-04
9.231509447097778320e+00,6.231797160580754280e-04,1.917476067319512367e-03,1.433642464689910412e-03,-3.922313153743743896e-01,3.164555819239467382e-04,-2.248703531222417951e-04
9.233509540557861328e+00,5.273059359751641750e-04,1.917476067319512367e-03,-2.234209142625331879e-02,-3.953038752079010010e-01,2.209758968092501163e-04,-4.342132888268679380e-05
9.235509634017944336e+00,5.273059359751641750e-04,1.917476067319512367e-03,1.597757218405604362e-03,7.351890206336975098e-02,3.207307017873972654e-04,2.919450635090470314e-04
9.237509727478027344e+00,6.231797160580754280e-04,3.067961661145091057e-03,1.597757218405604362e-03,7.351890206336975098e-02,3.207307017873972654e-04,2.919450635090470314e-04
9.239510059356689453e+00,5.752427969127893448e-04,3.067961661145091057e-03,-9.005854837596416473e-03,1.149128526449203491e-01,8.045347931329160929e-05,3.044751065317541361e-04
9.241510152816772461e+00,5.752427969127893448e-04,3.067961661145091057e-03,-9.005854837596416473e-03,3.481019521132111549e-03,4.408239692565985024e-05,1.210370319313369691e-04
9.243510484695434570e+00,5.752427969127893448e-04,3.067961661145091057e-03,-6.891931872814893723e-03,3.481019521132111549e-03,4.408239692565985024e-05,1.210370319313369691e-04
9.245510578155517578e+00,4.793690168298780918e-04,4.218447487801313400e-03,-2.875253744423389435e-02,7.296731472015380859e-01,4.617237136699259281e-04,-5.339732160791754723e-05
9.247510671615600586e+00,4.793690168298780918e-04,4.218447487801313400e-03,-1.724289963021874428e-03,2.424483150243759155e-01,4.518788409768603742e-05,1.409993419656530023e-04
9.249510765075683594e+00,5.752427969127893448e-04,3.451456781476736069e-03,-1.724289963021874428e-03,2.424483150243759155e-01,4.518788409768603742e-05,1.409993419656530023e-04
9.251510858535766602e+00,6.231797160580754280e-04,2.300971187651157379e-03,1.529209595173597336e-02,-3.914264142513275146e-01,1.606463338248431683e-04,4.776038695126771927e-04
9.253510951995849609e+00,6.231797160580754280e-04,2.300971187651157379e-03,9.663971140980720520e-03,-3.431102633476257324e-01,1.389018143527209759e-05,-8.361291838809847832e-04
9.255511045455932617e+00,5.752427969127893448e-04,2.300971187651157379e-03,-5.924412235617637634e-02,1.453923285007476807e-01,-3.788983449339866638e-04,4.349861046648584306e-05
9.257539033889770508e+00,2.876213984563946724e-04,3.451456781476736069e-03,-5.924412235617637634e-02,1.453923285007476807e-01,-3.788983449339866638e-04,4.349861046648584306e-05
9.259539127349853516e+00,2.876213984563946724e-04,3.451456781476736069e-03,6.013008579611778259e-02,2.630098164081573486e-02,-3.226152330171316862e-04,1.806460786610841751e-04
9.261539459228515625e+00,7.669904152862727642e-04,3.067961661145091057e-03,6.013008579611778259e-02,2.630098164081573486e-02,-3.226152330171316862e-04,1.806460786610841751e-04
9.263539552688598633e+00,5.273059359751641750e-04,3.067961661145091057e-03,7.066502585075795650e-04,9.068548679351806641e-02,1.302187738474458456e-04,-4.373610718175768852e-04
9.265539646148681641e+00,5.273059359751641750e-04,3.067961661145091057e-03,7.066502585075795650e-04,9.068548679351806641e-02,-2.017562947003170848e-04,-1.986089628189802170e-04
9.267539739608764648e+00,5.273059359751641750e-04,2.300971187651157379e-03,-3.855522256344556808e-03,-3.590393662452697754e-01,-2.017562947003170848e-04,-1.986089628189802170e-04
9.269539833068847656e+00,4.793690168298780918e-04,3.067961661145091057e-03,-1.774923317134380341e-02,9.238906949758529663e-02,-4.286053808755241334e-05,1.464440283598378301e-04
9.271539926528930664e+00,4.793690168298780918e-04,3.067961661145091057e-03,-3.017568401992321014e-02,7.297239452600479126e-02,5.952260835329070687e-05,-3.454808029346168041e-04
9.273540258407592773e+00,4.314320976845920086e-04,2.684466540813446045e-03,-3.017568401992321014e-02,7.297239452600479126e-02,5.952260835329070687e-05,-3.454808029346168041e-04
9.275541305541992188e+00,7.190534961409866810e-04,4.218447487801313400e-03,3.896447271108627319e-02,7.053813338279724121e-01,-1.342176838079467416e-04,1.339054433628916740e-04
9.277545213699340820e+00,7.190534961409866810e-04,4.218447487801313400e-03,1.569380611181259155e-02,-2.201893627643585205e-01,2.295790363859850913e-05,-2.766191901173442602e-04
9.279545307159423828e+00,6.231797160580754280e-04,2.300971187651157379e-03,1.569380611181259155e-02,-2.201893627643585205e-01,2.295790363859850913e-05,-2.766191901173442602e-04
9.281545400619506836e+00,4.793690168298780918e-04,1.917476067319512367e-03,-1.492796558886766434e-02,-4.767380356788635254e-01,-3.381993738003075123e-04,-2.795841719489544630e-04
9.283545732498168945e+00,4.793690168298780918e-04,1.917476067319512367e-03,-5.630945088341832161e-04,-2.554089426994323730e-01,8.056174556259065866e-05,-3.536599397193640471e-04
9.285545825958251953e+00,5.273059359751641750e-04,2.300971187651157379e-03,-5.630945088341832161e-04,-2.554089426994323730e-01,8.056174556259065866e-05,-3.536599397193640471e-04
9.287545919418334961e+00,5.752427969127893448e-04,3.451456781476736069e-03,1.297953911125659943e-02,2.920936048030853271e-01,4.529146535787731409e-04,4.906610702164471149e-04
9.289546251296997070e+00,5.752427969127893448e-04,3.451456781476736069e-03,1.908633625134825706e-03,-2.994860988110303879e-03,-1.106801792047917843e-04,3.642330702859908342e-04
9.291546344757080078e+00,5.273059359751641750e-04,3.067961661145091057e-03,1.908633625134825706e-03,-2.994860988110303879e-03,-1.106801792047917843e-04,3.642330702859908342e-04
9.293546438217163086e+00,3.834952076431363821e-04,2.300971187651157379e-03,-3.356539830565452576e-02,-2.509280145168304443e-01,-8.219967639888636768e-07,-1.457956823287531734e-04
9.295546531677246094e+00,3.834952076431363821e-04,2.300971187651157379e-03,-1.178780850023031235e-02,1.264055818319320679e-01,1.727404196572024375e-05,-9.961815521819517016e-05
9.297546625137329102e+00,4.793690168298780918e-04,3.451456781476736069e-03,-1.178780850023031235e-02,1.264055818319320679e-01,1.727404196572024375e-05,-9.961815521819517016e-05
9.299546718597412109e+00,4.793690168298780918e-04,1.533980830572545528e-03,-1.406913623213768005e-02,-6.697419285774230957e-01,-9.480023436481133103e-05,2.514319203328341246e-04
9.301546812057495117e+00,4.793690168298780918e-04,1.533980830572545528e-03,-1.834085769951343536e-02,8.179780095815658569e-02,1.294924441026523709e-04,1.287516788579523563e-04
9.303546905517578125e+00,4.793690168298780918e-04,3.067961661145091057e-03,-1.834085769951343536e-02,8.179780095815658569e-02,1.294924441026523709e-04,1.287516788579523563e-04
9.305546998977661133e+00,7.190534961409866810e-04,3.067961661145091057e-03,3.626298531889915466e-02,5.918266624212265015e-02,-8.304476068587973714e-05,-7.778505823807790875e-05
9.307547092437744141e+00,7.190534961409866810e-04,3.067961661145091057e-03,2.136393077671527863e-02,-3.908770084381103516e-01,-1.855749433161690831e-04,2.140393189620226622e-04
9.309547424316406250e+00,6.711166352033615112e-04,1.917476067319512367e-03,2.136393077671527863e-02,-3.908770084381103516e-01,-1.855749433161690831e-04,2.140393189620226622e-04
9.311547517776489258e+00,5.273059359751641750e-04,2.684466540813446045e-03,-1.631350256502628326e-02,-3.444331511855125427e-02,-2.163251483580097556e-04,1.749980438034981489e-04
9.313547611236572266e+00,5.273059359751641750e-04,2.684466540813446045e-03,3.672906756401062012e-02,-2.614771127700805664e-01,-3.876115079037845135e-04,1.239284174516797066e-04
9.315547704696655273e+00,7.669904152862727642e-04,2.300971187651157379e-03,3.672906756401062012e-02,-2.614771127700805664e-01,-3.876115079037845135e-04,1.239284174516797066e-04
9.317547798156738281e+00,6.231797160580754280e-04,2.300971187651157379e-03,-8.444388513453304768e-04,-2.519410848617553711e-01,1.201524646603502333e-04,-2.793406893033534288e-04
9.319548130035400391e+00,6.231797160580754280e-04,2.300971187651157379e-03,-2.476682700216770172e-02,3.414107561111450195e-01,-1.601866679266095161e-04,3.383050789125263691e-04
9.321548223495483398e+00,5.273059359751641750e-04,3.451456781476736069e-03,-2.476682700216770172e-02,3.414107561111450195e-01,-1.601866679266095161e-04,3.383050789125263691e-04
9.323548316955566406e+00,7.190534961409866810e-04,2.684466540813446045e-03,1.943690516054630280e-02,-1.217870041728019714e-01,-4.116584896109998226e-04,1.469631388317793608e-04
9.325548410415649414e+00,6.711166352033615112e-04,3.451456781476736069e-03,4.066031891852617264e-03,3.354358673095703125e-01,-5.642261021421290934e-05,-2.349273017898667604e-05
9.327548503875732422e+00,6.711166352033615112e-04,3.451456781476736069e-03,4.066031891852617264e-03,3.354358673095703125e-01,-5.642261021421290934e-05,-2.349273017898667604e-05
9.329548597335815430e+00,5.752427969127893448e-04,3.067961661145091057e-03,-2.344322390854358673e-02,1.716085970401763916e-01,-2.124445018125697970e-04,2.054188953479751945e-04
9.331548690795898438e+00,5.752427969127893448e-04,3.067961661145091057e-03,-1.928062993101775646e-03,3.225316703319549561e-01,8.806228288449347019e-05,4.118387878406792879e-04
9.333548784255981445e+00,6.711166352033615112e-04,3.451456781476736069e-03,-1.928062993101775646e-03,3.225316703319549561e-01,8.806228288449347019e-05,4.118387878406792879e-04
9.335548877716064453e+00,8.628641953691840172e-04,2.300971187651157379e-03,4.257981479167938232e-02,-2.864505350589752197e-01,3.539892786648124456e-04,-5.510479677468538284e-04
9.337548971176147461e+00,8.628641953691840172e-04,2.300971187651157379e-03,-3.119471017271280289e-03,-2.863568365573883057e-01,-1.848268730100244284e-04,-3.180960266035981476e-05
9.339549064636230469e+00,6.711166352033615112e-04,2.300971187651157379e-03,-3.119471017271280289e-03,-2.863568365573883057e-01,-1.848268730100244284e-04,-3.180960266035981476e-05
9.341549158096313477e+00,8.149273344315588474e-04,2.684466540813446045e-03,3.253625705838203430e-02,-4.728172719478607178e-02,-1.300753938267007470e-04,1.893467742775101215e-05
9.343549489974975586e+00,8.149273344315588474e-04,2.684466540813446045e-03,-1.229663263075053692e-03,3.899270668625831604e-02,-2.555704559199512005e-04,-1.997511571971699595e-04
9.345549583435058594e+00,6.711166352033615112e-04,3.067961661145091057e-03,-1.229663263075053692e-03,3.899270668625831604e-02,-2.555704559199512005e-04,-1.997511571971699595e-04
9.347549676895141602e+00,6.231797160580754280e-04,2.300971187651157379e-03,-9.153442457318305969e-03,-2.033690959215164185e-01,8.215284651669207960e-06,2.537349937483668327e-04
9.349549770355224609e+00,6.231797160580754280e-04,2.300971187651157379e-03,-5.151134915649890900e-03,-6.659360975027084351e-02,-2.912549243774265051e-04,-1.547403226140886545e-04
9.351549863815307617e+00,6.231797160580754280e-04,2.684466540813446045e-03,-5.151134915649890900e-03,-6.659360975027084351e-02,-2.912549243774265051e-04,-1.547403226140886545e-04
9.353549957275390625e+00,6.711166352033615112e-04,2.684466540813446045e-03,6.484730169177055359e-03,-1.949759423732757568e-01,2.127882762579247355e-04,7.560637459391728044e-05
9.355550050735473633e+00,6.711166352033615112e-04,2.684466540813446045e-03,1.658328250050544739e-02,1.663267314434051514e-01,-1.182882188004441559e-04,-3.994391590822488070e-05
9.357550144195556641e+00,7.190534961409866810e-04,3.451456781476736069e-03,1.658328250050544739e-02,1.663267314434051514e-01,-1.182882188004441559e-04,-3.994391590822488070e-05
9.359550237655639648e+00,6.711166352033615112e-04,2.684466540813446045e-03,2.105777151882648468e-03,-1.026392951607704163e-01,-4.887087925453670323e-06,3.464609108050353825e-05
9.361550331115722656e+00,6.711166352033615112e-04,2.684466540813446045e-03,2.074412815272808075e-02,-1.155866384506225586e-01,1.275985559914261103e-04,1.180317703983746469e-04
9.363550424575805664e+00,7.669904152862727642e-04,2.684466540813446045e-03,2.074412815272808075e-02,-1.155866384506225586e-01,1.275985559914261103e-04,1.180317703983746469e-04
9.365550518035888672e+00,9.587380336597561836e-04,2.684466540813446045e-03,6.383109837770462036e-02,-1.042656004428863525e-01,8.141768194036558270e-05,-2.981033467222005129e-04
9.367550611495971680e+00,9.587380336597561836e-04,2.684466540813446045e-03,4.473460093140602112e-02,2.677097022533416748e-01,3.828886547125875950e-04,1.756312412908300757e-04
9.369550704956054688e+00,9.108011145144701004e-04,3.451456781476736069e-03,4.473460093140602112e-02,2.677097022533416748e-01,3.828886547125875950e-04,1.756312412908300757e-04
9.371550798416137695e+00,8.628641953691840172e-04,2.300971187651157379e-03,2.657610550522804260e-02,-2.442595064640045166e-01,1.947577256942167878e-04,-6.070955423638224602e-04
9.373550891876220703e+00,8.628641953691840172e-04,2.300971187651157379e-03,9.638041257858276367e-03,-4.128822982311248779e-01,5.709229153580963612e-04,1.250227069249376655e-04
9.375550985336303711e+00,8.628641953691840172e-04,1.917476067319512367e-03,9.638041257858276367e-03,-4.128822982311248779e-01,5.709229153580963612e-04,1.250227069249376655e-04
9.377551078796386719e+00,9.108011145144701004e-04,3.067961661145091057e-03,3.156567737460136414e-02,2.001737058162689209e-01,-3.042463795281946659e-04,-6.336567457765340805e-05
9.379551172256469727e+00,9.108011145144701004e-04,3.067961661145091057e-03,-1.303908694535493851e-02,-1.210632547736167908e-01,1.733772660372778773e-04,-4.354009579401463270e-04
9.381551265716552734e+00,7.190534961409866810e-04,2.684466540813446045e-03,-1.303908694535493851e-02,-1.210632547736167908e-01,1.733772660372778773e-04,-4.354009579401463270e-04
9.383551359176635742e+00,8.149273344315588474e-04,2.300971187651157379e-03,1.352669391781091690e-02,-3.357288241386413574e-01,-6.697906792396679521e-05,-1.981469686143100262e-04
9.385551452636718750e+00,8.149273344315588474e-04,2.300971187651157379e-03,-1.470598019659519196e-02,5.666435882449150085e-02,-4.463653604034334421e-04,-1.470090064685791731e-04
9.387551546096801758e+00,6.711166352033615112e-04,3.067961661145091057e-03,-1.470598019659519196e-02,5.666435882449150085e-02,-4.463653604034334421e-04,-1.470090064685791731e-04
9.389551639556884766e+00,6.231797160580754280e-04,3.067961661145091057e-03,-1.758123561739921570e-02,-7.074543088674545288e-02,9.723496623337268829e-05,-4.429050022736191750e-04
9.391551733016967773e+00,6.231797160580754280e-04,3.067961661145091057e-03,3.504129499197006226e-02,-5.657457560300827026e-02,-3.466636826487956569e-06,-2.150455693481490016e-04
9.393551826477050781e+00,8.149273344315588474e-04,3.067961661145091057e-03,3.504129499197006226e-02,-5.657457560300827026e-02,-3.466636826487956569e-06,-2.150455693481490016e-04
9.395551919937133789e+00,5.752427969127893448e-04,2.684466540813446045e-03,-1.678251288831233978e-02,-2.367318719625473022e-01,-2.467182930558919907e-04,1.702109439065679908e-04
9.397552013397216797e+00,5.752427969127893448e-04,2.684466540813446045e-03,-1.235627755522727966e-02,-5.830853581428527832e-01,-6.334915087791159749e-05,1.434436853742226958e-04
9.399552106857299805e+00,5.752427969127893448e-04,1.917476067319512367e-03,-1.235627755522727966e-02,-5.830853581428527832e-01,-6.334915087791159749e-05,1.434436853742226958e-04
9.401552438735961914e+00,5.273059359751641750e-04,3.451456781476736069e-03,-2.289245650172233582e-02,1.701622605323791504e-01,-1.447351824026554823e-04,-1.424093934474512935e-04
9.403552770614624023e+00,5.273059359751641750e-04,3.451456781476736069e-03,-2.700261538848280907e-04,-5.080567598342895508e-01,-4.335467820055782795e-04,1.033074440783821046e-04
9.405552864074707031e+00,6.231797160580754280e-04,1.917476067319512367e-03,-2.700261538848280907e-04,-5.080567598342895508e-01,-4.335467820055782795e-04,1.033074440783821046e-04
9.407552957534790039e+00,6.231797160580754280e-04,2.684466540813446045e-03,-7.676763343624770641e-04,-1.794948577880859375e-01,6.343293352983891964e-05,2.961940481327474117e-04
9.409553050994873047e+00,6.231797160580754280e-04,2.684466540813446045e-03,-1.503043714910745621e-02,-2.992927730083465576e-01,1.353599363937973976e-04,-3.143430803902447224e-04
9.411553144454956055e+00,5.752427969127893448e-04,2.300971187651157379e-03,-1.503043714910745621e-02,-2.992927730083465576e-01,1.353599363937973976e-04,-3.143430803902447224e-04
9.413553237915039062e+00,6.231797160580754280e-04,2.684466540813446045e-03,-5.852452479302883148e-03,-1.086063161492347717e-01,-4.642602289095520973e-05,3.405422612559050322e-04
9.415553331375122070e+00,6.231797160580754280e-04,2.684466540813446045e-03,-1.030622143298387527e-02,1.069465205073356628e-01,2.419076190562918782e-05,2.056256926152855158e-04
9.417553424835205078e+00,6.231797160580754280e-04,3.067961661145091057e-03,-1.030622143298387527e-02,1.069465205073356628e-01,2.419076190562918782e-05,2.056256926152855158e-04
9.419553518295288086e+00,6.711166352033615112e-04,2.300971187651157379e-03,-4.582196997944265604e-04,-2.107537835836410522e-01,5.724749644286930561e-05,5.728835822083055973e-05
9.421553611755371094e+00,6.711166352033615112e-04,2.300971187651157379e-03,8.389623835682868958e-03,2.072351872920989990e-01,3.858199925161898136e-04,-1.939271751325577497e-04
9.423553705215454102e+00,7.190534961409866810e-04,3.067961661145091057e-03,8.389623835682868958e-03,2.072351872920989990e-01,3.858199925161898136e-04,-1.939271751325577497e-04
9.425553798675537109e+00,6.711166352033615112e-04,2.300971187651157379e-03,-6.353520788252353668e-03,-1.855658441781997681e-01,-7.301884033950045705e-05,2.598758146632462740e-04
9.427553892135620117e+00,6.711166352033615112e-04,2.300971187651157379e-03,-1.861025951802730560e-02,4.667974635958671570e-02,3.046360689040739089e-06,-7.165657007135450840e-05
9.429553985595703125e+00,6.231797160580754280e-04,2.684466540813446045e-03,-1.861025951802730560e-02,4.667974635958671570e-02,3.046360689040739089e-06,-7.165657007135450840e-05
9.431554079055786133e+00,7.190534961409866810e-04,1.917476067319512367e-03,6.174835376441478729e-03,-3.133456408977508545e-01,3.261772508267313242e-04,4.773137902702728752e-07
9.433554172515869141e+00,6.711166352033615112e-04,3.067961661145091057e-03,-3.797946730628609657e-03,2.204642742872238159e-01,3.668697318062186241e-04,1.872213179012760520e-04
9.435554265975952148e+00,6.711166352033615112e-04,3.067961661145091057e-03,-3.797946730628609657e-03,2.204642742872238159e-01,3.668697318062186241e-04,1.872213179012760520e-04
9.437554359436035156e+00,7.190534961409866810e-04,3.067961661145091057e-03,1.462300121784210205e-02,2.174555882811546326e-02,4.980909870937466621e-04,7.774033292662352324e-05
9.439554452896118164e+00,7.190534961409866810e-04,3.067961661145091057e-03,3.448001295328140259e-02,2.415444999933242798e-01,-1.014487788779661059e-04,-4.375288845039904118e-04
9.441554546356201172e+00,7.669904152862727642e-04,3.451456781476736069e-03,3.448001295328140259e-02,2.415444999933242798e-01,-1.014487788779661059e-04,-4.375288845039904118e-04
9.443554639816284180e+00,6.711166352033615112e-04,3.834952134639024734e-03,1.945225521922111511e-02,4.047185182571411133e-01,5.523203071788884699e-05,-6.969427922740578651e-04
9.445554733276367188e+00,6.711166352033615112e-04,3.834952134639024734e-03,-8.389891125261783600e-03,2.271383106708526611e-01,1.598472226760350168e-05,-2.432642650092020631e-04
9.447554826736450195e+00,5.273059359751641750e-04,3.451456781476736069e-03,-8.389891125261783600e-03,2.271383106708526611e-01,1.598472226760350168e-05,-2.432642650092020631e-04
9.449554920196533203e+00,4.314320976845920086e-04,3.834952134639024734e-03,-2.472035773098468781e-02,3.950057327747344971e-01,2.404074912192299962e-04,-3.517673758324235678e-05
9.451555013656616211e+00,4.314320976845920086e-04,3.834952134639024734e-03,-2.083554863929748535e-02,-4.226009249687194824e-01,-2.529008779674768448e-04,6.438625860027968884e-05
9.453555107116699219e+00,4.314320976845920086e-04,2.300971187651157379e-03,-2.083554863929748535e-02,-4.226009249687194824e-01,-2.529008779674768448e-04,6.438625860027968884e-05
9.455555915832519531e+00,6.231797160580754280e-04,3.067961661145091057e-03,2.581136114895343781e-02,-5.575556308031082153e-02,-1.409784890711307526e-04,1.262131409021094441e-04
9.457556009292602539e+00,6.231797160580754280e-04,3.067961661145091057e-03,1.114081684499979019e-02,1.931158080697059631e-02,-1.917249464895576239e-04,-3.608937258832156658e-04
9.459556102752685547e+00,5.752427969127893448e-04,3.067961661145091057e-03,1.114081684499979019e-02,1.931158080697059631e-02,-1.917249464895576239e-04,-3.608937258832156658e-04
9.461556196212768555e+00,6.231797160580754280e-04,1.917476067319512367e-03,1.946125552058219910e-02,-3.764660358428955078e-01,-3.571353736333549023e-04,6.021941080689430237e-04
9.463556289672851562e+00,6.231797160580754280e-04,3.451456781476736069e-03,4.832084476947784424e-02,2.520823478698730469e-01,1.984663977054879069e-04,3.099280729657039046e-05
9.465556383132934570e+00,7.669904152862727642e-04,3.451456781476736069e-03,4.832084476947784424e-02,2.520823478698730469e-01,1.984663977054879069e-04,3.099280729657039046e-05
9.467556476593017578e+00,7.190534961409866810e-04,2.300971187651157379e-03,3.004239313304424286e-02,-2.057334929704666138e-01,-1.079278263205196708e-06,-1.227710163220763206e-04
9.469556570053100586e+00,7.190534961409866810e-04,2.300971187651157379e-03,-1.019302010536193848e-02,1.864763200283050537e-01,-8.931690535973757505e-05,6.577044405275955796e-05
9.471556663513183594e+00,5.752427969127893448e-04,3.067961661145091057e-03,-1.019302010536193848e-02,1.864763200283050537e-01,-8.931690535973757505e-05,6.577044405275955796e-05
9.473556756973266602e+00,7.190534961409866810e-04,2.300971187651157379e-03,2.262147516012191772e-02,-1.301276385784149170e-01,-9.687701822258532047e-05,-1.932821323862299323e-04
9.475556850433349609e+00,7.190534961409866810e-04,2.300971187651157379e-03,2.094587252940982580e-04,-3.818617463111877441e-01,9.478778338234405965e-06,3.912634856533259153e-04
9.477556943893432617e+00,6.231797160580754280e-04,1.917476067319512367e-03,2.094587252940982580e-04,-3.818617463111877441e-01,9.478778338234405965e-06,3.912634856533259153e-04
9.479557037353515625e+00,7.190534961409866810e-04,2.300971187651157379e-03,2.500235103070735931e-02,-2.387314438819885254e-01,2.279687469126656651e-04,-5.096012610010802746e-04
9.481557130813598633e+00,7.190534961409866810e-04,2.300971187651157379e-03,-1.578615047037601471e-02,1.544270217418670654e-01,-2.957436954602599144e-04,-1.852075947681441903e-04
9.483557224273681641e+00,5.273059359751641750e-04,3.067961661145091057e-03,-1.578615047037601471e-02,1.544270217418670654e-01,-2.957436954602599144e-04,-1.852075947681441903e-04
9.485557317733764648e+00,7.190534961409866810e-04,3.834952134639024734e-03,3.846898302435874939e-02,4.748544991016387939e-01,3.324428689666092396e-05,4.782030009664595127e-05
9.487557411193847656e+00,7.190534961409866810e-04,3.834952134639024734e-03,3.278381377458572388e-02,1.465248316526412964e-01,1.048237245413474739e-04,3.767948655877262354e-04
9.489557504653930664e+00,6.711166352033615112e-04,3.451456781476736069e-03,3.278381377458572388e-02,1.465248316526412964e-01,1.048237245413474739e-04,3.767948655877262354e-04
9.491557598114013672e+00,5.273059359751641750e-04,3.067961661145091057e-03,2.711214823648333549e-03,4.303116723895072937e-02,-2.170409861719235778e-04,1.584400451974943280e-04
9.493557691574096680e+00,5.273059359751641750e-04,3.067961661145091057e-03,5.848872940987348557e-03,-5.501967668533325195e-01,2.749952545855194330e-04,9.011790098156780005e-05
9.495558023452758789e+00,5.273059359751641750e-04,1.917476067319512367e-03,5.848872940987348557e-03,-5.501967668533325195e-01,2.749952545855194330e-04,9.011790098156780005e-05
9.497558116912841797e+00,4.314320976845920086e-04,2.684466540813446045e-03,-1.847012527287006378e-02,-1.933187544345855713e-01,1.875355374068021774e-04,3.854693786706775427e-04
9.499558210372924805e+00,4.314320976845920086e-04,2.684466540813446045e-03,-1.847012527287006378e-02,-1.933187544345855713e-01,-1.651957572903484106e-04,-3.570173576008528471e-04
9.501558303833007812e+00,5.273059359751641750e-04,3.451456781476736069e-03,5.153406527824699879e-04,1.916931122541427612e-01,-1.651957572903484106e-04,-3.570173576008528471e-04
9.503558397293090820e+00,6.711166352033615112e-04,2.684466540813446045e-03,2.869812771677970886e-02,-1.764715313911437988e-01,1.688932097749784589e-04,1.992860634345561266e-04
9.505558729171752930e+00,6.711166352033615112e-04,2.684466540813446045e-03,2.869812771677970886e-02,-1.764715313911437988e-01,1.688932097749784589e-04,1.992860634345561266e-04
9.507558822631835938e+00,4.793690168298780918e-04,1.917476067319512367e-03,-2.790335565805435181e-02,-4.257431626319885254e-01,4.256831889506429434e-04,3.740227111848071218e-05
9.509558916091918945e+00,8.149273344315588474e-04,3.067961661145091057e-03,4.423977807164192200e-02,2.104120850563049316e-01,2.595500263851135969e-04,1.905484532471746206e-04
9.511559009552001953e+00,8.149273344315588474e-04,3.067961661145091057e-03,2.431869693100452423e-02,-2.075382173061370850e-01,2.890410833060741425e-04,-2.582810338935814798e-05
9.513559103012084961e+00,7.669904152862727642e-04,2.300971187651157379e-03,2.431869693100452423e-02,-2.075382173061370850e-01,2.890410833060741425e-04,-2.582810338935814798e-05
9.515559196472167969e+00,7.669904152862727642e-04,2.300971187651157379e-03,2.093631587922573090e-02,-6.861728429794311523e-02,-2.453475608490407467e-04,1.015790621750056744e-04
9.517559289932250977e+00,7.669904152862727642e-04,2.300971187651157379e-03,-5.945136770606040955e-03,-3.200071156024932861e-01,-1.020765412249602377e-04,-3.291364409960806370e-04
9.519559383392333984e+00,6.711166352033615112e-04,1.917476067319512367e-03,-5.945136770606040955e-03,-3.200071156024932861e-01,-1.020765412249602377e-04,-3.291364409960806370e-04
9.521559476852416992e+00,7.190534961409866810e-04,1.917476067319512367e-03,3.975564613938331604e-03,-3.278316259384155273e-01,-6.027621930115856230e-05,-4.513229214353486896e-05
9.523559570312500000e+00,7.190534961409866810e-04,1.917476067319512367e-03,-4.145508259534835815e-02,1.251417677849531174e-02,2.595672558527439833e-04,-4.460754280444234610e-04
9.525559663772583008e+00,5.273059359751641750e-04,2.684466540813446045e-03,-4.145508259534835815e-02,1.251417677849531174e-02,2.595672558527439833e-04,-4.460754280444234610e-04
9.527559995651245117e+00,7.190534961409866810e-04,2.300971187651157379e-03,5.717237014323472977e-03,-1.749098598957061768e-01,-1.125536582549102604e-04,-3.533989729476161301e-05
9.529560089111328125e+00,7.190534961409866810e-04,2.300971187651157379e-03,-1.677419431507587433e-02,-9.206909686326980591e-02,-1.448383554816246033e-04,5.881236284039914608e-04
9.531560182571411133e+00,6.231797160580754280e-04,2.684466540813446045e-03,-1.677419431507587433e-02,-9.206909686326980591e-02,-1.448383554816246033e-04,5.881236284039914608e-04
9.533560276031494141e+00,7.190534961409866810e-04,2.300971187651157379e-03,7.662496995180845261e-03,-2.795676887035369873e-01,-2.785074466373771429e-04,-1.111077217501588166e-04
9.535560369491577148e+00,7.190534961409866810e-04,2.300971187651157379e-03,-3.702608495950698853e-02,-2.894296050071716309e-01,-1.077588967746123672e-04,-1.589334715390577912e-04
9.537560462951660156e+00,5.273059359751641750e-04,2.300971187651157379e-03,-3.702608495950698853e-02,-2.894296050071716309e-01,-1.077588967746123672e-04,-1.589334715390577912e-04
9.539560556411743164e+00,6.231797160580754280e-04,3.067961661145091057e-03,-9.990777820348739624e-03,7.656432688236236572e-02,2.021523641815292649e-06,2.251208352390676737e-04
9.541560649871826172e+00,6.231797160580754280e-04,3.067961661145091057e-03,-8.708858862519264221e-03,3.912219107151031494e-01,2.347787230974063277e-04,-7.165403076214715838e-05
9.543560743331909180e+00,6.231797160580754280e-04,3.834952134639024734e-03,-8.708858862519264221e-03,3.912219107151031494e-01,2.347787230974063277e-04,-7.165403076214715838e-05
9.545560836791992188e+00,7.190534961409866810e-04,2.300971187651157379e-03,1.896193623542785645e-02,-3.049806654453277588e-01,2.917787060141563416e-04,4.939845530316233635e-05
9.547560930252075195e+00,7.190534961409866810e-04,2.300971187651157379e-03,8.897237479686737061e-03,6.408073008060455322e-02,2.255856525152921677e-04,3.686660784296691418e-04
9.549561023712158203e+00,6.711166352033615112e-04,3.067961661145091057e-03,8.897237479686737061e-03,6.408073008060455322e-02,2.255856525152921677e-04,3.686660784296691418e-04
9.551561117172241211e+00,7.190534961409866810e-04,3.067961661145091057e-03,2.156129851937294006e-02,5.349340848624706268e-03,-3.640613576862961054e-04,1.482736261095851660e-04
9.553561210632324219e+00,7.190534961409866810e-04,3.067961661145091057e-03,-1.294475048780441284e-02,-4.429415240883827209e-02,-6.297757499851286411e-05,-2.314480298082344234e-06
9.555561304092407227e+00,5.752427969127893448e-04,3.067961661145091057e-03,-1.294475048780441284e-02,-4.429415240883827209e-02,-6.297757499851286411e-05,-2.314480298082344234e-06
9.557561397552490234e+00,5.752427969127893448e-04,3.451456781476736069e-03,-1.424062903970479965e-02,1.927029937505722046e-01,5.121228969073854387e-05,9.915871487464755774e-05
9.559561491012573242e+00,5.752427969127893448e-04,3.451456781476736069e-03,1.626654155552387238e-02,-1.395929977297782898e-02,-7.318195002881111577e-06,9.457396663492545485e-05
9.561561584472656250e+00,7.190534961409866810e-04,3.067961661145091057e-03,1.626654155552387238e-02,-1.395929977297782898e-02,-7.318195002881111577e-06,9.457396663492545485e-05
9.563561677932739258e+00,6.711166352033615112e-04,3.451456781476736069e-03,4.462218785192817450e-04,1.010989546775817871e-01,4.764677214552648365e-05,4.691620997618883848e-04
9.565561771392822266e+00,6.711166352033615112e-04,3.067961661145091057e-03,-4.324635025113821030e-03,-2.270975895226001740e-02,-8.183938189176842570e-05,-4.408229142427444458e-05
9.567561864852905273e+00,6.711166352033615112e-04,3.067961661145091057e-03,-4.324635025113821030e-03,-2.270975895226001740e-02,-8.183938189176842570e-05,-4.408229142427444458e-05
9.569561958312988281e+00,6.231797160580754280e-04,3.834952134639024734e-03,-1.884699426591396332e-02,4.461804926395416260e-01,-1.761943858582526445e-04,-3.438080511841690168e-06
9.571562051773071289e+00,6.231797160580754280e-04,3.834952134639024734e-03,3.035732661373913288e-04,3.574440777301788330e-01,1.525321276858448982e-04,-8.759350748732686043e-05
9.573562145233154297e+00,7.190534961409866810e-04,3.451456781476736069e-03,3.035732661373913288e-04,3.574440777301788330e-01,1.525321276858448982e-04,-8.759350748732686043e-05
9.575562238693237305e+00,9.108011145144701004e-04,2.300971187651157379e-03,4.438398778438568115e-02,-2.535601258277893066e-01,-8.679061284055933356e-05,-1.168392336694523692e-04
9.577562332153320312e+00,9.108011145144701004e-04,2.300971187651157379e-03,-2.167312894016504288e-03,3.705551624298095703e-01,8.974048978416249156e-05,2.550331992097198963e-04
9.579562425613403320e+00,7.190534961409866810e-04,3.451456781476736069e-03,-2.167312894016504288e-03,3.705551624298095703e-01,8.974048978416249156e-05,2.550331992097198963e-04
9.581562757492065430e+00,7.190534961409866810e-04,2.300971187651157379e-03,2.238609129562973976e-03,-2.104176133871078491e-01,-2.668452907528262585e-05,8.419302321271970868e-05
9.583562850952148438e+00,7.190534961409866810e-04,2.300971187651157379e-03,-2.039783634245395660e-02,5.741146802902221680e-01,-2.599423751235008240e-04,-1.191778283100575209e-04
9.585562944412231445e+00,6.231797160580754280e-04,3.834952134639024734e-03,-2.039783634245395660e-02,5.741146802902221680e-01,-2.599423751235008240e-04,-1.191778283100575209e-04
9.587563037872314453e+00,5.752427969127893448e-04,4.218447487801313400e-03,-2.800821699202060699e-02,6.142686009407043457e-01,-9.569075336912646890e-05,-1.690094336481706705e-06
9.589563131332397461e+00,5.752427969127893448e-04,4.218447487801313400e-03,1.239982247352600098e-02,4.934241473674774170e-01,4.199015384074300528e-04,2.665721112862229347e-04
9.591563224792480469e+00,7.190534961409866810e-04,3.834952134639024734e-03,1.239982247352600098e-02,4.934241473674774170e-01,4.199015384074300528e-04,2.665721112862229347e-04
9.593563318252563477e+00,5.752427969127893448e-04,3.451456781476736069e-03,-2.093687094748020172e-02,2.463583648204803467e-01,-2.355449578317347914e-05,-5.640761810354888439e-04
9.595563411712646484e+00,5.752427969127893448e-04,3.451456781476736069e-03,-1.750087551772594452e-02,-9.522061049938201904e-02,2.461697149556130171e-04,-7.725701289018616080e-05
9.597563505172729492e+00,5.752427969127893448e-04,2.684466540813446045e-03,-1.750087551772594452e-02,-9.522061049938201904e-02,2.461697149556130171e-04,-7.725701289018616080e-05
9.599563598632812500e+00,6.231797160580754280e-04,2.300971187651157379e-03,-2.472724765539169312e-03,-2.057775408029556274e-01,9.190001583192497492e-05,-1.930643484229221940e-04
9.601563692092895508e+00,6.231797160580754280e-04,2.300971187651157379e-03,2.250741794705390930e-02,-3.522956371307373047e-01,-2.313245058758184314e-04,-7.182753179222345352e-04
9.603563785552978516e+00,7.190534961409866810e-04,2.300971187651157379e-03,2.250741794705390930e-02,-3.522956371307373047e-01,-2.313245058758184314e-04,-7.182753179222345352e-04
9.605563879013061523e+00,6.231797160580754280e-04,3.067961661145091057e-03,1.132206059992313385e-03,9.150727838277816772e-02,-2.814746403601020575e-04,1.740509032970294356e-04
9.607563972473144531e+00,6.231797160580754280e-04,3.067961661145091057e-03,2.517114765942096710e-02,2.381721735000610352e-01,-1.204415020765736699e-04,-4.691021604230627418e-05
9.609564065933227539e+00,7.190534961409866810e-04,3.451456781476736069e-03,2.517114765942096710e-02,2.381721735000610352e-01,-1.204415020765736699e-04,-4.691021604230627418e-05
9.611564397811889648e+00,5.273059359751641750e-04,2.684466540813446045e-03,-1.978024095296859741e-02,-1.615249663591384888e-01,-3.252842579968273640e-04,7.158971129683777690e-05
9.613564491271972656e+00,5.273059359751641750e-04,2.684466540813446045e-03,-1.978024095296859741e-02,-1.615249663591384888e-01,-3.252842579968273640e-04,7.158971129683777690e-05
9.615564584732055664e+00,6.711166352033615112e-04,2.684466540813446045e-03,1.458720583468675613e-02,1.025111414492130280e-02,-2.528270415496081114e-04,-6.350990151986479759e-04
9.617564678192138672e+00,7.669904152862727642e-04,3.067961661145091057e-03,3.480624780058860779e-02,1.327314972877502441e-01,-1.858567993622273207e-04,-2.297944738529622555e-04
9.619564771652221680e+00,7.669904152862727642e-04,3.067961661145091057e-03,-2.475908957421779633e-03,-3.627509772777557373e-01,2.031947951763868332e-04,-6.686826818622648716e-04
9.621564865112304688e+00,6.231797160580754280e-04,1.917476067319512367e-03,-2.475908957421779633e-03,-3.627509772777557373e-01,2.031947951763868332e-04,-6.686826818622648716e-04
9.623565196990966797e+00,6.711166352033615112e-04,1.917476067319512367e-03,5.336102098226547241e-03,-3.700474500656127930e-01,2.943272702395915985e-04,7.919790368760004640e-05
9.625565290451049805e+00,6.711166352033615112e-04,1.917476067319512367e-03,4.885389935225248337e-03,-3.617656230926513672e-01,-3.711932731675915420e-05,-2.412671892670914531e-04
9.627565383911132812e+00,6.711166352033615112e-04,1.917476067319512367e-03,4.885389935225248337e-03,-3.617656230926513672e-01,-3.711932731675915420e-05,-2.412671892670914531e-04
9.629565477371215820e+00,6.231797160580754280e-04,2.300971187651157379e-03,-5.550492089241743088e-03,-1.744807809591293335e-01,-3.061048337258398533e-04,-4.380194586701691151e-04
9.631565570831298828e+00,6.231797160580754280e-04,2.300971187651157379e-03,2.225134521722793579e-02,-1.922812163829803467e-01,-3.324586723465472460e-04,2.184173063142225146e-04
9.633565664291381836e+00,7.190534961409866810e-04,2.300971187651157379e-03,2.225134521722793579e-02,-1.922812163829803467e-01,-3.324586723465472460e-04,2.184173063142225146e-04
9.635565757751464844e+00,5.273059359751641750e-04,1.917476067319512367e-03,-1.736973971128463745e-02,-5.218708515167236328e-01,2.614946279209107161e-04,-1.725877518765628338e-05
9.637565851211547852e+00,5.273059359751641750e-04,1.917476067319512367e-03,-3.301603719592094421e-02,-3.592468425631523132e-02,-2.534117993491236120e-05,-1.293358072871342301e-04
9.640285015106201172e+00,4.314320976845920086e-04,3.067961661145091057e-03,-3.301603719592094421e-02,-3.592468425631523132e-02,-2.534117993491236120e-05,4.937747689837124199e-06
9.642285108566284180e+00,5.752427969127893448e-04,4.218447487801313400e-03,8.490063250064849854e-03,4.845167398452758789e-01,-3.014231624547392130e-04,4.937747689837124199e-06
9.644285678863525391e+00,4.793690168298780918e-04,2.300971187651157379e-03,-1.146379858255386353e-02,-3.780014812946319580e-01,4.595796781359240413e-05,-5.424182018032297492e-05
9.646285772323608398e+00,4.793690168298780918e-04,2.300971187651157379e-03,3.607863932847976685e-02,1.910879164934158325e-01,1.173988675873260945e-05,-1.118343789130449295e-04
9.648285865783691406e+00,6.711166352033615112e-04,3.451456781476736069e-03,3.607863932847976685e-02,1.910879164934158325e-01,1.173988675873260945e-05,-1.118343789130449295e-04
9.650285959243774414e+00,5.752427969127893448e-04,3.067961661145091057e-03,1.002718973904848099e-02,6.156314536929130554e-02,3.182769432896748185e-05,-4.185417783446609974e-04
9.652286052703857422e+00,5.752427969127893448e-04,3.067961661145091057e-03,1.673052459955215454e-02,1.009968221187591553e-01,-9.584896906744688749e-05,4.139530356042087078e-04
9.654286146163940430e+00,6.231797160580754280e-04,3.067961661145091057e-03,1.673052459955215454e-02,1.009968221187591553e-01,-9.584896906744688749e-05,4.139530356042087078e-04
9.656286478042602539e+00,6.711166352033615112e-04,3.451456781476736069e-03,2.459337562322616577e-02,2.572843134403228760e-01,1.234617957379668951e-05,-1.811465772334486246e-04
9.658286571502685547e+00,5.273059359751641750e-04,3.451456781476736069e-03,-1.370742358267307281e-02,3.562481701374053955e-01,-1.777147699613124132e-04,4.767701113905786769e-07
9.660286664962768555e+00,5.273059359751641750e-04,3.451456781476736069e-03,-1.370742358267307281e-02,3.562481701374053955e-01,-1.777147699613124132e-04,4.767701113905786769e-07
9.662286758422851562e+00,6.711166352033615112e-04,3.067961661145091057e-03,1.784052327275276184e-02,1.973773688077926636e-01,-6.698986544506624341e-05,-2.834922634065151215e-04
9.664286851882934570e+00,6.711166352033615112e-04,3.067961661145091057e-03,1.784052327275276184e-02,1.973773688077926636e-01,3.381546121090650558e-04,-2.292389108333736658e-04
9.666287183761596680e+00,4.314320976845920086e-04,2.684466540813446045e-03,-4.271090403199195862e-02,7.871946319937705994e-03,3.381546121090650558e-04,-2.292389108333736658e-04
9.668287277221679688e+00,5.752427969127893448e-04,2.684466540813446045e-03,-7.828947156667709351e-03,-2.501896349713206291e-03,3.086932993028312922e-04,2.913941279985010624e-04
9.670287370681762695e+00,5.752427969127893448e-04,2.684466540813446045e-03,-7.828947156667709351e-03,-2.501896349713206291e-03,2.914615033660084009e-04,7.768443902023136616e-04
9.672287464141845703e+00,5.752427969127893448e-04,4.985437728464603424e-03,-7.631701882928609848e-03,1.071120738983154297e+00,2.914615033660084009e-04,7.768443902023136616e-04
9.674287557601928711e+00,5.752427969127893448e-04,3.067961661145091057e-03,-4.677485208958387375e-03,9.485570713877677917e-03,1.914504537126049399e-04,-1.220581252709962428e-04
9.676287889480590820e+00,5.752427969127893448e-04,3.067961661145091057e-03,-4.677485208958387375e-03,9.485570713877677917e-03,2.319550258107483387e-04,-3.557217423804104328e-04
9.678287982940673828e+00,6.231797160580754280e-04,3.451456781476736069e-03,1.227118913084268570e-02,2.226920276880264282e-01,2.319550258107483387e-04,-3.557217423804104328e-04
9.680288076400756836e+00,3.834952076431363821e-04,2.300971187651157379e-03,-3.975740447640419006e-02,-4.173265695571899414e-01,2.294086298206821084e-04,6.303807022050023079e-04
9.682288169860839844e+00,3.834952076431363821e-04,2.300971187651157379e-03,-3.975740447640419006e-02,-4.173265695571899414e-01,2.012110635405406356e-04,6.373553333105519414e-05
9.684288263320922852e+00,5.752427969127893448e-04,3.067961661145091057e-03,1.165663637220859528e-02,-8.084286935627460480e-03,2.012110635405406356e-04,6.373553333105519414e-05
9.686288356781005859e+00,4.793690168298780918e-04,3.834952134639024734e-03,-1.174815651029348373e-02,3.896709084510803223e-01,-6.750104512320831418e-05,1.867436803877353668e-04
9.688288450241088867e+00,4.793690168298780918e-04,3.834952134639024734e-03,1.166534028016030788e-03,-5.277758240699768066e-01,2.114357484970241785e-04,5.210554227232933044e-04
9.690288543701171875e+00,5.273059359751641750e-04,1.917476067319512367e-03,1.166534028016030788e-03,-5.277758240699768066e-01,2.114357484970241785e-04,5.210554227232933044e-04
9.692288637161254883e+00,5.752427969127893448e-04,1.917476067319512367e-03,1.078322250396013260e-02,-5.410117506980895996e-01,3.363261348567903042e-04,-8.848458674037829041e-05
9.694288730621337891e+00,5.752427969127893448e-04,1.917476067319512367e-03,1.078322250396013260e-02,-5.410117506980895996e-01,3.363261348567903042e-04,-8.848458674037829041e-05
9.696289062500000000e+00,4.314320976845920086e-04,2.300971187651157379e-03,-2.833255380392074585e-02,-3.181918263435363770e-01,-3.220931394025683403e-04,3.265288542024791241e-04
9.698289155960083008e+00,5.752427969127893448e-04,2.684466540813446045e-03,1.137621467933058739e-03,-1.321040093898773193e-01,-2.501705894246697426e-04,6.273500912357121706e-05
9.700289249420166016e+00,5.752427969127893448e-04,2.684466540813446045e-03,4.229468852281570435e-02,-8.864584565162658691e-02,8.681716280989348888e-06,2.524531446397304535e-04
9.702289342880249023e+00,7.669904152862727642e-04,2.684466540813446045e-03,4.229468852281570435e-02,-8.864584565162658691e-02,8.681716280989348888e-06,2.524531446397304535e-04
9.704289436340332031e+00,5.752427969127893448e-04,3.451456781476736069e-03,-8.698379620909690857e-03,2.820281684398651123e-01,-2.003436966333538294e-04,2.260741312056779861e-04
9.706289529800415039e+00,5.752427969127893448e-04,3.451456781476736069e-03,-8.698379620909690857e-03,2.820281684398651123e-01,-2.180658484576269984e-04,-1.239422272192314267e-04
9.708289623260498047e+00,6.231797160580754280e-04,2.300971187651157379e-03,2.650242240633815527e-04,-1.472416520118713379e-01,-2.180658484576269984e-04,-1.239422272192314267e-04
9.710289716720581055e+00,6.231797160580754280e-04,3.067961661145091057e-03,-2.745054429396986961e-03,5.427083745598793030e-02,-4.626680674846284091e-05,2.271331468364223838e-04
9.712289810180664062e+00,6.231797160580754280e-04,3.067961661145091057e-03,-2.745054429396986961e-03,5.427083745598793030e-02,-2.805579279083758593e-04,-3.586977254599332809e-04
9.714289903640747070e+00,8.149273344315588474e-04,3.451456781476736069e-03,4.262210428714752197e-02,2.820061743259429932e-01,-2.805579279083758593e-04,-3.586977254599332809e-04
9.716289997100830078e+00,7.669904152862727642e-04,2.684466540813446045e-03,3.140754252672195435e-02,-4.018265008926391602e-02,3.225629916414618492e-05,-8.008730219444260001e-05
9.718290090560913086e+00,7.669904152862727642e-04,2.684466540813446045e-03,-2.512719482183456421e-02,-3.887096643447875977e-01,-2.403777398285456002e-05,-2.428212901577353477e-04
9.720290184020996094e+00,5.273059359751641750e-04,1.917476067319512367e-03,-2.512719482183456421e-02,-3.887096643447875977e-01,-2.403777398285456002e-05,-2.428212901577353477e-04
9.722290277481079102e+00,7.190534961409866810e-04,3.067961661145091057e-03,2.114329673349857330e-02,2.086426168680191040e-01,-2.761169753284775652e-06,-4.602371773216873407e-04
9.724290370941162109e+00,7.190534961409866810e-04,3.067961661145091057e-03,2.114329673349857330e-02,2.086426168680191040e-01,1.351797836832702160e-04,-2.474236825946718454e-04
9.726290464401245117e+00,6.231797160580754280e-04,2.684466540813446045e-03,-4.126229905523359776e-04,-5.811081454157829285e-02,1.351797836832702160e-04,-2.474236825946718454e-04
9.728290557861328125e+00,7.669904152862727642e-04,2.684466540813446045e-03,3.294989839196205139e-02,-3.530403971672058105e-02,1.585797290317714214e-04,-3.099704917985945940e-04
9.730290651321411133e+00,7.669904152862727642e-04,2.684466540813446045e-03,3.294989839196205139e-02,-3.530403971672058105e-02,1.681155263213440776e-04,-2.791247097775340080e-04
9.732290744781494141e+00,6.231797160580754280e-04,3.451456781476736069e-03,-3.302256111055612564e-03,3.542766273021697998e-01,1.681155263213440776e-04,-2.791247097775340080e-04
9.734290838241577148e+00,5.752427969127893448e-04,3.067961661145091057e-03,-1.490330975502729416e-02,6.616368144750595093e-02,1.891299616545438766e-04,-2.294988225912675261e-04
9.736290931701660156e+00,5.752427969127893448e-04,3.067961661145091057e-03,-1.490330975502729416e-02,6.616368144750595093e-02,-3.043458273168653250e-04,-3.662801755126565695e-04
9.738291025161743164e+00,6.231797160580754280e-04,3.067961661145091057e-03,-6.151219829916954041e-03,1.235252246260643005e-01,-3.043458273168653250e-04,-3.662801755126565695e-04
9.740291357040405273e+00,7.190534961409866810e-04,2.684466540813446045e-03,1.807037554681301117e-02,-1.288689821958541870e-01,5.307183018885552883e-04,-2.832089376170188189e-04
9.742291450500488281e+00,7.190534961409866810e-04,2.684466540813446045e-03,1.483229734003543854e-02,1.117978710681200027e-02,4.826039075851440430e-04,-3.957056323997676373e-04
9.744291543960571289e+00,7.190534961409866810e-04,3.067961661145091057e-03,1.483229734003543854e-02,1.117978710681200027e-02,4.826039075851440430e-04,-3.957056323997676373e-04
9.746291637420654297e+00,7.669904152862727642e-04,1.917476067319512367e-03,2.480871044099330902e-02,-5.358664393424987793e-01,5.705076182493939996e-05,-1.486737019149586558e-04
9.748291730880737305e+00,7.669904152862727642e-04,1.917476067319512367e-03,-4.546592757105827332e-02,-1.155581921339035034e-01,2.981570723932236433e-04,-6.686548658763058484e-06
9.750291824340820312e+00,4.793690168298780918e-04,2.684466540813446045e-03,-4.546592757105827332e-02,-1.155581921339035034e-01,2.981570723932236433e-04,-6.686548658763058484e-06
9.752291917800903320e+00,7.190534961409866810e-04,3.067961661145091057e-03,1.345062442123889923e-02,1.036525890231132507e-01,-8.552985673304647207e-05,4.380034806672483683e-04
9.754292011260986328e+00,7.190534961409866810e-04,3.067961661145091057e-03,3.518527746200561523e-02,-2.248456329107284546e-01,1.684473245404660702e-04,-4.311746452003717422e-04
9.756329536437988281e+00,8.149273344315588474e-04,2.300971187651157379e-03,3.518527746200561523e-02,-2.248456329107284546e-01,1.684473245404660702e-04,-4.311746452003717422e-04
9.758329629898071289e+00,7.190534961409866810e-04,2.300971187651157379e-03,9.894843213260173798e-03,-3.196935653686523438e-01,-6.407901673810556531e-05,-1.918655907502397895e-04
9.760329723358154297e+00,7.190534961409866810e-04,2.300971187651157379e-03,9.894843213260173798e-03,-3.196935653686523438e-01,2.564563183113932610e-04,-2.397417702013626695e-04
9.762329816818237305e+00,7.669904152862727642e-04,3.451456781476736069e-03,2.238308452069759369e-02,2.841806113719940186e-01,2.564563183113932610e-04,-2.397417702013626695e-04
9.764329910278320312e+00,7.190534961409866810e-04,3.451456781476736069e-03,1.275302655994892120e-02,3.022668659687042236e-01,1.025317542371340096e-04,-2.350184513488784432e-04
9.766330003738403320e+00,7.190534961409866810e-04,3.451456781476736069e-03,1.685279607772827148e-02,5.100814253091812134e-02,6.329570169327780604e-05,6.765194848412647843e-05
9.768330335617065430e+00,7.190534961409866810e-04,3.067961661145091057e-03,1.685279607772827148e-02,5.100814253091812134e-02,6.329570169327780604e-05,6.765194848412647843e-05
9.770330429077148438e+00,6.711166352033615112e-04,2.300971187651157379e-03,7.056208327412605286e-03,-2.802533209323883057e-01,2.611891832202672958e-04,1.087030395865440369e-04
9.772330522537231445e+00,6.711166352033615112e-04,2.300971187651157379e-03,7.056208327412605286e-03,-2.802533209323883057e-01,6.625551759498193860e-05,-2.883279812522232533e-04
9.774330854415893555e+00,6.231797160580754280e-04,2.300971187651157379e-03,-2.788647776469588280e-03,-2.640500962734222412e-01,6.625551759498193860e-05,-2.883279812522232533e-04
9.776330947875976562e+00,5.273059359751641750e-04,3.067961661145091057e-03,-2.314548008143901825e-02,4.636073485016822815e-02,-6.781220145057886839e-05,-6.027780473232269287e-04
9.778331041336059570e+00,5.273059359751641750e-04,3.067961661145091057e-03,2.608586288988590240e-02,5.748401582241058350e-02,-6.551481783390045166e-05,-9.119951573666185141e-05
9.780331134796142578e+00,7.190534961409866810e-04,3.067961661145091057e-03,2.608586288988590240e-02,5.748401582241058350e-02,-6.551481783390045166e-05,-9.119951573666185141e-05
9.782331228256225586e+00,7.190534961409866810e-04,3.067961661145091057e-03,2.689650282263755798e-02,7.185432314872741699e-02,-1.312477397732436657e-04,3.464778128545731306e-04
9.784331321716308594e+00,7.190534961409866810e-04,3.067961661145091057e-03,2.689650282263755798e-02,7.185432314872741699e-02,-2.288277028128504753e-04,2.543403825256973505e-04
9.786334753036499023e+00,6.231797160580754280e-04,3.067961661145091057e-03,4.855526145547628403e-03,2.751636132597923279e-02,-2.288277028128504753e-04,2.543403825256973505e-04
9.788334846496582031e+00,4.793690168298780918e-04,2.300971187651157379e-03,-2.899651601910591125e-02,-3.221426904201507568e-01,1.486270339228212833e-04,-2.662732149474322796e-04
9.790334939956665039e+00,4.793690168298780918e-04,2.300971187651157379e-03,-2.899651601910591125e-02,-3.221426904201507568e-01,-7.314513641176745296e-05,4.834659921471029520e-04
9.792335033416748047e+00,4.793690168298780918e-04,2.684466540813446045e-03,-3.078371472656726837e-02,-1.189470216631889343e-01,-7.314513641176745296e-05,4.834659921471029520e-04
9.794335126876831055e+00,5.752427969127893448e-04,3.451456781476736069e-03,-7.666715420782566071e-03,2.388647943735122681e-01,1.622296840650960803e-04,5.150241777300834656e-04
9.796335220336914062e+00,5.752427969127893448e-04,3.451456781476736069e-03,-7.666715420782566071e-03,2.388647943735122681e-01,-1.203862575493985787e-05,-7.372983236564323306e-05
9.798335313796997070e+00,8.149273344315588474e-04,2.684466540813446045e-03,4.819492995738983154e-02,-2.544714324176311493e-02,-1.203862575493985787e-05,-7.372983236564323306e-05
9.800335407257080078e+00,5.752427969127893448e-04,2.684466540813446045e-03,-1.203868165612220764e-02,-6.184728443622589111e-02,2.362750092288479209e-04,4.759794683195650578e-05
9.802335500717163086e+00,5.752427969127893448e-04,2.684466540813446045e-03,-1.203868165612220764e-02,-6.184728443622589111e-02,-1.762634201440960169e-04,-3.013522073160856962e-04
9.804335832595825195e+00,7.669904152862727642e-04,3.067961661145091057e-03,3.266634792089462280e-02,1.838495731353759766e-01,-1.762634201440960169e-04,-3.013522073160856962e-04
9.806336402893066406e+00,5.273059359751641750e-04,2.684466540813446045e-03,-2.623428218066692352e-02,-5.147998407483100891e-02,6.119161844253540039e-05,1.840565964812412858e-04
9.808336496353149414e+00,5.273059359751641750e-04,2.684466540813446045e-03,-1.403358415700495243e-03,-9.184736758470535278e-02,-5.619183066301047802e-04,-1.986448041861876845e-04
9.810336589813232422e+00,6.231797160580754280e-04,2.684466540813446045e-03,-1.403358415700495243e-03,-9.184736758470535278e-02,-5.619183066301047802e-04,-1.986448041861876845e-04
9.812336683273315430e+00,6.711166352033615112e-04,2.684466540813446045e-03,1.230639219284057617e-02,-7.184827327728271484e-02,1.913470623549073935e-04,-1.456830941606312990e-04
9.814336776733398438e+00,6.711166352033615112e-04,2.684466540813446045e-03,-3.123513981699943542e-02,3.018421232700347900e-01,2.979008713737130165e-04,3.153694560751318932e-04
9.816337347030639648e+00,4.793690168298780918e-04,3.451456781476736069e-03,-3.123513981699943542e-02,3.018421232700347900e-01,2.979008713737130165e-04,3.153694560751318932e-04
9.818337440490722656e+00,7.669904152862727642e-04,2.300971187651157379e-03,4.242862388491630554e-02,-4.029859304428100586e-01,3.354056098032742739e-04,2.021086984314024448e-04
9.820337772369384766e+00,7.669904152862727642e-04,2.300971187651157379e-03,4.242862388491630554e-02,-4.029859304428100586e-01,3.354056098032742739e-04,2.021086984314024448e-04
9.822337865829467773e+00,4.314320976845920086e-04,3.451456781476736069e-03,-3.625712916254997253e-02,2.649826109409332275e-01,-1.698119449429214001e-04,-1.739028084557503462e-05
9.824337959289550781e+00,5.752427969127893448e-04,2.300971187651157379e-03,1.523370621725916862e-03,-4.144563674926757812e-01,2.250791003461927176e-04,-1.673013030085712671e-04
9.826338052749633789e+00,5.752427969127893448e-04,2.300971187651157379e-03,1.523370621725916862e-03,-4.144563674926757812e-01,-8.485372381983324885e-05,-7.107398705556988716e-04
9.828338146209716797e+00,6.231797160580754280e-04,3.067961661145091057e-03,1.514412928372621536e-02,5.359552800655364990e-02,-8.485372381983324885e-05,-7.107398705556988716e-04
9.830338239669799805e+00,4.793690168298780918e-04,3.067961661145091057e-03,-2.006954699754714966e-02,8.863754570484161377e-02,6.135628063930198550e-05,2.394785697106271982e-04
9.832338333129882812e+00,4.793690168298780918e-04,3.067961661145091057e-03,2.383103221654891968e-02,6.778996437788009644e-02,-5.793300078948959708e-05,6.820891285315155983e-04
9.834338903427124023e+00,6.711166352033615112e-04,3.067961661145091057e-03,2.383103221654891968e-02,6.778996437788009644e-02,-5.793300078948959708e-05,6.820891285315155983e-04
9.836338996887207031e+00,5.752427969127893448e-04,2.684466540813446045e-03,-3.626578953117132187e-03,-1.603506132960319519e-02,-8.158032142091542482e-05,-6.446052429964765906e-05
9.838339090347290039e+00,5.752427969127893448e-04,2.684466540813446045e-03,4.522272851318120956e-03,-2.771276831626892090e-01,-5.382572417147457600e-04,7.507669506594538689e-04
9.840339183807373047e+00,6.231797160580754280e-04,2.300971187651157379e-03,4.522272851318120956e-03,-2.771276831626892090e-01,-5.382572417147457600e-04,7.507669506594538689e-04
9.842339277267456055e+00,6.231797160580754280e-04,3.067961661145091057e-03,-2.111309440806508064e-03,6.384647637605667114e-02,2.970517671201378107e-04,-4.593906051013618708e-04
9.844339370727539062e+00,6.231797160580754280e-04,3.067961661145091057e-03,-8.229675702750682831e-03,-4.628383368253707886e-02,3.078784211538732052e-04,-1.575722708366811275e-04
9.846339464187622070e+00,6.231797160580754280e-04,2.684466540813446045e-03,-8.229675702750682831e-03,-4.628383368253707886e-02,3.078784211538732052e-04,-1.575722708366811275e-04
9.848339557647705078e+00,7.190534961409866810e-04,2.684466540813446045e-03,1.270334608852863312e-02,-2.129274886101484299e-03,9.128858073381707072e-05,2.510958001948893070e-04
9.850339651107788086e+00,7.190534961409866810e-04,2.684466540813446045e-03,1.270334608852863312e-02,-2.129274886101484299e-03,-3.178922343067824841e-04,-9.227144619217142463e-05
9.852339744567871094e+00,8.628641953691840172e-04,2.300971187651157379e-03,4.461277648806571960e-02,-1.713916212320327759e-01,-3.178922343067824841e-04,-9.227144619217142463e-05
9.854339838027954102e+00,6.231797160580754280e-04,2.684466540813446045e-03,-1.437215600162744522e-02,-2.732095541432499886e-03,-4.707173793576657772e-04,-6.364994624163955450e-05
9.856339931488037109e+00,6.231797160580754280e-04,2.684466540813446045e-03,-3.623479511588811874e-03,3.303322196006774902e-01,-8.804938988760113716e-05,4.516241606324911118e-04
9.858340024948120117e+00,6.711166352033615112e-04,3.451456781476736069e-03,-3.623479511588811874e-03,3.303322196006774902e-01,-8.804938988760113716e-05,4.516241606324911118e-04
9.860340118408203125e+00,6.231797160580754280e-04,3.451456781476736069e-03,-1.354774646461009979e-02,3.248512744903564453e-01,-2.409149310551583767e-04,-6.645655230386182666e-05
9.862340211868286133e+00,6.231797160580754280e-04,3.451456781476736069e-03,-1.006165426224470139e-02,-7.297684997320175171e-02,-1.543833204777911305e-04,-6.227564881555736065e-04
9.864340305328369141e+00,6.231797160580754280e-04,2.684466540813446045e-03,-1.006165426224470139e-02,-7.297684997320175171e-02,-1.543833204777911305e-04,-6.227564881555736065e-04
9.866340398788452148e+00,5.273059359751641750e-04,3.067961661145091057e-03,-2.767008729279041290e-02,3.222036734223365784e-02,4.595779464580118656e-04,1.171945768874138594e-04
9.868340492248535156e+00,5.273059359751641750e-04,3.067961661145091057e-03,-5.174422403797507286e-04,3.470171093940734863e-01,-1.382945338264107704e-04,-3.933528932975605130e-05
9.870340585708618164e+00,6.231797160580754280e-04,3.834952134639024734e-03,-5.174422403797507286e-04,3.470171093940734863e-01,-1.382945338264107704e-04,-3.933528932975605130e-05
9.872340917587280273e+00,5.273059359751641750e-04,3.067961661145091057e-03,-1.774705760180950165e-02,6.905486434698104858e-02,-7.675342203583568335e-05,4.980746889486908913e-04
9.874341011047363281e+00,5.273059359751641750e-04,3.067961661145091057e-03,-1.774705760180950165e-02,6.905486434698104858e-02,1.118829313782043755e-04,-1.229581812367541716e-05
9.876341104507446289e+00,5.752427969127893448e-04,3.451456781476736069e-03,-2.978099277243018150e-03,1.403990685939788818e-01,1.118829313782043755e-04,-1.229581812367541716e-05
9.878341197967529297e+00,5.273059359751641750e-04,4.601942375302314758e-03,-1.192521024495363235e-02,8.030308485031127930e-01,-2.792472369037568569e-04,-4.122608806937932968e-04
9.880341291427612305e+00,5.273059359751641750e-04,4.601942375302314758e-03,-1.192521024495363235e-02,8.030308485031127930e-01,-3.053114924114197493e-04,-3.985455550719052553e-04
9.882341384887695312e+00,6.231797160580754280e-04,3.834952134639024734e-03,1.257046777755022049e-02,4.268429875373840332e-01,-3.053114924114197493e-04,-3.985455550719052553e-04
9.884341478347778320e+00,6.231797160580754280e-04,4.218447487801313400e-03,1.066428050398826599e-02,7.106582522392272949e-01,-3.381348142283968627e-05,8.317213359987363219e-05
9.886341571807861328e+00,6.231797160580754280e-04,4.218447487801313400e-03,1.066428050398826599e-02,5.591830238699913025e-02,2.501070230209734291e-05,-3.038391005247831345e-04
9.888341665267944336e+00,5.752427969127893448e-04,3.067961661145091057e-03,-1.750136259943246841e-03,5.591830238699913025e-02,2.501070230209734291e-05,-3.038391005247831345e-04
9.890341758728027344e+00,5.273059359751641750e-04,2.684466540813446045e-03,-1.618206501007080078e-02,-1.277862489223480225e-01,2.302269858773797750e-04,1.495248579885810614e-04
9.892342090606689453e+00,5.273059359751641750e-04,2.684466540813446045e-03,-1.618206501007080078e-02,-1.277862489223480225e-01,-9.084336488740518689e-05,-2.062134153675287962e-04
9.894342184066772461e+00,6.231797160580754280e-04,3.067961661145091057e-03,1.710081822238862514e-03,7.839933782815933228e-02,-9.084336488740518689e-05,-2.062134153675287962e-04
9.896342277526855469e+00,5.752427969127893448e-04,3.451456781476736069e-03,-1.527893450111150742e-02,2.296371757984161377e-01,4.512151936069130898e-04,-5.238074809312820435e-04
9.898342847824096680e+00,5.752427969127893448e-04,3.451456781476736069e-03,3.884295001626014709e-02,-3.098049014806747437e-02,-2.557425468694418669e-04,2.875987556762993336e-04
9.900342941284179688e+00,8.149273344315588474e-04,2.684466540813446045e-03,3.884295001626014709e-02,-3.098049014806747437e-02,-2.557425468694418669e-04,2.875987556762993336e-04
9.902343034744262695e+00,7.669904152862727642e-04,2.684466540813446045e-03,2.192328125238418579e-02,-9.179899841547012329e-02,-2.100113124470226467e-05,-5.859904922544956207e-05
9.904343128204345703e+00,7.669904152862727642e-04,2.684466540813446045e-03,-4.486397374421358109e-03,3.655312359333038330e-01,1.026669906423194334e-05,-3.827288674074225128e-05
9.906343221664428711e+00,6.711166352033615112e-04,3.451456781476736069e-03,-4.486397374421358109e-03,3.655312359333038330e-01,1.026669906423194334e-05,-3.827288674074225128e-05
9.908343315124511719e+00,7.190534961409866810e-04,3.451456781476736069e-03,4.641223233193159103e-03,3.315911889076232910e-01,-8.599257125752046704e-05,-2.449614112265408039e-05
9.910343408584594727e+00,7.190534961409866810e-04,3.451456781476736069e-03,4.641223233193159103e-03,3.315911889076232910e-01,1.342691539321094751e-04,-3.596478491090238094e-04
9.912343502044677734e+00,7.190534961409866810e-04,3.067961661145091057e-03,6.389996036887168884e-03,1.689279675483703613e-01,1.342691539321094751e-04,-3.596478491090238094e-04
9.914343595504760742e+00,5.752427969127893448e-04,3.067961661145091057e-03,-2.244050987064838409e-02,1.590117216110229492e-01,-8.766462997300550342e-05,4.558927321340888739e-04
9.916343688964843750e+00,5.752427969127893448e-04,3.067961661145091057e-03,-2.244050987064838409e-02,1.590117216110229492e-01,-3.054264234378933907e-04,-4.857697349507361650e-04
9.918343782424926758e+00,7.190534961409866810e-04,3.451456781476736069e-03,1.846168562769889832e-02,2.510620057582855225e-01,-3.054264234378933907e-04,-4.857697349507361650e-04
9.920343875885009766e+00,6.711166352033615112e-04,2.300971187651157379e-03,1.266902685165405273e-02,-2.123219966888427734e-01,1.988869189517572522e-05,-2.295715821674093604e-04
9.922343969345092773e+00,6.711166352033615112e-04,2.300971187651157379e-03,1.266902685165405273e-02,-2.123219966888427734e-01,7.663029100513085723e-05,-5.466464062919840217e-05
9.924344062805175781e+00,5.752427969127893448e-04,3.067961661145091057e-03,-5.194567143917083740e-03,9.729039669036865234e-02,7.663029100513085723e-05,-5.466464062919840217e-05
9.926344394683837891e+00,3.834952076431363821e-04,3.834952134639024734e-03,-4.607223346829414368e-02,3.906157910823822021e-01,1.652719583944417536e-05,5.338589544408023357e-04
9.928344488143920898e+00,3.834952076431363821e-04,3.834952134639024734e-03,-1.800580136477947235e-02,9.919910877943038940e-02,-7.832094524928834289e-06,1.224017323693260550e-04
9.930344581604003906e+00,4.793690168298780918e-04,3.067961661145091057e-03,-1.800580136477947235e-02,9.919910877943038940e-02,-7.832094524928834289e-06,1.224017323693260550e-04
9.932344913482666016e+00,5.273059359751641750e-04,3.834952134639024734e-03,-3.678652457892894745e-03,3.589097857475280762e-01,-2.114856033585965633e-04,8.149408131430391222e-06
9.934345006942749023e+00,5.273059359751641750e-04,3.834952134639024734e-03,-1.152926404029130936e-02,1.561575233936309814e-01,5.349136190488934517e-04,-7.188005110947415233e-05
9.936345100402832031e+00,4.793690168298780918e-04,3.451456781476736069e-03,-1.152926404029130936e-02,1.561575233936309814e-01,5.349136190488934517e-04,-7.188005110947415233e-05
9.938345432281494141e+00,6.231797160580754280e-04,3.451456781476736069e-03,2.102957107126712799e-02,2.481685131788253784e-01,-2.425017100904369727e-06,3.876236223732121289e-05
9.940345525741577148e+00,6.231797160580754280e-04,3.451456781476736069e-03,2.102957107126712799e-02,2.481685131788253784e-01,-5.827019340358674526e-04,-1.505477121099829674e-04
9.942345619201660156e+00,6.231797160580754280e-04,1.917476067319512367e-03,1.773774996399879456e-02,-2.959781289100646973e-01,-5.827019340358674526e-04,-1.505477121099829674e-04
9.944345951080322266e+00,6.231797160580754280e-04,2.684466540813446045e-03,1.199527550488710403e-02,3.395189996808767319e-03,9.287417015002574772e-06,3.348395694047212601e-05
9.946346044540405273e+00,6.231797160580754280e-04,2.684466540813446045e-03,1.199527550488710403e-02,3.395189996808767319e-03,2.156865521101281047e-04,1.284449353988748044e-05
9.948346138000488281e+00,6.711166352033615112e-04,3.451456781476736069e-03,1.843805983662605286e-02,3.660798668861389160e-01,2.156865521101281047e-04,1.284449353988748044e-05
9.950346231460571289e+00,7.669904152862727642e-04,3.834952134639024734e-03,3.624087199568748474e-02,5.686069130897521973e-01,-1.103637987398542464e-04,6.619506893912330270e-05
9.952346324920654297e+00,7.669904152862727642e-04,3.834952134639024734e-03,3.624087199568748474e-02,5.686069130897521973e-01,-4.924050299450755119e-04,1.506637636339291930e-04
9.954346418380737305e+00,6.711166352033615112e-04,1.917476067319512367e-03,1.047412399202585220e-02,-3.890711665153503418e-01,-4.924050299450755119e-04,1.506637636339291930e-04
9.956346750259399414e+00,6.711166352033615112e-04,2.300971187651157379e-03,8.340753614902496338e-03,-2.699250876903533936e-01,2.135295071639120579e-04,1.006873717415146530e-04
9.958346843719482422e+00,6.711166352033615112e-04,2.300971187651157379e-03,-1.658326201140880585e-02,7.654672116041183472e-02,-2.650389214977622032e-04,1.615938672330230474e-04
9.960346937179565430e+00,5.752427969127893448e-04,2.684466540813446045e-03,-1.658326201140880585e-02,7.654672116041183472e-02,-2.650389214977622032e-04,1.615938672330230474e-04
9.962347030639648438e+00,6.231797160580754280e-04,2.300971187651157379e-03,-3.863214515149593353e-03,-1.343702077865600586e-01,-2.870367607101798058e-04,-3.537568554747849703e-04
9.964347124099731445e+00,6.231797160580754280e-04,2.300971187651157379e-03,-3.863214515149593353e-03,-1.343702077865600586e-01,-1.662621507421135902e-04,-1.307868515141308308e-04
9.966347217559814453e+00,6.711166352033615112e-04,2.300971187651157379e-03,6.358978338539600372e-03,-1.788401454687118530e-01,-1.662621507421135902e-04,-1.307868515141308308e-04
9.968347549438476562e+00,7.190534961409866810e-04,2.300971187651157379e-03,1.960124075412750244e-02,-2.434426248073577881e-01,2.618049329612404108e-04,-1.667503820499405265e-04
9.970347642898559570e+00,7.190534961409866810e-04,2.300971187651157379e-03,-9.900428354740142822e-03,5.459821224212646484e-02,5.412205937318503857e-04,9.187836258206516504e-05
9.972347736358642578e+00,5.752427969127893448e-04,3.067961661145091057e-03,-9.900428354740142822e-03,5.459821224212646484e-02,5.412205937318503857e-04,9.187836258206516504e-05
9.974347829818725586e+00,5.752427969127893448e-04,2.684466540813446045e-03,-6.814402062445878983e-03,-1.088401973247528076e-01,-1.656544773140922189e-04,3.965262731071561575e-04
9.976347923278808594e+00,5.752427969127893448e-04,2.684466540813446045e-03,-6.814402062445878983e-03,-1.088401973247528076e-01,5.421986134024336934e-05,-4.897101825918070972e-05
9.978348255157470703e+00,7.190534961409866810e-04,3.834952134639024734e-03,3.399179130792617798e-02,3.354092836380004883e-01,5.421986134024336934e-05,-4.897101825918070972e-05
9.980348348617553711e+00,6.231797160580754280e-04,2.300971187651157379e-03,1.323889009654521942e-02,-3.272410035133361816e-01,2.022824628511443734e-04,-8.218972652684897184e-05
9.982348442077636719e+00,6.231797160580754280e-04,2.300971187651157379e-03,1.323889009654521942e-02,-3.272410035133361816e-01,-2.984990715049207211e-04,-5.082262796349823475e-04
9.984348535537719727e+00,5.752427969127893448e-04,2.684466540813446045e-03,8.542495197616517544e-04,-1.922596246004104614e-01,-2.984990715049207211e-04,-5.082262796349823475e-04
9.986348628997802734e+00,6.231797160580754280e-04,2.684466540813446045e-03,1.096551027148962021e-02,-1.906245797872543335e-01,3.104569041170179844e-04,-9.706659329822286963e-05
9.988348722457885742e+00,6.231797160580754280e-04,2.684466540813446045e-03,5.291069671511650085e-02,1.759500503540039062e-01,-1.282548619201406837e-04,6.065831985324621201e-04
9.990348815917968750e+00,8.149273344315588474e-04,3.451456781476736069e-03,5.291069671511650085e-02,1.759500503540039062e-01,-1.282548619201406837e-04,6.065831985324621201e-04
9.992349147796630859e+00,7.190534961409866810e-04,3.451456781476736069e-03,2.584854699671268463e-02,1.819592267274856567e-01,2.781553776003420353e-04,-1.585522113600745797e-04
9.994349241256713867e+00,7.190534961409866810e-04,3.451456781476736069e-03,5.552553758025169373e-02,-8.047629892826080322e-02,-3.284885024186223745e-04,-3.020685981027781963e-04
9.996349334716796875e+00,8.628641953691840172e-04,2.684466540813446045e-03,5.552553758025169373e-02,-8.047629892826080322e-02,-3.284885024186223745e-04,-3.020685981027781963e-04
9.998349428176879883e+00,5.273059359751641750e-04,3.067961661145091057e-03,-2.897184714674949646e-02,9.568868577480316162e-02,-5.462685949169099331e-04,1.686136383796110749e-04
